{
  "feature_cols": [
    "return_1d",
    "return_2d",
    "return_3d",
    "return_5d",
    "return_10d",
    "return_20d",
    "div_ma_5",
    "div_ma_10",
    "div_ma_20",
    "div_ma_60",
    "ma_5_20_cross",
    "ma_20_60_cross",
    "rsi",
    "rsi_change",
    "macd",
    "macd_signal",
    "macd_hist",
    "macd_hist_change",
    "bb_pct_b",
    "bb_bandwidth",
    "atr_pct",
    "volatility",
    "vol_change",
    "vol_ratio",
    "candle_body_pct",
    "upper_shadow_pct",
    "lower_shadow_pct",
    "day_of_week",
    "month",
    "is_month_end",
    "is_month_start",
    "streak",
    "gap",
    "price_position_20d",
    "macro_usdjpy_ret_20",
    "macro_usdjpy_ret_60",
    "macro_usdjpy_vol_20",
    "macro_topix_ret_20",
    "macro_topix_vol_20",
    "macro_topix_above_200dma",
    "macro_nikkei_ret_20",
    "macro_nikkei_above_200dma",
    "macro_nikkei_vi",
    "macro_jgb10y",
    "macro_bias_score"
  ],
  "avg_up_ret": 0.05776753265323408,
  "avg_dn_ret": -0.036319411606246556,
  "n_bins": 10,
  "psi_ref_rows": 250,
  "psi": {
    "return_1d": {
      "edges": [
        -0.09536117535029243,
        -0.03900592278024749,
        -0.023791122821240362,
        -0.015578432345444813,
        -0.006533905756335653,
        0.0012927224261662928,
        0.00957970050684747,
        0.020500464928397397,
        0.03551079773852557,
        0.0545552994395473,
        0.1707358716066245
      ],
      "ref_props": [
        0.1,
        0.1,
        0.1,
        0.1,
        0.1,
        0.1,
        0.1,
        0.1,
        0.1,
        0.1
      ]
    },
    "return_2d": {
      "edges": [
        -0.10900604063701258,
        -0.05117388379928971,
        -0.03436173890356455,
        -0.01940958128604998,
        -0.009529314382800974,
        0.005208487040029963,
        0.020679177987113568,
        0.03293919458799244,
        0.04822377011670747,
        0.07085144321179912,
        0.1601502475670138
      ],
      "ref_props": [
        0.1,
        0.1,
        0.1,
        0.1,
        0.1,
        0.1,
        0.1,
        0.1,
        0.1,
        0.1
      ]
    },
    "return_3d": {
      "edges": [
        -0.12822624931356397,
        -0.0631448343848581,
        -0.039574218987969645,
        -0.021482877326996663,
        -0.005068755704289639,
        0.010856862204743578,
        0.02392929375528113,
        0.037399974178161065,
        0.05994644922403896,
        0.08723945320423702,
        0.17570215545395174
      ],
      "ref_props": [
        0.1,
        0.1,
        0.1,
        0.1,
        0.1,
        0.1,
        0.1,
        0.1,
        0.1,
        0.1
      ]
    },
    "return_5d": {
      "edges": [
        -0.1578802855573861,
        -0.07489701933552628,
        -0.043841741694406064,
        -0.02510228382138002,
        -0.011082240639929904,
        0.011002552989869074,
        0.03194900835608779,
        0.05677994474291055,
        0.08862541533338823,
        0.12141733261833458,
        0.22076923076923083
      ],
      "ref_props": [
        0.1,
        0.1,
        0.1,
        0.1,
        0.1,
        0.1,
        0.1,
        0.1,
        0.1,
        0.1
      ]
    },
    "return_10d": {
      "edges": [
        -0.16928309785452644,
        -0.08156529139700043,
        -0.05488951953314963,
        -0.032734358372962964,
        -0.010164210611780898,
        0.014063295165394396,
        0.05123311546840972,
        0.09537683239694034,
        0.12763555472424884,
        0.17398033027921472,
        0.3300688194812069
      ],
      "ref_props": [
        0.1,
        0.1,
        0.1,
        0.1,
        0.1,
        0.1,
        0.1,
        0.1,
        0.1,
        0.1
      ]
    },
    "return_20d": {
      "edges": [
        -0.22450789147011885,
        -0.11720066970683117,
        -0.07759756849912156,
        -0.04321065056688321,
        -0.00228866120270702,
        0.05591237128966997,
        0.10706454574509584,
        0.14767124405820048,
        0.2116457923355562,
        0.28931495341436886,
        0.5333184257602863
      ],
      "ref_props": [
        0.1,
        0.1,
        0.1,
        0.1,
        0.1,
        0.1,
        0.1,
        0.1,
        0.1,
        0.1
      ]
    },
    "div_ma_5": {
      "edges": [
        -0.08312613019891502,
        -0.03924434890632791,
        -0.02482796490010218,
        -0.014388950924157233,
        -0.004421574450105532,
        0.005491966630288179,
        0.015816053957323075,
        0.02700089007902245,
        0.03555678757106803,
        0.05508015913490966,
        0.11284436892392546
      ],
      "ref_props": [
        0.1,
        0.1,
        0.1,
        0.1,
        0.1,
        0.1,
        0.1,
        0.1,
        0.1,
        0.1
      ]
    },
    "div_ma_10": {
      "edges": [
        -0.12358079845203881,
        -0.048179152365184746,
        -0.031085954055144534,
        -0.019867498088721514,
        -0.00375788000888165,
        0.00960401654810207,
        0.02434365850527376,
        0.04146429708698439,
        0.06575717001186208,
        0.0883764414705107,
        0.1586478790976126
      ],
      "ref_props": [
        0.1,
        0.1,
        0.1,
        0.1,
        0.1,
        0.1,
        0.1,
        0.1,
        0.1,
        0.1
      ]
    },
    "div_ma_20": {
      "edges": [
        -0.14503223478303112,
        -0.07298195919163307,
        -0.047762416471139525,
        -0.0257720673982615,
        0.0009273010118042773,
        0.026329874458685187,
        0.05001866406576052,
        0.0763003708850387,
        0.10096093654770036,
        0.13984433882449476,
        0.2557113164183751
      ],
      "ref_props": [
        0.1,
        0.1,
        0.1,
        0.1,
        0.1,
        0.1,
        0.1,
        0.1,
        0.1,
        0.1
      ]
    },
    "div_ma_60": {
      "edges": [
        -0.12600955110744871,
        -0.06290744547577769,
        -0.022343920883431848,
        0.016083664300856657,
        0.04429281342284582,
        0.0796603289938422,
        0.12724371908653762,
        0.17752877516196536,
        0.22032942431878375,
        0.28959998534497605,
        0.4061348548685499
      ],
      "ref_props": [
        0.1,
        0.1,
        0.1,
        0.1,
        0.1,
        0.1,
        0.1,
        0.1,
        0.1,
        0.1
      ]
    },
    "ma_5_20_cross": {
      "edges": [
        -0.10835765268450481,
        -0.0524116115784592,
        -0.04069634470299821,
        -0.026984281224274292,
        -0.002704952669811406,
        0.01977641053774759,
        0.04442907932802332,
        0.06217427158289599,
        0.07556799397213122,
        0.1104444352066567,
        0.16383719942221098
      ],
      "ref_props": [
        0.1,
        0.1,
        0.1,
        0.1,
        0.1,
        0.1,
        0.1,
        0.1,
        0.1,
        0.1
      ]
    },
    "ma_20_60_cross": {
      "edges": [
        -0.06703392287619603,
        -0.03480991873113274,
        -0.01793138609740854,
        0.004282665436608188,
        0.02623498712350219,
        0.06865151946631487,
        0.0920937470149392,
        0.12769358949940798,
        0.14748643617201568,
        0.17957236083001837,
        0.23523233042549396
      ],
      "ref_props": [
        0.1,
        0.1,
        0.1,
        0.1,
        0.1,
        0.1,
        0.1,
        0.1,
        0.1,
        0.1
      ]
    },
    "rsi": {
      "edges": [
        25.1227495908347,
        34.074867922549515,
        40.99996287443277,
        44.50973194605064,
        50.67043363239016,
        55.145037564701035,
        58.49388178456852,
        64.81675299589861,
        69.80282176295465,
        74.79640327575198,
        93.41111873713109
      ],
      "ref_props": [
        0.1,
        0.1,
        0.1,
        0.1,
        0.1,
        0.1,
        0.1,
        0.1,
        0.1,
        0.1
      ]
    },