tree
version=v4
num_class=1
num_tree_per_iteration=1
label_index=0
max_feature_idx=44
objective=binary sigmoid:1
feature_names=return_1d return_2d return_3d return_5d return_10d return_20d div_ma_5 div_ma_10 div_ma_20 div_ma_60 ma_5_20_cross ma_20_60_cross rsi rsi_change macd macd_signal macd_hist macd_hist_change bb_pct_b bb_bandwidth atr_pct volatility vol_change vol_ratio candle_body_pct upper_shadow_pct lower_shadow_pct day_of_week month is_month_end is_month_start streak gap price_position_20d macro_usdjpy_ret_20 macro_usdjpy_ret_60 macro_usdjpy_vol_20 macro_topix_ret_20 macro_topix_vol_20 macro_topix_above_200dma macro_nikkei_ret_20 macro_nikkei_above_200dma macro_nikkei_vi macro_jgb10y macro_bias_score
feature_infos=[-0.14809960681520318:0.14522708729942879] [-0.15603448275862064:0.17770326906957257] [-0.20380611581001951:0.1693973896139962] [-0.15951236263736268:0.21564665127020777] [-0.20754716981132071:0.27152521525215256] [-0.24752282883232957:0.29059040590405893] [-0.13036526435474705:0.1220955020251545] [-0.14524690926870157:0.18429563798970672] [-0.17181627062496024:0.18446219621962201] [-0.20085130268020024:0.2288551890509031] [-0.12197286012526098:0.12462230486320935] [-0.12065637861779432:0.12621610221381618] [1.9073569482288804:95.096774193548384] [-22.536545515309292:26.718039913060672] [-271.57168459879449:203.88827339332784] [-243.11242780957588:181.69962119661756] [-109.99101279471606:105.58440512850065] [-51.687450789875655:37.51924326892204] [-0.384582825746493:1.3578999957468934] [0.049382998174901827:0.37593396845560212] [0.017116661209180484:0.060979513444302177] [0.01075596564220341:0.046748438278204872] [-0.89722333645317998:6.5363502154198425] [0.45332728908280862:2.026201659694999] [-1:0.98373983739837401] [0:0.92941176470588238] [0:0.9859154929577465] [0:4] [1:12] [0:1] [0:1] [-10:8] [-0.14809960681520318:0.17602682313495399] [0:1] [-0.10288784967882303:0.08505611680078462] [-0.13986255140503889:0.13160084488587853] [0.0024251968629527628:0.011841457708833433] [-0.21871130063915301:0.21255327098343968] [0.0039190589040052201:0.040640984327119545] [0:1] [-0.22859537662338159:0.23022297972565586] [0:1] none none none
tree_sizes=1288 1279 1203 1201 1284 1205 1104 1096 971 994 1094 999 1187 1104 1188 1090 987 1203 1278 1290 1097 981 995 1080 1188 975 1100 1193 1190 1079 1283 1291 1209 890 1201 996 1208 1296 1207 1210 1095 1089 1184 892 1000 1191 1418 893 1314 1303 1095 1080 1208 992 1106 862 779 673 989 883 1401 1298 1410 1298 1210 1097 1083 1100 883 1101 971 897 779 973 980 1176 1205 893 1090 981 1287 1201 980 883 889 988 995 1303 892 789 1100 1401 1097 894 1056 1288 1202 1294 1070 1105

Tree=0
num_leaves=11
num_cat=0
split_feature=37 15 15 21 21 8 21 14 8 32
split_gain=24.8822 10.4908 14.9231 7.3432 9.80022 7.90794 5.41309 5.15184 3.49032 2.38031
threshold=0.0030519384751245275 -52.015911397788592 -6.7230867734795323 0.018180261107902131 0.020350034336108276 0.023079487165608318 0.02343666067395091 -56.942348901209691 -0.014200854543903749 -0.0041184296419998758
decision_type=2 2 2 2 2 2 2 2 2 2
left_child=1 -1 8 7 5 -5 -6 -2 -3 -4
right_child=3 2 9 4 6 -7 -8 -9 -10 -11
leaf_value=-0.23723855115482304 -0.27301811826476668 -0.27269697415688293 -0.23796031070137752 -0.24997439073015412 -0.29408602426967251 -0.28315534853086177 -0.27431546255618938 -0.30197257340965211 -0.29745629176187294 -0.26487176812636859
leaf_weight=15.950908735394476 7.3619578778743771 7.6073564738035229 8.5889508575201017 16.196307331323627 22.576670825481415 7.8527550697326651 29.447831511497498 19.386489078402519 8.5889508575201017 8.834349453449251
leaf_count=65 30 31 35 66 92 32 120 79 35 36
internal_value=-0.273018 -0.25603 -0.266876 -0.281483 -0.276273 -0.261331 -0.283635 -0.294521 -0.286245 -0.248589
internal_weight=152.393 49.5705 33.6196 102.822 76.0736 24.0491 52.0245 26.7484 16.1963 17.4233
internal_count=621 202 137 419 310 98 212 109 66 71
is_linear=0
shrinkage=1


Tree=1
num_leaves=11
num_cat=0
split_feature=37 10 14 15 21 10 3 21 14 11
split_gain=23.6031 11.7451 8.88132 13.9736 6.96879 10.1889 6.10226 6.0153 4.9091 0.0446099
threshold=0.0030519384751245275 -0.028243514822424095 24.018832583980842 -50.83316179021287 0.018180261107902131 0.004762803070369471 -0.01294117120263649 0.020511807275545978 -56.942348901209691 0.0282545624378201
decision_type=2 2 2 2 2 2 2 2 2 2
left_child=1 -1 3 -3 8 7 -7 -6 -2 -10
right_child=4 2 -4 -5 5 6 -8 -9 9 -11
leaf_value=0.038890071253033974 0 0.024362321557074334 0.024550919740882637 -0.020364037939784765 0.02208330295239894 0.0067028485716447263 -0.019949130701632831 -0.0012209083030731498 -0.034762754051557175 -0.015025313932895372
leaf_weight=13.294205933809279 7.3619578778743771 7.6419679522514334 13.042654648423193 15.682875484228136 13.535258010029791 8.0953442603349668 30.144289746880531 24.264191910624504 10.019838318228723 9.2866794168949109
leaf_count=54 30 31 53 64 55 33 123 99 41 38
internal_value=0 0.0165289 0.0063626 -0.00435122 -0.00825115 -0.00317251 -0.0138814 0.00743738 -0.020977 -0.0282744
internal_weight=152.369 49.6617 36.3675 23.3248 102.708 76.0391 38.2396 37.7994 26.6685 19.3065
internal_count=621 202 148 95 419 310 156 154 109 79
is_linear=0
shrinkage=0.03


Tree=2
num_leaves=10
num_cat=0
split_feature=40 28 19 40 40 10 19 5 5
split_gain=13.4316 14.6707 7.03961 8.56258 7.98075 5.85088 5.58029 3.56642 2.38217
threshold=-0.011991315727064687 8.5000000000000018 0.085248480502891688 0.070562199804531059 0.020466765934546553 0.018722536446415531 0.11156098470073052 0.0068401807121692979 -0.004734601683776484
decision_type=2 2 2 2 2 2 2 2 2
left_child=1 7 8 4 -4 -5 -3 -1 -2
right_child=2 6 3 5 -6 -7 -8 -9 -10
leaf_value=0.036167510274996581 -0.032484431140855835 -0.023727051799740134 -0.0078053665626188328 -0.00049035164932237558 0.011281988803566104 -0.033666660653678598 0.0075376384481532178 0.0078231783818802011 -0.0060926445660004422
leaf_weight=16.028398826718334 8.5576553195714968 7.3492566496133831 33.352348491549492 10.056392788887026 41.654797524213791 9.2880299240350706 8.8578121662139875 8.8452490270137769 8.3261974602937681
leaf_count=65 35 30 136 41 170 38 36 36 34
internal_value=0 0.0142035 -0.00547744 -0.00191348 0.00261761 -0.0187844 -0.00686481 0.0279786 -0.0222875
internal_weight=152.316 41.0807 111.235 94.3516 75.0071 19.3444 16.2071 24.8736 16.8839
internal_count=621 167 454 385 306 79 66 101 69
is_linear=0
shrinkage=0.03


Tree=3
num_leaves=10
num_cat=0
split_feature=37 19 38 38 5 19 18 20 22
split_gain=21.8454 12.7117 14.9335 8.53691 14.1475 10.4299 4.18921 3.88734 2.52484
threshold=0.0030519384751245275 0.095428185439610569 0.0087716557086068899 0.0088540980773599166 -0.069142660628759053 0.086847103074436591 0.6632125953742346 0.024223829093741475 0.20634983113830588
decision_type=2 2 2 2 2 2 2 2 2
left_child=1 -1 -3 5 -5 -2 -4 -7 -6
right_child=3 2 6 4 8 7 -8 -9 -10
leaf_value=-0.0087413361323022548 -0.027214054873584217 -0.0086878770856428696 0.040557400836490391 0.011406998693866367 -0.028927929269876373 -0.0075041622184726202 0.0088789137173597328 0.011958551904568859 -0.007751366812169847
leaf_weight=12.268191516399382 7.7812572568655005 8.1119994223117811 21.748740538954738 11.053005799651144 30.073610320687294 10.02798371016979 7.6367584019899359 32.832747370004654 10.763598188757895
leaf_count=50 32 33 88 45 123 41 31 134 44
internal_value=0 0.0158633 0.0243281 -0.00796655 -0.0162898 0.000571817 0.0338931 0.00693901 -0.024319
internal_weight=152.298 49.7657 37.4975 102.532 51.8902 50.642 29.3855 42.8607 40.8372
internal_count=621 202 152 419 212 207 119 175 167
is_linear=0
shrinkage=0.03


Tree=4
num_leaves=11
num_cat=0
split_feature=37 15 15 38 5 3 40 8 32 4
split_gain=20.6519 8.74472 13.5848 8.05434 13.4677 5.93736 6.24836 3.14314 2.27945 1.07245
threshold=0.0030519384751245275 -52.015911397788592 -6.7230867734795323 0.0088540980773599166 -0.069142660628759053 -0.031391267942437955 0.025488173665297546 -0.014200854543903749 -0.0041184296419998758 0.0053812436459288468
decision_type=2 2 2 2 2 2 2 2 2 2
left_child=1 -1 7 5 -5 -2 -7 -3 -4 -6
right_child=3 2 8 4 9 6 -8 -9 -10 -11
leaf_value=0.032446064750401168 0.017967547150720509 0 0.033109484009057638 0.01110317929661443 -0.01379707386314649 -0.020965079763187643 0.0030167176223455171 -0.023691109999867579 0.0072100032913599661 -0.029454471547799722
leaf_weight=16.138576582074165 11.539588630199431 7.6231514066457775 8.6580243110656756 11.069263577461241 18.318106055259705 12.444859832525252 26.664236143231392 8.5418516397476179 8.872085362672804 22.372694715857506
leaf_count=65 47 31 35 45 75 51 109 35 36 92
internal_value=0 0.0153945 0.00544694 -0.00776944 -0.0158687 0.000511076 -0.00489833 -0.0130383 0.0228503 -0.0237338
internal_weight=152.242 49.8337 33.6951 102.409 51.7601 50.6487 39.1091 16.165 17.5301 40.6908
internal_count=621 202 137 419 212 207 160 66 71 167
is_linear=0
shrinkage=0.03


Tree=5
num_leaves=10
num_cat=0
split_feature=37 28 40 40 34 4 33 38 10
split_gain=26.5777 9.5522 8.18012 12.1651 7.88114 5.76921 3.91939 2.50633 1.62701
threshold=-0.003508037666279384 8.5000000000000018 0.080507707087290062 0.02250940550739167 -0.010474068823831449 0.0070698923030776415 0.26620616365568545 0.0090849731644947942 0.017050121286325107
decision_type=2 2 2 2 2 2 2 2 2
left_child=1 7 3 5 -5 -2 -3 -1 -4
right_child=2 6 8 4 -6 -7 -8 -9 -10
leaf_value=0.010688345173658157 -0.0018522894085590102 -0.011902763784017164 -0.0086057548751168646 -0.016146758020715041 0.011197594960951978 -0.024790453547603165 0.014531843941478492 0.038749733390346881 -0.034212721088644454
leaf_weight=7.6712511181831387 19.838216081261635 7.3840640336275092 7.5835307836532619 9.544250160455702 46.976671040058136 22.18220791220665 8.6063631772994977 17.12439738214016 8.4817478954792005
leaf_count=31 81 30 31 39 192 91 35 69 35
internal_value=0.000780634 0.0210786 -0.00655197 -0.00291343 0.00592982 -0.0148781 0.00152491 0.0320737 -0.0252464
internal_weight=155.393 40.7861 114.607 98.5413 56.5209 42.0204 15.9904 24.7956 16.0653
internal_count=634 165 469 403 231 172 65 100 66
is_linear=0
shrinkage=0.03


Tree=6
num_leaves=9
num_cat=0
split_feature=37 38 40 40 34 4 7 10
split_gain=25.2343 7.85085 7.8325 11.5075 7.47346 5.47838 2.78376 1.55203
threshold=-0.003508037666279384 0.0094149125488588257 0.080507707087290062 0.02250940550739167 -0.010474068823831449 0.0070698923030776415 -0.029897951139235632 0.017050121286325107
decision_type=2 2 2 2 2 2 2 2
left_child=1 -1 3 5 -5 -2 -3 -4
right_child=2 6 7 4 -6 -7 -8 -9
leaf_value=0.0010877627093051976 -0.0018022401212441266 0.0081424696040770864 -0.0084100148149811992 -0.015777596683745041 0.010858718672450626 -0.024197397547288616 0.035735988701247577 -0.033553470457728836
leaf_weight=14.301997691392897 19.833081290125847 7.4514553397893932 7.5739302635192898 9.5216769874095899 47.050688952207565 22.094447985291481 19.089713275432587 8.4290339052677137
leaf_count=58 81 30 31 39 192 91 77 35
internal_value=0.000739627 0.0205016 -0.00641165 -0.00285103 0.00573382 -0.0145096 0.0296281 -0.024743
internal_weight=155.346 40.8432 114.503 98.4999 56.5724 41.9275 26.5412 16.003
internal_count=634 165 469 403 231 172 107 66
is_linear=0
shrinkage=0.03


Tree=7
num_leaves=9
num_cat=0
split_feature=37 19 40 40 19 24 23 7
split_gain=23.9665 12.9899 7.5021 10.887 7.79252 4.0348 3.3764 0.267579
threshold=-0.003508037666279384 0.094733865618302326 0.080507707087290062 0.02250940550739167 0.10349244057188058 -0.56697443181818163 1.1473798505628288 0.018328143903589736
decision_type=2 2 2 2 2 2 2 2
left_child=1 -1 3 5 -5 -2 -3 -4
right_child=2 6 7 4 -6 -7 -8 -9
leaf_value=-0.0063532138284032556 0.0031510466478841862 0.036096171870070498 -0.030697038583426522 -0.012302103144916084 0.011971606087324614 -0.018483232735498199 0.0086617887348974399 -0.010947793986784837
leaf_weight=10.806899562478064 7.790441468358039 21.388391077518467 8.2186397761106473 13.889314189553259 42.729006752371788 34.040416434407234 8.7028308361768705 7.7187263369560233
leaf_count=44 32 86 34 57 174 140 35 32
internal_value=0.000700668 0.0199443 -0.00627536 -0.00279034 0.00554445 -0.014152 0.0296635 -0.0242555
internal_weight=155.285 40.8981 114.387 98.4492 56.6183 41.8309 30.0912 15.9374
internal_count=634 165 469 403 231 172 121 66
is_linear=0
shrinkage=0.03


Tree=8
num_leaves=8
num_cat=0
split_feature=40 19 15 40 18 5 4
split_gain=13.773 14.2122 8.17346 7.73197 5.60421 3.90724 1.1994
threshold=0.075776519017465752 0.10055935913097001 -56.245475648295034 -0.04370306475304097 0.18050343335459737 0.024245023475605757 0.00085586988814434506
decision_type=2 2 2 2 2 2 2
left_child=1 2 -1 -3 -5 -4 -2
right_child=6 3 5 4 -6 -7 -8
leaf_value=0.013862158221843899 -0.0066454297326248891 0.03180643289993091 -0.024407187188795369 -0.0086319723184706161 0.010141376932749217 0 -0.028181411342704868
leaf_weight=7.3639150559902182 7.2947506606578854 11.473055675625799 21.136168748140339 15.281536802649496 71.642068609595299 9.4973477274179441 11.507149383425711
leaf_count=30 30 46 87 62 292 39 48
internal_value=0.000666493 0.00417061 -0.0108507 0.0102213 0.00655235 -0.0177365 -0.0219892
internal_weight=155.196 136.394 37.9974 98.3967 86.9236 30.6335 18.8019
internal_count=634 556 156 400 354 126 78
is_linear=0
shrinkage=0.03


Tree=9
num_leaves=8
num_cat=0
split_feature=40 20 34 11 34 23 10
split_gain=13.1303 10.2457 6.87649 5.99441 5.5815 3.81629 2.54088
threshold=0.075776519017465752 0.039019198165735923 0.010103050245114488 -0.06000007785811045 0.036878931604569794 1.1213386594705379 0.017050121286325107
decision_type=2 2 2 2 2 2 2
left_child=1 2 3 -1 -4 -3 -2
right_child=6 5 4 -5 -6 -7 -8
leaf_value=0.013678442934059435 -0.0048887335234786061 0.039009332516731721 0.014422077884264395 -0.0094729449230641655 -0.005998371925921407 0.0066883679394364459 -0.03056852264489936
leaf_weight=9.870950907468794 8.2597716897726077 7.4517628550529507 39.377306133508682 56.551681905984879 14.474131628870962 8.6760535240173322 10.467292383313177
leaf_count=40 34 30 161 231 59 35 44
internal_value=0.000633215 0.00405168 0.000741351 -0.00551398 0.00864667 0.0251057 -0.0215305
internal_weight=155.129 136.402 120.274 66.4226 53.8514 16.1278 18.7271
internal_count=634 556 491 271 220 65 78
is_linear=0
shrinkage=0.03


Tree=10
num_leaves=9
num_cat=0
split_feature=37 10 20 16 37 9 17 5
split_gain=17.7861 9.76284 7.71378 6.82444 6.28546 5.66974 3.95952 1.527
threshold=0.0015880114365313116 -0.028954991017355654 0.039842967178536449 -10.016452704678278 0.058822941869297936 -0.0513665133202987 1.3252807067950665 0.046695955625669978
decision_type=2 2 2 2 2 2 2 2
left_child=1 -1 4 -3 5 -2 -5 -6
right_child=2 3 -4 6 7 -7 -8 -9
leaf_value=0.032814944951038705 0.0053460747198549865 -0.017457945186601039 0.017618938456872877 0.01989667733928726 -0.036362923176632728 -0.011627039292496106 -0.0018618011494545934 -0.010760013566148287
leaf_weight=14.215679198503492 22.781218409538269 7.8796173483133307 7.3587043136358252 16.03938135504723 8.1913324445486086 55.623970732092857 10.39252072572708 8.4277550876140577
leaf_count=57 93 32 30 65 34 229 42 35
internal_value=-0.00104586 0.0134678 -0.00819495 0.00367304 -0.0106706 -0.00649851 0.0112849 -0.0267354
internal_weight=150.91 48.5272 102.383 34.3115 95.0243 78.4052 26.4319 16.6191
internal_count=617 196 421 139 391 322 107 69
is_linear=0
shrinkage=0.03


Tree=11
num_leaves=8
num_cat=0
split_feature=10 21 40 4 11 11 0
split_gain=14.14 6.89658 6.93925 6.48457 5.0071 4.98988 4.91312
threshold=-0.032208659115472819 0.015225627284733896 -0.022089105845620512 -0.020872636023857635 -0.044887126789939162 -0.010199220314531963 0.00071025671972102533
decision_type=2 2 2 2 2 2 2
left_child=4 -2 6 -4 -1 -6 -3
right_child=1 2 3 -5 5 -7 -8
leaf_value=0.030542139552345447 -0.028929529775278625 -0.00027745758982489259 0.006128620869907871 -0.011792888273706646 -0.007474190679530316 0.019038363556858073 0.026800901308425475
leaf_weight=11.410553157329558 8.9083751738071424 12.125054016709329 22.006780296564102 67.165926769375801 10.837564229965208 10.150557830929758 8.1759248822927457
leaf_count=46 37 49 90 277 44 41 33
internal_value=-0.00101677 -0.00594197 -0.00345133 -0.00716813 0.0158426 0.00523646 0.0113809
internal_weight=150.781 118.382 109.474 89.1727 32.3987 20.9881 20.301
internal_count=617 486 449 367 131 85 82
is_linear=0
shrinkage=0.03


Tree=12
num_leaves=10
num_cat=0
split_feature=10 28 33 36 19 28 25 36 4
split_gain=13.4023 16.1155 9.24208 11.7109 9.49027 7.90036 5.71049 2.44458 0.735781
threshold=-0.032208659115472819 8.5000000000000018 0.73778569362071467 0.0071854342234822692 0.17959802327730587 6.5000000000000009 0.065160985965326115 0.0050439279104741433 -0.016751531810954564
decision_type=2 2 2 2 2 2 2 2 2
left_child=5 2 3 -2 -4 -1 -3 -7 -8
right_child=1 6 4 -5 -6 7 8 -9 -10
leaf_value=-0.00093307239491097812 0.00034551920828184476 0 -0.024660871792121512 0.032281386476251152 0.0090496163244668457 0.0082198265183526312 -0.012560868471898879 0.036089264893214838 -0.02973125269965466
leaf_weight=13.845891863107679 35.130362272262573 8.977959528565405 15.95349967479706 13.277395561337469 10.694301679730414 7.6438062936067608 11.679131403565405 10.930251076817511 22.519168063998222
leaf_count=56 144 37 66 54 44 31 48 44 93
internal_value=-0.0009712 -0.00577537 0.00250643 0.0103358 -0.0109213 0.0154308 -0.0199777 0.0272632 -0.0252997
internal_weight=150.652 118.232 75.0556 48.4078 26.6478 32.4199 43.1763 18.5741 34.1983
internal_count=617 486 308 198 110 131 178 75 141
is_linear=0
shrinkage=0.03


Tree=13
num_leaves=9
num_cat=0
split_feature=37 15 15 19 40 37 10 17
split_gain=16.2808 8.71714 8.20253 10.6698 7.16649 14.5971 7.26699 3.979
threshold=0.0015880114365313116 -83.660869783066929 -30.782735295857623 0.10652955271986635 0.017862424717336681 0.025401341023259753 0.015898663182178922 -4.1037726097015073
decision_type=2 2 2 2 2 2 2 2
left_child=1 -1 -3 -4 7 -6 -7 -2
right_child=4 2 3 -5 5 6 -8 -9
leaf_value=0.033355330683947242 -2.6599322849423486e-05 -0.012372928669390994 -0.0063356587223172053 0.031595276830851463 0.024220951316332739 -0.00043417015791839554 -0.021838889479601359 -0.026724737123406828
leaf_weight=11.965668365359305 7.9664752334356335 13.525425523519514 10.066413521766664 12.927844300866125 12.753854274749754 39.022070840001106 22.047000423073769 20.248628094792366
leaf_count=48 33 55 41 52 52 160 92 84
internal_value=-0.000927967 0.012953 0.00449395 0.0152115 -0.00779015 -0.00244805 -0.00884697 -0.0201837
internal_weight=150.523 48.4854 36.5197 22.9943 102.038 73.8229 61.0691 28.2151
internal_count=617 196 148 93 421 304 252 117
is_linear=0
shrinkage=0.03


Tree=14
num_leaves=10
num_cat=0
split_feature=37 10 28 20 37 28 32 23 25
split_gain=15.4376 8.3159 7.60903 6.96958 5.92874 6.77849 2.50421 2.24646 0.313904
threshold=0.0015880114365313116 -0.028954991017355654 8.5000000000000018 0.039842967178536449 0.058822941869297936 2.5000000000000004 -1.0000000180025095e-35 0.91116239811413491 0.19434137291280151
decision_type=2 2 2 2 2 2 2 2 2
left_child=1 -1 6 4 5 -2 -3 -4 -6
right_child=3 2 7 -5 8 -7 -8 -9 -10
leaf_value=0.030483386229767855 0.012309539128471214 0.026500840981333023 -0.020757281086286529 0.016870667078558027 -0.012223334342224565 -0.0099598045608817413 0.0031343053463044053 0 -0.032737011603020415
leaf_weight=14.213988125324247 12.728252142667769 8.4486213922500593 7.536126181483267 7.3830204457044593 8.3121047019958514 65.321984186768532 10.659241333603861 7.6166297197341919 8.131202429533003
leaf_count=57 52 34 31 30 35 270 43 31 34
internal_value=-0.000899243 0.0126129 0.00351272 -0.00759201 -0.00996885 -0.00592398 0.0157086 -0.0110304 -0.0256306
internal_weight=150.351 48.4746 34.2606 101.877 94.4935 78.0502 19.1079 15.1528 16.4433
internal_count=617 196 139 421 391 322 77 62 69
is_linear=0
shrinkage=0.03


Tree=15
num_leaves=9
num_cat=0
split_feature=15 20 28 6 23 20 4 15
split_gain=13.6936 8.97351 8.5871 11.2398 7.45169 7.4273 3.45705 2.14712
threshold=-61.752780058010764 0.027840732248936458 10.500000000000002 -0.022734034048256694 1.0560160602890007 0.02426114320643594 -0.024168400269916509 -18.713412436573794
decision_type=2 2 2 2 2 2 2 2
left_child=1 -1 3 7 -3 -5 -4 -2
right_child=2 4 6 5 -6 -7 -8 -9
leaf_value=-0.001581097199637531 -0.0052938359684059372 0.040995586526062569 -0.002183063774938702 -0.013202002949300027 0.0042161347923419853 0.0088898429314585563 -0.030530283849611831 -0.030692862282816299
leaf_weight=13.869231536984442 7.8677379339933422 12.865757644176485 7.5486980378627804 14.853171214461325 9.6881700307130796 65.946853175759315 11.711639434099196 8.7762177586555463
leaf_count=57 32 52 31 62 39 271 49 36
internal_value=0.000855445 0.0164905 -0.0040935 -0.000165419 0.0274379 0.00442683 -0.0213762 -0.0213469
internal_weight=153.127 36.4232 116.704 97.444 22.5539 80.8 19.2603 16.644
internal_count=629 148 481 401 91 333 80 68
is_linear=0
shrinkage=0.03


Tree=16
num_leaves=8
num_cat=0
split_feature=15 20 28 4 40 23 4
split_gain=13.0342 8.53047 8.17879 7.80916 8.73625 7.03402 3.3004
threshold=-61.752780058010764 0.027840732248936458 10.500000000000002 -0.066393214248211971 0.079022100887367067 1.0560160602890007 -0.024168400269916509
decision_type=2 2 2 2 2 2 2
left_child=1 -1 3 -2 -5 -3 -4
right_child=2 5 6 4 -6 -7 -8
leaf_value=-0.001539955401931923 -0.022689455826452987 0.039901336956055404 -0.0021318427718979142 0.0071202142353606925 -0.017243480894739333 0.0041108343711496187 -0.029915789775846791
leaf_weight=13.86605381965637 10.338730573654173 12.876681521534922 7.5462564677000072 73.195820108056068 13.908148765563963 9.6894554197788221 11.635869264602659
leaf_count=57 42 52 31 300 59 39 49
internal_value=0.000806673 0.01606 -0.00402226 -0.000189663 0.00276193 0.02673 -0.020927
internal_weight=153.057 36.4322 116.625 97.4427 87.104 22.5661 19.1821
internal_count=629 148 481 401 359 91 80
is_linear=0
shrinkage=0.03


Tree=17
num_leaves=10
num_cat=0
split_feature=15 33 28 6 20 12 40 11 19
split_gain=12.4013 8.92002 7.79896 10.5026 7.07353 4.62119 2.65315 2.42641 0.727818
threshold=-61.752780058010764 0.53174156086146385 10.500000000000002 -0.022734034048256694 0.02426114320643594 25.576624603549508 0.020097432196228619 1.0000000180025095e-35 0.18187681043719825
decision_type=2 2 2 2 2 2 2 2 2
left_child=1 5 3 7 -5 -1 -4 -2 -7
right_child=2 -3 6 4 -6 8 -8 -9 -10
leaf_value=0.0004858082548553552 -0.0042975989171440566 -0.0094553642579640017 -0.028395291818085089 -0.01299192622071127 0.0085759101680572703 0.038040469643276439 -0.0025308909632081782 -0.030442916511868548 0.015690153872965403
leaf_weight=7.4474302530288723 7.8101490736007717 7.9418991506099692 11.877079799771311 14.82534000277519 66.023667722940445 10.651294574141504 7.2239267230033866 8.7711455523967725 10.390165358781813
leaf_count=30 32 33 50 62 271 43 30 36 42
internal_value=0.000765141 0.015645 -0.00394564 -0.000204102 0.00422179 0.0232955 -0.0204914 -0.0207233 0.0299749
internal_weight=152.962 36.4308 116.531 97.4303 80.849 28.4889 19.101 16.5813 21.0415
internal_count=629 148 481 401 333 115 80 68 85
is_linear=0
shrinkage=0.03


Tree=18
num_leaves=11
num_cat=0
split_feature=15 16 34 7 38 7 23 23 7 21
split_gain=11.8278 8.23599 7.71571 7.81434 5.84233 8.12038 5.0068 4.35849 4.26197 2.84598
threshold=-61.752780058010764 25.147859128865225 0.0067488606774889224 -0.039909142556920039 0.0099079365472334782 0.0060105367027743937 0.78777022183784429 1.0823474849683457 -0.028510268014176197 0.020350034336108276
decision_type=2 2 2 2 2 2 2 2 2 2
left_child=1 7 4 -4 8 -6 -5 9 -2 -1
right_child=2 -3 3 6 5 -7 -8 -9 -10 -11
leaf_value=0.012727243101510008 0 -0.0092138493600015178 -0.021880964652858437 -0.0099752027792596142 0.014624710786651708 -0.01991035591972895 0.011095046216051261 0.0043413342407268721 -0.02684365600013864 0.043272068980115853
leaf_weight=9.412155166268354 7.5600450187921551 7.7105544656515113 7.7954699099063864 10.360702738165854 12.268922910094263 8.7372142076492292 47.685199797153473 10.66635090112686 22.038664981722832 8.6436884403228742
leaf_count=38 31 32 32 43 50 36 197 43 92 35
internal_value=0.000723555 0.0152562 -0.00387749 0.00270668 -0.0125064 0 0.00687739 0.0224857 -0.0206589 0.0309546
internal_weight=152.879 36.4327 116.446 65.8414 50.6048 21.0061 58.0459 28.7222 29.5987 18.0558
internal_count=629 148 481 272 209 86 240 116 123 73
is_linear=0
shrinkage=0.03


Tree=19
num_leaves=11
num_cat=0
split_feature=15 33 31 20 3 12 38 3 36 22
split_gain=11.2854 8.22472 8.12214 6.30685 6.13641 4.30439 3.18016 2.32218 1.3024 0.824322
threshold=-61.752780058010764 0.53174156086146385 -1.4999999999999998 0.024173765389428312 0.014485848504605771 25.576624603549508 0.0099079365472334782 -0.019526724986291596 0.0058181111864939348 -0.062971223246130845
decision_type=2 2 2 2 2 2 2 2 2 2
left_child=1 5 6 8 -5 -1 7 -2 -4 -7
right_child=2 -3 3 4 -6 9 -8 -9 -10 -11
leaf_value=0.0002401094042833448 -0.03109167246382178 -0.0091782974668883736 -0.023473159235264541 0.013101955062488103 -0.004226578742523206 0.014888349738394546 0 -0.0083193214504508426 -0.0026972287276710669 0.036922395193548459
leaf_weight=7.446922734379771 11.338714301586149 7.9231254160404196 7.1040092110633832 37.607529640197754 31.17554198205471 10.643725097179416 9.7407026439905149 12.00085970759392 7.3896416425704956 10.399974465370175
leaf_count=30 47 33 30 154 129 43 40 50 31 42
internal_value=0.000696808 0.0148976 -0.00379721 0.0011104 0.00513847 0.0222478 -0.0159382 -0.0215552 -0.0154014 0.0286881
internal_weight=152.771 36.4137 116.357 83.2767 68.7831 28.4906 33.0803 23.3396 14.4937 21.0437
internal_count=629 148 481 344 283 115 137 97 61 85
is_linear=0
shrinkage=0.03


Tree=20
num_leaves=9
num_cat=0
split_feature=2 4 4 35 11 34 13 21
split_gain=8.24239 11.8703 8.2673 8.16598 6.87167 6.85422 6.07663 2.36887
threshold=-0.060533168714705703 0.0053812436459288468 0.02786324786324779 0.01387135079352997 -0.049841838033026768 0.0069064853411130453 -2.5968199845562867 0.019676643548218842
decision_type=2 2 2 2 2 2 2 2
left_child=-1 4 3 -3 7 -4 -6 -2
right_child=1 2 5 -5 6 -7 -8 -9
leaf_value=-0.024498104435495837 0.0075491222030335233 0.00072515978706528563 -0.011715279803963894 -0.035548006587660198 0.016304007888799887 0.01030962284964008 -0.002167097621298355 0.035280881095500587
leaf_weight=8.5163282603025419 7.4044103026390102 7.9638716131448772 20.235850378870964 11.717873319983481 24.544588327407837 27.478416934609413 36.594186276197433 10.374787047505377
leaf_count=35 30 33 84 49 101 114 150 42
internal_value=0.00103359 0.00293114 -0.00608112 -0.0214659 0.0107731 0.000571509 0.00529224 0.0264211
internal_weight=154.83 146.314 67.396 19.6817 78.918 47.7143 61.1388 17.7792
internal_count=638 603 280 82 323 198 251 72
is_linear=0
shrinkage=0.03


Tree=21
num_leaves=8
num_cat=0
split_feature=20 7 1 3 7 7 21
split_gain=8.68714 9.49214 9.03467 6.39853 5.36041 5.17589 5.14761
threshold=0.038497847807663153 -0.0059868501573429244 -0.00093250913655246171 -0.021627549030653333 -0.035194009702900382 0.0041549495589431494 0.029517844320976077
decision_type=2 2 2 2 2 2 2
left_child=1 2 3 -1 -2 -3 -7
right_child=4 5 -4 -5 -6 6 -8
leaf_value=-0.0066120509875504134 0 -0.02371963320708519 0.027861010543224062 0.016615347873854217 0.029397974002128596 -0.00025548030016313186 -0.024338972104144159
leaf_weight=32.71246112883091 8.3688893020153063 14.9197731167078 12.322754502296446 13.371248096227644 12.313505619764326 53.038826525211334 7.7091481089591971
leaf_count=135 34 62 50 55 50 220 32
internal_value=0.00100115 -0.00177681 0.00703442 0.000226232 0.0182395 -0.00877717 -0.00422917
internal_weight=154.757 134.074 58.4065 46.0837 20.6824 75.6677 60.748
internal_count=638 554 240 190 84 314 252
is_linear=0
shrinkage=0.03


Tree=22
num_leaves=8
num_cat=0
split_feature=2 7 41 22 35 32 18
split_gain=7.7855 12.7402 7.92986 5.7608 5.71597 5.46643 0.914684
threshold=-0.060533168714705703 -0.0059868501573429244 1.0000000180025095e-35 0.24123074567416905 0.036598263124441706 -0.00333048754826426 0.20732183348368885
decision_type=2 2 2 2 2 2 2
left_child=-1 3 -3 4 -2 -4 -5
right_child=1 2 5 6 -6 -7 -8
leaf_value=-0.023885025693804907 0.02490736409893804 0.01582170075894342 0.0035122054010737393 -0.0091504391780478419 0.0015276239570459114 -0.01385270419043466 0.0034445021295935693
leaf_weight=8.4797355532646161 31.822499930858612 11.993392542004583 20.841581851243973 7.2947483360767347 15.390458121895788 50.875031650066376 7.9874676764011383
leaf_count=35 130 49 86 30 63 212 33
internal_value=0.000971369 0.00281709 -0.00467668 0.0129211 0.0179627 -0.00864443 -0.00206277
internal_weight=154.685 146.205 83.71 62.4952 47.213 71.7166 15.2822
internal_count=638 603 347 256 193 298 63
is_linear=0
shrinkage=0.03


Tree=23
num_leaves=9
num_cat=0
split_feature=26 19 41 0 32 18 18 36
split_gain=8.08744 11.3067 5.6723 6.16933 5.44239 4.83725 5.06715 4.21879
threshold=0.32672684458398749 0.2054743164834491 1.0000000180025095e-35 -0.013618753847189745 0.0023771253192097501 0.75390670659962067 0.18050343335459737 0.0053836867069834453
decision_type=2 2 2 2 2 2 2 2
left_child=1 2 -1 -4 -3 6 -2 -8
right_child=5 4 3 -5 -6 -7 7 -9
leaf_value=0.0068978373352370842 -0.0036254674468557129 0.025865938480267685 0 -0.019224044860183819 -0.0019927390004220447 -0.0049934981271394056 0.0041296128070848013 0.027768351113924866
leaf_weight=13.266627907752989 8.7474571019411069 12.237743616104128 20.344061240553856 44.273986637592316 9.2046600729227048 12.434905558824537 13.137314468622206 20.960323378443718
leaf_count=54 36 50 84 184 38 52 54 86
internal_value=0.000946043 -0.00405498 -0.00947396 -0.0131666 0.0141174 0.0100216 0.0147422 0.0198096
internal_weight=154.607 99.3271 77.8847 64.618 21.4424 55.28 42.8451 34.0976
internal_count=638 410 322 268 88 228 176 140
is_linear=0
shrinkage=0.03


Tree=24
num_leaves=10
num_cat=0
split_feature=20 21 19 40 25 21 2 21 14
split_gain=7.99441 8.41214 9.38498 9.71168 6.80423 5.17261 4.42443 7.94559 2.45882
threshold=0.038497847807663153 0.021745472595459347 0.10055935913097001 0.070562199804531059 0.10045871559633029 0.034147440887106147 0.0037963122113782171 0.023767557414342194 90.801112086864592
decision_type=2 2 2 2 2 2 2 2 2
left_child=1 2 4 -4 -1 -2 7 -3 -8
right_child=5 6 3 -5 -6 -7 8 -9 -10
leaf_value=0.011032636425973243 0 -0.022783143967821533 0.018115586855803265 -0.013005647954623242 -0.015727093793259372 0.029797731718960167 -0.027086507031031232 0.0098153335222670376 -0.0027144529041632048
leaf_weight=10.057975396513937 9.6295457035303134 8.6136390864849108 41.615612834692001 9.2555379569530469 25.632156282663345 11.039325982332228 15.451092824339868 16.015384331345558 7.2102493047714225
leaf_count=42 39 36 170 39 107 45 64 66 30
internal_value=0.000930567 -0.00173336 0.00369456 0.0118919 -0.00760258 0.0174748 -0.0117198 -0.00187709 -0.0207892
internal_weight=154.521 133.852 86.5613 50.8712 35.6901 20.6689 47.2904 24.629 22.6613
internal_count=638 554 358 209 149 84 196 102 94
is_linear=0
shrinkage=0.03


Tree=25
num_leaves=8
num_cat=0
split_feature=20 21 9 9 34 21 36
split_gain=15.4313 5.72658 8.78304 7.25446 5.84594 8.72391 0.573973
threshold=0.039842967178536449 0.021949294289347922 0.085851380737216695 -0.0513665133202987 0.038217894311869512 0.017673832785261797 0.0075882043761646032
decision_type=2 2 2 2 2 2 2
left_child=1 4 3 -3 5 -1 -2
right_child=6 2 -4 -5 -6 -7 -8
leaf_value=-0.0086743436516721444 0.013251756452819749 0 0.0090382158458013027 -0.027839348864334246 -0.017597794745228764 0.011853379945126563 0.034014878548971339
leaf_weight=26.18504211306572 10.5812975615263 12.749730929732321 12.278046831488608 22.956092819571495 10.148504436016081 51.024107098579407 7.6077996492385855
leaf_count=109 43 52 51 96 42 210 31
internal_value=0.000628547 -0.00288168 -0.0110239 -0.0184338 0.00156944 0.00465891 0.0251885
internal_weight=153.531 135.342 47.9839 35.7058 87.3577 77.2091 18.1891
internal_count=634 560 199 148 361 319 74
is_linear=0
shrinkage=0.03


Tree=26
num_leaves=9
num_cat=0
split_feature=20 28 15 11 40 11 26 36
split_gain=14.7229 5.87188 8.58619 9.10302 7.06618 5.31482 1.10648 0.546879
threshold=0.039842967178536449 8.5000000000000018 -60.641372764203346 0.023029519419524584 -0.020207627171844097 0.049895373007155082 0.13060200668896324 0.0075882043761646032
decision_type=2 2 2 2 2 2 2 2
left_child=1 4 -3 -4 6 -6 -1 -2
right_child=7 2 3 -5 5 -7 -8 -9
leaf_value=0.0050998596699324255 0.012913996483359823 0.010907455941508356 -0.028341560789884312 0.00041493267790043849 -0.0069052583431245896 0.011705302923029548 0.025609348100019809 0.033277435976277296
leaf_weight=7.449973568320277 10.584561884403231 10.307335510849951 23.594917804002762 14.426703095436094 54.867962971329689 15.939672246575354 8.6548487693071348 7.5877182483673087
leaf_count=30 43 42 100 60 227 66 35 31
internal_value=0.000615055 -0.00281244 -0.0110144 -0.0175801 0.00172483 -0.00230331 0.0185618 0.0246165
internal_weight=153.414 135.241 48.329 38.0216 86.9125 70.8076 16.1048 18.1723
internal_count=634 560 202 160 358 293 65 74
is_linear=0
shrinkage=0.03


Tree=27
num_leaves=10
num_cat=0
split_feature=20 19 28 19 38 19 19 6 40
split_gain=14.0152 6.90474 9.04661 8.71679 9.92705 4.0163 3.13889 2.9048 1.03623
threshold=0.039842967178536449 0.10055935913097001 8.5000000000000018 0.11302609564257311 0.0071439465349375552 0.19386692535496791 0.091465635276662557 -0.011241408874192746 0.010023044519637649
decision_type=2 2 2 2 2 2 2 2 2
left_child=1 2 6 8 -5 -2 -1 -4 -3
right_child=5 3 7 4 -6 -7 -8 -9 -10
leaf_value=0.0088909708464130609 0.0032047237395270239 0.0077511047191963578 -0.0076611967618651165 -0.024571506491049153 0.0023168723361671416 0.034536816430493424 -0.011900690101956379 -0.036726129610843511 0.027957638299257986
leaf_weight=13.755742713809015 7.4190045744180706 9.3210134357213992 7.8441953212022808 13.110393047332762 63.164991870522499 10.731969326734541 9.1527415066957456 10.694984480738638 8.0251803547143918
leaf_count=57 30 38 33 54 261 44 38 46 33
internal_value=0.000633514 -0.00271084 -0.0126427 0.00170176 -0.00262287 0.0240637 0 -0.0271022 0.0197988
internal_weight=153.22 135.069 41.4477 93.6216 76.2754 18.151 22.9085 18.5392 17.3462
internal_count=634 560 174 386 315 74 95 79 71
is_linear=0
shrinkage=0.03


Tree=28
num_leaves=10
num_cat=0
split_feature=20 19 21 19 28 34 36 19 12
split_gain=13.3585 6.60172 13.2291 12.674 8.67766 4.93058 4.34893 3.81591 0.71046
threshold=0.039842967178536449 0.10055935913097001 0.021949294289347922 0.18951321178465444 8.5000000000000018 0.022649453447683546 0.0052644577772645836 0.19386692535496791 43.97662165833836
decision_type=2 2 2 2 2 2 2 2 2
left_child=1 4 3 -3 6 -4 -1 -2 -6
right_child=7 2 5 -5 8 -7 -8 -9 -10
leaf_value=-0.012026945341704422 0.0031287368432117608 0.018355654154792535 -0.016070823165183188 -0.018104918668687339 -0.011717147148295588 0.0063092515849294669 0.012092036491916938 0.033752043859356179 -0.033517351757342322
leaf_weight=11.203275620937349 7.4197747856378582 43.547623962163925 31.953326344490051 8.4822315722703916 8.2483519613742846 9.6415002495050413 11.707080662250517 10.6990470290184 10.174180209636686
leaf_count=47 30 178 133 35 35 40 48 44 44
internal_value=0.000618935 -0.00264395 0.00166346 0.0116838 -0.0123734 -0.0104877 0 0.0235148 -0.0265945
internal_weight=153.076 134.958 93.6247 52.0299 41.3329 41.5948 22.9104 18.1188 18.4225
internal_count=634 560 386 213 174 173 95 74 79
is_linear=0
shrinkage=0.03


Tree=29
num_leaves=9
num_cat=0
split_feature=20 19 21 19 19 19 1 24
split_gain=12.7523 6.29111 12.445 12.0123 4.83847 3.6283 2.82374 2.12732
threshold=0.039842967178536449 0.10055935913097001 0.021949294289347922 0.18951321178465444 0.26921381808277506 0.19386692535496791 -0.016384335620726328 0.43322717622080686
decision_type=2 2 2 2 2 2 2 2
left_child=1 6 3 -3 -4 -2 -1 -8
right_child=5 2 4 -5 -6 -7 7 -9
leaf_value=0 0.0030545675847653392 0.017801382106464522 -0.015380684188244344 -0.017706107054755647 0.0075493104223659435 0.032998777422407588 -0.021211656555885663 -0.00099396983277531023
leaf_weight=11.163715586066244 7.4204911440610912 43.617609173059464 32.988690987229347 8.4584951996803266 8.5308869332075101 10.661197572946547 21.967987850308422 8.0762119591236097
leaf_count=47 30 178 138 35 35 44 93 34
internal_value=0.000590749 -0.00259555 0.00160288 0.0113151 -0.0101942 0.0229851 -0.0121114 -0.0166463
internal_weight=152.885 134.804 93.5957 52.0761 41.5196 18.0817 41.2079 30.0442
internal_count=634 560 386 213 173 74 174 127
is_linear=0
shrinkage=0.03


Tree=30
num_leaves=11
num_cat=0
split_feature=37 19 38 33 35 35 15 15 35 18
split_gain=9.82279 4.24813 5.57061 7.50382 5.76038 4.2164 5.2572 4.90243 4.54616 2.01096
threshold=0.0015880114365313116 0.26921381808277506 0.009008498571510903 0.22133277380740443 -0.031847027946740263 0.020663014124312821 -80.227557391882854 -9.9580705221343369 0.056583047709623642 0.44712367480296439
decision_type=2 2 2 2 2 2 2 2 2 2
left_child=5 2 4 -4 -2 6 -1 -8 9 -7
right_child=1 -3 3 -5 -6 8 7 -9 -10 -11
leaf_value=0.018562809878192119 0.017361489880331388 0.010136486735097094 0.0065871457484848748 -0.023696186998415102 -0.0070434373107452338 0.037311953657737804 -0.022055704000628892 0.0070039977019348103 0 0.0088532445389269167
leaf_weight=7.2958665192127254 8.5532514899969083 9.0650761276483518 7.5414313971996298 31.993621528148651 44.508093938231468 7.3395018726587313 9.2737737298011815 7.3025738298892948 7.7662477046251288 7.3715323358774185
leaf_count=30 35 37 31 135 186 30 38 30 32 30
internal_value=-0.00191896 -0.00718554 -0.00921838 -0.0175194 -0.00234932 0.00914176 0 -0.00907045 0.0178916 0.0267155
internal_weight=148.011 101.661 92.5964 39.5351 53.0613 46.3495 23.8722 16.5763 22.4773 14.711
internal_count=614 424 387 166 221 190 98 68 92 60
is_linear=0
shrinkage=0.03


Tree=31
num_leaves=11
num_cat=0
split_feature=37 26 37 7 34 7 20 8 1 28
split_gain=9.332 5.08569 3.87026 4.81777 8.6243 7.74596 4.32139 3.15842 3.70985 1.38169
threshold=0.0015880114365313116 0.34054243628711717 0.056587347134767547 -0.028510268014176197 0.01132120789607838 -0.039909142556920039 0.028768482278756256 1.0000000180025095e-35 -0.016384335620726328 8.5000000000000018
decision_type=2 2 2 2 2 2 2 2 2 2
left_child=1 7 3 5 -5 -2 -4 8 -1 -3
right_child=2 9 6 4 -6 -7 -8 -9 -10 -11
leaf_value=-0.0043526676750185031 -0.0062173664168426656 0.028608351332715949 -0.027746695134521819 -0.017360983141570582 0.0040573745434392579 0.029467000474116645 0 -0.010306067532503901 0.01979721247070047 0.0060874453472330231
leaf_weight=8.5092192888259905 10.733417555689813 9.3995447456836718 12.699573740363123 34.64523646235466 28.597058638930321 7.3452866524457923 7.4535615295171729 11.281484246253966 9.6933237165212649 7.425873950123786
leaf_count=35 44 38 55 145 119 30 31 46 40 31
internal_value=-0.00183006 0.00895009 -0.00697263 -0.00361067 -0.00761858 0.00902495 -0.0183108 0.000599421 0.00845201 0.0211683
internal_weight=147.784 46.3094 101.474 81.321 63.2423 18.0787 20.1531 29.484 18.2025 16.8254
internal_count=614 190 424 338 264 74 86 121 75 69
is_linear=0
shrinkage=0.03


Tree=32
num_leaves=10
num_cat=0
split_feature=37 26 19 7 1 28 10 34 28
split_gain=8.86129 4.8537 3.97411 5.60563 9.43273 4.70102 3.11878 3.12612 1.30159
threshold=0.0015880114365313116 0.34054243628711717 0.26921381808277506 -0.028510268014176197 -0.01946867081565706 8.5000000000000018 -0.028243514822424095 -0.00039914322828238363 8.5000000000000018
decision_type=2 2 2 2 2 2 2 2 2
left_child=1 6 3 4 -2 -5 -1 -8 -3
right_child=2 8 -4 5 -6 -7 7 -9 -10
leaf_value=0.013642060491745463 -0.010980194095013033 0.027926847116992226 0.0099374407186696868 -0.0063660602109107808 0.028041766399473447 -0.023239336827264496 -0.016840597668750994 0.0044118751683892322 0.0059401726173893086
leaf_weight=9.4312192499637622 11.318935588002207 9.3890144377946871 9.0701417028903943 49.748023271560669 7.3955878317356101 23.763514965772629 9.491370096802715 10.533007636666294 7.4311844110488883
leaf_count=39 47 38 37 208 30 102 39 43 31
internal_value=-0.00176587 0.0087373 -0.00678558 -0.00876545 0.00493491 -0.0124903 0.000563267 -0.00559505 0.0206736
internal_weight=147.572 46.2758 101.296 92.2261 18.7145 73.5115 29.4556 20.0244 16.8202
internal_count=614 190 424 387 77 310 121 82 69
is_linear=0
shrinkage=0.03


Tree=33
num_leaves=7
num_cat=0
split_feature=40 40 37 40 12 38
split_gain=11.5006 8.61045 7.90658 9.34797 5.4145 1.24995
threshold=0.070562199804531059 0.056249465035666198 0.0015880114365313116 0.017862424717336681 46.678181092774857 0.007901594823326084
decision_type=2 2 2 2 2 2
left_child=1 2 4 -4 -1 -2
right_child=5 -3 3 -5 -6 -7
leaf_value=0.018002241117933342 -0.005821701179005441 0.025170697745405913 -0.020521167298585823 0.0013368995235942109 -0.0014765733075743719 -0.026507027991920347
leaf_weight=23.737638711929321 7.349976688623431 10.75792773067951 26.461506649851799 42.599177747964859 22.501952409744263 13.93435601890087
leaf_count=98 31 44 112 177 92 60
internal_value=-0.00169384 0.00174798 -0.000701469 -0.00716907 0.00854394 -0.0211217
internal_weight=147.343 126.058 115.3 69.0607 46.2396 21.2843
internal_count=614 523 479 289 190 91
is_linear=0
shrinkage=0.03


Tree=34
num_leaves=10
num_cat=0
split_feature=37 12 14 8 19 24 6 23 19
split_gain=7.96455 5.13186 7.80097 5.64326 3.74677 3.35763 4.93406 4.74041 3.08679
threshold=0.0015880114365313116 46.678181092774857 26.577821649086676 -0.058806585440779491 0.26921381808277506 0.22653958944281527 0.016095379425881223 1.107964320832556 0.10201406181511934
decision_type=2 2 2 2 2 2 2 2 2
left_child=1 3 -3 -1 5 7 -7 -2 -5
right_child=4 2 -4 8 -6 6 -8 -9 -10
leaf_value=-0.0018144104380481167 0.0013349521901384219 -0.015207457054006775 0.017880025000369247 0.0066829704314317374 0.0097905172782553496 -0.025996816922722071 -0.0018538866508189303 -0.016999483786448284 0.037670716608011363
leaf_weight=7.6818510890007046 43.827164128422737 13.836701139807703 8.6629465669393522 7.251831620931628 9.0671310126781446 17.545944586396217 15.388594433665274 15.091027319431303 8.7844380587339383
leaf_count=32 184 57 35 30 37 74 65 64 36
internal_value=-0.00164975 0.00830271 -0.00143603 0.0175176 -0.00642614 -0.0083613 -0.0158974 -0.00351884 0.0267842
internal_weight=147.138 46.2178 22.4996 23.7181 100.92 91.8527 32.9345 58.9182 16.0363
internal_count=614 190 92 98 424 387 139 248 66
is_linear=0
shrinkage=0.03


Tree=35
num_leaves=8
num_cat=0
split_feature=20 4 38 7 20 12 32
split_gain=5.2555 6.62191 7.08217 5.58444 6.90796 7.83977 0.712366
threshold=0.025061166710690887 0.0062067978850517411 0.0076580992802793412 -0.054194347931279689 0.037583117218323282 51.706908976746519 0.0027057060839831286
decision_type=2 2 2 2 2 2 2
left_child=1 2 -1 -2 5 -5 -6
right_child=3 -3 -4 4 6 -7 -8
leaf_value=-0.014647665021956207 -0.013146728347218086 -0.022539181621148187 0.018243889366412362 0.011133458732214541 0.0094860263785761009 -0.0060168900108639647 0.031485406266223349
leaf_weight=9.0953194200992602 12.692813009023665 15.283379629254339 10.308551564812658 47.77891780436039 7.3327779024839383 43.419075354933739 7.7651248127222061
leaf_count=38 52 66 43 198 30 182 32
internal_value=0.000907266 -0.00892729 0.00219752 0.00399837 0.00638916 0.00285339 0.0240374
internal_weight=153.676 34.6873 19.4039 118.989 106.296 91.198 15.0979
internal_count=641 147 81 494 442 380 62
is_linear=0
shrinkage=0.03


Tree=36
num_leaves=10
num_cat=0
split_feature=37 7 12 34 24 26 36 9 13
split_gain=5.03127 5.65285 9.17243 5.51935 9.93063 5.27396 7.44125 4.35488 0.494374
threshold=0.0015880114365313116 -0.04078611523202539 46.144389615158374 -0.0082294837784580559 -0.4137971698113207 0.56644385026737976 0.0079246560292421213 0.030822536545239785 2.8722484864347604
decision_type=2 2 2 2 2 2 2 2 2
left_child=1 -1 -3 4 -2 6 -5 -4 -6
right_child=3 2 7 5 8 -7 -8 -9 -10
leaf_value=-0.011835197600327455 0.011006991026805846 0.02976868361373896 -0.0086511407699952064 -0.0059796755838033297 -0.034281996049508615 0.018302219853764755 0.02155139162135614 0.015054828961159374 -0.011777782724362036
leaf_weight=7.5716164559125891 7.1379256844520595 15.903593912720678 14.582524865865709 62.943888381123543 8.7744249701499957 11.386029019951819 8.1279499977827054 9.8871652334928495 7.2527979016304007
leaf_count=31 30 66 60 266 37 47 33 40 31
internal_value=0.000882848 0.00881343 0.0134157 -0.00267455 -0.0150114 0.000887094 -0.00212219 0.000774527 -0.0273667
internal_weight=153.568 47.9449 40.3733 105.623 23.1651 82.4579 71.0718 24.4697 16.0272
internal_count=641 197 166 444 98 346 299 100 68
is_linear=0
shrinkage=0.03


Tree=37
num_leaves=11
num_cat=0
split_feature=20 34 3 2 32 15 3 11 7 3
split_gain=4.96008 5.52304 11.816 7.17503 6.72364 5.55251 4.80604 2.80038 2.87104 2.69437
threshold=0.025061166710690887 0.011543320228493028 -0.048958972489610668 0.028488275403292799 -0.0034374714519495027 -78.361873603289055 -0.025666988695486611 -0.024222322162621653 0.010994465092790957 0.057484774597236672
decision_type=2 2 2 2 2 2 2 2 2 2
left_child=6 3 -3 5 -4 -2 -1 -8 -9 -5
right_child=1 2 4 9 -6 -7 7 8 -10 -11
leaf_value=0.0097197865427631064 0.018908525159970328 -0.018447263165966805 0.034329961306552755 -0.02909684842311416 0.0073925710515724344 -0.0015413268143205762 0 -0.030091778996018805 -0.0025154263398871912 -0.0018653397924380244
leaf_weight=7.4426053911447516 13.808537364006041 7.4869631826877585 13.839385792613028 7.6666403561830503 24.925628826022148 43.792930424213409 9.7211930006742495 10.426150605082514 6.9837745428085318 7.3200104087591171
leaf_count=31 57 31 57 32 103 183 41 45 30 31
internal_value=0.000863003 0.00386864 0.0117675 -0.00114388 0.0185898 0.00357935 -0.00870473 -0.0145942 -0.0212017 -0.0184647
internal_weight=153.414 118.84 46.252 72.5881 38.765 57.6015 34.5737 27.1311 17.4099 14.9867
internal_count=641 494 191 303 160 240 147 116 75 63
is_linear=0
shrinkage=0.03


Tree=38
num_leaves=10
num_cat=0
split_feature=40 34 19 6 4 37 40 15 14
split_gain=4.92771 5.21349 8.08033 9.71751 6.46575 5.3891 7.21718 4.1953 1.07212
threshold=-0.032516852242907616 -0.0032981526639749843 0.10349244057188058 -0.022734034048256694 -0.0039697019706904637 0.025401341023259753 0.012101394667606515 -50.83316179021287 19.121197412385758
decision_type=2 2 2 2 2 2 2 2 2
left_child=7 5 4 -4 -3 6 -2 -1 -7
right_child=1 2 3 -5 -6 8 -8 -9 -10
leaf_value=0.026543659313361678 -0.0109256366380199 0.0028574104986026547 -0.018194263750438401 0.014032960783364901 -0.024247708951963355 -0.029965922695659269 0.019937495680835492 0.00086329392226511118 -0.0077293165155668938
leaf_weight=9.3983967453241366 19.454545691609386 14.518860548734667 7.8663221448659888 50.954067632555962 12.722301989793776 8.6380143761634844 7.9366759806871405 14.384429350495337 7.4395119696855536
leaf_count=39 82 61 33 211 55 36 33 59 32
internal_value=0.000820791 -0.0014386 0.00271186 0.00901987 -0.010081 -0.00974364 -0.000724439 0.0128651 -0.0224997
internal_weight=153.313 129.53 86.0616 58.8204 27.2412 43.4687 27.3912 23.7828 16.0775
internal_count=641 543 360 244 116 183 115 98 68
is_linear=0
shrinkage=0.03


Tree=39
num_leaves=10
num_cat=0
split_feature=40 34 19 1 4 20 10 15 37
split_gain=4.71737 4.93363 7.62175 9.31558 6.18561 5.219 5.6923 4.00263 3.24149
threshold=-0.032516852242907616 -0.0032981526639749843 0.10349244057188058 -0.018921651566530303 -0.0039697019706904637 0.028825558755719249 -0.013928749199130395 -50.83316179021287 0.027811929116536519
decision_type=2 2 2 2 2 2 2 2 2
left_child=7 5 4 -4 -3 6 -2 -1 -7
right_child=1 2 3 -5 -6 8 -8 -9 -10
leaf_value=0.02597422883311408 0.0011225294729548564 0.0027808087080928114 -0.012321861332804874 0.014951983729518984 -0.023749995720682267 0.0095450488953289312 -0.028384689075514745 0.00084052578958764446 -0.012783044064393663
leaf_weight=9.3607195168733615 7.2743716984987286 14.526223286986353 12.439137071371077 46.443449944257736 12.642376840114592 13.698986172676088 15.256761059164999 14.385020107030867 7.1819124519824973
leaf_count=39 30 61 52 192 55 57 66 59 30
internal_value=0.000782972 -0.00142499 0.00260767 0.00872842 -0.0098325 -0.00951163 -0.0189317 0.0125791 0.000763729
internal_weight=153.209 129.463 86.0512 58.8826 27.1686 43.412 22.5311 23.7457 20.8809
internal_count=641 543 360 244 116 183 96 98 87
is_linear=0
shrinkage=0.03


Tree=40
num_leaves=9
num_cat=0
split_feature=40 19 19 36 0 16 31 21
split_gain=6.0178 8.44656 7.58366 8.52927 5.71555 5.62585 5.37188 4.08615
threshold=0.070562199804531059 0.10055935913097001 0.11962497924390349 0.0085990054719249139 -0.016575132546250034 21.11023841434147 1.5000000000000002 0.020743424732267483
decision_type=2 2 2 2 2 2 2 2
left_child=1 4 7 -4 -1 -2 -6 -3
right_child=5 2 3 -5 6 -7 -8 -9
leaf_value=0.010478498164763291 -0.00012472214421247461 0.029210374336251711 -0.0025575071215830948 0.027982242649394619 -0.023218957675534033 -0.032305199011393934 0.0030610020750801554 7.8229293784699895e-05
leaf_weight=7.3238424211740485 11.626120164990427 14.755071789026262 62.235814973711967 7.3914415538310996 21.849509954452518 7.8713874518871298 7.9741863012313834 7.2755165696144095
leaf_count=31 49 60 258 31 94 35 34 30
internal_value=-0.00084808 0.00147645 0.00644535 0.0011659 -0.0101036 -0.015611 -0.0159702 0.021021
internal_weight=148.303 128.805 91.6578 69.6273 37.1475 19.4975 29.8237 22.0306
internal_count=622 538 379 289 159 84 128 90
is_linear=0
shrinkage=0.03


Tree=41
num_leaves=9
num_cat=0
split_feature=40 19 21 19 19 0 16 15
split_gain=5.77924 7.99331 7.25721 8.26873 5.5791 5.4438 5.4162 2.13342
threshold=0.070562199804531059 0.10055935913097001 0.021949294289347922 0.28617320322655071 0.11962497924390349 -0.016575132546250034 21.11023841434147 -41.260121154986521
decision_type=2 2 2 2 2 2 2 2
left_child=1 5 4 -4 -3 -1 -2 -7
right_child=6 2 3 -5 -6 7 -8 -9
leaf_value=0.010214198716506882 -0.0001215321009956003 0.02692125913160804 -0.0088115846306205219 0.019528625375342137 0.0047198950550482672 -0.0012455270072219539 -0.031789005072124059 -0.02063409110805001
leaf_weight=7.3394616991281501 11.625833526253702 17.94742988049984 36.299412101507187 10.115540891885756 27.27004300057888 9.1812441051006335 7.7928935140371314 20.5285964012146
leaf_count=31 49 73 152 42 112 39 35 89
internal_value=-0.000813242 0.00146076 0.00629358 -0.0017738 0.0146167 -0.00981806 -0.0153119 -0.0155719
internal_weight=148.1 128.682 91.6324 46.415 45.2175 37.0493 19.4187 29.7098
internal_count=622 538 379 194 185 159 84 128
is_linear=0
shrinkage=0.03


Tree=42
num_leaves=10
num_cat=0
split_feature=40 19 21 19 33 28 19 33 9
split_gain=5.5429 7.58218 6.85145 7.85289 7.31831 4.78327 3.81538 3.25267 3.04611
threshold=0.070562199804531059 0.10055935913097001 0.021949294289347922 0.28617320322655071 0.14953759573680001 5.5000000000000009 0.090627463755904483 0.66740179157397705 -0.032438276459993622
decision_type=2 2 2 2 2 2 2 2 2
left_child=1 5 4 -4 -3 6 -1 -2 -7
right_child=7 2 3 -5 -6 8 -8 -9 -10
leaf_value=0.013792278802111852 -0.0016567545967152266 -0.0068439620591670674 -0.008569831614534543 0.019062987256436615 0.020356384151516478 0 -0.012088985049623356 -0.027114767243482649 -0.026078182842496505
leaf_weight=9.3570582419633883 10.85616220533848 9.6004069298505765 36.260720491409302 10.10082161426544 35.638957276940346 6.9860184341669109 7.0880410820245734 8.4823500663042051 13.522149845957754
leaf_count=39 46 39 152 42 146 30 30 38 60
internal_value=-0.000790956 0.00143211 0.00613872 -0.00169991 0.0142212 -0.00956589 0.00172265 -0.015021 -0.0186331
internal_weight=147.893 128.554 91.6009 46.3615 45.2394 36.9533 16.4451 19.3385 20.5082
internal_count=622 538 379 194 185 159 69 84 90
is_linear=0
shrinkage=0.03


Tree=43
num_leaves=7
num_cat=0
split_feature=19 23 12 16 36 9
split_gain=4.44855 4.37356 5.09997 6.29922 3.38281 2.80347
threshold=0.28617320322655071 1.3226205294216828 56.408833205561514 -10.770012902936299 0.0052904640750907313 -0.037761218895494962
decision_type=2 2 2 2 2 2
left_child=1 2 3 -1 -4 -3
right_child=-2 5 4 -5 -6 -7
leaf_value=-0.0043188773346146134 0.015194457362973488 -0.02735271127637081 0.00070112257395444656 0.011876096719751218 -0.015955915274590213 -0.00037032797023807607
leaf_weight=40.022394984960556 11.986840948462484 7.7696107923984528 16.195277556777 41.147515848278999 23.303168252110481 7.2751889526844007
leaf_count=167 50 32 69 173 100 31
internal_value=-0.000789454 -0.00251032 -0.000367198 0.00379866 -0.00906005 -0.0167594
internal_weight=147.7 135.713 120.668 81.1699 39.4984 15.0448
internal_count=622 572 509 340 169 63
is_linear=0
shrinkage=0.03


Tree=44
num_leaves=8
num_cat=0
split_feature=11 7 34 34 32 15 21
split_gain=4.65685 12.2086 5.04346 7.65204 5.96865 4.29268 5.00434
threshold=-0.064792827641503056 0.013439154222959758 0.022208184747143148 0.041755691953658587 0.0050061926342777072 -70.268433944630871 0.036058577649814287
decision_type=2 2 2 2 2 2 2
left_child=1 -1 5 4 -4 -2 -7
right_child=2 -3 3 -5 -6 6 -8
leaf_value=0.029574203061642258 0.0094550268827036238 -0.015299103036431894 0.021796838802587874 -0.017404951929424126 -0.0049365707943039572 -0.011786526773413844 0.010157347347172651
leaf_weight=11.761675819754602 10.431063413619993 6.9467464536428443 20.157574400305752 7.4430630207061759 9.2081569284200651 73.286109432578087 8.3911076486110669
leaf_count=49 43 30 84 31 39 311 35
internal_value=-0.000774514 0.0123193 -0.00294843 0.00601099 0.0131556 -0.00673989 -0.00916397
internal_weight=147.625 18.7084 128.917 36.8088 29.3657 92.1083 81.6772
internal_count=622 79 543 154 123 389 346
is_linear=0
shrinkage=0.03


Tree=45
num_leaves=10
num_cat=0
split_feature=37 33 12 14 34 36 1 2 35
split_gain=5.90053 5.01156 3.83008 3.87512 3.61777 8.4309 5.31053 4.27091 4.24667
threshold=-0.0030456568105847732 0.13724201548422846 46.144389615158374 26.577821649086676 -0.0029074840447295687 0.0079246560292421213 0.035537790697674383 -0.028867775331564535 -0.020838955077919438
decision_type=2 2 2 2 2 2 2 2 2
left_child=1 -1 -3 -4 7 6 -6 -2 -9
right_child=4 2 3 -5 5 -7 -8 8 -10
leaf_value=-0.010515199056354892 0.0034059825134590488 0.025197494830321323 -0.0070276554983697125 0.01687184841564722 -0.0082003594485711706 0.024460887310506253 0.015035128393600238 0 -0.026567846425060663
leaf_weight=8.0693936645984632 8.333893805742262 12.559022307395933 11.171472594141962 8.8908101171255094 62.126321151852608 7.8980858474969855 8.0214764326810819 7.5140579193830517 17.352790296077728
leaf_count=34 35 53 46 36 264 32 34 32 75
internal_value=-0.00149308 0.00789757 0.0132298 0.00345311 -0.00513916 -0.00128762 -0.00499232 -0.0131794 -0.0191359
internal_weight=151.937 40.6907 32.6213 20.0623 111.247 78.0459 70.1478 33.2007 24.8668
internal_count=641 169 135 82 472 330 298 142 107
is_linear=0
shrinkage=0.03


Tree=46
num_leaves=12
num_cat=0
split_feature=37 40 40 0 34 33 15 12 9 5 37
split_gain=5.57101 7.26112 6.44537 6.29679 5.87732 4.77788 4.39625 3.64121 4.52458 3.27743 1.94091
threshold=-0.0030456568105847732 0.024990937407106232 0.070562199804531059 -0.0021761701320781031 0.0096596483548980778 0.13724201548422846 -29.312094941404613 46.144389615158374 0.030822536545239785 0.053276806284700003 0.011524983477861685
decision_type=2 2 2 2 2 2 2 2 2 2 2
left_child=5 3 4 6 -3 -1 -2 -7 -9 -4 -5
right_child=1 2 9 10 -6 7 -8 8 -10 -11 -12
leaf_value=-0.010262581978009394 0.012111758074916615 -0.0018053299577692682 -0.02016628952294135 -0.010195001452285428 0.019021310513336078 0.024601804635484056 -0.01268975837085406 -0.0082707133175172823 0.017562352949857956 0.00062954746316071892 -0.033341673175788344
leaf_weight=8.0692161321639997 9.1661929488182086 23.591081812977791 12.61727547645569 10.74388860166073 20.371051996946335 12.52614678442478 12.753587439656256 10.903778478503229 9.1466949433088285 10.078244701027868 11.750350907444952
leaf_count=34 38 100 55 45 84 53 55 45 37 44 51
internal_value=-0.00143207 -0.00498097 0.00112375 -0.0141199 0.00792666 0.00769294 -0.00154589 0.0129107 0.00335769 -0.0110211 -0.0246337
internal_weight=151.718 111.072 66.6577 44.414 43.9621 40.6458 21.9198 32.5766 20.0505 22.6955 22.4942
internal_count=641 472 283 189 184 169 93 135 82 99 96
is_linear=0
shrinkage=0.03


Tree=47
num_leaves=7
num_cat=0
split_feature=19 11 6 1 13 32
split_gain=4.99062 4.66841 9.07018 4.84047 5.04231 1.69731
threshold=0.28617320322655071 -0.065558265069599872 0.0024416265998771594 0.019939698616209926 -2.4551386424297728 0.0027057060839831286
decision_type=2 2 2 2 2 2
left_child=1 2 -1 4 -3 -5
right_child=-2 3 -4 5 -6 -7
leaf_value=0.032152362927799591 0.014775182956370146 -0.00018333213669472154 -0.0084225963711320948 0.013044580553187012 -0.01457926598356001 -0.00035415400939114273
leaf_weight=7.2455206662416449 13.1995592713356 39.939035430550575 8.4403963536024076 11.072715744376184 53.212726578116417 18.375827938318253
leaf_count=30 55 169 36 46 227 78
internal_value=-0.00140359 -0.00324342 0.0109878 -0.00533175 -0.00869821 0.00471602
internal_weight=151.486 138.286 15.6859 122.6 93.1518 29.4485
internal_count=641 586 66 520 396 124
is_linear=0
shrinkage=0.03


Tree=48
num_leaves=11
num_cat=0
split_feature=37 18 38 18 10 36 4 38 12 24
split_gain=5.23334 4.45751 5.72464 3.8208 3.33227 6.42471 5.28219 6.36937 3.82485 2.5701
threshold=-0.0030456568105847732 0.1659455616218852 0.009008498571510903 0.49337383626943537 0.015898663182178922 0.0071854342234822692 0.10253866993388584 0.009008498571510903 46.144389615158374 -0.13581560283687941
decision_type=2 2 2 2 2 2 2 2 2 2
left_child=1 -1 -3 -4 5 8 7 -6 -2 -7
right_child=4 2 3 -5 6 9 -8 -9 -10 -11
leaf_value=-0.0092191786278551877 -0.012359545718586353 -0.0068713729458442169 0.03124928787631839 0.0053177007487780967 -0.0028829281203719206 0.025924675719729874 0.0060768108541014209 -0.030884613067555369 0.002992533167914604 0.0013339570778843756
leaf_weight=8.6229438036680204 31.480836912989616 7.8910218775272396 11.534370243549349 12.506941571831701 16.548459410667423 7.2348477244377163 9.4581395983695966 14.228789940476416 22.512823700904846 9.3256025761365873
leaf_count=36 132 33 49 51 71 30 40 63 97 39
internal_value=-0.0013487 0.00750044 0.0127347 0.0197795 -0.00479654 -0.000564189 -0.0114848 -0.0173808 -0.00581231 0.0145211
internal_weight=151.345 40.5553 31.9323 24.0413 110.789 70.5541 40.2354 30.7772 53.9937 16.5605
internal_count=641 169 133 100 472 298 174 134 229 69
is_linear=0
shrinkage=0.03


Tree=49
num_leaves=11
num_cat=0
split_feature=37 35 22 34 1 24 21 1 6 25
split_gain=4.94609 4.57063 3.8369 3.4404 6.12615 5.52936 3.22867 2.80136 2.47452 0.21908
threshold=-0.0030456568105847732 0.019934111343551279 -0.089377063145755928 -0.0029074840447295687 0.035537790697674383 0.16542288557213933 0.020589726799013577 0.0093825679791161871 -0.010835105760055138 0.28960573476702517
decision_type=2 2 2 2 2 2 2 2 2 2
left_child=1 7 -3 6 5 -5 -2 9 -8 -1
right_child=3 2 -4 4 -6 -7 8 -9 -10 -11
leaf_value=-0.0018943899254582717 -7.4070207889237753e-05 0 0.027117841830667927 0.001571646949223347 0.019394570052166951 -0.015665880072864295 -0.0022731345468326139 0.010916965171295033 -0.027385537997870187 -0.013324179604908929
leaf_weight=7.1361611634492892 13.778927475214003 7.5266162008047131 11.292932748794554 45.153411343693733 9.2920981198549253 23.226984411478043 7.0990240275859842 7.3602717816829673 12.080260723829269 7.1762881428003311
leaf_count=30 59 31 47 192 39 99 30 31 53 30
internal_value=-0.00130043 0.00730513 0.0174259 -0.00465714 -0.000904817 -0.00434914 -0.0125134 -0.00157938 -0.0198911 -0.00947583
internal_weight=151.123 40.4923 18.8195 110.631 77.6725 68.3804 32.9582 21.6727 19.1793 14.3124
internal_count=641 169 78 472 330 291 142 91 83 60
is_linear=0
shrinkage=0.03


Tree=50
num_leaves=9
num_cat=0
split_feature=16 15 17 33 13 33 19 27
split_gain=6.70394 6.55345 6.52282 6.01348 4.32486 3.67826 2.52932 1.25709
threshold=26.830888680949474 -76.621591740385142 -4.0244120498033622 0.54585975355504768 -8.8550099441653298 0.6416253443526172 0.18821312798730402 2.5000000000000004
decision_type=2 2 2 2 2 2 2 2
left_child=1 6 -2 4 -3 -5 -1 -4
right_child=2 3 7 5 -6 -7 -8 -9
leaf_value=0.028588361427854866 0.0076939424858686843 0.011475440529029187 -0.030190253118345819 0.024710303099008877 -0.0089008330022146837 0.0032712431908498039 0.0050852440901757558 -0.0082458098379543081
leaf_weight=9.3441050201654452 7.5453235954046276 8.8692706376314145 9.3406943231821078 8.3162914961576444 54.721391186118126 34.593834415078163 11.146065503358839 8.5758564025163633
leaf_count=39 32 37 41 35 232 146 47 37
internal_value=0.000385261 0.00333859 -0.0129687 8.74469e-05 -0.00556692 0.00867568 0.0180595 -0.0223224
internal_weight=152.453 126.991 25.4619 106.501 63.5907 42.9101 20.4902 17.9166
internal_count=646 536 110 450 269 181 86 78
is_linear=0
shrinkage=0.03


Tree=51
num_leaves=9
num_cat=0
split_feature=40 28 5 17 20 17 40 40
split_gain=8.00197 4.9764 4.97111 3.95468 5.87835 5.4161 3.20343 4.94826
threshold=0.072276324650495175 5.5000000000000009 0.049185699522346533 -4.0244120498033622 0.024881664518226192 -8.4867420223077534 -0.028839116088944902 0.026208392410732698
decision_type=2 2 2 2 2 2 2 2
left_child=1 6 -2 5 -5 -3 -1 -8
right_child=2 3 -4 4 -6 -7 7 -9
leaf_value=0.023156165639651574 -0.028526158925102178 -0.005389252424397915 0 -0.020669621468754007 9.5601604571789287e-05 0.019847953343857628 -0.0060157853015850599 0.014970613670055727
leaf_weight=12.54049515724182 10.529307767748834 12.061257377266886 11.465893268585203 14.634750038385389 41.390708059072495 13.970470070838926 16.434645086526871 19.294081091880798
leaf_count=53 47 51 50 64 174 58 69 80
internal_value=0.000392529 0.00337124 -0.0154418 -0.000993184 -0.00559557 0.00806948 0.0108334 0.00511246
internal_weight=152.322 130.326 21.9952 82.0572 56.0255 26.0317 48.2692 35.7287
internal_count=646 549 97 347 238 109 202 149
is_linear=0
shrinkage=0.03


Tree=52
num_leaves=10
num_cat=0
split_feature=40 19 4 24 28 35 28 9 21
split_gain=7.63625 6.8069 4.39471 7.39052 5.57119 4.36275 3.50582 1.84659 0.112803
threshold=0.072276324650495175 0.090362967854597367 -0.066393214248211971 -0.054804804804804798 10.500000000000002 0.016335917965371597 6.5000000000000009 -0.028496862254211486 0.021595705391018991
decision_type=2 2 2 2 2 2 2 2 2
left_child=1 6 3 -3 -4 -2 -1 -8 -7
right_child=5 2 4 -5 -6 8 7 -9 -10
leaf_value=0.003028696543766086 0.00075013648790781624 0.0086070931628561293 0.012925128527786807 -0.025196942909130597 -0.0057337345576053342 -0.010691644059347362 -0.0035935746313420767 -0.028156977999643732 -0.030842490071642574
leaf_weight=8.3113993257284182 8.184454023838045 11.609367832541468 72.502836927771568 7.8941412717103949 15.391163259744642 6.8020487874746305 7.1169753521680832 7.4218624830245954 6.9191037863492966
leaf_count=35 36 48 302 33 66 30 31 34 31
internal_value=0.000374288 0.00328364 0.00654565 -0.00544865 0.00943603 -0.0151243 -0.0107373 -0.0189284 -0.0244381
internal_weight=152.153 130.248 107.398 19.5035 87.894 21.9056 22.8502 14.5388 13.7212
internal_count=646 549 449 81 368 97 100 65 61
is_linear=0
shrinkage=0.03


Tree=53
num_leaves=8
num_cat=0
split_feature=16 2 15 33 26 13 19
split_gain=6.48332 6.60389 6.1149 5.41824 4.87007 4.06406 2.38791
threshold=26.830888680949474 0.0072489836409439521 -76.621591740385142 0.54585975355504768 0.30044247787610628 -8.8550099441653298 0.18821312798730402
decision_type=2 2 2 2 2 2 2
left_child=2 -2 6 5 -5 -4 -1
right_child=1 -3 3 4 -6 -7 -8
leaf_value=0.027733969095294669 0.0068787255024792462 -0.022828858886935768 0.011208111945830887 -0.00070681094417988314 0.018418495261114467 -0.0085443732789636708 0.0048336308476772949
leaf_weight=9.2977279275655764 8.2360169887542742 17.122427389025688 8.8631042838096601 23.064855769276619 19.865757554769516 54.474506393074989 11.110235959291456
leaf_count=39 35 75 37 98 83 232 47
internal_value=0.000323319 -0.0128345 0.00323241 8.52869e-05 0.00823533 -0.00529227 0.0174804
internal_weight=152.035 25.3584 126.676 106.268 42.9306 63.3376 20.408
internal_count=646 110 536 450 181 269 86
is_linear=0
shrinkage=0.03


Tree=54
num_leaves=9
num_cat=0
split_feature=40 35 15 34 21 40 17 21
split_gain=7.16286 4.20129 3.90824 5.94578 8.36427 6.06938 4.80835 0.0934679
threshold=0.072276324650495175 0.016335917965371597 -76.621591740385142 0.0096596483548980778 0.035535476260591996 0.025488173665297546 3.9144075437102193 0.021595705391018991
decision_type=2 2 2 2 2 2 2 2
left_child=2 -2 6 4 -4 -5 -1 -3
right_child=1 7 3 5 -6 -7 -8 -9
leaf_value=0.027008548456693954 0.00080553324057328524 -0.010428001591609818 -0.011258492486322071 -0.00026466743306707938 0.019208151689046063 0.019836054692283642 0.00017808614605444121 -0.0302064969273797
leaf_weight=10.523669719696047 8.1736945509910601 6.7732432782649976 46.872744455933571 31.367617219686508 7.5546088069677344 19.953131675720215 13.842841744422911 6.8315979242324829
leaf_count=44 36 30 201 132 31 82 59 31
internal_value=0.000330937 -0.0147218 0.00314873 0.000416946 -0.00623292 0.00771993 0.0135045 -0.0239194
internal_weight=151.893 21.7785 130.115 105.748 54.4274 51.3207 24.3665 13.6048
internal_count=646 97 549 446 232 214 103 61
is_linear=0
shrinkage=0.03


Tree=55
num_leaves=7
num_cat=0
split_feature=11 36 24 26 21 31
split_gain=6.51865 5.83563 5.72801 5.58928 8.56323 5.39347
threshold=-0.064792827641503056 0.0035169069655268991 -0.027462297523738594 0.3096087456846951 0.035535476260591996 -1.4999999999999998
decision_type=2 2 2 2 2 2
left_child=2 -2 -1 4 -3 -5
right_child=1 3 -4 5 -6 -7
leaf_value=0.03046397404510524 0.016512826926320889 -0.013676159566274609 0 -0.012463114471590155 0.014394260941663524 0.0089191599198401132
leaf_weight=9.0322065502405184 11.040142402052878 64.284510418772697 9.5292759537696821 12.254590585827826 9.2936972677707654 37.212781354784966
leaf_count=38 46 276 41 52 39 157
internal_value=0 -0.00239948 0.0157233 -0.00445329 -0.00964502 0.0030522
internal_weight=152.647 134.086 18.5615 123.046 73.5782 49.4674
internal_count=649 570 79 524 315 209
is_linear=0
shrinkage=0.03


Tree=56
num_leaves=6
num_cat=0
split_feature=7 20 3 34 24
split_gain=4.82894 7.11596 5.48366 6.0551 4.72218
threshold=-0.054194347931279689 0.038497847807663153 -0.031391267942437955 0.011543320228493028 -0.55357416194703801
decision_type=2 2 2 2 2
left_child=-1 2 4 -4 -2
right_child=1 -3 3 -5 -6
leaf_value=-0.017681017676438475 0.027954393090401937 0.020493218214669626 -0.011020420996483673 0.0033205922876022404 0.0012820357309553982
leaf_weight=10.768163397908209 7.6426240056753185 13.956986859440802 52.066225722432137 48.326108351349831 19.751778990030289
leaf_count=45 32 59 225 205 83
internal_value=0 0.00157037 -0.000664782 -0.00404054 0.0106292
internal_weight=152.512 141.744 127.787 100.392 27.3944
internal_count=649 604 545 430 115
is_linear=0
shrinkage=0.03


Tree=57
num_leaves=5
num_cat=0
split_feature=7 20 36 35
split_gain=4.60306 6.74719 6.81047 5.77579
threshold=-0.054194347931279689 0.038497847807663153 0.0035169069655268991 0.039183020365752282
decision_type=2 2 2 2
left_child=-1 2 -2 -4
right_child=1 -3 3 -5
leaf_value=-0.017262607845476095 0.023102972729863686 0.019991206965246436 0.0018971522822731892 -0.011667077566839145
leaf_weight=10.747082620859144 7.9453131258487693 13.928893670439718 79.34677030146122 40.442060127854347
leaf_count=45 33 59 338 174
internal_value=0 0.00154776 -0.00062498 -0.00267551
internal_weight=152.41 141.663 127.734 119.789
internal_count=649 604 545 512
is_linear=0
shrinkage=0.03


Tree=58
num_leaves=8
num_cat=0
split_feature=11 7 21 21 27 28 15
split_gain=6.13931 8.08367 4.56305 4.95244 9.91794 6.77968 0.998395
threshold=-0.064792827641503056 0.0065878822013290244 0.016326435554762361 0.02043435210604911 2.5000000000000004 6.5000000000000009 -5.6200234181611775
decision_type=2 2 2 2 2 2 2
left_child=1 -1 6 5 -5 -4 -2
right_child=2 -3 3 4 -6 -7 -8
leaf_value=0.029417213846854955 -0.022561747383489452 -0.0072010962715755951 -0.0023789466795502124 -0.014707341568544672 0.0074714061290217203 0.019161197456587644 -0.0034010149711636187
leaf_weight=11.424863293766977 9.0268945693969709 7.1032565832138053 27.404885172843933 40.200313150882721 29.201058626174927 21.011710315942764 6.9352690428495398
leaf_count=48 40 31 115 173 124 88 30
internal_value=0 0.015314 -0.00228851 -1.30145e-05 -0.00521753 0.00706076 -0.0163775
internal_weight=152.308 18.5281 133.78 117.818 69.4014 48.4166 15.9622
internal_count=649 79 570 500 297 203 70
is_linear=0
shrinkage=0.03


Tree=59
num_leaves=7
num_cat=0
split_feature=11 7 26 20 34 36
split_gain=5.82423 7.7164 5.1726 5.02048 4.56862 4.13475
threshold=-0.064792827641503056 0.0065878822013290244 0.55242488943114243 0.043251888845013929 0.0075855163798330691 0.0035169069655268991
decision_type=2 2 2 2 2 2
left_child=1 -1 3 5 -4 -2
right_child=2 -3 4 -5 -6 -7
leaf_value=0.028737518547329654 0.010497508758618126 -0.0070393578351857014 -0.0033270160345997184 0.015136852120721918 0.023815114649950193 -0.0085081796808382931
leaf_weight=11.392026931047441 9.1009474098682386 7.0945558398962012 8.1426497995853442 8.2342017292976362 9.8834882080554944 98.328115433454514
leaf_count=48 38 31 35 35 41 421
internal_value=0 0.0149285 -0.00223232 -0.00469275 0.0116978 -0.00659859
internal_weight=152.176 18.4866 133.689 115.663 18.0261 107.429
internal_count=649 79 570 494 76 459
is_linear=0
shrinkage=0.03


Tree=60
num_leaves=12
num_cat=0
split_feature=37 18 40 40 0 17 8 24 0 38 2
split_gain=7.01204 5.74454 5.63828 6.8903 6.79434 3.52576 3.52145 3.50524 2.13241 1.29188 1.16575
threshold=-0.003508037666279384 0.15352595275167316 0.020466765934546553 0.081743058768579693 0.0043335334666552159 -3.8417493771156948 -0.00088085416288934029 0.27326839826839833 -0.0029487971084953819 0.01102066259705105 0.012223396758280549
decision_type=2 2 2 2 2 2 2 2 2 2 2
left_child=1 -1 5 4 -4 -2 8 -8 -3 -7 -5
right_child=2 6 3 10 -6 9 7 -9 -10 -11 -12
leaf_value=-0.0082715795620705301 0 0.0069297088942901156 -0.0029114422135791116 -0.025724877798987748 0.017228757413401411 -0.023435173958321294 -0.0090480034159171815 0.016314315172600867 0.03452940754888148 -0.0040895766267574941 -0.0039046677192755407
leaf_weight=9.7431867718696576 12.096677318215368 7.0255530476570103 35.339238315820694 6.4921831190586072 22.5937629789114 19.213798791170124 7.304098829627037 7.8004838079214096 8.7137225121259707 7.1807245612144461 6.7229901552200317
leaf_count=41 52 30 149 30 95 85 30 32 38 31 30
internal_value=-0.000600248 0.00965206 -0.0046348 0.000239079 0.00500574 -0.0135811 0.0159295 0.00354903 0.0252255 -0.0193592 -0.0175825
internal_weight=150.226 40.587 109.639 71.1482 57.933 38.4912 30.8439 15.1046 15.7393 26.3945 13.2152
internal_count=643 171 472 304 244 168 130 62 68 116 60
is_linear=0
shrinkage=0.03


Tree=61
num_leaves=11
num_cat=0
split_feature=37 1 40 40 0 17 9 28 10 7
split_gain=6.6987 8.08157 5.34732 6.59453 6.41193 3.36872 2.69647 2.65636 0.759849 0.689279
threshold=-0.003508037666279384 -0.020851352612279824 0.020466765934546553 0.081743058768579693 0.0043335334666552159 -3.8417493771156948 -0.067816475610163893 8.5000000000000018 0.01740277198836471 0.016358154780757143
decision_type=2 2 2 2 2 2 2 2 2 2
left_child=1 -1 5 4 -4 -2 -7 9 -5 -3
right_child=2 7 3 8 -6 6 -8 -9 -10 -11
leaf_value=-0.010144067277727988 0 0.028769103731443563 -0.0028301607998377125 -0.0048193106526627991 0.016716820564893445 -0.00062737090365097266 -0.024409037402603435 0.0015689513154452561 -0.024478569187133939 0.0092261879838737657
leaf_weight=11.247916325926779 12.096677318215368 12.293767750263219 35.32126173377037 6.8036690056323987 22.647514641284943 7.1900801360607174 19.081573888659477 8.9842004328966123 6.3468014299869537 7.9843058139085761
leaf_count=47 52 53 149 30 95 30 86 38 30 33
internal_value=-0.000590321 0.00943731 -0.00453781 0.000200461 0.00485924 -0.013267 -0.0189358 0.0176113 -0.0172764 0.0232666
internal_weight=149.998 40.5102 109.488 71.1192 57.9688 38.3683 26.2717 29.2623 13.1505 20.2781
internal_count=643 171 472 304 244 168 116 124 60 86
is_linear=0
shrinkage=0.03


Tree=62
num_leaves=12
num_cat=0
split_feature=37 1 40 37 0 6 11 4 15 25 7
split_gain=6.39595 7.71427 5.07256 6.32658 7.42475 3.4679 4.84165 2.89585 2.50868 2.02891 2.28675
threshold=-0.003508037666279384 -0.020851352612279824 0.020466765934546553 0.056923399392899483 -0.00049248956446024106 -0.0043029489766856195 -0.044887126789939162 -0.0039697019706904637 -4.1853299159137167 0.28960573476702517 0.0076872963280864908
decision_type=2 2 2 2 2 2 2 2 2 2 2
left_child=1 -1 5 4 -4 8 -7 -5 -2 10 -3
right_child=2 9 3 7 -6 6 -8 -9 -10 -11 -12
leaf_value=-0.0098876749429223625 -0.012172227409519148 0.031889046254025867 -0.0045438506759669962 0 0.016998044434043746 -0.00017508944703312999 -0.029379645653022281 -0.022120139763582857 0.0096706864066099033 0.0042871424908734893 0.0058842596913236461
leaf_weight=11.245292857289312 7.2239684164524078 10.356237038969999 27.756967678666115 6.8785026222467449 25.057675838470459 8.9625165313482267 14.4950108230114 11.390857741236685 7.5446011424064618 11.169401764869688 7.6645444780588141
leaf_count=47 31 44 117 30 105 39 65 52 33 48 32
internal_value=-0.00058131 0.00922321 -0.00444346 0.000162935 0.00565025 -0.0129645 -0.0197009 -0.0139525 -0.00029659 0.0172284 0.0232707
internal_weight=149.746 40.4355 109.31 71.084 52.8146 38.2261 23.4575 18.2694 14.7686 29.1902 18.0208
internal_count=643 171 472 304 222 168 104 82 64 124 76
is_linear=0
shrinkage=0.03


Tree=63
num_leaves=11
num_cat=0
split_feature=38 25 36 4 9 35 38 38 2 38
split_gain=4.96788 5.90566 5.0678 4.50759 5.14326 3.74702 5.78152 3.32211 2.93574 2.18953
threshold=0.0073083522851218547 0.27650925445424673 0.0071009236268347563 -0.0099945502432413052 0.071389671553720849 0.029894226502083402 0.015995812901397472 0.0092927116477074714 -0.043119639608420683 0.0065472965520916261
decision_type=2 2 2 2 2 2 2 2 2 2
left_child=2 3 9 8 -5 6 -3 -7 -2 -1
right_child=1 5 -4 4 -6 7 -8 -9 -10 -11
leaf_value=-0.0041235260498769313 0 -0.020841695754825945 0.003851378863758575 -0.0070398418792935917 0.01421292302396222 0.017247374659269336 0.0064129095955727019 -0.0051573735592226628 0.020150031499996123 -0.028341999710720201
leaf_weight=7.8750538975000444 7.1506549715995815 20.037389397621158 10.423501014709471 26.297333240509033 13.992431104183195 7.5958047360181835 8.0859818905591947 12.625867664813994 24.748297214508057 10.677534461021422
leaf_count=34 30 88 44 115 59 32 35 54 106 46
internal_value=-0.000566407 0.00205138 -0.0113694 0.00749316 0.000309542 -0.00575121 -0.012602 0.0033783 0.0155703 -0.0201934
internal_weight=149.51 120.534 28.9761 72.1887 40.2898 48.345 28.1234 20.2217 31.899 18.5526
internal_count=643 519 124 310 174 209 123 86 136 80
is_linear=0
shrinkage=0.03


Tree=64
num_leaves=10
num_cat=0
split_feature=16 25 22 17 17 38 20 25 21
split_gain=5.21352 5.73488 5.9598 7.79369 5.85682 6.56696 3.73157 2.62123 0.197266
threshold=27.642452082234879 0.27650925445424673 -0.13639428555805136 -0.52911565035753927 -11.753946758753839 0.0072388672963039514 0.029183310679751467 0.50187969924812037 0.020836717169409765
decision_type=2 2 2 2 2 2 2 2 2
left_child=1 4 7 -4 -1 -6 8 -3 -2
right_child=6 2 3 -5 5 -7 -8 -9 -10
leaf_value=-0.015727985848138375 -0.0089172096626291969 -0.027451941797625449 -0.012426253743190511 0.015906042655622014 -0.0080723677060507548 0.014218122522469628 0.0027362808618114909 -0.0030724801854827015 -0.026140029134192756
leaf_weight=6.8700260967016211 7.7393785268068376 10.233559042215349 14.555898040533068 16.187419652938843 12.595640838146208 56.72612464427948 7.1985761374235144 9.0146159678697568 8.2627782523632032
leaf_count=30 34 44 63 69 54 242 30 39 38
internal_value=-0.000551025 0.00180625 -0.00579162 0.00209393 0.00700388 0.00984487 -0.0130928 -0.018104 -0.0205596
internal_weight=149.384 126.183 49.9915 30.7433 76.1918 69.3218 23.2007 19.2482 16.0022
internal_count=643 541 215 132 326 296 102 83 72
is_linear=0
shrinkage=0.03


Tree=65
num_leaves=9
num_cat=0
split_feature=23 19 23 9 15 26 37 37
split_gain=6.62036 6.2937 4.12198 5.19672 4.00882 5.09537 3.79016 3.00247
threshold=1.3226205294216828 0.10055935913097001 0.88796863207190779 -0.034676065272013314 -60.641372764203346 0.32672684458398749 0.062531052885993268 0.030060923876095828
decision_type=2 2 2 2 2 2 2 2
left_child=1 4 3 -3 -1 -6 -4 -2
right_child=7 2 6 -5 5 -7 -8 -9
leaf_value=0.0096545747781943275 -0.0034581371751800493 0.01255579984527332 0.013780085578168585 -0.011222989666045343 -0.021567948279287808 0.0010016942368992548 -0.0060673644541468811 -0.029488395906214965
leaf_weight=7.3424364626407614 10.977401480078699 11.058485895395281 53.591568171977997 19.84640796482563 18.716657385230064 13.488919258117674 7.9366632103919974 7.0982648581266394
leaf_count=31 47 47 224 86 84 59 36 31
internal_value=-0.000195515 0.00211553 0.00645478 -0.00201254 -0.0074878 -0.0121705 0.0108734 -0.0163467
internal_weight=150.057 131.981 92.4331 30.9049 39.548 32.2056 61.5282 18.0757
internal_count=645 567 393 133 174 143 260 78
is_linear=0
shrinkage=0.03


Tree=66
num_leaves=9
num_cat=0
split_feature=23 15 38 4 28 8 32 37
split_gain=6.33087 4.61073 6.61131 6.37533 5.29135 5.12982 3.99931 2.88844
threshold=1.3226205294216828 -61.752780058010764 0.0078524812499036964 0.020008905445297213 10.500000000000002 -0.013005430940768083 -0.00082276810191356231 0.030060923876095828
decision_type=2 2 2 2 2 2 2 2
left_child=1 2 -1 -4 6 -6 -3 -2
right_child=7 4 3 -5 5 -7 -8 -9
leaf_value=-0.0093653785483188163 -0.0033710302067418737 -0.0052250491903249588 0.028695417173658398 -0.0024014219699141142 0 -0.029406814247443486 0.0077230252518165543 -0.028973502205882382
leaf_weight=7.77885773777962 10.974942669272425 34.633902296423912 16.687607333064083 7.0338912159204474 9.2191355526447314 8.5261492282152158 47.95792855322361 7.0440415143966666
leaf_count=32 47 149 71 31 40 40 204 31
internal_value=-0.000204166 0.00205303 0.0117304 0.0194217 -0.00100842 -0.0150725 0.00212092 -0.0160236
internal_weight=149.856 131.837 31.5004 23.7215 100.337 17.7453 82.5918 18.019
internal_count=645 567 134 102 433 80 353 78
is_linear=0
shrinkage=0.03


Tree=67
num_leaves=9
num_cat=0
split_feature=40 19 18 20 11 28 36 5
split_gain=6.0549 7.2389 7.00979 5.92388 5.17395 4.79783 2.20642 1.82378
threshold=0.075776519017465752 0.10116187157751509 0.18603798615944414 0.024563995697637644 -0.064792827641503056 8.5000000000000018 0.0060862271753773399 0.053276806284700003
decision_type=2 2 2 2 2 2 2 2
left_child=1 4 6 -4 -1 -6 -3 -2
right_child=7 2 3 -5 5 -7 -8 -9
leaf_value=0.011888870263693911 -0.024753486735277982 0.0002322029234218035 -0.0070479545414123181 0.014564135760003323 -0.0020305992627596466 -0.025455826227788508 -0.01759468306449663 -0.0023891673959266476
leaf_weight=6.9050451666116706 8.7090632766485232 10.350400507450106 11.617800384759901 61.730887144804001 18.969645202159882 14.296375468373297 9.2919852584600431 7.8013425916433325
leaf_count=29 40 43 50 261 81 67 39 35
internal_value=-0.000221892 0.0018855 0.00654163 0.0108457 -0.00833623 -0.0133959 -0.00835449 -0.0163964
internal_weight=149.673 133.162 92.9911 73.3487 40.1711 33.266 19.6424 16.5104
internal_count=645 570 393 311 177 148 82 75
is_linear=0
shrinkage=0.03


Tree=68
num_leaves=7
num_cat=0
split_feature=23 20 4 23 20 37
split_gain=6.03808 4.61029 4.94214 6.00744 5.44476 2.71959
threshold=1.3226205294216828 0.038497847807663153 0.0053812436459288468 0.91116239811413491 0.029922289124623757 0.030060923876095828
decision_type=2 2 2 2 2 2
left_child=1 2 4 -4 -1 -2
right_child=5 -3 3 -5 -6 -7
leaf_value=0.0099970988964049531 -0.003382188521891428 0.017984018361039869 -0.017481731871041496 0.0017127746300192885 -0.010415242828361411 -0.028382384396695246
leaf_weight=51.784234181046486 10.971853777766229 12.416144609451292 23.172890305519104 31.512311995029449 12.640701681375502 6.9740999042987815
leaf_count=220 47 53 103 137 54 31
internal_value=-0.000242858 0.00196061 0 -0.00648611 0.00557321 -0.0157215
internal_weight=149.472 131.526 119.11 54.6852 64.4249 17.946
internal_count=645 567 514 240 274 78
is_linear=0
shrinkage=0.03


Tree=69
num_leaves=9
num_cat=0
split_feature=40 40 15 38 20 21 21 5
split_gain=5.72151 4.84656 7.89237 5.9611 5.79896 5.76693 4.20277 1.73685
threshold=0.075776519017465752 0.03599414539817581 -50.83316179021287 0.0077937169665282316 0.027420545641749242 0.024689727612733591 0.020511807275545978 0.053276806284700003
decision_type=2 2 2 2 2 2 2 2
left_child=1 2 3 -1 -4 6 -3 -2
right_child=7 5 4 -5 -6 -7 -8 -9
leaf_value=-0.0099164934420485854 -0.024227493509654439 0.011444954609519668 0.0021151690894009763 0.016760862529611807 -0.015396701404070836 0.030742633846330587 -0.011145441350902025 -0.0022996345171513075
leaf_weight=8.1276362836360914 8.6222747862339038 18.275469481945041 27.375627905130386 25.379200279712677 36.448253408074379 8.011356592178343 9.3179771900176984 7.7822661697864524
leaf_count=34 40 77 119 110 157 33 40 35
internal_value=-0.000248029 0.00179575 -0.00157427 0.0096733 -0.00782151 0.0110008 0.0030719 -0.0160203
internal_weight=149.34 132.936 97.3307 33.5068 63.8239 35.6048 27.5934 16.4045
internal_count=645 570 420 144 276 150 117 75
is_linear=0
shrinkage=0.03


Tree=70
num_leaves=8
num_cat=0
split_feature=13 15 23 23 3 4 15
split_gain=5.05685 4.20714 4.5616 5.57541 3.01767 1.53542 0.888683
threshold=7.3668476123903988 -99.672492894646965 0.81664929843367617 1.4043842743988497 -0.0028018683046674426 0.048775054656353907 -146.19257209229883
decision_type=2 2 2 2 2 2 2
left_child=1 6 4 -4 -3 -2 -1
right_child=5 2 3 -5 -6 -7 -8
leaf_value=0.0029241718809996714 -0.023086287525345847 0 0.0043271102086020119 -0.016997557137329169 -0.021916870623057652 -0.0016789482062214952 0.021700388310550538
leaf_weight=6.7558044642210007 9.3426077365875262 8.7522858977317828 86.449832648038864 10.48233027756214 11.991151601076124 6.7980104237794867 7.4300758391618711
leaf_count=30 41 38 372 45 52 30 32
internal_value=-0.00118415 0.000739614 -0.00109658 0.00157242 -0.0132696 -0.0160761 0.0151515
internal_weight=148.002 131.861 117.676 96.9322 20.7434 16.1406 14.1859
internal_count=640 569 507 417 90 71 62
is_linear=0
shrinkage=0.03


Tree=71
num_leaves=7
num_cat=0
split_feature=13 11 22 38 7 4
split_gain=4.82978 4.05656 4.45469 5.66517 3.34405 1.4564
threshold=7.3668476123903988 -0.065558265069599872 -0.073524199665784315 0.0078524812499036964 0.0091989675089558451 0.048775054656353907
decision_type=2 2 2 2 2 2
left_child=1 -1 3 -3 -4 -2
right_child=5 2 4 -5 -6 -7
leaf_value=0.015330454774917164 -0.022585047293989559 0.0062047189902560114 -0.00081822322341640926 -0.014332043266730869 0.012486455984260953 -0.0016404277434205934
leaf_weight=13.284044936299322 9.3083608895540255 15.417170599102972 44.755070835351944 34.806050941348076 23.543334767222404 6.7959066778421393
leaf_count=58 41 66 193 151 101 30
internal_value=-0.00116247 0.000714198 -0.00102677 -0.0077444 0.00377945 -0.0157327
internal_weight=147.91 131.806 118.522 50.2232 68.2984 16.1043
internal_count=640 569 511 217 294 71
is_linear=0
shrinkage=0.03


Tree=72
num_leaves=6
num_cat=0
split_feature=19 23 3 3 34
split_gain=4.11845 4.06411 6.83791 3.83784 3.809
threshold=0.28617320322655071 1.4043842743988497 -0.035404423182484483 -0.048958972489610668 0.01132120789607838
decision_type=2 2 2 2 2
left_child=1 2 3 -1 -4
right_child=-2 -3 4 -5 -6
leaf_value=0.0016340268471753303 0.01353112496585279 -0.019065762865805611 -0.010033449807543074 0.025347575468978388 0.0015132994722016273
leaf_weight=17.250440597534183 13.205990284681318 10.74540816247463 54.414637431502342 9.4268155544996244 42.797777384519577
leaf_count=73 57 47 239 40 184
internal_value=-0.00113046 -0.00285537 -0.00104967 0.01172 -0.00487077
internal_weight=147.841 134.635 123.89 26.6773 97.2124
internal_count=640 583 536 113 423
is_linear=0
shrinkage=0.03


Tree=73
num_leaves=8
num_cat=0
split_feature=13 15 23 34 3 37 19
split_gain=4.5868 3.88603 4.3396 5.54747 2.91754 1.35386 1.2231
threshold=7.3668476123903988 -99.672492894646965 0.81664929843367617 0.0096596483548980778 -0.00053703051886205822 0.01105147288660502 0.22067990429784298
decision_type=2 2 2 2 2 2 2
left_child=1 6 4 -4 -3 -2 -1
right_child=5 2 3 -5 -6 -7 -8
leaf_value=0.022429307624515164 -0.0017230913440067282 0 -0.0051961210012087004 0.0088145389130193444 -0.022023476810001958 -0.022041727264897611 0.0021794071727116171
leaf_weight=6.9532981365919095 6.888137266039851 9.4628820121288317 49.243988364934921 47.626958921551704 11.212851107120512 9.1610435098409635 7.1805347204208374
leaf_count=30 30 41 214 203 49 41 32
internal_value=-0.00108337 0.000741405 -0.00101812 0.00157952 -0.0129161 -0.0153095 0.0146168
internal_weight=147.73 131.681 117.547 96.8709 20.6757 16.0492 14.1338
internal_count=640 569 507 417 90 71 62
is_linear=0
shrinkage=0.03


Tree=74
num_leaves=8
num_cat=0
split_feature=20 37 34 8 4 18 20
split_gain=5.11759 4.92298 3.71974 9.34991 6.90471 2.05959 0.309392
threshold=0.039019198165735923 0.061066578589117244 0.010103050245114488 -0.0017365923499360891 0.048775054656353907 0.19128379820309657 0.02715024893510393
decision_type=2 2 2 2 2 2 2
left_child=1 2 3 -1 -4 -2 -3
right_child=5 6 4 -5 -6 -7 -8
leaf_value=0.0039196448535518012 0 -0.025490419993312353 -0.0022582626609052039 -0.018889778387544538 0.020061979039474324 0.019469531238795593 -0.0072481398924641388
leaf_weight=33.873298838734627 7.8016273677349117 6.6066301614046079 38.593753084540367 26.765473619103432 15.616748899221419 11.58095036447048 6.7624416947364807
leaf_count=146 33 31 164 119 66 50 31
internal_value=-0.00105945 -0.00337053 -0.00107838 -0.00619046 0.00438985 0.0124125 -0.019383
internal_weight=147.601 128.218 114.849 60.6388 54.2105 19.3826 13.3691
internal_count=640 557 495 265 230 83 62
is_linear=0
shrinkage=0.03


Tree=75
num_leaves=10
num_cat=0
split_feature=19 12 36 9 0 9 38 6 23
split_gain=3.56458 4.85324 6.32241 7.16879 3.82615 3.25379 3.19981 3.14113 1.77692
threshold=0.10116187157751509 67.416084362336889 0.0071587036802125692 0.0033007047001128637 0.0065766005683589599 -0.075991908776719394 0.0082274692347686796 0.013160510448634722 0.93252960068932989
decision_type=2 2 2 2 2 2 2 2 2
left_child=5 2 3 -2 -4 -1 -7 -3 -8
right_child=1 7 4 -5 -6 6 8 -9 -10
leaf_value=0.0080884306363633463 -0.0068255423412520427 0.00037215352890437533 0.023730857888951868 0.014781334380280602 0.0008941804678715687 0 -0.026850745674234039 -0.022258885268246334 -0.0053694740304468577
leaf_weight=7.3661348968744269 41.74674254655838 9.3841918110847491 19.86005258560181 18.20173554122448 11.722603946924208 13.158176600933073 10.074311360716822 8.0300033688545209 9.5813576579093915
leaf_count=31 179 40 85 77 50 59 46 36 43
internal_value=2.87442e-05 0.00294759 0.00583807 0 0.0162592 -0.0072944 -0.0114447 -0.0105088 -0.0185351
internal_weight=149.125 108.945 91.5311 59.9485 31.5827 40.18 32.8138 17.4142 19.6557
internal_count=646 467 391 256 135 179 148 76 89
is_linear=0
shrinkage=0.03


Tree=76
num_leaves=10
num_cat=0
split_feature=37 19 28 9 15 40 15 37 16
split_gain=3.58157 3.65747 5.01481 4.90285 4.25294 5.06927 4.37268 3.33321 2.07409
threshold=0.056587347134767547 0.10116187157751509 7.5000000000000009 -0.035665231712830155 -35.250626630144019 0.046449879312089555 -61.752780058010764 0.016162291673743393 18.710240681124723
decision_type=2 2 2 2 2 2 2 2 2
left_child=1 2 7 -4 6 -6 -3 -1 -2
right_child=8 4 3 -5 5 -7 -8 -9 -10
leaf_value=0.016077661634948434 -0.0019260322485854227 0.0044089152728525316 0.00090997477375848266 -0.028481407644828108 0.0041812987052283531 0.025205406002212622 -0.015316599542981183 -0.0067073746721383436 -0.023598475693964609
leaf_weight=9.0465228259563464 11.958168148994448 27.7121691852808 6.9735308736562756 10.155691385269163 40.950823962688446 13.646245926618574 13.017345800995825 9.3537891656160337 6.1798771023750296
leaf_count=38 53 120 30 48 173 57 56 41 30
internal_value=2.27166e-05 0.00190692 -0.00590461 -0.0168875 0.00503402 0.0104062 -0.00196623 0.00423759 -0.0116653
internal_weight=148.994 130.856 35.5295 17.1292 95.3266 54.5971 40.7295 18.4003 18.138
internal_count=646 563 157 78 406 230 176 79 83
is_linear=0
shrinkage=0.03


Tree=77
num_leaves=7
num_cat=0
split_feature=18 11 6 23 5 3
split_gain=3.73104 3.6707 6.46911 5.35195 7.30276 4.25474
threshold=0.93557256739193573 -0.064055174897079112 0.0020939219649373196 0.88796863207190779 0.089244718297624939 0.014485848504605771
decision_type=2 2 2 2 2 2
left_child=1 2 -1 5 -5 -3
right_child=-2 3 -4 4 -6 -7
leaf_value=0.027231123684815825 -0.015633637177739749 -0.0018556709498671953 -0.0042390153048874864 0.00010722794523215712 0.027014303170331756 -0.024137777024221145
leaf_weight=10.438910201191904 10.443701565265654 24.624922707676888 8.9394478350877744 75.038535490632057 8.5185516029596311 10.824120476841925
leaf_count=45 47 107 39 324 36 48
internal_value=8.43257e-06 0.00150168 0.0129735 -0.000425936 0.00359306 -0.00998565
internal_weight=148.828 138.384 19.3784 119.006 83.5571 35.449
internal_count=646 599 84 515 360 155
is_linear=0
shrinkage=0.03


Tree=78
num_leaves=9
num_cat=0
split_feature=37 23 8 20 20 9 24 33
split_gain=3.46155 4.01094 4.62088 3.92838 3.21185 8.04009 4.91294 2.39083
threshold=0.056587347134767547 0.78777022183784429 -0.0075040694054038688 0.027758155305312355 0.027298800970997097 -0.017703615192569282 -0.40103092783505151 0.69752738023248007
decision_type=2 2 2 2 2 2 2 2
left_child=1 2 -1 -2 5 -3 -6 -4
right_child=3 4 7 -5 6 -7 -8 -9
leaf_value=0.0073284049944686517 -0.022892318700227409 -0.0033817901300080807 -0.029199772022730275 0.0021704474018835159 0.010789596828751861 0.021525481019361831 -0.005811751740884088 -0.002764746488651184
leaf_weight=7.6846513897180584 9.7225044518709201 18.748843133449554 7.024258613586424 8.3468774706125242 22.981225803494453 23.858641803264618 42.807646602392197 7.5243197232484818
leaf_count=33 46 81 31 37 97 102 186 33
internal_value=5.40399e-06 0.00186016 -0.00903163 -0.011505 0.0043532 0.0105689 0 -0.0184208
internal_weight=148.699 130.63 22.2332 18.0694 108.396 42.6075 65.7889 14.5486
internal_count=646 563 97 83 466 183 283 64
is_linear=0
shrinkage=0.03


Tree=79
num_leaves=8
num_cat=0
split_feature=18 28 18 8 33 24 25
split_gain=3.57159 4.75077 7.16051 6.16951 6.11061 5.55531 1.90907
threshold=0.93557256739193573 8.5000000000000018 0.20065473246393403 -0.046855947016554544 0.73778569362071467 -0.50147928994082835 0.22763636363636366
decision_type=2 2 2 2 2 2 2
left_child=1 2 5 -3 -4 -1 -5
right_child=-2 3 4 6 -6 -7 -8
leaf_value=0.0063716930919039752 -0.015350685221563307 0.012643529652713766 0.015739974951197423 -0.0031723979968455783 -0.0031628643283418234 -0.02297606846829766 -0.017533511481370015
leaf_weight=8.5827218592166918 10.386316791176794 10.516929641366003 49.448596388101578 20.226141065359116 19.408711329102516 10.276567354798315 19.7628553211689
leaf_count=36 47 44 212 90 84 44 89
internal_value=0 0.00145211 0.00571187 -0.00559615 0.0102613 -0.00957067 -0.0111241
internal_weight=148.609 138.223 87.7166 50.5059 68.8573 18.8593 39.989
internal_count=646 599 376 223 296 80 179
is_linear=0
shrinkage=0.03


Tree=80
num_leaves=11
num_cat=0
split_feature=38 23 22 25 23 25 11 38 35 0
split_gain=5.92518 9.12127 7.0586 4.32445 4.30449 3.21522 3.08921 2.52472 1.50271 1.43547
threshold=0.0075659662387759482 1.0511431716664821 -0.084315036816312569 0.15068407701584399 0.86089024920023849 0.39036004645760752 -0.024222322162621653 0.011792367180513883 -0.015157193110803433 0.0027495497813223584
decision_type=2 2 2 2 2 2 2 2 2 2
left_child=1 8 3 9 6 -5 -4 -6 -1 -2
right_child=2 -3 4 5 7 -7 -8 -9 -10 -11
leaf_value=-0.0068221484942319836 -0.00077301107913263804 0.0077143695170953435 0.0099681921833345167 -0.018652035290244107 0.018681764814229871 0 -0.010735648378665474 0.0012414040458288546 -0.029533169524815328 0.015541975664328446
leaf_weight=7.5451683700084695 6.8611675351858121 12.368495121598242 9.7371821999549883 19.057180523872375 33.393970295786858 13.166095182299612 12.147677123546599 12.272503539919851 12.111617982387543 6.8630309998989105
leaf_count=32 30 54 43 83 144 58 53 53 53 30
internal_value=0 -0.0109047 0.00333763 -0.0053926 0.00947579 -0.01138 -0.000832578 0.0145582 -0.0229434 0.00737076
internal_weight=145.524 32.0253 113.499 45.9475 67.5513 32.2233 21.8849 45.6665 19.6568 13.7242
internal_count=633 139 494 201 293 141 96 197 85 60
is_linear=0
shrinkage=0.03


Tree=81
num_leaves=10
num_cat=0
split_feature=38 23 37 10 4 38 34 21 4
split_gain=5.63198 8.72017 7.33434 4.67313 6.71959 3.65519 3.87454 1.49219 0.998913
threshold=0.0075659662387759482 1.0511431716664821 0.025401341023259753 -0.030378682664779551 0.039931881264923759 0.0086344618929575928 0.024988987323897652 0.019345555469523226 -0.080543040254162299
decision_type=2 2 2 2 2 2 2 2 2
left_child=1 7 3 8 -5 -4 -7 -1 -2
right_child=2 -3 5 4 -6 6 -8 -9 -10
leaf_value=-0.030787750106791554 0.00801166932535783 0.0075043345209654206 0.0073253485444109692 -0.0026704011930474875 0.019026473270309176 -0.0037939513552773352 -0.027406534631696223 -0.0086978145654670446 0.031077936834615044
leaf_weight=9.9802998751401955 6.887724667787551 12.388893187046049 11.610050916671751 35.497273311018944 17.075650587677956 26.84925365447998 7.5356844365596762 9.5884371250867826 8.0386372655630094
leaf_count=43 30 54 50 154 72 119 33 42 36
internal_value=0 -0.0106504 0.00324606 0.00951082 0.00454089 -0.00564839 -0.0106031 -0.0224696 0.0235246
internal_weight=145.452 31.9576 113.494 67.4993 52.5729 45.995 34.3849 19.5687 14.9264
internal_count=633 139 494 292 226 202 152 85 66
is_linear=0
shrinkage=0.03


Tree=82
num_leaves=8
num_cat=0
split_feature=20 25 23 20 37 19 23
split_gain=5.81409 5.97585 6.48624 4.51055 5.06561 4.11611 2.55169
threshold=0.039019198165735923 0.083566108007448806 1.0348199255579604 0.022519446693236349 0.036934969080543618 0.13510178969922212 1.0734898944783953
decision_type=2 2 2 2 2 2 2
left_child=1 2 5 -3 -5 -1 -2
right_child=6 3 -4 4 -6 -7 -8
leaf_value=0.0087167309669422873 0.02647375308275228 -0.023576942739925291 0.023885982327411626 0.0014526395025274289 -0.013519085021274573 -0.016984097657060358 0.001927510899363592
leaf_weight=10.542934939265256 7.8042401820421246 9.8069795221090299 12.506161719560621 60.088862374424934 27.488163903355598 7.8529175072908393 9.1909606456756574
leaf_count=45 35 44 54 259 122 35 39
internal_value=0 -0.00217482 0.00876799 -0.0059047 -0.00327607 -0.00210874 0.0155895
internal_weight=145.281 128.286 30.902 97.384 87.577 18.3959 16.9952
internal_count=633 559 134 425 381 80 74
is_linear=0
shrinkage=0.03


Tree=83
num_leaves=7
num_cat=0
split_feature=20 40 1 34 0 37
split_gain=5.5605 4.73999 3.7034 3.13673 3.47016 0.986898
threshold=0.039019198165735923 0.089284193987570384 0.0097128716409377053 0.036526421026013674 -0.014084136961432679 0.012304803390190357
decision_type=2 2 2 2 2 2
left_child=1 3 -2 4 -1 -5
right_child=2 -3 -4 5 -6 -7
leaf_value=0.01067253033116425 0.0013554699609788542 -0.023844475661187695 0.030004457693840438 -0.0019882103969378656 -0.0016133680687074505 -0.019890674151765344
leaf_weight=25.046069070696831 10.36037950217724 6.4814899563789359 6.5874089598655692 7.8595038801431638 81.859277039766312 6.9074204713106155
leaf_count=107 44 32 30 33 357 30
internal_value=0 -0.00211796 0.0152743 -0.000472404 0.00127041 -0.0126307
internal_weight=145.102 128.154 16.9478 121.672 106.905 14.7669
internal_count=633 559 74 527 464 63
is_linear=0
shrinkage=0.03


Tree=84
num_leaves=7
num_cat=0
split_feature=34 40 21 21 34 37
split_gain=4.40386 4.07757 4.75312 7.70033 7.21112 1.94631
threshold=0.036526421026013674 0.084293425066420472 0.018236424331193924 0.021949294289347922 0.0096596483548980778 0.012782833621167613
decision_type=2 2 2 2 2 2
left_child=1 2 4 -4 -1 -2
right_child=5 -3 3 -5 -6 -7
leaf_value=-0.020699126763594054 -0.0011718858604342988 -0.014594702005461003 0.016742051740803912 -0.00044945892846928005 0.0067171109931405456 -0.023646789830153024
leaf_weight=14.023411333560945 8.3303211331367475 9.8856402486562711 39.587953850626945 49.805508270859718 16.056489184498787 7.2811917811632147
leaf_count=62 35 47 169 218 70 32
internal_value=0 0.00197271 0.00368476 0.00719946 -0.00609052 -0.0140009
internal_weight=144.971 129.359 119.473 89.3935 30.0799 15.6115
internal_count=633 566 519 387 132 67
is_linear=0
shrinkage=0.03


Tree=85
num_leaves=8
num_cat=0
split_feature=31 10 19 37 36 15 28
split_gain=4.49419 4.4714 4.5229 6.83881 4.42207 5.97001 4.03952
threshold=-3.4999999999999996 0.02652982637602375 0.1367076181763526 0.037402938558265826 0.0073260341263027265 18.154106578680885 8.5000000000000018
decision_type=2 2 2 2 2 2 2
left_child=-1 4 -3 -4 5 -2 -6
right_child=1 2 3 -5 6 -7 -8
leaf_value=-0.014481961758497633 -0.0027609408938449741 -0.024245168030462467 0.013871609463154824 -0.016101564700320235 0.025664199424392412 0.015335739065934438 0.00073617800578686761
leaf_weight=11.91984513401985 54.427265971899033 7.0483130365610149 13.46589568257332 10.262304648756979 15.400930643081667 20.769997879862785 10.934261575341223
leaf_count=52 239 31 58 47 66 88 49
internal_value=0.00157722 0.0033298 -0.00617159 8.14116e-05 0.00641833 0.00231099 0.0166261
internal_weight=144.229 132.309 30.7765 23.7282 101.532 75.1973 26.3352
internal_count=630 578 136 105 442 327 115
is_linear=0
shrinkage=0.03


Tree=86
num_leaves=8
num_cat=0
split_feature=11 6 17 15 22 33 40
split_gain=3.89535 4.47669 3.88572 6.06844 5.61685 3.33249 3.17265
threshold=-0.065558265069599872 0.0045652256805806604 10.190685056917117 -30.782735295857623 0.22811231706956184 0.80154275021957477 -0.04370306475304097
decision_type=2 2 2 2 2 2 2
left_child=1 -1 3 6 -5 -4 -2
right_child=2 -3 5 4 -6 -7 -8
leaf_value=0.028795156665770035 0.0033503492609713772 -0.00035751511954021522 0.022975224972474062 0.0071146130431109372 -0.010372044606108414 -0.0012894971736866659 -0.016830332814073146
leaf_weight=7.4940988570451719 6.8998970687389365 7.4224868714809418 9.1558028310537356 57.96101912856102 20.464255332946777 7.0086407959461203 27.708903208374977
leaf_count=33 30 34 40 253 89 31 120
internal_value=0.00152696 0.0150749 -0.000128838 -0.00227405 0.00222068 0.0126451 -0.012434
internal_weight=144.115 14.9166 129.199 113.034 78.4253 16.1644 34.6088
internal_count=630 67 563 492 342 71 150
is_linear=0
shrinkage=0.03


Tree=87
num_leaves=11
num_cat=0
split_feature=1 4 4 11 15 26 15 16 34 14
split_gain=4.50802 4.26225 8.53454 3.38628 5.30212 5.72886 5.00459 3.20103 1.64537 1.96916
threshold=0.0091295985855481838 0.002751870204213414 0.025908541061450688 -0.065558265069599872 10.930196886062896 0.33489096573208726 113.71587082822499 28.84398471804538 0.012246944354352808 -63.438138077310207
decision_type=2 2 2 2 2 2 2 2 2 2
left_child=3 8 -3 -1 5 -5 -6 -4 9 -2
right_child=1 2 7 4 6 -7 -8 -9 -10 -11
leaf_value=0.013608521399827574 0.017539795069912344 -0.023173571799856636 0.01729637980318571 -0.018974043068710214 0.0098868474244158799 0.002336722908430202 -0.01340993295688365 -0.0027692922673190168 0.029173814709094033 -0.0016276572830061793
leaf_weight=8.1252803057432157 7.3402922302484521 7.6121220737695685 15.819168508052828 28.908111467957497 28.143696576356888 15.492901578545569 9.1717174202203733 9.25433301925659 7.3808121234178534 6.7629424482584009
leaf_count=36 33 34 68 127 121 68 40 42 31 30
internal_value=0.00149276 0.00823454 0.000700387 -0.00249964 -0.00456734 -0.0114346 0.00338834 0.00967886 0.0180224 0.00835632
internal_weight=144.011 54.1697 32.6856 89.8417 81.7164 44.401 37.3154 25.0735 21.484 14.1032
internal_count=630 238 144 392 356 195 161 110 94 63
is_linear=0
shrinkage=0.03


Tree=88
num_leaves=7
num_cat=0
split_feature=21 21 9 12 36 11
split_gain=4.42369 4.6096 8.03465 6.3019 4.37911 4.31415
threshold=0.015225627284733896 0.021057761685352814 0.090892019307699676 31.414140649828237 0.0085990054719249139 -0.057906592418886176
decision_type=2 2 2 2 2 2
left_child=-1 2 3 -2 5 -3
right_child=1 4 -4 -5 -6 -7
leaf_value=-0.016356398246056236 -0.0098993175199932251 0.010659215333882465 -0.017213473910878584 0.017017961909683695 0.014912076031804866 -0.0087236050809908136
leaf_weight=9.3553751409053785 7.1804387718439093 10.339843541383742 7.0221870243549338 47.907687574625015 9.4454946368932706 52.616913989186287
leaf_count=43 30 47 31 206 43 230
internal_value=0.00146135 0.00303193 0.00893996 0.0130228 -0.00193875 -0.00507912
internal_weight=143.868 134.513 62.1103 55.0881 72.4023 62.9568
internal_count=630 587 267 236 320 277
is_linear=0
shrinkage=0.03


Tree=89
num_leaves=6
num_cat=0
split_feature=7 20 21 21 21
split_gain=4.66604 6.29453 5.22852 9.16769 4.93034
threshold=-0.05092658319537182 0.038497847807663153 0.021949294289347922 0.018034714005144056 0.02343666067395091
decision_type=2 2 2 2 2
left_child=-1 2 3 -2 -4
right_child=1 -3 4 -5 -6
leaf_value=-0.01470995369233088 -0.0064352193266365995 0.022169375137296703 -0.022861939451379258 0.01372839100175725 -0.00018257118477405104
leaf_weight=12.315617084503172 31.967834010720253 12.183847606182097 11.128070950508116 46.863795012235641 29.317188620567322
leaf_count=52 141 55 51 202 129
internal_value=0.00140794 0.00322812 0.000835939 0.00540916 -0.00755917
internal_weight=143.776 131.461 119.277 78.8316 40.4453
internal_count=630 578 523 343 180
is_linear=0
shrinkage=0.03


Tree=90
num_leaves=9
num_cat=0
split_feature=21 26 36 38 36 20 33 21
split_gain=3.12133 5.376 6.21341 4.55435 4.24824 3.3173 4.40914 3.10945
threshold=0.035535476260591996 0.29372549019607846 0.0036767432294540665 0.01080072971983893 0.0082045238174249958 0.027211270696374874 0.2275745351694719 0.018748705592524863
decision_type=2 2 2 2 2 2 2 2
left_child=1 2 -1 -4 -2 7 -7 -3
right_child=4 5 3 -5 -6 6 -8 -9
leaf_value=0.017108699252221714 -0.0011564955198799225 0.0005779942691736574 -0.014279046799777231 0.0011757111772020023 0.026222403532982923 0.014767102462915091 -0.010167840127065687 0.02041283028029341
leaf_weight=7.2073736339807501 8.3434153646230715 14.107283473014833 45.093972131609917 23.886781543493271 7.729752004146575 7.4304828941822079 17.063194498419762 17.111463859677315
leaf_count=31 37 62 200 104 33 32 75 73
internal_value=0.000890411 -0.000594748 -0.00581285 -0.00883369 0.0126251 0.00623537 -0.00149359 0.0124758
internal_weight=147.974 131.901 76.1881 68.9808 16.0732 55.7124 24.4937 31.2187
internal_count=647 577 335 304 70 242 107 135
is_linear=0
shrinkage=0.03


Tree=91
num_leaves=12
num_cat=0
split_feature=37 18 12 9 38 38 35 17 34 28 34
split_gain=3.70336 3.40485 3.28479 5.20732 3.05704 7.52707 5.05574 4.24083 2.98595 4.35158 4.34135
threshold=-0.003508037666279384 0.18603798615944414 46.144389615158374 0.030822536545239785 0.0089802858279808447 0.0077355817328221997 -0.031847027946740263 3.2539840867145906 0.0012352704006407535 4.5000000000000009 -0.011370387464657293
decision_type=2 2 2 2 2 2 2 2 2 2 2
left_child=1 -1 -3 -4 5 6 -2 -7 10 -10 -6
right_child=4 2 3 -5 8 7 -8 -9 9 -11 -12
leaf_value=-0.0040682583046272106 0.012719164438756087 0.028424969959876669 -0.0075433588124730134 0.02063641618073982 -0.010232533539020249 0.024750391377409781 -0.011410477526794235 0 -0.029699779285620582 -0.0046902898072746831 0.017601220430162618
leaf_weight=10.684494748711584 8.1200926154851896 8.2845492511987704 10.532734438776972 8.6993564367294294 8.3591753542423231 14.089528486132624 29.114148303866386 8.3187600523233396 7.7248755991458884 26.412288248538971 7.4955803453922263
leaf_count=46 34 39 45 36 37 60 129 37 35 116 33
internal_value=0.000892113 0.00875576 0.0141817 0.00524006 -0.00182131 0.00255723 -0.00538581 0.01573 -0.00723103 -0.0120953 0.0025838
internal_weight=147.836 38.2011 27.5166 19.2321 109.634 59.6425 37.2342 22.4083 49.9919 34.1372 15.8548
internal_count=647 166 120 81 481 260 163 97 221 151 70
is_linear=0
shrinkage=0.03


Tree=92
num_leaves=9
num_cat=0
split_feature=40 16 19 4 15 13 15 4
split_gain=3.04332 5.09298 4.50666 5.68408 4.29015 4.62798 4.25979 2.61754
threshold=0.072276324650495175 18.189347504450648 0.10116187157751509 -0.065163575843798435 -34.529061052602536 -1.4580906140155923 2.0140480557552802 -0.11675887897871882
decision_type=2 2 2 2 2 2 2 2
left_child=2 -2 4 7 -1 -6 -5 -4
right_child=1 -3 3 6 5 -7 -8 -9
leaf_value=0.0080479426580244706 0.0019435549782194526 -0.025780805501865022 0.0038365996259287303 0.0027635915918096054 0.00080152834985248945 -0.023692878886997497 0.017671816739107352 -0.016176113277738158
leaf_weight=10.415616840124128 12.645304888486864 7.6693845838308325 7.8622989207506206 40.880056619644165 10.41713048517704 13.290885552763939 33.484285116195679 10.963391423225401
leaf_count=45 56 39 34 178 46 61 141 47
internal_value=0.000872043 -0.00922355 0.00271667 0.00618463 -0.00615697 -0.0131217 0.00995982 -0.00753202
internal_weight=147.628 20.3147 127.314 93.19 34.1236 23.708 74.3643 18.8257
internal_count=647 95 552 400 152 107 319 81
is_linear=0
shrinkage=0.03


Tree=93
num_leaves=7
num_cat=0
split_feature=34 34 21 21 35 11
split_gain=3.12559 5.30436 4.10547 4.57134 3.09219 1.7497
threshold=0.036526421026013674 0.022649453447683546 0.035535476260591996 0.027780913519301415 0.032557040451290382 0.0081102708225601079
decision_type=2 2 2 2 2 2
left_child=1 2 3 -1 -2 -3
right_child=4 5 -4 -5 -6 -7
leaf_value=-0.00016607769848880674 0.0030282287893043671 0.021436476347991909 0.014212570813853111 -0.020587829965430737 -0.019704069481101621 0.003723896364653962
leaf_weight=82.213499486446381 7.0324609875679043 13.231913000345232 12.657964557409285 9.4717261493206006 10.23038065433502 12.636825665831564
leaf_count=361 31 57 56 43 44 55
internal_value=0.000839955 0.00256549 -0.000393411 -0.00283037 -0.0103119 0.0142104
internal_weight=147.475 130.212 104.343 91.6852 17.2628 25.8687
internal_count=647 572 460 404 75 112
is_linear=0
shrinkage=0.03


Tree=94
num_leaves=9
num_cat=0
split_feature=34 34 38 23 40 16 28 9
split_gain=2.9635 5.04267 3.94179 3.66335 3.59953 2.42599 1.91618 0.975409
threshold=0.036526421026013674 0.022649453447683546 0.0071439465349375552 1.0468832347458805 0.063295151304186406 8.7382860500427899 5.5000000000000009 -0.0048698078038970395
decision_type=2 2 2 2 2 2 2 2
left_child=1 2 6 -4 7 -2 -1 -3
right_child=5 4 3 -5 -6 -7 -8 -9
leaf_value=0 -0.019957015848108786 0.0085056220035517049 0.0069297677561447413 -0.0053419973001549402 -0.002755981780910357 0 -0.019978931367534758 0.027792443263763154
leaf_weight=6.8834800869226482 8.3583157658576983 10.172948881983762 54.38460111618042 32.80551366508007 6.6792690455913535 8.868579760193823 10.235920503735541 9.0275584906339628
leaf_count=30 36 44 243 142 30 39 45 38
internal_value=0.000815732 0.00249735 -0.000385465 0.00212805 0.0138488 -0.0100505 -0.012855 0.0200477
internal_weight=147.416 130.189 104.31 87.1901 25.8798 17.2269 17.1194 19.2005
internal_count=647 572 460 385 112 75 75 82
is_linear=0
shrinkage=0.03


Tree=95
num_leaves=11
num_cat=0
split_feature=19 14 0 24 8 10 14 18 35 9
split_gain=4.68262 4.7113 4.9115 5.72667 4.65428 3.21174 2.34856 2.20758 1.70388 0.231063
threshold=0.10116187157751509 85.586720551748627 -0.019415247070194538 0.66583333333333339 0.066031813975544959 -0.006805708926737041 -16.319187780053422 0.20732183348368885 0.02920128340237305 0.055521024587905025
decision_type=2 2 2 2 2 2 2 2 2 2
left_child=5 2 7 -4 -3 8 -7 -2 -1 -8
right_child=1 4 3 -5 -6 6 9 -9 -10 -11
leaf_value=0.0096627029103226597 -0.016178287028510131 -0.01997663778578752 0.014116920626417015 -0.0085565774818853624 0.0058298851276848982 0 -0.027560361923371812 0.0034285823497142115 -0.0074021870127785319 -0.0086881799561444439
leaf_weight=9.368268623948099 8.1392488628625852 10.876565828919412 62.875041827559471 9.6090536266565305 9.6670653373002988 6.9542113691568401 6.9757596105337125 7.4040580242872229 7.2835790365934363 6.8204853683710098
leaf_count=42 35 49 273 43 41 31 33 32 32 30
internal_value=0.00110788 0.00434559 0.00743895 0.0107607 -0.00772781 -0.00765334 -0.0150629 -0.00665742 0.0014009 -0.0214614
internal_weight=145.973 108.571 88.0274 72.4841 20.5436 37.4023 20.7505 15.5433 16.6518 13.7962
internal_count=641 473 383 316 90 168 94 67 74 63
is_linear=0
shrinkage=0.03


Tree=96
num_leaves=10
num_cat=0
split_feature=40 19 4 4 15 23 18 33 3
split_gain=4.69077 5.76549 5.71279 9.03247 4.67632 3.82006 5.02334 1.78525 0.37097
threshold=0.079022100887367067 0.10116187157751509 -0.065163575843798435 -0.0075071330448383536 -67.431890384862527 0.91116239811413491 0.48387942660251065 0.64645002145002162 -0.0064163296156113927
decision_type=2 2 2 2 2 2 2 2 2
left_child=1 5 4 -4 -3 8 -7 -2 -1
right_child=7 2 3 -5 -6 6 -8 -9 -10
leaf_value=-0.023906809012707829 -0.0002340018747309666 0.0082712128552631468 0.023650374529260363 0.0022157306092417065 -0.018421735990069906 0.013608252255126164 -0.013275729663177083 -0.022755272895952604 -0.0063509848848720745
leaf_weight=7.1117762923240662 7.0092711299657804 8.1583458930254 27.681693255901337 49.462116912007332 11.251415103673933 11.503154203295709 9.5249016433954221 7.281181201338768 6.8732247948646528
leaf_count=32 32 36 118 215 48 50 43 36 31
internal_value=0.00104276 0.00297591 0.00680764 0.0105 -0.00677692 -0.00698225 0.000684072 -0.0140146 -0.0180912
internal_weight=145.857 131.567 96.5536 77.1438 19.4098 35.0131 21.0281 14.2905 13.985
internal_count=641 573 417 333 84 156 93 68 63
is_linear=0
shrinkage=0.03


Tree=97
num_leaves=11
num_cat=0
split_feature=19 14 7 16 14 38 10 14 35 9
split_gain=4.23843 4.32848 5.14114 5.30102 4.11635 4.05406 2.99877 2.25878 1.59506 0.251187
threshold=0.10116187157751509 85.586720551748627 -0.039909142556920039 25.524576589829319 144.03023382772292 0.0091544454768475794 -0.006805708926737041 -16.319187780053422 0.02920128340237305 0.055521024587905025
decision_type=2 2 2 2 2 2 2 2 2 2
left_child=6 2 5 -4 -3 -2 8 -8 -1 -9
right_child=1 4 3 -5 -6 -7 7 9 -10 -11
leaf_value=0.0093580015204678367 0.0090881380242711016 -0.017166787992118446 0.015196169244435547 -0.0037890358157423149 0.0076952997136262701 -0.016130791897223253 0 -0.026948340451122852 -0.0071454292431206963 -0.0082674723816101043
leaf_weight=9.3751235753297824 7.3513744920492199 12.959281325340273 53.911115437746048 14.914523959159849 7.5034681111574164 11.765732511878012 6.9371755421161678 6.8811739534139615 7.2727642208337775 6.7843055576086044
leaf_count=42 31 58 234 67 32 51 31 33 32 30
internal_value=0.000988264 0.00407415 0.00704314 0.0108795 -0.00750891 -0.00578041 -0.00736004 -0.0145592 0.00135085 -0.0208712
internal_weight=145.656 108.405 87.9427 68.8256 20.4627 19.1171 37.2505 20.6027 16.6479 13.6655
internal_count=641 473 383 301 90 82 168 94 74 63
is_linear=0
shrinkage=0.03


Tree=98
num_leaves=9
num_cat=0
split_feature=40 19 4 4 14 9 10 25
split_gain=4.43533 5.2673 5.27385 8.31915 4.44161 3.13209 2.48383 1.83747
threshold=0.079022100887367067 0.10116187157751509 -0.065163575843798435 -0.0075071330448383536 -101.8538840036458 0.015239703815652502 0.013128383684617552 0.21718621821164893
decision_type=2 2 2 2 2 2 2 2
left_child=1 5 4 -4 -3 7 -2 -1
right_child=6 2 3 -5 -6 -7 -8 -9
leaf_value=0.0096201212540460747 0 0.0066182002061758345 0.022670912491066491 0.0020747313953103424 -0.01919607325530908 -0.017203131668170845 -0.024549865615648751 -0.0065153445751327385
leaf_weight=9.1944774240255374 7.4047426432371122 9.3454490751028079 27.626336351037025 49.437148943543434 10.002305313944815 13.138911426067351 6.7907129526138306 12.551577135920523
leaf_count=40 33 41 118 215 43 59 35 57
internal_value=0.000934269 0.00281711 0.00648365 0.0100346 -0.00657262 -0.00671149 -0.0137516 0
internal_weight=145.492 131.296 96.4112 77.0635 19.3478 34.885 14.1955 21.7461
internal_count=641 573 417 333 84 156 68 97
is_linear=0
shrinkage=0.03


Tree=99
num_leaves=9
num_cat=0
split_feature=23 8 37 34 15 3 36 19
split_gain=3.81995 7.61906 4.29736 6.76961 6.24736 6.19674 4.26214 0.642318
threshold=0.78777022183784429 -0.0065948813820287701 0.056587347134767547 0.0075855163798330691 -73.207648461165164 -0.042374863116644727 0.0055852855331987817 0.1446362086379625
decision_type=2 2 2 2 2 2 2 2
left_child=1 -1 3 4 -2 -5 -4 -3
right_child=2 7 6 5 -6 -7 -8 -9
leaf_value=0.0090948444866090009 0.013861745017523049 -0.029344857780185047 -0.02575660615714705 -0.0060383164665268824 -0.0071938096995891199 0.019365659289362531 0.0022926250610364445 -0.0093657846164050939
leaf_weight=10.380385830998422 15.606663972139357 6.9494571089744559 6.501893699169158 9.0435860455036146 42.465054348111153 36.71780227124691 8.7713180482387525 8.8496059328317624
leaf_count=46 70 33 32 38 186 157 40 39
internal_value=0.000891965 -0.00892984 0.00328647 0.00559652 -0.00101236 0.0139885 -0.0103794 -0.0213065
internal_weight=145.286 26.1794 119.106 103.833 58.0717 45.7614 15.2732 15.7991
internal_count=641 118 523 451 256 195 72 72
is_linear=0
shrinkage=0.03


end of trees

feature_importances:
bb_bandwidth=56
macro_nikkei_ret_20=53
macro_topix_ret_20=47
macd_signal=44
volatility=42
atr_pct=39
macro_usdjpy_ret_20=37
return_10d=33
macro_topix_vol_20=32
vol_ratio=29
month=28
div_ma_10=25
ma_20_60_cross=23
macro_usdjpy_vol_20=23
div_ma_60=21
ma_5_20_cross=20
bb_pct_b=17
price_position_20d=17
return_5d=16
macro_usdjpy_ret_60=16
rsi=14
macd=14
return_1d=13
return_2d=13
macd_hist=13
candle_body_pct=13
upper_shadow_pct=13
div_ma_20=12
macd_hist_change=12
return_20d=11
div_ma_5=11
lower_shadow_pct=11
gap=10
rsi_change=9
return_3d=8
vol_change=8
streak=4
day_of_week=2
macro_nikkei_above_200dma=2

parameters:
[boosting: gbdt]
[objective: binary]
[metric: binary_logloss]
[tree_learner: serial]
[device_type: cpu]
[data_sample_strategy: bagging]
[data: ]
[valid: ]
[num_iterations: 100]
[learning_rate: 0.03]
[num_leaves: 15]
[num_threads: 0]
[seed: 42]
[deterministic: 0]
[force_col_wise: 0]
[force_row_wise: 0]
[histogram_pool_size: -1]
[max_depth: 4]
[min_data_in_leaf: 30]
[min_sum_hessian_in_leaf: 0.001]
[bagging_fraction: 0.7]
[pos_bagging_fraction: 1]
[neg_bagging_fraction: 1]
[bagging_freq: 5]
[bagging_seed: 400]
[bagging_by_query: 0]
[feature_fraction: 0.6]
[feature_fraction_bynode: 1]
[feature_fraction_seed: 30056]
[extra_trees: 0]
[extra_seed: 12879]
[early_stopping_round: 0]
[early_stopping_min_delta: 0]
[first_metric_only: 0]
[max_delta_step: 0]
[lambda_l1: 0.5]
[lambda_l2: 2]
[linear_lambda: 0]
[min_gain_to_split: 0]
[drop_rate: 0.1]
[max_drop: 50]
[skip_drop: 0.5]
[xgboost_dart_mode: 0]
[uniform_drop: 0]
[drop_seed: 17869]
[top_rate: 0.2]
[other_rate: 0.1]
[min_data_per_group: 100]
[max_cat_threshold: 32]
[cat_l2: 10]
[cat_smooth: 10]
[max_cat_to_onehot: 4]
[top_k: 20]
[monotone_constraints: ]
[monotone_constraints_method: basic]
[monotone_penalty: 0]
[feature_contri: ]
[forcedsplits_filename: ]
[refit_decay_rate: 0.9]
[cegb_tradeoff: 1]
[cegb_penalty_split: 0]
[cegb_penalty_feature_lazy: ]
[cegb_penalty_feature_coupled: ]
[path_smooth: 0]
[interaction_constraints: ]
[verbosity: -1]
[saved_feature_importance_type: 0]
[use_quantized_grad: 0]
[num_grad_quant_bins: 4]
[quant_train_renew_leaf: 0]
[stochastic_rounding: 1]
[linear_tree: 0]
[max_bin: 255]
[max_bin_by_feature: ]
[min_data_in_bin: 5]
[bin_construct_sample_cnt: 200000]
[data_random_seed: 175]
[is_enable_sparse: 1]
[enable_bundle: 1]
[use_missing: 1]
[zero_as_missing: 0]
[feature_pre_filter: 1]
[pre_partition: 0]
[two_round: 0]
[header: 0]
[label_column: ]
[weight_column: ]
[group_column: ]
[ignore_column: ]
[categorical_feature: ]
[forcedbins_filename: ]
[precise_float_parser: 0]
[parser_config_file: ]
[objective_seed: 16083]
[num_class: 1]
[is_unbalance: 0]
[scale_pos_weight: 1]
[sigmoid: 1]
[boost_from_average: 1]
[reg_sqrt: 0]
[alpha: 0.9]
[fair_c: 1]
[poisson_max_delta_step: 0.7]
[tweedie_variance_power: 1.5]
[lambdarank_truncation_level: 30]
[lambdarank_norm: 1]
[label_gain: ]
[lambdarank_position_bias_regularization: 0]
[eval_at: ]
[multi_error_top_k: 1]
[auc_mu_weights: ]
[num_machines: 1]
[local_listen_port: 12400]
[time_out: 120]
[machine_list_filename: ]
[machines: ]
[gpu_platform_id: -1]
[gpu_device_id: -1]
[gpu_use_dp: 0]
[num_gpu: 1]

end of parameters

pandas_categorical:[]
