{
  "feature_cols": [
    "return_1d",
    "return_2d",
    "return_3d",
    "return_5d",
    "return_10d",
    "return_20d",
    "div_ma_5",
    "div_ma_10",
    "div_ma_20",
    "div_ma_60",
    "ma_5_20_cross",
    "ma_20_60_cross",
    "rsi",
    "rsi_change",
    "macd",
    "macd_signal",
    "macd_hist",
    "macd_hist_change",
    "bb_pct_b",
    "bb_bandwidth",
    "atr_pct",
    "volatility",
    "vol_change",
    "vol_ratio",
    "candle_body_pct",
    "upper_shadow_pct",
    "lower_shadow_pct",
    "day_of_week",
    "month",
    "is_month_end",
    "is_month_start",
    "streak",
    "gap",
    "price_position_20d",
    "macro_usdjpy_ret_20",
    "macro_usdjpy_ret_60",
    "macro_usdjpy_vol_20",
    "macro_topix_ret_20",
    "macro_topix_vol_20",
    "macro_topix_above_200dma",
    "macro_nikkei_ret_20",
    "macro_nikkei_above_200dma",
    "macro_nikkei_vi",
    "macro_jgb10y",
    "macro_bias_score"
  ],
  "avg_up_ret": 0.022785521167349578,
  "avg_dn_ret": -0.016884835261154207,
  "n_bins": 10,
  "psi_ref_rows": 250,
  "psi": {
    "return_1d": {
      "edges": [
        -0.07896543831540404,
        -0.01738360944647298,
        -0.010152967337410355,
        -0.005769422057896584,
        -0.002422347671847501,
        0.0006858853964012424,
        0.003008624719898069,
        0.006438535581380856,
        0.010170338885246634,
        0.01657430954580778,
        0.049425006116956105
      ],
      "ref_props": [
        0.1,
        0.1,
        0.1,
        0.1,
        0.1,
        0.1,
        0.1,
        0.1,
        0.1,
        0.1
      ]
    },
    "return_2d": {
      "edges": [
        -0.09593349809031682,
        -0.02306782861163311,
        -0.016263573020195966,
        -0.010373250517322213,
        -0.0029935610839639127,
        0.0012876969028419172,
        0.006760326248018938,
        0.010296364867510423,
        0.013312162780702705,
        0.023302025445420968,
        0.07355915065722951
      ],
      "ref_props": [
        0.1,
        0.1,
        0.1,
        0.1,
        0.1,
        0.1,
        0.1,
        0.1,
        0.1,
        0.1
      ]
    },
    "return_3d": {
      "edges": [
        -0.10258697591436217,
        -0.02670431649427255,
        -0.017307750749381862,
        -0.011543274715423246,
        -0.006078472446690571,
        -0.00010924186148131287,
        0.005913349947767913,
        0.012280539336919333,
        0.019058025747491047,
        0.026292385694472786,
        0.07690493040811508
      ],
      "ref_props": [
        0.1,
        0.1,
        0.1,
        0.1,
        0.1,
        0.1,
        0.1,
        0.1,
        0.1,
        0.1
      ]
    },
    "return_5d": {
      "edges": [
        -0.10801781737193761,
        -0.030740920499864766,
        -0.023221010087268047,
        -0.013932968070301767,
        -0.006164419385138786,
        0.00011478420569333014,
        0.006487871986918108,
        0.01244231491532597,
        0.023755723294504642,
        0.03470888106386398,
        0.08639212175470012
      ],
      "ref_props": [
        0.1,
        0.1,
        0.1,
        0.1,
        0.1,
        0.1,
        0.1,
        0.1,
        0.1,
        0.1
      ]
    },
    "return_10d": {
      "edges": [
        -0.10514591222989533,
        -0.04582102722082234,
        -0.02875726988598628,
        -0.015700995462334798,
        -0.005249946008626956,
        0.0015272796576398795,
        0.009602056881880264,
        0.019304358599615882,
        0.027427134773780365,
        0.04256697321071572,
        0.09691136974037606
      ],
      "ref_props": [
        0.1,
        0.1,
        0.1,
        0.1,
        0.1,
        0.1,
        0.1,
        0.1,
        0.1,
        0.1
      ]
    },
    "return_20d": {
      "edges": [
        -0.10480349344978168,
        -0.06784894983650226,
        -0.051042563035643654,
        -0.028131413818065804,
        -0.007813085215154468,
        0.008270855942084654,
        0.01634255639445428,
        0.0291416998757702,
        0.04305834882224576,
        0.05852573412527535,
        0.10673316708229419
      ],
      "ref_props": [
        0.1,
        0.1,
        0.1,
        0.1,
        0.1,
        0.1,
        0.1,
        0.1,
        0.1,
        0.1
      ]
    },
    "div_ma_5": {
      "edges": [
        -0.0778256485470713,
        -0.016660695730896277,
        -0.01228843832346795,
        -0.007483157025129942,
        -0.0031479611790517933,
        0.0008600620617822032,
        0.0030148464622096155,
        0.007148204460085049,
        0.0116854108272114,
        0.017309490453806788,
        0.041748430141287235
      ],
      "ref_props": [
        0.1,
        0.1,
        0.1,
        0.1,
        0.1,
        0.1,
        0.1,
        0.1,
        0.1,
        0.1
      ]
    },
    "div_ma_10": {
      "edges": [
        -0.08424741704974735,
        -0.024517907008827257,
        -0.015532877031686106,
        -0.009110988617815336,
        -0.004311320291204418,
        0.00014323758633622482,
        0.004511078962507314,
        0.008504297572965188,
        0.017796739159645372,
        0.026728339045726687,
        0.05151610028660187
      ],
      "ref_props": [
        0.1,
        0.1,
        0.1,
        0.1,
        0.1,
        0.1,
        0.1,
        0.1,
        0.1,
        0.1
      ]
    },
    "div_ma_20": {
      "edges": [
        -0.08976238366345068,
        -0.03621533903761125,
        -0.01962019212504683,
        -0.012397241222807834,
        -0.005171538886549006,
        0.0016868644460509273,
        0.008325463157305393,
        0.014892497144902742,
        0.02173884331739415,
        0.03360763000808899,
        0.06489103525652756
      ],
      "ref_props": [
        0.1,
        0.1,
        0.1,
        0.1,
        0.1,
        0.1,
        0.1,
        0.1,
        0.1,
        0.1
      ]
    },
    "div_ma_60": {
      "edges": [
        -0.11789969825782441,
        -0.060560908489643406,
        -0.0432402126200863,
        -0.03129648937897912,
        -0.00872139294081674,
        0.006233789019731608,
        0.017399578391239255,
        0.027366526639396396,
        0.03459856842855689,
        0.04370986015072005,
        0.06992609014250058
      ],
      "ref_props": [
        0.1,
        0.1,
        0.1,
        0.1,
        0.1,
        0.1,
        0.1,
        0.1,
        0.1,
        0.1
      ]
    },
    "ma_5_20_cross": {
      "edges": [
        -0.0709837820416902,
        -0.026678032618799107,
        -0.015945075637587958,
        -0.011667304019994176,
        -0.0021446685020937587,
        0.00279445066817563,
        0.005283345232273412,
        0.010263107921434372,
        0.01673427098494518,
        0.025439829420485366,
        0.04548876745598052
      ],
      "ref_props": [
        0.1,
        0.1,
        0.1,
        0.1,
        0.1,
        0.1,
        0.1,
        0.1,
        0.1,
        0.1
      ]
    },
    "ma_20_60_cross": {
      "edges": [
        -0.049294884319652565,
        -0.04260432344104763,
        -0.03494908060289457,
        -0.022495930143432038,
        -0.011692903496801691,
        0.0075177578379354015,
        0.011568089468249637,
        0.014807761147254019,
        0.022805740850604387,
        0.030157535447431848,
        0.0335583230345089
      ],
      "ref_props": [
        0.1,
        0.1,
        0.1,
        0.1,
        0.1,
        0.1,
        0.1,
        0.1,
        0.1,
        0.1
      ]
    },
    "rsi": {
      "edges": [
        17.891816920943143,
        30.262779075452222,
        36.61830157510969,
        41.87304890738814,
        46.44010711426442,
        51.41801136884569,
        54.27527262010021,
        58.32376417868645,
        62.231896811245164,
        66.68579626972739,
        76.68231611893583
      ],