{
  "feature_cols": [
    "return_1d",
    "return_2d",
    "return_3d",
    "return_5d",
    "return_10d",
    "return_20d",
    "div_ma_5",
    "div_ma_10",
    "div_ma_20",
    "div_ma_60",
    "ma_5_20_cross",
    "ma_20_60_cross",
    "rsi",
    "rsi_change",
    "macd",
    "macd_signal",
    "macd_hist",
    "macd_hist_change",
    "bb_pct_b",
    "bb_bandwidth",
    "atr_pct",
    "volatility",
    "vol_change",
    "vol_ratio",
    "candle_body_pct",
    "upper_shadow_pct",
    "lower_shadow_pct",
    "day_of_week",
    "month",
    "is_month_end",
    "is_month_start",
    "streak",
    "gap",
    "price_position_20d",
    "macro_usdjpy_ret_20",
    "macro_usdjpy_ret_60",
    "macro_usdjpy_vol_20",
    "macro_topix_ret_20",
    "macro_topix_vol_20",
    "macro_topix_above_200dma",
    "macro_nikkei_ret_20",
    "macro_nikkei_above_200dma",
    "macro_nikkei_vi",
    "macro_jgb10y",
    "macro_bias_score"
  ],
  "avg_up_ret": 0.03740957166828392,
  "avg_dn_ret": -0.024889216602916847,
  "n_bins": 10,
  "psi_ref_rows": 250,
  "psi": {
    "return_1d": {
      "edges": [
        -0.14584119793632822,
        -0.03175104746707404,
        -0.018112840498518266,
        -0.009840311567953413,
        -0.00332292182569009,
        0.0012255342341047637,
        0.005407522704745924,
        0.012693399126746144,
        0.020059621096989978,
        0.03713997098542945,
        0.09212097095105443
      ],
      "ref_props": [
        0.1,
        0.1,
        0.1,
        0.1,
        0.1,
        0.1,
        0.1,
        0.1,
        0.1,
        0.1
      ]
    },
    "return_2d": {
      "edges": [
        -0.19430267062314543,
        -0.03820509693414813,
        -0.025892878456674984,
        -0.014319958104538209,
        -0.0052454956380181645,
        0.0014791940230926004,
        0.008333704628384925,
        0.01753788379318922,
        0.03252198335796722,
        0.055455465021228875,
        0.13259043927648584
      ],
      "ref_props": [
        0.1,
        0.1,
        0.1,
        0.1,
        0.1,
        0.1,
        0.1,
        0.1,
        0.1,
        0.1
      ]
    },
    "return_3d": {
      "edges": [
        -0.20735905044510383,
        -0.04397513954256139,
        -0.02998750213747445,
        -0.017834941710339634,
        -0.004258681953291776,
        0.0024714444128002278,
        0.011013729825868528,
        0.019720599354466344,
        0.035258255141951494,
        0.07141252068924717,
        0.13471752776436507
      ],
      "ref_props": [
        0.1,
        0.1,
        0.1,
        0.1,
        0.1,
        0.1,
        0.1,
        0.1,
        0.1,
        0.1
      ]
    },
    "return_5d": {
      "edges": [
        -0.23062314540059348,
        -0.05885801193259027,
        -0.03948763364456193,
        -0.02549826971981356,
        -0.008175101829223163,
        0.0045061745780419216,
        0.015035550301178462,
        0.029204651730274256,
        0.05887312236461345,
        0.10107890309940278,
        0.1739974126778785
      ],
      "ref_props": [
        0.1,
        0.1,
        0.1,
        0.1,
        0.1,
        0.1,
        0.1,
        0.1,
        0.1,
        0.1
      ]
    },
    "return_10d": {
      "edges": [
        -0.21103857566765583,
        -0.09387316539394158,
        -0.058898487684189454,
        -0.03723469535533256,
        -0.018083817150948086,
        0.0004988914534105882,
        0.026264730467414822,
        0.054403985249961914,
        0.08910154739034071,
        0.1405080373787674,
        0.2385702410640067
      ],
      "ref_props": [
        0.1,
        0.1,
        0.1,
        0.1,
        0.1,
        0.1,
        0.1,
        0.1,
        0.1,
        0.1
      ]
    },
    "return_20d": {
      "edges": [
        -0.26599406528189906,
        -0.13486276152689816,
        -0.06955310757709471,
        -0.04279942521340018,
        -0.0060669903287702475,
        0.01883755398938991,
        0.048788228735800555,
        0.09028005480096639,
        0.12861371511081757,
        0.16907258367029104,
        0.33386992916934966
      ],
      "ref_props": [
        0.1,
        0.1,
        0.1,
        0.1,
        0.1,
        0.1,
        0.1,
        0.1,
        0.1,
        0.1
      ]
    },
    "div_ma_5": {
      "edges": [
        -0.14826340092350934,
        -0.02990235492811474,
        -0.01836518664222457,
        -0.011241753328852428,
        -0.0032772861953470726,
        0.0026344295483060236,
        0.00635053336775848,
        0.013803807987486868,
        0.020828024917587774,
        0.045218057595699204,
        0.08938113582701628
      ],
      "ref_props": [
        0.1,
        0.1,
        0.1,
        0.1,
        0.1,
        0.1,
        0.1,
        0.1,
        0.1,
        0.1
      ]
    },
    "div_ma_10": {
      "edges": [
        -0.145869020951377,
        -0.045842130195219176,
        -0.03096311900205886,
        -0.018855898632204503,
        -0.008464971355342165,
        -6.827202295627796e-05,
        0.010111282209639628,
        0.023625204284412404,
        0.048424418653872925,
        0.07118860971589741,
        0.12165020387693247
      ],
      "ref_props": [
        0.1,
        0.1,
        0.1,
        0.1,
        0.1,
        0.1,
        0.1,
        0.1,
        0.1,
        0.1
      ]
    },
    "div_ma_20": {
      "edges": [
        -0.12977627764074604,
        -0.07620589155130986,
        -0.049750417759196607,
        -0.030004838712391818,
        -0.014954985399348964,
        0.0020502881279236586,
        0.027729756975053112,
        0.04423915021998552,
        0.07406073358797569,
        0.10261105282637766,
        0.16778818665611117
      ],
      "ref_props": [
        0.1,
        0.1,
        0.1,
        0.1,
        0.1,
        0.1,
        0.1,
        0.1,
        0.1,
        0.1
      ]
    },
    "div_ma_60": {
      "edges": [
        -0.12384451599501459,
        -0.08614666678546275,
        -0.04957140201670773,
        -0.014634189046118181,
        0.015014344241624409,
        0.039612382642091534,
        0.06274682584119444,
        0.08460535292510732,
        0.11196846262091101,
        0.15348781893850474,
        0.26453365017397945
      ],
      "ref_props": [
        0.1,
        0.1,
        0.1,
        0.1,
        0.1,
        0.1,
        0.1,
        0.1,
        0.1,
        0.1
      ]
    },
    "ma_5_20_cross": {
      "edges": [
        -0.10640200528419486,
        -0.05974877371492841,
        -0.03945159546580232,
        -0.02236568957987025,
        -0.010843937965905767,
        0.0014624545425667712,
        0.020804299669845438,
        0.032271765364492215,
        0.055110263601665474,
        0.08310160908698609,
        0.12027734418793168
      ],
      "ref_props": [
        0.1,
        0.1,
        0.1,
        0.1,
        0.1,
        0.1,
        0.1,
        0.1,
        0.1,
        0.1
      ]
    },
    "ma_20_60_cross": {
      "edges": [
        -0.08217493929256736,
        -0.047053029594144334,
        -0.022522733966751807,
        -0.007904550367647421,
        0.012709555430472502,
        0.034121996084103046,
        0.05289823853338813,
        0.06258725258877176,
        0.08053156607954302,
        0.09334928832633477,
        0.13298379914330538
      ],
      "ref_props": [
        0.1,
        0.1,
        0.1,
        0.1,
        0.1,
        0.1,
        0.1,
        0.1,
        0.1,
        0.1
      ]
    },
    "rsi": {
      "edges": [
        7.097457627118658,
        29.42503926906091,
        37.6633197001155,
        42.398252523880664,
        46.75244903362457,
        50.09178380908968,
        55.697558149639384,
        62.934493278082485,
        68.27814056363884,
        73.52559013505578,
        89.70959595959596
      ],