{
  "feature_cols": [
    "return_1d",
    "return_2d",
    "return_3d",
    "return_5d",
    "return_10d",
    "return_20d",
    "div_ma_5",
    "div_ma_10",
    "div_ma_20",
    "div_ma_60",
    "ma_5_20_cross",
    "ma_20_60_cross",
    "rsi",
    "rsi_change",
    "macd",
    "macd_signal",
    "macd_hist",
    "macd_hist_change",
    "bb_pct_b",
    "bb_bandwidth",
    "atr_pct",
    "volatility",
    "vol_change",
    "vol_ratio",
    "candle_body_pct",
    "upper_shadow_pct",
    "lower_shadow_pct",
    "day_of_week",
    "month",
    "is_month_end",
    "is_month_start",
    "streak",
    "gap",
    "price_position_20d",
    "macro_usdjpy_ret_20",
    "macro_usdjpy_ret_60",
    "macro_usdjpy_vol_20",
    "macro_topix_ret_20",
    "macro_topix_vol_20",
    "macro_topix_above_200dma",
    "macro_nikkei_ret_20",
    "macro_nikkei_above_200dma",
    "macro_nikkei_vi",
    "macro_jgb10y",
    "macro_bias_score"
  ],
  "avg_up_ret": 0.05670263122253016,
  "avg_dn_ret": -0.03453453422941729,
  "n_bins": 10,
  "psi_ref_rows": 250,
  "psi": {
    "return_1d": {
      "edges": [
        -0.11280817799158149,
        -0.052781525148235205,
        -0.03487293932693063,
        -0.01751286341109255,
        -0.006407475287684386,
        0.004351231509147735,
        0.016856129419215705,
        0.027114808346355473,
        0.04315622800844472,
        0.06413277232351575,
        0.19845207382417152
      ],
      "ref_props": [
        0.1,
        0.1,
        0.1,
        0.1,
        0.1,
        0.1,
        0.1,
        0.1,
        0.1,
        0.1
      ]
    },
    "return_2d": {
      "edges": [
        -0.19760166840458815,
        -0.0777029807585363,
        -0.045586602845897134,
        -0.02554253625779864,
        -0.008748035594015952,
        0.008343277631176593,
        0.024941406249999968,
        0.03799311166342969,
        0.0703912739534502,
        0.1117251218235871,
        0.3409406628299265
      ],
      "ref_props": [
        0.1,
        0.1,
        0.1,
        0.1,
        0.1,
        0.1,
        0.1,
        0.1,
        0.1,
        0.1
      ]
    },
    "return_3d": {
      "edges": [
        -0.1824701195219124,
        -0.08218236808672379,
        -0.05036439431604108,
        -0.03074719001280317,
        -0.010590466217180914,
        0.007992839980698885,
        0.03465786586519602,
        0.05797964420054299,
        0.08668634800321429,
        0.12452925520999891,
        0.4030561619368922
      ],
      "ref_props": [
        0.1,
        0.1,
        0.1,
        0.1,
        0.1,
        0.1,
        0.1,
        0.1,
        0.1,
        0.1
      ]
    },
    "return_5d": {
      "edges": [
        -0.24336283185840712,
        -0.09952681982517136,
        -0.06548165661466158,
        -0.028465037699126134,
        -0.003105910923412043,
        0.026555246179720493,
        0.05400178144956872,
        0.08413949201586113,
        0.12425424679784801,
        0.17340682345904268,
        0.4626002611453086
      ],
      "ref_props": [
        0.1,
        0.1,
        0.1,
        0.1,
        0.1,
        0.1,
        0.1,
        0.1,
        0.1,
        0.1
      ]
    },
    "return_10d": {
      "edges": [
        -0.3084700067400584,
        -0.11668613220704198,
        -0.0705898896705713,
        -0.01873541564694763,
        0.017896670384596015,
        0.05006397418780595,
        0.09334211588792554,
        0.13897709107940906,
        0.18451549069321618,
        0.25237327642488083,
        0.6501289938479857
      ],
      "ref_props": [
        0.1,
        0.1,
        0.1,
        0.1,
        0.1,
        0.1,
        0.1,
        0.1,
        0.1,
        0.1
      ]
    },
    "return_20d": {
      "edges": [
        -0.4210234620358396,
        -0.15732777191579791,
        -0.07014559659090909,
        -0.01535368349991977,
        0.07655255295067914,
        0.1450272791782511,
        0.2055198940224971,
        0.25930876043967205,
        0.3336960541455625,
        0.4435362990112381,
        0.7799944582986977
      ],
      "ref_props": [
        0.1,
        0.1,
        0.1,
        0.1,
        0.1,
        0.1,
        0.1,
        0.1,
        0.1,
        0.1
      ]
    },
    "div_ma_5": {
      "edges": [
        -0.13834611723867646,
        -0.055943481632832054,
        -0.03129925838744732,
        -0.01806179273464002,
        -0.004999316246568254,
        0.007211769654526652,
        0.019304854670923362,
        0.034036830803293595,
        0.05437108845977434,
        0.08535249320484585,
        0.19724546509497345
      ],
      "ref_props": [
        0.1,
        0.1,
        0.1,
        0.1,
        0.1,
        0.1,
        0.1,
        0.1,
        0.1,
        0.1
      ]
    },
    "div_ma_10": {
      "edges": [
        -0.21157786885245902,
        -0.08062954324930509,
        -0.04133511379168513,
        -0.01651134225746609,
        0.0018886947992665234,
        0.020188267037750972,
        0.03557157917736975,
        0.05949479819591084,
        0.091724018988588,
        0.13452385686859933,
        0.28064416025609623
      ],
      "ref_props": [
        0.1,
        0.1,
        0.1,
        0.1,
        0.1,
        0.1,
        0.1,
        0.1,
        0.1,
        0.1
      ]
    },
    "div_ma_20": {
      "edges": [
        -0.3047131772439264,
        -0.08818532939966488,
        -0.04767453903082428,
        -0.00882799102400748,
        0.02021906032123173,
        0.046225386550497086,
        0.09101683979536185,
        0.11603692416306567,
        0.14923279035816647,
        0.20451498889649455,
        0.39276297736789995
      ],
      "ref_props": [
        0.1,
        0.1,
        0.1,
        0.1,
        0.1,
        0.1,
        0.1,
        0.1,
        0.1,
        0.1
      ]
    },
    "div_ma_60": {
      "edges": [
        -0.23758726174601935,
        -0.14443862589955392,
        -0.10014137692128061,
        -0.059354122156000194,
        0.08648308561108338,
        0.2247303228889856,
        0.29097676319423743,
        0.3316315570115694,
        0.3787112144652339,
        0.4485401581685661,
        0.7641712739515701
      ],
      "ref_props": [
        0.1,
        0.1,
        0.1,
        0.1,
        0.1,
        0.1,
        0.1,
        0.1,
        0.1,
        0.1
      ]
    },
    "ma_5_20_cross": {
      "edges": [
        -0.20294042969930726,
        -0.07055505455406455,
        -0.03246444479186523,
        -0.007180187374947413,
        0.013029247839241144,
        0.03781377345970793,
        0.0699430136370808,
        0.09563999922497614,
        0.11399642533433012,
        0.15888522006240718,
        0.2931308814838389
      ],
      "ref_props": [
        0.1,
        0.1,
        0.1,
        0.1,
        0.1,
        0.1,
        0.1,
        0.1,
        0.1,
        0.1
      ]
    },
    "ma_20_60_cross": {
      "edges": [
        -0.15818528022489897,
        -0.10711993725072054,
        -0.0748051044996733,
        -0.02472350156234395,
        0.034883860742367094,
        0.14643450513738332,
        0.20505190419775965,
        0.21880763977036582,
        0.24114489017625285,
        0.2655271607236972,
        0.3300726317931746
      ],
      "ref_props": [
        0.1,
        0.1,
        0.1,
        0.1,
        0.1,
        0.1,
        0.1,
        0.1,
        0.1,
        0.1
      ]
    },
    "rsi": {
      "edges": [
        17.024793388429757,
        37.424367799164486,
        43.74974721515361,
        49.19360220724746,
        52.60445566929739,
        61.29473571068942,
        65.14390931363137,
        67.98687825794445,
        71.44831904440805,
        81.03598755027653,
        94.97777777777777
      ],
      "ref_props": [
        0.1,
        0.1,
        0.1,
        0.1,
        0.1,
        0.1,
        0.1,
        0.1,
        0.1,
        0.1
      ]
    },