{
  "feature_cols": [
    "return_1d",
    "return_2d",
    "return_3d",
    "return_5d",
    "return_10d",
    "return_20d",
    "div_ma_5",
    "div_ma_10",
    "div_ma_20",
    "div_ma_60",
    "ma_5_20_cross",
    "ma_20_60_cross",
    "rsi",
    "rsi_change",
    "macd",
    "macd_signal",
    "macd_hist",
    "macd_hist_change",
    "bb_pct_b",
    "bb_bandwidth",
    "atr_pct",
    "volatility",
    "vol_change",
    "vol_ratio",
    "candle_body_pct",
    "upper_shadow_pct",
    "lower_shadow_pct",
    "day_of_week",
    "month",
    "is_month_end",
    "is_month_start",
    "streak",
    "gap",
    "price_position_20d",
    "macro_usdjpy_ret_20",
    "macro_usdjpy_ret_60",
    "macro_usdjpy_vol_20",
    "macro_topix_ret_20",
    "macro_topix_vol_20",
    "macro_topix_above_200dma",
    "macro_nikkei_ret_20",
    "macro_nikkei_above_200dma",
    "macro_nikkei_vi",
    "macro_jgb10y",
    "macro_bias_score"
  ],
  "avg_up_ret": 0.02024608381788687,
  "avg_dn_ret": -0.014000941176016175,
  "n_bins": 10,
  "psi_ref_rows": 250,
  "psi": {
    "return_1d": {
      "edges": [
        -0.09217577706323687,
        -0.014680959582014408,
        -0.009091252604850619,
        -0.00486295564189112,
        -0.0018241229012799756,
        0.0016457720316261915,
        0.0040716283159368165,
        0.006689497014974655,
        0.010346067103319223,
        0.015431980062923852,
        0.045159983799109016
      ],
      "ref_props": [
        0.1,
        0.1,
        0.1,
        0.1,
        0.1,
        0.1,
        0.1,
        0.1,
        0.1,
        0.1
      ]
    },
    "return_2d": {
      "edges": [
        -0.08761220825852778,
        -0.019746121001185134,
        -0.012842737536315417,
        -0.0067304235912303825,
        -0.0030074327053205337,
        0.00040393126604143514,
        0.004173830318868581,
        0.008303058300493627,
        0.013143242348746536,
        0.025651174501774808,
        0.07222987600865971
      ],
      "ref_props": [
        0.1,
        0.1,
        0.1,
        0.1,
        0.1,
        0.1,
        0.1,
        0.1,
        0.1,
        0.1
      ]
    },
    "return_3d": {
      "edges": [
        -0.07599999999999996,
        -0.021166499213237742,
        -0.014717198132080766,
        -0.00805720482143839,
        -0.002959348039979812,
        0.0012105283883492302,
        0.004840157992246316,
        0.008542252751288351,
        0.014309183653585359,
        0.030271765810938996,
        0.07689266653488835
      ],
      "ref_props": [
        0.1,
        0.1,
        0.1,
        0.1,
        0.1,
        0.1,
        0.1,
        0.1,
        0.1,
        0.1
      ]
    },
    "return_5d": {
      "edges": [
        -0.059380692167577465,
        -0.028172005309201307,
        -0.01934664694280077,
        -0.01081745646385349,
        -0.0051803795046228215,
        0.0018898686266081155,
        0.006723282529275524,
        0.012197789135861071,
        0.01758566760851613,
        0.035035210703341674,
        0.09427278094863212
      ],
      "ref_props": [
        0.1,
        0.1,
        0.1,
        0.1,
        0.1,
        0.1,
        0.1,
        0.1,
        0.1,
        0.1
      ]
    },
    "return_10d": {
      "edges": [
        -0.07952286282306165,
        -0.03735954100022317,
        -0.025771037701755973,
        -0.013939220289978377,
        -0.004405821209685266,
        0.002964863258980932,
        0.010702627081810004,
        0.019435439288394116,
        0.03155335327291941,
        0.04981588471921001,
        0.09105180533751955
      ],
      "ref_props": [
        0.1,
        0.1,
        0.1,
        0.1,
        0.1,
        0.1,
        0.1,
        0.1,
        0.1,
        0.1
      ]
    },
    "return_20d": {
      "edges": [
        -0.10703953712632597,
        -0.05762826649391157,
        -0.036538262776907984,
        -0.01648757663178497,
        -0.005012944476042899,
        0.008192844168830038,
        0.018228905617115227,
        0.026223349997586513,
        0.04420913646476623,
        0.08050520539668408,
        0.12816691505216093
      ],
      "ref_props": [
        0.1,
        0.1,
        0.1,
        0.1,
        0.1,
        0.1,
        0.1,
        0.1,
        0.1,
        0.1
      ]
    },
    "div_ma_5": {
      "edges": [
        -0.065087015710659,
        -0.0139046213718017,
        -0.008848297929789667,
        -0.005509098136076502,
        -0.0020443523033130233,
        0.0010077041976361027,
        0.0034039755519092727,
        0.005157441740791614,
        0.00955019513496722,
        0.017863986088879277,
        0.05100702214677051
      ],
      "ref_props": [
        0.1,
        0.1,
        0.1,
        0.1,
        0.1,
        0.1,
        0.1,
        0.1,
        0.1,
        0.1
      ]
    },
    "div_ma_10": {
      "edges": [
        -0.04786885245901639,
        -0.018141290894155473,
        -0.013478795492716559,
        -0.007760939861660796,
        -0.002474623132201915,
        0.0012773197847238105,
        0.00417029719790332,
        0.007992623994452594,
        0.01538248504742674,
        0.025027757268602124,
        0.0625456502517971
      ],
      "ref_props": [
        0.1,
        0.1,
        0.1,
        0.1,
        0.1,
        0.1,
        0.1,
        0.1,
        0.1,
        0.1
      ]
    },
    "div_ma_20": {
      "edges": [
        -0.05876134619489539,
        -0.02894709402062387,
        -0.01930058802121191,
        -0.0117139448424273,
        -0.0019232923264134467,
        0.0037568646014658792,
        0.007936244171053977,
        0.015038526746080782,
        0.02334348288433256,
        0.040867964849537634,
        0.07874865156418547
      ],
      "ref_props": [
        0.1,
        0.1,
        0.1,
        0.1,
        0.1,
        0.1,
        0.1,
        0.1,
        0.1,
        0.1
      ]
    },
    "div_ma_60": {
      "edges": [
        -0.07596204060045839,
        -0.03664200464851205,
        -0.022099547442059508,
        -0.014852530003364856,
        -0.00678877844546601,
        -0.0005253629867528819,
        0.012909010298660564,
        0.0248640365567895,
        0.044435531786007815,
        0.06770686783287051,
        0.09253491409625239
      ],
      "ref_props": [
        0.1,
        0.1,
        0.1,
        0.1,
        0.1,
        0.1,
        0.1,
        0.1,
        0.1,
        0.1
      ]
    },
    "ma_5_20_cross": {
      "edges": [
        -0.04147747563899806,
        -0.02187424297915398,
        -0.015451477608457108,
        -0.00686567128886849,
        -0.0020870161444447974,
        0.0020527037533207837,
        0.006784543164383691,
        0.00994212054338011,
        0.016192492034453297,
        0.03203229985289302,
        0.058840101420694735
      ],
      "ref_props": [
        0.1,
        0.1,
        0.1,
        0.1,
        0.1,
        0.1,
        0.1,
        0.1,
        0.1,
        0.1
      ]
    },
    "ma_20_60_cross": {
      "edges": [
        -0.04295931543417619,
        -0.024583924314723248,
        -0.017864098667614424,
        -0.009046946950483513,
        -0.006015475414253291,
        -0.001973406400495814,
        0.003626967189548506,
        0.01442425581899909,
        0.028800304671829362,
        0.04344112467324309,
        0.06361235236465723
      ],
      "ref_props": [
        0.1,
        0.1,
        0.1,
        0.1,
        0.1,
        0.1,
        0.1,
        0.1,
        0.1,
        0.1
      ]
    },
    "rsi": {
      "edges": [
        21.188630490956072,
        33.06244223186812,
        39.0288567834407,
        44.36183395291202,
        47.42423859471756,
        52.497754148914375,
        54.691977381914036,
        57.85481934920019,
        62.345857835551435,
        68.57313550871643,
        84.82384823848238
      ],