{
  "feature_cols": [
    "return_1d",
    "return_2d",
    "return_3d",
    "return_5d",
    "return_10d",
    "return_20d",
    "div_ma_5",
    "div_ma_10",
    "div_ma_20",
    "div_ma_60",
    "ma_5_20_cross",
    "ma_20_60_cross",
    "rsi",
    "rsi_change",
    "macd",
    "macd_signal",
    "macd_hist",
    "macd_hist_change",
    "bb_pct_b",
    "bb_bandwidth",
    "atr_pct",
    "volatility",
    "vol_change",
    "vol_ratio",
    "candle_body_pct",
    "upper_shadow_pct",
    "lower_shadow_pct",
    "day_of_week",
    "month",
    "is_month_end",
    "is_month_start",
    "streak",
    "gap",
    "price_position_20d",
    "macro_usdjpy_ret_20",
    "macro_usdjpy_ret_60",
    "macro_usdjpy_vol_20",
    "macro_topix_ret_20",
    "macro_topix_vol_20",
    "macro_topix_above_200dma",
    "macro_nikkei_ret_20",
    "macro_nikkei_above_200dma",
    "macro_nikkei_vi",
    "macro_jgb10y",
    "macro_bias_score"
  ],
  "avg_up_ret": 0.031087898354756803,
  "avg_dn_ret": -0.017976087911062012,
  "n_bins": 10,
  "psi_ref_rows": 250,
  "psi": {
    "return_1d": {
      "edges": [
        -0.06526429341963325,
        -0.024185010882788092,
        -0.0122767786311349,
        -0.006644328794467786,
        -0.0021732403771856394,
        0.0024461985874533188,
        0.0071103830304668075,
        0.010362646961973204,
        0.016991743660795283,
        0.02818626243112978,
        0.08969236915701151
      ],
      "ref_props": [
        0.1,
        0.1,
        0.1,
        0.1,
        0.1,
        0.1,
        0.1,
        0.1,
        0.1,
        0.1
      ]
    },
    "return_2d": {
      "edges": [
        -0.09219486642221053,
        -0.030656516401993194,
        -0.01504942262730804,
        -0.008594996637170501,
        -0.0016528782490893511,
        0.004016731697892184,
        0.009738532560109286,
        0.015156542910725131,
        0.02279765377643975,
        0.04270161168332107,
        0.10035743744844661
      ],
      "ref_props": [
        0.1,
        0.1,
        0.1,
        0.1,
        0.1,
        0.1,
        0.1,
        0.1,
        0.1,
        0.1
      ]
    },
    "return_3d": {
      "edges": [
        -0.1330665332666333,
        -0.030917805022527806,
        -0.014622321135868964,
        -0.00950609256311835,
        -0.0012027734293876598,
        0.006307432990707906,
        0.011759508959950357,
        0.019672440485919127,
        0.030975449137169618,
        0.04731586025811978,
        0.11228460255697614
      ],
      "ref_props": [
        0.1,
        0.1,
        0.1,
        0.1,
        0.1,
        0.1,
        0.1,
        0.1,
        0.1,
        0.1
      ]
    },
    "return_5d": {
      "edges": [
        -0.095714523928631,
        -0.032778467535146925,
        -0.016880378025251618,
        -0.008340496317504668,
        0.00023282887077993639,
        0.007414163645197425,
        0.015988613152630657,
        0.02708183111135476,
        0.0386714728769068,
        0.06284401934495315,
        0.13204691638289812
      ],
      "ref_props": [
        0.1,
        0.1,
        0.1,
        0.1,
        0.1,
        0.1,
        0.1,
        0.1,
        0.1,
        0.1
      ]
    },
    "return_10d": {
      "edges": [
        -0.14824078706019672,
        -0.036876411325343104,
        -0.0145867317916059,
        -0.0033088046547445895,
        0.008251061780917415,
        0.021225891049927337,
        0.032435721534902276,
        0.0512506782715867,
        0.06401818597227181,
        0.08801961589947117,
        0.16049382716049387
      ],
      "ref_props": [
        0.1,
        0.1,
        0.1,
        0.1,
        0.1,
        0.1,
        0.1,
        0.1,
        0.1,
        0.1
      ]
    },
    "return_20d": {
      "edges": [
        -0.18273780388317828,
        -0.02819253676109469,
        -0.0037651900374991963,
        0.015504046325749764,
        0.03139002587697766,
        0.050183527000785766,
        0.06625933881425695,
        0.08279545312579938,
        0.10207497595083925,
        0.13605545839775599,
        0.2036354704003931
      ],
      "ref_props": [
        0.1,
        0.1,
        0.1,
        0.1,
        0.1,
        0.1,
        0.1,
        0.1,
        0.1,
        0.1
      ]
    },
    "div_ma_5": {
      "edges": [
        -0.08387665198237886,
        -0.02025339703367827,
        -0.009229719217346765,
        -0.005326476884305739,
        -0.0005379263470240461,
        0.0032113582154972564,
        0.007747882117216748,
        0.01214521487663192,
        0.01791417680965188,
        0.02963958529400106,
        0.07194514383671717
      ],
      "ref_props": [
        0.1,
        0.1,
        0.1,
        0.1,
        0.1,
        0.1,
        0.1,
        0.1,
        0.1,
        0.1
      ]
    },
    "div_ma_10": {
      "edges": [
        -0.10132752540966601,
        -0.025364775464102967,
        -0.011817893655469924,
        -0.0037079851861555393,
        0.002808203246379369,
        0.007846887332470028,
        0.015267643378801253,
        0.022257265820662644,
        0.02922806239123919,
        0.0452939958038566,
        0.09235734043643067
      ],
      "ref_props": [
        0.1,
        0.1,
        0.1,
        0.1,
        0.1,
        0.1,
        0.1,
        0.1,
        0.1,
        0.1
      ]
    },
    "div_ma_20": {
      "edges": [
        -0.10782774331385626,
        -0.01776464438172019,
        -0.00445688624856685,
        0.0030263568795065292,
        0.009656745752332404,
        0.020928621782260782,
        0.03073904843542561,
        0.04000667357841028,
        0.05087347073469502,
        0.07236251524281942,
        0.11540773164895737
      ],
      "ref_props": [
        0.1,
        0.1,
        0.1,
        0.1,
        0.1,
        0.1,
        0.1,
        0.1,
        0.1,
        0.1
      ]
    },
    "div_ma_60": {
      "edges": [
        -0.08592366263534938,
        -0.014162632718124648,
        0.01407184433364323,
        0.025401957443184495,
        0.03552842362927693,
        0.0534957696531229,
        0.0704569727102106,
        0.09471434583946177,
        0.12161642731476612,
        0.14916113288933572,
        0.21894465525882428
      ],
      "ref_props": [
        0.1,
        0.1,
        0.1,
        0.1,
        0.1,
        0.1,
        0.1,
        0.1,
        0.1,
        0.1
      ]
    },
    "ma_5_20_cross": {
      "edges": [
        -0.07699519919436748,
        -0.012045675598539451,
        -0.00424079468260936,
        0.0023512246581677276,
        0.007831986671136451,
        0.01733396097967832,
        0.02485423300457801,
        0.031339883012949966,
        0.0408390439698545,
        0.05005390547516571,
        0.07735692562897434
      ],
      "ref_props": [
        0.1,
        0.1,
        0.1,
        0.1,
        0.1,
        0.1,
        0.1,
        0.1,
        0.1,
        0.1
      ]
    },
    "ma_20_60_cross": {
      "edges": [
        -0.04985524135545061,
        -0.01026735523454435,
        0.005338206714742724,
        0.019213329217520073,
        0.026133050223898825,
        0.03757534824345776,
        0.0476165585939958,
        0.05965488862330755,
        0.08126871625313861,
        0.10138015915769362,
        0.1148458648589874
      ],
      "ref_props": [
        0.1,
        0.1,
        0.1,
        0.1,
        0.1,
        0.1,
        0.1,
        0.1,
        0.1,
        0.1
      ]
    },
    "rsi": {
      "edges": [
        28.246249353336793,
        42.34338542813119,
        47.86124401913875,
        51.04546905376781,
        54.51883354454396,
        58.33595552758548,
        61.333811704125715,
        65.5933774528131,
        67.86081209597272,
        72.10436637059185,
        83.9622641509434
      ],