tree
version=v4
num_class=1
num_tree_per_iteration=1
label_index=0
max_feature_idx=44
objective=binary sigmoid:1
feature_names=return_1d return_2d return_3d return_5d return_10d return_20d div_ma_5 div_ma_10 div_ma_20 div_ma_60 ma_5_20_cross ma_20_60_cross rsi rsi_change macd macd_signal macd_hist macd_hist_change bb_pct_b bb_bandwidth atr_pct volatility vol_change vol_ratio candle_body_pct upper_shadow_pct lower_shadow_pct day_of_week month is_month_end is_month_start streak gap price_position_20d macro_usdjpy_ret_20 macro_usdjpy_ret_60 macro_usdjpy_vol_20 macro_topix_ret_20 macro_topix_vol_20 macro_topix_above_200dma macro_nikkei_ret_20 macro_nikkei_above_200dma macro_nikkei_vi macro_jgb10y macro_bias_score
feature_infos=[-0.18657854600915103:0.12116538131962296] [-0.25189947399181767:0.2074644907827139] [-0.3014625627592229:0.28316711997582344] [-0.31791537887669186:0.3152866242038217] [-0.39047619047619042:0.44195079844626672] [-0.42984409799554568:0.58086124401913874] [-0.22482498001501908:0.14419682556792149] [-0.28824039680597874:0.220132473167718] [-0.36786377464343561:0.31181386854068649] [-0.3393991628948767:0.6212688489678152] [-0.2359424936977228:0.2167910809500726] [-0.15890414305683287:0.26725147687920137] [3.8397942311225535:98.426323319027176] [-28.202445295691867:27.080820265379984] [-417.18584337889388:525.67968816102984] [-328.5533647448047:478.86647176599382] [-222.59269646543004:104.60310264702855] [-68.922130654210434:54.628255248160372] [-0.29270546053214475:1.4057355996221619] [0.052067827745279162:0.67893117924815516] [0.018130712783761747:0.11480089111668058] [0.0099235579949863515:0.06507668877605477] [-0.88065286059756276:4.4616607071911005] [0.49606298396268567:2.5094845456242787] [-1:1] [0:0.88888888888888884] [0:0.93269230769230771] [0:4] [1:12] none [0:1] [-9:12] [-0.12710336538461542:0.14827018121911029] [0:1] [-0.10288784967882303:0.08505611680078462] [-0.13986255140503889:0.13160084488587853] [0.0024251968629527628:0.011841457708833433] [-0.21871130063915301:0.21255316252998058] [0.0039190553184293257:0.040640975235326546] [0:1] [-0.22859537662338159:0.23022297972565586] [0:1] none none none
tree_sizes=1092 995 992 1094 1180 983 968 985 985 985 1281 992 1194 996 991 1097 862 784 781 1204 888 1316 1207 1099 877 776 766 1274 1294 1514 987 878 1088 1088 877 984 1076 783 684 1207 1278 1272 993 889 1293 997 1103 993 1206 996 787 889 1000 980 1187 1196 1097 780 886 1096 1272 993 1210 887 1079 1200 681 1084 1189 1067 1309 786 788 1094 793 886 1416 890 674 891 783 1103 1105 996 1005 1187 1204 1202 1205 1209 998 995 1096 1175 1391

Tree=0
num_leaves=9
num_cat=0
split_feature=39 9 15 28 37 34 28 5
split_gain=16.1067 17.9571 12.1083 9.4319 8.48115 7.07184 3.15852 3.09681
threshold=1.0000000180025095e-35 0.11249491697980293 22.685261855311328 9.5000000000000018 0.03204058013318057 0.011249363949162096 6.5000000000000009 0.21492034448223776
decision_type=2 2 2 2 2 2 2 2
left_child=-1 2 3 -2 7 -6 -4 -3
right_child=1 4 6 -5 5 -7 -8 -9
leaf_value=-0.00085655374534027509 -0.040009062884338017 0.0052668711862937298 -0.039500959085081708 -0.018545520840645702 -0.049342215237453579 -0.016361556876065997 -0.071182000601066442 -0.023067296381431221
leaf_weight=14.747009947896002 57.488343864679337 12.997364699840547 8.2483275979757327 24.245084151625633 7.7484289556741741 12.497466057538984 9.7480235248804075 7.4984796345233908
leaf_count=59 230 52 33 97 31 50 39 30
internal_value=-0.0285899 -0.0319536 -0.0388479 -0.0333779 -0.0157328 -0.0290504 -0.0599663 -0.00302972
internal_weight=155.219 140.472 99.7298 81.7334 40.7417 20.2459 17.9964 20.4958
internal_count=621 562 399 327 163 81 72 82
is_linear=0
shrinkage=1


Tree=1
num_leaves=8
num_cat=0
split_feature=39 9 9 5 38 34 23
split_gain=15.2596 17.0369 8.87606 8.23606 9.25104 6.97904 2.5232
threshold=1.0000000180025095e-35 0.11249491697980293 0.052007077997757105 0.2732706969940511 0.008658820925991401 0.0093445617036196377 0.97042597616496529
decision_type=2 2 2 2 2 2 2
left_child=-1 2 5 4 -3 -2 -4
right_child=1 3 6 -5 -6 -7 -8
leaf_value=0.026888305713196396 0.0022908077248047754 0.037568515344073614 -0.040262734424770762 -0.0067935633649029688 0.0030261832273332295 -0.014514844400808819 -0.009810350880589961
leaf_weight=14.749997362494467 44.234993755817413 13.248991876840593 8.4942710250616056 11.997172459959982 15.497195854783056 39.485812142491341 7.4942774921655646
leaf_count=59 177 53 34 48 62 158 30
internal_value=-0.000100474 -0.00337778 -0.0100966 0.0124169 0.0208426 -0.00561409 -0.0295004
internal_weight=155.203 140.453 99.7094 40.7434 28.7462 83.7208 15.9885
internal_count=621 562 399 163 115 335 64
is_linear=0
shrinkage=0.03


Tree=2
num_leaves=8
num_cat=0
split_feature=39 14 15 37 28 6 38
split_gain=14.4663 13.0528 10.7979 10.494 8.76762 4.81879 3.77819
threshold=1.0000000180025095e-35 45.23589419403573 32.592265482340103 0.03204058013318057 9.5000000000000018 0.006538504603597819 0.0085785818047111398
decision_type=2 2 2 2 2 2 2
left_child=-1 2 4 6 -2 -5 -3
right_child=1 3 -4 5 -6 -7 -8
leaf_value=0.026181911008103586 -0.011684982168026737 0.033079475115596751 -0.038986484303694668 0.010396359383603527 0.0084307600103207311 -0.015562182240698183 0.0044407190052612473
leaf_weight=14.747501403093336 63.460731312632561 13.245562180876734 8.2344436049461347 8.9949461817741412 25.244551599025726 12.74593213200569 8.4981315433979017
leaf_count=59 254 53 33 36 101 51 34
internal_value=-9.52818e-05 -0.00328917 -0.00944232 0.00991024 -0.00573522 -0.00421937 0.0238351
internal_weight=155.172 140.424 96.9397 43.4846 88.7053 21.7409 21.7437
internal_count=621 562 388 174 355 87 87
is_linear=0
shrinkage=0.03


Tree=3
num_leaves=9
num_cat=0
split_feature=23 19 3 2 0 26 14 2
split_gain=14.2845 15.4843 8.64369 9.72124 7.65874 5.69669 4.3493 0.48186
threshold=1.2012364780327032 0.13972034097257549 -0.062774759612173645 0.0088501631344601889 0.010768982093460002 0.077254641909814334 -49.51010595781667 0.051620672454064993
decision_type=2 2 2 2 2 2 2 2
left_child=2 -2 6 4 -4 -5 -1 -3
right_child=1 7 3 5 -6 -7 -8 -9
leaf_value=-0.003922598765690944 -0.014005998954708046 0.037234872413729907 0.001237670310090813 -0.027558569887861286 0.028662196254238135 -0.0043130803050152201 -0.038386489848117003 0.014114311999971112
leaf_weight=7.4937241673469543 7.7421243637800243 12.992766469717028 48.954200863838196 11.74143600463867 9.7435672432184202 41.468225210905075 7.4897910207509977 7.4955162554979315
leaf_count=30 31 52 196 47 39 166 30 30
internal_value=-7.76911e-05 0.0183864 -0.00452348 -0.00133016 0.00683157 -0.0105267 -0.0245249 0.0314509
internal_weight=155.121 28.2304 126.891 111.907 58.6978 53.2097 14.9835 20.4883
internal_count=621 113 508 448 235 213 60 82
is_linear=0
shrinkage=0.03


Tree=4
num_leaves=10
num_cat=0
split_feature=19 40 3 13 1 18 14 3 10
split_gain=13.5636 9.69765 8.5802 6.44778 5.48407 4.97811 7.76547 4.10872 2.60493
threshold=0.10876285626715494 0.070360624887116266 -0.062774759612173645 6.4686230600901142 -0.027610912324068201 0.28633751962176962 -2.6299232892490632 0.019201807399039875 0.077509066368709592
decision_type=2 2 2 2 2 2 2 2 2
left_child=5 2 4 -4 -2 -1 -7 -8 -3
right_child=1 8 3 -5 -6 6 7 -9 -10
leaf_value=0.0029827836884752947 -0.023434071779920327 -0.022966327781834221 0.015823665142559156 -0.0052040198025886178 0.0068463620628734468 -0.041756282082278801 0.0052008466346348935 -0.020977373637816321 0
leaf_weight=7.4899447262287131 9.4821849167346972 10.23727807402611 71.694099873304367 13.738135322928427 7.7415468990802756 9.4912397861480731 8.9860468059778231 7.9892154186964026 8.2467456758022291
leaf_count=30 38 41 287 55 31 38 36 32 33
internal_value=-7.80788e-05 0.00456123 0.00828265 0.012229 -0.00974734 -0.0163791 -0.02221 -0.00724157 -0.0141651
internal_weight=155.096 121.14 102.656 85.4322 17.2237 33.9564 26.4665 16.9753 18.484
internal_count=621 485 411 342 69 136 106 68 74
is_linear=0
shrinkage=0.03


Tree=5
num_leaves=8
num_cat=0
split_feature=34 23 31 28 2 14 23
split_gain=12.3317 10.4496 9.45591 7.88503 6.80143 5.32745 4.02684
threshold=0.038217894311869512 1.2573801166603287 1.5000000000000002 1.5000000000000002 0.022202280820194379 24.664602259126585 0.9552777536479341
decision_type=2 2 2 2 2 2 2
left_child=1 2 3 -1 -4 -3 -2
right_child=6 5 4 -5 -6 -7 -8
leaf_value=0.029315669864578897 -0.0047484787775365208 0.0036579594118473216 0.004261749940966052 0.00075377478610494538 -0.022161350411601079 0.035298017636569874 -0.03812424183457206
leaf_weight=7.9918305277824393 7.7362251877784711 10.986918896436693 10.988990873098372 78.418150916695595 24.473564848303795 9.7443581819534284 7.489236444234848
leaf_count=32 31 44 44 314 98 39 30
internal_value=-0.000492674 0.00227697 -0.00107207 0.00416847 -0.0137827 0.0209869 -0.0245568
internal_weight=157.829 142.604 121.873 86.41 35.4626 20.7313 15.2255
internal_count=632 571 488 346 142 83 61
is_linear=0
shrinkage=0.03


Tree=6
num_leaves=8
num_cat=0
split_feature=34 5 5 6 11 35 38
split_gain=11.7954 8.40886 12.4835 9.32822 12.5306 5.17962 1.0157
threshold=0.038217894311869512 0.14053273271380731 0.2732706969940511 0.017699337444702996 0.040736675653333283 -0.015157193110803433 0.008608071958192071
decision_type=2 2 2 2 2 2 2
left_child=1 3 6 4 -1 -5 -3
right_child=-2 2 -4 5 -6 -7 -8
leaf_value=0.010025606365134295 -0.024012936223470886 0.039366665373677709 -0.0059377434206015281 0 -0.015489600077999066 -0.026188021316766553 0.013785102248884939
leaf_weight=64.446848660707474 15.213239297270773 9.485401660203939 12.24035833775997 11.232393592596056 21.211242914199829 15.976286098361014 7.9955106377601615
leaf_count=258 61 38 49 45 85 64 32
internal_value=-0.000466484 0.00223944 0.0159318 -0.0014502 0.00332698 -0.0162012 0.0310525
internal_weight=157.801 142.588 29.7213 112.867 85.6581 27.2087 17.4809
internal_count=632 571 119 452 343 109 70
is_linear=0
shrinkage=0.03


Tree=7
num_leaves=8
num_cat=0
split_feature=23 19 16 34 28 23 19
split_gain=11.3231 11.4556 7.97869 8.01523 8.56139 1.46863 0.799418
threshold=1.2325700314185479 0.17392151042822465 25.881013809574526 0.039765647226320595 1.5000000000000002 0.9552777536479341 0.35002098897411715
decision_type=2 2 2 2 2 2 2
left_child=2 -2 3 4 -1 -4 -3
right_child=1 6 5 -5 -6 -7 -8
leaf_value=0.025953431706256164 -0.0097264993804417298 0.039855036696315987 -0.007218757551098855 -0.021852975739041783 -0.0010749467033930593 -0.031301262991381557 0.014137901724910218
leaf_weight=9.7378267496824247 7.4853145778179195 8.2362250685691816 7.4957028180360785 12.70643465220928 96.113785803318024 8.240938335657118 7.7403568327426902
leaf_count=39 30 33 30 51 385 33 31
internal_value=-0.000456298 0.0178076 -0.00397162 -0.0010137 0.00170762 -0.0227834 0.0311891
internal_weight=157.757 23.4619 134.295 118.558 105.852 15.7366 15.9766
internal_count=632 94 538 475 424 63 64
is_linear=0
shrinkage=0.03


Tree=8
num_leaves=8
num_cat=0
split_feature=23 6 5 11 14 5 18
split_gain=10.804 7.97765 7.38421 9.03963 6.13001 5.81434 0.936271
threshold=1.2573801166603287 0.03204275198339767 0.1284959000487205 -0.029013492521863801 24.664602259126585 0.2197117778715281 0.91190305909971647
decision_type=2 2 2 2 2 2 2
left_child=1 2 3 -1 -2 -4 -3
right_child=4 6 5 -5 -6 -7 -8
leaf_value=0.0070159019800521104 0.0012069245166786455 -0.0076820590854486271 0.030665914233651382 -0.010861992673215587 0.033750888235571749 -0.0010534151413385511 -0.028445786209423084
leaf_weight=38.964081913232803 11.475348964333536 7.7350255548954037 8.9846550822258013 63.35970550775528 9.7241288125514966 7.9903346896171561 9.481757774949072
leaf_count=156 46 31 36 254 39 32 38
internal_value=-0.000442258 -0.00370066 -0.000669472 -0.00390646 0.018404 0.0164074 -0.0216682
internal_weight=157.715 136.516 119.299 102.324 21.1995 16.975 17.2168
internal_count=632 547 478 410 85 68 69
is_linear=0
shrinkage=0.03


Tree=9
num_leaves=8
num_cat=0
split_feature=34 23 12 15 15 0 23
split_gain=10.5241 9.0479 9.09634 15.4079 14.8639 4.1053 3.98952
threshold=0.038217894311869512 1.2573801166603287 37.994649079143862 -9.9163111572744143 -12.161855552204219 0.013867503418503737 0.9552777536479341
decision_type=2 2 2 2 2 2 2
left_child=1 2 4 -4 -1 -3 -2
right_child=6 5 3 -5 -6 -7 -8
leaf_value=0.030656568143614702 -0.0034379538240336999 0.0052410935491846687 -0.020926939193338004 0.0033519624946460051 -0.015855401105543884 0.033828803710388537 -0.036097848020409176
leaf_weight=15.736966297030451 7.7169272899627668 12.213643074035646 33.956308513879776 64.624624624848366 7.4844262450933448 8.474141448736189 7.4534105509519577
leaf_count=63 31 49 136 259 30 34 30
internal_value=-0.000417063 0.00213209 -0.000975403 -0.00511163 0.0150022 0.0195622 -0.0226934
internal_weight=157.66 142.49 121.802 98.5809 23.2214 20.6878 15.1703
internal_count=632 571 488 395 93 83 61
is_linear=0
shrinkage=0.03


Tree=10
num_leaves=11
num_cat=0
split_feature=19 11 14 18 3 16 15 15 14 19
split_gain=9.39287 8.74516 8.53493 13.4205 7.84113 9.78236 6.5868 5.89217 5.22295 2.5727
threshold=0.11440080515963082 0.034115749937105318 -2.6299232892490632 0.29276331022965313 -0.062774759612173645 24.491786493416139 -15.482489565527599 33.828070507925183 -7.1889873100677724 0.10266141683498438
decision_type=2 2 2 2 2 2 2 2 2 2
left_child=1 2 3 -1 6 8 -2 -7 -6 -4
right_child=4 -3 9 -5 5 7 -8 -9 -10 -11
leaf_value=0.011720388811523557 0.0052049197421728472 -0.029937263888978698 0.024945532778043601 -0.035570100110961761 0.0044332553641828832 -0.020888943274918231 -0.028633561844038445 0.0075593378960359479 0.021935429907616068 0
leaf_weight=7.9870217889547375 8.7368771582841891 11.462382942438124 7.4885254353284818 9.7082914710044843 29.1961320489645 10.970750063657762 7.7177451252937308 10.691141054034231 42.152891159057617 7.4803834557533264
leaf_count=32 35 46 30 39 117 44 31 43 169 30
internal_value=0.00172747 -0.00955316 -0.00065278 -0.0144407 0.00649919 0.00996522 -0.0112367 -0.00676229 0.0152942 0.0145434
internal_weight=153.592 44.1266 32.6642 17.6953 109.466 93.0109 16.4546 21.6619 71.349 14.9689
internal_count=616 177 131 71 439 373 66 87 286 60
is_linear=0
shrinkage=0.03


Tree=11
num_leaves=8
num_cat=0
split_feature=5 5 39 34 21 5 12
split_gain=10.9378 12.2176 9.90254 7.46894 8.0324 3.58643 1.61384
threshold=0.14053273271380731 0.2732706969940511 1.0000000180025095e-35 0.022966732154506623 0.050265528045597946 -0.001963168473195442 74.542085465917353
decision_type=2 2 2 2 2 2 2
left_child=2 6 -1 4 -4 -5 -2
right_child=1 -3 3 5 -6 -7 -8
leaf_value=0.019554334631143051 0.03859743862373291 -0.0055692012866583891 0.0030496191095072088 -0.025561409840265337 -0.025059753954268304 -0.0027354509758782146 0.012394556264272062
leaf_weight=13.963290005922316 11.443120971322065 11.973662301898001 69.105607315897942 18.412347972393039 8.4774028807878476 11.950235247611998 8.2087829411029798
leaf_count=56 46 48 277 74 34 48 33
internal_value=0.00166579 0.0168795 -0.00236862 -0.00564502 -0.000385963 -0.0177652 0.0305009
internal_weight=153.534 31.6256 121.909 107.946 77.583 30.3626 19.6519
internal_count=616 127 489 433 311 122 79
is_linear=0
shrinkage=0.03


Tree=12
num_leaves=10
num_cat=0
split_feature=19 37 14 16 2 17 38 12 0
split_gain=8.72528 8.87338 8.06785 8.15909 8.07015 7.42298 9.65466 4.08608 1.23813
threshold=0.11440080515963082 0.047442334832173645 -10.276095472390805 28.169835167829909 -0.031461142397470936 0.33593150829861435 0.0079549340672622707 68.966048939078362 0.011164723296082981
decision_type=2 2 2 2 2 2 2 2 2
left_child=5 2 4 -4 -2 6 -1 -3 -7
right_child=1 7 3 -5 -6 8 -8 -9 -10
leaf_value=0.017367555716367226 -0.017900854986601725 -0.019459905677803452 0.024490909960978868 -0.0067728042050040193 0.0094145488220181758 -0.032502404403066967 -0.015521471162237418 0.0039156071654974931 -0.0086382515721472024
leaf_weight=13.479856520891191 12.206743970513342 13.198299646377565 38.359757900238037 7.451963707804679 28.684029385447502 8.4459213018417341 14.686184644699095 9.4757285714149457 7.464543178677558
leaf_count=54 49 53 154 30 115 34 59 38 30
internal_value=0.00161946 0.00622368 0.0106423 0.0190211 0.000456122 -0.00925464 0 -0.00955754 -0.0243586
internal_weight=153.453 109.377 86.7025 45.8117 40.8908 44.0765 28.166 22.674 15.9105
internal_count=616 439 348 184 164 177 113 91 64
is_linear=0
shrinkage=0.03


Tree=13
num_leaves=8
num_cat=0
split_feature=5 5 39 34 19 10 8
split_gain=10.1322 11.4549 9.30314 7.00884 5.74281 3.53844 2.72621
threshold=0.14053273271380731 0.2732706969940511 1.0000000180025095e-35 0.023372289972194763 0.23863818654681396 0.0042957132071859147 0.10769295989558496
decision_type=2 2 2 2 2 2 2
left_child=2 6 -1 4 -4 -5 -2
right_child=1 -3 3 5 -6 -7 -8
leaf_value=0.018919595433574712 0.038245746281727354 -0.0054803114285608802 0.0029170256431474673 -0.02420369008617064 -0.017857564516637822 -0.00023650093491203421 0.0091381833195132711
leaf_weight=13.947495698928831 11.912571385502821 11.973526924848555 66.337248638272285 19.861184179782871 12.458957895636557 9.2068789750337583 7.6840585470199576
leaf_count=56 48 48 266 80 50 37 31
internal_value=0.00154523 0.0162052 -0.00233348 -0.00551255 -0.000542851 -0.0175992 0.0294301
internal_weight=153.382 31.5702 121.812 107.864 78.7962 29.0681 19.5966
internal_count=616 127 489 433 316 117 79
is_linear=0
shrinkage=0.03


Tree=14
num_leaves=8
num_cat=0
split_feature=5 5 39 34 4 10 16
split_gain=9.63747 10.931 8.83393 6.64793 8.31515 3.53865 1.58498
threshold=0.14053273271380731 0.2732706969940511 1.0000000180025095e-35 0.022966732154506623 0.040855467604617786 0.0042957132071859147 21.69134904195063
decision_type=2 2 2 2 2 2 2
left_child=2 6 -1 4 -4 -5 -2
right_child=1 -3 3 5 -6 -7 -8
leaf_value=0.018440572329001436 0.035930807832067702 -0.005339411903517311 0.0051835676239324639 -0.023370197701398948 -0.01647737823402998 -6.2412347015665184e-05 0.010274078674816143
leaf_weight=13.932684794068335 12.142136767506605 11.973582237958906 57.859549030661583 20.57142281532288 19.687215745449066 9.7043658494949323 7.4120083004236212
leaf_count=56 49 48 232 83 79 39 30
internal_value=0.00150528 0.0158146 -0.00227452 -0.00537496 -0.000403064 -0.0168309 0.0287573
internal_weight=153.283 31.5277 121.755 107.823 77.5468 30.2758 19.5541
internal_count=616 127 489 433 311 122 79
is_linear=0
shrinkage=0.03


Tree=15
num_leaves=9
num_cat=0
split_feature=26 37 5 5 6 36 11 13
split_gain=9.3653 6.16636 7.00017 10.4301 8.0127 4.16145 3.58437 2.9923
threshold=0.65730557737627671 0.042089289302521544 0.10800869745549159 0.2245772383027286 0.014904154394181848 0.0060445121867038097 -0.011357137004999905 0.15900919691312512
decision_type=2 2 2 2 2 2 2 2
left_child=1 2 4 -4 -1 7 -7 -3
right_child=-2 5 3 -5 -6 6 -8 -9
leaf_value=0.0010260711710451209 0.026233401430179337 0.0053734239488486433 0.029917077342114396 -0.0098721769852396571 -0.018648402709016482 -0.0039195059241261248 -0.032317130345953723 -0.016107266162340914
leaf_weight=64.702356517314911 7.4687880724668494 12.201852574944498 12.584653228521349 7.9435870945453635 23.390658497810364 8.2150605171918887 12.457186579704283 7.4644971191883078
leaf_count=260 30 49 51 32 94 33 50 30
internal_value=-0.00253665 -0.00440697 -0.000469065 0.0143449 -0.00432946 -0.0141334 -0.0230349 -0.00282164
internal_weight=156.429 148.96 108.621 20.5282 88.093 40.3386 20.6722 19.6663
internal_count=629 599 437 83 354 162 83 79
is_linear=0
shrinkage=0.03


Tree=16
num_leaves=7
num_cat=0
split_feature=26 31 7 12 23 3
split_gain=8.92889 6.96605 9.34995 8.0156 5.66026 4.41624
threshold=0.65730557737627671 2.5000000000000004 -0.037031477985266688 41.388499274193769 1.0807660173748124 0.055608061665357374
decision_type=2 2 2 2 2 2
left_child=1 2 4 -4 -1 -3
right_child=-2 5 3 -5 -6 -7
leaf_value=-0.028696743574839378 0.02562391833851695 -0.031879052555886828 0.017519616917027671 -0.0018785654497850937 0 -0.0035368027884685183
leaf_weight=13.911108553409578 7.4646734446287146 10.423598274588587 22.645137548446655 81.037412211298943 9.4559362232685071 11.413143783807753
leaf_count=56 30 42 91 326 38 46
internal_value=-0.00246866 -0.00429752 -0.00135564 0.0024676 -0.0177682 -0.0192347
internal_weight=156.351 148.886 127.05 103.683 23.367 21.8367
internal_count=629 599 511 417 94 88
is_linear=0
shrinkage=0.03


Tree=17
num_leaves=6
num_cat=0
split_feature=31 3 18 1 12
split_gain=6.26331 6.70709 6.61728 6.03218 5.05924
threshold=2.5000000000000004 -0.078480111637940095 0.94524912507443026 0.0037831427429536606 69.863797831061206
decision_type=2 2 2 2 2
left_child=1 -1 3 -3 -2
right_child=4 2 -4 -5 -6
leaf_value=-0.017675717492973073 -0.025256249590776707 -0.00093346532036163335 -0.02128198107486318 0.012887294939606412 0.0018697859354004642
leaf_weight=14.632605895400046 15.357526853680612 65.652079969644547 7.4369800686836234 45.517565250396729 7.7043199390172949
leaf_count=59 62 264 30 183 31
internal_value=-0.00240586 6.94409e-05 0.00263986 0.00472054 -0.0161696
internal_weight=156.301 133.239 118.607 111.17 23.0618
internal_count=629 536 477 447 93
is_linear=0
shrinkage=0.03


Tree=18
num_leaves=6
num_cat=0
split_feature=26 31 16 5 18
split_gain=8.46728 6.28336 5.27999 7.52501 3.42695
threshold=0.65730557737627671 2.5000000000000004 25.881013809574526 0.10985813931068535 0.93630684577946333
decision_type=2 2 2 2 2
left_child=1 2 3 -1 -3
right_child=-2 4 -4 -5 -6
leaf_value=-0.0027449589697714229 0.02500582339487302 -0.027938213760921742 -0.017863851111774184 0.016744540900761558 -0.0022816297269263857
leaf_weight=93.792946621775627 7.4577958583831778 12.133913516998293 13.410690918564795 19.815881296992302 9.6533903628587705
leaf_count=377 30 49 54 80 39
internal_value=-0.00235624 -0.00414046 -0.00134046 0.000755558 -0.0183487
internal_weight=156.265 148.807 127.02 113.609 21.7873
internal_count=629 599 511 457 88
is_linear=0
shrinkage=0.03


Tree=19
num_leaves=10
num_cat=0
split_feature=19 7 16 23 34 2 6 26 34
split_gain=8.45104 10.7932 11.585 9.00146 8.10774 5.95165 3.41733 2.72869 1.14365
threshold=0.11735452282089485 -0.065545541904763319 24.491786493416139 1.1760746723188558 -0.004025471354145215 -0.026531414445653375 0.03204275198339767 0.19322956455309401 0.016483236562558571
decision_type=2 2 2 2 2 2 2 2 2
left_child=4 -2 3 -3 7 -6 -4 -1 -7
right_child=1 2 6 -5 5 8 -8 -9 -10
leaf_value=0.015771166539183423 -0.024380625299386092 0.0059327909605660844 -0.00093543387154641224 0.033728454228489746 0.00050634529587292778 -0.037868817648366901 -0.025239775082905487 -0.0065577686717567182 -0.016109860844082446
leaf_weight=7.471799820661543 10.158710330724714 66.402132347226143 12.898055359721186 11.390558451414107 7.4476964771747616 9.9324396848678607 8.9216931760311109 7.4786795526742935 14.094789549708365
leaf_count=30 41 267 52 46 30 40 36 30 57
internal_value=-0.00229286 0.00215999 0.00544088 0.0109341 -0.0127856 -0.0211014 -0.0127876 0.00426078 -0.0278997
internal_weight=156.197 109.771 99.6124 77.7927 46.4254 31.4749 21.8197 14.9505 24.0272
internal_count=629 442 401 313 187 127 88 60 97
is_linear=0
shrinkage=0.03


Tree=20
num_leaves=7
num_cat=0
split_feature=23 9 15 20 19 35
split_gain=13.7713 10.8879 10.1993 9.83267 8.63144 5.84369
threshold=1.2325700314185479 -0.10579354983328405 -94.017098378941725 0.053454522492118781 0.15679085155699071 0.066801467164195008
decision_type=2 2 2 2 2 2
left_child=1 2 -1 5 -2 -3
right_child=4 3 -4 -5 -6 -7
leaf_value=0.036871316091217333 -0.0040639597011833612 -0.0065993415991420735 -0.0051590970156350406 -0.032897550782810828 0.031259854172181405 0.014006254558298651
leaf_weight=8.7188857346773165 7.6922069042921093 94.830307990312576 8.2163219153881055 10.139954462647436 16.58140367269516 11.933005005121229
leaf_count=35 31 382 33 41 67 48
internal_value=6.70394e-05 -0.00368621 0.0172965 -0.00709183 0.0200377 -0.00394312
internal_weight=158.112 133.838 16.9352 116.903 24.2736 106.763
internal_count=637 539 68 471 98 430
is_linear=0
shrinkage=0.03


Tree=21
num_leaves=11
num_cat=0
split_feature=19 37 38 20 1 9 38 5 4 15
split_gain=11.2369 15.6942 6.66083 6.26539 5.94374 7.7564 5.34578 5.31006 4.50177 3.82383
threshold=0.11735452282089485 0.045152827802243285 0.0081141366798509907 0.022045850404108683 -0.025144372200004924 -0.10579354983328405 0.010738548210211982 0.15754089396702223 -0.030216859353885735 -1.0000000180025095e-35
decision_type=2 2 2 2 2 2 2 2 2 2
left_child=2 4 3 -1 8 -6 -4 -3 -2 -5
right_child=1 7 6 9 5 -7 -8 -9 -10 -11
leaf_value=-0.020413978125717904 -0.015725020175150799 -0.025141336955083492 -0.035271537276336522 -0.0052771950923743609 0.036290544007636455 0.0098314246736274039 -0.004734754846198788 0.00079795495763151654 0.011171438818831208 0.019631293177523088
leaf_weight=7.6584560722112682 9.6694792658090609 14.385309383273126 11.864674374461176 7.4585091173648896 12.186516836285589 54.078978478908539 11.425962045788763 10.431178629398344 8.4235685318708402 10.434846714138979
leaf_count=31 39 58 48 30 49 218 46 42 34 42
internal_value=7.19938e-05 0.00550562 -0.0115173 -0.000107789 0.0117431 0.0158378 -0.022443 -0.0144325 -0.00259077 0.00900792
internal_weight=158.017 109.175 48.8424 25.5518 84.3585 66.2655 23.2906 24.8165 18.093 17.8934
internal_count=637 440 197 103 340 267 94 100 73 72
is_linear=0
shrinkage=0.03


Tree=22
num_leaves=10
num_cat=0
split_feature=34 19 37 18 34 18 18 19 5
split_gain=11.4769 8.64666 10.0444 7.44046 10.4024 7.37259 6.36817 4.06729 3.1229
threshold=0.029745213301793697 0.10633428912894542 0.042089289302521544 0.29715162984351789 -0.0075609324700373062 0.70778944717996428 0.13012106876794893 0.15679085155699071 1.0000000180025095e-35
decision_type=2 2 2 2 2 2 2 2 2
left_child=1 3 6 -1 -5 -4 -3 8 -2
right_child=7 2 5 4 -6 -7 -8 -9 -10
leaf_value=0.012615732300836459 -0.036288134390385238 -0.0075954679099867846 -0.025842885220412559 0.0063446472059638052 -0.033146406175857984 0.0057752722929107136 0.016444270827930384 -0.00038436353486475219 -0.0068559655502334858
leaf_weight=7.4846969991922405 8.8125238865613991 9.4163827300071699 9.9136194735765475 7.9629827886819902 13.580448806285853 12.435779973864554 68.97462072968483 10.88531520962715 8.4284335821866971
leaf_count=30 36 38 40 32 55 50 278 44 34
internal_value=5.32697e-05 0.00396402 0.00818472 -0.00978363 -0.0186134 -0.00860439 0.0132529 -0.0165575 -0.0248877
internal_weight=157.895 129.769 100.74 29.0281 21.5434 22.3494 78.391 28.1263 17.241
internal_count=637 523 406 117 87 90 316 114 70
is_linear=0
shrinkage=0.03


Tree=23
num_leaves=9
num_cat=0
split_feature=23 28 34 32 0 6 28 24
split_gain=12.7403 9.13307 8.78602 6.78902 6.07567 5.29767 4.22879 3.50906
threshold=1.2325700314185479 5.5000000000000009 0.029745213301793697 -0.0002921051415248343 0.0025728910881397398 0.0041426295283801566 7.5000000000000009 0.19425778058871587
decision_type=2 2 2 2 2 2 2 2
left_child=2 -2 3 7 -5 6 -4 -1
right_child=1 -3 5 4 -6 -7 -8 -9
leaf_value=-0.00061045877597767646 -0.0036673202342247715 0.031869989244257255 0.008345617259745074 0.018255193801709559 -0.00033739382367783803 -0.034297484496262895 -0.019371257230393058 -0.01758858400670902
leaf_weight=27.564926296472549 8.6490299850702304 15.521183893084524 7.684031620621683 22.842026844620705 39.195952296257019 9.8603778481483442 7.5961069315671921 18.826845213770866
leaf_count=111 35 63 31 92 158 40 31 76
internal_value=1.70893e-05 0.0192718 -0.00358941 9.26731e-05 0.00663039 -0.0188593 -0.00521231 -0.0082527
internal_weight=157.74 24.1702 133.57 108.43 62.038 25.1405 15.2801 46.3918
internal_count=637 98 539 437 250 102 62 187
is_linear=0
shrinkage=0.03


Tree=24
num_leaves=7
num_cat=0
split_feature=23 9 20 15 28 34
split_gain=12.0848 9.67278 9.37627 9.27588 8.70345 8.51832
threshold=1.2325700314185479 -0.10579354983328405 0.053454522492118781 -94.017098378941725 5.5000000000000009 0.026408176255276809
decision_type=2 2 2 2 2 2
left_child=1 3 5 -1 -2 -3
right_child=4 2 -4 -5 -6 -7
leaf_value=0.034958273847823317 -0.0035777843743943121 0.0011127961380168879 -0.031975056108356319 -0.0050809232738686285 0.031096430058375122 -0.017908603345646448
leaf_weight=8.7094054222106951 8.6495545655488986 80.405269548296928 10.090351954102514 8.1990068256854993 15.480431899428366 26.106848478317261
leaf_count=35 35 324 41 33 63 106
internal_value=0 -0.00351029 -0.00673041 0.0162659 0.0187707 -0.00365539
internal_weight=157.641 133.511 116.602 16.9084 24.13 106.512
internal_count=637 539 471 68 98 430
is_linear=0
shrinkage=0.03


Tree=25
num_leaves=6
num_cat=0
split_feature=23 0 11 4 37
split_gain=6.9408 6.34816 8.38653 9.27718 4.82221
threshold=1.3961652199847732 0.037793654173483245 0.063974919681863654 -0.048379037678743068 0.068782935448324048
decision_type=2 2 2 2 2
left_child=1 2 4 -4 -1
right_child=-2 -3 3 -5 -6
leaf_value=0.0066346228626442284 0.022102116642951673 -0.020550746902178223 -0.037649475950698723 -0.0021933740029681037 -0.015636669047426319
leaf_weight=93.949977844953537 9.8412167429923993 12.613872706890104 7.5843995660543433 26.02083432674408 7.394124597311019
leaf_count=379 40 51 31 105 30
internal_value=0 -0.00175802 0.000163501 -0.0122821 0.00459338
internal_weight=157.404 147.563 134.949 33.6052 101.344
internal_count=636 596 545 136 409
is_linear=0
shrinkage=0.03


Tree=26
num_leaves=6
num_cat=0
split_feature=23 2 2 16 35
split_gain=6.62433 7.11078 7.27223 5.38194 3.73365
threshold=1.3961652199847732 -0.069668073697595187 0.032577681832607681 5.574401191140125 0.045418121766629523
decision_type=2 2 2 2 2
left_child=1 -1 3 -3 -4
right_child=-2 2 4 -5 -6
leaf_value=-0.026007617863276312 0.021588349679385683 -0.00051115026062091594 -0.017343446950557045 0.013650179288957001 0.0021671528593529363
leaf_weight=8.1306241750717145 9.8210592716932279 70.573568642139435 24.961307972669601 33.21164707839489 10.637280955910681
leaf_count=33 40 285 101 134 43
internal_value=0 -0.00173989 0 0.00405113 -0.0113093
internal_weight=157.335 147.514 139.384 103.785 35.5986
internal_count=636 596 563 419 144
is_linear=0
shrinkage=0.03


Tree=27
num_leaves=11
num_cat=0
split_feature=37 19 34 6 7 11 11 18 6 22
split_gain=5.28853 7.65118 7.62099 6.42773 8.42732 3.54795 5.28402 2.44801 2.06869 1.80193
threshold=0.045152827802243285 0.10876285626715494 -0.0024426955222636155 0.030830233224208598 -0.037031477985266688 0.015201584457817276 0.10689117325140142 0.36481701700281427 0.0075186087105066903 0.0094400128900464803
decision_type=2 2 2 2 2 2 2 2 2 2
left_child=1 2 -1 4 -3 8 -7 -4 -2 -5
right_child=5 3 7 9 -6 6 -8 -9 -10 -11
leaf_value=0.0086362679994366563 -0.0054590003935559833 -0.0052279736009606627 -0.0038429647835547661 0 0.016414439627059234 0.016764880771526956 -0.012582305856136332 -0.029699258672630884 -0.029501023929348252 -0.017880211926679941
leaf_weight=10.204361572861673 9.4076678305864352 19.780036240816116 7.4006736427545574 7.6242427676916105 58.240398973226547 7.386463254690173 11.37497243285179 10.542177796363829 7.6319806277751914 7.6758053749799728
leaf_count=41 38 80 30 31 235 30 46 43 31 31
internal_value=0 0.00297379 -0.010058 0.00719035 0.0107466 -0.00985032 0 -0.0212417 -0.0189829 -0.00922308
internal_weight=157.269 121.468 28.1472 93.3205 78.0204 35.8011 18.7614 17.9429 17.0396 15.3
internal_count=636 491 114 377 315 145 76 73 69 62
is_linear=0
shrinkage=0.03


Tree=28
num_leaves=11
num_cat=0
split_feature=37 38 11 6 20 14 9 11 11 17
split_gain=5.01058 5.08987 9.8994 7.48556 6.45047 6.25969 4.48003 3.40182 5.02802 3.16555
threshold=0.045152827802243285 0.0083923855864146187 -0.025965373706727964 0.024979345893941147 0.028704969180300709 -11.506526196743492 0.021523965865417518 0.015201584457817276 0.10689117325140142 -0.060727665459275208
decision_type=2 2 2 2 2 2 2 2 2 2
left_child=1 5 3 -3 -4 -1 -7 9 -9 -2
right_child=7 2 4 -5 -6 6 -8 8 -10 -11
leaf_value=-0.0081133100409702744 -0.0037738686237172737 0.016689419456617192 -0.024421469227706098 -0.011030328995639639 -0.0007506993608686329 0.031747000220912105 0.0065554713237257443 0.016359159916303309 -0.012266740155136924 -0.031417895417457348
leaf_weight=8.891082897782324 9.6485275924205798 29.572789028286934 16.988420844078064 9.873263552784918 26.150612086057663 11.427914783358576 18.480410650372505 7.3920771330595043 11.369107797741888 7.3635511845350257
leaf_count=36 39 119 69 40 106 46 75 30 46 30
internal_value=0 0.0028634 -0.00122826 0.00919184 -0.0110737 0.0115735 0.0180378 -0.009623 0 -0.0185747
internal_weight=157.158 121.384 82.5851 39.4461 43.139 38.7994 29.9083 35.7733 18.7612 17.0121
internal_count=636 491 334 159 175 157 121 145 76 69
is_linear=0
shrinkage=0.03


Tree=29
num_leaves=13
num_cat=0
split_feature=37 19 7 22 2 8 11 11 27 20 2 22
split_gain=4.76686 5.85315 6.65257 6.07677 5.40605 6.02403 4.04173 3.70829 2.18342 2.1096 1.74519 1.10207
threshold=0.016562147148228682 0.097479860179368619 -0.037031477985266688 0.4621541491798426 0.022202280820194379 0.02181268380654296 0.071655656221086508 0.037896582036963895 1.5000000000000002 0.034164334860600463 0.064750711780518513 -0.068144091778302759
decision_type=2 2 2 2 2 2 2 2 2 2 2 2
left_child=1 -1 9 -4 5 6 -2 11 -7 -3 -9 -6
right_child=4 2 3 -5 7 8 -8 10 -10 -11 -12 -13
leaf_value=-0.014706773145860719 0.0001897384928494406 0.0034502088717367138 0.018372870728848641 -0.0080506202261724936 -0.0083639804269289107 0.00031340845564265066 -0.021081665655298336 -0.011523527925124217 0.023023287923729447 -0.015175763767504395 0.006138800521743047 -0.031275582014789818
leaf_weight=9.0966592878103238 23.058186158537865 7.4303833097219494 42.539456412196159 7.4387725144624701 7.383563548326495 7.9055425822734859 9.3169273734092695 7.6827610880136472 9.3840515762567502 9.3573637902736646 7.6742683500051498 8.7911332696676272
leaf_count=37 93 30 172 30 30 32 38 31 38 38 31 36
internal_value=0 0.00525687 0.00854361 0.013993 -0.00506989 0.000897665 -0.0063658 -0.0144095 0.0145261 -0.00664369 -0.00214271 -0.0237133
internal_weight=157.059 75.8626 66.766 49.9782 81.1964 49.6647 32.3751 31.5317 17.2896 16.7877 15.357 16.1747
internal_count=636 307 270 202 329 201 131 128 70 68 62 66
is_linear=0
shrinkage=0.03


Tree=30
num_leaves=8
num_cat=0
split_feature=19 13 40 34 24 2 11
split_gain=13.181 8.90601 8.01998 6.29564 5.45047 4.84003 3.23043
threshold=0.10876285626715494 9.6069391385367329 0.070360624887116266 -0.004025471354145215 -1.0000000180025095e-35 -0.071708018493162259 0.030981737086256293
decision_type=2 2 2 2 2 2 2
left_child=3 2 5 -1 -5 -2 -4
right_child=1 -3 6 4 -6 -7 -8
leaf_value=0.00088531293473853741 -0.007221369317265385 -0.021885557905711218 -0.021638710018713439 -0.035808513072796144 -0.0037025154063942047 0.013513782692459557 0.00061433983258581376
leaf_weight=11.688210681080816 9.2906976342201215 8.1606788933277112 8.0881719440221804 13.248691886663437 9.3076327741146088 80.294704392552376 10.874804705381392
leaf_count=47 38 33 33 54 38 325 44
internal_value=0 0.0047833 0.00728362 -0.015886 -0.0245517 0.0110889 -0.0093205
internal_weight=150.954 116.709 108.548 34.2445 22.5563 89.5854 18.963
internal_count=612 473 440 139 92 363 77
is_linear=0
shrinkage=0.03


Tree=31
num_leaves=7
num_cat=0
split_feature=23 36 13 36 28 40
split_gain=6.07694 6.47525 5.85994 5.79872 4.99658 1.59029
threshold=1.2012364780327032 0.0037179638870490444 10.03242342425896 0.0046403044386678907 5.5000000000000009 0.048371067203485836
decision_type=2 2 2 2 2 2
left_child=1 -1 3 -3 -2 -6
right_child=4 2 -4 -5 5 -7
leaf_value=-0.023651291984932918 -0.0047716434567419584 0.017170274314733683 -0.023377472653370202 -0.0016289683460881585 0.026529904631984944 0.0047346041935439473
leaf_weight=10.376938104629515 8.8731545060873049 15.474366396665571 7.4053376466035834 89.16365247964859 11.920747652649881 7.6025445014238349
leaf_count=42 36 63 30 361 49 31
internal_value=0 -0.00302255 -0.000599211 0.00128038 0.0119388 0.0199682
internal_weight=150.817 122.42 112.043 104.638 28.3964 19.5233
internal_count=612 496 454 424 116 80
is_linear=0
shrinkage=0.03


Tree=32
num_leaves=9
num_cat=0
split_feature=19 35 23 35 7 0 21 11
split_gain=12.3933 9.82244 6.88991 6.64412 6.29971 4.45535 1.9259 1.60074
threshold=0.10876285626715494 0.048026981734366044 1.4140684426777683 0.027902596173809194 -0.039014531929329729 0.003003475507255327 0.026560938298528007 0.011376344214746538
decision_type=2 2 2 2 2 2 2 2
left_child=3 2 4 -1 -2 -5 7 -3
right_child=1 6 -4 5 -6 -7 -8 -9
leaf_value=0.0010412842975105266 -0.021343591264747965 0.0073775867026319789 0.019130907936870844 -0.036081200621535948 2.9640574589334457e-05 -0.0059053125427394873 0.0040051054485455186 0.031131201056676161
leaf_weight=12.409425511956213 13.024948939681051 7.3749966621398988 11.752468466758726 11.985135555267336 63.500464305281639 9.7757935374975187 8.6482135504484159 12.276804879307745
leaf_count=50 53 30 48 49 257 40 35 50
internal_value=0 0.00460135 -0.000284097 -0.0154584 -0.00386811 -0.0247945 0.0193487 0.0244145
internal_weight=150.748 116.578 88.2779 34.1704 76.5254 21.7609 28.3 19.6518
internal_count=612 473 358 139 310 89 115 80
is_linear=0
shrinkage=0.03


Tree=33
num_leaves=9
num_cat=0
split_feature=19 35 35 35 25 0 32 13
split_gain=11.7999 9.35941 6.35555 6.34645 5.67039 4.24623 3.08109 0.10011
threshold=0.10876285626715494 0.048026981734366044 0.027902596173809194 0.039027212967684639 0.1581322026527506 0.003003475507255327 0.0073468464068019443 -0.73463013490716722
decision_type=2 2 2 2 2 2 2 2
left_child=2 3 -1 4 -2 -4 7 -3
right_child=1 6 5 -5 -6 -7 -8 -9
leaf_value=0.0010143455737348398 0.012647363035257113 0.013232425809481857 -0.035305413208082718 -0.021977938028090949 -0.00342986499266038 -0.0057613494543114182 0.0022215457345683151 0.031724545655506475
leaf_weight=12.409931018948553 29.098614245653152 9.3478092700243014 11.925874650478365 8.8315923511981946 50.296273276209831 9.7695380896329862 9.3602838367223722 9.5603123903274554
leaf_count=50 118 38 49 36 204 40 38 39
internal_value=0 0.00449836 -0.0150906 -0.000267214 0.00244421 -0.0242438 0.0189023 0.0254401
internal_weight=150.6 116.495 34.1053 88.2265 79.3949 21.6954 28.2684 18.9081
internal_count=612 473 139 358 322 89 115 77
is_linear=0
shrinkage=0.03


Tree=34
num_leaves=7
num_cat=0
split_feature=23 36 31 7 28 37
split_gain=5.5512 6.03278 6.69545 6.67522 4.73229 2.76499
threshold=1.2012364780327032 0.0037179638870490444 2.5000000000000004 -0.065545541904763319 5.5000000000000009 0.034706513057009343
decision_type=2 2 2 2 2 2
left_child=1 -1 3 -3 -2 -6
right_child=4 2 -4 -5 5 -7
leaf_value=-0.022823659643092343 -0.0047719025626397375 -0.020554163602904657 -0.018832308278718454 0.0048486360018485698 0.027940352653384556 0.0025970942911429777
leaf_weight=10.339318007230757 8.8632664978504199 8.2496606260538083 13.722790002822874 89.885506570339203 11.31802172958851 8.1015708446502668
leaf_count=42 36 34 56 364 47 33
internal_value=0 -0.00288153 -0.000537953 0.00219549 0.0114423 0.0192975
internal_weight=150.48 122.197 111.858 98.1352 28.2829 19.4196
internal_count=612 496 454 398 116 80
is_linear=0
shrinkage=0.03


Tree=35
num_leaves=8
num_cat=0
split_feature=35 19 5 2 38 21 38
split_gain=6.08222 6.52583 6.69278 5.84915 4.82257 5.05111 3.50691
threshold=0.074246522465191048 0.11440080515963082 0.30714538290563748 -0.069668073697595187 0.0083923855864146187 0.017206956589481116 0.011108874234275005
decision_type=2 2 2 2 2 2 2
left_child=1 4 3 -3 5 -1 -6
right_child=-2 2 -4 -5 6 -7 -8
leaf_value=-0.015172673571655157 0.022860608802537541 -0.013495028584291704 -0.018787243177879713 0.0083660416358341434 -0.030273146713900405 0.012793875979391609 -0.002530908078436484
leaf_weight=8.6077525764703768 8.8411678522825223 10.223190814256666 8.9051243513822538 90.172144651412964 11.182967960834505 10.854039043188093 8.3834501802921277
leaf_count=35 36 42 36 366 46 44 34
internal_value=0.00114505 -0.000336449 0.00333589 0.00577335 -0.0106479 0 -0.0204192
internal_weight=157.17 148.329 109.3 100.395 39.0282 19.4618 19.5664
internal_count=639 603 444 408 159 79 80
is_linear=0
shrinkage=0.03


Tree=36
num_leaves=9
num_cat=0
split_feature=23 7 7 15 15 19 2 8
split_gain=8.12757 8.04805 7.56649 5.23602 4.20761 3.93665 4.52402 3.36399
threshold=1.2012364780327032 -0.037031477985266688 0.023449491056217665 -15.482489565527599 15.272157863645788 0.16104092493758737 0.049532361529490372 0.047913257318086495
decision_type=2 2 2 2 2 2 2 2
left_child=1 3 4 -1 -3 -2 -7 -4
right_child=5 2 7 -5 -6 6 -8 -9
leaf_value=0 -0.00081888525808208813 0.012117695631887339 -0.019494476492037179 -0.030600834777771448 -0.0018005636124582001 0.031865834818676178 0.000449566774856897 -0.00047237513798780047
leaf_weight=8.1931537240743655 7.8876943886280086 45.651943132281303 15.517407283186911 11.19205582141876 29.534771025180817 12.353469893336298 7.2643779367208472 19.467897847294807
leaf_count=33 32 185 63 46 120 51 30 79
internal_value=0.00108916 -0.00201592 0.0011056 -0.0189022 0.00655102 0.0153684 0.0220443 -0.00991295
internal_weight=157.063 129.557 110.172 19.3852 75.1867 27.5055 19.6178 34.9853
internal_count=639 526 447 79 305 113 81 142
is_linear=0
shrinkage=0.03


Tree=37
num_leaves=6
num_cat=0
split_feature=26 5 5 21 13
split_gain=7.45228 4.87494 7.21407 5.46406 4.99558
threshold=0.66815476190476197 0.30714538290563748 0.10800869745549159 0.024830986626721431 3.2330578257314788
decision_type=2 2 2 2 2
left_child=1 2 3 -1 -4
right_child=-2 -3 4 -5 -6
leaf_value=0.0030996315203743125 0.025398115723891158 -0.02021667710640232 0.021796226309580134 -0.0099473914615673727 -0.0033236887341910834
leaf_weight=62.722131937742233 8.5873859375715238 8.641920402646063 19.502320811152462 48.955379739403725 8.5334498733282071
leaf_count=255 35 35 80 199 35
internal_value=0.00104539 -0.000583572 0.000793159 -0.00256215 0.0139387
internal_weight=156.943 148.355 139.713 111.678 28.0358
internal_count=639 604 569 454 115
is_linear=0
shrinkage=0.03


Tree=38
num_leaves=5
num_cat=0
split_feature=26 35 35 38
split_gain=7.1047 6.70063 5.08956 4.42677
threshold=0.66815476190476197 0.074246522465191048 -0.087935128800527659 0.0084360764742867096
decision_type=2 2 2 2
left_child=1 2 -1 -4
right_child=-2 -3 3 -5
leaf_value=0.018535977653273597 0.024813554506757117 0.023584825127180839 0.0030830277889676875 -0.0079765534132630218
leaf_weight=7.663160264492034 8.5733235478401166 7.5849699079990378 48.402499839663506 84.652147591114044
leaf_count=31 35 31 197 345
internal_value=0.00101805 -0.000569632 -0.00228897 -0.00385617
internal_weight=156.876 148.303 140.718 133.055
internal_count=639 604 573 542
is_linear=0
shrinkage=0.03


Tree=39
num_leaves=10
num_cat=0
split_feature=23 11 38 35 33 36 36 19 2
split_gain=7.67048 8.83894 8.95789 7.04793 6.93581 7.99806 5.03044 3.72806 4.27359
threshold=1.2012364780327032 -0.02871100778815899 0.0084360764742867096 0.051901207225685038 0.26222621711853838 0.0073652107951238102 0.0048432310391404781 0.16104092493758737 0.049532361529490372
decision_type=2 2 2 2 2 2 2 2 2
left_child=1 4 6 -4 -1 -6 -3 -2 -9
right_child=7 2 3 -5 5 -7 -8 8 -10
leaf_value=0.02750510334872211 -0.00078708273059605754 0.018681235510751706 -0.023402559463594274 6.648567517255305e-06 -0.012185863115287368 0.015647248649377801 -0.0037429348017413281 0.031028712031514975 0.00039986903696686275
leaf_weight=10.667143538594244 7.8816995024681118 10.86589579284191 32.980254739522934 15.401268661022185 17.267274856567383 15.811874121427534 26.409271076321602 12.2696600407362 7.2543443441390982
leaf_count=43 32 44 135 63 70 64 107 51 30
internal_value=0.00101711 -0.00199513 -0.00763769 -0.0159485 0.0085762 0.000824377 0.00303033 0.0149186 0.0214398
internal_weight=156.809 129.403 85.6567 48.3815 43.7463 33.0791 37.2752 27.4057 19.524
internal_count=639 526 349 198 177 134 151 113 81
is_linear=0
shrinkage=0.03


Tree=40
num_leaves=11
num_cat=0
split_feature=37 19 34 3 35 35 9 3 10 5
split_gain=8.71653 6.24753 6.16056 5.60033 5.00455 6.34485 5.19328 2.47889 3.16906 0.685875
threshold=0.043765111461278601 0.11952277025065111 -0.004025471354145215 -0.0066841354343351025 0.044156441153378807 -0.031847027946740263 -0.015338160772993088 0.050086678476484632 0.0017915192889510492 0.1284959000487205
decision_type=2 2 2 2 2 2 2 2 2 2
left_child=1 2 -1 -4 5 -3 -6 8 -2 -10
right_child=7 4 3 -5 6 -7 -8 -9 9 -11
leaf_value=0.010036955165833219 0 0.018616801940080259 -0.00053386806432660909 -0.031260649633968046 0.00074319412299755189 -0.0013579961468333022 0.034348588723056322 0 -0.027611491951055944 -0.0080594957443591939
leaf_weight=12.152426734566687 8.4954915344715136 18.408775344491005 13.227719500660895 8.4196802675724047 7.6240010857582119 43.262641251087189 10.866409987211226 11.01665051281452 11.318291887640955 7.3974054902791968
leaf_count=49 35 75 54 35 31 176 45 45 46 30
internal_value=0.000709715 0.00496515 -0.0053578 -0.0147524 0.0095248 0.00476634 0.0226494 -0.0112195 -0.0158027 -0.0221318
internal_weight=152.189 113.962 33.7998 21.6474 80.1618 61.6714 18.4904 38.2278 27.2112 18.7157
internal_count=621 465 138 89 327 251 76 156 111 76
is_linear=0
shrinkage=0.03


Tree=41
num_leaves=11
num_cat=0
split_feature=37 19 34 3 13 17 3 24 19 14
split_gain=8.28826 5.9547 5.87968 5.36078 4.05966 8.04167 6.77066 2.60669 3.22827 3.78185
threshold=0.043765111461278601 0.11952277025065111 -0.004025471354145215 -0.0066841354343351025 -0.73463013490716722 3.2955795411842339 -0.0074895458651630933 -0.52858796296296284 0.11185256587598279 139.91647773049866
decision_type=2 2 2 2 2 2 2 2 2 2
left_child=1 2 -1 -4 6 -6 -3 -2 -9 -10
right_child=7 4 3 -5 5 -7 -8 8 9 -11
leaf_value=0.0097760901208805567 0.0026965512976959709 -0.011343295691876216 -0.00051997572536250508 -0.030647763787458634 0.024745106053436872 0 0.014866448610706941 0 -0.027935874843360922 -5.2463087408191988e-05
leaf_weight=12.155716136097906 7.5890820175409308 17.18193052709103 13.227145463228224 8.3711420297622698 27.355768695473671 21.116895884275436 14.4218722730875 8.0727857351303118 15.17792557179928 7.3558390736579886
leaf_count=49 31 70 54 35 112 86 59 33 62 30
internal_value=0.000682728 0.00483762 -0.00524088 -0.0144405 0.00929287 0.0145857 0.00034367 -0.0109511 -0.0147529 -0.0201914
internal_weight=152.026 113.83 33.754 21.5983 80.0765 48.4727 31.6038 38.1956 30.6066 22.5338
internal_count=621 465 138 89 327 198 129 156 125 92
is_linear=0
shrinkage=0.03


Tree=42
num_leaves=8
num_cat=0
split_feature=39 23 19 34 34 23 3
split_gain=11.6676 6.59057 8.87207 5.16772 5.19993 2.54782 0.547047
threshold=1.0000000180025095e-35 1.2325700314185479 0.16104092493758737 0.024988987323897652 0.015885957688813627 0.97959811656356133 0.092011186247487511
decision_type=2 2 2 2 2 2 2
left_child=-1 3 -3 4 -2 -5 -4
right_child=1 2 6 5 -6 -7 -8
leaf_value=0.026440431827522506 -0.0048335520339152947 -0.011413476836602453 0.032174388383951064 -0.0058814537938106058 0.012513432409851651 -0.026914055404915593 0.010303871070067692
leaf_weight=12.404000610113142 73.805293932557106 7.3591919392347362 7.5763078927993757 15.640792950987818 17.388049528002739 10.420357987284659 7.259196475148201
leaf_count=51 300 30 32 64 71 43 30
internal_value=0.000654592 -0.00187443 0.0122629 -0.004837 -0.00116744 -0.0161446 0.0248592
internal_weight=151.853 139.449 22.1947 117.254 91.1933 26.0612 14.8355
internal_count=621 570 92 478 371 107 62
is_linear=0
shrinkage=0.03


Tree=43
num_leaves=7
num_cat=0
split_feature=39 23 33 11 33 20
split_gain=11.0989 6.2848 6.9423 8.56349 7.35458 4.05739
threshold=1.0000000180025095e-35 1.2325700314185479 0.22098258489137401 -0.013380414140148676 0.70067759034050414 0.029930411706901864
decision_type=2 2 2 2 2 2
left_child=-1 2 3 -2 -4 -3
right_child=1 5 4 -5 -6 -7
leaf_value=0.02583735197536341 0.028345990676504035 -0.0038324489664365879 -0.015948591162708737 -0.0056330299720851931 0.00035259952644097094 0.020496273845010772
leaf_weight=12.360068619251249 9.6599003821611422 7.4886942654848125 50.545203283429146 13.11911655962467 43.873102933168411 14.639559730887411
leaf_count=51 39 31 206 54 179 61
internal_value=0.000645526 -0.00181721 -0.00471069 0.00929597 -0.00836819 0.012006
internal_weight=151.686 139.326 117.197 22.779 94.4183 22.1283
internal_count=621 570 478 93 385 92
is_linear=0
shrinkage=0.03


Tree=44
num_leaves=11
num_cat=0
split_feature=37 19 28 6 2 1 13 24 38 6
split_gain=7.65902 5.35832 7.55906 7.13649 5.77957 5.42527 4.52029 2.4435 3.18729 3.92878
threshold=0.043765111461278601 0.11952277025065111 3.5000000000000004 0.014904154394181848 0.013342050767806703 1.0000000180025095e-35 -0.73463013490716722 -0.52858796296296284 0.009653574688839546 -0.0014394179498111463
decision_type=2 2 2 2 2 2 2 2 2 2
left_child=1 4 3 -3 5 -1 -4 -2 9 -9
right_child=7 2 6 -5 -6 -7 -8 8 -10 -11
leaf_value=-0.0071837987027943357 0.0026239772789395663 0.0063100617250887673 0.0030403353246482761 -0.026178236935808851 -0.023885225979190162 0.019523961604804362 0.021146371748206074 -0.00088712042325072855 0 -0.02948473882271381
leaf_weight=16.624523043632511 7.5804538130760184 14.527837261557581 23.132369935512543 7.3878742158412924 8.4029841274023038 8.6174418181180936 34.747234091162682 7.8413781225681332 9.7296111583709699 12.940832927823068
leaf_count=68 31 59 95 30 35 35 143 32 40 53
internal_value=0.000646299 0.00465208 0.00888823 -0.005288 -0.00490891 0.00214741 0.0145038 -0.0105459 -0.0142394 -0.0203781
internal_weight=151.533 113.44 79.7953 21.9157 33.6449 25.242 57.8796 38.0923 30.5118 20.7822
internal_count=621 465 327 89 138 103 238 156 125 85
is_linear=0
shrinkage=0.03


Tree=45
num_leaves=8
num_cat=0
split_feature=39 5 9 19 36 5 25
split_gain=6.51137 5.13355 8.06574 7.77443 5.37315 7.21145 3.73353
threshold=1.0000000180025095e-35 0.066223487101488079 -0.080145875060064278 0.27824737911939973 0.0073652107951238102 0.2732706969940511 0.070970695970695982
decision_type=2 2 2 2 2 2 2
left_child=-1 2 3 -2 5 -3 -4
right_child=1 4 6 -5 -6 -7 -8
leaf_value=0.01961553793797504 0.023583469372132897 0.019431645500272449 0.0028889088354507294 -0.0091017061930931779 -0.010202503626703413 -0.0065078333339934347 -0.013642154268589888
leaf_weight=13.294596791267393 12.864415526390077 28.617345362901688 13.020602151751516 9.3989121913909894 11.070397824048994 11.826600834727286 56.248279988765717
leaf_count=55 52 119 53 38 45 48 231
internal_value=0.00096116 -0.00091571 -0.00523278 0.00955372 0.00638359 0.0115438 -0.0103304
internal_weight=156.341 143.047 91.5322 22.2633 51.5143 40.4439 69.2689
internal_count=641 586 374 90 212 167 284
is_linear=0
shrinkage=0.03


Tree=46
num_leaves=9
num_cat=0
split_feature=34 12 20 21 7 19 18 40
split_gain=6.40757 7.67779 6.57525 7.05521 5.67848 5.42566 3.79733 0.0219142
threshold=0.028182886756487172 42.144656141414622 0.022500068376926908 0.018055304111059055 -0.049132610806683373 0.15679085155699071 0.37850800069987567 -0.034851846460604956
decision_type=2 2 2 2 2 2 2 2
left_child=1 4 -3 -4 -1 6 -2 -6
right_child=5 2 3 -5 7 -7 -8 -9
leaf_value=-0.00080062519317232645 -0.032850316155622533 -0.019813522336483712 0.023480706151466229 -0.00067206034355558474 0.011515858880563005 0.0036478277162322009 -0.0038531798677764509 0.028663386652220988
leaf_weight=10.26166355609894 8.9044230431318336 11.470845669507979 10.605811342597006 71.850200936198235 7.9979435801506087 11.923808261752127 9.5838283151388151 13.561229243874546
leaf_count=42 37 47 43 295 33 49 40 55
internal_value=0.000940539 0.00403774 -0.000214156 0.00273943 0.0163022 -0.0108619 -0.0203945 0.0244564
internal_weight=156.16 125.748 93.9269 82.456 31.8208 30.4121 18.4883 21.5592
internal_count=641 515 385 338 130 126 77 88
is_linear=0
shrinkage=0.03


Tree=47
num_leaves=8
num_cat=0
split_feature=39 23 11 12 18 28 37
split_gain=6.15779 6.41983 5.77525 10.0322 8.16267 2.98032 0.745304
threshold=1.0000000180025095e-35 1.2325700314185479 -0.029013492521863801 37.658651898480599 0.56972772167830388 5.5000000000000009 0.03204058013318057
decision_type=2 2 2 2 2 2 2
left_child=-1 2 3 -2 -4 -3 -7
right_child=1 5 4 -5 -6 6 -8
leaf_value=0.019089802732964546 0.032765805109721324 -0.00057165918222526479 -0.018044298031159978 -0.0023716377654090866 0.000208868649781744 0.026917195969296388 0.0068377086253663209
leaf_weight=13.237501367926596 7.401923030614852 7.7542928010225323 38.17601914703846 29.244028553366661 45.255904883146286 7.7093523591756803 7.2712469398975372
leaf_count=55 30 32 157 119 185 33 30
internal_value=0.00091067 -0.000911171 -0.00381818 0.00566585 -0.00819457 0.0129035 0.0200077
internal_weight=156.05 142.813 120.078 36.646 83.4319 22.7349 14.9806
internal_count=641 586 491 149 342 95 63
is_linear=0
shrinkage=0.03


Tree=48
num_leaves=10
num_cat=0
split_feature=34 12 5 34 5 20 7 7 26
split_gain=6.00696 7.15071 7.92647 8.46745 6.52361 6.38985 5.35824 3.86552 0.995799
threshold=0.028182886756487172 42.144656141414622 0.066223487101488079 0.003435265100630636 -0.017501517289220777 0.022979149819907185 -0.049132610806683373 0.015019457414576399 0.25186567164179113
decision_type=2 2 2 2 2 2 2 2 2
left_child=1 6 5 -4 -2 -3 -1 -6 -8
right_child=4 2 3 -5 7 -7 8 -9 -10
leaf_value=-0.0008142471751878996 -0.02510806914658727 -0.02615373099483706 -0.0075717851878769572 0.019233278042581018 0.014238574937048748 -0.0016481755824633412 0.030757289275867357 -0.011160651190826777 0.010608163485828305
leaf_weight=10.242790758609774 12.963798880577089 11.201418861746786 14.64961117506027 26.127614036202431 8.7736161500215548 41.855211362242699 11.471725746989252 8.568236365914343 10.016813009977339
leaf_count=42 54 46 60 108 36 171 47 36 41
internal_value=0.000911969 0.00391355 -0.000183949 0.00934888 -0.0105325 -0.00785641 0.0157676 0.00105742 0.0237065
internal_weight=155.871 125.565 93.8339 40.7772 30.3057 53.0566 31.7313 17.3419 21.4885
internal_count=641 515 385 168 126 217 130 72 88
is_linear=0
shrinkage=0.03


Tree=49
num_leaves=8
num_cat=0
split_feature=39 34 12 12 17 10 17
split_gain=5.77173 5.06404 4.78152 5.52362 4.47528 3.16546 1.64873
threshold=1.0000000180025095e-35 0.028182886756487172 39.55875026099973 59.558052630355448 -0.93703878817310826 -0.039296763203216838 1.5097383775955862
decision_type=2 2 2 2 2 2 2
left_child=-1 2 5 -4 -3 -2 -6
right_child=1 4 3 -5 6 -7 -8
leaf_value=0.018519764380265365 0.0009414220883386139 0.0050472825881349498 -0.0084245730957770836 0.0057651826054602113 -0.026838528164212335 0.025302777692409215 -0.0057254864769986265
leaf_weight=13.17153677344322 10.769035369157793 7.7717792838811901 45.470880255103111 48.836420193314552 10.727284803986551 9.6328490972518903 9.316748693585394
leaf_count=55 44 32 186 201 45 39 39
internal_value=0.000877905 -0.000882413 0.00183811 -0.000953621 -0.0119753 0.0143454 -0.0191152
internal_weight=155.697 142.525 114.709 94.3073 27.8158 20.4019 20.044
internal_count=641 586 470 387 116 83 84
is_linear=0
shrinkage=0.03


Tree=50
num_leaves=6
num_cat=0
split_feature=21 19 4 4 19
split_gain=5.28363 5.99993 9.00987 6.69319 2.48923
threshold=0.016006939694029092 0.46409272070211732 -0.06768075726500121 0.040855467604617786 0.20935071465362678
decision_type=2 2 2 2 2
left_child=-1 2 4 -4 -2
right_child=1 -3 3 -5 -6
leaf_value=0.015525468106080256 -0.0066559928945619891 0.019517429091568242 0.0048718389344358948 -0.0093997870878044076 -0.032146746390302808
leaf_weight=13.160780385136603 9.0938167870044726 7.736636370420455 65.683691963553429 49.988244220614433 10.285114347934721
leaf_count=54 37 32 270 207 43
internal_value=-0.00118576 -0.00302282 -0.00468951 -0.00122318 -0.0226282
internal_weight=155.948 142.788 135.051 115.672 19.3789
internal_count=643 589 557 477 80
is_linear=0
shrinkage=0.03


Tree=51
num_leaves=7
num_cat=0
split_feature=26 25 23 38 12 2
split_gain=6.88364 6.30442 5.64989 5.8026 5.25447 3.14837
threshold=0.48504464285714294 0.018978233495232959 1.4140684426777683 0.0084360764742867096 53.836722373436757 0.018564497716894949
decision_type=2 2 2 2 2 2
left_child=1 -1 3 -3 -2 -6
right_child=4 2 -4 -5 5 -7
leaf_value=-0.026586099302881749 -0.0010927069560280344 0.0048868295110345676 0.019408152787830233 -0.0090779122005419134 0.034727327593055746 0.0042167451718974833
leaf_weight=8.5688897371292096 13.596533343195917 38.756800055503845 7.9243490099906913 72.311363890767097 7.5015073716640455 7.2826213836669922
leaf_count=35 56 159 33 299 31 30
internal_value=-0.00115062 -0.00423577 -0.00208945 -0.00407206 0.0115884 0.022885
internal_weight=155.942 127.561 118.993 111.068 28.3807 14.7841
internal_count=643 526 491 458 117 61
is_linear=0
shrinkage=0.03


Tree=52
num_leaves=8
num_cat=0
split_feature=26 0 25 20 37 5 28
split_gain=6.54858 6.30089 6.02935 5.14314 4.04111 6.04699 3.5755
threshold=0.48504464285714294 0.0074449385481580874 0.018978233495232959 0.027283515969691162 0.042089289302521544 -0.0080160571263562224 8.5000000000000018
decision_type=2 2 2 2 2 2 2
left_child=2 3 -1 -2 5 -4 -6
right_child=1 -3 4 -5 6 -7 -8
leaf_value=-0.025994941492777916 0.00040965033804103365 -0.0072122400924200959 -0.006120033467563007 0.032519239694412581 -0.0038676509155492599 0.0094742722854918859 -0.026772953872692545
leaf_weight=8.5466606765985471 8.4644499421119743 9.0010118186473829 43.394744321703911 10.879882678389547 26.618405073881149 41.518646821379662 7.420334890484809
leaf_count=35 35 37 179 45 109 172 31
internal_value=-0.00110094 0.0113292 -0.00411252 0.0205268 -0.00201242 0.00137482 -0.0104858
internal_weight=155.844 28.3453 127.499 19.3443 118.952 84.9134 34.0387
internal_count=643 117 526 80 491 351 140
is_linear=0
shrinkage=0.03


Tree=53
num_leaves=8
num_cat=0
split_feature=26 0 25 21 35 35 34
split_gain=6.23693 6.01588 5.74995 4.70435 4.5436 7.22917 4.80442
threshold=0.48504464285714294 0.0074449385481580874 0.018978233495232959 0.019997388348955907 -0.015157193110803433 0.051589454852216783 0.0012352704006407535
decision_type=2 2 2 2 2 2 2
left_child=2 3 -1 -2 6 -6 -4
right_child=1 -3 4 -5 5 -7 -8
leaf_value=-0.025422822374251072 0 -0.007033883012794946 0.014985587923310024 0.030750403072486058 -0.010838048161732509 0.0076466227708504361 -0.0085092292635767213
leaf_weight=8.5222028344869596 7.7676193565130296 9.0030540823936445 21.681832879781727 11.543579176068304 63.754541173577309 24.199557423591614 9.2555424720048887
leaf_count=35 32 37 89 48 263 101 38
internal_value=-0.00108207 0.011052 -0.00402358 0.0200565 -0.00197038 -0.00552852 0.00741134
internal_weight=155.728 28.3143 127.414 19.3112 118.891 87.9541 30.9374
internal_count=643 117 526 80 491 364 127
is_linear=0
shrinkage=0.03


Tree=54
num_leaves=10
num_cat=0
split_feature=26 38 15 15 11 0 18 21 28
split_gain=5.91892 5.99734 9.31799 6.56501 5.98788 5.74218 5.00079 4.4779 3.94521
threshold=0.48504464285714294 0.0084360764742867096 -4.4206888277506744 -15.482489565527599 -0.061652213723436204 0.0074449385481580874 0.57724565189954036 0.019997388348955907 2.5000000000000004
decision_type=2 2 2 2 2 2 2 2 2
left_child=1 2 -1 4 -3 7 -5 -2 -4
right_child=5 3 8 6 -6 -7 -8 -9 -10
leaf_value=-0.015685525454101536 0 -0.0089532521347807717 -0.00058927951403903351 -0.026248097574167337 0.015353828879696057 -0.0068600927072502496 -0.0059650628974136158 0.030053506160088443 0.019913494626964397
leaf_weight=12.149375006556509 7.7676193565130296 18.763297006487846 10.789039358496664 20.70496791601181 14.053104251623152 9.0048379600048047 29.062215909361839 11.503893941640852 21.78918568789959
leaf_count=50 32 77 44 87 58 37 120 48 90
internal_value=-0.0010478 -0.00391632 0.00458507 -0.00869758 0.00130908 0.0107775 -0.0153814 0.0195942 0.0130484
internal_weight=155.588 127.311 44.7276 82.5836 32.8164 28.2764 49.7672 19.2715 32.5782
internal_count=643 526 184 342 135 117 207 80 134
is_linear=0
shrinkage=0.03


Tree=55
num_leaves=10
num_cat=0
split_feature=5 9 37 35 7 9 20 2 35
split_gain=5.96743 6.22453 5.84168 5.62245 8.80192 5.16853 4.35109 4.34701 2.74578
threshold=0.10800869745549159 0.0563779877759195 0.043765111461278601 0.043205065488108658 -0.037031477985266688 0.14408388577820574 0.025004217325682924 0.024516535515946351 0.02950493322693826
decision_type=2 2 2 2 2 2 2 2 2
left_child=1 3 8 4 -1 -3 -5 -4 -2
right_child=2 5 7 6 -6 -7 -8 -9 -10
leaf_value=-0.022466195165292437 0.0059676370826178913 -0.026403855426248818 0.013253893742467984 -0.0064569827846222699 0.0019442423792234084 0.0016962230937403321 0.017509333523520569 -0.013613745192826853 0.030000141048508198
leaf_weight=15.490758210420607 10.936220824718477 13.703479915857317 7.3922980427742031 7.1503171026706722 50.906567856669426 7.546526387333869 22.570545554161072 10.452541306614874 11.254303127527235
leaf_count=64 46 57 30 30 209 31 93 43 48
internal_value=0.000799178 -0.00253331 0.0105813 0.000673095 -0.00402191 -0.016492 0.011227 -0.0015138 0.0202488
internal_weight=157.404 117.368 40.0354 96.1182 66.3973 21.25 29.7209 17.8448 22.1905
internal_count=651 484 167 396 273 88 123 73 94
is_linear=0
shrinkage=0.03


Tree=56
num_leaves=9
num_cat=0
split_feature=20 7 16 19 33 28 18 19
split_gain=5.61205 5.22151 5.99866 6.76012 5.9853 5.79989 3.71027 1.06387
threshold=0.022805307105936295 -0.037031477985266688 13.415269306308721 0.1290990142894719 0.75709830880854734 7.5000000000000009 0.28085639483314045 0.097479860179368619
decision_type=2 2 2 2 2 2 2 2
left_child=6 5 3 -3 -4 -2 -1 -8
right_child=1 2 4 -5 -6 -7 7 -9
leaf_value=0.002592269402602054 -0.022720688198502835 0.00081766271302336879 -0.019261266004604642 0.019566081087787145 0.0044555194284899612 0.0052064408194912003 -0.027903655544960375 -0.0068216415909642565
leaf_weight=8.2854905575513857 11.376555100083353 34.04840849339962 11.953248992562292 37.796796351671219 27.236979991197586 10.854324445128439 7.5315508544445029 8.1499429643154127
leaf_count=34 47 140 49 156 114 45 32 34
internal_value=0.000779426 0.00330941 0.00605696 0.0111469 -0.00299807 -0.00916183 -0.0118821 -0.0198063
internal_weight=157.233 133.266 111.035 71.8452 39.1902 22.2309 23.967 15.6815
internal_count=651 551 459 296 163 92 100 66
is_linear=0
shrinkage=0.03


Tree=57
num_leaves=6
num_cat=0
split_feature=23 35 5 5 12
split_gain=6.88215 5.64472 4.90022 8.15463 5.56141
threshold=1.4140684426777683 0.074246522465191048 0.10800869745549159 0.2732706969940511 44.370640058046867
decision_type=2 2 2 2 2
left_child=1 2 4 -4 -1
right_child=-2 -3 3 -5 -6
leaf_value=0.0019931586954408036 0.021795047035898744 0.019482401420870061 0.016276196657843269 -0.016328581011071569 -0.011483867321675468
leaf_weight=44.37260577082634 10.908852472901343 9.0566533803939802 22.959876939654354 7.3423631489276877 62.451956897974014
leaf_count=183 46 38 96 30 258
internal_value=0.000740034 -0.00100291 -0.00272432 0.00738971 -0.00581422
internal_weight=157.092 146.183 137.127 30.3022 106.825
internal_count=651 605 567 126 441
is_linear=0
shrinkage=0.03


Tree=58
num_leaves=7
num_cat=0
split_feature=23 7 35 33 20 9
split_gain=6.55186 6.23282 12.2676 8.46132 7.94337 4.8727
threshold=1.4140684426777683 -0.037031477985266688 0.04196337677817575 0.22098258489137401 0.022805307105936295 -0.05995032346339902
decision_type=2 2 2 2 2 2
left_child=1 2 -1 5 -5 -3
right_child=-2 3 -4 4 -6 -7
leaf_value=-0.030552691017095523 0.021313240716688241 0.035567828406732796 0.012876693696348343 -0.019582237967669731 0.0020074210136575774 0.00057724247448060438
leaf_weight=14.015058025717737 10.866647541522978 7.5730649530887604 7.2253184914588919 16.146434962749481 93.821755766868591 7.2755969762802106
leaf_count=58 46 31 30 68 388 30
internal_value=0.000733512 -0.000963528 -0.0152971 0.00156016 -0.00132174 0.021417
internal_weight=156.924 146.057 21.2404 124.817 109.968 14.8487
internal_count=651 605 88 517 456 61
is_linear=0
shrinkage=0.03


Tree=59
num_leaves=9
num_cat=0
split_feature=23 37 5 9 23 34 4 11
split_gain=6.23866 5.46583 6.88361 7.85506 5.18829 4.73438 4.70896 0.525099
threshold=1.4140684426777683 0.042089289302521544 -0.0080160571263562224 -0.048579672363103461 0.92342014594378352 0.016483236562558571 0.036552359805539399 0.030981737086256293
decision_type=2 2 2 2 2 2 2 2
left_child=1 2 3 -1 5 -3 -4 -6
right_child=-2 4 6 -5 7 -7 -8 -9
leaf_value=0.0047322928266976191 0.020844575850799098 -0.012265230259354696 0.018712599085941521 -0.016694240998396899 -0.029774834527779473 0.014592933154572156 0.00039221336880625754 -0.0099533717158403999
leaf_weight=32.541578367352486 10.823269277811049 11.135182932019235 25.896912604570389 25.111311838030815 7.6448896229267147 8.7297324091196042 26.39288404583931 8.480049863457678
leaf_count=133 46 46 107 105 32 36 111 35
internal_value=0.000726266 -0.000926075 0.00231384 -0.00459562 -0.0108191 0 0.0100969 -0.0224269
internal_weight=156.756 145.933 109.943 57.6529 35.9899 19.8649 52.2898 16.1249
internal_count=651 605 456 238 149 82 218 67
is_linear=0
shrinkage=0.03


Tree=60
num_leaves=11
num_cat=0
split_feature=19 31 6 4 11 14 7 11 9 6
split_gain=5.49292 5.65951 4.74644 5.33463 4.24097 9.55769 5.95513 3.77272 3.52565 3.09074
threshold=0.10876285626715494 1.5000000000000002 -0.0033556358899490481 0.057528406508499226 0.055177197954540576 -2.6299232892490632 -0.0099160899102742808 -0.032249406944692353 0.1222317298208684 0.045393028817304552
decision_type=2 2 2 2 2 2 2 2 2 2
left_child=4 2 8 -4 5 6 -1 -3 -2 -9
right_child=1 7 3 -5 -6 -7 -8 9 -10 -11
leaf_value=0 -0.0037614385413712583 -0.020107004027833806 0.024454088678066893 0.0012191739409403892 -0.028278119590120488 0.013690514259784261 -0.034033906570245138 -0.007018281164880351 0.015910963821924112 0.014011294219693439
leaf_weight=7.3340907692909232 38.3053148239851 11.101409897208212 19.686357110738754 17.890898436307907 7.5458128005266181 12.661592915654181 8.0621947497129458 17.253248214721683 8.2813937216997129 7.3386270105838767
leaf_count=30 158 46 81 75 32 52 35 71 35 30
internal_value=-0.000548105 0.0024524 0.00674936 0.0143914 -0.0106412 -0.00383295 -0.0190233 -0.00710229 0 0
internal_weight=155.461 119.857 84.164 37.5773 35.6037 28.0579 15.3963 35.6933 46.5867 24.5919
internal_count=645 496 349 156 149 117 65 147 193 101
is_linear=0
shrinkage=0.03


Tree=61
num_leaves=8
num_cat=0
split_feature=23 38 14 11 12 31 17
split_gain=5.5748 4.14161 8.55652 7.28589 5.34903 4.23986 3.22598
threshold=1.3961652199847732 0.0085785818047111398 -8.553069024857221 0.058045260632987546 33.91143904018405 2.5000000000000004 -4.3710473598545354
decision_type=2 2 2 2 2 2 2
left_child=1 2 -1 4 -3 -4 -5
right_child=-2 3 5 6 -6 -7 -8
leaf_value=-0.01528610435641185 0.016903334178171071 0.017071070728391875 0.014697884890100234 -0.00015738787852456645 -0.0049625461630418638 -0.0068552461782023857 -0.026071416482815253
leaf_weight=13.735819429159163 12.76815254986286 10.177777364850042 35.579648748040199 7.1094708442688015 50.236280977725983 8.1680720746517164 17.498494550585747
leaf_count=57 54 42 147 30 208 34 73
internal_value=-0.000536619 -0.00241532 0.00356565 -0.00662044 -0.000582197 0.0102221 -0.0197229
internal_weight=155.274 142.506 57.4835 85.022 60.4141 43.7477 24.608
internal_count=645 591 238 353 250 181 103
is_linear=0
shrinkage=0.03


Tree=62
num_leaves=10
num_cat=0
split_feature=19 31 21 28 22 20 40 15 3
split_gain=5.14871 5.24316 4.98396 4.94269 4.81206 4.18746 3.80057 2.57975 2.55467
threshold=0.10876285626715494 1.5000000000000002 0.048612740431876501 3.5000000000000004 -0.19961723415551677 0.023349026022372772 -0.003955992905737781 -9.1198285194550071 0.031886849082144127
decision_type=2 2 2 2 2 2 2 2 2
left_child=4 2 5 -3 -1 -2 -6 -8 -5
right_child=1 3 -4 8 6 -7 7 -9 -10
leaf_value=-0.02686484450499502 -0.0068219499526133024 -0.025836622469533166 -0.0091675053947285201 0.011432798017466489 -0.018798639338252317 0.012604743144898848 -0.0073816808969573797 0.012634853856553089 -0.0064412903400471646
leaf_weight=9.3033701181411725 9.4575714319944364 7.2860124707221976 12.756917819380758 8.7227680236101168 7.0984074026346233 61.794793054461479 7.3927946835756329 11.649952322244642 19.637504279613495
leaf_count=40 39 30 54 36 30 256 31 48 81
internal_value=-0.000525792 0.0023753 0.00651871 -0.00681877 -0.0103238 0.00970554 -0.00241309 0.00418817 -5.87019e-05
internal_weight=155.1 119.656 84.0093 35.6463 35.4445 71.2524 26.1412 19.0427 28.3603
internal_count=645 496 349 147 149 295 109 79 117
is_linear=0
shrinkage=0.03


Tree=63
num_leaves=7
num_cat=0
split_feature=23 22 16 20 19 19
split_gain=5.28189 4.05331 5.24773 6.03711 3.57544 4.47209
threshold=1.3961652199847732 -0.21481057425841757 30.859027726567394 0.023453572076423439 0.10876285626715494 0.22972493344454861
decision_type=2 2 2 2 2 2
left_child=1 4 3 -3 -1 -6
right_child=-2 2 -4 -5 5 -7
leaf_value=-0.025676849354212376 0.016453694210172329 -0.010594491169379862 -0.020169266056335046 0.0065859188388484998 0.00664533538657067 -0.016449260827143167
leaf_weight=9.0012411475181562 12.723673120141028 21.538312837481499 7.9892521500587454 78.002765700221062 13.890334874391558 11.787695810198782
leaf_count=39 54 90 33 323 57 49
internal_value=-0.000544052 -0.00237598 0.000420335 0.00258531 -0.0110056 -0.00383701
internal_weight=154.933 142.21 107.53 99.5411 34.6793 25.678
internal_count=645 591 446 413 145 106
is_linear=0
shrinkage=0.03


Tree=64
num_leaves=9
num_cat=0
split_feature=19 35 35 19 15 10 37 19
split_gain=4.69498 5.46488 4.08981 4.07227 3.24361 3.00545 4.14234 2.05664
threshold=0.10876285626715494 0.047612426125369763 0.031891721255214008 0.27824737911939973 11.996284758604194 0.1070669031567666 0.053210109110898414 0.13253501860189212
decision_type=2 2 2 2 2 2 2 2
left_child=2 5 -1 7 -4 6 -2 -3
right_child=1 3 4 -5 -6 -7 -8 -9
leaf_value=0.0015189236855994641 0 0.0039573757224700091 -0.0055797574251901473 -0.0035199550245228412 -0.031419407268197051 0.013727163892450229 -0.016870648244511607 0.027065052230072221
leaf_weight=14.330943569540976 69.288087278604507 7.8183134198188844 13.079969748854639 7.2573281079530707 7.8928989171981803 8.4676787555217725 14.159369543194769 12.506270349025725
leaf_count=59 286 32 56 30 34 36 59 53
internal_value=-0.000544801 0.00222014 -0.00992301 0.013484 -0.0178459 -0.00121537 -0.00319299 0.0199989
internal_weight=154.801 119.497 35.3038 27.5819 20.9729 91.9151 83.4475 20.3246
internal_count=645 496 149 115 90 381 345 85
is_linear=0
shrinkage=0.03


Tree=65
num_leaves=10
num_cat=0
split_feature=40 15 34 33 16 8 0 24 15
split_gain=5.07336 6.43655 4.34142 3.50786 8.70459 8.08173 3.22621 3.08114 2.54892
threshold=0.054375041658409125 28.332960691401812 0.028182886756487172 0.23209574588483836 -9.1195347123673667 0.026489806942519317 0.0013856468077954045 0.25388378475122303 134.29907053892768
decision_type=2 2 2 2 2 2 2 2 2
left_child=2 6 3 4 -1 -5 -2 -4 -3
right_child=1 8 7 5 -6 -7 -8 -9 -10
leaf_value=0.00062030100913762368 -0.005332871856930781 0.01533268487672707 -0.015893578293607314 -0.0053438443890056284 0.035364452476248559 0.014399693519941428 -0.033523951486558942 0.005444730400617449 -0.0053757957703066909
leaf_weight=16.7063112705946 9.7053664624691027 7.3257714658975628 13.442812323570253 43.026837468147278 9.7537671923637372 29.370263949036598 7.8369671255350104 7.4010745882987967 9.5232940018177015
leaf_count=69 40 30 57 179 40 123 33 31 40
internal_value=0.000755736 -0.00896242 0.00377252 0.00647822 0.01554 0.00263593 -0.0208367 -0.00784697 0.00350374
internal_weight=154.092 34.3914 119.701 98.8572 26.4601 72.3971 17.5423 20.8439 16.8491
internal_count=642 143 499 411 109 302 73 88 70
is_linear=0
shrinkage=0.03


Tree=66
num_leaves=5
num_cat=0
split_feature=37 9 21 36
split_gain=8.18762 5.09743 10.0073 6.84498
threshold=0.070428026110421663 -0.16486377961116763 0.046106203531635422 0.0084297479004498983
decision_type=2 2 2 2
left_child=1 -1 3 -3
right_child=-2 2 -4 -5
leaf_value=0.024356340220753756 -0.025574273186421137 0.0058468972938171306 -0.024146990328860085 -0.017389145925814514
leaf_weight=7.1469161957502356 7.8864876627922049 117.66377808153629 10.805585458874701 10.426166370511053
leaf_count=30 33 491 45 43
internal_value=0.000733095 0.00258136 0.00102462 0.00360198
internal_weight=153.929 146.042 138.896 128.09
internal_count=642 609 579 534
is_linear=0
shrinkage=0.03


Tree=67
num_leaves=9
num_cat=0
split_feature=40 14 9 21 12 34 34 32
split_gain=4.67571 4.75262 4.29047 6.08174 5.43049 3.31781 2.39252 1.45382
threshold=0.054375041658409125 55.318522794233566 -0.16486377961116763 0.024099198943964891 59.558052630355448 0.020038268462240109 -0.009233067478348898 0.0071137459613296325
decision_type=2 2 2 2 2 2 2 2
left_child=2 7 -1 4 -4 -3 -5 -2
right_child=1 5 3 6 -6 -7 -8 -9
leaf_value=0.023526560484397614 -0.0072488649467050198 -0.0086602112501003633 0.00050573756478171925 -0.014401110507753237 0.017925306904508533 0.015463546482666967 0 -0.028424576208999984
leaf_weight=7.1352073848247519 10.889906808733942 8.4381649941205996 44.836346536874771 18.214126035571098 25.024544849991798 7.6608273684978476 24.343498706817627 7.3023590594530097
leaf_count=30 45 35 188 75 105 32 101 31
internal_value=0.00069142 -0.00864833 0.00359194 0.00180647 0.00727948 0.00243074 -0.00676465 -0.0184651
internal_weight=153.845 34.2913 119.554 112.419 69.8609 16.099 42.5576 18.1923
internal_count=642 143 499 469 293 67 176 76
is_linear=0
shrinkage=0.03


Tree=68
num_leaves=10
num_cat=0
split_feature=37 19 38 11 10 13 13 11 1
split_gain=7.74284 4.18459 5.02945 5.50054 3.76314 3.38767 4.47023 1.81663 1.10255
threshold=0.042089289302521544 0.082030844991173454 0.0083923855864146187 -0.025965373706727964 0.0055883067621965718 -2.2977765235118919 1.2119258540939166 0.046785605152456673 -0.013949750614587751
decision_type=2 2 2 2 2 2 2 2 2
left_child=1 -1 4 -4 -3 8 -7 -8 -2
right_child=5 2 3 -5 -6 6 7 -9 -10
leaf_value=-0.014614631555744863 -0.0057072407893377633 0.0035528648208262171 0.0099267980801096452 -0.0063958479021452063 0.024012623007388441 0.012022853640859839 -0.021273087597216436 0 -0.02666666877714392
leaf_weight=6.9732620716094962 7.2432602047920254 17.81000442802906 33.736273318529129 36.081563740968704 18.829225912690163 9.4638245850801486 7.0283778905868513 7.2065653651952744 9.3439739495515806
leaf_count=30 30 73 139 152 80 39 30 30 39
internal_value=0.000665873 0.00476988 0.00642401 0.00133926 0.0151542 -0.0102138 -0.00181494 -0.0122864 -0.0199201
internal_weight=153.716 113.43 106.457 69.8178 36.6392 40.286 23.6988 14.2349 16.5872
internal_count=642 474 444 291 153 168 99 60 69
is_linear=0
shrinkage=0.03


Tree=69
num_leaves=9
num_cat=0
split_feature=37 12 12 11 37 13 31 4
split_gain=7.48577 3.76948 8.49431 6.43863 4.96697 3.51752 3.78113 2.19204
threshold=0.070428026110421663 60.207846855328008 39.55875026099973 -0.023084454435167764 -0.010333225840623515 2.2700834616013386 1.5000000000000002 0.041495975661723035
decision_type=2 2 2 2 2 2 2 2
left_child=1 2 3 -1 -4 6 -3 -7
right_child=-2 5 4 -5 -6 7 -8 -9
leaf_value=0.024045489548801219 -0.024625596612462299 0.022701192058082329 0.0065848625573873658 -0.00020703363190832083 -0.012594293258728217 0.011098802755916898 0 -0.0073090194463585048
leaf_weight=14.683525204658507 7.8085824996232978 18.802731260657314 13.690128460526465 21.073701083660126 46.380494400858879 7.2224834561347988 10.191074252128599 13.663693711161612
leaf_count=61 33 79 57 88 194 30 43 57
internal_value=0.000629835 0.00239995 -0.000967151 0.010101 -0.00791036 0.00894577 0.0153655 0
internal_weight=153.516 145.708 95.8278 35.7572 60.0706 49.88 28.9938 20.8862
internal_count=642 609 400 149 251 209 122 87
is_linear=0
shrinkage=0.03


Tree=70
num_leaves=11
num_cat=0
split_feature=7 7 35 24 7 17 33 5 2 11
split_gain=3.50741 5.80061 4.84456 4.17387 4.54807 4.11684 3.91197 4.01761 3.55604 2.67518
threshold=0.015019457414576399 -0.037031477985266688 0.017198453265034556 0.67824734249416652 0.0418376994016069 3.3587437030069904 0.23209574588483836 0.0029007778248089093 0.01139685300330673 -0.0035157285850695437
decision_type=2 2 2 2 2 2 2 2 2 2
left_child=1 2 -1 4 8 -6 9 -8 -2 -3
right_child=3 6 -4 -5 5 -7 7 -9 -10 -11
leaf_value=-0.020645377815688214 0.0052200975006414501 0.03170541247968213 0.003908638774476403 -0.020282705223673633 0.020418358048013598 -0.0031090971291329781 -0.0066021599452995164 0.01005800108748001 -0.01551881753335742 0.0034294639052984796
leaf_weight=12.266986802220346 8.4188233613967913 7.4312147498130798 11.932790920138357 12.438657954335211 10.275551304221155 11.775662288069723 19.300768360495567 29.759171709418297 21.223050132393837 7.1978447437286359
leaf_count=52 35 31 50 52 45 49 81 124 89 30
internal_value=-0.000595813 0.00316255 -0.00859126 -0.00591313 -0.00154937 0.00801692 0.00798257 0.00320805 -0.0091969 0.0207807
internal_weight=152.021 87.8888 24.1998 64.1317 51.6931 22.0512 63.689 49.0599 29.6419 14.6291
internal_count=638 368 102 270 218 94 266 205 124 61
is_linear=0
shrinkage=0.03


Tree=71
num_leaves=6
num_cat=0
split_feature=9 20 16 3 24
split_gain=4.12801 6.1252 3.09301 8.34847 7.36294
threshold=-0.16486377961116763 0.066749164844739389 -4.4389027511695085 -0.062774759612173645 0.66056910569105709
decision_type=2 2 2 2 2
left_child=-1 2 3 -2 -4
right_child=1 -3 4 -5 -6
leaf_value=0.017962021022501672 -0.017058844030052273 -0.023032842119321745 0.000290773158055356 0.013062313991614605 -0.022248075047606581
leaf_weight=7.9821093529462805 8.4971873313188535 9.4173745959997159 77.992750361561775 34.658818989992142 13.369863510131834
leaf_count=34 36 40 327 145 56
internal_value=-0.000569048 -0.00193157 -2.86482e-05 0.00630656 -0.0032528
internal_weight=151.918 143.936 134.519 43.156 91.3626
internal_count=638 604 564 181 383
is_linear=0
shrinkage=0.03


Tree=72
num_leaves=6
num_cat=0
split_feature=9 7 33 5 11
split_gain=3.94394 6.17606 6.77684 6.69315 3.2213
threshold=-0.16486377961116763 -0.049132610806683373 0.22098258489137401 -0.050924132432295814 0.0052468861457160018
decision_type=2 2 2 2 2
left_child=-1 -2 4 -4 -3
right_child=1 2 3 -5 -6
leaf_value=0.017567648623236339 -0.020795202686694395 0.027419840044336678 -0.019318773311792613 0.00032236285690680417 0.00075657468122203504
leaf_weight=7.9616675376892081 12.064604610204695 8.8917138576507586 16.265015363693237 98.005122065544128 8.6511179655790311
leaf_count=34 52 37 67 412 36
internal_value=-0.000561531 -0.00189466 8.12824e-06 -0.00262853 0.0164617
internal_weight=151.839 143.878 131.813 114.27 17.5428
internal_count=638 604 552 479 73
is_linear=0
shrinkage=0.03


Tree=73
num_leaves=9
num_cat=0
split_feature=23 4 6 31 19 19 16 19
split_gain=6.98329 6.41242 4.70225 5.23694 3.89099 2.96967 4.1918 2.25603
threshold=1.2325700314185479 0.055817138305643395 -0.032408468701069844 2.5000000000000004 0.16104092493758737 0.15449809421190513 28.169835167829909 0.36478008989860172
decision_type=2 2 2 2 2 2 2 2
left_child=1 2 -1 -4 -2 -3 -7 -6
right_child=4 5 3 -5 7 6 -8 -9
leaf_value=-0.016040858749902152 -0.0029153635360866111 -0.030441532650523653 0.0059990575728063062 -0.014601712140426958 0.029873497038300181 0.0011220981760089095 -0.022752585826302456 0.0045487070454057277
leaf_weight=11.525676324963568 7.1493262052536037 7.1751807779073742 74.420164629817009 10.76262806355953 9.2212940752506274 15.497559145092966 8.1440418064594251 7.8293187767267218
leaf_count=49 30 30 311 45 41 64 34 34
internal_value=-0.000534006 -0.0034769 0.000254581 0.00294889 0.0134831 -0.0149459 -0.00765043 0.0207306
internal_weight=151.725 127.525 96.7085 85.1828 24.1999 30.8168 23.6416 17.0506
internal_count=638 533 405 356 105 128 98 75
is_linear=0
shrinkage=0.03


Tree=74
num_leaves=6
num_cat=0
split_feature=9 20 6 6 25
split_gain=3.77803 5.66519 3.37498 5.45593 4.92799
threshold=-0.16486377961116763 0.066749164844739389 0.0093764133967439035 -0.0095568147983956103 0.20519568151147102
decision_type=2 2 2 2 2
left_child=-1 2 3 -2 -4
right_child=1 -3 4 -5 -6
leaf_value=0.017236119110799954 -0.0036803454137799628 -0.022203701754416771 0.0036851538994653308 0.011767262457383541 -0.013186917995261938
leaf_weight=7.9280519634485236 38.453615039587021 9.3458712846040708 25.70096518099308 38.382310837507248 31.740047603845596
leaf_count=34 161 40 108 161 134
internal_value=-0.000536228 -0.00184352 -1.12928e-05 0.00394878 -0.00551547
internal_weight=151.551 143.623 134.277 76.8359 57.441
internal_count=638 604 564 322 242
is_linear=0
shrinkage=0.03


Tree=75
num_leaves=7
num_cat=0
split_feature=9 7 6 33 7 35
split_gain=6.53504 9.75977 8.11299 5.9535 4.10593 2.12179
threshold=-0.16486377961116763 -0.037031477985266688 0.010281087833971542 0.74634059494077809 0.015019457414576399 0.013860247276322292
decision_type=2 2 2 2 2 2
left_child=-1 5 3 -3 -4 -2
right_child=1 2 4 -5 -6 -7
leaf_value=0.022426610009517758 -0.032628093357248401 0.0010792417227635704 0.0072755630250043038 0.021392262362630744 -0.012456749030083411 -0.0079626012256923655
leaf_weight=7.2066071927547446 9.0570104718208331 56.076151520013809 9.35244172811508 15.755911141633986 46.797553077340126 9.655445531010626
leaf_count=31 39 234 39 67 197 41
internal_value=-0.00192333 -0.003506 -0.000290395 0.00619673 -0.00877495 -0.0226229
internal_weight=153.901 146.695 127.982 71.8321 56.15 18.7125
internal_count=648 617 537 301 236 80
is_linear=0
shrinkage=0.03


Tree=76
num_leaves=12
num_cat=0
split_feature=7 7 35 13 37 40 20 13 19 37 28
split_gain=4.16326 6.7106 5.4359 5.17781 4.8157 6.69869 4.71044 2.0777 1.90338 4.10249 0.418047
threshold=0.026462396883704577 -0.037031477985266688 0.033399540715166161 1.3815607247428974 0.010736221430679095 -0.01095203834169267 0.033774179115504517 -1.3416335215425439 0.14592718470480834 0.024981019722966184 3.5000000000000004
decision_type=2 2 2 2 2 2 2 2 2 2 2
left_child=1 2 10 7 5 -3 -6 -2 -5 -10 -1
right_child=3 4 -4 8 6 -7 -8 -9 9 -11 -12
leaf_value=-0.029337080291307049 -0.006748282642254899 0.0028645905535068313 0.0042766567709006846 -0.030282785031147702 -0.0061767279310608733 0.030560632324965253 0.013448937950742278 0.010661125251516837 0.0038479173684259874 -0.022863691419430669 -0.0094362788278663963
leaf_weight=7.2750395834445971 10.527135878801348 23.480046570301056 9.3008515387773496 7.7804195582866695 37.359873458743095 11.454843550920485 13.195519030094145 9.6802619397640211 8.477875694632532 7.6509403586387625 7.552792564034462
leaf_count=31 45 99 39 33 156 48 55 41 36 32 33
internal_value=-0.00186224 0.00117822 -0.0120142 -0.00946575 0.0052626 0.0135151 -0.000451935 0.00112521 -0.0183918 -0.00912018 -0.0224179
internal_weight=153.736 109.619 24.1287 44.1166 85.4903 34.9349 50.5554 20.2074 23.9092 16.1288 14.8278
internal_count=648 461 103 187 358 147 211 86 101 68 64
is_linear=0
shrinkage=0.03


Tree=77
num_leaves=7
num_cat=0
split_feature=9 7 2 18 33 23
split_gain=6.23614 9.08732 7.75304 5.88356 4.21488 3.51798
threshold=-0.16486377961116763 -0.037031477985266688 0.013342050767806703 0.47382075885066161 0.73503044739728407 1.1070172082370608
decision_type=2 2 2 2 2 2
left_child=-1 5 4 -4 -3 -2
right_child=1 2 3 -5 -6 -7
leaf_value=0.022000010549812696 -0.031167791555564539 0.0018217956404241269 0.010493403174690923 -0.012343927888217828 0.019349728876225665 -0.0020587191184348584
leaf_weight=7.1781482994556418 11.364255115389826 51.624297812581062 10.268734142184256 50.319424420595169 15.55983032286167 7.2322834581136695
leaf_count=31 50 215 43 213 66 30
internal_value=-0.00182091 -0.00337104 -0.000266744 -0.00802207 0.00654009 -0.0218746
internal_weight=153.547 146.369 127.772 60.5882 67.1841 18.5965
internal_count=648 617 537 256 281 80
is_linear=0
shrinkage=0.03


Tree=78
num_leaves=5
num_cat=0
split_feature=23 5 23 16
split_gain=5.94094 6.54385 4.43345 6.36932
threshold=1.4140684426777683 0.2732706969940511 0.7116267576314228 -7.8016457311426626
decision_type=2 2 2 2
left_child=1 2 -1 -4
right_child=-2 -3 3 -5
leaf_value=0.015536249695935105 0.017631569947722688 -0.025713077026674882 -0.015304657073889578 0.00033944027290713904
leaf_weight=10.169726893305777 10.846003741025923 9.1778611242771131 28.343402326107025 94.819444388151169
leaf_count=43 47 38 121 399
internal_value=-0.0017597 -0.0035629 -0.0015699 -0.00332791
internal_weight=153.356 142.51 133.333 123.163
internal_count=648 601 563 520
is_linear=0
shrinkage=0.03


Tree=79
num_leaves=7
num_cat=0
split_feature=9 7 2 41 7 19
split_gain=5.90665 8.53496 7.28253 3.66678 3.61705 2.08202
threshold=-0.16486377961116763 -0.037031477985266688 0.013342050767806703 1.0000000180025095e-35 0.010047198383303433 0.21975511111189538
decision_type=2 2 2 2 2 2
left_child=-1 5 3 -3 -4 -2
right_child=1 2 4 -5 -6 -7
leaf_value=0.02153836171090372 -0.0072345090364580762 0.02080080675497744 0.0069186261504427657 0.0026115854898814284 -0.011055286347507553 -0.031379263999782255
leaf_weight=7.1296374052762976 9.832349434494974 11.226615741848944 9.9373662173747999 55.905110999941826 50.580408588051796 8.6254536807537061
leaf_count=31 41 47 42 234 214 39
internal_value=-0.00170536 -0.0032164 -0.000210976 0.00638417 -0.00773702 -0.0212154
internal_weight=153.237 146.107 127.65 67.1317 60.5178 18.4578
internal_count=648 617 537 281 256 80
is_linear=0
shrinkage=0.03


Tree=80
num_leaves=6
num_cat=0
split_feature=21 9 23 6 17
split_gain=5.05177 4.9066 5.29203 5.19958 2.72083
threshold=0.016006939694029092 -0.16861502047936619 1.2012364780327032 -0.032408468701069844 4.2188169446614916
decision_type=2 2 2 2 2
left_child=-1 -2 3 -3 -4
right_child=1 2 4 -5 -6
leaf_value=0.015802978000149598 0.019054295342218943 -0.026627570053129424 0.01475515325489472 -0.0045201695381477435 -0.0045714290719155917
leaf_weight=12.677690073847769 6.6074237376451483 9.3655779063701612 15.79882772266865 97.112564370036125 7.646556317806243
leaf_count=53 29 41 69 407 32
internal_value=-0.000801263 -0.00265723 -0.00414723 -0.00705804 0.00799854
internal_weight=149.209 136.531 129.924 106.478 23.4454
internal_count=631 578 549 448 101
is_linear=0
shrinkage=0.03


Tree=81
num_leaves=9
num_cat=0
split_feature=22 13 13 7 33 36 13 33
split_gain=5.35446 5.05358 8.52883 3.94172 8.80297 3.16144 3.01748 1.96309
threshold=-0.0096249083962430797 4.6281549865838665 -1.3416335215425439 -0.065545541904763319 0.22098258489137401 0.0065073011054223176 -4.4472315172733863 0.87511751571772745
decision_type=2 2 2 2 2 2 2 2
left_child=1 2 6 -2 -5 -6 -1 -4
right_child=3 -3 7 4 5 -7 -8 -9
leaf_value=-0.0013965770651782991 -0.01366813032000483 -0.022472808541073613 0.011899303510661242 0.02916591521905379 -0.004089965959963522 0.01001816379355895 -0.020984581602678822 -0.0032677330612930914
leaf_weight=14.376937866210939 6.7574422955512992 12.437583252787588 25.016556814312935 11.500570282340048 31.517679139971733 22.233210876584053 17.448480293154716 7.8020529747009268
leaf_count=61 30 52 106 48 133 93 75 33
internal_value=-0.000769409 -0.00627194 -0.00234893 0.00492839 0.00742649 0.00162663 -0.0131851 0.00788221
internal_weight=149.091 77.0816 64.644 72.0089 65.2515 53.7509 31.8254 32.8186
internal_count=631 327 275 304 274 226 136 139
is_linear=0
shrinkage=0.03


Tree=82
num_leaves=9
num_cat=0
split_feature=22 13 13 3 10 38 13 2
split_gain=5.0884 4.78915 8.07549 4.2905 5.59193 3.33038 2.85191 2.17879
threshold=-0.0096249083962430797 4.6281549865838665 -1.3416335215425439 -0.083019604721847703 -0.02553740408489413 0.0085039978978248432 -4.4472315172733863 -0.021902478082340911
decision_type=2 2 2 2 2 2 2 2
left_child=1 2 6 -2 -5 -6 -1 -4
right_child=3 -3 7 4 5 -7 -8 -9
leaf_value=-0.0013598572138162407 -0.01405910406282454 -0.021907898879509925 0.018687129547819491 0.024120161361773772 0.010259327579675803 -0.0042029612084648633 -0.020444648149829939 0.0015985154561887595
leaf_weight=14.376215860247614 7.2310049086809149 12.427268534898756 9.2614425420761091 12.499117419123648 24.696401998400688 27.547070384025574 17.425177589058876 23.54867559671402
leaf_count=61 32 52 39 53 103 116 75 100
internal_value=-0.000758574 -0.00612607 -0.0022988 0.00479419 0.00748282 0.00248328 -0.0128518 0.00764961
internal_weight=149.012 77.0388 64.6115 71.9736 64.7426 52.2435 31.8014 32.8101
internal_count=631 327 275 304 272 219 136 139
is_linear=0
shrinkage=0.03


Tree=83
num_leaves=8
num_cat=0
split_feature=21 21 10 4 23 21 12
split_gain=4.60463 3.79909 5.86499 6.13663 6.02583 2.18263 2.86884
threshold=0.016006939694029092 0.019556084972192512 -0.0035360391085067495 -0.06768075726500121 1.2012364780327032 0.018196080264540577 54.75402008951351
decision_type=2 2 2 2 2 2 2
left_child=-1 5 3 -3 -4 6 -2
right_child=1 2 4 -5 -6 -7 -8
leaf_value=0.015093965645696773 -0.014223879551605333 -0.0026474585238531433 -0.010641870321949579 0.01964162348157307 0.0088190016511375691 -0.021584995195957829 0.0063760934527779499
leaf_weight=12.697230741381643 9.9811455756425911 18.844876259565353 48.81352686882019 20.847514882683754 17.419369429349899 10.770158231258391 9.5399759709835035
leaf_count=53 42 83 204 88 76 45 40
internal_value=-0.000739216 -0.00252066 8.4177e-05 0.00908023 -0.00519532 -0.0115351 -0.0038027
internal_weight=148.914 136.217 105.925 39.6924 66.2329 30.2913 19.5211
internal_count=631 578 451 171 280 127 82
is_linear=0
shrinkage=0.03


Tree=84
num_leaves=8
num_cat=0
split_feature=21 34 10 34 21 11 27
split_gain=4.36437 5.03835 4.08477 6.78666 5.95454 3.50105 0.436398
threshold=0.016006939694029092 0.029745213301793697 -0.0029239316754964269 0.015885957688813627 0.019373813298528417 -0.0035157285850695437 2.5000000000000004
decision_type=2 2 2 2 2 2 2
left_child=-1 2 4 -4 -2 -3 -7
right_child=1 5 3 -5 -6 6 -8
leaf_value=0.01468733976332804 -0.012546204229414602 0.00095165367135167836 -0.0091793408423474759 0.012607367468950482 0.012766689459221119 -0.028888224005399931 -0.0096088480244630337
leaf_weight=12.712429895997046 8.4868820011615735 7.0781857967376736 55.149931505322456 14.285877481102942 35.362767741084099 7.5344798415899268 8.2160313725471479
leaf_count=53 35 30 232 61 152 33 35
internal_value=-0.000714205 -0.0024531 9.67306e-05 -0.00425944 0.00720678 -0.0146991 -0.0218922
internal_weight=148.827 136.114 113.285 69.4358 43.8496 22.8287 15.7505
internal_count=631 578 480 293 187 98 68
is_linear=0
shrinkage=0.03


Tree=85
num_leaves=10
num_cat=0
split_feature=13 13 2 34 34 2 19 40 18
split_gain=6.80717 9.8741 5.97058 7.35357 5.01384 5.38675 3.89568 4.66474 3.22013
threshold=4.6281549865838665 -0.86686530510444715 -0.014354419578792242 -0.0075609324700373062 0.020038268462240109 0.01139685300330673 0.11440080515963082 0.070360624887116266 0.37850800069987567
decision_type=2 2 2 2 2 2 2 2 2
left_child=1 2 8 -4 5 -2 -3 -8 -1
right_child=4 6 3 -5 -6 -7 7 -9 -10
leaf_value=-0.019159922687354052 0.011232690723622353 -0.00025140532976855552 0.023157721439511392 -0.0052141543864940706 -0.031257301923053073 -0.015115730436655808 0.022182528957780844 -0.0015769091792972995 0
leaf_weight=21.5771514326334 9.9165493696928078 13.059964269399641 10.632262855768206 20.567620873451233 7.0284550487995139 14.170167818665503 32.307129263877869 7.710833102464675 11.956393271684645
leaf_count=92 42 55 44 88 30 59 138 33 50
internal_value=7.76128e-05 0.00350124 -0.00415731 0.00481518 -0.0118609 -0.00366351 0.0129257 0.0173903 -0.0127287
internal_weight=148.927 117.811 64.7334 31.1999 31.1152 24.0867 53.0779 40.018 33.5335
internal_count=631 500 274 132 131 101 226 171 142
is_linear=0
shrinkage=0.03


Tree=86
num_leaves=10
num_cat=0
split_feature=13 13 2 34 5 34 2 19 19
split_gain=6.46761 9.31993 5.66293 6.99073 5.18947 4.81357 5.11991 3.70101 4.48281
threshold=4.6281549865838665 -0.86686530510444715 -0.014354419578792242 -0.0075609324700373062 0.0047677757775380645 0.020038268462240109 0.01139685300330673 0.11440080515963082 0.1871389814611655
decision_type=2 2 2 2 2 2 2 2 2
left_child=1 2 4 -4 -1 6 -2 -3 -9
right_child=5 7 3 -5 -6 -7 -8 8 -10
leaf_value=-0.021188073697399654 0.010956882457606352 -0.0002448697496571598 0.022590097388460229 -0.0050709524883335412 0.0014295323071885032 -0.030631827087180881 -0.014731156408059463 0.029270942013907609 0.0072505531996789113
leaf_weight=20.482245087623596 9.9116038233041817 13.05964359641075 10.622831076383592 20.570424675941467 13.004686459898947 6.998106360435485 14.156315505504606 15.084183126688002 24.830301091074944
leaf_count=87 42 55 44 88 55 30 59 64 107
internal_value=5.70132e-05 0.00339903 -0.00403731 0.00469063 -0.0123963 -0.0115864 -0.00354793 0.012568 0.0169298
internal_weight=148.72 117.654 64.6802 31.1933 33.4869 31.066 24.0679 52.9741 39.9145
internal_count=631 500 274 132 142 131 101 226 171
is_linear=0
shrinkage=0.03


Tree=87
num_leaves=10
num_cat=0
split_feature=9 9 28 28 6 8 20 8 17
split_gain=3.67658 6.19089 6.33601 5.16978 4.7618 4.34447 4.76178 4.02962 3.3087
threshold=0.13289693284737117 -0.080145875060064278 1.5000000000000002 4.5000000000000009 -0.040548681160087828 0.047913257318086495 0.036021948127022634 -0.0032262939025015673 2.0420364420022836
decision_type=2 2 2 2 2 2 2 2 2
left_child=1 4 -3 -4 -1 -2 8 -6 -7
right_child=5 2 3 -5 7 6 -8 -9 -10
leaf_value=-0.0095173999694261428 0.024086953008096303 0.013384505751252425 -0.024402906418650398 -0.0050890798322425022 0.022756248147786085 -0.021515627008191509 0.013782255979922112 -0.0013393482525293405 0.0034225375873556587
leaf_weight=7.6227830201387432 9.1053718924522382 9.6201842278242093 16.205728575587273 55.209971308708191 15.935895159840587 7.4590022414922732 12.80744683742523 7.5431439727544758 7.0288172215223312
leaf_count=32 39 40 69 235 69 32 54 31 30
internal_value=5.22095e-05 -0.00255043 -0.00698359 -0.0102215 0.00827109 0.0081759 0.00107407 0.0149288 -0.00955947
internal_weight=148.538 112.138 81.0359 71.4157 31.1018 36.4006 27.2953 23.479 14.4878
internal_count=631 476 344 304 132 155 116 100 62
is_linear=0
shrinkage=0.03


Tree=88
num_leaves=10
num_cat=0
split_feature=13 13 21 34 8 3 19 19 15
split_gain=6.11161 8.67415 4.73154 4.58873 4.63926 4.01439 3.45184 3.72504 3.44468
threshold=4.6281549865838665 -0.86686530510444715 0.01730370900898914 0.020038268462240109 1.0000000180025095e-35 0.017588344975957741 0.11118002646216929 0.1871389814611655 -9.9163111572744143
decision_type=2 2 2 2 2 2 2 2 2
left_child=1 2 -1 4 -2 -4 -3 -8 -6
right_child=3 6 5 -5 8 -7 7 -9 -10
leaf_value=0.013817150710393319 0.013800622657038988 -0.0011935621553636575 -0.012636339407425168 -0.02992051490712885 -0.024016357998195393 0.0038290585957328985 0.026644692875121348 0.0068859319150657954 1.1602128364268256e-05
leaf_weight=9.0583251565694791 7.0457174628973069 11.337008327245711 38.557892650365829 6.9584922790527335 8.1532941758632713 16.941818341612816 16.721734136343002 24.765588119626045 8.8276634663343376
leaf_count=38 30 48 164 30 34 72 71 107 37
internal_value=5.39825e-05 0.00330906 -0.00386399 -0.0112755 -0.00341507 -0.00739089 0.0121702 0.0160539 -0.0120499
internal_weight=148.368 117.382 64.558 30.9852 24.0267 55.4997 52.8243 41.4873 16.981
internal_count=631 500 274 131 101 236 226 178 71
is_linear=0
shrinkage=0.03


Tree=89
num_leaves=10
num_cat=0
split_feature=13 13 12 8 23 19 40 2 21
split_gain=5.82866 8.19455 5.55098 6.59637 4.82618 3.32657 4.39375 2.99905 2.50043
threshold=4.6281549865838665 -0.86686530510444715 53.653041332415363 0.033461637394459745 0.83179876828944688 0.11440080515963082 0.070360624887116266 0.0082598399592167544 0.020672756921453702
decision_type=2 2 2 2 2 2 2 2 2
left_child=1 2 7 -4 -2 -3 -7 -1 -6
right_child=4 5 3 -5 8 6 -8 -9 -10
leaf_value=-0.014563240983270873 0.0070127064921101587 -0.00023565805638374186 0.025268061820359993 -0.0040253868934282842 -0.028858164323726329 0.020726629781198092 -0.0022144202896360629 0.0046156806169686529 -0.0064960566574981124
leaf_weight=32.231554165482521 7.6729992479085949 13.044767916202543 8.6576360166072863 16.705217912793159 9.3414123356342333 31.978293478488922 7.7275726050138465 6.9368151724338523 13.900481998920439
leaf_count=137 32 55 36 71 40 138 33 30 59
internal_value=5.42586e-05 0.00323518 -0.00373164 0.00654179 -0.0110208 0.0118568 0.0160101 -0.010743 -0.0176525
internal_weight=148.197 117.282 64.5312 25.3629 30.9149 52.7506 39.7059 39.1684 23.2419
internal_count=631 500 274 107 131 226 171 167 99
is_linear=0
shrinkage=0.03


Tree=90
num_leaves=8
num_cat=0
split_feature=19 16 37 10 34 13 34
split_gain=4.69887 6.61943 5.55232 4.30471 4.21459 5.23212 2.26121
threshold=0.11735452282089485 33.451734433809619 0.063199540544748536 -0.088080003538021243 -0.004025471354145215 -4.4472315172733863 0.016483236562558571
decision_type=2 2 2 2 2 2 2
left_child=4 2 3 -2 -1 -6 -7
right_child=1 -3 -4 -5 5 6 -8
leaf_value=0.0054547831397877469 -0.009032618716310975 -0.015288327125021829 -0.012081615183997987 0.011916715216560646 0.0041568140677045165 -0.030598425702421814 -0.0081297661071374223
leaf_weight=13.903233945369719 7.6599998772144309 11.47484542429447 9.7706737369298917 75.706451460719109 9.305508226156233 10.082441940903665 12.764482185244558
leaf_count=57 35 49 42 322 39 44 56
internal_value=0.000586516 0.00417902 0.00700612 0.00964958 -0.00709577 -0.0129637 -0.0203138
internal_weight=150.668 104.612 93.1371 83.3665 46.0557 32.1524 22.8469
internal_count=644 448 399 357 196 139 100
is_linear=0
shrinkage=0.03


Tree=91
num_leaves=8
num_cat=0
split_feature=37 36 34 23 17 6 22
split_gain=3.7031 5.12996 5.68242 4.01851 4.12235 6.56207 1.66193
threshold=0.042089289302521544 0.0058625641493879341 0.014670077654009185 1.4140684426777683 6.6713031415924737 -0.0098526770357674591 0.029609028653806661
decision_type=2 2 2 2 2 2 2
left_child=3 2 -2 4 5 -1 -3
right_child=1 6 -4 -5 -6 -7 -8
leaf_value=-0.0060390425732714179 -0.014284510046477072 -0.025384898228335142 0.015719711236719735 0.022288426734907309 -0.015390780104686315 0.0097897425222040185 -0.0050617680634148753
leaf_weight=35.670342653989792 7.3312622159719494 9.802453428506853 11.948957040905951 7.4602089077234259 9.3060705661773664 58.658478990197182 10.306917622685431
leaf_count=151 31 42 50 34 39 252 45
internal_value=0.000539492 -0.00702877 0.00333554 0.00343235 0.0015367 0.00364728 -0.017047
internal_weight=150.485 39.3896 19.2802 111.095 103.635 94.3288 20.1094
internal_count=644 168 81 476 442 403 87
is_linear=0
shrinkage=0.03


Tree=92
num_leaves=9
num_cat=0
split_feature=19 16 31 37 19 26 23 10
split_gain=4.44345 6.23279 5.86476 6.09832 3.49296 3.44236 4.92744 1.06952
threshold=0.11735452282089485 33.451734433809619 1.5000000000000002 0.063199540544748536 0.21861303048907851 0.058691043985161638 0.82588099668525949 0.018601996378178168
decision_type=2 2 2 2 2 2 2 2
left_child=5 2 3 -2 -4 -1 -7 -8
right_child=1 -3 4 -5 -6 6 7 -9
leaf_value=0.008398667386679888 0.014659343475258465 -0.014890875833971692 0.0039270717763991627 -0.011603886830318707 -0.016379336888644895 0.0032909313673304798 -0.022267281440355873 -0.0044070379687225171
leaf_weight=8.0697162896394712 59.83985623717308 11.445933595299719 15.118545666337015 6.9753945469856253 10.996812030673025 12.489894390106199 17.700433492660526 7.6997166424989691
leaf_count=34 258 49 64 30 47 53 77 32
internal_value=0.000507708 0.00400941 0.00675998 0.011442 -0.00464705 -0.00696761 -0.0108733 -0.0181175
internal_weight=150.336 104.377 92.9306 66.8153 26.1154 45.9598 37.89 25.4002
internal_count=644 448 399 288 111 196 162 109
is_linear=0
shrinkage=0.03


Tree=93
num_leaves=10
num_cat=0
split_feature=19 16 31 6 11 16 15 36 19
split_gain=4.17661 5.90232 5.53877 7.13451 4.97885 6.46551 5.09451 4.31043 3.31863
threshold=0.11735452282089485 33.451734433809619 1.5000000000000002 -0.012709528513153285 0.034115749937105318 -3.8754504191040016 -9.9163111572744143 0.006173882116836441 0.21861303048907851
decision_type=2 2 2 2 2 2 2 2 2
left_child=4 2 3 -2 5 -1 -7 -6 -4
right_child=1 -3 8 -5 7 6 -8 -9 -10
leaf_value=0.020727724551698849 0 -0.014512603177685804 0.0038235050148758879 0.019287330659896216 -0.0008405697406689295 -0.021679444860865555 0.003914760687277483 -0.034209103896519169 -0.015955681749232398
leaf_weight=7.9308000952005413 28.64487099647522 11.444100856781004 15.116424754261972 38.067087322473526 7.4227997064590436 10.570934876799585 12.945757225155829 7.018599197268486 11.003138706088064
leaf_count=33 123 49 64 165 32 46 55 30 47
internal_value=0.000471561 0.00387081 0.00655353 0.0111118 -0.00677856 0 -0.00779967 -0.0201588 -0.00451747
internal_weight=150.165 104.276 92.8315 66.712 45.8889 31.4475 23.5167 14.4414 26.1196
internal_count=644 448 399 288 196 134 101 62 111
is_linear=0
shrinkage=0.03


Tree=94
num_leaves=12
num_cat=0
split_feature=31 1 40 21 15 24 33 12 7 33 4
split_gain=2.71195 4.93709 5.44576 4.37058 4.76014 4.77457 4.25271 4.94904 2.50429 1.08264 0.915143
threshold=1.5000000000000002 0.0063095045523872137 0.05271988891180069 0.025492398298052596 -6.6651008678430754 0.41890410958904117 0.73503044739728407 39.55875026099973 0.026462396883704577 0.76658222265526854 0.075614402396058669
decision_type=2 2 2 2 2 2 2 2 2 2 2
left_child=1 6 9 4 -2 -6 7 -1 -8 -3 -5
right_child=3 2 -4 10 5 -7 8 -9 -10 -11 -12
leaf_value=0.00562057044590573 -0.015794972415925073 0.027613994534545435 -0.0055455250713502789 -0.023287985237773316 -0.0046813540554423837 0.022936841691937805 0.021558256007493459 -0.010529349103459897 0 0.0067814908806464848 -0.0045241726884020202
leaf_weight=25.557268217206001 7.1166805773973492 11.878258928656583 7.4275790601968756 8.9645990431308764 8.3900600522756594 9.7013058960437757 8.6875510811805707 40.598901197314262 6.8050993084907523 7.3538106828927985 7.4966454505920401
leaf_count=110 31 51 32 38 36 42 37 173 30 32 32
internal_value=0.000434531 0.00302418 0.013761 -0.00578334 0.00168163 0.010191 -0.000547442 -0.00408842 0.0124543 0.0217439 -0.0169711
internal_weight=149.978 108.308 26.6596 41.6693 25.208 18.0914 81.6488 66.1562 15.4927 19.2321 16.4612
internal_count=644 465 115 179 109 78 350 283 67 83 70
is_linear=0
shrinkage=0.03


end of trees

feature_importances:
bb_bandwidth=56
vol_ratio=41
macro_usdjpy_ret_20=40
return_20d=35
ma_20_60_cross=29
div_ma_10=28
rsi_change=28
macro_topix_ret_20=28
return_3d=25
div_ma_60=25
macro_usdjpy_ret_60=25
div_ma_5=21
macd_signal=20
volatility=20
rsi=19
month=19
atr_pct=18
macd_hist=17
macro_topix_vol_20=17
return_5d=15
bb_pct_b=15
price_position_20d=14
macd=13
lower_shadow_pct=13
streak=13
ma_5_20_cross=12
return_1d=11
return_10d=11
macro_usdjpy_vol_20=11
macro_topix_above_200dma=11
macro_nikkei_ret_20=11
macd_hist_change=10
div_ma_20=8
vol_change=8
candle_body_pct=8
return_2d=6
upper_shadow_pct=6
gap=3
day_of_week=2
macro_nikkei_above_200dma=1

parameters:
[boosting: gbdt]
[objective: binary]
[metric: binary_logloss]
[tree_learner: serial]
[device_type: cpu]
[data_sample_strategy: bagging]
[data: ]
[valid: ]
[num_iterations: 95]
[learning_rate: 0.03]
[num_leaves: 15]
[num_threads: 0]
[seed: 42]
[deterministic: 0]
[force_col_wise: 0]
[force_row_wise: 0]
[histogram_pool_size: -1]
[max_depth: 4]
[min_data_in_leaf: 30]
[min_sum_hessian_in_leaf: 0.001]
[bagging_fraction: 0.7]
[pos_bagging_fraction: 1]
[neg_bagging_fraction: 1]
[bagging_freq: 5]
[bagging_seed: 400]
[bagging_by_query: 0]
[feature_fraction: 0.6]
[feature_fraction_bynode: 1]
[feature_fraction_seed: 30056]
[extra_trees: 0]
[extra_seed: 12879]
[early_stopping_round: 0]
[early_stopping_min_delta: 0]
[first_metric_only: 0]
[max_delta_step: 0]
[lambda_l1: 0.5]
[lambda_l2: 2]
[linear_lambda: 0]
[min_gain_to_split: 0]
[drop_rate: 0.1]
[max_drop: 50]
[skip_drop: 0.5]
[xgboost_dart_mode: 0]
[uniform_drop: 0]
[drop_seed: 17869]
[top_rate: 0.2]
[other_rate: 0.1]
[min_data_per_group: 100]
[max_cat_threshold: 32]
[cat_l2: 10]
[cat_smooth: 10]
[max_cat_to_onehot: 4]
[top_k: 20]
[monotone_constraints: ]
[monotone_constraints_method: basic]
[monotone_penalty: 0]
[feature_contri: ]
[forcedsplits_filename: ]
[refit_decay_rate: 0.9]
[cegb_tradeoff: 1]
[cegb_penalty_split: 0]
[cegb_penalty_feature_lazy: ]
[cegb_penalty_feature_coupled: ]
[path_smooth: 0]
[interaction_constraints: ]
[verbosity: -1]
[saved_feature_importance_type: 0]
[use_quantized_grad: 0]
[num_grad_quant_bins: 4]
[quant_train_renew_leaf: 0]
[stochastic_rounding: 1]
[linear_tree: 0]
[max_bin: 255]
[max_bin_by_feature: ]
[min_data_in_bin: 5]
[bin_construct_sample_cnt: 200000]
[data_random_seed: 175]
[is_enable_sparse: 1]
[enable_bundle: 1]
[use_missing: 1]
[zero_as_missing: 0]
[feature_pre_filter: 1]
[pre_partition: 0]
[two_round: 0]
[header: 0]
[label_column: ]
[weight_column: ]
[group_column: ]
[ignore_column: ]
[categorical_feature: ]
[forcedbins_filename: ]
[precise_float_parser: 0]
[parser_config_file: ]
[objective_seed: 16083]
[num_class: 1]
[is_unbalance: 0]
[scale_pos_weight: 1]
[sigmoid: 1]
[boost_from_average: 1]
[reg_sqrt: 0]
[alpha: 0.9]
[fair_c: 1]
[poisson_max_delta_step: 0.7]
[tweedie_variance_power: 1.5]
[lambdarank_truncation_level: 30]
[lambdarank_norm: 1]
[label_gain: ]
[lambdarank_position_bias_regularization: 0]
[eval_at: ]
[multi_error_top_k: 1]
[auc_mu_weights: ]
[num_machines: 1]
[local_listen_port: 12400]
[time_out: 120]
[machine_list_filename: ]
[machines: ]
[gpu_platform_id: -1]
[gpu_device_id: -1]
[gpu_use_dp: 0]
[num_gpu: 1]

end of parameters

pandas_categorical:[]
