{
  "feature_cols": [
    "return_1d",
    "return_2d",
    "return_3d",
    "return_5d",
    "return_10d",
    "return_20d",
    "div_ma_5",
    "div_ma_10",
    "div_ma_20",
    "div_ma_60",
    "ma_5_20_cross",
    "ma_20_60_cross",
    "rsi",
    "rsi_change",
    "macd",
    "macd_signal",
    "macd_hist",
    "macd_hist_change",
    "bb_pct_b",
    "bb_bandwidth",
    "atr_pct",
    "volatility",
    "vol_change",
    "vol_ratio",
    "candle_body_pct",
    "upper_shadow_pct",
    "lower_shadow_pct",
    "day_of_week",
    "month",
    "is_month_end",
    "is_month_start",
    "streak",
    "gap",
    "price_position_20d",
    "macro_usdjpy_ret_20",
    "macro_usdjpy_ret_60",
    "macro_usdjpy_vol_20",
    "macro_topix_ret_20",
    "macro_topix_vol_20",
    "macro_topix_above_200dma",
    "macro_nikkei_ret_20",
    "macro_nikkei_above_200dma",
    "macro_nikkei_vi",
    "macro_jgb10y",
    "macro_bias_score"
  ],
  "avg_up_ret": 0.015389317206540017,
  "avg_dn_ret": -0.009487639502879622,
  "n_bins": 10,
  "psi_ref_rows": 250,
  "psi": {
    "return_1d": {
      "edges": [
        -0.038344239876940356,
        -0.01194028355365485,
        -0.007786146855699783,
        -0.004784508629178706,
        -0.0027576014025976867,
        0.0,
        0.002058986894934927,
        0.005348928035610602,
        0.006983524396096511,
        0.012381339142211267,
        0.039299257441712365
      ],
      "ref_props": [
        0.1,
        0.1,
        0.1,
        0.1,
        0.092,
        0.108,
        0.1,
        0.1,
        0.1,
        0.1
      ]
    },
    "return_2d": {
      "edges": [
        -0.05141613530177691,
        -0.01650357138413284,
        -0.01046880064548672,
        -0.006600203239652493,
        -0.004186039996156876,
        -0.0004605244366254757,
        0.00224303626666691,
        0.006016183585912272,
        0.011322722058946695,
        0.017903940703585117,
        0.04409796835850499
      ],
      "ref_props": [
        0.1,
        0.1,
        0.1,
        0.1,
        0.1,
        0.1,
        0.1,
        0.1,
        0.1,
        0.1
      ]
    },
    "return_3d": {
      "edges": [
        -0.05751632657186134,
        -0.019381299433224506,
        -0.012766225017337662,
        -0.007433606201073639,
        -0.003705605399134004,
        -0.000926686816280331,
        0.0023066987642448742,
        0.0062698608980442236,
        0.011779408698297947,
        0.02311006390877323,
        0.060579091775125216
      ],
      "ref_props": [
        0.1,
        0.1,
        0.1,
        0.1,
        0.1,
        0.1,
        0.1,
        0.1,
        0.1,
        0.1
      ]
    },
    "return_5d": {
      "edges": [
        -0.07139707970037623,
        -0.026688063019895257,
        -0.015296658008248087,
        -0.009668932647436944,
        -0.00462256065408204,
        0.0009261676187665158,
        0.004655882556928018,
        0.01012692265765172,
        0.014754043562515978,
        0.025112255516422103,
        0.06294645581926628
      ],
      "ref_props": [
        0.1,
        0.1,
        0.1,
        0.1,
        0.1,
        0.1,
        0.1,
        0.1,
        0.1,
        0.1
      ]
    },
    "return_10d": {
      "edges": [
        -0.08311577828488426,
        -0.03730598921625932,
        -0.01969225587271448,
        -0.0124528544471996,
        -0.006402944282661237,
        -0.0011279807120937457,
        0.004997304171483076,
        0.013068389499081005,
        0.020858354650292836,
        0.030904233242208746,
        0.11742775503970204
      ],
      "ref_props": [
        0.1,
        0.1,
        0.1,
        0.1,
        0.1,
        0.1,
        0.1,
        0.1,
        0.1,
        0.1
      ]
    },
    "return_20d": {
      "edges": [
        -0.09259259380951834,
        -0.043721434154402126,
        -0.026180912877924456,
        -0.013988824811762234,
        -0.007064226543045479,
        -0.0013739670824250427,
        0.005042187692215007,
        0.013922529806583374,
        0.024663020249393694,
        0.03899496963539681,
        0.13003667559045007
      ],
      "ref_props": [
        0.1,
        0.1,
        0.1,
        0.1,
        0.1,
        0.1,
        0.1,
        0.1,
        0.1,
        0.1
      ]
    },
    "div_ma_5": {
      "edges": [
        -0.03781168087136503,
        -0.012263323355822794,
        -0.0076902930397926995,
        -0.0051486234183586894,
        -0.002507857551304005,
        -0.0004602380197006011,
        0.0016396441393086716,
        0.004391020197464454,
        0.007624972007382471,
        0.014053451525589969,
        0.03136102171888943
      ],
      "ref_props": [
        0.1,
        0.1,
        0.1,
        0.1,
        0.1,
        0.1,
        0.1,
        0.1,
        0.1,
        0.1
      ]
    },
    "div_ma_10": {
      "edges": [
        -0.05621501281816893,
        -0.018940785515496515,
        -0.011237723214875579,
        -0.0064288102595081355,
        -0.003313682940532953,
        -3.5093075953692426e-09,
        0.0027927524449606056,
        0.005781439386330324,
        0.010649671106324572,
        0.01899547558208137,
        0.057611183675024734
      ],
      "ref_props": [
        0.1,
        0.1,
        0.1,
        0.1,
        0.1,
        0.1,
        0.1,
        0.1,
        0.1,
        0.1
      ]
    },
    "div_ma_20": {
      "edges": [
        -0.06697665156611311,
        -0.025804729502603024,
        -0.016594026259359816,
        -0.010044051011542104,
        -0.006253186430751266,
        -0.0005450040717368426,
        0.0031032229757312177,
        0.007120061410786693,
        0.01436430270655553,
        0.02293643877318468,
        0.09138347617852255
      ],
      "ref_props": [
        0.1,
        0.1,
        0.1,
        0.1,
        0.1,
        0.1,
        0.1,
        0.1,
        0.1,
        0.1
      ]
    },
    "div_ma_60": {
      "edges": [
        -0.07055053526157454,
        -0.031210900668289566,
        -0.01905513588626971,
        -0.01381367581187256,
        -0.008028901481491131,
        -0.0015993296222114287,
        0.007754607645873132,
        0.01658723414048315,
        0.022327112971565848,
        0.034839857466221175,
        0.11227120095777054
      ],
      "ref_props": [
        0.1,
        0.1,
        0.1,
        0.1,
        0.1,
        0.1,
        0.1,
        0.1,
        0.1,
        0.1
      ]
    },
    "ma_5_20_cross": {
      "edges": [
        -0.041443037737338595,
        -0.020563434901956723,
        -0.011876170489603408,
        -0.006797600367983846,
        -0.0036894530491358804,
        -0.0007282478651780555,
        0.0022555618908053415,
        0.00483441471163282,
        0.01031180749378553,
        0.016454865014637436,
        0.06255113619088126
      ],
      "ref_props": [
        0.1,
        0.1,
        0.1,
        0.1,
        0.1,
        0.1,
        0.1,
        0.1,
        0.1,
        0.1
      ]
    },
    "ma_20_60_cross": {
      "edges": [
        -0.042748625708304955,
        -0.016469505256401493,
        -0.01237669980528533,
        -0.008955942303907415,
        -0.002703767867020334,
        0.0025473448782877828,
        0.007027207565256717,
        0.012953475903562729,
        0.01712972746760775,
        0.0224024472616271,
        0.048528567721383364
      ],
      "ref_props": [
        0.1,
        0.1,
        0.1,
        0.1,
        0.1,
        0.1,
        0.1,
        0.1,
        0.1,
        0.1
      ]
    },
    "rsi": {
      "edges": [
        21.580559658833977,
        32.98863265335575,
        38.93769911893743,
        42.70590834953159,
        45.50898531868003,
        49.43363436617027,
        52.5714111328125,
        55.319818852364826,
        60.101446137195694,
        65.55517279306352,
        84.36122318999374
      ],