{
  "feature_cols": [
    "return_1d",
    "return_2d",
    "return_3d",
    "return_5d",
    "return_10d",
    "return_20d",
    "div_ma_5",
    "div_ma_10",
    "div_ma_20",
    "div_ma_60",
    "ma_5_20_cross",
    "ma_20_60_cross",
    "rsi",
    "rsi_change",
    "macd",
    "macd_signal",
    "macd_hist",
    "macd_hist_change",
    "bb_pct_b",
    "bb_bandwidth",
    "atr_pct",
    "volatility",
    "vol_change",
    "vol_ratio",
    "candle_body_pct",
    "upper_shadow_pct",
    "lower_shadow_pct",
    "day_of_week",
    "month",
    "is_month_end",
    "is_month_start",
    "streak",
    "gap",
    "price_position_20d",
    "macro_usdjpy_ret_20",
    "macro_usdjpy_ret_60",
    "macro_usdjpy_vol_20",
    "macro_topix_ret_20",
    "macro_topix_vol_20",
    "macro_topix_above_200dma",
    "macro_nikkei_ret_20",
    "macro_nikkei_above_200dma",
    "macro_nikkei_vi",
    "macro_jgb10y",
    "macro_bias_score"
  ],
  "avg_up_ret": 0.033131760762516727,
  "avg_dn_ret": -0.03172476756900987,
  "n_bins": 10,
  "psi_ref_rows": 250,
  "psi": {
    "return_1d": {
      "edges": [
        -0.07544481089672306,
        -0.02858692508563367,
        -0.01978169504734617,
        -0.013220653680043238,
        -0.008243872693514542,
        -0.0015370863041866412,
        0.007299725245732493,
        0.013410223483100244,
        0.02322253581223715,
        0.03155400397224388,
        0.0875912408759123
      ],
      "ref_props": [
        0.1,
        0.1,
        0.1,
        0.1,
        0.1,
        0.1,
        0.1,
        0.1,
        0.1,
        0.1
      ]
    },
    "return_2d": {
      "edges": [
        -0.11387900355871883,
        -0.04306332253106391,
        -0.030046257753271497,
        -0.0196106647074114,
        -0.011110158503484135,
        0.003926282820427174,
        0.012369453758691874,
        0.02226291147504893,
        0.03240249078010875,
        0.044366466009232636,
        0.09960547855713853
      ],
      "ref_props": [
        0.1,
        0.1,
        0.1,
        0.1,
        0.1,
        0.1,
        0.1,
        0.1,
        0.1,
        0.1
      ]
    },
    "return_3d": {
      "edges": [
        -0.1378116586444137,
        -0.05464431271656754,
        -0.03754730017963879,
        -0.023234743073076936,
        -0.01059202339120734,
        0.0029903830784556718,
        0.017219127958709307,
        0.028326582013165805,
        0.04145652470658854,
        0.054084821613083076,
        0.12846712358386547
      ],
      "ref_props": [
        0.1,
        0.1,
        0.1,
        0.1,
        0.1,
        0.1,
        0.1,
        0.1,
        0.1,
        0.1
      ]
    },
    "return_5d": {
      "edges": [
        -0.16321459571204855,
        -0.0738749890905661,
        -0.04157018661380196,
        -0.030218462848704185,
        -0.013202599569271514,
        0.004984116438256581,
        0.020154133112031947,
        0.03373565582313664,
        0.051729968178782657,
        0.0711640631111885,
        0.15058293418597835
      ],
      "ref_props": [
        0.1,
        0.1,
        0.1,
        0.1,
        0.1,
        0.1,
        0.1,
        0.1,
        0.1,
        0.1
      ]
    },
    "return_10d": {
      "edges": [
        -0.19469596845543014,
        -0.0866407746715474,
        -0.04787012885898242,
        -0.027013015345644296,
        -0.00716308954551825,
        0.011944161908345019,
        0.026380225257435948,
        0.04226541299767373,
        0.060699502698692905,
        0.07982475695184728,
        0.2269840946903936
      ],
      "ref_props": [
        0.1,
        0.1,
        0.1,
        0.1,
        0.1,
        0.1,
        0.1,
        0.1,
        0.1,
        0.1
      ]
    },
    "return_20d": {
      "edges": [
        -0.26410488936056387,
        -0.08900057368949402,
        -0.0487467581504353,
        -0.02283993919457179,
        -0.0033364491967325166,
        0.01969488677767761,
        0.034213001750512284,
        0.051424089142206565,
        0.0728280035634075,
        0.0993686571916389,
        0.19900367241435535
      ],
      "ref_props": [
        0.1,
        0.1,
        0.1,
        0.1,
        0.1,
        0.1,
        0.1,
        0.1,
        0.1,
        0.1
      ]
    },
    "div_ma_5": {
      "edges": [
        -0.08767842612629881,
        -0.033669338890188326,
        -0.0239168510911311,
        -0.015246499161136922,
        -0.006340516333526272,
        0.0013607196461082965,
        0.00993311778412239,
        0.016542287410794183,
        0.024924991913360516,
        0.035125785672088905,
        0.07101781693937038
      ],
      "ref_props": [
        0.1,
        0.1,
        0.1,
        0.1,
        0.1,
        0.1,
        0.1,
        0.1,
        0.1,
        0.1
      ]
    },
    "div_ma_10": {
      "edges": [
        -0.12434942750994576,
        -0.04811016288114769,
        -0.029307251711250645,
        -0.019916546976514897,
        -0.008127369830333695,
        0.003107261976534017,
        0.011406704826890464,
        0.021721207914477438,
        0.03793766290488744,
        0.04785122303131711,
        0.11356539686186974
      ],
      "ref_props": [
        0.1,
        0.1,
        0.1,
        0.1,
        0.1,
        0.1,
        0.1,
        0.1,
        0.1,
        0.1
      ]
    },
    "div_ma_20": {
      "edges": [
        -0.1441819949900056,
        -0.07201342486788172,
        -0.03605129774601545,
        -0.016077311217690515,
        -0.004927698101834159,
        0.006370420748603101,
        0.016346967679241587,
        0.03209257183307685,
        0.04184087111056336,
        0.05991878934952608,
        0.1548085640960269
      ],
      "ref_props": [
        0.1,
        0.1,
        0.1,
        0.1,
        0.1,
        0.1,
        0.1,
        0.1,
        0.1,
        0.1
      ]
    },
    "div_ma_60": {
      "edges": [
        -0.16871932076489482,
        -0.0894936309338159,
        -0.057176751482265115,
        -0.03129407940097484,
        -0.009789891352384481,
        0.003761424760198009,
        0.023314261663171264,
        0.04597301629855444,
        0.06680363063274851,
        0.09089126104473158,
        0.17796456615388717
      ],
      "ref_props": [
        0.1,
        0.1,
        0.1,
        0.1,
        0.1,
        0.1,
        0.1,
        0.1,
        0.1,
        0.1
      ]
    },
    "ma_5_20_cross": {
      "edges": [
        -0.09697049859136186,
        -0.05477544936474692,
        -0.02840290710440423,
        -0.01027993740205068,
        -0.0035595456517048857,
        0.007659685818182993,
        0.014806134580809146,
        0.023369953997188005,
        0.03340308001740327,
        0.04615652966026353,
        0.11118494760272157
      ],
      "ref_props": [
        0.1,
        0.1,
        0.1,
        0.1,
        0.1,
        0.1,
        0.1,
        0.1,
        0.1,
        0.1
      ]
    },
    "ma_20_60_cross": {
      "edges": [
        -0.09712333285148111,
        -0.06396695864971355,
        -0.045516309861781054,
        -0.017097228664080706,
        0.004269042746392463,
        0.014109121287111392,
        0.02212343344370446,
        0.03072472426627027,
        0.040975735224901576,
        0.04943915402670435,
        0.06605189996287564
      ],
      "ref_props": [
        0.1,
        0.1,
        0.1,
        0.1,
        0.1,
        0.1,
        0.1,
        0.1,
        0.1,
        0.1
      ]
    },
    "rsi": {
      "edges": [
        20.96774124513452,
        34.10058083592443,
        40.09604401730594,
        45.707186506774285,
        48.67472855241512,
        50.888310273504786,
        53.98382107815119,
        57.562508654586324,
        62.248467375249575,
        68.37323806893949,
        81.82410821075936
      ],