{
  "applied": true,
  "n_buckets": 10,
  "edges": [
    0.0,
    0.1,
    0.2,
    0.30000000000000004,
    0.4,
    0.5,
    0.6000000000000001,
    0.7000000000000001,
    0.8,
    0.9,
    1.0
  ],
  "prob_up": [
    0.5460893854748603,
    0.5407821229050279,
    0.5470643056849953,
    0.5258019525801952,
    0.524022346368715,
    0.5353817504655494,
    0.5195530726256983,
    0.5495118549511855,
    0.5664804469273743,
    0.5595903165735568
  ],
  "expected_ret": [
    0.007312609815854986,
    0.0075346008360902385,
    0.006941167682471672,
    0.005996862816824648,
    0.005171392723372296,
    0.005898303832837386,
    0.006708242326951765,
    0.012628074141657007,
    0.013665051523070045,
    0.017185367673157866
  ],
  "global_prob_up": 0.5418389006814881,
  "global_expected_ret": 0.008986214588269804
}