{
  "feature_cols": [
    "cs_z_return_5d",
    "cs_rank_return_5d",
    "cs_z_return_20d",
    "cs_rank_return_20d",
    "cs_z_rsi",
    "cs_rank_rsi",
    "cs_z_macd_hist",
    "cs_rank_macd_hist",
    "cs_z_atr_pct",
    "cs_rank_atr_pct",
    "cs_z_vol_ratio",
    "cs_rank_vol_ratio",
    "cs_z_adv20",
    "cs_rank_adv20",
    "sect_rank_return_20d",
    "sect_rank_return_5d",
    "cs_rank_turnover",
    "macro_usdjpy_ret_20",
    "macro_usdjpy_ret_60",
    "macro_usdjpy_vol_20",
    "macro_topix_ret_20",
    "macro_topix_vol_20",
    "macro_topix_above_200dma",
    "macro_nikkei_ret_20",
    "macro_nikkei_above_200dma",
    "macro_nikkei_vi",
    "macro_jgb10y",
    "macro_bias_score"
  ],
  "feature_means": {
    "cs_z_return_5d": 1.1041466058617654e-05,
    "cs_rank_return_5d": 0.5100085543199315,
    "cs_z_return_20d": 7.645102122118818e-06,
    "cs_rank_return_20d": 0.5100092123445418,
    "cs_z_rsi": 1.9218447675176834e-05,
    "cs_rank_rsi": 0.5100085543199315,
    "cs_z_macd_hist": 6.2489324866913135e-06,
    "cs_rank_macd_hist": 0.5100062512337962,
    "cs_z_atr_pct": -1.1818206629739079e-05,
    "cs_rank_atr_pct": 0.5100003290123051,
    "cs_z_vol_ratio": -1.5436686917091302e-05,
    "cs_rank_vol_ratio": 0.5099980259261696,
    "cs_z_adv20": 7.018499770824387e-06,
    "cs_rank_adv20": 0.5100098703691518,
    "sect_rank_return_20d": 0.7100355803307044,
    "sect_rank_return_5d": 0.7100379304185976,
    "cs_rank_turnover": 0.5100088833322366,
    "macro_usdjpy_ret_20": null,
    "macro_usdjpy_ret_60": null,
    "macro_usdjpy_vol_20": null,
    "macro_topix_ret_20": null,
    "macro_topix_vol_20": null,
    "macro_topix_above_200dma": null,
    "macro_nikkei_ret_20": null,
    "macro_nikkei_above_200dma": null,
    "macro_nikkei_vi": null,
    "macro_jgb10y": null,
    "macro_bias_score": null
  },
  "feature_stds": {
    "cs_z_return_5d": 0.9999861804774944,
    "cs_rank_return_5d": 0.28861487764815774,
    "cs_z_return_20d": 0.9999861994749905,
    "cs_rank_return_20d": 0.28861623418902865,
    "cs_z_rsi": 0.9999912007376802,
    "cs_rank_rsi": 0.2886156870257302,
    "cs_z_macd_hist": 0.9999841931657795,
    "cs_rank_macd_hist": 0.2886139030312259,
    "cs_z_atr_pct": 0.999985971639501,
    "cs_rank_atr_pct": 0.2886131051159328,
    "cs_z_vol_ratio": 0.9999900040472448,
    "cs_rank_vol_ratio": 0.28861634262592356,
    "cs_z_adv20": 0.9999848647526172,
    "cs_rank_adv20": 0.28861620566815727,
    "sect_rank_return_20d": 0.2823205799541594,
    "sect_rank_return_5d": 0.2823179211000505,
    "cs_rank_turnover": 0.28861536212506633,
    "macro_usdjpy_ret_20": null,
    "macro_usdjpy_ret_60": null,
    "macro_usdjpy_vol_20": null,
    "macro_topix_ret_20": null,
    "macro_topix_vol_20": null,
    "macro_topix_above_200dma": null,
    "macro_nikkei_ret_20": null,
    "macro_nikkei_above_200dma": null,
    "macro_nikkei_vi": null,
    "macro_jgb10y": null,
    "macro_bias_score": null
  }
}