{
  "feature_cols": [
    "return_1d",
    "return_2d",
    "return_3d",
    "return_5d",
    "return_10d",
    "return_20d",
    "div_ma_5",
    "div_ma_10",
    "div_ma_20",
    "div_ma_60",
    "ma_5_20_cross",
    "ma_20_60_cross",
    "rsi",
    "rsi_change",
    "macd",
    "macd_signal",
    "macd_hist",
    "macd_hist_change",
    "bb_pct_b",
    "bb_bandwidth",
    "atr_pct",
    "volatility",
    "vol_change",
    "vol_ratio",
    "candle_body_pct",
    "upper_shadow_pct",
    "lower_shadow_pct",
    "day_of_week",
    "month",
    "is_month_end",
    "is_month_start",
    "streak",
    "gap",
    "price_position_20d",
    "macro_usdjpy_ret_20",
    "macro_usdjpy_ret_60",
    "macro_usdjpy_vol_20",
    "macro_topix_ret_20",
    "macro_topix_vol_20",
    "macro_topix_above_200dma",
    "macro_nikkei_ret_20",
    "macro_nikkei_above_200dma",
    "macro_nikkei_vi",
    "macro_jgb10y",
    "macro_bias_score"
  ],
  "avg_up_ret": 0.0395860856892726,
  "avg_dn_ret": -0.031094832605871963,
  "n_bins": 10,
  "psi_ref_rows": 250,
  "psi": {
    "return_1d": {
      "edges": [
        -0.10430107526881716,
        -0.02812643678160921,
        -0.01801430327474447,
        -0.012161846033119025,
        -0.006655858311780125,
        -0.001510484990208949,
        0.00349222211994895,
        0.010342052609389767,
        0.018864445734518627,
        0.025851668514962654,
        0.07662721893491131
      ],
      "ref_props": [
        0.1,
        0.1,
        0.1,
        0.1,
        0.1,
        0.1,
        0.1,
        0.1,
        0.1,
        0.1
      ]
    },
    "return_2d": {
      "edges": [
        -0.12285268089536705,
        -0.042427425147926835,
        -0.029493745575242647,
        -0.019242879666073055,
        -0.010609440838848426,
        -0.004112561587696295,
        0.003310518394093709,
        0.0134255039523987,
        0.02413687590678744,
        0.043243056073369604,
        0.1029585798816568
      ],
      "ref_props": [
        0.1,
        0.1,
        0.1,
        0.1,
        0.1,
        0.1,
        0.1,
        0.1,
        0.1,
        0.1
      ]
    },
    "return_3d": {
      "edges": [
        -0.1427101200686106,
        -0.052985044155097395,
        -0.036145303644033545,
        -0.027782654946571894,
        -0.017031418347386737,
        -0.004047131147540961,
        0.005995001630009655,
        0.014007027596292559,
        0.025050782108142045,
        0.04278937015875653,
        0.1553254437869822
      ],
      "ref_props": [
        0.1,
        0.1,
        0.1,
        0.1,
        0.1,
        0.1,
        0.1,
        0.1,
        0.1,
        0.1
      ]
    },
    "return_5d": {
      "edges": [
        -0.15728932233058268,
        -0.07681711178380951,
        -0.05339993459100755,
        -0.034092468864173074,
        -0.021802052908923095,
        -0.0066955810147299455,
        0.004450888789250682,
        0.014626042721201117,
        0.031903908556116044,
        0.05777441532705203,
        0.20693815987933628
      ],
      "ref_props": [
        0.1,
        0.1,
        0.1,
        0.1,
        0.1,
        0.1,
        0.1,
        0.1,
        0.1,
        0.1
      ]
    },
    "return_10d": {
      "edges": [
        -0.183074684772066,
        -0.0945597817258578,
        -0.07211279706902703,
        -0.05092440326548423,
        -0.037139695407516556,
        -0.019463041082709354,
        -0.004191574916218842,
        0.014653937415635834,
        0.032814363030603436,
        0.08947814856632955,
        0.22225475841874087
      ],
      "ref_props": [
        0.1,
        0.1,
        0.1,
        0.1,
        0.1,
        0.1,
        0.1,
        0.1,
        0.1,
        0.1
      ]
    },
    "return_20d": {
      "edges": [
        -0.20819357930043125,
        -0.13532645781207522,
        -0.09821388129784243,
        -0.07124718243401632,
        -0.045801689618379306,
        -0.03128328626327914,
        -0.012053935908811021,
        0.008298018685487699,
        0.04399384283845143,
        0.1017950612041825,
        0.20758725341426398
      ],
      "ref_props": [
        0.1,
        0.1,
        0.1,
        0.1,
        0.1,
        0.1,
        0.1,
        0.1,
        0.1,
        0.1
      ]
    },
    "div_ma_5": {
      "edges": [
        -0.11051788574479444,
        -0.03310524341456604,
        -0.02442569899081274,
        -0.01804053961421644,
        -0.009725248686558568,
        -0.003572299564493351,
        0.002223053692186362,
        0.00944890277811106,
        0.016255792711594535,
        0.028221819241044523,
        0.08671453219791837
      ],
      "ref_props": [
        0.1,
        0.1,
        0.1,
        0.1,
        0.1,
        0.1,
        0.1,
        0.1,
        0.1,
        0.1
      ]
    },
    "div_ma_10": {
      "edges": [
        -0.1358309613560017,
        -0.05226888848925359,
        -0.040806206109514104,
        -0.026977103374554168,
        -0.016707210103166288,
        -0.010490557766916979,
        -0.0012646015503655133,
        0.00882449401022534,
        0.02223919867375048,
        0.039710218149101924,
        0.13245428400889897
      ],
      "ref_props": [
        0.1,
        0.1,
        0.1,
        0.1,
        0.1,
        0.1,
        0.1,
        0.1,
        0.1,
        0.1
      ]
    },
    "div_ma_20": {
      "edges": [
        -0.15050226238640807,
        -0.07208791156040244,
        -0.056415441009729,
        -0.040441057800934405,
        -0.03142989743428313,
        -0.02308957988419628,
        -0.007437172220203785,
        0.00893510515388546,
        0.025976183974314563,
        0.06878216946048656,
        0.1588328382242705
      ],
      "ref_props": [
        0.1,
        0.1,
        0.1,
        0.1,
        0.1,
        0.1,
        0.1,
        0.1,
        0.1,
        0.1
      ]
    },
    "div_ma_60": {
      "edges": [
        -0.17018194940918868,
        -0.10641477056529247,
        -0.09076461614091723,
        -0.07368942094298397,
        -0.06103047035854301,
        -0.04728625025051243,
        -0.032519410554338955,
        0.001747782863715948,
        0.027013443848961313,
        0.048213898649886074,
        0.15396843681603498
      ],
      "ref_props": [
        0.1,
        0.1,
        0.1,
        0.1,
        0.1,
        0.1,
        0.1,
        0.1,
        0.1,
        0.1
      ]
    },
    "ma_5_20_cross": {
      "edges": [
        -0.12197286012526098,
        -0.05762769743445527,
        -0.044728317715908926,
        -0.03207916499254371,
        -0.024683667549587573,
        -0.014409850176517414,
        -0.007635348123672277,
        0.006164586863546127,
        0.01876897620225995,
        0.050515069385213045,
        0.11476856063738872
      ],
      "ref_props": [
        0.1,
        0.1,
        0.1,
        0.1,
        0.1,
        0.1,
        0.1,
        0.1,
        0.1,
        0.1
      ]
    },
    "ma_20_60_cross": {
      "edges": [
        -0.10435635703467339,
        -0.06718694184481006,
        -0.05296534508782891,
        -0.04623416888295601,
        -0.03811768163191705,
        -0.026501106857137524,
        -0.016989398585218893,
        0.0014766555500843087,
        0.025218118263724512,
        0.03976982630914374,
        0.07205405623534356
      ],
      "ref_props": [
        0.1,
        0.1,
        0.1,
        0.1,
        0.1,
        0.1,
        0.1,
        0.1,
        0.1,
        0.1
      ]
    },
    "rsi": {
      "edges": [
        1.9073569482288804,
        23.88796249997246,
        31.021074874190226,
        36.82208909775393,
        40.79117932388139,
        44.64805119255381,
        48.69251076140886,
        52.66585866695487,
        58.16336529712326,
        68.81049100770768,
        80.87167070217917
      ],