{
  "feature_cols": [
    "return_1d",
    "return_2d",
    "return_3d",
    "return_5d",
    "return_10d",
    "return_20d",
    "div_ma_5",
    "div_ma_10",
    "div_ma_20",
    "div_ma_60",
    "ma_5_20_cross",
    "ma_20_60_cross",
    "rsi",
    "rsi_change",
    "macd",
    "macd_signal",
    "macd_hist",
    "macd_hist_change",
    "bb_pct_b",
    "bb_bandwidth",
    "atr_pct",
    "volatility",
    "vol_change",
    "vol_ratio",
    "candle_body_pct",
    "upper_shadow_pct",
    "lower_shadow_pct",
    "day_of_week",
    "month",
    "is_month_end",
    "is_month_start",
    "streak",
    "gap",
    "price_position_20d",
    "macro_usdjpy_ret_20",
    "macro_usdjpy_ret_60",
    "macro_usdjpy_vol_20",
    "macro_topix_ret_20",
    "macro_topix_vol_20",
    "macro_topix_above_200dma",
    "macro_nikkei_ret_20",
    "macro_nikkei_above_200dma",
    "macro_nikkei_vi",
    "macro_jgb10y",
    "macro_bias_score"
  ],
  "avg_up_ret": 0.03559923868057401,
  "avg_dn_ret": -0.023485596427664897,
  "n_bins": 10,
  "psi_ref_rows": 250,
  "psi": {
    "return_1d": {
      "edges": [
        -0.08759124087591241,
        -0.02037855137051281,
        -0.011743761223605187,
        -0.0073359915881491865,
        -0.0022336926456325767,
        0.0012373087848414066,
        0.004975010864841387,
        0.008932930193487443,
        0.014306592888031003,
        0.026478932154418763,
        0.05847826086956531
      ],
      "ref_props": [
        0.1,
        0.1,
        0.1,
        0.1,
        0.1,
        0.1,
        0.1,
        0.1,
        0.1,
        0.1
      ]
    },
    "return_2d": {
      "edges": [
        -0.07554146856840993,
        -0.028714833226654156,
        -0.01802498147002567,
        -0.011634897869659789,
        -0.004290219156468454,
        0.0020349805762757134,
        0.009256769109808539,
        0.01780666795154964,
        0.02517694250539653,
        0.03945465365633438,
        0.08152476349471338
      ],
      "ref_props": [
        0.1,
        0.1,
        0.1,
        0.1,
        0.1,
        0.1,
        0.1,
        0.1,
        0.1,
        0.1
      ]
    },
    "return_3d": {
      "edges": [
        -0.08088235294117652,
        -0.03398639088729015,
        -0.02382188931810032,
        -0.012769960546420643,
        -0.0035551954239174425,
        0.004688416191048983,
        0.01266183625978418,
        0.020631271001429845,
        0.03433822812700478,
        0.04742077136605868,
        0.09645286686103005
      ],
      "ref_props": [
        0.1,
        0.1,
        0.1,
        0.1,
        0.1,
        0.1,
        0.1,
        0.1,
        0.1,
        0.1
      ]
    },
    "return_5d": {
      "edges": [
        -0.09490561158520816,
        -0.04332490386603268,
        -0.02539769379607408,
        -0.01337384922813998,
        -0.0017466551188954013,
        0.008543488559075274,
        0.01747654477368082,
        0.02877087692913902,
        0.03992048342157945,
        0.061413975986527654,
        0.10993605509099846
      ],
      "ref_props": [
        0.1,
        0.1,
        0.1,
        0.1,
        0.1,
        0.1,
        0.1,
        0.1,
        0.1,
        0.1
      ]
    },
    "return_10d": {
      "edges": [
        -0.0995121951219512,
        -0.046576902634528045,
        -0.02837414097959816,
        -0.012395211442786073,
        -0.001740829280116805,
        0.013728817230231338,
        0.025871866713691804,
        0.042029853013512426,
        0.06757681265652679,
        0.09348816219502921,
        0.1330171635049684
      ],
      "ref_props": [
        0.1,
        0.1,
        0.1,
        0.1,
        0.1,
        0.1,
        0.1,
        0.1,
        0.1,
        0.1
      ]
    },
    "return_20d": {
      "edges": [
        -0.1166666666666667,
        -0.05702847128699199,
        -0.02662337919092687,
        -0.0025809995589994843,
        0.019445602988986822,
        0.0437092286078703,
        0.06133513068428322,
        0.07611750541312635,
        0.0957027969994542,
        0.11422618555483381,
        0.19338235294117645
      ],
      "ref_props": [
        0.1,
        0.1,
        0.1,
        0.1,
        0.1,
        0.1,
        0.1,
        0.1,
        0.1,
        0.1
      ]
    },
    "div_ma_5": {
      "edges": [
        -0.07068132334979554,
        -0.020821098395433904,
        -0.013411466489218328,
        -0.007561087933193014,
        -0.0014023785472361092,
        0.004279856206530852,
        0.008307398803221695,
        0.012976372699898858,
        0.017798722809900434,
        0.02982320924521285,
        0.06113331765812368
      ],
      "ref_props": [
        0.1,
        0.1,
        0.1,
        0.1,
        0.1,
        0.1,
        0.1,
        0.1,
        0.1,
        0.1
      ]
    },
    "div_ma_10": {
      "edges": [
        -0.06818242325816672,
        -0.027706676564721654,
        -0.015166909889660176,
        -0.00698083245749309,
        -0.0013813699230539951,
        0.004738765191679861,
        0.01150646979673671,
        0.019897124130974907,
        0.03494254105598294,
        0.047111415256422734,
        0.07802329185670637
      ],
      "ref_props": [
        0.1,
        0.1,
        0.1,
        0.1,
        0.1,
        0.1,
        0.1,
        0.1,
        0.1,
        0.1
      ]
    },
    "div_ma_20": {
      "edges": [
        -0.0627111011033551,
        -0.03904979825277484,
        -0.01610524377332876,
        -0.0029137694328435636,
        0.00539302833340592,
        0.012767396769388656,
        0.021473056322376956,
        0.037157190371124485,
        0.0535169031720675,
        0.06662048698634143,
        0.1063672330857029
      ],
      "ref_props": [
        0.1,
        0.1,
        0.1,
        0.1,
        0.1,
        0.1,
        0.1,
        0.1,
        0.1,
        0.1
      ]
    },
    "div_ma_60": {
      "edges": [
        -0.07268767035242872,
        -0.014798028831825674,
        0.01258974589265406,
        0.03096016197590725,
        0.044727743765220915,
        0.05751363793825024,
        0.06722697438097518,
        0.08630152820679886,
        0.10793988686425678,
        0.13128230486950734,
        0.20614250132381487
      ],
      "ref_props": [
        0.1,
        0.1,
        0.1,
        0.1,
        0.1,
        0.1,
        0.1,
        0.1,
        0.1,
        0.1
      ]
    },
    "ma_5_20_cross": {
      "edges": [
        -0.052606005173424064,
        -0.027887294739336002,
        -0.011712118735926834,
        -0.003670186983082021,
        0.0027277944785733875,
        0.010221358320269491,
        0.01729963550507978,
        0.030771376421877255,
        0.04178471192387541,
        0.05201827614484415,
        0.0780608755129959
      ],
      "ref_props": [
        0.1,
        0.1,
        0.1,
        0.1,
        0.1,
        0.1,
        0.1,
        0.1,
        0.1,
        0.1
      ]
    },
    "ma_20_60_cross": {
      "edges": [
        -0.031592171066044616,
        0.0034309967030478074,
        0.014171254573488579,
        0.021950469831541745,
        0.026628899453174756,
        0.04144145112571218,
        0.06001774394578802,
        0.06476988806132408,
        0.06867760412367936,
        0.08320775336148242,
        0.1077254234441909
      ],
      "ref_props": [
        0.1,
        0.1,
        0.1,
        0.1,
        0.1,
        0.1,
        0.1,
        0.1,
        0.1,
        0.1
      ]
    },
    "rsi": {
      "edges": [
        17.91666666666667,
        34.90998363338789,
        42.4763172614547,
        48.36583015108983,
        52.652782713767856,
        56.79450757575758,
        60.003881720347884,
        63.67161635832522,
        68.36333892802908,
        72.18162423093085,
        91.97207678883072
      ],