{
  "feature_cols": [
    "return_1d",
    "return_2d",
    "return_3d",
    "return_5d",
    "return_10d",
    "return_20d",
    "div_ma_5",
    "div_ma_10",
    "div_ma_20",
    "div_ma_60",
    "ma_5_20_cross",
    "ma_20_60_cross",
    "rsi",
    "rsi_change",
    "macd",
    "macd_signal",
    "macd_hist",
    "macd_hist_change",
    "bb_pct_b",
    "bb_bandwidth",
    "atr_pct",
    "volatility",
    "vol_change",
    "vol_ratio",
    "candle_body_pct",
    "upper_shadow_pct",
    "lower_shadow_pct",
    "day_of_week",
    "month",
    "is_month_end",
    "is_month_start",
    "streak",
    "gap",
    "price_position_20d",
    "macro_usdjpy_ret_20",
    "macro_usdjpy_ret_60",
    "macro_usdjpy_vol_20",
    "macro_topix_ret_20",
    "macro_topix_vol_20",
    "macro_topix_above_200dma",
    "macro_nikkei_ret_20",
    "macro_nikkei_above_200dma",
    "macro_nikkei_vi",
    "macro_jgb10y",
    "macro_bias_score"
  ],
  "avg_up_ret": 0.04969022595868862,
  "avg_dn_ret": -0.0318764945394376,
  "n_bins": 10,
  "psi_ref_rows": 250,
  "psi": {
    "return_1d": {
      "edges": [
        -0.07933138763597769,
        -0.03782505806845612,
        -0.02337695884006927,
        -0.014938955788211998,
        -0.007247050797668041,
        0.0016877886683012155,
        0.006912424061388831,
        0.01608290596978814,
        0.028201492207345826,
        0.041996655213142144,
        0.11460585806958923
      ],
      "ref_props": [
        0.1,
        0.1,
        0.1,
        0.1,
        0.1,
        0.1,
        0.1,
        0.1,
        0.1,
        0.1
      ]
    },
    "return_2d": {
      "edges": [
        -0.11938614308282558,
        -0.05069258821525363,
        -0.027419505871854665,
        -0.01912820607315278,
        -0.012256266438956406,
        -0.0028586604857790965,
        0.010201518467625863,
        0.022106411692077933,
        0.03701406120760967,
        0.0630298273155416,
        0.15735492577597832
      ],
      "ref_props": [
        0.1,
        0.1,
        0.1,
        0.1,
        0.1,
        0.1,
        0.1,
        0.1,
        0.1,
        0.1
      ]
    },
    "return_3d": {
      "edges": [
        -0.13002544529262083,
        -0.05722894868525935,
        -0.0400569099131465,
        -0.022299873356806544,
        -0.011596540070962735,
        -0.001446248717010823,
        0.00793340199437548,
        0.02454173255446834,
        0.04197244271660657,
        0.08207330343547509,
        0.21643404757224305
      ],
      "ref_props": [
        0.1,
        0.1,
        0.1,
        0.1,
        0.1,
        0.1,
        0.1,
        0.1,
        0.1,
        0.1
      ]
    },
    "return_5d": {
      "edges": [
        -0.15346422929361314,
        -0.07194239725041338,
        -0.05036876953340776,
        -0.030374737282343228,
        -0.015478097527905714,
        0.0016161255253367424,
        0.01808476694154123,
        0.034399519072575345,
        0.06356540054932987,
        0.10343034186571298,
        0.22017353579175714
      ],
      "ref_props": [
        0.1,
        0.1,
        0.1,
        0.1,
        0.1,
        0.1,
        0.1,
        0.1,
        0.1,
        0.1
      ]
    },
    "return_10d": {
      "edges": [
        -0.1589386223532565,
        -0.0974408740509684,
        -0.07470675652324171,
        -0.05108194500880398,
        -0.02469300419842254,
        0.011196502313253531,
        0.04572869825896469,
        0.07438716877686063,
        0.10081471675994363,
        0.1382014572735626,
        0.28299146850608103
      ],
      "ref_props": [
        0.1,
        0.1,
        0.1,
        0.1,
        0.1,
        0.1,
        0.1,
        0.1,
        0.1,
        0.1
      ]
    },
    "return_20d": {
      "edges": [
        -0.2918077183480027,
        -0.14334726030378203,
        -0.10335818855444845,
        -0.05510354160962273,
        -0.01447772484456213,
        0.018123311758457272,
        0.08195458290679511,
        0.13877505594074835,
        0.20129375496143107,
        0.25695153146263033,
        0.4063604112251289
      ],
      "ref_props": [
        0.1,
        0.1,
        0.1,
        0.1,
        0.1,
        0.1,
        0.1,
        0.1,
        0.1,
        0.1
      ]
    },
    "div_ma_5": {
      "edges": [
        -0.07395384524582421,
        -0.03729810165522986,
        -0.02433444893972501,
        -0.01433627068884727,
        -0.007849141199119744,
        -0.002593077232138026,
        0.005707986883661992,
        0.014771597499827501,
        0.031855878740811513,
        0.04428900207715423,
        0.11298967588762182
      ],
      "ref_props": [
        0.1,
        0.1,
        0.1,
        0.1,
        0.1,
        0.1,
        0.1,
        0.1,
        0.1,
        0.1
      ]
    },
    "div_ma_10": {
      "edges": [
        -0.11135024920706837,
        -0.057760396332144144,
        -0.04066097879194885,
        -0.02529742475804507,
        -0.011697488106594876,
        0.0017535175436151327,
        0.01453514907740408,
        0.03154407483247091,
        0.04855862105114968,
        0.07484640352452311,
        0.1813814286839411
      ],
      "ref_props": [
        0.1,
        0.1,
        0.1,
        0.1,
        0.1,
        0.1,
        0.1,
        0.1,
        0.1,
        0.1
      ]
    },
    "div_ma_20": {
      "edges": [
        -0.1498354126874467,
        -0.07549188782710994,
        -0.05869004084413871,
        -0.042410722251475096,
        -0.019960113776796164,
        0.015186860758644085,
        0.03542879679079347,
        0.059481460004350145,
        0.0856745249290226,
        0.11405116233610349,
        0.2385288906204609
      ],
      "ref_props": [
        0.1,
        0.1,
        0.1,
        0.1,
        0.1,
        0.1,
        0.1,
        0.1,
        0.1,
        0.1
      ]
    },
    "div_ma_60": {
      "edges": [
        -0.255642266498089,
        -0.15775541162539222,
        -0.04958153408585256,
        9.346429010319307e-05,
        0.045779139589982754,
        0.08966823757140369,
        0.11775188732227572,
        0.16538049199772056,
        0.2182582525915375,
        0.2613678183835456,
        0.4267332827811787
      ],
      "ref_props": [
        0.1,
        0.1,
        0.1,
        0.1,
        0.1,
        0.1,
        0.1,
        0.1,
        0.1,
        0.1
      ]
    },
    "ma_5_20_cross": {
      "edges": [
        -0.0898126919582991,
        -0.06345767229670861,
        -0.05217897027457532,
        -0.03226806676067895,
        -0.012979831162226183,
        0.012488189573233499,
        0.03448398682223771,
        0.0497391315639741,
        0.06766201652420492,
        0.09661962316119344,
        0.14057647963391262
      ],
      "ref_props": [
        0.1,
        0.1,
        0.1,
        0.1,
        0.1,
        0.1,
        0.1,
        0.1,
        0.1,
        0.1
      ]
    },
    "ma_20_60_cross": {
      "edges": [
        -0.15542273658889794,
        -0.12115542445254805,
        -0.009920571519243882,
        0.004516594643719701,
        0.038393530906674106,
        0.05857882178539742,
        0.08699450546943062,
        0.1305351638162143,
        0.1571433865843857,
        0.17628466283626837,
        0.20784572331997064
      ],
      "ref_props": [
        0.1,
        0.1,
        0.1,
        0.1,
        0.1,
        0.1,
        0.1,
        0.1,
        0.1,
        0.1
      ]
    },
    "rsi": {
      "edges": [
        17.17991586369341,
        29.67354901369771,
        35.35804893345124,
        39.82021395159995,
        45.323395135126646,
        53.46307917056002,
        58.37553190182173,
        62.63747354113925,
        66.82551715063873,
        74.73000248388067,
        90.01154734411085
      ],
      "ref_props": [
        0.1,
        0.1,
        0.1,
        0.1,
        0.1,
        0.1,
        0.1,
        0.1,
        0.1,
        0.1
      ]
    },