{
  "feature_cols": [
    "return_1d",
    "return_2d",
    "return_3d",
    "return_5d",
    "return_10d",
    "return_20d",
    "div_ma_5",
    "div_ma_10",
    "div_ma_20",
    "div_ma_60",
    "ma_5_20_cross",
    "ma_20_60_cross",
    "rsi",
    "rsi_change",
    "macd",
    "macd_signal",
    "macd_hist",
    "macd_hist_change",
    "bb_pct_b",
    "bb_bandwidth",
    "atr_pct",
    "volatility",
    "vol_change",
    "vol_ratio",
    "candle_body_pct",
    "upper_shadow_pct",
    "lower_shadow_pct",
    "day_of_week",
    "month",
    "is_month_end",
    "is_month_start",
    "streak",
    "gap",
    "price_position_20d",
    "macro_usdjpy_ret_20",
    "macro_usdjpy_ret_60",
    "macro_usdjpy_vol_20",
    "macro_topix_ret_20",
    "macro_topix_vol_20",
    "macro_topix_above_200dma",
    "macro_nikkei_ret_20",
    "macro_nikkei_above_200dma",
    "macro_nikkei_vi",
    "macro_jgb10y",
    "macro_bias_score"
  ],
  "avg_up_ret": 0.036975528403345906,
  "avg_dn_ret": -0.02157320265152004,
  "n_bins": 10,
  "psi_ref_rows": 250,
  "psi": {
    "return_1d": {
      "edges": [
        -0.08814136682989138,
        -0.028755451379412145,
        -0.017582804657199656,
        -0.012492981594527615,
        -0.005532059657725118,
        -0.0009206781027230049,
        0.0030629122245985573,
        0.011667810941678155,
        0.020375602205119407,
        0.03573135443285822,
        0.10256410256410264
      ],
      "ref_props": [
        0.1,
        0.1,
        0.1,
        0.1,
        0.1,
        0.1,
        0.1,
        0.1,
        0.1,
        0.1
      ]
    },
    "return_2d": {
      "edges": [
        -0.1175218224398552,
        -0.03780057481540139,
        -0.02658352024648587,
        -0.015704330512692856,
        -0.007613283119570346,
        0.0006279158425315234,
        0.01127722106595731,
        0.020386352230143467,
        0.028113752942980286,
        0.04398291435721384,
        0.1476923076923078
      ],
      "ref_props": [
        0.1,
        0.1,
        0.1,
        0.1,
        0.1,
        0.1,
        0.1,
        0.1,
        0.1,
        0.1
      ]
    },
    "return_3d": {
      "edges": [
        -0.12161434977578478,
        -0.04152780033330101,
        -0.028824823285711225,
        -0.01608682344932981,
        -0.009068395878415252,
        0.001473414059197986,
        0.011260152394001344,
        0.02020212055481046,
        0.03735656617157082,
        0.053624117142455775,
        0.15509677419354828
      ],
      "ref_props": [
        0.1,
        0.1,
        0.1,
        0.1,
        0.1,
        0.1,
        0.1,
        0.1,
        0.1,
        0.1
      ]
    },
    "return_5d": {
      "edges": [
        -0.15830182193193543,
        -0.059375526857450976,
        -0.032120062101086776,
        -0.018275645381348276,
        -0.004209750478708994,
        0.004749658592296813,
        0.01595827149841065,
        0.02675902955395558,
        0.039412546323563016,
        0.06732440110882781,
        0.1712820512820512
      ],
      "ref_props": [
        0.1,
        0.1,
        0.1,
        0.1,
        0.1,
        0.1,
        0.1,
        0.1,
        0.1,
        0.1
      ]
    },
    "return_10d": {
      "edges": [
        -0.16122378824338257,
        -0.0703991332351305,
        -0.05178157616799204,
        -0.03261793572692029,
        -0.008527364237819954,
        0.005281716414634929,
        0.017119811347084006,
        0.02965386651633844,
        0.07221537789522336,
        0.10780475208363316,
        0.18761290322580648
      ],
      "ref_props": [
        0.1,
        0.1,
        0.1,
        0.1,
        0.1,
        0.1,
        0.1,
        0.1,
        0.1,
        0.1
      ]
    },
    "return_20d": {
      "edges": [
        -0.16363011344104506,
        -0.07216840838985426,
        -0.04552567098914358,
        -0.023293079535309263,
        -0.0023155965040537584,
        0.01629192692523196,
        0.03274096887736198,
        0.05774766586128686,
        0.07801564509735714,
        0.13241852339767451,
        0.3635897435897435
      ],
      "ref_props": [
        0.1,
        0.1,
        0.1,
        0.1,
        0.1,
        0.1,
        0.1,
        0.1,
        0.1,
        0.1
      ]
    },
    "div_ma_5": {
      "edges": [
        -0.07313472385206489,
        -0.02730127831078137,
        -0.016939290637985396,
        -0.01058396135623219,
        -0.004609238540726387,
        0.0009657726926878205,
        0.007535786195254063,
        0.013444916919354016,
        0.020597518641138197,
        0.030315079768955876,
        0.09272008202724481
      ],
      "ref_props": [
        0.1,
        0.1,
        0.1,
        0.1,
        0.1,
        0.1,
        0.1,
        0.1,
        0.1,
        0.1
      ]
    },
    "div_ma_10": {
      "edges": [
        -0.08135892096722754,
        -0.04420843491357327,
        -0.025876049676606484,
        -0.012471651860536332,
        -0.005868687455253685,
        0.001862108758650316,
        0.009206420482531317,
        0.01933806040880998,
        0.03175816246611847,
        0.045132394934354766,
        0.1293508037970652
      ],
      "ref_props": [
        0.1,
        0.1,
        0.1,
        0.1,
        0.1,
        0.1,
        0.1,
        0.1,
        0.1,
        0.1
      ]
    },
    "div_ma_20": {
      "edges": [
        -0.07625289278699371,
        -0.04967239862872808,
        -0.03125688255993125,
        -0.020284233327876478,
        -0.011284880899396747,
        0.0016496827664809885,
        0.012966982802215598,
        0.027129789110344322,
        0.05383998224240716,
        0.07649796867187418,
        0.16042594047307318
      ],
      "ref_props": [
        0.1,
        0.1,
        0.1,
        0.1,
        0.1,
        0.1,
        0.1,
        0.1,
        0.1,
        0.1
      ]
    },
    "div_ma_60": {
      "edges": [
        -0.11727774573617858,
        -0.053587196270425894,
        -0.035494985926146826,
        -0.01592111052603616,
        0.014126884358799394,
        0.0374442749761863,
        0.052236208749325976,
        0.06866786504026029,
        0.08648387884683534,
        0.11374892386247325,
        0.2574085750315259
      ],
      "ref_props": [
        0.1,
        0.1,
        0.1,
        0.1,
        0.1,
        0.1,
        0.1,
        0.1,
        0.1,
        0.1
      ]
    },
    "ma_5_20_cross": {
      "edges": [
        -0.057206768915950446,
        -0.03789296347617643,
        -0.027416647482882615,
        -0.0128850250788218,
        -0.004791354690060399,
        0.00383232101104658,
        0.01032380486148088,
        0.024614996408196362,
        0.038441403825835566,
        0.057178166463249254,
        0.09567608470909206
      ],
      "ref_props": [
        0.1,
        0.1,
        0.1,
        0.1,
        0.1,
        0.1,
        0.1,
        0.1,
        0.1,
        0.1
      ]
    },
    "ma_20_60_cross": {
      "edges": [
        -0.052527879445942394,
        -0.038946398259086155,
        -0.018041316965072097,
        0.006317773627345096,
        0.015246537676868191,
        0.02238286915223131,
        0.03419929894512635,
        0.04339018016038801,
        0.054995500208147294,
        0.08677638463950181,
        0.12680590540952696
      ],
      "ref_props": [
        0.1,
        0.1,
        0.1,
        0.1,
        0.1,
        0.1,
        0.1,
        0.1,
        0.1,
        0.1
      ]
    },
    "rsi": {
      "edges": [
        14.944356120826697,
        36.84670237889522,
        40.992982468228185,
        45.677678166192464,
        48.85030482781348,
        50.973186119873816,
        54.72160946664615,
        58.54678721245438,
        63.52147484470499,
        68.36794221820959,
        84.02777777777777
      ],