{
  "feature_cols": [
    "return_1d",
    "return_2d",
    "return_3d",
    "return_5d",
    "return_10d",
    "return_20d",
    "div_ma_5",
    "div_ma_10",
    "div_ma_20",
    "div_ma_60",
    "ma_5_20_cross",
    "ma_20_60_cross",
    "rsi",
    "rsi_change",
    "macd",
    "macd_signal",
    "macd_hist",
    "macd_hist_change",
    "bb_pct_b",
    "bb_bandwidth",
    "atr_pct",
    "volatility",
    "vol_change",
    "vol_ratio",
    "candle_body_pct",
    "upper_shadow_pct",
    "lower_shadow_pct",
    "day_of_week",
    "month",
    "is_month_end",
    "is_month_start",
    "streak",
    "gap",
    "price_position_20d",
    "macro_usdjpy_ret_20",
    "macro_usdjpy_ret_60",
    "macro_usdjpy_vol_20",
    "macro_topix_ret_20",
    "macro_topix_vol_20",
    "macro_topix_above_200dma",
    "macro_nikkei_ret_20",
    "macro_nikkei_above_200dma",
    "macro_nikkei_vi",
    "macro_jgb10y",
    "macro_bias_score"
  ],
  "avg_up_ret": 0.04204303056175974,
  "avg_dn_ret": -0.02527813416672786,
  "n_bins": 10,
  "psi_ref_rows": 250,
  "psi": {
    "return_1d": {
      "edges": [
        -0.10378771667023323,
        -0.03159522884646232,
        -0.01955422047586359,
        -0.01117674540520542,
        -0.0024562393914344003,
        0.003109109090678963,
        0.007967672230302331,
        0.015334080601529814,
        0.024067253530106802,
        0.04084821639570754,
        0.13064767415980416
      ],
      "ref_props": [
        0.1,
        0.1,
        0.1,
        0.1,
        0.1,
        0.1,
        0.1,
        0.1,
        0.1,
        0.1
      ]
    },
    "return_2d": {
      "edges": [
        -0.13631676634357603,
        -0.03839610272908826,
        -0.019790007946724898,
        -0.013096675260566168,
        -0.004303073467043301,
        0.004055373391841144,
        0.013814478158622735,
        0.022255046640182016,
        0.03579936948297601,
        0.06246078006385096,
        0.1827443489334606
      ],
      "ref_props": [
        0.1,
        0.1,
        0.1,
        0.1,
        0.1,
        0.1,
        0.1,
        0.1,
        0.1,
        0.1
      ]
    },
    "return_3d": {
      "edges": [
        -0.13844887883151613,
        -0.0394809319092325,
        -0.025346564028001416,
        -0.015706138397000354,
        -0.003901681264105283,
        0.0057225305679386995,
        0.01871304112661663,
        0.027755936974022753,
        0.04526834150405421,
        0.07487001629963065,
        0.2623173632347944
      ],
      "ref_props": [
        0.1,
        0.1,
        0.1,
        0.1,
        0.1,
        0.1,
        0.1,
        0.1,
        0.1,
        0.1
      ]
    },
    "return_5d": {
      "edges": [
        -0.1164556962025316,
        -0.048247439590863035,
        -0.024980516178400667,
        -0.012939789072595907,
        3.566372729989003e-05,
        0.011964510202108203,
        0.024296368409158036,
        0.04476205610290548,
        0.06458339077901598,
        0.09904403839887707,
        0.2476910159529806
      ],
      "ref_props": [
        0.1,
        0.1,
        0.1,
        0.1,
        0.1,
        0.1,
        0.1,
        0.1,
        0.1,
        0.1
      ]
    },
    "return_10d": {
      "edges": [
        -0.11977777777777776,
        -0.07204277232077407,
        -0.03621991847207561,
        -0.013934176855322397,
        0.008906195200501444,
        0.029057336135826395,
        0.04880639705375962,
        0.07993012876563792,
        0.107059448794163,
        0.16420485175202157,
        0.37833753148614613
      ],
      "ref_props": [
        0.1,
        0.1,
        0.1,
        0.1,
        0.1,
        0.1,
        0.1,
        0.1,
        0.1,
        0.1
      ]
    },
    "return_20d": {
      "edges": [
        -0.1750876469375129,
        -0.10842271854576589,
        -0.053194854820625595,
        -0.013905492418218013,
        0.03175843866906486,
        0.06309614728392443,
        0.09795388640706576,
        0.1268931175724833,
        0.17060036519671037,
        0.2761497608868792,
        0.5330593948449758
      ],
      "ref_props": [
        0.1,
        0.1,
        0.1,
        0.1,
        0.1,
        0.1,
        0.1,
        0.1,
        0.1,
        0.1
      ]
    },
    "div_ma_5": {
      "edges": [
        -0.10232777468169925,
        -0.02465254351094989,
        -0.014146352910501257,
        -0.008118093435286855,
        -0.002168010184191162,
        0.004890929493143839,
        0.009943339510659517,
        0.01795550997209482,
        0.028302185817821193,
        0.047526274084147196,
        0.14983441146429785
      ],
      "ref_props": [
        0.1,
        0.1,
        0.1,
        0.1,
        0.1,
        0.1,
        0.1,
        0.1,
        0.1,
        0.1
      ]
    },
    "div_ma_10": {
      "edges": [
        -0.10933412730482132,
        -0.040071843762191854,
        -0.018912241117855735,
        -0.00763751499947311,
        0.0006384390175871527,
        0.010543503685810602,
        0.021459308325701507,
        0.03298406091577953,
        0.05720214889172139,
        0.07467826545395695,
        0.19868110063902428
      ],
      "ref_props": [
        0.1,
        0.1,
        0.1,
        0.1,
        0.1,
        0.1,
        0.1,
        0.1,
        0.1,
        0.1
      ]
    },
    "div_ma_20": {
      "edges": [
        -0.08970162705753992,
        -0.06187482228974456,
        -0.037761120005176,
        -0.013911532320670099,
        0.012414172731293428,
        0.027818590153870726,
        0.04471719072519075,
        0.0672792294473345,
        0.09125940998116709,
        0.13301327680309338,
        0.29770027798837506
      ],
      "ref_props": [
        0.1,
        0.1,
        0.1,
        0.1,
        0.1,
        0.1,
        0.1,
        0.1,
        0.1,
        0.1
      ]
    },
    "div_ma_60": {
      "edges": [
        -0.177045325404455,
        -0.06831161700241202,
        -0.02821820475608636,
        0.01892369789147155,
        0.058001410188285966,
        0.08088429573464348,
        0.11839374486826318,
        0.14487251432848677,
        0.17052123250901924,
        0.23551877434193583,
        0.6152348997686717
      ],
      "ref_props": [
        0.1,
        0.1,
        0.1,
        0.1,
        0.1,
        0.1,
        0.1,
        0.1,
        0.1,
        0.1
      ]
    },
    "ma_5_20_cross": {
      "edges": [
        -0.06818229483442051,
        -0.04559020692667911,
        -0.028894159832392692,
        -0.009041140754247837,
        0.005122092898391991,
        0.02199687966563424,
        0.03663219929287777,
        0.05342920929864761,
        0.07169748531230528,
        0.09659722095746444,
        0.19118018701036155
      ],
      "ref_props": [
        0.1,
        0.1,
        0.1,
        0.1,
        0.1,
        0.1,
        0.1,
        0.1,
        0.1,
        0.1
      ]
    },
    "ma_20_60_cross": {
      "edges": [
        -0.10314731359007367,
        -0.06161903867567582,
        -0.014332895469927526,
        0.02634931673126395,
        0.034737729056269685,
        0.039712340993593886,
        0.07699781246374149,
        0.09251549023861261,
        0.10332616452264497,
        0.12616707247015133,
        0.2830952881913935
      ],
      "ref_props": [
        0.1,
        0.1,
        0.1,
        0.1,
        0.1,
        0.1,
        0.1,
        0.1,
        0.1,
        0.1
      ]
    },
    "rsi": {
      "edges": [
        17.864077669902898,
        33.89189498214387,
        40.38456062592405,
        46.61336876824146,
        52.99786050492084,
        58.43857656634488,
        62.09113183793371,
        66.34371942612604,
        69.20738665250647,
        75.72123552123551,
        86.15900383141762
      ],
      "ref_props": [
        0.1,
        0.1,
        0.1,
        0.1,
        0.1,
        0.1,
        0.1,
        0.1,
        0.1,
        0.1
      ]
    },