{
  "feature_cols": [
    "return_1d",
    "return_2d",
    "return_3d",
    "return_5d",
    "return_10d",
    "return_20d",
    "div_ma_5",
    "div_ma_10",
    "div_ma_20",
    "div_ma_60",
    "ma_5_20_cross",
    "ma_20_60_cross",
    "rsi",
    "rsi_change",
    "macd",
    "macd_signal",
    "macd_hist",
    "macd_hist_change",
    "bb_pct_b",
    "bb_bandwidth",
    "atr_pct",
    "volatility",
    "vol_change",
    "vol_ratio",
    "candle_body_pct",
    "upper_shadow_pct",
    "lower_shadow_pct",
    "day_of_week",
    "month",
    "is_month_end",
    "is_month_start",
    "streak",
    "gap",
    "price_position_20d",
    "macro_usdjpy_ret_20",
    "macro_usdjpy_ret_60",
    "macro_usdjpy_vol_20",
    "macro_topix_ret_20",
    "macro_topix_vol_20",
    "macro_topix_above_200dma",
    "macro_nikkei_ret_20",
    "macro_nikkei_above_200dma",
    "macro_nikkei_vi",
    "macro_jgb10y",
    "macro_bias_score"
  ],
  "avg_up_ret": 0.03520888417886961,
  "avg_dn_ret": -0.019893846784731276,
  "n_bins": 10,
  "psi_ref_rows": 250,
  "psi": {
    "return_1d": {
      "edges": [
        -0.06262176454216528,
        -0.023949227878580226,
        -0.016847750088588676,
        -0.013115762670033289,
        -0.007941163552245632,
        -0.0035540516806639166,
        0.0005193869648999919,
        0.007327260681442029,
        0.013732591409098088,
        0.028917688959240222,
        0.08285163776493265
      ],
      "ref_props": [
        0.1,
        0.1,
        0.1,
        0.1,
        0.1,
        0.1,
        0.1,
        0.1,
        0.1,
        0.1
      ]
    },
    "return_2d": {
      "edges": [
        -0.07548723579467476,
        -0.035072386816350574,
        -0.02517098176210979,
        -0.018343944387607565,
        -0.011971670642506104,
        -0.005209433644229711,
        0.002643669558080849,
        0.011795466328385662,
        0.021644048750972457,
        0.035801193784836406,
        0.11881824020552334
      ],
      "ref_props": [
        0.1,
        0.1,
        0.1,
        0.1,
        0.1,
        0.1,
        0.1,
        0.1,
        0.1,
        0.1
      ]
    },
    "return_3d": {
      "edges": [
        -0.07829787234042551,
        -0.04090902265048182,
        -0.031186105471816994,
        -0.02093089916919589,
        -0.01434945943918908,
        -0.0064793449326834285,
        0.0005213572347968515,
        0.012144094923236006,
        0.021527303017364136,
        0.04518805534310183,
        0.17533718689788058
      ],
      "ref_props": [
        0.1,
        0.1,
        0.1,
        0.1,
        0.1,
        0.1,
        0.1,
        0.1,
        0.1,
        0.1
      ]
    },
    "return_5d": {
      "edges": [
        -0.08370288248337032,
        -0.053667708023258605,
        -0.03828834691778853,
        -0.025913841274777645,
        -0.018582680985648962,
        -0.009727566520798758,
        0.0014206267846379908,
        0.014263175929602152,
        0.028932709134759416,
        0.05673896150351323,
        0.17045091141669322
      ],
      "ref_props": [
        0.1,
        0.1,
        0.1,
        0.1,
        0.1,
        0.1,
        0.1,
        0.1,
        0.1,
        0.1
      ]
    },
    "return_10d": {
      "edges": [
        -0.12090163934426235,
        -0.0781768686501821,
        -0.04883025299250436,
        -0.033622322384242155,
        -0.021781192203727404,
        -0.009309865756934266,
        0.007573305161317256,
        0.01978880288616938,
        0.030662734663822334,
        0.06650794140370986,
        0.19498875682621275
      ],
      "ref_props": [
        0.1,
        0.1,
        0.1,
        0.1,
        0.1,
        0.1,
        0.1,
        0.1,
        0.1,
        0.1
      ]
    },
    "return_20d": {
      "edges": [
        -0.18632936025297986,
        -0.09467764632368517,
        -0.07284656795879514,
        -0.05441210998572865,
        -0.02548361353391194,
        -0.0027687358624289837,
        0.013098927943427888,
        0.035295920935919246,
        0.05439766979735616,
        0.09905419561766249,
        0.21242937853107335
      ],
      "ref_props": [
        0.1,
        0.1,
        0.1,
        0.1,
        0.1,
        0.1,
        0.1,
        0.1,
        0.1,
        0.1
      ]
    },
    "div_ma_5": {
      "edges": [
        -0.04404625297908031,
        -0.02629861817386528,
        -0.019725302477158948,
        -0.014312994586511196,
        -0.009498965283821645,
        -0.006067520470779766,
        -0.00047506285812966265,
        0.0073187126791315555,
        0.013185764729503212,
        0.028384677829332607,
        0.09188544152744631
      ],
      "ref_props": [
        0.1,
        0.1,
        0.1,
        0.1,
        0.1,
        0.1,
        0.1,
        0.1,
        0.1,
        0.1
      ]
    },
    "div_ma_10": {
      "edges": [
        -0.07141688035353816,
        -0.038315490717324485,
        -0.030138096427909523,
        -0.02093292565004771,
        -0.01344886097960052,
        -0.007210752399186538,
        -9.43984796190731e-05,
        0.005916506205079749,
        0.020274775807880077,
        0.0418293408539766,
        0.12166717744406988
      ],
      "ref_props": [
        0.1,
        0.1,
        0.1,
        0.1,
        0.1,
        0.1,
        0.1,
        0.1,
        0.1,
        0.1
      ]
    },
    "div_ma_20": {
      "edges": [
        -0.10902880475324238,
        -0.056222488723189745,
        -0.04112520208281364,
        -0.02690191616016506,
        -0.014236412363890309,
        -0.00507423866965361,
        0.0012311671098878473,
        0.01289788619543608,
        0.028762726564427864,
        0.055299898389013925,
        0.1375563212297906
      ],
      "ref_props": [
        0.1,
        0.1,
        0.1,
        0.1,
        0.1,
        0.1,
        0.1,
        0.1,
        0.1,
        0.1
      ]
    },
    "div_ma_60": {
      "edges": [
        -0.18005327406729527,
        -0.10978761906710376,
        -0.08074813784881157,
        -0.052861696811940265,
        -0.02325222643890568,
        0.0004559076298998402,
        0.01685655978413672,
        0.045896655383867835,
        0.06377955401385148,
        0.09306815376058537,
        0.150734816058911
      ],
      "ref_props": [
        0.1,
        0.1,
        0.1,
        0.1,
        0.1,
        0.1,
        0.1,
        0.1,
        0.1,
        0.1
      ]
    },
    "ma_5_20_cross": {
      "edges": [
        -0.07868604017388303,
        -0.04401542288244662,
        -0.031024143005896752,
        -0.01812207800418369,
        -0.010110524852601907,
        -0.0029594251367717206,
        0.004695468153242736,
        0.00956091687697318,
        0.016465836901806,
        0.03922059461952303,
        0.08822262540299963
      ],
      "ref_props": [
        0.1,
        0.1,
        0.1,
        0.1,
        0.1,
        0.1,
        0.1,
        0.1,
        0.1,
        0.1
      ]
    },
    "ma_20_60_cross": {
      "edges": [
        -0.11066150816098164,
        -0.07591163960844691,
        -0.05643727044322899,
        -0.027955490898941487,
        -0.014037546404424003,
        0.0031340358639631027,
        0.02233869882725067,
        0.031893250015490766,
        0.043428157708294494,
        0.06333146961305373,
        0.0781709436707454
      ],
      "ref_props": [
        0.1,
        0.1,
        0.1,
        0.1,
        0.1,
        0.1,
        0.1,
        0.1,
        0.1,
        0.1
      ]
    },
    "rsi": {
      "edges": [
        9.090909090909093,
        29.20361247947455,
        35.40106250409916,
        39.542853549644725,
        44.02597402597403,
        47.61978792573133,
        51.45193839617632,
        55.03671026010055,
        58.99092906082172,
        63.88549190598926,
        78.06513409961686
      ],