{
  "feature_cols": [
    "return_1d",
    "return_2d",
    "return_3d",
    "return_5d",
    "return_10d",
    "return_20d",
    "div_ma_5",
    "div_ma_10",
    "div_ma_20",
    "div_ma_60",
    "ma_5_20_cross",
    "ma_20_60_cross",
    "rsi",
    "rsi_change",
    "macd",
    "macd_signal",
    "macd_hist",
    "macd_hist_change",
    "bb_pct_b",
    "bb_bandwidth",
    "atr_pct",
    "volatility",
    "vol_change",
    "vol_ratio",
    "candle_body_pct",
    "upper_shadow_pct",
    "lower_shadow_pct",
    "day_of_week",
    "month",
    "is_month_end",
    "is_month_start",
    "streak",
    "gap",
    "price_position_20d",
    "macro_usdjpy_ret_20",
    "macro_usdjpy_ret_60",
    "macro_usdjpy_vol_20",
    "macro_topix_ret_20",
    "macro_topix_vol_20",
    "macro_topix_above_200dma",
    "macro_nikkei_ret_20",
    "macro_nikkei_above_200dma",
    "macro_nikkei_vi",
    "macro_jgb10y",
    "macro_bias_score"
  ],
  "avg_up_ret": 0.03205797072238662,
  "avg_dn_ret": -0.02255597270529736,
  "n_bins": 10,
  "psi_ref_rows": 250,
  "psi": {
    "return_1d": {
      "edges": [
        -0.07416701519587343,
        -0.023391697973835432,
        -0.012375910498808483,
        -0.007406278301362612,
        -0.002619393664484665,
        0.0010406511401654939,
        0.005000300507858225,
        0.011131407066513657,
        0.015758973806175205,
        0.024197663734072502,
        0.11846129084178325
      ],
      "ref_props": [
        0.1,
        0.1,
        0.1,
        0.1,
        0.1,
        0.1,
        0.1,
        0.1,
        0.1,
        0.1
      ]
    },
    "return_2d": {
      "edges": [
        -0.09994364080405782,
        -0.03842790268998054,
        -0.015667630745809524,
        -0.007981370342585668,
        -0.0007419251148581542,
        0.00442197890285756,
        0.008136671293569504,
        0.015000945065937172,
        0.02505520030606112,
        0.03817806355068862,
        0.18461290841783362
      ],
      "ref_props": [
        0.1,
        0.1,
        0.1,
        0.1,
        0.1,
        0.1,
        0.1,
        0.1,
        0.1,
        0.1
      ]
    },
    "return_3d": {
      "edges": [
        -0.11228460255697614,
        -0.04469575917434859,
        -0.019333123473748513,
        -0.008582316556185689,
        -0.0009574245009355436,
        0.005731997717493997,
        0.01135578840272529,
        0.019167133270786674,
        0.02999860933739709,
        0.04876648050050642,
        0.24135604655085174
      ],
      "ref_props": [
        0.1,
        0.1,
        0.1,
        0.1,
        0.1,
        0.1,
        0.1,
        0.1,
        0.1,
        0.1
      ]
    },
    "return_5d": {
      "edges": [
        -0.16128577470745808,
        -0.051677314968469924,
        -0.02257713075432954,
        -0.009149302525092284,
        0.00043236675884421923,
        0.00746710652132343,
        0.016761458727917608,
        0.02857941360559791,
        0.038941536298769515,
        0.06313502122362055,
        0.3033469098636443
      ],
      "ref_props": [
        0.1,
        0.1,
        0.1,
        0.1,
        0.1,
        0.1,
        0.1,
        0.1,
        0.1,
        0.1
      ]
    },
    "return_10d": {
      "edges": [
        -0.1706398996235885,
        -0.06287087397365956,
        -0.032296560197689735,
        -0.01741085990609375,
        0.0006625113408613777,
        0.01864703912595289,
        0.026650959191840108,
        0.03790346054162192,
        0.05627615132208374,
        0.10130563088676993,
        0.3810873029927395
      ],
      "ref_props": [
        0.1,
        0.1,
        0.1,
        0.1,
        0.1,
        0.1,
        0.1,
        0.1,
        0.1,
        0.1
      ]
    },
    "return_20d": {
      "edges": [
        -0.22021234762092012,
        -0.08991871680083204,
        -0.04021967398913293,
        -0.017114859569255757,
        0.009679986018526161,
        0.027051786109847598,
        0.03917914013629234,
        0.05791369468883281,
        0.08740921596009826,
        0.17561683476214487,
        0.44452676421559545
      ],
      "ref_props": [
        0.1,
        0.1,
        0.1,
        0.1,
        0.1,
        0.1,
        0.1,
        0.1,
        0.1,
        0.1
      ]
    },
    "div_ma_5": {
      "edges": [
        -0.08151922186197313,
        -0.030009247743076967,
        -0.012029802881037093,
        -0.004924257701834543,
        -0.00045037739367791965,
        0.003932218053370263,
        0.007405981833865412,
        0.012169225103238562,
        0.01945328814647974,
        0.030721474645124983,
        0.14037806011775644
      ],
      "ref_props": [
        0.1,
        0.1,
        0.1,
        0.1,
        0.1,
        0.1,
        0.1,
        0.1,
        0.1,
        0.1
      ]
    },
    "div_ma_10": {
      "edges": [
        -0.1224628274722681,
        -0.039586460283391085,
        -0.017656801155986356,
        -0.008297771719269362,
        0.00022994747055841524,
        0.006515018212476353,
        0.012741547920760097,
        0.01861886682704325,
        0.027835966383613308,
        0.05179356805331668,
        0.21697146069645157
      ],
      "ref_props": [
        0.1,
        0.1,
        0.1,
        0.1,
        0.1,
        0.1,
        0.1,
        0.1,
        0.1,
        0.1
      ]
    },
    "div_ma_20": {
      "edges": [
        -0.16032689240497391,
        -0.04352773118030772,
        -0.0279105798099018,
        -0.014073944411917113,
        -0.0032996561720358363,
        0.01143818258578173,
        0.023585899278697506,
        0.03354786794350086,
        0.04776879950477156,
        0.0831441065945064,
        0.2852752165409333
      ],
      "ref_props": [
        0.1,
        0.1,
        0.1,
        0.1,
        0.1,
        0.1,
        0.1,
        0.1,
        0.1,
        0.1
      ]
    },
    "div_ma_60": {
      "edges": [
        -0.09118833072448886,
        -0.04269200313978571,
        -0.02621692643256379,
        -0.002679334524850133,
        0.020222354705341093,
        0.04276855353599088,
        0.05512075469465776,
        0.06929050510727602,
        0.09503892876045746,
        0.1824883188076727,
        0.4246353470558328
      ],
      "ref_props": [
        0.1,
        0.1,
        0.1,
        0.1,
        0.1,
        0.1,
        0.1,
        0.1,
        0.1,
        0.1
      ]
    },
    "ma_5_20_cross": {
      "edges": [
        -0.09556027176777238,
        -0.03940870394824742,
        -0.026485220116586515,
        -0.010090205123454252,
        0.0006969616404687606,
        0.009403225471308452,
        0.017588992870346775,
        0.02817326345439051,
        0.03805895523145409,
        0.06214820869552307,
        0.19289529251024717
      ],
      "ref_props": [
        0.1,
        0.1,
        0.1,
        0.1,
        0.1,
        0.1,
        0.1,
        0.1,
        0.1,
        0.1
      ]
    },
    "ma_20_60_cross": {
      "edges": [
        -0.0380666910920352,
        -0.030017404449660088,
        -0.022405646110117593,
        -0.01349182580459197,
        0.02483103584952273,
        0.030407480168774703,
        0.03337195965140852,
        0.04736599542006513,
        0.06569519359951506,
        0.13020640066413394,
        0.24328604530981712
      ],
      "ref_props": [
        0.1,
        0.1,
        0.1,
        0.1,
        0.1,
        0.1,
        0.1,
        0.1,
        0.1,
        0.1
      ]
    },
    "rsi": {
      "edges": [
        13.475760065735415,
        35.680556670709386,
        41.119169483055835,
        45.44333549732335,
        49.845172210800555,
        55.065880620568265,
        60.6630505120125,
        65.5621677687022,
        70.5763452608577,
        79.220592228137,
        93.06071871127634
      ],