tree
version=v4
num_class=1
num_tree_per_iteration=1
label_index=0
max_feature_idx=44
objective=binary sigmoid:1
feature_names=return_1d return_2d return_3d return_5d return_10d return_20d div_ma_5 div_ma_10 div_ma_20 div_ma_60 ma_5_20_cross ma_20_60_cross rsi rsi_change macd macd_signal macd_hist macd_hist_change bb_pct_b bb_bandwidth atr_pct volatility vol_change vol_ratio candle_body_pct upper_shadow_pct lower_shadow_pct day_of_week month is_month_end is_month_start streak gap price_position_20d macro_usdjpy_ret_20 macro_usdjpy_ret_60 macro_usdjpy_vol_20 macro_topix_ret_20 macro_topix_vol_20 macro_topix_above_200dma macro_nikkei_ret_20 macro_nikkei_above_200dma macro_nikkei_vi macro_jgb10y macro_bias_score
feature_infos=[-0.15042439484438852:0.18519888991674383] [-0.22028274668205428:0.22479185938945423] [-0.26241812227074235:0.17890841813135983] [-0.24447861336315346:0.26253469010175756] [-0.26602390005431831:0.28695652173913033] [-0.26682040151926212:0.36392229417206301] [-0.18670438472418674:0.098832513400396435] [-0.21876129218761292:0.14171275987030327] [-0.24365926185062095:0.17413989251108239] [-0.2248210252058658:0.23871366046721854] [-0.11213988105836692:0.10949981565687583] [-0.077087865278202772:0.15197132616487452] [16.622691292875984:92.333901192504257] [-25.660999585616274:21.773430889452989] [-123.17574449317135:338.90279849505532] [-100.91892644231085:295.91426996547398] [-89.797430437646796:104.67161089348022] [-42.087087602312948:34.328342014242438] [-0.40228805606389229:1.3587377534622145] [0.031663961091033574:0.35692881280898026] [0.012976385316810848:0.057806810880274145] [0.0071589682108592935:0.062829950905250509] [-0.84937737133962443:4.8448248021960278] [0.4952246330275768:1.9636401256999496] [-1:0.98130841121495327] [0:0.89189189189189189] [0:1] [0:4] [1:12] none [0:1] [-8:10] [-0.10065721203735734:0.12858464384828872] [0:1] [-0.10288784967882303:0.075418833481041947] [-0.13986255140503889:0.13160084488587853] [0.0013645753646662553:0.011841457708833433] [-0.21871130063915301:0.21255327098343968] [0.0039190447556898995:0.040640984327119503] [0:1] [-0.22859537662338159:0.23022297972565586] [0:1] none none none
tree_sizes=886 1170 1094 1288 1204 1269 1072 1313 1029 1076 1037 995 1207 686 893 1204 781 990 1097 998 1167 888 875 954 981 976 995 1109 1103 999 1423 1427 996 1408 1207 871 1161 796 1085 1015 1093 1095 986 989 1092 1104 1104 1298 1103 1190 1101 890 1106 1105 973 1382 1311 1097 952 781 889 887 1099 897 994 1082 879 1082 1085 1104 1095 1197 1403 942 942 1415 1398 1184 1207 1107 785 1205 980 993 781 1284 999 884 891 885 1194 869 1187 979 868 1410 1072 1507 1476 1578 1206 960 1316 880 1205 1378 1198 1100 954 1292 1207 1101 1296 1189 1211 1104 1101 966 1182 1166 1304 1409 1417 1311 1099 1185 1102 1187 995 854 996 970 992 956 978 783 1102 1076 1185 783 1097 976 1100 1167 1286 1288 892 1318 1301

Tree=0
num_leaves=7
num_cat=0
split_feature=5 17 0 37 28 1
split_gain=12.2407 10.4926 10.0343 8.56621 4.68999 3.59527
threshold=-0.052487449088569775 3.5622771322209688 -0.019354447901451573 0.059959840788159642 6.5000000000000009 -0.014572927612037488
decision_type=2 2 2 2 2 2
left_child=5 2 -2 -4 -3 -1
right_child=1 4 3 -5 -6 -7
leaf_value=0.00046413757743834442 -0.026441915669260831 -0.0055722682444590728 0.0063871099423979984 -0.016434268431046554 -0.036268548156065304 0.030645054289316104
leaf_weight=7.4999642372131374 9.4999547004699689 9.4999547004699725 92.499558925628662 15.249927282333372 9.2499558925628644 11.749943971633909
leaf_count=30 38 38 370 61 37 47
internal_value=-4.95934e-05 -0.00348611 2.9466e-05 0.00285962 -0.023053 0.0211544
internal_weight=155.249 135.999 117.249 107.749 18.7499 19.2499
internal_count=621 544 469 431 75 77
is_linear=0
shrinkage=1


Tree=1
num_leaves=10
num_cat=0
split_feature=23 23 25 40 17 38 38 17 25
split_gain=13.2646 13.2382 9.39703 8.1868 7.52003 6.48261 5.30349 7.26896 4.87518
threshold=1.0476857669983934 1.4081922253335364 0.10135754907356449 0.032343928674441032 4.0564531381614843 0.0077445692380284691 0.01176471306364428 0.11228998473862718 0.28035087719298252
decision_type=2 2 2 2 2 2 2 2 2
left_child=3 2 -2 4 5 -1 7 -5 -4
right_child=1 -3 8 6 -6 -7 -8 -9 -10
leaf_value=0 0.0055052894048116053 0.02450776805024335 -0.033634509131275088 0.017687712770735942 -0.0078457071355019711 0.026047494027207831 -0.019341584998431704 -0.0099965641653749909 -0.0083874721186660405
leaf_weight=10.499689906835554 14.249124825000761 7.7494005113840094 15.748699232935904 17.499473243951801 7.4985189735889426 43.748006999492645 7.9995195716619483 12.749129831790922 17.498930752277374
leaf_count=42 57 31 63 70 30 175 32 51 70
internal_value=0.00418515 -0.00728649 -0.0135576 0.0106888 0.0172739 0.0211683 0 0.00565793 -0.0220019
internal_weight=155.24 55.2462 47.4968 99.9943 61.7462 54.2477 38.2481 30.2486 33.2476
internal_count=621 221 190 400 247 217 153 121 133
is_linear=0
shrinkage=0.03


Tree=2
num_leaves=9
num_cat=0
split_feature=33 28 36 6 35 12 38 37
split_gain=15.3522 10.6546 21.0788 12.2295 10.6223 8.03319 7.73086 3.39701
threshold=0.93930183291885438 8.5000000000000018 0.0057597403645086856 -0.014370948428919414 0.05152786875840943 41.323477882896675 0.0081780439051133275 0.043533593393098043
decision_type=2 2 2 2 2 2 2 2
left_child=1 3 6 -1 -5 -4 -3 -2
right_child=7 2 5 4 -6 -7 -8 -9
leaf_value=-0.011260081913592406 -0.0016124953629353428 -0.0046284628648532332 0.00138150333471941 0.022822150021102459 -0.010553540351870162 -0.030241030475530652 0.029554097335853468 -0.029032341709379256
leaf_weight=12.497053384780882 7.9986136555671719 7.4992472678422955 9.4977315217256564 65.236890360713005 7.9987037628889075 18.745782509446144 14.496104449033735 11.247311696410177
leaf_count=50 32 30 38 261 32 75 58 45
internal_value=0.00405221 0.00773929 -0.0029275 0.0140852 0.0187939 -0.0197229 0.0178601 -0.0195672
internal_weight=155.217 135.972 50.2389 85.7326 73.2356 28.2435 21.9954 19.2459
internal_count=621 544 201 343 293 113 88 77
is_linear=0
shrinkage=0.03


Tree=3
num_leaves=11
num_cat=0
split_feature=23 19 23 40 17 38 38 17 40 10
split_gain=12.2558 13.2339 9.68447 7.59168 7.16533 6.05558 4.95879 6.75722 2.53104 7.33611
threshold=1.0476857669983934 0.10336551605502277 1.1686991100889665 0.032343928674441032 4.0564531381614843 0.0077445692380284691 0.01176471306364428 0.11228998473862718 -0.0096723720703696375 0.013401614598141489
decision_type=2 2 2 2 2 2 2 2 2 2
left_child=3 8 -3 4 5 -1 7 -5 -2 -10
right_child=1 2 -4 6 -6 -7 -8 -9 9 -11
leaf_value=0 -0.033486972161116346 -0.013037174847633471 0.024504166979012469 0.016967604500258731 -0.0079513644149756327 0.025038066125006388 -0.018818233599416413 -0.0097162540827972054 0.0046695660087879079 -0.02503043856469719
leaf_weight=10.498004540801047 7.7473929375410071 7.9951767176389721 13.74299696087837 17.494316011667255 7.4968255013227454 43.723297283053398 7.9963170140981665 12.745546340942381 11.745455503463747 13.995564699172972
leaf_count=42 31 32 55 70 30 175 32 51 47 56
internal_value=0.00390732 -0.00711455 0.0101297 0.0101643 0.0165088 0.0203201 -1.52266e-05 0.00535053 -0.0186709 -0.0115782
internal_weight=155.181 55.2266 21.7382 99.9543 61.7181 54.2213 38.2362 30.2399 33.4884 25.741
internal_count=621 221 87 400 247 217 153 121 134 103
is_linear=0
shrinkage=0.03


Tree=4
num_leaves=10
num_cat=0
split_feature=33 28 36 1 35 38 1 21 28
split_gain=14.3032 9.94763 19.7021 10.2428 9.37423 7.25479 4.29511 3.81589 2.99583
threshold=0.93930183291885438 8.5000000000000018 0.0057597403645086856 -0.013995456916307823 0.050903729918426406 0.0081780439051133275 -0.008749893533232465 0.013011276534406509 3.5000000000000004
decision_type=2 2 2 2 2 2 2 2 2
left_child=1 3 5 8 -5 -3 -4 -2 -1
right_child=7 2 6 4 -6 -7 -8 -9 -10
leaf_value=-0.016833547324706523 -0.0047760047562822577 -0.0045868786472460085 -0.0020087314768540729 0.022776159293184797 -0.0091252739215688973 0.028478531262452433 -0.027714444181540756 -0.033314885950660976 0.0048816452630365209
leaf_weight=8.7434275746345538 11.490627989172937 7.498356685042384 10.743239238858225 59.949063926935196 7.7463885992765418 14.481524661183355 17.487304270267487 7.744814231991767 9.2435557544231397
leaf_count=35 46 30 43 240 31 58 70 31 37
internal_value=0.0037683 0.00733312 -0.00296638 0.0134697 0.0187534 0.0171311 -0.0192083 -0.0190285 -0.00555176
internal_weight=155.128 135.893 50.2104 85.6824 67.6955 21.9799 28.2305 19.2354 17.987
internal_count=621 544 201 343 271 88 113 77 72
is_linear=0
shrinkage=0.03


Tree=5
num_leaves=11
num_cat=0
split_feature=23 33 21 34 19 34 10 34 40 12
split_gain=10.1922 11.1624 13.5986 11.7533 9.64193 6.32892 5.70307 5.62158 3.34835 3.09767
threshold=1.0843622237628194 0.93176941262047663 0.015415365062294373 0.017539685152324295 0.10787393451685402 -0.007571289176768691 0.029832684726522233 -0.00039914322828238363 0.0074614665426885338 62.326977658103495
decision_type=2 2 2 2 2 2 2 2 2 2
left_child=1 2 5 -4 8 -1 -3 -6 -2 -10
right_child=4 6 3 -5 7 -7 -8 -9 9 -11
leaf_value=0.0011082290647616482 -0.034498749031520323 0 0.0058854709879702996 -0.02780446665625684 0.019417370253461512 0.023536146470124614 -0.033309498058209278 -0.010179145737201875 0 -0.022848561394124601
leaf_weight=17.978017911314964 11.98807603120804 7.9906148612499219 24.213449597358704 12.23416545987129 8.9864222556352633 38.699146494269371 7.7430984228849411 9.7425499707460386 10.491519048810007 8.2446002215147001
leaf_count=72 48 32 97 49 36 155 31 39 42 33
internal_value=-0.00123477 0.00379982 0.00792166 -0.005891 -0.0123256 0.0169579 -0.0178927 0.00380136 -0.0222462 -0.0111119
internal_weight=158.312 108.858 93.1248 36.4476 49.4532 56.6772 15.7337 18.729 30.7242 18.7361
internal_count=634 436 373 146 198 227 63 75 123 75
is_linear=0
shrinkage=0.03


Tree=6
num_leaves=9
num_cat=0
split_feature=11 38 38 16 20 35 3 37
split_gain=10.0628 9.90235 12.1192 11.0612 9.10816 4.60307 4.47533 2.22718
threshold=-0.024837989021391834 0.01176471306364428 0.0097449915787560879 4.7540896150768397 0.02113129768407911 0.02641543739392305 -0.013624736682420367 -0.01800859096959306
decision_type=2 2 2 2 2 2 2 2
left_child=5 2 3 -2 -3 -1 -4 -6
right_child=1 4 6 -5 7 -7 -8 -9
leaf_value=0.029441110300361856 0.0033444244387177665 0.0044411668264437085 -0.0021950750597305646 -0.018199323391040502 -0.010415919053961621 0 0.022160476996450545 -0.038408983407323335
leaf_weight=10.729739919304849 46.928655326366425 8.4853621274232882 7.4915357530117062 35.459115967154503 7.7344310432672545 7.4830922633409491 22.211794301867485 11.731336027383801
leaf_count=43 188 34 30 142 31 30 89 47
internal_value=-0.00122555 -0.00411578 0 -0.00596167 -0.0194394 0.0184642 0.0157936 -0.0299919
internal_weight=158.255 140.042 112.091 82.3878 27.9511 18.2128 29.7033 19.4658
internal_count=634 561 449 330 112 73 119 78
is_linear=0
shrinkage=0.03


Tree=7
num_leaves=11
num_cat=0
split_feature=23 33 19 20 34 23 9 34 40 16
split_gain=9.63498 10.589 9.12736 7.79076 10.6346 7.41308 7.25423 5.21857 3.24546 2.2698
threshold=1.0843622237628194 0.93176941262047663 0.10787393451685402 0.020697009351022064 0.0012352704006407535 0.86408934546209337 0.092295458013522111 -0.00039914322828238363 0.0074614665426885338 -1.0000000180025095e-35
decision_type=2 2 2 2 2 2 2 2 2 2
left_child=1 3 8 5 -5 -1 -3 -4 -2 -10
right_child=2 6 7 4 -6 -7 -8 -9 9 -11
leaf_value=-0.0010442511495027012 -0.033681239802203576 0.002576016519862185 0.018768308619527753 0.018415938606028852 -0.015992758764609379 0.02052387713810425 -0.034014538522561331 -0.0097424356686172039 0.00027061311289248985 -0.018441159644177051
leaf_weight=18.962066888809204 11.977852806448938 7.4875510632991782 8.9760149419307727 10.231495544314386 21.203973487019539 42.672739192843437 8.2390277087688428 9.7374627888202649 7.7429445236921355 10.986091360449787
leaf_count=76 48 30 36 41 85 171 33 39 31 44
internal_value=-0.00119021 0.0037031 -0.0119794 0.00772194 -0.00391324 0.0138284 -0.0174222 0.00370048 -0.0216356 -0.010702
internal_weight=158.217 108.797 49.4204 93.0703 31.4355 61.6348 15.7266 18.7135 30.7069 18.729
internal_count=634 436 198 373 126 247 63 75 123 75
is_linear=0
shrinkage=0.03


Tree=8
num_leaves=9
num_cat=0
split_feature=11 38 38 23 37 4 15 13
split_gain=9.4833 9.31356 11.4564 9.47594 6.01814 4.49648 4.27217 0.678369
threshold=-0.024837989021391834 0.01176471306364428 0.0097449915787560879 1.0711052001518897 -0.012061638870765 0.002155370592314743 -32.088053317289543 -0.3484836751539539
decision_type=2 2 2 2 2 2 2 2
left_child=6 2 3 -2 -3 -4 -1 -6
right_child=1 4 5 -5 7 -7 -8 -9
leaf_value=0.028529121495196878 0.00086931645806802846 0 0 -0.020390811934684665 -0.038290297521812948 0.023748742695792368 0 -0.014614823678080957
leaf_weight=10.714047998189928 57.145541504025459 10.974467128515245 11.230518266558649 25.200932502746582 7.7289440184831664 18.445769459009171 7.4794728457927695 9.2259378731250727
leaf_count=43 229 44 45 101 31 74 30 37
internal_value=-0.00117465 -0.00398372 0 -0.00578842 -0.0188504 0.0153716 0.0179455 -0.0291001
internal_weight=158.146 139.952 112.023 82.3465 27.9293 29.6763 18.1935 16.9549
internal_count=634 561 449 330 112 119 73 68
is_linear=0
shrinkage=0.03


Tree=9
num_leaves=9
num_cat=0
split_feature=33 23 21 34 26 34 21 15
split_gain=9.06819 10.2153 12.1988 10.6916 10.161 6.018 4.6482 4.17043
threshold=0.92599156118143477 1.0843622237628194 0.015415365062294373 0.017539685152324295 0.44482496194824966 -0.007571289176768691 0.018541469540517826 36.883666300493324
decision_type=2 2 2 2 2 2 2 2
left_child=1 2 5 -4 6 -1 -3 -2
right_child=7 4 3 -5 -6 -7 -8 -9
leaf_value=0.00062364640456614127 -0.00079714447758472173 -0.025785212280010319 0.0056028192366054932 -0.026534697859681659 0.012649932164366379 0.022444723676954791 0 -0.026546404950847719
leaf_weight=17.966629832983017 10.726062655448915 21.693444266915325 24.188581839203835 12.216266870498655 10.46495148539543 38.62899461388588 7.7268332093954077 14.463494658470152
leaf_count=72 43 87 97 49 42 155 31 58
internal_value=-0.00114683 0.00195434 0.00746169 -0.00561113 -0.0102722 0.0160312 -0.0191893 -0.0169988
internal_weight=158.075 132.886 93.0005 36.4048 39.8852 56.5956 29.4203 25.1896
internal_count=634 533 373 146 160 227 118 101
is_linear=0
shrinkage=0.03


Tree=10
num_leaves=9
num_cat=0
split_feature=11 33 28 28 35 0 9 0
split_gain=12.1059 9.53396 13.8296 9.51155 6.12945 4.15859 2.97646 0.1109
threshold=0.055635047241315856 0.89971201733517669 8.5000000000000018 3.5000000000000004 0.012773609535959853 -0.0062733589738593323 0.063953063290468834 0.0067201511795444988
decision_type=2 2 2 2 2 2 2 2
left_child=1 2 3 -1 -4 -2 -3 -7
right_child=5 6 4 -5 -6 7 -8 -9
leaf_value=0 0 -0.023341168120802013 -0.020562665898247595 0.02486101113118953 0.0022419996623809194 -0.029735877173387146 0 -0.012804712404483835
leaf_weight=20.93964034318924 8.720044210553171 10.973947599530222 13.453229889273642 39.608443424105644 29.921991586685181 10.465105995535852 9.2204710245132429 10.469342052936552
leaf_count=84 35 44 54 159 120 42 37 42
internal_value=-0.000402873 0.00366794 0.00745557 0.0165618 -0.00509508 -0.0170702 -0.0140633 -0.0237776
internal_weight=153.772 124.118 103.923 60.5481 43.3752 29.6545 20.1944 20.9344
internal_count=617 498 417 243 174 119 81 84
is_linear=0
shrinkage=0.03


Tree=11
num_leaves=8
num_cat=0
split_feature=34 11 15 34 15 21 26
split_gain=12.3888 8.12483 9.53669 9.52528 5.805 5.07872 0.797506
threshold=-0.038138333288536157 0.055635047241315856 18.266973608745811 -0.00039914322828238363 -39.412772398731285 0.011695838712613866 0.32510162601626019
decision_type=2 2 2 2 2 2 2
left_child=-1 2 4 -3 -2 -4 -5
right_child=1 3 5 6 -6 -7 -8
leaf_value=0.025459161960188628 0.011848018227124925 0.0061478698649714914 3.4932707475504711e-05 -0.03422165614203021 -0.0098349512314372233 0.02171311229466602 -0.012241985100115087
leaf_weight=12.951115205883978 11.209164679050444 9.4687670320272463 19.679419547319412 11.716941952705385 59.790179386734962 20.421262919902802 8.4627881348133069
leaf_count=52 45 38 79 47 240 82 34
internal_value=-0.000417205 -0.00322666 0.000454392 -0.0166514 -0.00597541 0.0119379 -0.0276154
internal_weight=153.7 140.749 111.1 29.6485 70.9993 40.1007 20.1797
internal_count=617 565 446 119 285 161 81
is_linear=0
shrinkage=0.03


Tree=12
num_leaves=10
num_cat=0
split_feature=33 28 28 3 37 20 38 0 28
split_gain=11.2375 8.41852 14.102 7.98046 6.71346 6.10714 6.26969 2.31375 4.5812
threshold=0.89971201733517669 8.5000000000000018 3.5000000000000004 -0.017077364761248711 0.042089253762411467 0.016293720359634972 0.012820529613245608 0.0084798528056777584 6.5000000000000009
decision_type=2 2 2 2 2 2 2 2 2
left_child=1 2 3 -1 -4 -3 -7 -2 -9
right_child=7 5 4 -5 -6 6 -8 8 -10
leaf_value=-0.02551973059212927 -0.026792035335297313 -0.026994883240050293 0.02544175984645607 0.0048291132074445168 -0.00065230643980622601 0.0065869655241122408 -0.018029296056738364 0.0055894798544383582 -0.02165649598488676
leaf_weight=9.9676391035318392 11.452402949333193 7.974560320377349 36.553676679730415 19.442771002650261 9.9656481742858869 29.428735867142677 11.181847050786017 9.4734577387571353 8.2111994177103025
leaf_count=40 46 32 147 78 40 118 45 38 33
internal_value=-0.000392672 0.00348817 0.0097037 -0.00594903 0.0197461 -0.00592865 -0.000367031 -0.0166177 -0.00721415
internal_weight=153.652 124.515 75.9297 29.4104 46.5193 48.5851 40.6106 29.1371 17.6847
internal_count=617 500 305 118 187 195 163 117 71
is_linear=0
shrinkage=0.03


Tree=13
num_leaves=5
num_cat=0
split_feature=34 32 36 6
split_gain=11.5404 5.22907 5.45128 6.19425
threshold=-0.038138333288536157 0.01633018315264612 0.0033543038188709453 -0.013959835869608674
decision_type=2 2 2 2
left_child=-1 2 -2 -4
right_child=1 -3 3 -5
leaf_value=0.024579294509905095 -0.021593437010896374 -0.022886459996253258 -0.015559234220231545 0.0032338616607807645
leaf_weight=12.925253152847288 8.9731397777795774 9.2139885723590833 16.43712292611599 105.99850365519524
leaf_count=52 36 37 66 426
internal_value=-0.000413759 -0.00312861 -0.00130848 0.000380797
internal_weight=153.548 140.623 131.409 122.436
internal_count=617 565 528 492
is_linear=0
shrinkage=0.03


Tree=14
num_leaves=7
num_cat=0
split_feature=34 25 33 18 11 3
split_gain=10.9726 8.94342 9.47621 7.60224 3.36449 0.806104
threshold=-0.038138333288536157 0.54006410256410264 0.92599156118143477 0.75905358957433833 0.052895590953490064 0.0056679776313134375
decision_type=2 2 2 2 2 2
left_child=-1 2 3 -2 -4 -3
right_child=1 5 4 -5 -6 -7
leaf_value=0.023969035712986336 -0.0011120277502168318 -0.02907802122151474 -0.005352770225428221 0.016715566432897431 -0.03113901873181011 -0.0082262385156537943
leaf_weight=12.907881662249563 74.912154391407967 9.2014734596014041 13.699041455984117 27.383198827505112 7.9458065629005423 7.4650402069091788
leaf_count=52 301 37 55 110 32 30
internal_value=-0.000413842 -0.00306217 -2.46757e-05 0.00374541 -0.0172865 -0.022424
internal_weight=153.515 140.607 123.94 102.295 21.6448 16.6665
internal_count=617 565 498 411 87 67
is_linear=0
shrinkage=0.03


Tree=15
num_leaves=10
num_cat=0
split_feature=18 28 11 13 36 28 8 6 26
split_gain=11.2564 7.49455 15.0736 11.0091 7.75489 10.6509 9.6927 4.45657 3.33024
threshold=0.91343519347883584 8.5000000000000018 0.050813896824767453 -4.727954473118305 0.0051504224273809058 10.500000000000002 0.0020503633220405391 -0.013621026933877371 0.30877573131094266
decision_type=2 2 2 2 2 2 2 2 2
left_child=1 2 7 -4 5 -3 -6 -1 -2
right_child=8 4 3 -5 6 -7 -8 -9 -10
leaf_value=-0.0013845021551590624 -0.027531088831864916 -0.0092048790280800357 0.016673847437813583 -0.021192630401581931 -0.0020549519489946383 0.031990516457525549 -0.037440522681681014 0.020747038079850233 -0.0012971531534637184
leaf_weight=7.9508314281702033 12.947660475969316 10.722105130553247 8.2116430550813693 18.65821760892868 22.634597495198253 7.9543427675962439 8.9587943702936155 50.140639066696167 8.215147987008093
leaf_count=32 52 43 33 75 91 32 36 202 33
internal_value=0.000259413 0.00361336 0.0090322 -0.00874734 -0.00525325 0.00901214 -0.0141672 0.0175231 -0.0189863
internal_weight=156.394 135.231 84.9613 26.8699 50.2698 18.6764 31.5934 58.0915 21.1628
internal_count=629 544 342 108 202 75 127 234 85
is_linear=0
shrinkage=0.03


Tree=16
num_leaves=6
num_cat=0
split_feature=33 21 32 23 27
split_gain=14.9993 10.2959 9.38555 8.32521 3.04239
threshold=0.92599156118143477 0.033239599901291703 0.012457850033893438 1.0665758389139131 1.5000000000000002
decision_type=2 2 2 2 2
left_child=1 2 3 -1 -2
right_child=4 -3 -4 -5 -6
leaf_value=0.0097451831306220281 -0.0059308144185701416 0.032875576532561852 -0.02159733750690981 -0.0072002879233601111 -0.03247361171818957
leaf_weight=80.050255820155144 9.439259424805643 8.3465661108493787 11.940618991851805 35.566883623600006 10.919693380594252
leaf_count=322 38 34 48 143 44
internal_value=0.000226068 0.00401127 0.00152845 0.00437098 -0.0224694
internal_weight=156.263 135.904 127.558 115.617 20.359
internal_count=629 547 513 465 82
is_linear=0
shrinkage=0.03


Tree=17
num_leaves=8
num_cat=0
split_feature=33 34 28 36 28 27 4
split_gain=14.2699 13.4353 7.5679 7.01669 6.32808 2.88425 1.65041
threshold=0.92599156118143477 0.034090042733269994 8.5000000000000018 0.0090119377851323717 10.500000000000002 1.5000000000000002 -0.011747055512318803
decision_type=2 2 2 2 2 2 2
left_child=1 2 3 -1 -4 -2 -3
right_child=5 6 4 -5 -6 -7 -8
leaf_value=0.0092986362839117959 -0.00578590592411014 -0.0036843371029747656 -0.013860401693034782 0.037681312200094984 0.0079522660850068448 -0.031717793563657337 -0.025669718956873738
leaf_weight=65.836396753787994 9.4355439394712466 7.4458340704441097 19.907027631998062 8.0679814368486387 23.879411622881889 10.892567843198774 10.681985154747961
leaf_count=265 38 30 80 33 96 44 43
internal_value=0.00020163 0.00389625 0.00774763 0.0135059 -0.00180927 -0.0219494 -0.0186481
internal_weight=156.147 135.819 117.691 73.9044 43.7864 20.3281 18.1278
internal_count=629 547 474 298 176 82 73
is_linear=0
shrinkage=0.03


Tree=18
num_leaves=9
num_cat=0
split_feature=33 28 36 36 28 18 28 26
split_gain=13.5786 9.48937 8.81611 7.63526 9.83029 9.62261 6.15071 3.16322
threshold=0.92599156118143477 8.5000000000000018 0.0090119377851323717 0.0051504224273809058 10.500000000000002 0.52239733235751495 4.5000000000000009 0.29478609625668456
decision_type=2 2 2 2 2 2 2 2
left_child=1 2 6 4 -3 -5 -1 -2
right_child=7 3 -4 5 -6 -7 -8 -9
leaf_value=-0.0014188709141941406 -0.03079186933945189 -0.0087634359037296224 0.036946405878105847 -0.0020328506580252802 0.029487241355109366 -0.036261095611205212 0.015223181316422014 -0.0040683896833481363
leaf_weight=41.041492700576782 11.631093531847002 11.962772831320764 8.0220799446105939 22.118621662259102 8.4291176795959455 10.18292687833309 33.969378888607025 8.6613602191209775
leaf_count=165 47 48 33 89 34 41 137 35
internal_value=0.000177477 0.00378392 0.0100758 -0.00586234 0.00759936 -0.0147456 0.00612249 -0.0214468
internal_weight=156.019 135.726 83.033 52.6934 20.3919 32.3015 75.0109 20.2925
internal_count=629 547 335 212 82 130 302 82
is_linear=0
shrinkage=0.03


Tree=19
num_leaves=8
num_cat=0
split_feature=33 34 23 11 17 37 26
split_gain=12.9242 12.6176 6.21264 9.32753 6.10827 3.15425 2.99941
threshold=0.92599156118143477 0.034090042733269994 1.0230854189542109 0.037062295651227324 3.706855811311851 0.0081261944306387796 0.29478609625668456
decision_type=2 2 2 2 2 2 2
left_child=1 2 4 -4 -1 -3 -2
right_child=6 5 3 -5 -6 -7 -8
leaf_value=0.016442438934907478 -0.030077852337714237 -0.00040325719971644024 0.0078038200226359144 -0.019562535979218972 -0.0075090599554081486 -0.027338685995815057 -0.0039704247127851644
leaf_weight=60.953783333301544 11.597960710525514 7.4363006800413158 32.909227952361107 14.442885458469389 9.1726199984550458 10.675825864076613 8.6582106351852399
leaf_count=246 47 30 133 58 37 43 35
internal_value=0.000160395 0.00368218 0.00742375 -0.000693774 0.0129802 -0.0181654 -0.0209522
internal_weight=155.847 135.591 117.479 47.3521 70.1264 18.1121 20.2562
internal_count=629 547 474 191 283 73 82
is_linear=0
shrinkage=0.03


Tree=20
num_leaves=10
num_cat=0
split_feature=15 35 19 17 35 21 21 23 32
split_gain=7.58129 5.85435 8.98679 7.48641 5.37278 5.00555 6.18465 4.06269 0.647257
threshold=-36.867977450585308 0.0156045412723278 0.073915017165224403 -1.4021466869836978 0.049857185515147735 0.011251053055954535 0.0096355173589824008 1.1526958162689389 0.0003022123146997347
decision_type=2 2 2 2 2 2 2 2 2
left_child=8 5 4 -4 -3 6 -2 -7 -1
right_child=1 2 3 -5 -6 7 -8 -9 -10
leaf_value=0.0058303539007283833 -0.018894236184010784 0.027112604659116638 0.0073920971570804106 -0.013315645762936919 0 -0.024805298925880563 0.0091488617421693307 0 0.023839102062448263
leaf_weight=7.6606003940105429 8.9425421506166476 14.125195398926737 24.551670923829079 35.17208868265152 11.683375671505926 21.829147711396221 17.870867103338242 8.1923654675483686 8.0663766711950284
leaf_count=31 36 57 99 142 47 88 72 33 33
internal_value=-0.000838469 -0.00319 0.00163451 -0.00459625 0.0158861 -0.0105142 -0.000345504 -0.0185391 0.0175607
internal_weight=158.094 142.367 85.5323 59.7238 25.8086 56.8349 26.8134 30.0215 15.727
internal_count=638 574 345 241 104 229 108 121 64
is_linear=0
shrinkage=0.03


Tree=21
num_leaves=7
num_cat=0
split_feature=15 38 16 38 1 32
split_gain=7.234 10.5352 6.66099 11.9489 11.2568 0.60821
threshold=-36.867977450585308 0.013986141620183376 4.7540896150768397 0.0098068833445769683 -0.019730837789661278 0.0003022123146997347
decision_type=2 2 2 2 2 2
left_child=5 2 4 -4 -2 -1
right_child=1 -3 3 -5 -6 -7
leaf_value=0.005693601571025028 -0.017945971479584624 -0.031169474500940302 -0.016549541069288114 0.011454931950846301 0.010895803371348236 0.023322762468183617
leaf_weight=7.6573465764522544 12.947649121284483 9.1293566524982435 42.390059471130371 17.54406850039959 60.308605074882507 8.0422505438327772
leaf_count=31 52 37 171 71 243 33
internal_value=-0.000798685 -0.00309731 -0.000629534 -0.00800462 0.0052574 0.0171867
internal_weight=158.019 142.32 133.19 59.9341 73.2563 15.6996
internal_count=638 574 537 242 295 64
is_linear=0
shrinkage=0.03


Tree=22
num_leaves=7
num_cat=0
split_feature=18 2 40 38 32 1
split_gain=4.83496 6.00808 4.98528 9.01187 4.87428 3.65973
threshold=0.92137403202595924 -0.020423496976563201 0.079869361274328213 0.0097449915787560879 -0.0074231022158127704 0.024440812749676247
decision_type=2 2 2 2 2 2
left_child=1 4 3 -3 -1 -2
right_child=5 2 -4 -5 -6 -7
leaf_value=-0.025471813201614985 -0.021723512698219788 -0.00052411433549337538 -0.010785020705769524 0.017504126051122122 0.00041470642882362134 0
leaf_weight=10.173972323536875 13.828114852309229 57.589724063873291 14.335520416498182 39.926024734973907 11.66343219578266 10.40525186061859
leaf_count=41 56 232 58 162 47 42
internal_value=-0.000774951 0.0014153 0.00436067 0.00690993 -0.0121417 -0.0126165
internal_weight=157.922 133.689 111.851 97.5157 21.8374 24.2334
internal_count=638 540 452 394 88 98
is_linear=0
shrinkage=0.03


Tree=23
num_leaves=8
num_cat=0
split_feature=15 32 18 32 17 18 11
split_gain=6.72643 6.56465 5.43175 7.2554 3.98785 3.71763 3.28924
threshold=-32.088053317289543 0.012208075399944509 0.92137403202595924 -0.009072341580482644 2.7067444060012069 0.80431957925206332 -0.028352753341160605
decision_type=2 2 2 2 2 2 2
left_child=6 2 3 -2 -4 -3 -1
right_child=1 5 4 -5 -6 -7 -8
leaf_value=0.024793294125687555 -0.014270386242454873 -0.032668084152376181 -0.026406837155293274 0.0056937817077309417 0 -0.0021783397228799083 0
leaf_weight=10.508428245782854 17.843814358115196 7.9178853780031186 9.6132213324308413 87.764176800847054 8.3959065824747068 7.9334209263324738 7.8635870516300193
leaf_count=43 72 32 39 354 34 32 32
internal_value=-0.00076772 -0.00316741 -0.000576769 0.00197865 -0.0150117 -0.0202023 0.0152354
internal_weight=157.84 139.468 123.617 105.608 18.0091 15.8513 18.372
internal_count=638 563 499 426 73 64 75
is_linear=0
shrinkage=0.03


Tree=24
num_leaves=8
num_cat=0
split_feature=15 32 32 8 6 11 9
split_gain=6.41601 6.26217 4.93629 8.00096 5.56277 3.13908 2.91313
threshold=-32.088053317289543 0.012208075399944509 -0.009072341580482644 0.029725927936353442 -0.013621026933877371 -0.028352753341160605 0.058591569167591048
decision_type=2 2 2 2 2 2 2
left_child=5 2 4 -4 -2 -1 -3
right_child=1 6 3 -5 -6 -7 -8
leaf_value=0.024233971453646162 -0.028852308903515349 -0.030271990213913528 0.0081708618897440508 -0.0086328373401891433 0.00084059157463553752 0 -0.0023946135782305002
leaf_weight=10.475098982453348 8.9269821494817752 8.3977453261613828 66.982395336031914 38.007315739989281 9.6613689064979535 7.8635870516300193 7.4395475834608069
leaf_count=43 36 34 270 154 39 32 30
internal_value=-0.000763609 -0.0031083 -0.000574919 0.00189989 -0.0141083 0.0148767 -0.0197544
internal_weight=157.754 139.415 123.578 104.99 18.5884 18.3387 15.8373
internal_count=638 563 499 424 75 75 64
is_linear=0
shrinkage=0.03


Tree=25
num_leaves=8
num_cat=0
split_feature=34 25 15 6 34 6 25
split_gain=9.07349 7.87379 6.81763 5.51805 6.88623 3.94565 0.183967
threshold=-0.025411936753627736 0.54006410256410264 -7.1566373216983097 0.016300613406050202 -0.006068572271641314 0.023721382956979502 0.62854030501089342
decision_type=2 2 2 2 2 2 2
left_child=2 3 -1 4 -2 -5 -3
right_child=1 6 -4 5 -6 -7 -8
leaf_value=0.026172162484323819 -0.016425518977862971 -0.030311133125205291 -0.0025592892456543243 -0.025476360177138915 0.0045560421897562729 0 -0.01080986230984092
leaf_weight=14.387639775872232 14.897283062338827 7.9388784170150739 11.432838246226309 11.834603622555735 80.321601867675781 8.4104431569576246 7.4366805255413055
leaf_count=59 60 32 46 48 325 34 30
internal_value=-0.00181977 -0.00514339 0.0136418 -0.00212812 0.000848745 -0.0156211 -0.0240722
internal_weight=156.66 130.839 25.8205 115.464 95.2189 20.245 15.3756
internal_count=634 529 105 467 385 82 62
is_linear=0
shrinkage=0.03


Tree=26
num_leaves=8
num_cat=0
split_feature=9 24 2 28 28 38 21
split_gain=6.3001 9.94228 6.73758 7.47534 7.82206 6.03215 1.17344
threshold=0.092295458013522111 -0.12550607287449389 -0.021600221260512417 8.5000000000000018 10.500000000000002 0.0081780439051133275 0.017268332324072596
decision_type=2 2 2 2 2 2 2
left_child=2 -2 6 5 -5 -4 -1
right_child=1 -3 3 4 -6 -7 -8
leaf_value=-0.0047246827183532077 0.0063411793171984114 -0.026736574713064291 0.00010523597293828196 -0.022487849514745924 0.0041672648515377218 0.017990034152324488 -0.022270731830949804
leaf_weight=11.65224100649357 11.649459436535837 18.183693423867226 33.230513691902161 14.077499255537985 22.800731271505356 36.84343533217907 8.1393139213323575
leaf_count=47 47 74 134 57 92 150 33
internal_value=-0.00179154 -0.013762 0.00107961 0.00421566 -0.00625536 0.00995508 -0.0140106
internal_weight=156.577 29.8332 126.744 106.952 36.8782 70.0739 19.7916
internal_count=634 121 513 433 149 284 80
is_linear=0
shrinkage=0.03


Tree=27
num_leaves=9
num_cat=0
split_feature=34 19 21 38 38 19 38 35
split_gain=8.46192 8.89164 5.99396 11.3636 6.29822 3.65034 3.23493 2.40794
threshold=-0.025411936753627736 0.061793928126653894 0.011783119511818747 0.011230392882954493 0.0065082924320651317 0.10890872681547897 0.0081356580835338869 -0.041319273576229658
decision_type=2 2 2 2 2 2 2 2
left_child=5 6 4 -4 -3 7 -2 -1
right_child=1 2 3 -5 -6 -7 -8 -9
leaf_value=0.013335917860753376 -0.00095360943970837031 0.0021492607351386644 0.0057308355613756926 -0.017030591987792627 -0.025493600770117742 0.02647157934885282 0.021695583976232519 -0.0069609471743624085
leaf_weight=8.1605488210916537 7.4427383095026043 8.4231280237436277 47.005992278456688 30.638850256800652 25.674384787678719 9.3902154862880689 11.508562490344046 8.1928060650825518
leaf_count=33 30 34 190 124 104 39 47 33
internal_value=-0.0017546 -0.00496678 -0.00829182 -0.00326466 -0.0185087 0.0131946 0.0128427 0.00269971
internal_weight=156.437 130.694 111.742 77.6448 34.0975 25.7436 18.9513 16.3534
internal_count=634 529 452 314 138 105 77 66
is_linear=0
shrinkage=0.03


Tree=28
num_leaves=9
num_cat=0
split_feature=34 38 38 14 6 34 9 38
split_gain=8.03891 4.72771 9.2433 9.02997 4.89329 4.3599 3.54682 3.51064
threshold=-0.025411936753627736 0.01176471306364428 0.0098068833445769683 46.050083485323519 0.015377223262301896 0.0040428426299867768 -0.026935699670436356 0.0093983401863424205
decision_type=2 2 2 2 2 2 2 2
left_child=7 2 3 -2 -4 -3 -7 -1
right_child=1 5 4 -5 -6 6 -8 -9
leaf_value=0.00093142477167578949 0.0001216556109188099 0.00093014997141906619 0.019785830560162431 -0.020859755245788845 -0.0058306661607185071 -0.0039813916136153113 -0.033388826628192557 0.023674392652703751
leaf_weight=13.878724455833437 50.519441410899162 8.1659564822912234 20.207774102687839 25.866187259554863 7.412176474928855 7.9118819683790234 10.558024957776068 11.824238151311873
leaf_count=56 204 33 82 105 30 32 43 49
internal_value=-0.00169003 -0.00482261 -0.00165437 -0.0071428 0.0124754 -0.0156903 -0.0231443 0.0128892
internal_weight=156.344 130.641 104.006 76.3856 27.62 26.6359 18.4699 25.703
internal_count=634 529 421 309 112 108 75 105
is_linear=0
shrinkage=0.03


Tree=29
num_leaves=8
num_cat=0
split_feature=34 19 15 13 2 2 32
split_gain=7.65256 8.29756 6.34926 5.79623 5.12217 4.31736 2.95367
threshold=-0.025411936753627736 0.061793928126653894 -7.1566373216983097 -2.2863606422757665 -0.016284237065673276 0.0020823609735791675 -0.0039157905981933574
decision_type=2 2 2 2 2 2 2
left_child=2 5 -1 4 -3 -2 -5
right_child=1 3 -4 6 -6 -7 -8
leaf_value=0.024797709335045378 -0.0030972722146004562 -0.014800003283976921 -0.0029275383641588848 -0.027830874305585195 0.0082287809693324838 0.023052275541071952 -0.0094582555273219331
leaf_weight=14.236010327935221 7.629878073930743 10.144259467720984 11.430666565895079 9.6500203460454923 27.714252933859825 11.295122519135473 64.111723810434341
leaf_count=59 31 41 46 39 112 46 260
internal_value=-0.00164211 -0.00470102 0.012589 -0.00791896 0.00124884 0.0125045 -0.0127311
internal_weight=156.212 130.545 25.6667 111.62 37.8585 18.925 73.7617
internal_count=634 529 105 452 153 77 299
is_linear=0
shrinkage=0.03


Tree=30
num_leaves=12
num_cat=0
split_feature=34 11 15 16 38 19 34 34 34 10 4
split_gain=7.59605 6.66553 13.4031 6.42818 5.49057 6.84372 4.62574 4.29334 8.07109 4.56268 1.9061
threshold=0.012353730956959798 0.055635047241315856 1.7296307727133244 4.7540896150768397 0.0098764392838318182 0.092828235498658582 -0.026885540229987955 -0.007571289176768691 -0.021746953533478271 0.015286706477459113 -0.012405575844784798
decision_type=2 2 2 2 2 2 2 2 2 2 2
left_child=4 2 10 -4 7 -6 -7 8 -1 -9 -2
right_child=1 -3 3 -5 5 6 -8 9 -10 -11 -12
leaf_value=0.0026241431409398828 -0.0051802117303038388 -0.026637897468144319 0.024085332956461258 -0.0030489367434641547 0.02941465974217752 0.019145067771898078 -0.0047215759641873268 0.020805799650636485 -0.029515614389404268 -0.0035156126475439677 -0.026906294370594011
leaf_weight=15.081248193979265 8.9311771988868731 13.045495405793188 13.112560629844667 13.808126047253607 12.360433697700499 8.7878032475709933 19.454792141914368 9.4263581186532992 9.69268651306629 14.529196768999098 12.994879826903341
leaf_count=61 36 53 53 56 50 37 79 38 39 59 53
internal_value=-0.000999177 -0.00900062 -0.00313274 0.0104006 0.00445593 0.012385 0.00298363 -0.00208299 -0.0106556 0.00634254 -0.0198563
internal_weight=151.225 61.8922 48.8467 26.9207 89.3325 40.603 28.2426 48.7295 24.7739 23.9556 21.9261
internal_count=614 251 198 109 363 166 116 197 100 97 89
is_linear=0
shrinkage=0.03


Tree=31
num_leaves=12
num_cat=0
split_feature=34 21 32 32 21 23 33 4 14 13 38
split_gain=7.23495 7.74982 5.72411 6.24335 5.49034 6.23185 8.51494 4.12448 7.63646 2.03342 0.787966
threshold=0.012353730956959798 0.013101248296491008 -0.0064745879236045014 0.010511803897416796 0.015472335744638849 1.0614417112209558 0.77668248490077663 -0.0076161714480071354 36.464106165068877 -0.68293245868388286 0.011230392882954493
decision_type=2 2 2 2 2 2 2 2 2 2 2
left_child=1 7 -3 -4 5 6 -2 -1 -9 -7 -6
right_child=4 2 3 -5 10 9 -8 8 -10 -11 -12
leaf_value=-0.019111873822416487 0.020006158894047076 -0.004260535285625304 0.025091330446394711 -0.00031439585274587709 -0.0073233673166470271 -0.026040353080752997 -0.011905836517372982 0.015770104862204624 -0.013330107852374965 -0.0028397109460771455 -0.026776705984090956
leaf_weight=11.16452696919441 15.526138082146646 12.234843283891676 26.748589992523193 10.77035269141197 7.4304366111755398 7.3949991911649731 10.858187124133108 14.077838689088823 14.263605087995527 8.8263599127531034 11.783485367894171
leaf_count=45 63 50 109 44 30 30 44 57 58 36 48
internal_value=-0.000974372 0.00434838 0.0121088 0.0177719 -0.00879022 -0.00208156 0.00643113 -0.00517625 0.00071696 -0.0159369 -0.0213604
internal_weight=151.079 89.2598 49.7538 37.5189 61.8196 42.6057 26.3843 39.506 28.3414 16.2214 19.2139
internal_count=614 363 203 153 251 173 107 160 115 66 78
is_linear=0
shrinkage=0.03


Tree=32
num_leaves=8
num_cat=0
split_feature=25 9 17 23 33 11 0
split_gain=6.94968 5.53379 6.18675 6.16167 2.64402 2.46311 1.3939
threshold=0.54006410256410264 -0.039484183362010879 4.0564531381614843 1.0500024477670411 0.67396092702547417 -0.021198262792029906 -0.00058378389431229516
decision_type=2 2 2 2 2 2 2
left_child=1 5 3 -3 -4 -1 -2
right_child=6 2 4 -5 -6 -7 -8
leaf_value=0.027760262288731942 -0.0049287620667370739 0.0068897083215820132 -0.028608240715013153 -0.0082835985422453351 -0.0024024207486207953 0.0018465093662452599 -0.026364283644697187
leaf_weight=7.4554616808891296 8.069016560912134 69.979265853762627 7.3595493584871283 33.73625060915947 8.3650461882352811 7.6302198618650419 8.3496231287717801
leaf_count=31 33 284 30 137 34 31 34
internal_value=-0.000980682 0.00126349 -0.000887434 0.00174895 -0.0173579 0.0172816 -0.0183232
internal_weight=150.944 134.526 119.44 103.716 15.7246 15.0857 16.4186
internal_count=614 547 485 421 64 62 67
is_linear=0
shrinkage=0.03


Tree=33
num_leaves=12
num_cat=0
split_feature=34 21 11 11 32 32 36 21 35 35 6
split_gain=6.81077 7.33015 6.36743 7.54546 5.45606 5.82222 4.84524 4.00536 8.73994 8.53233 3.14691
threshold=0.012353730956959798 0.013101248296491008 0.055635047241315856 0.026740398020599913 -0.0064745879236045014 0.010511803897416796 0.0061835271373494672 0.011331548248835734 0.025834658534521052 -0.03890833601099785 0.0044236717666489176
decision_type=2 2 2 2 2 2 2 2 2 2 2
left_child=1 7 3 6 -3 -6 -2 9 -9 -1 -5
right_child=2 4 -4 10 5 -7 -8 8 -10 -11 -12
leaf_value=0.024908466600612959 0 -0.0042053174529513224 -0.025815958013720042 0.022445070303561403 0.024369600749082142 -0.00014597152804386864 -0.022774379447185363 -0.03444973267961958 0.005705141494263509 -0.0096485392357084036 -5.4539352242615251e-05
leaf_weight=7.8844914734363547 15.81715212762356 12.229528456926344 12.996937423944471 8.8891162723302859 26.687012478709221 10.767128586769102 15.164141818881033 8.1955108195543271 7.3980373591184607 15.990278720855715 8.8417316973209363
leaf_count=32 64 50 53 36 109 44 62 33 30 65 36
internal_value=-0.000968067 0.00419519 -0.00856047 -0.00282416 0.011752 0.0172917 -0.011735 -0.00506381 -0.0160636 0.00222717 0.0115968
internal_weight=150.861 89.152 61.7091 48.7121 49.6837 37.4541 30.9813 39.4683 15.5935 23.8748 17.7308
internal_count=614 363 251 198 203 153 126 160 63 97 72
is_linear=0
shrinkage=0.03


Tree=34
num_leaves=10
num_cat=0
split_feature=37 32 1 0 4 2 1 28 5
split_gain=6.3361 6.17835 7.79803 5.57029 6.13225 4.50865 4.17048 4.00481 5.96636
threshold=0.016049951874622662 -0.0040395218175476857 0.021883153136860848 -0.0075534437698640535 0.011520517456650505 0.0020823609735791675 -0.012559826583392329 2.5000000000000004 0.09941179166022808
decision_type=2 2 2 2 2 2 2 2 2
left_child=1 6 5 4 -2 -3 -1 -5 -9
right_child=3 2 -4 7 -6 -7 -8 8 -10
leaf_value=-0.018545883737404251 -0.0076556753074670941 0.0049423165816180944 -0.013637939241344177 0.0025312777090049244 0.024331669045732893 0.026060181472284255 0.0047654484420012848 -0.019737787880758167 0.0050014863601076437
leaf_weight=11.30490465462208 9.3595929145813006 20.720231100916862 7.2500293254852286 13.056306123733519 7.8800905346870413 20.564674019813538 11.504541397094725 40.009979516267776 9.0678478032350522
leaf_count=46 38 84 30 53 32 84 47 163 37
internal_value=-0.000952737 0.00534169 0.011362 -0.00678699 0.00719522 0.0165261 -0.00674727 -0.0110038 -0.0148563
internal_weight=150.718 71.3444 48.5349 79.3738 17.2397 41.2849 22.8094 62.1341 49.0778
internal_count=614 291 198 323 70 168 93 253 200
is_linear=0
shrinkage=0.03


Tree=35
num_leaves=7
num_cat=0
split_feature=11 16 38 38 16 14
split_gain=5.83172 4.20856 4.19448 5.67634 9.21464 6.22485
threshold=-0.027822341813983072 10.02195699860267 0.013986141620183376 0.0098068833445769683 4.7540896150768397 134.66339458444011
decision_type=2 2 2 2 2 2
left_child=1 -1 3 4 -2 -5
right_child=2 -3 -4 5 -6 -7
leaf_value=0.028151127223710985 0.0018238303257462074 0 -0.017981461521424057 0.012264094835200126 -0.018161826524662434 -0.014776650160822998
leaf_weight=7.6735729873180416 49.577300131320953 10.152926146984099 13.819083288311957 36.664851561188698 31.997604787349701 7.3182732313871375
leaf_count=32 201 42 57 149 130 30
internal_value=-0.00112461 0.0139864 -0.00333395 -0.00134757 -0.00608305 0.00699162
internal_weight=157.204 17.8265 139.377 125.558 81.5749 43.9831
internal_count=641 74 567 510 331 179
is_linear=0
shrinkage=0.03


Tree=36
num_leaves=10
num_cat=0
split_feature=25 23 17 5 20 25 22 34 23
split_gain=6.95585 7.02857 9.287 6.23822 5.99568 6.05422 4.41421 4.10045 2.72507
threshold=0.54006410256410264 1.0912477938217224 3.665169099612696 0.032561243604222641 0.020195268561086274 0.14692390717754997 -0.037696177500714294 0.0073974279578366007 1.3155268972209915
decision_type=2 2 2 2 2 2 2 2 2
left_child=1 2 3 -1 5 -3 -2 -4 -6
right_child=6 4 7 -5 8 -7 -8 -9 -10
leaf_value=0.017512430428477409 0 0.00068947120565714592 0 0.00084792123716665314 -0.0068182499852339684 -0.028336464157054861 -0.030127462832593471 -0.027425272024599223 0.014482938716911992
leaf_weight=41.925343796610832 7.8558317720890072 8.5789431780576724 7.9838752746582013 41.560731247067451 8.0655300766229647 15.42811371386051 9.2890306413173658 7.6085721254348755 8.800822362303732
leaf_count=171 32 35 33 169 33 63 38 31 36
internal_value=-0.0010911 0.00111292 0.00550799 0.00960596 -0.00895098 -0.0181319 -0.0181026 -0.0141786 0.00385863
internal_weight=157.097 139.952 99.0785 83.4861 40.8734 24.0071 17.1449 15.5924 16.8664
internal_count=641 571 404 340 167 98 70 64 69
is_linear=0
shrinkage=0.03


Tree=37
num_leaves=6
num_cat=0
split_feature=36 38 38 7 36
split_gain=5.44546 7.80768 7.26332 7.57533 5.49004
threshold=0.0090119377851323717 0.013986141620183376 0.0098068833445769683 0.0080842226519103541 0.0060758843637503434
decision_type=2 2 2 2 2
left_child=1 2 3 -1 -4
right_child=-2 -3 4 -5 -6
leaf_value=0.0029933342675308684 0.016425982072892427 -0.022589553478713026 0.016405427832146786 -0.014786525546706918 -0.0028510630693677199
leaf_weight=40.15031011402607 12.347186133265494 14.123357340693472 29.215331375598907 40.759488373994827 20.353586420416832
leaf_count=163 52 58 119 166 83
internal_value=-0.00107756 -0.00287816 -0.000322504 -0.00592324 0.00840369
internal_weight=156.949 144.602 130.479 80.9098 49.5689
internal_count=641 589 531 329 202
is_linear=0
shrinkage=0.03


Tree=38
num_leaves=9
num_cat=0
split_feature=25 37 38 4 22 22 0 12
split_gain=6.59427 6.26334 6.0975 8.46476 4.18884 3.53153 3.4258 5.11551
threshold=0.54006410256410264 0.037641261258959953 0.0081356580835338869 -0.018945504819401823 -0.037696177500714294 -0.12104095902352395 -0.0073979350194183771 63.082775094770739
decision_type=2 2 2 2 2 2 2 2
left_child=1 2 5 -4 -2 -1 -3 -8
right_child=4 6 3 -5 -6 -7 7 -9
leaf_value=-0.016931677746887662 0 0.0071679210314180789 -0.0026545426722836426 0.01875242887663061 -0.029362781876130992 0.0025111359426271008 -0.026341740306681294 -0.0025108887630642986
leaf_weight=11.605744004249575 7.8524661660194424 8.3800322413444501 24.677784278988838 40.703726902604103 9.2584766149520856 18.246752664446831 12.195867434144018 23.902504667639732
leaf_count=47 32 34 101 167 38 74 50 98
internal_value=-0.00104492 0.00109995 0.00550688 0.0106109 -0.0176252 -0.00516524 -0.00784405 -0.0119161
internal_weight=156.823 139.712 95.234 65.3815 17.1109 29.8525 44.4784 36.0984
internal_count=641 571 389 268 70 121 182 148
is_linear=0
shrinkage=0.03


Tree=39
num_leaves=9
num_cat=0
split_feature=25 23 26 17 40 14 22 11
split_gain=6.27359 6.56423 9.25915 8.74994 7.74668 4.31725 3.99244 2.78924
threshold=0.54006410256410264 1.0912477938217224 0.41287094547964115 3.665169099612696 0.021046075312031846 -18.266733128224583 -0.037696177500714294 -1.0000000180025095e-35
decision_type=2 2 2 2 2 2 2 2
left_child=1 3 5 4 -1 -3 -2 -5
right_child=6 2 -4 7 -6 -7 -8 -9
leaf_value=0.018235252245241376 0 0 0.010545956350685663 0 0 -0.024869270265648644 -0.02869766083663643 -0.023797171296094745
leaf_weight=41.119384109973907 7.8524661660194424 7.5639348626136806 12.914028510451315 7.1953284144401559 42.209591209888458 20.285847187042236 9.2355629652738553 8.3486569970846141
leaf_count=168 32 31 53 30 172 83 38 34
internal_value=-0.0010369 0.00105275 -0.00868185 0.00530743 0.00929126 -0.0182096 -0.0172197 -0.0138188
internal_weight=156.725 139.637 40.7638 98.873 83.329 27.8498 17.088 15.544
internal_count=641 571 167 404 340 114 70 64
is_linear=0
shrinkage=0.03


Tree=40
num_leaves=9
num_cat=0
split_feature=25 37 3 37 35 0 34 0
split_gain=7.07677 7.8082 8.0926 6.7168 5.24923 4.39899 4.0094 0.691051
threshold=0.54335839598997504 0.039088029996997127 -0.026811137494345046 0.070230937940536711 0.0156045412723278 -0.0064015734664847881 -0.00039914322828238363 0.00040614456098142521
decision_type=2 2 2 2 2 2 2 2
left_child=1 2 6 5 -4 -3 -1 -2
right_child=7 3 4 -5 -6 -7 -8 -9
leaf_value=0.0059291337790280041 -0.0059656564578250831 0.0023788635176870635 0.0019969039133149531 0.011982734277533725 0.018330607753257601 -0.021182352899175246 -0.018425640670616535 -0.024993303218160505
leaf_weight=7.8260708451271084 7.285765200853346 7.8867382705211666 34.291272148489952 8.7697306126356107 42.083461716771126 23.458538517355919 12.760441064834593 7.5554778575897217
leaf_count=32 30 32 141 36 172 96 52 31
internal_value=0 0.00222996 0.00688993 -0.00846971 0.0114265 -0.0150172 -0.00879775 -0.0183608
internal_weight=151.917 137.076 96.9612 40.115 76.3747 31.3453 20.5865 14.8412
internal_count=622 561 397 164 313 128 84 61
is_linear=0
shrinkage=0.03


Tree=41
num_leaves=9
num_cat=0
split_feature=25 37 6 37 21 8 32 0
split_gain=6.76097 7.35568 7.95749 6.2324 4.50005 4.2543 3.57067 0.647742
threshold=0.54335839598997504 0.03859316734026131 -0.013959835869608674 0.070230937940536711 0.011814347416554228 0.029725927936353442 -0.0082718309200215372 0.00040614456098142521
decision_type=2 2 2 2 2 2 2 2
left_child=1 2 6 5 -4 -3 -1 -2
right_child=7 3 4 -5 -6 -7 -8 -9
leaf_value=-0.022324551604027715 -0.0058264869259802418 -0.00068807718454418391 0.0013403914088404528 0.011679048041726906 0.016703900685306219 -0.023315324774935246 0.0012982927414930934 -0.024435458044187466
leaf_weight=8.3289910107851046 7.283798620104788 14.518358200788496 30.430519446730614 8.7796844840049726 47.061070173978806 17.766324639320374 10.108566954731939 7.5419857203960419
leaf_count=34 30 59 124 36 194 73 41 31
internal_value=0 0.00217121 0.00677134 -0.00804209 0.011045 -0.0142111 -0.00977953 -0.0179638
internal_weight=151.819 136.994 95.9291 41.0644 77.4916 32.2847 18.4376 14.8258
internal_count=622 561 393 168 318 132 75 61
is_linear=0
shrinkage=0.03


Tree=42
num_leaves=8
num_cat=0
split_feature=9 38 38 9 11 32 15
split_gain=5.17327 7.4309 5.80377 6.81309 4.90245 4.62553 2.5574
threshold=-0.039484183362010879 0.01310352723478952 0.0081356580835338869 0.040317436490993272 -0.024506465725929513 -0.01030574982979515 -19.199976010485802
decision_type=2 2 2 2 2 2 2
left_child=4 2 3 -2 -1 -4 -3
right_child=1 6 5 -5 -6 -7 -8
leaf_value=0.02814756489320935 0.0032775305847983281 -0.0036271935034129636 -0.013604915523203991 -0.018405873194542805 -0.0009738641196953146 0.0085931254096781543 -0.03115224672549001
leaf_weight=8.7092528194189089 23.952933087944984 7.3312475085258484 7.3780199438333502 23.265790194272995 8.0411514937877637 65.300703093409538 7.7015967816114408
leaf_count=37 97 31 30 95 33 267 32
internal_value=0 -0.00204713 0.000457424 -0.00741542 0.0147549 0.00583481 -0.0206115
internal_weight=151.681 134.93 119.897 47.2187 16.7504 72.6787 15.0328
internal_count=622 552 489 192 70 297 63
is_linear=0
shrinkage=0.03


Tree=43
num_leaves=8
num_cat=0
split_feature=9 38 33 38 36 21 15
split_gain=4.93517 7.10372 7.03452 5.46298 6.61127 4.70221 2.44291
threshold=-0.039484183362010879 0.01310352723478952 0.14763002150171375 0.0081356580835338869 0.0074965196328877605 0.016463747056478475 -19.199976010485802
decision_type=2 2 2 2 2 2 2
left_child=2 3 -1 4 -2 -5 -3
right_child=1 6 -4 5 -6 -7 -8
leaf_value=-0.0054785887837744086 -0.012939763490630524 -0.003541641558664591 0.029592073373209078 0.010744799046898672 0.012716668673261685 -0.0049684373700948697 -0.030529898379207481
leaf_weight=7.3502972275018719 37.771968692541122 7.3314003795385361 9.3472840636968595 50.045119822025299 9.4137811511754972 22.615231320261955 7.6641693562269193
leaf_count=30 154 31 40 205 38 92 32
internal_value=0 -0.00201455 0.014417 0.000430219 -0.00720726 0.00565113 -0.0201873
internal_weight=151.539 134.842 16.6976 119.846 47.1857 72.6604 14.9956
internal_count=622 552 70 489 192 297 63
is_linear=0
shrinkage=0.03


Tree=44
num_leaves=9
num_cat=0
split_feature=37 3 38 17 37 0 28 36
split_gain=5.49785 7.09311 10.0269 7.05963 6.02093 5.03823 1.98425 1.28018
threshold=0.039088029996997127 -0.032538707724245268 0.0069881792206707401 4.3017662881317102 0.070230937940536711 -0.0048505856317422316 6.5000000000000009 0.0071009236268347563
decision_type=2 2 2 2 2 2 2 2
left_child=1 6 -3 -4 5 -2 -1 -7
right_child=4 2 3 -5 -6 7 -8 -9
leaf_value=-0.022220716287036705 0.0016105095921382792 -0.015902420731732373 0.015029169309454755 -0.0082079865949913587 0.0099337684840776503 -0.026767148480765376 -0.00086010753566481267 -0.0062722937368839748
leaf_weight=7.9946303814649609 10.062634557485579 12.320552095770834 66.40252374112606 11.97946561872959 9.4953966438770276 16.28671753406525 9.2968076020479185 7.5620143413543692
leaf_count=33 41 50 273 50 39 67 38 31
internal_value=0 0.00357978 0.00707163 0.0111753 -0.00882775 -0.0147595 -0.0127935 -0.021837
internal_weight=151.401 107.994 90.7025 78.382 43.4068 33.9114 17.2914 23.8487
internal_count=622 444 373 323 178 139 71 98
is_linear=0
shrinkage=0.03


Tree=45
num_leaves=9
num_cat=0
split_feature=33 21 32 15 3 2 33 9
split_gain=8.09121 6.53687 5.8307 7.34842 5.04778 4.57787 3.617 3.41143
threshold=0.92599156118143477 0.013144836698819242 -0.0053105195989998069 10.016992861230568 -0.017077364761248711 -0.0085122408480431382 0.95881044815498861 0.00062114216432814808
decision_type=2 2 2 2 2 2 2 2
left_child=1 4 7 -4 -1 -6 -2 -3
right_child=6 2 3 -5 5 -7 -8 -9
leaf_value=-0.022065466657270289 -0.02597179303093974 0.003867904154896966 0.0031004671447398447 0.026395623607280816 0.016824301448861382 -0.0051694519366896211 -0.0017066389302773004 -0.019255624308831706
leaf_weight=10.788225412368773 13.190650358796121 11.634103342890741 32.018816992640495 20.335378274321556 8.5835055559873563 40.616057887673378 11.404639124870299 7.3529583960771552
leaf_count=44 55 48 133 83 35 166 47 30
internal_value=-0.00110278 0.00182443 0.00794463 0.013063 -0.00523361 -0.000532067 -0.0162587 -0.00535385
internal_weight=155.924 131.329 71.3413 52.3542 59.9878 49.1996 24.5953 18.9871
internal_count=641 539 294 216 245 201 102 78
is_linear=0
shrinkage=0.03


Tree=46
num_leaves=9
num_cat=0
split_feature=33 21 34 32 24 38 21 33
split_gain=7.70341 6.18226 10.2494 6.84495 5.426 5.2051 4.91888 3.44326
threshold=0.92599156118143477 0.013144836698819242 0.013734343776072524 -0.0053105195989998069 0.33856177606177612 0.0065082924320651317 0.015574223890872754 0.95881044815498861
decision_type=2 2 2 2 2 2 2 2
left_child=1 4 3 -3 5 -1 -4 -2
right_child=7 2 6 -5 -6 -7 -8 -9
leaf_value=0.0070040920891185415 -0.02539935459240646 -0.0023622980879440419 0.0077743269882248377 0.021828671672949568 0.0096105056306037481 -0.01550880659332627 -0.018224264448514198 -0.0016634121847423433
leaf_weight=9.9015990346670133 13.129302963614466 12.590387880802153 8.5411117672920245 35.977512344717979 14.321234479546545 35.754543334245682 14.186387330293654 11.401992768049238
leaf_count=40 55 52 35 149 59 146 58 47
internal_value=-0.00107971 0.00177219 0.00772896 0.0154155 -0.00508755 -0.0102226 -0.00800869 -0.0158894
internal_weight=155.804 131.273 71.2954 48.5679 59.9774 45.6561 22.7275 24.5313
internal_count=641 539 294 201 245 186 93 102
is_linear=0
shrinkage=0.03


Tree=47
num_leaves=11
num_cat=0
split_feature=38 7 21 21 36 22 15 10 28 22
split_gain=7.05466 6.57909 6.4576 5.74155 4.69333 5.7377 3.65624 3.39271 4.33874 3.2091
threshold=0.0097449915787560879 0.0080842226519103541 0.015415365062294373 0.019541730892534886 0.0073917820735583308 -0.020341149427263502 -19.199976010485802 0.015286706477459113 2.5000000000000004 0.16306597600336162
decision_type=2 2 2 2 2 2 2 2 2 2
left_child=1 4 9 -4 5 -1 -5 -3 -9 -2
right_child=2 7 3 6 -6 -7 -8 8 -10 -11
leaf_value=-0.018548900617927338 0.024702813372823141 -0.00049726781667397977 -0.015230341612495186 0.015692393641271975 0.015145523670121959 0.005942846058139206 -0.0041580824220480081 -0.00090147702971658805 -0.026559955791815668 0
leaf_weight=13.272693663835527 16.39790798723698 13.509480863809584 14.453344106674193 15.902253538370132 13.498101368546484 16.881314605474472 12.688651904463768 9.7571640163660067 21.750129953026772 7.5237784832715979
leaf_count=54 68 55 59 68 55 69 52 40 90 31
internal_value=-0.00105486 -0.00662267 0.00607817 -0.000682384 0.00139411 -0.00485423 0.00669652 -0.0144441 -0.0195898 0.0179357
internal_weight=155.635 88.6689 66.9659 43.0442 43.6521 30.154 28.5909 45.0168 31.5073 23.9217
internal_count=641 363 278 179 178 123 120 185 130 99
is_linear=0
shrinkage=0.03


Tree=48
num_leaves=9
num_cat=0
split_feature=33 21 34 10 3 21 38 33
split_gain=7.13208 5.72271 9.6409 6.03814 4.74059 4.55046 4.46082 3.24462
threshold=0.92599156118143477 0.013144836698819242 0.013734343776072524 -0.017446761096953086 -0.017077364761248711 0.015574223890872754 0.0097449915787560879 0.95881044815498861
decision_type=2 2 2 2 2 2 2 2
left_child=1 4 3 -3 -1 -4 -6 -2
right_child=7 2 5 -5 6 -7 -8 -9
leaf_value=-0.021202826277890219 -0.024590455344911451 -0.0028888920879176433 0.0073568270971406426 0.020553244701926283 -0.0046285912572516987 -0.0176389974732593 0.01806994817690136 -0.0014973054869737996
leaf_weight=10.760898992419241 13.024219900369646 11.203952878713606 8.5281180888414401 37.208553209900856 41.724275931715965 14.160991698503492 7.443363979458808 11.387803226709364
leaf_count=44 55 47 35 154 170 58 31 47
internal_value=-0.00102703 0.0017124 0.00745685 0.0149312 -0.00488156 -0.00780142 -0.000327174 -0.0153149
internal_weight=155.442 131.03 71.1016 48.4125 59.9285 22.6891 49.1676 24.412
internal_count=641 539 294 201 245 93 201 102
is_linear=0
shrinkage=0.03


Tree=49
num_leaves=10
num_cat=0
split_feature=33 38 4 36 15 34 9 33 38
split_gain=6.7865 5.1432 8.95372 4.81848 9.31267 4.03592 3.27519 3.09086 2.3011
threshold=0.92599156118143477 0.0097449915787560879 0.0017860287875738348 0.0074113788915178775 4.0807908964330402 0.0040428426299867768 0.00062114216432814808 0.95881044815498861 0.012371651458243602
decision_type=2 2 2 2 2 2 2 2 2
left_child=1 3 5 4 -1 -3 -5 -2 -4
right_child=7 2 8 6 -6 -7 -8 -9 -10
leaf_value=-0.026538252762150164 -0.024059334270610598 0.009850451643304118 0.027463172496672329 0.021961236624955756 0 -0.0099377200510762931 -0.0010549322515950048 -0.001459360584052832 0.0050723187141073706
leaf_weight=15.190492421388624 12.957548320293428 13.328708484768866 16.285189881920818 7.3115976005792644 38.334344655275345 20.724997669458389 10.619904667139052 11.385420739650725 9.1130950152873975
leaf_count=62 55 56 68 30 156 85 43 47 39
internal_value=-0.00101328 0.00165575 0.00811525 -0.00358901 -0.00819122 -0.00165975 0.00883933 -0.0149718 0.0209334
internal_weight=155.251 130.908 59.452 71.4563 53.5248 34.0537 17.9315 24.343 25.3983
internal_count=641 539 248 291 218 141 73 102 107
is_linear=0
shrinkage=0.03


Tree=50
num_leaves=9
num_cat=0
split_feature=34 33 3 19 15 28 35 24
split_gain=8.30259 7.41044 6.37336 5.75839 5.40388 3.52803 2.83546 1.12445
threshold=0.034090042733269994 0.89102488837301375 0.027321007505391574 0.086728282153754166 -46.945323001252987 11.500000000000002 0.050649412185654448 0.58444252376836658
decision_type=2 2 2 2 2 2 2 2
left_child=1 3 -3 5 -5 -1 -2 -4
right_child=6 2 7 4 -6 -7 -8 -9
leaf_value=0.0155943968543493 -0.0068998795891910261 0.0031532129664176749 -0.029617053213158617 0.018962233609070903 -0.0056841801043905826 -0.0035205713953616914 -0.033120699537064126 -0.0082588106410591434
leaf_weight=39.443326830863953 11.843247860670091 13.024530380964281 10.021723851561548 7.3254274278879157 50.764684230089188 8.6644110828638059 7.1662400215864173 8.3083540052175504
leaf_count=162 49 54 42 32 207 35 30 35
internal_value=-0.00212706 0.000443121 -0.0118067 0.00434986 -0.00179885 0.0118492 -0.0197106 -0.0224388
internal_weight=156.562 137.552 31.3546 106.198 58.0901 48.1077 19.0095 18.3301
internal_count=646 567 131 436 239 197 79 77
is_linear=0
shrinkage=0.03


Tree=51
num_leaves=7
num_cat=0
split_feature=34 8 23 23 32 35
split_gain=7.93233 6.91713 4.79644 6.32736 3.76548 2.72199
threshold=0.034090042733269994 0.060454619241452449 1.0881948312412495 1.3847704486646115 0.0091738339592660773 0.050649412185654448
decision_type=2 2 2 2 2 2
left_child=1 2 4 -4 -1 -2
right_child=5 -3 3 -5 -6 -7
leaf_value=0.01011477426204564 -0.0067257037863010793 -0.020106024882818995 -0.012084665415946395 0.014684274885884264 -0.0037137681198418822 -0.032481017270159118
leaf_weight=66.064173325896263 11.837338775396349 11.234767124056814 30.993831500411034 8.212952256202696 20.911883488297462 7.1281135678291312
leaf_count=272 49 47 128 34 86 30
internal_value=-0.00209012 0.000419719 0.00264946 -0.0056726 0.00661261 -0.0192963
internal_weight=156.383 137.418 126.183 39.2068 86.9761 18.9655
internal_count=646 567 520 162 358 79
is_linear=0
shrinkage=0.03


Tree=52
num_leaves=9
num_cat=0
split_feature=34 33 32 32 11 7 21 37
split_gain=7.57975 6.88861 4.93021 9.90327 6.85222 3.32718 2.67491 0.793581
threshold=0.034090042733269994 0.89102488837301375 -0.0053105195989998069 0.006918852139074839 0.010110837093589399 0.018703476324858189 0.01289432810741452 0.0081261944306387796
decision_type=2 2 2 2 2 2 2 2
left_child=1 2 4 -4 -1 -3 -7 -2
right_child=7 5 3 -5 -6 6 -8 -9
leaf_value=0.0088602558423218521 -0.0058140196414007521 0.0034361527692018667 0.015965696461497283 -0.0052666600389838832 -0.019244066037027056 -0.0051375715804698975 -0.027517023821711797 -0.02417585141991551
leaf_weight=12.140982776880266 7.467431545257571 7.80107153952122 49.823392972350121 29.321215867996216 14.755146980285643 13.264643698930742 10.187389463186262 11.451368644833563
leaf_count=50 31 32 205 121 60 56 43 48
internal_value=-0.00205454 0.000396199 0.00416782 0.00797882 -0.00630342 -0.0114307 -0.0168467 -0.0188941
internal_weight=156.213 137.294 106.041 79.1446 26.8961 31.2531 23.452 18.9188
internal_count=646 567 436 326 110 131 99 79
is_linear=0
shrinkage=0.03


Tree=53
num_leaves=9
num_cat=0
split_feature=34 33 3 32 32 11 25 35
split_gain=7.21846 6.53358 5.89705 4.65173 9.3648 6.50626 3.48576 2.71518
threshold=0.034090042733269994 0.89102488837301375 0.027321007505391574 -0.0053105195989998069 0.006918852139074839 0.010110837093589399 0.12981481481481486 0.050649412185654448
decision_type=2 2 2 2 2 2 2 2
left_child=1 3 -3 5 -5 -1 -4 -2
right_child=7 2 6 4 -6 -7 -8 -9
leaf_value=0.0086355225987746129 -0.0060909832409011848 0.003165277848095381 -0.0016964722931501173 0.015525001804672527 -0.0051177999597688253 -0.018745058629346965 -0.030811813836389656 -0.031604938087774558
leaf_weight=12.135369032621385 11.807156369090082 13.014276698231699 7.1129021793603924 49.758316203951836 29.32693375647068 14.746864035725592 11.064537256956099 7.0666323304176322
leaf_count=50 49 54 30 205 121 60 47 30
internal_value=-0.00202337 0.000365702 -0.0111617 0.00404166 0.00774768 -0.0061233 -0.0214597 -0.0184753
internal_weight=156.033 137.159 31.1917 105.967 79.0852 26.8822 18.1774 18.8738
internal_count=646 567 131 436 326 110 77 79
is_linear=0
shrinkage=0.03


Tree=54
num_leaves=8
num_cat=0
split_feature=8 23 15 19 40 28 25
split_gain=4.96588 4.68998 6.98323 6.32254 5.32761 4.45317 3.82014
threshold=0.058970382481031154 1.0711052001518897 -20.738117971217388 0.08500091796981403 0.048680717742738196 9.5000000000000018 0.15047169811320757
decision_type=2 2 2 2 2 2 2
left_child=1 3 -3 5 -5 -1 -4
right_child=-2 2 6 4 -6 -7 -8
leaf_value=0.018285944264736318 -0.018921281964127047 0.013348276195345751 -0.0015857490371372959 -0.009324794178861711 0.012747106214692272 0 -0.02118195939705814
leaf_weight=28.507847428321838 12.222243815660475 9.0178865045309049 17.727404579520226 37.485692247748375 10.799221664667128 18.191440731287003 21.885224863886833
leaf_count=118 52 38 73 155 44 75 91
internal_value=-0.00199641 -0.000212925 -0.0077058 0.00354845 -0.00377932 0.0112771 -0.0132705
internal_weight=155.837 143.615 48.6305 94.9842 48.2849 46.6993 39.6126
internal_count=646 594 202 392 199 193 164
is_linear=0
shrinkage=0.03


Tree=55
num_leaves=12
num_cat=0
split_feature=28 9 35 28 35 16 38 0 17 6 16
split_gain=7.07637 9.36157 6.34859 5.80636 7.68879 4.9048 4.42957 4.00276 5.52425 0.91564 0.730866
threshold=8.5000000000000018 0.087237574092707881 0.016484293955390975 4.5000000000000009 0.0036970239351236116 11.794166393315118 0.0077445692380284691 0.013378747090586287 1.3780891761285654 -0.0032875844321913583 3.4333643961189328
decision_type=2 2 2 2 2 2 2 2 2 2 2
left_child=1 3 9 4 -1 10 -5 8 -4 -2 -3
right_child=2 5 7 6 -6 -7 -8 -9 -10 -11 -12
leaf_value=0.011994306741615085 -0.01060166177757093 -0.0088803504212818744 -0.0058017322376653722 0 -0.012061200303774108 0.0039521758067623753 0.023392112044366368 -0.020131439547402562 0.020389661412112493 -0.03312358619424096 -0.029876447862171581
leaf_weight=21.995125308632851 8.233525365591051 7.7637806981802004 22.144066840410236 11.562248542904852 21.838788568973541 7.7180516272783271 22.763856172561646 7.6549404412508002 8.2145326882600767 8.6602734327316266 7.8170769512653351
leaf_count=92 34 32 91 47 90 32 96 32 34 36 33
internal_value=-0.00233425 0.00225314 -0.0108558 0.00735659 0 -0.0135025 0.0162259 -0.00315329 0.00164387 -0.0252251 -0.0224679
internal_weight=156.366 101.459 54.9073 78.16 43.8339 23.2989 34.3261 38.0135 30.3586 16.8938 15.5809
internal_count=649 422 227 325 182 97 143 157 125 70 65
is_linear=0
shrinkage=0.03


Tree=56
num_leaves=11
num_cat=0
split_feature=26 20 16 17 28 3 17 24 11 28
split_gain=7.78775 13.4486 5.95886 6.48108 10.1976 5.78221 4.69574 3.20581 3.23195 1.95324
threshold=0.28081058726220021 0.015360294568576507 3.7332159569548762 -3.6854152567914085 8.5000000000000018 -0.0015046874886797677 3.5003746683014865 -0.40720663265306117 0.013590505629731077 8.5000000000000018
decision_type=2 2 2 2 2 2 2 2 2 2
left_child=2 -2 3 -1 -5 9 -7 -4 -9 -3
right_child=1 5 7 4 -6 6 -8 8 -10 -11
leaf_value=-0.01840002787508762 -0.020326839009662655 0.0067289000742467896 -0.0023410528410458828 0.019768995246871642 -0.010239973227333112 0.025321975293126062 0.00060155094313442186 -0.009599606225211681 -0.034294849344257639 -0.010100870259347956
leaf_weight=12.143416076898573 12.860592305660246 11.135243788361551 12.433175608515738 19.061048492789268 17.32111282646656 24.757352009415627 11.174273937940596 14.542574003338816 11.251553028821943 9.4678344428539258
leaf_count=50 53 46 51 80 71 103 47 61 48 39
internal_value=-0.00229422 0.0049857 -0.0082677 -0.000825941 0.00530215 0.0114979 0.0184668 -0.0168306 -0.0226041 -0.000550782
internal_weight=156.148 69.3953 86.7529 48.5256 36.3822 56.5347 35.9316 38.2273 25.7941 20.6031
internal_count=649 288 361 201 151 235 150 160 109 85
is_linear=0
shrinkage=0.03


Tree=57
num_leaves=9
num_cat=0
split_feature=14 26 16 23 16 21 21 19
split_gain=8.41434 7.4763 10.924 6.43289 6.84983 5.74986 2.08988 1.22765
threshold=-51.716821946225075 0.28081058726220021 8.2952330951881041 1.0301710528800929 3.0553310033322405 0.011838726272731935 0.013462950915652657 0.07940184515627878
decision_type=2 2 2 2 2 2 2 2
left_child=-1 3 5 4 -2 -3 -4 -5
right_child=1 2 6 7 -6 -7 -8 -9
leaf_value=0.021518249604981644 0.0066780390956155782 -0.016549546897942732 0.0060538326396425797 -0.0095043297452059444 -0.014078890062007654 0.0040326755723616376 0.029771312890737912 -0.027141626088383369
leaf_weight=10.21426324546337 26.798714146018028 19.159686014056206 8.9528611004352587 12.476999610662462 25.719394415616989 25.633210673928261 10.298750564455984 16.681272879242897
leaf_count=44 111 79 37 52 107 106 43 70
internal_value=-0.00225431 -0.00429096 0.00316013 -0.0102487 -0.00335557 -0.00478165 0.0210552 -0.0211704
internal_weight=155.935 145.721 64.0445 81.6764 52.5181 44.7929 19.2516 29.1583
internal_count=649 605 265 340 218 185 80 122
is_linear=0
shrinkage=0.03


Tree=58
num_leaves=8
num_cat=0
split_feature=36 38 21 36 9 36 15
split_gain=6.23054 4.32235 6.35575 8.21324 5.6032 3.17365 2.97637
threshold=0.0081961827265376753 0.01310352723478952 0.011838726272731935 0.0039167494055239345 0.08170203421179939 0.0051373474683480049 -9.3650401336717248
decision_type=2 2 2 2 2 2 2
left_child=1 2 4 -4 -1 -3 -2
right_child=6 5 3 -5 -6 -7 -8
leaf_value=-0.0032760923595272972 0.025401671726136003 0 -0.015652924370306243 0.0089771148905089127 -0.025712695366461879 -0.026337395708536 0
leaf_weight=39.760002925992012 7.9001653045415878 7.5216989368200329 13.189353585243223 56.164020970463753 12.816224724054335 10.82860843837261 7.5795150697231275
leaf_count=163 36 31 54 233 55 46 31
internal_value=-0.00218319 -0.00431579 -0.00200426 0.0037754 -0.00976203 -0.0172313 0.0145673
internal_weight=155.76 140.28 121.93 69.3534 52.5762 18.3503 15.4797
internal_count=649 582 505 287 218 77 67
is_linear=0
shrinkage=0.03


Tree=59
num_leaves=6
num_cat=0
split_feature=38 38 16 4 35
split_gain=4.97881 7.17533 4.30383 7.05549 3.88089
threshold=0.02017224944634961 0.01310352723478952 14.759278333042486 0.0099159976157147129 0.02641543739392305
decision_type=2 2 2 2 2
left_child=1 2 3 -1 -4
right_child=-2 -3 4 -5 -6
leaf_value=0.0039229142273098467 0.0167623296535543 -0.022281502147878152 0.023597935569866314 -0.010686242405936235 -0.0013331818608692484
leaf_weight=55.402681216597557 9.4187800437211973 14.64864933490753 9.0072875469923037 58.156406328082085 8.937505900859831
leaf_count=228 42 62 37 242 38
internal_value=-0.00213899 -0.00366818 -0.00117969 -0.00348445 0.0115402
internal_weight=155.571 146.153 131.504 113.559 17.9448
internal_count=649 607 545 470 75
is_linear=0
shrinkage=0.03


Tree=60
num_leaves=7
num_cat=0
split_feature=33 25 14 1 9 31
split_gain=6.7195 6.26268 5.98244 6.90829 4.35472 2.30906
threshold=0.93471803702109357 0.54006410256410264 -51.716821946225075 -0.017025317389763647 0.091616062367758141 1.0000000180025095e-35
decision_type=2 2 2 2 2 2
left_child=1 2 -1 -4 -2 -3
right_child=4 5 3 -5 -6 -7
leaf_value=0.027417567920104149 0.00064136424107211589 -0.0006518035555945986 -0.013909937861835626 0.00586128577230612 -0.025487343900976171 -0.024397470095682765
leaf_weight=7.7504656463861457 7.6045471280813244 8.4215240329503995 16.85261207818985 93.433649256825447 12.368950977921484 7.5638115108013144
leaf_count=34 32 35 70 386 54 32
internal_value=-0.000229062 0.00216387 0.00470239 0.00251255 -0.0157038 -0.0141852
internal_weight=153.996 134.022 118.037 110.286 19.9735 15.9853
internal_count=643 557 490 456 86 67
is_linear=0
shrinkage=0.03


Tree=61
num_leaves=7
num_cat=0
split_feature=33 25 14 14 17 8
split_gain=6.37448 5.97624 5.74246 6.52263 4.42439 3.79789
threshold=0.93471803702109357 0.54006410256410264 -51.716821946225075 19.255469479798425 -0.4343753261482774 0.04163036421259337
decision_type=2 2 2 2 2 2
left_child=1 2 -1 -4 -3 -2
right_child=5 4 3 -5 -6 -7
leaf_value=0.026882005489985754 0.00057163979965138036 0.001909820372259328 -0.0043813445418031585 0.0098872725442450474 -0.026276029864663382 -0.024063109276419782
leaf_weight=7.7082158476114264 7.0955886691808727 7.2306699752807608 56.996655598282814 53.243935868144035 8.7345313280820829 12.793881893157957
leaf_count=34 30 30 236 220 37 56
internal_value=-0.000234371 0.00209155 0.00457448 0.00242984 -0.0138842 -0.0153401
internal_weight=153.803 133.914 117.949 110.241 15.9652 19.8895
internal_count=643 557 490 456 67 86
is_linear=0
shrinkage=0.03


Tree=62
num_leaves=9
num_cat=0
split_feature=33 28 32 32 36 21 9 12
split_gain=6.05362 5.6958 7.71031 6.74221 5.30715 7.11215 4.13975 2.12063
threshold=0.93471803702109357 8.5000000000000018 0.006918852139074839 -0.0040395218175476857 0.0071938752021442577 0.011987380942294784 0.091616062367758141 61.933680675852152
decision_type=2 2 2 2 2 2 2 2
left_child=1 4 3 -3 5 -1 -2 -6
right_child=6 2 -4 -5 7 -7 -8 -9
leaf_value=-0.0091595386243591616 0.00086299090841427447 -0.013760445680979807 -0.023927747705441552 0.01120004458611624 0.026771768796890933 0.010771768239864445 -0.024610849191418444 0.0056934355393135697
leaf_weight=26.968162059783936 7.5863823145628002 13.796822398900984 12.966377213597296 22.993085086345673 12.062713965773584 33.71927484869957 12.220401495695112 11.329122319817541
leaf_count=111 32 57 54 95 53 140 54 47
internal_value=-0.000227866 0.00203362 -0.0057106 0.00122589 0.00681694 0.0016658 -0.0149817 0.0184064
internal_weight=153.642 133.836 49.7563 36.7899 84.0793 60.6874 19.8068 23.3918
internal_count=643 557 206 152 351 251 86 100
is_linear=0
shrinkage=0.03


Tree=63
num_leaves=7
num_cat=0
split_feature=33 34 32 32 9 9
split_gain=5.75137 5.72334 5.97139 12.8075 3.97826 2.37752
threshold=0.93471803702109357 0.041111979262753902 -0.004852932734554726 0.0067848157181791277 0.091616062367758141 -0.0013429094629675831
decision_type=2 2 2 2 2 2
left_child=1 2 5 -4 -2 -1
right_child=4 -3 3 -5 -6 -7
leaf_value=0.0013696951998936472 0.00084240563881083556 -0.019348367280278882 0.016041348390312005 -0.0058901026083226105 -0.024125723623858994 -0.014265830071296396
leaf_weight=12.795861825346948 7.5874692350626018 8.294433265924452 58.823773980140686 36.912779986858368 12.133684873580931 16.866950377821922
leaf_count=53 32 35 245 154 54 70
internal_value=-0.000221865 0.00197819 0.00378815 0.00748436 -0.0146359 -0.0073868
internal_weight=153.415 133.694 125.399 95.7366 19.7212 29.6628
internal_count=643 557 522 399 86 123
is_linear=0
shrinkage=0.03


Tree=64
num_leaves=8
num_cat=0
split_feature=33 25 24 38 17 15 17
split_gain=5.45159 5.65279 5.69232 5.85225 4.21539 3.49238 3.25518
threshold=0.93471803702109357 0.54006410256410264 -0.3210916442048517 0.0071439465349373158 -0.4343753261482774 36.056483535456437 3.5003746683014865
decision_type=2 2 2 2 2 2 2
left_child=1 2 3 -1 -3 -2 -4
right_child=5 4 6 -5 -6 -7 -8
leaf_value=-0.023296160545156531 0.00084878030365415406 0.0017425271574279422 0.013822862376695708 0.0015891528985851079 -0.025775932757233753 -0.022768684229111706 -0.00088883379194247601
leaf_weight=8.2531487345695478 7.0517959445714977 7.2203206270933142 49.626734033226967 44.278216972947121 8.693973630666731 12.582884371280668 15.519075274467466
leaf_count=34 30 30 206 184 37 56 66
internal_value=-0.000233136 0.00190396 0.00432615 -0.0027565 -0.0136528 -0.0142988 0.0101728
internal_weight=153.226 133.591 117.677 52.5314 15.9143 19.6347 65.1458
internal_count=643 557 490 218 67 86 272
is_linear=0
shrinkage=0.03


Tree=65
num_leaves=9
num_cat=0
split_feature=34 40 23 23 10 16 34 15
split_gain=5.79501 3.93963 3.8414 5.36291 4.13023 5.37263 5.14253 4.02946
threshold=0.034090042733269994 0.0061950242472271775 0.86960702034674331 0.84752640812865632 0.015648806055768353 10.02195699860267 -0.006068572271641314 -15.199120301462964
decision_type=2 2 2 2 2 2 2 2
left_child=2 -2 3 7 6 -6 -4 -1
right_child=1 -3 4 -5 5 -7 -8 -9
leaf_value=0.016030378848618531 0 -0.025830771566385025 -0.000268355922067668 -0.027514332607716713 -0.01368798893359807 0.0058204269392813403 0.017384538775361145 -0.0078533621846869888
leaf_weight=6.9893568009138134 7.645088359713557 11.682976722717283 25.373758569359779 7.240849405527114 20.540455743670464 26.204825356602669 28.867083430290222 19.390652269124985
leaf_count=31 32 50 107 30 86 110 119 80
internal_value=-0.00162471 -0.0161807 0.000561854 -0.00780839 0.00359169 -0.00265399 0.00914396 -0.000313099
internal_weight=153.935 19.3281 134.607 33.6209 100.986 46.7453 54.2408 26.38
internal_count=645 82 563 141 422 196 226 111
is_linear=0
shrinkage=0.03


Tree=66
num_leaves=7
num_cat=0
split_feature=23 23 26 19 7 4
split_gain=3.90975 3.59834 5.85066 4.99614 4.7856 4.68389
threshold=1.4346416408109135 1.0881948312412495 0.51534606952709061 0.10787393451685402 -0.017053486561914692 -0.020070625082541479
decision_type=2 2 2 2 2 2
left_child=1 4 3 -3 -1 -6
right_child=-2 2 -4 -5 5 -7
leaf_value=0.015787877373223725 0.017419903963088314 -0.023795027970395888 0.010772057590363465 0.00035147721011810179 -0.017743176159946084 0.00021497005429584509
leaf_weight=12.991615518927572 6.9951849877834311 21.193576842546467 7.0587486475706092 9.6717680096626264 13.189181789755819 82.717956468462944
leaf_count=54 30 89 30 41 55 346
internal_value=-0.00159237 -0.0028209 -0.0105252 -0.0162113 0 -0.00241343
internal_weight=153.818 146.823 37.9241 30.8653 108.899 95.9071
internal_count=645 615 160 130 455 401
is_linear=0
shrinkage=0.03


Tree=67
num_leaves=9
num_cat=0
split_feature=34 40 23 23 9 34 14 38
split_gain=5.43833 3.79427 3.6766 5.13276 4.44129 5.52601 4.63848 3.12738
threshold=0.034090042733269994 0.0061950242472271775 0.86960702034674331 0.84752640812865632 0.087237574092707881 0.006807726870105558 31.428606966557258 0.0096535613471881911
decision_type=2 2 2 2 2 2 2 2
left_child=2 -2 3 7 6 -6 -4 -1
right_child=1 -3 4 -5 5 -7 -8 -9
leaf_value=-0.010658402976284165 0 -0.025175341349504009 0.0019044401898790624 -0.026884452166988381 0.0068758736503017823 -0.020439617619175437 0.018086365369782097 0.0085580426944156743
leaf_weight=12.688895151019098 7.636952921748164 11.615310296416281 56.650120511651039 7.2387124001979819 10.338727310299875 11.802348688244818 22.082350105047226 13.673146605491636
leaf_count=52 32 50 237 30 43 51 91 59
internal_value=-0.00153295 -0.015664 0.000580155 -0.00760676 0.00354788 -0.00755042 0.00696446 -0.000261924
internal_weight=153.727 19.2523 134.474 33.6008 100.874 22.1411 78.7325 26.362
internal_count=645 82 563 141 422 94 328 111
is_linear=0
shrinkage=0.03


Tree=68
num_leaves=9
num_cat=0
split_feature=34 40 23 23 10 35 10 38
split_gain=5.16436 3.63507 3.49753 4.89707 3.88024 5.5396 4.66952 2.96725
threshold=0.034090042733269994 0.0061950242472271775 0.86960702034674331 0.84752640812865632 0.015648806055768353 0.025234962739058123 0.032541709152395078 0.0096535613471881911
decision_type=2 2 2 2 2 2 2 2
left_child=2 -2 3 7 5 -4 -6 -1
right_child=1 -3 4 -5 6 -7 -8 -9
leaf_value=-0.010376182538814943 0 -0.024635766711096303 0.00081256169122869608 -0.026264985108177506 -0.010226944163435649 0.02068848316643334 0.0081951402269468919 0.0083431712249494947
leaf_weight=12.697265312075617 7.636952921748164 11.558289006352423 34.3218684643507 7.2343872785568228 28.212557941675186 19.843672066926956 18.428280666470528 13.656295046210287
leaf_count=52 32 50 144 30 118 82 78 59
internal_value=-0.00150208 -0.0152933 0.000553082 -0.00743003 0.0034517 0.00883863 -0.00260212 -0.000242592
internal_weight=153.59 19.1952 134.394 33.5879 100.806 54.1655 46.6408 26.3536
internal_count=645 82 563 141 422 226 196 111
is_linear=0
shrinkage=0.03


Tree=69
num_leaves=9
num_cat=0
split_feature=34 37 14 14 10 36 11 37
split_gain=4.90835 3.44707 3.40915 8.33619 9.96573 4.66121 3.28292 2.5355
threshold=0.034090042733269994 0.01260626754095562 -16.891743389241125 22.416842962146806 0.013401614598141489 0.0066665461986932864 -0.02354219574896171 -0.0011125485203877792
decision_type=2 2 2 2 2 2 2 2
left_child=2 -2 6 5 -5 -4 -1 -8
right_child=1 -3 3 4 -6 -7 7 -9
leaf_value=0.02093102371050707 4.4164451726203602e-05 -0.023609655085468979 -0.02155823076506249 0.023481152669172535 -0.0022069986772956713 -0.00053281077608774907 0.0095134547685534754 -0.01078452515595958
leaf_weight=10.936730474233629 7.1157977283000973 12.020828649401663 21.043212711811066 16.312129214406013 48.621637359261513 18.891171589493752 11.028999865055086 7.4991957247257224
leaf_count=49 30 52 87 68 204 78 46 31
internal_value=-0.00146635 -0.0149326 0.000532898 -0.00191483 0.00453087 -0.0124695 0.00928925 0.000316954
internal_weight=153.47 19.1366 134.333 104.868 64.9338 39.9344 29.4649 18.5282
internal_count=645 82 563 437 272 165 126 77
is_linear=0
shrinkage=0.03


Tree=70
num_leaves=9
num_cat=0
split_feature=25 35 35 17 32 33 34 24
split_gain=4.97178 7.02149 8.73608 6.8481 7.59682 4.16216 3.86452 1.81361
threshold=0.54006410256410264 0.013860247276322292 -0.037362869202858744 4.0564531381614843 -0.0064745879236045014 0.34395767195767196 -0.014742843947533111 -0.046536796536796529
decision_type=2 2 2 2 2 2 2 2
left_child=1 2 5 4 -3 -1 -4 -2
right_child=7 3 6 -5 -6 -7 -8 -9
leaf_value=-0.0060449171113439665 -0.00049995124419896237 -0.0077161118909186525 -0.027989066786800267 -0.013311708136927594 0.016268718738214637 0.01725346100226742 -0.0057742665162467711 -0.021579905891362487
leaf_weight=9.4728936553001422 7.6548035740852383 12.802129194140432 12.059520006179808 9.5340394377708417 54.782661303877831 14.068989887833593 21.600634455680847 9.9245628565549833
leaf_count=41 32 53 50 40 231 61 90 42
internal_value=0 0.00201093 -0.00569062 0.00791251 0.0114187 0.00755203 -0.0152773 -0.0141556
internal_weight=151.9 134.321 57.202 77.1188 67.5848 23.5419 33.6602 17.5794
internal_count=640 566 242 324 284 102 140 74
is_linear=0
shrinkage=0.03


Tree=71
num_leaves=10
num_cat=0
split_feature=1 32 35 25 1 36 36 9 17
split_gain=4.93455 6.96494 5.99337 6.54377 4.27208 3.69131 3.31594 4.42645 2.65986
threshold=0.011320911403377877 -0.012094526478088117 0.013356826289609993 0.54952380952380964 -0.0096310419457899515 0.0078081928658509442 0.0049590385185866283 0.091616062367758141 2.1113558082073811
decision_type=2 2 2 2 2 2 2 2 2
left_child=1 -1 4 -4 -3 6 7 -2 -8
right_child=5 2 3 -5 -6 -7 8 -9 -10
leaf_value=-0.01659702883451351 0.011770835142155277 0.010764865529447831 0.016795814683400391 -0.010506164012411088 -0.0094837544159055084 0.0060438703945472671 -0.03187587915902737 -0.016994830662171775 -0.0078084110277115574
leaf_weight=11.169195607304571 8.7669565230607969 11.943464696407316 47.877781540155411 7.2739053815603247 25.258370399475098 10.716303586959837 8.1440818756818789 6.6330717056989661 14.007236301898955
leaf_count=47 37 50 200 30 106 47 34 30 59
internal_value=0 0.00363261 0.0065381 0.0126909 -0.00238285 -0.00778768 -0.0122202 -0.000286294 -0.019185
internal_weight=151.79 103.523 92.3535 55.1517 37.2018 48.2676 37.5513 15.4 22.1513
internal_count=640 433 386 230 156 207 160 67 93
is_linear=0
shrinkage=0.03


Tree=72
num_leaves=12
num_cat=0
split_feature=1 35 6 36 19 25 2 19 36 15 4
split_gain=4.67741 5.28354 5.52903 3.52895 4.51925 3.35377 3.24848 3.12843 2.92667 2.08485 1.58608
threshold=0.011320911403377877 0.03718367911340726 -0.0042458862888396067 0.0078081928658509442 0.071647469325572991 0.12981481481481486 -0.0035056767209506452 0.12546151854342183 0.0048146880519967508 10.870099520839931 0.021141393596712636
decision_type=2 2 2 2 2 2 2 2 2 2 2
left_child=1 5 9 4 -2 6 -1 -7 -6 -3 -4
right_child=3 2 10 -5 8 7 -8 -9 -10 -11 -12
leaf_value=0.015207883900452501 0.0014170063256415742 -0.010538987368056604 0.031553847261111302 0.0058925753409841738 -0.0021209020708029993 -0.011252404325391959 -0.0046220202752077421 0.0069249688485413735 -0.026073387300782878 0.0083244013248736266 0.009660463198327255
leaf_weight=14.527666434645655 12.819997385144232 7.9048669934272793 9.1137221902608889 10.713106021285055 8.611542761325838 31.896258786320686 10.611093550920485 8.787875756621359 16.044622898101807 9.2017437964677793 11.404696792364119
leaf_count=60 54 33 38 47 38 133 45 38 68 38 48
internal_value=0 0.00351254 0.0122154 -0.00761273 -0.0119563 -0.00145447 0.00656117 -0.00683412 -0.0190571 0 0.0219898
internal_weight=151.637 103.448 37.625 48.1893 37.4762 65.8229 25.1388 40.6841 24.6562 17.1066 20.5184
internal_count=640 433 157 207 160 276 105 171 106 71 86
is_linear=0
shrinkage=0.03


Tree=73
num_leaves=8
num_cat=0
split_feature=33 25 35 35 32 0 38
split_gain=4.5159 5.6017 6.54632 7.33281 5.82605 3.03025 2.58238
threshold=0.93930183291885438 0.54006410256410264 0.013356826289609993 -0.037362869202858744 -0.0096302038263294514 1.0000000180025095e-35 0.0085555614453583662
decision_type=2 2 2 2 2 2 2
left_child=1 2 3 -1 -4 -3 -2
right_child=6 5 4 -5 -6 -7 -8
leaf_value=0.0086748503898176465 0 0 -0.010834912859446526 -0.013723151761633684 0.013955176728781486 -0.023991067400326731 -0.02203281270594384
leaf_weight=21.549672424793243 9.6768355220556277 8.83769239485264 7.7292345017194739 26.976115763187408 58.407506465911865 8.2585905790328962 10.054645627737044
leaf_count=94 43 37 32 111 244 35 44
internal_value=0 0.0020029 0.0045364 -0.00352995 0.0106049 -0.012899 -0.012741
internal_weight=151.49 131.759 114.663 48.5258 66.1367 17.0963 19.7315
internal_count=640 553 481 205 276 72 87
is_linear=0
shrinkage=0.03


Tree=74
num_leaves=8
num_cat=0
split_feature=33 25 35 35 17 31 38
split_gain=4.29476 5.32337 6.1643 6.93703 5.69286 2.89928 2.46638
threshold=0.93930183291885438 0.54006410256410264 0.013356826289609993 -0.037362869202858744 3.9881161229302049 1.0000000180025095e-35 0.0085555614453583662
decision_type=2 2 2 2 2 2 2
left_child=1 2 3 -1 -4 -3 -2
right_child=6 5 4 -5 -6 -7 -8
leaf_value=0.0084428269736661222 0 0 0.013526087425454039 -0.013342786919171467 -0.01144150306096847 -0.023483886184701177 -0.021582446920872189
leaf_weight=21.532858893275261 9.6768355220556277 8.83769239485264 58.772687911987305 26.96987883746624 7.2962224036455146 8.2275080382823926 9.9991045594215375
leaf_count=94 43 37 246 111 30 35 44
internal_value=0 0.00192618 0.004399 -0.00342269 0.0102933 -0.0126088 -0.0124679
internal_weight=151.313 131.637 114.572 48.5027 66.0689 17.0652 19.6759
internal_count=640 553 481 205 276 72 87
is_linear=0
shrinkage=0.03


Tree=75
num_leaves=12
num_cat=0
split_feature=0 1 0 6 26 10 21 0 15 17 3
split_gain=4.56182 7.30128 5.54842 5.8291 3.55489 3.51747 3.38982 3.0316 5.54619 3.01777 1.23625
threshold=-0.0055274667228540899 -0.016877129175387025 0.0051755009644935965 0.014766224503716606 0.28408057179987006 0.00095167830041997814 0.015415365062294373 0.0029369205059867069 38.26942124954941 1.3780891761285654 0.0084904926383820873
decision_type=2 2 2 2 2 2 2 2 2 2 2
left_child=1 5 7 9 -5 -1 10 8 -2 -4 -3
right_child=2 6 3 4 -6 -7 -8 -9 -10 -11 -12
leaf_value=0.005253758820572477 0.0020553271902011296 0.03114431127660509 0.0017617347196639962 -0.016744029900098677 0.0046503677007627784 -0.019320811144066793 0.0021736241601445715 -0.023666672051865081 -0.020206434423219562 0.021083674181107816 0.0087766757246078731
leaf_weight=7.9624458700418499 27.358831182122231 10.426156014204031 17.480932131409649 13.351980790495874 10.028263688087462 8.2663625031709653 12.492325752973555 10.350306212902067 12.853349491953848 14.094524979591368 8.1433401107788068
leaf_count=33 115 43 73 59 43 35 53 44 54 60 34
internal_value=0.00030339 0.007943 -0.00306505 0.00329263 -0.00733319 -0.0071872 0.0162583 -0.0101228 -0.00532527 0.0115755 0.0238717
internal_weight=152.809 47.2906 105.518 54.9557 23.3802 16.2288 31.0618 50.5625 40.2122 31.5755 18.5695
internal_count=646 198 448 235 102 68 130 213 169 133 77
is_linear=0
shrinkage=0.03


Tree=76
num_leaves=12
num_cat=0
split_feature=28 36 36 1 7 19 22 28 1 36 10
split_gain=4.4434 12.2793 7.25019 6.91132 6.52926 5.32172 5.20243 4.67496 4.38962 4.31393 3.57421
threshold=8.5000000000000018 0.005675065902724148 0.0071938752021442577 -0.008749893533232465 0.024990853338733486 0.070431686788449382 -0.020341149427263502 10.500000000000002 0.0056939560180052648 0.0043465456861880207 0.025018210049380877
decision_type=2 2 2 2 2 2 2 2 2 2 2
left_child=2 7 5 -3 10 8 -7 9 -1 -2 -4
right_child=1 3 4 -5 -6 6 -8 -9 -10 -11 -12
leaf_value=-0.00045785093488546867 -0.01650208079975693 0 0.033476116213593206 -0.028849869050430972 -0.0056821013928212358 -0.01479288949491399 0.0030129615965300174 0.023003220013704122 0.02746162319208054 0.012194339646899121 0.0037836978504809621
leaf_weight=8.6909444183111209 7.2175057679414767 12.218038320541384 13.118312492966657 18.916997790336609 6.8300251662731162 25.938973441720009 27.873799994587898 9.8490567803382856 7.3853216618299475 7.4275829493999481 7.176716521382331
leaf_count=37 30 51 57 80 30 109 118 42 31 31 30
internal_value=0.000302143 -0.00622043 0.00424387 -0.0183763 0.0168464 -0.000771303 -0.00552364 0.0088858 0.0131577 -0.00133042 0.0249304
internal_weight=152.643 55.6292 97.0141 31.135 27.1251 69.889 53.8128 24.4941 16.0763 14.6451 20.295
internal_count=646 234 412 131 117 295 227 103 68 61 87
is_linear=0
shrinkage=0.03


Tree=77
num_leaves=10
num_cat=0
split_feature=17 17 0 1 21 36 6 24 23
split_gain=4.34947 5.10483 5.74547 7.94486 3.76483 3.65786 3.65523 2.17703 1.96739
threshold=3.5622771322209688 1.5808864376992455 -0.0055274667228540899 -0.016877129175387025 0.019541730892534886 0.0071176564050825014 0.014766224503716606 0.49803149606299218 0.9989077801113152
decision_type=2 2 2 2 2 2 2 2 2
left_child=1 2 3 -1 7 -4 8 -2 -3
right_child=4 6 5 -5 -6 -7 -8 -9 -10
leaf_value=-0.0078399195004702545 -0.028899668022690325 0.032292756044208275 -0.011006186662960682 0.017221041006472485 0.0026069914932792242 0.0040813769508313731 0 -0.0033625715780391131 0.0058495096739918095
leaf_weight=15.954978629946707 7.7785185426473635 7.8456806242465991 41.984749689698219 27.813734158873558 9.6451798975467664 18.5000289529562 8.4237597584724409 7.3795496076345444 7.0739337801933289
leaf_count=67 33 34 176 116 43 78 37 32 30
internal_value=0.000306892 0.00267106 -0.00012026 0.00781446 -0.0105874 -0.00616848 0.0147549 -0.0191825 0.0228151
internal_weight=152.4 127.597 104.253 43.7687 24.8032 60.4848 23.3434 15.1581 14.9196
internal_count=646 538 437 183 108 254 101 65 64
is_linear=0
shrinkage=0.03


Tree=78
num_leaves=10
num_cat=0
split_feature=34 23 0 1 0 19 0 21 20
split_gain=4.43336 6.34506 4.94582 5.54262 5.33485 4.95289 4.48121 3.1801 2.18085
threshold=0.036588002039365637 0.94512322099608326 -0.0055274667228540899 -0.012458413826426871 0.0051755009644935965 0.071647469325572991 0.0029369205059867069 0.015415365062294373 0.021199607625294176
decision_type=2 2 2 2 2 2 2 2 2
left_child=2 -2 3 8 6 -6 -4 -5 -1
right_child=1 -3 4 7 5 -7 -8 -9 -10
leaf_value=-0.0088269254795593846 0.002867199956078446 -0.029493277330915429 -0.0028787159814692366 0.02993561978642649 0.01811206196753919 -0.0011082325745976947 -0.025550783799313324 0.0040805706188261652 0.0094213850606330255
leaf_weight=11.332997694611551 9.428705036640169 8.224387660622595 34.028780430555344 12.115310728549959 15.41731311380863 34.534182474017143 9.3719315081834775 9.3547551929950696 8.4196386039257032
leaf_count=47 40 36 143 51 65 149 40 40 35
internal_value=0.000300055 -0.0129131 0.00230686 0.0107435 -0.0014085 0.00500419 -0.0090148 0.0206171 -0.000207881
internal_weight=152.228 17.6531 134.575 41.2227 93.3522 49.9515 43.4007 21.4701 19.7526
internal_count=646 76 570 173 397 214 183 91 82
is_linear=0
shrinkage=0.03


Tree=79
num_leaves=9
num_cat=0
split_feature=34 6 32 3 32 16 35 6
split_gain=4.21982 4.0462 5.95872 4.57404 4.26126 3.41831 1.37595 1.04996
threshold=0.036588002039365637 0.014091729871787055 -0.0040395218175476857 0.043438286061236904 0.006918852139074839 -14.063774676660666 0.01090554361288776 1.0000000180025095e-35
decision_type=2 2 2 2 2 2 2 2
left_child=1 2 5 6 -4 -1 -3 -2
right_child=7 3 4 -5 -6 -7 -8 -9
leaf_value=0.010575436714425413 -0.0031605403833450028 -0.0022777917013302785 0.014593102767246048 0.0066709109127114814 -0.00037693518699981977 -0.0098528097437728408 -0.022879214432692769 -0.02030960215189067
leaf_weight=7.4160422086715689 10.028563767671587 6.7945908755064073 49.822293385863304 10.149102330207823 22.551417097449303 27.478408977389336 10.262959629297255 7.5681505501270285
leaf_count=31 43 30 210 44 95 115 45 33
internal_value=0.000287086 0.00224638 0.00495229 -0.00751724 0.0098421 -0.00476674 -0.0165603 -0.0126216
internal_weight=152.072 134.475 107.268 27.2067 72.3737 34.8945 17.0576 17.5967
internal_count=646 570 451 119 305 146 75 76
is_linear=0
shrinkage=0.03


Tree=80
num_leaves=6
num_cat=0
split_feature=21 17 13 24 21
split_gain=4.56668 5.04899 4.54027 5.37523 0.0331848
threshold=0.0096355173589824008 -5.1499272948970036 -6.1558030302487827 0.64573562979871346 0.01437946117759363
decision_type=2 2 2 2 2
left_child=-1 4 -3 -4 -2
right_child=1 2 3 -5 -6
leaf_value=-0.018109927036160548 -0.004880954143959307 0.019546599520316382 -0.001050808699210321 0.015488017031628101 -0.017078986003087219
leaf_weight=8.7826652228832227 7.1413795202970487 13.453233852982519 93.114401936531067 19.446395859122276 7.4327876418828964
leaf_count=36 30 57 396 83 31
internal_value=0.000583196 0.00209381 0.00417355 0.00189607 -0.0133172
internal_weight=149.371 140.588 126.014 112.561 14.5742
internal_count=633 597 536 479 61
is_linear=0
shrinkage=0.03


Tree=81
num_leaves=10
num_cat=0
split_feature=36 35 34 28 19 35 32 28 7
split_gain=4.68471 5.28528 6.34815 4.90177 5.5406 4.31198 3.84562 3.48358 2.32114
threshold=0.0081961827265376753 0.02006690780908749 0.031267337655970569 2.5000000000000004 0.058999528328766683 0.050649412185654448 0.0024479148719296355 4.5000000000000009 0.0080842226519103541
decision_type=2 2 2 2 2 2 2 2 2
left_child=1 3 7 6 -5 -4 -1 -3 -2
right_child=8 2 5 4 -6 -7 -8 -9 -10
leaf_value=0.017782325200658977 0.024467486638274982 -0.0036482596475415391 0.0018602603602074226 0.0067174414681865106 -0.01941847531216289 -0.027125819324138663 -0.0085152862753963172 0.011627821800220092 0.0011671205192200075
leaf_weight=8.0016404092311841 8.1906657814979571 15.425177603960035 7.2002051621675474 7.267432525753974 31.411148011684418 7.0071209967136383 7.462056651711463 48.47692908346653 8.8687958121299726
leaf_count=33 36 64 30 30 133 31 31 206 39
internal_value=0.000554617 -0.00132665 0.00350963 -0.00844746 -0.0140501 -0.0130935 0.00471151 0.00771394 0.0145348
internal_weight=149.311 132.252 78.1094 54.1423 38.6786 14.2073 15.4637 63.9021 17.0595
internal_count=633 558 331 227 163 61 64 270 75
is_linear=0
shrinkage=0.03


Tree=82
num_leaves=8
num_cat=0
split_feature=36 38 38 5 32 26 3
split_gain=4.48279 8.09425 6.00509 5.84275 4.74508 4.44099 1.77307
threshold=0.0081961827265376753 0.012820529613245608 0.0098068833445769683 -0.024353078646269285 -0.00554618941066115 0.32510162601626019 0.015600240828053004
decision_type=2 2 2 2 2 2 2
left_child=1 2 5 -3 -4 -1 -2
right_child=6 3 4 -5 -6 -7 -8
leaf_value=-0.0093535415916867291 0.022043163447582795 0 -0.0050782972364972825 -0.03105963533501923 0.017214925846421973 0.0049758498443096188 0.00089937933493239688
leaf_weight=42.051751643419266 9.2004159092903155 9.2628430128097552 9.6198493689298612 10.840402767062185 28.584006607532501 31.745223581790924 7.8135323077440253
leaf_count=176 40 39 40 47 122 134 35
internal_value=0.000543519 -0.00129439 0.00182774 -0.0179588 0.0112549 -0.00302293 0.0142379
internal_weight=149.118 132.104 112.001 20.1032 38.2039 73.797 17.0139
internal_count=633 558 472 86 162 310 75
is_linear=0
shrinkage=0.03


Tree=83
num_leaves=8
num_cat=0
split_feature=25 23 23 2 24 24 4
split_gain=6.90294 3.99153 4.93699 6.26978 3.22786 2.9527 0.897886
threshold=0.048486629444607708 1.3847704486646115 1.0476857669983934 -0.021600221260512417 -0.70919661733615214 -0.056636460554370993 0.036706501601849302
decision_type=2 2 2 2 2 2 2
left_child=4 2 3 -2 -1 -4 -6
right_child=1 -3 5 -5 6 -7 -8
leaf_value=-0.00078275150477463955 -0.021670574380765983 0.016484042539609049 -0.0023743027349672902 0.0033603346545730698 0.026371159249409762 -0.020565407694347025 0.0062358507419022881
leaf_weight=7.1311825364828136 8.2320721596479398 7.1910464316606513 17.501066878437996 72.37090764939785 10.846638947725298 18.721308082342148 6.9522090107202521
leaf_count=30 34 31 74 307 46 81 30
internal_value=0.000527977 -0.0023232 -0.00386506 0.000159513 0.0143876 -0.0127528 0.0206883
internal_weight=148.946 124.016 116.825 80.603 24.93 36.2224 17.7988
internal_count=633 527 496 341 106 155 76
is_linear=0
shrinkage=0.03


Tree=84
num_leaves=6
num_cat=0
split_feature=21 34 38 5 38
split_gain=4.28585 5.29457 8.21146 7.88222 3.57801
threshold=0.0096355173589824008 -0.038813417749923244 0.012820529613245608 -0.031124291403691325 0.0098068833445769683
decision_type=2 2 2 2 2
left_child=-1 -2 4 -4 -3
right_child=1 2 3 -5 -6
leaf_value=-0.017612462222182067 0.019037644064164319 -0.00045649895560617671 0.0023095319706592319 -0.032188721131445309 0.010666233044464046
leaf_weight=8.7602764815092069 12.690051808953283 70.098191022872925 9.3495124876499194 10.711512684822081 37.188207671046257
leaf_count=36 57 295 40 47 158
internal_value=0.000512418 0.00198389 0 -0.016679 0.00338631
internal_weight=148.798 140.037 127.347 20.061 107.286
internal_count=633 597 540 87 453
is_linear=0
shrinkage=0.03


Tree=85
num_leaves=11
num_cat=0
split_feature=37 14 21 15 19 21 32 4 6 22
split_gain=5.39182 7.62515 4.12983 4.09011 4.54512 4.05929 3.96172 5.69124 3.51577 1.15083
threshold=0.042089253762411467 22.416842962146806 0.010778208573470636 -6.4809002381812144 0.066930851917291576 0.01633629249909142 0.0056499704200595477 0.032573934704261183 -0.0041045305888872804 0.029221827069200516
decision_type=2 2 2 2 2 2 2 2 2 2
left_child=1 3 -3 8 -5 6 7 -2 -1 -4
right_child=5 2 9 4 -6 -7 -8 -9 -10 -11
leaf_value=-0.0049286256254556767 0.023799975896848583 0 0.027906174968503113 -0.025412038911965751 -0.00016551418703452132 -0.019190799583204049 -0.014134589505154678 -0.0055933477381997993 0.013727913066801562 0.010801838517104192
leaf_weight=11.893932089209555 8.684899449348455 11.605450779199598 15.953276991844179 7.4708022177219418 23.882962018251419 12.405944839119909 9.2050040662288648 10.680259197950361 21.781538709998131 14.326236277818678
leaf_count=50 36 49 68 32 99 54 40 46 95 61
internal_value=0.00267241 0.00626211 0.0159279 -2.9293e-05 -0.00779391 -0.00620029 0 0.00788083 0.0068112 0.0214489
internal_weight=147.89 106.914 41.885 65.0292 31.3538 40.9761 28.5702 19.3652 33.6755 30.2795
internal_count=630 454 178 276 131 176 122 82 145 129
is_linear=0
shrinkage=0.03


Tree=86
num_leaves=8
num_cat=0
split_feature=38 38 37 2 38 38 9
split_gain=5.57126 5.60737 4.01447 5.97081 6.87872 4.65773 7.15072
threshold=0.013986141620183376 0.02017224944634961 0.03859316734026131 -0.0081328273943909717 0.0079015966069225802 0.0069881792206707401 0.030638970151348734
decision_type=2 2 2 2 2 2 2
left_child=2 -2 5 -4 -5 -1 -7
right_child=1 -3 3 4 -6 6 -8
leaf_value=-0.0063928797200347477 -0.025774278434115887 0.0049753781853443492 0.018940837452393916 0.0079374700506461872 -0.017511301716477478 0.0038633216330832558 0.023611287012731637
leaf_weight=13.358242273330687 9.6424594819545764 7.6048728972673407 7.2373088449239722 13.180356860160826 22.587644845247269 47.899054780602455 26.190852850675583
leaf_count=56 43 35 30 56 97 201 112
internal_value=0.00259064 -0.0123284 0.00483271 -0.00233541 -0.00781265 0.00849895 0.0114785
internal_weight=147.701 17.2473 130.453 43.0053 35.768 87.4481 74.0899
internal_count=630 78 552 183 153 369 313
is_linear=0
shrinkage=0.03


Tree=87
num_leaves=7
num_cat=0
split_feature=38 38 32 33 14 24
split_gain=5.29601 5.38014 5.21203 3.78615 3.36681 2.59404
threshold=0.013986141620183376 0.02017224944634961 0.012457850033893438 0.92599156118143477 22.416842962146806 0.63610089332632691
decision_type=2 2 2 2 2 2
left_child=2 -2 3 4 -1 -5
right_child=1 -3 -4 5 -6 -7
leaf_value=0.0033279486342151217 -0.02528117462213517 0.0048616667167244981 -0.011315776545477323 -0.014144692163748852 0.014947705246792778 0.0062679224273177415
leaf_weight=51.716655850410461 9.57564325630665 7.5961760580539694 13.713087081909178 10.178402319550516 47.134416669607162 7.5799962133169165
leaf_count=217 43 35 58 46 198 33
internal_value=0.00252318 -0.0120485 0.00470966 0.00687972 0.0092038 -0.00492009
internal_weight=147.494 17.1718 130.323 116.609 98.8511 17.7584
internal_count=630 78 552 494 415 79
is_linear=0
shrinkage=0.03


Tree=88
num_leaves=7
num_cat=0
split_feature=38 0 38 21 34 34
split_gain=5.02353 5.6462 5.16322 4.24244 4.90863 4.72709
threshold=0.013986141620183376 0.020301621397454509 0.02017224944634961 0.013144836698819242 0.003318200687245421 0.026408176255276809
decision_type=2 2 2 2 2 2
left_child=1 3 -2 4 -1 -5
right_child=2 -3 -4 5 -6 -7
leaf_value=-0.0082205653131749087 -0.024801031876488539 -0.015279150427415705 0.0047505152185961129 0.01685917215904785 0.0076744395734174341 -0.0050568297620483911
leaf_weight=26.579791665077209 9.5079442262649554 9.5160633474588376 7.5876198410987845 43.179851174354553 42.096784681081772 8.8309974968433362
leaf_count=111 43 41 35 183 180 37
internal_value=0.00244196 0.00457208 -0.0117757 0.00648315 0.00125184 0.0128108
internal_weight=147.299 130.203 17.0956 120.687 68.6766 52.0108
internal_count=630 552 78 511 291 220
is_linear=0
shrinkage=0.03


Tree=89
num_leaves=7
num_cat=0
split_feature=35 9 15 17 19 23
split_gain=4.01239 3.5831 4.20169 6.46477 3.55732 2.62612
threshold=-0.060174093379146025 0.13569202143902762 10.016992861230568 1.7273064669378402 0.071647469325572991 0.98199367328899478
decision_type=2 2 2 2 2 2
left_child=5 2 3 -2 -4 -1
right_child=1 -3 4 -5 -6 -7
leaf_value=-0.021519451690908468 -0.0087340966478816635 -0.011964733415398075 0.021431642603122171 0.011908135165807889 0.0055323926951660754 0.00029781612499312746
leaf_weight=7.6883390098810178 33.03153994679451 9.0165983289480192 18.241935208439827 20.269852444529533 51.454887539148331 7.4306904673576355
leaf_count=34 139 39 78 88 219 33
internal_value=0.0023555 0.00415599 0.00563028 -0.000466108 0.0103847 -0.0111384
internal_weight=147.134 132.015 122.998 53.3014 69.6968 15.119
internal_count=630 563 524 227 297 67
is_linear=0
shrinkage=0.03


Tree=90
num_leaves=10
num_cat=0
split_feature=25 9 34 38 38 38 13 3 35
split_gain=8.76011 7.3133 4.90312 5.41766 4.71442 3.09098 2.07234 1.83111 1.08519
threshold=0.25472370766488417 -0.043685935690642212 0.0012352704006407535 0.011992373048071174 0.010792519896351226 0.0086344932421276912 5.2278801796888006 -0.0018742203510647701 0.0042388400440169791
decision_type=2 2 2 2 2 2 2 2 2
left_child=2 -2 5 4 -4 -1 7 -3 -7
right_child=1 6 3 -5 -6 8 -8 -9 -10
leaf_value=0 0.013293115936813959 -0.0057371780459186499 -0.0013180828109861091 -0.019691516866077459 0.022342618612197628 0.0092498039034554329 -0.00013278799535805218 -0.020826834466165896 0.028638578046303653
leaf_weight=12.522400900721548 8.1974286139011365 15.758848145604128 34.916024640202522 9.582481309771536 7.3168987035751334 11.908267810940744 10.247094556689261 31.676859781146053 8.3264117389917356
leaf_count=52 36 67 149 41 32 54 44 136 36
internal_value=-0.00196806 -0.0100816 0.00426583 -0.00127419 0.00326692 0.0130297 -0.0139889 -0.0165522 0.0197611
internal_weight=150.453 65.8802 84.5725 51.8154 42.2329 32.7571 57.6828 47.4357 20.2347
internal_count=647 283 364 222 181 142 247 203 90
is_linear=0
shrinkage=0.03


Tree=91
num_leaves=7
num_cat=0
split_feature=36 17 17 35 22 28
split_gain=5.68513 6.49767 7.83794 3.30711 2.96459 2.39197
threshold=0.0090119377851323717 3.5003746683014865 1.5808864376992455 0.060909086543367914 -0.10935640590961242 6.5000000000000009
decision_type=2 2 2 2 2 2
left_child=1 2 3 -1 -4 -3
right_child=-2 5 4 -5 -6 -7
leaf_value=-0.0020236134147730545 0.016257247490785453 -0.0073246819750037353 0 -0.018246614345533867 0.023544302150366549 -0.031446086989882466
leaf_weight=87.362005963921547 11.875730678439139 12.799217090010645 7.114586308598521 11.782599747180937 12.123466685414312 7.2223303318023673
leaf_count=370 55 55 31 50 54 32
internal_value=-0.00189829 -0.00377234 -0.000841042 -0.00442258 0.0155887 -0.0187728
internal_weight=150.28 138.404 118.383 99.1446 19.2381 20.0215
internal_count=647 592 505 420 85 87
is_linear=0
shrinkage=0.03


Tree=92
num_leaves=10
num_cat=0
split_feature=25 9 22 3 17 18 36 23 10
split_gain=8.32166 5.33558 3.85902 5.19367 5.52674 4.40835 5.33555 3.13177 2.80257
threshold=0.31458333333333338 -0.043685935690642212 -0.11832916240483553 -0.028844619037731053 3.665169099612696 0.85997535376956635 0.0066665461986932864 0.8425612800218788 0.034651177989547095
decision_type=2 2 2 2 2 2 2 2 2
left_child=2 -2 5 -4 -5 6 -1 -3 -9
right_child=1 7 3 4 -6 -7 -8 8 -10
leaf_value=-0.0088090794873957722 0.0095529671560377651 0 -0.011615310780225208 0.015525802081081124 -0.0058463716077461073 -0.0198482960019923 0.016965034776090595 -0.023910347587427223 -0.00041304501923503849
leaf_weight=14.751996144652368 6.832096353173255 8.8317408114671689 8.7696947306394559 44.980745002627373 11.836668804287909 9.8525378257036191 10.475062310695646 26.735614255070686 7.0866107493638983
leaf_count=62 30 38 37 193 53 43 46 114 31
internal_value=-0.00185381 -0.0117373 0.00299263 0.00730059 0.010771 -0.00461662 0.00180226 -0.0157585 -0.0197037
internal_weight=150.153 49.4861 100.667 65.5871 56.8174 35.0796 25.2271 42.654 33.8222
internal_count=647 213 434 283 246 151 108 183 145
is_linear=0
shrinkage=0.03


Tree=93
num_leaves=8
num_cat=0
split_feature=36 26 19 4 22 24 37
split_gain=5.31766 5.65893 5.70538 6.08967 5.97609 3.88908 4.91882
threshold=0.0090119377851323717 0.25987012987012992 0.10425189444133455 0.016207868551734287 -0.020341149427263502 -0.78024146737868583 0.01260626754095562
decision_type=2 2 2 2 2 2 2
left_child=1 5 3 -3 -4 -1 -7
right_child=-2 2 4 -5 -6 6 -8
leaf_value=0.0051633378809257044 0.015790121637685083 0.0060812577309809308 0 -0.015466351939249402 0.02910079253392216 -0.0010695603385382944 -0.019132707239753511
leaf_weight=11.311226084828375 11.795057833194731 22.971191793680191 13.372073024511339 19.729192689061165 10.159182444214819 24.215610191226006 36.406759187579155
leaf_count=48 55 98 57 85 43 103 158
internal_value=-0.00181727 -0.00363128 0.00249378 -0.00378554 0.0138798 -0.00938862 -0.0124215
internal_weight=149.96 138.165 66.2316 42.7004 23.5313 71.9336 60.6224
internal_count=647 592 283 183 100 309 261
is_linear=0
shrinkage=0.03


Tree=94
num_leaves=7
num_cat=0
split_feature=36 17 17 14 21 34
split_gain=5.05284 6.07647 7.46149 4.70422 2.08995 1.17574
threshold=0.0090119377851323717 3.5003746683014865 1.5808864376992455 89.199540669200374 0.013011276534406509 0.004429315374038457
decision_type=2 2 2 2 2 2
left_child=1 2 3 -1 -4 -3
right_child=-2 5 4 -5 -6 -7
leaf_value=-0.00693843356568639 0.015440268871578429 -0.0050915396832506895 0.022007100041823179 0.010728747550778166 0 -0.024210801070879431
leaf_weight=85.309822291135788 11.746505692601202 8.3458270430564898 12.209323614835741 13.652125790715216 6.9670008271932593 11.542058005928991
leaf_count=361 55 36 54 59 31 51
internal_value=-0.00175088 -0.00352067 -0.000686252 -0.00418837 0.0153672 -0.0180712
internal_weight=149.773 138.026 118.138 98.9619 19.1763 19.8879
internal_count=647 592 505 420 85 87
is_linear=0
shrinkage=0.03


Tree=95
num_leaves=12
num_cat=0
split_feature=17 1 27 32 17 0 21 37 37 34 26
split_gain=5.83084 6.24762 7.69524 6.1565 5.47865 4.43513 4.20112 6.13302 4.59067 4.00934 1.03404
threshold=1.5808864376992455 -0.0028720242236356937 1.5000000000000002 -0.0086916162474799368 3.665169099612696 -0.0071490524462641805 0.011987380942294784 0.037146430203851007 0.042418390724451423 0.0083882466098512704 0.20349009168884949
decision_type=2 2 2 2 2 2 2 2 2 2 2
left_child=1 2 5 -4 10 -1 7 -3 -8 -6 -2
right_child=4 6 3 -5 9 -7 8 -9 -10 -11 -12
leaf_value=0.0016971472761292238 0.0069474721531206322 -0.032594757076592464 -0.0071709241082555438 0.018838828455403533 0.0078711655325933855 -0.023520984271821071 0.0067536998383068468 -8.9893525242095397e-05 -0.017148788650916225 -0.015887179775316257 0.024291511447066507
leaf_weight=10.575688153505327 10.539144411683084 13.093226104974748 9.4799735844135267 25.10614401102066 13.194249525666239 9.9696820080280286 15.977717667818071 9.4465571492910367 9.7906980216503126 8.790787920355795 12.861235365271567
leaf_count=45 46 55 41 106 59 42 69 39 43 39 57
internal_value=0 -0.00398938 0.00268031 0.0112973 0.00867943 -0.0108757 -0.0117032 -0.0207006 -0.00236888 -0.0015359 0.0182327
internal_weight=148.825 103.44 55.1315 34.5861 45.3854 20.5454 48.3082 22.5398 25.7684 21.985 23.4004
internal_count=641 440 234 147 201 87 206 94 112 98 103
is_linear=0
shrinkage=0.03


Tree=96
num_leaves=9
num_cat=0
split_feature=5 2 35 21 26 13 38 38
split_gain=5.603 5.28293 5.16351 9.13141 6.31993 5.50257 3.54394 3.28786
threshold=-0.052487449088569775 -0.020817419769567521 0.0156045412723278 0.011897285618573191 0.27346041055718479 4.8832270215094882 0.0065082924320651317 0.0082171099578145206
decision_type=2 2 2 2 2 2 2 2
left_child=1 -1 5 7 -5 6 -2 -4
right_child=2 -3 3 4 -6 -7 -8 -9
leaf_value=-0.0028349713844033667 0.0024968295607236952 0.026456661491775963 -0.021790890448516415 -8.3510810572156479e-05 0.019776102194968236 0.0068671679902456723 -0.018371012352041916 0
leaf_weight=7.6579225957393673 7.1002107411622992 10.856043189764021 12.081839174032213 27.421078488230705 25.286509186029434 12.022178322076796 34.441856727004051 11.756504580378531
leaf_count=33 30 49 52 118 109 51 147 52
internal_value=0 0.0145144 -0.00233624 0.00250577 0.00954463 -0.00936681 -0.014509 -0.0120111
internal_weight=148.624 18.514 130.11 76.5459 52.7076 53.5642 41.5421 23.8383
internal_count=641 82 559 331 227 228 177 104
is_linear=0
shrinkage=0.03


Tree=97
num_leaves=13
num_cat=0
split_feature=17 1 27 32 17 0 32 32 34 33 40 34
split_gain=5.43163 5.88959 7.15912 5.81392 5.26313 4.22213 3.82387 4.05673 3.79814 2.74828 1.16892 1.34265
threshold=1.5808864376992455 -0.0028720242236356937 1.5000000000000002 -0.0086916162474799368 3.665169099612696 -0.0071490524462641805 0.0035406406447148213 -0.0017424847322234924 0.0083882466098512704 0.8523384622590694 0.035073714590360357 0.0085365384170701403
decision_type=2 2 2 2 2 2 2 2 2 2 2 2
left_child=1 2 5 -4 10 -1 7 -3 -6 -8 11 -2
right_child=4 6 3 -5 8 -7 9 -9 -10 -11 -12 -13
leaf_value=0.0017711285258397141 0.0081949153116967193 -0.0048627534125844293 -0.0069874064241832639 0.018290514931596648 0.007532181810502166 -0.022822272693704036 -0.010007429721419631 -0.02849255558259526 -0.015610800225540204 0.011136013631680567 0.0044303399466567714 0.032062826449226679
leaf_weight=10.564492508769037 8.0766480714082736 15.731476977467539 9.458474934101103 25.041206136345863 13.14632521569729 9.9435485750436765 10.082266375422479 14.198270365595816 8.7604600936174375 8.1880681961774808 8.1258911937475187 7.1244380772113791
leaf_count=45 36 67 41 106 59 42 43 61 39 35 36 31
internal_value=0 -0.00385908 0.00261731 0.0109462 0.00838593 -0.0104552 -0.0113588 -0.0176248 -0.00162692 0 0.0177674 0.0226807
internal_weight=148.442 103.208 55.0077 34.4997 45.2338 20.508 48.2001 29.9297 21.9068 18.2703 23.327 15.2011
internal_count=641 440 234 147 201 87 206 128 98 78 103 67
is_linear=0
shrinkage=0.03


Tree=98
num_leaves=13
num_cat=0
split_feature=17 1 27 32 17 0 21 37 37 34 38 38
split_gain=5.19879 5.5732 6.7736 5.53044 5.04149 4.02921 3.86381 5.73042 4.29582 3.62032 2.93106 0.139307
threshold=1.5808864376992455 -0.0028720242236356937 1.5000000000000002 -0.0064745879236045014 3.665169099612696 -0.0071490524462641805 0.011987380942294784 0.037146430203851007 0.042418390724451423 0.0083882466098512704 0.0077445692380284691 0.010978310423265953
decision_type=2 2 2 2 2 2 2 2 2 2 2 2
left_child=1 2 5 -4 10 -1 7 -3 -8 -6 -2 -12
right_child=4 6 3 -5 9 -7 8 -9 -10 -11 11 -13
leaf_value=0.0017264693376693844 0 -0.031241190422406091 -0.0045433746603659756 0.018932477503943491 0.0073387689998285236 -0.022282201587432535 0.0066827836672957415 0 -0.016475238006178144 -0.015270605043167384 0.028890231551632534 0.010041464171888248
leaf_weight=10.564370363950731 7.0164764076471355 13.023634240031244 11.850730225443838 22.598730862140656 13.140806555747988 9.9277342408895475 15.969056591391565 9.4340458512306196 9.739692494273184 8.7319458574056608 9.4165868610143679 6.8565372973680487
leaf_count=45 30 55 51 96 59 42 69 39 43 39 42 31
internal_value=0 -0.00377519 0.00252367 0.010639 0.00821254 -0.0101851 -0.0110732 -0.0197146 -0.00210514 -0.00158207 0.0174021 0.0237376
internal_weight=148.27 103.108 54.9416 34.4495 45.1624 20.4921 48.1664 22.4577 25.7087 21.8728 23.2896 16.2731
internal_count=641 440 234 147 201 87 206 94 112 98 103 73
is_linear=0
shrinkage=0.03


Tree=99
num_leaves=14
num_cat=0
split_feature=17 26 1 17 21 11 10 35 36 38 17 23 23
split_gain=4.97019 5.58619 7.70282 4.81943 3.59672 3.5213 3.29485 5.47229 4.12031 2.80025 1.49179 1.48681 0.179392
threshold=1.5808864376992455 0.34941860465116287 0.0010354467176242335 3.665169099612696 0.011814347416554228 -0.009959135719421695 -0.0020672029958412326 -0.013338560249196661 0.0074697853201489478 0.0077445692380284691 5.8984787886351251 0.92975073346203263 1.0144561025506527
decision_type=2 2 2 2 2 2 2 2 2 2 2 2 2
left_child=1 6 11 9 -4 -5 7 -1 -8 -2 -7 -3 -11
right_child=3 2 4 5 -6 10 8 -9 -10 12 -12 -13 -14
leaf_value=-0.017534232590905943 0 0.0021490650949520947 -0.022975316769127584 0.013235196854675021 0.0030831258137606499 -0.017725815196095521 -0.017935779777584145 0.011975982162144256 0.0016582883467358926 0.028376800173952964 0 0.021407014001469563 0.0096184341806925915
leaf_weight=6.9037918001413372 7.0164764076471355 7.6356573849916485 7.2790889889001829 6.8464999198913601 7.209060326218605 7.6069376915693265 35.364153146743774 13.298589065670965 10.786360949277876 9.4051768630743044 7.3850490748882294 14.481071308255194 6.8274357318878165
leaf_count=30 30 32 31 32 31 34 152 56 46 43 32 62 30
internal_value=0 -0.00369802 0.00527708 0.0080321 -0.0102981 -0.00153815 -0.0088783 0.000544738 -0.013166 0.0170255 -0.00993129 0.0161099 0.0232303
internal_weight=148.045 102.958 36.6049 45.0876 14.4881 21.8385 66.3529 20.2024 46.1505 23.2491 14.992 22.1167 16.2326
internal_count=641 440 156 201 62 98 284 86 198 103 66 94 73
is_linear=0
shrinkage=0.03


Tree=100
num_leaves=10
num_cat=0
split_feature=14 15 31 21 18 15 23 3 36
split_gain=5.54354 6.52893 4.87393 3.64666 3.44598 3.25543 3.22271 2.45751 3.11552
threshold=-16.891743389241125 4.4776094358879934 -1.4999999999999998 0.015574223890872754 0.61448972671913249 -5.3476607310084399 0.97948137897070353 0.012746323040937925 0.0062151404478681472
decision_type=2 2 2 2 2 2 2 2 2
left_child=7 5 4 -4 -3 6 -2 8 -1
right_child=1 2 3 -5 -6 -7 -8 -9 -10
leaf_value=0.0011855879568442207 0.0079541469448234717 -0.00035936866245576851 0.00039665533112865286 -0.015299633485734805 0.023834671222655649 -0.025838207359786921 -0.01639147447991765 -0.0010522340183288785 0.024882436056770946
leaf_weight=10.453876793384557 7.392363518476488 7.2920362204313305 53.981069013476372 14.957719281315802 9.9707767069339734 13.14375279843807 7.5753023028373718 9.7312304377555829 11.614524289965628
leaf_count=44 32 31 234 65 42 56 33 44 52
internal_value=-0.000490237 -0.00368655 0.000337166 -0.00313287 0.0138599 -0.015726 -0.00396313 0.0100943 0.0153117
internal_weight=146.113 114.313 86.2016 68.9388 17.2628 28.1114 14.9677 31.7996 22.0684
internal_count=633 493 372 299 73 121 65 140 96
is_linear=0
shrinkage=0.03


Tree=101
num_leaves=8
num_cat=0
split_feature=9 33 9 34 38 24 35
split_gain=7.1239 3.68006 4.82577 5.14369 3.82368 2.64234 0.883332
threshold=-0.039484183362010879 0.92599156118143477 0.058591569167591048 0.0012352704006407535 0.0073506276994447098 0.64573562979871346 -0.013338560249196661
decision_type=2 2 2 2 2 2 2
left_child=6 2 4 -4 -2 -3 -1
right_child=1 5 3 -5 -6 -7 -8
leaf_value=0.0042986839316050685 0.007510677824526797 -0.020648168144373626 0.025519377874734302 0 -0.0080596140098962293 0 0.023601073159294873
leaf_weight=6.8143702298402777 15.599899575114248 13.970436096191408 9.206038251519205 22.489152118563652 61.859308883547783 7.3799625337123862 8.6515740752220136
leaf_count=32 65 65 39 95 267 33 37
internal_value=-0.000473148 -0.00293794 -0.00047354 0.00889914 -0.00462494 -0.0137751 0.0174213
internal_weight=145.971 130.505 109.154 31.6952 77.4592 21.3504 15.4659
internal_count=633 564 466 134 332 98 69
is_linear=0
shrinkage=0.03


Tree=102
num_leaves=11
num_cat=0
split_feature=14 15 31 38 21 15 38 13 34 5
split_gain=5.1499 6.08714 4.55438 4.48772 3.44308 3.12421 2.9126 2.42447 3.80499 2.15804
threshold=-16.891743389241125 4.4776094358879934 -1.4999999999999998 0.0093770915457713922 0.015574223890872754 -4.2321500488752362 0.0093069792750234328 -0.89896616780336902 0.0080252908928937234 0.014593675518791096
decision_type=2 2 2 2 2 2 2 2 2 2
left_child=6 5 3 -3 -4 9 -1 -8 -9 -2
right_child=1 2 4 -5 -6 -7 7 8 -10 -11
leaf_value=-0.0052019671547591821 0.0038434902728554923 0.024832097176956083 0.00043388958357653949 -0.0028601115213004987 -0.014825679878450366 -0.026135109916334776 0.025241557845949593 0.018334503304679339 -0.0078387518708982525 -0.015280890647395308
leaf_weight=6.6543104797601726 9.1475245207548195 10.068236887454988 53.909341305494308 7.1488909423351279 14.929407969117163 11.67714564502239 9.6415342092514091 7.485903978347773 7.9497541189193726 7.2208819091320029
leaf_count=28 40 42 234 31 65 50 42 35 35 31
internal_value=-0.000432743 -0.00352046 0.000360922 0.0134522 -0.00298892 -0.0151607 0.00977593 0.014395 0.00464139 -0.00452178
internal_weight=145.833 114.101 86.0559 17.2171 68.8387 28.0456 31.7315 25.0772 15.4357 16.3684
internal_count=633 493 372 73 299 121 140 112 70 71
is_linear=0
shrinkage=0.03


Tree=103
num_leaves=7
num_cat=0
split_feature=5 10 38 38 7 25
split_gain=4.43905 3.78334 4.45192 8.75109 7.28792 1.66382
threshold=-0.052487449088569775 -0.018503469369191446 0.0098068833445769683 0.011272328441988057 0.020087524993461111 0.33790546802595001
decision_type=2 2 2 2 2 2
left_child=5 -2 4 -4 -3 -1
right_child=1 2 3 -5 -6 -7
leaf_value=0.018783227608822894 -0.019972799866108056 0.00032588831812087262 0.022711530197532151 -0.0043929291225330838 -0.019326356904653581 0
leaf_weight=11.240424841642382 8.4180407822132093 58.445350393652916 16.247881874442101 23.111598044633865 21.117857724428177 7.0914405584335318
leaf_count=51 36 247 71 103 94 31
internal_value=-0.000419906 -0.00255943 -0.000892816 0.00699051 -0.00505235 0.0124942
internal_weight=145.673 127.341 118.923 39.3595 79.5632 18.3319
internal_count=633 551 515 174 341 82
is_linear=0
shrinkage=0.03


Tree=104
num_leaves=10
num_cat=0
split_feature=9 28 16 16 2 15 14 24 35
split_gain=6.45662 3.70084 5.5398 6.99821 6.92754 3.53751 5.14149 2.59423 0.878788
threshold=-0.039484183362010879 8.5000000000000018 4.7540896150768397 8.4834069993436412 -0.021600221260512417 -4.2321500488752362 77.285798766713029 0.14952806756085449 -0.013338560249196661
decision_type=2 2 2 2 2 2 2 2 2
left_child=8 2 4 -4 -2 7 -7 -3 -1
right_child=1 5 3 -5 -6 6 -8 -9 -10
leaf_value=0.0037934139029295803 -0.013782701273959178 0.010905688442829367 -0.023524055356499048 0.0013364472004285572 0.014691775085005691 -0.021862366027213934 0.0047719204804429144 -0.01034942050328492 0.022773028963732362
leaf_weight=6.7575915157794944 7.5975033193826667 9.5251865386962908 12.537787005305288 30.169773921370506 33.483582079410553 22.823101803660396 6.8550621122121802 7.1317584812641135 8.5975214242935163
leaf_count=32 33 42 55 130 145 98 30 31 37
internal_value=-0.000404484 -0.00275659 0.00087474 -0.00635227 0.00868217 -0.00939802 -0.015324 0.000867328 0.0166844
internal_weight=145.479 130.124 83.7886 42.7076 41.0811 46.3351 29.6782 16.6569 15.3551
internal_count=633 564 363 185 178 201 128 73 69
is_linear=0
shrinkage=0.03


Tree=105
num_leaves=12
num_cat=0
split_feature=25 0 20 20 0 17 17 37 17 25 23
split_gain=5.75592 4.39224 4.75949 6.0171 4.29403 4.20251 3.84573 3.69479 2.89509 2.28126 0.756928
threshold=0.25806999660210678 0.0060192571252237767 0.015185060846045756 0.020697009351022064 0.003592043508828247 1.1650725267013409 -0.32321685455617372 0.046698107527362816 3.866413726106416 0.31866537717601556 0.90668053356734357
decision_type=2 2 2 2 2 2 2 2 2 2 2
left_child=1 2 -1 -4 5 6 -2 8 -3 -6 -11
right_child=4 7 3 -5 9 -7 -8 -9 -10 10 -12
leaf_value=-0.019181961495879963 0.0014855437092688611 0.028086623166696197 0.013265873660066971 -0.0081312791100292287 0 0.018957119067264484 -0.020752267525937684 0 0.0035733818598374756 -0.0064912796146024843 -0.026249403536514063
leaf_weight=7.0581625699996939 24.317616909742355 14.739034965634348 26.931151017546654 17.416706070303917 7.031575724482539 6.9951467514038077 7.1984867304563549 9.674860551953314 8.8115932643413526 6.8965749293565777 9.824195668101309
leaf_count=30 105 65 114 76 31 31 31 44 39 30 43
internal_value=0.00121421 0.00632712 0.000414953 0.00455068 -0.00548271 0.000462306 -0.00408143 0.0145056 0.0204996 -0.0149915 -0.0204654
internal_weight=146.895 84.6315 51.406 44.3479 62.2636 38.5113 31.5161 33.2255 23.5506 23.7523 16.7208
internal_count=639 368 220 190 271 167 136 148 104 104 73
is_linear=0
shrinkage=0.03


Tree=106
num_leaves=10
num_cat=0
split_feature=35 35 34 14 19 23 23 23 15
split_gain=4.49718 6.22754 5.12231 5.16137 4.11854 2.7928 2.68193 1.65756 0.546342
threshold=0.05152786875840943 0.03718367911340726 -0.026885540229987955 15.340540491671165 0.10890872681547897 0.92031122664018328 1.0665758389139131 1.0248173136070167 39.126051311596065
decision_type=2 2 2 2 2 2 2 2 2
left_child=1 2 4 -4 -1 -2 -7 8 -3
right_child=5 7 3 -5 -6 6 -8 -9 -10
leaf_value=0.00019019727570328761 -0.018908669229428167 0.02859508525791192 -0.013120190339050772 0.0026192415580900664 0.027118392409309956 0.010086353343233224 -0.010900211900207304 0.0017525573435642964 0.0083214668269683458
leaf_weight=12.680314853787424 11.820811718702318 8.7169815003871935 27.999273166060448 45.809911862015724 8.1657088994979841 8.5837202221155184 9.2532207518815976 6.8432264477014533 6.8597180843353263
leaf_count=54 51 39 121 196 40 36 42 30 30
internal_value=0.00116674 0.00391162 0.000259679 -0.00334221 0.0128456 -0.00875755 -4.5942e-05 0.0174315 0.0224831
internal_weight=146.733 117.075 94.6552 73.8092 20.846 29.6578 17.8369 22.4199 15.5767
internal_count=639 510 411 317 94 129 78 99 69
is_linear=0
shrinkage=0.03


Tree=107
num_leaves=9
num_cat=0
split_feature=35 37 38 35 28 38 23 23
split_gain=4.2939 5.99882 7.39776 6.41061 4.45953 2.95723 2.65299 2.55504
threshold=0.05152786875840943 0.042089253762411467 0.0093535350216780843 0.037746812475061627 2.5000000000000004 0.0096217343264310765 0.92031122664018328 1.0665758389139131
decision_type=2 2 2 2 2 2 2 2
left_child=1 3 4 5 -3 -1 -2 -8
right_child=6 2 -4 -5 -6 -7 7 -9
leaf_value=-0.0018568663025039583 -0.018438176559754705 0.01883441477727853 -0.023894421282290034 0.023855787095741904 -0.0067665557540331749 0.010175265706517032 0.0098452928206104809 -0.010649599896017901
leaf_weight=37.698295190930367 11.809970438480379 8.4147039353847521 11.734981462359427 16.6047533005476 12.100790813565252 30.36432358622551 8.5791138708591479 9.2341998666524869
leaf_count=159 51 36 52 74 52 137 36 42
internal_value=0.00115704 0.00384285 -0.00664074 0.00807031 0.00380809 0.00343409 -0.00854168 -2.44916e-05
internal_weight=146.541 116.918 32.2505 84.6674 20.5155 68.0626 29.6233 17.8133
internal_count=639 510 140 370 88 296 129 78
is_linear=0
shrinkage=0.03


Tree=108
num_leaves=8
num_cat=0
split_feature=34 38 34 32 38 12 26
split_gain=4.1195 5.12555 6.38128 5.43625 3.81666 2.09019 1.91687
threshold=-0.026885540229987955 0.01234003438786453 -0.012466109534901402 -0.010591895117437076 0.0094463997581613664 42.690028865144079 0.23981838194826641
decision_type=2 2 2 2 2 2 2
left_child=4 2 6 -4 -1 -3 -2
right_child=1 5 3 -5 -6 -7 -8
leaf_value=0 -0.025063686611941371 0 -0.014886887293752368 0.0071619844188579723 0.024209261507954223 -0.022342115798410465 -0.0013352736958254343
leaf_weight=10.639670148491861 7.0814095884561521 6.9934622198343304 9.1409710943698865 84.280593976378441 10.328620508313177 10.704226016998289 7.173586294054985
leaf_count=45 30 30 39 366 50 48 31
internal_value=0.00111822 -0.000896476 0.00152469 0.00458058 0.0128468 -0.015048 -0.015679
internal_weight=146.343 125.374 107.677 93.4216 20.9683 17.6977 14.255
internal_count=639 544 466 405 95 78 61
is_linear=0
shrinkage=0.03


Tree=109
num_leaves=11
num_cat=0
split_feature=25 38 16 10 0 25 38 15 37 40
split_gain=5.36654 4.66578 4.6043 8.56941 4.14816 3.14177 3.14016 3.75922 2.87486 2.77241
threshold=0.25806999660210678 0.01234003438786453 -0.1198056080724461 0.032252758923116305 0.003592043508828247 0.11024305555555557 0.011973639861123824 4.4776094358879934 0.030673727670991083 0.033138170222998038
decision_type=2 2 2 2 2 2 2 2 2 2
left_child=1 2 8 -4 6 -3 7 -2 -1 -6
right_child=4 5 3 -5 9 -7 -8 -9 -10 -11
leaf_value=0.023434380564635836 -0.017022400946216192 -0.019504625423429636 -0.0069857704604362929 0.020229316610291394 -0.0026592870410129649 0.0046764879153608965 0.015320572715351227 0.0033922333296523303 0 -0.024542994807141973
leaf_weight=21.187792792916301 10.409245342016222 7.780710041522978 27.564698114991188 13.880094602704046 12.362953647971155 6.843989223241806 8.0980956107377988 19.818856716156006 6.9918606728315345 11.275670588016508
leaf_count=91 45 35 119 61 54 32 37 85 30 50
internal_value=0.00106025 0.00601368 0.00932762 0.00229513 -0.00541754 -0.00808497 0.000433666 -0.00379236 0.018336 -0.0147832
internal_weight=146.214 84.2491 69.6244 41.4448 61.9648 14.6247 38.3262 30.2281 28.1797 23.6386
internal_count=639 368 301 180 271 67 167 130 121 104
is_linear=0
shrinkage=0.03


Tree=110
num_leaves=10
num_cat=0
split_feature=26 35 35 15 24 38 38 26 5
split_gain=5.44072 4.49169 4.58316 3.83189 3.24945 3.19781 3.11623 2.22253 1.69907
threshold=0.4357705001269358 0.05607982061815709 0.03718367911340726 -5.3476607310084399 0.14952806756085449 0.0081780439051133275 0.011078490825569517 0.14194139194139196 0.033232801693603993
decision_type=2 2 2 2 2 2 2 2 2
left_child=1 2 3 -1 5 -2 -7 -3 -4
right_child=4 7 8 -5 -6 6 -8 -9 -10
leaf_value=0.0043441843314975213 -0.0093085542770272242 -0.00087225054437491058 0.017240987136186478 -0.009119693484198067 0.02314488619827406 0.02003602421689828 -0.002435445859490609 -0.025065694745667288 5.3101444591993202e-06
leaf_weight=27.411047488451004 9.006589204072954 7.0683931112289455 12.767230063676836 48.098887890577316 10.110363215208052 10.378536492586138 7.4700090736150733 9.2498724758625013 10.656045347452162
leaf_count=122 38 31 56 205 46 46 33 40 47
internal_value=0.00015202 -0.00297946 -0.000291784 -0.00405264 0.00995215 0.00320558 0.0105778 -0.0166444 0.0106072
internal_weight=152.217 115.251 98.9332 75.5099 36.9655 26.8551 17.8485 16.3183 23.4233
internal_count=664 501 430 327 163 117 79 71 103
is_linear=0
shrinkage=0.03


Tree=111
num_leaves=9
num_cat=0
split_feature=26 23 36 35 16 20 35 18
split_gain=5.15965 5.95254 4.86934 3.92702 5.23609 3.18817 2.83529 0.569787
threshold=0.4357705001269358 1.1196734567860973 0.0073917820735583308 0.05607982061815709 4.4730646203004207 0.016226419247368468 0.02006690780908749 0.80431957925206332
decision_type=2 2 2 2 2 2 2 2
left_child=1 3 7 4 -1 -2 -7 -3
right_child=5 2 -4 -5 -6 6 -8 -9
leaf_value=0.010437632258221861 -0.0022362330754556337 -0.027244019485683217 0.0026867379157989243 -0.013430948598599342 -0.004958808391878072 0.0032232701291337218 0.024696531820818959 -0.0079704037037234485
leaf_weight=42.878070890903473 11.320939108729361 12.187668576836591 8.3335663080215436 12.25341387093067 32.569650009274483 13.056222870945932 12.531199768185614 6.9111606478691092
leaf_count=186 49 53 36 52 143 58 56 31
internal_value=0.000151779 -0.00289611 -0.0146027 0.000842349 0.00364112 0.00970516 0.0153113 -0.0223972
internal_weight=152.042 115.134 27.4324 87.7011 75.4477 36.9084 25.5874 19.0988
internal_count=664 501 120 381 329 163 114 84
is_linear=0
shrinkage=0.03


Tree=112
num_leaves=11
num_cat=0
split_feature=26 23 10 20 26 36 20 38 40 35
split_gain=4.91377 5.65767 4.81109 7.10246 5.53662 4.66791 3.048 3.30622 0.996684 0.783535
threshold=0.4357705001269358 1.1196734567860973 0.004403620627130401 0.022755972158331996 0.133974358974359 0.0073917820735583308 0.016226419247368468 0.011326606921125601 0.033138170222998038 0.017418134699802915
decision_type=2 2 2 2 2 2 2 2 2 2
left_child=1 2 3 -1 -4 8 -2 9 -3 -8
right_child=6 5 4 -5 -6 -7 7 -9 -10 -11
leaf_value=0.017338917737054399 -0.0021793595694223102 -0.027709172371306476 0.0057311633249064377 -0.0092873844980618271 -0.013311465112078744 0.0026215810231799861 0.0075791385042939365 0 -0.0070510799658242617 0.027832463654287803
leaf_weight=25.856139168143272 11.320088580250738 11.728723645210271 21.839027732610703 10.999253317713736 28.948692724108696 8.3341664522886258 7.2576908171176973 8.2450820654630643 7.2972342222928992 10.021419212222098
leaf_count=112 49 52 95 49 125 36 31 38 32 45
internal_value=0.000135784 -0.00283715 0.000802283 0.0089374 -0.00493196 -0.0142668 0.00946976 0.0149641 -0.0219237 0.0217723
internal_weight=151.848 115.003 87.6431 36.8554 50.7877 27.3601 36.8443 25.5242 19.026 17.2791
internal_count=664 501 381 161 220 120 163 114 84 76
is_linear=0
shrinkage=0.03


Tree=113
num_leaves=10
num_cat=0
split_feature=2 4 24 20 26 35 1 26 23
split_gain=5.17358 4.58117 5.46646 4.46021 7.17557 3.35794 3.18475 2.44298 1.62594
threshold=-0.020423496976563201 0.0091520871649164465 -0.25565610859728499 0.015155545059330026 0.28629976580796257 0.022926755600788388 0.014565383135290213 0.23503836317135554 1.0582528403425953
decision_type=2 2 2 2 2 2 2 2 2
left_child=8 2 5 7 -5 -2 -4 -3 -1
right_child=1 3 6 4 -6 -7 -8 -9 -10
leaf_value=-0.0018766661727696527 -0.013884169264713276 0 0.022311050115916633 -0.0068357208683056678 0.012794495112451079 0.0096163675640526664 0.00032117878936359872 -0.024622553601678965 -0.019565996340233337
leaf_weight=11.057526931166651 10.022405922412874 7.0117053836584082 22.817735552787781 35.691418662667274 27.78991425037384 7.5867841094732276 9.7206077724695188 8.3684855997562391 11.570668682456015
leaf_count=47 43 30 100 159 121 33 44 36 51
internal_value=0.000128094 0.00259301 0.0095449 -0.00176889 0.00165694 -0.00304608 0.016575 -0.0153355 -0.0123853
internal_weight=151.637 129.009 50.1475 78.8615 63.4813 17.6092 32.5383 15.3802 22.6282
internal_count=664 566 220 346 280 76 144 66 98
is_linear=0
shrinkage=0.03


Tree=114
num_leaves=10
num_cat=0
split_feature=2 4 24 38 33 38 4 1 19
split_gain=4.92006 4.35786 5.18772 4.33375 7.8594 6.23548 3.34165 3.01306 1.58975
threshold=-0.020423496976563201 0.0091520871649164465 -0.25565610859728499 0.0081356580835338869 0.92599156118143477 0.0065472995333533549 -0.021642685593930174 0.014565383135290213 0.095894035141956255
decision_type=2 2 2 2 2 2 2 2 2
left_child=8 2 6 5 -5 -3 -2 -4 -1
right_child=1 3 7 4 -6 -7 -8 -9 -10
leaf_value=-0.0020849916771169797 -0.015023312807524763 0.006498558190758035 0.021758614656918463 0.011394853109926897 -0.015390548935055917 -0.018765857680640399 0.0082835029256720372 0.00031320166875005228 -0.019558841923304461
leaf_weight=11.592053458094599 8.7961635440588015 11.508289381861685 22.747004896402359 34.055070176720619 11.334947586059569 21.905435293912888 8.7985785305500013 9.720089063048361 11.001028999686239
leaf_count=50 38 49 100 151 52 94 38 44 48
internal_value=0.000107855 0.00251537 0.00930407 -0.00173521 0.00402216 -0.00976519 -0.00294692 0.0161642 -0.012102
internal_weight=151.459 128.866 50.0618 78.8037 45.39 33.4137 17.5947 32.4671 22.5931
internal_count=664 566 220 346 203 143 76 144 98
is_linear=0
shrinkage=0.03


Tree=115
num_leaves=9
num_cat=0
split_feature=25 34 34 20 23 3 4 0
split_gain=6.3687 3.37472 5.39592 4.23958 5.53207 2.94423 2.43427 1.78305
threshold=0.54006410256410264 -0.006068572271641314 -0.038813417749923244 0.02083349811498696 1.0912477938217224 -0.011245787267004035 0.0091520871649164465 0.0015399350320496332
decision_type=2 2 2 2 2 2 2 2
left_child=1 2 -1 4 -3 -5 -4 -2
right_child=7 3 6 5 -6 -7 -8 -9
leaf_value=0.01216248000231991 -0.0023111246148430314 0.016595402382039371 -0.0005623893034870578 0.0073142842845382123 -0.0016788600332380804 -0.011771634508496116 -0.018431225215984001 -0.024163997496467544
leaf_weight=12.199296489357947 8.5175331085920352 45.85674287378788 15.763455435633661 10.881879657506945 19.108740836381912 13.700542971491812 13.596990078687666 7.6613269746303549
leaf_count=57 37 201 68 47 84 61 58 35
internal_value=0.00151144 0.00385704 -0.00286418 0.00713467 0.0111067 -0.00284396 -0.00996356 -0.0150044
internal_weight=147.287 131.108 41.5597 89.5479 64.9655 24.5824 29.3604 16.1789
internal_count=648 576 183 393 285 108 126 72
is_linear=0
shrinkage=0.03


Tree=116
num_leaves=9
num_cat=0
split_feature=25 25 32 6 4 32 13 0
split_gain=6.07556 2.92415 4.34376 4.6404 4.63439 3.00019 3.00086 1.70368
threshold=0.54006410256410264 0.040161290322580652 -0.004852932734554726 0.0049047886314683075 -0.035068782537136793 0.0067848157181791277 -1.8191953726372672 0.0015399350320496332
decision_type=2 2 2 2 2 2 2 2
left_child=1 5 4 -4 -3 6 -1 -2
right_child=7 2 3 -5 -6 -7 -8 -9
leaf_value=0.0023048743452529366 -0.0022554329899696509 0.0083945111746931977 0.012256401076459637 -0.0015644737370771628 -0.01575718606201075 -2.5404914187563408e-05 0.032409554613326425 -0.02369314089636039
leaf_weight=6.6501429677009591 8.5154319256544131 8.2016710340976733 39.562401533126831 41.831958264112473 19.892665639519691 7.7226577997207633 7.137430578470231 7.6195555031299582
leaf_count=29 37 35 170 188 87 34 33 35
internal_value=0.00144634 0.00373938 0.00149345 0.00510624 -0.00811876 0.0134337 0.0209708 -0.0147028
internal_weight=147.134 130.999 109.489 81.3944 28.0943 21.5102 13.7876 16.135
internal_count=648 576 480 358 122 96 62 72
is_linear=0
shrinkage=0.03


Tree=117
num_leaves=8
num_cat=0
split_feature=25 17 23 26 16 33 22
split_gain=5.81142 2.83558 4.35173 4.89427 4.45381 2.62359 2.4795
threshold=0.54006410256410264 3.665169099612696 1.0901103830192642 0.31612258494337114 -11.654913089306588 0.71522923158988194 -0.037696177500714294
decision_type=2 2 2 2 2 2 2
left_child=1 2 4 -4 -1 -3 -2
right_child=6 5 3 -5 -6 -7 -8
leaf_value=0.023870613364192127 0 -0.015578873978153574 -0.0149365028822487 0.0080817111223532197 0.0053097771556938102 0.0041273738751857617 -0.023482996817338855
leaf_weight=13.695910707116125 7.2333250790834454 10.309525474905969 15.419034868478777 13.301073551177977 69.206161856651306 8.963677376508711 8.8572205752134305
leaf_count=59 31 48 67 58 303 41 41
internal_value=0.00140325 0.00364739 0.0055556 -0.00395574 0.00904289 -0.0061823 -0.0144085
internal_weight=146.986 130.895 111.622 28.7201 82.9021 19.2732 16.0905
internal_count=648 576 487 125 362 89 72
is_linear=0
shrinkage=0.03


Tree=118
num_leaves=10
num_cat=0
split_feature=25 34 35 16 20 3 37 35 22
split_gain=5.54161 3.1478 5.60667 7.974 3.98005 5.0492 2.83607 2.79338 2.37438
threshold=0.54006410256410264 -0.006068572271641314 -0.041319273576229658 -8.474012256823789 0.02083349811498696 0.027002178288398241 0.019188702828399132 -0.077107663104741361 -0.037696177500714294
decision_type=2 2 2 2 2 2 2 2 2
left_child=1 2 7 -4 5 -3 -6 -1 -2
right_child=8 4 3 -5 6 -7 -8 -9 -10
leaf_value=-0.00055919680415564385 0 0.015482960946091232 0.012828239813384495 -0.020257751354145433 0.0043307828823641419 -0.0024633523416852736 -0.014706498294982421 0.022639952891257507 -0.023018725558349596
leaf_weight=7.3340495824813843 7.2333250790834454 47.68429160118103 7.120152190327647 20.295283526182175 15.159337833523752 17.140697240829468 9.3718284666538221 6.7009668201208097 8.8059083670377714
leaf_count=34 31 208 31 87 66 77 42 31 41
internal_value=0.00135617 0.00354874 -0.00294328 -0.010867 0.00672295 0.0105815 -0.00293716 0.011024 -0.0141046
internal_weight=146.846 130.807 41.4505 27.4154 89.3562 64.825 24.5312 14.035 16.0392
internal_count=648 576 183 118 393 285 108 65 72
is_linear=0
shrinkage=0.03


Tree=119
num_leaves=10
num_cat=0
split_feature=25 34 34 20 23 37 36 22 15
split_gain=5.28316 2.95507 5.54898 5.0215 5.36832 3.50576 2.70691 2.274 1.98575
threshold=0.54006410256410264 -0.007571289176768691 -0.028260162200940738 0.02083349811498696 1.0912477938217224 0.037641261258959953 0.0061033466434422248 -0.037696177500714294 -3.6210368522283876
decision_type=2 2 2 2 2 2 2 2 2
left_child=1 2 8 4 -3 -5 -4 -2 -1
right_child=7 3 6 5 -6 -7 -8 -9 -10
leaf_value=0.015193277563854793 0 0.016031592808851844 0 0.0019692672000203096 -0.0018868081782065648 -0.020482204014082846 -0.022040096904347488 -0.022565759692184235 -0.0024504933903414117
leaf_weight=11.040307909250261 7.2333250790834418 47.110881328582764 8.8845174163579959 19.383557125926021 19.104548931121826 6.4893303811550131 11.495811387896536 8.7541255801916105 7.1607512235641471
leaf_count=53 31 207 38 84 84 30 50 41 30
internal_value=0.0013077 0.00345046 -0.00315327 0.0063848 0.0107381 -0.00418939 -0.0135673 -0.0138081 0.00795387
internal_weight=146.657 130.67 38.5814 92.0883 66.2154 25.8729 20.3803 15.9875 18.2011
internal_count=648 576 171 405 291 114 88 72 83
is_linear=0
shrinkage=0.03


Tree=120
num_leaves=11
num_cat=0
split_feature=28 35 36 13 32 32 9 14 17 2
split_gain=3.7784 7.14551 5.23366 4.03418 3.10007 6.42442 3.00105 2.61317 1.53356 0.964043
threshold=8.5000000000000018 0.028068734440173441 0.0078081928658509442 5.8340423120910012 -0.0064745879236045014 -0.00058249956526718039 -0.0025269530508457128 1.0000000180025095e-35 -2.0591158297419669 0.0080824782252024736
decision_type=2 2 2 2 2 2 2 2 2 2
left_child=2 6 4 7 8 -6 -2 -3 -1 -4
right_child=1 3 9 -5 5 -7 -8 -9 -10 -11
leaf_value=-0.017482200636881093 -0.0052886230610500297 0.016751907094553393 0.027564472506457913 -0.014862299893046205 0.020361460723259943 -0.0011528463968752663 -0.031324689999918574 -0.0005371882786369466 0 0.0061101916963240384
leaf_weight=8.4186284542083722 10.788102656602861 13.311303302645685 7.0747236311435682 6.6662748754024497 14.294138163328169 48.169793590903282 8.4734117835760099 12.686132118105887 7.1782426834106436 7.0639889389276505
leaf_count=36 48 57 33 30 63 210 37 57 31 33
internal_value=0.000550089 -0.00567275 0.00425996 0.00259071 0.000821415 0.00401673 -0.019317 0.00834378 -0.0101252 0.0198605
internal_weight=144.125 51.9252 92.1995 32.6637 78.0608 62.4639 19.2615 25.9974 15.5969 14.1387
internal_count=635 229 406 144 340 273 85 114 67 66
is_linear=0
shrinkage=0.03


Tree=121
num_leaves=12
num_cat=0
split_feature=28 10 15 5 0 17 23 19 23 4 10
split_gain=3.61963 4.28379 4.26515 3.84386 4.22975 3.54347 2.99506 4.42101 4.06884 2.91047 1.40406
threshold=8.5000000000000018 0.032541709152395078 -4.2321500488752362 0.045949820072910381 -0.014554791829887724 4.0564531381614843 1.0301710528800929 0.10553762196128195 1.1686991100889665 -0.0018138387923019026 -0.0020672029958412326
decision_type=2 2 2 2 2 2 2 2 2 2 2
left_child=3 2 9 4 -1 -6 7 -5 -8 -2 -4
right_child=1 -3 10 6 5 -7 8 -9 -10 -11 -12
leaf_value=-0.0078055381040898946 0.0079272567096383417 0.011631707158612956 -0.004723430634558416 0.014048445106609428 0.018814501160152021 -0.001136768784764333 -0.02327243315804663 -0.0074724523951120187 0.0033954659785063266 -0.012032272505168487 -0.024928469444865969
leaf_weight=7.4461205750703803 13.785622000694273 8.2638207376003248 8.0416093766689318 15.708850413560869 30.083975091576576 8.5571999996900541 9.0384499281644839 14.016025945544241 7.246810942888259 9.2410408109426516 12.505300194025038
leaf_count=33 60 39 34 67 134 38 41 61 32 42 54
internal_value=0.000525993 -0.00556785 -0.00952623 0.00416079 0.0101464 0.0141886 -0.0016953 0.00359664 -0.0115117 0 -0.0188064
internal_weight=143.935 51.8374 43.5736 92.0974 46.0873 38.6412 46.0101 29.7249 16.2853 23.0267 20.5469
internal_count=635 229 190 406 205 172 201 128 73 102 88
is_linear=0
shrinkage=0.03


Tree=122
num_leaves=12
num_cat=0
split_feature=28 36 18 38 36 19 40 1 23 16 4
split_gain=3.41952 5.69838 5.80725 5.72611 5.03083 4.92201 5.78448 4.89548 4.36019 1.47104 1.28135
threshold=8.5000000000000018 0.006144758421127044 0.48837118484365377 0.0074667290334039021 0.0078081928658509442 0.072864928913453988 0.013000100887554102 0.0028949126424775433 0.86960702034674331 -6.2195374669290659 0.032573934704261183
decision_type=2 2 2 2 2 2 2 2 2 2 2
left_child=4 3 9 -2 5 6 -1 -7 -5 -3 -6
right_child=1 2 -4 8 10 7 -8 -9 -10 -11 -12
leaf_value=-0.002957446876412998 -0.015625302098463259 -0.010253589899719921 -0.032012064567751346 -0.002183266325684617 0.027456497738323773 0.0042594671572423973 0.026154913927903947 -0.012514747338460223 0.024101320664428657 0.0051835664478318199 0.0047644089465750886
leaf_weight=9.5327887237072009 6.8880872130394009 9.3684705048799533 9.0691544860601407 8.0576100945472735 7.2489370703697187 29.996487855911255 10.818107485771177 27.540538102388382 10.607323303818701 7.797385677695277 6.8124982491135597
leaf_count=42 30 40 42 35 34 129 47 122 47 35 32
internal_value=0.000491028 -0.00543082 -0.0148797 0.00410175 0.00403062 0.000660231 0.0128026 -0.00366838 0.0129153 -0.00264962 0.0193588
internal_weight=143.737 51.788 26.235 25.553 91.9494 77.8879 20.3509 57.537 18.6649 17.1659 14.0614
internal_count=635 229 117 112 406 340 89 251 82 75 66
is_linear=0
shrinkage=0.03


Tree=123
num_leaves=11
num_cat=0
split_feature=28 35 12 17 35 35 32 35 25 14
split_gain=3.27916 6.63496 3.87882 6.76735 3.91478 3.80308 3.22279 4.81539 1.73086 1.22642
threshold=8.5000000000000018 0.028068734440173441 68.782231598687304 -5.1499272948970036 0.02920128340237305 -0.034461565170257551 0.006918852139074839 0.057241471096657677 0.15450928381962867 -8.8038780254501017
decision_type=2 2 2 2 2 2 2 2 2 2
left_child=2 9 3 -1 8 -5 7 -3 -4 -2
right_child=1 6 4 5 -6 -7 -8 -9 -10 -11
leaf_value=-0.016442191290749867 -0.0057781294317958403 0.019997714203780173 0.01289545605661261 0.027567420419507528 -0.018873250912622652 0.0070516251699839182 -0.010129504902515398 -0.0051336549856552159 -0.0034244661570339385 -0.025438123974663052
leaf_weight=6.6488502621650687 8.8036504089832324 12.956793114542963 7.2627460658550325 9.9085236042737943 9.3441743999719602 46.563413128256798 9.4450588822364789 10.101187422871588 12.093183934688566 10.355361282825468
leaf_count=29 40 58 31 48 43 202 42 44 53 45
internal_value=0.000480743 -0.00532362 0.00395026 0.00811618 -0.00465522 0.0117276 0.00263877 0.00885859 0.00263092 -0.0185133
internal_weight=143.483 51.6621 91.8209 63.1208 28.7001 56.4719 32.503 23.058 19.3559 19.159
internal_count=635 229 406 279 127 250 144 102 84 85
is_linear=0
shrinkage=0.03


Tree=124
num_leaves=9
num_cat=0
split_feature=26 5 9 17 9 23 35 38
split_gain=3.34072 3.21365 3.78831 3.18757 3.03816 3.86137 4.26652 2.88013
threshold=0.28081058726220021 0.086565831217450442 0.087237574092707881 3.665169099612696 -0.036572664274863408 1.0301710528800929 0.057241471096657677 0.01176471306364428
decision_type=2 2 2 2 2 2 2 2
left_child=4 2 3 -2 -1 6 -6 -7
right_child=1 -3 -4 -5 5 7 -8 -9
leaf_value=0.0095375091626275638 0.0087029231186466303 0.018720009899479962 -0.015690084461141684 -0.010599517545198445 0.0039438889313434516 -0.0060881228257229358 -0.018811315129848547 -0.029890708625296015
leaf_weight=10.714335337281225 40.458511672914028 11.412472099065779 7.077209159731864 6.9974567443132392 35.362581610679626 17.063765555620197 7.2166181355714789 6.9322400391101828
leaf_count=49 178 50 32 32 155 76 31 32
internal_value=0.000447485 0.00541321 0.00179934 0.0052399 -0.0036299 -0.00618411 -0.000247264 -0.0153121
internal_weight=143.235 65.9456 54.5332 47.456 77.2895 66.5752 42.5792 23.996
internal_count=635 292 242 210 343 294 186 108
is_linear=0
shrinkage=0.03


Tree=125
num_leaves=10
num_cat=0
split_feature=35 35 34 18 21 21 35 21 16
split_gain=4.20879 3.35485 4.66666 4.5639 3.52228 3.19612 2.96189 1.96599 1.1683
threshold=0.060909086543367914 0.03718367911340726 -0.028260162200940738 0.75905358957433833 0.012067352737189398 0.015415365062294373 -0.03890833601099785 0.013186650419592674 3.8802261998744325
decision_type=2 2 2 2 2 2 2 2 2
left_child=1 2 6 -4 8 -6 -1 -2 -3
right_child=7 4 3 -5 5 -7 -8 -9 -10
leaf_value=0.020717894278434408 0 -0.0097128924325173005 -0.011134220813774017 0.0033725261574309045 0.02558753518647287 0.00082085374236888042 -0.0010587527515044954 -0.020712809893949382 0.0054231808843289613
leaf_weight=10.387930735945703 6.7427750974893597 6.8477212935686094 41.415952533483505 31.96427096426487 12.196695089340212 9.1609872877597791 7.717088744044303 10.029053583741186 6.6421349942684174
leaf_count=52 31 31 181 140 56 40 33 44 30
internal_value=-7.89394e-05 0.00175993 -0.00114985 -0.0046943 0.00945384 0.0165864 0.0115078 -0.013441 -0.00155386
internal_weight=143.105 126.333 91.4852 73.3802 34.8475 21.3577 18.105 16.7718 13.4899
internal_count=638 563 406 321 157 96 85 75 61
is_linear=0
shrinkage=0.03


Tree=126
num_leaves=9
num_cat=0
split_feature=35 15 14 21 38 33 35 23
split_gain=4.01464 3.53091 7.89547 7.22807 6.36173 4.33273 3.36769 2.7672
threshold=0.060909086543367914 1.3165762402367172 -9.3502199292604455 0.016463747056478475 0.0081356580835338869 0.50357132402447247 0.020470619914312541 0.92031122664018328
decision_type=2 2 2 2 2 2 2 2
left_child=1 2 5 4 -3 -1 -5 -2
right_child=7 3 -4 6 -6 -7 -8 -9
leaf_value=-0.0018392440695093118 -0.025219852900446236 0.0006597079062325991 -0.022386165113477362 -0.020679566205132983 0.020085515730584588 0.022969222907561652 0.0031580593105094259 -0.00036546827448409445
leaf_weight=27.668381325900555 6.9926521629095104 32.77839332818985 13.465524956583975 9.737064257264139 29.493796452879906 5.8571700677275649 7.2214794009923926 9.7518352419137937
leaf_count=125 31 141 59 45 132 30 31 44
internal_value=-6.53882e-05 0.00172833 -0.0044969 0.00562493 0.0104324 0.00312186 -0.0104752 -0.0131286
internal_weight=142.966 126.222 46.9911 79.2307 62.2722 33.5256 16.9585 16.7445
internal_count=638 563 214 349 273 155 76 75
is_linear=0
shrinkage=0.03


Tree=127
num_leaves=10
num_cat=0
split_feature=35 15 34 21 38 1 35 23 20
split_gain=3.83965 3.33541 7.6824 6.8554 6.02265 5.535 3.22836 2.64257 1.82272
threshold=0.060909086543367914 1.3165762402367172 -0.028260162200940738 0.016463747056478475 0.0081356580835338869 0.0010354467176242335 0.020470619914312541 0.92031122664018328 0.02113129768407911
decision_type=2 2 2 2 2 2 2 2 2
left_child=1 2 8 4 -3 -4 -5 -2 -1
right_child=7 3 5 6 -6 -7 -8 -9 -10
leaf_value=0 -0.024702681433347785 0.0006410310499757253 -0.022666410339673097 -0.020249709219581715 0.019566364356245609 7.3174456423228789e-05 0.0030843382313550773 -0.00035637926049074305 0.022997085225391119
leaf_weight=6.6773108392953855 6.9671359807252911 32.779657036066055 17.689397066831589 9.6886419951915759 29.42221736907959 16.314238429069519 7.2200875431299201 9.7515401244163495 6.2337377890944481
leaf_count=29 31 141 77 45 132 74 31 44 34
internal_value=-7.33494e-05 0.00168001 -0.00437039 0.00547228 0.0101572 -0.0119418 -0.0102203 -0.0128588 0.0134914
internal_weight=142.744 126.025 46.9147 79.1106 62.2019 34.0036 16.9087 16.7187 12.911
internal_count=638 563 214 349 273 151 76 75 63
is_linear=0
shrinkage=0.03


Tree=128
num_leaves=8
num_cat=0
split_feature=34 17 1 15 1 28 17
split_gain=3.53408 2.5657 4.25149 3.43885 5.46317 2.33554 1.84731
threshold=0.034090042733269994 -1.0495538273330209 0.029318516652773522 5.7220005839867119 -0.0010686618978832383 8.5000000000000018 1.8019944189310737
decision_type=2 2 2 2 2 2 2
left_child=1 3 6 -1 -5 -2 -3
right_child=5 2 -4 4 -6 -7 -8
leaf_value=-0.015710433612193032 -0.00054626778873861058 0.0029450613602888527 -0.010713091797761871 0.0081730910579674351 -0.017419901091697294 -0.023271350415143721 0.013707378327837678
leaf_weight=12.919516563415526 10.134881630539896 38.78414473682642 10.620229661464689 26.484586387872692 8.0916927009820956 7.1184586435556403 28.346195198595524
leaf_count=55 45 171 48 115 36 34 134
internal_value=-7.15024e-05 0.00163852 0.00502663 -0.00358376 0.00114858 -0.0121448 0.00797159
internal_weight=142.5 125.246 77.7506 47.4958 34.5763 17.2533 67.1303
internal_count=638 559 353 206 151 79 305
is_linear=0
shrinkage=0.03


Tree=129
num_leaves=7
num_cat=0
split_feature=35 1 7 24 37 21
split_gain=3.62545 3.09886 3.47244 4.66158 4.21659 1.83633
threshold=0.060909086543367914 0.029318516652773522 0.015179792731731334 0.13397308075772685 0.0044060989643942569 0.013186650419592674
decision_type=2 2 2 2 2 2
left_child=1 2 4 -4 -1 -2
right_child=5 -3 3 -5 -6 -7
leaf_value=0.0078137745938459211 0 -0.012728030329351775 0.021712710365109973 0 -0.0058860936965961013 -0.019575769810831724
leaf_weight=31.794268846511841 6.7067928612232235 9.9636134058237058 16.030851617455482 19.848535515367985 48.06631301343441 9.9640369862318021
leaf_count=144 31 45 71 92 211 44
internal_value=-9.04431e-05 0.00161246 0.00316961 0.0106608 -0.000190986 -0.0125315
internal_weight=142.374 125.704 115.74 35.8794 79.8606 16.6708
internal_count=638 563 518 163 355 75
is_linear=0
shrinkage=0.03


Tree=130
num_leaves=8
num_cat=0
split_feature=34 19 26 10 3 23 13
split_gain=4.0974 5.48804 3.67846 5.02783 3.08031 1.16218 0.960655
threshold=0.033408568422619751 0.062144726615976961 0.26939799331103681 0.02993654676386304 0.035503051205298404 1.0301710528800929 -0.3007843762943096
decision_type=2 2 2 2 2 2 2
left_child=1 5 4 -4 -3 -1 -2
right_child=6 2 3 -5 -6 -7 -8
leaf_value=0.021631932317167566 -0.0039290341028744829 -0.0036366867053735084 -0.0017901252445426126 0.018452446725519343 -0.022742907811190642 0.0027574830014335896 -0.022436166864798469
leaf_weight=9.6533617228269595 8.2274784445762617 49.748733170330524 38.112587600946426 12.858753472566603 8.0791611671447736 7.5727785229682913 7.2421506047248831
leaf_count=45 37 220 168 56 38 33 34
internal_value=-0.00138758 0.0003783 -0.00207627 0.00353727 -0.00722779 0.0152647 -0.0150285
internal_weight=141.495 126.025 108.799 50.9713 57.8279 17.2261 15.4696
internal_count=631 560 482 224 258 78 71
is_linear=0
shrinkage=0.03


Tree=131
num_leaves=8
num_cat=0
split_feature=16 6 17 34 15 17 5
split_gain=3.99416 5.17038 3.9611 3.17673 2.4674 1.63021 1.2085
threshold=14.759278333042486 0.013699593879451997 2.1113558082073811 0.033408568422619751 8.0731884563396186 3.665169099612696 0.039970562215917778
decision_type=2 2 2 2 2 2 2
left_child=1 2 3 -1 -2 -4 -3
right_child=4 6 5 -5 -6 -7 -8
leaf_value=-0.00064930106446851323 -0.00017884231900822879 -0.0051706180783084883 0.020140432929391883 -0.016370057909220272 0.017982484423907277 0 -0.024956505303636294
leaf_weight=75.014315098524094 9.9691675305366534 8.5295553356409091 8.0791577994823438 12.277110308408735 11.845289267599581 6.3819348886609069 9.2472091317176801
leaf_count=325 45 39 39 56 54 30 43
internal_value=-0.0013555 -0.00362986 -0.000732499 -0.00334548 0.00973493 0.0126191 -0.0177044
internal_weight=141.344 119.529 101.753 87.2914 21.8145 14.4611 17.7768
internal_count=631 532 450 381 99 69 82
is_linear=0
shrinkage=0.03


Tree=132
num_leaves=8
num_cat=0
split_feature=19 14 14 14 35 22 19
split_gain=3.8695 4.1174 4.46776 3.16027 2.50024 2.30465 0.38887
threshold=0.062144726615976961 83.726811570957139 -51.716821946225075 136.20981338399363 0.041224881156349931 0.050398646784422858 0.056309789882867743
decision_type=2 2 2 2 2 2 2
left_child=4 2 -2 -3 6 -4 -1
right_child=1 3 5 -5 -6 -7 -8
leaf_value=0.0055341442951595387 0.012095619546574257 0.018808371740091211 -0.0033673114997277479 -0.0038194365019083485 -0.003200541114692557 -0.013414946824555489 0.022470913524902457
leaf_weight=6.9234374612569827 8.8729962781071645 10.076594904065134 55.030806571245193 7.5809867084026328 6.2586045861244193 39.569473028182983 6.8946506679058075
leaf_count=30 43 45 241 34 30 176 32
internal_value=-0.0013254 -0.00347297 -0.00586098 0.00893025 0.0100931 -0.00791605 0.0167058
internal_weight=141.208 121.131 103.473 17.6576 20.0767 94.6003 13.8181
internal_count=631 539 460 79 92 417 62
is_linear=0
shrinkage=0.03


Tree=133
num_leaves=8
num_cat=0
split_feature=16 19 6 25 26 40 0
split_gain=3.81874 5.46699 5.8052 3.60089 3.40557 2.38698 0.0307679
threshold=14.759278333042486 0.062144726615976961 0.013699593879451997 0.14692390717754997 0.31612258494337114 0.025443105518437096 0.016804366177999189
decision_type=2 2 2 2 2 2 2
left_child=1 5 3 -3 -2 -1 -4
right_child=4 2 6 -5 -6 -7 -8
leaf_value=0 0 0.0041766997758462361 -0.028603986826528625 -0.0079887476619081334 0.021771348868969496 0.020799499969540346 -0.010380837745655319
leaf_weight=11.581637114286425 12.735841669142248 33.826995179057121 7.4149662703275663 51.180580154061317 9.0696159899234754 7.9921099841594687 7.2988882809877396
leaf_count=54 59 149 34 224 40 36 35
internal_value=-0.00126866 -0.00349933 -0.00644941 -0.00299063 0.00957366 0.0100396 -0.0227856
internal_weight=141.101 119.295 99.7214 85.0076 21.8055 19.5737 14.7139
internal_count=631 532 442 373 99 90 69
is_linear=0
shrinkage=0.03


Tree=134
num_leaves=8
num_cat=0
split_feature=34 19 33 18 10 38 14
split_gain=3.70183 4.85005 3.4366 5.4596 4.00237 1.23577 0.659964
threshold=0.033408568422619751 0.062144726615976961 0.89102488837301375 0.76548853784466098 0.026578053219348478 0.0085184714079367761 -1.0000000180025095e-35
decision_type=2 2 2 2 2 2 2
left_child=1 5 3 -3 -4 -1 -2
right_child=6 2 4 -5 -6 -7 -8
leaf_value=0.0020465116142806424 -0.0033711711191488605 -0.0031976601953914549 -0.02471554972374531 0.014063605080298953 0 0.020979781259384343 -0.01995854817477356
leaf_weight=7.5622587502002743 7.2898778617382058 65.083902068436146 9.4758005589246768 19.71006740629673 14.246176756918429 9.5436492562293989 8.0696750432252848
leaf_count=32 34 288 43 85 66 46 37
internal_value=-0.00122956 0.000442631 -0.00185732 0.000873451 -0.0115105 0.0144852 -0.0142454
internal_weight=140.981 125.622 108.516 84.794 23.722 17.1059 15.3596
internal_count=631 560 482 373 109 78 71
is_linear=0
shrinkage=0.03


Tree=135
num_leaves=6
num_cat=0
split_feature=38 13 38 17 32
split_gain=3.87103 3.81213 3.48784 3.34525 4.32422
threshold=0.013986141620183376 8.37651067526979 0.02017224944634961 3.665169099612696 -0.0045831263708359096
decision_type=2 2 2 2 2
left_child=1 3 -2 4 -1
right_child=2 -3 -4 -5 -6
leaf_value=-0.0026820909531498648 -0.023490081719905888 -0.012143374593895754 0.0017352196223110864 -0.0094724544073053318 0.010215285352802576
leaf_weight=30.177721187472343 8.2583480849862081 11.230192065238951 7.0799642056226721 10.940869092941282 75.462151497602463
leaf_count=132 40 51 37 50 333
internal_value=0.00104403 0.00290232 -0.0121242 0.00465854 0.00641021
internal_weight=143.149 127.811 15.3383 116.581 105.64
internal_count=643 566 77 515 465
is_linear=0
shrinkage=0.03


Tree=136
num_leaves=9
num_cat=0
split_feature=38 35 1 22 19 38 28 38
split_gain=3.67097 3.71383 4.82926 4.50994 5.23729 3.53979 3.46105 3.36049
threshold=0.013986141620183376 0.047987675578263785 0.011320911403377877 -0.020341149427263502 0.11691047449894977 0.0098764392838318182 9.5000000000000018 0.02017224944634961
decision_type=2 2 2 2 2 2 2 2
left_child=1 3 6 5 -5 -1 -3 -2
right_child=7 2 -4 4 -6 -7 -8 -9
leaf_value=-0.0061909449859101412 -0.023077025960707803 -0.0086695108688836734 -0.020564871833405537 0.016446104385678919 -0.0075682163873826928 0.011249671252901966 0.01244959827291711 0.0016953245022142099
leaf_weight=32.308650359511375 8.1908053755760175 11.096969395875933 10.399918556213377 40.691590696573257 7.9188551157712928 12.928035736083983 12.39647790789604 7.0762950479984275
leaf_count=139 40 50 49 179 36 58 55 37
internal_value=0.00098941 0.00279988 -0.00527442 0.00592167 0.0120932 -0.000623826 0.0019882 -0.0118599
internal_weight=143.008 127.74 33.8934 93.8471 48.6104 45.2367 23.4934 15.2671
internal_count=643 566 154 412 215 197 105 77
is_linear=0
shrinkage=0.03


Tree=137
num_leaves=9
num_cat=0
split_feature=38 23 26 23 34 26 38 36
split_gain=3.48595 3.65879 7.29347 5.08486 4.92923 3.65967 3.23831 1.88042
threshold=0.013986141620183376 1.0901103830192642 0.5675327068361895 0.88847265158024447 0.0094583292391010616 0.33445190156599558 0.02017224944634961 0.0061835271373494672
decision_type=2 2 2 2 2 2 2 2
left_child=1 2 3 -1 5 -3 -2 -6
right_child=6 4 -4 -5 7 -7 -8 -9
leaf_value=0 -0.022673061977674474 -0.0044625342029785296 -0.015279283826046737 0.015232526209620617 -0.0032693987437439932 0.019085344438576051 0.0016563368681974157 -0.024251598906524799
leaf_weight=30.561800330877304 8.1232998892664892 11.825831711292269 10.244084879755972 48.235972613096237 10.180732741951944 7.8598902374505988 7.072706200182437 8.705237001180647
leaf_count=135 40 51 45 214 47 34 37 40
internal_value=0.000944625 0.00271028 0.00608787 0.0093608 -0.00463283 0.00514076 -0.0116015 -0.0150552
internal_weight=142.81 127.614 89.0419 78.7978 38.5717 19.6857 15.196 18.886
internal_count=643 566 394 349 172 85 77 87
is_linear=0
shrinkage=0.03


Tree=138
num_leaves=10
num_cat=0
split_feature=15 15 34 9 23 23 35 10 4
split_gain=3.49436 4.03438 4.67508 3.30301 3.48544 4.77777 2.55256 2.3414 1.9201
threshold=10.016992861230568 -3.6210368522283876 0.018141509721199548 0.13865636336157372 1.0711052001518897 0.92975073346203263 -0.03890833601099785 0.030741995118609203 0.0066765847311954793
decision_type=2 2 2 2 2 2 2 2 2
left_child=1 2 6 4 5 -2 -1 -6 -3
right_child=3 8 -4 -5 7 -7 -8 -9 -10
leaf_value=0.016741808919029613 0.0016600037948459709 -0.022316920002844968 -0.01360768661212427 -0.010070858972981255 -0.0094446983542693479 0.020884104979052381 0 0.0093660172052777955 -0.00085045862605058183
leaf_weight=11.826477922499178 25.193425871431828 10.963539183139803 12.277002066373823 8.7041937857866269 13.705343976616861 23.890780702233315 21.224217340350151 7.1723051965236655 7.6625243574380866
leaf_count=59 113 48 57 39 61 106 93 33 34
internal_value=0.000892058 -0.00411823 0.000547477 0.00515238 0.00748206 0.0117619 0.00670993 -0.00207295 -0.0151519
internal_weight=142.62 63.9538 45.3277 78.666 69.9619 49.0842 33.0507 20.8776 18.6261
internal_count=643 291 209 352 313 219 152 94 82
is_linear=0
shrinkage=0.03


Tree=139
num_leaves=6
num_cat=0
split_feature=38 13 17 32 38
split_gain=3.31449 3.51725 3.08192 4.09457 3.06109
threshold=0.013986141620183376 8.37651067526979 3.665169099612696 -0.0045831263708359096 0.02017224944634961
decision_type=2 2 2 2 2
left_child=1 2 3 -1 -2
right_child=4 -3 -4 -5 -6
leaf_value=-0.0028750133037217995 -0.0222241416735381 -0.011901746672606007 -0.0092911518794681087 0.0096872145031284378 0.0014653751296815512
leaf_weight=30.092798158526421 8.0476078465580922 11.162881478667257 10.898377373814581 75.186740428209305 7.0365360975265494
leaf_count=132 40 51 50 333 37
internal_value=0.000857869 0.00258198 0.00427843 0.00596999 -0.0114175
internal_weight=142.425 127.341 116.178 105.28 15.0841
internal_count=643 566 515 465 77
is_linear=0
shrinkage=0.03


Tree=140
num_leaves=9
num_cat=0
split_feature=1 25 32 23 11 21 16 40
split_gain=3.46808 4.42648 3.51675 3.94207 3.00186 4.82053 4.00648 2.57236
threshold=-0.008749893533232465 0.41801075268817212 -0.0043064131158657695 1.0582528403425953 -0.036651566306223231 0.016463747056478475 4.7540896150768397 0.035073714590360357
decision_type=2 2 2 2 2 2 2 2
left_child=1 2 3 -1 -2 6 -6 -7
right_child=4 -3 -4 -5 5 7 -8 -9
leaf_value=0.015235946689979282 0.014627783884876344 -0.0096135492937157764 0.023028791846338777 -0.012742021592081886 0.0065001706312637986 -0.0057386995643064027 -0.0075568648768796738 -0.027730607056977243
leaf_weight=7.3454478681087512 6.0754325538873664 7.5256191939115515 14.344470031559466 6.6107391566038132 37.331595689058304 16.509196907281879 32.041509166359901 8.0429213494062406
leaf_count=31 29 33 64 30 167 75 143 38
internal_value=0.000140122 0.00799674 0.0135001 0.00110731 -0.00262914 -0.00418347 0 -0.015054
internal_weight=135.827 35.8263 28.3007 13.9562 100.001 93.9252 69.3731 24.5521
internal_count=610 158 125 61 452 423 310 113
is_linear=0
shrinkage=0.03


Tree=141
num_leaves=8
num_cat=0
split_feature=7 11 15 26 15 11 22
split_gain=3.33979 3.4361 4.70844 4.8349 4.5367 2.06769 1.99104
threshold=-0.017053486561914692 -0.036651566306223231 13.363469713741447 0.20794025157232707 29.268875304607725 -0.0076718820773358223 -0.050088555133975858
decision_type=2 2 2 2 2 2 2
left_child=5 -2 3 -3 -4 -1 -7
right_child=1 2 4 -5 -6 6 -8
leaf_value=-0.00089582386943553921 0.015466139562613683 0 0.019277660086966818 -0.019303447558336108 -0.0017261616759765884 0.0004637457642613538 0.023861429308431385
leaf_weight=7.7769916802644756 7.131136715412139 19.623366415500641 9.0089463740587217 24.202608659863472 52.228718355298042 6.7408741414546975 8.9156438857316935
leaf_count=34 34 88 40 110 234 30 40
internal_value=0.000127744 -0.00195435 -0.00354369 -0.0108676 0.00163857 0.0100559 0.0158308
internal_weight=135.628 112.195 105.064 43.826 61.2377 23.4335 15.6565
internal_count=610 506 472 198 274 104 70
is_linear=0
shrinkage=0.03


Tree=142
num_leaves=9
num_cat=0
split_feature=11 15 10 26 16 26 19 17
split_gain=2.56016 3.79857 5.19275 4.83856 3.86658 3.25352 3.00623 0.92142
threshold=-0.036651566306223231 13.363469713741447 -0.0017447729392383591 0.25472370766488417 3.7332159569548762 0.40081967213114761 0.10336551605502277 2.1113558082073811
decision_type=2 2 2 2 2 2 2 2
left_child=-1 2 5 4 -3 -2 -5 -4
right_child=1 3 7 6 -6 -7 -8 -9
leaf_value=0.015467335720213447 0.007019138316993391 0.004583365116256794 -0.019383125622423111 0.0027053823645181137 -0.014131684416956482 -0.013302964506061218 0.021236981961712677 -0.0028606333728098277
leaf_weight=7.263358734548091 24.416205227375034 19.109404072165489 19.026714190840725 20.938572242856026 15.904797434806822 7.5125450789928427 14.261154815554617 7.1563713252544394
leaf_count=35 109 84 83 93 73 35 64 34
internal_value=0.000141869 -0.000834523 -0.00648595 0.0036852 -0.00381672 0.00129312 0.0113548 -0.0159229
internal_weight=135.589 128.326 58.1118 70.2139 35.0142 31.9288 35.1997 26.1831
internal_count=610 575 261 314 157 144 157 117
is_linear=0
shrinkage=0.03


Tree=143
num_leaves=10
num_cat=0
split_feature=1 25 0 22 24 2 35 35 4
split_gain=3.17107 4.13838 2.86216 2.4707 4.07675 4.2043 3.90967 3.20905 1.36709
threshold=-0.008749893533232465 0.41801075268817212 -0.011251195469395401 -0.020341149427263502 0.2310870947234584 0.0053560960399127175 0.049857185515147735 0.022926755600788388 0.014958039207903619
decision_type=2 2 2 2 2 2 2 2 2
left_child=1 2 -1 4 5 -2 7 -5 -6
right_child=3 -3 -4 6 8 -7 -8 -9 -10
leaf_value=0.00080045026870879281 0 -0.0093296425474059495 0.020973773412630851 0 0.011719592588044232 -0.023669270460732989 -0.012404337080140061 0.015988127451158587 -0.0031899822429878612
leaf_weight=12.741704419255257 12.100156068801882 7.5171981602907172 15.457327596843243 27.923116132616997 7.427772872149947 15.848874896764753 11.405992701649664 15.522310361266134 9.5292631387710554
leaf_count=55 54 33 70 126 33 71 52 72 44
internal_value=0.000138233 0.00766657 0.0130119 -0.00250744 -0.00762681 -0.0144063 0.00154074 0.00591667 0.00309708
internal_weight=135.474 35.7162 28.199 99.7575 44.9061 27.949 54.8514 43.4454 16.957
internal_count=610 158 125 452 202 125 250 198 77
is_linear=0
shrinkage=0.03


Tree=144
num_leaves=11
num_cat=0
split_feature=1 25 0 40 26 40 1 22 13 36
split_gain=3.00757 3.94791 2.71413 2.38062 4.66009 4.06093 4.26857 3.95476 2.39026 0.560028
threshold=-0.008749893533232465 0.41801075268817212 -0.011251195469395401 0.035073714590360357 0.1908263305322129 0.013000100887554102 0.021883153136860848 0.063471058015351814 1.4638156349207636 0.005651598896125219
decision_type=2 2 2 2 2 2 2 2 2 2
left_child=1 2 -1 5 -5 6 -2 -6 -7 -4
right_child=3 -3 9 4 7 8 -8 -9 -10 -11
leaf_value=0.00077967378459788356 0.00069414025071812702 -0.0091167395969535964 0.0070221648152114296 -0.020140061236012356 -0.0087721668364923993 0 -0.021720607519129242 0.013790406902235305 0.020241590867214238 0.02634058455607171
leaf_weight=12.742093458771706 33.554130718111992 7.5087988525629035 6.7933571040630349 14.918854236602781 15.598941817879679 7.725678667426112 7.4617657586932173 9.5946960896253568 10.812627315521238 8.6180633306503278
leaf_count=55 153 33 31 68 70 34 35 44 48 39
internal_value=0.000126938 0.00746739 0.0126993 -0.00244728 -0.00796039 0.00116036 -0.00385522 0 0.0122825 0.0204713
internal_weight=135.329 35.6623 28.1535 99.6667 40.1125 59.5542 41.0159 25.1936 18.5383 15.4114
internal_count=610 158 125 452 182 270 188 114 82 70
is_linear=0
shrinkage=0.03


Tree=145
num_leaves=11
num_cat=0
split_feature=0 32 40 2 25 36 23 25 21 25
split_gain=2.97053 3.99323 3.6263 4.32059 3.01455 2.08533 2.13021 1.27576 2.23244 0.10513
threshold=-0.0073979350194183771 -0.0037200027301449996 0.035073714590360357 -0.021600221260512417 0.32330316742081455 0.0071009236268347563 0.91322462662385984 0.11959732587064678 0.014313780064098492 0.12237911852802739
decision_type=2 2 2 2 2 2 2 2 2 2
left_child=1 7 3 -2 -5 6 -4 -1 -9 -3
right_child=2 9 5 4 -6 -7 -8 8 -10 -11
leaf_value=-0.0088815880416782504 -0.015866212862193491 0.0081164139218834908 0 0.011732656686321882 -0.0018355664540296677 0.0013207856002362592 -0.016846961563115142 -0.0049595369433616124 0.01497243244813409 0.025144472631568004
leaf_weight=7.1290067285299328 6.9995208978652945 6.8599839210510236 8.1397321373224276 33.479628078639507 21.514365166425705 11.967000618577002 21.164025068283081 7.3788266330957395 7.8431153297424316 7.2167603820562363
leaf_count=31 32 30 37 154 95 54 98 33 35 31
internal_value=0.00123781 0.00841691 -0.00126401 0.00313031 0.00628326 -0.00805106 -0.0121973 0 0.00498554 0.0198213
internal_weight=139.692 36.4277 103.264 61.9935 54.994 41.2708 29.3038 22.3509 15.2219 14.0767
internal_count=630 160 470 281 249 189 135 99 68 61
is_linear=0
shrinkage=0.03


Tree=146
num_leaves=7
num_cat=0
split_feature=38 38 37 25 9 4
split_gain=2.27118 2.8371 3.82615 3.5225 2.79532 2.74602
threshold=0.0054361707739146873 0.0069881792206707401 0.047235409726201778 0.59102564102564115 0.041847545713392352 0.033833549880307297
decision_type=2 2 2 2 2 2
left_child=-1 4 3 -3 -2 -4
right_child=1 2 5 -5 -6 -7
leaf_value=0.019022639871141011 0.00037632950357688224 0.0068018093730170398 0.0031526773162209483 -0.011687291950700979 -0.021304988143261983 -0.015515559905241441
leaf_weight=4.1887092739343634 8.5377545356750506 86.665914446115494 9.394927069544794 7.9972723275423041 8.0620941221714002 14.679345265030859
leaf_count=18 37 394 42 36 35 68
internal_value=0.00120615 0.000276514 0.00205721 0.00487515 -0.0105058 -0.00797203
internal_weight=139.526 135.337 118.737 94.6632 16.5998 24.0743
internal_count=630 612 540 430 72 110
is_linear=0
shrinkage=0.03


Tree=147
num_leaves=11
num_cat=0
split_feature=36 21 26 37 21 34 28 10 15 40
split_gain=2.84458 5.63504 4.77962 5.46496 4.26348 4.22307 3.04815 3.72376 3.43781 0.361516
threshold=0.0070857620844008195 0.011838726272731935 0.12034482758620692 0.0066599640621737297 0.012505820957738488 0.012353730956959798 8.5000000000000018 0.028740215720345689 -5.3476607310084399 0.015825489144768338
decision_type=2 2 2 2 2 2 2 2 2 2
left_child=1 2 -1 -4 -3 -6 7 9 -8 -2
right_child=6 4 3 -5 5 -7 8 -9 -10 -11
leaf_value=0.0050248135447196604 0.0095970162880101312 0.022652749592698106 0.0014423120808985826 -0.026798406176113756 0.0078735205665154476 -0.0081816519009897219 0.0099338881453879275 -0.0017812595006527806 -0.014882286898140454 0.026015859881793682
leaf_weight=9.3403376340866071 10.157455824315553 7.047547534108161 7.4663986414670971 16.707993805408478 29.534736111760139 25.589919567108154 7.5876038223505011 8.4915101975202543 8.1106714755296689 9.3334416598081571
leaf_count=41 51 32 34 74 133 116 35 37 36 41
internal_value=0.001163 -0.00161944 -0.0112829 -0.0180593 0.00354531 0.000132312 0.00739062 0.0131022 -0.00227297 0.0198468
internal_weight=139.368 95.6869 33.5147 24.1744 62.1722 55.1247 43.6807 27.9824 15.6983 19.4909
internal_count=630 430 149 108 281 249 200 129 71 92
is_linear=0
shrinkage=0.03


Tree=148
num_leaves=11
num_cat=0
split_feature=36 21 26 37 21 34 35 4 34 23
split_gain=2.69675 5.33439 4.5486 5.21987 4.08058 3.9929 2.60443 3.91057 2.56587 0.938246
threshold=0.0070857620844008195 0.011838726272731935 0.12034482758620692 0.0066599640621737297 0.012505820957738488 0.012353730956959798 -0.057198335949574679 0.036706501601849302 0.017539685152324295 0.92843280992732435
decision_type=2 2 2 2 2 2 2 2 2 2
left_child=1 2 -1 -4 -3 -6 9 8 -8 -2
right_child=6 4 3 -5 5 -7 7 -9 -10 -11
leaf_value=0.0048991496999530619 -0.010200671027516426 0.022184363628920682 0.0014083404279307194 -0.026170132667277191 0.0076560359221072181 -0.0079603327789648497 0.023363184294353891 -0.0046285687867668578 0 0.0033805943790583956
leaf_weight=9.3437681347131711 6.5268764644861204 7.0230530798435202 7.4653647691011455 16.644807748496532 29.519562870264053 25.568285346031189 16.703634887933738 7.5573032945394507 6.7039222717285147 6.1138821467757225
leaf_count=41 31 32 34 74 133 116 75 33 30 31
internal_value=0.00114917 -0.00155793 -0.0109729 -0.0176026 0.00346326 0.000120204 0.00721901 0.0117937 0.0176331 -0.00304288
internal_weight=139.17 95.5648 33.4539 24.1102 62.1109 55.0878 43.6056 30.9649 23.4076 12.6408
internal_count=630 430 149 108 281 249 200 138 105 62
is_linear=0
shrinkage=0.03


end of trees

feature_importances:
macro_topix_vol_20=99
macro_usdjpy_ret_20=75
macro_usdjpy_ret_60=67
vol_ratio=64
volatility=56
macd_hist_change=55
gap=52
macro_usdjpy_vol_20=46
macd_signal=45
upper_shadow_pct=45
month=42
price_position_20d=41
lower_shadow_pct=35
return_1d=34
macro_topix_ret_20=33
return_2d=32
div_ma_60=31
bb_bandwidth=31
macd_hist=26
ma_20_60_cross=25
macd=25
return_10d=24
ma_5_20_cross=23
macro_nikkei_ret_20=21
return_5d=19
div_ma_5=19
vol_change=19
candle_body_pct=19
return_3d=16
atr_pct=16
rsi_change=14
return_20d=12
bb_pct_b=12
div_ma_10=9
div_ma_20=6
rsi=6
day_of_week=5
streak=4

parameters:
[boosting: gbdt]
[objective: binary]
[metric: binary_logloss]
[tree_learner: serial]
[device_type: cpu]
[data_sample_strategy: bagging]
[data: ]
[valid: ]
[num_iterations: 149]
[learning_rate: 0.03]
[num_leaves: 15]
[num_threads: 0]
[seed: 42]
[deterministic: 0]
[force_col_wise: 0]
[force_row_wise: 0]
[histogram_pool_size: -1]
[max_depth: 4]
[min_data_in_leaf: 30]
[min_sum_hessian_in_leaf: 0.001]
[bagging_fraction: 0.7]
[pos_bagging_fraction: 1]
[neg_bagging_fraction: 1]
[bagging_freq: 5]
[bagging_seed: 400]
[bagging_by_query: 0]
[feature_fraction: 0.6]
[feature_fraction_bynode: 1]
[feature_fraction_seed: 30056]
[extra_trees: 0]
[extra_seed: 12879]
[early_stopping_round: 0]
[early_stopping_min_delta: 0]
[first_metric_only: 0]
[max_delta_step: 0]
[lambda_l1: 0.5]
[lambda_l2: 2]
[linear_lambda: 0]
[min_gain_to_split: 0]
[drop_rate: 0.1]
[max_drop: 50]
[skip_drop: 0.5]
[xgboost_dart_mode: 0]
[uniform_drop: 0]
[drop_seed: 17869]
[top_rate: 0.2]
[other_rate: 0.1]
[min_data_per_group: 100]
[max_cat_threshold: 32]
[cat_l2: 10]
[cat_smooth: 10]
[max_cat_to_onehot: 4]
[top_k: 20]
[monotone_constraints: ]
[monotone_constraints_method: basic]
[monotone_penalty: 0]
[feature_contri: ]
[forcedsplits_filename: ]
[refit_decay_rate: 0.9]
[cegb_tradeoff: 1]
[cegb_penalty_split: 0]
[cegb_penalty_feature_lazy: ]
[cegb_penalty_feature_coupled: ]
[path_smooth: 0]
[interaction_constraints: ]
[verbosity: -1]
[saved_feature_importance_type: 0]
[use_quantized_grad: 0]
[num_grad_quant_bins: 4]
[quant_train_renew_leaf: 0]
[stochastic_rounding: 1]
[linear_tree: 0]
[max_bin: 255]
[max_bin_by_feature: ]
[min_data_in_bin: 5]
[bin_construct_sample_cnt: 200000]
[data_random_seed: 175]
[is_enable_sparse: 1]
[enable_bundle: 1]
[use_missing: 1]
[zero_as_missing: 0]
[feature_pre_filter: 1]
[pre_partition: 0]
[two_round: 0]
[header: 0]
[label_column: ]
[weight_column: ]
[group_column: ]
[ignore_column: ]
[categorical_feature: ]
[forcedbins_filename: ]
[precise_float_parser: 0]
[parser_config_file: ]
[objective_seed: 16083]
[num_class: 1]
[is_unbalance: 0]
[scale_pos_weight: 1]
[sigmoid: 1]
[boost_from_average: 1]
[reg_sqrt: 0]
[alpha: 0.9]
[fair_c: 1]
[poisson_max_delta_step: 0.7]
[tweedie_variance_power: 1.5]
[lambdarank_truncation_level: 30]
[lambdarank_norm: 1]
[label_gain: ]
[lambdarank_position_bias_regularization: 0]
[eval_at: ]
[multi_error_top_k: 1]
[auc_mu_weights: ]
[num_machines: 1]
[local_listen_port: 12400]
[time_out: 120]
[machine_list_filename: ]
[machines: ]
[gpu_platform_id: -1]
[gpu_device_id: -1]
[gpu_use_dp: 0]
[num_gpu: 1]

end of parameters

pandas_categorical:[]
