{
  "feature_cols": [
    "return_1d",
    "return_2d",
    "return_3d",
    "return_5d",
    "return_10d",
    "return_20d",
    "div_ma_5",
    "div_ma_10",
    "div_ma_20",
    "div_ma_60",
    "ma_5_20_cross",
    "ma_20_60_cross",
    "rsi",
    "rsi_change",
    "macd",
    "macd_signal",
    "macd_hist",
    "macd_hist_change",
    "bb_pct_b",
    "bb_bandwidth",
    "atr_pct",
    "volatility",
    "vol_change",
    "vol_ratio",
    "candle_body_pct",
    "upper_shadow_pct",
    "lower_shadow_pct",
    "day_of_week",
    "month",
    "is_month_end",
    "is_month_start",
    "streak",
    "gap",
    "price_position_20d",
    "macro_usdjpy_ret_20",
    "macro_usdjpy_ret_60",
    "macro_usdjpy_vol_20",
    "macro_topix_ret_20",
    "macro_topix_vol_20",
    "macro_topix_above_200dma",
    "macro_nikkei_ret_20",
    "macro_nikkei_above_200dma",
    "macro_nikkei_vi",
    "macro_jgb10y",
    "macro_bias_score"
  ],
  "avg_up_ret": 0.020264947388231654,
  "avg_dn_ret": -0.013831613550211454,
  "n_bins": 10,
  "psi_ref_rows": 250,
  "psi": {
    "return_1d": {
      "edges": [
        -0.09217577706323687,
        -0.014565046603951437,
        -0.008827388472310014,
        -0.00486295564189112,
        -0.0018241229012799756,
        0.0015845341939657587,
        0.0040716283159368165,
        0.006827642912712765,
        0.010376888768549189,
        0.015431980062923852,
        0.045159983799109016
      ],
      "ref_props": [
        0.1,
        0.1,
        0.1,
        0.1,
        0.1,
        0.1,
        0.1,
        0.1,
        0.1,
        0.1
      ]
    },
    "return_2d": {
      "edges": [
        -0.08761220825852778,
        -0.01938016432390145,
        -0.0123250839764236,
        -0.006768279712067449,
        -0.003135830839661644,
        0.0004892044349348312,
        0.004834899763196961,
        0.008484209513038436,
        0.013143242348746536,
        0.025651174501774808,
        0.07222987600865971
      ],
      "ref_props": [
        0.1,
        0.1,
        0.1,
        0.1,
        0.1,
        0.1,
        0.1,
        0.1,
        0.1,
        0.1
      ]
    },
    "return_3d": {
      "edges": [
        -0.07599999999999996,
        -0.021599481482815083,
        -0.014760306339399575,
        -0.00805720482143839,
        -0.002959348039979812,
        0.0013018932292593322,
        0.00504993566011503,
        0.008542252751288351,
        0.014309183653585359,
        0.030271765810938996,
        0.07689266653488835
      ],
      "ref_props": [
        0.1,
        0.1,
        0.1,
        0.1,
        0.1,
        0.1,
        0.1,
        0.1,
        0.1,
        0.1
      ]
    },
    "return_5d": {
      "edges": [
        -0.059380692167577465,
        -0.03009992889326466,
        -0.01969460151393445,
        -0.010906804962359472,
        -0.005290315957669932,
        0.0018898686266081155,
        0.006723282529275524,
        0.012197789135861071,
        0.01758566760851613,
        0.035035210703341674,
        0.09427278094863212
      ],
      "ref_props": [
        0.1,
        0.1,
        0.1,
        0.1,
        0.1,
        0.1,
        0.1,
        0.1,
        0.1,
        0.1
      ]
    },
    "return_10d": {
      "edges": [
        -0.07952286282306165,
        -0.03899799022983336,
        -0.026728224695066104,
        -0.015357232973007088,
        -0.006810627840958936,
        0.0010186267371420366,
        0.009513424436794453,
        0.01759363276525617,
        0.03155335327291941,
        0.04981588471921001,
        0.09105180533751955
      ],
      "ref_props": [
        0.1,
        0.1,
        0.1,
        0.1,
        0.1,
        0.1,
        0.1,
        0.1,
        0.1,
        0.1
      ]
    },
    "return_20d": {
      "edges": [
        -0.10703953712632597,
        -0.06008230893946283,
        -0.04052928542530454,
        -0.017960905836143796,
        -0.005876116845863529,
        0.007699472676596875,
        0.018228905617115227,
        0.026223349997586513,
        0.04420913646476623,
        0.08050520539668408,
        0.12816691505216093
      ],
      "ref_props": [
        0.1,
        0.1,
        0.1,
        0.1,
        0.1,
        0.1,
        0.1,
        0.1,
        0.1,
        0.1
      ]
    },
    "div_ma_5": {
      "edges": [
        -0.065087015710659,
        -0.014106267488646667,
        -0.008865091326779803,
        -0.0055605273683260684,
        -0.0018660559586725885,
        0.001269688174733365,
        0.0034628129070772475,
        0.005157441740791614,
        0.00955019513496722,
        0.017863986088879277,
        0.05100702214677051
      ],
      "ref_props": [
        0.1,
        0.1,
        0.1,
        0.1,
        0.1,
        0.1,
        0.1,
        0.1,
        0.1,
        0.1
      ]
    },
    "div_ma_10": {
      "edges": [
        -0.04786885245901639,
        -0.0206515651136599,
        -0.013663859396427822,
        -0.008550652931922,
        -0.002817838501094568,
        0.0009575171244642349,
        0.00417029719790332,
        0.007992623994452594,
        0.01538248504742674,
        0.025027757268602124,
        0.0625456502517971
      ],
      "ref_props": [
        0.1,
        0.1,
        0.1,
        0.1,
        0.1,
        0.1,
        0.1,
        0.1,
        0.1,
        0.1
      ]
    },
    "div_ma_20": {
      "edges": [
        -0.05876134619489539,
        -0.029440170018978876,
        -0.020416638098326594,
        -0.013617266078658317,
        -0.0038485849876752553,
        0.0026572577946939405,
        0.007513812614719847,
        0.015038526746080782,
        0.02334348288433256,
        0.040867964849537634,
        0.07874865156418547
      ],
      "ref_props": [
        0.1,
        0.1,
        0.1,
        0.1,
        0.1,
        0.1,
        0.1,
        0.1,
        0.1,
        0.1
      ]
    },
    "div_ma_60": {
      "edges": [
        -0.07596204060045839,
        -0.03664200464851205,
        -0.02324089219870325,
        -0.015874797848541466,
        -0.008423468463800654,
        -0.0020963557210969134,
        0.011030052105564455,
        0.0248640365567895,
        0.044435531786007815,
        0.06770686783287051,
        0.09253491409625239
      ],
      "ref_props": [
        0.1,
        0.1,
        0.1,
        0.1,
        0.1,
        0.1,
        0.1,
        0.1,
        0.1,
        0.1
      ]
    },
    "ma_5_20_cross": {
      "edges": [
        -0.04147747563899806,
        -0.023133000230454358,
        -0.017505052711538436,
        -0.00788435457432308,
        -0.0034070907088180604,
        0.0013499063943684941,
        0.006358006884972812,
        0.009074281551547148,
        0.016192492034453297,
        0.03203229985289302,
        0.058840101420694735
      ],
      "ref_props": [
        0.1,
        0.1,
        0.1,
        0.1,
        0.1,
        0.1,
        0.1,
        0.1,
        0.1,
        0.1
      ]
    },
    "ma_20_60_cross": {
      "edges": [
        -0.04295931543417619,
        -0.024583924314723248,
        -0.017864098667614424,
        -0.009046946950483513,
        -0.006015475414253291,
        -0.001973406400495814,
        0.003626967189548506,
        0.013476583107401997,
        0.028800304671829362,
        0.04344112467324309,
        0.06361235236465723
      ],
      "ref_props": [
        0.1,
        0.1,
        0.1,
        0.1,
        0.1,
        0.1,
        0.1,
        0.1,
        0.1,
        0.1
      ]
    },
    "rsi": {
      "edges": [
        13.078470824949704,
        30.905114284726306,
        38.21376482413553,
        43.75640743313063,
        46.771929824561404,
        51.975441395816716,
        54.50702341137124,
        57.74353552158973,
        62.345857835551435,
        68.57313550871643,
        84.82384823848238
      ],