{
  "feature_cols": [
    "return_1d",
    "return_2d",
    "return_3d",
    "return_5d",
    "return_10d",
    "return_20d",
    "div_ma_5",
    "div_ma_10",
    "div_ma_20",
    "div_ma_60",
    "ma_5_20_cross",
    "ma_20_60_cross",
    "rsi",
    "rsi_change",
    "macd",
    "macd_signal",
    "macd_hist",
    "macd_hist_change",
    "bb_pct_b",
    "bb_bandwidth",
    "atr_pct",
    "volatility",
    "vol_change",
    "vol_ratio",
    "candle_body_pct",
    "upper_shadow_pct",
    "lower_shadow_pct",
    "day_of_week",
    "month",
    "is_month_end",
    "is_month_start",
    "streak",
    "gap",
    "price_position_20d",
    "macro_usdjpy_ret_20",
    "macro_usdjpy_ret_60",
    "macro_usdjpy_vol_20",
    "macro_topix_ret_20",
    "macro_topix_vol_20",
    "macro_topix_above_200dma",
    "macro_nikkei_ret_20",
    "macro_nikkei_above_200dma",
    "macro_nikkei_vi",
    "macro_jgb10y",
    "macro_bias_score"
  ],
  "avg_up_ret": 0.05070981129347994,
  "avg_dn_ret": -0.03175155523762117,
  "n_bins": 10,
  "psi_ref_rows": 250,
  "psi": {
    "return_1d": {
      "edges": [
        -0.1802049030369557,
        -0.030742898448912346,
        -0.019095010427196277,
        -0.011714347052157235,
        -0.0033519897304236314,
        0.002547074045854525,
        0.008994611297433777,
        0.017594268269997573,
        0.029234495750565696,
        0.042717136041716786,
        0.13386706386147829
      ],
      "ref_props": [
        0.1,
        0.1,
        0.1,
        0.1,
        0.1,
        0.1,
        0.1,
        0.1,
        0.1,
        0.1
      ]
    },
    "return_2d": {
      "edges": [
        -0.17825050430955436,
        -0.041739291076651405,
        -0.023720359998885443,
        -0.01500666179567631,
        -0.005997137163693738,
        0.005609580085311983,
        0.01442581074230571,
        0.027398144715521724,
        0.04121151451333001,
        0.06370175317197102,
        0.18525414261776207
      ],
      "ref_props": [
        0.1,
        0.1,
        0.1,
        0.1,
        0.1,
        0.1,
        0.1,
        0.1,
        0.1,
        0.1
      ]
    },
    "return_3d": {
      "edges": [
        -0.1805708013172338,
        -0.041586607146713105,
        -0.027552075358683623,
        -0.014594853784176017,
        -0.0026319154167691004,
        0.007260181662478438,
        0.019793493887750053,
        0.032875410697267425,
        0.05411153395784546,
        0.08283116752510608,
        0.1997738409347909
      ],
      "ref_props": [
        0.1,
        0.1,
        0.1,
        0.1,
        0.1,
        0.1,
        0.1,
        0.1,
        0.1,
        0.1
      ]
    },
    "return_5d": {
      "edges": [
        -0.2308818148554702,
        -0.05249173239424044,
        -0.03127731227701125,
        -0.013800627791813222,
        -0.0036378282330381943,
        0.0095313093364231,
        0.03217422096718729,
        0.04886401018528425,
        0.07318471195757166,
        0.11599701638589348,
        0.21674311926605494
      ],
      "ref_props": [
        0.1,
        0.1,
        0.1,
        0.1,
        0.1,
        0.1,
        0.1,
        0.1,
        0.1,
        0.1
      ]
    },
    "return_10d": {
      "edges": [
        -0.2498215560314061,
        -0.06383485918827408,
        -0.040724995654858716,
        -0.012919080856245737,
        0.01304743499090435,
        0.03133051063499637,
        0.06246492665738828,
        0.092998368111976,
        0.11687728526525121,
        0.1722021699722438,
        0.32305825242718456
      ],
      "ref_props": [
        0.1,
        0.1,
        0.1,
        0.1,
        0.1,
        0.1,
        0.1,
        0.1,
        0.1,
        0.1
      ]
    },
    "return_20d": {
      "edges": [
        -0.2828336902212705,
        -0.11063268047070947,
        -0.03133483728428932,
        0.006773274699223391,
        0.04943784263837349,
        0.0838828642215994,
        0.11932164519900479,
        0.14978858350951382,
        0.2071653155127082,
        0.2838243908447493,
        0.5220313666915608
      ],
      "ref_props": [
        0.1,
        0.1,
        0.1,
        0.1,
        0.1,
        0.1,
        0.1,
        0.1,
        0.1,
        0.1
      ]
    },
    "div_ma_5": {
      "edges": [
        -0.14699611665270693,
        -0.0281742558582291,
        -0.0163695554402351,
        -0.00930422998821054,
        -0.0013364867182574119,
        0.004755875769420574,
        0.012154353670173179,
        0.01948708428217353,
        0.03200603023690153,
        0.054160661336819474,
        0.12176211453744494
      ],
      "ref_props": [
        0.1,
        0.1,
        0.1,
        0.1,
        0.1,
        0.1,
        0.1,
        0.1,
        0.1,
        0.1
      ]
    },
    "div_ma_10": {
      "edges": [
        -0.1722239668963479,
        -0.045246129457025365,
        -0.0209600294889997,
        -0.009883465587232743,
        0.003541135854517592,
        0.01565076607493229,
        0.029011697437391633,
        0.04053241058958444,
        0.05586917735116709,
        0.0866400106291034,
        0.17453874538745387
      ],
      "ref_props": [
        0.1,
        0.1,
        0.1,
        0.1,
        0.1,
        0.1,
        0.1,
        0.1,
        0.1,
        0.1
      ]
    },
    "div_ma_20": {
      "edges": [
        -0.19375563354620945,
        -0.06294870434669324,
        -0.028361028397785062,
        -0.005317155338022727,
        0.01815233846492794,
        0.03660649120868291,
        0.05264792624008287,
        0.07263000151185534,
        0.09387567287514426,
        0.1319051568179507,
        0.2339056988014823
      ],
      "ref_props": [
        0.1,
        0.1,
        0.1,
        0.1,
        0.1,
        0.1,
        0.1,
        0.1,
        0.1,
        0.1
      ]
    },
    "div_ma_60": {
      "edges": [
        -0.18613245851179086,
        -0.11023968629536687,
        0.0038183926561592544,
        0.06812695464307414,
        0.09444858392352949,
        0.11944636777385081,
        0.14432699717029898,
        0.17270395653722265,
        0.19957151895951863,
        0.2502522212174964,
        0.40593942784787757
      ],
      "ref_props": [
        0.1,
        0.1,
        0.1,
        0.1,
        0.1,
        0.1,
        0.1,
        0.1,
        0.1,
        0.1
      ]
    },
    "ma_5_20_cross": {
      "edges": [
        -0.15727902115336667,
        -0.0484063233006494,
        -0.020628156682661557,
        -0.004117613353411629,
        0.014244189944965738,
        0.02699740175561849,
        0.03969952614063675,
        0.056402477483389946,
        0.07539836897600166,
        0.1054969360148053,
        0.1808459732253147
      ],
      "ref_props": [
        0.1,
        0.1,
        0.1,
        0.1,
        0.1,
        0.1,
        0.1,
        0.1,
        0.1,
        0.1
      ]
    },
    "ma_20_60_cross": {
      "edges": [
        -0.14466707672853096,
        -0.04588624213300431,
        0.0014477291373286181,
        0.03163165061012316,
        0.06544340204020875,
        0.07929623242169259,
        0.09822841898525854,
        0.10581148413900922,
        0.13092787018038685,
        0.1578887793659667,
        0.21522120751888596
      ],
      "ref_props": [
        0.1,
        0.1,
        0.1,
        0.1,
        0.1,
        0.1,
        0.1,
        0.1,
        0.1,
        0.1
      ]
    },
    "rsi": {
      "edges": [
        11.64772727272728,
        33.548876548421894,
        44.05369331484714,
        49.38478571428571,
        53.12753607804728,
        58.39111656455821,
        61.91443074691806,
        67.40592207097166,
        71.39737274220033,
        77.86387409850762,
        100.0
      ],
      "ref_props": [
        0.1,
        0.1,
        0.1,
        0.1,
        0.1,
        0.1,
        0.1,
        0.1,
        0.1,
        0.1
      ]
    },