{
  "applied": true,
  "n_buckets": 10,
  "edges": [
    0.0,
    0.1,
    0.2,
    0.30000000000000004,
    0.4,
    0.5,
    0.6000000000000001,
    0.7000000000000001,
    0.8,
    0.9,
    1.0
  ],
  "prob_up": [
    0.5569444444444445,
    0.4866666666666667,
    0.541241890639481,
    0.5228848821081831,
    0.5288888888888889,
    0.5588507877664504,
    0.5233333333333333,
    0.49375866851595007,
    0.5377777777777778,
    0.577386468952734
  ],
  "expected_ret": [
    0.007881088390630496,
    0.0027533295473555095,
    0.005807040754950399,
    0.005286521907352167,
    0.005269195613665522,
    0.008255647991488665,
    0.00397733895881435,
    0.007366616993304121,
    0.011760529297505753,
    0.019542403767430317
  ],
  "global_prob_up": 0.5348372041337927,
  "global_expected_ret": 0.008049955071307837
}