{
  "feature_cols": [
    "cs_z_return_5d",
    "cs_rank_return_5d",
    "cs_z_return_20d",
    "cs_rank_return_20d",
    "cs_z_rsi",
    "cs_rank_rsi",
    "cs_z_macd_hist",
    "cs_rank_macd_hist",
    "cs_z_atr_pct",
    "cs_rank_atr_pct",
    "cs_z_vol_ratio",
    "cs_rank_vol_ratio",
    "cs_z_adv20",
    "cs_rank_adv20",
    "sect_rank_return_20d",
    "sect_rank_return_5d",
    "cs_rank_turnover",
    "macro_usdjpy_ret_20",
    "macro_usdjpy_ret_60",
    "macro_usdjpy_vol_20",
    "macro_topix_ret_20",
    "macro_topix_vol_20",
    "macro_topix_above_200dma",
    "macro_nikkei_ret_20",
    "macro_nikkei_above_200dma",
    "macro_nikkei_vi",
    "macro_jgb10y",
    "macro_bias_score"
  ],
  "feature_means": {
    "cs_z_return_5d": -6.861790013463391e-19,
    "cs_rank_return_5d": 0.5100023012689855,
    "cs_z_return_20d": 2.1169352169195568e-19,
    "cs_rank_return_20d": 0.5100023012689855,
    "cs_z_rsi": -7.48957080192919e-18,
    "cs_rank_rsi": 0.5100023012689855,
    "cs_z_macd_hist": -4.817852562644508e-19,
    "cs_rank_macd_hist": 0.5100023012689855,
    "cs_z_atr_pct": 2.6936175691148846e-18,
    "cs_rank_atr_pct": 0.5100023012689855,
    "cs_z_vol_ratio": 1.0818268936119942e-17,
    "cs_rank_vol_ratio": 0.5100023012689855,
    "cs_z_adv20": -2.321328962001445e-18,
    "cs_rank_adv20": 0.5100023012689855,
    "sect_rank_return_20d": 0.7100401078308896,
    "sect_rank_return_5d": 0.7100401078308896,
    "cs_rank_turnover": 0.5100023012689855,
    "macro_usdjpy_ret_20": 0.006111335061506225,
    "macro_usdjpy_ret_60": 0.018945861077710093,
    "macro_usdjpy_vol_20": 0.005756742164485709,
    "macro_topix_ret_20": -0.0033068273866244968,
    "macro_topix_vol_20": 0.013687686682936278,
    "macro_topix_above_200dma": 0.7485863633374975,
    "macro_nikkei_ret_20": 0.013622582384153844,
    "macro_nikkei_above_200dma": 0.7091360378723125,
    "macro_nikkei_vi": null,
    "macro_jgb10y": null,
    "macro_bias_score": 0.0
  },
  "feature_stds": {
    "cs_z_return_5d": 1.0,
    "cs_rank_return_5d": 0.288617203445503,
    "cs_z_return_20d": 1.0,
    "cs_rank_return_20d": 0.28861735152344536,
    "cs_z_rsi": 1.0,
    "cs_rank_rsi": 0.2886172603985668,
    "cs_z_macd_hist": 1.0,
    "cs_rank_macd_hist": 0.28861736860935694,
    "cs_z_atr_pct": 1.0,
    "cs_rank_atr_pct": 0.28861736860935694,
    "cs_z_vol_ratio": 1.0,
    "cs_rank_vol_ratio": 0.28861736860935694,
    "cs_z_adv20": 1.0,
    "cs_rank_adv20": 0.2886173686093569,
    "sect_rank_return_20d": 0.2823229204978219,
    "sect_rank_return_5d": 0.2823220107648474,
    "cs_rank_turnover": 0.2886173686093569,
    "macro_usdjpy_ret_20": 0.028142710024619648,
    "macro_usdjpy_ret_60": 0.048929503973351,
    "macro_usdjpy_vol_20": 0.0020110464079891996,
    "macro_topix_ret_20": 0.1224907375280501,
    "macro_topix_vol_20": 0.024960539329326046,
    "macro_topix_above_200dma": 0.4338257944874159,
    "macro_nikkei_ret_20": 0.05144177937115568,
    "macro_nikkei_above_200dma": 0.45416089402663307,
    "macro_nikkei_vi": null,
    "macro_jgb10y": null,
    "macro_bias_score": 0.0
  }
}