{
  "version": "cs-v1-20260613",
  "kind": "cross_sectional_ranker_v1",
  "generated_at": "2026-06-13T09:26:38+09:00",
  "objective": "ranker",
  "horizon_days": 5,
  "macro_features_enabled": true,
  "universe": [
    "1801.JP",
    "1802.JP",
    "2914.JP",
    "4063.JP",
    "4502.JP",
    "4519.JP",
    "4568.JP",
    "4661.JP",
    "4901.JP",
    "6098.JP",
    "6146.JP",
    "6273.JP",
    "6301.JP",
    "6367.JP",
    "6501.JP",
    "6503.JP",
    "6701.JP",
    "6702.JP",
    "6723.JP",
    "6758.JP",
    "6762.JP",
    "6857.JP",
    "6861.JP",
    "6920.JP",
    "6981.JP",
    "7011.JP",
    "7013.JP",
    "7201.JP",
    "7203.JP",
    "7267.JP",
    "7741.JP",
    "7751.JP",
    "7974.JP",
    "8001.JP",
    "8031.JP",
    "8035.JP",
    "8053.JP",
    "8058.JP",
    "8306.JP",
    "8316.JP",
    "8411.JP",
    "8591.JP",
    "8725.JP",
    "8766.JP",
    "9020.JP",
    "9432.JP",
    "9433.JP",
    "9434.JP",
    "9983.JP",
    "9984.JP"
  ],
  "universe_size": 50,
  "feature_set": [
    "cs_z_return_5d",
    "cs_rank_return_5d",
    "cs_z_return_20d",
    "cs_rank_return_20d",
    "cs_z_rsi",
    "cs_rank_rsi",
    "cs_z_macd_hist",
    "cs_rank_macd_hist",
    "cs_z_atr_pct",
    "cs_rank_atr_pct",
    "cs_z_vol_ratio",
    "cs_rank_vol_ratio",
    "cs_z_adv20",
    "cs_rank_adv20",
    "sect_rank_return_20d",
    "sect_rank_return_5d",
    "cs_rank_turnover",
    "macro_usdjpy_ret_20",
    "macro_usdjpy_ret_60",
    "macro_usdjpy_vol_20",
    "macro_topix_ret_20",
    "macro_topix_vol_20",
    "macro_topix_above_200dma",
    "macro_nikkei_ret_20",
    "macro_nikkei_above_200dma",
    "macro_nikkei_vi",
    "macro_jgb10y",
    "macro_bias_score"
  ],
  "metrics": {
    "daily_ic": 0.0647966866231578,
    "rank_ic": 0.04909061695557125,
    "precision_at_n": 0.5722222222222222,
    "hit_rate_at_n": 0.5618055555555556,
    "top_bottom_spread": 0.014049630348074703,
    "topn_realized_return": 0.018525182780349116,
    "turnover": 0.2506983240223464,
    "top_n": 8,
    "brier": 0.2480597817937081,
    "n_oos_rows": 8999,
    "n_oos_dates": 180,
    "objective": "ranker",
    "median_group_size": 50.0
  },
  "fallback_reason": null
}