{
  "feature_cols": [
    "return_1d",
    "return_2d",
    "return_3d",
    "return_5d",
    "return_10d",
    "return_20d",
    "div_ma_5",
    "div_ma_10",
    "div_ma_20",
    "div_ma_60",
    "ma_5_20_cross",
    "ma_20_60_cross",
    "rsi",
    "rsi_change",
    "macd",
    "macd_signal",
    "macd_hist",
    "macd_hist_change",
    "bb_pct_b",
    "bb_bandwidth",
    "atr_pct",
    "volatility",
    "vol_change",
    "vol_ratio",
    "candle_body_pct",
    "upper_shadow_pct",
    "lower_shadow_pct",
    "day_of_week",
    "month",
    "is_month_end",
    "is_month_start",
    "streak",
    "gap",
    "price_position_20d",
    "macro_usdjpy_ret_20",
    "macro_usdjpy_ret_60",
    "macro_usdjpy_vol_20",
    "macro_topix_ret_20",
    "macro_topix_vol_20",
    "macro_topix_above_200dma",
    "macro_nikkei_ret_20",
    "macro_nikkei_above_200dma",
    "macro_nikkei_vi",
    "macro_jgb10y",
    "macro_bias_score"
  ],
  "avg_up_ret": 0.05224969690662284,
  "avg_dn_ret": -0.03077284703916004,
  "n_bins": 10,
  "psi_ref_rows": 250,
  "psi": {
    "return_1d": {
      "edges": [
        -0.1802049030369557,
        -0.030742898448912346,
        -0.019095010427196277,
        -0.01151949607089314,
        -0.0028013128153826046,
        0.0033675942587408914,
        0.010097200303933575,
        0.018296836828703315,
        0.02937434567985311,
        0.04388587059301134,
        0.13386706386147829
      ],
      "ref_props": [
        0.1,
        0.1,
        0.1,
        0.1,
        0.1,
        0.1,
        0.1,
        0.1,
        0.1,
        0.1
      ]
    },
    "return_2d": {
      "edges": [
        -0.17825050430955436,
        -0.041739291076651405,
        -0.023136958522379333,
        -0.014436962234375714,
        -0.005262736149861898,
        0.006118373562581714,
        0.015212636492456435,
        0.028735632183907962,
        0.04238458188153316,
        0.06614237788582639,
        0.18525414261776207
      ],
      "ref_props": [
        0.1,
        0.1,
        0.1,
        0.1,
        0.1,
        0.1,
        0.1,
        0.1,
        0.1,
        0.1
      ]
    },
    "return_3d": {
      "edges": [
        -0.1805708013172338,
        -0.04169909256959642,
        -0.027722761376338976,
        -0.014594853784176017,
        -0.0024577274146981186,
        0.007428769845758576,
        0.020647013551308872,
        0.03301259866423794,
        0.05682567290452118,
        0.08823666088714485,
        0.1997738409347909
      ],
      "ref_props": [
        0.1,
        0.1,
        0.1,
        0.1,
        0.1,
        0.1,
        0.1,
        0.1,
        0.1,
        0.1
      ]
    },
    "return_5d": {
      "edges": [
        -0.2308818148554702,
        -0.05249173239424044,
        -0.02875836391107269,
        -0.01357741451027454,
        -0.0017114863592944062,
        0.013446914752397787,
        0.03381597012642917,
        0.050297751566543,
        0.07971088596136942,
        0.11831232596796225,
        0.21674311926605494
      ],
      "ref_props": [
        0.1,
        0.1,
        0.1,
        0.1,
        0.1,
        0.1,
        0.1,
        0.1,
        0.1,
        0.1
      ]
    },
    "return_10d": {
      "edges": [
        -0.2498215560314061,
        -0.06383485918827408,
        -0.038602641436983394,
        -0.010044236913246473,
        0.016129536361543597,
        0.03520647415091116,
        0.06874505078326747,
        0.09721440399372808,
        0.12257069664711434,
        0.17785473453749315,
        0.32305825242718456
      ],
      "ref_props": [
        0.1,
        0.1,
        0.1,
        0.1,
        0.1,
        0.1,
        0.1,
        0.1,
        0.1,
        0.1
      ]
    },
    "return_20d": {
      "edges": [
        -0.2828336902212705,
        -0.11063268047070947,
        -0.03133483728428932,
        0.006773274699223391,
        0.04943784263837349,
        0.09025056380355401,
        0.12188003537959578,
        0.15376510043432,
        0.21049922870243137,
        0.28804788172241746,
        0.5220313666915608
      ],
      "ref_props": [
        0.1,
        0.1,
        0.1,
        0.1,
        0.1,
        0.1,
        0.1,
        0.1,
        0.1,
        0.1
      ]
    },
    "div_ma_5": {
      "edges": [
        -0.14699611665270693,
        -0.0281742558582291,
        -0.016128806249843555,
        -0.008486929097850163,
        -0.0006264228406122126,
        0.005566372772883792,
        0.013051839640253802,
        0.021132781672187555,
        0.032114181949927316,
        0.05501523182627832,
        0.12176211453744494
      ],
      "ref_props": [
        0.1,
        0.1,
        0.1,
        0.1,
        0.1,
        0.1,
        0.1,
        0.1,
        0.1,
        0.1
      ]
    },
    "div_ma_10": {
      "edges": [
        -0.1722239668963479,
        -0.045246129457025365,
        -0.019671731325302196,
        -0.009220009201345454,
        0.005379272962054868,
        0.017300111608131087,
        0.030199313527228874,
        0.04178238965586498,
        0.05936504005606921,
        0.0880262272093109,
        0.17453874538745387
      ],
      "ref_props": [
        0.1,
        0.1,
        0.1,
        0.1,
        0.1,
        0.1,
        0.1,
        0.1,
        0.1,
        0.1
      ]
    },
    "div_ma_20": {
      "edges": [
        -0.19375563354620945,
        -0.06294870434669324,
        -0.028096846660845554,
        -0.0031487904279617787,
        0.022409444031419243,
        0.039715175227014246,
        0.055885768267761315,
        0.07569277543429281,
        0.09867467535896372,
        0.13853597245934418,
        0.2353080095191382
      ],
      "ref_props": [
        0.1,
        0.1,
        0.1,
        0.1,
        0.1,
        0.1,
        0.1,
        0.1,
        0.1,
        0.1
      ]
    },
    "div_ma_60": {
      "edges": [
        -0.18613245851179086,
        -0.11023968629536687,
        0.0038183926561592544,
        0.06996966278131748,
        0.09739552923622907,
        0.12318690215986486,
        0.14909603045428405,
        0.17551371534911908,
        0.21031347237536363,
        0.2556145483280194,
        0.4340848218993188
      ],
      "ref_props": [
        0.1,
        0.1,
        0.1,
        0.1,
        0.1,
        0.1,
        0.1,
        0.1,
        0.1,
        0.1
      ]
    },
    "ma_5_20_cross": {
      "edges": [
        -0.15727902115336667,
        -0.0484063233006494,
        -0.020628156682661557,
        -0.004117613353411629,
        0.016225913544740903,
        0.03174436447186335,
        0.0432230202983226,
        0.05994613347786474,
        0.07871908957352294,
        0.10920208313263331,
        0.1808459732253147
      ],
      "ref_props": [
        0.1,
        0.1,
        0.1,
        0.1,
        0.1,
        0.1,
        0.1,
        0.1,
        0.1,
        0.1
      ]
    },
    "ma_20_60_cross": {
      "edges": [
        -0.14466707672853096,
        -0.04588624213300431,
        0.0014477291373286181,
        0.03163165061012316,
        0.06741012036681765,
        0.08197352863120733,
        0.10031198767991434,
        0.10919314367538246,
        0.1376402797459949,
        0.16104836070461845,
        0.21522120751888596
      ],
      "ref_props": [
        0.1,
        0.1,
        0.1,
        0.1,
        0.1,
        0.1,
        0.1,
        0.1,
        0.1,
        0.1
      ]
    },
    "rsi": {
      "edges": [
        11.64772727272728,
        33.548876548421894,
        44.575425448868074,
        49.64072332251441,
        54.128310128310126,
        59.042789656433285,
        63.461179396895645,
        67.96746901029711,
        71.6710816777042,
        77.86387409850762,
        100.0
      ],
      "ref_props": [
        0.1,
        0.1,
        0.1,
        0.1,
        0.1,
        0.1,
        0.1,
        0.1,
        0.1,
        0.1
      ]
    },