tree
version=v4
num_class=1
num_tree_per_iteration=1
label_index=0
max_feature_idx=44
objective=binary sigmoid:1
feature_names=return_1d return_2d return_3d return_5d return_10d return_20d div_ma_5 div_ma_10 div_ma_20 div_ma_60 ma_5_20_cross ma_20_60_cross rsi rsi_change macd macd_signal macd_hist macd_hist_change bb_pct_b bb_bandwidth atr_pct volatility vol_change vol_ratio candle_body_pct upper_shadow_pct lower_shadow_pct day_of_week month is_month_end is_month_start streak gap price_position_20d macro_usdjpy_ret_20 macro_usdjpy_ret_60 macro_usdjpy_vol_20 macro_topix_ret_20 macro_topix_vol_20 macro_topix_above_200dma macro_nikkei_ret_20 macro_nikkei_above_200dma macro_nikkei_vi macro_jgb10y macro_bias_score
feature_infos=[-0.1141699037324776:0.13441372735938995] [-0.19133518347209377:0.13612964728312682] [-0.22273266152934201:0.14454775993237523] [-0.23363530099357099:0.18112488083889411] [-0.20385549483910137:0.20061177670150387] [-0.19941348973607043:0.23962040332147083] [-0.1581059390048154:0.089526600313242083] [-0.17522368814177663:0.11439259696790711] [-0.19466281783564676:0.1442723206388517] [-0.23907333754998342:0.20539216851715364] [-0.11425102754252781:0.10248486218939235] [-0.10226812783993278:0.10877210072573185] [9.1584158415841586:95.288574793875142] [-25.809018567639242:34.723933579768826] [-216.00623749864826:240.6630917202483] [-175.16572175453263:203.70871554967221] [-129.78316098166164:101.20395624896054] [-68.20270156054417:29.996765938869331] [-0.34954870527145687:1.3169251499016366] [0.029020895794266127:0.34320861569091859] [0.01166213768115942:0.062480482356049867] [0.0078995819713752243:0.054283781274738811] [-0.73695870704547006:3.3122661963445186] [0.49602885879367797:1.9282758198633752] [-1:1] [0:0.94999999999999996] [0:0.94666666666666666] [0:4] [1:12] none [0:1] [-12:10] [-0.1145351823317925:0.13387978142076506] [0:1] [-0.10288784967882303:0.08505611680078462] [-0.13986255140503889:0.13160084488587853] [0.0024251968629527628:0.011841457708833433] [-0.22586491944566001:0.19897857359448179] [0.0040695656242548776:0.036437272436454948] [0:1] [-0.22859537662338159:0.23022297972565586] [0:1] none none none
tree_sizes=869 888 1096 881 863 1189 986 783 988 988 953 996 994 941 993 883 781 1095 1084 983 1407 781 1390 1092 1074 1078 1204 1106 1208 1084 1412 1289 1062 1093 857 892 1063 985 782 1473 997 988 767 1286 892 993 1045 1110 971 1048 1110 1208 1206 1494 1091 1300 1409 1088 1083 1069 867 1315 886 887 1206 793 790 1202 891 885 787 1031 787 1100 1100 868 675 889 892 1076 1299 1083 1401 1317 1411 1103 1393 1312 780 1183 986 1102 1081 885 999 771 770 891 1321 1089 995 1414 874 1305 1196 1211 1214 1212 1216 1219 1183 1214 1183 1279 1082 963 1097 875 888 1097 672 1084 999 1209 1086 766 896 988 898 998 978 781 976

Tree=0
num_leaves=7
num_cat=0
split_feature=40 10 33 15 5 0
split_gain=21.0277 17.0472 15.4766 14.6139 7.34706 1.70994
threshold=0.072387629319829686 -0.04214892081686316 0.48682738625208327 116.88769440315181 -0.075568215493361054 0.004867432882364576
decision_type=2 2 2 2 2 2
left_child=1 -1 4 -4 -3 -2
right_child=5 2 3 -5 -6 -7
leaf_value=-0.079953662345993506 -0.1527139494063218 -0.10584649413960306 -0.098157069351127613 -0.13572718912894141 -0.13162287674798342 -0.1267714912781579
leaf_weight=12.457151710987089 9.7165783345699328 10.464007437229155 51.572608083486557 9.2182922661304456 43.600030988454819 7.7234340608119956
leaf_count=50 39 42 207 37 175 31
internal_value=-0.115184 -0.110744 -0.114792 -0.104501 -0.126138 -0.14416
internal_weight=144.752 127.312 114.855 60.7909 54.064 17.44
internal_count=581 511 461 244 217 70
is_linear=0
shrinkage=1


Tree=1
num_leaves=7
num_cat=0
split_feature=40 10 16 40 25 1
split_gain=20.0247 16.1546 9.19617 6.47929 6.43691 2.20151
threshold=0.072387629319829686 -0.04214892081686316 18.482835802727724 0.020415688782583933 0.094863142107236606 0.013686248596977981
decision_type=2 2 2 2 2 2
left_child=1 -1 4 -4 -3 -2
right_child=5 2 3 -5 -6 -7
leaf_value=0.036254490422353264 -0.035243440432213155 -0.01616318908174218 -0.00074581662967751201 0.026510177191632393 0.0020949890370151221 -0.0079191706910269957
leaf_weight=12.480044364929197 9.9459735751152056 21.174223437905312 10.967844977974893 18.202489331364632 64.520225033164024 7.466345638036727
leaf_count=50 40 85 44 73 259 30
internal_value=0.00197383 0.00630606 0.00235905 0.0163906 -0.00251111 -0.0263226
internal_weight=144.757 127.345 114.865 29.1703 85.6944 17.4123
internal_count=581 511 461 117 344 70
is_linear=0
shrinkage=0.03


Tree=2
num_leaves=9
num_cat=0
split_feature=5 34 33 11 36 19 25 11
split_gain=19.4784 13.2455 9.35458 10.6794 9.79434 5.26739 1.39273 0.327598
threshold=-0.0818849568010067 0.024618141020268828 0.48934976639817812 0.033328639428137248 0.006454116380920815 0.081551978889176799 0.33218390804597703 -0.05021763128202366
decision_type=2 2 2 2 2 2 2 2
left_child=7 2 4 -4 -2 -3 -7 -1
right_child=1 5 3 -5 -6 6 -8 -9
leaf_value=0.014223145257771626 -0.022504324872891675 0.0012593829788974968 0.020719355498603088 -0.004510221860262625 0.0061789999316783726 -0.030681912595764135 -0.0081863626595874706 0.037056007525907916
leaf_weight=7.735932886600497 18.665012255311012 7.4716979414224651 35.416041508316994 22.911960288882256 19.669637337327003 15.920612439513208 7.4700987488031378 9.4845284074544889
leaf_count=31 75 30 142 92 79 64 30 38
internal_value=0.00191033 -0.00219041 0.00321015 0.0107393 -0.00783831 -0.0187277 -0.0252992 0.0301266
internal_weight=144.746 127.525 96.6627 58.328 38.3346 30.8624 23.3907 17.2205
internal_count=581 512 388 234 154 124 94 69
is_linear=0
shrinkage=0.03


Tree=3
num_leaves=7
num_cat=0
split_feature=40 14 15 11 20 1
split_gain=18.6564 8.1226 6.60271 7.50636 5.65555 2.07493
threshold=0.072387629319829686 -135.7539956082596 -79.366546501120453 0.030547489221244509 0.023327920377288008 0.013686248596977981
decision_type=2 2 2 2 2 2
left_child=1 -1 4 -4 -3 -2
right_child=5 2 3 -5 -6 -7
leaf_value=0.032264223453515067 -0.034174114627585746 -0.028374573228738001 0.012597395639886712 -0.0036208835918880673 0.0038265021785257214 -0.0075800031532930875
leaf_weight=7.9965955913066855 9.9050342291593569 7.9612660408020002 65.566759392619133 38.350905433297157 7.4818077981472015 7.4579790830612174
leaf_count=32 40 32 263 154 30 30
internal_value=0.00185858 0.0060393 0.003656 0.00651505 -0.013264 -0.0254886
internal_weight=144.72 127.357 119.361 103.918 15.4431 17.363
internal_count=581 511 479 417 62 70
is_linear=0
shrinkage=0.03


Tree=4
num_leaves=7
num_cat=0
split_feature=5 37 5 15 38 5
split_gain=18.1214 12.4212 12.8612 10.8777 9.73843 5.53486
threshold=-0.0818849568010067 0.048460313830394626 -0.035364474062053224 116.88769440315181 0.011589025367347369 0.12530758048091942
decision_type=2 2 2 2 2 2
left_child=-1 2 4 -4 -2 -3
right_child=1 5 3 -5 -6 -7
leaf_value=0.02899340814204876 -0.022291035993641656 -0.030129238935053829 0.013709696721218464 -0.018719399297809091 0.013141845632040936 0
leaf_weight=17.234942764043808 23.879810228943828 15.883128449320795 64.072163060307503 8.6986841410398466 7.4805180430412284 7.4466499835252753
leaf_count=69 96 64 257 35 30 30
internal_value=0.00178651 -0.00216755 0.00224496 0.00923564 -0.0131083 -0.0210769
internal_weight=144.696 127.461 104.131 72.7708 31.3603 23.3298
internal_count=581 512 418 292 126 94
is_linear=0
shrinkage=0.03


Tree=5
num_leaves=10
num_cat=0
split_feature=5 16 23 16 13 13 33 12 21
split_gain=15.5274 7.93023 7.8658 7.26247 7.06705 5.97422 5.41014 3.06677 1.27354
threshold=-0.0818849568010067 9.5272656769225836 1.0508515645636913 36.799535745825402 2.5748059011256861 4.9052100789442088 0.3592084571029181 65.675396485785356 0.020210357838648337
decision_type=2 2 2 2 2 2 2 2 2
left_child=8 4 3 -3 6 -6 -2 -4 -1
right_child=1 2 7 -5 5 -7 -8 -9 -10
leaf_value=0.008426257814782942 -0.005613376621345775 0.0037200691494306171 0.032128918547143927 -0.023583213822109574 0.019115345283210784 -0.0082838425119567561 -0.02580490441309909 0.0046247434215430311 0.031983845760876317
leaf_weight=7.4939121752977398 26.106094375252724 29.36060206592083 7.479165434837344 9.9545339643955213 9.207922115921976 17.422710970044136 27.850872874259949 9.7221033871173841 9.2455961704254133
leaf_count=30 105 118 30 40 37 70 112 39 37
internal_value=-0.00126114 -0.00478934 0.00356318 -0.00363699 -0.0107731 0.00133943 -0.0168535 0.0194657 0.0242629
internal_weight=153.844 137.104 56.5164 39.3151 80.5876 26.6306 53.957 17.2013 16.7395
internal_count=618 551 227 158 324 107 217 69 67
is_linear=0
shrinkage=0.03


Tree=6
num_leaves=8
num_cat=0
split_feature=19 12 21 11 8 35 21
split_gain=10.2693 18.3372 9.14848 8.02959 7.46125 5.21587 1.50673
threshold=0.15562110567574086 64.390446051838467 0.022609968943640969 0.031326603492633949 0.045551444466405987 0.0409866474595958 0.024418072386318799
decision_type=2 2 2 2 2 2 2
left_child=2 6 4 -3 5 -1 -2
right_child=1 3 -4 -5 -6 -7 -8
leaf_value=-0.012484597649088951 0.012615010246760837 0.00721051315826706 -0.032751340623198961 -0.027978821886388568 0.017568268993035985 0.0011579502908666832 0.038886251011401043
leaf_weight=49.713951364159584 7.9686688780784634 11.20035855472088 8.455741345882414 8.1744509637355787 11.709238857030867 45.074714854359627 11.483352735638617
leaf_count=200 32 45 34 33 47 181 46
internal_value=-0.00120121 0.0116488 -0.00579469 -0.00816324 -0.00295186 -0.00595233 0.0310028
internal_weight=153.78 38.8268 114.954 19.3748 106.498 94.7887 19.452
internal_count=618 156 462 78 428 381 78
is_linear=0
shrinkage=0.03


Tree=7
num_leaves=6
num_cat=0
split_feature=10 23 28 28 9
split_gain=12.2243 6.56351 6.41553 5.92903 8.61945
threshold=-0.04214892081686316 0.81157403018515939 8.5000000000000018 11.500000000000002 0.11757753788265915
decision_type=2 2 2 2 2
left_child=-1 2 -2 4 -3
right_child=1 3 -4 -5 -6
leaf_value=0.025001582089518425 -0.0021602725339434875 0.0043293357726218763 -0.034266432940258988 -0.019262387076819123 -0.023958204538943567
leaf_weight=12.471392333507536 13.445815086364748 97.503775030374527 9.6678019315004331 11.940495088696478 8.6778229326009733
leaf_count=50 54 392 39 48 35
internal_value=-0.00115561 -0.00388691 -0.0178461 -0.000778903 0.00147866
internal_weight=153.707 141.236 23.1136 118.122 106.182
internal_count=618 568 93 475 427
is_linear=0
shrinkage=0.03


Tree=8
num_leaves=8
num_cat=0
split_feature=5 18 36 35 34 16 23
split_gain=13.8956 7.93488 6.85641 5.43698 5.2544 4.91464 0.757656
threshold=-0.0818849568010067 0.83506557788318492 0.0070693433510855509 0.072375274151010541 0.034090042733269994 35.605441509451545 0.95647364610699415
decision_type=2 2 2 2 2 2 2
left_child=6 3 5 4 -2 -3 -1
right_child=1 2 -4 -5 -6 -7 -8
leaf_value=0.0089962937297960108 -0.0069237419323158406 0.0089458101348030943 0.025059420297806157 0.012149113897748375 -0.025937988159807839 -0.018168037008856584 0.029881570847008442
leaf_weight=7.739583075046542 81.510531812906265 12.198743566870695 11.205640286207197 8.1986417621374112 15.610991343855856 8.2143356353044492 8.9790245890617353
leaf_count=31 328 49 45 33 63 33 36
internal_value=-0.00114375 -0.0044892 0.00810175 -0.0084895 -0.010593 -0.00194329 0.0230087
internal_weight=153.657 136.939 31.6187 105.32 97.1215 20.4131 16.7186
internal_count=618 551 127 424 391 82 67
is_linear=0
shrinkage=0.03


Tree=9
num_leaves=8
num_cat=0
split_feature=5 18 33 35 10 0 19
split_gain=13.2273 7.51029 5.24865 5.1702 4.84217 2.8651 2.74354
threshold=-0.0818849568010067 0.83506557788318492 0.93427495291902074 0.072375274151010541 -0.03714747831026987 0.00089096726141690852 0.15769053517523215
decision_type=2 2 2 2 2 2 2
left_child=6 3 5 4 -2 -3 -1
right_child=1 2 -4 -5 -6 -7 -8
leaf_value=0.0045123184428159345 0.0099442956940445516 0.00093540487369597844 -0.0057125289348845133 0.011848439446274074 -0.012340282319925573 0.026206147504975512 0.032338740757226966
leaf_weight=7.4911377876997021 7.467128872871398 7.9623148739337983 12.698662430047987 8.2051474303007108 89.576777085661888 10.966047972440718 9.2165771871805173
leaf_count=30 30 32 51 33 361 44 37
internal_value=-0.00108832 -0.00435555 0.0078848 -0.00825205 -0.0103079 0.0173979 0.0224804
internal_weight=153.584 136.876 31.627 105.249 97.0439 18.9284 16.7077
internal_count=618 551 127 424 391 76 67
is_linear=0
shrinkage=0.03


Tree=10
num_leaves=8
num_cat=0
split_feature=5 23 28 5 15 33 11
split_gain=11.2938 5.86348 7.38215 5.66811 9.33839 5.07259 1.27962
threshold=-0.080030068158988207 0.82151296597049572 8.5000000000000018 -0.0097121500115870934 -4.6791534866022317 0.18297749520309606 -0.055443753271961375
decision_type=2 2 2 2 2 2 2
left_child=6 2 -2 5 -5 -3 -1
right_child=1 3 -4 4 -6 -7 -8
leaf_value=0.006429227130586866 0 0.0043845222912410383 -0.033179096856911693 0.026621790359268285 0 -0.016560115280627334 0.028199704931877938
leaf_weight=7.4709364920854595 12.180412814021112 14.627791404724119 9.6126971840858442 12.966968759894369 54.127142369747162 24.083611696958542 10.69994857907295
leaf_count=30 49 59 39 52 218 97 43
internal_value=0.000561011 -0.00259359 -0.0160641 0.000288385 0.00564639 -0.00845077 0.0215174
internal_weight=145.77 127.599 21.7931 105.806 67.0941 38.7114 18.1709
internal_count=587 514 88 426 270 156 73
is_linear=0
shrinkage=0.03


Tree=11
num_leaves=8
num_cat=0
split_feature=5 0 34 3 37 21 11
split_gain=10.757 6.59219 6.62588 4.7131 2.64376 2.19771 1.2002
threshold=-0.080030068158988207 0.018866765279158097 0.025090682434730342 -0.029556124626547161 0.0046934936566390703 0.017842257189640741 -0.055443753271961375
decision_type=2 2 2 2 2 2 2
left_child=6 2 3 -2 -4 -3 -1
right_child=1 5 4 -5 -6 -7 -8
leaf_value=0.0062781426811439082 0.013053037789995309 0.022440971910141827 -0.00054889068901069356 -0.004505672460001749 -0.022983206640871164 0.00089268540984891679 0.027524227238992786
leaf_weight=7.469357609748843 15.132305234670637 8.7099377065897006 7.9385307580232647 65.817404434084892 19.995246082544327 9.949611231684683 10.682994514703749
leaf_count=30 61 35 32 265 81 40 43
internal_value=0.000552742 -0.0025235 -0.00548243 -0.000806927 -0.0175713 0.0128758 0.0210169
internal_weight=145.695 127.543 108.883 80.9497 27.9338 18.6595 18.1524
internal_count=587 514 439 326 113 75 73
is_linear=0
shrinkage=0.03


Tree=12
num_leaves=8
num_cat=0
split_feature=14 23 14 34 15 19 15
split_gain=8.91247 6.21039 7.24121 5.97999 9.51528 7.99621 3.62885
threshold=-123.33169221044271 0.82151296597049572 -19.425808790890638 0.025090682434730342 -67.728706422736209 0.088105642509696228 33.523426055747549
decision_type=2 2 2 2 2 2 2
left_child=-1 2 -2 4 -3 -5 -4
right_child=1 3 6 5 -6 -7 -8
leaf_value=0.023060471572062764 0.0054580559553957225 -0.017477768780815126 -0.038918723003624506 0.013005263783719918 0.0098938768509040254 -0.019206190814633664 -0.0060210404088093319
leaf_weight=12.401825085282324 8.2046467363834399 11.412260115146635 7.8842840343713743 7.6823197305202511 69.370864942669868 21.275397017598152 7.3975774943828583
leaf_count=50 33 46 32 31 279 86 30
internal_value=0.000556469 -0.00173753 -0.0151284 0.00121359 0.00551704 -0.00988802 -0.0264015
internal_weight=145.629 133.227 23.4865 109.741 80.7831 28.9577 15.2819
internal_count=587 537 95 442 325 117 62
is_linear=0
shrinkage=0.03


Tree=13
num_leaves=8
num_cat=0
split_feature=5 0 34 14 16 23 16
split_gain=9.9808 6.22169 6.0243 4.98235 3.60003 2.211 1.30954
threshold=-0.080030068158988207 0.018866765279158097 0.023728104522042329 157.31172550816839 16.553356666966561 0.99849326698491103 -33.232270430376779
decision_type=2 2 2 2 2 2 2
left_child=6 2 3 -2 -4 -3 -1
right_child=1 5 4 -5 -6 -7 -8
leaf_value=0.029734070346095445 0.0019549800902459872 0 -0.021714218571779 -0.021237761674386898 0 0.020275804338999039 0.0084353720174214185
leaf_weight=7.6705176681280163 70.34507343173027 7.9518894404172924 22.957863211631778 7.3795035779476157 8.1052379310131055 10.715548634529112 10.439540699124334
leaf_count=31 283 32 93 30 33 43 42
internal_value=0.000524439 -0.00243395 -0.00531432 -0.000536428 -0.01606 0.012516 0.0202623
internal_weight=145.565 127.455 108.788 77.7246 31.0631 18.6674 18.1101
internal_count=587 514 439 313 126 75 73
is_linear=0
shrinkage=0.03


Tree=14
num_leaves=8
num_cat=0
split_feature=5 0 34 20 19 34 16
split_gain=9.52385 5.91065 5.69175 8.02865 5.7694 2.14753 1.24586
threshold=-0.080030068158988207 0.018866765279158097 0.023728104522042329 0.0243409031075402 0.083837262955668498 0.0093242001049839169 -33.232270430376779
decision_type=2 2 2 2 2 2 2
left_child=6 2 3 -2 -4 -3 -1
right_child=1 5 4 -5 -6 -7 -8
leaf_value=0.029094911755057115 -0.0055404768755325916 0.0011216134054077983 0.0045799467698092169 0.017523857686935998 -0.02269762959616347 0.022399267529930041 0.0082259270154223588
leaf_weight=7.6481243818998363 62.563740983605385 10.721747532486917 7.6612534672021892 15.149012908339499 23.346474587917328 7.9505659341812125 10.435176625847815
leaf_count=31 252 43 31 61 95 32 42
internal_value=0.000521458 -0.00236566 -0.00517749 -0.000529364 -0.0156344 0.0121977 0.0198176
internal_weight=145.476 127.393 108.72 77.7128 31.0077 18.6723 18.0833
internal_count=587 514 439 313 126 75 73
is_linear=0
shrinkage=0.03


Tree=15
num_leaves=7
num_cat=0
split_feature=9 19 18 7 5 17
split_gain=11.2916 9.41716 10.6713 12.4781 6.71717 2.34844
threshold=0.10575958360579897 0.19508990224250469 0.68242765941703942 0.0014852124989926971 0.081387525980848655 3.7890131569858618
decision_type=2 2 2 2 2 2
left_child=1 2 3 -1 -4 -2
right_child=5 -3 4 -5 -6 -7
leaf_value=0.0011817570731781121 -0.027005480863827942 0.024799507113991971 0.0241743474710409 -0.025160952219984524 -0.0059577718945982702 -0.0030039343285990085
leaf_weight=67.60545127093792 12.544514536857607 14.334966048598288 20.690968200564388 18.845513939857483 7.4622624367475501 7.7023454606533042
leaf_count=273 51 58 83 76 30 31
internal_value=2.05137e-05 0.00347511 0.000299553 -0.0048302 0.0158247 -0.0196399
internal_weight=149.186 128.939 114.604 86.451 28.1532 20.2469
internal_count=602 520 462 349 113 82
is_linear=0
shrinkage=0.03


Tree=16
num_leaves=6
num_cat=0
split_feature=14 19 18 8 6
split_gain=9.31038 8.27386 5.658 13.4926 1.99403
threshold=153.86199895866733 0.21404214744114608 0.059080969214690686 -0.022936737943066471 0.011442621658848349
decision_type=2 2 2 2 2
left_child=1 2 -1 -4 -3
right_child=-2 4 3 -5 -6
leaf_value=-0.018423633765240987 -0.024636689849024583 0.032051361558291996 0.022162316230198088 -0.0032193117477717541 0.0057945164867768493
leaf_weight=11.879932090640066 10.560491204261778 7.4163383245468122 21.566949307918549 90.270554482936859 7.4105441719293594
leaf_count=48 43 30 87 364 30
internal_value=9.38957e-06 0.00231861 -0.000242355 0.00184694 0.022068
internal_weight=149.105 138.544 123.717 111.838 14.8269
internal_count=602 559 499 451 60
is_linear=0
shrinkage=0.03


Tree=17
num_leaves=9
num_cat=0
split_feature=9 33 18 18 5 17 37 25
split_gain=10.4915 11.3642 16.3064 12.4395 9.67149 6.13821 3.53706 3.27566
threshold=0.10575958360579897 0.56982419383402727 0.31097162207896262 0.059080969214690686 0.086070791736834754 -2.7930908867170507 0.047839393222479772 0.084626402482692778
decision_type=2 2 2 2 2 2 2 2
left_child=1 2 3 -1 7 -4 -2 -3
right_child=6 4 5 -5 -6 -7 -8 -9
leaf_value=-0.014514577018932407 -0.029130818681964619 0.0024859542514130994 0.0041099071869039085 0.018373711105145719 -0.0056034016772646671 -0.023354312581624674 -0.0021902822564771477 0.028042998602578372
leaf_weight=12.597979709506033 11.09278227388859 7.475991576910018 7.674963802099227 32.39962662756443 12.887908920645712 29.917922779917717 9.0827362686395627 25.913205042481422
leaf_count=51 45 30 31 131 52 121 37 104
internal_value=1.14768e-05 0.0033424 -0.00319767 0.00862098 0.0149741 -0.017444 -0.0189704 0.0232084
internal_weight=149.043 128.868 82.5905 44.9976 46.2771 37.5929 20.1755 33.3892
internal_count=602 520 334 182 186 152 82 134
is_linear=0
shrinkage=0.03


Tree=18
num_leaves=9
num_cat=0
split_feature=9 33 18 18 5 17 37 25
split_gain=9.98628 10.7373 15.3812 11.7785 9.1631 5.83888 3.36059 3.09841
threshold=0.10575958360579897 0.56982419383402727 0.31097162207896262 0.059080969214690686 0.086070791736834754 -2.7930908867170507 0.047839393222479772 0.17436910915171785
decision_type=2 2 2 2 2 2 2 2
left_child=1 2 3 -1 7 -4 -2 -3
right_child=6 4 5 -5 -6 -7 -8 -9
leaf_value=-0.014146006987208484 -0.028467326526559655 0.0090675511701913212 0.0040109809312499512 0.017850688512210493 -0.0054596802126880102 -0.022743310121279212 -0.0021368921196153255 0.030821811094140728
leaf_weight=12.5906485915184 11.057921633124353 14.961219713091849 7.6776164025068274 32.406937152147293 12.883079096674917 29.854705676436424 9.0803878456354123 18.445396929979324
leaf_count=51 45 60 31 131 52 121 37 74
internal_value=0 0.00324743 -0.00310987 0.00835762 0.0145518 -0.016965 -0.0185381 0.0225653
internal_weight=148.958 128.82 82.5299 44.9976 46.2897 37.5323 20.1383 33.4066
internal_count=602 520 334 182 186 152 82 134
is_linear=0
shrinkage=0.03


Tree=19
num_leaves=8
num_cat=0
split_feature=9 18 5 11 12 11 37
split_gain=9.51193 7.66296 10.2957 9.34187 5.97161 10.1474 3.19446
threshold=0.10575958360579897 0.68242765941703942 -0.093806918335116438 0.064034634831077422 60.376629818594104 -0.013347901020588747 0.047839393222479772
decision_type=2 2 2 2 2 2 2
left_child=1 2 -1 -4 -3 -6 -2
right_child=6 4 3 -5 5 -7 -8
leaf_value=0.022359321716098692 -0.027827110669571376 0.033975126555214112 -0.0091670547201815385 0.018528674928232659 -0.014354847192185832 0.021832569229057412 -0.0020847977616593322
leaf_weight=12.280820086598395 11.019552037119867 8.9821301549673063 72.934248417615891 10.658151090145109 10.456935092806816 13.435388997197151 9.0780767649412137
leaf_count=50 45 36 295 43 42 54 37
internal_value=0 0.00316042 -0.00105318 -0.00511012 0.0152345 0.0055297 -0.0181192
internal_weight=148.845 128.748 95.8732 83.5924 32.8745 23.8923 20.0976
internal_count=602 520 388 338 132 96 82
is_linear=0
shrinkage=0.03


Tree=20
num_leaves=12
num_cat=0
split_feature=36 36 14 7 9 1 28 23 22 20 40
split_gain=10.3741 14.5528 8.32505 10.964 8.01885 7.59957 6.65166 5.54323 2.86436 2.60004 2.44819
threshold=0.0070926940345379247 0.005595834481747968 -13.468109480524161 0.019240564055618272 0.046788565489143175 -0.018961646599301048 5.5000000000000009 1.0009986395049151 -0.040510218807720426 0.020336792741080408 -0.051074842381046752
decision_type=2 2 2 2 2 2 2 2 2 2 2
left_child=1 6 10 4 -4 -3 8 -8 -1 -7 -2
right_child=2 5 3 -5 -6 9 7 -9 -10 -11 -12
leaf_value=0.00060536494199946666 0.0060063557806539535 0.0044918353458678374 -0.033329890766672698 0.021491403327670598 0.0031274867473530983 -0.01148764266954167 0.020916513346962717 -0.00055888037618104789 -0.019729164627297485 -0.034585365978161954 0.032063277288203719
leaf_weight=9.843549847602846 7.6273498088121441 7.3870177567005149 7.89596855640412 10.936013072729109 9.9017889797687513 12.562547832727434 19.594730570912361 18.861199960112572 10.108959570527075 17.248811706900597 12.795964047312735
leaf_count=40 31 30 32 44 40 51 79 76 41 70 52
internal_value=-0.000135711 -0.00596837 0.010705 0 -0.0140222 -0.0201756 0.00319984 0.0105059 -0.00987267 -0.0266577 0.0244046
internal_weight=144.764 95.6068 49.1571 28.7338 17.7978 37.1984 58.4084 38.4559 19.9525 29.8114 20.4233
internal_count=586 387 199 116 72 151 236 155 81 121 83
is_linear=0
shrinkage=0.03


Tree=21
num_leaves=6
num_cat=0
split_feature=10 18 16 19 37
split_gain=9.88493 8.85049 6.52634 5.3322 8.89342
threshold=-0.043704791105858724 0.86863312623616318 36.355059825516435 0.21404214744114608 0.039975624818134221
decision_type=2 2 2 2 2
left_child=-1 3 -3 4 -2
right_child=1 2 -4 -5 -6
leaf_value=0.023602457604509606 -0.0037607855192332874 0.025301592244391723 -0.0043749743645009253 0.013045101358938188 -0.026189848111548831
leaf_weight=12.166195571422575 81.368501305580139 13.682754144072534 9.4266895502805692 9.1395226716995221 18.871951162815094
leaf_count=50 329 55 38 37 77
internal_value=-0.0001274 -0.00273658 0.0132144 -0.0064181 -0.00855986
internal_weight=144.656 132.489 23.1094 109.38 100.24
internal_count=586 536 93 443 406
is_linear=0
shrinkage=0.03


Tree=22
num_leaves=12
num_cat=0
split_feature=36 36 14 7 9 1 22 38 12 20 40
split_gain=9.62029 13.7647 7.82899 10.1436 7.62838 7.24068 6.30933 5.47205 3.37269 2.49007 2.39129
threshold=0.0070926940345379247 0.005595834481747968 -13.468109480524161 0.019240564055618272 0.046788565489143175 -0.018961646599301048 -0.059434364580216663 0.0098869160320118679 50.849986564272278 0.020336792741080408 -0.051074842381046752
decision_type=2 2 2 2 2 2 2 2 2 2 2
left_child=1 6 10 4 -4 -3 8 -8 -1 -7 -2
right_child=2 5 3 -5 -6 9 7 -9 -10 -11 -12
leaf_value=0 0.0055664649004169599 0.0044523686424667586 -0.032440822492211099 0.020615771662265567 0.0031186859263265428 -0.011080063528091075 -0.014768200752491625 0.0095521525223572872 0.021667662894309585 -0.033700559165344868 0.031185251239271683
leaf_weight=11.820734247565271 7.6086618006229427 7.3815254420042029 7.861414819955832 10.942639321088789 9.9025707244873029 12.538988277316095 19.985209882259372 10.943462073802946 15.615400105714796 17.170492678880692 12.761192142963408
leaf_count=48 31 30 32 44 40 51 81 44 63 70 52
internal_value=-0.000109393 -0.00573468 0.0103345 0 -0.0135495 -0.0195794 0.0031724 -0.00564991 0.0133355 -0.0259276 0.0236398
internal_weight=144.532 95.4558 49.0765 28.7066 17.764 37.091 58.3648 30.9287 27.4361 29.7095 20.3699
internal_count=586 387 199 116 72 151 236 125 111 121 83
is_linear=0
shrinkage=0.03


Tree=23
num_leaves=9
num_cat=0
split_feature=5 18 5 37 19 5 19 5
split_gain=12.7577 9.51131 7.88755 6.18309 7.31398 5.56684 2.92615 0.817034
threshold=-0.081235837064057889 0.86863312623616318 0.1087938205585265 0.0049645344390025778 0.078959994060369507 0.015840873474814669 0.15383467747534255 0.056339377737696379
decision_type=2 2 2 2 2 2 2 2
left_child=6 3 7 5 -5 -2 -1 -3
right_child=1 2 -4 4 -6 -7 -8 -9
leaf_value=0.0030118071245927775 -0.004760169917964541 0.032219954596232774 -0.009330889102765522 0.0021136672869900689 -0.019735774220105449 0.019852075810134109 0.029958126115470281 0.0098190474222577123
leaf_weight=7.4459959119558361 30.84752681851387 7.7149150818586367 7.6774847060441962 17.32274354994297 45.10600782930851 8.9530727714300138 11.61988891661167 7.7088958770036697
leaf_count=30 125 31 31 70 184 36 48 31
internal_value=-9.03553e-05 -0.00376738 0.0126705 -0.00779771 -0.0135628 0.00110241 0.0214316 0.024297
internal_weight=144.397 125.331 23.1013 102.229 62.4288 39.8006 19.0659 15.4238
internal_count=586 508 93 415 254 161 78 62
is_linear=0
shrinkage=0.03


Tree=24
num_leaves=9
num_cat=0
split_feature=5 33 15 18 18 28 5 19
split_gain=12.1271 11.1456 13.1451 7.67883 10.2253 5.82509 3.55917 2.78539
threshold=-0.081235837064057889 0.48298205318741699 112.03563050483869 0.34250040217101124 0.10439744222380354 7.5000000000000009 0.1087938205585265 0.15383467747534255
decision_type=2 2 2 2 2 2 2 2
left_child=7 3 5 4 -2 -3 -4 -1
right_child=1 2 6 -5 -6 -7 -8 -9
leaf_value=0.0029408461923582864 -0.025885035020339172 0.019413547932736787 -0.00085523701298402457 -0.02869855157154684 0.0068117146809064033 0 -0.029253968141608994 0.029318838210899617
leaf_weight=7.4451632499694851 11.054684296250342 30.260156542062759 8.3297282159328478 18.502890303730965 22.528907984495163 25.819650441408157 8.7106986045837385 11.561550647020338
leaf_count=30 45 122 34 76 91 104 36 48
internal_value=-4.95541e-05 -0.00363685 0.00374878 -0.0140375 -0.00437946 0.0109121 -0.0177078 0.020964
internal_weight=144.213 125.207 73.1202 52.0865 33.5836 56.0798 17.0404 19.0067
internal_count=586 508 296 212 136 226 70 78
is_linear=0
shrinkage=0.03


Tree=25
num_leaves=9
num_cat=0
split_feature=5 28 21 20 9 10 23 35
split_gain=5.80209 6.27682 10.9986 7.5752 6.33572 9.63738 6.09963 4.73877
threshold=-0.0818849568010067 7.5000000000000009 0.018151294143922945 0.01648702557946256 0.11757753788265915 -0.0019576704634878812 0.82151296597049572 0.01548808343751973
decision_type=2 2 2 2 2 2 2 2
left_child=7 4 3 -3 5 -2 -4 -1
right_child=1 2 6 -5 -6 -7 -8 -9
leaf_value=-0.0045550836896073154 -0.0098380827930059974 0 -0.014005278824238647 -0.02766056820123472 -0.022014678286206943 0.013260539724704753 0.015399209454359805 0.023615658801000049
leaf_weight=7.2813659608364132 24.560008272528648 10.676885366439818 7.9890164732933071 32.094262644648552 7.5935333967208853 38.810071647167206 14.651143759489058 10.225437611341475
leaf_count=30 100 43 33 131 31 157 59 42
internal_value=-0.00328567 -0.00548228 -0.0120496 -0.0207453 0.000529928 0.00405176 0.00411992 0.0118643
internal_weight=153.882 136.375 65.4113 42.7711 70.9636 63.3701 22.6402 17.5068
internal_count=626 554 266 174 288 257 92 72
is_linear=0
shrinkage=0.03


Tree=26
num_leaves=10
num_cat=0
split_feature=11 40 37 3 26 35 13 11 33
split_gain=7.32551 8.33482 11.7742 6.9806 5.66524 4.32348 3.67461 3.67434 5.19384
threshold=0.01474656622548365 0.006228166904635902 0.048460313830394626 -0.045193945285255714 0.13293172690763055 0.061422043828735846 5.4302136741508962 0.079510754566463962 0.49869001323703904
decision_type=2 2 2 2 2 2 2 2 2
left_child=1 4 6 -2 -1 -6 -3 8 -5
right_child=3 2 -4 7 5 -7 -8 -9 -10
leaf_value=0.0078045438325429961 0.013008090582782055 0.026403436188893754 -0.011823652915208217 -0.031779105327373727 -0.020020850668908362 0.0038440196262608177 0.0009920056721753306 0.00073201567541054773 -0.0093588319246823912
leaf_weight=14.022858113050459 7.6118164360523215 23.767003655433658 11.948183879256247 15.08143939077854 22.56668841838837 7.3389482349157324 8.1626560986042005 10.047180607914923 33.159759908914566
leaf_count=57 31 96 49 62 92 30 33 41 135
internal_value=-0.0032011 0.00233396 0.0114543 -0.0106485 -0.0065514 -0.0138203 0.0207906 -0.0143157 -0.0176526
internal_weight=153.707 87.8063 43.8778 65.9002 43.9285 29.9056 31.9297 58.2884 48.2412
internal_count=626 357 178 269 179 122 129 238 197
is_linear=0
shrinkage=0.03


Tree=27
num_leaves=9
num_cat=0
split_feature=34 15 38 20 3 23 34 27
split_gain=6.68136 10.5579 7.54737 6.68756 6.14783 5.52972 6.43825 4.59807
threshold=0.025090682434730342 -62.476596680206718 0.0087985110680610882 0.023826269085888443 0.031185726976888376 0.75514954978907878 -0.0039231273624454324 2.5000000000000004
decision_type=2 2 2 2 2 2 2 2
left_child=3 -2 -3 5 7 -1 -7 -5
right_child=1 2 -4 4 -6 6 -8 -9
leaf_value=-0.024606903775263353 0.013255259304103477 -0.0036445059316171425 -0.034578668210627987 0.028510017253853288 -0.0062220951112372724 -0.010886361422331953 0.0067698561224416882 0.00083696775815069141
leaf_weight=8.5108628123998624 8.2497075498104078 14.463081434369089 16.202314436435699 14.93334372341633 10.619993507862089 31.50541228055954 39.273098424077034 9.818326920270918
leaf_count=35 34 59 67 61 43 128 159 40
internal_value=-0.00310709 -0.0135292 -0.0215645 0.000472821 0.0110816 -0.00423154 -0.000966482 0.0189768
internal_weight=153.576 38.9151 30.6654 114.661 35.3717 79.2894 70.7785 24.7517
internal_count=626 160 126 466 144 322 287 101
is_linear=0
shrinkage=0.03


Tree=28
num_leaves=10
num_cat=0
split_feature=11 38 7 19 12 38 18 38 36
split_gain=6.80625 8.22648 6.74319 4.98189 6.96038 5.53189 3.7794 3.60191 3.64009
threshold=0.01474656622548365 0.0068828079559486314 -0.019960339000954872 0.16633610549513825 47.760232584653977 0.013218504698372782 0.14758226113929521 0.0072297467787774848 0.005159720709247047
decision_type=2 2 2 2 2 2 2 2 2
left_child=1 -1 6 4 -3 -5 -2 -4 -9
right_child=2 3 7 5 -6 -7 -8 8 -10
leaf_value=0.024781314627878463 -0.00676168988071023 -0.01707606392142139 -0.0010331723330143146 0.022946342734365775 0.0030998538050360626 -0.0060578291417814024 0.019609244987611282 -0.0038493304732584092 -0.026364071206057715
leaf_weight=10.655746206641195 7.5335424989461881 25.229928448796272 14.028234139084814 11.667124256491663 32.029074534773827 8.1055366992950422 7.4025605320930481 11.731501445174215 25.036732345819473
leaf_count=43 31 103 57 48 130 33 30 48 103
internal_value=-0.00302906 0.00230271 -0.0102211 -0.00116538 -0.00581338 0.0109033 0.00619471 -0.0153839 -0.0201365
internal_weight=153.42 87.6874 65.7326 77.0317 57.259 19.7727 14.9361 50.7965 36.7682
internal_count=626 357 269 314 233 81 61 208 151
is_linear=0
shrinkage=0.03


Tree=29
num_leaves=9
num_cat=0
split_feature=37 34 34 4 8 9 38 38
split_gain=6.28903 6.16252 7.55937 7.0457 6.02491 4.7732 5.87351 3.78382
threshold=0.05533558907384107 0.023728104522042329 0.0085086567538424935 0.023380161449281459 0.023083495314016256 -0.055347627261756467 0.0087985110680610882 0.0077482355899553693
decision_type=2 2 2 2 2 2 2 2
left_child=1 2 3 -1 -4 -3 -7 -2
right_child=7 5 4 -5 -6 6 -8 -9
leaf_value=-0.0093394293406017393 0 0.0063368720207337406 0.022032102189842282 0.0099113056651651578 -0.0056672233223907208 -0.00035900848824696712 -0.029339212663576447 -0.029041671342930415
leaf_weight=45.1186703145504 7.3452032506465939 8.2575716525316221 23.853402629494671 24.475151032209396 7.7027293890714637 12.247460290789606 13.970241308212278 10.296243265271185
leaf_count=184 30 34 97 99 31 50 58 43
internal_value=-0.00294068 -0.000521047 0.00312127 -0.00227196 0.014889 -0.011204 -0.0173178 -0.0188316
internal_weight=153.267 135.625 101.15 69.5938 31.5561 34.4753 26.2177 17.6414
internal_count=626 553 411 283 128 142 108 73
is_linear=0
shrinkage=0.03


Tree=30
num_leaves=12
num_cat=0
split_feature=36 36 12 4 33 38 36 20 9 26 33
split_gain=9.68784 13.4701 7.30421 11.5993 7.49036 5.94883 5.64949 4.6903 4.08303 2.14378 1.31343
threshold=0.0069051313625328719 0.0055006754524176199 50.623162742653896 0.02653413720058662 0.27231262823349567 0.011702842693925236 0.0086915059876981407 0.032680333485503692 0.06338328035693673 0.35566239316239323 0.493430622312168
decision_type=2 2 2 2 2 2 2 2 2 2 2
left_child=1 2 4 -4 -1 6 8 -7 -2 10 -3
right_child=5 9 3 -5 -6 7 -8 -9 -10 -11 -12
leaf_value=0.0052167144111414385 0.030105834271044095 -0.03193635346164448 0.033327095667084715 -0.00097299710174738522 -0.027115226089056171 -0.017896688573184955 -0.0020881173633656553 0.011224417079709084 0.0034690093584227671 -0.0061090892407780553 -0.0088022335282478548
leaf_weight=13.514507338404657 21.325934484601024 12.326159462332731 12.875521332025526 19.735125422477722 8.7261865139007551 7.9900559931993467 8.6477353274822217 7.5546829551458359 9.1350783407688123 11.927878051996229 7.5192977935075751
leaf_count=55 87 51 52 80 36 33 35 31 37 49 31
internal_value=0.00167783 -0.00441978 0.00439218 0.0132794 -0.00804054 0.011422 0.0174815 -0.0032228 0.0232856 -0.0194355 -0.025466
internal_weight=141.278 86.6247 54.8513 32.6106 22.2407 54.6535 39.1087 15.5447 30.461 31.7733 19.8455
internal_count=577 354 223 132 91 223 159 64 124 131 82
is_linear=0
shrinkage=0.03


Tree=31
num_leaves=11
num_cat=0
split_feature=36 36 28 19 14 6 2 19 1 33
split_gain=9.1932 12.8326 7.56251 7.08688 5.82237 6.78714 7.56327 3.87633 2.59952 3.0806
threshold=0.0069051313625328719 0.0055006754524176199 4.5000000000000009 0.088747570419856245 89.804219402954473 -0.013004812369323512 0.027715347147888262 0.098313248564832825 -0.013737541766452087 0.72721583797929246
decision_type=2 2 2 2 2 2 2 2 2 2
left_child=1 2 7 -4 5 -2 -7 -1 -3 -10
right_child=4 8 3 -5 -6 6 -8 -9 9 -11
leaf_value=-0.023020971877957874 -0.0046250108903019586 -0.0020582666731027406 0.027839433268570749 0.0011360217576638302 -0.0081165362377380763 0.029685094368186442 0 0.0029788119938507192 -0.03109975179698202 -0.0041697490157225486
leaf_weight=9.0131682902574557 9.7815452963113767 8.4921233057975787 13.163880646228789 25.365655422210693 9.381038621067999 25.397447466850281 10.079400554299353 7.2846690565347663 15.65426926314831 7.5481116473674765
leaf_count=37 40 35 53 103 38 104 41 30 65 31
internal_value=0.00161415 -0.0043276 0.00426494 0.0115531 0.0111083 0.0155855 0.0215075 -0.0115247 -0.0190076 -0.0239603
internal_weight=141.161 86.5219 54.8274 38.5295 54.6394 45.2584 35.4768 16.2978 31.6945 23.2024
internal_count=577 354 223 156 223 185 145 67 131 96
is_linear=0
shrinkage=0.03


Tree=32
num_leaves=9
num_cat=0
split_feature=9 14 34 28 14 16 25 12
split_gain=6.229 8.80374 7.03417 6.38235 4.94921 3.26974 2.70699 2.63562
threshold=0.11173466512743503 44.53888450764817 0.026885413755844526 4.5000000000000009 88.046143130130545 16.983536946978145 0.17047223663726002 47.137760402774923
decision_type=2 2 2 2 2 2 2 2
left_child=1 2 3 -1 6 -6 -3 -4
right_child=-2 4 7 -5 5 -7 -8 -9
leaf_value=-0.011427333759577349 -0.016552958930209655 0.0072457425362313097 -0.022876388008919182 0.0084876113937451172 -0.0068493577065538522 0.015795051992184107 0.035675114187605446 0
leaf_weight=17.240882530808449 13.073431998491285 7.6911309659481075 13.400536969304087 53.5102549046278 10.078804299235346 8.3850840777158719 10.403627038002012 7.2531644999980918
leaf_count=71 54 31 56 218 41 34 42 30
internal_value=0.00155094 0.00374222 -0.00115272 0.00324775 0.0157947 0.0032399 0.0262616 -0.0158449
internal_weight=141.037 127.963 91.4048 70.7511 36.5586 18.4639 18.0948 20.6537
internal_count=577 523 375 289 148 75 73 86
is_linear=0
shrinkage=0.03


Tree=33
num_leaves=9
num_cat=0
split_feature=9 33 18 18 21 10 11 6
split_gain=5.91824 7.89584 9.80132 14.923 8.07942 6.27434 4.82117 1.50585
threshold=0.11173466512743503 0.54176743219610179 0.2900523113420555 0.10439744222380354 0.021247896361098802 0.014218438227241116 -0.014197333240809127 0.014194138457152627
decision_type=2 2 2 2 2 2 2 2
left_child=1 2 3 -1 -4 7 -7 -3
right_child=-2 5 4 -5 -6 6 -8 -9
leaf_value=-0.014638044623131258 -0.016159107572173932 0.036501869383882189 -0.022118458995794746 0.020881616289298154 0.0094967915408694994 -0.0082356385845718735 0.012604465115274641 0.011177275650374508
leaf_weight=15.289609894156454 13.039575606584547 7.9478702992200878 25.821871891617775 25.107781156897545 7.8022303730249396 14.066859364509581 22.973250210285187 8.9019194394350034
leaf_count=63 54 32 107 103 32 57 93 36
internal_value=0.00150456 0.00364175 -0.00255611 0.00702798 -0.01424 0.0122101 0.00428927 0.0265239
internal_weight=140.951 127.911 74.0215 40.3974 33.6241 53.8899 37.0401 16.8498
internal_count=577 523 305 166 139 218 150 68
is_linear=0
shrinkage=0.03


Tree=34
num_leaves=7
num_cat=0
split_feature=14 18 18 33 10 5
split_gain=5.91644 6.88037 8.71172 10.8094 3.28659 0.647085
threshold=150.1560059894305 0.10439744222380354 0.23068750760520521 0.53351302785265065 -0.02833353711866032 -0.04630827843023793
decision_type=2 2 2 2 2 2
left_child=1 4 5 -4 -1 -3
right_child=-2 2 3 -5 -6 -7
leaf_value=0 -0.019917197864625608 0.011692204546980436 -0.009224140598243228 0.0103461562151516 -0.026146893357317777 0.032967090635556952
leaf_weight=7.8033241629600525 8.6187615245580655 9.1173843890428561 41.092527776956558 59.00666107237339 7.4675466418266279 7.6929863989353171
leaf_count=32 36 38 170 239 31 31
internal_value=0.0014731 0.00325572 0.00587193 0.00214197 -0.0142654 0.0246958
internal_weight=140.799 132.18 116.91 100.099 15.2709 16.8104
internal_count=577 541 478 409 63 69
is_linear=0
shrinkage=0.03


Tree=35
num_leaves=7
num_cat=0
split_feature=14 19 36 36 20 26
split_gain=6.42755 7.74716 7.79626 11.0384 8.56841 1.79634
threshold=150.1560059894305 0.21404214744114608 0.0055006754524176199 0.0069051313625328719 0.021963693245026124 0.22961896322552064
decision_type=2 2 2 2 2 2
left_child=1 2 4 -4 -1 -3
right_child=-2 5 3 -5 -6 -7
leaf_value=-0.0011145709196891023 -0.020375279238218243 0.030843997251711528 -0.019688520614623759 0.0032605898506597245 0.023850267462760762 0.0058191130959580357
leaf_weight=27.842001482844353 9.9933927655220014 7.5815253406763059 30.015493124723434 42.703241586685181 18.640290886163712 7.5569513440132141
leaf_count=113 42 31 125 174 76 31
internal_value=0.000554991 0.00249804 -8.71554e-05 -0.00628462 0.0091583 0.0213639
internal_weight=144.333 134.34 119.201 72.7187 46.4823 15.1385
internal_count=592 550 488 299 189 62
is_linear=0
shrinkage=0.03


Tree=36
num_leaves=9
num_cat=0
split_feature=19 19 7 18 16 33 6 23
split_gain=5.53008 7.19657 6.96958 9.12216 8.18913 5.29426 4.80845 4.33884
threshold=0.21404214744114608 0.088105642509696228 -0.016035141574578492 0.070164298298848682 16.296838761158721 0.56982419383402727 0.008324737810301094 0.9873076283369423
decision_type=2 2 2 2 2 2 2 2
left_child=1 5 3 -3 -4 7 -2 -1
right_child=6 2 4 -5 -6 -7 -8 -9
leaf_value=0.01074908227235016 0.027512084352433346 -0.014206386286817013 -0.020923773559425124 0.020929303717860951 0 0.022944807522112153 -0.0010628136259735067 -0.012006869253928477
leaf_weight=14.679989129304888 9.896674647927286 8.9536862373352069 35.039163783192635 14.354235261678694 29.09433077275753 12.886431902647017 7.574486017227172 11.718314498662947
leaf_count=60 41 37 145 59 119 52 31 48
internal_value=0.000547844 -0.00160832 -0.00646434 0.00678327 -0.0115653 0.0086266 0.0155166 0
internal_weight=144.197 126.726 87.4414 23.3079 64.1335 39.2847 17.4712 26.3983
internal_count=592 520 360 96 264 160 72 108
is_linear=0
shrinkage=0.03


Tree=37
num_leaves=8
num_cat=0
split_feature=14 33 18 14 11 23 20
split_gain=6.09752 7.3287 10.9717 5.9858 9.15761 4.99824 2.68573
threshold=150.1560059894305 0.54176743219610179 0.33000926115727985 7.2762811508068816 -0.0165084358444712 1.0578425017697708 0.02459396481378984
decision_type=2 2 2 2 2 2 2
left_child=1 2 5 -3 -5 -1 -4
right_child=-2 3 6 4 -6 -7 -8
leaf_value=0.012411779990017996 -0.019880575693437954 0.026053569322525231 -0.024001867451201857 -0.019154242306052057 0.011019633179036068 -0.0067038741733355701 -0.0004643568066919716
leaf_weight=28.540950000286102 9.9449649453163129 14.076491162180899 19.300815001130108 9.5825990289449674 37.4571393430233 17.880968242883682 7.2596938908100119
leaf_count=117 42 57 81 39 152 74 30
internal_value=0.000544724 0.0024396 -0.00379784 0.0100101 0.00403647 0.00476619 -0.0185767
internal_weight=144.044 134.099 72.9824 61.1162 47.0397 46.4219 26.5605
internal_count=592 550 302 248 191 191 111
is_linear=0
shrinkage=0.03


Tree=38
num_leaves=6
num_cat=0
split_feature=14 11 19 36 6
split_gain=5.80571 7.10727 8.73614 9.21245 3.47743
threshold=150.1560059894305 0.079510754566463962 0.21404214744114608 0.005595834481747968 0.0072071608495620342
decision_type=2 2 2 2 2
left_child=1 2 3 -1 -4
right_child=-2 -3 4 -5 -6
leaf_value=0.0074238584653812095 -0.01945595259760077 0.026561426499330965 0.032337359411517996 -0.0097811758930667972 0.0019283641404147364
leaf_weight=45.178318351507187 9.9014643132686597 8.1258298307657224 7.7458610534667951 65.606612384319305 7.335308313369751
leaf_count=184 42 33 32 271 30
internal_value=0.000510869 0.00236107 0.000290384 -0.0026247 0.0203825
internal_weight=143.893 133.992 125.866 110.785 15.0812
internal_count=592 550 517 455 62
is_linear=0
shrinkage=0.03


Tree=39
num_leaves=13
num_cat=0
split_feature=37 28 15 40 7 6 5 19 7 3 21 3
split_gain=5.07933 6.02787 9.60442 9.34947 6.87257 5.83301 4.69957 5.25251 4.88605 3.74288 2.94062 2.371
threshold=0.0076462226194665703 6.5000000000000009 -7.6447763824280477 0.04721672586585391 0.01781596060228751 0.011673766138789137 -0.027381550488605685 0.16633610549513825 -0.016846647621742018 0.015947495442112495 0.013837758776670704 0.0015785241258277074
decision_type=2 2 2 2 2 2 2 2 2 2 2 2
left_child=6 3 10 11 -4 -5 7 8 -1 -8 -3 -2
right_child=1 2 4 5 -6 -7 9 -9 -10 -11 -12 -13
leaf_value=0.0044827212507630295 0.00103303613781889 0.017292995008014393 -0.033190279051882057 0.033695042650911375 -0.0019759430823772435 0 0.026497104382814426 0.01614795060083558 -0.019173814611197135 0 -0.0044837215428899409 -0.017012235257558638
leaf_weight=14.163982227444647 10.006036415696146 7.745503947138789 16.503164768218998 9.2875823080539721 11.71380667388439 7.8407855033874503 13.327780380845072 11.22978839278221 12.556191429495813 8.5860088765621168 9.9407181739807111 10.871852636337278
leaf_count=58 41 32 69 38 48 32 54 47 52 35 41 45
internal_value=0.000515017 -0.00410186 -0.0112985 0.00434543 -0.021717 0.0198878 0.00715224 0.000175091 -0.00667263 0.0175827 0.00507919 -0.00837386
internal_weight=143.773 83.9095 45.9032 38.0063 28.217 17.1284 59.8638 37.95 26.7202 21.9138 17.6862 20.8779
internal_count=592 346 190 156 117 70 246 157 110 89 73 86
is_linear=0
shrinkage=0.03


Tree=40
num_leaves=8
num_cat=0
split_feature=14 34 33 16 33 39 19
split_gain=8.60253 7.27736 6.62197 9.02182 6.02569 4.78083 3.32389
threshold=163.07365513495873 0.024618141020268828 0.47374548805775291 -31.289739237801829 0.85630718160472841 1.0000000180025095e-35 0.09899459021571827
decision_type=2 2 2 2 2 2 2
left_child=1 2 3 -1 -4 -3 -7
right_child=-2 5 4 -5 -6 6 -8
leaf_value=0.020967463661911146 -0.026039289322000007 0.0070484900860559238 0.020338424622136021 -0.0088625605589829556 -0.00042137981603766593 -0.0012354163270516087 -0.025268884257431328
leaf_weight=9.8909165114164335 8.4084203541278821 8.9266026169061643 35.231386139988899 36.314765140414238 16.792069882154465 10.221375748515131 13.395630374550818
leaf_count=41 36 37 143 150 68 42 57
internal_value=0.00011279 0.0022742 0.00642592 -0.00156091 0.0135924 -0.00946956 -0.0163614
internal_weight=139.181 130.773 98.2291 46.2057 52.0235 32.5436 23.617
internal_count=574 538 402 191 211 136 99
is_linear=0
shrinkage=0.03


Tree=41
num_leaves=8
num_cat=0
split_feature=14 20 14 20 5 19 12
split_gain=8.22331 10.0966 7.93179 5.12988 7.48658 5.12491 4.26994
threshold=163.07365513495873 0.025024887544381872 -65.632418690222252 0.026838983579646293 -0.057109660459854376 0.11830501356098873 36.363664691108745
decision_type=2 2 2 2 2 2 2
left_child=1 2 6 -3 -5 -4 -1
right_child=-2 3 5 4 -6 -7 -8
leaf_value=-0.0027219824812293957 -0.025545221166613143 0.03157392392139776 0.0064912047641722086 0.019722780901567708 -0.013032856097212196 -0.0098394584174528194 -0.032269097617735491
leaf_weight=10.164904549717905 8.3534323871135694 10.994935035705565 57.206006094813347 12.614134803414343 8.7096373140811938 22.095465481281281 8.8571510463953
leaf_count=42 36 45 234 53 36 91 37
internal_value=9.3928e-05 0.00220687 -0.00250421 0.0162872 0.00573039 0.00162644 -0.0189545
internal_weight=138.996 130.642 98.3235 32.3187 21.3238 79.3015 19.0221
internal_count=574 538 404 134 89 325 79
is_linear=0
shrinkage=0.03


Tree=42
num_leaves=6
num_cat=0
split_feature=35 14 20 5 20
split_gain=8.31919 6.74335 7.93884 7.61601 6.20317
threshold=-0.089649169546516014 163.07365513495873 0.024714069980397938 -0.030003243370068541 0.026838983579646293
decision_type=2 2 2 2 2
left_child=-1 2 3 -2 -4
right_child=1 -3 4 -5 -6
leaf_value=0.027636328136717344 -0.016953329386858021 -0.025064813267954556 0.026249822864937326 0.0012659447385583362 0
leaf_weight=7.2785742580890647 27.542481005191803 8.2973189651966077 13.945334643125532 63.607143312692642 18.168840005993843
leaf_count=30 115 36 57 260 76
internal_value=7.03881e-05 -0.00173338 9.25095e-05 -0.0043241 0.0125865
internal_weight=138.84 131.561 123.264 91.1496 32.1142
internal_count=574 544 508 375 133
is_linear=0
shrinkage=0.03


Tree=43
num_leaves=11
num_cat=0
split_feature=20 5 15 13 5 38 2 24 8 24
split_gain=7.01216 5.29386 8.96377 7.09461 6.74349 4.9507 4.42765 3.62173 3.00144 1.52579
threshold=0.025024887544381872 -0.030003243370068541 101.71811170189785 -4.7807126152182056 0.097295996970624424 0.011072290314010018 0.027715347147888262 -0.52162225338943424 -0.018283388705587166 -0.037749287749287742
decision_type=2 2 2 2 2 2 2 2 2 2
left_child=1 3 5 -1 -4 -3 7 -2 -5 -9
right_child=6 2 4 8 -6 -7 -8 9 -10 -11
leaf_value=0.0082300740505140135 0 0.01036665790194651 0.0005545081858084397 -0.0095452915324991828 -0.03415140690957523 -0.011636349307428762 -0.0065995417659529222 0.03371755671126056 -0.035317159322055938 0.011462088594486072
leaf_weight=7.5536607503891018 7.453298136591914 47.658748865127563 8.2947224974632281 13.746067926287655 8.1029031723737699 8.9567553848028165 7.5003550946712485 7.6821440309286162 8.6438255012035334 13.122817471623417
leaf_count=31 31 194 34 57 35 37 31 32 37 55
internal_value=7.59772e-05 -0.00380733 0.00043964 -0.0140117 -0.0176284 0.00635154 0.0112635 0.0166233 -0.0221899 0.0225739
internal_weight=138.715 102.957 73.0131 29.9436 16.3976 56.6155 35.7586 28.2583 22.3899 20.805
internal_count=574 425 300 125 69 231 149 118 94 87
is_linear=0
shrinkage=0.03


Tree=44
num_leaves=7
num_cat=0
split_feature=35 12 33 11 18 11
split_gain=7.85188 5.95685 8.34584 7.66328 7.48913 2.70698
threshold=-0.089649169546516014 66.518698563801351 0.56982419383402727 0.054392735977726987 0.34250040217101124 0.023493162984762454
decision_type=2 2 2 2 2 2
left_child=-1 2 4 -4 -2 -3
right_child=1 5 3 -5 -6 -7
leaf_value=0.026881171603468808 0.0031775514934354585 -0.0017823880201022903 0.025083426758313623 -0.002264210668029358 -0.016048568568438924 -0.022359373192323503
leaf_weight=7.2492988854646674 44.471620664000511 12.349143698811533 19.070613220334053 14.213775619864462 27.348315730690956 13.832869932055472
leaf_count=30 184 50 78 58 115 59
internal_value=5.35273e-05 -0.00169642 0.00143299 0.0135134 -0.00417682 -0.0140014
internal_weight=138.536 131.286 105.104 33.2844 71.8199 26.182
internal_count=574 544 435 136 299 109
is_linear=0
shrinkage=0.03


Tree=45
num_leaves=8
num_cat=0
split_feature=23 24 16 5 23 15 20
split_gain=5.29506 6.16976 5.00466 4.80332 6.65523 2.6551 1.69135
threshold=0.75011501972412253 -0.54842420059811359 -1.7625364965376382 0.11942996953729181 0.96526601449555882 -2.1340802532240217 0.022468456447958741
decision_type=2 2 2 2 2 2 2
left_child=6 2 5 4 -3 -2 -1
right_child=1 3 -4 -5 -6 -7 -8
leaf_value=-0.022261884541129342 -0.001378476762746229 0.018332547028667864 0.0041855867997652148 -0.0098768763493262395 0.0018620217449872038 -0.027356759130470514 -0.00080298854031362124
leaf_weight=8.2588500678539258 7.2634592801332518 38.543627679347992 14.009219393134115 11.384756341576574 54.73966558277607 9.6537881344556808 7.3867921829223624
leaf_count=35 30 159 58 48 226 40 31
internal_value=0.00111739 0.00317707 -0.00803522 0.00671915 0.00906684 -0.0183208 -0.0142199
internal_weight=151.24 135.595 30.9265 104.668 93.2833 16.9172 15.6456
internal_count=627 561 128 433 385 70 66
is_linear=0
shrinkage=0.03


Tree=46
num_leaves=9
num_cat=0
split_feature=9 14 15 28 28 26 35 2
split_gain=7.10229 6.57107 7.93864 10.265 7.05106 4.93995 5.29162 3.05576
threshold=0.10575958360579897 44.53888450764817 -3.3444790024422613 4.5000000000000009 7.5000000000000009 0.20725945017182132 -0.0098583106455546448 0.02975894643247479
decision_type=2 2 2 2 2 2 2 2
left_child=1 2 3 -1 -4 -3 -7 -2
right_child=7 5 4 -5 -6 6 -8 -9
leaf_value=-0.01389341747422038 -0.024740182546106708 0 0.0016885428219196856 0.01163233339763833 -0.026336175233651879 0.0022958439292678208 0.033472851218230959 0
leaf_weight=16.937907010316849 10.360459700226786 13.780461624264715 13.256559640169145 52.075192779302597 14.90946117043495 9.3819994628429413 12.990953490138054 7.4742462784051886
leaf_count=71 45 56 55 216 62 38 53 31
internal_value=0.00106074 0.00359499 -0.000389807 0.00494146 -0.0134114 0.0141581 0.0222756 -0.0155812
internal_weight=151.167 133.333 97.1791 69.0131 28.166 36.1534 22.373 17.8347
internal_count=627 551 404 287 117 147 91 76
is_linear=0
shrinkage=0.03


Tree=47
num_leaves=9
num_cat=0
split_feature=37 34 34 21 32 11 6 19
split_gain=5.41654 4.65412 8.75909 11.1628 3.44558 3.25951 2.5822 2.50125
threshold=0.046132290406887162 0.026885413755844526 -0.0083372371273247019 0.013906440393033367 -0.0024753840215186447 -0.057576570221093075 -0.0020523721592269734 0.16377856502316143
decision_type=2 2 2 2 2 2 2 2
left_child=1 2 3 -1 -2 -4 -3 -6
right_child=4 6 5 -5 7 -7 -8 -9
leaf_value=-0.031354396628752459 0.0050427903778690088 -0.017029367789895916 -0.0021380363800199862 0.004218350097900966 -0.023459992930080126 0.017165513555062285 0.0012056761383023001 -0.00052301603438377193
leaf_weight=7.9501224458217612 7.3943539410829571 10.919860407710077 7.2413403838872901 35.902883172035217 13.041786193847658 48.830091923475266 11.706822052597998 8.0469682961702329
leaf_count=33 31 46 30 149 55 200 49 34
internal_value=0.00102213 0.00387136 0.00672728 -0.00298982 -0.0101945 0.0144265 -0.00765394 -0.0161609
internal_weight=151.034 122.551 99.9244 43.853 28.4831 56.0714 22.6267 21.0888
internal_count=627 507 412 182 120 230 95 89
is_linear=0
shrinkage=0.03


Tree=48
num_leaves=8
num_cat=0
split_feature=9 19 21 18 11 25 2
split_gain=6.68375 5.90297 8.02288 6.94055 6.56476 3.23761 2.97625
threshold=0.10575958360579897 0.16377856502316143 0.022609968943640969 0.66004963040955766 -0.010942439819394576 0.21103238866396765 0.02975894643247479
decision_type=2 2 2 2 2 2 2
left_child=1 2 3 -1 5 -3 -2
right_child=6 4 -4 -5 -6 -7 -8
leaf_value=-0.0019615273816636697 -0.024279817100880487 -0.010707789936599026 -0.022532344962012913 0.014894381930168722 0.032477762638754147 0.014210457137522439 0
leaf_weight=68.90706230700016 10.294929891824724 7.1491024196147936 10.311878338456152 29.315174177289009 10.118292927742003 7.3543571531772614 7.4643966406583777
leaf_count=286 45 30 43 119 42 31 31
internal_value=0.000967713 0.00342905 0.000180203 0.00311641 0.0160973 0.00120963 -0.0152069
internal_weight=150.915 133.156 108.534 98.2222 24.6218 14.5035 17.7593
internal_count=627 551 448 405 103 61 76
is_linear=0
shrinkage=0.03


Tree=49
num_leaves=9
num_cat=0
split_feature=9 14 15 28 28 24 36 2
split_gain=6.36715 6.0401 7.42007 9.59515 6.60546 5.76705 6.0233 2.85289
threshold=0.10575958360579897 44.53888450764817 -3.3444790024422613 4.5000000000000009 7.5000000000000009 -0.53708791208791196 0.0078247875062488013 0.02975894643247479
decision_type=2 2 2 2 2 2 2 2
left_child=1 2 3 -1 -4 -3 -7 -2
right_child=7 5 4 -5 -6 6 -8 -9
leaf_value=-0.013546222065974811 -0.023801141430994738 -0.0046473542891851153 0.001489234471946251 0.011151725115663272 -0.025654605498580139 0.029451222222904971 0 0
leaf_weight=16.899043843150139 10.228155612945558 9.5385298877954465 13.24497349560261 51.980499088764191 14.814732536673544 17.921447113156322 8.6454977393150312 7.4643966406583777
leaf_count=71 45 39 55 216 62 73 35 31
internal_value=0.000934248 0.0033374 -0.000482184 0.0046694 -0.0130963 0.0134733 0.0203742 -0.0148789
internal_weight=150.737 133.045 96.9392 68.8795 28.0597 36.1055 26.5669 17.6926
internal_count=627 551 404 287 117 147 108 76
is_linear=0
shrinkage=0.03


Tree=50
num_leaves=9
num_cat=0
split_feature=20 34 40 40 40 19 37 24
split_gain=7.71933 6.03851 7.51634 6.61407 5.92685 5.89167 5.40917 3.58892
threshold=0.018548924822914269 0.031231176503199291 0.005172090982740519 0.069976859275663009 0.0043104371167053132 0.09899459021571827 -0.0053294810254495553 -0.085822422258592448
decision_type=2 2 2 2 2 2 2 2
left_child=4 2 6 -4 -1 -6 -2 -3
right_child=1 7 3 -5 5 -7 -8 -9
leaf_value=0.0047531622390203703 0.006256217984898337 -0.02201126295684935 0.021805117670484403 -0.0037607515864031002 -0.0018026792033328878 -0.031859302414889379 -0.016263318819137715 0.0021607401887593788
leaf_weight=13.470468953251837 27.711050644516945 8.2303908616304415 38.696551844477654 9.8331111818551999 12.496281191706659 12.012024134397505 12.080668345093725 9.2098229974508268
leaf_count=55 116 35 159 42 51 51 50 39
internal_value=0.00116507 0.00541761 0.00868866 0.0163843 -0.00998059 -0.0183922 -0.000672851 -0.00956586
internal_weight=143.74 105.762 88.3214 48.5297 37.9788 24.5083 39.7917 17.4402
internal_count=598 441 367 201 157 102 166 74
is_linear=0
shrinkage=0.03


Tree=51
num_leaves=10
num_cat=0
split_feature=20 11 28 16 34 40 40 37 35
split_gain=7.30419 5.85892 8.07231 6.18693 5.7163 7.10055 6.26911 5.19378 4.75125
threshold=0.018548924822914269 -0.0072782872557059499 7.5000000000000009 10.962525339210222 0.031231176503199291 0.005172090982740519 0.069976859275663009 0.0043304603074654233 0.0409866474595958
decision_type=2 2 2 2 2 2 2 2 2
left_child=1 3 -3 -1 5 7 -7 -2 -6
right_child=4 2 -4 -5 8 6 -8 -9 -10
leaf_value=0.021358016993415937 0.0046236829709804771 0.00089972987327377376 -0.033157121292194676 -0.011893631228916601 -0.022011810724409015 0.021199084274616555 -0.0036691250621367147 -0.019966837470208346 0.0059972620730610049
leaf_weight=7.3146998137235633 31.819396123290062 9.3073232769966143 12.672607675194739 8.6292537450790388 9.5860285162925738 38.666333585977554 9.8263536691665632 7.9565144777297965 7.8200075328350058
leaf_count=30 133 38 53 36 41 159 42 33 33
internal_value=0.00110802 -0.00973865 -0.0192381 0.00320571 0.0052485 0.00843335 0.0159171 -0.000656597 -0.00933402
internal_weight=143.599 37.9239 21.9799 15.944 105.675 88.2686 48.4927 39.7759 17.406
internal_count=598 157 91 66 441 367 201 166 74
is_linear=0
shrinkage=0.03


Tree=52
num_leaves=10
num_cat=0
split_feature=20 19 15 35 35 7 35 7 16
split_gain=6.89251 5.29646 6.55996 4.7186 7.3908 5.49099 4.54087 8.01297 1.81423
threshold=0.018548924822914269 0.09899459021571827 -3.3444790024422613 1.0000000180025095e-35 -0.089649169546516014 0.02766352266384741 0.024438793260000539 -0.009024314092857302 2.5761995591953828
decision_type=2 2 2 2 2 2 2 2 2
left_child=1 2 -1 4 -2 -6 -5 -8 -3
right_child=3 8 -4 6 5 -7 7 -9 -10
leaf_value=0.016102214153328118 0.021061137802511065 -0.0049613492530816124 -0.014435644372280683 0.026044774896373562 -0.015472467612410628 0.010886827572849957 0.020394753229951715 -0.0027439791217076116 -0.029275552592152043
leaf_weight=10.472834303975107 7.1656688302755347 7.1967726945877102 10.812752455472944 11.467659056186674 26.067578390240669 7.2495766282081595 18.734962046146393 34.88848914206028 9.3864076882600767
leaf_count=43 30 30 44 48 109 30 78 146 40
internal_value=0.00105744 -0.00948341 3.77878e-05 0.00508384 -0.00260192 -0.00902044 0.0100226 0.0055132 -0.0212004
internal_weight=143.443 37.8688 21.2856 105.574 40.4828 33.3172 65.0911 53.6235 16.5832
internal_count=598 157 87 441 169 139 272 224 70
is_linear=0
shrinkage=0.03


Tree=53
num_leaves=13
num_cat=0
split_feature=11 28 33 5 9 5 3 10 11 26 16 38
split_gain=5.50351 5.98497 5.87477 7.28061 5.69245 5.23277 4.8933 4.57525 6.49292 3.82089 2.72011 0.647881
threshold=0.030547489221244509 6.5000000000000009 0.56982419383402727 -0.059155618940489589 0.10575958360579897 0.018301309595046059 -0.019804404435245889 0.014218438227241116 -0.01211481655846852 0.16141439205955338 -4.1521080127740921 0.0091620358536457381
decision_type=2 2 2 2 2 2 2 2 2 2 2 2
left_child=2 4 3 9 5 -2 -3 -4 -9 -1 -5 -8
right_child=1 6 7 10 -6 -7 11 8 -10 -11 -12 -13
leaf_value=0.023308688118562675 -0.0028008845475357732 0.0007576083577036679 0.03105976128844198 0 -0.014076150868709303 0.026016626865825062 -0.034438985665015943 -0.0072045437696942414 0.020368632752541437 0.00045036192178068415 -0.017828253423986334 -0.01093196432222779
leaf_weight=9.846794545650484 9.1927194744348579 7.1319464743137386 9.4129340499639493 12.878644555807115 9.8177927732467634 9.124461278319357 7.704568997025488 13.193933695554733 12.972144708037376 18.181710302829742 16.897307857871056 6.964790940284729
leaf_count=41 38 30 39 53 42 37 33 54 53 77 71 30
internal_value=0.00103472 -0.00671164 0.00538818 -0.000351754 0.0020482 0.0119638 -0.0178688 0.0146353 0.0064083 0.00999791 -0.0105822 -0.0268288
internal_weight=143.32 49.9363 93.3835 57.8045 28.135 18.3172 21.8013 35.579 26.1661 28.0285 29.776 14.6694
internal_count=598 210 388 242 117 75 93 146 107 118 124 63
is_linear=0
shrinkage=0.03


Tree=54
num_leaves=9
num_cat=0
split_feature=20 34 40 40 40 37 38 24
split_gain=6.43691 5.34757 6.52392 5.82799 5.30059 4.91418 3.93466 3.44845
threshold=0.018548924822914269 0.031231176503199291 0.005172090982740519 0.069976859275663009 0.0043104371167053132 -0.0053294810254495553 0.0072297467787774848 -0.085822422258592448
decision_type=2 2 2 2 2 2 2 2
left_child=4 2 5 -4 -1 -2 -6 -3
right_child=1 7 3 -5 6 -7 -8 -9
leaf_value=0.0046774539406350272 0.0058871197978439668 -0.021467073292434212 0.020297168257658166 -0.0036542063488546896 0 -0.015600709134932798 -0.025617261707691182 0.0022579391420582897
leaf_weight=13.447853878140448 27.629792079329491 8.1715638190507907 38.519622310996056 9.810859799385069 9.0180131942033785 12.039064362645147 15.267189979553221 9.1685972660779935
leaf_count=55 116 35 159 42 37 50 65 39
internal_value=0.00100843 0.00490549 0.0079966 0.0151851 -0.0091928 -0.000710008 -0.0172156 -0.00921066
internal_weight=143.073 105.339 87.9993 48.3305 37.7331 39.6689 24.2852 17.3402
internal_count=598 441 367 201 157 166 102 74
is_linear=0
shrinkage=0.03


Tree=55
num_leaves=11
num_cat=0
split_feature=20 28 15 15 19 37 32 15 38 38
split_gain=7.33936 9.71676 10.5557 8.19061 6.09262 5.71118 4.80794 3.36242 2.47003 1.95112
threshold=0.025024887544381872 7.5000000000000009 107.45137183067219 -22.930930975401076 0.14507233123094926 0.019202800386302291 -0.00037095919448859588 -4.6791534866022317 0.014091658989040081 0.0098869160320118679
decision_type=2 2 2 2 2 2 2 2 2 2
left_child=1 2 3 -1 -2 6 -3 -7 9 -6
right_child=4 5 -4 -5 8 7 -8 -9 -10 -11
leaf_value=-0.0071860866368923153 -0.0051571006431152611 -0.01514943710528607 -0.020803878782064113 0.019664221353887772 0.0096417178100105892 -0.0044580934418133357 0.007590877512816111 -0.029936450795041689 0.0031404591361882872 0.035547426882271423
leaf_weight=12.682337030768393 12.268713057041166 13.266764208674433 9.2770456373691541 30.472732707858086 9.1650809496641212 9.2691840976476687 15.893734142184256 16.909247368574142 9.2350430488586408 8.089351758360861
leaf_count=53 51 55 39 125 38 39 66 72 39 35
internal_value=0 -0.0040387 0.00493158 0.0114725 0.010869 -0.012675 -0.00258191 -0.0224042 0.018659 0.0249969
internal_weight=146.529 107.771 52.4321 43.1551 38.7582 55.3389 29.1605 26.1784 26.4895 17.2544
internal_count=612 449 217 178 163 232 121 111 112 73
is_linear=0
shrinkage=0.03


Tree=56
num_leaves=12
num_cat=0
split_feature=20 28 19 37 11 11 19 32 38 38 11
split_gain=7.02423 9.19036 5.83385 5.44015 5.12556 10.8488 7.6092 4.56641 2.35974 1.88899 1.52417
threshold=0.025024887544381872 7.5000000000000009 0.14507233123094926 0.019202800386302291 0.033328639428137248 -0.030017948975549155 0.11830501356098873 -0.00037095919448859588 0.014091658989040081 0.0098869160320118679 -0.0047556308663705962
decision_type=2 2 2 2 2 2 2 2 2 2 2
left_child=1 4 -2 7 5 -1 -6 -3 9 -4 -5
right_child=2 3 8 10 6 -7 -8 -9 -10 -11 -12
leaf_value=-0.0062517674915098399 -0.0050262586027230256 -0.01477817233425625 0.0094003642952432322 -0.011204008075066319 0.0057037681423419105 0.029149896424828549 -0.02706860435579525 0.0073857424425415319 0.0030641714026237799 0.03492275718112927 -0.030861645404021119
leaf_weight=12.195447579026224 12.26260297000408 13.242668882012369 9.1696603298187309 14.737119898200037 17.891862154006962 15.088542804121969 7.1937863230705252 15.900562629103659 9.2308739572763425 8.0237913578748685 11.362865746021269
leaf_count=51 51 55 38 61 73 62 31 66 39 35 50
internal_value=0 -0.00395934 0.0106369 -0.0123678 0.00476329 0.0134675 -0.00444532 -0.00250616 0.0182756 0.0244905 -0.0218834
internal_weight=146.3 107.613 38.6869 55.2432 52.3696 27.284 25.0856 29.1432 26.4243 17.1935 26.1
internal_count=612 449 163 232 217 113 104 121 112 73 111
is_linear=0
shrinkage=0.03


Tree=57
num_leaves=9
num_cat=0
split_feature=20 19 15 14 6 38 38 38
split_gain=6.7199 5.58757 5.20228 7.42478 7.37432 5.46723 2.25536 1.83053
threshold=0.025024887544381872 0.14507233123094926 107.45137183067219 44.53888450764817 0.0094993572411007209 0.0069493180922519529 0.014091658989040081 0.0098869160320118679
decision_type=2 2 2 2 2 2 2 2
left_child=2 -2 3 5 -5 -1 7 -3
right_child=1 6 -4 4 -6 -7 -8 -9
leaf_value=0.012484507850487497 -0.0048987407129113814 0.0091654360926997809 -0.020485042963750016 0.023918133304514748 -0.0055354944555739962 -0.010060164592906163 0.0029897258752272708 0.034321159177448088
leaf_weight=9.2165720313787443 12.256508216261862 9.1737561374902779 12.801480218768118 15.610639929771425 11.234309211373327 58.548098713159561 9.2267689257860166 7.9555916041135779
leaf_count=38 51 38 56 64 46 245 39 35
internal_value=0 0.0104112 -0.00387844 -0.0010986 0.0115429 -0.00650889 0.0179032 0.0239998
internal_weight=146.024 38.6126 107.411 94.6096 26.8449 67.7647 26.3561 17.1293
internal_count=612 163 449 393 110 283 112 73
is_linear=0
shrinkage=0.03


Tree=58
num_leaves=9
num_cat=0
split_feature=15 28 21 17 9 28 38 9
split_gain=6.18311 7.4988 14.3046 8.06046 6.12942 5.76685 5.47649 3.42728
threshold=135.34008755026488 7.5000000000000009 0.018009486133564023 0.62850286309878112 -0.022772318500064195 4.5000000000000009 0.013218504698372782 0.06338328035693673
decision_type=2 2 2 2 2 2 2 2
left_child=1 3 4 7 -3 -5 -4 -1
right_child=-2 2 6 5 -6 -7 -8 -9
leaf_value=0.0247541546456631 -0.019463834846241753 -0.0011108872567765656 0.022032731213432577 -0.013932322167826468 -0.025020779795467567 0.0098614750282145554 -0.0038073709212931321 0.0022113887265345841
leaf_weight=23.76487398147583 11.364893540740011 17.880625739693642 15.686568260192873 15.684481620788572 23.888842433691025 16.724331274628639 10.322551712393759 10.508372992277144
leaf_count=98 50 74 66 66 101 70 44 43
internal_value=0 0.00191729 -0.00490232 0.00900835 -0.0156466 -0.00135827 0.0117021 0.018759
internal_weight=145.826 134.461 67.7786 66.6821 41.7695 32.4088 26.0091 34.2732
internal_count=612 562 285 277 175 136 110 141
is_linear=0
shrinkage=0.03


Tree=59
num_leaves=9
num_cat=0
split_feature=15 28 19 6 10 14 34 15
split_gain=5.88945 7.10373 8.67426 6.99239 5.4026 5.29935 4.29586 2.77576
threshold=135.34008755026488 7.5000000000000009 0.1271783488309717 0.0032915146415913366 -0.0026519835181028069 -72.567255332337012 0.021883159817090773 -4.6791534866022317
decision_type=2 2 2 2 2 2 2 2
left_child=1 3 7 5 -5 -1 -4 -3
right_child=-2 2 6 4 -6 -7 -8 -9
leaf_value=0 -0.019038663251058078 -0.0050766392417141469 0.014033015168513357 -0.016565733589593897 0.0075573860576109231 0.024499338757054977 -0.010142599881249914 -0.022456406631055123
leaf_weight=10.193930029869078 11.31555040180683 22.451204240322113 21.221790596842769 11.304479449987413 20.009948685765266 25.148244813084602 6.8783000111579886 17.124123886227608
leaf_count=43 50 93 90 48 83 103 30 72
internal_value=0 0.00186464 -0.00477595 0.00876793 -0.00117249 0.0175683 0.00733628 -0.0136761
internal_weight=145.648 134.332 67.6754 66.6566 31.3144 35.3422 28.1001 39.5753
internal_count=612 562 285 277 131 146 120 165
is_linear=0
shrinkage=0.03


Tree=60
num_leaves=7
num_cat=0
split_feature=13 15 20 6 5 26
split_gain=5.72501 4.77483 5.15317 5.59391 4.31614 2.96824
threshold=-7.082396984138593 139.48454385218685 0.022360006206016848 0.012166125101046902 0.084302975544273365 0.20902306648575306
decision_type=2 2 2 2 2 2
left_child=5 2 4 -4 -2 -1
right_child=1 -3 3 -5 -6 -7
leaf_value=0 -0.005883736524801491 -0.027476160084550109 0.010347645324293425 -0.0093774559716948164 -0.028607637338480024 0.022373032031682276
leaf_weight=10.018358960747721 54.330606237053871 6.9764266461133948 31.905674368143082 18.46551476418972 7.9134668707847586 8.2862770259380323
leaf_count=42 227 32 135 77 33 34
internal_value=-0.00352733 -0.00602626 -0.00411032 0.00274826 -0.0098069 0.0110459
internal_weight=137.896 119.592 112.615 50.3712 62.2441 18.3046
internal_count=580 504 472 212 260 76
is_linear=0
shrinkage=0.03


Tree=61
num_leaves=11
num_cat=0
split_feature=7 26 18 20 7 0 26 9 1 5
split_gain=5.32641 6.33716 5.08011 5.05662 4.50391 4.49157 3.23282 3.41888 2.88057 2.01642
threshold=-0.0055757812925000252 0.47979591836734697 0.10439744222380354 0.022360006206016848 0.012949834886841771 -0.012462288710737844 0.21390986044383439 -0.028233938639207465 -0.0022017383463166502 -0.037039201052693586
decision_type=2 2 2 2 2 2 2 2 2 2
left_child=2 3 5 4 -2 -1 7 -4 -5 -8
right_child=1 -3 6 8 -6 -7 9 -9 -10 -11
leaf_value=0.0040713504232880501 -0.023621468617120278 -0.025924294951576554 0.013660409143140375 0.014616413571585999 -0.0014948060798991739 -0.024441722347196746 0.002812837339220625 -0.0097278050539194513 -0.0019573989173660134 0.025806150076709566
leaf_weight=8.3974335342645627 14.646836936473845 13.174494743347166 8.1136231720447523 11.704750299453734 20.229725822806358 7.0616600811481467 7.6648200005292919 10.572718128561975 25.50900337100029 10.70437531173229
leaf_count=35 63 56 34 50 84 30 33 44 107 44
internal_value=-0.00344568 -0.0080602 0.00379232 -0.00398141 -0.0119711 -0.00940203 0.00988049 4.11518e-05 0.0033526 0.0181665
internal_weight=137.779 85.2648 52.5146 72.0903 34.8766 15.4591 37.0555 18.6863 37.2138 18.3692
internal_count=580 360 220 304 147 65 155 78 157 77
is_linear=0
shrinkage=0.03


Tree=62
num_leaves=7
num_cat=0
split_feature=13 15 15 15 27 25
split_gain=5.33418 4.61508 4.39482 6.30186 2.97114 2.7807
threshold=-7.082396984138593 139.48454385218685 60.575093628941246 -3.3444790024422613 2.5000000000000004 0.18524844720496897
decision_type=2 2 2 2 2 2
left_child=5 2 3 -2 -4 -1
right_child=1 -3 4 -5 -6 -7
leaf_value=-0.0016636553480393536 -0.0010791134266362229 -0.026956897997929184 -0.00087674293113934121 -0.018411054266490881 0.017744599801375913 0.01935823479192382
leaf_weight=7.4872151762247112 56.261800810694695 6.8948747515678397 18.172332361340526 28.316528409719467 9.6919419914484006 10.811274319887159
leaf_count=31 238 32 76 118 40 45
internal_value=-0.00335734 -0.00577749 -0.00389931 -0.0073463 0.00585257 0.0107013
internal_weight=137.636 119.337 112.443 84.5783 27.8643 18.2985
internal_count=580 504 472 356 116 76
is_linear=0
shrinkage=0.03


Tree=63
num_leaves=7
num_cat=0
split_feature=5 13 36 36 4 8
split_gain=5.10152 3.88612 3.88685 7.92527 4.98935 2.25902
threshold=-0.089183861329395972 -7.082396984138593 0.0069051313625328719 0.0057597403645086856 0.035398920005689345 -0.0063315995285613087
decision_type=2 2 2 2 2 2
left_child=-1 5 3 -3 -4 -2
right_child=1 2 4 -5 -6 -7
leaf_value=0.014084315360742396 -0.0018847373295631017 -0.0043710823909232756 -0.0082041719558490853 -0.027010480002698383 0.012228095668976877 0.017331319302227761
leaf_weight=11.468332752585409 8.9574718326330203 49.248078763484955 24.509760618209839 19.356985673308372 16.097722500562668 7.902702033519744
leaf_count=50 37 207 102 84 67 33
internal_value=-0.00327068 -0.00516181 -0.00730189 -0.0115554 0 0.00720963
internal_weight=137.541 126.073 109.213 68.6051 40.6075 16.8602
internal_count=580 530 460 291 169 70
is_linear=0
shrinkage=0.03


Tree=64
num_leaves=10
num_cat=0
split_feature=12 12 18 36 35 10 5 18 11
split_gain=5.16023 9.16822 6.43328 4.68184 4.3753 4.31147 4.38678 3.87511 3.68283
threshold=59.941877485737145 51.490628782364986 0.34250040217101124 0.005595834481747968 0.026817262859412331 0.03860350726464646 0.05066126817205719 0.10439744222380354 0.023493162984762454
decision_type=2 2 2 2 2 2 2 2 2
left_child=1 2 7 -3 -4 6 -2 -1 -7
right_child=5 3 4 -5 -6 8 -8 -9 -10
leaf_value=-0.0091025655906826347 -0.0039218961767127046 0.028695694133365278 -0.00087111379237650129 0.00024220154814014332 -0.027564582307596584 0.010605651286650416 -0.030999436838804587 0.0083289200632692927 -0.011859260827126182
leaf_weight=15.402816653251646 12.112606823444368 11.561116904020311 11.189726680517198 10.273862823843954 12.339662656188009 10.486523345112802 12.1352491825819 30.215742543339729 11.641760155558584
leaf_count=65 50 48 47 43 54 43 51 127 52
internal_value=-0.00317606 0.000863319 -0.00438304 0.0170807 -0.0165204 -0.0111188 -0.0193743 0.00199317 -0.000594882
internal_weight=137.359 90.9829 69.1479 21.835 23.5294 46.3761 24.2479 45.6186 22.1283
internal_count=580 384 293 91 101 196 101 192 95
is_linear=0
shrinkage=0.03


Tree=65
num_leaves=6
num_cat=0
split_feature=14 40 37 7 24
split_gain=5.06612 3.49042 3.87082 5.40147 5.22392
threshold=-123.33169221044271 -0.041287297764120039 0.00059368055832698119 -0.0093523172342657255 -0.48232009925558311
decision_type=2 2 2 2 2
left_child=-1 -2 3 -3 -4
right_child=1 2 4 -5 -6
leaf_value=0.019350414277542301 -0.015031696710050883 0.023019131155484457 -0.013045388795839984 -0.00044890231565069611 0.0022424439204920725
leaf_weight=10.459465041756628 11.648924708366392 13.15547236800194 26.022609144449234 18.097923293709755 66.421412333846092
leaf_count=46 49 54 110 76 281
internal_value=0.00100563 -0.000563956 0.00089667 0.00976874 -0.00208732
internal_weight=145.806 135.346 123.697 31.2534 92.444
internal_count=616 570 521 130 391
is_linear=0
shrinkage=0.03


Tree=66
num_leaves=6
num_cat=0
split_feature=14 18 41 10 22
split_gain=4.83325 5.24726 3.74648 4.7893 3.85923
threshold=-123.33169221044271 0.070164298298848682 1.0000000180025095e-35 -0.010995556045673481 -0.38207453402339525
decision_type=2 2 2 2 2
left_child=-1 -2 3 -3 -4
right_child=1 2 4 -5 -6
leaf_value=0.018934474454585633 -0.018176442498074107 -0.0039771888963329449 0.017034996773042259 0.024127014304376932 -0.0027234988441797625
leaf_weight=10.413194790482519 11.798340544104574 7.1188055127859142 7.6909610927104941 11.16902609169483 97.536228373646736
leaf_count=46 50 30 32 46 412
internal_value=0.000979467 -0.000548701 0.00127842 0.0131341 -0.000848678
internal_weight=145.727 135.313 123.515 18.2878 105.227
internal_count=616 570 520 76 444
is_linear=0
shrinkage=0.03


Tree=67
num_leaves=10
num_cat=0
split_feature=11 24 3 31 2 28 2 15 36
split_gain=4.8247 6.78436 6.75637 5.9464 4.03492 3.56101 3.28893 3.20449 2.47451
threshold=0.033328639428137248 -0.59123335447051351 -0.0021660063112908796 -2.4999999999999996 0.03338616308040044 4.5000000000000009 0.0036412772658719343 79.351515410483998 0.0060915599582071168
decision_type=2 2 2 2 2 2 2 2 2
left_child=3 -2 7 -1 -4 8 -7 -3 -5
right_child=1 2 4 5 -6 6 -8 -9 -10
leaf_value=-0.011914346598252015 -0.026398902399733182 -0.0013288264472670582 -0.019930867835386352 -0.015317888486866101 0.0047127038012876954 0.018296045481133394 0.0042853700787431693 0.021803547510930447 0.0060546854681360444
leaf_weight=13.619438618421553 9.7892864942550641 7.0640298724174526 14.10994213819504 7.2938027083873731 7.1563574820756903 29.723758012056351 38.89597575366497 10.573460683226584 7.3911973536014557
leaf_count=58 42 30 62 31 30 125 163 44 31
internal_value=0.000962089 -0.0064517 -2.03502e-05 0.00489342 -0.0113011 0.00803206 0.010913 0.0125832 -0.00422539
internal_weight=145.617 48.6931 38.9038 96.9242 21.2663 83.3047 68.6197 17.6375 14.685
internal_count=616 208 166 408 92 350 288 74 62
is_linear=0
shrinkage=0.03


Tree=68
num_leaves=7
num_cat=0
split_feature=14 38 12 9 8 14
split_gain=4.61888 3.51844 5.48862 9.17504 7.35465 5.30831
threshold=-123.33169221044271 0.0068828079559486314 49.646693396693408 -0.007979904026013401 -0.017741916118298753 84.493728432567892
decision_type=2 2 2 2 2 2
left_child=-1 5 4 -4 -3 -2
right_child=1 2 3 -5 -6 -7
leaf_value=0.018517387917584529 0.020999153557643771 -8.6195011956876692e-06 0.024671855400186356 -0.0026184787727686698 -0.022462445618029209 -0.0070330063846061677
leaf_weight=10.360711485147474 12.975023239851 33.056094065308571 12.094632059335707 47.746604382991791 21.371078357100487 7.8781281262636176
leaf_count=46 53 139 50 203 92 33
internal_value=0.000922718 -0.000567406 -0.00277628 0.0032742 -0.00957471 0.0100638
internal_weight=145.482 135.122 114.268 59.8412 54.4272 20.8532
internal_count=616 570 484 253 231 86
is_linear=0
shrinkage=0.03


Tree=69
num_leaves=7
num_cat=0
split_feature=14 19 19 7 8 40
split_gain=4.40539 4.28079 5.75219 5.69698 4.95763 3.63529
threshold=-123.33169221044271 0.088105642509696228 0.21404214744114608 0.01439730007374391 -0.0033951713330930568 -0.025691178558405133
decision_type=2 2 2 2 2 2
left_child=-1 3 5 4 -2 -3
right_child=1 2 -4 -5 -6 -7
leaf_value=0.018121608567915906 0.0067807440512384094 -0.021241531444051134 0.013978652920530545 0.023843615632650923 -0.018596761056367397 -0.003946680628864295
leaf_weight=10.313778191804884 24.562203973531723 12.420374363660811 11.094755530357359 10.84642645716667 7.3701816052198437 68.699932500720024
leaf_count=46 102 52 47 45 31 293
internal_value=0.000902963 -0.000548434 -0.00426995 0.00697119 0 -0.00722255
internal_weight=145.308 134.994 92.2151 42.7788 31.9324 81.1203
internal_count=616 570 392 178 133 345
is_linear=0
shrinkage=0.03


Tree=70
num_leaves=6
num_cat=0
split_feature=10 10 19 14 25
split_gain=5.74772 4.99141 6.92273 10.4874 4.14809
threshold=-0.041668384910901683 0.064358880868027449 0.088105642509696228 -4.9263911060966157 0.17917448405253286
decision_type=2 2 2 2 2
left_child=-1 2 3 -2 -4
right_child=1 -3 4 -5 -6
leaf_value=0.01536686575190218 0.016526368617046799 0.016220751737493582 -0.020171560769511397 -0.012284449122137765 -0.0048203523715795579
leaf_weight=12.988376587629316 23.114561930298805 7.6850615739822379 28.788042545318604 18.457249760627747 43.445430174469948
leaf_count=57 96 33 121 77 185
internal_value=-0.00200717 -0.00420487 -0.00597002 0.00341382 -0.0115191
internal_weight=134.479 121.49 113.805 41.5718 72.2335
internal_count=569 512 479 173 306
is_linear=0
shrinkage=0.03


Tree=71
num_leaves=9
num_cat=0
split_feature=10 16 20 20 15 16 16 38
split_gain=5.4579 5.70825 10.3399 6.64617 5.69153 4.52129 4.24717 1.91961
threshold=-0.041668384910901683 8.191336198782027 0.020303400409262564 0.020993303156084362 1.0000000180025095e-35 29.890234947565077 -27.768956293960219 0.0079967412262659156
decision_type=2 2 2 2 2 2 2 2
left_child=-1 3 7 4 -2 -4 -5 -3
right_child=1 2 5 6 -6 -7 -8 -9
leaf_value=0.015010687568491544 0.013785756976533697 0 0.022208121886060184 0 -0.0097738201571787343 0 -0.024172068501385518 -0.019538945276854014
leaf_weight=12.945779353380201 13.426641762256621 7.0968644767999676 18.525786206126213 7.6075313687324515 20.931445047259331 15.233557373285292 26.235100194811821 12.357976749539374
leaf_count=57 56 30 78 32 88 65 111 52
internal_value=-0.00194072 -0.00408366 0.00301548 -0.0097646 0 0.0130117 -0.018805 -0.0132274
internal_weight=134.361 121.415 53.2142 68.2007 34.3581 33.7593 33.8426 19.4548
internal_count=569 512 225 287 144 143 143 82
is_linear=0
shrinkage=0.03


Tree=72
num_leaves=6
num_cat=0
split_feature=10 18 18 33 23
split_gain=5.18535 5.32998 5.71767 6.62898 3.22008
threshold=-0.041668384910901683 0.083047055061870448 0.26238307080954343 0.47374548805775291 0.96937857768024849
decision_type=2 2 2 2 2
left_child=-1 -2 4 -4 -3
right_child=1 2 3 -5 -6
leaf_value=0.014663167350292125 -0.023901171771351638 0.023098649139527326 -0.018441139504658945 -0.00012192646801733256 -9.3312985143693147e-05
leaf_weight=12.903072997927664 9.1334793269634229 9.4715692102909106 22.314433008432388 72.586104437708855 7.7777010947465888
leaf_count=57 39 39 96 306 32
internal_value=-0.00187971 -0.00397067 -0.0018258 -0.00487593 0.012939
internal_weight=134.186 121.283 112.15 94.9005 17.2493
internal_count=569 512 473 402 71
is_linear=0
shrinkage=0.03


Tree=73
num_leaves=9
num_cat=0
split_feature=19 15 19 11 9 25 6 11
split_gain=4.87663 4.81954 8.27437 9.81742 6.51685 5.62065 4.23842 3.58259
threshold=0.21404214744114608 -3.3444790024422613 0.088105642509696228 -0.025171272752221193 -0.024017303585229448 0.54182006740990418 0.008324737810301094 0.078272225457390557
decision_type=2 2 2 2 2 2 2 2
left_child=1 2 3 -1 -4 7 -2 -3
right_child=6 5 4 -5 -6 -7 -8 -9
leaf_value=-5.3287442490110362e-05 0.024788055450740348 -0.015669570580772185 0.0019687855155038486 0.037253900708983247 -0.02547286369086349 0.011975840147675618 -0.0027319353906066972 0.0036504829931691758
leaf_weight=13.625611484050753 8.7290722578763944 50.171970888972282 20.478711068630222 8.7195370644330961 9.5719322562217695 7.405914679169654 7.1901215761899939 8.1213974654674512
leaf_count=57 39 213 87 36 41 31 31 34
internal_value=-0.00183126 -0.00407946 0.00244499 0.0157531 -0.0073482 -0.00942286 0.0126036 -0.0126973
internal_weight=134.014 118.095 52.3958 22.3451 30.0506 65.6993 15.9192 58.2934
internal_count=569 499 221 93 128 278 70 247
is_linear=0
shrinkage=0.03


Tree=74
num_leaves=9
num_cat=0
split_feature=10 16 20 19 14 19 11 11
split_gain=4.84333 5.37699 9.78958 7.76887 8.9299 4.37304 4.22517 2.30375
threshold=-0.041668384910901683 8.191336198782027 0.020303400409262564 0.083342765459266471 -4.9263911060966157 0.15165796378553084 0.073278550833121195 -0.0165084358444712
decision_type=2 2 2 2 2 2 2 2
left_child=-1 3 7 4 -2 -4 -5 -3
right_child=1 2 5 6 -6 -7 -8 -9
leaf_value=0.014266733392450829 0.017636563653203485 -0.022432077176106471 0.023437197496450044 -0.022032034281136471 -0.014032234315229623 0.0012995521259761768 0.00071868116222055002 -0.00087241827889055661
leaf_weight=12.831265762448309 14.807826131582262 8.9821730852127093 15.806555509567259 32.393855646252632 13.090042114257811 17.904993712902069 7.5919240266084662 10.415363803505896
leaf_count=57 61 38 66 139 55 77 32 44
internal_value=-0.0017565 -0.00378208 0.00310328 -0.00931817 0.00233078 0.0128307 -0.0175267 -0.0127204
internal_weight=133.824 120.993 53.1091 67.8836 27.8979 33.7115 39.9858 19.3975
internal_count=569 512 225 287 116 143 171 82
is_linear=0
shrinkage=0.03


Tree=75
num_leaves=7
num_cat=0
split_feature=18 40 25 11 15 10
split_gain=5.81279 4.76115 4.60825 6.301 4.37506 3.18458
threshold=0.10439744222380354 0.082986476744823637 0.16398610396294391 0.01474656622548365 -25.766559083502017 -0.030948042977592568
decision_type=2 2 2 2 2 2
left_child=5 2 3 -2 -4 -1
right_child=1 -3 4 -5 -6 -7
leaf_value=0 0.0072529787897632723 -0.014909414411007085 0.00023346400878373059 -0.013688983697360567 0.01627512001470887 -0.023913118566339275
leaf_weight=7.0557759106159237 28.865858271718025 8.9700036495923978 26.500417053699493 20.005853950977325 42.049231857061386 9.4967600405216199
leaf_count=30 121 40 114 85 177 41
internal_value=0.00141673 0.0037591 0.00553663 -0.00122599 0.0104687 -0.0141376
internal_weight=142.944 126.391 117.421 48.8717 68.5496 16.5525
internal_count=608 537 497 206 291 71
is_linear=0
shrinkage=0.03


Tree=76
num_leaves=5
num_cat=0
split_feature=35 35 2 19
split_gain=5.47581 5.67401 4.91026 4.5437
threshold=0.080946512603987122 -0.089649169546516014 -0.039308770295824684 0.080457976669806447
decision_type=2 2 2 2
left_child=1 -1 -3 -4
right_child=-2 2 3 -5
leaf_value=0.022853254091789586 0.02315517433193344 -0.020020274546509332 0.0094907232942271352 -0.0034819872803813672
leaf_weight=6.9852477163076392 7.6912609785795203 10.060957282781599 31.470650136470795 86.624337762594223
leaf_count=30 33 43 131 371
internal_value=0.00136263 -8.78632e-05 -0.00178549 0
internal_weight=142.832 135.141 128.156 118.095
internal_count=608 575 545 502
is_linear=0
shrinkage=0.03


Tree=77
num_leaves=7
num_cat=0
split_feature=18 35 38 1 34 0
split_gain=5.379 4.14558 4.61506 4.88088 4.43886 3.89492
threshold=0.10439744222380354 0.080946512603987122 0.0071143839330249327 0.010104339372632111 0.037135126564631478 -0.012462288710737844
decision_type=2 2 2 2 2 2
left_child=5 2 3 -2 -4 -1
right_child=1 -3 4 -5 -6 -7
leaf_value=0.00022770949362503916 0.023439231537213029 0.022639913034095228 0.0010764732836551674 -0.0023654648067409352 -0.019464737384334418 -0.025778316293258077
leaf_weight=8.0221502780914324 14.055118262767794 7.6760638356208792 87.047291934490204 8.9908623993396741 8.5094993859529477 8.4584789574146253
leaf_count=34 58 33 371 38 37 37
internal_value=0.00133573 0.00359123 0.00187901 0.0133882 -0.000960544 -0.0136532
internal_weight=142.759 126.279 118.603 23.046 95.5568 16.4806
internal_count=608 537 504 96 408 71
is_linear=0
shrinkage=0.03


Tree=78
num_leaves=7
num_cat=0
split_feature=18 40 25 23 35 10
split_gain=5.11269 4.41979 4.37845 4.84828 4.50273 3.08317
threshold=0.10439744222380354 0.082986476744823637 0.16398610396294391 0.82151296597049572 0.033019795453038799 -0.030948042977592568
decision_type=2 2 2 2 2 2
left_child=5 2 4 -4 -2 -1
right_child=1 -3 3 -5 -6 -7
leaf_value=0.0001885824740884778 -0.0093419222512691504 -0.014517816338552595 -0.0053073730418629781 0.013808741578200947 0.008217802606492677 -0.023047407064125447
leaf_weight=7.0538774877786663 27.542793452739716 8.9258241802453977 12.611371606588362 55.893204227089882 21.253728404641151 9.3919143080711347
leaf_count=30 117 40 54 237 89 41
internal_value=0.00129621 0.00349672 0.00521363 0.0100261 -0.00137592 -0.0133281
internal_weight=142.673 126.227 117.301 68.5046 48.7965 16.4458
internal_count=608 537 497 291 206 71
is_linear=0
shrinkage=0.03


Tree=79
num_leaves=9
num_cat=0
split_feature=18 0 11 16 38 21 21 11
split_gain=4.84578 3.75862 3.72613 7.43818 5.55105 4.41806 4.36462 2.70252
threshold=0.10439744222380354 -0.012462288710737844 0.029423168347223031 -17.434982514846627 0.0071143839330249327 0.017427500430463202 0.012481589998426379 0.068818066288929294
decision_type=2 2 2 2 2 2 2 2
left_child=1 -1 4 7 -2 -5 -6 -4
right_child=2 -3 3 5 6 -7 -8 -9
leaf_value=0.00054180449042176885 0.025388893489458865 -0.025002633689210133 0 -0.0026047800521929463 -0.013339205938201936 -0.02805003420347316 0.0065655829778157931 0.02297118418670124
leaf_weight=7.9991623014211681 10.974640250205992 8.3920706361532194 7.9046416282653791 18.577790111303333 9.4118315875530225 8.9611744284629804 63.094107300043106 7.2543770968914032
leaf_count=34 46 37 34 80 40 39 268 30
internal_value=0.00123936 -0.0130177 0.00338266 -0.00348971 0.00707257 -0.012731 0.00349175 0.0119517
internal_weight=142.57 16.3912 126.179 42.698 83.4806 27.539 72.5059 15.159
internal_count=608 71 537 183 354 119 308 64
is_linear=0
shrinkage=0.03


Tree=80
num_leaves=11
num_cat=0
split_feature=34 20 25 32 19 38 26 20 2 24
split_gain=4.94645 4.61676 3.93503 5.23608 3.46532 2.7131 3.93401 2.20212 2.14519 0.986627
threshold=0.026408176255276809 0.022360006206016848 0.34630526953361601 0.0016232137328517917 0.11252685144942937 0.012047495199214822 0.24880952380952384 0.018092937949650712 -0.0060765002461253817 -1.0000000180025095e-35
decision_type=2 2 2 2 2 2 2 2 2 2
left_child=1 2 3 -1 8 6 -3 -4 -2 -6
right_child=4 5 7 -5 9 -7 -8 -9 -10 -11
leaf_value=0.012350525373739074 -0.0091575582919392242 0.0041763415773337668 0 -0.0079375371898748742 -0.024528099145866934 -0.00080412599421544894 0.024799948764646491 -0.02024032729109786 0.010755339720800365 -0.0047470086002279277
leaf_weight=23.822985127568245 7.3530932664871216 20.938395783305168 7.0943961888551739 17.955813199281693 9.0074042230844515 11.654979541897772 16.396517738699913 10.625415727496145 7.9283654242754 7.1493754386901847
leaf_count=101 32 89 30 76 40 51 70 45 33 32
internal_value=0.00079944 0.00394388 -0.00146829 0.00332415 -0.00918982 0.0106109 0.0144155 -0.0127194 0.000354799 -0.0180882
internal_weight=139.927 108.489 59.4986 41.7788 31.4382 48.9899 37.3349 17.7198 15.2815 16.1568
internal_count=599 462 252 177 137 210 159 75 65 72
is_linear=0
shrinkage=0.03


Tree=81
num_leaves=9
num_cat=0
split_feature=16 33 37 12 37 19 21 22
split_gain=4.72506 7.33527 5.85378 5.57056 5.28896 3.22421 2.59006 1.4779
threshold=-33.232270430376779 0.48298205318741699 0.066275679708338933 60.376629818594104 -0.0025631043333473875 0.08710316202311745 0.013787176376847454 -0.14000072960747115
decision_type=2 2 2 2 2 2 2 2
left_child=4 5 3 -3 -1 6 -2 -7
right_child=1 2 -4 -5 -6 7 -8 -9
leaf_value=0.029167326130058027 -0.010140107421432395 0.017343272119501745 -0.017975572884438514 0 -0.0017891725130023451 -0.027499046407891171 0.0086045529038892427 -0.0091638949310583664
leaf_weight=8.445307180285452 11.633240431547167 28.022800043225288 6.9112853556871405 39.151930540800095 7.4530068933963767 8.0066438317298907 10.664284110069273 19.535660997033119
leaf_count=38 49 118 30 166 33 35 45 85
internal_value=0.000760857 -0.00118991 0.00462575 0.00762042 0.0152388 -0.00996909 -0.000587386 -0.0165026
internal_weight=139.824 123.926 74.086 67.1747 15.8983 49.8398 22.2975 27.5423
internal_count=599 528 314 284 71 214 94 120
is_linear=0
shrinkage=0.03


Tree=82
num_leaves=12
num_cat=0
split_feature=33 33 38 11 12 12 37 11 11 3 9
split_gain=3.08827 7.04621 5.98014 6.04123 4.95516 4.13069 4.3238 2.98609 8.62883 2.71287 2.42147
threshold=0.48298205318741699 0.34000012668490937 0.0080925399718701496 -0.0064425822877424701 60.376629818594104 48.231195283187432 0.036529204028035618 -0.014197333240809127 0.035268995252253139 0.0015785241258277074 -0.038711250038117852
decision_type=2 2 2 2 2 2 2 2 2 2 2
left_child=1 2 10 -4 5 -2 -7 -6 -9 -3 -1
right_child=4 9 3 -5 7 6 -8 8 -10 -11 -12
leaf_value=-0.021977861848621161 -0.00061099536029276245 -0.0043522682428367111 0.020123571230506114 -0.0043079527490831986 -0.01211930043896864 0.030444467402316586 0.0012127928420080955 0.021706907175725067 -0.0090042622766106414 -0.030982265124429434 0
leaf_weight=7.8412376195192337 10.518131345510485 8.8659469336271304 18.043191105127335 14.109445378184317 14.109832152724264 12.880906790494921 8.4186771959066373 12.022096112370493 17.428958177566528 7.8154213130474082 7.608094245195387
leaf_count=33 45 38 79 62 58 54 36 50 77 35 32
internal_value=0.000725859 -0.00391342 0.00185478 0.00933872 0.00487501 0.013544 0.0206303 -0.00144437 0.00363844 -0.0196129 -0.0121461
internal_weight=139.662 64.2833 47.602 32.1526 75.3786 31.8177 21.2996 43.5609 29.4511 16.6814 15.4493
internal_count=599 279 206 141 320 135 90 185 127 73 65
is_linear=0
shrinkage=0.03


Tree=83
num_leaves=11
num_cat=0
split_feature=33 18 18 19 33 8 25 1 28 11
split_gain=2.95689 7.31097 5.38239 4.59376 4.08629 4.90449 3.71211 3.1766 2.71603 3.78875
threshold=0.48298205318741699 0.26679561502215687 0.070164298298848682 0.071232404240323885 0.74111742748751064 0.045551444466405987 0.1434624697336562 -0.00040818605606518504 4.5000000000000009 -0.0016140112107698166
decision_type=2 2 2 2 2 2 2 2 2 2
left_child=1 2 -1 -2 6 -6 -5 -4 -3 -10
right_child=3 8 7 4 5 -7 -8 -9 9 -11
leaf_value=-0.0091079290791243727 0.025247922048140352 -0.028049437539391268 0.019902447599093685 -0.0046453799045682483 -0.014663484344888544 0.0045503069721284425 0.018433777149510045 -0.0015884105585775908 0.0029527500871303273 -0.021814332369758462
leaf_weight=13.479104876518248 6.8563155680894843 8.6181507408618945 16.165825068950653 6.9573964476585415 18.241856440901756 25.960254803299904 17.256745591759682 7.1244446635246304 12.095550939440729 6.6986018717288962
leaf_count=59 29 38 69 30 78 110 73 31 52 30
internal_value=0.000689134 -0.00385149 0.00454143 0.00475433 0.00182878 -0.00334592 0.0113818 0.0131296 -0.0151626 -0.00640245
internal_weight=139.454 64.1817 36.7694 75.2726 68.4163 44.2021 24.2141 23.2903 27.4123 18.7942
internal_count=599 279 159 320 291 188 103 100 120 82
is_linear=0
shrinkage=0.03


Tree=84
num_leaves=12
num_cat=0
split_feature=34 20 11 17 25 11 11 19 21 25 5
split_gain=4.63328 4.34478 5.04242 5.13122 3.65484 8.0774 3.50129 3.23932 2.07444 1.81528 0.571171
threshold=0.026408176255276809 0.022360006206016848 -0.010406641416663252 0.62850286309878112 0.34630526953361601 0.031879699321520912 0.059345457279108012 0.11252685144942937 0.015075054854726365 0.27320574162679429 -0.045832280422621823
decision_type=2 2 2 2 2 2 2 2 2 2 2
left_child=1 4 3 -3 5 -1 -4 9 -6 -2 -9
right_child=7 2 6 -5 8 -7 -8 10 -10 -11 -12
leaf_value=0.012479447290868076 0.010384219881232719 0.013295539888672558 0.027331404819834391 -0.013380539342821195 -0.0015685342262780077 -0.013846348445587771 0.0035620565989849013 -0.0051438770427344582 -0.023284055892240675 -0.0079751265927337136 -0.022843779828584588
leaf_weight=27.669267654418945 7.3353969305753726 10.487053498625757 15.13132953643799 11.464948043227194 10.657553508877756 13.968403622508047 11.688917115330694 6.7014042288065001 6.9608679562807074 7.8692106157541275 9.3317799121141398
leaf_count=116 31 45 65 50 45 61 50 30 30 34 42
internal_value=0.000659066 0.0037126 0.0101992 0 -0.00154021 0.00307422 0.0184587 -0.00903751 -0.0124118 0.000187892 -0.0176685
internal_weight=139.266 108.028 48.7722 21.952 59.2561 41.6377 26.8202 31.2378 17.6184 15.2046 16.0332
internal_count=599 462 210 95 252 177 115 137 75 65 72
is_linear=0
shrinkage=0.03


Tree=85
num_leaves=9
num_cat=0
split_feature=36 18 33 36 6 15 11 15
split_gain=3.4466 4.95234 7.33388 5.84654 5.34905 3.38586 4.63359 4.79055
threshold=0.005595834481747968 0.910675887623136 0.74111742748751064 0.0069348330391099935 0.0045328076298448679 -69.887232202301504 0.066706024043550874 36.502185418816303
decision_type=2 2 2 2 2 2 2 2
left_child=5 2 3 -2 -4 -1 7 -7
right_child=1 -3 4 -5 -6 6 -8 -9
leaf_value=-0.0089756330550352596 -0.011900386064188287 0.016745143654971203 -5.505571504126467e-05 0.0066011752094156132 -0.036085459519110859 0.0048367037872098402 -0.0088790702686737215 0.027938373279479609
leaf_weight=8.772129222750662 24.040382504463196 7.3036549985408774 6.8823706060647956 35.068781048059464 9.0140901505947095 25.832622826099396 7.9383617043495169 12.360896438360212
leaf_count=38 104 30 30 152 39 109 35 52
internal_value=9.74661e-05 -0.00364538 -0.00620903 -0.000821368 -0.0230737 0.00590307 0.00929934 0.0137047
internal_weight=137.213 82.3093 75.0056 59.1092 15.8965 54.904 46.1319 38.1935
internal_count=589 355 325 256 69 234 196 161
is_linear=0
shrinkage=0.03


Tree=86
num_leaves=12
num_cat=0
split_feature=25 33 1 11 38 11 35 36 35 7 25
split_gain=4.14404 5.75203 3.40386 2.88887 7.73441 3.64907 3.46422 5.47283 4.20945 2.27746 2.15646
threshold=0.13782779269048115 0.24423226589397135 0.016390766356651158 -0.018743416483728067 0.010097067200316228 -0.048514518244544828 0.024438793260000539 0.0055006754524176199 0.0022868926035960473 -0.010352118817630637 0.060689770634522022
decision_type=2 2 2 2 2 2 2 2 2 2 2
left_child=1 -1 10 4 9 -6 8 -8 -5 -2 -3
right_child=3 2 -4 6 5 -7 7 -9 -10 -11 -12
leaf_value=0.010868412333366126 -0.0012134713401797757 -0.0065941417341235809 0 0.0045275496570985852 0.024100360953141421 -0.0022913542029303299 0.010427877822172272 -0.014163632560289949 0.028006124991752507 -0.025953145102941652 -0.028547655440064486
leaf_weight=9.9476580619811994 7.129053756594657 11.378046557307245 13.117492794990538 21.204603925347328 7.1733590215444565 7.1893111020326597 17.250942885875705 12.118003249168394 10.839222699403761 8.762533053755762 10.926564797759054
leaf_count=43 30 49 55 91 31 32 74 53 47 37 47
internal_value=8.37308e-05 -0.00703836 -0.0127801 0.0038439 -0.00326698 0.0113078 0.00757609 0 0.0140888 -0.0170694 -0.0194301
internal_weight=137.037 45.3698 35.4221 91.667 30.2543 14.3627 61.4128 29.3689 32.0438 15.8916 22.3046
internal_count=589 194 151 395 130 63 265 127 138 67 96
is_linear=0
shrinkage=0.03


Tree=87
num_leaves=11
num_cat=0
split_feature=25 23 35 37 25 23 37 25 37 16
split_gain=3.93643 4.1519 5.30971 5.42661 4.42531 4.09784 3.22578 2.91034 2.71457 1.26663
threshold=0.13782779269048115 0.82151296597049572 0.024438793260000539 0.033923263189564408 0.3261866544370558 0.91820224847068854 0.02404992785926963 0.051682692307692311 0.00059368055832698119 3.8720853836334759
decision_type=2 2 2 2 2 2 2 2 2 2
left_child=5 8 4 -4 -3 6 -1 -7 -2 -9
right_child=1 2 3 -5 -6 7 -8 9 -10 -11
leaf_value=0.015518660846680996 0.0028943189464669802 0.0035949550383749624 0.0061234044116211346 -0.016941748027502909 0.026529126412360281 -0.0016738034570742567 -0.0074399682975652423 -0.030569537355486676 -0.018258349676639873 -0.0069891127166850121
leaf_weight=8.6955370604991931 7.6849550455808666 17.958331748843193 30.623475134372711 10.754160627722738 15.260741263628004 13.216849297285082 8.6819865405559522 7.5513359904289228 9.2930882722139341 7.1739409863948822
leaf_count=37 33 77 131 47 65 56 37 33 42 31
internal_value=7.29185e-05 0.00374234 0.00689782 -3.0224e-05 0.015465 -0.00686947 0.00369019 -0.0137454 -0.0085974 -0.0221878
internal_weight=136.894 91.5748 74.5967 41.3776 33.2191 45.3196 17.3775 27.9421 16.978 14.7253
internal_count=589 395 320 178 142 194 74 120 75 64
is_linear=0
shrinkage=0.03


Tree=88
num_leaves=6
num_cat=0
split_feature=22 5 18 23 36
split_gain=3.88098 3.2824 6.72774 4.77133 2.84895
threshold=0.75685527094700933 0.086070791736834754 0.86863312623616318 0.98991302651492263 0.0059538245531951762
decision_type=2 2 2 2 2
left_child=1 2 3 -1 -3
right_child=-2 4 -4 -5 -6
leaf_value=0.00399355826681952 0.018148331709822003 0.00031401132127933202 0.021674248605428773 -0.0090718051396620151 -0.019719358409342184
leaf_weight=54.512794733047485 8.0154654234647733 8.782259479165079 10.486276194453238 42.48220057785511 12.486365497112272
leaf_count=233 34 39 44 184 55
internal_value=5.24039e-05 -0.00121983 0.000847487 -0.001645 -0.0114865
internal_weight=136.765 128.75 107.481 96.995 21.2686
internal_count=589 555 461 417 94
is_linear=0
shrinkage=0.03


Tree=89
num_leaves=10
num_cat=0
split_feature=25 33 23 28 35 37 25 1 25
split_gain=3.74772 5.46466 3.95127 5.48671 5.07305 5.18579 4.15038 3.21924 2.01737
threshold=0.13782779269048115 0.24423226589397135 0.82151296597049572 8.5000000000000018 0.024438793260000539 0.033923263189564408 0.3261866544370558 0.016390766356651158 0.060689770634522022
decision_type=2 2 2 2 2 2 2 2 2
left_child=1 -1 3 -2 6 -6 -4 8 -3
right_child=2 7 4 -5 5 -7 -8 -9 -10
leaf_value=0.010718102302162495 0.0057917871924535414 -0.0063480032077071679 0.003569407683088598 -0.024661650513000708 0.00596578215138442 -0.016604558101839445 0.025858475164053953 0 -0.027687206121825784
leaf_weight=9.9376828670501691 9.238377660512926 11.359478756785395 17.946080341935158 7.6946907937526694 30.613573476672173 10.718128263950346 15.214082479476927 13.096169263124464 10.852258488535879
leaf_count=43 39 49 77 36 131 47 65 55 47
internal_value=6.07336e-05 -0.00671583 0.00364694 -0.00839783 0.00672898 -3.72343e-05 0.0151116 -0.0123363 -0.0188193
internal_weight=136.671 45.2456 91.4249 16.9331 74.4919 41.3317 33.1602 35.3079 22.2117
internal_count=589 194 395 75 320 178 142 151 96
is_linear=0
shrinkage=0.03


Tree=90
num_leaves=8
num_cat=0
split_feature=22 36 36 4 21 3 33
split_gain=3.79365 4.43395 6.24664 5.14673 3.88819 3.79656 1.74001
threshold=0.85561382248297013 0.0048556314556027257 0.0069051313625328719 0.02872103566484319 0.015800644602140767 0.034833004944621278 0.3592084571029181
decision_type=2 2 2 2 2 2 2
left_child=1 4 5 -4 6 -3 -1
right_child=-2 2 3 -5 -6 -7 -8
leaf_value=0.010139375798411315 0.01759112187734151 -0.0075801392391580957 -0.0048417744625934402 0.014291199903137342 0.021460330630039069 -0.030104270098926179 -0.006245173716809038
leaf_weight=7.2746701538562837 7.570064201951026 38.790782034397125 32.094861716032028 17.752804189920425 9.5897137522697431 8.076366573572157 13.704469308257101
leaf_count=31 32 170 139 76 40 35 58
internal_value=-0.000491768 -0.00193875 -0.00516974 0.00197138 0.00751274 -0.0128418 0
internal_weight=134.854 127.284 96.7148 49.8477 30.5689 46.8671 20.9791
internal_count=581 549 420 215 129 205 89
is_linear=0
shrinkage=0.03


Tree=91
num_leaves=9
num_cat=0
split_feature=34 34 19 13 19 14 20 2
split_gain=5.67787 5.38015 6.56349 5.44772 3.64935 4.64153 4.54491 1.2384
threshold=0.034649501004426438 0.0093242001049839169 0.073309882967585269 5.9174908581950563 0.088747570419856245 3.4930144547190598 0.022360006206016848 -0.0063668045947966037
decision_type=2 2 2 2 2 2 2 2
left_child=1 2 -1 -4 5 -3 -6 -2
right_child=7 4 3 -5 6 -7 -8 -9
leaf_value=-0.024611001559141608 -0.023595047851993158 0.033277117869290392 0.005205779917364566 -0.015738736119231534 -0.0093978936985286855 0.00025470100161271606 0.012309971711755902 -0.0046033073621498067
leaf_weight=8.9449362307786924 8.0084641873836535 8.6417525410652178 48.797973185777664 12.275048136711119 13.109123110771181 7.5043549984693518 17.632263228297234 9.8276033848524076
leaf_count=38 36 36 210 52 56 32 77 44
internal_value=-0.000467773 0.00190599 -0.00318801 0.000392749 0.00963899 0.0204753 0.00258629 -0.0154061
internal_weight=134.742 116.905 70.018 61.073 46.8875 16.1461 30.7414 17.8361
internal_count=581 501 300 262 201 68 133 80
is_linear=0
shrinkage=0.03


Tree=92
num_leaves=9
num_cat=0
split_feature=20 11 13 37 10 24 16 37
split_gain=4.3866 4.99585 3.7294 4.85535 7.55383 3.33363 3.17603 1.27211
threshold=0.018548924822914269 -0.0050746480666145613 5.9174908581950563 0.05533558907384107 0.0046573632498819748 0.51647079772079774 6.9647168191262319 0.0061546273279123884
decision_type=2 2 2 2 2 2 2 2
left_child=1 6 3 4 -2 -4 -1 -3
right_child=2 7 5 -5 -6 -7 -8 -9
leaf_value=0.015072496675212895 0 -0.0040142341513996465 -0.019753754822715176 -0.011562001380699053 0.019494485915308685 0.0036398088053591448 -0.009157793807808793 -0.024274768220805092
leaf_weight=7.6892769783735258 42.596835657954216 7.0388368517160442 9.4197087138891238 10.59093403816223 29.470424517989159 7.8380036652088156 7.3080795556306839 12.671257689595221
leaf_count=32 186 30 40 47 125 33 32 56
internal_value=-0.000466081 -0.00944291 0.00262911 0.0054067 0.00834779 -0.00907552 0.00269454 -0.0187666
internal_weight=134.623 34.7075 99.9159 82.6582 72.0673 17.2577 14.9974 19.7101
internal_count=581 150 431 358 311 73 64 86
is_linear=0
shrinkage=0.03


Tree=93
num_leaves=7
num_cat=0
split_feature=22 16 6 17 11 5
split_gain=3.6453 2.81659 4.71861 7.65929 4.08493 4.33855
threshold=0.85561382248297013 20.335745589810283 0.007879180640628777 3.7890131569858618 0.080454689904515334 -0.0818849568010067
decision_type=2 2 2 2 2 2
left_child=1 4 -3 -4 5 -1
right_child=-2 2 3 -5 -6 -7
leaf_value=0.0071479381189299956 0.01726556854532112 0.017963748192822912 -0.021784549812700203 0.012476636609365547 0.013144589261463162 -0.0097428243406125804
leaf_weight=14.20790348947048 7.5576378405094138 13.303134948015211 9.1445774137973803 10.094896763563154 8.1471876353025419 72.023773431777954
leaf_count=63 32 58 39 42 35 312
internal_value=-0.000468373 -0.00189217 0.00529855 -0.00361949 -0.00458572 -0.00669088
internal_weight=134.479 126.921 32.5426 19.2395 94.3789 86.2317
internal_count=581 549 139 81 410 375
is_linear=0
shrinkage=0.03


Tree=94
num_leaves=8
num_cat=0
split_feature=34 34 13 34 12 32 2
split_gain=5.3547 5.18512 3.81284 5.15245 3.4447 3.01491 1.20379
threshold=0.034649501004426438 0.0093242001049839169 -7.082396984138593 -0.047862930570297328 67.694235588972447 -0.0090686988902465276 -0.0063668045947966037
decision_type=2 2 2 2 2 2 2
left_child=1 2 -1 -4 5 -3 -2
right_child=6 4 3 -5 -6 -7 -8
leaf_value=0.010949134241974105 -0.023049703810684812 -0.0014606285034334675 0.013228121644667397 -0.010172381309172531 -0.00347205568919809 0.018153671158609729 -0.004346261347929611
leaf_weight=11.590357810258864 7.9507904499769237 7.0410477221012107 7.8146811574697486 50.423461943864822 11.327345237135885 28.391126543283463 9.7939703017473203
leaf_count=49 36 30 34 217 48 123 44
internal_value=-0.000425648 0.00187702 -0.00312744 -0.00644843 0.00947982 0.0139854 -0.0149722
internal_weight=134.333 116.588 69.8285 58.2381 46.7595 35.4322 17.7448
internal_count=581 501 300 251 201 153 80
is_linear=0
shrinkage=0.03


Tree=95
num_leaves=6
num_cat=0
split_feature=35 34 10 18 33
split_gain=6.48732 6.27128 5.4963 4.52226 4.04654
threshold=0.080946512603987122 0.038130874387779297 -0.016004925348267082 0.059080969214690686 0.47374548805775291
decision_type=2 2 2 2 2
left_child=1 2 3 -1 -4
right_child=-2 -3 4 -5 -6
leaf_value=-0.008342257264069397 0.023405408319691963 -0.020449836232997991 -0.013937880518788529 0.015467719753375195 0
leaf_weight=7.1757038980722418 7.6248680651187888 12.876302540302275 23.499106854200363 27.537956088781357 63.863317012786865
leaf_count=31 33 58 101 120 274
internal_value=-0.000283394 -0.00205361 6.4248e-05 0.00995103 -0.00383122
internal_weight=142.577 134.952 122.076 34.7137 87.3624
internal_count=617 584 526 151 375
is_linear=0
shrinkage=0.03


Tree=96
num_leaves=6
num_cat=0
split_feature=35 34 10 18 33
split_gain=6.19844 5.9794 5.17861 4.29855 3.83993
threshold=0.080946512603987122 0.038130874387779297 -0.016004925348267082 0.059080969214690686 0.47374548805775291
decision_type=2 2 2 2 2
left_child=1 2 3 -1 -4
right_child=-2 -3 4 -5 -6
leaf_value=-0.0081514104007710739 0.022909722587482861 -0.020017640773657332 -0.013583425299615084 0.01504609008795136 0
leaf_weight=7.1703036576509467 7.599801078438758 12.803966924548147 23.442002907395363 27.516715973615646 63.863317012786865
leaf_count=31 33 58 101 120 274
internal_value=-0.000274277 -0.00200688 5.48995e-05 0.00965901 -0.00372378
internal_weight=142.396 134.796 121.992 34.687 87.3053
internal_count=617 584 526 151 375
is_linear=0
shrinkage=0.03


Tree=97
num_leaves=7
num_cat=0
split_feature=35 34 5 11 25 38
split_gain=5.9233 5.71018 4.99684 4.41994 1.64911 0.653963
threshold=0.080946512603987122 0.035075048741410771 -0.075568215493361054 -0.0165084358444712 0.27764213463550752 0.0095561418977461923
decision_type=2 2 2 2 2 2
left_child=1 2 4 -4 -1 -3
right_child=-2 5 3 -5 -6 -7
leaf_value=0.002445918060428604 0.022427588771019157 -0.0066302727594736745 -0.011231706566904974 0.0018236235504405279 0.023640111450359342 -0.025179595427046866
leaf_weight=8.5217725932598132 7.5736725479364386 8.0953447669744474 31.454690352082253 71.683283179998398 7.7307517826557151 7.1519106030464163
leaf_count=38 33 36 134 309 34 33
internal_value=-0.000265396 -0.0019613 0.000242101 -0.0021532 0.0148347 -0.0181117
internal_weight=142.211 134.638 119.39 103.138 16.2525 15.2473
internal_count=617 584 515 443 72 69
is_linear=0
shrinkage=0.03


Tree=98
num_leaves=11
num_cat=0
split_feature=10 1 38 34 33 6 11 19 19 7
split_gain=4.58029 3.30841 4.62013 5.09743 2.3735 3.93968 5.49927 4.9862 2.40068 2.8619
threshold=-0.016004925348267082 0.025647981247103106 0.0079669344963835941 0.024257073114636766 0.42212310682459941 0.008324737810301094 0.031879699321520912 0.11515490627263254 0.063239891047958838 -0.016846647621742018
decision_type=2 2 2 2 2 2 2 2 2 2
left_child=1 2 -1 -4 8 6 -6 -7 -2 -10
right_child=4 -3 3 -5 5 7 -8 -9 9 -11
leaf_value=-0.0043542515053844027 0.0014774901165428543 -0.0083475005633938879 0.026671090965324624 -0.00057210814633870471 0.014842969032724957 0.0025358113930342725 -0.0057953635162226085 -0.018712801699798144 -0.0012049097053368756 -0.026549269450477322
leaf_weight=9.2074319869279844 6.9894940853118923 6.7071174681186667 17.088836848735813 7.4652304947376242 22.351054236292839 17.272197261452675 19.37019819021225 17.497094020247459 8.4152475148439443 9.6901751160621608
leaf_count=39 30 30 76 34 96 73 86 75 35 43
internal_value=-0.000248459 0.00794051 0.0118816 0.0184041 -0.00374583 -0.000807495 0.00509121 -0.00818549 -0.0114277 -0.0168072
internal_weight=142.054 40.4686 33.7615 24.5541 101.585 76.4905 41.7213 34.7693 25.0949 18.1054
internal_count=617 179 149 110 438 330 182 148 108 78
is_linear=0
shrinkage=0.03


Tree=99
num_leaves=9
num_cat=0
split_feature=35 37 36 36 26 40 37 1
split_gain=5.66056 4.15576 6.50355 7.51034 5.23806 4.17576 4.09484 3.07786
threshold=0.080946512603987122 0.0043304603074654233 0.0048306128872076179 0.0070926940345379247 0.30163934426229516 -0.038922836264518139 0.033923263189564408 -0.018687884771871995
decision_type=2 2 2 2 2 2 2 2
left_child=1 4 6 -4 7 -6 -3 -1
right_child=-2 2 3 -5 5 -7 -8 -9
leaf_value=0 0.021961631892726822 0.016944485474871068 -0.019829410362893804 0.0006720586745834721 -0.022813878146958916 0.0024600685783870407 -0.0067590592423677183 0.018882841738331806
leaf_weight=10.230570390820505 7.5428038686513892 13.203751668334009 35.060305327177048 25.773269638419151 6.6616704612970379 14.786950528621672 8.933383107185362 19.658295676112175
leaf_count=43 33 56 156 111 30 64 39 85
internal_value=-0.000256034 -0.00191776 -0.00609031 -0.0111599 0.00452012 -0.00602633 0.00699007 0.0124621
internal_weight=141.851 134.308 82.9707 60.8336 51.3375 21.4486 22.1371 29.8889
internal_count=617 584 362 267 222 94 95 128
is_linear=0
shrinkage=0.03


Tree=100
num_leaves=8
num_cat=0
split_feature=37 7 28 3 18 24 20
split_gain=5.98058 3.76716 2.73498 2.59246 4.56469 4.13473 1.74115
threshold=0.04687149820936521 0.030580616198134045 11.500000000000002 0.034833004944621278 0.910675887623136 -0.48232009925558311 0.024245074861374474
decision_type=2 2 2 2 2 2 2
left_child=2 6 3 5 -5 -1 -2
right_child=1 -3 -4 4 -6 -7 -8
leaf_value=-0.0041333947427108254 -0.029699756190310643 0.001397853534247453 -0.0095634265161242109 -0.018547508348117799 0.0084873385123872425 0.010241633165831397 -0.0047566446112694569
leaf_weight=22.420486956834793 9.1196687966585177 7.5852059870958319 13.597375288605688 9.6505337357521075 8.3298124521970731 59.525842398405075 6.5295940041542044
leaf_count=97 42 33 59 42 35 259 30
internal_value=-0.000870718 -0.0141642 0.00191826 0.00378478 -0.00567637 0.00612517 -0.0218606
internal_weight=136.759 23.2345 113.524 99.9267 17.9803 81.9463 15.6493
internal_count=597 105 492 433 77 356 72
is_linear=0
shrinkage=0.03


Tree=101
num_leaves=12
num_cat=0
split_feature=18 18 11 28 5 21 28 7 11 8 13
split_gain=3.25318 6.36619 3.87673 5.55756 4.30346 5.7 5.61687 2.71657 2.09935 1.97605 1.48998
threshold=0.27128945451442887 0.070164298298848682 0.031879699321520912 3.5000000000000004 -0.0078259175621201976 0.021247896361098802 7.5000000000000009 -0.028566140385037301 0.076589097383812269 0.030117500502727313 -1.3290298419224305
decision_type=2 2 2 2 2 2 2 2 2 2 2
left_child=1 -1 4 9 5 -2 -6 -3 -5 -4 -9
right_child=2 7 3 8 6 -7 -8 10 -10 -11 -12
leaf_value=-0.010958812862352504 -0.019238458399933524 0.027944376533411124 0.012083557640911884 -0.02730529688046467 0.019015450840748786 0.0064012480307260745 -0.0027051686422170911 -0.0030937227234051432 -0.003509860232818701 -0.0073851743848509779 0.012158125049999403
leaf_weight=10.629140347242354 15.618277758359911 7.7453023195266715 7.3185854703187925 13.592048391699793 16.873118415474892 11.469988539814947 21.555018097162247 7.0290328115224865 7.0948140174150458 6.8434735238552094 10.86954039335251
leaf_count=48 70 34 31 61 72 50 92 30 31 30 48
internal_value=-0.000869002 0.00646571 -0.00374091 -0.0115438 0.000406372 -0.0081725 0.00692984 0.014501 -0.0208344 0.00199796 0.00570574
internal_weight=136.638 36.273 100.365 34.8489 65.5164 27.0883 38.4281 25.6439 20.6869 14.1621 17.8986
internal_count=597 160 437 153 284 120 164 112 92 61 78
is_linear=0
shrinkage=0.03


Tree=102
num_leaves=7
num_cat=0
split_feature=35 35 9 35 11 25
split_gain=4.6769 4.67122 5.13297 5.64087 3.81024 4.02398
threshold=-0.089649169546516014 -0.011667972793563573 0.10575958360579897 0.01406328676723956 0.074786985981462731 0.28850937619594341
decision_type=2 2 2 2 2 2
left_child=-1 4 3 -3 5 -2
right_child=1 2 -4 -5 -6 -7
leaf_value=0.019601514194130552 -0.025465452251765181 0.022499330017045557 -0.017680386081729674 0.00017748490726129221 0.0039587503296669713 0
leaf_weight=7.2600437700748435 16.189651101827629 9.9855090379714948 9.7845271378755552 77.955735146999359 7.7278577685356131 7.4338639527559272
leaf_count=32 71 43 45 340 33 33
internal_value=-0.000846745 -0.00239284 0.000757095 0.0033228 -0.0121179 -0.0178609
internal_weight=136.337 129.077 97.7258 87.9412 31.3514 23.6235
internal_count=597 565 428 383 137 104
is_linear=0
shrinkage=0.03


Tree=103
num_leaves=11
num_cat=0
split_feature=24 7 23 34 16 17 24 26 23 15
split_gain=2.93918 4.83703 6.0835 4.29444 6.51598 3.91225 4.85401 3.53148 3.12234 1.10552
threshold=-0.48232009925558311 -0.0061011944605466129 1.065948922936047 0.012787564016839783 3.5840767067434141 5.2556812535024919 -0.24795081967213112 0.33913438256658601 0.86126393576013605 -2.1340802532240217
decision_type=2 2 2 2 2 2 2 2 2 2
left_child=3 2 8 4 -1 6 -3 -7 -2 -5
right_child=1 5 -4 9 -6 7 -8 -9 -10 -11
leaf_value=-0.012280144202484061 0.0014981408752707942 0.011994069848008711 -0.0045242863486446294 -0.0056827022435632949 0.020188063018287791 0.013719544808608949 -0.01250720684649243 -0.0064987178602815806 0.028795013417025946 -0.027637191976016461
leaf_weight=11.383455082774164 7.033152759075171 6.6480403989553443 11.804768964648245 7.0711685121059418 7.4525376856327048 17.283150792121891 37.386420205235481 10.312294304370878 12.612227886915205 7.2033786475658399
leaf_count=50 31 29 53 31 32 75 164 45 54 33
internal_value=-0.000810027 0.00159391 0.0111161 -0.0083857 0.000550858 -0.0025716 -0.00812194 0.00572865 0.020757 -0.0197182
internal_weight=136.191 103.08 31.4501 33.1105 18.836 71.6299 44.0345 27.5954 19.6454 14.2745
internal_count=597 451 138 146 82 313 193 120 85 64
is_linear=0
shrinkage=0.03


Tree=104
num_leaves=10
num_cat=0
split_feature=37 40 37 37 10 11 18 21 16
split_gain=5.52642 3.03655 3.75706 4.84448 4.73421 3.74248 2.94695 2.96817 0.809275
threshold=0.04687149820936521 0.025671758218446365 -0.0066321859611330738 -0.025078069261702082 0.019723305438686504 0.031879699321520912 0.8547548517893514 0.018687767529516539 16.983536946978145
decision_type=2 2 2 2 2 2 2 2 2
left_child=1 2 3 -1 -4 8 7 -2 -3
right_child=6 5 4 -5 -6 -7 -8 -9 -10
leaf_value=-0.0051692153629627879 -0.030774693157995196 0.0045626351131023511 -0.0011908155203635487 0.014763894200822372 -0.024861712159791254 -0.0035293187398415457 0 -0.0015510757757227545 0.021059734603532464
leaf_weight=18.285785228013992 8.5064616501331347 8.1830144375562686 33.198819816112518 20.708401963114738 8.611372694373129 10.778782591223715 8.0678444504737836 6.4079026132822028 13.267264828085898
leaf_count=81 40 35 146 89 37 48 35 30 56
internal_value=-0.000783757 0.00189124 -0.00109088 0.00525447 -0.00732095 0.00943308 -0.0136388 -0.0207737 0.0163318
internal_weight=136.016 113.033 80.8044 38.9942 41.8102 32.2291 22.9822 14.9144 21.4503
internal_count=597 492 353 170 183 139 105 70 91
is_linear=0
shrinkage=0.03


Tree=105
num_leaves=10
num_cat=0
split_feature=34 34 11 15 15 2 20 22 20
split_gain=4.5216 5.93836 5.36366 8.22427 4.31234 3.95687 3.67516 3.07209 0.360227
threshold=0.023728104522042329 0.0093242001049839169 -0.0165084358444712 -3.3444790024422613 -56.104001356777793 0.011220661415031087 0.029207280691418053 -0.11085330990023583 0.021586674010655265
decision_type=2 2 2 2 2 2 2 2 2
left_child=1 2 6 -4 -2 8 -1 -6 -3
right_child=4 5 3 -5 7 -7 -8 -9 -10
leaf_value=-0.019837146136402025 0.0071257880586595773 0.0097152570766081432 0.024845827599581451 -0.0035927260380181707 -0.027011302029382876 -0.00048206839947076939 0.0030966915462910158 -0.0038386342870607281 0.027212295063153296
leaf_weight=18.338889688253406 6.9387619644403484 9.1191633045673424 10.123483747243879 33.730662226676941 11.468232259154325 10.336266174912451 6.9020489752292624 12.45909266173839 8.8897451460361463
leaf_count=78 31 39 45 147 53 44 32 55 39
internal_value=-0.0011146 0.00196462 -0.00264507 0.00344238 -0.0108197 0.0131294 -0.0132484 -0.0167506 0.0209587
internal_weight=128.306 97.4403 69.0951 43.8541 30.8661 28.3452 25.2409 23.9273 18.0089
internal_count=563 424 302 192 139 122 110 108 78
is_linear=0
shrinkage=0.03


Tree=106
num_leaves=10
num_cat=0
split_feature=34 34 36 36 36 9 6 2 9
split_gain=4.31448 5.64278 6.16017 6.77713 3.93239 3.01102 2.86571 2.21294 1.77263
threshold=0.023728104522042329 0.0093242001049839169 0.0071333786806057464 0.004808297053764809 0.0043345422201390886 -0.025673490978680286 0.0048529334832455072 0.011220661415031087 0.049277037804835271
decision_type=2 2 2 2 2 2 2 2 2
left_child=1 2 3 -1 -3 -2 -4 -6 -7
right_child=5 4 6 -5 7 8 -8 -9 -10
leaf_value=0.0072704787490589168 0.0010578041219401061 -0.0042451452972509639 0.013805370818808109 -0.018671774087173576 0.025677981345999218 -0.025245387738397611 -0.0030898958092070946 0.0026986323620987076 -0.0045498607725660226
leaf_weight=11.005946740508078 10.67438091337681 6.9694560319185284 18.691306307911876 26.439290046691895 13.595279544591905 10.087592214345934 12.850342184305189 7.7401013672351828 10.009933307766913
leaf_count=47 47 30 82 117 59 48 56 33 44
internal_value=-0.00107191 0.00193346 -0.00255945 -0.0106845 0.0128251 -0.0105698 0.00670108 0.0189301 -0.0169612
internal_weight=128.064 97.2917 68.9869 37.4452 28.3048 30.7719 31.5416 21.3354 20.0975
internal_count=563 424 302 164 122 139 138 92 92
is_linear=0
shrinkage=0.03


Tree=107
num_leaves=10
num_cat=0
split_feature=34 34 36 36 36 3 19 2 21
split_gain=4.11658 5.3494 5.81829 6.446 3.75916 2.80553 2.53732 2.09405 2.01994
threshold=0.023728104522042329 0.0093242001049839169 0.0071333786806057464 0.004808297053764809 0.0043345422201390886 -0.018581907509553516 0.078959994060369507 0.011220661415031087 0.016483424798897816
decision_type=2 2 2 2 2 2 2 2 2
left_child=1 2 3 -1 -3 -4 -2 -6 -8
right_child=6 4 5 -5 7 -7 8 -9 -10
leaf_value=0.0070876021429828037 0.0033749634706274926 -0.0041463329069030838 0.019992023704069016 -0.018210229693423445 0.025075306741260784 0.00023158873094092887 -0.02346451339159538 0.0026343533892765475 -0.0039882424343434886
leaf_weight=11.002878457307814 6.8680360913276699 6.9691475480794933 7.867748528718951 26.348203331232071 13.553083792328836 23.658795520663261 11.182965576648714 7.7398966401815406 12.631549388170241
leaf_count=47 29 30 35 117 59 103 53 33 57
internal_value=-0.00104095 0.00189246 -0.00248103 -0.0103953 0.0125063 0.00650883 -0.0103345 0.0184887 -0.0148245
internal_weight=127.822 97.1398 68.8776 37.3511 28.2621 31.5265 30.6826 21.293 23.8145
internal_count=563 424 302 164 122 138 139 92 110
is_linear=0
shrinkage=0.03


Tree=108
num_leaves=10
num_cat=0
split_feature=34 34 36 36 26 36 9 38 38
split_gain=3.93205 5.05771 5.52434 6.13159 4.57229 3.59442 2.91386 2.16535 1.98421
threshold=0.023728104522042329 0.0093242001049839169 0.0071333786806057464 0.004808297053764809 0.41603913593140224 0.0043345422201390886 -0.025673490978680286 0.009113337129530415 0.0092134018998472327
decision_type=2 2 2 2 2 2 2 2 2
left_child=1 2 3 -1 -4 -3 -2 -8 -7
right_child=6 5 4 -5 -6 8 7 -9 -10
leaf_value=0.0069094161997939234 0.0012982715443093592 -0.0040498406009910832 0.012889394077954419 -0.017761035892982533 -0.011033978586481575 0.025666259294195509 -0.0059569169364190756 -0.028655081441768163 0.0042060911055735667
leaf_weight=10.999657660722731 10.654637038707735 6.9687973260879543 23.921037197113041 26.256127998232841 7.5854031592607489 11.917408213019373 13.003024354577066 6.9392437934875479 9.3307840675115568
leaf_count=47 47 30 105 117 33 51 57 35 41
internal_value=-0.000997485 0.00186754 -0.00238399 -0.0101141 0.00636717 0.0121966 -0.010096 -0.0164307 0.0180602
internal_weight=127.576 96.9792 68.7622 37.2558 31.5064 28.217 30.5969 19.9423 21.2482
internal_count=563 424 302 164 138 122 139 92 92
is_linear=0
shrinkage=0.03


Tree=109
num_leaves=10
num_cat=0
split_feature=34 34 36 36 36 9 3 24 22
split_gain=3.75721 4.80116 5.20836 5.83298 3.43632 2.80542 2.67069 2.00695 1.85078
threshold=0.023728104522042329 0.0093242001049839169 0.0071333786806057464 0.004808297053764809 0.0043345422201390886 -0.025673490978680286 -0.018581907509553516 0.1354895104895105 -0.11085330990023583
decision_type=2 2 2 2 2 2 2 2 2
left_child=1 2 3 -1 -3 -2 -4 -6 -7
right_child=5 4 6 -5 7 8 -8 -9 -10
leaf_value=0.0067357904833002108 0.0012653970909407293 -0.0039556124199701141 0.019341592697271096 -0.017323709690690005 0.024853994004043943 -0.024172690144401578 5.5291404506413774e-05 0.0033425972453670827 -0.0033747115060223567
leaf_weight=10.996299952268599 10.655444338917734 6.9684085398912456 7.8331579267978695 26.163287669420242 12.421368002891542 10.346922025084497 23.645985275506973 8.7979969382286054 9.5017220228910428
leaf_count=47 47 30 35 117 54 49 103 38 43
internal_value=-0.000973923 0.00182442 -0.00231807 -0.00984056 0.0118938 -0.00988365 0.00617121 0.0176371 -0.0161233
internal_weight=127.331 96.8265 68.6387 37.1596 28.1878 30.5041 31.4791 21.2194 19.8486
internal_count=563 424 302 164 122 139 138 92 92
is_linear=0
shrinkage=0.03


Tree=110
num_leaves=10
num_cat=0
split_feature=12 18 37 15 37 28 28 16 15
split_gain=4.48002 4.79853 4.12765 4.77251 3.77695 3.41185 2.75962 2.32074 1.83763
threshold=60.376629818594104 0.67521920361204668 0.0043304603074654233 -3.3444790024422613 -0.021933368583336606 5.5000000000000009 10.500000000000002 20.895850580706298 17.426910969737445
decision_type=2 2 2 2 2 2 2 2 2
left_child=1 2 4 -4 -1 7 8 -2 -7
right_child=5 -3 3 -5 -6 6 -8 -9 -10
leaf_value=-0.0012082188172072837 -0.0063524279467170675 0.021712694001922533 0.0056473546904281021 -0.013604039191952926 0.015474536122474118 -0.028994973518109125 0 0.013714947614515654 -0.0063601350795589578
leaf_weight=18.100717112421986 7.2357113212347022 12.085150390863417 20.093206718564034 21.324095666408539 26.68377281725407 7.5481376051902833 9.3857076466083509 8.7116583585739118 10.496630251407622
leaf_count=81 32 53 90 95 117 32 42 38 46
internal_value=0.00171552 0.0053135 0.00240413 -0.00408901 0.00864778 -0.00598122 -0.0122205 0.00408086 -0.0185249
internal_weight=141.665 98.2869 86.2018 41.4173 44.7845 43.3778 27.4305 15.9474 18.0448
internal_count=626 436 383 185 198 190 120 70 78
is_linear=0
shrinkage=0.03


Tree=111
num_leaves=10
num_cat=0
split_feature=13 36 36 37 36 14 37 34 1
split_gain=3.84086 3.37986 6.38216 3.99071 3.86994 3.42679 3.37591 3.20907 1.11588
threshold=-7.4111863878114397 0.0068133800155333489 0.0058036057405418361 0.033923263189564408 0.0081816851456304966 -11.490389313006288 0.0076462226194665703 0.027499062616639373 -0.0061432031759692798
decision_type=2 2 2 2 2 2 2 2 2
left_child=6 2 3 -2 7 -6 -1 -3 -4
right_child=1 4 8 -5 5 -7 -8 -9 -10
leaf_value=0.025901868556567304 0.0065160377057581704 0.016118250828302483 -0.0045489380967381537 -0.010328847858657666 0.008618211869053401 -0.015373945039693863 0.0004911053928263894 -0.0045970591636884236 -0.02403176113278831
leaf_weight=8.2534461617469805 36.490052923560143 25.955460757017136 7.3483310192823437 16.662296831607819 6.9488220214843777 10.307660490274428 11.183289393782614 6.5345286130905142 11.870483890175818
leaf_count=35 158 115 34 74 32 44 49 30 55
internal_value=0.00166145 -0.000270305 -0.00447505 0.000780431 0.00549342 -0.00504217 0.0133909 0.011492 -0.0184203
internal_weight=141.554 122.118 72.3712 53.1523 49.7465 17.2565 19.4367 32.49 19.2188
internal_count=626 542 321 232 221 76 84 145 89
is_linear=0
shrinkage=0.03


Tree=112
num_leaves=10
num_cat=0
split_feature=12 18 37 15 37 6 1 15 19
split_gain=4.17052 4.58655 3.78836 4.4568 3.63158 3.39356 5.10867 3.54281 1.03235
threshold=60.376629818594104 0.67521920361204668 0.0043304603074654233 -3.3444790024422613 -0.021933368583336606 0.0094993572411007209 0.022494418258496632 107.45137183067219 0.14807716098222332
decision_type=2 2 2 2 2 2 2 2 2
left_child=1 2 4 -4 -1 7 -7 8 -2
right_child=5 -3 3 -5 -6 6 -8 -9 -10
leaf_value=-0.0014144756962367138 0.00027423099118065799 0.021149534691997825 0.0054161862115763735 -0.01319970889051846 0.014937087828503925 -0.02805524694224695 0 -0.012746642423312575 0.018251870895179254
leaf_weight=18.076722413301464 7.0598960816860217 12.032309949398039 20.064063504338264 21.239218965172768 26.665782004594806 9.4883781671524066 13.706904485821722 6.3021093904972068 6.7371832579374313
leaf_count=81 30 53 90 95 117 41 58 31 30
internal_value=0.00160982 0.00508917 0.00224358 -0.00397771 0.00823202 -0.00581772 -0.0132819 0.00253993 0.0112017
internal_weight=141.373 98.0781 86.0458 41.3033 44.7425 43.2945 23.1953 20.0992 13.7971
internal_count=626 436 383 185 198 190 99 91 60
is_linear=0
shrinkage=0.03


Tree=113
num_leaves=11
num_cat=0
split_feature=12 25 9 33 33 28 28 3 9 26
split_gain=3.96207 4.28619 6.51925 4.30494 3.86264 3.26928 2.65158 2.54189 2.25526 1.27563
threshold=60.376629818594104 0.083835341365461849 -0.024017303585229448 0.48682738625208327 0.3592084571029181 5.5000000000000009 10.500000000000002 0.036940863569610689 0.10575958360579897 0.33498349834983504
decision_type=2 2 2 2 2 2 2 2 2 2
left_child=1 2 -1 4 -3 8 7 -7 -2 -5
right_child=5 3 -4 9 -6 6 -8 -9 -10 -11
leaf_value=0.01019491648781682 0.01338850155537891 0.0073791323254554526 -0.019616722459359227 0.02348464039538448 -0.011084395510671431 -0.0049936905270471666 0 -0.029968968591601145 -0.0064614455508672343 0.0048425399245890476
leaf_weight=9.9136701077222842 8.98554480075836 40.621590778231621 12.210870400071142 15.778486877679827 11.044897958636282 10.578232839703565 9.3581690564751607 7.4091159850358954 6.8991796523332587 8.4326333403587324
leaf_count=45 39 180 54 70 50 46 42 32 31 37
internal_value=0.00156229 0.00495635 -0.00589905 0.0083844 0.00288663 -0.00567928 -0.011806 -0.0180011 0.00416995 0.0184289
internal_weight=141.232 98.0021 22.1245 75.8776 51.6665 43.2302 27.3455 17.9873 15.8847 24.2111
internal_count=626 436 99 337 230 190 120 78 70 107
is_linear=0
shrinkage=0.03


Tree=114
num_leaves=9
num_cat=0
split_feature=12 18 16 11 25 6 1 20
split_gain=3.77109 4.32157 3.36235 6.63058 4.07666 3.18244 4.90784 4.13941
threshold=60.376629818594104 0.67521920361204668 -17.927831793135553 0.0089062993830700838 0.083835341365461849 0.0094993572411007209 0.022494418258496632 0.021963693245026124
decision_type=2 2 2 2 2 2 2 2
left_child=1 2 4 -4 -1 7 -7 -2
right_child=5 -3 3 -5 -6 6 -8 -9
leaf_value=-0.0072635628779119388 -0.0098486570978373825 0.020460113136827694 0.0030108461061208996 -0.021204794373517723 0.014858166856432794 -0.02730166812333833 0 0.014839452720046409
leaf_weight=7.8183385729789725 9.5827816054224986 11.954413369297979 40.802857607603073 11.162416577339171 26.144887074828148 9.4485705345869082 13.690756663680075 10.457090824842451
leaf_count=36 44 53 180 50 117 41 58 47
internal_value=0.00151144 0.00482706 0.00206568 -0.00250594 0.00922791 -0.00555368 -0.0127964 0.00253094
internal_weight=141.062 97.8829 85.9285 51.9653 33.9632 43.1792 23.1393 20.0399
internal_count=626 436 383 230 153 190 99 91
is_linear=0
shrinkage=0.03


Tree=115
num_leaves=8
num_cat=0
split_feature=0 13 35 11 21 23 21
split_gain=6.4677 4.28451 3.55353 3.96948 2.06933 1.93112 1.8991
threshold=0.020702469470304522 5.9174908581950563 -0.026878640861689115 -0.04659541182348708 0.019570890462827419 1.0397410418458302 0.015664325459428353
decision_type=2 2 2 2 2 2 2
left_child=1 2 4 -4 -1 -2 -3
right_child=5 6 3 -5 -6 -7 -8
leaf_value=-0.018033272187970843 0.0034030867467152535 -0.0014952504157068384 0.019057850960492378 0.00017045703479064714 0 0.026445404610104545 -0.025711419055522561
leaf_weight=11.200002089142801 8.5173736214637774 6.7410254031419736 9.9446003139018995 73.011358559131622 11.898251861333845 7.881938323378562 7.2030097544193268
leaf_count=50 37 30 44 323 55 34 32
internal_value=0.000295417 -0.00210034 0 0.00300655 -0.00984015 0.0169639 -0.0166013
internal_weight=136.398 119.998 106.054 82.956 23.0983 16.3993 13.944
internal_count=605 534 472 367 105 71 62
is_linear=0
shrinkage=0.03


Tree=116
num_leaves=9
num_cat=0
split_feature=24 4 23 23 28 18 32 26
split_gain=2.99955 2.85492 7.23835 6.6506 3.95993 3.65612 3.52082 2.22352
threshold=-0.82931673728813549 -0.015551959175116479 1.0554806640929908 1.0546846024124579 8.5000000000000018 0.71742160527057364 0.0093311264921256427 0.18695805605968949
decision_type=2 2 2 2 2 2 2 2
left_child=-1 2 4 5 -2 -3 -5 -4
right_child=1 3 7 6 -6 -7 -8 -9
leaf_value=-0.014619725005126131 0.026513926104476813 -0.013403981830251512 0.0050027857512277511 0.0011730713840092273 0.00075582564067706349 0.00058980298568985412 0.025217512718287614 -0.014059038494428524
leaf_weight=9.0034956336021406 15.268241494894029 32.226149678230286 6.9268921911716488 15.606692433357241 9.7740285098552686 28.883191481232643 8.10582087934017 10.509674727916716
leaf_count=40 68 145 31 67 44 128 35 47
internal_value=0.000286406 0.0016665 0.0078809 -0.00138276 0.0178146 -0.00674309 0.0112979 -0.00597918
internal_weight=136.304 127.301 42.4788 84.8219 25.0423 61.1093 23.7125 17.4366
internal_count=605 565 190 375 112 273 102 78
is_linear=0
shrinkage=0.03


Tree=117
num_leaves=7
num_cat=0
split_feature=0 13 35 4 11 23
split_gain=6.05121 4.08017 3.58672 7.23662 3.73571 1.8014
threshold=0.020702469470304522 6.1865207092811234 -0.026878640861689115 0.023380161449281459 -0.04659541182348708 1.0033639922938362
decision_type=2 2 2 2 2 2
left_child=1 2 3 -1 -4 -2
right_child=5 -3 4 -5 -6 -7
leaf_value=-0.021506267750516311 0.0016765929396202937 -0.016559275769877851 0.018581102089892304 0.010214992646598737 0.00024274826424446202 0.024139066444878329
leaf_weight=15.124084234237673 7.1220015436410931 13.21044799685478 9.9324152469634992 8.1461886614561063 73.410955242812634 9.2491183280944806
leaf_count=69 31 59 44 37 325 40
internal_value=0.000292011 -0.00202327 0 -0.00987848 0.0029882 0.01643
internal_weight=136.195 119.824 106.614 23.2703 83.3434 16.3711
internal_count=605 534 475 106 369 71
is_linear=0
shrinkage=0.03


Tree=118
num_leaves=7
num_cat=0
split_feature=24 26 27 19 31 13
split_gain=2.85537 2.72763 2.99531 2.95647 3.6028 0.400316
threshold=-0.82931673728813549 0.47979591836734697 1.5000000000000002 0.21404214744114608 -2.4999999999999996 0.67743386311304843
decision_type=2 2 2 2 2 2
left_child=-1 3 -3 4 -2 -4
right_child=1 2 5 -5 -6 -7
leaf_value=-0.014260204620548098 -0.011837383360820474 0.0053496376148095678 -0.020343483959493636 0.016911757299559595 0.0042027867014060565 -0.0046020767294236153
leaf_weight=8.9761723428964597 12.643237382173536 8.1502519249916094 7.2774905860424024 11.768848359584807 80.054140351712704 7.2073391675949097
leaf_count=40 56 36 33 55 353 32
internal_value=0.00029724 0.0016465 -0.00717713 0.00379814 0.00165283 -0.0149294
internal_weight=136.077 127.101 22.6351 104.466 92.6974 14.4848
internal_count=605 565 101 464 409 65
is_linear=0
shrinkage=0.03


Tree=119
num_leaves=9
num_cat=0
split_feature=24 4 23 23 39 28 37 27
split_gain=2.71501 2.77188 6.87878 6.23098 5.16131 3.69187 2.18002 1.60303
threshold=-0.82931673728813549 -0.015551959175116479 1.0554806640929908 1.0546846024124579 1.0000000180025095e-35 8.5000000000000018 -0.0022473643729413735 2.5000000000000004
decision_type=2 2 2 2 2 2 2 2
left_child=-1 2 5 4 -3 -2 -4 -5
right_child=1 3 6 7 -6 -7 -8 -9
leaf_value=-0.013934272671023911 0.0258366470473709 0.013495551061375321 0.0037026539251655706 0.0027201705103364997 -0.010103644142001458 0.00084013115555540258 -0.014928247342290552 0.019915675446432107
leaf_weight=8.9576116502284986 15.2313329577446 7.5429036021232596 8.3165652304887789 14.683562681078913 53.442436434328556 9.7556149512529355 9.085670128464697 8.9628259837627393
leaf_count=40 68 33 38 63 240 44 40 39
internal_value=0.000271268 0.00158978 0.00772227 -0.00141599 -0.00661081 0.0174186 -0.00578753 0.0108676
internal_weight=135.979 127.021 42.3892 84.6317 60.9853 24.9869 17.4022 23.6464
internal_count=605 565 190 375 273 112 78 102
is_linear=0
shrinkage=0.03


Tree=120
num_leaves=5
num_cat=0
split_feature=12 34 40 8
split_gain=3.24385 3.41102 3.57076 3.56414
threshold=26.896107972379159 0.037135126564631478 -0.051939789200614643 -0.02050944125995334
decision_type=2 2 2 2
left_child=-1 2 -2 -4
right_child=1 -3 3 -5
leaf_value=0.015281750243275643 -0.01619193857679346 -0.016048091923788241 0.012421957006446757 -0.0009069106434116507
leaf_weight=9.0508256703615171 9.0963460057973844 11.255482614040373 20.290660098195076 86.292191162705421
leaf_count=43 42 53 88 381
internal_value=-0.000193499 -0.0016332 0 0.00167449
internal_weight=135.986 126.935 115.679 106.583
internal_count=607 564 511 469
is_linear=0
shrinkage=0.03


Tree=121
num_leaves=9
num_cat=0
split_feature=16 38 34 34 1 21 20 24
split_gain=4.16409 4.21001 3.09892 3.6904 3.04479 2.47066 2.1161 0.701452
threshold=-20.635595608927865 0.010591852219468652 0.029179363729959332 0.020973955574487339 0.016390766356651158 0.01417065248669038 0.022543443678742638 -0.14208074534161488
decision_type=2 2 2 2 2 2 2 2
left_child=1 5 3 4 -2 -1 -5 -4
right_child=2 -3 7 6 -6 -7 -8 -9
leaf_value=0.0019720439775060567 -0.0073552959197670511 -0.0033778523253743019 -0.020690850411655939 0.020898478923046925 0.0053276017223887247 0.026632161673218503 0 -0.0041925714835625997
leaf_weight=7.7897981107235017 53.885293573141098 11.795062303543089 7.8945357501506832 7.869913235306738 21.473067671060562 10.035921305418013 6.7474665194749832 8.4275325089693052
leaf_count=35 238 57 37 35 92 44 30 39
internal_value=-0.000190195 0.00927399 -0.00308854 -0.000609266 -0.00350315 0.0178984 0.0120332 -0.0143785
internal_weight=135.919 29.6208 106.298 89.9757 75.3584 17.8257 14.6174 16.3221
internal_count=607 136 471 395 330 79 65 76
is_linear=0
shrinkage=0.03


Tree=122
num_leaves=8
num_cat=0
split_feature=10 5 15 24 21 5 33
split_gain=3.4478 3.86127 3.20888 3.12101 3.37141 2.53574 2.46551
threshold=-0.031917450973329646 -0.035364474062053224 -85.25403757488138 -0.72170212765957442 0.022609968943640969 -0.059155618940489589 0.17199414488017431
decision_type=2 2 2 2 2 2 2
left_child=2 5 -1 -3 -5 6 -2
right_child=1 3 -4 4 -6 -7 -8
leaf_value=-0.00096069505836508188 -0.012176125827181096 -0.014507927146214123 0.021755604723227705 0.0052109588374228081 -0.012084217226447225 -0.019867585863027254 0.0099383617253099993
leaf_weight=8.3425835967063922 7.3843071460723895 8.4673980176448804 9.431027874350546 72.359262093901634 9.4368441104888898 13.884315982460974 6.515845850110054
leaf_count=40 32 39 43 317 43 63 30
internal_value=-0.000174455 -0.0021891 0.0113157 0.000730706 0.00279581 -0.0115904 -0.000920177
internal_weight=135.822 118.048 17.7736 90.2635 81.7961 27.7845 13.9002
internal_count=607 524 83 399 360 125 62
is_linear=0
shrinkage=0.03


Tree=123
num_leaves=10
num_cat=0
split_feature=16 15 4 36 13 36 36 13 35
split_gain=3.85241 3.86205 4.36909 7.21238 6.14283 3.10026 3.35568 1.64385 1.14608
threshold=-20.635595608927865 112.03563050483869 0.030033767758797961 0.005142851287573272 6.4745204001337706 0.0076960160137579782 0.006454116380920815 -1.0978409291211582 0.021856469453916953
decision_type=2 2 2 2 2 2 2 2 2
left_child=5 2 3 -2 -4 6 7 -1 -3
right_child=1 8 4 -5 -6 -7 -8 -9 -10
leaf_value=-0.0063537877837258339 0.0076843448761631638 -0.025350828446046851 0.015012794466077343 -0.013465785481357073 -0.010570156071898724 -0.0064726244144469565 0.025757239722200394 0.011863833189925949 -0.0037420724798947077
leaf_weight=6.6841772049665478 20.462557718157768 6.2735267877578718 25.6516123265028 37.152142643928528 9.8095798641443235 6.5333325415849677 9.9181286841630918 6.4427774697542217 6.7767193913459778
leaf_count=30 89 30 112 166 42 30 46 30 32
internal_value=-0.000182695 -0.00297698 -0.00051859 -0.00569665 0.00734891 0.00892164 0.0140532 0.00198231 -0.0171149
internal_weight=135.705 106.126 93.0759 57.6147 35.4612 29.5784 23.0451 13.127 13.0502
internal_count=607 471 409 255 154 136 106 60 62
is_linear=0
shrinkage=0.03


Tree=124
num_leaves=9
num_cat=0
split_feature=16 38 15 33 38 38 19 11
split_gain=3.66415 4.00926 3.71889 5.00879 4.15889 3.70793 2.54122 0.734063
threshold=-20.635595608927865 0.010591852219468652 112.03563050483869 0.47374548805775291 0.0073732491641723642 0.0076160150737175896 0.104167611464602 0.073278550833121195
decision_type=2 2 2 2 2 2 2 2
left_child=1 6 3 5 -5 -2 -1 -4
right_child=2 -3 7 4 -6 -7 -8 -9
leaf_value=0.00094284931388811022 -0.023073423691742805 -0.0036257430865308409 -0.004148131645053078 0.018662825469263865 0 -0.0019969739930308051 0.02567064679822231 -0.023510336348848866
leaf_weight=7.5112435519695344 9.9476653933525068 11.752428367733954 6.3818109929561597 12.748670771718023 43.655243217945099 26.603604346513748 10.279546201229094 6.6049204021692276
leaf_count=33 45 57 31 55 190 119 46 31
internal_value=-0.000183352 0.00869692 -0.00291395 -0.000499852 0.00488547 -0.0090216 0.0171389 -0.0168198
internal_weight=135.485 29.5432 105.942 92.9552 56.4039 36.5513 17.7908 12.9867
internal_count=607 136 471 409 245 164 79 62
is_linear=0
shrinkage=0.03


Tree=125
num_leaves=6
num_cat=0
split_feature=13 35 22 11 11
split_gain=6.88544 4.14752 3.63449 3.78809 2.73288
threshold=-7.082396984138593 0.080946512603987122 -0.39663564035721005 -0.021173581612070776 0.030547489221244509
decision_type=2 2 2 2 2
left_child=4 2 -2 -4 -1
right_child=1 -3 3 -5 -6
leaf_value=0.022550789923304365 0.010566903389673764 0.01488939224743669 -0.016547323035263489 -0.003373949517015749 0
leaf_weight=11.534829646348955 8.8236059695482236 7.3328632712364188 28.062485098838806 73.597450964152813 8.1052970588207227
leaf_count=50 39 33 126 332 36
internal_value=-0.00114582 -0.00404104 -0.00567322 -0.00740417 0.0142971
internal_weight=137.457 117.816 110.484 101.66 19.6401
internal_count=616 530 497 458 86
is_linear=0
shrinkage=0.03


Tree=126
num_leaves=7
num_cat=0
split_feature=13 32 35 32 0 9
split_gain=6.52587 6.20204 3.95036 4.58557 4.5225 4.19135
threshold=-7.082396984138593 -0.011481736852832379 0.080946512603987122 -0.00037095919448859588 0.0030241545893719972 0.11173466512743503
decision_type=2 2 2 2 2 2
left_child=1 -1 3 4 -2 -5
right_child=2 -3 -4 5 -6 -7
leaf_value=-0.0058545206338375556 -0.018018457703398719 0.025582069259441977 0.014571123519696241 0.0021089073762493539 0.0053919847260934543 -0.018359089721939982
leaf_weight=7.1640782952308681 32.857511714100838 12.472617045044897 7.3122395128011695 61.858950525522232 7.2993102446198455 8.4201582893729192
leaf_count=31 147 55 33 277 33 40
internal_value=-0.00109259 0.0139387 -0.00391554 -0.00551042 -0.0133534 -0.00057599
internal_weight=137.385 19.6367 117.748 110.436 40.1568 70.2791
internal_count=616 86 530 497 180 317
is_linear=0
shrinkage=0.03


Tree=127
num_leaves=8
num_cat=0
split_feature=13 28 13 23 16 16 16
split_gain=6.16805 3.00804 2.60543 4.20539 4.10394 2.70383 1.55651
threshold=-7.082396984138593 6.5000000000000009 -1.4519513764079226 0.88676652934004296 36.799535745825402 20.081393940369445 -0.31930468390161332
decision_type=2 2 2 2 2 2 2
left_child=1 -1 3 -2 5 -4 -5
right_child=2 -3 4 6 -6 -7 -8
leaf_value=0.025447087948937266 0.0029882017825577879 0.0012317080928183951 -0.0012008358658045478 -0.0253451787848098 -0.016499347476861964 0.011867000417934344 -0.0052150409999411201
leaf_weight=8.2895708084106463 10.6643642783165 11.342174947261809 58.769285850226879 11.666991859674457 11.008697748184202 16.158419832587242 9.3382625877857173
leaf_count=36 49 50 269 52 49 71 40
internal_value=-0.00105236 0.0135575 -0.00380249 -0.0109202 -0.000820172 0.00165756 -0.0182794
internal_weight=137.238 19.6317 117.606 31.6696 85.9364 74.9277 21.0053
internal_count=616 86 530 141 389 340 92
is_linear=0
shrinkage=0.03


Tree=128
num_leaves=7
num_cat=0
split_feature=13 32 35 32 0 32
split_gain=5.88676 5.88248 3.72402 4.27812 4.23251 2.32105
threshold=-7.082396984138593 -0.011481736852832379 0.080946512603987122 -0.00037095919448859588 0.0030241545893719972 0.014378436273443819
decision_type=2 2 2 2 2 2
left_child=1 -1 3 4 -2 -5
right_child=2 -3 -4 5 -6 -7
leaf_value=-0.005951135260484324 -0.017382966871767713 0.024621661438018503 0.014249028018577746 0.0025883518556557945 0.0052282499735884901 -0.0092192244221854722
leaf_weight=7.1618981212377575 32.746785387396812 12.460979282855986 7.2905111759901038 51.650089979171753 7.3017623946070662 18.555594399571419
leaf_count=31 147 55 33 234 33 83
internal_value=-0.00102108 0.0132512 -0.003711 -0.00526494 -0.0128511 -0.000493608
internal_weight=137.168 19.6229 117.545 110.254 40.0485 70.2057
internal_count=616 86 530 497 180 317
is_linear=0
shrinkage=0.03


Tree=129
num_leaves=8
num_cat=0
split_feature=13 32 32 9 19 18 32
split_gain=5.56004 5.59975 3.29086 4.31627 4.15036 3.65212 3.01801
threshold=-7.082396984138593 -0.011481736852832379 -0.00037095919448859588 0.11173466512743503 0.15383467747534255 0.79118172642155227 -0.014398512285836216
decision_type=2 2 2 2 2 2 2
left_child=1 -1 5 4 -4 6 -2
right_child=2 -3 3 -5 -6 -7 -8
leaf_value=-0.0058151895447563929 0.00198725786758329 0.023991440591673806 -0.0010304630414737209 -0.017128241384081269 0.015606188452127669 0.005759548810442475 -0.018341639841534151
leaf_weight=7.1562881022691753 6.3073075264692262 12.457249417901037 50.07678048312664 9.0659507960081083 15.730544999241827 8.1131131798028928 28.148439131677154
leaf_count=31 29 55 222 43 73 35 128
internal_value=-0.000978807 0.0128903 -0.00359767 4.55653e-05 0.00306815 -0.0100567 -0.014304
internal_weight=137.056 19.6135 117.442 74.8733 65.8073 42.5689 34.4557
internal_count=616 86 530 338 295 192 157
is_linear=0
shrinkage=0.03


Tree=130
num_leaves=8
num_cat=0
split_feature=35 35 15 7 6 12 35
split_gain=5.01576 3.24353 5.26731 4.51978 3.70721 3.46326 2.96651
threshold=-0.089649169546516014 0.042124101720839809 68.212833991379014 0.02766352266384741 0.005527315116781532 48.231195283187432 -0.011667972793563573
decision_type=2 2 2 2 2 2 2
left_child=-1 2 6 5 -4 -3 -2
right_child=1 3 4 -5 -6 -7 -8
leaf_value=0.021403094539522993 -0.020765359828060662 0 0.011811738875254565 -0.014309072638229968 -0.0074975544745878552 0.016908625813801915 -0.0047923694476498229
leaf_weight=7.0826331526041022 17.621790036559105 21.836367920041084 19.521109588444233 7.3754189461469641 12.651000916957853 19.617932721972466 33.598520308732986
leaf_count=33 80 99 89 33 57 86 148
internal_value=-6.07746e-05 -0.00162406 -0.00525456 0.00424389 0.0037854 0.00839662 -0.0111434
internal_weight=139.305 132.222 83.3924 48.8297 32.1721 41.4543 51.2203
internal_count=625 592 374 218 146 185 228
is_linear=0
shrinkage=0.03


Tree=131
num_leaves=6
num_cat=0
split_feature=35 11 35 4 11
split_gain=4.80407 3.11153 4.85907 5.82763 3.34776
threshold=-0.089649169546516014 0.080454689904515334 -0.011667972793563573 0.023380161449281459 0.058321437810510031
decision_type=2 2 2 2 2
left_child=-1 2 3 -2 -4
right_child=1 -3 4 -5 -6
leaf_value=0.020993196683519042 -0.022095077563950277 0.012521589645144543 0.0023947983194457035 0.0064708523559115086 -0.01333214161867163
leaf_weight=7.0439357608556739 19.357324287295345 10.429584473371504 83.047369822859764 7.1093524098396292 12.20696599781513
leaf_count=33 87 47 369 32 57
internal_value=-5.79709e-05 -0.00158811 -0.00310121 -0.0139794 0
internal_weight=139.195 132.151 121.721 26.4667 95.2543
internal_count=625 592 545 119 426
is_linear=0
shrinkage=0.03


Tree=132
num_leaves=8
num_cat=0
split_feature=35 35 15 7 1 38 25
split_gain=4.59649 2.97083 4.96592 4.2905 4.05788 3.63128 3.17101
threshold=-0.089649169546516014 0.042124101720839809 68.212833991379014 0.02766352266384741 0.0089917070613120282 0.0081573184294964889 0.2930442249892658
decision_type=2 2 2 2 2 2 2
left_child=-1 2 6 5 -4 -3 -2
right_child=1 3 4 -5 -6 -7 -8
leaf_value=0.020592599114058349 -0.016092535631435517 -0.006100199954290079 0.011649857509999117 -0.014004352753983131 -0.008868242671315963 0.012991613546926805 0
leaf_weight=7.0050351172685614 32.734012395143509 9.6450281143188459 20.586741611361504 7.3627236783504477 11.554394096136091 31.777725070714951 18.400011658668518
leaf_count=33 145 44 94 33 52 141 83
internal_value=-4.39033e-05 -0.00154132 -0.00502258 0.0040695 0.00374705 0.00812455 -0.0107507
internal_weight=139.066 132.061 83.2752 48.7855 32.1411 41.4228 51.134
internal_count=625 592 374 218 146 185 228
is_linear=0
shrinkage=0.03


end of trees

feature_importances:
ma_20_60_cross=60
bb_bandwidth=51
bb_pct_b=47
macro_usdjpy_ret_20=46
macro_usdjpy_vol_20=46
return_20d=44
macd_signal=43
macro_usdjpy_ret_60=41
macro_topix_ret_20=39
atr_pct=37
price_position_20d=37
macro_topix_vol_20=36
macd_hist=34
month=33
macd=32
div_ma_60=31
vol_ratio=28
upper_shadow_pct=28
ma_5_20_cross=25
rsi_change=23
macro_nikkei_ret_20=23
rsi=22
volatility=22
div_ma_10=20
candle_body_pct=19
div_ma_5=18
return_2d=17
lower_shadow_pct=15
return_3d=14
gap=14
return_5d=13
return_1d=12
div_ma_20=10
vol_change=10
return_10d=9
macd_hist_change=7
day_of_week=4
streak=2
macro_topix_above_200dma=2
macro_nikkei_above_200dma=1

parameters:
[boosting: gbdt]
[objective: binary]
[metric: binary_logloss]
[tree_learner: serial]
[device_type: cpu]
[data_sample_strategy: bagging]
[data: ]
[valid: ]
[num_iterations: 500]
[learning_rate: 0.03]
[num_leaves: 15]
[num_threads: 0]
[seed: 43]
[deterministic: 0]
[force_col_wise: 0]
[force_row_wise: 0]
[histogram_pool_size: -1]
[max_depth: 4]
[min_data_in_leaf: 30]
[min_sum_hessian_in_leaf: 0.001]
[bagging_fraction: 0.7]
[pos_bagging_fraction: 1]
[neg_bagging_fraction: 1]
[bagging_freq: 5]
[bagging_seed: 11149]
[bagging_by_query: 0]
[feature_fraction: 0.6]
[feature_fraction_bynode: 1]
[feature_fraction_seed: 21351]
[extra_trees: 0]
[extra_seed: 16806]
[early_stopping_round: 0]
[early_stopping_min_delta: 0]
[first_metric_only: 0]
[max_delta_step: 0]
[lambda_l1: 0.5]
[lambda_l2: 2]
[linear_lambda: 0]
[min_gain_to_split: 0]
[drop_rate: 0.1]
[max_drop: 50]
[skip_drop: 0.5]
[xgboost_dart_mode: 0]
[uniform_drop: 0]
[drop_seed: 2965]
[top_rate: 0.2]
[other_rate: 0.1]
[min_data_per_group: 100]
[max_cat_threshold: 32]
[cat_l2: 10]
[cat_smooth: 10]
[max_cat_to_onehot: 4]
[top_k: 20]
[monotone_constraints: ]
[monotone_constraints_method: basic]
[monotone_penalty: 0]
[feature_contri: ]
[forcedsplits_filename: ]
[refit_decay_rate: 0.9]
[cegb_tradeoff: 1]
[cegb_penalty_split: 0]
[cegb_penalty_feature_lazy: ]
[cegb_penalty_feature_coupled: ]
[path_smooth: 0]
[interaction_constraints: ]
[verbosity: -1]
[saved_feature_importance_type: 0]
[use_quantized_grad: 0]
[num_grad_quant_bins: 4]
[quant_train_renew_leaf: 0]
[stochastic_rounding: 1]
[linear_tree: 0]
[max_bin: 255]
[max_bin_by_feature: ]
[min_data_in_bin: 5]
[bin_construct_sample_cnt: 200000]
[data_random_seed: 179]
[is_enable_sparse: 1]
[enable_bundle: 1]
[use_missing: 1]
[zero_as_missing: 0]
[feature_pre_filter: 1]
[pre_partition: 0]
[two_round: 0]
[header: 0]
[label_column: ]
[weight_column: ]
[group_column: ]
[ignore_column: ]
[categorical_feature: ]
[forcedbins_filename: ]
[precise_float_parser: 0]
[parser_config_file: ]
[objective_seed: 26397]
[num_class: 1]
[is_unbalance: 0]
[scale_pos_weight: 1]
[sigmoid: 1]
[boost_from_average: 1]
[reg_sqrt: 0]
[alpha: 0.9]
[fair_c: 1]
[poisson_max_delta_step: 0.7]
[tweedie_variance_power: 1.5]
[lambdarank_truncation_level: 30]
[lambdarank_norm: 1]
[label_gain: ]
[lambdarank_position_bias_regularization: 0]
[eval_at: ]
[multi_error_top_k: 1]
[auc_mu_weights: ]
[num_machines: 1]
[local_listen_port: 12400]
[time_out: 120]
[machine_list_filename: ]
[machines: ]
[gpu_platform_id: -1]
[gpu_device_id: -1]
[gpu_use_dp: 0]
[num_gpu: 1]

end of parameters

pandas_categorical:[]
