tree
version=v4
num_class=1
num_tree_per_iteration=1
label_index=0
max_feature_idx=44
objective=binary sigmoid:1
feature_names=return_1d return_2d return_3d return_5d return_10d return_20d div_ma_5 div_ma_10 div_ma_20 div_ma_60 ma_5_20_cross ma_20_60_cross rsi rsi_change macd macd_signal macd_hist macd_hist_change bb_pct_b bb_bandwidth atr_pct volatility vol_change vol_ratio candle_body_pct upper_shadow_pct lower_shadow_pct day_of_week month is_month_end is_month_start streak gap price_position_20d macro_usdjpy_ret_20 macro_usdjpy_ret_60 macro_usdjpy_vol_20 macro_topix_ret_20 macro_topix_vol_20 macro_topix_above_200dma macro_nikkei_ret_20 macro_nikkei_above_200dma macro_nikkei_vi macro_jgb10y macro_bias_score
feature_infos=[-0.08998342410608573:0.098630136986301409] [-0.12659090909090909:0.1462399167317201] [-0.18958245466048085:0.15846994535519121] [-0.1956885726245291:0.19698152485037723] [-0.1721649484536083:0.25631017434296122] [-0.18907392363931763:0.32500650533437425] [-0.12312326016519881:0.065407798078734272] [-0.13665670702940719:0.071963427130133234] [-0.15452697552299485:0.10344227905611782] [-0.18837889202437783:0.19571724791810657] [-0.10060494052671742:0.084427362238728598] [-0.096776128249273285:0.10469874453048633] [8.9709762532981472:91.891891891891888] [-21.361363058404677:34.541519195188734] [-214.17157527709151:160.01799357818618] [-174.87759164473817:141.66388464243769] [-79.353853718466553:68.581447762036646] [-39.672322527598858:27.29331678903651] [-0.4506449203614159:1.401901282826606] [0.028043880450589889:0.30805203127185676] [0.0094208922139096696:0.052406832298136648] [0.0058160750964768235:0.042906960731702255] [-0.90090628423463803:4.8037400985382588] [0.51147786911122772:2.1065748981165942] [-1:1] [0:0.92000000000000004] [0:0.92957746478873238] [0:4] [1:12] none [0:1] [-7:10] [-0.081699346405228801:0.098879202988791937] [0:1] [-0.10288784967882303:0.075418833481041947] [-0.13986255140503889:0.13160084488587853] [0.0013645753646662553:0.011841457708833433] [-0.21871130063915301:0.21255327098343968] [0.0039190447556898995:0.040640984327119503] [0:1] [-0.22859537662338159:0.23022297972565586] [0:1] none none none
tree_sizes=1092 785 768 997 1092 867 1072 1195 893 1074 1372 1397 1394 1521 1205 862 1303 1412 1288 1411 878 780 785 891 1097 993 1266 987 887 1287 974 986 988 784 887 1290 781 989 886 1361 1205 1202 996 979 1205 965 1100 989 986 1100 1397 1296 1187 1294 1313 995 1075 1304 1099 983 788 787 882 780 760 988 999 784 781 764 993 977 785 1097 979 1468 790 1415 784 1404 1503 1610 991 1000 1004 1181 1269 1387 1270 1199 1203 1056 884 1403 891 1101 1281 1304 788 1307 1418 1203 1315 894 1184 1283 1412 1420 1105 1283 1421 1103 1000 1098 999 870 985 1210 1078 1085 1526 1193 1316 1318 1385 998 1308 1102 1503 1189 1306 1179 1420 1273 1513 1317 1506 980 989 1309 875 956 974 854 1181 1288 1292 894 784 1191 1305 1312 1604 956 1598 998 1291 888 995 790 1272 1094 1300 1104 1308 678 1208 682 990 1001 785 1206 1101 1081 1105 995 1170 1314 995 1297 1515 1303 1528 1287 1209 1189 1186 685 1095 784 976 993 1058 1193 1202 1199 1095 1098 970 963 1411 1304 1285 1315 993 1315 1212 1297 1207 1319 1186 1209 1426 861 1277 1316 1386 1076 1416 1101 946 936 883 1410 923 1292 1401 1275 1296 979 995 1090 969 1277 990 767 1467 1535 1510 792 1404 1294 1426 1319 1426 947 1324 968 951 1193 1392 1290 1397 1191 1498 1189 1109 1424 1099 1110 873 1393 788 1290 1426 1295 1278 1414 1204 1500 688 1109 689 1100 768 1003 1279 1273 1187 1192 1107 1181 997 673 1190 996 1099 1002 995 1296 1088 1385 1002 1041 1077 1077 850 1299 791 893 1441 1175 998 1192 1269 948 973 1210 889 970 1167 1592 1184 1644 981 1059 1199 1508 1100 1107 1074 1077 1055 1056 1204 1077 1039 1054 1075 778 888 990 1215 1001 1322 1108 1190 1003 1109 1099 1465 1363 1291 1600 1258 960 1384

Tree=0
num_leaves=9
num_cat=0
split_feature=7 17 16 16 24 37 1 9
split_gain=15.9663 9.15436 9.40593 11.5261 10.8218 7.21232 3.21355 2.58656
threshold=-0.030196688887928109 1.3726869841941538 1.9604361421612857 6.556734310790084 0.062673866797578151 -0.00049931304272798893 0.021322152446132451 -0.013360385993036678
decision_type=2 2 2 2 2 2 2 2
left_child=-1 2 4 -4 -2 7 -7 -3
right_child=1 5 3 -5 -6 6 -8 -9
leaf_value=-0.033201434781318158 -0.086897812623273341 -0.078358225627997435 -0.034745129247003827 -0.067609593009516203 -0.057622827806144077 -0.093913943514502635 -0.073415572316228903 -0.059218437205586089
leaf_weight=8.2398874014615995 26.717210665345192 8.4895809590816516 13.23375855386257 29.963226914405823 16.479774802923203 26.467517107725143 12.484677881002424 12.984064996242521
leaf_count=33 107 34 53 120 66 106 50 52
internal_value=-0.0695021 -0.0719065 -0.0657888 -0.0560926 -0.0753417 -0.0807498 -0.0881954 -0.0674875
internal_weight=155.06 146.82 86.394 43.197 43.197 60.4258 38.9522 21.4736
internal_count=621 588 346 173 173 242 156 86
is_linear=0
shrinkage=1


Tree=1
num_leaves=6
num_cat=0
split_feature=7 20 35 28 17
split_gain=15.1803 9.42481 16.4575 12.6524 9.82866
threshold=-0.030196688887928109 0.024163345687745884 0.0065938654777143455 2.5000000000000004 1.3726869841941538
decision_type=2 2 2 2 2
left_child=-1 2 3 -2 -4
right_child=1 -3 4 -5 -6
leaf_value=0.035931539186161758 0.0038966301797946821 0.020239133993250197 0.010529272629290874 -0.030174410984592944 -0.0089977205335364345
leaf_weight=8.247726693749426 12.732724845409392 13.482816264033316 55.435204282402992 28.709364116191864 36.437913060188293
leaf_count=33 51 54 222 115 146
internal_value=0.000549163 -0.0017942 -0.00439959 -0.0196636 0.00259816
internal_weight=155.046 146.798 133.315 41.4421 91.8731
internal_count=621 588 534 166 368
is_linear=0
shrinkage=0.03


Tree=2
num_leaves=6
num_cat=0
split_feature=3 20 35 3 11
split_gain=12.9657 7.45362 13.6922 9.78021 6.34723
threshold=-0.032035326827761994 0.024816594842296282 -0.023040564360045864 0.010580935515122404 -0.022185561391419913
decision_type=2 2 2 2 2
left_child=-1 2 4 -4 -2
right_child=1 -3 3 -5 -6
leaf_value=0.026236962341787285 0 0.020782006561141025 0.0075636124347872383 -0.010351885016310063 -0.035015211250205132
leaf_weight=13.989444836974142 7.487825587391856 9.4938014447689039 64.916208073496819 44.425508290529251 14.710435494780539
leaf_count=56 30 38 260 178 59
internal_value=0.000547475 -0.00222708 -0.00428645 9.46343e-05 -0.0247104
internal_weight=155.023 141.034 131.54 109.342 22.1983
internal_count=621 565 527 438 89
is_linear=0
shrinkage=0.03


Tree=3
num_leaves=8
num_cat=0
split_feature=3 17 20 35 35 35 5
split_gain=12.2904 8.18496 12.5769 7.05784 13.1777 5.46518 1.46676
threshold=-0.032035326827761994 1.3726869841941538 0.024481391436876599 0.050649412185654448 -0.0028213129801106236 0.014752023384207781 0.01446620439780111
decision_type=2 2 2 2 2 2 2
left_child=-1 3 5 4 -2 -3 -5
right_child=1 2 -4 6 -6 -7 -8
leaf_value=0.025541912952194178 -0.0084954850593819322 -0.029460903825764419 0.021300389155079015 -0.00027033702126381991 0.018397285509724418 -0.0078346876220677913 -0.019986239244139451
leaf_weight=13.993375569581984 23.939919531345367 16.943593412637711 7.4973358958959571 7.4936435520648947 41.46708171069622 35.16991876065731 8.4918987154960615
leaf_count=56 96 68 30 30 166 141 34
internal_value=0.000532064 -0.00216756 -0.0105016 0.00386178 0.00837159 -0.0159722 -0.0126357
internal_weight=154.997 141.003 59.6108 81.3925 65.407 52.1135 15.9855
internal_count=621 565 239 326 262 209 64
is_linear=0
shrinkage=0.03


Tree=4
num_leaves=9
num_cat=0
split_feature=21 3 14 41 35 9 38 3
split_gain=22.6762 13.6507 11.3465 10.377 7.56814 5.79047 3.7619 3.20009
threshold=0.018752165658725096 0.010876209048339304 -43.026594587552374 1.0000000180025095e-35 0.01693753664138509 0.03772851532087701 0.010213648501888007 0.01242942746539877
decision_type=2 2 2 2 2 2 2 2
left_child=1 2 -1 -4 -3 7 -6 -2
right_child=5 4 3 -5 6 -7 -8 -9
leaf_value=-0.022670019903260036 0.040641116422116208 -0.036445059889208764 -0.017183478011472721 0.011660591315725104 -0.016232285536856794 0.0017865280083814111 0.004701009477614722 0.0095326080522317655
leaf_weight=12.205630496144293 12.744940266013151 13.198477059602736 11.477769643068312 60.673328906297684 17.207847669720653 9.7306652814149839 10.227442204952238 7.4875061064958564
leaf_count=49 51 53 46 243 69 39 41 30
internal_value=0.000507185 -0.00508734 0.00170422 0.00653009 -0.0189572 0.023172 -0.0081299 0.0316965
internal_weight=154.954 124.99 84.3567 72.1511 40.6338 29.9631 27.4353 20.2324
internal_count=621 501 338 289 163 120 110 81
is_linear=0
shrinkage=0.03


Tree=5
num_leaves=7
num_cat=0
split_feature=21 23 5 19 15 37
split_gain=18.5054 7.42406 8.11126 13.8596 6.57294 0.673077
threshold=0.018752165658725096 1.2715489607768982 0.080664139675084914 0.090925851291541085 16.826911994254974 0.02745259473738593
decision_type=2 2 2 2 2 2
left_child=1 2 3 -1 5 -2
right_child=4 -3 -4 -5 -6 -7
leaf_value=0.0002893292508588361 0.016410970700175144 -0.027508721956959789 0.021314879273818459 -0.023523292145104555 0 0.040028262171353614
leaf_weight=82.310636058449745 10.735380500555044 11.219767406582831 8.7320636510848981 27.418786078691483 10.229565069079397 7.4907198995351783
leaf_count=330 43 45 35 110 41 30
internal_value=-0.00103104 -0.00598065 -0.00339428 -0.00584119 0.0199448 0.0298573
internal_weight=158.137 129.681 118.461 109.729 28.4557 18.2261
internal_count=634 520 475 440 114 73
is_linear=0
shrinkage=0.03


Tree=6
num_leaves=9
num_cat=0
split_feature=21 17 13 27 14 21 9 32
split_gain=17.6075 10.7233 5.78503 5.84164 5.04884 4.81306 4.8664 1.84704
threshold=0.018752165658725096 1.0000000180025095e-35 3.9893716327116668 1.5000000000000002 32.697851517586521 0.014241082860956848 0.00860735398695219 0.00022927892081681114
decision_type=2 2 2 2 2 2 2 2
left_child=1 2 3 -1 7 6 -3 -2
right_child=4 5 -4 -5 -6 -7 -8 -9
leaf_value=-0.0047756662732126804 0.038260770254484718 -0.0079593090805403829 -0.01720729535586752 0.01373263335754147 0.00033997881077720964 0 -0.028863671467692486 0.01207596009156987
leaf_weight=23.45402093231678 8.9855727404356056 24.645763471722603 9.235697925090788 34.702747002243996 9.9786242097616178 14.687001600861548 22.91623492538929 9.4907400012016279
leaf_count=94 36 99 37 139 40 59 92 38
internal_value=-0.000981263 -0.00581312 0.00229318 0.00610846 0.0194763 -0.0146209 -0.0190924 0.0280362
internal_weight=158.096 129.641 67.3925 58.1568 28.4549 62.249 47.562 18.4763
internal_count=634 520 270 233 114 250 191 74
is_linear=0
shrinkage=0.03


Tree=7
num_leaves=10
num_cat=0
split_feature=20 14 17 23 16 14 19 19 37
split_gain=9.94344 12.3953 9.30167 10.2054 12.1652 5.73409 4.27781 10.9158 3.61254
threshold=0.020611776940075394 27.65620669460532 1.3426242983322674 1.2082263286165082 1.9604361421612857 -47.304957325670323 0.071219673545315249 0.094444371313857009 0.016049951874622662
decision_type=2 2 2 2 2 2 2 2 2
left_child=2 5 3 4 -1 -2 8 -8 -4
right_child=1 -3 6 -5 -6 -7 7 -9 -10
leaf_value=-0.0057734734065139279 0.0016277717881046164 -0.010015173787084145 -0.0048348854057134868 -0.0246063648556346 0.018769021926348283 0.034074985877267448 0.011501342683516463 -0.027136003301316696 -0.034831729438552839
leaf_weight=37.677480280399323 8.4608349055051786 12.714184954762457 7.464621931314471 9.9744757711887342 30.966056168079376 15.723437860608103 12.690941855311396 9.6924392133951169 12.6685294508934
leaf_count=151 34 51 30 40 124 63 51 39 51
internal_value=-0.000946099 0.012175 -0.00519753 0.000806463 0.00530358 0.0242876 -0.016174 -0.00546768 -0.0258296
internal_weight=158.033 36.8985 121.135 78.618 68.6435 24.1843 42.5165 22.3834 20.1332
internal_count=634 148 486 315 275 97 171 90 81
is_linear=0
shrinkage=0.03


Tree=8
num_leaves=7
num_cat=0
split_feature=6 11 14 18 38 18
split_gain=9.38918 6.37618 16.3848 11.1877 6.21967 2.10575
threshold=-0.017383460765031427 -0.035497863641637976 -47.304957325670323 0.94800444352704039 0.010213648501888007 0.040370258559913545
decision_type=2 2 2 2 2 2
left_child=5 4 -3 -4 -2 -1
right_child=1 2 3 -5 -6 -7
leaf_value=0.028494502504052867 -0.0048622614969984794 -0.041253148449978884 0.00051235278808795448 -0.029194997775732152 0.027856548341609548 0.0038181801583299941
leaf_weight=8.4654286503791827 7.9637679904699352 8.9299162626266462 105.45518247783184 10.673606380820273 8.7361287623643857 7.7396677285432807
leaf_count=34 32 36 423 43 35 31
internal_value=-0.000936615 -0.00358392 -0.00602748 -0.00253919 0.0126003 0.0192471
internal_weight=157.964 141.759 125.059 116.129 16.6999 16.2051
internal_count=634 569 502 466 67 65
is_linear=0
shrinkage=0.03


Tree=9
num_leaves=9
num_cat=0
split_feature=21 17 23 13 15 19 19 3
split_gain=15.9895 9.5517 6.07711 6.49108 5.63694 5.31277 15.9112 3.01281
threshold=0.018752165658725096 1.0000000180025095e-35 1.2082263286165082 3.9893716327116668 16.826911994254974 0.094444371313857009 0.071219673545315249 0.01469198888819956
decision_type=2 2 2 2 2 2 2 2
left_child=1 2 3 -1 7 6 -3 -2
right_child=4 5 -4 -5 -6 -7 -8 -9
leaf_value=0.0098148703401209261 0.03831097374723276 -0.021589863302442079 -0.019657614689397258 -0.016563925375867122 0 -0.029179680883075907 0.012173572909165813 0.0086108010529693368
leaf_weight=51.918463781476021 9.9509280622005516 28.800298795104027 7.7264391332864752 7.7300942838191977 10.223731279373167 14.36677101254463 18.934721365571022 8.2406648546457273
leaf_count=208 40 116 31 31 41 58 76 33
internal_value=-0.000908953 -0.00552086 0.00211655 0.00572656 0.0185936 -0.0138483 -0.00794458 0.0277854
internal_weight=157.892 129.477 67.375 59.6486 28.4153 62.1018 47.735 18.1916
internal_count=634 520 270 239 114 250 192 73
is_linear=0
shrinkage=0.03


Tree=10
num_leaves=12
num_cat=0
split_feature=21 3 15 2 16 35 21 16 31 16 4
split_gain=14.6882 10.0717 9.9535 8.21242 10.4171 9.15093 7.07842 6.8358 5.21676 2.51017 1.25863
threshold=0.013894814438024565 -0.0040435080301919881 25.155688460852961 0.0093279690502093855 1.9604361421612857 0.052646717785798776 0.019177465179409745 7.6993672158924182 -2.4999999999999996 2.5734617192173457 0.037922429743078918
decision_type=2 2 2 2 2 2 2 2 2 2 2
left_child=3 2 -2 4 8 -5 9 -6 -1 -3 -8
right_child=1 6 -4 5 7 -7 10 -9 -10 -11 -12
leaf_value=0.010029797142418364 0.036679742179454307 -0.020462829476858502 -0.0008118203349842041 -0.031393385866656479 0.032299895347662332 0.0050492920633469591 0.023567963284576728 0 -0.014434672339642152 0 0.0038993409228612751
leaf_weight=7.7346319854259482 18.644966647028927 8.2012673467397708 7.9866446405649176 17.324599221348766 9.2409058213233966 7.450672671198844 7.7391714155674007 13.722619488835333 34.101987838745117 12.688803076744078 8.7324707061052305
leaf_count=31 75 33 32 70 37 30 31 55 137 51 35
internal_value=0.00135977 0.0122119 0.0256411 -0.00632664 -0.000305676 -0.0203152 0.00144194 0.0149444 -0.00931833 -0.00937633 0.0155039
internal_weight=153.569 63.9933 26.6316 89.5754 64.8001 24.7753 37.3617 22.9635 41.8366 20.8901 16.4716
internal_count=617 257 107 360 260 100 150 92 168 84 66
is_linear=0
shrinkage=0.03


Tree=11
num_leaves=12
num_cat=0
split_feature=21 23 2 16 35 38 35 3 16 38 23
split_gain=13.8655 10.9673 7.81254 9.87447 8.72649 7.73256 7.6308 7.16083 6.49547 4.91365 4.38166
threshold=0.013894814438024565 0.89182534855538542 0.0093279690502093855 1.9604361421612857 0.052646717785798776 0.0072506047088872526 0.038697949653470294 0.0046176618914363097 7.6993672158924182 0.010259812214181223 0.78541035306768558
decision_type=2 2 2 2 2 2 2 2 2 2 2
left_child=2 6 3 5 -4 -1 10 -3 -5 -9 -2
right_child=1 7 4 8 -6 -7 -8 9 -10 -11 -12
leaf_value=-0.029105891794816798 0.019667653036670351 0.035156060038949534 -0.030637458262959522 0.031505434155260151 0.0049284495708681675 -0.00057874282624098994 -0.021019665916090134 -0.0089954555567135965 0 0.020111188186561685 -0.0061092234481458906
leaf_weight=10.428077861666678 11.715135246515279 18.13973930478096 17.269662812352184 9.2401452064514178 7.4533545076847068 31.381874844431877 9.7215279936790449 7.6882299631834057 13.722619488835333 8.7283007502555829 7.9645625948905936
leaf_count=42 47 73 70 37 30 126 39 31 55 35 32
internal_value=0.00134064 0.0118884 -0.0061284 -0.000253689 -0.0197876 -0.00904018 -0.00119466 0.0228864 0.0145861 0.00616885 0.00894241
internal_weight=153.453 63.9575 89.4957 64.7727 24.723 41.81 29.4012 34.5563 22.9628 16.4165 19.6797
internal_count=617 257 360 260 100 168 118 139 92 66 79
is_linear=0
shrinkage=0.03


Tree=12
num_leaves=12
num_cat=0
split_feature=21 23 20 23 38 3 26 27 19 38 2
split_gain=13.1192 10.4215 7.50607 7.50378 12.4025 6.78409 6.38615 5.27123 5.15797 4.68316 0.0407602
threshold=0.013894814438024565 0.89182534855538542 0.012486307145693912 1.0789616629408074 0.011636098727044247 0.0046176618914363097 0.11791443850267382 2.5000000000000004 0.097315748669912758 0.010259812214181223 -0.022390810699224436
decision_type=2 2 2 2 2 2 2 2 2 2 2
left_child=2 7 -1 4 -4 10 -5 8 -2 -7 -3
right_child=1 5 3 6 -6 9 -8 -9 -10 -11 -12
leaf_value=0.018743397193028862 0.0021042561594459782 0.017036928287859184 0.0063926614573771518 0 -0.025380040724863079 -0.0087859094922922206 -0.029958989165951164 0.011625058617546008 -0.027892628965174134 0.019618397216846488 0.040896604477964629
leaf_weight=7.7300115227699271 8.9696484953165108 7.6526252478361156 40.245364725589752 9.4476130902767199 12.891595482826231 7.6832255721092251 19.093074887990952 12.960507512092589 7.4590765833854666 8.7293365150690061 10.457411915063856
leaf_count=31 36 31 162 38 52 31 77 52 30 35 42
internal_value=0.00130328 0.0115684 -0.00596307 -0.00887266 -0.0016847 0.0222967 -0.0207773 -0.00117361 -0.0122502 0.0059968 0.0342574
internal_weight=153.319 63.9118 89.4077 81.6776 53.137 34.5226 28.5407 29.3892 16.4287 16.4126 18.11
internal_count=617 257 360 329 214 139 115 118 66 66 73
is_linear=0
shrinkage=0.03


Tree=13
num_leaves=13
num_cat=0
split_feature=17 38 36 23 23 38 34 38 19 19 36 13
split_gain=9.22831 9.86156 4.67379 6.79483 6.7534 4.33569 4.18597 3.81309 3.47965 6.32825 2.82613 0.0308799
threshold=0.7473648822806408 0.011198829984610867 0.0046158320200986886 1.0789616629408074 0.88858063058293757 0.011973639861123824 0.012353730956959798 0.0094727164507151379 0.071219673545315249 0.098630993004445958 0.0067321795170828909 2.3906626059146387
decision_type=2 2 2 2 2 2 2 2 2 2 2 2
left_child=2 8 6 4 -4 -3 -1 -5 11 -10 -7 -2
right_child=1 5 3 7 -6 10 -8 -9 9 -11 -12 -13
leaf_value=0.0071184649258137058 -0.031717071051126075 0.02353862564861155 0.0050549995850292405 -0.011978764311779034 0.029356591923378746 -0.011209058853246259 -0.018242424867989066 0.010855693825278458 0.0060949828668967207 -0.021593033242574406 0.010743512746640833 -0.012651077016275407
leaf_weight=10.202190369367601 8.8685547709465045 7.6899960488081005 22.938760697841644 12.67747473716736 21.93533980846405 9.65277247130871 8.726367235183714 9.6585837304592115 13.687941521406175 11.597257077693937 7.4429566860198966 8.1382675766944867
leaf_count=41 36 31 92 51 88 39 35 39 55 47 30 33
internal_value=0.00127958 -0.00683352 0.00777928 0.0114791 0.0179998 0.00742646 -0.00448259 -0.00140762 -0.0154874 -0.0067065 -0.000741846 -0.0256739
internal_weight=153.216 67.0777 86.1387 67.2102 44.8741 24.7857 18.9286 22.3361 42.292 25.2852 17.0957 17.0068
internal_count=617 271 346 270 180 100 76 90 171 102 69 69
is_linear=0
shrinkage=0.03


Tree=14
num_leaves=10
num_cat=0
split_feature=21 23 35 3 5 25 3 36 23
split_gain=12.3131 9.77348 7.20468 7.13193 11.3326 7.5739 6.34119 4.41066 4.15431
threshold=0.013894814438024565 0.89182534855538542 0.038697949653470294 0.023377254546517182 0.036763783673131607 0.29449472096530926 0.0046176618914363097 0.0066144113358282998 0.78541035306768558
decision_type=2 2 2 2 2 2 2 2 2
left_child=3 2 8 4 5 -1 -3 -8 -2
right_child=1 6 -4 -5 -6 -7 7 -9 -10
leaf_value=-0.014570468498282609 0.019154027856490494 0.033181028124786204 -0.020427114849095016 -0.024048441239235531 0.024397942093450007 0.005699045511487871 -0.0074973713387158896 0.020030274035429032 -0.0059315482841011654
leaf_weight=40.179578691720963 11.706988900899892 18.062733680009842 9.7059724628925306 14.044090628623961 10.452016264200209 24.620296463370323 8.4263181090354937 7.9717760980129233 7.9553801566362372
leaf_count=162 47 73 39 57 42 99 34 32 32
internal_value=0.00123607 0.0111902 -0.00113573 -0.00580417 -0.00167067 -0.00670459 0.0215922 0.00579231 0.00870141
internal_weight=153.125 63.8292 29.3683 89.296 75.2519 64.7999 34.4608 16.3981 19.6624
internal_count=617 257 118 360 303 261 139 66 79
is_linear=0
shrinkage=0.03


Tree=15
num_leaves=7
num_cat=0
split_feature=18 8 11 32 25 16
split_gain=8.86729 7.66901 12.3624 10.5216 10.3263 5.54715
threshold=0.98910899049477996 0.032800687583008865 0.010051430497483806 1.0000000180025095e-35 0.097453054176559487 20.866323264573079
decision_type=2 2 2 2 2 2
left_child=1 2 3 -1 -4 -3
right_child=-2 5 4 -5 -6 -7
leaf_value=0.017513756283926041 -0.026748733966213887 0.033516026730500748 0.0087118951790388123 -0.0034377991127410904 -0.01999372786619957 0
leaf_weight=40.917429223656654 7.8721707314252845 9.4686553478240985 13.920073807239531 40.352448612451553 35.564427301287651 7.9676841199398032
leaf_count=165 32 38 56 163 143 32
internal_value=0.000672115 0.00256543 0 0.00709796 -0.0116027 0.0201487
internal_weight=156.063 148.191 130.754 81.2699 49.4845 17.4363
internal_count=629 597 527 328 199 70
is_linear=0
shrinkage=0.03


Tree=16
num_leaves=11
num_cat=0
split_feature=14 12 14 7 7 14 38 25 32 26
split_gain=15.4708 10.584 9.78006 9.33053 9.32654 8.337 7.01755 6.82271 5.31125 4.95931
threshold=3.3679557574982941 39.658529497239186 92.839426760111124 0.0047877311172358954 -0.006652913671270363 -47.304957325670323 0.010792519896351226 0.11055555555555556 -0.00079886969946324482 0.27658308542286453
decision_type=2 2 2 2 2 2 2 2 2 2
left_child=1 4 7 -3 5 -1 -5 9 -9 -2
right_child=2 3 -4 6 -6 -7 -8 8 -10 -11
leaf_value=-0.0087250659551441206 0.014030858700050337 0.034775455259177988 0.013353907752105872 -0.010701592489290476 -0.025252456161624685 0.025325275617947701 0.020675744031236617 -0.0043719361861716578 -0.025964579738851443 -0.012299719744996499
leaf_weight=10.847159817814829 11.426611289381983 19.393444865942001 13.945318177342413 10.3615989536047 8.8798968344926816 10.655814468860628 10.894543483853338 19.157235279679298 30.256448850035667 10.18603979051113
leaf_count=44 46 78 56 42 36 43 44 77 122 41
internal_value=0.000654217 0.0109124 -0.00780241 0.020593 -0.00204813 0.00822958 0.00513049 -0.0124136 -0.0183808 0.000995314
internal_weight=156.004 71.0325 84.9717 40.6496 30.3829 21.503 21.2561 71.0263 49.4137 21.6127
internal_count=629 287 342 164 123 87 86 286 199 87
is_linear=0
shrinkage=0.03


Tree=17
num_leaves=12
num_cat=0
split_feature=15 15 38 38 6 40 24 33 36 24 3
split_gain=9.2075 14.973 9.92638 8.66651 13.9992 8.15341 7.39499 5.12516 4.9651 3.98767 0.250629
threshold=22.509389640799544 43.978361295986701 0.0086748396195516688 0.010792519896351226 0.012817399467103975 0.0046175840279301114 -0.43288288288288285 0.6756195246032437 0.0075714583721388081 -0.42264957264957259 0.010876209048339304
decision_type=2 2 2 2 2 2 2 2 2 2 2
left_child=3 9 -3 4 6 8 -1 -4 -5 -2 -7
right_child=1 2 7 5 -6 10 -8 -9 -10 -11 -12
leaf_value=-0.0083880796562636646 -0.0032604807260689698 0.027711389263111039 0.010096599506054965 -0.0052088786436407363 -0.031842739172934072 0.03899608566482185 0.01372805369209984 -0.018170403290520883 0.021402475713931238 -0.03255260912164798 0.015664346368186009
leaf_weight=19.820141687989235 7.4667681008577373 9.4766943901777285 7.4560259878635433 16.104195177555088 9.0760546475648862 8.6614503264427203 32.721970051527023 11.936649471521376 7.4081045836210242 17.576513513922691 8.1952660381793958
leaf_count=80 30 38 30 65 37 35 132 48 30 71 33
internal_value=0.000637092 -0.00908307 0.00519202 0.0059955 -0.000928287 0.0164628 0.00510864 -0.00667335 0.00360823 -0.0252607 0.0313128
internal_weight=155.9 53.9127 28.8694 101.987 61.6182 40.369 52.5421 19.3927 23.5123 25.0433 16.8567
internal_count=629 217 116 412 249 163 212 78 95 101 68
is_linear=0
shrinkage=0.03


Tree=18
num_leaves=11
num_cat=0
split_feature=14 20 40 15 9 0 20 17 15 23
split_gain=14.1415 10.9104 9.29373 9.17658 7.87134 6.68125 5.84236 9.86783 4.85939 0.485372
threshold=3.3679557574982941 0.015086591891562988 0.040513827669366627 -17.35506126362878 0.00076867147790698521 -0.015776036106513899 0.022268507862310407 1.3726869841941538 43.978361295986701 0.91176081856327518
decision_type=2 2 2 2 2 2 2 2 2 2
left_child=3 2 -2 6 9 -3 7 -1 -7 -5
right_child=1 5 -4 4 -6 8 -8 -9 -10 -11
leaf_value=0.0089129521712166451 -0.0058912669489784098 0.0089324836777247112 0.029027679008255133 0.015312493046688185 0 -0.024859787508998404 0.019731548216151615 -0.022594919546534805 -0.0047226517773720838 0.038514122201327487
leaf_weight=17.393075704574589 14.110111936926844 7.7300809770822516 9.6783782392740232 8.1800658851862007 9.6403499692678434 33.168005228042603 9.0862525999546033 14.250311970710753 20.160535648465157 12.38270817697048
leaf_count=70 57 31 39 33 39 134 37 58 81 50
internal_value=0.000626113 -0.00746052 0.00888331 0.010444 0.0224291 -0.0141458 0.000571594 -0.00533017 -0.0179641 0.0321246
internal_weight=155.78 84.8471 23.7885 70.9328 30.2031 61.0586 40.7296 31.6434 53.3285 20.5628
internal_count=629 342 96 287 122 246 165 128 215 83
is_linear=0
shrinkage=0.03


Tree=19
num_leaves=12
num_cat=0
split_feature=15 15 20 7 19 24 25 1 15 24 20
split_gain=8.48742 14.0793 9.86091 9.2387 11.4854 10.7125 6.25512 5.89628 5.83393 2.16272 1.9116
threshold=22.509389640799544 40.202156843773949 0.016189799197026986 0.014250567400903068 0.072402192613893065 -0.43288288288288285 0.24880952380952384 0.00027489377335376824 -19.431610208312495 -0.35239651416122003 0.02241396225889521
decision_type=2 2 2 2 2 2 2 2 2 2 2
left_child=3 9 -3 5 -5 7 -4 -1 -7 -2 -6
right_child=1 2 6 4 10 8 -8 -9 -10 -11 -12
leaf_value=0.0045936691791983973 -0.0080876105652387589 0.025059534244085295 0.0062480566681489425 -0.031885306420268107 -0.0025246878576574289 0.0044611965688416983 -0.023282739110963974 -0.023822308957831669 0.026682584945335635 -0.033511118432555782 0.015825195610267483
leaf_weight=18.840711385011677 7.9408027380704906 10.68013685941696 11.46764397621155 9.7451244145631808 7.6741222441196424 19.748469114303589 9.9313154369592649 7.3645251095294944 30.991268575191498 13.79916976392269 7.4539134204387665
leaf_count=76 32 43 46 40 31 80 40 30 125 56 30
internal_value=0.000633875 -0.00870194 0.00364186 0.00578566 -0.00927732 0.0109566 -0.00763483 -0.00398328 0.0188153 -0.0263204 0.00643307
internal_weight=155.637 53.8191 32.0791 101.818 24.8732 76.945 21.399 26.2052 50.7397 21.74 15.128
internal_count=629 217 129 412 101 311 86 106 205 88 61
is_linear=0
shrinkage=0.03


Tree=20
num_leaves=7
num_cat=0
split_feature=37 21 14 14 9 22
split_gain=7.09682 10.6217 11.7115 9.6231 3.59957 2.76854
threshold=0.070230937940536711 0.019177465179409745 -43.026594587552374 -7.9831515630105505 -0.054994391517088938 0.065695071526646012
decision_type=2 2 2 2 2 2
left_child=1 2 4 -4 -1 -3
right_child=-2 5 3 -5 -6 -7
leaf_value=-0.005659260403631342 -0.023258260030596296 0.027498179568288275 0.013063048647105221 -0.0055529523022062348 -0.03797931807301138 0.0020245182389064032
leaf_weight=7.4131137728691092 10.83766722679138 12.070011004805567 34.501235708594322 77.024939313530922 8.2927745878696424 7.6178710460662833
leaf_count=30 44 49 139 311 34 31
internal_value=-0.00186782 0 -0.00325916 0.000202559 -0.025934 0.0194289
internal_weight=157.758 146.92 127.232 111.526 15.7059 19.6879
internal_count=638 594 514 450 64 80
is_linear=0
shrinkage=0.03


Tree=21
num_leaves=6
num_cat=0
split_feature=18 1 16 15 16
split_gain=9.20677 9.10416 7.40831 8.19041 7.45058
threshold=0.94800444352704039 0.022159896662971138 1.9604361421612857 -36.477685889889834 8.122898710625897
decision_type=2 2 2 2 2
left_child=1 2 3 -1 -4
right_child=-2 -3 4 -5 -6
leaf_value=-0.026517619809221269 -0.025130040480950893 0.027129594206038717 0.01966212654361912 -0.0024450317092890046 -0.0018961314301962418
leaf_weight=14.434832692146299 11.941541999578474 8.6360251158475858 21.339745461940765 67.08959174156189 34.195989608764648
leaf_count=59 49 35 86 271 138
internal_value=-0.00182452 0.00029851 -0.00165009 -0.00741985 0.0065225
internal_weight=157.638 145.696 137.06 81.5244 55.5357
internal_count=638 589 554 330 224
is_linear=0
shrinkage=0.03


Tree=22
num_leaves=6
num_cat=0
split_feature=18 1 16 3 34
split_gain=8.76906 8.671 7.01327 7.93425 7.76293
threshold=0.94800444352704039 0.022159896662971138 1.9604361421612857 -0.037038556260015225 0.0097892813297230114
decision_type=2 2 2 2 2
left_child=1 2 3 -1 -4
right_child=-2 -3 4 -5 -6
leaf_value=0.017221420695114616 -0.024559409293260365 0.026485363516752555 -0.0048415156614608967 -0.010595485567958982 0.016675873955739984
leaf_weight=8.3320725560188276 11.899535596370695 8.6294467449188215 26.48430223762989 73.152846589684486 29.03557476401329
leaf_count=34 49 35 107 296 117
internal_value=-0.00177736 0.000290007 -0.00160937 -0.00722703 0.00633934
internal_weight=157.534 145.634 137.005 81.4849 55.5199
internal_count=638 589 554 330 224
is_linear=0
shrinkage=0.03


Tree=23
num_leaves=7
num_cat=0
split_feature=18 14 11 5 8 36
split_gain=8.36587 7.39321 15.2295 9.08485 7.83899 4.96707
threshold=0.94800444352704039 -47.304957325670323 -0.035497863641637976 -0.020144599440260254 0.032800687583008865 0.0062151404478681472
decision_type=2 2 2 2 2 2
left_child=1 2 -1 5 -5 -3
right_child=-2 3 -4 4 -6 -7
leaf_value=0.012430550302679824 -0.024006447874932009 0.02846748380385232 -0.035100367867289838 -0.0051533404287291617 0.017494955352507391 0.0030186660278058372
leaf_weight=8.6289947181940096 11.855159506201742 14.843375265598299 12.136427909135817 80.441855788230896 14.406076893210409 15.105190366506575
leaf_count=35 49 60 50 325 58 61
internal_value=-0.00171491 0.000299714 -0.0153333 0.00322009 -0.00126825 0.0170938
internal_weight=157.417 145.562 20.7654 124.796 94.8479 29.9486
internal_count=638 589 85 504 383 121
is_linear=0
shrinkage=0.03


Tree=24
num_leaves=9
num_cat=0
split_feature=37 40 27 20 28 15 15 10
split_gain=6.65893 9.64888 8.41527 7.5661 5.73383 4.64289 4.33852 0.678438
threshold=0.070230937940536711 0.040513827669366627 1.5000000000000002 0.021548914688765613 5.5000000000000009 5.9333059565392414 4.8356506731089155 0.0069451264154294376
decision_type=2 2 2 2 2 2 2 2
left_child=1 2 3 -1 7 -4 -6 -3
right_child=-2 4 5 -5 6 -7 -8 -9
leaf_value=-0.020763357159963376 -0.022430965941246689 0.00832185453565297 0.0093537553102678844 0.0088592805829411699 -0.015649979711575421 -0.0066173102573642614 0.0099129917900629642 0.027398050807814722
leaf_weight=34.526836052536964 10.783274158835409 7.6263189315795925 34.527599707245827 7.8338550478219977 7.2978641241788891 26.983258858323097 14.56696581840515 13.141177073121069
leaf_count=140 44 31 140 32 30 109 59 53
internal_value=-0.0016605 4.87834e-05 -0.00478334 -0.0147946 0.0118449 0.00212372 0.000155744 0.0223981
internal_weight=157.287 146.504 103.872 42.3607 42.6323 61.5109 21.8648 20.7675
internal_count=638 594 421 172 173 249 89 84
is_linear=0
shrinkage=0.03


Tree=25
num_leaves=8
num_cat=0
split_feature=21 14 4 11 17 15 6
split_gain=11.9912 8.99167 7.00317 6.63234 5.50772 4.95656 2.20072
threshold=0.018752165658725096 92.839426760111124 -0.02763782142518267 0.016538849972798867 -2.7108585669003022 -23.102309381211274 0.012692474372393065
decision_type=2 2 2 2 2 2 2
left_child=1 2 5 -4 -2 -1 -6
right_child=4 -3 3 -5 6 -7 -8
leaf_value=-0.012132383589490659 -0.0032582404098818189 0.020050569679128383 -0.005944889969392974 -0.024073215398739932 0.032990451574539878 0.013931415915105959 0.0066572334656445249
leaf_weight=7.3609636127948788 7.3221552819013622 9.4166602939367277 69.931651666760445 25.586762383580208 10.781335338950159 18.344935357570648 7.4100625813007346
leaf_count=30 30 38 284 104 44 74 30
internal_value=-0.00141647 -0.00522429 -0.00760292 -0.0113489 0.0164985 0.00558953 0.0247287
internal_weight=156.155 130.641 121.224 95.5184 25.5136 25.7059 18.1914
internal_count=634 530 492 388 104 104 74
is_linear=0
shrinkage=0.03


Tree=26
num_leaves=11
num_cat=0
split_feature=21 26 23 20 16 16 3 22 32 21
split_gain=11.3879 6.43892 8.9889 6.08086 4.62936 11.727 8.73045 2.9138 0.63773 0.115907
threshold=0.018752165658725096 0.31400560224089641 0.93524295870696916 0.018359364434664748 1.5254832292602816 7.6993672158924182 -0.023395745410842491 0.065695071526646012 0.00022927892081681114 0.011118807448675322
decision_type=2 2 2 2 2 2 2 2 2 2
left_child=1 4 3 -3 6 -6 -1 8 -2 -4
right_child=7 2 9 -5 5 -7 -8 -9 -10 -11
leaf_value=0.012616853119501181 0.029710714588397667 0.011318631514429895 -0.034237953781940229 -0.016982537533647726 0.028071513932744468 -0.0050974736312112299 -0.014286015263553858 0 0.0099336056040161477 -0.016639393686558465
leaf_weight=13.38735620677471 8.4807557165622764 14.584518969058992 8.7895223051309603 9.6089984476566297 13.631501570343969 22.162575617432594 33.195357352495193 8.1217144280672056 8.8702732324600202 15.1765079498291
leaf_count=54 35 59 36 39 55 90 135 33 36 62
internal_value=-0.00136172 -0.00507547 -0.0135498 0 0 0.00795447 -0.00604457 0.0161076 0.022447 -0.0258113
internal_weight=156.009 130.536 48.1595 24.1935 82.3768 35.7941 46.5827 25.4727 17.351 23.966
internal_count=634 530 196 98 334 145 189 104 71 98
is_linear=0
shrinkage=0.03


Tree=27
num_leaves=8
num_cat=0
split_feature=21 14 8 14 19 34 34
split_gain=10.869 8.44205 8.27098 11.1617 7.67664 3.29574 5.4727
threshold=0.018752165658725096 92.839426760111124 -0.020988084110624482 -47.304957325670323 0.091091342992500254 0.0065712545350116178 -0.015445010803250612
decision_type=2 2 2 2 2 2 2
left_child=1 2 3 -1 -4 6 -2
right_child=5 -3 4 -5 -6 -7 -8
leaf_value=-0.018110431210600068 0.0201883018846362 0.019537540238217192 -0.0066961093401353127 0.02024724815967989 -0.028604541281350444 0.02795134527668218 -0.01138612485458843
leaf_weight=8.2927859276533145 8.0296013653278333 9.4096838086843473 77.659546688199043 17.622800290584564 17.420447841286659 10.037213906645773 7.3625060468912151
leaf_count=34 33 38 316 71 71 41 30
internal_value=-0.00131638 -0.00494772 -0.0072606 0.00701762 -0.0113713 0.0157618 0.00465027
internal_weight=155.835 130.405 120.996 25.9156 95.08 25.4293 15.3921
internal_count=634 530 492 105 387 104 63
is_linear=0
shrinkage=0.03


Tree=28
num_leaves=7
num_cat=0
split_feature=21 14 33 17 12 6
split_gain=10.3307 8.02656 7.39654 5.21904 4.31064 2.13675
threshold=0.018752165658725096 92.839426760111124 0.093736271119863143 -2.7108585669003022 59.831527954417432 0.012692474372393065
decision_type=2 2 2 2 2 2
left_child=1 2 -1 -2 -4 -5
right_child=3 -3 4 5 -6 -7
leaf_value=0.013627425541551648 -0.0037274400597960698 0.019056755488810265 -0.0055840733398166949 0.031576749435976062 -0.019605470618199446 0.0059165413187358051
leaf_weight=11.60437275469303 7.302344515919688 9.4081467390060407 81.200119376182556 10.688870400190355 28.067932948470116 7.3954055756330481
leaf_count=47 30 38 330 44 115 30
internal_value=-0.00126665 -0.00481021 -0.00706993 0.0153939 -0.00960825 0.0234642
internal_weight=155.667 130.281 120.872 25.3866 109.268 18.0843
internal_count=634 530 492 104 445 74
is_linear=0
shrinkage=0.03


Tree=29
num_leaves=11
num_cat=0
split_feature=19 22 20 38 11 14 22 2 8 24
split_gain=8.0815 8.98075 6.12774 6.02007 5.87908 5.34813 3.97961 3.8661 3.33034 0.87945
threshold=0.05774297236144664 -0.20010472327387188 0.015135507259484723 0.0081780439051133275 -0.01540467708848786 27.65620669460532 0.028713293116833908 0.0093279690502093855 -0.0080216905514996131 -0.11651583710407239
decision_type=2 2 2 2 2 2 2 2 2 2
left_child=3 7 4 6 -3 -4 -1 9 -5 -2
right_child=1 2 5 8 -6 -7 -8 -9 -10 -11
leaf_value=-0.012510410995854166 0.010144576480346711 -0.0060130976797628782 0 -0.0040259365955783149 0.025230749451801298 -0.017250490429141771 0.014097795528832278 0.0017352807783532014 -0.031448460240000684 0.032072569736714109
leaf_weight=8.0346715152263659 8.090550765395168 7.3170508444309261 46.161641716957092 8.1848247051239031 10.560652568936346 23.929191574454308 8.1202264130115491 12.684775024652479 13.123618438839911 9.3135019987821579
leaf_count=33 33 30 188 33 43 97 33 52 54 38
internal_value=-0.00120834 0.00257497 -0.00218471 -0.013037 0.0123702 -0.00634541 0.0001176 0.0162268 -0.022808 0.0247483
internal_weight=155.521 118.057 87.9685 37.4633 17.8777 70.0908 16.1549 30.0888 21.3084 17.4041
internal_count=634 481 358 153 73 285 66 123 87 71
is_linear=0
shrinkage=0.03


Tree=30
num_leaves=8
num_cat=0
split_feature=20 15 38 5 3 16 15
split_gain=10.4558 5.76154 7.14874 4.62245 7.79008 6.75428 2.65995
threshold=0.021233242169317556 21.900594822530156 0.010694077168885601 0.077671811271257898 0.020715280233497894 1.9604361421612857 -5.5836291947929633
decision_type=2 2 2 2 2 2 2
left_child=3 2 -2 4 5 -1 -6
right_child=1 -3 -4 -5 6 -7 -8
leaf_value=-0.0076957072242196485 0 -0.0052463603220897406 0.033359360283474138 0.01146389918314469 -0.0047817208759946229 0.0095379285112371214 -0.032239024312163869
leaf_weight=61.681887552142143 8.0281845927238518 7.3729484826326361 14.997406080365179 13.053327560424803 7.3091336786747005 27.759589195251465 10.344393730163572
leaf_count=251 33 30 62 53 30 112 43
internal_value=2.34086e-05 0.0152698 0.0223328 -0.00389811 -0.00608385 -0.00209131 -0.0232775
internal_weight=150.547 30.3985 23.0256 120.148 107.095 89.4415 17.6535
internal_count=614 125 95 489 436 363 73
is_linear=0
shrinkage=0.03


Tree=31
num_leaves=8
num_cat=0
split_feature=21 14 13 9 5 15 32
split_gain=11.922 5.70386 4.9102 4.08518 11.136 7.54095 2.04257
threshold=0.019177465179409745 11.751152065198541 9.6565877245832485 0.031826668335179227 0.085065963255634883 -18.183703931745381 0.00022927892081681114
decision_type=2 2 2 2 2 2 2
left_child=2 6 3 5 -5 -1 -2
right_child=1 -3 -4 4 -6 -7 -8
leaf_value=-0.011098326267148287 0.036421307875808419 -0.0001343460761508039 -0.022390097849406047 -0.020723407081887104 0.017266480679495034 0.0077153397914788467 0.0087630295300466076
leaf_weight=25.908280119299889 9.44014716148377 8.9229422658681852 9.7379359751939756 23.661880135536197 7.4003114998340598 57.999992609024048 7.3016191422939292
leaf_count=106 40 36 40 97 30 235 30
internal_value=1.69868e-05 0.0179546 -0.00378128 -0.001721 -0.010722 0.00160852 0.0273814
internal_weight=150.373 25.6647 124.708 114.97 31.0622 83.9083 16.7418
internal_count=614 106 508 468 127 341 70
is_linear=0
shrinkage=0.03


Tree=32
num_leaves=8
num_cat=0
split_feature=21 15 16 15 11 15 17
split_gain=11.3708 5.24978 4.85246 5.42911 13.8508 12.6909 0.96602
threshold=0.019177465179409745 16.826911994254974 21.242491255394132 -17.35506126362878 -0.036765150079140212 -4.7973687572418742 3.6686382294880535
decision_type=2 2 2 2 2 2 2
left_child=2 6 3 4 -1 -5 -2
right_child=1 -3 -4 5 -6 -7 -8
leaf_value=0.017668942422520453 0.033722750118313188 -0.0013776551894470045 -0.023406697926505852 0.025083199891267255 -0.025059480695396767 -0.0033924707880600632 0.011224383206969042
leaf_weight=7.6576256752014187 9.2057006806135231 7.6788756698369971 8.4473280906677228 15.28726804256439 20.914446175098419 72.292333498597145 8.6911809146404249
leaf_count=31 39 31 35 62 86 294 36
internal_value=1.9837e-05 0.0175718 -0.00368515 -0.00175197 -0.0127104 0.00185964 0.0257774
internal_weight=150.175 25.5758 124.599 116.152 28.5721 87.5796 17.8969
internal_count=614 106 508 473 117 356 75
is_linear=0
shrinkage=0.03


Tree=33
num_leaves=6
num_cat=0
split_feature=21 13 6 38 26
split_gain=10.8333 4.75166 5.28915 5.69354 3.88546
threshold=0.019177465179409745 -8.489568360490475 -0.01632253505676165 0.011230392882954493 0.13014029995162071
decision_type=2 2 2 2 2
left_child=1 -1 -3 -4 -2
right_child=4 2 3 -5 -6
leaf_value=0.012779766388195899 0.0018842347611396878 0.014020417833510998 -0.011965492722274247 0.0031855193144156783 0.026763060213585817
leaf_weight=11.872072145342825 11.328520759940149 8.8922289907932264 75.309206858277321 28.424832999706268 14.162441328167914
leaf_count=48 47 36 308 116 59
internal_value=2.98839e-05 -0.00358209 -0.00563056 -0.00769028 0.0171937
internal_weight=149.989 124.498 112.626 103.734 25.491
internal_count=614 508 460 424 106
is_linear=0
shrinkage=0.03


Tree=34
num_leaves=7
num_cat=0
split_feature=21 14 13 13 13 32
split_gain=10.276 5.35269 4.59541 3.78792 4.54452 2.05726
threshold=0.019177465179409745 11.751152065198541 9.6565877245832485 6.1370082278040714 -8.489568360490475 0.00022927892081681114
decision_type=2 2 2 2 2 2
left_child=2 5 3 4 -1 -2
right_child=1 -3 -4 -5 -6 -7
leaf_value=0.012449782035321131 0.035058893262518993 -0.0005854255282210525 -0.021495461264767087 0.014294126838305356 -0.0057551470561643106 0.0078208807564526615
leaf_weight=11.874118253588675 9.2571087479591423 8.9129792898893339 9.6796674579381925 10.031940296292303 92.832462191581726 7.2585272043943396
leaf_count=48 40 36 40 41 379 30
internal_value=5.63996e-05 0.0167957 -0.00345772 -0.00146532 -0.00335542 0.0260359
internal_weight=149.847 25.4286 124.418 114.739 104.707 16.5156
internal_count=614 106 508 468 427 70
is_linear=0
shrinkage=0.03


Tree=35
num_leaves=11
num_cat=0
split_feature=17 22 20 14 21 38 5 14 5 11
split_gain=7.26218 10.3694 8.85473 14.7884 5.92252 5.90854 5.86939 5.8045 5.11982 5.0753
threshold=0.7473648822806408 0.53861060472013667 0.015086591891562988 2.7149762962762911 0.014241082860956848 0.010738548210211953 0.016388965986516405 -47.304957325670323 -0.020652307237698616 0.016159139457919362
decision_type=2 2 2 2 2 2 2 2 2 2
left_child=2 4 6 7 8 -6 -1 -4 -2 -5
right_child=1 -3 3 9 5 -7 -8 -9 -10 -11
leaf_value=0.0034872313922004435 -0.0027818782864320142 0.019118109413428126 -0.0033263205321507668 -0.023091999549015561 -0.013743369643303966 0.013568472177075479 0.034806630976944843 0.024857184671220219 -0.027717845438139994 -0.00063184948391652607
leaf_weight=11.827346265316011 13.539052501320837 9.4823271334171277 7.7279456108808544 17.052469313144684 12.406509831547739 12.103948503732679 11.396324872970579 18.757059514522552 21.879840180277824 20.221800401806831
leaf_count=48 56 39 32 69 51 50 46 77 91 82
internal_value=0.000138094 -0.00689285 0.00594612 0 -0.0117352 0 0.0209922 0.0164509 -0.019245 -0.0119417
internal_weight=156.395 69.4117 86.9829 63.7593 59.9294 24.5105 23.2237 26.485 35.4189 37.2743
internal_count=641 287 354 260 248 101 94 109 147 151
is_linear=0
shrinkage=0.03


Tree=36
num_leaves=6
num_cat=0
split_feature=37 19 15 17 24
split_gain=9.96354 7.58635 8.53539 11.0261 5.98785
threshold=0.070230937940536711 0.14833222492459744 22.509389640799544 -1.0184448311713561 -0.49528301886792447
decision_type=2 2 2 2 2
left_child=1 2 3 -1 -4
right_child=-2 -3 4 -5 -6
leaf_value=0.020107494470805658 -0.025555617745453858 0.022755098925965681 0.0082685988290698686 -0.0016994482767692944 -0.016501472864429798
leaf_weight=28.614362165331841 10.432696655392645 12.828652605414389 9.406757250428198 61.44574086368084 33.4521694034338
leaf_count=117 43 53 38 253 137
internal_value=0.00013758 0.00239928 1.52703e-05 0.00535254 -0.0106042
internal_weight=156.18 145.748 132.919 90.0601 42.8589
internal_count=641 598 545 370 175
is_linear=0
shrinkage=0.03


Tree=37
num_leaves=8
num_cat=0
split_feature=18 16 38 33 16 8 34
split_gain=6.78067 5.58234 10.032 11.5714 8.15367 7.69902 5.04818
threshold=0.93976918880404192 1.9604361421612857 0.0072506047088872526 0.1832824362726386 8.122898710625897 0.041068785707574267 0.0065712545350116178
decision_type=2 2 2 2 2 2 2
left_child=1 2 -1 -4 6 -6 -3
right_child=-2 4 3 -5 5 -7 -8
leaf_value=-0.026096400479348459 -0.020201039263023725 0.001805132531605634 0.018279774573077473 -0.0060596885103021752 -0.0076136022070615464 0.021067198955925917 0.035067321351778501
leaf_weight=11.794848322868345 11.390164047479628 7.5950931459665325 23.68466180562973 52.981721565127373 26.923023834824562 9.846644461154936 11.789625555276869
leaf_count=49 48 31 97 218 110 40 48
internal_value=0.000133536 0.00209115 -0.00247242 0.00154243 0.00937595 0.000370579 0.024124
internal_weight=156.006 144.616 88.4612 76.6664 56.1544 36.7697 19.3847
internal_count=641 593 364 315 229 150 79
is_linear=0
shrinkage=0.03


Tree=38
num_leaves=7
num_cat=0
split_feature=37 17 22 38 11 27
split_gain=9.47007 6.9156 8.0926 7.1492 4.29232 6.33645
threshold=0.070230937940536711 0.7473648822806408 0.53861060472013667 0.010738548210211953 -0.029677543810273928 1.5000000000000002
decision_type=2 2 2 2 2 2
left_child=1 4 3 -3 -1 -6
right_child=-2 2 -4 -5 5 -7
leaf_value=0.025467716202822375 -0.024954559280461374 -0.017711757389827342 0.019123028313727034 0.0033432145033873784 -0.005897295152880744 0.011784558196887444
leaf_weight=9.6334831118583661 10.392839476466177 33.494274631142616 8.5206675231456739 21.877077460289001 27.0039923787117 44.896673426032066
leaf_count=40 43 139 35 91 110 183
internal_value=0.000132931 0.00234176 -0.00482081 -0.00930499 0.00811512 0.00496087
internal_weight=155.819 145.426 63.892 55.3714 81.5341 71.9007
internal_count=641 598 265 230 333 293
is_linear=0
shrinkage=0.03


Tree=39
num_leaves=12
num_cat=0
split_feature=17 22 21 3 14 14 2 38 11 35 26
split_gain=6.06485 9.25534 5.51109 9.37127 5.39691 7.27839 7.171 7.6183 5.2156 3.43823 2.48339
threshold=0.7473648822806408 0.53861060472013667 0.014241082860956848 0.020715280233497894 2.7149762962762911 -47.304957325670323 -0.0068280024761129257 0.0087716550803123815 0.016159139457919362 0.052646717785798776 0.33480825958702071
decision_type=2 2 2 2 2 2 2 2 2 2 2
left_child=4 2 9 -4 5 -1 8 -8 -6 -2 -7
right_child=1 -3 3 -5 6 10 7 -9 -10 -11 -12
leaf_value=-0.0060213709916884699 -0.022986466802776266 0.018236803792389174 0.020475658849204843 -0.014462357280101373 -0.026107489254720208 0.011285816838856344 0.022207266070335647 -0.0066842414393774837 0 0 0.034863726614145059
leaf_weight=9.3940273225307447 27.129894360899925 9.4720754176378232 9.8656799495220202 14.539611577987669 10.593500450253488 15.569961890578272 15.776396423578264 12.831845343112944 13.296846672892569 7.9927709996700278 9.2067282944917661
leaf_count=39 114 39 41 60 43 64 64 52 54 33 38
internal_value=0.000133159 -0.00630536 -0.0109202 0 0.00545483 0.0143871 -0.000398469 0.0091683 -0.0122571 -0.0182005 0.0225569
internal_weight=155.669 69 59.528 24.4053 86.6693 34.1707 52.4986 28.6082 23.8903 35.1227 24.7767
internal_count=641 287 248 101 354 141 213 116 97 147 102
is_linear=0
shrinkage=0.03


Tree=40
num_leaves=10
num_cat=0
split_feature=21 35 19 26 19 37 19 21 25
split_gain=6.77938 9.02228 10.7174 7.05405 6.26551 6.18589 5.75031 4.43819 0.515426
threshold=0.019177465179409745 0.0055094809610702908 0.087869205997687286 0.30918462980318656 0.041804600706019511 0.050380761824754379 0.071219673545315249 0.011929770623447545 0.23368794326241138
decision_type=2 2 2 2 2 2 2 2 2
left_child=1 2 7 4 -3 8 -5 -1 -2
right_child=5 3 -4 6 -6 -7 -8 -9 -10
leaf_value=-0.0083337739788399475 0.010403261893385972 -0.01136583750385462 -0.028609649994111783 -0.017936119665193467 0.0154437077489709 -0.0054778375563747849 0.0053713734963015689 0.016617917415530686 0.030329426764496584
leaf_weight=14.587412029504778 8.0613261014223152 7.2734110206365576 18.067616030573845 16.423024997115135 44.214393734931946 7.3658912628889075 16.890172302722931 8.3430482447147352 9.8799558281898481
leaf_count=60 34 30 75 68 180 30 69 34 42
internal_value=0.0015515 -0.00126083 -0.0125699 0.00419753 0.0110927 0.0151491 -0.00605925 0.000747847 0.0240698
internal_weight=151.106 125.799 40.9981 84.801 51.4878 25.3072 33.3132 22.9305 17.9413
internal_count=622 516 169 347 210 106 137 94 76
is_linear=0
shrinkage=0.03


Tree=41
num_leaves=10
num_cat=0
split_feature=21 19 15 19 17 37 15 36 25
split_gain=6.47295 8.17284 11.3165 10.705 6.91635 5.93567 4.3226 3.87197 0.483996
threshold=0.019177465179409745 0.087869205997687286 62.464948042901035 0.071219673545315249 -1.0184448311713561 0.050380761824754379 -3.5006454193717622 0.0048472441970030039 0.23368794326241138
decision_type=2 2 2 2 2 2 2 2 2
left_child=1 3 7 4 -1 8 -5 -3 -2
right_child=5 2 -4 6 -6 -7 -8 -9 -10
leaf_value=0.0094304896282775743 0.010168114472145912 -0.0013305283738088752 0.013303835628385455 0.030976459502232802 -0.01113691722429307 -0.0053483495995800051 0.0049141983558440017 -0.026498745440660203 0.02973642244228205
leaf_weight=21.680644810199738 8.0467939078807884 8.9827481210231763 10.043765857815741 12.599374264478685 35.665557965636253 7.3663132637739173 13.577820003032683 23.145461440086365 9.8155329227447492
leaf_count=88 34 37 41 51 148 30 55 96 42
internal_value=0.00150622 -0.00123792 -0.0117882 0.00406475 -0.00305256 0.0148158 0.0192989 -0.0203918 0.0235878
internal_weight=150.924 125.695 42.172 83.5234 57.3462 25.2286 26.1772 32.1282 17.8623
internal_count=622 516 174 342 236 106 106 133 76
is_linear=0
shrinkage=0.03


Tree=42
num_leaves=8
num_cat=0
split_feature=20 41 38 38 19 22 23
split_gain=6.74628 6.70805 8.69959 9.67435 7.30793 3.58496 2.54921
threshold=0.026838685326638034 1.0000000180025095e-35 0.012078042554052332 0.010694077168885601 0.082796877872411204 -0.17792277028471201 0.94935735187356107
decision_type=2 2 2 2 2 2 2
left_child=1 5 3 -3 -4 -1 -7
right_child=-2 2 4 -5 -6 6 -8
leaf_value=0.0012741696305618928 0.026413808035135131 0.001578982028308208 0.0074214679443456513 0.024562707032043097 -0.025762406492812442 -0.032214339410841182 -0.0046296976383697619
leaf_weight=7.1983023434877422 7.1866979002952567 80.105090752243996 7.5630290657281902 19.453406363725662 13.637857407331465 8.0202168226242048 7.5381549447774878
leaf_count=30 31 330 31 80 56 33 31
internal_value=0.00148734 -3.67086e-06 0.00276719 0.0066129 -0.0136588 -0.014349 -0.0217534
internal_weight=150.703 143.516 120.759 99.5585 21.2009 22.7567 15.5584
internal_count=622 591 497 410 87 94 64
is_linear=0
shrinkage=0.03


Tree=43
num_leaves=8
num_cat=0
split_feature=20 35 21 23 38 14 12
split_gain=6.47354 8.90175 5.37859 9.05739 7.95676 4.02934 8.00398
threshold=0.026838685326638034 0.0055094809610702908 0.014655048083171985 0.75363883546679833 0.012078042554052332 24.212167806542542 39.568739417682032
decision_type=2 2 2 2 2 2 2
left_child=1 5 4 -4 -3 6 -1
right_child=-2 2 3 -5 -6 -7 -8
leaf_value=-0.02012486730687368 0.02593181603397544 0.0051711372927754065 -0.0075084715466561475 0.024783355801899696 -0.02051212674935279 -0.02337125545842713 0.0074987692747209506
leaf_weight=14.053239375352858 7.1385721862316123 52.19867143034935 9.49661833047867 22.323525175452232 11.575309082865713 13.548880666494368 20.250486701726913
leaf_count=59 31 214 39 92 48 56 83
internal_value=0.00144622 -8.99333e-06 0.00515714 0.0148283 0 -0.010423 -0.00388991
internal_weight=150.585 143.447 95.5941 31.8201 63.774 47.8526 34.3037
internal_count=622 591 393 131 262 198 142
is_linear=0
shrinkage=0.03


Tree=44
num_leaves=10
num_cat=0
split_feature=21 35 28 26 19 15 34 19 1
split_gain=5.79539 8.62354 11.2251 6.4373 7.83913 5.95999 3.85668 1.7088 1.33497
threshold=0.018752165658725096 0.0055094809610702908 2.5000000000000004 0.070925553319919524 0.072102682796111497 16.826911994254974 0.011488402857059101 0.062516134574987087 0.012975175523281647
decision_type=2 2 2 2 2 2 2 2 2
left_child=1 2 -1 6 -5 8 -3 -4 -2
right_child=5 3 7 4 -6 -7 -8 -9 -10
leaf_value=0.0085753685706770801 0.031487932575154913 0.032750122130485775 -0.0087242273741271591 -0.010813648168434206 0.0091132698461495309 -0.0035003726855939981 0.0030189738821134872 -0.029571866830121113 0.0078243192854227841
leaf_weight=13.104658395051954 9.2613601535558754 7.8562559634447124 10.220481768250467 31.711506798863411 35.495300441980362 9.5960264950990659 9.3630086332559568 16.46733458340168 7.3359965234994879
leaf_count=54 41 32 42 131 145 39 38 69 31
internal_value=0.00139827 -0.00125925 -0.012519 0.00404113 -0.000113278 0.0137286 0.0193607 -0.0232757 0.0238015
internal_weight=150.412 124.219 39.7925 84.4261 67.2068 26.1934 17.2193 26.6878 16.5974
internal_count=622 511 165 346 276 111 70 111 72
is_linear=0
shrinkage=0.03


Tree=45
num_leaves=8
num_cat=0
split_feature=35 15 16 35 19 32 21
split_gain=8.39813 9.39237 10.2669 9.91497 7.64932 2.28539 1.63802
threshold=-0.056255757477277006 62.464948042901035 -15.246870443840107 0.044818543951141827 0.087011065236117333 1.0000000180025095e-35 0.014241082860956848
decision_type=2 2 2 2 2 2 2
left_child=6 2 5 -3 -4 -2 -1
right_child=1 3 4 -5 -6 -7 -8
leaf_value=0.0041427607111369598 0.022128791193858362 0.038691357622315632 -0.0037340151032958999 -0.0049022828280266351 -0.022071010245393145 0 0.026011908525667152
leaf_weight=7.9389707297086742 10.4377338886261 7.588334381580351 76.210725128650665 7.3943233042955399 28.141448900103569 7.2141203433275214 9.7887307405471784
leaf_count=33 44 31 314 30 117 30 42
internal_value=0 -0.00252407 -0.00544937 0.0182499 -0.00914219 0.0143268 0.0183915
internal_weight=154.714 136.987 122.004 14.9827 104.352 17.6519 17.7277
internal_count=641 566 505 61 431 74 75
is_linear=0
shrinkage=0.03


Tree=46
num_leaves=9
num_cat=0
split_feature=20 17 20 20 40 19 28 1
split_gain=8.80479 11.3584 7.69917 6.9388 5.40947 4.91287 3.83359 2.30458
threshold=0.024816594842296282 0.55412543504660061 0.015086591891562988 0.020448951634311947 0.040513827669366627 0.098241277611080757 6.5000000000000009 0.0015972708833924545
decision_type=2 2 2 2 2 2 2 2
left_child=1 2 7 -4 5 -3 -6 -1
right_child=-2 4 3 -5 6 -7 -8 -9
leaf_value=0.0093433287443453489 0.025197957822099742 -0.010094492858402757 -0.0063420038099626349 0.017084124733905422 0.011386492775561884 -0.035528525926525716 -0.01226933380796995 0.032764217538943617
leaf_weight=15.209939166903498 9.6534937769174558 35.988469481468201 43.341111287474632 13.158964425325392 12.487347766757013 8.7833147644996625 8.5617410540580732 7.3480746746063224
leaf_count=62 42 149 177 55 52 38 36 30
internal_value=5.96552e-06 -0.00189074 0.00559481 -0.000232066 -0.0110027 -0.0167107 0.000883964 0.0196303
internal_weight=154.532 144.879 79.0581 56.5001 65.8209 44.7718 21.0491 22.558
internal_count=641 599 324 232 275 187 88 92
is_linear=0
shrinkage=0.03


Tree=47
num_leaves=8
num_cat=0
split_feature=11 15 15 15 21 23 1
split_gain=7.06827 11.5886 13.0915 8.12522 5.44433 3.8862 2.12791
threshold=-0.045073284214603097 -19.431610208312495 -4.7973687572418742 54.350490189900604 0.011900796222753368 1.0492537445942196 0.0054282761458147597
decision_type=2 2 2 2 2 2 2
left_child=-1 4 6 -4 -2 -6 -3
right_child=1 2 3 -5 5 -7 -8
leaf_value=0.02216263019796828 -0.029829119359378209 0.032786431631902417 -0.0072717841279550423 0.012787692948022802 -0.015365533542937916 0.010590787882097934 0.0090014614696376592
leaf_weight=10.081373631954191 14.47734194993973 10.155927687883379 70.196757048368454 22.037201702594757 9.6504528820514697 6.9533687829971305 10.752610370516775
leaf_count=43 61 42 290 90 40 30 45
internal_value=1.77919e-05 -0.00170953 0.00269859 -0.00215017 -0.0174026 -0.00371925 0.0230631
internal_weight=154.305 144.224 113.142 92.234 31.0812 16.6038 20.9085
internal_count=641 598 467 380 131 70 87
is_linear=0
shrinkage=0.03


Tree=48
num_leaves=8
num_cat=0
split_feature=20 38 11 2 2 14 11
split_gain=8.28731 6.93246 11.3326 6.92521 5.11533 4.56191 3.40949
threshold=0.024816594842296282 0.0085184714079367761 0.030143634725794625 -0.0011249696232892845 0.032464062966895309 20.771043419203583 0.010512324278427744
decision_type=2 2 2 2 2 2 2
left_child=1 2 5 6 -5 -1 -3
right_child=-2 3 -4 4 -6 -7 -8
leaf_value=0.0052722938282677226 0.02456263282115646 0.010282560889137966 0.034432359126282876 -0.018592434114182928 0.0060212271468860308 -0.01502372094268618 -0.0062312079628242647
leaf_weight=36.12222646176815 9.5741029977798444 20.230190142989159 8.4723834097385389 41.000277504324913 7.1877943128347388 11.495213553309439 20.038262948393822
leaf_count=149 42 84 35 171 30 48 82
internal_value=3.34538e-05 -0.00180194 0.00617719 -0.007052 -0.0145285 0 0.00180414
internal_weight=154.12 144.546 56.0898 88.4565 48.1881 47.6174 40.2685
internal_count=641 599 232 367 201 197 166
is_linear=0
shrinkage=0.03


Tree=49
num_leaves=9
num_cat=0
split_feature=20 17 20 20 15 15 33 13
split_gain=7.90522 10.523 7.29755 6.53789 5.28466 14.1225 2.53489 1.92898
threshold=0.024816594842296282 0.55412543504660061 0.015086591891562988 0.020448951634311947 -14.248933118518202 -4.7973687572418742 0.26132984970342071 -2.1965611138150041
decision_type=2 2 2 2 2 2 2 2
left_child=1 2 7 -4 6 -6 -3 -1
right_child=-2 4 3 -5 5 -7 -8 -9
leaf_value=0.027716930821522111 0.024069792252586538 -0.0025259148370245909 -0.0061409047957183939 0.016624538395603485 0.024125404030176257 -0.013506908330668666 -0.027226139633037282 0.0066519414211343685
leaf_weight=11.187407478690149 9.5188249349594098 6.9788901507854488 43.284856006503105 13.119793251156805 10.151159927248953 31.532889738678932 16.880350038409233 11.291654631495474
leaf_count=46 42 30 177 55 42 132 71 46
internal_value=5.10568e-05 -0.00173666 0.0054671 -0.000200847 -0.0105339 -0.00331412 -0.0213355 0.0191564
internal_weight=153.946 144.427 78.8837 56.4046 65.5433 41.684 23.8592 22.4791
internal_count=641 599 324 232 275 174 101 92
is_linear=0
shrinkage=0.03


Tree=50
num_leaves=12
num_cat=0
split_feature=3 3 15 21 28 38 37 17 28 19 38
split_gain=8.92037 7.54472 6.31663 6.15439 6.38041 5.26646 5.18595 4.52998 4.29585 4.0161 1.50424
threshold=0.011751453348011644 0.048250509217370292 21.285308630129396 0.013894814438024565 2.5000000000000004 0.0091643762913822414 0.025304933508954467 0.028307179465711488 8.5000000000000018 0.095207899359022227 0.011230392882954493
decision_type=2 2 2 2 2 2 2 2 2 2 2
left_child=2 7 3 4 -1 6 -4 -2 -7 -5 -9
right_child=1 -3 5 9 -6 8 -8 10 -10 -11 -12
leaf_value=0.025117422675736186 0 0.0099526054819099059 -0.0082968797602320753 0.036160506342684487 -0.0023415877586316957 -0.024223855624346008 0.023020453605032316 -0.026504613662083724 2.8881603894729782e-05 0.0064166025964851473 -0.0084216048631262416
leaf_weight=7.3154043555259696 10.200914815068243 10.280197113752363 7.2686534225940687 9.0371998548507708 37.132586389780045 13.103497147560121 7.3080719858407974 21.721214473247528 9.4888692647218686 10.548733025789259 11.617796555161474
leaf_count=30 42 43 30 38 153 54 30 92 39 46 49
internal_value=-0.00117377 -0.0108944 0.00396131 0.00964622 0.0027417 -0.00544199 0.00738235 -0.0163669 -0.0142537 0.0229145 -0.0214609
internal_weight=155.023 53.8201 101.203 64.0339 44.448 37.1691 14.5767 43.5399 22.5924 19.5859 33.339
internal_count=646 226 420 267 183 153 60 183 93 84 141
is_linear=0
shrinkage=0.03


Tree=51
num_leaves=11
num_cat=0
split_feature=3 3 15 11 38 15 11 36 11 32
split_gain=8.47712 7.18049 6.0113 5.91329 8.13062 5.58301 12.8573 5.98672 3.78214 4.09777
threshold=0.011751453348011644 0.048250509217370292 21.285308630129396 0.014839068750876263 0.0091643762913822414 -18.183703931745381 -0.038199469258186118 0.0066665461986932864 0.03171574697127922 -0.0027220146057060908
decision_type=2 2 2 2 2 2 2 2 2 2
left_child=2 8 5 -4 -5 6 -1 -7 9 -2
right_child=1 -3 3 4 -6 7 -8 -9 -10 -11
leaf_value=0.025085366291981822 0 0.0097025726465348981 -0.024717111847997748 0.020261195341394898 -0.010350995686402149 0.026311591469086577 -0.015793496907245189 0.0014499200794298821 0.00092409820470221084 -0.024755073823745772
leaf_weight=8.7418508827686328 7.0523803681135133 10.280298843979834 8.4332848042249662 10.716869786381723 17.966546878218651 21.442350640892982 17.3557218760252 16.413877904415131 7.9210124462842932 28.450969085097316
leaf_count=37 30 43 35 44 74 89 73 68 33 120
internal_value=-0.00112044 -0.0106101 0.0038845 -0.00528918 0.00117279 0.00943498 -0.000755626 0.016522 -0.0159647 -0.0199809
internal_weight=154.775 53.7047 101.071 37.1167 28.6834 63.9538 26.0976 37.8562 43.4244 35.5033
internal_count=646 226 420 153 118 267 110 157 183 150
is_linear=0
shrinkage=0.03


Tree=52
num_leaves=10
num_cat=0
split_feature=17 37 21 5 33 21 9 9 11
split_gain=6.29521 6.3653 5.46235 4.41409 8.64325 5.52974 3.25424 11.9046 2.55478
threshold=1.3426242983322674 0.066194649529017338 0.0217519345349227 0.0034710514751598036 0.85350407416299601 0.012586909368059005 0.016934215586115183 -0.013360385993036678 0.03171574697127922
decision_type=2 2 2 2 2 2 2 2 2
left_child=1 3 6 5 -5 -1 7 -2 -8
right_child=2 -3 -4 4 -6 -7 8 -9 -10
leaf_value=0.0023379514548927849 -0.023264666519227865 -0.0178482546707299 0.01100612316848092 -0.0062853454102019179 0.024094208968514552 0.025678173149976894 -0.026253541587127921 0.013924354780093229 -0.003079977229398052
leaf_weight=21.76390315592289 12.914151772856712 8.7950225174427015 8.5369872301816923 38.087275102734566 8.6717043519020063 16.786912009119987 16.727288365364078 13.847743570804596 8.3648611605167371
leaf_count=89 56 36 37 156 36 72 72 57 35
internal_value=-0.00107638 0.00364669 -0.00855753 0.0063926 0 0.0136365 -0.012346 -0.00386981 -0.0198796
internal_weight=154.496 94.1048 60.391 85.3098 46.759 38.5508 51.854 26.7619 25.0921
internal_count=646 389 257 353 192 161 220 113 107
is_linear=0
shrinkage=0.03


Tree=53
num_leaves=11
num_cat=0
split_feature=3 3 15 14 11 36 11 21 9 36
split_gain=7.83886 6.82595 5.56548 7.30783 11.0191 8.9835 5.62621 3.95577 3.32422 2.33193
threshold=0.011751453348011644 0.048250509217370292 21.285308630129396 -47.304957325670323 -0.032347792719213335 0.0066665461986932864 0.014839068750876263 0.019762904762007007 0.034625020970649921 0.0058334227043785429
decision_type=2 2 2 2 2 2 2 2 2 2
left_child=2 7 3 4 -1 -5 -4 9 -8 -2
right_child=1 -3 6 5 -6 -7 8 -9 -10 -11
leaf_value=0.016213357619420402 -0.01042444099632657 0.0095958249859500761 -0.024058878953737546 0.025509275597667302 -0.029234996939388275 0 0.012780552124710054 0.0010280943200637021 -0.0064894542760168296 -0.029456338561194135
leaf_weight=7.0036739856004706 20.45416633784771 10.256298393011091 8.3908564597368223 27.357823550701141 8.0401337593793851 21.316760390996933 11.725138127803804 8.6225908100604993 16.908924654126167 14.119648203253744
leaf_count=30 87 43 35 114 35 88 48 36 70 60
internal_value=-0.00104329 -0.0101955 0.00377065 0.00912523 -0.00777664 0.0147458 -0.00505539 -0.0154432 0.00123086 -0.0197928
internal_weight=154.196 53.4527 100.743 63.7184 15.0438 48.6746 37.0249 43.1964 28.6341 34.5738
internal_count=646 226 420 267 65 202 153 183 118 147
is_linear=0
shrinkage=0.03


Tree=54
num_leaves=11
num_cat=0
split_feature=3 3 15 21 28 11 38 21 19 13
split_gain=7.40953 6.50093 5.27763 5.68584 5.90382 5.37583 7.65573 3.7853 3.74596 3.64909
threshold=0.011751453348011644 0.048250509217370292 21.285308630129396 0.013894814438024565 2.5000000000000004 0.014839068750876263 0.0091643762913822414 0.019762904762007007 0.095207899359022227 -1.7062815286774364
decision_type=2 2 2 2 2 2 2 2 2 2
left_child=2 7 3 4 -1 -4 -7 9 -5 -2
right_child=1 -3 5 8 -6 6 -8 -9 -10 -11
leaf_value=0.023850680678381454 -9.459568970919683e-05 0.0093553398537320649 -0.023547787982285972 0.034568022720177512 -0.0026140458884608446 0.019718198050201072 -0.0099951169571058512 0.0010031544268133792 0.0057494510940755217 -0.024554946984899042
leaf_weight=7.2872154563665381 8.3925779908895439 10.255763351917265 8.3596674352884275 8.8894106745719927 37.002297550439835 10.71285727620125 17.927282392978668 8.6215881705284101 10.424391120672224 26.062839806079868
leaf_count=30 35 43 35 38 153 44 74 36 46 112
internal_value=-0.00102471 -0.00993539 0.0036545 0.00887777 0.00225867 -0.00493459 0.00119122 -0.0150722 0.0217164 -0.0193405
internal_weight=153.936 53.3328 100.603 63.6033 44.2895 36.9998 28.6401 43.077 19.3138 34.4554
internal_count=646 226 420 267 183 153 118 183 84 147
is_linear=0
shrinkage=0.03


Tree=55
num_leaves=8
num_cat=0
split_feature=16 15 15 11 20 38 15
split_gain=5.81903 5.74416 9.78734 11.272 8.96764 5.13147 4.73363
threshold=-19.026256153765903 -4.7973687572418742 -15.552713007384023 -0.034629222856926982 0.013837074079011401 0.01234003438786453 40.202156843773949
decision_type=2 2 2 2 2 2 2
left_child=5 2 3 -2 -3 -1 -6
right_child=1 4 -4 -5 6 -7 -8
leaf_value=0.025370186351684292 0.014191632121439458 0.013922527864246104 0.024612711818451632 -0.016177860153339871 -0.017691344888912476 -0.0037338567901892979 -0.00060237918393817762
leaf_weight=11.25155444443226 17.028108432888981 11.832246765494345 13.565037742257116 23.619816973805431 46.206379383802414 7.1489302963018408 23.802952766418457
leaf_count=48 72 49 57 100 194 31 98
internal_value=-0.000767642 -0.00305774 0.00424571 -0.00303494 -0.00806043 0.0140699 -0.0122676
internal_weight=154.455 136.055 54.213 40.6479 81.8416 18.4005 70.0093
internal_count=649 570 229 172 341 79 292
is_linear=0
shrinkage=0.03


Tree=56
num_leaves=9
num_cat=0
split_feature=16 15 19 32 27 25 20 26
split_gain=5.50233 5.58691 8.15703 6.19823 5.03798 4.60455 4.1411 3.81888
threshold=-19.026256153765903 16.826911994254974 0.14021376815537734 -0.00052434242767795947 1.5000000000000002 0.11055555555555556 0.020078331847548519 0.31400560224089641
decision_type=2 2 2 2 2 2 2 2
left_child=4 3 5 7 -1 -3 -5 -2
right_child=1 2 -4 6 -6 -7 -8 -9
leaf_value=-0.003455742153097996 0.019342487160617445 0 0.01256061103168513 -0.0093391116879869649 0.025239539383685051 -0.022085326136075164 0.0085380911937050583 -0.00080352550315982004
leaf_weight=7.4255389273166683 19.91678008437157 12.158279985189436 8.9488542377948743 39.62276528775692 10.95003631711006 30.303548291325569 13.642657056450842 11.319234713912008
leaf_count=32 83 51 37 167 47 127 58 47
internal_value=-0.000727362 -0.0029581 -0.0105975 0.00165386 0.0137066 -0.0161609 -0.0043456 0.0119817
internal_weight=154.288 135.912 51.4107 84.5014 18.3756 42.4618 53.2654 31.236
internal_count=649 570 215 355 79 178 225 130
is_linear=0
shrinkage=0.03


Tree=57
num_leaves=11
num_cat=0
split_feature=14 23 14 11 3 19 21 5 0 19
split_gain=5.53034 6.94238 5.65047 9.38817 8.60455 6.05165 5.4435 5.15555 5.0265 1.89246
threshold=3.3679557574982941 1.0272909179248237 -45.709746130819433 -0.036765150079140212 0.014388228890200418 0.077686530819097446 0.010210123369071272 0.038399552950563305 -0.0088377991707703756 0.05171126359878301
decision_type=2 2 2 2 2 2 2 2 2 2
left_child=2 6 3 -1 9 -6 -2 -3 -8 -4
right_child=1 7 4 -5 5 -7 8 -9 -10 -11
leaf_value=0.01131109295853738 0.01754560529373075 -0.028188502629990422 0.00184809734977763 -0.025521586650010482 -0.024723075679026225 0.0093339283611272826 0.014188853453266455 -0.0015127977438971383 -0.009631504271883199 0.02148892281541958
leaf_weight=10.226486608386042 10.933924481272696 15.499126195907595 7.6314750164747229 10.3555301874876 7.1706773340702039 7.2245983332395554 7.8739724010229102 12.782789140939711 35.240934997797012 29.130531325936317
leaf_count=44 45 65 31 46 31 30 32 55 147 123
internal_value=-0.000693226 -0.00601548 0.00520887 -0.00717552 0.0105561 -0.00766231 0.000148935 -0.0175232 -0.00451261 0.0181044
internal_weight=154.07 82.3307 71.7393 20.582 51.1573 14.3953 54.0488 28.2819 43.1149 36.762
internal_count=649 344 305 90 215 61 224 120 179 154
is_linear=0
shrinkage=0.03


Tree=58
num_leaves=9
num_cat=0
split_feature=16 15 38 5 21 24 27 40
split_gain=5.15452 5.08651 9.86358 8.10613 6.03936 5.07365 4.75453 3.03861
threshold=-19.026256153765903 16.826911994254974 0.010694077168885601 0.077671811271257898 0.0096682948204274734 -0.51035940803382651 1.5000000000000002 -0.022927402449733399
decision_type=2 2 2 2 2 2 2 2
left_child=6 2 4 5 -2 -3 -1 -4
right_child=1 3 7 -5 -6 -7 -8 -9
leaf_value=-0.0033218234782656751 0.0095669985419632158 0.0027695734062202254 0.00043280086750214407 0.0078485249202664489 -0.011560349445032005 -0.022577582840147666 0.02456000563981323 0.022091702822117448
leaf_weight=7.4075326621532467 14.536805629730223 7.3255984187126151 10.291594803333284 13.975359320640562 40.95726116001606 29.941110476851463 10.893207535147665 18.491379290819168
leaf_count=32 60 30 44 58 173 127 47 78
internal_value=-0.000673336 -0.00283834 0.00156028 -0.0101413 -0.00562481 -0.0173257 0.0133201 0.0153659
internal_weight=153.82 135.519 84.277 51.2421 55.4941 37.2667 18.3007 28.783
internal_count=649 570 355 215 233 157 79 122
is_linear=0
shrinkage=0.03


Tree=59
num_leaves=8
num_cat=0
split_feature=16 11 19 16 38 1 24
split_gain=4.87341 5.0979 6.31196 5.39651 4.73067 3.08042 2.51997
threshold=-19.026256153765903 -0.022185561391419913 0.14021376815537734 6.556734310790084 0.01234003438786453 -0.0017793560116384219 0.22545478865703586
decision_type=2 2 2 2 2 2 2
left_child=4 5 3 -3 -1 -2 -7
right_child=1 2 -4 -5 -6 6 -8
leaf_value=0.023934532903228559 0.020776358919866199 -0.0029917517282130987 0.014824637240503548 -0.018302911385119774 -0.003992870485673111 -0.010638035221357778 0.010235517615267685
leaf_weight=11.142436012625696 9.160940349102022 68.998304307460785 9.8505996912717801 30.453916862607002 7.1226817667484275 7.8678970783948925 8.9887850582599622
leaf_count=48 38 290 41 129 31 34 38
internal_value=-0.000631245 -0.00274063 -0.00566679 -0.00809653 0.0129845 0.00854407 0
internal_weight=153.586 135.32 109.303 99.4522 18.2651 26.0176 16.8567
internal_count=649 570 460 419 79 110 72
is_linear=0
shrinkage=0.03


Tree=60
num_leaves=6
num_cat=0
split_feature=37 10 18 1 8
split_gain=5.42808 6.17483 4.62305 9.20561 4.04651
threshold=0.070230937940536711 0.037026273442850484 0.70285783575080474 0.0055030174326886625 -0.0028433219481845567
decision_type=2 2 2 2 2
left_child=1 2 4 -4 -1
right_child=-2 -3 3 -5 -6
leaf_value=-0.00062330980428730684 -0.019638393012453164 0.022366741372413644 -0.027680719946838333 0.0025455036630056939 0.011514561017962239
leaf_weight=61.467849373817444 8.5894399136304838 10.927747577428816 12.064237803220747 22.59211328625679 36.921866893768311
leaf_count=261 36 46 50 96 154
internal_value=0.000958127 0.0025419 0.00049538 -0.00850354 0.0039208
internal_weight=152.563 143.974 133.046 34.6564 98.3897
internal_count=643 607 561 146 415
is_linear=0
shrinkage=0.03


Tree=61
num_leaves=6
num_cat=0
split_feature=37 11 14 4 11
split_gain=5.17269 4.13705 8.49665 4.56994 1.04643
threshold=0.070230937940536711 -0.045073284214603097 -47.304957325670323 -0.024588853805575569 -0.025948078315067288
decision_type=2 2 2 2 2
left_child=1 -1 4 -4 -3
right_child=-2 2 3 -5 -6
leaf_value=0.022581311342007991 -0.019204348224668242 -0.0058059491215038516 0.015535688194659373 0.00078701281591434294 -0.027807293023582477
leaf_weight=6.7387050688266745 8.565630301833151 7.0206300765275955 22.085619479417801 101.42752569913864 6.6361448764801008
leaf_count=30 36 30 93 424 30
internal_value=0.000922417 0.00247001 0.00106391 0.00374929 -0.0196414
internal_weight=152.474 143.909 137.17 123.513 13.6568
internal_count=643 607 577 517 60
is_linear=0
shrinkage=0.03


Tree=62
num_leaves=7
num_cat=0
split_feature=37 19 15 15 15 33
split_gain=4.94501 6.48753 6.04463 8.10682 7.60868 1.98769
threshold=0.066194649529017338 0.137611718643015 21.900594822530156 -19.431610208312495 35.534408167096707 0.76397277165433597
decision_type=2 2 2 2 2 2
left_child=1 2 3 -1 -4 -3
right_child=-2 5 4 -5 -6 -7
leaf_value=-0.0068498814490359642 -0.016344243918577816 0.0039061452717083895 -0.02366047496212411 0.011843596308608461 0.0011222313006578207 0.029451430395844375
leaf_weight=30.684303179383278 11.482986479997633 6.9510203152894956 16.234138980507851 53.68666236102581 25.546548396348953 7.7513152956962585
leaf_count=131 48 31 69 225 106 33
internal_value=0.00088713 0.00260606 0.000157095 0.00487023 -0.00880559 0.020186
internal_weight=152.337 140.854 126.152 84.371 41.7807 14.7023
internal_count=643 595 531 356 175 64
is_linear=0
shrinkage=0.03


Tree=63
num_leaves=6
num_cat=0
split_feature=20 38 16 33 8
split_gain=4.66164 8.31717 5.78209 6.73256 2.31345
threshold=0.024816594842296282 0.012371651458243602 -18.703133011533392 0.45300306985681821 0.0040190726835381595
decision_type=2 2 2 2 2
left_child=1 2 -1 -4 -3
right_child=-2 4 3 -5 -6
leaf_value=0.019798638841185663 0.018814775465487495 -0.0047101680445454566 -0.0098104335143970895 0.0053537937240996621 -0.028360356936091218
leaf_weight=12.918626531958578 10.052467733621596 9.9450414776802081 39.135566249489784 71.272931158542633 8.8190211057662946
leaf_count=55 45 42 165 299 37
internal_value=0.000861333 -0.000548233 0.00226686 0 -0.0182091
internal_weight=152.144 142.091 123.327 110.408 18.7641
internal_count=643 598 519 464 79
is_linear=0
shrinkage=0.03


Tree=64
num_leaves=6
num_cat=0
split_feature=37 10 15 15 15
split_gain=4.7191 5.6418 6.69744 7.51506 5.94068
threshold=0.070230937940536711 0.037026273442850484 21.900594822530156 -19.431610208312495 35.534408167096707
decision_type=2 2 2 2 2
left_child=1 2 3 -1 -4
right_child=-2 -3 4 -5 -6
leaf_value=-0.005285383363763491 -0.018430935946828347 0.021337743500411038 -0.02217105743521772 0.011825419680518159 0
leaf_weight=35.674735933542252 8.5169416666030866 10.830713450908659 16.439892008900642 55.484088465571404 25.071055859327316
leaf_count=154 36 46 70 233 104
internal_value=0.000833664 0.00231776 0.000359824 0.00499843 -0.00924343
internal_weight=152.017 143.5 132.67 91.1588 41.5109
internal_count=643 607 561 387 174
is_linear=0
shrinkage=0.03


Tree=65
num_leaves=8
num_cat=0
split_feature=18 15 14 20 15 23 23
split_gain=6.78929 4.53506 13.3847 6.5149 5.9115 5.39551 3.75965
threshold=0.98028939389425085 -18.183703931745381 -7.9831515630105505 0.016038317868883156 -65.65928008871721 1.097542261679781 0.90150959268455055
decision_type=2 2 2 2 2 2 2
left_child=1 4 6 -4 -1 -6 -3
right_child=-2 2 3 -5 5 -7 -8
leaf_value=0.011112597744203851 -0.023153070752706392 0.0051710128789489891 0.010999085174705252 -0.0057896329512465115 -0.021019095490588901 0.0057754154546837532 0.034662059737148268
leaf_weight=11.068056643009184 7.3707665652036658 7.9102590382099178 31.596270263195038 52.238068893551826 19.267341345548633 7.7482570111751548 14.209106013178824
leaf_count=49 33 33 132 219 83 34 62
internal_value=0.00144148 0.00310261 0.00633231 0.000471952 -0.00537626 -0.0129489 0.0260408
internal_weight=151.408 144.037 105.954 83.8343 38.0837 27.0156 22.1194
internal_count=645 612 446 351 166 117 95
is_linear=0
shrinkage=0.03


Tree=66
num_leaves=8
num_cat=0
split_feature=8 14 8 19 5 4 10
split_gain=5.41519 6.98642 3.60307 3.98544 6.96004 6.19108 0.323623
threshold=-0.023570693548753907 -47.304957325670323 -0.015532179732194956 0.057421593031693127 0.0095527962408206175 -0.0050447618722526668 -0.01725506053312947
decision_type=2 2 2 2 2 2 2
left_child=1 -1 -2 5 -5 -4 -3
right_child=2 6 3 4 -6 -7 -8
leaf_value=-0.0025312891665631985 -0.01603711320247575 0.033139337106241409 0.011831240927503915 0.016183993246218307 -0.0019831181208193535 -0.015973040894960735 0.012377939015538767
leaf_weight=13.028257071971895 11.347416773438452 6.9445007145404807 7.7854662090539959 26.132872000336647 53.862579360604286 23.393224164843559 8.6660118848085386
leaf_count=58 49 31 32 111 227 100 37
internal_value=0.00141049 0.0127419 -0.00127983 0.000350675 0.00401876 -0.00828341 0.0251803
internal_weight=151.16 28.6388 122.522 111.174 79.9955 31.1787 15.6105
internal_count=645 126 519 470 338 132 68
is_linear=0
shrinkage=0.03


Tree=67
num_leaves=6
num_cat=0
split_feature=18 3 3 34 21
split_gain=6.43313 4.43327 6.04797 4.64005 4.58234
threshold=0.98028939389425085 0.048250509217370292 0.020715280233497894 0.0099806677244137516 0.012890206083151175
decision_type=2 2 2 2 2
left_child=1 2 4 -4 -1
right_child=-2 -3 3 -5 -6
leaf_value=-0.0012029409323558802 -0.022636704314298754 0.02315370380551136 -0.024075430704423226 6.2668754346000829e-05 0.010578873650343329
leaf_weight=56.889020830392838 7.3096080571413031 7.3142868876457205 11.04579718410969 13.206248894333838 55.225768268108368
leaf_count=239 33 31 48 56 238
internal_value=0.00138136 0.00300021 0.00149179 -0.0113565 0.00455282
internal_weight=150.991 143.681 136.367 24.252 112.115
internal_count=645 612 581 104 477
is_linear=0
shrinkage=0.03


Tree=68
num_leaves=6
num_cat=0
split_feature=18 33 12 37 22
split_gain=6.15447 4.14676 6.56598 5.76275 5.39139
threshold=0.98028939389425085 0.093736271119863143 39.496451408535606 -0.012061638870765 -0.0096035998517086645
decision_type=2 2 2 2 2
left_child=1 -1 4 -4 -3
right_child=-2 2 3 -5 -6
leaf_value=0.018652389392464518 -0.022220131990188158 0.00049904327500265608 0.021491915463094712 0.0014481124536094359 -0.025659296265879695
leaf_weight=11.78629609942436 7.26147337257862 12.699883222579958 13.466660112142561 94.286597937345505 11.323019027709959
leaf_count=51 33 56 58 398 49
internal_value=0.00133274 0.00291604 0.00113861 0.00443579 -0.0122785
internal_weight=150.824 143.562 131.776 107.753 24.0229
internal_count=645 612 561 456 105
is_linear=0
shrinkage=0.03


Tree=69
num_leaves=6
num_cat=0
split_feature=18 3 3 5 34
split_gain=5.8931 4.21971 5.71226 5.2503 4.40441
threshold=0.98028939389425085 0.048250509217370292 0.020715280233497894 -0.014735913879445948 0.0099806677244137516
decision_type=2 2 2 2 2
left_child=1 2 3 -1 -4
right_child=-2 -3 4 -5 -6
leaf_value=0.011881135208720866 -0.021813348055756878 0.022534115467080822 -0.023556197061865691 -0.00093601215161317282 0
leaf_weight=46.335786953568459 7.2130156904458991 7.2833804041147223 10.988894537091257 65.679873585700989 13.209371671080588
leaf_count=203 33 31 48 274 56
internal_value=0.00129433 0.00284283 0.00137057 0.00434971 -0.0111268
internal_weight=150.71 143.497 136.214 112.016 24.1983
internal_count=645 612 581 477 104
is_linear=0
shrinkage=0.03


Tree=70
num_leaves=8
num_cat=0
split_feature=34 38 38 5 14 21 8
split_gain=3.98814 6.1549 12.7624 8.75617 5.53937 3.16347 0.182978
threshold=-0.049782176339565158 0.01176471306364428 0.011198829984610867 0.002886991952282703 80.473190851261293 0.013089066033443449 0.016855919251251805
decision_type=2 2 2 2 2 2 2
left_child=-1 2 4 5 -2 -3 -5
right_child=1 3 -4 6 -6 -7 -8
leaf_value=0.016077417926309203 -0.0054443677145843677 -0.0097942015995596335 0.032262279083689172 -0.013401759978939127 0.014389464215822833 0.014643224183365973 -0.034765523712671387
leaf_weight=8.6172639578580839 89.381828427314758 7.2984641939401644 8.3581241071224195 7.7743067443370846 12.487806484103201 7.3955255597829819 8.6989985108375532
leaf_count=37 380 31 36 33 52 34 37
internal_value=-0.00148415 -0.00286835 0.000402148 -0.014214 -0.00263835 0.00188749 -0.0280377
internal_weight=150.012 141.395 110.228 31.1673 101.87 14.694 16.4733
internal_count=640 603 468 135 432 65 70
is_linear=0
shrinkage=0.03


Tree=71
num_leaves=8
num_cat=0
split_feature=34 36 28 26 34 16 8
split_gain=3.7967 6.43118 7.31104 7.18861 6.4115 5.95226 5.9186
threshold=-0.049782176339565158 0.0061611186093608753 5.5000000000000009 0.22326064382139152 -0.007846026615542066 1.5254832292602816 -0.019547441663915342
decision_type=2 2 2 2 2 2 2
left_child=-1 4 3 -3 -2 -6 -4
right_child=1 2 6 -5 5 -7 -8
leaf_value=0.015710151182653485 0.022393465170185475 -0.013042320099129402 0 0.015954201135283699 -0.0094969042427531548 0.0075083976210149972 -0.026188705589981633
leaf_weight=8.6011542826890928 10.572573244571684 13.041962355375292 9.7002477049827558 13.553140014410017 34.40886065363884 35.393559157848358 24.522136688232422
leaf_count=37 45 56 41 59 147 150 105
internal_value=-0.00143327 -0.00278721 -0.0100393 0.00129238 0.00262868 -0.000696435 -0.0188447
internal_weight=149.794 141.192 60.8175 26.5951 80.375 69.8024 34.2224
internal_count=640 603 261 115 342 297 146
is_linear=0
shrinkage=0.03


Tree=72
num_leaves=6
num_cat=0
split_feature=11 15 14 17 19
split_gain=3.58417 9.05179 7.91928 6.17158 4.77258
threshold=-0.035497863641637976 -36.477685889889834 -31.031742912030719 1.3426242983322674 0.12495558326143165
decision_type=2 2 2 2 2
left_child=4 -2 -3 -4 -1
right_child=1 2 3 -5 -6
leaf_value=0.022953036112810292 -0.030335724559942726 0.02347232240217708 0.0018170511445526865 -0.012332097472772292 -0.0049439132394400063
leaf_weight=9.7470139414072055 8.2563221305608732 8.911669507622717 73.976871713995934 40.766314819455147 7.9754118323326102
leaf_count=41 38 39 309 177 36
internal_value=-0.00137861 -0.00320627 -0.000821475 -0.00320656 0.0104101
internal_weight=149.634 131.911 123.655 114.743 17.7224
internal_count=640 563 525 486 77
is_linear=0
shrinkage=0.03


Tree=73
num_leaves=9
num_cat=0
split_feature=38 38 20 1 15 35 8 36
split_gain=3.46781 11.6116 9.94462 5.8582 5.1742 7.66752 6.4414 1.6101
threshold=0.01176471306364428 0.011198829984610867 0.024816594842296282 -0.011066622748534814 54.350490189900604 0.045782782880330226 -0.019547441663915342 0.0062151404478681472
decision_type=2 2 2 2 2 2 2 2
left_child=1 4 3 -2 6 -6 -1 -5
right_child=2 -3 -4 7 5 -7 -8 -9
leaf_value=0.0084737739405377661 0.0026296870424751509 0.031584636842025789 0.015288207253939508 -0.010566233473615993 0.028692514936282658 -0.00720660229586104 -0.0094338663345948735 -0.034989179311732836
leaf_weight=21.938898965716362 7.0507424473762539 8.3131599724292737 8.6449220478534681 8.8566550165414828 9.2732269316911715 8.0000502169132215 66.999047607183456 10.380934327840803
leaf_count=93 30 36 40 38 39 33 286 45
internal_value=-0.0013358 0.00110752 -0.00937828 -0.0185275 -0.00167898 0.0122652 -0.00476231 -0.0265055
internal_weight=149.458 114.524 34.9333 26.2883 106.211 17.2733 88.9379 19.2376
internal_count=640 487 153 113 451 72 379 83
is_linear=0
shrinkage=0.03


Tree=74
num_leaves=8
num_cat=0
split_feature=34 36 28 26 34 16 16
split_gain=3.4803 6.02132 6.78291 6.80631 6.05788 5.56847 5.50236
threshold=-0.049782176339565158 0.0061611186093608753 5.5000000000000009 0.22326064382139152 -0.007846026615542066 1.5254832292602816 -12.825432021863175
decision_type=2 2 2 2 2 2 2
left_child=-1 4 3 -3 -2 -6 -4
right_child=1 2 6 -5 5 -7 -8
leaf_value=0.015161174190399616 0.02188394043601196 -0.012676598639567421 0 0.015581563580047196 -0.0091221944434764588 0.0073512200063587767 -0.025235396329377588
leaf_weight=8.5560688972473127 10.539100006222723 12.999721020460131 9.5692804604768735 13.492779463529585 34.283235982060432 35.316172167658806 24.392095506191254
leaf_count=37 45 56 40 59 147 150 106
internal_value=-0.0012828 -0.00258735 -0.00963396 0.00127249 0.00265091 -0.000581895 -0.0181565
internal_weight=149.148 140.592 60.4539 26.4925 80.1385 69.5994 33.9614
internal_count=640 603 261 115 342 297 146
is_linear=0
shrinkage=0.03


Tree=75
num_leaves=13
num_cat=0
split_feature=35 5 15 11 21 35 36 26 0 21 10 37
split_gain=4.06406 6.39501 5.56291 13.9585 4.49841 5.18236 5.05426 5.98312 2.80081 2.18036 3.61469 1.51658
threshold=0.0055094809610702908 0.0022826878686356138 -23.102309381211274 -0.029677543810273928 0.014655048083171985 0.038697949653470294 0.0061835271373494672 0.28642149929278643 -1.0000000180025095e-35 0.011603646253341204 0.037026273442850484 0.0093257056922237975
decision_type=2 2 2 2 2 2 2 2 2 2 2 2
left_child=1 2 3 -1 6 -6 7 -2 -4 -3 -11 -8
right_child=4 9 8 -5 5 -7 11 -9 -10 10 -12 -13
leaf_value=0.020876807448330655 0.014352373251300322 0 0.029413207007462826 -0.030438070279492229 0.025349134084520775 0 -0.00063330259191436006 -0.005896444691492933 0.0012002366983642372 -0.027276077190764733 0 -0.02129797575638161
leaf_weight=6.9116767644882193 29.724220767617226 7.2010680586099651 7.0037395507097244 8.076689615845682 17.159769833087925 13.564042523503302 7.605554133653639 19.650093123316765 6.9868409931659681 12.604603275656702 7.0209158658981314 7.0665023624897003
leaf_count=32 124 30 30 37 73 59 32 84 30 54 30 31
internal_value=0.00239296 -0.0037821 0.00548591 -0.00622 0.00618718 0.0152872 0.00126393 0.00608591 0.0181741 -0.0140001 -0.0187619 -0.0128467
internal_weight=150.576 55.8055 28.9789 14.9884 94.7702 30.7238 64.0464 49.3743 13.9906 26.8266 19.6255 14.6721
internal_count=646 243 129 69 403 132 271 208 60 114 84 63
is_linear=0
shrinkage=0.03


Tree=76
num_leaves=6
num_cat=0
split_feature=20 38 17 36 7
split_gain=4.2398 10.7033 4.94975 5.95642 5.52877
threshold=0.024163345687745884 0.015091371476366125 0.20300880650112776 0.0044979205317295908 -0.0088507867172403342
decision_type=2 2 2 2 2
left_child=1 2 4 -4 -1
right_child=-2 -3 3 -5 -6
leaf_value=-0.00042134351416644734 0.018226893997809603 -0.025532327156311645 0.013980246568217537 -0.0077532073182970777 0.016184278023720564
leaf_weight=29.854065507650375 11.801734432578085 10.704781442880629 12.447761967778204 47.915703803300858 37.57891871035099
leaf_count=127 55 46 53 208 157
internal_value=0.00232623 0.000624397 0.00329062 -0.00272633 0.00881619
internal_weight=150.303 138.501 127.796 60.3635 67.433
internal_count=646 591 545 261 284
is_linear=0
shrinkage=0.03


Tree=77
num_leaves=12
num_cat=0
split_feature=35 35 21 23 23 36 35 28 28 17 23
split_gain=3.79889 5.6644 4.2854 6.89861 5.84047 6.01371 5.19035 3.37479 2.77988 1.72673 0.826127
threshold=0.0055094809610702908 -0.056255757477277006 0.014655048083171985 0.88023044240009296 1.1237044799845541 0.0063726376729655249 0.041774528861419753 2.5000000000000004 7.5000000000000009 -1.9335818457222229 1.2314885667550071
decision_type=2 2 2 2 2 2 2 2 2 2 2
left_child=1 8 4 6 5 -2 -4 -3 -1 -9 -6
right_child=2 7 3 -5 10 -7 -8 9 -10 -11 -12
leaf_value=0.02038401311237352 0.011554062039189933 0.0019619054962918187 0.015380727773129231 0.028556596950943473 -0.0030689905775093183 -0.012717164344705743 -0.014980025447915142 -0.0028269913042336249 -0.00068417170339391724 -0.02145770229019154 -0.020810698139437655
leaf_weight=8.0153497159481066 39.909984782338142 11.505043372511862 8.4972695857286507 14.409986376762388 7.4721236377954465 9.4634598493576032 7.7504792213439933 9.4371369779109973 9.6936565339565259 16.848045602440834 7.1384529918432236
leaf_count=37 167 49 36 64 32 41 32 40 42 75 31
internal_value=0.00226163 -0.00372388 0.00593126 0.0148206 0.00112452 0.00629601 2.15489e-05 -0.0103109 0.00919136 -0.0159719 -0.0141023
internal_weight=150.141 55.4992 94.6418 30.6577 63.984 49.3734 16.2477 37.7902 17.709 26.2852 14.6106
internal_count=646 243 403 132 271 208 68 164 79 115 63
is_linear=0
shrinkage=0.03


Tree=78
num_leaves=6
num_cat=0
split_feature=20 38 36 14 12
split_gain=4.01736 10.1732 3.75637 6.20833 4.59883
threshold=0.024163345687745884 0.015091371476366125 0.0062151404478681472 -6.8705868898452982 40.041404075728202
decision_type=2 2 2 2 2
left_child=1 2 3 -1 -4
right_child=-2 -3 4 -5 -6
leaf_value=0.019669035983899383 0.017718063972241582 -0.025016625517185271 -0.015659939244682331 0.0011427602732285824 0.0027523539907173115
leaf_weight=23.195104032754898 11.70904168486595 10.657660901546476 15.413407638669012 52.310588613152504 36.62754499912262
leaf_count=102 55 46 66 220 157
internal_value=0.00218873 0.000532075 0.00313595 0.0073882 -0.00280114
internal_weight=149.913 138.204 127.547 75.5057 52.041
internal_count=646 591 545 322 223
is_linear=0
shrinkage=0.03


Tree=79
num_leaves=12
num_cat=0
split_feature=35 19 6 38 35 19 35 7 38 19 15
split_gain=3.52638 7.01808 6.70518 5.43801 5.37599 6.04117 5.30573 4.55649 4.24892 2.7803 1.84966
threshold=0.0055094809610702908 0.07255057282164866 0.0016581326561111176 0.012151823539042586 -0.056255757477277006 0.060159541992111994 0.030594793185717121 -0.0073250189777103658 0.0084647359644834681 0.12220000071457908 -52.388782502358438
decision_type=2 2 2 2 2 2 2 2 2 2 2
left_child=4 2 7 6 10 -6 -3 -2 -4 -7 -1
right_child=1 3 8 -5 5 9 -8 -9 -10 -11 -12
leaf_value=0.019677584661356735 -0.0046164510092793383 0.031176280607636796 0.00089587851870970064 -0.0048797669988310628 0.0055074192460868284 -0.024283134793547205 0.0077228248418910548 0.020407819687208263 -0.023998208886016059 -0.00057091343218902528 0
leaf_weight=6.3695960640907314 10.580262780189516 15.201710164546965 8.3199959844350833 10.126122981309889 12.553491845726965 17.53306241333485 26.21607793867588 10.904022336006163 13.112859159708021 7.6142504364252082 11.243512883782385
leaf_count=30 44 65 35 44 53 77 112 45 58 34 49
internal_value=0.0021282 0.00566914 -0.00296478 0.0129804 -0.00364385 -0.0100668 0.0177161 0.00810188 -0.0144428 -0.018227 0.00896427
internal_weight=149.775 94.4611 42.9171 51.5439 55.3139 37.7008 41.4178 21.4843 21.4329 25.1473 17.6131
internal_count=646 403 182 221 243 164 177 89 93 111 79
is_linear=0
shrinkage=0.03


Tree=80
num_leaves=13
num_cat=0
split_feature=14 5 11 11 4 2 21 1 18 23 2 5
split_gain=4.06091 8.58279 7.46227 7.27532 5.78187 5.77957 8.04859 5.77479 5.46988 2.67616 2.26818 1.72945
threshold=-8.6388819766755187 0.036763783673131607 -0.013066327770560325 -0.023794500953589145 -0.021523433443718373 0.0095065914140346503 0.014092971601162 0.0027661383148223089 0.40695341555796694 0.90150959268455055 0.022096918472950037 -0.043897072982861544
decision_type=2 2 2 2 2 2 2 2 2 2 2 2
left_child=2 4 3 7 -2 6 -3 -1 -6 -4 -7 -11
right_child=1 5 9 -5 8 10 -8 -9 -10 11 -12 -13
leaf_value=0.020831965888065317 0.0090498525381513557 0.037825021638380744 0.0011866764727177959 -0.021016431031011893 -0.035267323639543484 -0.015898842982345344 0 -0.0072989826784377529 -0.0091362325514383873 0.0061873049294592572 0.0028699107662843119 0.031887526556473353
leaf_weight=10.732067152857782 7.6586881130933753 7.4529256522655514 8.1588331758976 11.278971835970877 9.3113056421279889 7.528048604726794 11.343309193849562 10.980591744184492 34.514880046248436 6.4864940941333797 11.084565073251722 9.8520082831382734
leaf_count=48 32 31 35 50 39 33 48 49 147 29 48 44
internal_value=-0.000126244 -0.00420975 0.00586508 -0.00310325 -0.0120617 0.00627977 0.0173787 0.00655721 -0.0163122 0.0178318 -0.00479965 0.0242899
internal_weight=146.383 88.8937 57.489 32.9916 51.4849 37.4088 18.7962 21.7127 43.8262 24.4973 18.6126 16.3385
internal_count=633 378 255 147 218 160 79 97 186 108 81 73
is_linear=0
shrinkage=0.03


Tree=81
num_leaves=14
num_cat=0
split_feature=14 15 5 6 23 36 35 34 35 33 14 28 6
split_gain=3.8608 9.87386 8.16564 5.42411 5.17844 4.99763 6.76233 4.5752 4.17458 4.1042 3.77471 2.78136 2.06902
threshold=-8.6388819766755187 -18.183703931745381 0.036763783673131607 0.0049445419406506886 0.90150959268455055 0.0058334227043785429 0.052646717785798776 0.0012352704006407535 1.0000000180025095e-35 0.46747060799462553 -47.304957325670323 8.5000000000000018 0.013358304052219451
decision_type=2 2 2 2 2 2 2 2 2 2 2 2 2
left_child=1 3 7 10 -3 6 -4 11 -7 -9 -1 -2 -5
right_child=2 4 5 12 -6 8 -8 9 -10 -11 -12 -13 -14
leaf_value=-0.0053719918034274483 -0.0089797499929450391 0 0.029771991421535953 -0.026869887471997863 0.032291957198389128 -0.018611125082985496 -0.0025696038688931911 -0.031774951348742163 0.007381267851122769 -0.0083509090178823034 0.016371473404515665 0.012996870791135035 -0.0015502996639749184
leaf_weight=12.286372065544127 9.2852392792701739 7.2876248359680202 11.06959515810013 6.9121371358633024 12.508763328194616 8.2278428673744219 8.5537859201431257 11.296025156974791 9.5193234980106336 23.368686065077782 11.61407318711281 7.4449627399444571 6.723552942276001
leaf_count=57 39 31 47 31 56 36 36 48 41 100 50 31 30
internal_value=-0.000104157 0.00574434 -0.00409023 -0.00308214 0.0219157 0.0061382 0.0160469 -0.0117598 -0.00457405 -0.01771 0.00506309 0.000342566 -0.0171398
internal_weight=146.098 57.3325 88.7655 37.5361 19.7964 37.3705 19.6234 51.3949 17.7472 34.6647 23.9004 16.7302 13.6357
internal_count=633 255 378 168 87 160 83 218 77 148 107 70 61
is_linear=0
shrinkage=0.03


Tree=82
num_leaves=8
num_cat=0
split_feature=22 38 38 38 15 5 15
split_gain=3.74622 3.96209 11.0524 5.68649 4.93386 4.02091 2.46778
threshold=0.87545455575014741 0.012078042554052332 0.010694077168885601 0.020794358913352056 54.350490189900604 0.002886991952282703 15.291191257345465
decision_type=2 2 2 2 2 2 2
left_child=1 2 4 5 -1 -3 -4
right_child=-2 3 6 -5 -6 -7 -8
leaf_value=-0.0069144547450266007 0.017347250230779456 -0.0020813524328876271 0.027831833898060279 0.0095285536913341639 0.01094074195269008 -0.029496542185711405 0.0042399578747958416
leaf_weight=73.604937240481377 8.1845881193876249 10.017260238528257 12.089153409004213 6.7446523755788794 14.685316875576971 11.388218700885771 9.116024896502493
leaf_count=317 36 44 54 32 62 50 38
internal_value=-0.000107411 -0.00148629 0.00102283 -0.0111639 -0.00360191 -0.0185819 0.0195757
internal_weight=145.83 137.646 109.495 28.1501 88.2903 21.4055 21.2052
internal_count=633 597 471 126 379 94 92
is_linear=0
shrinkage=0.03


Tree=83
num_leaves=8
num_cat=0
split_feature=21 38 4 18 36 11 6
split_gain=3.21484 4.56119 5.20208 5.93123 3.68546 3.31327 3.01806
threshold=0.018752165658725096 0.015091371476366125 -0.02763782142518267 0.36619441538839825 0.0053427612482307794 -0.013066327770560325 0.0049445419406506886
decision_type=2 2 2 2 2 2 2
left_child=1 2 5 -4 -2 -1 -6
right_child=4 -3 3 -5 6 -7 -8
leaf_value=-0.0025889549912641529 0.0252827940255065 -0.021801642893046466 -0.017645653302672128 0.00020437076963920471 0.011985613831657062 0.019491261678084862 -0.009737132786217682
leaf_weight=7.2848356366157558 6.7192935943603542 7.9193338453769675 19.301206737756729 70.948502451181412 9.564785763621332 14.641734629869459 9.2296198159456235
leaf_count=31 31 35 83 303 45 63 42
internal_value=-8.24995e-05 -0.00226783 -0.000399687 -0.00375031 0.00907602 0.0119253 0.000686086
internal_weight=145.609 120.096 112.176 90.2497 25.5137 21.9266 18.7944
internal_count=633 515 480 386 118 94 87
is_linear=0
shrinkage=0.03


Tree=84
num_leaves=8
num_cat=0
split_feature=3 5 38 21 3 5 34
split_gain=3.50861 5.30763 4.69725 4.06519 7.69734 6.03432 3.70518
threshold=-0.035401331473726087 0.036763783673131607 0.012078042554052332 0.012890206083151175 -0.0091395243777117035 0.014030030714594301 0.0065712545350116178
decision_type=2 2 2 2 2 2 2
left_child=-1 3 6 4 -2 -5 -3
right_child=1 2 -4 5 -6 -7 -8
leaf_value=0.013918241384378938 -0.025919673199006271 -0.0012511445957690001 -0.010508260751593244 0.0077144702864888259 -0.0016484421759818703 -0.015808558374608372 0.019557190336155904
leaf_weight=12.355739638209341 17.971748575568199 9.3714369684457797 7.7916858345270148 32.79085910320282 32.936433285474777 11.576069608330725 20.638731092214584
leaf_count=57 78 40 35 144 142 49 88
internal_value=-7.48898e-05 -0.00167199 0.00742752 -0.00551505 -0.0111562 0.000836263 0.0129185
internal_weight=145.433 133.077 37.8019 95.2751 50.9082 44.3669 30.0102
internal_count=633 576 163 413 220 193 128
is_linear=0
shrinkage=0.03


Tree=85
num_leaves=10
num_cat=0
split_feature=14 35 35 32 11 11 19 34 21
split_gain=5.27595 6.86912 6.2798 5.47875 4.93984 4.17168 3.39309 3.38323 1.66147
threshold=10.445127404540701 0.052076279981205349 0.061681692288194097 0.0049641984239345857 0.02812854699966361 -0.029677543810273928 0.080408076831722117 0.013276032573992127 0.015010335147690007
decision_type=2 2 2 2 2 2 2 2 2
left_child=1 3 4 5 6 -1 -2 -6 -5
right_child=2 -3 -4 8 7 -7 -8 -9 -10
leaf_value=0.019785615868987676 0.00073424712018054482 0.023558179225237029 -0.028997094185477971 -0.020014781722385688 -0.0015014861896369201 0.00011921156809716564 -0.016481629503757523 0.019020307446339098 0
leaf_weight=12.45359483361244 15.580091193318365 13.105343952775 7.3744337558746329 9.3816081732511538 13.529515549540521 34.504074767231941 20.870996028184891 10.623183980584143 7.530961036682128
leaf_count=56 67 56 32 41 57 151 90 46 34
internal_value=0 0.00532384 -0.00598893 0.000752975 -0.00211271 0.00623651 -0.00907759 0.00771544 -0.0127284
internal_weight=144.954 76.9756 67.9782 63.8702 60.6038 46.9577 36.4511 24.1527 16.9126
internal_count=630 338 292 282 260 207 157 103 75
is_linear=0
shrinkage=0.03


Tree=86
num_leaves=11
num_cat=0
split_feature=9 28 13 40 35 34 24 35 35 3
split_gain=4.58638 7.43122 4.78903 4.66843 3.3851 4.10485 3.30113 3.11266 2.5521 1.8994
threshold=0.034308362345072611 6.5000000000000009 -0.93572066776603069 0.0094772293117052504 0.0065938654777143455 0.0035769533226940324 -0.3885093167701863 0.055251123794156205 0.032854508578490156 -0.015429699055864719
decision_type=2 2 2 2 2 2 2 2 2 2
left_child=2 8 4 -3 9 -6 -4 -8 -2 -1
right_child=1 3 6 -5 5 -7 7 -9 -10 -11
leaf_value=0.0089125983692439677 0.014625900538160283 0 -0.016253007687130318 -0.029032771533883152 0.031619780354195326 0.0063478130010647385 -0.0023721534605842796 0.016550096019019918 -0.004931833215511384 -0.0082353139736777627
leaf_weight=9.555818513035776 9.6016509234905261 8.0952213406562823 10.281694442033766 13.84813868999481 9.067165747284891 19.383470386266708 38.274821266531944 7.575506016612052 9.3939342498779279 9.6709807813167554
leaf_count=42 42 35 46 61 39 83 167 33 40 42
internal_value=0 -0.00826161 0.00336341 -0.019556 0.0102171 0.0164423 -0.00235115 0.00100182 0.00469106 0
internal_weight=144.748 40.9389 103.809 21.9434 47.6774 28.4506 56.132 45.8503 18.9956 19.2268
internal_count=630 178 452 96 206 122 246 200 82 84
is_linear=0
shrinkage=0.03


Tree=87
num_leaves=12
num_cat=0
split_feature=14 20 40 32 28 24 7 36 19 17 24
split_gain=4.89119 5.74741 6.70079 4.99269 4.42633 3.15065 3.09094 2.66323 3.30128 2.79099 2.33682
threshold=10.445127404540701 0.016123336244219102 0.066654756928686845 0.0049641984239345857 7.5000000000000009 -0.49528301886792447 0.0077350714551507336 0.0053848008313575734 0.070114986516618044 1.3426242983322674 0.16869918699186995
decision_type=2 2 2 2 2 2 2 2 2 2 2
left_child=3 2 6 7 -5 -3 -2 8 -1 -9 -7
right_child=1 5 -4 4 -6 10 -8 9 -10 -11 -12
leaf_value=0 0.0053251521363642572 0.0015110744984475491 0.024432040869031751 -0.016774204201557865 0.0095363697435926521 -0.024302211630707157 -0.018351975117668184 0.0097652650105509477 0.025638961609683986 -0.0066069871630078563 -0.006481373704973971
leaf_weight=7.732672959566119 7.9820307344198245 9.6823767870664579 8.4197396188974363 12.972529485821726 6.9285832792520514 16.26887720823288 7.1377047300338745 23.194514513015747 13.80641810595989 12.133290499448774 18.272935897111893
leaf_count=33 33 41 36 58 30 72 32 100 62 55 78
internal_value=0 -0.00577208 0.00548314 0.00513597 -0.0068949 -0.0120655 -0.00581429 0.00969231 0.0177536 0.00368767 -0.016156
internal_weight=144.532 67.7637 23.5395 76.768 19.9011 44.2242 15.1197 56.8669 21.5391 35.3278 34.5418
internal_count=630 292 101 338 88 191 65 250 95 155 150
is_linear=0
shrinkage=0.03


Tree=88
num_leaves=11
num_cat=0
split_feature=15 38 21 16 38 33 38 18 13 38
split_gain=4.53183 5.22833 3.77267 4.57564 3.25923 5.61776 10.5427 5.23524 4.97338 2.91304
threshold=15.970928635488816 0.012371651458243602 0.011093386981723406 -5.8788518744511764 0.010259812214181223 0.25499955738324981 0.0081356580835338869 0.24758467987600916 2.9565786016880122 0.008022891614158912
decision_type=2 2 2 2 2 2 2 2 2 2
left_child=4 2 -2 -4 5 9 -7 -6 -9 -1
right_child=1 -3 3 -5 7 6 -8 8 -10 -11
leaf_value=0 -0.014060308167197234 -0.021713774252986921 -0.010076214602662103 0.011965570849704732 -0.0057051890523150614 0.0044780668321199599 -0.027490047778141662 0.030569804796639979 0.0014540363083251086 0.022177184474605632
leaf_weight=9.0283829122781771 12.235567495226858 13.030355602502821 10.631908163428301 22.0919263958931 8.9468457847833651 23.316681385040283 12.389473944902418 12.342419251799585 10.499694392085074 9.7607907056808454
leaf_count=40 54 58 45 94 42 99 54 56 46 42
internal_value=0 -0.00634326 -0.00083401 0.00420437 0.00434256 0 -0.00708631 0.0116655 0.0189847 0.0123339
internal_weight=144.274 57.9898 44.9594 32.7238 86.2843 54.4953 35.7062 31.789 22.8421 18.7892
internal_count=630 251 193 139 379 235 153 144 102 82
is_linear=0
shrinkage=0.03


Tree=89
num_leaves=10
num_cat=0
split_feature=15 35 35 12 35 36 20 23 25
split_gain=4.32308 6.8109 4.61742 4.88108 3.96577 4.76164 4.5631 3.76593 0.469416
threshold=15.970928635488816 0.052646717785798776 0.041224881156349931 39.568739417682032 0.060407931589973714 0.0059705961288365802 0.019932701849913182 0.93183791687271766 0.2259467040673212
decision_type=2 2 2 2 2 2 2 2 2
left_child=1 2 3 -1 5 7 -7 -2 -3
right_child=4 8 -4 -5 -6 6 -8 -9 -10
leaf_value=-0.0069082799741006212 0.016201314802839779 0.0084498410674359488 -0.016862494567629265 0.0097958396773954824 -0.024919863938180988 0.00039924136313920934 -0.023420473425945436 -0.0045216163827795832 0.028702134304737531
leaf_weight=22.587851315736771 13.257835835218431 6.9414900541305524 9.9014285057783109 39.598921924829483 6.9100436866283408 12.180227115750315 12.225725948810576 13.320623397827147 7.1017875075340271
leaf_count=104 56 30 43 171 30 53 54 58 31
internal_value=0 0.00424075 9.37914e-05 0.00346857 -0.00620468 -0.00254016 -0.0118349 0.0057009 0.0219279
internal_weight=144.026 86.1315 72.0882 62.1868 57.8945 50.9844 24.406 26.5785 14.0433
internal_count=630 379 318 275 251 221 107 114 61
is_linear=0
shrinkage=0.03


Tree=90
num_leaves=10
num_cat=0
split_feature=12 18 35 16 19 16 19 19 16
split_gain=3.59491 6.45544 5.7827 6.15752 5.52304 6.90619 4.78646 4.29139 4.02255
threshold=39.496451408535606 0.22302562810817697 0.039258901764816286 6.7443685948250645 0.082796877872411204 -5.8788518744511764 0.041804600706019511 0.069731533852065375 -15.246870443840107
decision_type=2 2 2 2 2 2 2 2 2
left_child=1 8 3 6 5 -4 -2 -5 -1
right_child=2 -3 4 7 -6 -7 -8 -9 -10
leaf_value=0.013888943670682727 -0.0039187273065032831 -0.023447545195938377 -0.016645355916092258 -0.015896241756642514 -0.020724244017889595 0.012452669644550792 0.020800989030421487 0.0052650382378039784 -0.010553761206838375
leaf_weight=10.747719094157217 7.0277421176433554 12.698650926351545 9.5110713988542575 10.210821092128752 13.014737725257872 17.884206682443619 30.911129653453827 26.735112354159355 9.2086101323366183
leaf_count=49 30 57 41 44 56 77 134 120 39
internal_value=0.00013565 -0.00824955 0.00273864 0.00769192 -0.00601659 0.00139497 0.0158794 -0.000714187 0.00199302
internal_weight=147.95 32.655 115.295 74.8848 40.41 27.3953 37.9389 36.9459 19.9563
internal_count=647 145 502 328 174 118 164 164 88
is_linear=0
shrinkage=0.03


Tree=91
num_leaves=9
num_cat=0
split_feature=20 28 12 21 34 37 36 35
split_gain=3.50319 6.74508 9.34642 9.09943 6.36297 5.76586 5.1499 2.5442
threshold=0.013694959606451139 9.5000000000000018 59.937470937772382 0.018752165658725096 0.00069351476217072172 0.02745259473738593 0.0064814559958253403 0.022298967449830179
decision_type=2 2 2 2 2 2 2 2
left_child=7 3 6 4 -2 -5 -3 -1
right_child=1 2 -4 5 -6 -7 -8 -9
leaf_value=0 0 0.026698694573478787 -0.01685705042429203 -0.0032829883047588554 -0.018117967697048123 0.025085662120755324 0.00010688793208655443 0.021821421574107148
leaf_weight=9.6458479166030902 28.639439076185226 16.765688434243206 7.5660104602575293 11.498409017920496 43.158317893743515 9.9029176086187345 11.869619250297545 8.7365937232971174
leaf_count=41 124 71 34 55 187 45 53 37
internal_value=0.00010704 -0.00158926 0.00893286 -0.00593573 -0.0111027 0.010225 0.0168923 0.0117681
internal_weight=147.783 129.4 36.2013 93.1991 71.7978 21.4013 28.6353 18.3824
internal_count=647 569 158 411 311 100 124 78
is_linear=0
shrinkage=0.03


Tree=92
num_leaves=7
num_cat=0
split_feature=14 9 14 19 10 23
split_gain=3.67059 7.40215 4.00469 5.25395 7.21 6.5921
threshold=-47.304957325670323 -0.054994391517088938 -32.491430530687914 0.082796877872411204 0.037026273442850484 1.1237044799845541
decision_type=2 2 2 2 2 2
left_child=1 -1 -2 5 -5 -4
right_child=2 -3 3 4 -6 -7
leaf_value=0.0034857964927153548 0.020056934901333669 -0.031096231828789903 0.010042453673939002 -0.014732273706596003 0.0093306090964008839 -0.011022038551167925
leaf_weight=10.944023653864862 8.2965278625488263 7.569105550646781 59.02205403149128 32.93308524787426 14.083434507250784 14.739169761538504
leaf_count=50 39 36 252 144 62 64
internal_value=0.000119059 -0.0115752 0.00206183 0.000396944 -0.00713179 0.00545545
internal_weight=147.587 18.5131 129.074 120.778 47.0165 73.7612
internal_count=647 86 561 522 206 316
is_linear=0
shrinkage=0.03


Tree=93
num_leaves=12
num_cat=0
split_feature=3 28 16 34 16 35 34 34 11 38 4
split_gain=3.27013 6.18477 7.86289 7.79762 5.46408 4.17605 4.05254 3.26879 2.79432 2.81753 0.533053
threshold=0.011751453348011644 9.5000000000000018 1.9604361421612857 -0.0071667389934615402 6.7443685948250645 0.0055094809610702908 0.01098794274761772 -0.018704680099853595 0.028928506720424133 0.010848811106294204 -0.0050447618722526668
decision_type=2 2 2 2 2 2 2 2 2 2 2
left_child=1 2 3 -1 -4 -3 7 -2 9 -8 -7
right_child=6 5 4 -5 -6 10 8 -9 -10 -11 -12
leaf_value=0.0086229153560366638 0 -0.0021079616612621538 0.030208193932208933 -0.015867081858929898 0.00025732386107822262 0.029812147136441081 -0.012637884307337796 -0.022291873588780514 0.016287831473159074 0.0084038676706280797 0.011352523525856381
leaf_weight=14.944883987307547 8.7187508791685122 7.280364707112315 7.6427408456802395 33.929369360208511 15.222759291529654 8.2510485947132164 11.529279187321668 14.736570060253142 6.743298426270484 7.3605924248695365 11.073533713817591
leaf_count=66 39 32 34 148 66 36 51 65 30 33 47
internal_value=0.000109762 0.00335047 -0.00112908 -0.00803904 0.0124961 0.0151883 -0.00596612 -0.0145311 0.00181279 -0.00370114 0.0219945
internal_weight=147.433 98.3447 71.7398 48.8743 22.8655 26.6049 49.0885 23.4553 25.6332 18.8899 19.3246
internal_count=647 429 314 214 100 115 218 104 114 84 83
is_linear=0
shrinkage=0.03


Tree=94
num_leaves=7
num_cat=0
split_feature=14 9 14 35 36 11
split_gain=3.40524 7.07246 3.84583 4.15865 6.20574 4.29275
threshold=-47.304957325670323 -0.054994391517088938 -32.491430530687914 0.039258901764816286 0.0059705961288365802 0.028928506720424133
decision_type=2 2 2 2 2 2
left_child=1 -1 -2 5 -5 -4
right_child=2 -3 3 4 -6 -7
leaf_value=0.0034965374769411559 0.019668400349864446 -0.030392312192129664 0.00059619193059477662 0.00076377461663478571 -0.021621779522087957 0.017680676341785502
leaf_weight=10.9265173971653 8.2666188031434995 7.469795122742652 58.606326475739479 31.795929566025734 14.144564568996428 15.976672515273092
leaf_count=50 39 36 254 136 62 70
internal_value=0.000134248 -0.0111594 0.00200809 0.000373079 -0.00643009 0.00481795
internal_weight=147.186 18.3963 128.79 120.523 45.9405 74.583
internal_count=647 86 561 522 198 324
is_linear=0
shrinkage=0.03


Tree=95
num_leaves=9
num_cat=0
split_feature=20 20 23 17 4 25 35 35
split_gain=4.41209 4.25481 9.88009 5.38983 3.98715 3.71711 3.31152 1.95583
threshold=0.021233242169317556 0.018692807141704789 1.1237044799845541 2.3470174192144353 0.042945667447306775 0.11055555555555556 -0.0060724339159948784 0.02770366715020767
decision_type=2 2 2 2 2 2 2 2
left_child=1 2 3 -1 6 -3 -2 -4
right_child=4 5 7 -5 -6 -7 -8 -9
leaf_value=0.0094571791155097212 0.00096733395817359279 0.001131166461239042 -0.0064312036223552254 -0.0089331782181920737 -0.0067924402543603326 -0.021260512607614572 0.025604509243169003 -0.028341599173673692
leaf_weight=54.122794702649117 10.257275521755224 8.0236366391181964 11.634941637516024 16.747001111507416 7.989419385790824 17.399396374821663 11.096345648169516 8.5054764896631223
leaf_count=230 49 35 50 74 35 77 52 39
internal_value=-0.000973843 -0.00370032 -0.00039929 0.00477966 0.00891202 -0.0140795 0.0155086 -0.018086
internal_weight=145.776 116.433 91.0102 70.8698 29.343 25.423 21.3536 20.1404
internal_count=641 505 393 304 136 112 101 89
is_linear=0
shrinkage=0.03


Tree=96
num_leaves=11
num_cat=0
split_feature=27 28 9 16 7 13 28 27 21 10
split_gain=3.63979 3.9686 4.254 4.36049 3.19246 4.83499 4.06284 3.32324 1.13088 0.974796
threshold=2.5000000000000004 2.5000000000000004 -0.014908951048947688 6.1417894997491738 0.0063921962662687815 1.6568984485977654 7.5000000000000009 3.5000000000000004 0.016847131812612753 0.0024462363224307952
decision_type=2 2 2 2 2 2 2 2 2 2
left_child=1 9 8 -4 6 -6 7 -2 -3 -1
right_child=4 2 3 -5 5 -7 -8 -9 -10 -11
leaf_value=0.014349188972574676 0.010980819875859183 -0.023100078620216014 0.0043599911067986026 -0.013028823459830335 -0.015495004880669067 0.009478240406871374 0.021133675180885256 -0.010836968688974557 -0.0034435451692968158 0
leaf_weight=7.1262428760528556 11.737488925457001 15.116349369287493 29.24498151242733 19.575036391615868 12.54353938996792 10.934042647480963 14.75829818844795 9.4170395135879517 6.363956853747367 8.7521564364433271
leaf_count=31 52 67 125 86 57 48 63 43 31 38
internal_value=-0.000960261 -0.00493579 -0.00807825 -0.00255548 0.00453698 -0.00344461 0.0100569 0.00052356 -0.0187046 0.00748548
internal_weight=145.569 86.1787 70.3003 48.82 59.3904 23.4776 35.9128 21.1545 21.4803 15.8784
internal_count=641 378 309 211 263 105 158 95 98 69
is_linear=0
shrinkage=0.03


Tree=97
num_leaves=11
num_cat=0
split_feature=20 16 34 23 20 37 22 19 20 36
split_gain=4.18732 4.28701 5.61518 4.51098 6.05615 5.3674 3.45328 2.71848 1.76332 1.09329
threshold=0.021233242169317556 -8.6430093862027508 -0.00039914322828238363 1.0442647609904123 0.018233242241130723 0.039901732722987034 -0.059426242122940502 0.11174758137870612 0.016785630481543305 0.0070279132975503622
decision_type=2 2 2 2 2 2 2 2 2 2
left_child=1 2 -1 4 -3 -5 7 -2 -4 -8
right_child=6 3 8 5 -6 -7 9 -9 -10 -11
leaf_value=0.0028655375298778226 0.028890048767821343 0.010207497402851465 -0.0046210017215617917 -0.020148510259420761 -0.011264957833776401 0.0050323908475897036 0.0049534853016571529 0.0021519990046816864 -0.027663589641684604 -0.0095645700616550748
leaf_weight=11.483017146587374 7.4062549620866802 44.19045577943325 7.0369290858507183 15.823780462145807 13.507974565029143 10.818203315138815 7.2834339737892133 8.0372063517570478 13.316366150975226 6.569304034113884
leaf_count=49 34 189 30 71 60 47 35 37 59 30
internal_value=-0.0009309 -0.00359338 -0.0126145 0 0.00472026 -0.00976247 0.008703 0.017677 -0.0214942 -0.0013232
internal_weight=145.473 116.177 31.8363 84.3404 57.6984 26.642 29.2962 15.4435 20.3533 13.8527
internal_count=641 505 138 367 249 118 136 71 89 65
is_linear=0
shrinkage=0.03


Tree=98
num_leaves=6
num_cat=0
split_feature=18 7 19 21 27
split_gain=3.69575 5.1202 4.98536 6.84227 3.46295
threshold=0.95968121411404439 0.029873803272345744 0.091091342992500254 0.013894814438024565 2.5000000000000004
decision_type=2 2 2 2 2
left_child=1 2 3 -1 -4
right_child=-2 -3 4 -5 -6
leaf_value=-0.0016861254930281128 -0.018398755578515884 0.021153464328091082 -0.015516152657819865 0.017539186716038106 0.00042350048622841549
leaf_weight=64.260166555643082 8.1516826599836332 7.9064093232154837 27.143038228154182 19.907575041055679 17.951479598879814
leaf_count=276 39 35 122 87 82
internal_value=-0.000905806 0.000275454 -0.00119014 0.00298857 -0.00910379
internal_weight=145.32 137.169 129.262 84.1677 45.0945
internal_count=641 602 567 363 204
is_linear=0
shrinkage=0.03


Tree=99
num_leaves=11
num_cat=0
split_feature=12 16 16 21 38 34 35 14 11 33
split_gain=3.17982 4.53988 5.52558 7.05195 4.42145 4.12867 5.09011 4.02359 3.55479 1.72502
threshold=39.496451408535606 6.556734310790084 1.9604361421612857 0.010502772177823779 0.010213648501888007 -0.007846026615542066 0.031212548993035497 68.619762422153613 0.00046660371898643588 0.71085271317829468
decision_type=2 2 2 2 2 2 2 2 2 2
left_child=5 2 3 -2 7 -1 -7 -3 -6 -4
right_child=1 4 9 -5 8 6 -8 -9 -10 -11
leaf_value=0.0028323904457338211 -0.02044060050106665 -0.018645303199793961 0.0070484317407898947 0.0069345111209721463 0.016820042433283153 -0.028984490293759064 9.9196335248769762e-05 0.0045883562242180044 -0.0052766393875373855 0.031391472492149089
leaf_weight=12.96840985119343 8.6236618906259519 21.774371117353443 8.7273563444614393 38.748064965009689 9.6242398619651812 11.010343611240389 7.5332528948783866 7.1123002916574469 12.023920580744742 7.0438531786203376
leaf_count=59 39 95 38 169 44 50 33 31 53 30
internal_value=-0.000874926 0.00138294 0.00675322 0.00102111 -0.0050433 -0.0090641 -0.0175798 -0.0125125 0.00450441 0.021074
internal_weight=145.19 113.678 63.1429 47.3717 50.5348 31.512 18.5436 28.8867 21.6482 15.7712
internal_count=641 499 276 208 223 142 83 126 97 68
is_linear=0
shrinkage=0.03


Tree=100
num_leaves=12
num_cat=0
split_feature=13 15 21 21 15 21 34 32 15 15 18
split_gain=4.02972 3.60566 4.19742 5.58347 4.17052 3.4108 4.50056 3.41629 4.48711 2.87961 1.80619
threshold=-0.64412864562811467 23.296565889189342 0.0095924947778313913 0.013968996503306332 38.00895795755428 0.019177465179409745 0.004429315374038457 -0.00023936390388890058 -17.35506126362878 15.291191257345465 0.57975306984389818
decision_type=2 2 2 2 2 2 2 2 2 2 2
left_child=1 2 -1 -4 -3 7 -7 9 -9 -2 -6
right_child=5 4 3 -5 10 6 -8 8 -10 -11 -12
leaf_value=0.028525861686361755 0.011822161497067298 -0.017897852784333958 -0.0043084975313436311 0.018853746642132466 0.014593247559443603 -0.0073815467287095017 0.022602023921337835 -0.028201572767521325 -0.0054507120224968689 -0.0095012211005639866 -0.0023961442025469391
leaf_weight=7.795435592532157 11.021060988307001 8.8044407218694705 20.751521214842796 13.391797140240667 7.7370488494634655 6.6724957674741727 6.8514600098133087 10.186009705066679 32.725475043058395 7.7124505937099448 9.5168437212705594
leaf_count=33 48 39 89 63 32 31 32 48 144 33 41
internal_value=8.59188e-05 0.00539614 0.0107329 0.00490182 -0.00281118 -0.00453864 0.00779727 -0.0076406 -0.0122005 0.00225032 0.00516774
internal_weight=143.166 67.9971 41.9388 34.1433 26.0583 75.169 13.524 61.645 42.9115 18.7335 17.2539
internal_count=633 297 185 152 112 336 63 273 192 81 73
is_linear=0
shrinkage=0.03


Tree=101
num_leaves=10
num_cat=0
split_feature=13 38 36 12 36 21 34 26 25
split_gain=3.83338 3.95352 3.62596 4.50019 3.39071 3.24791 4.3166 3.18376 2.66447
threshold=-0.64412864562811467 0.0072752476108072089 0.0062151404478681472 38.585114749410181 0.0070857620844008195 0.019177465179409745 0.004429315374038457 0.059850746268656725 0.44756480754124123
decision_type=2 2 2 2 2 2 2 2 2
left_child=1 -1 3 -3 -4 7 -7 -2 -9
right_child=5 2 4 -5 -6 6 -8 8 -10
leaf_value=-0.0077606358240680353 0.0075723743341363087 -0.0021681543231944563 -0.01551526179050966 0.021580844876919827 0.0072464893128098631 -0.0072041462329499456 0.022162333604498728 -0.01376622928937603 0.0009815374802299142
leaf_weight=13.745481148362158 8.2687332630157453 8.0233579277992266 6.7521002143621471 23.371001645922661 15.99228824675083 6.6808209419250471 6.817956879734993 41.262977793812752 11.997524455189703
leaf_count=59 37 36 30 102 70 31 32 183 53
internal_value=8.28683e-05 0.00526858 0.00900243 0.0152959 0 -0.00442932 0.00760632 -0.00746224 -0.0102574
internal_weight=142.912 67.8842 54.1387 31.3944 22.7444 75.028 13.4988 61.5292 53.2605
internal_count=633 297 238 138 100 336 63 273 236
is_linear=0
shrinkage=0.03


Tree=102
num_leaves=11
num_cat=0
split_feature=13 38 35 7 14 21 34 32 15 12
split_gain=3.58872 3.7429 3.5289 4.06417 3.81136 3.07268 4.14065 3.24328 4.36029 4.11911
threshold=-0.64412864562811467 0.0072752476108072089 -0.0047477430073212803 -0.017375552656172012 -2.810519672639884 0.019177465179409745 0.004429315374038457 -0.00023936390388890058 -17.35506126362878 52.424656240069403
decision_type=2 2 2 2 2 2 2 2 2 2
left_child=1 -1 4 -4 -3 7 -7 9 -9 -2
right_child=5 2 3 -5 -6 6 -8 8 -10 -11
leaf_value=-0.007560467498415574 0.015187889244547633 0.010789268862056519 -0.0042093398364293766 0.018010653332916782 -0.01565396510612703 -0.0070312236089024411 0.021733072910462045 -0.027547648093756445 -0.0050806597013303458 -0.010145188048028362
leaf_weight=13.739167869091032 9.632084012031557 7.2301429957151404 7.3643596917390779 31.451805502176288 8.0427188575267774 6.6888359040021879 6.7840619534254074 10.065658167004583 32.662857219576836 9.0847532600164396
leaf_count=59 42 33 33 137 35 31 32 48 144 39
internal_value=8.27964e-05 0.00510473 0.00874412 0.0134278 -0.00246756 -0.00428337 0.00742017 -0.007239 -0.0117037 0.00237536
internal_weight=142.746 67.8282 54.089 38.8162 15.2729 74.9183 13.4729 61.4454 42.7285 18.7168
internal_count=633 297 238 170 68 336 63 273 192 81
is_linear=0
shrinkage=0.03


Tree=103
num_leaves=7
num_cat=0
split_feature=20 20 11 11 4 35
split_gain=3.48054 4.39855 3.81836 5.52876 3.62784 3.45235
threshold=0.012207660559584792 0.021233242169317556 -0.03973225712061889 -0.01540467708848786 0.042945667447306775 -0.015157193110803433
decision_type=2 2 2 2 2 2
left_child=-1 2 -2 -4 5 -3
right_child=1 4 3 -5 -6 -7
leaf_value=0.016277053159577424 0.013417915557817763 0.0006235216416115029 -0.022068078943711933 -0.0024574698734823653 -0.0065541493234783435 0.026786687471225791
leaf_weight=9.136903300881384 7.9992095679044715 9.5827874988317543 14.038001790642737 85.072816833853722 7.0221836715936652 9.7027173042297346
leaf_count=39 35 47 64 371 31 46
internal_value=6.29811e-05 -0.00116064 -0.00397524 -0.00576503 0.00924012 0.0157713
internal_weight=142.555 133.418 107.11 99.1108 26.3077 19.2855
internal_count=633 594 470 435 124 93
is_linear=0
shrinkage=0.03


Tree=104
num_leaves=10
num_cat=0
split_feature=15 11 14 11 21 2 15 5 24
split_gain=3.48862 6.22532 5.34218 5.51958 4.46472 4.37837 3.27989 4.56259 2.92568
threshold=22.509389640799544 0.02812854699966361 -45.709746130819433 -0.036765150079140212 0.018752165658725096 0.013104021385971111 109.80424273262149 0.045707291743436691 -0.40362019688790085
decision_type=2 2 2 2 2 2 2 2 2
left_child=2 8 3 -1 5 -4 7 -3 -2
right_child=1 6 4 -5 -6 -7 -8 -9 -10
leaf_value=0.0060592615375016879 0 -0.00035596783217795914 0.0081541969935323214 -0.024261714034189145 0.024569107046923749 -0.0089628471126473666 -0.011807255067788579 0.026281221000190317 -0.024245008268989579
leaf_weight=7.9566935598850277 7.3043571561574963 13.755346894264227 50.176784798502922 9.3177585750818235 9.672775521874426 15.597952127456663 7.0251634865999213 6.7783188223838797 14.823033928871153
leaf_count=36 31 59 214 47 49 70 30 30 67
internal_value=7.19604e-05 -0.00609199 0.00359224 -0.0103379 0.00715997 0.003729 0.00299518 0.00932367 -0.0173415
internal_weight=142.408 49.6862 92.722 17.2745 75.4475 65.7747 27.5588 20.5337 22.1274
internal_count=633 217 416 83 333 284 119 89 98
is_linear=0
shrinkage=0.03


Tree=105
num_leaves=11
num_cat=0
split_feature=3 14 20 27 21 37 14 3 21 7
split_gain=5.9795 4.99556 3.89077 7.74575 7.69668 6.80779 4.72911 3.6504 2.3431 1.85838
threshold=0.011285076630146331 82.387742212979234 0.016227577384026432 2.5000000000000004 0.010801004299430981 0.02745259473738593 -4.2979958247271943 0.039349251871320219 0.010004538754573597 -0.0016518010471251805
decision_type=2 2 2 2 2 2 2 2 2 2
left_child=2 7 4 6 5 -1 -4 8 -2 -5
right_child=1 -3 3 9 -6 -7 -8 -9 -10 -11
leaf_value=-0.01108460865624746 0 0.011737835141194706 0.003249071438854962 0.01923237414046617 0.02918789034112405 0.01987390087686668 -0.017850710277970187 0.0034939667545009034 -0.01988803523236915 0.00049188252621800745
leaf_weight=13.452277928590776 6.3769327998161343 8.3937813192605955 15.333932191133497 15.154222793877127 14.274899825453756 8.7881895750761014 18.107980564236641 9.3178951293230039 24.687557965517044 9.1044353395700437
leaf_count=60 29 37 72 68 61 37 78 43 112 42
internal_value=0.00157916 -0.00663581 0.00603753 0.000799925 0.0134531 0.00116008 -0.00811532 -0.0111825 -0.0159835 0.0133434
internal_weight=142.992 48.7762 94.2159 57.7006 36.5154 22.2405 33.4419 40.3824 31.0645 24.2587
internal_count=639 221 418 260 158 97 150 184 141 110
is_linear=0
shrinkage=0.03


Tree=106
num_leaves=12
num_cat=0
split_feature=17 32 32 20 18 10 27 37 9 15 17
split_gain=3.33449 5.21717 6.5802 4.64398 5.29303 5.04526 4.94395 4.00966 3.04537 2.13322 1.68604
threshold=1.3426242983322674 0.00021988249243665162 0.011411963189006393 0.015189973492383612 0.71247667764855571 0.034846065483576168 2.5000000000000004 0.038841604642758883 0.00860735398695219 -17.35506126362878 -0.77732531017527184
decision_type=2 2 2 2 2 2 2 2 2 2 2
left_child=3 8 9 7 6 -6 -5 10 -2 -3 -1
right_child=1 2 -4 4 5 -7 -8 -9 -10 -11 -12
leaf_value=0.012981990954581931 0.018727100965035093 -0.02799312209243188 0.0094340627723607309 -0.002307948147293406 -0.028952945554742735 0.0021110174187447513 0.016473533409770501 0.028020857064930842 -0.0033345646807889859 -0.0083490865903178401 -0.004303229104057206
leaf_weight=7.0344439297914496 9.4953922778368014 10.270328715443613 9.1641463637351972 27.06916455924511 7.2639877498149854 7.4057261347770691 19.36831771582365 10.789093077182768 8.1962063163518888 18.401670902967453 8.2645447701215762
leaf_count=30 45 49 42 121 31 33 85 47 37 83 36
internal_value=0.0015603 -0.00394977 -0.0102544 0.00524729 0.000341601 -0.0139993 0.00557258 0.0153615 0.00844398 -0.0172411 0.00335941
internal_weight=142.723 55.5277 37.8361 87.1953 61.1072 14.6697 46.4375 26.0881 17.6916 28.672 15.299
internal_count=639 256 174 383 270 64 206 113 82 132 66
is_linear=0
shrinkage=0.03


Tree=107
num_leaves=12
num_cat=0
split_feature=3 3 37 28 34 35 3 15 34 21 2
split_gain=5.4848 4.37559 3.63234 4.71995 6.03375 4.91358 2.43464 3.88645 2.4131 1.84411 1.66432
threshold=0.011285076630146331 0.048250509217370292 0.03403167538781094 9.5000000000000018 -0.0071667389934615402 0.0055094809610702908 -0.0016717512808570587 5.9333059565392414 0.015487083900501021 0.013968996503306332 0.014039636732170015
decision_type=2 2 2 2 2 2 2 2 2 2 2
left_child=2 8 3 4 -1 -5 7 -4 10 -10 -2
right_child=1 -3 6 5 -6 -7 -8 -9 9 -11 -12
leaf_value=0.0086354808591352448 -0.0060158567678183263 0.0095100837957000414 0.019625688107829012 -0.0055925842898764799 -0.012857540728980262 0.022153641118229837 0.023256124439606254 -0.0066456992575337753 -0.0091333159489901915 0.0089286050478347891 -0.025530650758017304
leaf_weight=17.571813151240349 11.967498838901522 9.7410015314817411 6.6357212662696901 6.7812977433204678 26.270096994936466 13.949511915445326 13.185164734721182 9.497151166200636 9.9716089516878146 6.5189349651336661 10.377687394618986
leaf_count=79 53 44 31 30 117 62 58 41 46 30 48
internal_value=0.00151815 -0.00635979 0.00579807 0.00142337 -0.00391502 0.0127241 0.0142481 0.00430574 -0.0109785 -0.00098852 -0.017048
internal_weight=142.467 48.5767 93.8908 64.5727 43.8419 20.7308 29.318 16.1329 38.8357 16.4905 22.3452
internal_count=639 221 418 288 196 92 130 72 177 76 101
is_linear=0
shrinkage=0.03


Tree=108
num_leaves=9
num_cat=0
split_feature=6 22 32 40 8 38 40 9
split_gain=2.94666 6.01502 6.47047 3.73294 3.12856 3.50857 3.66343 2.23353
threshold=0.0029777822893712023 0.39964619758580427 0.00021988249243665162 0.038752327677625382 0.018271167654027781 0.0071439465349373158 0.0040825581916676965 0.025040782851581483
decision_type=2 2 2 2 2 2 2 2
left_child=4 2 7 -4 5 -1 -7 -2
right_child=1 -3 3 -5 -6 6 -8 -9
leaf_value=-0.005183203606594777 0.014382351875830835 0.014107743941905469 -0.023653376229730586 -0.0025931217081380654 -0.0093015353886728974 0.0021865926412460686 0.018001547859922213 -0.0050484637805683925
leaf_weight=12.857436940073965 10.278670713305475 11.977191627025602 18.725752204656601 15.59675122797489 8.897508040070532 28.149818673729897 29.189739838242531 6.5292684733867636
leaf_count=58 48 53 86 72 38 125 129 30
internal_value=0.00148316 -0.0031508 -0.00785478 -0.0151659 0.00535198 0.00762331 0.0108256 0.00630247
internal_weight=142.202 63.1076 51.1304 34.3225 79.0945 70.197 57.3396 16.8079
internal_count=639 289 236 158 350 312 254 78
is_linear=0
shrinkage=0.03


Tree=109
num_leaves=11
num_cat=0
split_feature=3 14 38 14 15 11 23 33 12 38
split_gain=5.0604 4.54585 4.7949 3.41747 4.61762 3.33628 3.23795 2.85387 2.21419 1.16719
threshold=0.011285076630146331 82.387742212979234 0.010848811106294204 -47.304957325670323 -3.5006454193717622 -0.029677543810273928 0.91176081856327518 0.80823938255142047 55.12019798638844 0.0087716550803123815
decision_type=2 2 2 2 2 2 2 2 2 2
left_child=3 2 6 5 9 -1 -2 -6 -4 -5
right_child=1 -3 8 4 7 -7 -8 -9 -10 -11
leaf_value=0.0061062893424491307 -0.031854136619345295 0.011383074044399984 0.011302207898577686 0.0098065025326826132 0 -0.019920060975176505 -0.007113082977483612 0.018365753658486101 -0.0084210004332935726 0.028384748393523479
leaf_weight=6.2646111249923706 8.8203294724226016 8.3481736630201322 8.575435623526575 14.962052851915361 50.231862619519234 6.8207580745220167 15.152973145246504 7.0064390003681174 7.5153905898332587 8.3349005654454213
leaf_count=30 40 37 39 63 218 35 70 31 35 41
internal_value=0.00143515 -0.00613922 -0.0105146 0.00555529 0.0079535 -0.007308 -0.0185453 0.00281494 0.00134857 0.0187648
internal_weight=142.033 48.4123 40.0641 93.6206 80.5353 13.0854 23.9733 57.2383 16.0908 23.297
internal_count=639 221 184 418 353 65 110 249 74 104
is_linear=0
shrinkage=0.03


Tree=110
num_leaves=12
num_cat=0
split_feature=35 35 21 21 5 36 12 10 3 32 17
split_gain=3.07688 5.76508 5.67284 4.95338 4.09796 6.0999 3.47597 6.88357 5.41615 3.35641 4.9963
threshold=0.039258901764816286 0.014752023384207781 0.011813725619292679 0.010377499582836947 0.002886991952282703 0.0063726376729655249 39.568739417682032 1.0000000180025095e-35 -0.024196900574437071 -0.0030622009689020287 1.4628597625089166
decision_type=2 2 2 2 2 2 2 2 2 2 2
left_child=1 6 3 -2 5 -4 8 -8 -1 -3 -11
right_child=2 9 4 -5 -6 -7 7 -9 -10 10 -12
leaf_value=0.003094635216320829 -0.0063304147980291136 -0.001971226401554707 0.013382592357963467 0.020995712588122915 -0.025239306158304498 -0.020568236663757219 0.019701915803215866 -0.0050524377034165506 -0.026945399935010144 0.02760588277070147 0.00038214871886287029
leaf_weight=8.1280393749475497 11.61792913079262 9.0575005412101728 8.0915539562702197 8.2027176320552808 14.02248467504978 6.8469120413064948 11.887963145971296 34.189404368400574 9.3162869513034803 14.995727807283403 11.308666482567785
leaf_count=38 52 39 37 35 61 31 55 152 46 66 52
internal_value=-0.000258162 0.00267305 -0.00636657 0.00517887 -0.0145768 -0.00188413 -0.00256105 0.0015761 -0.0132984 0.0121105 0.0172859
internal_weight=147.665 98.8836 48.7816 19.8206 28.961 14.9385 63.5217 46.0774 17.4443 35.3619 26.3044
internal_count=664 448 216 87 129 68 291 207 84 157 118
is_linear=0
shrinkage=0.03


Tree=111
num_leaves=9
num_cat=0
split_feature=37 35 37 36 15 15 4 15
split_gain=4.34116 4.06747 5.80405 4.97254 4.55834 4.35935 2.73125 2.47187
threshold=0.070230937940536711 0.039258901764816286 0.020668775905635099 0.0060592821187525608 20.447764804145532 -24.141641056333643 -0.0081228505564741021 38.00895795755428
decision_type=2 2 2 2 2 2 2 2
left_child=1 2 5 4 -3 -1 -5 -4
right_child=-2 3 7 6 -6 -7 -8 -9
leaf_value=-0.015493925870015138 -0.018063519998643876 0.010457544774554128 0.006683255127893771 -0.0015430008431470165 -0.010501447811576534 0.0035728661429970787 -0.030033274443061399 0.023389290700170377
leaf_weight=14.138674467802046 9.4750607460737211 18.15094193816185 35.503596521914005 6.5443876981735229 15.270650461316107 28.891786321997643 7.4498498886823636 11.973395943641661
leaf_count=70 43 80 161 30 66 127 34 53
internal_value=-0.000248441 0.00110892 0.00489468 -0.00571945 0.000405474 -0.00276877 -0.0195066 0.0119747
internal_weight=147.398 137.923 90.5075 47.4158 33.4216 43.0305 13.9942 47.477
internal_count=664 621 411 210 146 197 64 214
is_linear=0
shrinkage=0.03


Tree=112
num_leaves=8
num_cat=0
split_feature=37 40 35 4 38 13 37
split_gain=4.13926 5.63829 3.48715 2.99019 4.43683 2.69297 2.2918
threshold=0.070230937940536711 0.040513827669366627 0.039258901764816286 -0.0030045348289138847 0.0072752476108072089 4.2755720019986123 0.05014452248980273
decision_type=2 2 2 2 2 2 2
left_child=1 3 6 4 -1 -5 -3
right_child=-2 2 -4 5 -6 -7 -8
leaf_value=-0.017738390679946581 -0.017687263776505376 0.021324889308721864 -0.0043144420212896228 -0.01297745186014311 0.0060208367796179534 0.00089767386307951875 0.0028675105555357838
leaf_weight=6.2313146144151679 9.4295623153448087 18.626821085810665 8.8445603698492032 31.169343240559101 43.521770402789116 16.819783315062523 12.521178588271139
leaf_count=30 43 87 39 139 195 76 55
internal_value=-0.000254298 0.00106792 0.0103522 -0.0027119 0.00218478 -0.00797292 0.0149784
internal_weight=147.164 137.735 39.9926 97.7422 49.7531 47.9891 31.148
internal_count=664 621 181 440 225 215 142
is_linear=0
shrinkage=0.03


Tree=113
num_leaves=9
num_cat=0
split_feature=37 35 14 37 23 15 20 13
split_gain=3.94989 3.75428 5.43049 5.35846 5.35138 4.12812 3.5285 2.96962
threshold=0.070230937940536711 0.039258901764816286 -7.2815547154127662 0.020668775905635099 0.96444116735918628 -24.141641056333643 0.015247028750642789 -4.81457830681068
decision_type=2 2 2 2 2 2 2 2
left_child=1 3 4 5 -3 -1 -4 -5
right_child=-2 2 6 7 -6 -7 -8 -9
leaf_value=-0.015097791189418659 -0.017319567971469121 -0.0072876296414286631 0.0027099370556433015 -0.0021258392749513568 0.024740996717274776 0.0034761025326193584 -0.017692573763052163 0.015080686544376764
leaf_weight=14.079922661185263 9.3840153962373716 7.3679199665784818 8.3747728914022428 9.1853148788213712 6.9880996644496918 28.865316614508629 24.549841806292534 38.20288473367691
leaf_count=70 43 32 36 41 33 127 109 173
internal_value=-0.000252708 0.00103509 -0.00552987 0.004679 0.0085048 -0.0026806 -0.0122155 0.0114908
internal_weight=146.998 137.614 47.2806 90.3334 14.356 42.9452 32.9246 47.3882
internal_count=664 621 210 411 65 197 145 214
is_linear=0
shrinkage=0.03


Tree=114
num_leaves=8
num_cat=0
split_feature=37 40 15 15 4 35 28
split_gain=3.76953 5.12764 4.19505 9.07273 4.78707 3.15504 2.2447
threshold=0.070230937940536711 0.040513827669366627 -4.7973687572418742 -15.552713007384023 -0.020949780466452513 0.039258901764816286 5.5000000000000009
decision_type=2 2 2 2 2 2 2
left_child=1 2 3 -1 -4 6 -3
right_child=-2 5 4 -5 -6 -7 -8
leaf_value=-0.0049365681900531847 -0.016960139251956784 0.020677560078912475 0.0071253999816829183 0.023189348608419126 -0.012663866620790573 -0.0040383387204379322 0.0025717706028610464
leaf_weight=28.961475990712643 9.3384803980588895 18.275290459394459 12.034379333257673 13.225301533937452 43.31209222972393 8.8236886858940107 12.783954307436941
leaf_count=137 43 85 53 59 191 39 57
internal_value=-0.000251097 0.00100383 -0.00259817 0.00419178 -0.00800094 0.00987406 0.0142854
internal_weight=146.755 137.416 97.5332 42.1868 55.3465 39.8829 31.0592
internal_count=664 621 440 196 244 181 142
is_linear=0
shrinkage=0.03


Tree=115
num_leaves=7
num_cat=0
split_feature=3 28 34 25 3 34
split_gain=5.33005 3.18143 3.81084 3.44148 2.10854 1.95203
threshold=0.024708498399708349 1.5000000000000002 0.037058102974630087 0.21913109756097562 0.048250509217370292 0.012092291015881386
decision_type=2 2 2 2 2 2
left_child=1 -1 3 -3 5 -2
right_child=4 2 -4 -5 -6 -7
leaf_value=0.018593903666702827 -0.024143937305777564 -0.0010132588161050555 -0.012158923586323872 0.010062802666749341 0 -0.0015116934291874557
leaf_weight=11.14259986579418 9.0309329777956062 45.118387058377266 11.550809815526007 48.854094237089157 10.578120931982992 7.6113626062870017
leaf_count=50 43 202 51 218 48 36
internal_value=0.00156067 0.00445453 0.00250391 0.00467834 -0.00978494 -0.0158703
internal_weight=143.886 116.666 105.523 93.9725 27.2204 16.6423
internal_count=648 521 471 420 127 79
is_linear=0
shrinkage=0.03


Tree=116
num_leaves=8
num_cat=0
split_feature=16 14 11 20 23 36 23
split_gain=4.61153 4.75095 6.82239 5.1281 7.86716 2.0999 1.38939
threshold=19.98617533870733 -47.304957325670323 -0.038199469258186118 0.020611776940075394 1.1237044799845541 0.0062151404478681472 0.99366364034937471
decision_type=2 2 2 2 2 2 2
left_child=1 2 -1 4 -3 -5 -2
right_child=6 3 -4 5 -6 -7 -8
leaf_value=0.007545038154182445 -0.020494378830180852 0.0070495087230755381 -0.026963826843436008 0.030941110416061936 -0.014008224762523181 0.0061772204357748066 -0.00089275936801856421
leaf_weight=7.8828450292348888 7.7839351594448072 77.376523941755295 8.4316900223493558 7.631805673241618 17.747114300727844 9.1928545087575895 7.7536444514989853
leaf_count=36 35 337 44 37 80 43 36
internal_value=0.0015032 0.00351897 -0.0104677 0.00583688 0.00275879 0.020301 -0.0127853
internal_weight=143.8 128.263 16.3145 111.948 95.1236 16.8247 15.5376
internal_count=648 577 80 497 417 80 71
is_linear=0
shrinkage=0.03


Tree=117
num_leaves=10
num_cat=0
split_feature=3 21 40 16 7 23 6 8 9
split_gain=4.99145 3.84552 3.09395 3.40679 5.776 3.30833 2.04337 1.41907 0.300174
threshold=0.024708498399708349 0.014655048083171985 -0.031946584780786318 -15.246870443840107 -0.0082050240467560539 0.89549721155563722 -0.0072546501242558197 0.037801965713215875 0.034308362345072611
decision_type=2 2 2 2 2 2 2 2 2
left_child=2 8 6 5 -5 -4 -1 -3 -2
right_child=1 7 3 4 -6 -7 -8 -9 -10
leaf_value=0.0015250337767781536 -0.0073868716152178373 -0.0078423319531930949 0.00048844638708538373 -0.010247274815958331 0.0079963072498365085 0.029515776262970125 -0.015759719015372112 0.0086609743293356006 -0.026669704785138387
leaf_weight=11.42085535079241 6.1884729266166705 6.5330602675676337 7.0660772174596778 18.11743588745594 63.133068531751633 8.5237984806299192 8.2040461450815183 8.0510351508855802 6.3439651876688004
leaf_count=52 29 30 30 80 279 40 40 37 31
internal_value=0.00145272 -0.00954391 0.00425758 0.00652286 0.00359968 0.0187634 -0.00579636 0.000309493 -0.0205071
internal_weight=143.582 27.1165 116.465 96.8404 81.2505 15.5899 19.6249 14.5841 12.5324
internal_count=648 127 521 429 359 70 92 67 60
is_linear=0
shrinkage=0.03


Tree=118
num_leaves=9
num_cat=0
split_feature=3 1 14 11 38 14 3 34
split_gain=4.77255 2.93975 3.90956 3.57419 4.68229 3.36059 2.02173 1.83078
threshold=0.024708498399708349 -0.019352913080619757 -0.80498135151128725 0.030143634725794625 0.0091643762913822414 6.3096210835983593 0.048250509217370292 0.012092291015881386
decision_type=2 2 2 2 2 2 2 2
left_child=1 2 -1 5 -5 -3 7 -2
right_child=6 3 -4 4 -6 -7 -8 -9
leaf_value=0.0049905940083049835 -0.02342865695128088 0.0086206149564154178 -0.019627689379936732 0.032085893311594421 0.001460875901422846 -0.0033513397233121867 0 -0.0013803358165423399
leaf_weight=10.56568142026663 8.9248654544353538 43.366305947303772 8.1930196583271009 8.2880319207906741 10.296004161238669 35.677745744585991 10.554744467139242 7.5641040802001944
leaf_count=51 43 200 35 37 44 154 48 36
internal_value=0.00139934 0.00414339 -0.00589416 0.00630222 0.0176381 0.00308245 -0.00936576 -0.015369
internal_weight=143.431 116.387 18.7587 97.6281 18.584 79.0441 27.0437 16.489
internal_count=648 521 86 435 81 354 127 79
is_linear=0
shrinkage=0.03


Tree=119
num_leaves=9
num_cat=0
split_feature=3 40 1 36 1 36 9 10
split_gain=4.54681 2.93035 3.95608 3.77792 4.16582 2.31496 3.19188 2.0375
threshold=0.024708498399708349 -0.031946584780786318 -0.0059279093851608003 0.0068583413309854539 -0.01439059880811122 0.0072988205354130925 0.026063220908128539 -0.015772096991869818
decision_type=2 2 2 2 2 2 2 2
left_child=1 2 -1 4 -3 6 -2 -5
right_child=5 3 -4 7 -6 -7 -8 -9
leaf_value=0.0040337310294425747 0 -0.0040343547642730489 -0.0206359622764231 0.0093350554572345992 0.013656573575842332 0.0013576955101449388 -0.024161442937110353 -0.0070647294858823565
leaf_weight=12.104045212268831 6.8871041983366075 12.671170234680174 7.4951039701700202 7.0727755874395397 54.861500285565853 9.481839790940283 10.617687553167341 22.100810423493385
leaf_count=55 32 57 37 31 242 44 51 99
internal_value=0.00135778 0.00403807 -0.00574322 0.00624858 0.0101009 -0.00915766 -0.0151777 -0.0022638
internal_weight=143.292 116.305 19.5991 96.7063 67.5327 26.9866 17.5048 29.1736
internal_count=648 521 92 429 299 127 83 130
is_linear=0
shrinkage=0.03


Tree=120
num_leaves=13
num_cat=0
split_feature=14 12 15 3 15 23 2 23 21 12 9 32
split_gain=4.50433 4.22238 4.34391 4.20118 4.11585 6.02393 4.73401 3.84333 3.50325 3.45811 3.21545 2.44103
threshold=-1.5015309475347747 39.568739417682032 -14.248933118518202 -0.0047539652474499752 41.890373248559094 0.83825776659091 0.010276925930394422 1.0272909179248237 0.013968996503306332 49.849818966836089 -0.035851752489192083 -0.0052903912873833994
decision_type=2 2 2 2 2 2 2 2 2 2 2 2
left_child=1 3 10 11 7 -6 -7 9 -9 -2 -3 -1
right_child=4 2 -4 -5 5 6 -8 8 -10 -11 -12 -13
leaf_value=-0.0072041452123791094 -0.01737251648525694 0.018957220950005994 0.027024536561521963 -0.019349071447835466 -0.015070721950685373 0.021955646852994413 -0.0047889481970832563 -0.028220154094115265 -0.00078596913600246078 0.0029577649874751185 -0.0037275056772087503 0.012447731626633233
leaf_weight=6.8560105934739157 8.2695353776216489 6.1282931789755848 10.819868959486483 7.3719403594732276 8.2797445803880709 13.657949060201647 7.3633641898632041 12.640856176614763 7.6659182310104361 24.127562686800957 14.688089743256571 12.082141041755676
leaf_count=32 37 30 49 35 37 59 33 59 34 106 68 56
internal_value=-0.000277475 0.00589674 0.0130317 -0.00246723 -0.00485538 0.00364258 0.0123338 -0.00981453 -0.0195351 -0.00250395 0.00336972 0.00460837
internal_weight=139.951 57.9463 31.6363 26.3101 82.0049 29.3011 21.0213 52.7039 20.3068 32.3971 20.8164 18.9382
internal_count=635 270 147 123 365 129 92 236 93 143 98 88
is_linear=0
shrinkage=0.03


Tree=121
num_leaves=10
num_cat=0
split_feature=5 33 15 11 11 17 3 19 22
split_gain=3.50374 4.80265 3.92263 6.99527 4.25758 3.55285 4.44869 3.61828 2.09833
threshold=-0.023235645263422807 0.33248575290747878 -36.477685889889834 -0.035497863641637976 0.010051430497483806 0.14868750844961556 -0.0075254184156664508 0.0643094444448674 -0.10860860339872662
decision_type=2 2 2 2 2 2 2 2 2
left_child=2 -2 3 -1 8 6 -3 -7 -4
right_child=1 5 4 -5 -6 7 -8 -9 -10
leaf_value=0.011465901000654557 -0.021224135456318797 -0.0074893183116361874 0.0036791246309126279 -0.02508341817975911 -0.00073737658026668625 -0.017271017374443406 0.011529902677795006 0 0.029808851838204174
leaf_weight=8.3999892324209195 10.110621839761732 14.398186564445494 6.2774750664830234 6.3794682174921027 9.9905980527400953 16.110376864671707 29.573185443878174 28.340141862630844 10.107891842722895
leaf_count=41 45 62 29 33 45 75 130 129 46
internal_value=-0.000281741 -0.00344678 0.00675684 -0.0045258 0.0134809 -0.000823651 0.00492099 -0.00679649 0.0221032
internal_weight=139.688 98.5325 41.1554 14.7795 26.376 88.4219 43.9714 44.4505 16.3854
internal_count=635 441 194 74 120 396 192 204 75
is_linear=0
shrinkage=0.03


Tree=122
num_leaves=11
num_cat=0
split_feature=14 20 40 20 14 38 19 36 10 16
split_gain=4.24542 7.78477 7.32675 4.42474 3.7778 4.21989 3.99464 2.10466 1.50385 1.25329
threshold=-1.5015309475347747 0.015247028750642789 0.038752327677625382 0.021406188987520471 -15.28361967943715 0.0072506047088872526 0.086149034133026312 0.0061835271373494672 0.034846065483576168 11.291583408081399
decision_type=2 2 2 2 2 2 2 2 2 2
left_child=4 2 -2 8 5 -1 -7 -6 -3 -5
right_child=1 3 -4 9 7 6 -8 -9 -10 -11
leaf_value=-0.019289066468823605 -0.0061695638566415583 -0.01729205505808936 0.024834349574198868 0.011552068737629515 0.026917400977522089 0.015311046843812171 -0.0036876854042376681 0.0033873169863489453 -0.00028266137790597005 -0.0039663431302746658
leaf_weight=5.9184416681528083 11.733033865690233 37.90818952023983 11.268626391887663 6.729996979236601 7.8297575116157558 15.741646736860273 19.336780592799187 8.8767757415771467 7.4364203512668601 6.6421127915382385
leaf_count=29 51 169 52 30 36 70 96 39 33 30
internal_value=-0.000281032 -0.00473491 0.00919102 -0.0105604 0.00572254 0.000237703 0.00479955 0.0169157 -0.0149492 0.0033549
internal_weight=139.422 81.7184 23.0017 58.7167 57.7034 40.9969 35.0784 16.7065 45.3446 13.3721
internal_count=635 365 103 262 270 195 166 75 202 60
is_linear=0
shrinkage=0.03


Tree=123
num_leaves=11
num_cat=0
split_feature=14 12 3 3 17 25 14 32 32 11
split_gain=4.01918 3.91092 3.96751 3.67232 7.93782 3.82482 3.24121 2.31097 2.03517 1.75549
threshold=-1.5015309475347747 39.568739417682032 -0.0047539652474499752 -0.016997263167308482 0.14868750844961556 0.43714080459770122 -15.28361967943715 -0.0052903912873833994 0.0024032289471831452 0.02812854699966361
decision_type=2 2 2 2 2 2 2 2 2 2
left_child=1 2 7 -2 9 -6 8 -1 -3 -5
right_child=3 6 -4 4 5 -7 -8 -9 -10 -11
leaf_value=-0.0070571902595563171 -0.018287121809963131 0.011818671774939333 -0.018934812956692873 0.0014123464527826593 -0.016789546027178047 0.0052742254141270421 0.022252935488096925 0.012082758308298818 -0.0064391227254576898 0.015668920492258893
leaf_weight=6.8404923379421279 12.755060881376265 8.5850160494446808 7.3136749118566504 20.973249286413193 26.506660282611847 7.1167076528072348 14.221653610467909 11.996278092265129 8.6661839634180051 14.175891369581221
leaf_count=32 55 42 35 90 124 32 64 56 41 64
internal_value=-0.000259876 0.00558123 -0.00247343 -0.00460271 -0.00140768 -0.0116645 0.0124698 0.00440205 0.00215155 0.00809992
internal_weight=139.151 57.6233 26.1504 81.5276 68.7725 33.6234 31.4729 18.8368 17.2512 35.1491
internal_count=635 270 123 365 310 156 147 88 83 154
is_linear=0
shrinkage=0.03


Tree=124
num_leaves=12
num_cat=0
split_feature=5 20 40 20 15 26 11 17 5 11 12
split_gain=3.21222 4.61775 11.7868 4.90389 3.62349 6.71179 6.67868 3.51687 3.35924 3.03236 2.8563
threshold=-0.023235645263422807 0.015135507259484723 0.038752327677625382 0.021406188987520471 -36.477685889889834 0.24117158288325721 -0.035497863641637976 0.14868750844961556 0.0022826878686356138 0.008222518491768362 57.725882856192278
decision_type=2 2 2 2 2 2 2 2 2 2 2
left_child=4 2 7 8 6 9 -1 -2 -3 -6 -5
right_child=1 3 -4 10 5 -7 -8 -9 -10 -11 -12
leaf_value=0.011241787288151334 0.0019208849516917739 0 0.02598287800637979 0.017722863631328124 0.010766824866560882 0.028320373882039524 -0.024577202182469272 -0.024121228124362331 -0.015746509383534165 -0.013321944420990661 -0.005074625426032999
leaf_weight=8.3705494329333288 7.4889753013849276 15.198637887835501 12.784239321947096 7.8275565207004529 7.7645716816186923 11.47098435461521 6.3028759509325019 6.6730259507894516 40.889307364821434 6.9994360059499741 7.127089336514473
leaf_count=41 32 67 59 36 35 54 33 31 184 31 32
internal_value=-0.000245819 -0.00328941 0.00667307 -0.00735275 0.00650849 0.0129891 -0.00434691 -0.0108883 -0.0114468 0 0.00665634
internal_weight=138.897 97.9888 26.9462 71.0426 40.9084 26.235 14.6734 14.162 56.0879 14.764 14.9546
internal_count=635 441 122 319 194 120 74 63 251 66 68
is_linear=0
shrinkage=0.03


Tree=125
num_leaves=8
num_cat=0
split_feature=5 21 3 3 25 18 25
split_gain=4.73503 5.79944 6.20077 4.99788 3.8371 2.89393 2.56063
threshold=-0.023235645263422807 0.012586909368059005 0.0086866784827102101 0.046349725477275235 0.020204081632653064 0.42050579566640406 0.30602006688963218
decision_type=2 2 2 2 2 2 2
left_child=1 6 -3 4 -2 -6 -1
right_child=3 2 -4 -5 5 -7 -8
leaf_value=-0.013165155388434763 0.0086969926259998897 0.025964542091736088 -0.0053472389832443946 0.013352905764374394 -0.019891261262483331 -0.0053604333105044628 0.0073785676265562504
leaf_weight=10.677459120750429 10.202201828360556 16.888837367296222 6.2723615467548361 10.491486892104147 16.572376683354378 60.957573816180229 6.9184890985488883
leaf_count=49 45 84 30 48 74 276 32
internal_value=-0.000524022 0.0077206 0.0171377 -0.00418053 -0.00669532 -0.00907718 -0.00439351
internal_weight=138.981 40.7571 23.1612 98.2236 87.7322 77.53 17.5959
internal_count=638 195 114 443 395 350 81
is_linear=0
shrinkage=0.03


Tree=126
num_leaves=11
num_cat=0
split_feature=15 21 35 21 33 38 25 33 12 8
split_gain=3.80253 5.82536 5.46402 5.72559 5.10675 8.29334 4.6657 3.56518 1.36973 0.444478
threshold=21.285308630129396 0.012890206083151175 0.054187462608178867 0.0096682948204274734 0.31040078271348637 0.010738548210211953 0.11658576051779937 0.84280125942181094 65.95052383809481 0.0063297402147754608
decision_type=2 2 2 2 2 2 2 2 2 2
left_child=1 2 3 -1 -3 -6 8 9 -2 -8
right_child=6 4 -4 -5 5 -7 7 -9 -10 -11
leaf_value=0.006509990894851013 0.011245237661362437 0.025474035023261784 0.016351400899150527 -0.016693466146581556 -0.011257084769283389 0.017092290322912509 -0.010763768840892701 0.0016445870542864816 -0.003848787959560816 -0.026319931846569829
leaf_weight=11.985799744725226 9.9263079166412371 12.546128019690512 7.1204830706119528 26.402588844299316 15.770836487412451 17.038145184516907 13.663116842508321 7.942825883626937 6.5525901913642874 9.8309658616781217
leaf_count=53 43 62 32 123 70 82 60 37 31 45
internal_value=-0.000500688 0.0029823 -0.00429304 -0.00911376 0.0104721 0.00317038 -0.00726094 -0.0138659 0.00466462 -0.0194157
internal_weight=138.78 90.864 45.5089 38.3884 45.3551 32.809 47.9158 31.4369 16.4789 23.4941
internal_count=638 422 208 176 214 152 216 142 74 105
is_linear=0
shrinkage=0.03


Tree=127
num_leaves=9
num_cat=0
split_feature=34 15 35 21 25 20 11 23
split_gain=3.78633 3.16474 5.65454 4.90989 3.72232 3.58677 2.49491 2.12492
threshold=-0.049782176339565158 21.285308630129396 0.053624426308413138 0.012890206083151175 0.11658576051779937 0.016123336244219102 0.02812854699966361 0.97758037447893542
decision_type=2 2 2 2 2 2 2 2
left_child=-1 2 3 -2 6 -6 -3 -4
right_child=1 4 7 -5 5 -7 -8 -9
leaf_value=0.01825311861951677 -0.0095451531064855519 -0.0077316115599349762 0.00075989611724044145 0.0056884943600998611 0.00014166736801923818 -0.020346727952837516 0.013501060845181725 0.026001827445027739
leaf_weight=6.9672346264123908 36.672365196049213 7.1380776464939109 6.2571756392717353 34.630198858678341 9.3577515333890933 21.056693434715271 8.1658589541912061 8.1848484650254232
leaf_count=32 169 33 28 162 42 96 36 40
internal_value=-0.00047643 -0.0018401 0.00142842 -0.00198851 -0.00808748 -0.0139604 0.00298185 0.0174005
internal_weight=138.43 131.463 85.7446 71.3026 45.7184 30.4144 15.3039 14.442
internal_count=638 606 399 331 207 138 69 68
is_linear=0
shrinkage=0.03


Tree=128
num_leaves=13
num_cat=0
split_feature=5 1 3 21 19 15 19 21 6 4 5 34
split_gain=4.22836 6.14372 5.52278 8.13556 5.35378 5.37723 3.00568 2.78576 2.7052 2.67351 2.13519 0.278924
threshold=-0.023235645263422807 0.0052895136676435204 0.014388228890200418 0.012514328902137597 0.071559445169664573 5.5584813580983079 0.0836946052267631 0.010923570012698737 0.0016581326561111176 0.061824441613210886 0.049739978088855448 -0.0071667389934615402
decision_type=2 2 2 2 2 2 2 2 2 2 2 2
left_child=2 6 3 7 5 -3 8 -1 -2 -6 -8 -5
right_child=1 4 -4 11 9 -7 10 -9 -10 -11 -12 -13
leaf_value=0.0068387247664515342 0.0014920043726613873 -0.022680123822995762 -0.014364899684726004 0.033301086244377789 0.018269710682354497 0.006413870108237657 -0.027527979737234452 -0.015473695933490612 -0.016806941802532064 0 -0.0057990013425309036 0.013739056804572172
leaf_weight=9.1168728545308095 22.269979238510135 8.82694920897484 6.3332861959934226 7.6123584359884253 18.148219630122188 9.5334620475769025 11.365479201078417 6.7642271667718878 7.8802274465560904 8.9409846365451795 10.86524987220764 10.533247806131842
leaf_count=43 97 41 30 38 82 45 51 31 36 42 49 53
internal_value=-0.000438739 -0.00390169 0.00738906 0.0124271 0.00385395 -0.00769053 -0.0108011 -0.00249368 -0.00357215 0.012185 -0.0188822 0.0251815
internal_weight=138.191 97.8306 40.36 34.0267 45.4496 18.3604 52.3809 15.8811 30.1502 27.0892 22.2307 18.1456
internal_count=638 443 195 165 210 86 233 74 133 124 100 91
is_linear=0
shrinkage=0.03


Tree=129
num_leaves=10
num_cat=0
split_feature=15 21 37 35 21 1 3 24 11
split_gain=3.41161 5.08055 7.29613 4.90477 5.46126 4.0868 3.57777 2.48 1.49236
threshold=21.285308630129396 0.012890206083151175 0.051342710211999883 0.054187462608178867 0.0096682948204274734 0.011522650847199835 0.021882294440171538 -0.49528301886792447 0.02812854699966361
decision_type=2 2 2 2 2 2 2 2 2
left_child=1 3 6 4 -1 7 -3 -2 -9
right_child=5 2 -4 -5 -6 -7 -8 8 -10
leaf_value=0.0066903914369205123 0.00045869041309410568 0.021230264683823476 -0.013687341211408768 0.015615051303102504 -0.015979610560358196 0.006604256273009178 0 -0.024717507604579143 -0.0073192116327759618
leaf_weight=11.978808432817457 8.5630467832088453 26.007219091057777 7.4486882984638205 7.1111866235733023 26.225526250898838 12.211458101868628 11.474746540188788 11.120243281126024 15.779192075133322
leaf_count=53 37 128 33 32 123 56 53 52 71
internal_value=-0.000435776 0.00287008 0.00990806 -0.00391494 -0.00851921 -0.00685929 0.0154328 -0.0120009 -0.0162435
internal_weight=137.92 90.2462 44.9307 45.3155 38.2043 47.6739 37.482 35.4625 26.8994
internal_count=638 422 214 208 176 216 181 160 123
is_linear=0
shrinkage=0.03


Tree=130
num_leaves=11
num_cat=0
split_feature=22 1 22 5 24 22 19 21 5 22
split_gain=3.57903 3.54653 3.91977 3.27958 3.27933 3.5053 2.43984 2.17434 1.54901 1.27009
threshold=0.091111928462374606 0.0084328301446424687 0.39964619758580427 -0.023235645263422807 0.52868103763244434 1.0000000180025095e-35 0.049386953244780422 0.015262901594152662 -0.054113914626779329 0.21953301964175978
decision_type=2 2 2 2 2 2 2 2 2 2
left_child=4 3 -3 8 5 6 -1 -6 -2 -5
right_child=1 2 -4 9 7 -7 -8 -9 -10 -11
leaf_value=-0.010877006105351436 -0.0096590572642727968 -0.010439525104264057 0.015334716743489003 -0.030325266188454873 -0.01552601015511192 0.018447456163178937 0.0046869105051916913 0.0033571134106106636 0.0090833241988441202 -0.010187797403018969
leaf_weight=8.8644372820854169 5.7765773609280586 7.7664687633514431 9.1226646751165372 7.0761188268661526 11.221869572997095 13.066361054778097 46.455090440809727 6.5033009946346274 6.1032483577728254 14.432850912213324
leaf_count=39 31 35 42 31 53 59 218 31 29 63
internal_value=-0.00119535 -0.00747074 0.00283791 -0.0129747 0.00238485 0.00549639 0.00163875 -0.00819949 0 -0.019467
internal_weight=136.389 50.2779 16.8891 33.3888 86.1111 68.3859 55.3195 17.7252 11.8798 21.509
internal_count=631 231 77 154 400 316 257 84 60 94
is_linear=0
shrinkage=0.03


Tree=131
num_leaves=10
num_cat=0
split_feature=25 14 12 4 28 16 28 22 38
split_gain=3.5266 5.20508 3.78093 6.19403 4.70312 3.66727 2.22728 2.05995 2.0199
threshold=0.29449472096530926 60.236598063451318 39.568739417682032 -0.0043090041678430216 6.5000000000000009 10.364179636405117 7.5000000000000009 -0.1243247298919568 0.0071439465349373158
decision_type=2 2 2 2 2 2 2 2 2
left_child=2 5 6 7 -5 8 -1 -4 -2
right_child=1 -3 3 4 -6 -7 -8 -9 -10
leaf_value=-0.022885078741263044 -0.00096113763648845378 -0.014288896089616268 0.024251526545614483 0.0016770823303828408 -0.016477171747484361 -0.0080422063978869158 0 0.0019719373637634712 0.015459540055476088
leaf_weight=12.390952587127687 6.0292740389704695 8.4997507631778699 6.6539458483457592 24.016723304986954 22.071248576045036 7.2086881697177878 6.8428954407572737 10.227222070097922 32.342028304934502
leaf_count=60 28 39 31 111 99 35 32 47 149
internal_value=-0.0011762 0.00453117 -0.00512756 -0.00113917 -0.00702866 0.00880909 -0.0161414 0.0131868 0.012588
internal_weight=136.283 54.0797 82.203 62.9691 46.088 45.58 19.2338 16.8812 38.3713
internal_count=631 251 380 288 210 212 92 78 177
is_linear=0
shrinkage=0.03


Tree=132
num_leaves=12
num_cat=0
split_feature=22 17 38 22 1 22 1 7 13 19 38
split_gain=3.34821 3.82704 5.74978 3.77316 3.3652 3.74454 2.85249 2.21374 1.81328 1.39159 0.291712
threshold=0.091111928462374606 2.4064103253293623 0.011992373048071174 0.0081955651439851191 0.0084328301446424687 0.39964619758580427 -0.013525655902077325 0.0077350714551507336 -3.142438409551239 0.0653779496406416 0.0092717281377343776
decision_type=2 2 2 2 2 2 2 2 2 2 2
left_child=1 3 7 6 8 -6 -1 -3 9 -2 -10
right_child=4 2 -4 -5 5 -7 -8 -9 10 -11 -12
leaf_value=-0.0077085963996830799 0.0043229427498924083 -0.0016133871170776776 0.011528350780346402 0.021906627098085957 -0.010179099939993518 0.015016160854917424 0.0069871124512826833 -0.025405941339922796 -0.0082550247540964621 -0.010661707032467861 -0.025333988145222287
leaf_weight=14.464580386877058 7.0559740811586407 7.6990071982145372 7.6445253044366828 9.7947366982698423 7.7484294474124935 9.1205512434244138 37.185525938868523 9.1309388726949674 7.9783981367945698 10.10656216740608 8.1762220710515958
leaf_count=68 31 37 37 44 35 42 169 45 37 48 38
internal_value=-0.00115378 0.00230897 -0.00707303 0.00638756 -0.00723078 0.002796 0.00245805 -0.0166458 -0.0126031 -0.00391014 -0.019564
internal_weight=136.105 85.9193 24.4745 61.4448 50.1861 16.869 51.6501 16.8299 33.3172 17.1625 16.1546
internal_count=631 400 119 281 231 77 237 82 154 79 75
is_linear=0
shrinkage=0.03


Tree=133
num_leaves=11
num_cat=0
split_feature=25 33 28 0 18 16 16 21 35 19
split_gain=3.26423 3.69977 7.11616 4.75483 3.92485 3.49865 2.29147 2.20513 2.75153 2.06316
threshold=0.29449472096530926 0.36775120916000398 9.5000000000000018 -0.0046701227637157552 0.57975306984389818 12.009801498416424 -14.566278676044606 0.013532458626294036 0.032326279452303826 0.046779041662526076
decision_type=2 2 2 2 2 2 2 2 2 2
left_child=1 2 6 -3 -5 7 -1 9 -9 -2
right_child=5 3 -4 4 -6 -7 -8 8 -10 -11
leaf_value=-0.0034824288638126205 0 0.014497135516303871 0.0076958685138210255 0.0085007329606525926 -0.010824714344066882 -0.01101264607203682 -0.029145997713782269 0.0086365873957731515 -0.012787061596527873 0.017492422608138432
leaf_weight=6.4782243371009853 7.1392683088779476 12.719481498003004 8.1423752158880216 10.821714445948599 30.358887635171413 8.4558517038822156 13.477762155234815 10.957577511668207 7.2341131940484038 20.168377131223679
leaf_count=30 31 56 40 50 139 42 65 53 34 91
internal_value=-0.00113674 -0.00494624 -0.0133757 0 -0.00524036 0.00435453 -0.0225742 0.00786969 0 0.012965
internal_weight=135.954 81.9984 28.0984 53.9001 41.1806 53.9552 19.956 45.4993 18.1917 27.3076
internal_count=631 380 135 245 189 251 95 209 87 122
is_linear=0
shrinkage=0.03


Tree=134
num_leaves=13
num_cat=0
split_feature=22 17 38 23 10 1 22 5 23 34 5 22
split_gain=3.16072 3.60523 5.47365 3.72807 3.59349 3.22898 3.58641 3.15527 2.93515 2.38964 1.43975 1.2446
threshold=0.091111928462374606 2.4064103253293623 0.011992373048071174 1.1237044799845541 0.022397393080706211 0.0084328301446424687 0.39964619758580427 -0.023235645263422807 0.91176081856327518 0.010320476997857876 -0.054113914626779329 0.21953301964175978
decision_type=2 2 2 2 2 2 2 2 2 2 2 2
left_child=1 3 8 4 -1 7 -7 10 -3 -5 -2 -9
right_child=5 2 -4 9 -6 6 -8 11 -10 -11 -12 -13
leaf_value=0.01453261102149914 -0.0089814010515969489 -0.028062727484637135 0.01124433280824925 -0.017621686212834876 -0.0038627537815849118 -0.009909568288393426 0.014751889003101629 -0.029362821482225587 -0.0018149514781332151 0.0036908332311317411 0.0091019346179022353 -0.0096029404518905553
leaf_weight=37.127801597118378 5.7625979483127594 7.5914280414581361 7.6441426128149024 6.4186490774154645 10.146344870328901 7.727871626615527 9.1173050403594953 7.0184096246957806 9.1285971254110319 7.6445364058017731 6.0825981795787794 14.375373631715773
leaf_count=167 31 35 37 31 47 35 42 31 47 36 29 63
internal_value=-0.00110729 0.0022581 -0.00686225 0.00621997 0.0102835 -0.00701955 0.00279128 -0.0122935 -0.0162585 -0.00608562 0 -0.0186826
internal_weight=135.786 85.7015 24.3642 61.3373 47.2741 50.0842 16.8452 33.239 16.72 14.0632 11.8452 21.3938
internal_count=631 400 119 281 214 231 77 154 82 67 60 94
is_linear=0
shrinkage=0.03


Tree=135
num_leaves=11
num_cat=0
split_feature=3 35 28 28 20 6 12 9 25 32
split_gain=3.52991 3.20197 5.33141 4.23111 3.97051 3.64507 2.97856 2.73808 3.41755 0.529486
threshold=0.011285076630146331 -0.0028213129801106236 2.5000000000000004 9.5000000000000018 0.01615251068289103 -0.014925718299369976 46.143648595172145 0.0093008006562584518 0.46240601503759404 0.00026283709928387472
decision_type=2 2 2 2 2 2 2 2 2 2
left_child=1 2 -1 4 -3 -4 -2 -8 -9 -5
right_child=6 3 5 9 -6 -7 7 8 -10 -11
leaf_value=0.011033261828677116 -0.021259426001984626 0.011258006584953101 0.0013797726815865414 0.025528053354180839 -0.0055334826941733041 -0.022824585797878744 0.0092821336575023162 -0.013029804283111523 0.0087038955101562711 0.0075137795606815194
leaf_weight=10.825236827135088 7.6201175302267066 21.782793760299683 7.3903181999921825 9.1946771070361155 24.183252818882465 11.358135461807249 10.906332880258558 21.069915957748893 6.6178302913904181 7.8548694849014273
leaf_count=49 37 95 35 42 112 56 49 100 32 36
internal_value=0.000368933 0.00382976 -0.00381435 0.0076549 0.00224872 -0.0133474 -0.00612491 -0.00186701 -0.00709342 0.0196764
internal_weight=138.803 92.5893 29.5737 63.0156 45.966 18.7485 46.2142 38.5941 27.6877 17.0495
internal_count=643 425 140 285 207 91 218 181 132 78
is_linear=0
shrinkage=0.03


Tree=136
num_leaves=13
num_cat=0
split_feature=3 35 28 8 28 26 12 26 12 35 0 36
split_gain=3.35351 3.03757 5.06968 4.33378 4.05059 2.87296 2.83952 2.60736 2.48829 2.11109 0.807214 0.577202
threshold=0.011285076630146331 -0.0028213129801106236 2.5000000000000004 -0.034507325998608791 9.5000000000000018 0.22016949152542376 57.10651494372167 0.28642149929278643 67.371754939611137 0.032854508578490156 0.0093443520214577819 0.0060592821187525608
decision_type=2 2 2 2 2 2 2 2 2 2 2 2
left_child=1 2 -1 -4 6 8 -3 -7 10 -9 -2 -6
right_child=5 4 3 -5 11 7 -8 9 -10 -11 -12 -13
leaf_value=0.010762544798000564 -0.026446077807030382 -0.0021101019206469784 0.0041797386840032843 -0.022668659399965214 0.024506046297597495 0.014751251519547114 0.013495848878337735 0.0026296652107571151 0 -0.015849978744871082 -0.0059220884408798845 0.006321390324920094
leaf_weight=10.815067484974863 7.9340451061725634 33.539994902908802 6.5640221834182766 12.128754757344721 9.9990253895521182 6.6898190379142788 12.412967145442961 10.570674538612367 7.2199277132749549 7.076630972325801 6.6491918712854385 7.0136461257934561
leaf_count=49 37 150 32 59 45 31 57 49 34 35 32 33
internal_value=0.000369731 0.00374695 -0.00369945 -0.0130231 0.00747395 -0.00596171 0.00217968 0.000659828 -0.0134174 -0.00487638 -0.0198356 0.0192518
internal_weight=138.614 92.4735 29.5078 18.6928 62.9656 46.1403 45.953 24.3371 21.8032 17.6473 14.5832 17.0127
internal_count=643 425 140 91 285 218 207 115 103 84 69 78
is_linear=0
shrinkage=0.03


Tree=137
num_leaves=8
num_cat=0
split_feature=23 14 38 38 9 37 2
split_gain=2.86032 3.22994 4.33917 5.00055 3.30001 2.88211 1.46361
threshold=0.75580864364143829 -45.709746130819433 0.012470750848002239 0.010483915746965312 -0.054994391517088938 -0.003508037666279384 -0.00063769386653705895
decision_type=2 2 2 2 2 2 2
left_child=6 4 3 -3 -2 -4 -1
right_child=1 2 5 -5 -6 -7 -8
leaf_value=0 0.00034058276493889589 0.0026257326764910112 0.0051269183028289965 0.019590989877891582 -0.024061555976795507 -0.017029035361249688 -0.016852000680410713
leaf_weight=7.1789231449365642 10.343181595206262 68.046370051801205 6.2725301161408451 19.877169288694859 5.878943294286727 11.021663293242453 9.7989759147167188
leaf_count=33 50 308 29 94 32 52 45
internal_value=0.000365764 0.00212904 0.00418014 0.00697836 -0.00934994 -0.00851727 -0.0103515
internal_weight=138.418 121.44 105.218 87.9235 16.2221 17.2942 16.9779
internal_count=643 565 483 402 82 81 78
is_linear=0
shrinkage=0.03


Tree=138
num_leaves=8
num_cat=0
split_feature=33 15 15 16 16 33 23
split_gain=3.39621 4.21235 7.2908 4.99986 4.7251 1.72158 1.68069
threshold=0.093736271119863143 -18.183703931745381 -3.5006454193717622 19.98617533870733 13.398824312513055 0.46536616161616168 0.94935735187356107
decision_type=2 2 2 2 2 2 2
left_child=-1 4 5 -4 6 -3 -2
right_child=1 2 3 -5 -6 -7 -8
leaf_value=0.01541480753982025 -0.0048527408529761111 0.0034183742970459296 0.0012184878150044637 -0.018990085328618473 0.0089356895406233067 0.026510776551975149 -0.023610700541044347
leaf_weight=10.400938816368578 11.263961046934133 7.0084345713257816 69.715454675257206 10.857916012406347 6.5362009406089774 9.5985210686922056 12.887901440262793
leaf_count=49 53 33 316 51 31 46 64
internal_value=0.000342527 -0.000986476 0.00198115 -0.00171712 -0.0103892 0.0189864 -0.0164761
internal_weight=138.269 127.868 97.1803 80.5734 30.6881 16.607 24.1519
internal_count=643 594 446 367 148 79 117
is_linear=0
shrinkage=0.03


Tree=139
num_leaves=11
num_cat=0
split_feature=3 41 22 5 12 16 11 3 26 36
split_gain=3.15959 2.86514 2.93551 4.09868 2.79517 2.66534 4.19597 2.29193 2.13912 1.384
threshold=0.011285076630146331 1.0000000180025095e-35 0.15671304213547291 -0.043897072982861544 46.143648595172145 8.122898710625897 -0.01540467708848786 -0.0099517107094484452 0.18027777777777779 0.0070279132975503622
decision_type=2 2 2 2 2 2 2 2 2 2
left_child=1 8 3 -3 -2 -6 -7 -4 -1 -10
right_child=4 2 7 -5 5 6 -8 -9 9 -11
leaf_value=-0.01617828140425575 -0.020532590016778467 0.020046438637807962 0.0011526745141878343 -0.0016440965183872689 0.0093187906629287349 0.010572732655871983 -0.013552866884569151 0.022662113637764991 -0.0066542297823919995 0.01012341711959612
leaf_weight=7.8101964816451099 7.5418151170015326 7.3700377270579329 8.90888709574938 42.080497212707996 10.880431592464445 6.6887340992689124 20.864117674529556 12.881165787577627 6.2231643646955472 6.8591372445225716
leaf_count=36 37 36 42 192 50 31 100 56 30 33
internal_value=0.000339247 0.0036271 0.00655615 0.00195068 -0.00581341 -0.0016813 -0.00686941 0.0153347 -0.00540554 0.0013238
internal_weight=138.108 92.1331 71.2406 49.4505 45.9751 38.4333 27.5529 21.7901 20.8925 13.0823
internal_count=643 425 326 228 218 181 131 98 99 63
is_linear=0
shrinkage=0.03


Tree=140
num_leaves=7
num_cat=0
split_feature=11 19 10 2 38 2
split_gain=3.85084 4.9288 5.62386 4.19776 3.49303 3.16532
threshold=0.029662690461003564 0.046779041662526076 0.017369366174516346 0.013786373466492254 0.0093770915457713922 0.021938025941787512
decision_type=2 2 2 2 2 2
left_child=1 -1 3 -3 -2 -4
right_child=4 2 5 -5 -6 -7
leaf_value=-0.019209699775867416 0.019727906180832398 0.0079011356583138341 -0.020995252312757721 -0.0077192884083815425 -0.0011853714967141721 0.0018017975505295355
leaf_weight=11.926511377096174 13.129394054412844 56.119404166936874 13.457304134964945 18.465362653136253 10.903314992785452 6.2853134274482718
leaf_count=54 60 267 62 89 48 30
internal_value=0 -0.00254859 0 0.00373744 0.0103015 -0.0135495
internal_weight=130.287 106.254 94.3274 74.5848 24.0327 19.7426
internal_count=610 502 448 356 108 92
is_linear=0
shrinkage=0.03


Tree=141
num_leaves=8
num_cat=0
split_feature=11 19 12 12 19 40 7
split_gain=3.65624 4.68548 5.10872 4.89956 2.76718 2.17867 3.36134
threshold=0.029662690461003564 0.046779041662526076 59.831527954417432 39.568739417682032 0.081165335690756416 0.046449879312089555 -0.0022680377830679851
decision_type=2 2 2 2 2 2 2
left_child=1 -1 3 -3 -4 6 -2
right_child=5 2 4 -5 -6 -7 -8
leaf_value=-0.018763674344227849 0.015646491256785029 -0.0053307944664064714 0 0.010626423832648347 -0.01852640165936182 0.020905033230676447 -0.0090590193382917919
leaf_weight=11.891783341765402 6.9853249937295905 25.761367559432983 12.039117075502874 41.541710413992405 14.875808745622633 8.3638448417186719 8.6459191888570803
leaf_count=54 30 128 56 193 71 39 39
internal_value=0 -0.00249692 0 0.00432452 -0.0106859 0.0100328 0.00165316
internal_weight=130.105 106.11 94.218 67.3031 26.9149 23.9951 15.6312
internal_count=610 502 448 321 127 108 69
is_linear=0
shrinkage=0.03


Tree=142
num_leaves=8
num_cat=0
split_feature=11 19 10 15 2 23 40
split_gain=3.49499 4.45458 5.13136 4.09917 3.04241 2.43686 1.43009
threshold=0.029662690461003564 0.046779041662526076 0.017369366174516346 -18.183703931745381 0.021938025941787512 0.83825776659091 0.046449879312089555
decision_type=2 2 2 2 2 2 2
left_child=1 -1 3 -3 -4 -2 -7
right_child=5 2 4 -5 -6 6 -8
leaf_value=-0.018329180867402647 -0.0026111857100294946 -0.0042405184498147666 -0.020368108733466568 0.0094703942891453362 0.0019754372915995544 0.004507430053752504 0.025080405489871879
leaf_weight=11.856417298316954 7.2854401171207455 31.375734224915504 13.341091915965082 43.143297962844372 6.2640043795108786 9.6268798261880892 7.0300690531730643
leaf_count=54 33 155 62 201 30 42 33
internal_value=0 -0.00244606 0 0.00354153 -0.0130129 0.00981556 0.015752
internal_weight=129.923 105.981 94.1241 74.519 19.6051 23.9424 16.6569
internal_count=610 502 448 356 92 108 75
is_linear=0
shrinkage=0.03


Tree=143
num_leaves=7
num_cat=0
split_feature=15 35 20 10 14 16
split_gain=3.07693 5.1512 4.26625 3.87779 2.60803 1.12114
threshold=54.350490189900604 -0.056255757477277006 0.016189799197026986 0.025832727703622885 -47.304957325670323 0.4799792018179479
decision_type=2 2 2 2 2 2
left_child=1 5 -2 4 -3 -1
right_child=2 3 -4 -5 -6 -7
leaf_value=0.0015462818904155664 0.026741218644576271 -0.015265733598321859 0 -0.021403256998034123 -2.7609540734370582e-05 0.02219150003599131
leaf_weight=6.2052850648760778 6.6156228184700039 9.9223373681306821 11.49868683516979 9.0711201727390272 80.157699130475521 6.245229572057724
leaf_count=30 31 54 51 44 370 30
internal_value=0 -0.0019856 0.0107428 -0.00446094 -0.00216411 0.0145781
internal_weight=129.716 111.602 18.1143 99.1512 90.08 12.4505
internal_count=610 528 82 468 424 60
is_linear=0
shrinkage=0.03


Tree=144
num_leaves=10
num_cat=0
split_feature=35 36 1 4 21 4 6 12 28
split_gain=2.69073 4.27245 4.06284 4.09798 4.04896 3.06108 2.92176 2.14519 1.85617
threshold=-0.056255757477277006 0.0067321795170828909 -0.01500358125411627 0.0079692345656995362 0.013827292444050074 -0.014799578799578826 0.0044155325729905342 38.751253913730743 6.5000000000000009
decision_type=2 2 2 2 2 2 2 2 2
left_child=7 2 8 -4 5 -3 -6 -1 -2
right_child=1 4 3 -5 6 -7 -8 -9 -10
leaf_value=-0.00023638637041928438 -0.021455735452703458 -0.00056058813033218644 0.012311003233976856 -0.0018642345599787927 0.014438048950793002 -0.026619244153773806 -0.0091877540212553285 0.019718463819771086 0
leaf_weight=6.3696062713861457 6.2872463837265951 7.4551887214183816 33.664730839431286 33.728914856910706 6.5305546671152106 12.434980593621731 8.2275079786777479 8.3478599637746793 6.484000951051712
leaf_count=31 31 35 160 157 31 58 39 39 29
internal_value=0 -0.00167677 0.00200186 0.00515121 -0.010242 -0.0184808 0.000847159 0.0111898 -0.012049
internal_weight=129.531 114.813 80.1649 67.3936 34.6482 19.8902 14.7581 14.7175 12.7712
internal_count=610 540 377 317 163 93 70 70 60
is_linear=0
shrinkage=0.03


Tree=145
num_leaves=11
num_cat=0
split_feature=15 15 23 33 33 32 21 11 12 12
split_gain=3.63236 6.58603 4.22536 3.41006 3.30013 3.24956 3.17045 3.36174 2.20541 4.87584
threshold=21.285308630129396 37.17341402830408 0.87241550449795235 0.62400159744408956 0.76982332703898193 1.0000000180025095e-35 0.018752165658725096 -0.012395229651450455 39.568739417682032 51.286742303339828
decision_type=2 2 2 2 2 2 2 2 2 2
left_child=5 2 -2 -3 -5 6 7 -1 -7 -10
right_child=1 3 -4 4 -6 8 -8 -9 9 -11
leaf_value=-0.0054613124217992703 0 0.014257621331251046 -0.03166442919639495 -0.019984907111085744 0.002947063648251101 -0.012617579569666564 0.026693903125224589 0.01200157222678384 0.014820588431712883 -0.0063810030128439209
leaf_weight=13.897027730941771 6.2937031835317603 10.646150007843973 9.5393239557743055 6.5772497057914761 12.964553833007811 10.192929752171038 6.5633374899625769 22.191275238990784 14.166224062442778 21.910450950264931
leaf_count=63 29 45 47 30 60 50 40 100 66 100
internal_value=0.000227121 -0.00633423 -0.0208695 0.00164627 -0.00521377 0.00385255 0.00967722 0.00494941 -0.00138441 0.00189145
internal_weight=134.942 46.021 15.833 30.188 19.5418 88.9212 42.6516 36.0883 46.2696 36.0767
internal_count=630 211 76 135 90 419 203 163 216 166
is_linear=0
shrinkage=0.03


Tree=146
num_leaves=11
num_cat=0
split_feature=14 15 20 13 20 21 37 35 19 15
split_gain=4.36361 5.00771 5.20924 3.16766 3.02987 4.05411 3.57775 2.55391 2.42018 0.836274
threshold=4.7196745320757154 -17.35506126362878 0.01578369437986955 -0.81264728999338576 0.015514471753375265 0.011093386981723406 0.052660884431412265 0.050903729918426406 0.092062457975935319 -4.7973687572418742
decision_type=2 2 2 2 2 2 2 2 2 2
left_child=1 2 -1 -4 5 -2 7 -6 9 -3
right_child=4 8 3 -5 6 -7 -8 -9 -10 -11
leaf_value=-0.016667640203199219 -0.0058370732357981526 0.024843866669750254 0.017299808228447559 -0.0027830675494292527 0.0010640651807213783 0.017845513671269523 -0.022244967707194981 -0.015291358531561687 0 0.0075310009668076638
leaf_weight=11.557047821581362 13.180311389267446 12.575474955141548 10.463585585355759 12.948462963104248 27.373452886939049 8.917372137308119 11.739935979247091 9.558204844594 6.5505541115999213 9.7633007615804672
leaf_count=56 59 59 50 64 122 41 54 45 34 46
internal_value=0.000213507 0.00590787 -0.0014052 0.00625747 -0.00473981 0.00378532 -0.00890301 -0.00335165 0.0147634 0.0191341
internal_weight=134.628 63.8584 34.9691 23.412 70.7693 22.0977 48.6716 36.9317 28.8893 22.3388
internal_count=630 309 170 114 321 100 221 167 139 105
is_linear=0
shrinkage=0.03


Tree=147
num_leaves=7
num_cat=0
split_feature=37 1 0 26 40 14
split_gain=4.18648 4.59028 4.09286 5.86548 4.47034 0.871779
threshold=0.066194649529017338 0.019833430912606923 -0.0063101237407749413 0.23166368515205729 -0.022927402449733399 4.7196745320757154
decision_type=2 2 2 2 2 2
left_child=1 2 4 -4 -1 -3
right_child=-2 5 3 -5 -6 -7
leaf_value=-0.0068588212815542645 -0.015602867624450494 0.023060702569185559 -0.013303923248375217 0.0030734005953146721 0.014974576525486588 0.0039167316512218487
leaf_weight=10.000843331217764 11.410176217555998 7.9439623206853849 33.009158685803413 41.2243722230196 23.944702483713627 6.8190170675516129
leaf_count=47 53 38 155 196 109 32
internal_value=0.000204655 0.00201807 -0.000106318 -0.00417026 0.00810112 0.0166353
internal_weight=134.352 122.942 108.179 74.2335 33.9455 14.763
internal_count=630 577 507 351 156 70
is_linear=0
shrinkage=0.03


Tree=148
num_leaves=6
num_cat=0
split_feature=37 19 15 15 21
split_gain=3.98888 3.21831 3.15549 8.22221 4.93101
threshold=0.066194649529017338 0.041804600706019511 21.900594822530156 47.857557613968929 0.0095161021284300065
decision_type=2 2 2 2 2
left_child=1 -1 4 -4 -3
right_child=-2 2 3 -5 -6
leaf_value=-0.011853279306685539 -0.015246207109002125 0.029813723738685349 -0.019361857489818765 0.0084577615771748299 0.0041691988660406366
leaf_weight=11.163849264383314 11.374123968183993 5.9914768338203421 14.760706193745134 19.698279693722725 71.229243010282516
leaf_count=50 53 27 70 88 342
internal_value=0.000202793 0.0019747 0.00367316 -0.00345593 0.00705072
internal_weight=134.218 122.844 111.68 34.459 77.2207
internal_count=630 577 527 158 369
is_linear=0
shrinkage=0.03


Tree=149
num_leaves=10
num_cat=0
split_feature=14 11 7 8 20 20 4 37 13
split_gain=3.93924 3.2856 4.06729 4.3676 2.99367 2.80098 2.57595 2.98919 2.29946
threshold=4.7196745320757154 0.028928506720424133 -0.006652913671270363 0.017480590540455681 0.014802216121508954 0.016189799197026986 -0.041233141739804351 -0.0097863910576237428 -1.7062815286774364
decision_type=2 2 2 2 2 2 2 2 2
left_child=4 2 -2 -4 -1 -3 8 -8 -6
right_child=1 5 3 -5 6 -7 7 -9 -10
leaf_value=-0.0073710364154822633 -0.025313118504325691 0.014431000652446704 0.0068598955130843835 -0.012516217481385497 0.0083776437715789992 -0.0043531180885076149 0 0.017116511496510497 -0.013284214663354998
leaf_weight=10.415803074836729 9.1865664869546872 10.618762969970705 16.507982477545738 20.944574542343616 6.6052090898156166 13.193106427788733 11.090624094009394 28.895815365016464 6.5728400275111181
leaf_count=52 41 48 74 99 33 59 53 137 34
internal_value=0.000191739 -0.00451918 -0.00911578 -0.00368079 0.00561909 0.00391153 0.00861096 0.012309 -0.00176519
internal_weight=134.031 70.451 46.6391 37.4526 63.5803 23.8119 53.1645 39.9864 13.178
internal_count=630 321 214 173 309 107 257 190 67
is_linear=0
shrinkage=0.03


Tree=150
num_leaves=11
num_cat=0
split_feature=27 24 40 19 40 20 38 3 34 25
split_gain=3.25563 4.80706 3.14372 3.84108 3.39606 2.70294 4.67179 2.37539 1.73403 0.588454
threshold=1.5000000000000002 0.58300524934383213 0.038752327677625382 0.11782954948191203 0.01983110729840987 0.018599693717755526 0.010213648501888007 -0.011148980349153235 -0.0019642055284313504 0.12104562104562107
decision_type=2 2 2 2 2 2 2 2 2 2
left_child=2 5 4 -4 7 8 -7 -1 -2 -3
right_child=1 9 3 -5 -6 6 -8 -9 -10 -11
leaf_value=-0.01522707792949304 0.019103987190200369 -0.00064426678562042267 0.014066627829825618 -0.011410648246115814 -0.025896746229598651 -0.015447474448106688 0.0089422492253578133 0.0020016145833076848 0.0050683446449486707 -0.015333567173351903
leaf_weight=8.9266749769449252 16.728379428386688 6.5035613179206839 11.018883109092714 6.6488779485225669 8.4762458950281125 9.4951986670494097 16.277952246367931 16.6850181594491 24.350374013185501 8.2418073862791044
leaf_count=43 73 31 52 32 38 46 82 79 111 39
internal_value=-8.4787e-06 0.00358495 -0.00587546 0.00353078 -0.0110918 0.00714888 0 -0.004128 0.0117538 -0.0106013
internal_weight=133.353 81.5973 51.7557 17.6678 34.0879 66.8519 25.7732 25.6117 41.0788 14.7454
internal_count=626 382 244 84 160 312 128 122 184 70
is_linear=0
shrinkage=0.03


Tree=151
num_leaves=11
num_cat=0
split_feature=27 7 18 7 19 36 38 37 23 21
split_gain=3.09096 3.38855 4.61794 3.07286 2.77938 3.53551 2.66283 2.88802 1.90362 1.46268
threshold=1.5000000000000002 -0.0036537666210422807 0.87650547559544567 0.0046030032578449837 0.11580629336829047 0.0059705961288365802 0.0071439465349373158 -0.021612074103951436 0.82796537091079603 0.01294333334660259
decision_type=2 2 2 2 2 2 2 2 2 2
left_child=1 9 8 6 5 -5 -2 -8 -3 -1
right_child=3 2 -4 4 -6 -7 7 -9 -10 -11
leaf_value=-0.023463891054505828 -0.0059731517621162611 -0.0031044234570511892 -0.017826347767614544 0.001108405298265402 0.0096015480754145215 -0.018865217196163266 -0.001664488164938061 0.016106297799733698 0.012164108011363093 -0.0039967910238710149
leaf_weight=8.8045264482498187 6.8302467614412299 8.9205849692225474 7.4960804879665366 15.516928717494013 9.3088528439402562 11.720737293362616 8.7022651731967908 29.462928920984268 16.561840251088142 9.9246674925088865
leaf_count=42 33 42 38 71 45 54 41 138 75 47
internal_value=-2.38388e-05 -0.00574538 0 0.00347546 -0.00261622 -0.00767602 0.00864324 0.0117997 0.00643634 -0.0152527
internal_weight=133.25 51.7077 32.9785 81.542 36.5465 27.2377 44.9954 38.1652 25.4824 18.7292
internal_count=626 244 155 382 170 125 212 179 117 89
is_linear=0
shrinkage=0.03


Tree=152
num_leaves=14
num_cat=0
split_feature=27 7 16 16 7 34 34 1 17 37 13 35 9
split_gain=2.94779 3.22703 4.81915 3.71323 2.88856 3.50775 4.78493 2.87643 3.52737 3.15667 2.43309 2.04679 1.27179
threshold=1.5000000000000002 -0.0036537666210422807 8.122898710625897 1.7157537150589237 0.0046030032578449837 -0.002991407225890141 -0.030156584308748676 0.0084328301446424687 3.118678428097525 0.03403167538781094 -0.64412864562811467 0.013860247276322292 -0.025100749320725601
decision_type=2 2 2 2 2 2 2 2 2 2 2 2 2
left_child=1 12 3 -3 5 6 -2 9 -9 -6 -7 -4 -1
right_child=4 2 11 -5 7 10 -8 8 -10 -11 -12 -13 -14
leaf_value=-0.0037173255632931205 -0.0013777577203093626 -1.1801929236826211e-05 0 0.025118021009245404 -0.023066085075038684 0.0083238730927788548 0.027507102856274297 0.018532031202032062 -0.0041993641449650952 0.0012513623284384537 -0.0087312674200526776 -0.020944617536591749 -0.022257207914729314
leaf_weight=9.3878495395183581 6.3434912413358715 10.574738822877409 8.4686020761728269 6.6948270648717871 7.9766384214162809 15.301133975386621 12.195594295859335 7.4410416632890728 14.26199811697006 6.8137932419776917 11.098785184323786 7.1993735805153838 9.2984584867954236
leaf_count=47 29 49 41 30 35 73 57 34 69 32 53 35 42
internal_value=-4.59718e-05 -0.00563957 0 0.0105476 0.00337047 0.00838594 0.0177215 -0.00253085 0.00386751 -0.0121553 0.000515616 -0.0111422 -0.014928
internal_weight=133.056 51.6238 32.9375 17.2696 81.4325 44.939 18.5391 36.4935 21.703 14.7904 26.3999 15.668 18.6863
internal_count=626 244 155 79 382 212 86 170 103 67 126 76 89
is_linear=0
shrinkage=0.03


Tree=153
num_leaves=8
num_cat=0
split_feature=24 17 15 3 40 32 25
split_gain=2.85327 3.01275 3.23496 3.07481 3.29872 2.4453 1.84216
threshold=-0.79698822463768104 -2.5011681574402345 5.9333059565392414 0.030198032177104043 0.040513827669366627 -0.0068670894702154142 0.36435786435786438
decision_type=2 2 2 2 2 2 2
left_child=-1 2 -2 4 -3 -4 -5
right_child=1 3 5 6 -6 -7 -8
leaf_value=0.012885355260319429 0.0061271946116506935 0 0 -0.014835526342297534 0.013639833975814097 -0.021999242861480868 0.0023607338544713165
leaf_weight=11.570603772997854 6.1238320022821453 54.906276002526283 7.1447559595108077 13.2553598433733 19.836001671850681 14.041304394602772 5.9845025762915602
leaf_count=53 31 255 32 63 96 66 30
internal_value=-5.38618e-05 -0.00159885 -0.0100429 0.000856732 0.00377501 -0.0154892 -0.00906183
internal_weight=132.863 121.292 27.3099 93.9821 74.7423 21.1861 19.2399
internal_count=626 573 129 444 351 98 93
is_linear=0
shrinkage=0.03


Tree=154
num_leaves=14
num_cat=0
split_feature=27 7 16 16 7 34 34 1 17 37 13 35 21
split_gain=2.81145 3.0572 4.54196 3.57088 2.70901 3.32331 4.59179 2.75881 3.30374 3.02156 2.31633 1.95612 1.46037
threshold=1.5000000000000002 -0.0036537666210422807 8.122898710625897 1.7157537150589237 0.0046030032578449837 -0.002991407225890141 -0.030156584308748676 0.0084328301446424687 3.118678428097525 0.03403167538781094 -0.64412864562811467 0.013860247276322292 0.01294333334660259
decision_type=2 2 2 2 2 2 2 2 2 2 2 2 2
left_child=1 12 3 -3 5 6 -2 9 -9 -6 -7 -4 -1
right_child=4 2 11 -5 7 10 -8 8 -10 -11 -12 -13 -14
leaf_value=-0.022742994189067701 -0.0013926688752535347 -8.6452522389688613e-05 0 0.024554943506898304 -0.022573800105082281 0.008118624544708939 0.026889520317161453 0.018020393883681991 -0.003961907139565549 0.0012071213789080412 -0.0085310236801966546 -0.02047342967626712 -0.0034954487941672393
leaf_weight=8.7296919077634829 6.3368059843778637 10.573174357414247 8.4529822915792447 6.664790838956832 7.9418422132730466 15.276276886463167 12.128115266561506 7.4435979127883938 14.24290572106838 6.8067391514778137 11.087803319096563 7.1553762629628173 9.8983812332153303
leaf_count=42 29 49 41 30 35 73 57 34 69 32 53 35 47
internal_value=-4.6437e-05 -0.00552006 0 0.0102234 0.00328984 0.0081551 0.0172631 -0.00241888 0.00383444 -0.0118693 0.000479735 -0.0108609 -0.0145731
internal_weight=132.738 51.4744 32.8463 17.238 81.2641 44.829 18.4649 36.4351 21.6865 14.7486 26.3641 15.6084 18.6281
internal_count=626 244 155 79 382 212 86 170 103 67 126 76 89
is_linear=0
shrinkage=0.03


Tree=155
num_leaves=8
num_cat=0
split_feature=37 40 5 38 36 9 36
split_gain=3.57127 3.36284 3.90958 3.94721 2.40704 5.02432 2.58068
threshold=0.066194649529017338 0.051335276987570573 0.045707291743436691 0.010187199206037384 0.004873044542472795 0.036250844025305491 0.0055655623252256672
decision_type=2 2 2 2 2 2 2
left_child=1 4 3 -3 5 -1 -6
right_child=-2 2 -4 -5 6 -7 -8
leaf_value=0.012980109805142998 -0.014259218201209454 -0.011801304346916439 0.027506266086798362 0.015280299065703823 -0.014802064061488636 -0.013226565688250067 -0.00030003033558118931
leaf_weight=23.479987591505054 11.424646712839602 7.3872133791446704 7.250898450613021 7.7501880154013634 12.699300594627855 6.5899954885244361 54.199756726622581
leaf_count=106 55 35 35 40 61 31 256
internal_value=0.000293055 0.00202161 0.0120001 0.00135402 -0.000326615 0.00630237 -0.00362039
internal_weight=130.782 119.357 22.3883 15.1374 96.969 30.07 66.8991
internal_count=619 564 110 75 454 137 317
is_linear=0
shrinkage=0.03


Tree=156
num_leaves=11
num_cat=0
split_feature=27 10 10 28 35 41 12 19 8 14
split_gain=2.25497 3.20438 4.6211 3.21061 2.89275 2.27029 3.11747 2.64549 1.92855 1.62757
threshold=1.5000000000000002 -0.01725506053312947 0.011355377387418099 7.5000000000000009 -0.0028213129801106236 1.0000000180025095e-35 59.831527954417432 0.056716861012385912 0.038335950806766453 -47.304957325670323
decision_type=2 2 2 2 2 2 2 2 2 2
left_child=5 9 3 -3 -4 -1 7 -7 -8 -2
right_child=1 2 4 -5 -6 6 8 -9 -10 -11
leaf_value=-0.018018762696512571 0.0010542968428301574 -0.013842304870369316 -0.002907194731677251 0.0023463141096987162 0.016110432590779981 -0.007607250926151222 -0.019884511246653292 0.010335379908467165 0 0.022444614782082789
leaf_weight=7.3673360943794242 7.1533215641975394 20.511222831904888 8.6147694587707537 18.068208016455173 17.80216284096241 8.5701286941766757 8.2417796701192838 19.696569584310055 6.022390976548194 8.5653172358870489
leaf_count=35 37 94 39 85 84 39 40 92 31 43
internal_value=0.000275083 0.00345072 0.000128982 -0.00614895 0.00961266 -0.0045078 -0.00112638 0.00425658 -0.0119275 0.0147745
internal_weight=130.613 80.715 64.9964 38.5794 26.4169 49.8982 42.5309 28.2667 14.2642 15.7186
internal_count=619 382 302 179 123 237 202 131 71 80
is_linear=0
shrinkage=0.03


Tree=157
num_leaves=7
num_cat=0
split_feature=37 40 19 36 18 31
split_gain=3.37042 3.2053 6.09732 2.23149 4.64687 4.04361
threshold=0.066194649529017338 0.051335276987570573 0.071559445169664573 0.004873044542472795 0.72786116715412619 -2.4999999999999996
decision_type=2 2 2 2 2 2
left_child=1 3 -3 4 -1 -5
right_child=-2 2 -4 5 -6 -7
leaf_value=0.012409369107261299 -0.013901901303654124 -0.0073772687512195364 0.022363114241927922 0.015052835122771021 -0.012924073468885669 -0.006321272738754543
leaf_weight=23.583311475813392 11.372235052287577 7.6862044036388424 14.579787619411944 6.90775442123413 6.4420465677976599 59.894693747162819
leaf_count=106 55 37 73 33 31 284
internal_value=0.000261345 0.00194493 0.0117167 -0.000342 0.00603794 -0.00351973
internal_weight=130.466 119.094 22.266 96.8278 30.0254 66.8024
internal_count=619 564 110 454 137 317
is_linear=0
shrinkage=0.03


Tree=158
num_leaves=8
num_cat=0
split_feature=37 40 15 38 20 20 40
split_gain=3.20935 3.03276 2.44886 4.42097 1.85768 3.59386 2.44326
threshold=0.066194649529017338 0.051335276987570573 35.534408167096707 0.010213648501888007 0.020611776940075394 0.018599693717755526 -0.01725763975552624
decision_type=2 2 2 2 2 2 2
left_child=1 4 3 -3 5 -1 -6
right_child=-2 2 -4 -5 6 -7 -8
leaf_value=0.00015146511493315348 -0.01358772947467315 -0.01055854066726983 0.025131379587405907 0.017396277492455144 -0.0028937580903198169 -0.016260818413327053 0.01533505982997028
leaf_weight=63.104781560599804 11.332969740033148 7.9378789067268398 6.2207604199647895 8.0359819754958135 9.5938975811004656 12.348890855908392 11.705121926963328
leaf_count=290 55 38 31 41 49 60 55
internal_value=0.000251351 0.00189681 0.0114182 0.00304104 -0.000322469 -0.00269146 0.00693673
internal_weight=130.28 118.947 22.1946 15.9739 96.7527 75.4537 21.299
internal_count=619 564 110 79 454 350 104
is_linear=0
shrinkage=0.03


Tree=159
num_leaves=6
num_cat=0
split_feature=37 10 3 21 24
split_gain=3.05868 3.41431 3.25251 3.36614 2.68143
threshold=0.066194649529017338 0.034846065483576168 -0.023395745410842491 0.012092205838341624 0.65301003344481623
decision_type=2 2 2 2 2
left_child=1 2 3 -1 -4
right_child=-2 -3 4 -5 -6
leaf_value=-0.0027951892808252337 -0.01328064548152039 0.017702507015784151 -0.0047718912950148809 0.018435048348833888 0.0090823188880073975
leaf_weight=9.0645725131034869 11.294009588658808 9.1293445080518705 74.324051432311535 13.723137579858301 12.589567765593527
leaf_count=43 55 44 347 69 61
internal_value=0.000247422 0.00185585 0.000109455 0.00984073 -0.00243723
internal_weight=130.125 118.831 109.701 22.7877 86.9136
internal_count=619 564 520 112 408
is_linear=0
shrinkage=0.03


Tree=160
num_leaves=11
num_cat=0
split_feature=5 24 9 15 24 5 4 15 24 36
split_gain=2.52201 3.99651 3.21019 2.99956 6.91088 2.97019 2.82869 2.41446 1.05119 0.652505
threshold=0.036763783673131607 -0.42264957264957259 0.034308362345072611 21.900594822530156 -0.10762548262548262 0.078933253752320423 -0.0021206006472631596 19.063794620236436 -0.7919005613472333 0.0057597403645086856
decision_type=2 2 2 2 2 2 2 2 2 2
left_child=1 7 -2 4 -3 -4 -5 8 -1 -7
right_child=2 3 5 6 -6 9 -8 -9 -10 -11
leaf_value=-0.0041999586741441009 0.017647812443186899 0.022960793897771239 -0.010719318165929748 0.0019029449625988044 -0.0015610697304240264 0.014310849499920709 -0.019868302818714944 0 -0.022519584719576956 0
leaf_weight=7.5852235704660442 10.945185691118239 11.198200672864912 11.759398736059667 7.660006612539294 42.868510089814663 6.2123809084296209 9.0617409497499448 8.5887204259634 13.400467887520792 5.9418001770973206
leaf_count=35 49 55 59 33 207 30 45 38 64 30
internal_value=-0.001018 -0.00351816 0.00557362 0.000228096 0.00388819 -0.000309386 -0.0099561 -0.0124066 -0.0174922 0.00879416
internal_weight=135.222 100.363 34.8588 70.7885 54.0667 23.9136 16.7217 29.5744 20.9857 12.1542
internal_count=645 477 168 340 262 119 78 137 99 60
is_linear=0
shrinkage=0.03


Tree=161
num_leaves=9
num_cat=0
split_feature=20 20 23 20 22 5 40 25
split_gain=2.43176 2.90519 4.24036 5.41604 2.60772 1.71524 1.38022 1.33911
threshold=0.013837074079011401 0.021233242169317556 1.1237044799845541 0.018445924517624095 -0.21947971367321426 0.010613431269410058 0.05610276351085975 0.25108695652173918
decision_type=2 2 2 2 2 2 2 2
left_child=5 2 3 -2 -3 -1 -4 -6
right_child=1 4 6 -5 7 -7 -8 -9
leaf_value=-0.0011252947382625067 0.0035215247220900052 0.019729715843747778 -0.022514422919879783 -0.013654992475960843 -0.0066639758007646282 0.015289027096241041 -0.0018154576642059783 0.0080350294466220648
leaf_weight=7.1037018150091198 51.700970187783241 6.3516821488738087 12.63999565690756 21.555070176720619 10.987102366983892 10.798101171851156 6.1817191839218131 7.7342792600393286
leaf_count=32 240 34 63 104 53 49 30 40
internal_value=-0.000985955 -0.00269032 -0.00522971 -0.0015618 0.00577865 0.00856335 -0.0172639 0
internal_weight=135.053 117.151 92.0778 73.256 25.0731 17.9018 18.8217 18.7214
internal_count=645 564 437 344 127 81 93 93
is_linear=0
shrinkage=0.03


Tree=162
num_leaves=11
num_cat=0
split_feature=5 25 38 4 0 36 38 16 20 36
split_gain=2.40604 3.93694 3.71976 3.07156 2.97974 2.75849 2.73942 2.61407 3.28832 2.31668
threshold=0.036763783673131607 0.23368794326241138 0.011636098727044247 0.0079692345656995362 0.0066634122836560792 0.0074965196328877605 0.010738548210211953 23.613040754740876 0.018048430206511163 0.0061835271373494672
decision_type=2 2 2 2 2 2 2 2 2 2
left_child=1 5 7 4 -3 9 -5 8 -2 -1
right_child=2 3 -4 6 -6 -7 -8 -9 -10 -11
leaf_value=-0.0064117065925617719 0.025246063064136345 0.012915116494097933 -0.008877333857962794 -0.015858560697166804 -0.0071615700615839774 0.0022940177570009092 0.0059408603358857073 -0.0030295416365947402 0 -0.02333619455042071
leaf_weight=28.345208488404751 11.836457438766962 24.720591306686405 9.0698674246668798 10.150344096124174 6.3746400326490393 12.128238573670385 6.3606586754322043 6.2079144716262809 7.6540143489837638 12.043205067515371
leaf_count=135 57 119 45 47 31 55 32 30 36 58
internal_value=-0.000957306 -0.00340533 0.00548614 0.00256231 0.00816202 -0.00898568 -0.00691575 0.011372 0.0165121 -0.0126752
internal_weight=134.891 100.123 34.7683 47.6062 31.0952 52.5167 16.511 25.6984 19.4905 40.3884
internal_count=645 477 168 229 150 248 79 123 93 193
is_linear=0
shrinkage=0.03


Tree=163
num_leaves=9
num_cat=0
split_feature=20 20 15 11 4 14 14 35
split_gain=2.27934 2.82739 2.93951 4.66992 3.55071 2.36436 3.17994 1.64829
threshold=0.013837074079011401 0.021233242169317556 35.534408167096707 -0.035497863641637976 -0.0040179580905418946 27.65620669460532 -47.304957325670323 0.014752023384207781
decision_type=2 2 2 2 2 2 2 2
left_child=7 2 3 -2 -4 6 -3 -1
right_child=1 5 4 -5 -6 -7 -8 -9
leaf_value=-0.0008810061366910679 0.0089272539528960325 -0.0030887386839622763 0.017367100961407561 -0.011979793964506078 -0.0039836925989547292 -0.0049392737161322049 0.021093726518254832 0.015116942510439914
leaf_weight=7.4107864797115353 9.1961168199777585 5.7321901917457607 8.1243185102939623 55.196604117751122 19.303275227546692 8.8245120346546155 10.471824489533903 10.459410324692724
leaf_count=34 42 31 34 268 93 42 54 47
internal_value=-0.000939899 -0.00259623 -0.00510858 -0.00858909 0.0025814 0.00576166 0.0123157 0.00830677
internal_weight=134.719 116.849 91.8203 64.3927 27.4276 25.0285 16.204 17.8702
internal_count=645 564 437 310 127 127 85 81
is_linear=0
shrinkage=0.03


Tree=164
num_leaves=11
num_cat=0
split_feature=5 25 38 38 16 5 25 35 34 16
split_gain=2.25877 3.7294 3.53915 2.92931 2.49906 2.48322 2.24535 3.30807 2.09535 1.45215
threshold=0.036763783673131607 0.23368794326241138 0.011636098727044247 0.0073506276994447098 23.613040754740876 0.01446620439780111 0.080863121185701839 0.018823071836426179 0.016229913177655656 2.5734617192173457
decision_type=2 2 2 2 2 2 2 2 2 2
left_child=1 6 4 -3 9 -5 7 -1 -8 -2
right_child=2 3 -4 5 -6 -7 8 -9 -10 -11
leaf_value=0.01013650935932001 0.0013510374873511948 -0.010098338399525968 -0.00866378276317732 0.011087222053725367 -0.0029587136687362669 -0.0048953316174022684 -0.019000464152781161 -0.011594359348307768 -0.0011876545060324497 0.021523438192921594
leaf_weight=10.394970349967481 6.6048059314489427 9.9961012452840787 9.0355385765433294 28.015763178467751 6.1890421882271758 9.5001552626490575 20.209146358072761 10.686971083283423 11.08529160171747 12.842112906277178
leaf_count=49 30 48 45 137 30 44 97 49 53 63
internal_value=-0.000896212 -0.00327443 0.0053513 0.00253178 0.0111033 0.00661744 -0.00871666 -0.00027968 -0.0135916 0.0161365
internal_weight=134.56 99.8884 34.6715 47.512 25.636 37.5159 52.3764 21.0819 31.2944 19.4469
internal_count=645 477 168 229 123 181 248 98 150 93
is_linear=0
shrinkage=0.03


Tree=165
num_leaves=5
num_cat=0
split_feature=3 3 33 18
split_gain=4.04229 3.05162 5.92465 7.17804
threshold=0.046349725477275235 0.030198032177104043 0.84280125942181094 0.71247667764855571
decision_type=2 2 2 2
left_child=1 2 3 -1
right_child=-2 -3 -4 -5
leaf_value=0.0013584621498300238 0.017325634962258387 -0.014790446268159596 0.017996193815528524 -0.019491783609576693
leaf_weight=85.298416219651699 9.7344414144754392 11.103019014000891 13.174582011997698 15.727360256016253
leaf_count=407 46 55 64 73
internal_value=0.00040606 -0.00104209 0.000397059 -0.00205722
internal_weight=135.038 125.303 114.2 101.026
internal_count=645 599 544 480
is_linear=0
shrinkage=0.03


Tree=166
num_leaves=10
num_cat=0
split_feature=38 38 14 20 38 20 28 23 24
split_gain=2.20994 4.35393 5.33905 4.0897 4.03886 2.89953 2.34524 2.31384 0.99153
threshold=0.0071439465349373158 0.0091643762913822414 52.448159687390678 0.019415070518799215 0.0058501778705627406 0.015514471753375265 8.5000000000000018 0.97020337440359172 -0.064393939393939378
decision_type=2 2 2 2 2 2 2 2 2
left_child=4 5 3 -3 -1 6 -2 -7 -6
right_child=1 2 -4 -5 8 7 -8 -9 -10
leaf_value=0.0082900626309083299 0.028360138047584388 -0.0051377234740523072 -0.019153447311798303 0.010070649836595561 -0.0041138454542377799 -0.0046629532568082917 0.0022396439469107056 0.011828096396177585 -0.023344050715382994
leaf_weight=7.0471124947071102 8.7728612869977933 33.12477096170187 11.614984840154646 26.488716460764408 7.7096578925848016 14.27845546603203 6.7631242275238028 11.615744471549986 7.5059493929147694
leaf_count=32 41 153 55 137 37 66 30 54 40
internal_value=0.00039514 0.00223231 -0.00210759 0.00148407 -0.00770113 0.00979247 0.019397 0.0025146 -0.0160814
internal_weight=134.921 112.659 71.2285 59.6135 22.2627 41.4302 15.536 25.8942 15.2156
internal_count=645 536 345 290 109 191 71 120 77
is_linear=0
shrinkage=0.03


Tree=167
num_leaves=5
num_cat=0
split_feature=3 3 11 38
split_gain=3.79978 2.88092 4.67262 4.66593
threshold=0.046349725477275235 0.030198032177104043 -0.03973225712061889 0.015091371476366125
decision_type=2 2 2 2
left_child=1 2 -1 -4
right_child=-2 -3 3 -5
leaf_value=0.019164741465574387 0.016795814106662369 -0.014401555217378785 0.00034330220811854369 -0.021993809239052722
leaf_weight=8.9159857779741269 9.7244056463241559 11.06086555868387 97.924499407410622 7.0958144590258589
leaf_count=45 46 55 463 36
internal_value=0.000382375 -0.00102083 0.000374816 -0.00140859
internal_weight=134.722 124.997 113.936 105.02
internal_count=645 599 544 499
is_linear=0
shrinkage=0.03


Tree=168
num_leaves=8
num_cat=0
split_feature=2 38 38 14 14 23 26
split_gain=2.667 2.52108 6.14787 4.3239 5.21758 3.68542 1.98528
threshold=0.03174468095074124 0.0091643762913822414 0.0071439465349373158 52.448159687390678 25.679242355531418 0.91949963534192269 0.15498416857735561
decision_type=2 2 2 2 2 2 2
left_child=1 2 5 4 -3 -1 -4
right_child=-2 3 6 -5 -6 -7 -8
leaf_value=0.0057978237157970316 0.012839142937524386 -0.0061574202456919323 0.0186839774917388 -0.021364741516811871 0.015746260414146659 -0.017366993650776357 0.0036962691089419152
leaf_weight=7.5809745937585857 12.036766715347765 41.763850681483746 14.693184971809385 10.14511965960264 10.494665548205374 13.88895523548126 24.023873403668404
leaf_count=37 59 208 68 49 46 68 110
internal_value=0.000371128 -0.00091912 0.00325939 -0.00515818 -0.00106395 -0.00875139 0.0103909
internal_weight=134.627 122.591 60.187 62.4036 52.2585 21.4699 38.7171
internal_count=645 586 283 303 254 105 178
is_linear=0
shrinkage=0.03


Tree=169
num_leaves=8
num_cat=0
split_feature=8 10 36 38 1 37 23
split_gain=2.82788 3.19266 3.11769 2.83769 2.38883 2.33692 2.28356
threshold=0.032800687583008865 0.017050579061527963 0.0075939025374576917 0.011198829984610867 -0.0035057703543363568 0.032055184934136956 0.94558571637753885
decision_type=2 2 2 2 2 2 2
left_child=1 2 3 -1 -4 -2 -7
right_child=5 -3 4 -5 -6 6 -8
leaf_value=-0.0060798954357032817 -0.0030750918660411145 -0.015009585831548317 0.020674215379839413 0.0056860617692431328 0.00023728624355121215 0.00031426945009158113 0.025648442541418487
leaf_weight=56.634674496948719 5.9243040010333088 11.739474251866339 8.5482075065374392 23.995396636426449 13.193699717521666 6.6995916441082937 7.7543600350618362
leaf_count=266 31 54 40 118 65 35 36
internal_value=0.000368719 -0.00140575 0.00026827 -0.00234396 0.00996892 0.010213 0.0162829
internal_weight=134.49 114.111 102.372 80.6301 21.7419 20.3783 14.454
internal_count=645 543 489 384 105 102 71
is_linear=0
shrinkage=0.03


Tree=170
num_leaves=6
num_cat=0
split_feature=4 8 12 23 40
split_gain=2.82024 4.23478 6.00223 3.35327 2.24648
threshold=-0.045896438913486708 -0.023570693548753907 39.568739417682032 0.75063436911185155 -0.0064652470423729449
decision_type=2 2 2 2 2
left_child=-1 4 -3 -4 -2
right_child=1 2 3 -5 -6
leaf_value=-0.011860343951768569 0.0017972441157325895 -0.019633605192561781 -0.010610160646478827 0.0051642740737961905 0.027124585915345594
leaf_weight=11.16425973176956 7.4456425756216049 9.9339304044842702 11.747269950807093 83.542235195636749 7.0459018722176534
leaf_count=58 37 48 56 397 35
internal_value=0.00114997 0.00266146 0.000294681 0.00288729 0.0168173
internal_weight=130.879 119.715 105.223 95.2895 14.4915
internal_count=631 573 501 453 72
is_linear=0
shrinkage=0.03


Tree=171
num_leaves=10
num_cat=0
split_feature=38 37 38 37 23 23 9 14 21
split_gain=2.86131 5.92253 5.63674 6.05462 6.18397 5.11661 3.11431 2.24717 5.27214
threshold=0.011726829028055807 -0.013768626337192834 0.011198829984610867 -0.004997381067745831 0.75580864364143829 1.0272909179248237 -0.027751636096235582 28.627134251399642 0.012654656957939292
decision_type=2 2 2 2 2 2 2 2 2
left_child=2 5 3 6 -5 -2 -1 8 -3
right_child=1 7 -4 4 -6 -7 -8 -9 -10
leaf_value=0.00052698369075197815 0.025155455594127216 -0.022579422016671014 0.025280328036395551 -0.014936149836556728 0.0085572460005236706 -0.0073920810970580387 -0.0235391386647444 -0.028603128261689134 0.010431737989205245
leaf_weight=6.1200317293405524 6.0739407837390882 6.3991812169551867 7.9527422785758963 9.6319951862096769 64.574797540903091 6.9355175346136093 9.6894795298576337 6.8041285499930373 6.6304497569799423
leaf_count=30 31 31 40 44 310 35 44 35 31
internal_value=0.00110905 -0.00615305 0.00376804 0.00119629 0.00499903 0.00813165 -0.0143677 -0.0160963 -0.00563008
internal_weight=130.812 32.8432 97.969 90.0163 74.2068 13.0095 15.8095 19.8338 13.0296
internal_count=631 163 468 428 354 66 74 97 62
is_linear=0
shrinkage=0.03


Tree=172
num_leaves=9
num_cat=0
split_feature=38 37 38 37 24 9 9 15
split_gain=2.72117 5.68199 5.41492 5.732 4.09404 2.98907 2.75352 2.16951
threshold=0.011726829028055807 -0.013768626337192834 0.011198829984610867 -0.004997381067745831 0.53589743589743599 -0.027751636096235582 -0.0092495351367696873 23.296565889189342
decision_type=2 2 2 2 2 2 2 2
left_child=2 6 3 5 -5 -1 -2 -3
right_child=1 7 -4 4 -6 -7 -8 -9
leaf_value=0.00051507049097888674 -0.0045047441772134217 -0.0040473836626819075 0.024794933558662739 0.0088184843569648341 -0.0068146260131429232 -0.02303784720171001 0.019128783417134084 -0.026052228805140271
leaf_weight=6.1199890151619902 6.0767433047294617 11.144603341817858 7.905053734779357 56.633325763046741 17.570141173899174 9.6474661827087385 6.9081085771322233 8.5630180612206441
leaf_count=30 34 54 40 269 85 44 32 43
internal_value=0.00106183 -0.00603514 0.00365592 0.0011367 0.00483828 -0.0140228 0.00794253 -0.0158189
internal_weight=130.568 32.6925 97.876 89.9709 74.2035 15.7675 12.9849 19.7076
internal_count=631 163 468 428 354 74 66 97
is_linear=0
shrinkage=0.03


Tree=173
num_leaves=9
num_cat=0
split_feature=35 11 26 35 40 13 1 21
split_gain=2.79004 5.28521 2.84232 4.10141 3.79802 2.83556 2.70208 2.50396
threshold=0.053624426308413138 0.0091714019799237229 0.23166368515205729 0.040810814667678115 0.01983110729840987 2.892441452917375 -0.0040341037796285941 0.012349596176081017
decision_type=2 2 2 2 2 2 2 2
left_child=2 -2 4 7 6 -6 -1 -4
right_child=1 -3 3 -5 5 -7 -8 -9
leaf_value=-0.0017572152673962706 0.023775427972654126 -0.0037270117434528233 0 -0.01113741139150342 0.0081017952851024332 -0.009982919459728205 -0.022248045266149402 0.013815619653492296
leaf_weight=12.752971082925798 10.672564364969732 10.00224360078573 18.212751440703869 10.409961417317389 19.760957650840286 9.8592130392789823 13.251977138221262 25.430328033864498
leaf_count=59 55 47 87 50 95 47 64 127
internal_value=0.00101958 0.0106534 -0.000820379 0.00384848 -0.0055937 0.00135715 -0.013578 0.00808302
internal_weight=130.353 20.6748 109.678 54.053 55.6251 29.6202 26.0049 43.6431
internal_count=631 102 529 264 265 142 123 214
is_linear=0
shrinkage=0.03


Tree=174
num_leaves=9
num_cat=0
split_feature=35 15 17 20 38 40 37 0
split_gain=2.65555 4.78465 3.24385 7.08483 4.63874 3.51619 1.91532 0.412537
threshold=0.053624426308413138 15.291191257345465 1.8223233671601309 0.019475356803282769 0.015091371476366125 0.0040825581916676965 0.015933065216486412 0.010461703697455251
decision_type=2 2 2 2 2 2 2 2
left_child=2 -2 4 7 5 -1 -5 -4
right_child=1 -3 3 6 -6 -7 -8 -9
leaf_value=-0.0033019254068618153 0.022144770544808564 -0.0040956524643906258 -0.024013574273923428 -0.0027291095269684597 -0.015966586614944177 0.010523887829988875 0.01556327977232329 -0.0077662425232010038
leaf_weight=22.837602525949478 11.375168651342394 9.2578636035323125 11.756862133741381 7.7625934556126577 8.2093126177787763 43.008480660617352 7.5392267107963562 8.4475079923868162
leaf_count=104 57 45 61 41 41 205 36 41
internal_value=0.000976252 0.0103867 -0.00081593 -0.00812321 0.00261184 0.00555157 0.00617383 -0.0192074
internal_weight=130.195 20.633 109.562 35.5062 74.0554 65.8461 15.3018 20.2044
internal_count=631 102 529 179 350 309 77 102
is_linear=0
shrinkage=0.03


Tree=175
num_leaves=8
num_cat=0
split_feature=21 26 23 9 14 26 26
split_gain=3.05004 2.95198 2.28499 2.17851 4.80899 3.40009 0.94098
threshold=0.018752165658725096 0.12318229715489991 1.2446650886631632 0.014720198460371309 8.9221298731699807 0.067848922368696399 0.38805230830196163
decision_type=2 2 2 2 2 2 2
left_child=2 -2 3 4 -1 -5 -3
right_child=1 6 -4 5 -6 -7 -8
leaf_value=0.00017344807172566529 -0.0035060846206106298 0.02427167652698654 -0.013503616316973666 0.020333244149531138 -0.021837205144668012 0.00027703174310451316 0.0034745367360875926
leaf_weight=51.235828682780266 6.3699408620595959 8.1473615765571576 10.068845540285109 8.4970066919922811 8.5015354752540571 33.800068125128746 5.753958284854888
leaf_count=240 34 42 50 40 38 161 31
internal_value=0.000738098 0.0109508 -0.00113676 0.000175571 -0.00332198 0.00538085 0.0181265
internal_weight=132.375 20.2713 112.103 102.034 59.7374 42.2971 13.9013
internal_count=636 107 529 479 278 201 73
is_linear=0
shrinkage=0.03


Tree=176
num_leaves=10
num_cat=0
split_feature=20 20 23 11 24 20 14 38 40
split_gain=2.31152 3.64044 3.1057 3.48566 3.03672 2.23731 1.91072 1.63577 0.693185
threshold=0.020611776940075394 0.018445924517624095 1.1237044799845541 -0.00037516729093250984 1.0000000180025095e-35 0.017182130616703931 27.65620669460532 0.010694077168885601 -0.030469173221332798
decision_type=2 2 2 2 2 2 2 2 2
left_child=1 2 5 -4 -3 -1 7 -2 -9
right_child=6 4 3 -5 -6 -7 -8 8 -10
leaf_value=0.0011182404170046916 0 -0.023553437487023363 0.0061019870547800101 -0.018401095602731222 0 0.014577641981029423 -0.0013726418375075882 0.0037858568644504429 0.024781194583362361
leaf_weight=52.618337601423264 7.6711628884077134 8.9119700416922587 6.2032485455274609 11.107695698738096 9.9710702672600728 13.408593907952307 10.215884357690809 4.9464555606246021 7.215241432189937
leaf_count=243 39 44 29 55 48 62 49 29 38
internal_value=0.000724233 -0.00133152 0.00128381 -0.00912124 -0.0126097 0.00442027 0.00783228 0.0129522 0.0190417
internal_weight=132.27 102.221 83.3379 17.3109 18.883 66.0269 30.0487 19.8329 12.1617
internal_count=636 481 389 84 92 305 155 106 67
is_linear=0
shrinkage=0.03


Tree=177
num_leaves=11
num_cat=0
split_feature=22 38 38 17 38 38 1 26 14 38
split_gain=2.47251 2.98803 4.91346 4.37074 4.29342 2.63645 2.03463 1.87927 2.04221 0.41803
threshold=-0.19658624285309725 0.008392383799807725 0.010694077168885601 -1.2746929874060233 0.011636098727044247 0.010213648501888007 -0.0032887660153559368 0.075370257658754325 -16.013764675250055 0.012151823539042586
decision_type=2 2 2 2 2 2 2 2 2 2
left_child=5 7 3 -3 -4 6 -1 -2 -9 -7
right_child=1 2 4 -5 -6 9 -8 8 -10 -11
leaf_value=0.0097731039810483103 0.015801965728069967 8.0707505396415918e-05 0.016073930027738399 -0.023410429865264856 -0.0051379071158192419 0.02326802018371292 -0.0075991932687061777 -0.0096633282968101274 0.0059996920684754936 0.0054827753474131404
leaf_weight=9.3049908876419067 8.3058149069547635 9.4289530813694018 10.520745880901812 16.865652963519096 24.436806850135326 6.3797676935791952 11.011605925858021 9.1978709921240824 20.088431656360626 6.5609144270420074
leaf_count=44 40 43 53 79 120 32 56 43 92 34
internal_value=0.000711324 -0.00156812 -0.00569629 -0.0150464 0.00136448 0.00761617 0 0.00472739 0.000297737 0.0171959
internal_weight=132.102 98.8443 61.2522 26.2946 34.9576 33.2573 20.3166 37.5921 29.2863 12.9407
internal_count=636 470 295 122 173 166 100 175 135 66
is_linear=0
shrinkage=0.03


Tree=178
num_leaves=8
num_cat=0
split_feature=21 26 23 33 37 20 26
split_gain=2.84982 2.85097 2.15367 2.73594 4.89909 3.33811 0.890685
threshold=0.018752165658725096 0.12318229715489991 1.2446650886631632 0.84280125942181094 0.010112746662779394 0.015429246276617096 0.38805230830196163
decision_type=2 2 2 2 2 2 2
left_child=2 -2 3 4 -1 -5 -3
right_child=1 6 -4 5 -6 -7 -8
leaf_value=0.006056582723827756 -0.0035556585800981004 0.02374530369728596 -0.013141702635451278 0.024085600269226848 -0.0078042337901678416 -0.001934890617576353 0.0033454551793322658
leaf_weight=38.081774488091469 6.3457158505916622 8.0584108605980855 9.9973021522164327 6.9391629919409734 50.400679752230644 6.3769071698188782 5.7242825850844374
leaf_count=177 34 42 50 35 236 31 31
internal_value=0.000711222 0.0106201 -0.00109632 0.000172528 -0.00167092 0.0120198 0.0177208
internal_weight=131.924 20.1284 111.796 101.799 88.4825 13.3161 13.7827
internal_count=636 107 529 479 413 66 73
is_linear=0
shrinkage=0.03


Tree=179
num_leaves=11
num_cat=0
split_feature=5 5 34 20 33 6 3 10 12 6
split_gain=2.47769 3.90688 5.15962 5.61704 4.63644 3.81331 3.45488 2.50697 2.30429 2.98312
threshold=0.036763783673131607 0.002886991952282703 -0.007846026615542066 0.015994310264726658 0.36775120916000398 0.019300391145695227 -0.0075254184156664508 0.025832727703622885 48.092287561576363 0.0050741144785448203
decision_type=2 2 2 2 2 2 2 2 2 2
left_child=1 2 3 -1 -4 6 -2 -8 -3 -10
right_child=5 8 4 -5 -6 -7 7 -9 9 -11
leaf_value=-0.004031277166715759 -0.0048049612253026827 0.0018136153371404043 -0.013064802457422071 0.022344372803135032 0.0068164014334147248 -0.0097904111383705673 0.029467219124592797 0.0062698647137353469 -0.021507946238398138 0
leaf_weight=9.7064636349678057 5.8436174392700222 8.8479918986558896 21.543516501784325 16.508840158581734 16.390709042549133 6.5694136321544638 8.6477610915899294 12.85641300678253 15.440622061491014 9.430610850453375
leaf_count=46 27 40 106 82 81 32 39 66 71 46
internal_value=0.000701195 -0.00161723 0.00255699 0.0124534 -0.00418771 0.00752623 0.0125808 0.0179503 -0.00967699 -0.0141538
internal_weight=131.786 97.8688 64.1495 26.2153 37.9342 33.9172 27.3478 21.5042 33.7192 24.8712
internal_count=636 472 315 128 187 164 132 105 157 117
is_linear=0
shrinkage=0.03


Tree=180
num_leaves=13
num_cat=0
split_feature=1 34 38 0 26 34 1 9 38 3 26 34
split_gain=3.6036 4.08406 3.17029 2.59987 2.64927 2.46762 2.38404 3.5509 2.10711 2.01681 1.78562 1.67074
threshold=-0.0045748176274622012 0.0065712545350116178 0.011230392882954493 -0.0031586529724734187 0.14465757767913764 1.0000000180025095e-35 -0.01162192461743111 -0.038822950514055439 0.0078215120478889646 -0.0016717512808570587 0.097167584579071611 -0.015445010803250612
decision_type=2 2 2 2 2 2 2 2 2 2 2 2
left_child=5 2 8 -3 -5 6 7 -1 -2 10 -7 -4
right_child=1 3 11 4 -6 9 -8 -9 -10 -11 -12 -13
leaf_value=0 -0.0036412548822695925 0.01226657728877349 0.0089616988188968866 -0.014243061717180878 0.0015877445892417223 -0.016063557742042815 -0.00089397333322072765 0.029698097812300053 -0.024790902227422973 0.0091107320517002151 0.00032119076126010959 -0.0097220370254526584
leaf_weight=5.9023135825991639 9.0843489691615122 10.805519744753836 6.6850383505225182 11.440214417874811 27.220131322741508 7.6454073637723985 6.2715422809123984 7.8492714017629632 15.411144576966761 9.3471832647919637 11.204200841486452 6.5291034653782827
leaf_count=30 44 52 33 58 136 35 31 36 73 43 55 33
internal_value=-0.00153323 -0.00521491 -0.0123921 0.000234023 -0.0031981 0.00476671 0.0123371 0.0186709 -0.0183804 -0.000573483 -0.00650844 0
internal_weight=135.395 87.1755 37.7096 49.4659 38.6603 48.2199 20.0231 13.7516 24.4955 28.1968 18.8496 13.2141
internal_count=659 429 183 246 194 230 97 66 117 133 90 66
is_linear=0
shrinkage=0.03


Tree=181
num_leaves=11
num_cat=0
split_feature=0 21 11 38 20 11 11 11 4 32
split_gain=3.43243 3.67321 3.57269 4.61423 3.02828 2.14435 3.4694 2.69116 4.35254 1.51466
threshold=-0.0041575403288865434 0.018752165658725096 0.030432260661703795 0.010213648501888007 0.015994310264726658 -0.01540467708848786 -0.029677543810273928 0.0015270194786866089 -0.020949780466452513 0.0030999628619481361
decision_type=2 2 2 2 2 2 2 2 2 2
left_child=5 2 3 -2 -4 6 -1 -7 -9 -3
right_child=1 9 4 -5 -6 7 -8 8 -10 -11
leaf_value=0.0084448080713029044 -0.017412622058245959 0.015703503258017108 0.017001569144233106 0 -0.0075022081829180841 0.021342051826393881 -0.018506300218200024 0.017510671657994213 -0.0054896611087427967 -0.00074190449465597432
leaf_weight=6.2569074407219887 36.766867652535439 7.1909941360354406 6.9063479974865896 21.5554403886199 6.6028351336717606 8.7463205978274328 6.3895031213760358 9.4194157198071462 18.079825684428219 7.3078349456191063
leaf_count=32 179 40 34 109 30 42 30 44 83 36
internal_value=-0.00148876 -0.00512666 -0.00799475 -0.0112255 0.00463478 0.00458909 -0.00481556 0.0083429 0.00253329 0.00742024
internal_weight=135.222 86.3303 71.8315 58.3223 13.5092 48.892 12.6464 36.2456 27.4992 14.4988
internal_count=659 428 352 288 64 231 62 169 127 76
is_linear=0
shrinkage=0.03


Tree=182
num_leaves=13
num_cat=0
split_feature=1 34 5 12 12 34 1 8 3 12 3 22
split_gain=3.31538 3.87588 3.15835 3.52506 2.89237 2.1005 2.21156 2.09186 4.06158 1.78552 1.3957 0.986845
threshold=-0.0045748176274622012 0.0065712545350116178 -0.0059304338318799102 39.496451408535606 39.496451408535606 0.0035769533226940324 -0.014597615078000668 -0.0012134027801190236 0.0046176618914363097 32.749249976628178 -0.0016717512808570587 -0.17166679132748155
decision_type=2 2 2 2 2 2 2 2 2 2 2 2
left_child=4 2 3 -2 9 6 -6 -3 -9 -1 -7 -4
right_child=1 7 11 -5 5 10 -8 8 -10 -11 -12 -13
leaf_value=0.003423896112318229 -0.017049268259133752 -0.0099265944907636679 -0.0043805074562508145 0.0071705941981659721 0.028160516070755585 -0.0044647217772632473 0.0016891341388097494 0.018863822433219695 -0.0015836743435096187 -0.013700044054664212 0.010361995152021982 -0.024658223780928024
leaf_weight=8.6446758434176463 6.716131433844569 10.826494812965391 6.0339288264513042 11.647392354905604 6.9180462062358856 9.9891592934727687 6.4887694641947764 9.8102416023612005 28.739788547158241 7.9741127118468276 8.0681867226958257 13.122068226337431
leaf_count=43 34 56 30 57 32 47 31 46 144 40 37 62
internal_value=-0.00143062 -0.00497254 -0.0119895 -0.00175528 0.00461383 0.00989936 0.0182046 0.000326629 0.00392366 -0.004576 0.00178479 -0.0199979
internal_weight=134.979 86.896 37.5195 18.3635 48.083 31.4642 13.4068 49.3765 38.55 16.6188 18.0573 19.156
internal_count=659 429 183 91 230 147 63 246 190 83 84 92
is_linear=0
shrinkage=0.03


Tree=183
num_leaves=11
num_cat=0
split_feature=1 25 26 26 1 33 26 4 0 35
split_gain=3.17319 2.6572 3.3013 3.46845 3.03831 1.90665 2.16836 2.84599 1.91572 1.25098
threshold=-0.0045748176274622012 0.48112535612535617 0.22326064382139152 0.067848922368696399 0.0057620002951125357 0.46747060799462553 0.05634920634920635 -0.020949780466452513 -0.0098070388383805756 0.045309562296746993
decision_type=2 2 2 2 2 2 2 2 2 2
left_child=5 2 3 -2 -4 6 -1 -8 -7 -3
right_child=1 9 4 -5 -6 8 7 -9 -10 -11
leaf_value=-0.011516874850223256 0 -0.0003739482005574285 -0.010482112783375314 -0.022074486480768915 0.0045202912331635016 0.022268231096552051 0.012953793252675235 -0.0069198483886622128 0.0013400586243073882 0.014695155600023524
leaf_weight=8.4989972636103648 9.2790776640176791 8.6643557250499708 18.90440234541893 18.325435779988766 25.835845492780209 6.9534329026937511 13.637400895357134 8.3662024140357953 10.572072044014929 5.7431492656469336
leaf_count=41 48 46 91 86 130 31 68 40 50 28
internal_value=-0.00139246 -0.00486298 -0.00728228 -0.0151363 -0.00167513 0.00452026 0 0.00482557 0.0118422 0.00577777
internal_weight=134.78 86.7523 72.3448 27.6045 44.7402 48.0281 30.5026 22.0036 17.5255 14.4075
internal_count=659 429 355 134 221 230 149 108 81 74
is_linear=0
shrinkage=0.03


Tree=184
num_leaves=10
num_cat=0
split_feature=0 21 12 33 21 19 5 18 13
split_gain=3.06069 3.49096 2.61951 3.16818 2.90813 3.15854 2.03905 2.66511 1.12305
threshold=-0.0041575403288865434 0.018752165658725096 39.496451408535606 0.11073796828001095 0.014912647269032251 0.05696013603275573 0.075464468804806742 0.6575474216749787 1.0908736721216103
decision_type=2 2 2 2 2 2 2 2 2
left_child=2 6 3 -1 5 -4 7 -2 -3
right_child=1 8 4 -5 -6 -7 -8 -9 -10
leaf_value=0.0071760850462694939 -0.0035937341088745764 -0.0009352582911438251 0.00016680209293441366 -0.017072644725351221 -0.0028738076256071368 0.023185439285722031 0.0049607198185236219 -0.016768023474868752 0.013247511441650879
leaf_weight=7.0463677197694761 38.475451342761517 5.5620418787002555 10.358779579401018 7.6765379533171654 10.253447912633417 13.36643625795841 7.5318623185157767 25.498159289360046 8.9054901003837568
leaf_count=34 188 29 47 38 52 60 39 125 47
internal_value=-0.00134646 -0.00479539 0.0043951 -0.00509999 0.00898102 0.0145126 -0.00760845 -0.00942116 0.00743269
internal_weight=134.675 85.973 48.7016 14.7229 33.9787 23.7252 71.5055 63.9736 14.4675
internal_count=659 428 231 72 159 107 352 313 76
is_linear=0
shrinkage=0.03


Tree=185
num_leaves=10
num_cat=0
split_feature=19 5 23 9 5 5 5 13 2
split_gain=3.15776 3.28709 3.93358 3.50495 2.63039 2.46116 2.67083 2.12682 2.09592
threshold=0.091091342992500254 0.080664139675084914 1.249869612165124 -0.054994391517088938 0.036763783673131607 0.0095527962408206175 -0.0025058450691362029 -2.4468868518643059 0.013104021385971111
decision_type=2 2 2 2 2 2 2 2 2
left_child=4 2 3 -2 5 6 -1 -7 -6
right_child=1 -3 -4 -5 8 7 -8 -9 -10
leaf_value=5.4990697768397553e-05 0.0020625721512199944 0.0062010474962321928 0.008110410798261242 -0.020438944869123926 0.023383237961096762 0.0035744416732714211 0.016533282326926892 -0.012832831013153164 0
leaf_weight=37.103845588862896 6.2573225870728484 10.990726843476294 5.7579645738005629 23.551485262811187 7.2002942711114866 8.5946741253137606 10.47672353684902 16.200489848852158 6.2126340568065643
leaf_count=180 32 55 35 118 32 40 49 75 31
internal_value=-0.000289265 -0.00652294 -0.010975 -0.0154113 0.00299442 0.000372941 0.00450643 -0.00674352 0.0142827
internal_weight=132.346 46.5575 35.5668 29.8088 85.7887 72.3757 47.5806 24.7952 13.4129
internal_count=647 240 185 150 407 344 229 115 63
is_linear=0
shrinkage=0.03


Tree=186
num_leaves=10
num_cat=0
split_feature=12 3 34 4 7 19 12 9 19
split_gain=3.02388 4.9222 3.53259 2.94952 4.40348 2.07786 1.9857 1.65323 1.18335
threshold=39.568739417682032 -0.031418110414318183 0.029050856757154912 -0.0050447618722526668 -0.007009390070010414 0.068529192941918379 36.287353573989968 0.023646894443842444 0.094444371313857009
decision_type=2 2 2 2 2 2 2 2 2
left_child=1 -1 3 5 -5 -2 8 -4 -3
right_child=2 6 7 4 -6 -7 -8 -9 -10
leaf_value=0.0096360979647942425 0.022688071911543213 0.00097500604094024246 0 -0.018388333200517495 0.0044612670861797731 0.0027068712368704213 -0.025970713639030064 -0.017712464238298666 -0.01308436008696443
leaf_weight=7.8825101032853153 10.55725133419037 7.7140017524361628 11.202282458543779 6.7230958044528952 52.841041222214699 11.598754450678824 8.2837193980813009 7.7084743753075591 7.6583425626158714
leaf_count=42 48 36 52 32 256 60 42 40 39
internal_value=-0.000248005 -0.00816221 0.00219694 0.00502827 0.00112496 0.013939 -0.0149663 -0.0086316 -0.00586576
internal_weight=132.169 31.5386 100.631 81.7201 59.5641 22.156 23.6561 18.9108 15.3723
internal_count=647 159 488 396 288 108 117 92 75
is_linear=0
shrinkage=0.03


Tree=187
num_leaves=5
num_cat=0
split_feature=20 34 37 1
split_gain=3.19111 3.0828 2.67075 3.67445
threshold=0.012207660559584792 0.042363940438671095 0.063199540544748536 0.021322152446132451
decision_type=2 2 2 2
left_child=-1 2 3 -2
right_child=1 -3 -4 -5
leaf_value=0.017044301062018874 -0.00072206045673866789 -0.018832186068151662 -0.013783054542257476 0.015851869717653028
leaf_weight=6.839277669787406 97.061945624649525 6.6947097927331916 9.8891465961933118 11.546380102634428
leaf_count=31 477 32 49 58
internal_value=-0.000251755 -0.00156773 -0.000171473 0.00115911
internal_weight=132.031 125.192 118.497 108.608
internal_count=647 616 584 535
is_linear=0
shrinkage=0.03


Tree=188
num_leaves=9
num_cat=0
split_feature=12 3 12 40 9 37 22 33
split_gain=2.84695 4.70534 3.39962 2.71368 2.77468 2.24686 1.99887 0.697526
threshold=39.568739417682032 -0.031418110414318183 43.085096721460367 -0.027996041994104989 0.03772851532087701 1.0000000180025095e-35 -0.0096035998517086645 0.20762867985704289
decision_type=2 2 2 2 2 2 2 2
left_child=1 -1 5 -4 -5 -2 7 -3
right_child=2 6 3 4 -6 -7 -8 -9
leaf_value=0.0094518896210588066 0.026318743874871892 0.0014709304813278223 -0.013672975909506793 0.0057250432756081335 -0.0059757775006810173 0.00018842675031983749 -0.023248096376957197 -0.0099523180654664048
leaf_weight=7.86268072575331 6.003459155559538 6.2267682105302864 9.5872935503721219 54.016848511993885 24.24661785364151 6.6626551225781441 11.041697748005385 6.2982459291815758
leaf_count=42 28 30 48 255 122 35 55 32
internal_value=-0.000244606 -0.0079409 0.00212351 0 0.00185458 0.0154965 -0.0146159 -0.00382002
internal_weight=131.946 31.4294 100.517 87.8508 78.2635 12.6661 23.5667 12.525
internal_count=647 159 488 425 377 63 117 62
is_linear=0
shrinkage=0.03


Tree=189
num_leaves=6
num_cat=0
split_feature=20 34 1 17 4
split_gain=2.99343 2.9391 2.1766 3.75054 2.03566
threshold=0.012207660559584792 0.042363940438671095 0.021322152446132451 0.55412543504660061 0.031111747283672168
decision_type=2 2 2 2 2
left_child=-1 2 3 -2 -4
right_child=1 -3 4 -5 -6
leaf_value=0.016530488867780132 0.0025320110611262493 -0.018395610678979251 0.018482932520421186 -0.0088217537857939333 -0.001143900824934677
leaf_weight=6.8207148611545554 63.617296405136585 6.6694501936435691 8.0359480008482915 40.52417916059494 6.1323159486055365
leaf_count=31 306 32 40 207 31
internal_value=-0.000235217 -0.00151429 -0.000147976 -0.00182769 0.0099696
internal_weight=131.8 124.979 118.31 104.141 14.1683
internal_count=647 616 584 513 71
is_linear=0
shrinkage=0.03


Tree=190
num_leaves=8
num_cat=0
split_feature=26 23 34 19 23 15 3
split_gain=3.33404 3.05531 3.54376 2.87335 2.06066 3.01651 0.215075
threshold=0.054258241758241767 1.2082263286165082 0.013734343776072524 0.091475655359643346 0.75363883546679833 -18.183703931745381 0.0035398311624135208
decision_type=2 2 2 2 2 2 2
left_child=3 4 -3 6 -2 -6 -1
right_child=1 2 -4 -5 5 -7 -8
leaf_value=0.020504029961828506 -0.010972459476521767 -0.02272960568399407 0.0027321689504008336 -0.0020493434415783736 -0.0082455369939248534 0.0050297071260971427 0.0055175920680577712
leaf_weight=9.4773814752697998 11.519802205264567 10.61942381411791 5.8711431622505179 10.119615085422991 17.972547478973866 60.606908835470676 6.6988427639007559
leaf_count=47 57 53 32 53 91 289 31
internal_value=0 -0.00242624 -0.0135382 0.00913534 0 0.00167797 0.0164132
internal_weight=132.886 106.59 16.4906 26.2958 90.0993 78.5795 16.1762
internal_count=653 522 85 131 437 380 78
is_linear=0
shrinkage=0.03


Tree=191
num_leaves=8
num_cat=0
split_feature=19 20 7 16 34 20 11
split_gain=2.3485 3.93181 3.05646 4.89582 2.25213 2.37865 3.04693
threshold=0.091091342992500254 0.020499256158247825 0.015209276703256008 -0.73067561145616355 -0.047862930570297328 0.016189799197026986 -0.023794500953589145
decision_type=2 2 2 2 2 2 2
left_child=1 2 3 -1 -2 -6 -7
right_child=4 -3 -4 -5 5 6 -8
leaf_value=-0.0039701844938907034 0.008919074896967286 0.01922065277770971 -0.013193005152119084 0.012106799534029803 0.0069760428003924979 0.0028993745154374472 -0.015405378722708619
leaf_weight=36.035365708172321 6.1108891963958731 9.6319192424416524 10.45171771943569 27.980111867189407 5.7327571734786025 8.7243278399109823 28.124121457338333
leaf_count=173 30 50 54 127 31 44 144
internal_value=0 0.00297626 0.000231213 0.00298348 -0.00516242 -0.00782921 -0.0107592
internal_weight=132.791 84.0991 74.4672 64.0155 48.6921 42.5812 36.8484
internal_count=653 404 354 300 249 219 188
is_linear=0
shrinkage=0.03


Tree=192
num_leaves=9
num_cat=0
split_feature=26 23 35 33 35 21 18 8
split_gain=3.15862 2.91619 3.35756 2.67366 2.15875 2.87951 1.90635 1.33493
threshold=0.054258241758241767 1.2082263286165082 0.0055094809610702908 0.46536616161616168 -0.056255757477277006 0.0095161021284300065 0.23483229699290881 0.012534324888509174
decision_type=2 2 2 2 2 2 2 2
left_child=3 4 -3 6 -2 -6 -1 -5
right_child=1 2 -4 7 5 -7 -8 -9
leaf_value=0.00963227972658285 0.012110505402605078 -0.027008001893476789 0 0.026096581770868953 0.009133260572128276 -0.004658350445784388 -0.010716018381664657 0.0039649900129308038
leaf_weight=5.7087123990058917 9.4101798683404905 6.5625238120555904 9.8992821350693685 6.37270789593458 14.644569873809813 65.858155570924282 6.7234230935573578 7.3993231132626534
leaf_count=30 46 33 52 31 67 324 34 36
internal_value=0 -0.00235177 -0.0132147 0.00891852 0 -0.00180707 -0.00029295 0.0171676
internal_weight=132.579 106.375 16.4618 26.2042 89.9129 80.5027 12.4321 13.772
internal_count=653 522 85 131 437 391 64 67
is_linear=0
shrinkage=0.03


Tree=193
num_leaves=10
num_cat=0
split_feature=37 33 37 28 20 12 12 10 18
split_gain=2.30302 6.37838 4.26654 3.91564 3.86116 3.16801 3.67746 2.69909 2.62347
threshold=0.052660884431412265 0.7440049314973346 0.031127929068859753 9.5000000000000018 0.015994310264726658 43.51718433130538 57.916317559424762 -0.018710391008265489 0.853073938074559
decision_type=2 2 2 2 2 2 2 2 2
left_child=2 -2 3 7 -5 -4 -7 -1 -3
right_child=1 8 5 4 -6 6 -8 -9 -10
leaf_value=0.0030248082492870675 -0.028231866875366066 0.015528122444700577 -0.0044672445021740727 -0.0091931507453372231 0.013792985418543494 0.026570992468276163 0.0012861777220917188 -0.010458083406931631 -0.0075828773723773746
leaf_weight=16.430204421281815 7.1947826296091106 6.323818124830721 6.5713099390268352 6.9419790133833912 20.080596096813679 12.036429211497309 10.641143992543219 39.474221363663673 6.7773761823773384
leaf_count=85 35 31 33 33 101 57 54 190 34
internal_value=0 -0.00883076 0.00171043 -0.00165602 0.00714452 0.0112302 0.0163801 -0.00626883 0.00315839
internal_weight=132.472 20.296 112.176 82.927 27.0226 29.2489 22.6776 55.9044 13.1012
internal_count=653 100 553 409 134 144 111 275 65
is_linear=0
shrinkage=0.03


Tree=194
num_leaves=10
num_cat=0
split_feature=19 20 2 18 34 23 11 38 24
split_gain=2.13686 3.71227 2.90309 3.12164 2.14214 2.67792 3.26923 2.23863 1.74032
threshold=0.091091342992500254 0.020499256158247825 0.014039636732170015 0.28862127207695742 -0.047862930570297328 1.0380043840485451 -0.023794500953589145 0.011824763799874046 0.60158730158730167
decision_type=2 2 2 2 2 2 2 2 2
left_child=1 2 3 -1 -2 6 -6 -7 -4
right_child=4 -3 8 -5 5 7 -8 -9 -10
leaf_value=-0.0061972371390310371 0.0088228210029686668 0.018688457817241579 -0.017363345864671219 0.0080613784427414729 0.0039831740855648078 0.010056586503302219 -0.018483004539160974 -0.010069734966953101 0.00020158365455500308
leaf_weight=17.489640988409519 6.0908336192369452 9.5837951898574811 9.4209705144166929 41.075977370142937 5.6692360863089588 9.9703297540545481 20.586705110967159 6.210155874490737 6.1579861491918555
leaf_count=85 30 50 46 192 28 55 106 30 31
internal_value=0 0.00287293 0.000194473 0.00349158 -0.00490491 -0.00752121 -0.0131626 0.00124895 -0.010334
internal_weight=132.256 83.7284 74.1446 58.5656 48.5273 42.4364 26.2559 16.1805 15.579
internal_count=653 404 354 277 249 219 134 85 77
is_linear=0
shrinkage=0.03


Tree=195
num_leaves=10
num_cat=0
split_feature=28 5 5 24 20 40 24 35 26
split_gain=2.43829 3.59861 3.82918 3.88621 2.85057 3.99316 1.96983 1.70108 1.28711
threshold=2.5000000000000004 0.036763783673131607 0.0063535314216512937 -0.3885093167701863 0.015594672716299015 0.032343928674441032 -0.44782214156079853 0.014752023384207781 0.23463088939279417
decision_type=2 2 2 2 2 2 2 2 2
left_child=6 2 3 -2 -3 -6 -1 -4 -8
right_child=1 4 7 -5 5 -7 8 -9 -10
leaf_value=0.02072803920289332 -0.011626031402826793 0.020936213028372948 -0.026734317499218362 0.0047452041021522678 0.013036412581007737 -0.010624585387173584 -0.0065519219955851807 -0.0070144057219551853 0.008471046160238067
leaf_weight=6.2041547521948841 17.566223703324795 6.9200435355305698 6.8639121800661114 36.566637985408306 10.20364696532488 11.464551337063311 6.7994904369115856 16.985925987362862 9.2844091057777387
leaf_count=29 88 36 33 188 49 55 32 80 46
internal_value=0 -0.00195106 -0.00537137 -0.000525022 0.00662962 4.3793e-05 0.0085636 -0.0148993 0.00126838
internal_weight=128.859 106.571 77.9827 54.1329 28.5882 21.6682 22.2881 23.8498 16.0839
internal_count=636 529 389 276 140 104 107 113 78
is_linear=0
shrinkage=0.03


Tree=196
num_leaves=9
num_cat=0
split_feature=34 16 34 20 25 16 34 31
split_gain=2.27098 2.30493 4.82031 3.65797 3.64842 3.40508 2.43339 1.88197
threshold=0.044619213177516055 1.9604361421612857 -0.0048998827391287794 0.016123336244219102 0.17027151403589511 7.2310632987065739 0.0065712545350116178 2.5000000000000004
decision_type=2 2 2 2 2 2 2 2
left_child=1 2 4 -4 -1 6 -3 -7
right_child=-2 5 3 -5 -6 7 -8 -9
leaf_value=0.020265188603339947 -0.015722556005128775 0.00010548549793405961 0.0015393152553272191 -0.016077188935544162 -0.0010125752856163712 0.0043007521472298357 0.025456195012395121 -0.0093569861862981881
leaf_weight=8.9594574868679064 5.806969925761222 6.8168427422642699 14.763579219579695 24.48877752572298 17.432804010808468 31.394216597080231 8.7186051532626134 10.336188375949858
leaf_count=43 28 33 70 128 88 150 42 54
internal_value=0 0.000955351 -0.00270003 -0.00933427 0.00660103 0.00534837 0.0164686 0.000301637
internal_weight=128.717 122.91 65.6446 39.2524 26.3923 57.2659 15.5354 41.7304
internal_count=636 608 329 198 131 279 75 204
is_linear=0
shrinkage=0.03


Tree=197
num_leaves=9
num_cat=0
split_feature=28 33 11 35 20 11 37 40
split_gain=2.28548 2.98948 2.89156 3.67028 2.63841 4.83414 1.76986 1.15146
threshold=2.5000000000000004 0.74027513601981698 0.030432260661703795 0.053624426308413138 0.015086591891562988 0.020341933484429923 0.054440783522573762 0.0063483636520035311
decision_type=2 2 2 2 2 2 2 2
left_child=6 2 3 -2 -3 -6 7 -1
right_child=1 4 -4 -5 5 -7 -8 -9
leaf_value=0.00055820502441213539 -0.011503845687685978 0.016835853174603854 0.0065526073829291053 0.0060289108653543873 0.0088722439266374908 -0.017687101232386478 -0.0028529533664560119 0.019224582074796805
leaf_weight=6.5435484498739269 50.404348649084568 9.7494985312223417 12.389393314719198 10.946639716625212 15.260818436741831 7.5643561258912078 6.2459829896688452 9.4538967311382276
leaf_count=31 252 50 56 58 76 37 31 45
internal_value=0 -0.00188081 -0.00528792 -0.00804719 0.00525787 -4.12301e-05 0.00830906 0.0133333
internal_weight=128.558 106.315 73.7404 61.351 32.5747 22.8252 22.2434 15.9974
internal_count=636 529 366 310 163 113 107 76
is_linear=0
shrinkage=0.03


Tree=198
num_leaves=8
num_cat=0
split_feature=34 5 7 1 11 38 19
split_gain=2.16416 2.17955 2.39273 3.34304 3.21786 2.07366 1.67112
threshold=0.044619213177516055 0.036763783673131607 0.0068627287772865348 0.0084328301446424687 -0.03973225712061889 0.011636098727044247 0.087869205997687286
decision_type=2 2 2 2 2 2 2
left_child=1 2 4 -4 -1 6 -3
right_child=-2 5 3 -5 -6 -7 -8
leaf_value=0.01861661924757467 -0.015352126419656133 0.022954180569336863 -0.02036186059458845 0 -0.00065451242251555596 -0.0037830422045597657 0.0044239711598477189
leaf_weight=6.7823816165328017 5.7736676856875411 7.1010789126157823 10.394563406705858 15.11453430354595 59.013275690376759 7.797261729836463 16.468013122677803
leaf_count=34 28 34 51 77 292 39 81
internal_value=0 0.000962861 -0.00127009 -0.00879962 0.00160135 0.00759886 0.0119523
internal_weight=128.445 122.671 91.3048 25.5091 65.7957 31.3664 23.5691
internal_count=636 608 454 128 326 154 115
is_linear=0
shrinkage=0.03


Tree=199
num_leaves=8
num_cat=0
split_feature=15 20 15 21 28 34 23
split_gain=2.24184 4.24279 4.12153 2.62867 2.88753 2.53712 2.00115
threshold=37.17341402830408 0.016189799197026986 21.285308630129396 0.021928226812387572 2.5000000000000004 0.0027450632150273217 0.86977785423859488
decision_type=2 2 2 2 2 2 2
left_child=2 -2 3 4 -1 -3 -4
right_child=1 5 6 -5 -6 -7 -8
leaf_value=0.0096661174290388462 0.019680569107675936 0.010256015478693188 0 0.013731191113471163 -0.0045865157318499637 -0.010115010850542155 -0.022966842489952823
leaf_weight=13.800899751484392 11.676746964454653 6.8872637301683453 5.5254177302122107 9.6665332317352277 59.747901678085327 11.672248087823389 9.3533250838518125
leaf_count=66 54 31 28 53 299 57 48
internal_value=0 0.00688725 -0.0022093 0.000348776 -0.00152847 -0.00156361 -0.0157511
internal_weight=128.33 30.2363 98.0941 83.2153 73.5488 18.5595 14.8787
internal_count=636 142 494 418 365 88 76
is_linear=0
shrinkage=0.03


Tree=200
num_leaves=12
num_cat=0
split_feature=1 6 5 14 11 38 17 33 14 0 5
split_gain=4.37413 3.78953 4.79388 4.04897 5.49018 2.66798 5.42481 2.52174 1.43604 1.35331 0.611178
threshold=0.0084328301446424687 0.0017862238120815806 0.045073466269289993 9.3657921680610361 0.026829166775522276 0.010187199206037384 3.7870328100522177 0.36775120916000398 32.069017441768217 0.0099851663199935787 -0.016145292956544984
decision_type=2 2 2 2 2 2 2 2 2 2 2
left_child=1 3 10 7 -5 6 8 -1 -2 -7 -3
right_child=5 2 -4 4 -6 9 -8 -9 -10 -11 -12
leaf_value=0.0024979980802076179 0.021178599141158633 -0.0064780320739798577 0.0065092436361518799 -0.016279376474702734 0.0087479276852419213 0.02556075760951812 -0.013238546268451055 0.021657253577714173 0.0012509340604180358 0.0057818034949394907 -0.02677988853951048
leaf_weight=24.234119199216366 7.2496273741126087 6.0407253354787835 6.183062069118022 17.514758832752708 10.754412949085234 8.7487219944596308 9.9879348650574666 7.9641926512122145 8.1575195640325529 10.07585386186838 8.9917760342359543
leaf_count=120 34 32 34 81 49 45 51 41 40 51 46
internal_value=0.00173178 -0.00224615 -0.0126286 0.00144421 -0.0063138 0.00918361 0.00182141 0.00866504 0.0128453 0.0172664 -0.021221
internal_weight=125.903 81.683 21.2156 60.4675 28.2692 44.2197 25.3951 32.1983 15.4071 18.8246 15.0325
internal_count=624 403 112 291 130 221 125 161 74 96 78
is_linear=0
shrinkage=0.03


Tree=201
num_leaves=11
num_cat=0
split_feature=1 7 13 15 5 38 17 9 0 26
split_gain=4.17393 3.0472 4.29119 4.28891 3.29913 2.53301 5.18263 1.35823 1.27894 0.996539
threshold=0.0084328301446424687 0.005364656577400091 3.5471165142501921 5.9333059565392414 0.048884921257782772 0.010187199206037384 3.7870328100522177 0.034625020970649921 0.0099851663199935787 0.22326064382139152
decision_type=2 2 2 2 2 2 2 2 2 2
left_child=1 2 3 -1 9 6 7 -2 -7 -3
right_child=5 4 -4 -5 -6 8 -8 -9 -10 -11
leaf_value=0.0059828601856156249 0.019690936954209974 -0.02726659168729766 0.017090046059799597 -0.010803098989029475 0.001798348724106704 0.024963295887038807 -0.012950802648009413 0.00022716759028259279 0.0056383617990323608 -0.0048572794163724746
leaf_weight=24.202925510704517 8.2385628446936625 7.0232212394475955 10.408619076013563 25.734612539410591 8.1882223486900312 8.7374047562479991 9.9485920593142492 7.165657363831996 10.073143616318701 5.9390377849340439
leaf_count=123 39 35 51 121 43 45 51 35 51 30
internal_value=0.00170765 -0.00218045 0.00111013 -0.00246164 -0.0115018 0.00899109 0.0017894 0.0125653 0.0168719 -0.0200234
internal_weight=125.66 81.4966 60.3462 49.9375 21.1505 44.1634 25.3528 15.4042 18.8105 12.9623
internal_count=624 403 295 244 108 221 125 74 96 65
is_linear=0
shrinkage=0.03


Tree=202
num_leaves=11
num_cat=0
split_feature=1 17 5 35 17 15 38 17 14 0
split_gain=3.98854 3.03788 3.65394 3.09773 3.52745 3.13078 2.40741 4.94784 1.30167 1.20865
threshold=0.0084328301446424687 0.7473648822806408 -0.016145292956544984 0.049295465959295799 -2.5011681574402345 9.4406027140215691 0.010187199206037384 3.7870328100522177 32.069017441768217 0.0099851663199935787
decision_type=2 2 2 2 2 2 2 2 2 2
left_child=1 3 -3 4 -1 -5 7 8 -2 -8
right_child=6 2 -4 5 -6 -7 9 -9 -10 -11
leaf_value=-0.0028549106401444591 0.020230569861476474 0 -0.024987886850197722 0.0031724620312554123 0.012342813449096974 -0.021525559781945709 0.024382343266040211 -0.012669139081473329 0.0011576027790598396 0.0054984891587328832
leaf_weight=24.676283739507195 7.2438627332448986 9.9759878292679804 8.1715559363365156 6.2933119833469373 24.630243644118313 7.648854985833168 8.7250610888004321 9.9097378104925138 8.1624846383929235 10.070424571633337
leaf_count=120 34 52 45 31 118 37 45 51 40 51
internal_value=0.00167445 -0.00212542 -0.012329 0.000860507 0.0046297 -0.0104369 0.00879948 0.00175306 0.0122813 0.0164878
internal_weight=125.508 81.3962 18.1475 63.2487 49.3065 13.9422 44.1116 25.3161 15.4063 18.7955
internal_count=624 403 97 306 238 68 221 125 74 96
is_linear=0
shrinkage=0.03


Tree=203
num_leaves=11
num_cat=0
split_feature=1 6 10 5 33 18 20 13 0 5
split_gain=3.82462 3.49348 5.60155 4.51992 3.4766 3.05433 2.40433 1.31523 0.546122 0.519357
threshold=0.0084328301446424687 0.0017862238120815806 0.017050579061527963 0.045073466269289993 0.44203959336543613 0.98910899049477996 0.016895939875514392 3.7273724275514017 0.0099851663199935787 -0.016145292956544984
decision_type=2 2 2 2 2 2 2 2 2 2
left_child=1 2 4 9 -1 6 7 -2 -8 -3
right_child=5 3 -4 -5 -6 -7 8 -9 -10 -11
leaf_value=9.7267840732585955e-05 0.0092842922572349482 -0.0063470475581115671 -0.015045614624245029 0.0064282005536803813 0.01719380952643541 -0.0079166283214322838 0.023183822081251297 -0.0066092932664677329 0.0083127123218409635 -0.025891482594887209
leaf_weight=32.877336479723454 7.3096036761999112 6.0300589501857766 12.045496493577955 6.1488690972328177 15.320044212043284 6.0766753405332556 11.646547906100752 6.9416862279176712 12.077970959246157 8.818699449300766
leaf_count=163 36 32 57 34 71 32 60 33 60 46
internal_value=0.00163379 -0.00208829 0.00144381 -0.0121185 0.00629893 0.00861626 0.0119007 0.000759008 0.017431 -0.0205403
internal_weight=125.293 81.2405 60.2429 20.9976 48.1974 44.0525 37.9758 14.2513 23.7245 14.8488
internal_count=624 403 291 112 234 221 189 69 120 78
is_linear=0
shrinkage=0.03


Tree=204
num_leaves=8
num_cat=0
split_feature=13 36 40 38 35 37 35
split_gain=3.18532 2.95066 4.32669 2.69407 2.58928 2.5629 1.69447
threshold=-4.4251606706995466 0.0076615977141585309 -0.031946584780786318 0.0072388608922170916 0.0077279823886763363 0.042418390724451423 0.039810120942731848
decision_type=2 2 2 2 2 2 2
left_child=4 2 -2 -4 -1 -3 -6
right_child=1 5 3 -5 6 -7 -8
leaf_value=-0.017766532677434107 -0.015320928768257136 0.020976111256311679 -0.0088364742451417771 0.0067663041404337834 0.0090854642784523754 -0.00024216520723311519 -0.0076604489621084704
leaf_weight=9.8372808247804659 9.7158518433570844 12.995802149176599 9.3407330513000471 59.771575897932053 8.3368719741702098 5.653430499136447 9.4473089501261693
leaf_count=48 51 66 50 291 43 30 45
internal_value=0.00158831 0.00423167 0.00133933 0.00425739 -0.00688972 0.014417 0
internal_weight=125.099 97.4774 78.8282 69.1123 27.6215 18.6492 17.7842
internal_count=624 488 392 341 136 96 88
is_linear=0
shrinkage=0.03


Tree=205
num_leaves=11
num_cat=0
split_feature=21 26 4 33 21 33 34 36 16 32
split_gain=2.21777 3.12296 3.02226 5.00921 4.03885 3.09853 4.50372 3.32687 1.7904 1.46356
threshold=0.019177465179409745 0.13714733542319751 0.0076230222668320921 0.82211843100382243 0.014138641001634091 0.37313054028623788 -0.007571289176768691 0.0065385107959399433 16.150314083584714 0.0021799487056569648
decision_type=2 2 2 2 2 2 2 2 2 2
left_child=2 -2 5 4 -4 6 -1 -7 -5 -3
right_child=1 9 3 8 -6 7 -8 -9 -10 -11
leaf_value=0.010323775287701195 -0.0040513817190540513 0.025311897028594207 -0.021255650047715336 0.011565127358972154 0.00085952683189416173 0.017939896262888281 -0.010492324037011056 -0.0019665558153004925 -0.0053316672034331982 0.0016004689458521237
leaf_weight=13.076448090374468 7.138228394091132 7.3849273808300477 19.351721577346328 11.923933885991575 9.2448989301919919 17.693234317004684 21.741655014455318 9.6552394926547986 6.5380723178386679 5.4509515464305878
leaf_count=65 38 42 90 59 47 84 107 47 36 29
internal_value=0.000919959 0.00966833 -0.000690085 -0.00639377 -0.014027 0.00345841 -0.002131 0.0107458 0.00491203 0.0178267
internal_weight=129.199 19.9741 109.225 47.0586 28.5966 62.1666 34.8181 27.3485 18.462 12.8359
internal_count=644 109 535 232 137 303 172 131 95 71
is_linear=0
shrinkage=0.03


Tree=206
num_leaves=10
num_cat=0
split_feature=20 5 4 34 38 36 14 14 0
split_gain=2.96897 2.91626 5.04125 5.07122 3.24989 2.82049 2.65687 3.35649 0.62232
threshold=0.020448951634311947 0.036763783673131607 -0.00084722324886399292 -0.007571289176768691 0.011230392882954493 0.0052270927749003245 -45.709746130819433 27.65620669460532 0.0027106127568606868
decision_type=2 2 2 2 2 2 2 2 2
left_child=1 2 3 -1 -4 -3 -2 -8 -7
right_child=6 5 4 -5 -6 8 7 -9 -10
leaf_value=0.016058326152704718 -0.0057849972311277776 -0.0026334210419193282 -0.017155781664392196 -0.0045921417113769869 0.0023844152944711042 0.0034024071830816333 0.023778536360490134 0.00015041847612202945 0.02264105939254539
leaf_weight=14.183127604424952 5.8851311579346683 10.493363723158838 27.340373985469341 28.36839298158884 8.050498500466345 5.4888115748763067 11.644983030855657 11.188352234661577 6.3529346436262131
leaf_count=69 34 50 129 138 41 30 66 55 32
internal_value=0.000904994 -0.00143996 -0.00430278 0.0023662 -0.0124199 0.00746654 0.00914193 0.0137493 0.0165875
internal_weight=128.996 100.278 77.9424 42.5515 35.3909 22.3351 28.7185 22.8333 11.8417
internal_count=644 489 377 207 170 112 155 121 62
is_linear=0
shrinkage=0.03


Tree=207
num_leaves=11
num_cat=0
split_feature=20 22 22 37 37 15 10 17 23 18
split_gain=2.81204 4.52663 4.36775 3.72812 2.14513 2.03739 2.36327 1.75932 1.62147 1.19686
threshold=0.020448951634311947 -0.085685280067975642 0.091111928462374606 0.03945629512461591 0.0057906735365333981 -25.020806490116733 0.0056288867026423892 -0.1292279793912465 0.76165509232574491 0.35362433517742375
decision_type=2 2 2 2 2 2 2 2 2 2
left_child=1 3 9 4 -1 -2 -7 -5 -4 -3
right_child=5 2 8 7 -6 6 -8 -9 -10 -11
leaf_value=-0.0034457525814779099 -0.0030534764841222525 0.022023598326069281 -0.014816720508619464 0.013113838420128827 -0.023334161919219505 0.022133688824277249 0.0012362037714263156 -0.0062080771475840468 0 0.005627959208005285
leaf_weight=11.17798698693514 6.8729688897728947 8.0472327396273631 5.9222510010004035 6.0462452992796898 13.727802723646162 10.861953705549242 10.890734151005743 6.1231599152088148 32.95553320646286 16.166094467043877
leaf_count=56 39 38 28 29 70 61 55 31 161 76
internal_value=0.000900353 -0.00137781 0.00332687 -0.00952817 -0.0158852 0.00893123 0.0132877 0.00282919 -0.0026167 0.0129138
internal_weight=128.792 100.166 63.0911 37.0752 24.9058 28.6257 21.7527 12.1694 38.8778 24.2133
internal_count=644 489 303 186 126 155 116 60 189 114
is_linear=0
shrinkage=0.03


Tree=208
num_leaves=10
num_cat=0
split_feature=5 5 28 15 11 33 3 18 13
split_gain=2.72711 3.78508 3.53745 3.29849 5.21719 2.25214 1.88214 3.61591 1.59346
threshold=0.036763783673131607 0.0063535314216512937 2.5000000000000004 -18.183703931745381 -0.036765150079140212 0.36775120916000398 0.0066131909783204721 0.93976918880404192 -2.8526177628613314
decision_type=2 2 2 2 2 2 2 2 2
left_child=1 3 -3 4 -1 -5 -2 -8 -4
right_child=6 2 8 5 -6 -7 7 -9 -10
leaf_value=0.011262782182758941 -0.0011023647245975462 0.0054474698045665773 -0.0010032800572637955 9.8068965905395445e-05 -0.014157131759053648 0.015483049556619471 0.01937382447532876 -0.004380806619065424 -0.020239161249919632
leaf_weight=9.0339097604155558 10.624764859676359 7.7231383025646236 7.344068840146071 18.929065681993961 18.002844117581844 17.493127960711718 16.866729713976387 6.0741910412907592 16.522964328527447
leaf_count=47 52 36 35 95 96 87 83 33 80
internal_value=0.000879608 -0.00161096 -0.00986293 0.0024436 -0.00495615 0.00829899 0.00804799 0.0126358 -0.0154352
internal_weight=128.615 95.0491 31.5902 63.4589 27.0368 36.4222 33.5657 22.9409 23.867
internal_count=644 476 151 325 143 182 168 116 115
is_linear=0
shrinkage=0.03


Tree=209
num_leaves=11
num_cat=0
split_feature=38 33 9 38 7 38 14 21 17 2
split_gain=2.01053 3.54689 6.61225 4.08804 3.35203 3.30469 2.31128 3.06262 2.07928 1.747
threshold=0.010738548210211953 0.24925149700598806 0.015562055861767343 0.0072506047088872526 -0.016309637033015911 0.0068288843421390735 28.627134251399642 0.013894814438024565 0.20300880650112776 -0.013334813260144183
decision_type=2 2 2 2 2 2 2 2 2 2
left_child=1 3 5 -1 -2 -3 7 -6 -4 -5
right_child=4 2 8 9 6 -7 -8 -9 -10 -11
leaf_value=-0.010639888415586151 -0.0082580480966729219 0.00053529327569143317 0.0096430710655280496 0.0024735615015599862 0.0020437598754124591 -0.021395571048490589 -7.0554448618098916e-05 0.024660334032205897 -0.0038017082591130214 0.024531801602695084
leaf_weight=5.2305458486080196 8.9308272153139097 6.5454032942652729 18.203322723507881 8.1144219636917114 11.831047937273981 21.006509602069855 10.715381339192389 12.307884905487297 17.663359247148037 7.8318548202514622
leaf_count=29 48 32 89 38 58 101 53 68 90 38
internal_value=0.000856142 -0.00171274 -0.00538983 0.00816676 0.00600501 -0.0159943 0.0103165 0.0151538 0.00277467 0.0156696
internal_weight=128.381 84.5954 63.4186 21.1768 43.7851 27.5519 34.8543 24.1389 35.8667 15.9463
internal_count=644 417 312 105 227 133 179 126 179 76
is_linear=0
shrinkage=0.03


Tree=210
num_leaves=10
num_cat=0
split_feature=12 15 31 12 34 34 5 20 5
split_gain=2.64744 4.16225 4.12493 3.795 2.86067 2.66593 2.44742 1.18957 0.847068
threshold=39.496451408535606 -9.9658452098024721 -2.4999999999999996 43.085096721460367 -0.007846026615542066 0.0094583292391010616 0.036763783673131607 0.016785630481543305 -0.054717485223794653
decision_type=2 2 2 2 2 2 2 2 2
left_child=2 5 -1 -3 -4 7 -5 -2 -6
right_child=1 3 4 6 8 -7 -8 -9 -10
leaf_value=0.009647088897238967 -0.0069448956016769882 0.016560255458805746 0 -0.0094660563395348417 -0.0054052589410740247 0.022052340224338531 0.0015349381588300388 0.0086573431141995904 -0.027439893926183272
leaf_weight=6.3655856549739864 5.5233446061611193 6.4540971890091887 9.6967487111687714 37.749893486499786 5.4843191504478481 10.25236279144883 28.976096160709858 7.6846481040120125 9.167644076049319
leaf_count=31 27 30 50 181 30 54 143 42 44
internal_value=-0.00104047 0.00129826 -0.00848716 -0.00211128 -0.0141698 0.0118532 -0.00456492 0.00109117 -0.0217328
internal_weight=127.355 96.6404 30.7143 73.1801 24.3487 23.4604 66.726 13.208 14.652
internal_count=632 477 155 354 124 123 324 69 74
is_linear=0
shrinkage=0.03


Tree=211
num_leaves=10
num_cat=0
split_feature=32 28 32 35 14 14 35 27 26
split_gain=3.17147 2.45037 1.96686 4.09501 5.04032 3.38746 2.73759 1.99339 0.522715
threshold=-0.0051438151545910573 9.5000000000000018 0.0049641984239345857 0.039258901764816286 -7.2815547154127662 -18.626898408161875 -0.0028213129801106236 1.5000000000000002 0.18027777777777779
decision_type=2 2 2 2 2 2 2 2 2
left_child=1 8 3 6 -5 -4 -2 -7 -1
right_child=2 -3 5 4 -6 7 -8 -9 -10
leaf_value=-0.021951686624895713 0.00060904476157264793 0.0033910018758592582 -0.017800599240935112 0.013989509093923921 -0.012663425847157725 -0.0068013278840618856 0.016166904591536975 0.0096621612691288085 -0.00661517435899608
leaf_weight=8.0538846477866226 20.526344083249569 6.342992551624774 9.628641754388811 6.8295028246939209 19.372226253151894 9.9384814351797122 23.860926896333694 11.977913558483122 10.636842012405394
leaf_count=39 103 31 52 32 91 51 122 59 52
internal_value=-0.00100223 -0.0102096 0.00126326 0.00412852 -0.004685 -0.00456513 0.00963218 0.0016248 -0.0154318
internal_weight=127.168 25.0337 102.134 70.589 26.2017 31.545 44.3873 21.9164 18.6907
internal_count=632 122 510 348 123 162 225 110 91
is_linear=0
shrinkage=0.03


Tree=212
num_leaves=12
num_cat=0
split_feature=32 28 16 4 4 32 25 34 9 9 16
split_gain=3.01786 2.34802 2.0145 3.70365 3.70303 3.21356 2.77651 2.22016 0.803914 1.24768 0.740245
threshold=-0.0051438151545910573 9.5000000000000018 -8.6430093862027508 -0.020949780466452513 0.015658036764676145 0.0049641984239345857 0.49394145677331525 0.0094583292391010616 0.01365430152749844 -0.027751636096235582 -14.566278676044606
decision_type=2 2 2 2 2 2 2 2 2 2 2
left_child=1 8 3 5 7 -2 -6 -4 9 -1 -5
right_child=2 -3 4 10 6 -7 -8 -9 -10 -11 -12
leaf_value=-0.0032488052607960185 0.013533259594082874 0.0033140209196412108 0.0022062685881216438 -0.0035969524097792045 -0.0062585394297242731 -0.010388688495460419 0.012407314925098166 0.018438063000650498 -0.0025240168292510598 -0.027176491794591057 -0.022824735539115033
leaf_weight=5.4074609801173246 10.346914988011127 6.3420937508344641 18.091740146279335 6.2120369225740433 31.483393713831902 6.1351515501737586 6.8644853904843322 16.376958221197128 6.5783294737339011 6.6901383996009844 6.4929009675979596
leaf_count=30 52 31 91 28 158 33 34 81 29 32 33
internal_value=-0.000980102 -0.00996516 0.00122866 -0.00499587 0.00399097 0.00365654 -0.00209609 0.0109179 -0.0150844 -0.0195234 -0.0162113
internal_weight=127.022 25.018 102.004 29.187 72.8166 16.4821 38.3479 34.4687 18.6759 12.0976 12.7049
internal_count=632 122 510 146 364 85 192 172 91 62 61
is_linear=0
shrinkage=0.03


Tree=213
num_leaves=7
num_cat=0
split_feature=1 20 25 31 1 18
split_gain=2.03096 2.14117 1.77377 3.33967 1.74434 1.45779
threshold=0.022159896662971138 0.012207660559584792 0.2259467040673212 1.5000000000000002 -0.01500358125411627 0.9331203149388444
decision_type=2 2 2 2 2 2
left_child=1 -1 3 -3 -4 -2
right_child=5 2 4 -5 -6 -7
leaf_value=0.011537551215278354 0.017233054035352798 -0.0028137464129650946 -0.0097112631827696149 -0.021231193118159478 0.0029087036165772857 0
leaf_weight=6.7795482873916617 6.7302255854010564 42.072079129517078 10.525202691555021 10.599404335021971 43.938695430755615 6.2544480264186859
leaf_count=31 36 208 52 55 219 31
internal_value=-0.000967398 -0.00240027 -0.00361497 -0.00743547 0 0.00924477
internal_weight=126.9 113.915 107.135 52.6715 54.4639 12.9847
internal_count=632 565 534 263 271 67
is_linear=0
shrinkage=0.03


Tree=214
num_leaves=11
num_cat=0
split_feature=12 14 31 34 7 6 36 25 28 37
split_gain=2.46248 4.59043 3.86236 2.70414 2.63429 2.4453 1.48179 4.64129 1.9501 0.590932
threshold=39.496451408535606 3.8633744383093931 -2.4999999999999996 -0.007846026615542066 -0.0088507867172403342 -0.0034345969120355151 0.0067321795170828909 0.23746867167919802 6.5000000000000009 0.010736221430679095
decision_type=2 2 2 2 2 2 2 2 2 2
left_child=2 6 -1 -4 -3 -6 8 -8 -2 -5
right_child=1 4 3 9 5 -7 7 -9 -10 -11
leaf_value=0.0093634390371621547 0.0014505672430687267 -0.015671098743741167 0 -0.0070891353882984957 0.01239034993381046 -0.0031062198910407476 -0.012766001456128266 0.01815747855958693 0.024191970023756375 -0.02728426460655195
leaf_weight=6.3520158827304867 7.332994017750031 10.070941030979155 9.65748836100102 6.5222897008061356 9.2688139081001264 46.791379548609257 6.9225942194461805 6.3638887852430344 9.5197805389761907 7.9961916208267212
leaf_count=31 39 47 50 34 43 230 34 34 50 40
internal_value=-0.000939444 0.00131361 -0.00814951 -0.0136878 -0.00295162 0 0.0107403 0.00150206 0.016296 -0.0210767
internal_weight=126.798 96.2704 30.528 24.176 66.1311 56.0602 30.1393 13.2865 16.8528 14.5185
internal_count=632 477 155 124 320 273 157 68 89 74
is_linear=0
shrinkage=0.03


Tree=215
num_leaves=11
num_cat=0
split_feature=19 10 12 8 33 40 20 19 33 20
split_gain=3.05858 4.04674 3.89547 4.44524 4.43023 3.88916 3.74706 3.54036 2.76133 2.14515
threshold=0.05696013603275573 0.00021165097534925351 40.041404075728202 0.013408475232030837 0.093736271119863143 0.0016464917232389411 0.012207660559584792 0.094444371313857009 0.37313054028623788 0.015135507259484723
decision_type=2 2 2 2 2 2 2 2 2 2
left_child=1 5 4 8 -2 -1 -3 -6 -4 -5
right_child=2 6 3 9 7 -7 -8 -9 -10 -11
leaf_value=-0.010068638804980618 0.011208016227561729 0.00044026019650407954 0.00013989071048162486 0.013492270803483117 0.00089745927254963149 0.017209793773440934 -0.025362815074256185 -0.022990492602396388 0.021973861003517194 -0.0024231507256519554
leaf_weight=6.505517706274988 7.5501979961991337 6.5149700641632107 8.6804465129971522 7.619213141500949 7.636486858129504 7.9135160371661186 10.596512287855147 10.766139000654219 20.254778638482094 32.506353408098221
leaf_count=32 40 30 45 39 36 38 51 60 102 163
internal_value=0.00123002 -0.00643484 0.00400847 0.00776361 -0.00528793 0.00426155 -0.0157358 -0.0132263 0.0163412 0.000739953
internal_weight=126.544 31.5305 95.0136 69.0608 25.9528 14.419 17.1115 18.4026 28.9352 40.1256
internal_count=636 151 485 349 136 70 81 96 147 202
is_linear=0
shrinkage=0.03


Tree=216
num_leaves=12
num_cat=0
split_feature=19 10 40 19 2 16 19 37 37 2 21
split_gain=2.90846 3.84927 3.71159 2.34154 1.99721 3.39443 2.91481 1.75036 2.37444 1.77845 1.60801
threshold=0.05696013603275573 0.00021165097534925351 0.0016464917232389411 0.083258563362711549 0.012088070899482274 -3.2115670245742947 0.071559445169664573 0.03033309197705614 0.066194649529017338 -0.013334813260144183 0.0086961771285329632
decision_type=2 2 2 2 2 2 2 2 2 2 2
left_child=1 2 -1 4 5 -2 -6 9 -9 -5 -3
right_child=3 10 -4 7 6 -7 -8 8 -10 -11 -12
leaf_value=-0.0098493227064233354 0.0013603499409065801 -0.00069644028065498275 0.016795208914976267 -0.014651813291257587 -0.012868175917404728 0.023849582110935044 0.011269054187412945 0.011002813310311468 -0.007649901591528418 0 -0.021871435508242401
leaf_weight=6.4955520182847994 13.220848202705383 6.6178652048110989 7.9149391353130341 9.0073733255267161 6.432676784694193 12.799476027488708 7.6617573946714401 18.41305942833424 6.1794767752289763 21.161504030227661 10.426304370164869
leaf_count=32 64 31 38 48 33 62 39 96 30 113 50
internal_value=0.00120407 -0.00627521 0.00413443 0.0039169 0.00923744 0.0138709 0 0 0.00552895 -0.00486829 -0.0153739
internal_weight=126.331 31.4547 14.4105 94.8762 40.1148 26.0203 14.0944 54.7614 24.5925 30.1689 17.0442
internal_count=636 151 70 485 198 126 72 287 126 161 81
is_linear=0
shrinkage=0.03


Tree=217
num_leaves=9
num_cat=0
split_feature=19 10 38 20 20 36 3 19
split_gain=2.76958 3.67302 4.10817 3.54342 2.24106 2.25591 2.31146 1.94591
threshold=0.05696013603275573 0.00021165097534925351 0.009549777472014952 0.012207660559584792 0.013694959606451139 0.0039723801749447785 -0.0040435080301919881 0.0836946052267631
decision_type=2 2 2 2 2 2 2 2
left_child=1 2 -1 -3 -2 7 -7 -6
right_child=4 3 -4 -5 5 6 -8 -9
leaf_value=0.019062126702859641 0.020069524707298007 0.00056965722546881007 -0.0089683255815272422 -0.024494123127022555 0.022568800327653044 0.0062141875142645089 -0.0040840344346705386 0
leaf_weight=6.7692625746130961 5.3405926004052153 6.5154061168432262 7.6320225745439529 10.479341231286524 6.3413346707820875 31.461028225719929 45.254708983004093 6.3734123334288597
leaf_count=33 25 30 37 51 29 165 233 33
internal_value=0.00116193 -0.00613971 0.00401052 -0.0150473 0.00381274 0.00226008 0 0.0130276
internal_weight=126.167 31.396 14.4013 16.9947 94.7711 89.4305 76.7157 12.7147
internal_count=636 151 70 81 485 460 398 62
is_linear=0
shrinkage=0.03


Tree=218
num_leaves=12
num_cat=0
split_feature=27 40 5 35 3 5 21 10 13 12 6
split_gain=2.09483 3.98442 2.22898 3.81384 2.62731 2.54229 2.41252 2.19258 1.52423 3.02226 1.48407
threshold=1.5000000000000002 0.039505540184928585 0.036763783673131607 0.0093631223656627256 -0.0051567353888972703 0.065075267472714873 0.012092205838341624 0.023935304007852935 -4.2727197474527463 54.69622331691297 0.0087841261963124435
decision_type=2 2 2 2 2 2 2 2 2 2 2
left_child=1 8 4 -4 6 -5 -2 -3 -1 -10 -6
right_child=2 7 3 5 10 -7 -8 -9 9 -11 -12
leaf_value=-0.019306591540445343 -0.0024315905587276661 0.01580243683308704 -0.0016430491827422438 0.032207029554510526 -0.010104684912185627 0.0024933849095934183 0.014180674720353999 -0.0040128747949412617 0.0043222787466429373 -0.015368582829194819 0.0023457701025739975
leaf_weight=8.9917244315147382 10.58557975292206 9.6895343959331495 8.8385760486125964 6.7294868081808072 18.261925198137764 5.9083425104618073 16.319069653749466 5.9717678949236861 13.610777258872988 9.9992377460002881 11.117401383817194
leaf_count=44 53 50 44 31 88 31 87 30 69 51 58
internal_value=0.00114704 -0.00350986 0.00424101 0.0120573 0.000689792 0.021579 0.00740967 0.0077986 -0.00951252 -0.00398036 -0.00506607
internal_weight=126.023 48.263 77.7604 21.4764 56.284 12.6378 26.9046 15.6613 32.6017 23.61 29.3793
internal_count=636 244 392 106 286 62 140 80 164 120 146
is_linear=0
shrinkage=0.03


Tree=219
num_leaves=9
num_cat=0
split_feature=19 38 20 38 19 17 19 33
split_gain=2.57838 2.24642 2.16022 2.17164 7.71436 3.13774 1.77395 1.6925
threshold=0.05696013603275573 0.0082995910688003858 0.013781668374041255 0.010694077168885601 0.081165335690756416 3.7870328100522177 0.041422007203536573 0.48353580562659854
decision_type=2 2 2 2 2 2 2 2
left_child=1 6 -2 5 -5 -4 -1 -3
right_child=2 7 3 4 -6 -7 -8 -9
leaf_value=-0.0086469667161212151 0.019260139134747802 -0.00073179708849637956 0.001683390476380085 0.022427803884049875 -0.002852004964446072 -0.016010621023654806 0.0093926449541212372 -0.021906322979453309
leaf_weight=6.1212790533900288 5.6666283980011931 7.83685255050659 38.924617268145084 15.693731561303137 24.996719039976597 9.2939326390624029 9.5650470703840238 7.7531981393694878
leaf_count=29 27 36 195 79 133 51 47 39
internal_value=0.00111936 -0.00593374 0.00368174 0.00212197 0.00714063 -0.00193018 0.00132317 -0.0134084
internal_weight=125.852 31.2764 94.5756 88.909 40.6905 48.2185 15.6863 15.5901
internal_count=636 151 485 458 212 246 76 75
is_linear=0
shrinkage=0.03


Tree=220
num_leaves=8
num_cat=0
split_feature=11 11 5 28 0 34 6
split_gain=2.64851 2.28964 2.97991 3.84995 2.42915 2.40381 1.91894
threshold=-0.034629222856926982 -0.016609403989048529 0.002886991952282703 9.5000000000000018 -0.0098070388383805756 0.0060340505761616878 0.0049445419406506886
decision_type=2 2 2 2 2 2 2
left_child=6 5 3 -3 -4 -2 -1
right_child=1 2 4 -5 -6 -7 -8
leaf_value=0.021014352284572973 -0.022065736594480773 0.00107328896461903 0.010112478640872787 0.021072428459577405 -0.0050703592541248401 0 0
leaf_weight=8.2099710404872877 6.059469133615492 29.174162767827511 9.1299426704645139 11.682052284479139 51.815627567470074 7.2775140181183815 6.7448843047022811
leaf_count=43 33 146 42 62 260 38 35
internal_value=0.00173591 0 0.00169997 0.00785821 -0.00230855 -0.0107145 0.0128088
internal_weight=130.094 115.139 101.802 40.8562 60.9456 13.337 14.9549
internal_count=659 581 510 208 302 71 78
is_linear=0
shrinkage=0.03


Tree=221
num_leaves=8
num_cat=0
split_feature=11 15 16 21 15 6 13
split_gain=2.529 3.07862 2.76065 2.88494 2.17796 1.84221 1.50919
threshold=-0.034629222856926982 -24.141641056333643 11.291583408081399 0.018752165658725096 -4.7973687572418742 0.0049445419406506886 1.2516946774610711
decision_type=2 2 2 2 2 2 2
left_child=5 6 4 -4 -3 -1 -2
right_child=1 2 3 -5 -6 -7 -8
leaf_value=0.020619727982734187 0 0.012554675262267397 -0.015174290835229457 0.0054151822796253682 0.0012113410960143721 0 -0.022694709931781291
leaf_weight=8.155194126069544 5.5492306351661664 20.076068319380283 13.3219141215086 7.488179385662078 63.212244093418121 6.7448843047022811 5.3559073060750961
leaf_count=43 30 103 70 38 307 35 33
internal_value=0.00170538 0 0.0017911 -0.0072827 0.00435174 0.0125451 -0.0137232
internal_weight=129.904 115.004 104.098 20.8101 83.2883 14.9001 10.9051
internal_count=659 581 518 108 410 78 63
is_linear=0
shrinkage=0.03


Tree=222
num_leaves=7
num_cat=0
split_feature=11 14 4 7 19 36
split_gain=2.42295 3.58903 3.42532 3.7215 3.02666 2.57872
threshold=-0.034629222856926982 -47.304957325670323 -0.024588853805575569 -0.0088507867172403342 0.12495558326143165 0.0077178602729215352
decision_type=2 2 2 2 2 2
left_child=4 -2 5 -4 -1 -3
right_child=1 2 3 -5 -6 -7
leaf_value=0.021808053099510109 -0.018816361168476618 0.018895581165031549 -0.015680013979048009 0.0014043694522850561 -0.0022549725454482912 -0.0016975968196064044
leaf_weight=8.9911978989839536 6.389461174607276 13.591992489993574 11.282592996954916 77.546540275216103 5.8544269204139701 6.0443305745720854
leaf_count=45 42 72 54 383 33 30
internal_value=0.0016593 0 0.00153356 -0.000897933 0.0122872 0.0122925
internal_weight=129.701 114.855 108.465 88.8291 14.8456 19.6363
internal_count=659 581 539 437 78 102
is_linear=0
shrinkage=0.03


Tree=223
num_leaves=12
num_cat=0
split_feature=26 26 23 37 35 26 40 4 8 40 19
split_gain=2.08037 4.10452 3.87441 2.58201 3.2827 3.15288 2.0805 1.83909 1.32485 1.1991 1.12147
threshold=0.10566188197767147 0.04819976771196284 0.97601527254541831 -0.00049931304272798893 0.014752023384207781 0.17752100840336138 0.024827067041170662 0.023215038516077095 0.0059581840525170038 -0.026827170582612966 0.10941685124829753
decision_type=2 2 2 2 2 2 2 2 2 2 2
left_child=1 2 6 4 10 -5 -1 -7 -3 -6 -2
right_child=3 8 -4 5 9 7 -8 -9 -10 -11 -12
leaf_value=-0.016469153477428399 -0.0067610730786942129 -0.022439990190625727 0.016565105679365311 0.013450418717481668 0.0050095505094435253 0.0011123129604693738 0.0042404761085052299 -0.010134017579238817 -0.0027683095812305915 0.028466029155546014 0.0089101914212103301
leaf_weight=6.4053494483232516 7.1408789753913897 8.0340885668993014 10.044075109064577 11.969937764108179 6.0544008240103722 35.656274497509003 6.0451061949133873 16.898516669869423 8.2865863889455778 7.5395421832799894 5.4500726461410522
leaf_count=32 35 38 54 59 32 181 32 89 41 35 31
internal_value=0.00160659 -0.00388198 0.00388648 0.00415006 0.011761 0.000575262 -0.0061807 -0.00246784 -0.0146633 0.0209634 0
internal_weight=129.525 38.8152 22.4945 90.7096 26.1849 64.5247 12.4505 52.5548 16.3207 13.5939 12.591
internal_count=659 197 118 462 133 329 64 270 79 67 66
is_linear=0
shrinkage=0.03


Tree=224
num_leaves=8
num_cat=0
split_feature=11 15 4 7 26 6 13
split_gain=2.33287 2.87373 3.75981 4.90566 2.52708 1.76331 1.44999
threshold=-0.034629222856926982 -24.141641056333643 -0.024588853805575569 -0.0088507867172403342 0.17752100840336138 0.0049445419406506886 1.2516946774610711
decision_type=2 2 2 2 2 2 2
left_child=5 6 4 -4 -3 -1 -2
right_child=1 2 3 -5 -6 -7 -8
leaf_value=0.019971014175602552 0 0 -0.018441972115101065 0.0017151092067726665 0.020899471173064135 0 -0.022239873046545237
leaf_weight=8.0573911145329458 5.5303112491965276 8.2278091087937373 10.589643150568007 73.567250236868858 11.421647176146505 6.739673674106597 5.2746440023183823
leaf_count=43 30 42 51 365 60 35 33
internal_value=0.00157202 0 0.00166472 -0.00101642 0.0128738 0.0120137 -0.0133821
internal_weight=129.408 114.611 103.806 84.1569 19.6495 14.7971 10.805
internal_count=659 581 518 416 102 78 63
is_linear=0
shrinkage=0.03


Tree=225
num_leaves=11
num_cat=0
split_feature=19 38 5 8 25 5 27 5 3 21
split_gain=3.20149 4.71111 4.33781 3.06777 2.59073 2.8257 3.5518 2.66845 2.04743 1.64139
threshold=0.057421593031693127 0.0083504229952598066 -0.001154613785516567 -0.0080216905514996131 0.23746867167919802 0.0095527962408206175 2.5000000000000004 -0.055407249213976377 0.020715280233497894 0.012092205838341624
decision_type=2 2 2 2 2 2 2 2 2 2
left_child=1 2 -1 -3 7 9 -7 -2 -9 -6
right_child=4 3 -4 -5 5 6 -8 8 -10 -11
leaf_value=0.01938176203895043 -0.016580596910153282 0 -0.0082190003862018506 -0.029218351546926313 0.0019295483202300015 -0.008192373962016726 0.013392076776552145 0.0065021984007711409 -0.0067515715937099263 0.021274865615269214
leaf_weight=6.5641614049673125 6.6582896411418906 6.1230429708957663 10.198559895157814 8.159953795373438 8.2205807939171809 14.291123911738397 9.743809945881365 26.882390588521957 13.855183176696299 14.210091192275284
leaf_count=33 36 28 48 41 42 74 49 137 71 80
internal_value=0.00052035 -0.00740052 0.00270369 -0.0190557 0.00339648 0.00832342 0.000338431 -0.00127152 0.0015385 0.0155374
internal_weight=124.907 31.0457 16.7627 14.283 93.8615 46.4656 24.0349 47.3959 40.7376 22.4307
internal_count=639 150 81 69 489 245 123 244 208 122
is_linear=0
shrinkage=0.03


Tree=226
num_leaves=12
num_cat=0
split_feature=5 9 9 26 34 34 35 1 11 34 34
split_gain=2.61302 2.96537 2.98124 2.90828 2.05989 1.84547 2.61807 1.66514 1.19908 0.767132 0.752036
threshold=-0.023642969320540604 0.0030079517118761444 -0.032243363011691777 0.26220238095238102 0.016229913177655656 -0.012466109534901402 0.061681692288194097 -0.0040341037796285941 -0.0086747468180746728 -0.033485375645923569 0.01434313344237126
decision_type=2 2 2 2 2 2 2 2 2 2 2
left_child=3 2 -2 4 7 9 -7 -1 -5 -3 -4
right_child=1 5 10 8 -6 6 -8 -9 -10 -11 -12
leaf_value=0.0022421534621510295 0.0046797402106579121 0 -0.021625680942601953 0.0037467683135193625 0.011634261092969309 0.0072542799300424586 -0.0091064873066522851 -0.01565686740187457 0.024250874886613961 -0.012204116335371301 -0.0044098290317959145
leaf_weight=6.388038530945777 6.1029540970921543 6.2657384425401679 10.798528552055361 7.5425329208374023 6.2599618062376967 42.401462040841579 8.4671133607625944 6.9432150870561626 7.4321820810437185 8.6326174885034543 7.4415771439671508
leaf_count=36 32 30 55 43 31 211 42 39 41 43 36
internal_value=0.000495815 -0.00207977 -0.0106477 0.00736684 0 0.00109088 0.00400582 -0.00692804 0.0164652 -0.00727033 -0.0164729
internal_weight=124.676 90.11 24.3431 34.5659 19.5912 65.7669 50.8686 13.3313 14.9747 14.8984 18.2401
internal_count=639 449 123 190 106 326 253 75 84 73 91
is_linear=0
shrinkage=0.03


Tree=227
num_leaves=11
num_cat=0
split_feature=19 38 38 8 20 11 14 38 20 19
split_gain=3.02109 4.49957 3.56829 2.91853 1.86843 3.1026 2.70595 2.8114 2.44608 1.47655
threshold=0.057421593031693127 0.0083504229952598066 0.0071439465349373158 -0.0080216905514996131 0.018692807141704789 -0.016057880913976526 24.212167806542542 0.010738548210211953 0.015247028750642789 0.12998537811014835
decision_type=2 2 2 2 2 2 2 2 2 2
left_child=1 2 -1 -3 5 -2 7 -6 -7 -8
right_child=4 3 -4 -5 6 8 9 -9 -10 -11
leaf_value=-0.0095710157905074724 -0.0054794739607571651 0 0.015057608431449753 -0.028651379231240157 -0.007623809618548168 0.021367539474493397 -0.01581141673545168 0.011586493958674468 0.004604795889540607 0
leaf_weight=8.0716155767440849 10.971253439784048 6.1144397109746924 8.664546534419058 8.0708270743489248 8.0839717164635676 12.533395193517206 10.821706995368006 17.019409492611885 27.619733653962612 6.5807468444108954
leaf_count=40 59 28 41 41 45 66 54 99 134 32
internal_value=0.000478679 -0.00722811 0.00262524 -0.018668 0.00327864 0.0070751 -0.00106329 0.00474074 0.0109585 -0.00983446
internal_weight=124.552 30.9214 16.7362 14.1853 93.6302 51.1244 42.5058 25.1034 40.1531 17.4025
internal_count=639 150 81 69 489 259 230 144 200 86
is_linear=0
shrinkage=0.03


Tree=228
num_leaves=11
num_cat=0
split_feature=19 38 38 8 25 22 14 10 18 25
split_gain=2.88379 4.31401 3.40473 2.80548 2.45043 3.93956 2.91421 2.46129 1.86688 1.6199
threshold=0.057421593031693127 0.0083504229952598066 0.0071439465349373158 -0.0080216905514996131 0.23746867167919802 0.048847361343708491 56.008600589419082 -0.024868607830686059 0.89546254033739758 0.39202437731849499
decision_type=2 2 2 2 2 2 2 2 2 2
left_child=1 2 -1 -3 7 6 -6 -2 -9 -7
right_child=4 3 -4 -5 5 9 -8 8 -10 -11
leaf_value=-0.0093536437009448369 -0.017579019516884925 0 0.014714520833765867 -0.02817751330101835 0.019574559314858131 0.0072636036122430648 -0.0017284456366390771 0.0041545389014984108 -0.011416615743952261 -0.008785268549697977
leaf_weight=8.0581037104129845 5.2940663546323767 6.1144397109746933 8.6474674493074399 7.9951436966657621 21.90656760707498 7.0651871263980892 5.5854804068803778 35.686935245990753 6.2853296995162955 11.646065272390841
leaf_count=40 30 28 41 41 117 37 31 182 32 60
internal_value=0.00045073 -0.0070897 0.00254429 -0.0183271 0.00319023 0.00800383 0.0149142 -0.00134455 0.00106843 -0.00188489
internal_weight=124.285 30.8152 16.7056 14.1096 93.4696 46.2033 27.492 47.2663 41.9723 18.7113
internal_count=639 150 81 69 489 245 148 244 214 97
is_linear=0
shrinkage=0.03


Tree=229
num_leaves=8
num_cat=0
split_feature=18 21 2 2 11 14 26
split_gain=2.11221 2.44871 4.38897 3.09011 2.56161 1.96755 1.84149
threshold=0.94800444352704039 0.013827292444050074 0.013786373466492254 0.0050778063799094006 -0.034629222856926982 5.1122194183749352 0.11348088531187124
decision_type=2 2 2 2 2 2 2
left_child=1 2 4 5 -1 -3 -5
right_child=-2 3 -4 6 -6 -7 -8
leaf_value=0.017762443194747752 -0.013397927826255191 0.0092131755123480274 -0.017744489606983063 0 -0.00060347028784990347 -0.0071083184504456085 0.019697820184633154
leaf_weight=5.6187898069620124 7.0554041266441336 8.8637964352965373 10.870152667164801 6.8391550406813648 54.706293724477291 14.810502417385576 15.311265576630829
leaf_count=27 40 56 55 35 270 70 86
internal_value=0.000408969 0.0015786 -0.00173873 0.00690336 0.00138159 -0.000171547 0.0144741
internal_weight=124.075 117.02 71.1952 45.8247 60.3251 23.6743 22.1504
internal_count=639 599 352 247 297 126 121
is_linear=0
shrinkage=0.03


Tree=230
num_leaves=8
num_cat=0
split_feature=11 15 14 20 40 20 40
split_gain=3.16914 5.69837 5.0995 3.44406 1.96963 1.58336 0.745167
threshold=-0.045073284214603097 -18.183703931745381 -7.9831515630105505 0.015086591891562988 -1.0000000180025095e-35 0.019932701849913182 0.017280220207760991
decision_type=2 2 2 2 2 2 2
left_child=-1 5 4 -4 -3 6 -2
right_child=1 2 3 -5 -6 -7 -8
leaf_value=0.017192879224609974 -0.0082102072690522533 0.00012006000473147633 0.0086128287877855047 -0.0051829300703551129 0.025763391771942569 -0.0007359234540270296 -0.026660960500264608
leaf_weight=6.8352769687771788 10.578385628759866 5.3544990941882142 20.948697969317436 52.383363239467144 8.1167161837220156 8.8941702619194967 6.7147750258445731
leaf_count=40 53 31 103 264 43 49 34
internal_value=0 -0.00144639 0.0021656 -0.000918758 0.0178734 -0.0132553 -0.018173
internal_weight=119.826 112.991 86.8033 73.3321 13.4712 26.1873 17.2932
internal_count=617 577 441 367 74 136 87
is_linear=0
shrinkage=0.03


Tree=231
num_leaves=9
num_cat=0
split_feature=21 15 23 9 8 20 12 32
split_gain=2.56085 4.14061 3.9743 2.63947 2.31812 2.73761 3.78299 2.07349
threshold=0.012092205838341624 -18.183703931745381 0.99366364034937471 0.023646894443842444 -0.033328933798413937 0.015086591891562988 40.041404075728202 0.0013447961472213834
decision_type=2 2 2 2 2 2 2 2
left_child=1 -1 3 -3 -2 -6 -7 -4
right_child=4 2 7 -5 5 6 -8 -9
leaf_value=-0.017721700198540052 0.018260960787299631 0.018328567289312668 -0.016406736583098668 -0.002917294934045766 0.014639198452910536 -0.017862190858721389 0.0020231171803822994 0.0021164963055037584
leaf_weight=14.365777269005774 6.6195730715990058 10.834264725446703 10.627481743693354 6.3087042868137351 9.5487473011016828 8.3361423611640912 46.343599203974009 6.6216010227799407
leaf_count=75 39 50 55 31 48 43 241 35
internal_value=0 -0.00527924 0.000194179 0.0102385 0.00349556 0.00124181 -0.00126714 -0.00903566
internal_weight=119.606 48.7578 34.3921 17.143 70.8481 64.2285 54.6797 17.2491
internal_count=617 246 171 81 371 332 284 90
is_linear=0
shrinkage=0.03


Tree=232
num_leaves=8
num_cat=0
split_feature=11 15 14 20 34 40 23
split_gain=3.0287 5.28511 4.87361 3.19211 2.412 1.86487 1.05434
threshold=-0.045073284214603097 -18.183703931745381 -7.9831515630105505 0.015086591891562988 0.016229913177655656 -1.0000000180025095e-35 1.0404238334363256
decision_type=2 2 2 2 2 2 2
left_child=-1 4 5 -4 6 -3 -2
right_child=1 2 3 -5 -6 -7 -8
leaf_value=0.016866726113699267 -0.024197168542959016 0.00011720764000555992 0.0082388769812208138 -0.0050475231397297199 0 0.025230407698740683 -0.0051110632416786084
leaf_weight=6.7894167974591246 10.745688334107404 5.3373496420681485 20.913422994315624 52.290114708244801 7.361961916089057 8.0206068158149684 7.9180728644132605
leaf_count=40 56 31 103 264 36 43 44
internal_value=0 -0.0014024 0.00207126 -0.000934128 -0.0128143 0.0174948 -0.0181042
internal_weight=119.377 112.587 86.5615 73.2035 26.0257 13.358 18.6638
internal_count=617 577 441 367 136 74 100
is_linear=0
shrinkage=0.03


Tree=233
num_leaves=11
num_cat=0
split_feature=21 35 37 13 12 16 23 18 32 5
split_gain=2.47354 4.20621 3.99038 3.72926 3.02957 4.38433 4.36505 2.38021 1.7166 1.48192
threshold=0.012092205838341624 0.049295465959295799 0.052660884431412265 -4.4251606706995466 57.526682974020979 9.7204144778565951 0.85192953004224681 0.77798791625910713 0.0012699786872507615 0.002886991952282703
decision_type=2 2 2 2 2 2 2 2 2 2
left_child=4 2 3 -2 6 -6 -1 -4 -8 -3
right_child=1 9 7 -5 5 -7 8 -9 -10 -11
leaf_value=0.0083832844820312634 -0.0028780929622489989 0 -0.015851361692729177 0.016794055548641544 0.018316994930205551 -0.010301174886369524 -0.021200196058819142 0.0061734216786437949 -0.0030699900427477145 -0.016732785826763994
leaf_weight=6.7061336040496817 9.2950738146901113 8.456794425845148 7.2133593559265119 32.136946804821491 8.2821798771619779 6.6382490769028655 16.70810025930405 5.7097252532839775 10.184828869998453 7.8201619982719413
leaf_count=33 50 48 35 169 41 35 83 31 54 38
internal_value=0 0.00346238 0.007583 0.012106 -0.00517983 0.00498537 -0.0101417 -0.00559193 -0.0155409 -0.00880129
internal_weight=119.152 70.6321 54.3551 41.432 48.5195 14.9204 33.5991 12.9231 26.8929 16.277
internal_count=617 371 285 219 246 76 170 66 137 86
is_linear=0
shrinkage=0.03


Tree=234
num_leaves=8
num_cat=0
split_feature=11 15 14 20 36 20 23
split_gain=2.85174 5.04205 4.6762 2.96478 1.65452 1.44941 1.06099
threshold=-0.045073284214603097 -18.183703931745381 -7.9831515630105505 0.015086591891562988 0.0068839950349469051 0.019932701849913182 0.89876565368576877
decision_type=2 2 2 2 2 2 2
left_child=-1 5 4 -4 -3 6 -2
right_child=1 2 3 -5 -6 -7 -8
leaf_value=0.016418299686583222 -0.0024553646581635803 0.025171077888709818 0.0079291136608136553 -0.0048858818063590333 0.0012313732446739506 -0.00051756999593710259 -0.022369117440174363
leaf_weight=6.7369831576943389 5.8681643158197465 7.4511082246899587 20.869676738977432 52.14172437787056 5.8285088017582893 8.8442704081535322 11.178040511906145
leaf_count=40 29 45 103 264 29 49 58
internal_value=0 -0.00136075 0.00203124 -0.000909112 0.017182 -0.0125388 -0.0172791
internal_weight=118.918 112.181 86.291 73.0114 13.2796 25.8905 17.0462
internal_count=617 577 441 367 74 136 87
is_linear=0
shrinkage=0.03


Tree=235
num_leaves=6
num_cat=0
split_feature=33 15 10 16 35
split_gain=3.16498 2.52822 3.45985 3.14195 2.97722
threshold=0.099608029275313509 -33.940909280908109 -0.019576926443005956 -2.1932083503617643 0.02770366715020767
decision_type=2 2 2 2 2
left_child=-1 3 -3 -2 -4
right_child=1 2 4 -5 -6
leaf_value=0.012841571603400111 -0.027731026680218377 0.015292878630930996 0.0024705392520909049 0 -0.0078862227502630965
leaf_weight=10.709271304309366 5.734391950070858 8.4060154408216459 44.59243980795145 7.6400179490447027 48.911896631121635
leaf_count=55 35 47 225 43 243
internal_value=-0.0011959 -0.00282453 -0.000935962 -0.0142457 -0.00284169
internal_weight=125.994 115.285 101.91 13.3744 93.5043
internal_count=648 593 515 78 468
is_linear=0
shrinkage=0.03


Tree=236
num_leaves=13
num_cat=0
split_feature=4 38 12 13 38 38 19 21 20 27 6 12
split_gain=3.12399 2.67651 2.6135 2.88683 2.47357 2.39181 4.9715 3.55323 3.41227 2.09993 1.83618 0.702275
threshold=0.0076230222668320921 0.0092717281377343776 39.658529497239186 -0.93572066776603069 0.0071439465349373158 0.010694077168885601 0.081165335690756416 0.019177465179409745 0.015135507259484723 2.5000000000000004 0.0019709162161490215 59.937470937772382
decision_type=2 2 2 2 2 2 2 2 2 2 2 2
left_child=1 4 9 -4 -1 7 -7 8 -2 -3 -6 -8
right_child=5 2 3 -5 10 6 11 -9 -10 -11 -12 -13
leaf_value=-0.0020602921467315857 -0.0021681142513195637 -0.021189832728212187 0.014234696582130455 -0.0056019446252296339 0.019135868158418671 0.016995820964607403 0 0.0067920083814902703 -0.02334352355201692 0 0 -0.014423644045608473
leaf_weight=9.4977615773677844 14.168582387268545 7.182660259306429 10.292038559913635 11.296468641608953 16.332101859152321 8.8583118170499819 5.4535416290163976 6.310084030032157 16.81342850625515 6.0243598222732544 6.0338255763053885 7.6056479886174202
leaf_count=53 69 40 53 62 77 46 26 32 85 33 30 42
internal_value=-0.00115763 0.00311185 -0.00227729 0.00362411 0.00922673 -0.00615396 0.00109139 -0.0106328 -0.0148331 -0.0121182 0.0144111 -0.00952525
internal_weight=125.869 66.6592 34.7955 21.5885 31.8637 59.2096 21.9175 37.2921 30.982 13.207 22.3659 13.0592
internal_count=648 348 188 115 160 300 114 186 154 73 107 68
is_linear=0
shrinkage=0.03


Tree=237
num_leaves=13
num_cat=0
split_feature=4 38 28 23 38 23 38 33 19 34 20 35
split_gain=2.9562 2.53966 2.65748 2.54939 2.36048 2.30463 2.26801 5.66413 4.74129 4.44187 2.93095 1.32781
threshold=0.0076230222668320921 0.0092717281377343776 9.5000000000000018 0.84611172686466896 0.0071439465349373158 0.89437677418481598 0.010694077168885601 0.81248630604853789 0.081165335690756416 -0.0025029587638420443 0.015348362456977545 0.0020774092352950917
decision_type=2 2 2 2 2 2 2 2 2 2 2 2
left_child=1 4 3 -3 -1 -6 7 11 -8 -10 -9 -2
right_child=6 2 -4 -5 5 -7 8 10 9 -11 -12 -13
leaf_value=-0.0020098530884265337 -0.0036958633695255553 0.0070158261828190925 0.0084024105925430033 -0.013228282890823059 0.0014811592268398116 0.022224901927076268 0.016591097367787577 0.014027852173296747 0.0063700503908924611 -0.023861399855117021 -0.0080084518660159046 -0.025686099633947287
leaf_weight=9.4942772239446658 5.8939894065260914 5.1895337328314808 11.033258803188799 18.537738911807537 10.427260130643846 11.875219598412512 8.8510672971606272 7.7168138399720219 6.316735178232193 6.7226155549287778 9.8660293072462064 13.709287770092486
leaf_count=53 29 27 59 102 48 59 46 40 34 34 50 67
internal_value=-0.00113277 0.00301868 -0.00222325 -0.00801634 0.00898549 0.0140637 -0.0060012 -0.0103712 0.00104123 -0.00931927 0.00134186 -0.020723
internal_weight=125.634 66.5573 34.7605 23.7273 31.7968 22.3025 59.0765 37.1861 21.8904 13.0394 17.5828 19.6033
internal_count=648 348 188 129 160 107 300 186 114 68 90 96
is_linear=0
shrinkage=0.03


Tree=238
num_leaves=13
num_cat=0
split_feature=4 15 35 4 26 1 13 7 9 5 20 20
split_gain=2.82127 2.07687 2.63252 2.91609 2.03625 1.99608 3.06662 2.16325 1.80122 1.35833 1.24618 1.07136
threshold=0.0076230222668320921 -33.940909280908109 0.032013706757763279 -0.021523433443718373 0.15849282296650721 0.009004033753073239 -2.5348499283489683 0.015209276703256008 -0.013360385993036678 0.036763783673131607 0.017433161264716505 0.018794117971709313
decision_type=2 2 2 2 2 2 2 2 2 2 2 2
left_child=1 4 8 -4 -1 6 10 -7 -3 -8 -2 -9
right_child=5 2 3 -5 -6 7 9 11 -10 -11 -12 -13
leaf_value=0.0039165738407242667 0.0089636286920853105 0.00068980462281948004 0.011750172312820601 -0.0079653581413155969 -0.016407875062566909 0.011201700315934465 -0.02415822875507229 -0.011349548736998701 0.017520730926411616 -0.0033180320418915604 -0.0073605381993300349 0.00076553393295507506
leaf_weight=5.8804992213845235 6.0721583366394061 11.276009649038317 8.145828843116762 17.549862541258335 6.8410651460289955 8.4849785342812556 11.31950928270817 10.335662931203844 16.789017826318741 6.8415508121252051 6.7304245680570602 9.1514323279261571
leaf_count=32 29 60 46 86 41 45 57 52 83 37 35 45
internal_value=-0.00109392 0.00295916 0.00568229 -0.000776526 -0.00673831 -0.00585921 -0.010861 0 0.011753 -0.0181594 0 -0.00542034
internal_weight=125.418 66.4823 53.7607 25.6957 12.7216 58.9357 30.9636 27.9721 28.065 18.1611 12.8026 19.4871
internal_count=648 348 275 132 73 300 158 142 143 94 64 97
is_linear=0
shrinkage=0.03


Tree=239
num_leaves=6
num_cat=0
split_feature=33 14 10 24 16
split_gain=2.82506 3.69884 3.61242 3.68512 0.763233
threshold=0.099608029275313509 -47.304957325670323 -0.019576926443005956 -0.79698822463768104 -3.0782993771764908
decision_type=2 2 2 2 2
left_child=-1 4 -3 -4 -2
right_child=1 2 3 -5 -6
leaf_value=0.012239009230197866 -0.024880675956015143 0.016861467584867767 0.015516674444925074 -0.0043204470975459347 -0.0032159663166928202
leaf_weight=10.618696317076681 5.5962042286992073 7.5288332588970652 7.0928131863474837 89.464465349912643 4.9329781830310804
leaf_count=55 35 41 34 454 29
internal_value=-0.00106309 -0.00261288 -0.000597694 -0.00242577 -0.0180614
internal_weight=125.234 114.615 104.086 96.5573 10.5292
internal_count=648 593 529 488 64
is_linear=0
shrinkage=0.03


Tree=240
num_leaves=12
num_cat=0
split_feature=21 23 23 22 20 35 1 2 26 7 18
split_gain=1.67358 3.73853 3.61186 3.51628 3.17763 2.61171 2.22065 2.08179 2.10758 1.6608 1.2198
threshold=0.013894814438024565 0.9251186176774816 0.95559284843362424 -0.10576594437699614 0.023005450665101197 -0.0028213129801106236 0.0064991288738714967 0.014288630918313673 0.059850746268656725 0.0072886187158837214 0.64628980879910058
decision_type=2 2 2 2 2 2 2 2 2 2 2
left_child=1 5 3 9 -4 -1 -7 8 -3 -2 -5
right_child=2 7 4 10 -6 6 -8 -9 -10 -11 -12
leaf_value=-0.0059155827657812301 0.019055063777660291 0.0094823225678724258 0.020436573918554846 -0.016419812919027971 -0.0014117070702535 0.018055110286544097 -0.00056174707285254737 -0.018376059233420759 -0.0070013168916738776 0 -0.00049740135924271453
leaf_weight=9.0692883282899874 5.7535527497530001 6.5641780346631995 14.948951758444311 9.2788690999150294 7.016245160251855 13.079147204756739 6.7310977950692168 10.846227660775183 28.715414971113205 5.669671505689621 10.626824378967283
leaf_count=48 30 31 81 48 40 61 33 57 142 31 55
internal_value=0.000362849 -0.00237689 0.0044365 -0.00175036 0.0132964 0.00556581 0.0115703 -0.00768617 -0.0031878 0.00991861 -0.00942575
internal_weight=128.299 75.0054 53.2941 31.3289 21.9652 28.8795 19.8102 46.1258 35.2796 11.4232 19.9057
internal_count=657 372 285 164 121 142 94 230 173 61 103
is_linear=0
shrinkage=0.03


Tree=241
num_leaves=11
num_cat=0
split_feature=36 35 19 36 19 12 15 3 28 35
split_gain=2.41681 3.21597 2.67534 2.88299 2.79061 2.59852 2.55289 2.51095 2.20615 2.19879
threshold=0.0062151404478681472 -0.04030005841724154 0.05696013603275573 0.0043722172064435483 0.1335465674825233 39.568739417682032 41.354659104490771 0.0061384792158675214 4.5000000000000009 0.0093631223656627256
decision_type=2 2 2 2 2 2 2 2 2 2
left_child=2 5 3 -1 9 -2 8 -5 -3 -4
right_child=1 6 4 7 -6 -7 -8 -9 -10 -11
leaf_value=-0.019355477827915989 -0.0060939850790745157 0 -0.00099122211239684914 0.013265938466934931 -0.006925196259169303 0.013689802953839996 0.0063217108816292647 -0.0092778482433918605 -0.017489892635638212 0.01367787001371481
leaf_weight=5.9609555304050472 8.0610064938664454 8.8820936530828494 9.3507288694381696 7.503558397293089 7.5595717504620543 11.249439455568789 5.3548751249909392 5.9000477939844131 22.053306892514229 36.198846310377121
leaf_count=30 41 44 50 35 38 59 29 30 118 183
internal_value=0.0003432 -0.00415055 0.00401103 -0.00474196 0.00753098 0.00493047 -0.00937954 0.00245255 -0.0127717 0.010436
internal_weight=128.074 55.6007 72.4737 19.3646 53.1091 19.3104 36.2903 13.4036 30.9354 45.5496
internal_count=657 291 366 95 271 100 191 65 162 233
is_linear=0
shrinkage=0.03


Tree=242
num_leaves=12
num_cat=0
split_feature=36 35 26 19 36 19 12 35 28 17 25
split_gain=2.25961 3.03768 3.04245 2.53562 2.76351 2.64912 2.47852 2.08776 1.81759 1.6536 0.631783
threshold=0.0062151404478681472 -0.04030005841724154 0.34131994261119086 0.05696013603275573 0.0043722172064435483 0.1335465674825233 39.568739417682032 0.0093631223656627256 5.5000000000000009 1.0000000180025095e-35 0.18490028490028493
decision_type=2 2 2 2 2 2 2 2 2 2 2
left_child=3 6 8 4 -1 7 -2 -5 -3 -6 -4
right_child=1 2 10 5 9 -7 -8 -9 -10 -11 -12
leaf_value=-0.0190037220434334 -0.0059486339047362096 -0.0029384818922883523 -0.0028042779780675935 -0.00096681655204660462 0.012364750260480723 -0.0067572828416530345 0.013367107163581219 0.013296175043690621 -0.021537406036504326 -0.0057392724335191998 0.0085689253811864676
leaf_weight=5.9266946986317661 8.0591302216053027 10.769214749336244 5.6691584363579732 9.3496682941913587 6.3524328619241697 7.5646196976304045 11.224052861332892 36.178593371063471 13.891043834388254 7.0329489335417747 5.8977125510573387
leaf_count=30 41 56 30 50 30 38 59 183 73 35 32
internal_value=0.000316711 -0.00402843 -0.00911932 0.00386832 -0.0046548 0.00729723 0.00478919 0.0101341 -0.0148076 0.00236804 0.00229739
internal_weight=127.915 55.5103 36.2271 72.405 19.3121 53.0929 19.2832 45.5283 24.6603 13.3854 11.5669
internal_count=657 291 191 366 95 271 100 233 129 65 62
is_linear=0
shrinkage=0.03


Tree=243
num_leaves=11
num_cat=0
split_feature=36 20 28 6 19 36 19 18 3 34
split_gain=2.12659 2.4953 3.06116 3.96811 2.40028 2.65169 2.51491 2.44492 2.35101 1.47159
threshold=0.0062151404478681472 0.024670144129743481 5.5000000000000009 -0.012779458201222836 0.05696013603275573 0.0043722172064435483 0.1335465674825233 0.70285783575080474 0.0061384792158675214 -0.0014976955837296411
decision_type=2 2 2 2 2 2 2 2 2 2
left_child=4 2 9 -4 5 -1 7 -6 -7 -2
right_child=1 -3 3 -5 6 8 -8 -9 -10 -11
leaf_value=-0.018659201399181365 0.0084977896790532047 0.0098974828290422541 0.0051861971511682307 -0.01928789050524923 0.015065589136555408 0.012796914383230976 -0.0065935655682970171 5.5015657648023469e-05 -0.0090347671521873989 -0.0056460872587214099
leaf_weight=5.8924893364310291 11.168682865798475 7.3412160724401465 5.9768230691552189 20.319444574415684 27.964003339409828 7.4899849295616132 7.5694593936204901 17.541920855641365 5.875574454665184 10.594374120235441
leaf_count=30 58 40 29 109 148 35 38 85 30 55
internal_value=0.000281725 -0.00393507 -0.0066587 -0.0132217 0.00373216 -0.00456199 0.00707038 0.00984089 0.0022966 0.00108554
internal_weight=127.734 55.4005 48.0593 26.2963 72.3334 19.258 53.0754 45.5059 13.3656 21.7631
internal_count=657 291 251 138 366 95 271 233 65 113
is_linear=0
shrinkage=0.03


Tree=244
num_leaves=12
num_cat=0
split_feature=36 35 26 12 19 36 19 3 35 28 34
split_gain=1.99139 2.79754 2.89434 2.37125 2.28379 2.54212 2.39506 2.24704 1.96844 1.67022 0.444508
threshold=0.0062151404478681472 -0.04030005841724154 0.34131994261119086 39.568739417682032 0.05696013603275573 0.0043722172064435483 0.1335465674825233 0.0061384792158675214 0.0093631223656627256 5.5000000000000009 0.004429315374038457
decision_type=2 2 2 2 2 2 2 2 2 2 2
left_child=4 3 9 -2 5 -1 8 -7 -6 -3 -4
right_child=1 2 10 -5 6 7 -8 -9 -10 -11 -12
leaf_value=-0.018321685326800556 -0.0058412735279016192 -0.0028596786423311822 -0.0015181863205246413 0.013071151800117422 -0.0011386408139091519 0.012500950622784867 -0.0064339316382740798 -0.0088476468381058042 0.012667511493285856 -0.020822082511381169 0.0077400717421052161
leaf_weight=5.8583709597587612 8.0321705043315905 10.775768253952267 5.9028631299734098 11.165826417505739 9.353931747376917 7.4847238659858686 7.5741000622510901 5.862343467772007 36.110879544168711 13.729023747146128 5.6537545621395111
leaf_count=30 41 56 30 59 50 35 38 30 183 73 32
internal_value=0.000269937 -0.00381267 -0.00871757 0.00464628 0.00361333 -0.00447875 0.00687228 0.00221572 0.00958272 -0.014301 0.00237837
internal_weight=127.504 55.2594 36.0614 19.198 72.2443 19.2054 53.0389 13.3471 45.4648 24.5048 11.5566
internal_count=657 291 191 100 366 95 271 65 233 129 62
is_linear=0
shrinkage=0.03


Tree=245
num_leaves=8
num_cat=0
split_feature=20 21 13 3 18 8 27
split_gain=2.92139 2.51756 3.77447 2.60363 2.58283 2.01973 1.04867
threshold=0.012207660559584792 0.012349596176081017 3.2505028364316044 -0.0058546018002075808 0.21540582781038636 -0.015798063550306597 2.5000000000000004
decision_type=2 2 2 2 2 2 2
left_child=-1 2 3 -2 6 -6 -3
right_child=1 4 -4 -5 5 -7 -8
leaf_value=0.014678775552644433 -0.01166832587814211 0 -0.022880636472511845 0.0047435202013949044 -0.01387351160435157 0 0.020229425347717215
leaf_weight=6.5505626350641242 13.670890755951406 5.5118749812245351 10.895324617624281 16.363637588918209 9.3722289949655515 56.418100908398628 5.0797428525984287
leaf_count=31 72 30 60 85 51 292 31
internal_value=-0.00200268 -0.00329032 -0.00910318 -0.00252055 0 -0.00233972 0.0124554
internal_weight=123.862 117.312 40.9299 30.0345 76.3819 65.7903 10.5916
internal_count=652 621 217 157 404 343 61
is_linear=0
shrinkage=0.03


Tree=246
num_leaves=11
num_cat=0
split_feature=12 33 7 25 21 32 33 11 32 22
split_gain=2.72694 4.66063 2.4547 3.61577 2.75756 2.02889 2.3239 1.26515 0.992309 0.0947474
threshold=39.496451408535606 0.093736271119863143 0.014250567400903068 0.42607771706132364 0.018752165658725096 -0.0038018394326569389 0.74027513601981698 0.0064104020322516284 0.0058817827001546039 -0.0096035998517086645
decision_type=2 2 2 2 2 2 2 2 2 2
left_child=1 -1 5 4 -4 7 -7 -2 9 -3
right_child=2 8 3 -5 -6 6 -8 -9 -10 -11
leaf_value=0.0088108210147980291 0.020443053538801367 -0.0087105054016974447 -0.018848196043017094 0.0096498117611078637 0.0015823076107497147 -0.0034123033813325153 0.010744337940284522 0.0025343268987445154 -0.0021796501170625931 -0.025898972231237324
leaf_weight=6.6098529994487789 7.070380404591563 6.9965937659144437 15.486463971436029 6.7567714750766745 6.6461568400263777 37.284744832664728 12.156788431107996 10.737944819033144 5.9508173093199721 7.990030921995638
leaf_count=38 36 38 85 36 34 197 62 52 32 42
internal_value=-0.00194301 -0.00993548 0.000350074 -0.00652024 -0.0124689 0.00362112 5.93655e-05 0.011748 -0.0167598 -0.0207279
internal_weight=123.687 27.5473 96.1393 28.8894 22.1326 67.2499 49.4415 17.8083 20.9374 14.9866
internal_count=652 150 502 155 119 347 259 88 112 80
is_linear=0
shrinkage=0.03


Tree=247
num_leaves=8
num_cat=0
split_feature=20 21 13 36 12 13 3
split_gain=2.73002 2.39039 3.62501 3.03691 2.73043 2.70099 2.25163
threshold=0.012207660559584792 0.012349596176081017 3.2505028364316044 0.0048146880519967508 57.526682974020979 -0.59652024143025517 -0.027505842215723771
decision_type=2 2 2 2 2 2 2
left_child=-1 2 4 5 -2 -3 -5
right_child=1 3 -4 6 -6 -7 -8
leaf_value=0.01425702909828064 -0.0074194541813807652 0.022706786213261863 -0.022372300930144039 0.0085582904753805332 0.012169846523240137 0 -0.0057075249618646108
leaf_weight=6.5271116048097602 23.706441722810272 6.9143748879432669 10.795744240283964 9.7037998437881452 6.2404248416423789 8.2876414954662305 51.325226083397865
leaf_count=31 123 36 60 54 34 40 274
internal_value=-0.00188313 -0.00313436 -0.00881353 0 -0.00236152 0.0112195 -0.00300164
internal_weight=123.501 116.974 40.7426 76.231 29.9469 15.202 61.029
internal_count=652 621 217 404 157 76 328
is_linear=0
shrinkage=0.03


Tree=248
num_leaves=8
num_cat=0
split_feature=20 21 26 36 34 10 35
split_gain=2.60325 2.2811 3.09567 2.88602 2.48929 2.24525 1.75228
threshold=0.012207660559584792 0.012349596176081017 0.05634920634920635 0.0048146880519967508 -0.051469665498601762 0.0021853455218563416 0.045309562296746993
decision_type=2 2 2 2 2 2 2
left_child=-1 2 -2 5 -5 -3 -4
right_child=1 3 6 4 -6 -7 -8
leaf_value=0.013955003466596703 0.0079422031069077068 0.022755548448961733 -0.015911452352467069 0.014426230916310359 -0.0049551120664259769 0 0
leaf_weight=6.5118440091609946 6.06316815316677 5.892990216612815 25.669516615569592 4.4049281924962989 56.584253970533609 9.2663733214139921 8.8996811956167203
leaf_count=31 32 31 139 24 304 45 46
internal_value=-0.00181419 -0.00303995 -0.00859671 0 -0.00290356 0.0109737 -0.0121834
internal_weight=123.293 116.781 40.6324 76.1485 60.9892 15.1594 34.5692
internal_count=652 621 217 404 328 76 185
is_linear=0
shrinkage=0.03


Tree=249
num_leaves=10
num_cat=0
split_feature=12 33 13 10 34 33 26 35 35
split_gain=2.5695 4.40646 3.05162 3.03821 2.90155 2.96595 2.19541 2.07058 1.24796
threshold=39.496451408535606 0.093736271119863143 -0.93572066776603069 0.017966552652701199 -0.026885540229987955 0.74027513601981698 0.15294646873594245 0.039258901764816286 0.0093631223656627256
decision_type=2 2 2 2 2 2 2 2 2
left_child=1 -1 3 6 -4 -6 -2 -3 -5
right_child=2 7 4 8 5 -7 -8 -9 -10
leaf_value=0.0086893987194200783 0.00029077580366516719 -0.021498760080846554 0.01156540131852898 -0.01300525272899763 -0.013200753095255417 0.00066813467450332008 0.018769928793737307 0 0.0029455808142876444
leaf_weight=6.5722537189722088 11.095415584743025 14.976906269788744 6.985890954732894 5.7426363006234151 26.120597511529922 23.238926969468594 16.127360202372074 5.7935353443026534 6.4651247560977936
leaf_count=38 57 85 38 30 138 120 84 27 35
internal_value=-0.00173232 -0.00952939 0.000489611 0.00683788 -0.00377793 -0.00660734 0.0122869 -0.0162099 -0.00427655
internal_weight=123.119 27.3427 95.776 39.4305 56.3454 49.3595 27.2228 20.7704 12.2078
internal_count=652 150 502 206 296 258 141 112 65
is_linear=0
shrinkage=0.03


Tree=250
num_leaves=12
num_cat=0
split_feature=38 38 23 9 33 3 33 35 28 5 3
split_gain=2.31504 3.38469 2.63795 2.46029 3.74425 2.91398 2.10045 2.05358 1.36346 1.23184 1.07621
threshold=0.010924057165815543 0.011636098727044247 0.85666942287386705 0.015562055861767343 0.1832824362726386 0.010580935515122404 0.46536616161616168 -0.047831859373291867 5.5000000000000009 -0.045674321432620894 -0.0016717512808570587
decision_type=2 2 2 2 2 2 2 2 2 2 2
left_child=3 -2 -3 4 9 10 -6 -4 -7 -1 -5
right_child=1 2 7 5 6 8 -8 -9 -10 -11 -12
leaf_value=0.013312621010881077 0.021082456593957889 0.011579395680701949 0.0071854579628247497 0 -0.020756286155772657 0.00011781306213212936 -0.0037815742833134294 -0.011765723965191821 -0.015199025350496716 -0.0024694313954291623 0.015767170076150666
leaf_weight=5.7500119879841805 7.4843648225069037 10.045657321810724 4.9003053531050709 8.359731987118721 15.742952216416596 8.9790169373154622 16.286324582993984 14.260608665645121 6.4035864919424048 6.5011227428913099 10.314215093851089
leaf_count=31 41 52 28 40 85 47 77 78 36 32 50
internal_value=-0.000392882 0.00549739 0 -0.00340662 -0.00800012 0.00226232 -0.0132953 -0.00598915 -0.0064106 0.00471401 0.0100612
internal_weight=115.028 36.6909 29.2066 78.337 44.2804 34.0566 32.0293 19.1609 15.3826 12.2511 18.6739
internal_count=597 199 158 398 225 173 162 106 83 63 90
is_linear=0
shrinkage=0.03


Tree=251
num_leaves=11
num_cat=0
split_feature=38 22 20 22 21 21 34 19 38 3
split_gain=2.22724 3.45022 3.4123 2.7595 2.41186 2.40166 1.42561 2.19949 0.920423 0.541845
threshold=0.010187199206037384 -0.073952765832830433 0.017433161264716505 -0.20010472327387188 0.011513287302678072 0.014596966919582961 -0.011165414823275042 0.0653779496406416 0.012078042554052332 -0.010826250025479543
decision_type=2 2 2 2 2 2 2 2 2 2
left_child=1 5 4 8 -3 9 -5 -8 -2 -1
right_child=3 2 -4 6 -6 -7 7 -9 -10 -11
leaf_value=-0.003886574488696554 0.02381113639822495 0 -0.011624977022558311 0.0095148143321755595 0.015124837167245169 0.001081845236913819 -0.017588682370539337 0.0009336610716712525 0.0022347296798431331 -0.020702024191356815
leaf_weight=5.9386738762259546 5.5375377088785154 19.725364834070206 11.071096360683439 8.4724852629005891 13.447670787572859 6.9904698282480231 5.4204440191388157 19.679162558168173 5.1990501433610916 13.371261954307554
leaf_count=32 30 98 57 45 65 36 28 105 30 71
internal_value=-0.000362807 -0.00375396 0.00112479 0.00464134 0.00622539 -0.0119908 0 -0.00351573 0.0165323 -0.0170845
internal_weight=114.853 70.5445 44.2441 44.3087 33.173 26.3004 33.5721 25.0996 10.7366 19.3099
internal_count=597 359 220 238 163 139 178 133 60 103
is_linear=0
shrinkage=0.03


Tree=252
num_leaves=12
num_cat=0
split_feature=38 22 20 22 21 21 9 14 37 36 38
split_gain=2.1333 3.27589 3.23881 2.65804 2.30391 2.29515 1.48783 2.04806 1.36558 0.933668 0.880083
threshold=0.010187199206037384 -0.073952765832830433 0.017433161264716505 -0.20010472327387188 0.014596966919582961 0.011513287302678072 -0.013360385993036678 47.70715181280594 -0.028990783324355226 0.0073652107951238102 0.012078042554052332
decision_type=2 2 2 2 2 2 2 2 2 2 2
left_child=1 4 5 10 9 -3 8 -8 -5 -1 -2
right_child=3 2 -4 6 -6 -7 7 -9 -10 -11 -12
leaf_value=-0.020793509628631711 0.023406157063544326 0 -0.011343048694861241 0.0011947456618430995 0.0010566050398948471 0.014741483281521793 0.010173903894438861 -0.0073696377726628045 -0.016061879051069053 -0.0020787593350722212 0.0021865926135846495
leaf_weight=13.589743785560136 5.4995320588350278 19.725364834070206 11.055821090936659 5.0519809648394585 6.9905069321393958 13.435650676488875 16.217865228652958 6.2496064305305472 6.0140711739659292 5.6613514050841323 5.19814383238554
leaf_count=73 30 98 57 30 36 65 83 32 33 30 30
internal_value=-0.000345266 -0.00366856 0.00107697 0.00455383 -0.0117059 0.00605406 0 0.00447738 -0.00805872 -0.0167093 0.0162451
internal_weight=114.69 70.4584 44.2168 44.2312 26.2416 33.161 33.5335 22.4675 11.0661 19.2511 10.6977
internal_count=597 359 220 238 139 163 178 115 63 103 60
is_linear=0
shrinkage=0.03


Tree=253
num_leaves=10
num_cat=0
split_feature=38 15 15 38 26 17 5 33 28
split_gain=2.04291 3.88019 3.61098 3.16441 2.63132 2.33911 3.15385 2.13055 1.84334
threshold=0.010924057165815543 54.350490189900604 107.48241916370625 0.011636098727044247 0.075370257658754325 5.8240982990731629 0.002886991952282703 0.1832824362726386 6.5000000000000009
decision_type=2 2 2 2 2 2 2 2 2
left_child=1 4 -3 -2 8 6 -5 -6 -1
right_child=3 2 -4 5 7 -7 -8 -9 -10
leaf_value=-0.0050435002085613342 0.020337939589443559 0.02104890534537851 -0.0055824147309701542 0.005011522173469481 0.0017948086653845163 0.014667355220961888 -0.015077807430217378 -0.012526874091620515 0.013767302780565583
leaf_weight=6.8319144323468191 7.4068564511835566 8.2600694447755796 5.8171429485082617 12.554246291518217 9.129313260316847 5.7693454921245566 10.785665966570376 41.074118986725807 6.896050289273262
leaf_count=37 41 42 28 69 46 32 57 209 36
internal_value=-0.000334028 -0.00317908 0.00978557 0.00520382 -0.00647155 0 -0.00413738 -0.0096662 0.00400121
internal_weight=114.525 78.0086 14.0772 36.5161 63.9314 29.1093 23.3399 50.2034 13.728
internal_count=597 398 70 199 328 158 126 255 73
is_linear=0
shrinkage=0.03


Tree=254
num_leaves=13
num_cat=0
split_feature=38 38 21 10 5 9 33 3 33 5 5 3
split_gain=1.94263 3.02238 2.60267 3.50608 3.10435 2.28927 3.4406 2.72125 2.01894 1.3259 1.13152 1.0215
threshold=0.010924057165815543 0.011636098727044247 0.014052569446915046 0.013555483410867987 -0.0067843256716882397 0.015562055861767343 0.1832824362726386 0.010580935515122404 0.46536616161616168 0.049739978088855448 -0.045674321432620894 -0.0016717512808570587
decision_type=2 2 2 2 2 2 2 2 2 2 2 2
left_child=5 -2 4 -4 -3 6 10 11 -8 -9 -1 -7
right_child=1 2 3 -5 -6 7 8 9 -10 -11 -12 -13
leaf_value=0.012877392448833555 0.01993504203219798 0.0035868628789708329 0.017632169994914956 -0.0081435536240963124 -0.021260953299805391 0 -0.019972094521181361 -0.014764809806463193 -0.0033576670964439127 0.00038927948409120503 -0.0022024142385497891 0.015509888849781705
leaf_weight=5.7273476868867874 7.3708273544907561 6.8790679126977921 10.367161259055136 5.2768971249461165 6.517392463982107 8.2991389483213425 15.579034231603147 6.3175586834549895 16.230150543153286 8.9336462020874006 6.4985954836010915 10.277885183691978
leaf_count=31 41 34 60 29 35 40 85 36 77 47 32 50
internal_value=-0.000293291 0.00511224 0 0.00815006 -0.00871888 -0.00307363 -0.00752708 0.00240145 -0.0126386 -0.00600253 0.0046247 0.00994268
internal_weight=114.275 36.4113 29.0405 15.6441 13.3965 77.8634 44.0351 33.8282 31.8092 15.2512 12.2259 18.577
internal_count=597 199 158 89 69 398 225 173 162 83 63 90
is_linear=0
shrinkage=0.03


Tree=255
num_leaves=10
num_cat=0
split_feature=27 38 16 20 15 40 20 16 19
split_gain=3.00717 2.95625 2.95937 2.48965 2.90123 2.76735 2.54061 2.40676 0.00783034
threshold=1.5000000000000002 0.015091371476366125 -15.246870443840107 0.020702683065143983 -6.0384095364124084 0.038752327677625382 0.01578369437986955 3.1802527376797731 0.076975530627356473
decision_type=2 2 2 2 2 2 2 2 2
left_child=3 2 8 4 6 -6 -1 -4 -2
right_child=1 -3 7 -5 5 -7 -8 -9 -10
leaf_value=-0.0092593529160927609 0.025587897536408329 -0.0098301886656234124 -0.0027030006148256762 0.0066404035951879645 -0.021118441587078641 0 0.013853111884754427 0.009336417860516524 0.0082504388766756562
leaf_weight=5.9755510464310628 5.2022797837853414 8.5985867753624898 26.465942978858948 10.274856045842169 15.756869316101076 10.117668829858301 6.7110991105437279 27.179239049553871 6.5793691575527191
leaf_count=32 26 48 140 57 80 53 34 139 39
internal_value=0.00068643 0.00455604 0.00690468 -0.00483252 -0.00843605 -0.0139555 0.0021671 0.00324352 0.0195967
internal_weight=122.861 74.0254 65.4268 48.836 38.5612 25.8745 12.6867 53.6452 11.7816
internal_count=648 392 344 256 199 133 66 279 65
is_linear=0
shrinkage=0.03


Tree=256
num_leaves=9
num_cat=0
split_feature=27 38 16 24 16 32 21 21
split_gain=2.85686 2.82111 2.86496 2.6701 2.27722 2.04556 1.42933 0.513514
threshold=1.5000000000000002 0.015091371476366125 -15.246870443840107 0.41839323467230449 3.1802527376797731 0.0030999628619481361 0.016727982449399405 0.0097311993411922076
decision_type=2 2 2 2 2 2 2 2
left_child=3 2 -2 6 -4 -5 7 -1
right_child=1 -3 4 5 -6 -7 -8 -9
leaf_value=-0.00064398712392665296 0.019261540185274154 -0.0095949906016152449 -0.0026282740581731489 0.011945550645214046 0.0090760090068254789 -0.0063363023399142741 0.00071061418192897496 -0.015117483140128188
leaf_weight=5.1554676815867486 11.730428069829939 8.5941721722483617 26.458836771547794 10.334504753351213 27.177699070423841 7.1246113926172248 6.2950143739581099 19.809171922504902
leaf_count=26 65 48 140 53 139 37 35 105
internal_value=0.000673329 0.00444751 0.00674646 -0.00471003 0.00314576 0.00382988 -0.00987422 -0.0129543
internal_weight=122.68 73.9611 65.367 48.7188 53.6365 17.4591 31.2597 24.9646
internal_count=648 392 344 256 279 90 166 131
is_linear=0
shrinkage=0.03


Tree=257
num_leaves=12
num_cat=0
split_feature=27 13 12 37 32 20 14 34 1 4 20
split_gain=2.70326 2.75843 2.46123 3.38136 2.98623 2.35382 3.03461 2.47221 1.79056 3.33527 0.570504
threshold=1.5000000000000002 -4.4251606706995466 53.944319669084983 0.042089253762411467 0.0015660526629126539 0.018599693717755526 15.690684012279236 -0.019337750235514924 0.011859873612159346 -0.024588853805575569 0.01593996134413889
decision_type=2 2 2 2 2 2 2 2 2 2 2
left_child=1 -1 4 -4 -3 6 7 -2 9 -7 -8
right_child=5 2 3 -5 -6 8 10 -9 -10 -11 -12
leaf_value=-0.016837350663659163 0.014850238814275484 0.019516766783756561 -0.017810811315207991 0.004148849669370608 -0.0024079280406784872 0.0072306926441097598 0.023488960387319024 -0.0027325553792993938 0.0075312560286215878 -0.016002099444582626 0.0054110740871341507
leaf_weight=10.512853629887102 7.7990664616227177 7.5475196018815067 10.733622163534166 9.6271083876490575 10.207574583590029 6.4775181896984622 9.372438468039034 22.782303392887115 8.3507229052484018 12.522588726133108 6.5840908363461486
leaf_count=54 39 41 57 48 56 43 47 115 46 68 34
internal_value=0.000650007 -0.00458828 -0.000164904 -0.00731448 0.00718507 0.00432522 0.00837233 0.00192747 -0.0021512 -0.00743299 0.0182984
internal_weight=122.517 48.6287 38.1158 20.3607 17.7551 73.8887 46.5379 30.5814 27.3508 19.0001 15.9565
internal_count=648 256 202 105 97 392 235 154 157 111 81
is_linear=0
shrinkage=0.03


Tree=258
num_leaves=9
num_cat=0
split_feature=27 38 3 20 20 15 37 20
split_gain=2.58337 2.65172 2.98347 2.81362 2.2911 2.72313 3.54238 2.34713
threshold=1.5000000000000002 0.015091371476366125 -0.023097060751299411 0.016189799197026986 0.020702683065143983 -6.0384095364124084 0.048813595121178673 0.01578369437986955
decision_type=2 2 2 2 2 2 2 2
left_child=4 2 -2 -4 5 7 -7 -1
right_child=1 -3 3 -5 -6 6 -8 -9
leaf_value=-0.008688016090613454 0.018598836731472626 -0.009364457718864615 0.010139283045067848 -0.0031425282028255948 0.0065215909164195269 -0.019834722379904086 0.0024365803564339187 0.013519423063372404
leaf_weight=5.9537495225667936 12.802174258977173 8.5781350284814817 23.432705879211426 29.005094178020954 10.220498159527777 18.495324544608597 7.1576141789555541 6.688705213367939
leaf_count=32 72 48 118 154 57 97 36 34
internal_value=0.000647731 0.00424278 0.00648035 0.00267158 -0.0044767 -0.00796225 -0.0133514 0.00227858
internal_weight=122.334 73.8181 65.24 52.4378 48.5159 38.2954 25.6529 12.6425
internal_count=648 392 344 272 256 199 133 66
is_linear=0
shrinkage=0.03


Tree=259
num_leaves=9
num_cat=0
split_feature=27 13 38 3 20 10 32 21
split_gain=2.43363 2.61632 2.52512 2.84936 2.66198 2.34721 3.21172 0.626696
threshold=1.5000000000000002 -4.4251606706995466 0.015091371476366125 -0.023097060751299411 0.016189799197026986 0.018853391751270768 0.0065279575562906542 0.012349596176081017
decision_type=2 2 2 2 2 2 2 2
left_child=1 -1 3 7 -5 6 -3 -2
right_child=2 5 -4 4 -6 -7 -8 -9
leaf_value=-0.016286822382459171 0.0033478747903038751 0.011120528132183297 -0.0091405606079310395 0.0098584768051836816 -0.0030550330499712992 -0.011687278463814338 -0.0084671141370877886 0.023307259017846024
leaf_weight=10.459771811962126 4.8676249459385854 18.888913460075859 8.5736662819981557 23.434096463024616 28.998104371130466 9.8277733325958234 9.2177018299698812 7.8760812319815159
leaf_count=54 25 100 48 118 154 52 50 47
internal_value=0.000634087 -0.00434277 0.00412634 0.00631503 0.00259114 -2.30451e-05 0.0040627 0.0181892
internal_weight=122.144 48.3942 73.7496 65.1759 52.4322 37.9344 28.1066 12.7437
internal_count=648 256 392 344 272 202 150 72
is_linear=0
shrinkage=0.03


Tree=260
num_leaves=7
num_cat=0
split_feature=20 21 23 15 26 34
split_gain=2.94601 2.03685 3.10711 3.2011 2.04792 1.70813
threshold=0.012207660559584792 0.021863952934933161 1.2082263286165082 -15.552713007384023 0.18786764705882356 0.0097892813297230114
decision_type=2 2 2 2 2 2
left_child=-1 2 3 -2 -3 -4
right_child=1 4 5 -5 -6 -7
leaf_value=0.016951293828553465 -0.010355407309078243 -0.0024851087336491755 -0.022657815784988242 0.002924625167732565 0.018539122724726385 0
leaf_weight=6.9683650434017173 19.365708287805319 4.9619085527956468 7.6313026174902898 66.987660057842731 7.0444590747356415 5.8961923569440842
leaf_count=34 105 30 42 348 41 33
internal_value=0.000313618 -0.00087036 -0.00244892 -5.07911e-05 0.00966526 -0.0148131
internal_weight=118.856 111.887 99.8809 86.3534 12.0064 13.5275
internal_count=633 599 528 453 71 75
is_linear=0
shrinkage=0.03


Tree=261
num_leaves=12
num_cat=0
split_feature=2 2 27 33 15 10 22 18 32 22 2
split_gain=2.22751 2.11763 2.90428 2.14376 3.03398 1.79904 1.55347 1.50586 1.2779 1.16683 0.80904
threshold=0.014039636732170015 -0.01168553906888614 2.5000000000000004 0.20762867985704289 -17.35506126362878 0.015470191670042268 -0.20010472327387188 0.93976918880404192 0.00021988249243665162 0.028713293116833908 0.026166410526674126
decision_type=2 2 2 2 2 2 2 2 2 2 2
left_child=1 2 6 -3 -5 8 -1 -7 -2 -4 -10
right_child=5 3 9 4 -6 7 -8 -9 10 -11 -12
leaf_value=0.00024976452613728156 0 0.020461230414054322 0.014560832825784477 -0.010511233366007476 0.006954690876283769 0.011193709555510805 -0.015843003682168448 -0.0070431309423094656 -0.023044076877424068 -0.00041937706012731602 -0.0037179282589494761
leaf_weight=5.6709472686052349 5.0161910429596963 6.6908937543630591 6.0285428836941701 8.8176905736327154 42.18251820653677 6.135367199778555 12.618469111621382 5.545765720307827 6.73835890740156 6.7372120395302773 6.5347282066941261
leaf_count=33 31 36 33 50 214 32 66 32 36 33 37
internal_value=0.000299345 0.00280946 -0.003069 0.00622195 0.0033692 -0.00637504 -0.0105811 0.00167524 -0.0119143 0.0066531 -0.0162442
internal_weight=118.717 88.7463 31.0552 57.6911 51.0002 29.9704 18.2894 11.6811 18.2893 12.7658 13.2731
internal_count=633 465 165 300 264 168 99 64 104 66 73
is_linear=0
shrinkage=0.03


Tree=262
num_leaves=6
num_cat=0
split_feature=20 33 15 11 15
split_gain=2.80018 1.9277 2.5475 4.27255 3.34647
threshold=0.012207660559584792 0.093736271119863143 -15.800982829657709 -0.043862453819362816 -4.7973687572418742
decision_type=2 2 2 2 2
left_child=-1 -2 3 -3 -4
right_child=1 2 4 -5 -6
leaf_value=0.016544276906091924 0.011168434335745424 0.0070960394911288218 0.014601591969186747 -0.017405803563328937 -0.002058022062049488
leaf_weight=6.9283219128847113 8.5188152268528921 6.985424846410754 10.810380294919012 18.408308304846287 66.937868114560843
leaf_count=34 47 40 61 106 345
internal_value=0.000281166 -0.000869315 -0.00219975 -0.0100922 0.000378394
internal_weight=118.589 111.661 103.142 25.3937 77.7482
internal_count=633 599 552 146 406
is_linear=0
shrinkage=0.03


Tree=263
num_leaves=11
num_cat=0
split_feature=2 21 19 22 40 22 32 23 40 18
split_gain=2.11274 4.91334 2.03701 3.93974 3.71374 1.87267 2.2715 1.66858 1.0785 0.20988
threshold=0.014039636732170015 0.014138641001634091 0.087011065236117333 -0.11773268555992132 0.014507882577158739 -0.25394942294332529 -0.0052903912873833994 0.90150959268455055 0.011756160150468988 0.86531274316599349
decision_type=2 2 2 2 2 2 2 2 2 2
left_child=2 9 5 8 -5 -1 -7 -3 -4 -2
right_child=1 7 3 4 -6 6 -8 -9 -10 -11
leaf_value=-0.004474952282625887 -0.024353665764882373 -0.0052838536186457863 0.015933758484513845 -0.022689523559635414 0.0014765374320844173 -0.0022936064745268034 0.01212005549361868 0.010961211783483507 0 -0.0057633119929566805
leaf_weight=9.1571636050939542 7.1083833687007445 7.8185218721628216 5.8021104410290709 9.9076258018612879 8.523396782577036 10.265716984868048 36.669165674597025 9.9452956393361074 8.2279299646615964 4.9960485100746155
leaf_count=51 39 42 33 54 47 52 185 57 43 30
internal_value=0.000291787 -0.00621583 0.00274121 -0.002826 -0.0117292 0.0062076 0.00869604 0.00324104 0.00793842 -0.0196494
internal_weight=118.421 29.8682 88.5531 32.4611 18.431 56.092 46.9349 17.7638 14.03 12.1044
internal_count=633 168 465 177 101 288 237 99 76 69
is_linear=0
shrinkage=0.03


Tree=264
num_leaves=12
num_cat=0
split_feature=9 40 9 3 9 26 19 21 32 22 26
split_gain=2.25536 3.07982 3.84303 4.63058 2.91872 2.0471 3.04549 1.96388 1.70839 1.67518 1.53955
threshold=0.034625020970649921 0.0026192313081183642 -0.012042945499734855 1.0000000180025095e-35 0.062882607080981215 0.17752100840336138 0.069538461857560144 0.014092971601162 1.0000000180025095e-35 0.065695071526646012 0.19292803970223329
decision_type=2 2 2 2 2 2 2 2 2 2 2
left_child=1 5 3 -3 10 6 -1 -4 -6 -7 -2
right_child=4 2 7 -5 8 9 -8 -9 -10 -11 -12
leaf_value=0.0033069875413321726 -0.00042729034785382174 0.0092588093688204098 0.0055937915600880574 -0.017226894704581105 -0.0087188307220933264 0.0093016111952426723 -0.020575553084174209 0.021846749102448351 0.0091843433576238257 -0.0062932355546870614 -0.023885728283020116
leaf_weight=5.7452695146203032 5.4114149436354655 10.4629959538579 21.879208117723465 8.9878367111086828 5.7683319970965377 11.503747843205931 9.6837519258260709 13.150601811707018 9.6191521808505041 8.6980236470699293 7.3632283061742783
leaf_count=30 28 63 109 48 29 65 53 68 51 47 42
internal_value=0.000260551 0.00270507 0.00718251 -0.00274553 -0.00672469 -0.00376034 -0.0114628 0.0129508 0.00137935 0.00194946 -0.0163668
internal_weight=118.274 90.1114 54.4806 19.4508 28.1621 35.6308 15.429 35.0298 15.3875 20.2018 12.7746
internal_count=633 483 288 111 150 195 83 177 80 112 70
is_linear=0
shrinkage=0.03


Tree=265
num_leaves=11
num_cat=0
split_feature=14 9 15 0 6 12 20 4 13 32
split_gain=2.51234 3.68464 3.29662 3.25725 2.74539 3.90078 2.62508 2.13056 1.75083 2.18952
threshold=3.8633744383093931 0.014720198460371309 5.9333059565392414 -0.0088377991707703756 0.0020068913539937733 40.29523913280314 0.016687933145232058 -0.0040179580905418946 -6.6896504539632629 -0.0050436758578839549
decision_type=2 2 2 2 2 2 2 2 2 2
left_child=4 2 -2 -3 8 -6 -7 -5 -1 -10
right_child=1 3 -4 7 5 6 -8 -9 9 -11
leaf_value=-0.00027385175239540133 0.00087762211521283655 0.017630256567735061 -0.023207864231640361 0.011423728943178748 -0.018805353448203468 -0.0055369148322641556 0.014284057463576775 -0.0049480574457142282 0 0.020553552544557593
leaf_weight=5.8905469477176693 6.5488587021827724 7.2809516489505759 10.345808513462542 6.503206953406333 6.1571663394570377 8.1770111471414584 11.19838687032461 36.662304297089577 5.816293038427836 16.808132551610466
leaf_count=34 31 34 50 31 37 38 63 197 31 99
internal_value=0.00109925 -0.00258947 -0.0139731 0.00132441 0.00589127 -0.000770765 0.00548188 -0.00175277 0.0120076 0.0155769
internal_weight=121.389 67.3411 16.8947 50.4465 54.0475 25.5326 19.3754 43.1655 28.515 22.6244
internal_count=645 343 81 262 302 138 101 228 164 130
is_linear=0
shrinkage=0.03


Tree=266
num_leaves=11
num_cat=0
split_feature=14 9 14 0 2 34 18 13 31 9
split_gain=2.35927 3.51551 3.25962 3.1031 2.6182 2.40828 2.03141 1.34974 1.56073 0.706583
threshold=3.8633744383093931 0.014720198460371309 10.445127404540701 -0.0088377991707703756 0.013464363813530779 -0.016811243568251585 0.48065168056041313 -2.7251119139141973 1.5000000000000002 -0.024156230542823377
decision_type=2 2 2 2 2 2 2 2 2 2
left_child=4 2 -2 -3 7 -5 -6 9 -9 -1
right_child=1 3 -4 5 6 -7 -8 8 -10 -11
leaf_value=0.0062945836223650227 0.0012260665557466059 0.017244980308949019 -0.022765203812690173 -0.01607299170988271 -0.015616038251356403 0.0012497654792014759 0.0042500209810290169 0.016327135284618832 0 -0.0063483879979505586
leaf_weight=6.9431964457035065 6.4335081279277828 7.2652313858270636 10.402558371424673 6.6518153250217429 6.0470522642135602 36.4924570992589 7.6587352380156517 22.377471804618839 5.8824853450059882 4.9867226928472501
leaf_count=41 30 34 51 35 35 193 42 124 33 27
internal_value=0.00106989 -0.00250098 -0.0136444 0.00131321 0.00572369 -0.00168247 -0.00443233 0.00958862 0.0129744 0
internal_weight=121.141 67.2456 16.8361 50.4095 53.8957 43.1443 13.7058 40.1899 28.26 11.9299
internal_count=645 343 81 262 302 228 77 225 157 68
is_linear=0
shrinkage=0.03


Tree=267
num_leaves=12
num_cat=0
split_feature=14 9 14 2 7 9 24 23 12 19 14
split_gain=2.22683 3.34211 3.1289 2.48384 2.36239 3.34669 2.96005 2.28221 1.77497 2.97045 1.04551
threshold=3.8633744383093931 0.014720198460371309 10.445127404540701 0.013464363813530779 0.0063921962662687815 0.03772851532087701 -0.11651583710407239 0.96444116735918628 39.568739417682032 0.052312094969632468 -32.491430530687914
decision_type=2 2 2 2 2 2 2 2 2 2 2
left_child=3 2 -2 8 5 -3 -6 -5 10 -10 -1
right_child=1 4 -4 7 6 -7 -8 -9 9 -11 -12
leaf_value=0.0076502455652960738 0.0011980062653056611 0.018117185203522367 -0.022290476347687702 -0.01672992564532276 0.0087489593419940066 -0.0043676605890171655 -0.0097404324625525607 0.0045112946382300919 -0.0018387514371296623 0.021111916884169163 -0.0047704745631665501
leaf_weight=10.921059727668764 6.4335173368454006 12.091789975762369 10.348796434700487 5.653873234987258 9.1327563822269457 7.6971314996480933 21.453384108841419 8.0390883907675725 5.1060888841748264 15.640241574496029 8.4748612865805608
leaf_count=65 30 60 51 32 48 37 117 45 25 90 45
internal_value=0.00103437 -0.00243291 -0.0133188 0.00556052 0.0012774 0.00908488 -0.00356121 -0.00431782 0.00933107 0.0151388 0.00158344
internal_weight=120.993 67.1574 16.7823 53.8352 50.3751 19.7889 30.5861 13.693 40.1423 20.7463 19.3959
internal_count=645 343 81 302 262 97 165 77 225 115 110
is_linear=0
shrinkage=0.03


Tree=268
num_leaves=10
num_cat=0
split_feature=14 9 15 0 34 17 28 23 19
split_gain=2.10221 3.17862 3.13126 2.89598 2.31442 2.24716 2.26812 1.78716 1.69634
threshold=3.8633744383093931 0.014720198460371309 5.9333059565392414 -0.0088377991707703756 -0.016811243568251585 3.7870328100522177 10.500000000000002 0.97758037447893542 0.052312094969632468
decision_type=2 2 2 2 2 2 2 2 2
left_child=5 2 -2 -3 -5 6 8 -7 -1
right_child=1 3 -4 4 -6 7 -8 -9 -10
leaf_value=-0.00020020583392746938 0.0013319140300128241 0.016669018418194105 -0.022118453555874353 -0.015765425265687916 0.00122988898624463 -0.014729798990586721 -0.0035260752055631273 0.0043379791706522975 0.015227466440379818
leaf_weight=5.7343101650476447 6.5283339619636562 7.238228164613246 10.19999225437641 6.6322414353489867 36.462762460112572 5.9628254175186139 7.9358736574649802 6.7160486876964569 27.380515743046999
leaf_count=28 31 34 50 35 193 34 42 40 158
internal_value=0.00100209 -0.00236426 -0.0130009 0.00124598 -0.00163624 0.00540695 0.00884556 -0.00439276 0.0122695
internal_weight=120.791 67.0616 16.7283 50.3332 43.095 53.7296 41.0507 12.6789 33.1148
internal_count=645 343 81 262 228 302 228 74 186
is_linear=0
shrinkage=0.03


Tree=269
num_leaves=13
num_cat=0
split_feature=5 5 17 16 37 26 17 4 24 31 34 13
split_gain=1.86121 2.89277 2.48503 2.62652 2.58723 2.50464 1.9795 3.22537 1.79025 1.30076 1.09381 0.900421
threshold=0.002886991952282703 0.036763783673131607 3.7870328100522177 -8.4553803574528263 0.025678720265060798 0.17752100840336138 -2.6570168027876391 0.061824441613210886 0.050423728813559332 1.5000000000000002 -0.0071667389934615402 -3.0458538189374447
decision_type=2 2 2 2 2 2 2 2 2 2 2 2
left_child=2 8 3 5 -5 -1 -3 -8 11 -10 -4 -2
right_child=1 6 10 4 -6 -7 7 -9 9 -11 -12 -13
leaf_value=-0.010683463743901001 -0.003514580189032189 -0.0064143629380229022 0.0017698563481077828 0.020558545623914865 0 0.0086116263300241476 0.015632320246931387 -0.0053728358574198507 -0.0085309569194804771 0.0061990218703765832 -0.013405136011845955 -0.023396220961199646
leaf_weight=8.9419521056115645 6.4582687616348267 9.7054845839738828 5.0544295385479927 16.521919250488285 8.7235817685723287 11.555781379342077 15.645511366426947 7.8612192645668975 9.2696520835161227 7.7192359715700141 6.2296686545014364 6.9080210402607936
leaf_count=48 34 49 30 87 48 67 82 42 47 40 34 37
internal_value=0.000961269 -0.00238317 0.00489781 0.00810458 0.0142078 0 0.0033447 0.00814913 -0.00893311 -0.00110018 -0.00623561 -0.0164738
internal_weight=120.595 63.5674 57.0273 45.7432 25.2455 20.4977 33.2122 23.5067 30.3552 16.9889 11.2841 13.3663
internal_count=645 331 314 250 135 115 173 124 158 87 64 71
is_linear=0
shrinkage=0.03


Tree=270
num_leaves=5
num_cat=0
split_feature=20 20 34 20
split_gain=3.34177 2.06304 2.89996 1.91359
threshold=0.012006864058128007 0.013174591063529811 -0.049782176339565158 0.015086591891562988
decision_type=2 2 2 2
left_child=-1 -2 -3 -4
right_child=1 2 3 -5
leaf_value=0.018550846430976931 -0.018744250530332459 0.01776588936743748 0.0059440165869627422 -0.0041652961604606489
leaf_weight=5.5994927734136573 4.3021689504384986 4.9455506503581992 18.085042424499989 84.459906358271837
leaf_count=27 23 25 101 456
internal_value=-0.000540268 -0.00193757 -0.000797799 -0.00215931
internal_weight=117.392 111.793 107.49 102.545
internal_count=632 605 582 557
is_linear=0
shrinkage=0.03


Tree=271
num_leaves=9
num_cat=0
split_feature=21 15 3 35 34 4 40 34
split_gain=2.22516 2.679 3.27957 3.64049 2.92522 2.81539 3.17339 1.92775
threshold=0.0095161021284300065 37.17341402830408 -0.0047539652474499752 0.044818543951141827 -0.025411936753627736 -0.0040179580905418946 0.048680717742738196 0.025863559082524138
decision_type=2 2 2 2 2 2 2 2
left_child=7 2 4 -4 -2 -3 -7 -1
right_child=1 5 3 -5 -6 6 -8 -9
leaf_value=0.016330459645744675 0.015591085406246962 0.018325534956620957 -0.015845296116368323 0.0028747227278524924 -0.0034604137126479969 -0.012593622693185478 0.0092216017514155282 -0.001829903714193844
leaf_weight=9.9286133199930209 7.8269614726305035 7.8287436068058041 30.862925350666046 10.562704265117643 24.058957140892744 9.3815243393182772 10.456259757280348 6.4067404046654692
leaf_count=51 42 35 175 57 138 48 55 31
internal_value=-0.00050711 -0.00232983 -0.00539851 -0.0108141 0.00141765 0.00511179 -0.000616727 0.00896717
internal_weight=117.313 100.978 73.3115 41.4256 31.8859 27.6665 19.8378 16.3354
internal_count=632 550 412 232 180 138 103 82
is_linear=0
shrinkage=0.03


Tree=272
num_leaves=5
num_cat=0
split_feature=20 20 34 38
split_gain=3.12238 1.99849 2.73718 2.42234
threshold=0.012006864058128007 0.013174591063529811 -0.049782176339565158 0.012078042554052332
decision_type=2 2 2 2
left_child=-1 -2 -3 -4
right_child=1 2 3 -5
leaf_value=0.018012644707225245 -0.018399974741534927 0.017383486180494942 0.00033681544849230001 -0.01021993520725123
leaf_weight=5.5738964676856986 4.2718468606472006 4.9054524153470984 79.485579617321491 22.912106856703758
leaf_count=27 23 25 428 129
internal_value=-0.000470752 -0.00182712 -0.000705503 -0.00203218
internal_weight=117.149 111.575 107.303 102.398
internal_count=632 605 582 557
is_linear=0
shrinkage=0.03


Tree=273
num_leaves=9
num_cat=0
split_feature=21 15 14 5 8 38 24 11
split_gain=2.04749 2.54101 3.15944 4.07337 2.60608 3.342 2.36448 2.04092
threshold=0.0095161021284300065 37.17341402830408 60.236598063451318 0.080664139675084914 -0.019547441663915342 0.010259812214181223 -0.47825813748900331 0.0020845035558910712
decision_type=2 2 2 2 2 2 2 2
left_child=7 4 -3 -4 6 -6 -2 -1
right_child=1 2 3 -5 5 -7 -8 -9
leaf_value=0.017756283948590152 -0.0085459994644280987 0.017643414860881845 -0.017975432940374719 0.0080615163154042387 -0.015799282082330834 -0.00038640288323535588 0.010677717777491552 -0.00068142576037212045
leaf_weight=8.148906387388708 6.7304491586983231 9.3511410802602786 6.8456328064203289 11.410001091659067 26.61127508431673 26.622778505086899 13.169508412480353 8.1680265069007856
leaf_count=39 38 44 36 58 148 147 79 43
internal_value=-0.000445837 -0.0022032 0.00504526 -0.0017723 -0.00520047 -0.00865585 0.00330436 0.00864108
internal_weight=117.058 100.741 27.6068 18.2556 73.134 53.2341 19.9 16.3169
internal_count=632 550 138 94 412 295 117 82
is_linear=0
shrinkage=0.03


Tree=274
num_leaves=6
num_cat=0
split_feature=20 20 38 22 11
split_gain=2.89741 1.9309 2.10968 3.42161 2.30778
threshold=0.012006864058128007 0.013174591063529811 0.0093770915457713922 -0.20010472327387188 0.030432260661703795
decision_type=2 2 2 2 2
left_child=-1 -2 4 -4 -3
right_child=1 2 3 -5 -6
leaf_value=0.017398040390672203 -0.0180697095832161 0 0.00682606217056106 -0.008981713187404013 0.014513116219717785
leaf_weight=5.5522749572992316 4.2383176907896987 39.239112980663776 14.319962546229361 42.439785216003656 11.075286619365214
leaf_count=27 23 209 83 233 57
internal_value=-0.00042799 -0.00174092 -0.000637576 -0.00464169 0.0035975
internal_weight=116.865 111.312 107.074 56.7597 50.3144
internal_count=632 605 582 316 266
is_linear=0
shrinkage=0.03


Tree=275
num_leaves=8
num_cat=0
split_feature=12 33 28 40 37 34 24
split_gain=2.37271 3.32718 1.62067 1.21234 3.36238 2.54451 1.52587
threshold=39.496451408535606 0.25499955738324981 6.5000000000000009 -0.02413491832258324 -0.00049931304272798893 -0.011604988003123816 -0.027242401779095624
decision_type=2 2 2 2 2 2 2
left_child=1 2 -1 6 -5 -6 -2
right_child=3 -3 -4 4 5 -7 -8
leaf_value=-0.0072866000438073725 -0.013591958144114262 -0.020429287963342355 0.0086341556755108913 0.019641010507071895 -0.0096122932705139871 0.0044327456632185791 0.004197229700523197
leaf_weight=9.4307354688644462 6.4230966046452522 8.3044097721576673 9.4247988536953908 9.5244724005460721 11.835907720029352 61.56576706469059 5.7122269831597787
leaf_count=55 36 49 48 46 63 330 35
internal_value=0.000666974 -0.00669272 1.68921e-05 0.00301883 0.00441711 0.00177418 -0.00474813
internal_weight=122.221 27.1599 18.8555 95.0615 82.9261 73.4017 12.1353
internal_count=662 152 103 510 439 393 71
is_linear=0
shrinkage=0.03


Tree=276
num_leaves=11
num_cat=0
split_feature=5 37 32 32 25 21 25 13 33 37
split_gain=2.67814 3.92999 3.49071 3.14241 2.51467 2.79974 2.50331 1.93766 1.26121 1.00071
threshold=0.036763783673131607 0.066194649529017338 1.0000000180025095e-35 -0.001774863968932505 0.34698996655518399 0.012256286142446478 0.097453054176559487 -5.2287300154086891 0.75332936847604981 0.031127929068859753
decision_type=2 2 2 2 2 2 2 2 2 2
left_child=2 3 4 -2 5 -1 -4 -6 -8 -5
right_child=1 -3 6 9 7 -7 8 -9 -10 -11
leaf_value=-0.010559973419052099 -0.001469289919096855 -0.0093397056809825189 0.0039907437789075276 0.0057088424517299473 0 0.0063271534230659289 -0.014780591633436781 0.01966683068718348 0 0.025351134604446393
leaf_weight=14.113803431391718 7.2433394044637707 6.8088448718190184 9.4090005308389646 7.4882060512900379 5.3573984280228606 16.983799424022436 25.858662068843842 9.8172928243875486 8.1236903145909292 10.899102009832857
leaf_count=71 37 36 54 41 30 96 144 53 41 59
internal_value=0.000637082 0.00784914 -0.00192286 0.0133038 0.00352776 -0.00105893 -0.00796516 0.0128294 -0.0117302 0.0194324
internal_weight=122.103 32.4395 89.6636 25.6306 46.2723 31.0976 43.3914 15.1747 33.9824 18.3873
internal_count=662 173 489 137 250 167 239 83 185 100
is_linear=0
shrinkage=0.03


Tree=277
num_leaves=11
num_cat=0
split_feature=5 37 32 32 25 21 25 13 33 37
split_gain=2.53579 3.75609 3.30413 3.01768 2.38878 2.65765 2.38404 1.85934 1.18998 0.95481
threshold=0.036763783673131607 0.066194649529017338 1.0000000180025095e-35 -0.001774863968932505 0.34698996655518399 0.012256286142446478 0.097453054176559487 -4.81457830681068 0.75332936847604981 0.031127929068859753
decision_type=2 2 2 2 2 2 2 2 2 2
left_child=2 3 4 -2 5 -1 -4 -6 -8 -5
right_child=1 -3 6 9 7 -7 8 -9 -10 -11
leaf_value=-0.010297141885544375 -0.0014347225774156889 -0.0091407998709860348 0.0038912772643568405 0.005570102944242373 0 0.0061619322931177698 -0.014401283450940045 0.019609115048032647 0 0.024849876299729817
leaf_weight=14.091228529810907 7.2435057684779194 6.7920733094215384 9.4111124351620656 7.4942033439874676 5.8078231066465369 16.969855599105358 25.797169640660286 9.3355421274900419 8.1236903145909292 10.826830103993414
leaf_count=71 37 36 54 41 33 96 144 50 41 59
internal_value=0.000625799 0.00765501 -0.0018623 0.013001 0.00343859 -0.00102243 -0.00774781 0.0125155 -0.0114314 0.019026
internal_weight=121.893 32.3566 89.5364 25.5645 46.2044 31.0611 43.332 15.1434 33.9209 18.321
internal_count=662 173 489 137 250 167 239 83 185 100
is_linear=0
shrinkage=0.03


Tree=278
num_leaves=10
num_cat=0
split_feature=23 38 38 37 23 37 10 35 11
split_gain=2.58257 2.02039 3.75188 3.12169 2.30372 2.1499 2.02307 1.24093 1.20232
threshold=0.75580864364143829 0.011726829028055807 0.010694077168885601 -0.011474483206835249 1.0272909179248237 -0.016523896470297058 0.0044177417949934359 0.017418134699802915 0.011664380495275852
decision_type=2 2 2 2 2 2 2 2 2
left_child=7 2 5 4 -3 -2 -4 -1 -5
right_child=1 3 6 8 -6 -7 -8 -9 -10
leaf_value=0 -0.011704116340524253 0.016405826866751079 0.0022673200719582507 -0.001290710075269757 -0.0055177826999801586 0.003876282123473458 0.030329629051307119 -0.015098278838824912 -0.020747649761144626
leaf_weight=5.5393389835953704 6.8616173565387717 6.516078710556032 5.6952494382858259 7.2272991538047773 5.8775928467512131 60.950649298727512 5.5172827020287514 10.409997187554834 7.0903133377432823
leaf_count=32 39 35 36 41 33 324 29 52 41
internal_value=0.000615845 0.00247341 0.00494591 -0.00415397 0.0056446 0.00179477 0.0197119 -0.0097666 -0.0132073
internal_weight=121.685 105.736 79.0248 26.7113 12.3937 67.8123 11.2125 15.9493 14.3176
internal_count=662 578 428 150 68 363 65 84 82
is_linear=0
shrinkage=0.03


Tree=279
num_leaves=10
num_cat=0
split_feature=23 40 19 17 19 25 23 32 15
split_gain=2.44712 2.84373 1.9344 4.5539 3.49907 1.37935 0.652843 0.652214 0.013788
threshold=0.75580864364143829 -0.02413491832258324 0.071219673545315249 -0.3467760006387372 0.091091342992500254 0.23746867167919802 0.70058997485243546 -0.0027220146057060908 4.1289236581047062
decision_type=2 2 2 2 2 2 2 2 2
left_child=6 5 3 -3 -4 8 -1 -7 -2
right_child=1 2 4 -5 -6 7 -8 -9 -10
leaf_value=-0.0011162930298517864 -0.017569940901838773 0.010393643374047379 0.019294191044551729 -0.0085803633446113487 0.0015244400714741729 0.0077721666678842206 -0.015276509057314418 -0.0049987389654438915 -0.0038558576478114163
leaf_weight=8.5117490068078023 5.1882626786828059 19.245953068137169 16.6263592466712 22.494535654783249 26.797128021717072 4.6047655642032623 7.4170272126793853 5.5246438607573491 5.1319263055920601
leaf_count=43 31 97 88 124 149 27 41 33 29
internal_value=0.000592995 0.0024054 0.00492096 0 0.00920845 -0.0069078 -0.00951507 0 -0.0137008
internal_weight=121.542 105.614 85.164 41.7405 43.4235 20.4496 15.9288 10.1294 10.3202
internal_count=662 578 458 221 237 120 84 60 60
is_linear=0
shrinkage=0.03


Tree=280
num_leaves=9
num_cat=0
split_feature=35 6 6 26 37 37 25 10
split_gain=2.42492 1.39178 4.45847 3.50653 2.80093 3.05578 2.59686 1.38714
threshold=0.074910754471066668 0.0016581326561111176 0.0098874162771633665 0.10566188197767147 0.019847471431002964 0.048813595121178673 0.41897974493623413 -0.021391321444992836
decision_type=2 2 2 2 2 2 2 2
left_child=1 4 6 -4 7 -6 -3 -1
right_child=-2 2 3 -5 5 -7 -8 -9
leaf_value=0.008318390527389764 -0.015990478448664108 -0.01455926879039501 -0.0092709271842294546 0.012905112060040871 0.019142692969158128 -0.00028834121939513282 0.0037998474623002041 -0.0045273667795524058
leaf_weight=8.2527970150113088 5.4533699341118327 21.933919303119186 6.5776371732354191 20.251629546284676 16.190614551305774 9.5931375846266729 7.1606792435050002 24.949318572878838
leaf_count=44 29 117 38 111 91 49 39 134
internal_value=0.000432768 0.0016007 -0.00157127 0.006682 0.00480688 0.0118729 -0.0096046 -0.000617085
internal_weight=120.363 114.91 55.9239 26.8293 58.9859 25.7838 29.0946 33.2021
internal_count=652 623 305 149 318 140 156 178
is_linear=0
shrinkage=0.03


Tree=281
num_leaves=10
num_cat=0
split_feature=20 15 12 21 25 5 35 28 15
split_gain=3.04195 4.25751 4.10015 3.01274 3.51141 2.17247 1.76241 1.07097 0.259516
threshold=0.015086591891562988 -18.183703931745381 59.831527954417432 0.018752165658725096 0.06472559698366151 0.045707291743436691 -0.056255757477277006 6.5000000000000009 38.00895795755428
decision_type=2 2 2 2 2 2 2 2 2
left_child=1 -1 5 4 -4 6 -2 8 -3
right_child=2 7 3 -5 -6 -7 -8 -9 -10
leaf_value=-0.0075808205972396816 0.010877646989831414 0.023631860477171054 0 0.0017220986875231051 -0.026249502264549744 0.015186969102124581 -0.0027497799979929807 0.0012642897757362504 0.0064526977591753036
leaf_weight=8.179142929613592 8.138521343469618 9.4454668983817118 5.2311997115612092 7.6641348637640467 12.250578127801417 7.2063736319541922 49.764777462929487 6.225561596453189 6.1360021978616706
leaf_count=46 46 47 26 41 70 35 274 33 34
internal_value=0.00041258 0.00847898 -0.00223049 -0.0121025 -0.0184879 0.00160571 -0.000284767 0.0152634 0.0192235
internal_weight=120.242 29.9862 90.2556 25.1459 17.4818 65.1097 57.9033 21.807 15.5815
internal_count=652 160 492 137 96 355 320 114 81
is_linear=0
shrinkage=0.03


Tree=282
num_leaves=8
num_cat=0
split_feature=20 15 15 35 15 16 21
split_gain=2.89329 4.07689 2.65418 2.11403 3.15341 1.78081 0.476319
threshold=0.015086591891562988 -18.183703931745381 90.085190192184072 -0.056255757477277006 46.448537750430944 8.7391312382791497 0.0093293712048656517
decision_type=2 2 2 2 2 2 2
left_child=1 -1 3 -2 -5 6 -3
right_child=2 5 -4 4 -6 -7 -8
leaf_value=-0.0074096360171703969 0.01131199450459839 0.0062549573760677553 -0.015733067224169676 -0.0046324138295940342 0.013780993101949463 0.00026294759021410413 0.025700992064004141
leaf_weight=8.1635081619024294 10.199956767261027 5.8662062883377102 9.3762182891368848 63.136070407927036 7.3833056539297095 7.2584576606750479 8.6466223597526533
leaf_count=46 57 29 45 352 38 39 46
internal_value=0.000422479 0.00829685 -0.00215432 -5.34351e-05 -0.00217081 0.0149452 0.0204587
internal_weight=120.03 29.9348 90.0956 80.7193 70.5194 21.7713 14.5128
internal_count=652 160 492 447 390 114 75
is_linear=0
shrinkage=0.03


Tree=283
num_leaves=5
num_cat=0
split_feature=14 13 35 15
split_gain=2.16008 2.26484 1.78319 1.93072
threshold=120.0971756057677 11.57589780202361 0.069121906318580853 54.350490189900604
decision_type=2 2 2 2
left_child=1 2 3 -1
right_child=-2 -3 -4 -5
leaf_value=0.0020535392140426326 -0.014975290956888375 -0.013647118277476621 -0.010728326373408573 0.014803126725591607
leaf_weight=91.443369895219803 5.5274011045694342 5.9572947844862929 5.7761824168264857 11.180132426321505
leaf_count=499 26 33 32 62
internal_value=0.000428703 0.00154677 0.00274975 0.00384232
internal_weight=119.884 114.357 108.4 102.624
internal_count=652 626 593 561
is_linear=0
shrinkage=0.03


Tree=284
num_leaves=10
num_cat=0
split_feature=20 12 21 11 5 40 21 1 21
split_gain=2.74454 3.80301 2.86998 2.5277 2.73315 2.22716 1.86378 1.74228 1.62205
threshold=0.015086591891562988 59.831527954417432 0.018752165658725096 -0.034629222856926982 0.045707291743436691 0.059193236502242626 0.012685670995112718 0.0035466744314517355 0.010068021813911808
decision_type=2 2 2 2 2 2 2 2 2
left_child=5 3 6 -2 -5 7 -3 8 -1
right_child=1 2 -4 4 -6 -7 -8 -9 -10
leaf_value=0 0.014963492079288963 -0.00075883535426624126 0.0017892598581007032 -0.003588582938626423 0.014255960552399392 0.021696978700464185 -0.024218245655984547 -0.0050732863525846193 0.018189638483561175
leaf_weight=5.9202781245112472 8.7767888531088811 5.8900034353137078 7.6477180048823348 49.244265917688608 6.9960076138377181 6.3700988888740531 11.45188023149967 10.953267052769659 6.5817035362124443
leaf_count=30 49 34 41 272 34 37 62 59 34
internal_value=0.000397573 -0.0021074 -0.0116529 0.00157588 -0.000697929 0.00808576 -0.0179284 0.00238561 0.00975328
internal_weight=119.832 90.0067 24.9896 65.0171 56.2403 29.8253 17.3419 23.4552 12.502
internal_count=652 492 137 355 306 160 96 123 64
is_linear=0
shrinkage=0.03


Tree=285
num_leaves=8
num_cat=0
split_feature=13 19 19 22 22 11 34
split_gain=2.47979 1.78492 2.72039 5.25662 3.14189 2.22418 2.2684
threshold=11.010289497489866 0.091091342992500254 0.057421593031693127 0.19835746127295686 0.11624209204824233 0.029662690461003564 -0.038138333288536157
decision_type=2 2 2 2 2 2 2
left_child=1 2 3 -1 -4 6 -3
right_child=-2 5 4 -5 -6 -7 -8
leaf_value=-0.011800677512377521 -0.016146394695603094 0.0041452527556225171 0.013465080257892992 0.014337313027759898 -0.0024891601458195797 0.0055350542481650547 -0.013747328111483551
leaf_weight=20.181838307529691 6.7735742032527915 6.179280765354636 28.698894917964935 7.8128279671072951 14.351062059402464 10.573951639235018 21.123769871890545
leaf_count=108 37 36 150 38 78 58 127
internal_value=-0.000760077 0.00033541 0.003239 -0.00353633 0.00793925 -0.0046239 -0.00917942
internal_weight=115.695 108.922 71.0446 27.9947 43.05 37.877 27.3031
internal_count=632 595 374 146 228 221 163
is_linear=0
shrinkage=0.03


Tree=286
num_leaves=9
num_cat=0
split_feature=13 15 2 17 6 20 15 20
split_gain=2.37165 1.66764 2.69832 4.05853 3.28589 2.43244 4.44551 1.98053
threshold=11.010289497489866 22.509389640799544 0.013786373466492254 5.8240982990731629 -0.0018533055592425286 0.016189799197026986 55.900117811321714 0.021233242169317556
decision_type=2 2 2 2 2 2 2 2
left_child=1 2 4 -4 -1 6 -3 -7
right_child=-2 5 3 -5 -6 7 -8 -9
leaf_value=-0.0001144205074905422 -0.015799195506849478 -0.0090788033139780483 -0.017258654930404394 0.0099278521326434267 0.013820724073769041 -0.014880100135126213 0.02077760938487825 0.0020719859397593638
leaf_weight=29.071289595216513 6.7589308172464362 7.3537024930119497 10.369915250688793 5.8212176784873 25.759904567152262 17.891170196235183 6.2346348911523819 6.2953450605273238
leaf_count=161 37 39 62 33 135 96 36 33
internal_value=-0.000737832 0.000330761 0.00313968 -0.00664281 0.00642441 -0.00446561 0.00456595 -0.0100737
internal_weight=115.556 108.797 71.0223 16.1911 54.8312 37.7749 13.5883 24.1865
internal_count=632 595 391 95 296 204 75 129
is_linear=0
shrinkage=0.03


Tree=287
num_leaves=8
num_cat=0
split_feature=13 19 19 22 22 11 34
split_gain=2.26664 1.67643 2.56542 5.00589 2.98596 2.09677 2.15639
threshold=11.010289497489866 0.091091342992500254 0.057421593031693127 0.19835746127295686 0.11624209204824233 0.029662690461003564 -0.038138333288536157
decision_type=2 2 2 2 2 2 2
left_child=1 2 3 -1 -4 6 -3
right_child=-2 5 4 -5 -6 -7 -8
leaf_value=-0.011537012906851966 -0.015459695355295896 0.0040409151644568058 0.013114283598211139 0.013987198437414907 -0.0024375189100639236 0.0053795847044936437 -0.013389191918021457
leaf_weight=20.096601124852899 6.7442830130457869 6.1657871231436756 28.610938381403685 7.8024751991033545 14.32400782778859 10.511370979249476 21.057921506464481
leaf_count=108 37 36 150 38 78 58 127
internal_value=-0.000722653 0.000320226 0.00314181 -0.00343889 0.0077145 -0.00449033 -0.00892185
internal_weight=115.313 108.569 70.834 27.8991 42.9349 37.7351 27.2237
internal_count=632 595 374 146 228 221 163
is_linear=0
shrinkage=0.03


Tree=288
num_leaves=8
num_cat=0
split_feature=13 9 32 33 18 5 15
split_gain=2.16794 1.62123 2.76791 2.45477 3.23745 1.98561 1.47529
threshold=11.010289497489866 0.036250844025305491 -0.0021911115319844794 0.46536616161616168 0.57975306984389818 -0.020652307237698616 57.107407889603195
decision_type=2 2 2 2 2 2 2
left_child=1 3 -3 5 -5 -1 -4
right_child=-2 2 6 4 -6 -7 -8
leaf_value=0.0014992514424918082 -0.015127689622270931 -0.01873313946044515 -0.0077550000342479714 0.021365661173521448 0.001964857593686481 -0.011819957310660196 0.0079455239124780197
leaf_weight=30.012222424149513 6.729647457599639 7.79191876202822 7.4600778296589878 9.5621639564633352 31.578367210924625 11.975285336375235 10.065507948398588
leaf_count=174 37 42 44 53 162 64 56
internal_value=-0.000701273 0.00031588 -0.00589108 0.00247647 0.00760329 -0.00232323 0.00038431
internal_weight=115.175 108.446 25.3175 83.128 41.1405 41.9875 17.5256
internal_count=632 595 142 453 215 238 100
is_linear=0
shrinkage=0.03


Tree=289
num_leaves=11
num_cat=0
split_feature=4 12 35 33 34 16 40 34 15 33
split_gain=2.24347 3.77634 2.98143 2.05662 1.90149 2.99387 2.0157 1.82261 1.16265 0.388647
threshold=-0.0030045348289138847 39.496451408535606 0.05152786875840943 0.18912584459459461 -0.007846026615542066 -3.0782993771764908 -0.0024685049968774515 0.028182886756487172 -33.940909280908109 0.36775120916000398
decision_type=2 2 2 2 2 2 2 2 2 2
left_child=1 3 9 8 6 -6 -2 -7 -1 -3
right_child=4 2 -4 -5 5 7 -8 -9 -10 -11
leaf_value=-0.0061679961493844634 0 0.0058112711625202393 -0.0034278337170043083 -0.014362340376359955 -0.016247024471237995 0.0056852316331923074 -0.020184401794282984 -0.0072535947875891141 0.0086129411875045647 0.021874834909978123
leaf_weight=5.5467386022210112 5.7594988271594056 7.009528733789927 6.214451201260089 8.6123963594436628 7.7811337038874617 32.802594322711229 9.6301797106862033 11.032304119318722 9.2288375571370143 11.423476725816725
leaf_count=32 31 41 35 49 46 176 52 61 49 60
internal_value=-0.000687805 0.00400879 0.0119274 -0.00402765 -0.0042907 -0.00103672 -0.0129674 0.00192713 0.00209621 0.0176672
internal_weight=115.041 48.0354 24.6475 23.388 67.0057 51.616 15.3897 43.8349 14.7756 18.433
internal_count=632 266 136 130 366 283 83 237 81 101
is_linear=0
shrinkage=0.03


Tree=290
num_leaves=9
num_cat=0
split_feature=0 8 8 7 35 6 19 8
split_gain=1.70988 2.14239 3.22194 2.39931 1.58136 1.28491 1.04733 0.55739
threshold=0.011841928849469998 0.017480590540455681 0.032800687583008865 -0.016693678056009544 0.0156045412723278 0.013725623230726286 0.074962903557235103 0.051415183945306912
decision_type=2 2 2 2 2 2 2 2
left_child=1 3 -3 6 -5 -2 -1 -4
right_child=5 2 7 4 -6 -7 -8 -9
leaf_value=0.00010679180249596698 0.014094080038002617 -0.018703738493282464 0.0071452438322458737 -0.0025490628148010768 0.0074664452269001961 0 -0.012807132070420746 -0.0037609491750024249
leaf_weight=5.5695483982563045 8.9937889315187949 13.339817002415659 5.9886291176080686 19.368399303406477 33.667754210531712 10.292110837996004 12.627941906452177 5.5868293195962906
leaf_count=31 51 68 36 111 173 57 70 31
internal_value=-0.000597547 -0.00237452 -0.00959919 0.000140759 0.00357659 0.0069475 -0.00849282 0.000997905
internal_weight=115.435 96.1489 24.9153 71.2336 53.0362 19.2859 18.1975 11.5755
internal_count=628 520 135 385 284 108 101 67
is_linear=0
shrinkage=0.03


Tree=291
num_leaves=12
num_cat=0
split_feature=24 18 12 32 18 37 5 35 24 36 33
split_gain=2.08246 2.52691 2.78041 2.23806 2.12374 1.95494 1.69536 1.67771 1.35483 1.29072 0.103365
threshold=-0.36523199023199016 0.57975306984389818 39.128974946373965 0.0058817827001546039 0.77798791625910713 0.03033309197705614 0.015293478238792903 0.051822133691253554 0.13423423423423428 0.0068839950349469051 0.54890466005573935
decision_type=2 2 2 2 2 2 2 2 2 2 2
left_child=3 2 8 9 6 -6 -3 -4 -2 10 -1
right_child=1 4 7 -5 5 -7 -8 -9 -10 -11 -12
leaf_value=-0.019634307489706425 0.007247033291355163 0 0.01821416146956216 0.0052564907303204577 -0.0076212886717788551 0.0091040136007666493 -0.015519504784453686 0 -0.0082991406822075561 -0.00052207385871599129 -0.005360857363916771
leaf_weight=9.3922227993607539 6.2852546647191074 8.6618226021528262 16.660127986222509 7.5949104875326148 7.1420039683580425 15.611780907958744 12.773771509528158 5.4290879890322676 9.8088251575827581 9.7239338755607587 6.256598785519599
leaf_count=49 35 44 93 44 39 84 69 32 56 51 32
internal_value=-0.000582781 0.00183996 0.00741175 -0.00682419 -0.00276224 0.00305667 -0.00931277 0.0139394 -0.0012689 -0.0111082 -0.0160317
internal_weight=115.34 82.3727 38.1833 32.9677 44.1894 22.7538 21.4356 22.0892 16.0941 25.3728 15.6488
internal_count=628 452 216 176 236 123 113 125 91 132 81
is_linear=0
shrinkage=0.03


Tree=292
num_leaves=8
num_cat=0
split_feature=0 2 21 0 35 28 10
split_gain=1.60354 2.31056 2.24267 1.85316 1.8495 2.94968 2.76111
threshold=0.011841928849469998 0.010688977698075865 0.015010335147690007 0.0093443520214577819 0.014752023384207781 2.5000000000000004 -0.016957399281363802
decision_type=2 2 2 2 2 2 2
left_child=3 -2 -3 4 5 -1 -6
right_child=1 2 -4 -5 6 -7 -8
leaf_value=0.0058549653115647039 0.017782280652502071 -0.013958507494645727 0.008623318831630266 -0.015674817426573992 0.017541386414756464 -0.011014394303854699 -0.00012962881387807817
leaf_weight=10.88950592279434 7.5849430486559895 5.1912389509379846 6.4542530253529549 6.6518024280667296 7.3160456642508498 27.316763579845428 43.783845283091068
leaf_count=57 42 30 36 36 41 155 231
internal_value=-0.000576899 0.00673405 -0.000914239 -0.00230275 -0.000820945 -0.00578116 0.00268327
internal_weight=115.188 19.2304 11.6455 95.958 89.3062 38.2063 51.0999
internal_count=628 108 66 520 484 212 272
is_linear=0
shrinkage=0.03


Tree=293
num_leaves=9
num_cat=0
split_feature=0 25 28 11 20 21 9 4
split_gain=1.52474 2.29559 3.41029 2.69805 3.55848 2.23358 1.95169 0.736443
threshold=0.011841928849469998 0.26894374282433992 2.5000000000000004 -0.0022849039611598783 0.016189799197026986 0.011929770623447545 -0.025787351721750118 0.017263228764599962
decision_type=2 2 2 2 2 2 2 2
left_child=1 2 -1 5 -5 -3 -4 -2
right_child=7 3 6 4 -6 -7 -8 -9
leaf_value=0.0080109592795734891 0 -0.017600088483370829 0 0.020004596117212302 0 0.0026420626404797818 -0.013746817299568193 0.011700757976414195
leaf_weight=9.2780529707670194 9.6347259953618067 6.7834013998508436 11.496775306761263 10.87038763612509 17.992438927292824 7.8060851655900478 31.652410671114922 9.5452520847320539
leaf_count=50 57 39 70 59 95 45 162 51
internal_value=-0.000551761 -0.0022376 -0.00644023 0.00256331 0.00794447 -0.00685255 -0.010097 0.00658294
internal_weight=115.06 95.8796 52.4272 43.4523 28.8628 14.5895 43.1492 19.18
internal_count=628 520 282 238 154 84 232 108
is_linear=0
shrinkage=0.03


Tree=294
num_leaves=9
num_cat=0
split_feature=17 17 38 35 27 21 32 36
split_gain=1.46341 1.75891 1.98786 1.94432 1.75417 1.43942 1.04031 1.00544
threshold=-2.1878579155671356 -1.5192438549751832 0.011230392882954493 0.0156045412723278 2.5000000000000004 0.014743927727421613 -0.00079886969946324482 0.0063280936571889638
decision_type=2 2 2 2 2 2 2 2
left_child=4 -2 3 -3 6 -4 -1 -6
right_child=1 2 5 -5 7 -7 -8 -9
leaf_value=-0.016826858600733453 0.0140719177161805 -0.010252557720161554 0 0.00094014886535202173 -0.0042238392578194768 0.014639385638085634 -7.8210443577422255e-05 0.0093750679514963201
leaf_weight=10.92029771953821 6.9522426426410666 19.56893964856863 12.358941689133646 33.098464325070381 8.9091617688536626 9.8341313078999502 7.0434731543064144 6.2581617459654799
leaf_count=59 37 109 70 173 48 59 40 33
internal_value=-0.00051891 0.00150442 0 -0.00316713 -0.00574343 0.00716129 -0.0116769 0.000951941
internal_weight=114.944 81.8127 74.8605 52.6674 33.1311 22.1931 17.9638 15.1673
internal_count=628 448 411 282 180 129 99 81
is_linear=0
shrinkage=0.03


Tree=295
num_leaves=9
num_cat=0
split_feature=35 22 20 26 37 9 16 9
split_gain=3.15636 2.50023 2.27663 2.72938 2.84593 1.46143 2.33085 1.83704
threshold=0.040132702387684079 -0.32200062727187312 0.015086591891562988 0.024214352720450288 0.00521447725348101 -0.013360385993036678 6.556734310790084 -0.037685515594542189
decision_type=2 2 2 2 2 2 2 2
left_child=1 -1 -2 -4 -5 7 -7 -3
right_child=2 5 3 4 -6 6 -8 -9
leaf_value=-0.0084358734643236039 0.0075883287264476825 0.0066519527684747682 0.0071256032246565411 0 -0.021228958348154393 0.015213186732960203 0.00032594092976306318 -0.0094664455630117505
leaf_weight=8.8263058662414533 6.3395581394433966 14.465373806655409 4.8298533000052002 10.015909634530546 14.782401092350481 26.207334384322166 17.579046800732613 8.3194867298006994
leaf_count=53 31 85 26 54 80 140 95 52
internal_value=0.00103068 0.00459981 -0.00590424 -0.0095628 -0.0136621 0.00674252 0.00983928 0
internal_weight=111.365 75.3975 35.9677 29.6282 24.7983 66.5712 43.7864 22.7849
internal_count=616 425 191 160 134 372 235 137
is_linear=0
shrinkage=0.03


Tree=296
num_leaves=7
num_cat=0
split_feature=20 34 23 23 16 20
split_gain=3.18338 2.82258 3.34192 3.27568 2.90172 2.22469
threshold=0.012207660559584792 -0.0071667389934615402 1.3767238078402348 1.2020232865401328 -2.9402209934282832 0.015994310264726658
decision_type=2 2 2 2 2 2
left_child=-1 3 4 5 -3 -2
right_child=1 2 -4 -5 -6 -7
leaf_value=0.01935475875808949 0 -0.012793834770486807 0.014730467075988697 -0.010975704990811573 0 0.016460643060222255
leaf_weight=5.9351639077067366 9.223499424755575 28.324093464761972 5.6650261618196955 5.330304078757762 38.056080207228661 18.690270692110062
leaf_count=31 50 154 38 31 208 104
internal_value=0.00100103 -0.00023527 -0.00368861 0.00660769 -0.00586476 0.0109761
internal_weight=111.224 105.289 72.0452 33.2441 66.3802 27.9138
internal_count=616 585 400 185 362 154
is_linear=0
shrinkage=0.03


Tree=297
num_leaves=11
num_cat=0
split_feature=35 11 11 11 1 16 38 23 34 16
split_gain=2.89691 3.61075 2.58366 2.23097 2.47395 2.20796 1.60367 1.30056 1.00151 0.644079
threshold=0.040132702387684079 -0.0013617897440121871 -0.023794500953589145 0.001189343612416738 0.010428574955743787 18.307348968758351 0.012820529613245608 1.0272909179248237 0.0073974279578366007 -4.0508362041937067
decision_type=2 2 2 2 2 2 2 2 2 2
left_child=1 2 7 -2 8 6 -3 -1 -5 -4
right_child=3 5 9 4 -6 -7 -8 -9 -10 -11
leaf_value=0.012022821708527236 0.0049862243724247577 0.015830079758133029 -0.00027490703295324507 -0.0010786612972225652 0.0027153832588026985 -0.0033198348779113463 0 -0.0028187117269556031 -0.019675122053650788 -0.01512538455776951
leaf_weight=8.626235246658327 9.6490077972412092 29.165716473013163 6.2422211766243008 5.5843865722417894 7.140705592930316 6.8778103888034812 7.4199862480163565 6.9383527487516394 13.464033946394919 9.9753990247845632
leaf_count=50 55 164 38 27 38 37 41 41 71 54
internal_value=0.000979785 0.00440582 -0.00283687 -0.00566975 -0.0102031 0.0099237 0.0128451 0.00498518 -0.0155564 -0.0108905
internal_weight=111.084 75.2457 31.7822 35.8381 26.1891 43.4635 36.5857 15.5646 19.0484 16.2176
internal_count=616 425 183 191 136 242 205 91 98 92
is_linear=0
shrinkage=0.03


Tree=298
num_leaves=6
num_cat=0
split_feature=22 18 34 16 13
split_gain=2.14534 2.46215 1.7428 3.53906 1.73442
threshold=0.68003101325723991 0.93976918880404192 -0.0071667389934615402 1.7157537150589237 -3.239535327730326
decision_type=2 2 2 2 2
left_child=1 2 4 -4 -1
right_child=-2 -3 3 -5 -6
leaf_value=-0.0030183929973916475 0.013711801597776038 -0.015444341922823958 -0.0079815215881339149 0.0053989781162885105 0.011421928704368721
leaf_weight=7.9947164952755001 8.7599706314504129 6.9213090948760501 35.337912492454052 31.114540331065655 20.800461865961552
leaf_count=44 50 40 196 167 119
internal_value=0.000936726 -0.000256844 0.000987465 -0.00152264 0.00698997
internal_weight=110.929 102.169 95.2476 66.4525 28.7952
internal_count=616 566 526 363 163
is_linear=0
shrinkage=0.03


Tree=299
num_leaves=7
num_cat=0
split_feature=20 34 23 23 10 21
split_gain=3.03342 2.46446 3.22324 3.019 2.81139 2.18675
threshold=0.012207660559584792 -0.0071667389934615402 1.3767238078402348 1.2020232865401328 -0.0073515190565900381 0.010751014874084138
decision_type=2 2 2 2 2 2
left_child=-1 3 4 5 -3 -2
right_child=1 2 -4 -5 -6 -7
leaf_value=0.018899985369138984 -0.0013913582629761707 -0.015238100026200975 0.014564200932267797 -0.010736501707261429 -0.0013510043534966951 0.01524754091208258
leaf_weight=5.877035789191722 7.739414960145953 17.970920722931623 5.651411995291709 5.3214791044592848 48.196361474692822 20.061199601739645
leaf_count=31 40 102 38 31 260 114
internal_value=0.00090765 -0.000294338 -0.00353159 0.00609932 -0.00567918 0.0103296
internal_weight=110.818 104.941 71.8187 33.1221 66.1673 27.8006
internal_count=616 585 400 185 362 154
is_linear=0
shrinkage=0.03


Tree=300
num_leaves=13
num_cat=0
split_feature=26 0 37 15 15 15 20 8 0 7 35 7
split_gain=1.90801 3.41803 2.4036 2.1373 5.9377 4.28514 2.40737 2.13672 1.59608 1.44876 1.11462 1.08219
threshold=0.17214439655172417 -0.0063101237407749413 -0.0086486369687513425 22.509389640799544 40.202156843773949 -19.431610208312495 0.015907036754324935 0.032800687583008865 0.012315345648678979 0.015209276703256008 0.02770366715020767 -0.0088507867172403342
decision_type=2 2 2 2 2 2 2 2 2 2 2 2
left_child=1 2 -1 5 -5 6 -2 8 -3 -7 -6 -4
right_child=3 7 11 4 10 9 -8 -9 -10 -11 -12 -13
leaf_value=-0.0077098405196475211 -0.015763141470529721 -0.017860187205141726 0 -0.020608756701600568 0.014472083639684254 0.018937007753078255 0.0043917348934263368 0.0031097659400575817 0 0 0 0.019427491880689846
leaf_weight=5.5455630272626903 6.2732117921113995 18.579881392419345 5.7069371789693841 8.8160428106784838 7.3877092674374607 19.294391516596082 11.690229348838328 6.2089024931192389 5.7439355291426173 5.864606659859418 8.7485564947128278 6.7180438190698597
leaf_count=27 35 99 31 51 40 106 72 34 33 32 45 36
internal_value=0.000307041 -0.00400501 0.0054892 0.00362005 -0.00281044 0.00763306 -0.00276946 -0.010048 -0.0139576 0.0152697 0.00728691 0.0126723
internal_weight=116.578 48.5033 17.9705 68.0747 24.9523 43.1224 17.9634 30.5327 24.3238 25.159 16.1363 12.425
internal_count=641 260 94 381 136 245 107 166 132 138 85 67
is_linear=0
shrinkage=0.03


Tree=301
num_leaves=10
num_cat=0
split_feature=40 23 25 23 10 25 19 18 19
split_gain=2.1283 2.96418 2.94142 2.56363 2.27682 2.08868 1.93759 1.15286 0.667504
threshold=-0.022137534578777037 0.76165509232574491 0.077524038461538478 0.85192953004224681 -0.0073515190565900381 0.25866188769414583 0.080189789080541626 0.070761850510501309 0.097315748669912758
decision_type=2 2 2 2 2 2 2 2 2
left_child=3 5 4 -1 -3 -2 -4 -5 -9
right_child=1 2 6 7 -6 -7 -8 8 -10
leaf_value=0.0079363098096613561 -0.021456577009267511 -0.0011069484418635895 -0.0032575893595696943 0 0.019058464875264487 0 0.0071998314340101554 -0.022619891313207616 -0.0038272600862684783
leaf_weight=5.0371624231338528 5.1493887603282911 4.8581493869423893 35.227544356137514 5.0554652549326446 15.820053271949289 6.7990389838814735 25.08797999471426 7.2378532811999303 6.061333566904068
leaf_count=28 29 29 189 29 82 36 141 40 38
internal_value=0.000302912 0.0024801 0.00470865 -0.00727088 0.0139796 -0.0100601 0.000942892 -0.0125509 -0.0166553
internal_weight=116.334 92.9422 80.9937 23.3918 20.6782 11.9484 60.3155 18.3547 13.2992
internal_count=641 506 441 135 111 65 330 107 78
is_linear=0
shrinkage=0.03


Tree=302
num_leaves=8
num_cat=0
split_feature=22 24 13 22 25 32 24
split_gain=2.00751 1.50199 2.0426 2.33524 1.75906 1.72803 0.0665104
threshold=0.59867950875905207 0.58300524934383213 7.5512712882582642 -0.18880009066647138 0.15604707792207795 0.0015660526629126539 0.16869918699186995
decision_type=2 2 2 2 2 2 2
left_child=1 2 3 -1 5 -3 -2
right_child=6 4 -4 -5 -6 -7 -8
leaf_value=0.0068024622256129029 0.0025070409215366368 0.0083900065272103676 0.014183247328303774 -0.0041781326229448339 -0.019014853981005792 -0.010599075820496356 0.014594218724108852
leaf_weight=22.581256460398436 5.3230388686060888 6.6766331754624861 7.0961937606334677 55.713305052369833 6.301560975611209 6.4081755429506302 6.1138646975159645
leaf_count=129 32 38 40 300 34 34 34
internal_value=0.000276554 -0.00097476 0.000630419 -0.000733808 -0.0081442 -8.763e-05 0.0112954
internal_weight=116.214 104.777 85.3908 78.2946 19.3864 13.0848 11.4369
internal_count=641 575 469 429 106 72 66
is_linear=0
shrinkage=0.03


Tree=303
num_leaves=10
num_cat=0
split_feature=40 23 23 3 17 34 19 37 33
split_gain=2.0201 2.83193 2.46217 2.21575 1.67511 1.96507 1.90474 1.25545 0.549334
threshold=-0.022137534578777037 0.76165509232574491 0.85192953004224681 -0.033972882412632958 -1.0184448311713561 -0.002991407225890141 0.071219673545315249 0.03403167538781094 0.48353580562659854
decision_type=2 2 2 2 2 2 2 2 2
left_child=2 7 -1 -4 5 -3 -6 -2 -5
right_child=1 4 3 8 6 -7 -8 -9 -10
leaf_value=0.0077888493545260895 -0.017686535271168841 0.020543849622453658 0.0029299722122157253 -0.023176157294196767 -0.0043755189785310584 0.0030747137329019836 0.0065504507626718833 0 -0.0047680012453407312
leaf_weight=5.0193383768200901 5.9393113255500776 9.2963116839528102 4.3054499998688742 7.9038091637194121 25.618073347955942 19.155586238950491 26.832207411527634 5.9685553163290024 6.1021950244903564
leaf_count=28 31 49 27 45 138 104 150 34 35
internal_value=0.000278596 0.00240407 -0.00710661 -0.012293 0.00458538 0.0102495 0.000973742 -0.00986549 -0.0176911
internal_weight=116.141 92.81 23.3308 18.3115 80.9022 28.4519 52.4503 11.9079 14.006
internal_count=641 506 135 107 441 153 288 65 80
is_linear=0
shrinkage=0.03


Tree=304
num_leaves=11
num_cat=0
split_feature=40 16 34 7 7 25 12 9 33 36
split_gain=1.91705 1.90385 4.62588 2.36393 2.71786 1.92282 1.66279 1.50757 1.23913 1.01523
threshold=-0.022137534578777037 -6.6770155263643156 -0.0035264739107390693 0.013166896978363251 0.01879035000941601 0.25866188769414583 41.846902266909915 -0.012042945499734855 0.26132984970342071 0.0062151404478681472
decision_type=2 2 2 2 2 2 2 2 2 2
left_child=6 2 8 7 -5 -4 9 -3 -2 -1
right_child=1 3 5 4 -6 -7 -8 -9 -10 -11
leaf_value=0.0084303899827886993 0.017949721861651405 0 -0.023144890164185996 -0.01557372466130374 0.0040331950334148931 -0.00062213301223522474 -0.014874364453183809 0.013504897143661604 0 -0.0062628775330467361
leaf_weight=5.7338534034788626 4.7482184767723101 12.326696954667566 7.8178669884800893 6.8304100260138538 19.495231304317713 7.6241927742958069 10.255001850426195 26.748284593224525 7.1205566674470901 7.2813503704965115
leaf_count=35 30 75 44 36 108 39 58 138 36 42
internal_value=0.000266718 0.0023406 -0.00382215 0.00517372 -0.00126486 -0.0142312 -0.00693362 0.00972709 0.00873838 0
internal_weight=115.982 92.7115 27.3108 65.4006 26.3256 15.4421 23.2702 39.075 11.8688 13.0152
internal_count=641 506 149 357 144 83 135 213 66 77
is_linear=0
shrinkage=0.03


Tree=305
num_leaves=8
num_cat=0
split_feature=22 36 34 26 21 37 22
split_gain=1.88795 1.7136 2.39635 1.91453 1.83121 1.58413 1.06034
threshold=0.70794478428600216 0.0047909640408616673 0.017539685152324295 0.23166368515205729 0.017752907034633301 0.03403167538781094 -0.10860860339872662
decision_type=2 2 2 2 2 2 2
left_child=1 2 6 5 -5 -3 -1
right_child=-2 3 -4 4 -6 -7 -8
leaf_value=0 0.011764801666771928 -0.012105914424493162 -0.0051984999617605667 -0.002453140792786497 0.011624066859806671 0 0.016358962631782218
leaf_weight=7.1752694547176405 9.2697266750037652 25.910435557365417 10.445323295891283 26.984895303845406 9.3027190119028074 16.337789542973042 10.933168321847916
leaf_count=39 53 142 54 150 59 89 58
internal_value=0 -0.00113003 0.00473986 -0.00351514 0.00118262 -0.00776018 0.0111653
internal_weight=116.359 107.09 28.5538 78.5358 36.2876 42.2482 18.1084
internal_count=644 591 151 440 209 231 97
is_linear=0
shrinkage=0.03


Tree=306
num_leaves=8
num_cat=0
split_feature=40 23 37 36 21 37 37
split_gain=1.83273 2.5244 2.08003 2.22592 1.71673 1.38469 0.227331
threshold=-0.02413491832258324 0.75580864364143829 -0.0061534776855865494 0.0055425896490444498 0.016727982449399405 0.03403167538781094 -0.031038709662062399
decision_type=2 2 2 2 2 2 2
left_child=4 5 -3 -4 6 -2 -1
right_child=1 2 3 -5 -6 -7 -8
leaf_value=-0.0037925022845207161 -0.017795866918740869 0.016912151054236813 0.0071114611684272031 -0.0028001600217691142 0.0027095013439522452 0 -0.017798675743215142
leaf_weight=6.5584445968270311 6.0617522373795492 8.107173450291155 36.882486760616302 38.627899270504713 6.5804661139845839 6.3710566982626915 7.0836450606584558
leaf_count=37 33 42 199 216 41 35 41
internal_value=0 0.00184948 0.00389734 0.00190615 -0.00768975 -0.00951573 -0.01337
internal_weight=116.273 96.0504 83.6176 75.5104 20.2226 12.4328 13.6421
internal_count=644 525 457 415 119 68 78
is_linear=0
shrinkage=0.03


Tree=307
num_leaves=10
num_cat=0
split_feature=40 38 13 32 32 25 5 21 36
split_gain=1.74609 2.11248 1.78119 2.29747 2.13845 1.97775 1.75699 1.55011 1.13742
threshold=-0.02413491832258324 0.010978310423265953 -0.93572066776603069 0.011411963189006393 -0.0057478446480334058 0.40078740157480325 -0.039137416126440887 0.012773799652916225 0.0071176564050825014
decision_type=2 2 2 2 2 2 2 2 2
left_child=1 -1 4 6 7 -6 -4 -2 -3
right_child=2 8 3 -5 5 -7 -8 -9 -10
leaf_value=-0.016343623319626438 -0.012948825939324424 -0.0062497810201212209 0.0078593438283607302 0.012575964448986194 0.014774179286402192 -0.00095468075158870833 -0.0067017282849145161 0.0051974474150953834 0.010318844929780727
leaf_weight=9.7849231660366076 5.7856406047940236 5.4134559854865056 6.3867543861269942 6.390897572040557 22.473383896052841 7.4396083131432524 41.285184718668461 6.2229140400886536 4.9813153147697449
leaf_count=57 29 32 36 37 126 45 220 32 30
internal_value=0 -0.00752498 0.00179455 -0.00158122 0.00636329 0.0105776 -0.00421105 -0.00307503 0.000863802
internal_weight=116.164 20.1797 95.9844 54.0628 41.9215 29.913 47.6719 12.0086 10.3948
internal_count=644 119 525 293 232 171 256 61 62
is_linear=0
shrinkage=0.03


Tree=308
num_leaves=7
num_cat=0
split_feature=22 40 0 16 16 38
split_gain=1.76597 1.9589 2.30684 1.71267 1.62234 1.47645
threshold=0.70794478428600216 0.0063483636520035311 -0.0098070388383805756 7.2310632987065739 -18.703133011533392 0.010978310423265953
decision_type=2 2 2 2 2 2
left_child=1 4 -3 -4 -1 -6
right_child=-2 2 3 -5 5 -7
leaf_value=0.0034868017048860999 0.011394503793283306 0.014535644254546851 0.0039778832353946948 -0.0061871060128749229 -0.01407847206702147 -7.7939176590107758e-06
leaf_weight=8.9626417905092222 9.2395654395222646 9.0475232452154142 31.896075315773487 24.331800863146782 19.633175618946552 12.903985716402529
leaf_count=50 53 48 177 135 107 74
internal_value=0 -0.00109357 0.00196951 -0.000224686 -0.0061254 -0.00925607
internal_weight=116.015 106.775 65.2754 56.2279 41.4998 32.5372
internal_count=644 591 360 312 231 181
is_linear=0
shrinkage=0.03


Tree=309
num_leaves=8
num_cat=0
split_feature=22 13 1 1 24 24 2
split_gain=1.67803 1.59732 1.64688 2.14522 1.44512 2.52224 1.38485
threshold=0.70794478428600216 -0.93572066776603069 -0.017087873869696287 -0.0064577521774587523 -0.3885093167701863 -0.10300618921308576 -0.025702621583587212
decision_type=2 2 2 2 2 2 2
left_child=1 2 6 -4 -3 -6 -1
right_child=-2 4 3 -5 5 -7 -8
leaf_value=0.0025436417401898661 0.01111892107814651 -0.014411085304711231 0.015027225972004205 0 0.012922803411380985 -0.004789367696939024 -0.014261608423879499
leaf_weight=6.0847509503364563 9.2341640666127187 9.1723198071122152 12.80632012337446 23.273590318858624 6.4030280262231818 42.880171414464712 6.0629659667611104
leaf_count=35 53 51 70 130 39 234 32
internal_value=0 -0.00105664 0.00273799 0.00609111 -0.00442246 -0.00178142 -0.00561406
internal_weight=115.917 106.683 48.2276 36.0799 58.4555 49.2832 12.1477
internal_count=644 591 267 200 324 273 67
is_linear=0
shrinkage=0.03


Tree=310
num_leaves=10
num_cat=0
split_feature=28 21 8 33 36 28 15 1 23
split_gain=4.15204 2.73579 2.06846 4.14558 2.31046 1.8085 2.82468 1.16296 0.702599
threshold=2.5000000000000004 0.01487516173088778 0.0040190726835381595 0.37313054028623788 0.0052270927749003245 7.5000000000000009 24.122144709449721 0.010273118580977793 1.0553718350417645
decision_type=2 2 2 2 2 2 2 2 2
left_child=7 2 3 -2 -4 8 -7 -1 -3
right_child=1 5 4 -5 -6 6 -8 -9 -10
leaf_value=0.01856437763473593 -0.0074902627941370228 -0.0062529503503358178 -0.018181463125571617 0.012734410355254093 0 0.020690108337825034 -0.0019928700022129125 0.001043065699535075 0.005183732629018797
leaf_weight=12.735431015491487 21.855819314718246 9.0344863906502741 14.003772735595705 12.75416539609432 11.998966112732885 10.395509652793409 5.8484691157937041 7.2688450515270224 5.8624954782426348
leaf_count=71 122 54 77 64 65 63 31 39 39
internal_value=0.00180337 -0.000832757 -0.00464213 0 -0.0107081 0.00596188 0.012378 0.0135529 -0.000783632
internal_weight=111.758 91.7537 60.6127 34.61 26.0027 31.141 16.244 20.0043 14.897
internal_count=625 515 328 186 142 187 94 110 93
is_linear=0
shrinkage=0.03


Tree=311
num_leaves=14
num_cat=0
split_feature=21 22 3 22 38 15 23 33 15 36 20 40 38
split_gain=2.18406 3.39152 4.04132 2.87369 2.2748 2.22824 1.51175 1.38502 1.13722 0.994943 0.569837 0.650437 0.554441
threshold=0.014596966919582961 -0.080437427688435079 -0.0058546018002075808 -0.047994754812276601 0.0093069792750234328 -2.5166928640140962 0.95742920622166716 0.74027513601981698 -3.5006454193717622 0.0067321795170828909 0.020078331847548519 0.017280220207760991 0.0093069792750234328
decision_type=2 2 2 2 2 2 2 2 2 2 2 2 2
left_child=1 2 8 10 9 -6 7 -5 -1 -3 -2 -12 -4
right_child=3 4 12 6 5 -7 -8 -9 -10 -11 11 -13 -14
leaf_value=0.012171999342350755 0.022708219570881451 0.012622989235380596 -0.022789785190742737 -0.016753537047919431 0.0066020413323692505 -0.012096977755113402 0.0084043807069413053 0.00031264148439437786 -0.0036714997735696519 0 0.013303881876480022 0 -0.0046228929793460062
leaf_weight=5.1858278661966324 7.0989056751132038 18.458907499909404 10.223741367459299 4.8362300544977206 7.5304966717958477 10.915353402495382 7.7319330573081961 7.0546222999691963 5.8332157880067843 9.49975688010454 4.8876839317381364 6.4344577714800835 5.8659792207181445
leaf_count=31 38 95 58 30 41 56 49 38 31 53 34 35 36
internal_value=0.00176292 -0.00110442 -0.00931794 0.0074566 0.00357064 -0.00383041 0 -0.00696143 0.0033571 0.00888394 0.0153518 0.00689681 -0.0182391
internal_weight=111.557 73.5133 27.1088 38.0438 46.4045 18.4459 19.6228 11.8909 11.019 27.9587 18.421 11.3221 16.0897
internal_count=625 401 156 224 245 97 117 68 62 148 107 69 94
is_linear=0
shrinkage=0.03


Tree=312
num_leaves=10
num_cat=0
split_feature=12 38 12 12 20 12 6 16 1
split_gain=1.48057 1.97084 2.90661 2.19146 1.73315 2.51001 1.77038 1.66308 1.14724
threshold=59.831527954417432 0.011726829028055807 64.188707210170506 77.746243140281535 0.019415070518799215 39.658529497239186 0.0072682817919587439 0.77915527219350278 0.0084328301446424687
decision_type=2 2 2 2 2 2 2 2 2
left_child=4 2 -2 -4 6 -6 7 -1 -7
right_child=1 -3 3 -5 5 8 -8 -9 -10
leaf_value=0 -0.01353977483342061 -0.01563638571666048 0.014421359519166092 -0.0045125656036706287 -0.0015766509602762903 0.0051949218611526656 -0.0092887668112991931 0.012159945243522074 0.024558769185092238
leaf_weight=32.369959302246571 6.7347067147493425 6.8158496841788283 11.554536964744331 6.4063868448138228 8.4193553775548953 9.3391235433518904 10.248374633491037 11.868180349469183 7.5967553146183482
leaf_count=175 35 41 66 37 53 55 56 62 45
internal_value=0.00172772 -0.00338909 0.000347417 0.00714098 0.00396394 0.0101685 0.000553288 0.0034609 0.0163494
internal_weight=111.353 31.5115 24.6956 17.9609 79.8417 25.3552 54.4865 44.2381 16.9359
internal_count=625 179 138 103 446 153 293 237 100
is_linear=0
shrinkage=0.03


Tree=313
num_leaves=14
num_cat=0
split_feature=21 22 3 22 38 15 5 24 31 15 22 38 11
split_gain=2.06779 3.23281 3.8786 2.74924 2.14594 2.14019 1.42343 1.29024 1.2635 1.08827 0.534207 0.504545 0.172112
threshold=0.014596966919582961 -0.080437427688435079 -0.0058546018002075808 -0.047994754812276601 0.0093069792750234328 -2.5166928640140962 0.048884921257782772 -0.29658564814814808 1.5000000000000002 -3.5006454193717622 -0.33721441161692073 0.0093069792750234328 -1.0000000180025095e-35
decision_type=2 2 2 2 2 2 2 2 2 2 2 2 2
left_child=1 2 9 10 8 -6 7 -5 -3 -1 -2 -4 -12
right_child=3 4 11 6 5 -7 -8 -9 -10 -11 12 -13 -14
leaf_value=0.011903096270177325 0.0016005463497562179 0.012157815404824837 -0.022342706024834885 -0.015822007853424008 0.0064703026310261973 -0.011859111006423947 0.0086515459399519323 0.00029311925590086251 -0.00035874454530919199 -0.0035874515429751533 0.0045159078063583295 -0.0045871748053788455 0.021599348015882886
leaf_weight=5.1723683401942253 4.8939127288758781 20.715000770986084 10.159399047493936 5.0622738376259813 7.5214455947279957 10.884260438382624 6.9994525983929625 7.4703583642840394 7.2145754098892203 5.8293212205171603 4.6158694252371815 5.8536710366606703 8.8087154440581745
leaf_count=31 31 108 58 31 41 56 39 47 40 31 27 36 49
internal_value=0.00167423 -0.0011114 -0.00914755 0.00723371 0.0034482 -0.00373372 -5.1283e-05 -0.00646568 0.00861553 0.00325235 0.01498 -0.0179148 0.0180451
internal_weight=111.201 73.35 27.0148 37.8506 46.3353 18.4057 19.5321 12.5326 27.9296 11.0017 18.3185 16.0131 13.4246
internal_count=625 401 156 224 245 97 117 78 148 62 107 94 76
is_linear=0
shrinkage=0.03


Tree=314
num_leaves=8
num_cat=0
split_feature=28 20 35 4 37 8 22
split_gain=3.98787 2.45746 2.83226 2.56724 1.71514 1.7039 0.3263
threshold=2.5000000000000004 0.024481391436876599 0.0055094809610702908 0.0076230222668320921 0.054440783522573762 0.0040190726835381595 0.0081955651439851191
decision_type=2 2 2 2 2 2 2
left_child=4 2 5 -4 6 -2 -1
right_child=1 -3 3 -5 -6 -7 -8
leaf_value=0.0068496772310131689 -0.0028187497288511987 0.014198240158709746 0.0064188353806113561 -0.0053089238032368495 0 -0.021201904233652362 0.023949301893029521
leaf_weight=7.3335671499371546 13.880468264222147 6.5077514331787816 32.350261066108942 30.381224192678928 5.4314066022634497 8.0546331927180272 7.0772939771413803
leaf_count=40 83 41 177 169 31 45 39
internal_value=0.00163516 -0.000950542 -0.00258879 0.000518746 0.0132022 -0.0114034 0.0180567
internal_weight=111.017 91.1743 84.6666 62.7315 19.8423 21.9351 14.4109
internal_count=625 515 474 346 110 128 79
is_linear=0
shrinkage=0.03


Tree=315
num_leaves=9
num_cat=0
split_feature=11 15 15 32 15 4 15 4
split_gain=2.12335 2.75052 2.54934 3.57909 2.94588 1.77737 1.67158 0.562803
threshold=0.029662690461003564 27.079820933558128 -18.183703931745381 0.0020795493859194773 -4.7973687572418742 0.01400985083067008 90.085190192184072 -0.0043090041678430216
decision_type=2 2 2 2 2 2 2 2
left_child=1 2 3 -1 -4 -3 7 -2
right_child=6 5 4 -5 -6 -7 -8 -9
leaf_value=0.0032275711006827267 0.021558293900640475 -0.020513210575612128 0.016521759187936944 -0.016288279106898174 0.00021417904722900429 0 0 0.0032663838884840124
leaf_weight=16.76773996278644 6.3056932389736176 7.5495581775903693 13.580771783366798 12.529378660023211 33.310336824506521 8.0353576838970167 8.889974579215048 5.6681751683354396
leaf_count=100 29 42 83 74 181 45 46 32
internal_value=0.000940223 -0.000931354 0.00132885 -0.00514694 0.0057267 -0.011728 0.00919007 0.0156795
internal_weight=112.637 91.7731 76.1882 29.2971 46.8911 15.5849 20.8638 11.9739
internal_count=632 525 438 174 264 87 107 61
is_linear=0
shrinkage=0.03


Tree=316
num_leaves=10
num_cat=0
split_feature=35 23 12 5 4 5 14 8 40
split_gain=3.50236 2.52521 2.42615 2.41882 1.30964 2.51084 1.78864 1.2232 1.13012
threshold=0.014752023384207781 0.75580864364143829 40.041404075728202 1.0000000180025095e-35 -0.00067505622810565258 0.028227253044186166 24.845258877830933 -0.033328933798413937 0.041609900899631909
decision_type=2 2 2 2 2 2 2 2 2
left_child=2 -2 7 -4 6 -6 -3 -1 -5
right_child=1 4 3 8 5 -7 -8 -9 -10
leaf_value=-0.0020037201566434635 -0.0065035301288329525 0.0062189843911206223 0.010807635353672402 -0.011569931576872266 -0.0043310087112481584 0.011256577158345615 0.026744358760810414 -0.022441058518163953 2.8363795609795252e-05
leaf_weight=6.9232447221875191 10.39506062120199 17.765105359256271 9.8139669187366945 11.551887504756452 16.110605727881197 15.827047497034071 5.5908952057361594 6.9392366334795934 11.538126118481157
leaf_count=39 53 107 59 62 87 84 26 48 67
internal_value=0.000920362 0.00543008 -0.00506936 0 0.00808409 0.00315975 0.0134458 -0.0147194 -0.00563612
internal_weight=112.455 65.6887 46.7665 32.904 55.2937 31.9377 23.356 13.8625 23.09
internal_count=632 357 275 188 304 171 133 87 129
is_linear=0
shrinkage=0.03


Tree=317
num_leaves=13
num_cat=0
split_feature=35 19 28 7 36 20 36 10 20 38 5 36
split_gain=3.34037 2.52803 2.197 2.54361 2.1523 4.01472 3.51306 2.61664 2.50738 1.95272 1.029 0.666148
threshold=0.014752023384207781 0.12743008149609183 2.5000000000000004 0.0070860801532787948 0.005293934214162895 0.016933631480206827 0.0044979205317295908 0.0076236526750455011 0.018089678729997265 0.010259812214181223 0.0034710514751598036 0.0064814559958253403
decision_type=2 2 2 2 2 2 2 2 2 2 2 2
left_child=1 2 3 -1 6 11 7 -2 -7 -8 -4 -6
right_child=4 -3 10 -5 5 8 9 -9 -10 -11 -12 -13
leaf_value=0.013113184133192467 0.015261860270328944 0.0074757771498132411 -0.0058927705404379013 -0.010335937919774784 0.027595450077951306 -0.013899432835703784 -0.017916739137551343 -0.0042809262881932575 0.0082981828210278927 0.0010132172070079326 -0.02109402137663682 0.0064489042266877754
leaf_weight=6.34920611605048 13.480254009366037 8.8692418262362462 15.805677354335787 6.0694142132997513 8.1395290046930331 5.2223515287041655 8.8619561418890935 7.4612952619791022 10.508360320702193 6.0549041405320159 9.5551939606666547 5.9119443744420996
leaf_count=36 73 55 95 32 41 28 45 39 60 37 57 34
internal_value=0.000894298 -0.00496076 -0.00848655 0.000768431 0.00530071 0.0109885 0 0.00787891 0 -0.0101348 -0.0132916 0.021545
internal_weight=112.289 46.6487 37.7795 12.4186 65.6406 29.7822 35.8584 20.9415 15.7307 14.9169 25.3609 14.0515
internal_count=632 275 220 68 357 163 194 112 88 82 152 75
is_linear=0
shrinkage=0.03


Tree=318
num_leaves=9
num_cat=0
split_feature=35 19 23 28 7 19 7 23
split_gain=3.18172 2.41692 2.39298 2.09803 2.43579 1.49361 1.57509 0.47536
threshold=0.014752023384207781 0.12743008149609183 0.75580864364143829 2.5000000000000004 0.0070860801532787948 0.042942123935163272 0.02219725846261399 1.1511849453536267
decision_type=2 2 2 2 2 2 2 2
left_child=1 3 -2 4 -1 -4 -7 -5
right_child=2 -3 5 7 -6 6 -8 -9
leaf_value=0.012845512860176898 -0.0064243123651584518 0.0073034021068911301 -0.001892998152233593 -0.0078682036143025175 -0.010125307819984391 0.012113888602858643 -0.0016126624299155211 -0.021646126367329696
leaf_weight=6.3290474973618966 10.3798451423645 8.853659972548483 8.7924900203943235 19.328904420137409 6.0516776889562607 39.942401943728328 6.3827349022030822 5.9475467875599852
leaf_count=36 53 55 46 119 32 222 36 33
internal_value=0.000872611 -0.00484675 0.00517953 -0.0083059 0.000727722 0.00777583 0.00992376 -0.0130095
internal_weight=112.008 46.5108 65.4975 37.6572 12.3807 55.1176 46.3251 25.2765
internal_count=632 275 357 220 68 304 258 152
is_linear=0
shrinkage=0.03


Tree=319
num_leaves=9
num_cat=0
split_feature=35 19 23 28 34 34 8 11
split_gain=3.00224 2.31111 2.26623 2.0031 1.59281 2.26015 1.42792 1.05116
threshold=0.014752023384207781 0.12743008149609183 0.75580864364143829 2.5000000000000004 -0.002991407225890141 0.0097892813297230114 0.012534324888509174 0.017892419737589375
decision_type=2 2 2 2 2 2 2 2
left_child=1 3 -2 6 -4 -6 -1 -5
right_child=2 -3 4 7 5 -7 -8 -9
leaf_value=0.010832113093527664 -0.0062646559952611513 0.0071348541438096495 0.017753881853535547 -0.016513975543338406 -0.0063155283028757886 0.0080984378672679311 -0.0067200151166200489 -0.00077627118813572513
leaf_weight=5.6738873645663244 10.376074925065039 8.8384076058864576 10.15289046615362 17.619380235672001 10.584462426602839 34.322485569864511 6.6694467440247536 7.5956009924411765
leaf_count=33 53 55 53 108 58 193 35 44
internal_value=0.00082279 -0.00473682 0.00501079 -0.00812919 0.00754364 0.00425689 0.000687818 -0.0127299
internal_weight=111.833 46.3967 65.4359 37.5583 55.0598 44.9069 12.3433 25.215
internal_count=632 275 357 220 304 251 68 152
is_linear=0
shrinkage=0.03


Tree=320
num_leaves=9
num_cat=0
split_feature=38 38 38 21 20 18 25 13
split_gain=1.26411 1.85561 3.7214 2.55109 2.33484 2.07453 1.42163 1.42114
threshold=0.0072506047088872526 0.011636098727044247 0.011198829984610867 0.018752165658725096 0.024670144129743481 0.66172728426113114 0.17257053291536054 -1.0863808970646998
decision_type=2 2 2 2 2 2 2 2
left_child=6 2 3 -2 5 -3 -1 -8
right_child=1 4 -4 -5 -6 -7 7 -9
leaf_value=0.0020965131660851976 -0.001013419473635544 -0.00059721244120875385 0.023976815433957476 0.015013352068149882 0.0083595486643321046 -0.020357103620536107 -0.020461557607609232 0
leaf_weight=6.9460816085338619 52.550968080759048 12.937693573534494 5.6933455131947985 8.4692148193716985 6.2805287018418303 7.762642763555049 6.2934092544019231 5.6436669379472706
leaf_count=39 281 73 36 51 38 47 35 34
internal_value=0 0.00138899 0.0041674 0.00137884 -0.0047769 -0.00980867 -0.00675562 -0.0125446
internal_weight=112.578 93.6944 66.7135 61.0202 26.9809 20.7003 18.8832 11.9371
internal_count=634 526 368 332 158 120 108 69
is_linear=0
shrinkage=0.03


Tree=321
num_leaves=9
num_cat=0
split_feature=23 34 11 15 20 36 21 35
split_gain=1.28105 1.42621 2.88076 2.81283 2.41541 2.18672 1.29332 0.878589
threshold=0.75363883546679833 -0.018704680099853595 0.029662690461003564 22.509389640799544 0.01593996134413889 0.0053848008313575734 0.011457157455071665 0.017418134699802915
decision_type=2 2 2 2 2 2 2 2
left_child=7 3 5 4 -2 -3 -4 -1
right_child=1 2 6 -5 -6 -7 -8 -9
leaf_value=0 -0.0008197440485181582 0.0010273571137067758 -0.00038760057758078625 -0.0071319014974059085 0.021413108555608414 -0.0096926298485782939 0.014604571884093495 -0.013486765706957077
leaf_weight=5.0116416141390783 4.6671676635742214 33.8418073579669 5.2422516867518452 5.5291412249207488 10.447461429983376 28.175979942083359 11.491082556545733 7.9570253118872643
leaf_count=30 28 189 27 29 62 167 61 41
internal_value=0 0.00114344 -0.000575074 0.00783334 0.014378 -0.0037593 0.00956714 -0.00825638
internal_weight=112.364 99.3949 78.7511 20.6438 15.1146 62.0178 16.7333 12.9687
internal_count=634 563 444 119 90 356 88 71
is_linear=0
shrinkage=0.03


Tree=322
num_leaves=9
num_cat=0
split_feature=23 38 38 34 23 38 8 22
split_gain=1.21593 1.8797 3.44089 2.63276 1.70807 2.27729 1.41088 1.09477
threshold=0.75363883546679833 0.011636098727044247 0.010483915746965312 0.019168293790070016 0.85666942287386705 0.013494448964517224 -0.00025569339146824978 0.024119171922800779
decision_type=2 2 2 2 2 2 2 2
left_child=7 2 3 -2 -3 -6 -4 -1
right_child=1 4 6 -5 5 -7 -8 -9
leaf_value=0 0.0050807677263057334 0.005228279916859222 0.0006614466517879681 -0.0071593815673576065 -0.01980660544900642 0 0.024911032607128028 -0.015729471006968771
leaf_weight=7.0566471591591817 41.06557023152709 6.2866172194480923 4.8256943635642529 22.748939715325832 8.6974620893597621 9.0376047566533071 6.5950450971722585 5.8981970772147179
leaf_count=39 231 35 32 122 51 55 37 32
internal_value=0 0.00111325 0.00356373 0.000404456 -0.00566917 -0.0104305 0.0174079 -0.00804892
internal_weight=112.212 99.2569 75.2352 63.8145 24.0217 17.7351 11.4207 12.9548
internal_count=634 563 422 353 141 106 69 71
is_linear=0
shrinkage=0.03


Tree=323
num_leaves=9
num_cat=0
split_feature=38 38 38 20 35 5 33 32
split_gain=1.18099 1.68472 3.54418 2.15684 1.75173 1.73808 1.19942 1.24332
threshold=0.0072506047088872526 0.011636098727044247 0.011198829984610867 0.024670144129743481 0.028068734440173441 0.002886991952282703 0.74027513601981698 -0.00036999185459080092
decision_type=2 2 2 2 2 2 2 2
left_child=6 2 4 5 -2 -3 7 -1
right_child=1 3 -4 -5 -6 -7 -8 -9
leaf_value=0 0.0068880588039767557 0 0.02346687593119642 0.0080892404195442302 -0.0029063006622845502 -0.016218811919523873 0.0013395073074060435 -0.01890474578015296
leaf_weight=5.071283958852292 27.057218037545681 9.0485004708170944 5.5995368920266619 6.2367641404271117 33.810229107737541 11.523537226021288 7.1608808971941462 6.5912750922143468
leaf_count=28 156 52 36 38 176 68 39 41
internal_value=0 0.00135328 0.00400792 -0.004529 0.00128958 -0.00939677 -0.00653173 -0.0119512
internal_weight=112.099 93.2758 66.467 26.8088 60.8674 20.572 18.8234 11.6626
internal_count=634 526 368 158 332 120 108 69
is_linear=0
shrinkage=0.03


Tree=324
num_leaves=10
num_cat=0
split_feature=34 14 34 20 34 35 35 11 5
split_gain=1.15145 2.10857 4.20497 5.99271 3.22201 2.53723 1.79331 1.45271 0.463433
threshold=0.028182886756487172 24.845258877830933 -0.018704680099853595 0.015514471753375265 -0.016429914196908865 0.053624426308413138 0.040810814667678115 0.013192431215714786 0.028227253044186166
decision_type=2 2 2 2 2 2 2 2 2
left_child=1 2 3 -1 -3 -4 8 -6 -2
right_child=6 4 5 -5 7 -7 -8 -9 -10
leaf_value=-0.011402134272010126 0.0072392422010895772 -0.0078721412138937578 -0.0098823701070476101 0.022026175476021745 9.9493929376307457e-05 0.0084551206159115509 -0.013774922699532404 0.017395630034020924 -0.0027427860400998775
leaf_weight=5.4524834640324142 5.579180374741556 6.7732654809951809 36.990954715758562 10.998787727206944 8.1049583889544028 5.7412942573428145 10.765740826725958 16.442165747284889 5.0620861202478409
leaf_count=32 28 36 217 66 45 35 58 85 32
internal_value=0 0.00145101 -0.00169212 0.010099 0.00758557 -0.00681543 -0.00599604 0.0126876 0.00162149
internal_weight=111.911 90.5039 59.1835 16.4513 31.3204 42.7322 21.407 24.5471 10.6413
internal_count=634 516 350 98 166 252 118 130 60
is_linear=0
shrinkage=0.03


Tree=325
num_leaves=9
num_cat=0
split_feature=13 25 32 38 0 32 23 40
split_gain=2.27785 2.62106 2.84385 2.2803 1.98638 1.70205 1.59713 0.151147
threshold=-8.489568360490475 0.43714080459770122 -0.00098915251309850106 0.008881906498433333 -0.0031586529724734187 0.0030526602381889538 0.82436118989175278 0.020507887258790828
decision_type=2 2 2 2 2 2 2 2
left_child=7 3 -3 4 -2 -4 -5 -1
right_child=1 2 5 6 -6 -7 -8 -9
leaf_value=0.0023229984189292742 0 0.01855495124809145 -0.011715688355004762 -0.0077334643387934878 -0.014387195868777921 0.0067640139591492168 0.0040307526182136438 0.016349302771545872
leaf_weight=4.912495903670786 11.459304474294184 8.9006071239709872 6.0832347422838193 12.863641388714312 23.074030313640833 7.550409622490406 31.811355588957667 5.2904442213475704
leaf_count=30 63 50 36 76 128 44 186 30
internal_value=0 -0.00138868 0.00701707 -0.0040787 -0.00965042 -0.000965965 0.000135785 0.0123127
internal_weight=111.946 101.743 22.5343 79.2083 34.5333 13.6336 44.675 10.2029
internal_count=643 583 130 453 191 80 262 60
is_linear=0
shrinkage=0.03


Tree=326
num_leaves=9
num_cat=0
split_feature=13 25 16 6 16 1 20 35
split_gain=2.18725 2.49076 2.1415 1.9152 1.71871 1.56984 1.57256 0.61387
threshold=-8.489568360490475 0.43714080459770122 6.556734310790084 0.0098874162771633665 1.5254832292602816 0.00067026168335193603 0.016949720132754875 0.022298967449830179
decision_type=2 2 2 2 2 2 2 2
left_child=7 2 4 -4 -2 -3 -7 -1
right_child=1 5 3 -5 -6 6 -8 -9
leaf_value=0 -0.0027608030274766651 -0.00057027053360944049 -0.015657958272089597 0 0.010527609192502027 0.022840089389109936 0.00010525044561715174 0.017477142414474598
leaf_weight=4.5440293513238412 38.175921231508255 10.397103875875475 18.108123183250431 13.664694514125584 9.1937809437513334 5.6180515512824041 6.4730581566691399 5.6401999667286873
leaf_count=28 227 57 97 76 53 32 41 32
internal_value=0 -0.0013444 -0.00397005 -0.00974351 0 0.00685305 0.0134758 0.0120909
internal_weight=111.815 101.631 79.1425 31.7728 47.3697 22.4882 12.0911 10.1842
internal_count=643 583 453 173 280 130 73 60
is_linear=0
shrinkage=0.03


Tree=327
num_leaves=9
num_cat=0
split_feature=13 25 10 14 21 1 20 35
split_gain=2.09814 2.37552 2.04155 1.91082 1.66577 1.54347 0.947701 0.583452
threshold=-8.489568360490475 0.43714080459770122 0.00021165097534925351 -15.28361967943715 0.015198287597453343 -0.01132018088006964 0.014802216121508954 0.022298967449830179
decision_type=2 2 2 2 2 2 2 2
left_child=7 2 3 -2 6 -4 -3 -1
right_child=1 4 5 -5 -6 -7 -8 -9
leaf_value=0 -0.0045164740490367099 0 0.0029139433189157423 0.0086770471001874142 -0.004205935416900031 -0.010466505563668963 0.01548548150578446 0.017149615666169307
leaf_weight=4.5440293513238412 19.219132432714105 4.6381616517901483 6.7126156315207473 15.766368031501768 6.0316010862588874 37.372678350657225 11.806035265326498 5.6140751242637634
leaf_count=28 123 29 37 87 39 206 62 32
internal_value=0 -0.00129653 -0.00386554 0.00117138 0.00670586 -0.00806562 0.0115436 0.0118742
internal_weight=111.705 101.547 79.0708 34.9855 22.4758 44.0853 16.4442 10.1581
internal_count=643 583 453 210 130 243 91 60
is_linear=0
shrinkage=0.03


Tree=328
num_leaves=9
num_cat=0
split_feature=15 32 26 11 21 26 20 38
split_gain=2.84099 1.84513 2.99384 2.05716 1.7413 2.00384 1.98527 1.72875
threshold=109.80424273262149 0.001464952628744465 0.15849282296650721 0.0061900428161977281 0.011231409410327247 0.19292803970223329 0.017433161264716505 0.0098764392838318182
decision_type=2 2 2 2 2 2 2 2
left_child=1 4 3 -3 5 -1 -6 -4
right_child=-2 2 7 -5 6 -7 -8 -9
leaf_value=0.0062850379594566281 -0.018389732933665876 -0.020682637797129699 -0.0032329718167621092 0 0.016481559177511824 -0.011318883567679726 0.0022178745826459873 0.0099474696407533571
leaf_weight=9.2329135127365607 5.0177121832966796 9.2056808918714506 17.762615464627746 6.6698972955346099 14.798421069979666 9.2903790771961194 26.36690522544086 13.264495640993117
leaf_count=49 26 55 103 38 81 53 161 77
internal_value=0 0.00130036 -0.00289094 -0.012829 0.00482396 -0.00205597 0.00821906 0.00220883
internal_weight=111.609 106.591 46.9027 15.8756 59.6886 18.5233 41.1653 31.0271
internal_count=643 617 273 93 344 102 242 180
is_linear=0
shrinkage=0.03


Tree=329
num_leaves=6
num_cat=0
split_feature=15 13 25 32 38
split_gain=2.13846 1.84096 1.66133 2.74182 2.39284
threshold=108.76366817316917 -8.489568360490475 0.43714080459770122 -0.00098915251309850106 0.008881906498433333
decision_type=2 2 2 2 2
left_child=1 -1 4 -4 -3
right_child=-2 2 3 -5 -6
leaf_value=0.012580965769429233 -0.015040129144114201 -0.0083359290054078258 0.018509846994676081 -0.0010455840462775038 0.0020801250438377923
leaf_weight=9.4370585493743402 5.8300857469439498 32.022476304322481 8.3399503976106661 13.243759647011755 42.596972461789846
leaf_count=56 31 179 47 78 252
internal_value=0 0.00119379 -3.96525e-06 0.00680352 -0.002295
internal_weight=111.47 105.64 96.2032 21.5837 74.6194
internal_count=643 612 556 125 431
is_linear=0
shrinkage=0.03


Tree=330
num_leaves=7
num_cat=0
split_feature=12 3 12 17 22 40
split_gain=1.89414 2.61528 2.10987 2.11723 2.09183 1.577
threshold=39.496451408535606 -0.035401331473726087 43.085096721460367 5.8240982990731629 -0.19658624285309725 -0.014811097522472725
decision_type=2 2 2 2 2 2
left_child=1 -1 -2 4 -4 -3
right_child=2 5 3 -5 -6 -7
leaf_value=0.0075990717769817522 0.012869265846196482 -0.0011988688881717949 0.0057845380749904328 0.012211924938371485 -0.0058537555014006679 -0.02045506588004432
leaf_weight=4.6770572699606445 9.4451472721993905 8.5021853744983709 15.83530107885599 7.4515879824757567 51.616109177470207 10.396889783442017
leaf_count=31 56 47 94 44 278 59
internal_value=-0.0012136 -0.00842311 0.000776231 -0.00084866 -0.0028176 -0.0134537
internal_weight=107.924 23.5761 84.3481 74.903 67.4514 18.8991
internal_count=609 137 472 416 372 106
is_linear=0
shrinkage=0.03


Tree=331
num_leaves=8
num_cat=0
split_feature=12 3 12 17 22 20 19
split_gain=1.80969 2.51395 2.00239 2.0126 1.98029 0.745848 0.444899
threshold=39.496451408535606 -0.024196900574437071 43.085096721460367 5.8240982990731629 -0.19658624285309725 0.016625322118767879 0.1035486570129409
decision_type=2 2 2 2 2 2 2
left_child=1 6 -2 4 -4 -3 -1
right_child=2 5 3 -5 -6 -7 -8
leaf_value=-0.0025193044289325939 0.012562982539185542 -0.0022078601855427585 0.0056304309903672843 0.01192893651844156 -0.005687008135083306 -0.021479791119482578 0.0073155881459284781
leaf_weight=5.1578466407954711 9.4340849705040437 5.174733776599167 15.835396107286213 7.447025164961814 51.594619285315275 7.9542306661605835 5.2263550981879234
leaf_count=30 56 30 94 44 278 46 31
internal_value=-0.00116419 -0.00822412 0.00077588 -0.000802309 -0.00272752 -0.0161713 0.00160141
internal_weight=107.824 23.5132 84.3111 74.877 67.43 13.129 10.3842
internal_count=609 137 472 416 372 76 61
is_linear=0
shrinkage=0.03


Tree=332
num_leaves=10
num_cat=0
split_feature=2 3 4 19 35 17 28 37 26
split_gain=1.77678 1.98111 1.94696 2.67873 4.37899 2.19294 1.87848 1.95531 0.119232
threshold=-0.0031102051099497481 -0.033972882412632958 0.052352753267687742 0.07255057282164866 0.0055094809610702908 -0.3467760006387372 9.5000000000000018 0.043533593393098043 0.26944684528954194
decision_type=2 2 2 2 2 2 2 2 2
left_child=1 -1 3 5 -5 -2 7 -3 -4
right_child=2 6 8 4 -6 -7 -8 -9 -10
leaf_value=0.0050525863713651361 0.011676367979214666 -0.016332261651542227 -0.011548975558251786 -0.0055532098117063921 0.019647672031306296 -0.0059999060441769825 0.0021119592268704513 0.00083683518046572089 -0.00078391279983773771
leaf_weight=9.0810186229646188 6.2676597908139255 21.985553145408634 5.3732661679387075 7.0547179505229023 16.499748403206468 22.729557320475578 7.8258017078042021 5.561981499195098 5.3685298413038254
leaf_count=54 33 120 29 48 92 129 45 28 31
internal_value=-0.00112299 -0.00567591 0.00192095 0.004516 0.011669 -0.00118845 -0.00895447 -0.0125361 -0.00831358
internal_weight=107.748 44.4544 63.2935 52.5517 23.5545 28.9972 35.3733 27.5475 10.7418
internal_count=609 247 362 302 140 162 193 148 60
is_linear=0
shrinkage=0.03


Tree=333
num_leaves=8
num_cat=0
split_feature=2 1 20 34 33 22 1
split_gain=1.66104 2.90836 2.44902 2.50753 1.49613 1.48618 1.51105
threshold=-0.0031102051099497481 -0.0032887660153559368 0.021643801064334649 0.0035769533226940324 0.95987281654994783 0.53861060472013667 0.022159896662971138
decision_type=2 2 2 2 2 2 2
left_child=1 2 3 -1 5 6 -2
right_child=4 -3 -4 -5 -6 -7 -8
leaf_value=0.0047678952634929899 -0.00042436321448540798 -0.017265451019929042 0.014325287865764582 -0.012040462592153483 -0.010296916152342548 0.015170750662489329 0.014224498945619057
leaf_weight=11.4769628867507 45.748315878212452 11.474820427596567 5.7670145556330672 15.673239614814518 5.5782767683267585 6.7908679768443099 5.0793383717536917
leaf_count=63 263 62 37 85 31 36 32
internal_value=-0.00108727 -0.00549494 -0.000208279 -0.00458101 0.00185237 0.00358616 0.0012387
internal_weight=107.589 44.392 32.9172 27.1502 63.1968 57.6185 50.8277
internal_count=609 247 185 148 362 331 295
is_linear=0
shrinkage=0.03


Tree=334
num_leaves=11
num_cat=0
split_feature=12 10 35 3 36 22 22 10 11 13
split_gain=1.70077 2.46946 3.44015 2.38948 2.21039 1.76495 2.48084 1.84695 0.673243 0.194759
threshold=39.496451408535606 0.00021165097534925351 0.02858149872301308 -0.024196900574437071 0.0061835271373494672 -0.19658624285309725 -0.29489937671458483 0.0073442884583111443 -0.017136500062077838 -0.47073784988748452
decision_type=2 2 2 2 2 2 2 2 2 2
left_child=3 2 -2 8 -4 6 -3 -7 -1 -5
right_child=1 5 4 9 -6 7 -8 -9 -10 -11
leaf_value=-0.0039421174823132954 0.020108770626026777 -0.0030530635764470732 0.0078782889377290739 -0.019987090772300375 -0.013742900427617588 -0.01413999620944794 0.018550804999982871 -0.00076765713013276279 0.008476804646551617 -0.0045093398415310768
leaf_weight=4.950782984495163 10.520968038588764 8.800292704254387 7.5423054806888086 7.329140916466713 5.4498054459691048 12.796899475157259 5.8707708343863478 33.112376052886248 5.3918892741203326 5.7281405478715879
leaf_count=27 62 51 43 41 31 69 34 182 34 35
internal_value=-0.00104685 0.00082967 0.0088024 -0.00791546 -0.000814088 -0.00220752 0.00588056 -0.00524288 0.00164136 -0.0156941
internal_weight=107.493 84.0934 23.5131 23.4 12.9921 60.5803 14.6711 45.9093 10.3427 13.0573
internal_count=609 472 136 137 74 336 85 251 61 76
is_linear=0
shrinkage=0.03


Tree=335
num_leaves=9
num_cat=0
split_feature=36 40 7 3 5 28 1 27
split_gain=1.82283 2.42008 1.95697 3.42733 2.18342 1.92943 1.35176 0.44503
threshold=0.0075714583721388081 -0.031946584780786318 0.0068627287772865348 -0.016298302849269194 0.077671811271257898 8.5000000000000018 -0.0064577521774587523 2.5000000000000004
decision_type=2 2 2 2 2 2 2 2
left_child=1 6 3 -3 -4 7 -1 -2
right_child=5 2 4 -5 -6 -7 -8 -9
leaf_value=-0.0010051179180387614 0.0037616879935103956 -0.0081313954011396211 -0.010718900062017932 0.0088110397986175832 0.004867834976805761 -0.0033424653035525349 -0.024478573277530731 0.018348835303277026
leaf_weight=5.6119898073375225 8.6072632372379321 13.616626802831886 25.055681083351374 29.915299784392118 8.6416559442877752 9.2568642720580083 4.9838857650756818 6.1706397980451575
leaf_count=34 51 81 139 166 49 51 31 38
internal_value=-0.000969547 -0.00309034 -0.00087068 0.00305768 -0.00625272 0.00584592 -0.0153706 0.0122079
internal_weight=111.86 87.8251 77.2293 43.5319 33.6973 24.0348 10.5959 14.7779
internal_count=640 500 435 247 188 140 65 89
is_linear=0
shrinkage=0.03


Tree=336
num_leaves=10
num_cat=0
split_feature=36 40 13 7 3 5 1 12 12
split_gain=1.74546 2.33556 1.91078 1.84034 3.247 2.07846 1.29764 0.779336 0.514912
threshold=0.0075714583721388081 -0.031946584780786318 -2.9383209172421227 0.0068627287772865348 -0.016298302849269194 0.077671811271257898 -0.0064577521774587523 39.568739417682032 56.957461493751822
decision_type=2 2 2 2 2 2 2 2 2
left_child=1 6 -2 4 -3 -5 -1 -4 -9
right_child=2 3 7 5 -6 -7 -8 8 -10
leaf_value=-0.00098293611966223781 -0.0040348484499562595 -0.0079177526804349776 0 -0.010444421367232486 0.008567105591119447 0.004751141377489161 -0.024076796714513449 0.021902765006379762 0.0032787610829642122
leaf_weight=5.6116143688559532 8.3889427855610865 13.618456752970813 4.9080161228775969 24.996192373335361 29.901238709688187 8.6374736875295621 4.9489485546946508 5.267527583986519 5.4397384896874428
leaf_count=34 46 81 31 139 166 49 31 33 30
internal_value=-0.00094802 -0.00302708 0.00572077 -0.000843695 0.0029578 -0.00607345 -0.01511 0.0116763 0.0156267
internal_weight=111.718 87.7139 24.0042 77.1534 43.5197 33.6337 10.5606 15.6153 10.7073
internal_count=640 500 140 435 247 188 65 94 63
is_linear=0
shrinkage=0.03


Tree=337
num_leaves=8
num_cat=0
split_feature=28 25 34 1 6 13 13
split_gain=1.68795 1.46756 1.30607 1.42733 2.05651 1.29478 0.341824
threshold=2.5000000000000004 0.17257053291536054 -0.051469665498601762 -0.019352913080619757 0.0016581326561111176 -1.2221722465642946 -5.2287300154086891
decision_type=2 2 2 2 2 2 2
left_child=1 -1 -2 6 -5 -3 -4
right_child=2 5 3 4 -6 -7 -8
leaf_value=0.014471697853828383 0.0097425503990858971 -0.010767458311785506 -0.018111723091424798 0.0032206615173625171 -0.0062783065817989302 0.0070675768028320369 -0.0023883307868926363
leaf_weight=8.638425253331663 4.5211602225899687 4.6289626136422157 5.7139324322342873 34.002584856003523 42.708753416314721 5.9428901597857458 5.409162722527979
leaf_count=46 27 26 31 189 254 35 32
internal_value=-0.000923715 0.00654004 -0.00274089 -0.00375303 -0.00190243 -1.90976e-05 -0.0131378
internal_weight=111.566 19.2103 92.3556 87.8344 76.7113 10.5719 11.1231
internal_count=640 107 533 506 443 61 63
is_linear=0
shrinkage=0.03


Tree=338
num_leaves=9
num_cat=0
split_feature=32 32 36 40 28 0 26 35
split_gain=1.93181 2.26875 2.0276 2.13532 1.7478 1.32776 1.42896 0.360967
threshold=0.01001737050731233 0.0017583644042120652 0.0076615977141585309 -0.031946584780786318 8.5000000000000018 -0.0052622332417590059 0.32992327365728907 0.01090554361288776
decision_type=2 2 2 2 2 2 2 2
left_child=1 2 3 -1 -4 -3 -7 -2
right_child=7 5 4 -5 -6 6 -8 -9
leaf_value=-0.015006781071259545 0.0011192542598298673 0.0033634400704425456 0.017739444880736584 0.00066784266452511124 -0.00042011483242944576 -0.014982619300221604 -0.00055733469675172374 0.016026856364857903
leaf_weight=7.1622884422540656 5.6273035034537298 4.9020344242453566 8.4495625384151918 43.36649364233017 5.8130210340023032 20.004464905709032 11.958770103752611 4.1978822350502014
leaf_count=43 34 27 51 247 30 114 68 26
internal_value=-0.000894345 -0.00230918 0.000896647 -0.0017552 0.0102743 -0.00808562 -0.0103778 0.0103905
internal_weight=111.482 101.657 64.7914 50.5288 14.2626 36.8653 31.9632 9.82519
internal_count=640 580 371 290 81 209 182 60
is_linear=0
shrinkage=0.03


Tree=339
num_leaves=9
num_cat=0
split_feature=32 32 3 36 13 37 13 23
split_gain=1.85678 2.14752 3.27546 1.92733 2.18892 1.81379 1.49225 1.05709
threshold=0.01001737050731233 0.0017583644042120652 0.011751453348011644 0.0076615977141585309 -4.4251606706995466 -0.022281436526135786 4.4368752484819369 0.97601527254541831
decision_type=2 2 2 2 2 2 2 2
left_child=1 3 6 5 -5 -1 -3 -4
right_child=-2 2 7 4 -6 -7 -8 -9
leaf_value=-0.015247568823319053 0.010202956276911758 0.0057302038668949895 -0.023304456085597502 -0.0033690562374237188 0.017566039837232705 0.00025812207308732244 -0.010206490557034436 -0.0041172074562631153
leaf_weight=5.6692858859896651 9.8261726498603803 14.100438244640829 9.3103686869144457 4.8052566051483145 9.4198120571672899 44.841875376179814 5.8174647912383071 7.5824075490236273
leaf_count=33 60 79 53 26 55 257 32 45
internal_value=-0.000856256 -0.00224766 -0.00787322 0.000866494 0.0100261 -0.00171101 0 -0.0168337
internal_weight=111.373 101.547 36.8107 64.7362 14.2251 50.5112 19.9179 16.8928
internal_count=640 580 209 371 81 290 111 98
is_linear=0
shrinkage=0.03


Tree=340
num_leaves=13
num_cat=0
split_feature=3 11 11 27 2 20 20 26 34 28 15 26
split_gain=2.66001 2.29071 4.68506 2.11187 3.26078 1.99317 1.50623 1.46506 1.13923 1.12626 0.962029 0.954293
threshold=0.009609700024397096 0.0038034435915220714 0.019212028883308866 2.5000000000000004 -0.0068280024761129257 0.01786357954249574 0.016340771694510293 0.34131994261119086 -0.018034275176167621 9.5000000000000018 76.127748652415548 0.27912920853164114
decision_type=2 2 2 2 2 2 2 2 2 2 2 2
left_child=3 7 -3 4 8 -6 11 -2 -1 -8 -4 -5
right_child=1 2 10 6 5 -7 9 -9 -10 -11 -12 -13
leaf_value=0.00037582125187175688 -0.019538166116668133 0.013021060623053917 -0.019628808053088472 -0.0072527543270547949 0.012643671657989488 -0.0049329163055910827 0.00526607008585586 0 -0.01373862524603487 0.024114032107092436 0 0.0074864568812943733
leaf_weight=4.397135570645335 11.923759058117868 10.645925454795362 5.626160651445387 5.8968318402767199 13.310530286282303 6.4651021584868422 12.03349879384041 6.5111984387040129 14.940415829420088 5.3935933597385874 5.4071502313017845 5.912483137100935
leaf_count=25 68 56 34 30 73 37 72 42 86 34 30 33
internal_value=-0.000722658 -0.00677849 0 0.00270994 -0.00154476 0.00628334 0.00861666 -0.0139851 -0.0100918 0.0137535 -0.01261 0
internal_weight=108.464 40.1142 21.6792 68.3496 39.1132 19.7756 29.2364 18.435 19.3376 17.4271 11.0333 11.8093
internal_count=620 230 120 390 221 110 169 110 111 106 64 63
is_linear=0
shrinkage=0.03


Tree=341
num_leaves=12
num_cat=0
split_feature=3 11 11 38 27 26 26 28 26 11 16
split_gain=2.55616 2.17684 4.48216 2.07834 1.86825 2.5099 1.39421 0.838377 0.736006 0.635907 0.233409
threshold=0.009609700024397096 0.0038034435915220714 0.019212028883308866 0.0070408710787039806 2.5000000000000004 0.31221330275229364 0.34131994261119086 7.5000000000000009 0.23019943019943023 0.045617407871864864 12.009801498416424
decision_type=2 2 2 2 2 2 2 2 2 2 2
left_child=3 6 -3 8 5 -5 10 -6 -1 -4 -2
right_child=1 2 9 4 7 -7 -8 -9 -10 -11 -12
leaf_value=-0.014832114801402917 -0.024371648408976297 0.012688372750542361 -0.018761841997961923 0.0060933907754047618 0.0033312970470891581 -0.01001729534128464 0 0.016616191589360486 0 -0.0012617149865120866 -0.0059619453412223852
leaf_weight=4.9111597724258882 6.4498993456363696 10.649689145386221 5.2653011903166753 21.949477314949036 13.226325191557409 11.649531401693819 6.5111984387040129 11.677719239145516 4.8308190070092678 5.7202691808342934 5.4033426940441132
leaf_count=29 37 56 32 119 78 67 42 66 31 32 31
internal_value=-0.000703322 -0.00665154 0 0.00265962 0.00499474 0 -0.0136913 0.0108904 -0.00854813 -0.0124023 -0.0191346
internal_weight=108.245 39.9997 21.6353 68.245 58.5031 33.599 18.3644 24.904 9.74198 10.9856 11.8532
internal_count=620 230 120 390 330 186 110 144 60 64 68
is_linear=0
shrinkage=0.03


Tree=342
num_leaves=11
num_cat=0
split_feature=3 38 23 38 22 23 23 26 26 26
split_gain=2.45837 2.0347 2.3875 1.99021 2.62484 1.98079 1.48034 1.29986 0.923783 0.638492
threshold=0.009609700024397096 0.010848811106294204 0.91176081856327518 0.0070637421568420979 -0.17792277028471201 1.0097727312410527 1.0297032334365035 0.16774891774891779 0.23019943019943023 0.18394199785177232
decision_type=2 2 2 2 2 2 2 2 2 2
left_child=3 2 -2 8 6 -6 -5 -3 -1 -4
right_child=1 7 9 4 5 -7 -8 -9 -10 -11
leaf_value=-0.015205336711306148 -0.021925471694755613 -0.0069349909237349681 0.0034863486367310002 0.022605328388524932 -0.0039640542586310747 0.0088982494605481209 0.0020987084833196273 0.0084816092186034767 0 -0.0071335157263010202
leaf_weight=5.0762705057859403 9.8194729536771792 6.3881269991397849 5.8402912244200698 7.976482439786194 27.195329405367374 14.824229735881088 7.9646252263337374 8.9708143919706327 5.116296362131834 8.885211415588854
leaf_count=30 54 34 34 44 153 84 46 55 33 53
internal_value=-0.000710766 -0.00655272 -0.0116581 0.0025852 0.00492671 0.000431043 0.0145718 0.00114515 -0.00812372 -0.0021115
internal_weight=108.057 39.9039 24.545 68.1532 57.9607 42.0196 15.9411 15.3589 10.1926 14.7255
internal_count=620 230 141 390 327 237 90 89 63 87
is_linear=0
shrinkage=0.03


Tree=343
num_leaves=14
num_cat=0
split_feature=3 11 11 23 27 2 20 20 28 34 2 15 0
split_gain=2.34472 2.07548 4.23905 2.62761 1.93777 3.11041 1.92577 1.41712 1.08639 1.07599 1.05468 0.9345 0.497206
threshold=0.009609700024397096 0.0038034435915220714 0.019212028883308866 0.90689074400911218 2.5000000000000004 -0.0068280024761129257 0.01786357954249574 0.016340771694510293 9.5000000000000018 -0.018034275176167621 0.013786373466492254 76.127748652415548 -0.0022102901123742798
decision_type=2 2 2 2 2 2 2 2 2 2 2 2 2
left_child=4 3 -3 -2 5 9 -7 12 -9 -1 -5 -4 -6
right_child=1 2 11 10 7 6 -8 8 -10 -11 -12 -13 -14
leaf_value=0.00021986828496895115 -0.025420011998526285 0.012411727406342832 -0.018973492672299957 0.0056244255693082392 -0.0054325391504060896 0.01237703188819623 -0.0049076818258066051 0.0049227941414844816 0.023410057567000351 -0.013456363132090504 -0.0097999424031935765 0 0.0052221127089967677
leaf_weight=4.3857798874378231 7.1488470733165768 10.642678640782835 5.5239643529057485 5.2070933952927572 5.7292646579444408 13.268155645579101 6.4429871384054413 12.010532665997745 5.3129518255591384 14.87504782527685 5.8856738172471523 5.4112580269575119 6.0444533601403254
leaf_count=25 41 56 34 30 31 73 37 72 34 86 39 30 32
internal_value=-0.000689436 -0.00640406 0 -0.0133046 0.00252684 -0.0015409 0.00610465 0.00820611 0.0132051 -0.00990896 -0.00166072 -0.0120156 0
internal_weight=107.889 39.8195 21.5779 18.2416 68.0692 38.972 19.7111 29.0972 17.3235 19.2608 11.0928 10.9352 11.7737
internal_count=620 230 120 110 390 221 110 169 106 111 69 64 63
is_linear=0
shrinkage=0.03


Tree=344
num_leaves=11
num_cat=0
split_feature=3 38 38 22 15 24 1 4 8 26
split_gain=2.25785 1.93102 1.9054 2.44621 1.94549 1.55866 1.32455 1.22997 1.06027 0.413152
threshold=0.009609700024397096 0.010848811106294204 0.0070408710787039806 -0.17792277028471201 -4.7973687572418742 -0.10300618921308576 -0.013952764029414198 0.020069288347023821 0.034105903895496427 0.22326064382139152
decision_type=2 2 2 2 2 2 2 2 2 2
left_child=2 5 9 6 -5 -2 -4 -3 -7 -1
right_child=1 7 3 4 -6 8 -8 -9 -10 -11
leaf_value=-0.013271309774899343 0 -0.0061014389444831807 0 0.0089870046041977819 -0.003814015987739785 -0.021172584944699653 0.019837967647665992 0.0087862801723009223 -0.0017155983479255009 0
leaf_weight=4.6378804333507997 7.7793917581439045 7.0213577747344962 5.9238238744437686 14.372590791434044 27.958384886384014 10.712889511138203 10.030364235863088 8.3024346902966482 5.8713494017720214 5.0482590422034264
leaf_count=28 45 41 35 87 152 63 56 48 33 32
internal_value=-0.000673251 -0.00629383 0.00248024 0.00472871 0.000403302 -0.0112978 0.0140464 0.00118201 -0.0160173 -0.00825979
internal_weight=107.659 39.6874 67.9713 58.2852 42.331 24.3636 15.9542 15.3238 16.5842 9.68614
internal_count=620 230 390 330 239 141 91 89 96 60
is_linear=0
shrinkage=0.03


Tree=345
num_leaves=8
num_cat=0
split_feature=33 12 37 33 13 12 26
split_gain=1.30336 2.44919 2.20544 2.039 1.96834 1.7184 0.936971
threshold=0.84067385771421654 59.831527954417432 0.051342710211999883 0.96284090839462355 -2.1965611138150041 39.496451408535606 0.36626016260162603
decision_type=2 2 2 2 2 2 2
left_child=1 2 5 6 -3 -1 -2
right_child=3 4 -4 -5 -6 -7 -8
leaf_value=-0.001673378486215242 0.018411807198033755 0.00094551436823731981 -0.011613068109489552 -0.0044377894587825997 -0.017534576224118147 0.0076511706995831584 0
leaf_weight=24.516669139266014 9.6634004861116427 6.4294820353388813 6.7529335170984259 5.7336086109280577 9.6547638624906522 43.466267278417945 5.1680780984461299
leaf_count=145 57 36 37 34 56 249 32
internal_value=0.00149888 0 0.00223949 0.00795444 -0.0100303 0.0041224 0.0135943
internal_weight=111.385 90.8201 74.7359 20.5651 16.0842 67.9829 14.8315
internal_count=646 523 431 123 92 394 89
is_linear=0
shrinkage=0.03


Tree=346
num_leaves=12
num_cat=0
split_feature=25 9 15 1 5 16 34 11 22 23 22
split_gain=1.5759 2.6041 2.31907 3.15326 2.01733 2.10494 1.75716 1.26369 1.05501 0.820152 0.0465395
threshold=0.21913109756097562 -0.012737439878882541 -9.9658452098024721 -0.0075165971154615421 -0.032675940333214297 -8.6430093862027508 0.0065712545350116178 -0.01540467708848786 -0.15486791611997588 0.91176081856327518 -0.032829979746702757
decision_type=2 2 2 2 2 2 2 2 2 2 2
left_child=1 7 -3 -4 8 9 -7 10 -2 -6 -1
right_child=4 2 3 -5 5 6 -8 -9 -10 -11 -12
leaf_value=-0.0038573509662094938 0.0009504957972197429 0.017047524795949346 0.011906188521652978 -0.0073320805179601023 -0.014669295356238657 -0.0014312179244557657 0.011264884228112726 0 0.02156744769987624 0 -0.01958840943962694
leaf_weight=4.2322846502065667 5.4419781975448132 5.7646905928850165 9.0696337297558802 22.102362204343081 5.7783043533563596 14.614601381123064 18.425085246562958 6.1408895440399638 6.8270213529467565 5.8794478103518486 7.00662785768509
leaf_count=29 34 30 46 128 31 82 108 42 44 35 37
internal_value=0.00144657 -0.00198594 0.00224584 -0.000902066 0.00493014 0.00135474 0.00545973 -0.0110572 0.0148889 -0.00827694 -0.0162752
internal_weight=111.283 54.3165 36.9367 31.172 56.9664 44.6974 33.0397 17.3798 12.269 11.6578 11.2389
internal_count=646 312 204 174 334 256 190 108 78 66 66
is_linear=0
shrinkage=0.03


end of trees

feature_importances:
macro_topix_vol_20=166
atr_pct=159
macd_signal=158
volatility=140
macro_usdjpy_ret_60=125
bb_bandwidth=115
ma_20_60_cross=108
macro_usdjpy_ret_20=108
macd=106
return_5d=105
vol_ratio=104
return_20d=96
macro_topix_ret_20=87
macd_hist=86
rsi=79
macro_usdjpy_vol_20=77
vol_change=72
lower_shadow_pct=71
rsi_change=68
price_position_20d=67
month=65
macro_nikkei_ret_20=64
return_2d=61
gap=61
macd_hist_change=60
div_ma_60=57
upper_shadow_pct=55
return_10d=48
bb_pct_b=47
div_ma_10=44
ma_5_20_cross=44
candle_body_pct=41
div_ma_20=40
return_3d=39
div_ma_5=33
day_of_week=32
return_1d=31
streak=9
macro_nikkei_above_200dma=4

parameters:
[boosting: gbdt]
[objective: binary]
[metric: binary_logloss]
[tree_learner: serial]
[device_type: cpu]
[data_sample_strategy: bagging]
[data: ]
[valid: ]
[num_iterations: 347]
[learning_rate: 0.03]
[num_leaves: 15]
[num_threads: 0]
[seed: 42]
[deterministic: 0]
[force_col_wise: 0]
[force_row_wise: 0]
[histogram_pool_size: -1]
[max_depth: 4]
[min_data_in_leaf: 30]
[min_sum_hessian_in_leaf: 0.001]
[bagging_fraction: 0.7]
[pos_bagging_fraction: 1]
[neg_bagging_fraction: 1]
[bagging_freq: 5]
[bagging_seed: 400]
[bagging_by_query: 0]
[feature_fraction: 0.6]
[feature_fraction_bynode: 1]
[feature_fraction_seed: 30056]
[extra_trees: 0]
[extra_seed: 12879]
[early_stopping_round: 0]
[early_stopping_min_delta: 0]
[first_metric_only: 0]
[max_delta_step: 0]
[lambda_l1: 0.5]
[lambda_l2: 2]
[linear_lambda: 0]
[min_gain_to_split: 0]
[drop_rate: 0.1]
[max_drop: 50]
[skip_drop: 0.5]
[xgboost_dart_mode: 0]
[uniform_drop: 0]
[drop_seed: 17869]
[top_rate: 0.2]
[other_rate: 0.1]
[min_data_per_group: 100]
[max_cat_threshold: 32]
[cat_l2: 10]
[cat_smooth: 10]
[max_cat_to_onehot: 4]
[top_k: 20]
[monotone_constraints: ]
[monotone_constraints_method: basic]
[monotone_penalty: 0]
[feature_contri: ]
[forcedsplits_filename: ]
[refit_decay_rate: 0.9]
[cegb_tradeoff: 1]
[cegb_penalty_split: 0]
[cegb_penalty_feature_lazy: ]
[cegb_penalty_feature_coupled: ]
[path_smooth: 0]
[interaction_constraints: ]
[verbosity: -1]
[saved_feature_importance_type: 0]
[use_quantized_grad: 0]
[num_grad_quant_bins: 4]
[quant_train_renew_leaf: 0]
[stochastic_rounding: 1]
[linear_tree: 0]
[max_bin: 255]
[max_bin_by_feature: ]
[min_data_in_bin: 5]
[bin_construct_sample_cnt: 200000]
[data_random_seed: 175]
[is_enable_sparse: 1]
[enable_bundle: 1]
[use_missing: 1]
[zero_as_missing: 0]
[feature_pre_filter: 1]
[pre_partition: 0]
[two_round: 0]
[header: 0]
[label_column: ]
[weight_column: ]
[group_column: ]
[ignore_column: ]
[categorical_feature: ]
[forcedbins_filename: ]
[precise_float_parser: 0]
[parser_config_file: ]
[objective_seed: 16083]
[num_class: 1]
[is_unbalance: 0]
[scale_pos_weight: 1]
[sigmoid: 1]
[boost_from_average: 1]
[reg_sqrt: 0]
[alpha: 0.9]
[fair_c: 1]
[poisson_max_delta_step: 0.7]
[tweedie_variance_power: 1.5]
[lambdarank_truncation_level: 30]
[lambdarank_norm: 1]
[label_gain: ]
[lambdarank_position_bias_regularization: 0]
[eval_at: ]
[multi_error_top_k: 1]
[auc_mu_weights: ]
[num_machines: 1]
[local_listen_port: 12400]
[time_out: 120]
[machine_list_filename: ]
[machines: ]
[gpu_platform_id: -1]
[gpu_device_id: -1]
[gpu_use_dp: 0]
[num_gpu: 1]

end of parameters

pandas_categorical:[]
