{
  "feature_cols": [
    "return_1d",
    "return_2d",
    "return_3d",
    "return_5d",
    "return_10d",
    "return_20d",
    "div_ma_5",
    "div_ma_10",
    "div_ma_20",
    "div_ma_60",
    "ma_5_20_cross",
    "ma_20_60_cross",
    "rsi",
    "rsi_change",
    "macd",
    "macd_signal",
    "macd_hist",
    "macd_hist_change",
    "bb_pct_b",
    "bb_bandwidth",
    "atr_pct",
    "volatility",
    "vol_change",
    "vol_ratio",
    "candle_body_pct",
    "upper_shadow_pct",
    "lower_shadow_pct",
    "day_of_week",
    "month",
    "is_month_end",
    "is_month_start",
    "streak",
    "gap",
    "price_position_20d",
    "macro_usdjpy_ret_20",
    "macro_usdjpy_ret_60",
    "macro_usdjpy_vol_20",
    "macro_topix_ret_20",
    "macro_topix_vol_20",
    "macro_topix_above_200dma",
    "macro_nikkei_ret_20",
    "macro_nikkei_above_200dma",
    "macro_nikkei_vi",
    "macro_jgb10y",
    "macro_bias_score"
  ],
  "avg_up_ret": 0.031245260870347652,
  "avg_dn_ret": -0.018125303524256342,
  "n_bins": 10,
  "psi_ref_rows": 250,
  "psi": {
    "return_1d": {
      "edges": [
        -0.058461538461538454,
        -0.02700807395362291,
        -0.015596824852128186,
        -0.007294757112447476,
        -0.002599598932575286,
        0.0034623440993251098,
        0.007570909862542189,
        0.01206339906648433,
        0.02127659574468077,
        0.031207051279555507,
        0.08575653031049768
      ],
      "ref_props": [
        0.1,
        0.1,
        0.1,
        0.1,
        0.1,
        0.1,
        0.1,
        0.096,
        0.104,
        0.1
      ]
    },
    "return_2d": {
      "edges": [
        -0.10132158590308371,
        -0.03328301168860511,
        -0.017493623842856975,
        -0.008361574031133396,
        -0.0014402212295917937,
        0.0033986706336818218,
        0.012707171524105255,
        0.019315164027813237,
        0.026775091443759988,
        0.04394878641957289,
        0.10548780487804876
      ],
      "ref_props": [
        0.1,
        0.1,
        0.1,
        0.1,
        0.1,
        0.1,
        0.1,
        0.1,
        0.1,
        0.1
      ]
    },
    "return_3d": {
      "edges": [
        -0.1441756397706615,
        -0.0333905580096056,
        -0.016857569752076283,
        -0.008543858141210812,
        0.0001520141879908476,
        0.007887346039796572,
        0.012981088160348491,
        0.02367901740020469,
        0.03663862531536607,
        0.05481378203903899,
        0.11892720306513405
      ],
      "ref_props": [
        0.1,
        0.1,
        0.1,
        0.1,
        0.1,
        0.1,
        0.1,
        0.1,
        0.1,
        0.1
      ]
    },
    "return_5d": {
      "edges": [
        -0.10040931184446145,
        -0.03642260746599388,
        -0.019943758593028348,
        -0.007688983378430572,
        0.0014250849119620509,
        0.008687747165915471,
        0.01783197556008152,
        0.032150089201582896,
        0.04983730615071012,
        0.07459507132574246,
        0.1522865853658537
      ],
      "ref_props": [
        0.1,
        0.1,
        0.1,
        0.1,
        0.1,
        0.1,
        0.1,
        0.1,
        0.1,
        0.1
      ]
    },
    "return_10d": {
      "edges": [
        -0.14193819046287237,
        -0.039820344810920144,
        -0.009632481285093863,
        0.0035232602125180538,
        0.012886382686885557,
        0.023265918092555515,
        0.0365608372142356,
        0.0534782751049461,
        0.07353556134485725,
        0.0979283985863067,
        0.20280701754385966
      ],
      "ref_props": [
        0.1,
        0.1,
        0.1,
        0.1,
        0.1,
        0.1,
        0.1,
        0.1,
        0.1,
        0.1
      ]
    },
    "return_20d": {
      "edges": [
        -0.22003304944705737,
        -0.03134951153057444,
        0.0026005760064220073,
        0.02087211621817005,
        0.04332588873906365,
        0.06156129626812423,
        0.07954018509498295,
        0.09705370615540855,
        0.11520480828252,
        0.15237364631198116,
        0.22047244094488194
      ],
      "ref_props": [
        0.1,
        0.1,
        0.1,
        0.1,
        0.1,
        0.1,
        0.1,
        0.1,
        0.1,
        0.1
      ]
    },
    "div_ma_5": {
      "edges": [
        -0.08830890239542369,
        -0.02308532503117172,
        -0.01071344687358794,
        -0.0037149285555968248,
        2.9277127682509162e-05,
        0.0045596714925788175,
        0.009789095364831437,
        0.014085517760676548,
        0.02150620532320648,
        0.03447031655276542,
        0.06537813552976404
      ],
      "ref_props": [
        0.1,
        0.1,
        0.1,
        0.1,
        0.1,
        0.1,
        0.1,
        0.1,
        0.1,
        0.1
      ]
    },
    "div_ma_10": {
      "edges": [
        -0.10854745673833244,
        -0.026161586559259868,
        -0.01148864819745502,
        -0.001627717444424175,
        0.0035579942099142996,
        0.010128923178574062,
        0.016912166772621594,
        0.025741683543966814,
        0.036990128517092595,
        0.04917193055559641,
        0.1068507578126286
      ],
      "ref_props": [
        0.1,
        0.1,
        0.1,
        0.1,
        0.1,
        0.1,
        0.1,
        0.1,
        0.1,
        0.1
      ]
    },
    "div_ma_20": {
      "edges": [
        -0.14119124632515448,
        -0.02438626462451796,
        -0.0008544598085552782,
        0.006662738693056434,
        0.014767494124797536,
        0.026431552146593415,
        0.03597467970111882,
        0.04670328942098154,
        0.057341138243036716,
        0.07315231151226653,
        0.14352976533346684
      ],
      "ref_props": [
        0.1,
        0.1,
        0.1,
        0.1,
        0.1,
        0.1,
        0.1,
        0.1,
        0.1,
        0.1
      ]
    },
    "div_ma_60": {
      "edges": [
        -0.0964667873951351,
        -0.01456343343088949,
        0.025081183108623013,
        0.042234204944726426,
        0.059504868635172216,
        0.07820072195906894,
        0.09677976101745919,
        0.11263441436681625,
        0.131879745901801,
        0.15586181495914234,
        0.2944244380976034
      ],
      "ref_props": [
        0.1,
        0.1,
        0.1,
        0.1,
        0.1,
        0.1,
        0.1,
        0.1,
        0.1,
        0.1
      ]
    },
    "ma_5_20_cross": {
      "edges": [
        -0.09260380099261589,
        -0.016919765804585773,
        -0.0012781789388768504,
        0.006598675716903338,
        0.012043415305182586,
        0.020916936179660617,
        0.02883874851388844,
        0.03711734606260555,
        0.04531697468682561,
        0.056350769507409026,
        0.11488144922026722
      ],
      "ref_props": [
        0.1,
        0.1,
        0.1,
        0.1,
        0.1,
        0.1,
        0.1,
        0.1,
        0.1,
        0.1
      ]
    },
    "ma_20_60_cross": {
      "edges": [
        -0.05819130008283013,
        -0.009159138258191594,
        0.01470010726017277,
        0.0325199683706547,
        0.04399018233592274,
        0.05497057497478741,
        0.06660319003108925,
        0.07711321982640296,
        0.09027001328944391,
        0.10708812550912843,
        0.14107724589521475
      ],
      "ref_props": [
        0.1,
        0.1,
        0.1,
        0.1,
        0.1,
        0.1,
        0.1,
        0.1,
        0.1,
        0.1
      ]
    },
    "rsi": {
      "edges": [
        25.21891418563922,
        44.71113923856819,
        48.92076502732241,
        52.75952088452089,
        56.09269299324827,
        57.49598720932789,
        62.252070103649956,
        65.29531955333809,
        68.81354211894465,
        74.55356898348687,
        88.7381275440977
      ],