{
  "feature_cols": [
    "return_1d",
    "return_2d",
    "return_3d",
    "return_5d",
    "return_10d",
    "return_20d",
    "div_ma_5",
    "div_ma_10",
    "div_ma_20",
    "div_ma_60",
    "ma_5_20_cross",
    "ma_20_60_cross",
    "rsi",
    "rsi_change",
    "macd",
    "macd_signal",
    "macd_hist",
    "macd_hist_change",
    "bb_pct_b",
    "bb_bandwidth",
    "atr_pct",
    "volatility",
    "vol_change",
    "vol_ratio",
    "candle_body_pct",
    "upper_shadow_pct",
    "lower_shadow_pct",
    "day_of_week",
    "month",
    "is_month_end",
    "is_month_start",
    "streak",
    "gap",
    "price_position_20d",
    "macro_usdjpy_ret_20",
    "macro_usdjpy_ret_60",
    "macro_usdjpy_vol_20",
    "macro_topix_ret_20",
    "macro_topix_vol_20",
    "macro_topix_above_200dma",
    "macro_nikkei_ret_20",
    "macro_nikkei_above_200dma",
    "macro_nikkei_vi",
    "macro_jgb10y",
    "macro_bias_score"
  ],
  "avg_up_ret": 0.031865355142924955,
  "avg_dn_ret": -0.02311242808473819,
  "n_bins": 10,
  "psi_ref_rows": 250,
  "psi": {
    "return_1d": {
      "edges": [
        -0.07416701519587343,
        -0.022784775982520954,
        -0.011830379516502386,
        -0.007228780107607966,
        -0.0022848924211644295,
        0.0008456682852296948,
        0.0048846616059349535,
        0.010516014711395946,
        0.015560987828843055,
        0.024197663734072502,
        0.11846129084178325
      ],
      "ref_props": [
        0.1,
        0.1,
        0.1,
        0.1,
        0.1,
        0.1,
        0.1,
        0.1,
        0.1,
        0.1
      ]
    },
    "return_2d": {
      "edges": [
        -0.09994364080405782,
        -0.036487515574337166,
        -0.015667630745809524,
        -0.007942504583147514,
        -0.0001633875541751916,
        0.00484828193896325,
        0.008582308766871587,
        0.015431442642986262,
        0.02505520030606112,
        0.03817806355068862,
        0.18461290841783362
      ],
      "ref_props": [
        0.1,
        0.1,
        0.1,
        0.1,
        0.1,
        0.1,
        0.1,
        0.1,
        0.1,
        0.1
      ]
    },
    "return_3d": {
      "edges": [
        -0.11228460255697614,
        -0.04300694289777201,
        -0.017924135625245374,
        -0.008011103881989933,
        -0.0004147089031680817,
        0.007058846668976937,
        0.01169276845323517,
        0.019318641338200875,
        0.02999860933739709,
        0.04876648050050642,
        0.24135604655085174
      ],
      "ref_props": [
        0.1,
        0.1,
        0.1,
        0.1,
        0.1,
        0.1,
        0.1,
        0.1,
        0.1,
        0.1
      ]
    },
    "return_5d": {
      "edges": [
        -0.16128577470745808,
        -0.04803815887053385,
        -0.021897592553445897,
        -0.00834133170287857,
        0.0007936768441991345,
        0.00746710652132343,
        0.01760077314064041,
        0.02857941360559791,
        0.038941536298769515,
        0.06313502122362055,
        0.3033469098636443
      ],
      "ref_props": [
        0.1,
        0.1,
        0.1,
        0.1,
        0.1,
        0.1,
        0.1,
        0.1,
        0.1,
        0.1
      ]
    },
    "return_10d": {
      "edges": [
        -0.1706398996235885,
        -0.06287087397365956,
        -0.032296560197689735,
        -0.01741085990609375,
        -2.4562001306222274e-05,
        0.01864703912595289,
        0.02709693720635168,
        0.03790346054162192,
        0.05627615132208374,
        0.10130563088676993,
        0.3810873029927395
      ],
      "ref_props": [
        0.1,
        0.1,
        0.1,
        0.1,
        0.1,
        0.1,
        0.1,
        0.1,
        0.1,
        0.1
      ]
    },
    "return_20d": {
      "edges": [
        -0.22021234762092012,
        -0.08991871680083204,
        -0.04021967398913293,
        -0.016722240955128448,
        0.013282395891113784,
        0.028027165146453203,
        0.04177975140938886,
        0.059344842608974636,
        0.08740921596009826,
        0.17561683476214487,
        0.44452676421559545
      ],
      "ref_props": [
        0.1,
        0.1,
        0.1,
        0.1,
        0.1,
        0.1,
        0.1,
        0.1,
        0.1,
        0.1
      ]
    },
    "div_ma_5": {
      "edges": [
        -0.08151922186197313,
        -0.028206047037990786,
        -0.010688185762485983,
        -0.004481200740990747,
        0.0005861674493915275,
        0.004303409628925745,
        0.007499514642342557,
        0.012333103774958776,
        0.01945328814647974,
        0.030721474645124983,
        0.14037806011775644
      ],
      "ref_props": [
        0.1,
        0.1,
        0.1,
        0.1,
        0.1,
        0.1,
        0.1,
        0.1,
        0.1,
        0.1
      ]
    },
    "div_ma_10": {
      "edges": [
        -0.1224628274722681,
        -0.039586460283391085,
        -0.01687126216562524,
        -0.006134955823063884,
        0.0004950624892240787,
        0.006766802788721556,
        0.013708324358150416,
        0.019146387609340173,
        0.027835966383613308,
        0.05179356805331668,
        0.21697146069645157
      ],
      "ref_props": [
        0.1,
        0.1,
        0.1,
        0.1,
        0.1,
        0.1,
        0.1,
        0.1,
        0.1,
        0.1
      ]
    },
    "div_ma_20": {
      "edges": [
        -0.16032689240497391,
        -0.04352773118030772,
        -0.0279105798099018,
        -0.013722749288191807,
        -0.0031688715307925885,
        0.012966339893202814,
        0.023898148440705046,
        0.03354786794350086,
        0.04776879950477156,
        0.0831441065945064,
        0.2852752165409333
      ],
      "ref_props": [
        0.1,
        0.1,
        0.1,
        0.1,
        0.1,
        0.1,
        0.1,
        0.1,
        0.1,
        0.1
      ]
    },
    "div_ma_60": {
      "edges": [
        -0.09118833072448886,
        -0.04269200313978571,
        -0.025379629640796722,
        3.491101972667037e-05,
        0.022557129625730227,
        0.04276855353599088,
        0.05512075469465776,
        0.06929050510727602,
        0.09503892876045746,
        0.1824883188076727,
        0.4246353470558328
      ],
      "ref_props": [
        0.1,
        0.1,
        0.1,
        0.1,
        0.1,
        0.1,
        0.1,
        0.1,
        0.1,
        0.1
      ]
    },
    "ma_5_20_cross": {
      "edges": [
        -0.09556027176777238,
        -0.03940870394824742,
        -0.026485220116586515,
        -0.010090205123454252,
        0.0006969616404687606,
        0.009494013634650966,
        0.0162999662780957,
        0.02779150552065404,
        0.03745159657525133,
        0.06214820869552307,
        0.19289529251024717
      ],
      "ref_props": [
        0.1,
        0.1,
        0.1,
        0.1,
        0.1,
        0.1,
        0.1,
        0.1,
        0.1,
        0.1
      ]
    },
    "ma_20_60_cross": {
      "edges": [
        -0.0380666910920352,
        -0.030017404449660088,
        -0.022405646110117593,
        -0.005132531846135383,
        0.02483103584952273,
        0.030407480168774703,
        0.03337195965140852,
        0.04736599542006513,
        0.06569519359951506,
        0.13020640066413394,
        0.24328604530981712
      ],
      "ref_props": [
        0.1,
        0.1,
        0.1,
        0.1,
        0.1,
        0.1,
        0.1,
        0.1,
        0.1,
        0.1
      ]
    },
    "rsi": {
      "edges": [
        13.475760065735415,
        35.680556670709386,
        40.86896168588367,
        45.132249086612426,
        48.999692437192444,
        55.1977653631285,
        60.78461788658569,
        65.5621677687022,
        70.5763452608577,
        79.220592228137,
        93.06071871127634
      ],