{
  "feature_cols": [
    "return_1d",
    "return_2d",
    "return_3d",
    "return_5d",
    "return_10d",
    "return_20d",
    "div_ma_5",
    "div_ma_10",
    "div_ma_20",
    "div_ma_60",
    "ma_5_20_cross",
    "ma_20_60_cross",
    "rsi",
    "rsi_change",
    "macd",
    "macd_signal",
    "macd_hist",
    "macd_hist_change",
    "bb_pct_b",
    "bb_bandwidth",
    "atr_pct",
    "volatility",
    "vol_change",
    "vol_ratio",
    "candle_body_pct",
    "upper_shadow_pct",
    "lower_shadow_pct",
    "day_of_week",
    "month",
    "is_month_end",
    "is_month_start",
    "streak",
    "gap",
    "price_position_20d",
    "macro_usdjpy_ret_20",
    "macro_usdjpy_ret_60",
    "macro_usdjpy_vol_20",
    "macro_topix_ret_20",
    "macro_topix_vol_20",
    "macro_topix_above_200dma",
    "macro_nikkei_ret_20",
    "macro_nikkei_above_200dma",
    "macro_nikkei_vi",
    "macro_jgb10y",
    "macro_bias_score"
  ],
  "avg_up_ret": 0.02703078517977507,
  "avg_dn_ret": -0.018113546132318557,
  "n_bins": 10,
  "psi_ref_rows": 250,
  "psi": {
    "return_1d": {
      "edges": [
        -0.04426450742240218,
        -0.021009142053445895,
        -0.01169063381122841,
        -0.006513243224793473,
        -0.004268746465528481,
        0.0,
        0.00373920916319524,
        0.00822041994980796,
        0.01143234079800052,
        0.019002886164976692,
        0.08019639934533562
      ],
      "ref_props": [
        0.1,
        0.1,
        0.1,
        0.1,
        0.092,
        0.108,
        0.1,
        0.1,
        0.1,
        0.1
      ]
    },
    "return_2d": {
      "edges": [
        -0.06435331230283914,
        -0.028108211537484263,
        -0.01770364747456332,
        -0.011885516331243795,
        -0.006223889821435313,
        -0.0003240670732732043,
        0.0053708793901279285,
        0.010777364286136208,
        0.016872411636810462,
        0.029101400274953424,
        0.09163083030102537
      ],
      "ref_props": [
        0.1,
        0.1,
        0.1,
        0.1,
        0.1,
        0.1,
        0.1,
        0.1,
        0.1,
        0.1
      ]
    },
    "return_3d": {
      "edges": [
        -0.08569667077681875,
        -0.03258718413365393,
        -0.022730456273223676,
        -0.013054873054873057,
        -0.007546580076056219,
        -0.0019289543667876385,
        0.007918418470476014,
        0.012216746712904361,
        0.021398854137917943,
        0.040846199314339644,
        0.12474437627811863
      ],
      "ref_props": [
        0.1,
        0.1,
        0.1,
        0.1,
        0.1,
        0.1,
        0.1,
        0.1,
        0.1,
        0.1
      ]
    },
    "return_5d": {
      "edges": [
        -0.0944968553459119,
        -0.045035965793676754,
        -0.02452643268359686,
        -0.015642437108986062,
        -0.008913115093524769,
        -0.0014278955212069788,
        0.0069855634561516835,
        0.016760626301589435,
        0.026750106872699644,
        0.04746046399797207,
        0.14225670869705787
      ],
      "ref_props": [
        0.1,
        0.1,
        0.1,
        0.1,
        0.1,
        0.1,
        0.1,
        0.1,
        0.1,
        0.1
      ]
    },
    "return_10d": {
      "edges": [
        -0.11362975879104908,
        -0.04999735626769841,
        -0.035921873461467996,
        -0.023063539480058157,
        -0.013577670098387905,
        -0.003951312992014455,
        0.009246023003313713,
        0.02466023155405215,
        0.04217613278098331,
        0.07353963219451642,
        0.1681215648237957
      ],
      "ref_props": [
        0.1,
        0.1,
        0.1,
        0.1,
        0.1,
        0.1,
        0.1,
        0.1,
        0.1,
        0.1
      ]
    },
    "return_20d": {
      "edges": [
        -0.11857018308631206,
        -0.06906992960721538,
        -0.050733135682101804,
        -0.038656491809207855,
        -0.022589406406621503,
        -0.006540624907971804,
        0.010906192457515179,
        0.02713996346301647,
        0.045486156290258074,
        0.1130296582667166,
        0.2098765432098766
      ],
      "ref_props": [
        0.1,
        0.1,
        0.1,
        0.1,
        0.1,
        0.1,
        0.1,
        0.1,
        0.1,
        0.1
      ]
    },
    "div_ma_5": {
      "edges": [
        -0.05160836477585217,
        -0.023122787587162498,
        -0.012744630637140068,
        -0.008048836332518726,
        -0.004720917778952687,
        -0.0016047036487449053,
        0.002860564809991941,
        0.008115029919226134,
        0.014675603255201232,
        0.024327246460945997,
        0.08641975308641975
      ],
      "ref_props": [
        0.1,
        0.1,
        0.1,
        0.1,
        0.1,
        0.1,
        0.1,
        0.1,
        0.1,
        0.1
      ]
    },
    "div_ma_10": {
      "edges": [
        -0.0641611866022524,
        -0.03236597230782774,
        -0.017967594622069805,
        -0.011219446922964551,
        -0.006178895854247038,
        -0.00075488334553653,
        0.0027421071369596577,
        0.010025020534693238,
        0.019639966564038113,
        0.03709155782715309,
        0.10846125424070407
      ],
      "ref_props": [
        0.1,
        0.1,
        0.1,
        0.1,
        0.1,
        0.1,
        0.1,
        0.1,
        0.1,
        0.1
      ]
    },
    "div_ma_20": {
      "edges": [
        -0.07479031108279874,
        -0.040473686162700556,
        -0.02908037258925929,
        -0.021002169537144524,
        -0.011207512133745772,
        -0.002203639267369442,
        0.00588207168650872,
        0.01779677697708513,
        0.03168217727032439,
        0.05221579346186642,
        0.12008496540354607
      ],
      "ref_props": [
        0.1,
        0.1,
        0.1,
        0.1,
        0.1,
        0.1,
        0.1,
        0.1,
        0.1,
        0.1
      ]
    },
    "div_ma_60": {
      "edges": [
        -0.09623713686423378,
        -0.06770440533779816,
        -0.05628511490979191,
        -0.03637591640132281,
        -0.015655062819401704,
        0.0003920384997632459,
        0.01295086388635832,
        0.0323094778508049,
        0.07078711799899767,
        0.10420255695920944,
        0.14392571575960797
      ],
      "ref_props": [
        0.1,
        0.1,
        0.1,
        0.1,
        0.1,
        0.1,
        0.1,
        0.1,
        0.1,
        0.1
      ]
    },
    "ma_5_20_cross": {
      "edges": [
        -0.05647093335940934,
        -0.035429887925826374,
        -0.020687039488818424,
        -0.014167014717408343,
        -0.008597549847348018,
        -0.0026397941243379575,
        0.004115890526397299,
        0.012175152325631827,
        0.026889674778515015,
        0.038335509886443554,
        0.09315926731787116
      ],
      "ref_props": [
        0.1,
        0.1,
        0.1,
        0.1,
        0.1,
        0.1,
        0.1,
        0.1,
        0.1,
        0.1
      ]
    },
    "ma_20_60_cross": {
      "edges": [
        -0.057355976947102594,
        -0.04756318683010372,
        -0.036228978845882664,
        -0.023343295851387034,
        -0.015082120266578666,
        -0.004388522820610585,
        0.004627855287356856,
        0.024060293433173473,
        0.05143757234673836,
        0.06976605195585339,
        0.09531509851858111
      ],
      "ref_props": [
        0.1,
        0.1,
        0.1,
        0.1,
        0.1,
        0.1,
        0.1,
        0.1,
        0.1,
        0.1
      ]
    },
    "rsi": {
      "edges": [
        15.432098765432087,
        28.50882478471542,
        34.07244607244607,
        41.31966618287373,
        45.34835989103258,
        50.184599156118146,
        53.078116551870046,
        57.862882282851125,
        62.7877981880143,
        68.33919274453713,
        88.74172185430464
      ],