{
  "feature_cols": [
    "return_1d",
    "return_2d",
    "return_3d",
    "return_5d",
    "return_10d",
    "return_20d",
    "div_ma_5",
    "div_ma_10",
    "div_ma_20",
    "div_ma_60",
    "ma_5_20_cross",
    "ma_20_60_cross",
    "rsi",
    "rsi_change",
    "macd",
    "macd_signal",
    "macd_hist",
    "macd_hist_change",
    "bb_pct_b",
    "bb_bandwidth",
    "atr_pct",
    "volatility",
    "vol_change",
    "vol_ratio",
    "candle_body_pct",
    "upper_shadow_pct",
    "lower_shadow_pct",
    "day_of_week",
    "month",
    "is_month_end",
    "is_month_start",
    "streak",
    "gap",
    "price_position_20d",
    "macro_usdjpy_ret_20",
    "macro_usdjpy_ret_60",
    "macro_usdjpy_vol_20",
    "macro_topix_ret_20",
    "macro_topix_vol_20",
    "macro_topix_above_200dma",
    "macro_nikkei_ret_20",
    "macro_nikkei_above_200dma",
    "macro_nikkei_vi",
    "macro_jgb10y",
    "macro_bias_score"
  ],
  "avg_up_ret": 0.06777207699116002,
  "avg_dn_ret": -0.036026386855518816,
  "n_bins": 10,
  "psi_ref_rows": 250,
  "psi": {
    "return_1d": {
      "edges": [
        -0.12095032397408212,
        -0.04582215863304099,
        -0.027716654391630312,
        -0.014234395716733756,
        -0.003392990663164531,
        0.005943630741577888,
        0.013040472455005826,
        0.02294576815686778,
        0.03916523482183488,
        0.05176117180379224,
        0.2207505518763797
      ],
      "ref_props": [
        0.1,
        0.1,
        0.1,
        0.1,
        0.1,
        0.1,
        0.1,
        0.1,
        0.1,
        0.1
      ]
    },
    "return_2d": {
      "edges": [
        -0.1145450615949859,
        -0.06065060980065291,
        -0.032368580954509875,
        -0.019969206659972823,
        -0.0046391564221021486,
        0.004798717880276193,
        0.02337445031466311,
        0.03535569536660627,
        0.06008838962759189,
        0.0848631744242457,
        0.22902869757174393
      ],
      "ref_props": [
        0.1,
        0.1,
        0.1,
        0.1,
        0.1,
        0.1,
        0.1,
        0.1,
        0.1,
        0.1
      ]
    },
    "return_3d": {
      "edges": [
        -0.11698412698412697,
        -0.06433788156360885,
        -0.03923920113880614,
        -0.01912676843737187,
        -0.006548951319608553,
        0.008461499480394763,
        0.025430580245751552,
        0.04599919932703085,
        0.07136412195553106,
        0.11458935666509305,
        0.29508196721311486
      ],
      "ref_props": [
        0.1,
        0.1,
        0.1,
        0.1,
        0.1,
        0.1,
        0.1,
        0.1,
        0.1,
        0.1
      ]
    },
    "return_5d": {
      "edges": [
        -0.14380569631312246,
        -0.07678877380035544,
        -0.039536137507152014,
        -0.023232337161731793,
        -0.0034797119789238182,
        0.017363453826493958,
        0.03983512946549756,
        0.06957967354793514,
        0.09654476158975239,
        0.15858074454591553,
        0.3545081967213115
      ],
      "ref_props": [
        0.1,
        0.1,
        0.1,
        0.1,
        0.1,
        0.1,
        0.1,
        0.1,
        0.1,
        0.1
      ]
    },
    "return_10d": {
      "edges": [
        -0.1631746031746032,
        -0.09926025816687097,
        -0.05167091114650812,
        -0.011481659397599878,
        0.024277720233702164,
        0.05967869095121636,
        0.08605193836280615,
        0.11109988819299753,
        0.16207235170925544,
        0.22203097474647643,
        0.37136929460580914
      ],
      "ref_props": [
        0.1,
        0.1,
        0.1,
        0.1,
        0.1,
        0.1,
        0.1,
        0.1,
        0.1,
        0.1
      ]
    },
    "return_20d": {
      "edges": [
        -0.22067039106145248,
        -0.10444053003763334,
        -0.040852979842243675,
        0.0028426395939087383,
        0.0604054073774997,
        0.11778578898657122,
        0.1623788109055899,
        0.21043524190256832,
        0.2610213014717544,
        0.37828609944135616,
        0.5973214285714286
      ],
      "ref_props": [
        0.1,
        0.1,
        0.1,
        0.1,
        0.1,
        0.1,
        0.1,
        0.1,
        0.1,
        0.1
      ]
    },
    "div_ma_5": {
      "edges": [
        -0.08018014395432065,
        -0.04227540680160603,
        -0.02361799189134415,
        -0.012521614513187748,
        -0.004547256018285782,
        0.0067043570596697945,
        0.016366982982429654,
        0.02847628672673499,
        0.0447763846948392,
        0.06709052525607166,
        0.2024353120243531
      ],
      "ref_props": [
        0.1,
        0.1,
        0.1,
        0.1,
        0.1,
        0.1,
        0.1,
        0.1,
        0.1,
        0.1
      ]
    },
    "div_ma_10": {
      "edges": [
        -0.1213919456127211,
        -0.05020009128197803,
        -0.028721502348226558,
        -0.010949423624080447,
        -0.00306317749308608,
        0.019358870587947656,
        0.03654608331044653,
        0.05242660036212213,
        0.07203921470593495,
        0.11481167898796696,
        0.2402579198205775
      ],
      "ref_props": [
        0.1,
        0.1,
        0.1,
        0.1,
        0.1,
        0.1,
        0.1,
        0.1,
        0.1,
        0.1
      ]
    },
    "div_ma_20": {
      "edges": [
        -0.1404532386267546,
        -0.06488728302783744,
        -0.033210611042015635,
        -0.0033348197279588973,
        0.023613053000306736,
        0.042695564707087755,
        0.0798017871167538,
        0.0994554557260821,
        0.12908755388721505,
        0.17775412593293388,
        0.27286732139418446
      ],
      "ref_props": [
        0.1,
        0.1,
        0.1,
        0.1,
        0.1,
        0.1,
        0.1,
        0.1,
        0.1,
        0.1
      ]
    },
    "div_ma_60": {
      "edges": [
        -0.15678724742674258,
        0.012141032924632658,
        0.042671956589886886,
        0.0777974936638436,
        0.11466900919973037,
        0.14775668952974763,
        0.1899184479680949,
        0.2432071005619778,
        0.3061274375687569,
        0.40389217081450984,
        0.6159111545714885
      ],
      "ref_props": [
        0.1,
        0.1,
        0.1,
        0.1,
        0.1,
        0.1,
        0.1,
        0.1,
        0.1,
        0.1
      ]
    },
    "ma_5_20_cross": {
      "edges": [
        -0.08284023668639051,
        -0.05395834968625428,
        -0.026745650584763584,
        -0.0002215889586851317,
        0.02097176582857837,
        0.03311993787147183,
        0.057109275977064736,
        0.0771693258566065,
        0.10653299351706051,
        0.14265814805800084,
        0.17991912841386903
      ],
      "ref_props": [
        0.1,
        0.1,
        0.1,
        0.1,
        0.1,
        0.1,
        0.1,
        0.1,
        0.1,
        0.1
      ]
    },
    "ma_20_60_cross": {
      "edges": [
        -0.05946781186149874,
        0.019768913899806596,
        0.03711399506714468,
        0.05141155537961173,
        0.07927270480668702,
        0.09853563557030498,
        0.13197845851044246,
        0.1597835362567452,
        0.2255075813540901,
        0.2511233029103166,
        0.2866320393657735
      ],
      "ref_props": [
        0.1,
        0.1,
        0.1,
        0.1,
        0.1,
        0.1,
        0.1,
        0.1,
        0.1,
        0.1
      ]
    },
    "rsi": {
      "edges": [
        18.987341772151893,
        38.2465522094005,
        43.931681973131504,
        48.63518103389716,
        54.616775194527385,
        60.085320424844326,
        63.10138105204231,
        67.93280182232347,
        72.95558547219457,
        79.67061113875566,
        93.26047358834244
      ],
      "ref_props": [
        0.1,
        0.1,
        0.1,
        0.1,
        0.1,
        0.1,
        0.1,
        0.1,
        0.1,
        0.1
      ]
    },