{
  "feature_cols": [
    "return_1d",
    "return_2d",
    "return_3d",
    "return_5d",
    "return_10d",
    "return_20d",
    "div_ma_5",
    "div_ma_10",
    "div_ma_20",
    "div_ma_60",
    "ma_5_20_cross",
    "ma_20_60_cross",
    "rsi",
    "rsi_change",
    "macd",
    "macd_signal",
    "macd_hist",
    "macd_hist_change",
    "bb_pct_b",
    "bb_bandwidth",
    "atr_pct",
    "volatility",
    "vol_change",
    "vol_ratio",
    "candle_body_pct",
    "upper_shadow_pct",
    "lower_shadow_pct",
    "day_of_week",
    "month",
    "is_month_end",
    "is_month_start",
    "streak",
    "gap",
    "price_position_20d",
    "macro_usdjpy_ret_20",
    "macro_usdjpy_ret_60",
    "macro_usdjpy_vol_20",
    "macro_topix_ret_20",
    "macro_topix_vol_20",
    "macro_topix_above_200dma",
    "macro_nikkei_ret_20",
    "macro_nikkei_above_200dma",
    "macro_nikkei_vi",
    "macro_jgb10y",
    "macro_bias_score"
  ],
  "avg_up_ret": 0.031325052407609494,
  "avg_dn_ret": -0.018332489579736818,
  "n_bins": 10,
  "psi_ref_rows": 250,
  "psi": {
    "return_1d": {
      "edges": [
        -0.06526429341963325,
        -0.02522196776412293,
        -0.013033901949971314,
        -0.006930254204918567,
        -0.0021732403771856394,
        0.002617435925245548,
        0.0071823297466665735,
        0.010795279495765864,
        0.01765822376187667,
        0.02846520466731834,
        0.08969236915701151
      ],
      "ref_props": [
        0.1,
        0.1,
        0.1,
        0.1,
        0.1,
        0.1,
        0.1,
        0.1,
        0.1,
        0.1
      ]
    },
    "return_2d": {
      "edges": [
        -0.09219486642221053,
        -0.030656516401993194,
        -0.01453029786057127,
        -0.00822518631495772,
        -0.0016462312523129795,
        0.004324065694201518,
        0.009911727039480275,
        0.015921124222757644,
        0.023904756619618855,
        0.0439328036861438,
        0.10035743744844661
      ],
      "ref_props": [
        0.1,
        0.1,
        0.1,
        0.1,
        0.1,
        0.1,
        0.1,
        0.1,
        0.1,
        0.1
      ]
    },
    "return_3d": {
      "edges": [
        -0.1330665332666333,
        -0.030917805022527806,
        -0.01452714372415811,
        -0.009127063225746175,
        0.0006929453654526825,
        0.0066667901751366054,
        0.01317074813945377,
        0.020608821095679963,
        0.03206710983384311,
        0.04731586025811978,
        0.11228460255697614
      ],
      "ref_props": [
        0.1,
        0.1,
        0.1,
        0.1,
        0.1,
        0.1,
        0.1,
        0.1,
        0.1,
        0.1
      ]
    },
    "return_5d": {
      "edges": [
        -0.095714523928631,
        -0.032778467535146925,
        -0.01581041837409198,
        -0.0076551698084696106,
        0.0021976241172007717,
        0.008912747146219036,
        0.01879906955343687,
        0.030027304427607888,
        0.04165264764034613,
        0.06401660261708408,
        0.13204691638289812
      ],
      "ref_props": [
        0.1,
        0.1,
        0.1,
        0.1,
        0.1,
        0.1,
        0.1,
        0.1,
        0.1,
        0.1
      ]
    },
    "return_10d": {
      "edges": [
        -0.14824078706019672,
        -0.036876411325343104,
        -0.0145867317916059,
        -0.0033088046547445895,
        0.009426636726940094,
        0.024164242466301555,
        0.036781214695325144,
        0.0540193531769539,
        0.06664804062897148,
        0.0920282642763577,
        0.16049382716049387
      ],
      "ref_props": [
        0.1,
        0.1,
        0.1,
        0.1,
        0.1,
        0.1,
        0.1,
        0.1,
        0.1,
        0.1
      ]
    },
    "return_20d": {
      "edges": [
        -0.18273780388317828,
        -0.02819253676109469,
        -0.0037651900374991963,
        0.015504046325749764,
        0.03153410885682839,
        0.05053544194393167,
        0.06792907628159305,
        0.08112109003600895,
        0.10230431296996167,
        0.13615627256238225,
        0.2036354704003931
      ],
      "ref_props": [
        0.1,
        0.1,
        0.1,
        0.1,
        0.1,
        0.1,
        0.1,
        0.1,
        0.1,
        0.1
      ]
    },
    "div_ma_5": {
      "edges": [
        -0.08387665198237886,
        -0.02025339703367827,
        -0.009162241268790302,
        -0.005178191697263863,
        9.365439031445636e-05,
        0.0036220473074428496,
        0.008314219815096792,
        0.012281448056157563,
        0.019642290628166224,
        0.03090539526605094,
        0.07194514383671717
      ],
      "ref_props": [
        0.1,
        0.1,
        0.1,
        0.1,
        0.1,
        0.1,
        0.1,
        0.1,
        0.1,
        0.1
      ]
    },
    "div_ma_10": {
      "edges": [
        -0.10132752540966601,
        -0.025364775464102967,
        -0.011426691910515865,
        -0.0022573574302763503,
        0.004268333219467442,
        0.009304829613584795,
        0.016721427247374642,
        0.023420927913425853,
        0.02984402562783051,
        0.04723921155056221,
        0.09235734043643067
      ],
      "ref_props": [
        0.1,
        0.1,
        0.1,
        0.1,
        0.1,
        0.1,
        0.1,
        0.1,
        0.1,
        0.1
      ]
    },
    "div_ma_20": {
      "edges": [
        -0.10782774331385626,
        -0.01776464438172019,
        -0.00445688624856685,
        0.0030263568795065292,
        0.011828972162294971,
        0.022029106179496435,
        0.03300504311709017,
        0.041392911906805184,
        0.051076579625517454,
        0.07264440027054606,
        0.11540773164895737
      ],
      "ref_props": [
        0.1,
        0.1,
        0.1,
        0.1,
        0.1,
        0.1,
        0.1,
        0.1,
        0.1,
        0.1
      ]
    },
    "div_ma_60": {
      "edges": [
        -0.08592366263534938,
        -0.014162632718124648,
        0.01407184433364323,
        0.0256452681063942,
        0.04308965297084547,
        0.06033313938412336,
        0.07703767341666966,
        0.10321546521179215,
        0.12739131543219578,
        0.15203860878251071,
        0.21894465525882428
      ],
      "ref_props": [
        0.1,
        0.1,
        0.1,
        0.1,
        0.1,
        0.1,
        0.1,
        0.1,
        0.1,
        0.1
      ]
    },
    "ma_5_20_cross": {
      "edges": [
        -0.07699519919436748,
        -0.012045675598539451,
        -0.00424079468260936,
        0.0023512246581677276,
        0.007947866389072238,
        0.019311840198543595,
        0.026186792174287238,
        0.03311942669102659,
        0.04217293860593135,
        0.051473476251590045,
        0.07735692562897434
      ],
      "ref_props": [
        0.1,
        0.1,
        0.1,
        0.1,
        0.1,
        0.1,
        0.1,
        0.1,
        0.1,
        0.1
      ]
    },
    "ma_20_60_cross": {
      "edges": [
        -0.04985524135545061,
        -0.007830200343242132,
        0.00903588716088941,
        0.02186930366321643,
        0.029959928805377657,
        0.041658979371765104,
        0.05277860377415556,
        0.06581749067160525,
        0.08126871625313861,
        0.10138015915769362,
        0.1148458648589874
      ],
      "ref_props": [
        0.1,
        0.1,
        0.1,
        0.1,
        0.1,
        0.1,
        0.1,
        0.1,
        0.1,
        0.1
      ]
    },
    "rsi": {
      "edges": [
        28.246249353336793,
        42.34338542813119,
        47.86124401913875,
        51.198786354804184,
        54.72862166530218,
        58.3486201679097,
        61.333811704125715,
        65.40100131351012,
        67.86081209597272,
        72.30698861451329,
        83.9622641509434
      ],