{
  "feature_cols": [
    "return_1d",
    "return_2d",
    "return_3d",
    "return_5d",
    "return_10d",
    "return_20d",
    "div_ma_5",
    "div_ma_10",
    "div_ma_20",
    "div_ma_60",
    "ma_5_20_cross",
    "ma_20_60_cross",
    "rsi",
    "rsi_change",
    "macd",
    "macd_signal",
    "macd_hist",
    "macd_hist_change",
    "bb_pct_b",
    "bb_bandwidth",
    "atr_pct",
    "volatility",
    "vol_change",
    "vol_ratio",
    "candle_body_pct",
    "upper_shadow_pct",
    "lower_shadow_pct",
    "day_of_week",
    "month",
    "is_month_end",
    "is_month_start",
    "streak",
    "gap",
    "price_position_20d",
    "macro_usdjpy_ret_20",
    "macro_usdjpy_ret_60",
    "macro_usdjpy_vol_20",
    "macro_topix_ret_20",
    "macro_topix_vol_20",
    "macro_topix_above_200dma",
    "macro_nikkei_ret_20",
    "macro_nikkei_above_200dma",
    "macro_nikkei_vi",
    "macro_jgb10y",
    "macro_bias_score"
  ],
  "avg_up_ret": 0.03933092551223414,
  "avg_dn_ret": -0.03098685444143455,
  "n_bins": 10,
  "psi_ref_rows": 250,
  "psi": {
    "return_1d": {
      "edges": [
        -0.10430107526881716,
        -0.02812643678160921,
        -0.01801430327474447,
        -0.01211268096577044,
        -0.006655858311780125,
        -0.001302314016193462,
        0.0040223384241057005,
        0.01071463485303197,
        0.018864445734518627,
        0.02639407940466944,
        0.07662721893491131
      ],
      "ref_props": [
        0.1,
        0.1,
        0.1,
        0.1,
        0.1,
        0.1,
        0.1,
        0.1,
        0.1,
        0.1
      ]
    },
    "return_2d": {
      "edges": [
        -0.12285268089536705,
        -0.04228197930565693,
        -0.02744710103273424,
        -0.018129743037140836,
        -0.00994956497444887,
        -0.0038961352716856412,
        0.00418671901384663,
        0.015034694044423463,
        0.02413687590678744,
        0.043243056073369604,
        0.1029585798816568
      ],
      "ref_props": [
        0.1,
        0.1,
        0.1,
        0.1,
        0.1,
        0.1,
        0.1,
        0.1,
        0.1,
        0.1
      ]
    },
    "return_3d": {
      "edges": [
        -0.1427101200686106,
        -0.05011265164644718,
        -0.03519091980979283,
        -0.02545466064359975,
        -0.012417640289587572,
        -0.0015182681947301657,
        0.006459133207522659,
        0.015363164500052264,
        0.025203022017545037,
        0.04552922139121136,
        0.1553254437869822
      ],
      "ref_props": [
        0.1,
        0.1,
        0.1,
        0.1,
        0.1,
        0.1,
        0.1,
        0.1,
        0.1,
        0.1
      ]
    },
    "return_5d": {
      "edges": [
        -0.15728932233058268,
        -0.06806166465597123,
        -0.04701679353196208,
        -0.031787282729888254,
        -0.019659576108642614,
        -0.0034854066451865395,
        0.005564924295032118,
        0.015100259829641962,
        0.03348249735725029,
        0.05804834785338661,
        0.20693815987933628
      ],
      "ref_props": [
        0.1,
        0.1,
        0.1,
        0.1,
        0.1,
        0.1,
        0.1,
        0.1,
        0.1,
        0.1
      ]
    },
    "return_10d": {
      "edges": [
        -0.183074684772066,
        -0.0945597817258578,
        -0.07178614015776923,
        -0.048163490748412044,
        -0.03172807319785137,
        -0.018515923945728374,
        -0.0027642232526593445,
        0.018677666768534364,
        0.032982076398353495,
        0.09144038677343422,
        0.22225475841874087
      ],
      "ref_props": [
        0.1,
        0.1,
        0.1,
        0.1,
        0.1,
        0.1,
        0.1,
        0.1,
        0.1,
        0.1
      ]
    },
    "return_20d": {
      "edges": [
        -0.20819357930043125,
        -0.13532645781207522,
        -0.09821388129784243,
        -0.07124718243401632,
        -0.045801689618379306,
        -0.0331956045178281,
        -0.012216182501122705,
        0.006817247642453506,
        0.038800936261179114,
        0.1017950612041825,
        0.20758725341426398
      ],
      "ref_props": [
        0.1,
        0.1,
        0.1,
        0.1,
        0.1,
        0.1,
        0.1,
        0.1,
        0.1,
        0.1
      ]
    },
    "div_ma_5": {
      "edges": [
        -0.11051788574479444,
        -0.0322189576001602,
        -0.023872519186988787,
        -0.016377337826135464,
        -0.008436820767487748,
        -0.001823697399793702,
        0.002723211231928227,
        0.009701962128238895,
        0.016841745342133566,
        0.02869393383706635,
        0.08671453219791837
      ],
      "ref_props": [
        0.1,
        0.1,
        0.1,
        0.1,
        0.1,
        0.1,
        0.1,
        0.1,
        0.1,
        0.1
      ]
    },
    "div_ma_10": {
      "edges": [
        -0.1358309613560017,
        -0.05126807891667026,
        -0.03845284792529445,
        -0.025405410091000002,
        -0.016146188528752155,
        -0.010037977191377057,
        0.00021664632481277843,
        0.009631412470671664,
        0.022779893269417338,
        0.04044084851226832,
        0.13245428400889897
      ],
      "ref_props": [
        0.1,
        0.1,
        0.1,
        0.1,
        0.1,
        0.1,
        0.1,
        0.1,
        0.1,
        0.1
      ]
    },
    "div_ma_20": {
      "edges": [
        -0.15050226238640807,
        -0.07208791156040244,
        -0.056415441009729,
        -0.03972103911365434,
        -0.031002217460223087,
        -0.02090473957825522,
        -0.007395462359515767,
        0.009072362405848253,
        0.02782103983072772,
        0.06878216946048656,
        0.1588328382242705
      ],
      "ref_props": [
        0.1,
        0.1,
        0.1,
        0.1,
        0.1,
        0.1,
        0.1,
        0.1,
        0.1,
        0.1
      ]
    },
    "div_ma_60": {
      "edges": [
        -0.17018194940918868,
        -0.10641477056529247,
        -0.09076461614091723,
        -0.07368942094298397,
        -0.06145246757805818,
        -0.04898818215464125,
        -0.03557561145687159,
        -3.701189760267529e-05,
        0.022063261370681455,
        0.048213898649886074,
        0.15396843681603498
      ],
      "ref_props": [
        0.1,
        0.1,
        0.1,
        0.1,
        0.1,
        0.1,
        0.1,
        0.1,
        0.1,
        0.1
      ]
    },
    "ma_5_20_cross": {
      "edges": [
        -0.12197286012526098,
        -0.05762769743445527,
        -0.044728317715908926,
        -0.03207916499254371,
        -0.02493598232094345,
        -0.01464543883657382,
        -0.007821470751672758,
        0.005206142621865362,
        0.018627467245144393,
        0.050515069385213045,
        0.11476856063738872
      ],
      "ref_props": [
        0.1,
        0.1,
        0.1,
        0.1,
        0.1,
        0.1,
        0.1,
        0.1,
        0.1,
        0.1
      ]
    },
    "ma_20_60_cross": {
      "edges": [
        -0.10435635703467339,
        -0.06718694184481006,
        -0.05296534508782891,
        -0.04719478831953334,
        -0.03912936090477252,
        -0.02847284249309945,
        -0.020403274129651906,
        -0.0034543090093187337,
        0.019669760682641056,
        0.03971608710576573,
        0.07205405623534356
      ],
      "ref_props": [
        0.1,
        0.1,
        0.1,
        0.1,
        0.1,
        0.1,
        0.1,
        0.1,
        0.1,
        0.1
      ]
    },
    "rsi": {
      "edges": [
        1.9073569482288804,
        23.88796249997246,
        31.021074874190226,
        37.05124687519054,
        40.70333106125715,
        44.64805119255381,
        48.30244582792849,
        52.37616633116843,
        58.07841276117095,
        68.42381110741603,
        80.87167070217917
      ],