{
  "feature_cols": [
    "return_1d",
    "return_2d",
    "return_3d",
    "return_5d",
    "return_10d",
    "return_20d",
    "div_ma_5",
    "div_ma_10",
    "div_ma_20",
    "div_ma_60",
    "ma_5_20_cross",
    "ma_20_60_cross",
    "rsi",
    "rsi_change",
    "macd",
    "macd_signal",
    "macd_hist",
    "macd_hist_change",
    "bb_pct_b",
    "bb_bandwidth",
    "atr_pct",
    "volatility",
    "vol_change",
    "vol_ratio",
    "candle_body_pct",
    "upper_shadow_pct",
    "lower_shadow_pct",
    "day_of_week",
    "month",
    "is_month_end",
    "is_month_start",
    "streak",
    "gap",
    "price_position_20d",
    "macro_usdjpy_ret_20",
    "macro_usdjpy_ret_60",
    "macro_usdjpy_vol_20",
    "macro_topix_ret_20",
    "macro_topix_vol_20",
    "macro_topix_above_200dma",
    "macro_nikkei_ret_20",
    "macro_nikkei_above_200dma",
    "macro_nikkei_vi",
    "macro_jgb10y",
    "macro_bias_score"
  ],
  "avg_up_ret": 0.04985157492370178,
  "avg_dn_ret": -0.02540153535027141,
  "n_bins": 10,
  "psi_ref_rows": 250,
  "psi": {
    "return_1d": {
      "edges": [
        -0.06827557755775582,
        -0.03071267804132848,
        -0.019649336162074694,
        -0.012654236269475892,
        -0.007106015561656304,
        -0.0022980623237234266,
        0.0034435107481092303,
        0.012348850536666458,
        0.023092375331038188,
        0.0352186528991121,
        0.11165311653116539
      ],
      "ref_props": [
        0.1,
        0.1,
        0.1,
        0.1,
        0.1,
        0.1,
        0.1,
        0.1,
        0.1,
        0.1
      ]
    },
    "return_2d": {
      "edges": [
        -0.10933589990375359,
        -0.04248750912255097,
        -0.030313370507629896,
        -0.017969806966759042,
        -0.009386185632774541,
        -0.001900380149702341,
        0.005023021339717104,
        0.01833755860392439,
        0.029971285293926155,
        0.05072736248385088,
        0.11555766043097315
      ],
      "ref_props": [
        0.1,
        0.1,
        0.1,
        0.1,
        0.1,
        0.1,
        0.1,
        0.1,
        0.1,
        0.1
      ]
    },
    "return_3d": {
      "edges": [
        -0.11399999999999999,
        -0.053911022345972934,
        -0.03534315298933911,
        -0.02510705457707795,
        -0.014410251236000378,
        -0.004833487511563372,
        0.008660022696499703,
        0.023172655816156098,
        0.036793724563813475,
        0.05612621428407442,
        0.15094850948509486
      ],
      "ref_props": [
        0.1,
        0.1,
        0.1,
        0.1,
        0.1,
        0.1,
        0.1,
        0.1,
        0.1,
        0.1
      ]
    },
    "return_5d": {
      "edges": [
        -0.11838306063522619,
        -0.06624025611759704,
        -0.04712432289994066,
        -0.031019113456145248,
        -0.017620999082735133,
        -0.0034182871750980115,
        0.013117638173991747,
        0.032269424524252036,
        0.05149689075090855,
        0.07868098190129734,
        0.1530146528945473
      ],
      "ref_props": [
        0.1,
        0.1,
        0.1,
        0.1,
        0.1,
        0.1,
        0.1,
        0.1,
        0.1,
        0.1
      ]
    },
    "return_10d": {
      "edges": [
        -0.14784294716432378,
        -0.08705345024338686,
        -0.06518451406552477,
        -0.041941862911384714,
        -0.018685467371348387,
        -4.3499993672702075e-05,
        0.028485109387522887,
        0.04859807619214691,
        0.07988425624184217,
        0.10835188711342969,
        0.27083333333333326
      ],
      "ref_props": [
        0.1,
        0.1,
        0.1,
        0.1,
        0.1,
        0.1,
        0.1,
        0.1,
        0.1,
        0.1
      ]
    },
    "return_20d": {
      "edges": [
        -0.24202626641651037,
        -0.12106639559490182,
        -0.07162731786401863,
        -0.03751386913267458,
        -0.009891800811383121,
        0.019121645864080827,
        0.04477339618784432,
        0.07738028169014087,
        0.13981274006339267,
        0.18077353094724385,
        0.2703642687168222
      ],
      "ref_props": [
        0.1,
        0.1,
        0.1,
        0.1,
        0.1,
        0.1,
        0.1,
        0.1,
        0.1,
        0.1
      ]
    },
    "div_ma_5": {
      "edges": [
        -0.06445345497550259,
        -0.03208280269573684,
        -0.02316191941019856,
        -0.016609133642031697,
        -0.008257189948774219,
        -0.0021125684659980895,
        0.005670534356795722,
        0.015243264164836075,
        0.02503496003990153,
        0.03956139504180066,
        0.07642380473535049
      ],
      "ref_props": [
        0.1,
        0.1,
        0.1,
        0.1,
        0.1,
        0.1,
        0.1,
        0.1,
        0.1,
        0.1
      ]
    },
    "div_ma_10": {
      "edges": [
        -0.08587473676000316,
        -0.0505233604499202,
        -0.03389720660933816,
        -0.024751988020918842,
        -0.015486206789226976,
        -0.0025600958081848715,
        0.014408383407794035,
        0.028271093948390134,
        0.039840584395416774,
        0.055551686506347696,
        0.12482984261934893
      ],
      "ref_props": [
        0.1,
        0.1,
        0.1,
        0.1,
        0.1,
        0.1,
        0.1,
        0.1,
        0.1,
        0.1
      ]
    },
    "div_ma_20": {
      "edges": [
        -0.13872081914606965,
        -0.0733570833635136,
        -0.051084281975277555,
        -0.025883751839850373,
        -0.011616600831127975,
        0.006855964057689043,
        0.02194548176239928,
        0.039497533514405006,
        0.06134277167739024,
        0.08626032808999286,
        0.17263366191505738
      ],
      "ref_props": [
        0.1,
        0.1,
        0.1,
        0.1,
        0.1,
        0.1,
        0.1,
        0.1,
        0.1,
        0.1
      ]
    },
    "div_ma_60": {
      "edges": [
        -0.21300614046213878,
        -0.07585178352508855,
        -0.0381174881713222,
        0.00262933102800922,
        0.025968771172507173,
        0.05301928671584659,
        0.0759469992917221,
        0.10414595211305087,
        0.13441788857181425,
        0.16498335686737436,
        0.2501854162485711
      ],
      "ref_props": [
        0.1,
        0.1,
        0.1,
        0.1,
        0.1,
        0.1,
        0.1,
        0.1,
        0.1,
        0.1
      ]
    },
    "ma_5_20_cross": {
      "edges": [
        -0.09044683938337905,
        -0.05549499014587389,
        -0.03863218862092042,
        -0.02376943995509648,
        -0.005745637184734304,
        0.0078048455331556355,
        0.015199878033504009,
        0.030535155708873243,
        0.04917232169943495,
        0.06797234646857783,
        0.13275974603928087
      ],
      "ref_props": [
        0.1,
        0.1,
        0.1,
        0.1,
        0.1,
        0.1,
        0.1,
        0.1,
        0.1,
        0.1
      ]
    },
    "ma_20_60_cross": {
      "edges": [
        -0.12503130598955814,
        -0.0346039947284932,
        -0.02062665431647983,
        -0.00595686147923216,
        0.025759739819138,
        0.03900098772444571,
        0.05659026176996797,
        0.07234740394669201,
        0.09327090209089724,
        0.10965492237766422,
        0.16961400926745696
      ],
      "ref_props": [
        0.1,
        0.1,
        0.1,
        0.1,
        0.1,
        0.1,
        0.1,
        0.1,
        0.1,
        0.1
      ]
    },
    "rsi": {
      "edges": [
        8.79629629629629,
        29.754213561685198,
        36.922625670837405,
        42.95167016617269,
        46.90408492606295,
        50.77334932617132,
        55.77553867197552,
        60.68496212138489,
        64.43500914056575,
        72.46710526315789,
        94.31216931216932
      ],