{
  "feature_cols": [
    "return_1d",
    "return_2d",
    "return_3d",
    "return_5d",
    "return_10d",
    "return_20d",
    "div_ma_5",
    "div_ma_10",
    "div_ma_20",
    "div_ma_60",
    "ma_5_20_cross",
    "ma_20_60_cross",
    "rsi",
    "rsi_change",
    "macd",
    "macd_signal",
    "macd_hist",
    "macd_hist_change",
    "bb_pct_b",
    "bb_bandwidth",
    "atr_pct",
    "volatility",
    "vol_change",
    "vol_ratio",
    "candle_body_pct",
    "upper_shadow_pct",
    "lower_shadow_pct",
    "day_of_week",
    "month",
    "is_month_end",
    "is_month_start",
    "streak",
    "gap",
    "price_position_20d",
    "macro_usdjpy_ret_20",
    "macro_usdjpy_ret_60",
    "macro_usdjpy_vol_20",
    "macro_topix_ret_20",
    "macro_topix_vol_20",
    "macro_topix_above_200dma",
    "macro_nikkei_ret_20",
    "macro_nikkei_above_200dma",
    "macro_nikkei_vi",
    "macro_jgb10y",
    "macro_bias_score"
  ],
  "avg_up_ret": 0.022234202514650064,
  "avg_dn_ret": -0.014843208725546161,
  "n_bins": 10,
  "psi_ref_rows": 250,
  "psi": {
    "return_1d": {
      "edges": [
        -0.029585798816568087,
        -0.016747653467342704,
        -0.01087964222183857,
        -0.006488634692582462,
        -0.004096647317541157,
        0.00029035662561649467,
        0.0038064182194616604,
        0.007132961954770313,
        0.01092138864517765,
        0.018738166452248416,
        0.09208972845336483
      ],
      "ref_props": [
        0.1,
        0.1,
        0.1,
        0.1,
        0.1,
        0.1,
        0.1,
        0.1,
        0.1,
        0.1
      ]
    },
    "return_2d": {
      "edges": [
        -0.045103092783505105,
        -0.02156346135258453,
        -0.013540928520812812,
        -0.00880247063633248,
        -0.0032303927827503644,
        0.0007691415951459613,
        0.006420996861653316,
        0.012204976429160921,
        0.016370795428793505,
        0.022839675443719166,
        0.07215299913068685
      ],
      "ref_props": [
        0.1,
        0.1,
        0.1,
        0.1,
        0.1,
        0.1,
        0.1,
        0.1,
        0.1,
        0.1
      ]
    },
    "return_3d": {
      "edges": [
        -0.05579399141630903,
        -0.027024278876797703,
        -0.018345718691088142,
        -0.008194239661993548,
        -0.0036344073077520626,
        0.0011482735324703786,
        0.006552448531668681,
        0.012762906868587014,
        0.019443621477835613,
        0.029417446482663975,
        0.07966151152611611
      ],
      "ref_props": [
        0.1,
        0.1,
        0.1,
        0.1,
        0.1,
        0.1,
        0.1,
        0.1,
        0.1,
        0.1
      ]
    },
    "return_5d": {
      "edges": [
        -0.06717226435536294,
        -0.035422936571213814,
        -0.022354038206805857,
        -0.013900153830549709,
        -0.002918943331352199,
        0.0050062754665481934,
        0.009880866796505397,
        0.015297853078908921,
        0.02301049379662149,
        0.042238998426385205,
        0.09002361275088555
      ],
      "ref_props": [
        0.1,
        0.1,
        0.1,
        0.1,
        0.1,
        0.1,
        0.1,
        0.1,
        0.1,
        0.1
      ]
    },
    "return_10d": {
      "edges": [
        -0.12238410596026494,
        -0.04192565966182214,
        -0.027274575519357303,
        -0.016581684534704683,
        -0.007428603007360613,
        0.0004714319771138564,
        0.015815658355783142,
        0.025353504331331083,
        0.03648682829844807,
        0.056334210069964745,
        0.11806375442739081
      ],
      "ref_props": [
        0.1,
        0.1,
        0.1,
        0.1,
        0.1,
        0.1,
        0.1,
        0.1,
        0.1,
        0.1
      ]
    },
    "return_20d": {
      "edges": [
        -0.10459459459459464,
        -0.06002196440639787,
        -0.04315868840563275,
        -0.027557009380933577,
        -0.00830889367866856,
        0.007973020120316088,
        0.024189147380493787,
        0.047310499719258915,
        0.0584095545215949,
        0.08938161749510713,
        0.15946632782719194
      ],
      "ref_props": [
        0.1,
        0.1,
        0.1,
        0.1,
        0.1,
        0.1,
        0.1,
        0.1,
        0.1,
        0.1
      ]
    },
    "div_ma_5": {
      "edges": [
        -0.03447603257424286,
        -0.017121896863587113,
        -0.0114800550660284,
        -0.005061608640410016,
        -0.0021485874114281866,
        0.0006917109648163582,
        0.004455603080135006,
        0.009201284189561827,
        0.01206954591832345,
        0.01858633373597813,
        0.061571125265392754
      ],
      "ref_props": [
        0.1,
        0.1,
        0.1,
        0.1,
        0.1,
        0.1,
        0.1,
        0.1,
        0.1,
        0.1
      ]
    },
    "div_ma_10": {
      "edges": [
        -0.06103023516237402,
        -0.023074940471563075,
        -0.014332049307665537,
        -0.008872839936383867,
        -0.003914416498685979,
        0.0017141783225055047,
        0.006861476030316011,
        0.012057982808160632,
        0.0193314617507199,
        0.030336289348973818,
        0.05929605101790535
      ],
      "ref_props": [
        0.1,
        0.1,
        0.1,
        0.1,
        0.1,
        0.1,
        0.1,
        0.1,
        0.1,
        0.1
      ]
    },
    "div_ma_20": {
      "edges": [
        -0.08286381366476993,
        -0.03310767583844933,
        -0.02209400778166919,
        -0.013675424429202,
        -0.0067595222244405005,
        0.004932302011495122,
        0.011762058200441348,
        0.021026387747373015,
        0.03052763260572564,
        0.048230608033963084,
        0.08551825532957602
      ],
      "ref_props": [
        0.1,
        0.1,
        0.1,
        0.1,
        0.1,
        0.1,
        0.1,
        0.1,
        0.1,
        0.1
      ]
    },
    "div_ma_60": {
      "edges": [
        -0.08883651826425538,
        -0.05941653873249118,
        -0.04561819985140399,
        -0.024517520760924207,
        0.00026423787388292876,
        0.015002027886040412,
        0.030114923978810215,
        0.04088103660942828,
        0.07429625067077836,
        0.09940055198071551,
        0.14527170132987477
      ],
      "ref_props": [
        0.1,
        0.1,
        0.1,
        0.1,
        0.1,
        0.1,
        0.1,
        0.1,
        0.1,
        0.1
      ]
    },
    "ma_5_20_cross": {
      "edges": [
        -0.06586324045465342,
        -0.02709682928694902,
        -0.017993993670090424,
        -0.011111766196545834,
        -0.004285147912266105,
        0.002801905630340551,
        0.011748726667163128,
        0.016229742417120496,
        0.02405177147954172,
        0.033824392368026125,
        0.06711777615215797
      ],
      "ref_props": [
        0.1,
        0.1,
        0.1,
        0.1,
        0.1,
        0.1,
        0.1,
        0.1,
        0.1,
        0.1
      ]
    },
    "ma_20_60_cross": {
      "edges": [
        -0.041904029183703506,
        -0.03773729606301777,
        -0.03375272136493519,
        -0.01598257050828239,
        -0.0058075925993229935,
        0.006659473735736832,
        0.01942306564797819,
        0.03669247139752379,
        0.051489410618219954,
        0.06686167822483587,
        0.09012610112223962
      ],
      "ref_props": [
        0.1,
        0.1,
        0.1,
        0.1,
        0.1,
        0.1,
        0.1,
        0.1,
        0.1,
        0.1
      ]
    },
    "rsi": {
      "edges": [
        15.1862464183381,
        33.255452840740865,
        37.5355871886121,
        41.73370689080116,
        48.136413641364136,
        52.78143609711407,
        57.70222959277686,
        61.53846153846153,
        64.26172388187582,
        69.85667531019313,
        87.3015873015873
      ],