{
  "feature_cols": [
    "return_1d",
    "return_2d",
    "return_3d",
    "return_5d",
    "return_10d",
    "return_20d",
    "div_ma_5",
    "div_ma_10",
    "div_ma_20",
    "div_ma_60",
    "ma_5_20_cross",
    "ma_20_60_cross",
    "rsi",
    "rsi_change",
    "macd",
    "macd_signal",
    "macd_hist",
    "macd_hist_change",
    "bb_pct_b",
    "bb_bandwidth",
    "atr_pct",
    "volatility",
    "vol_change",
    "vol_ratio",
    "candle_body_pct",
    "upper_shadow_pct",
    "lower_shadow_pct",
    "day_of_week",
    "month",
    "is_month_end",
    "is_month_start",
    "streak",
    "gap",
    "price_position_20d",
    "macro_usdjpy_ret_20",
    "macro_usdjpy_ret_60",
    "macro_usdjpy_vol_20",
    "macro_topix_ret_20",
    "macro_topix_vol_20",
    "macro_topix_above_200dma",
    "macro_nikkei_ret_20",
    "macro_nikkei_above_200dma",
    "macro_nikkei_vi",
    "macro_jgb10y",
    "macro_bias_score"
  ],
  "avg_up_ret": 0.02029922081484082,
  "avg_dn_ret": -0.010384975491998471,
  "n_bins": 10,
  "psi_ref_rows": 250,
  "psi": {
    "return_1d": {
      "edges": [
        -0.029421598127716497,
        -0.014433456674695888,
        -0.008488965288786865,
        -0.005726164251807307,
        -0.001609600396008214,
        0.0002858873185496158,
        0.003189525615866733,
        0.006375011049590554,
        0.008770002558326922,
        0.014923125461715966,
        0.08934010152284255
      ],
      "ref_props": [
        0.1,
        0.1,
        0.1,
        0.1,
        0.1,
        0.1,
        0.1,
        0.1,
        0.1,
        0.1
      ]
    },
    "return_2d": {
      "edges": [
        -0.05165496489468402,
        -0.016378446508319666,
        -0.009868021086488274,
        -0.006412274398014744,
        -0.0031431032834392074,
        0.00044727374043540546,
        0.004438161554167324,
        0.008000511623841038,
        0.014543224384239651,
        0.02703761175194201,
        0.0931132844335778
      ],
      "ref_props": [
        0.1,
        0.1,
        0.1,
        0.1,
        0.1,
        0.1,
        0.1,
        0.1,
        0.1,
        0.1
      ]
    },
    "return_3d": {
      "edges": [
        -0.05244696843160179,
        -0.019460403006132786,
        -0.014781742642409989,
        -0.007279249361112757,
        -0.003042000769677532,
        0.0013161465668323213,
        0.006272973082071206,
        0.012852399859839615,
        0.018651499323345845,
        0.029550384595963892,
        0.09482233502538073
      ],
      "ref_props": [
        0.1,
        0.1,
        0.1,
        0.1,
        0.1,
        0.1,
        0.1,
        0.1,
        0.1,
        0.1
      ]
    },
    "return_5d": {
      "edges": [
        -0.06648017113707416,
        -0.027539404108903907,
        -0.017494288402096478,
        -0.007642268985608857,
        -0.0016004221197678072,
        0.0030513764131435694,
        0.007741589448324728,
        0.016061172208751917,
        0.026008210687616513,
        0.04333065249510192,
        0.12649746192893407
      ],
      "ref_props": [
        0.1,
        0.1,
        0.1,
        0.1,
        0.1,
        0.1,
        0.1,
        0.1,
        0.1,
        0.1
      ]
    },
    "return_10d": {
      "edges": [
        -0.06725867456010526,
        -0.03324879573426391,
        -0.02311685583591041,
        -0.011047485198253727,
        -0.003433730759212891,
        0.0074262055486510326,
        0.015789473684210575,
        0.025367274569402198,
        0.0430623266168656,
        0.07294555829207358,
        0.15546047269763652
      ],
      "ref_props": [
        0.1,
        0.1,
        0.1,
        0.1,
        0.1,
        0.096,
        0.104,
        0.1,
        0.1,
        0.1
      ]
    },
    "return_20d": {
      "edges": [
        -0.06986970684039084,
        -0.034726939692299494,
        -0.019549361186515533,
        -0.010679091982422758,
        0.001638379829915021,
        0.016617580857452685,
        0.03295483571345638,
        0.04652233837007467,
        0.0749121584631463,
        0.12166276029384604,
        0.1953952730236348
      ],
      "ref_props": [
        0.1,
        0.1,
        0.1,
        0.1,
        0.1,
        0.1,
        0.1,
        0.1,
        0.1,
        0.1
      ]
    },
    "div_ma_5": {
      "edges": [
        -0.03710367302600318,
        -0.01338100704928931,
        -0.008402951324685945,
        -0.004141057143128842,
        -0.001734769997331389,
        0.0007713039223784606,
        0.0036279964354157656,
        0.00804725848556025,
        0.013406098854687949,
        0.019271733273879578,
        0.06494898566834725
      ],
      "ref_props": [
        0.1,
        0.1,
        0.1,
        0.1,
        0.1,
        0.1,
        0.1,
        0.1,
        0.1,
        0.1
      ]
    },
    "div_ma_10": {
      "edges": [
        -0.04404826098678883,
        -0.01924918709278441,
        -0.013471873227226842,
        -0.006709805949408562,
        -0.0022158079968438225,
        0.002477406279982768,
        0.007380195821391151,
        0.012368269031585494,
        0.020497024988356757,
        0.04216219059056395,
        0.0700466711875224
      ],
      "ref_props": [
        0.1,
        0.1,
        0.1,
        0.1,
        0.1,
        0.1,
        0.1,
        0.1,
        0.1,
        0.1
      ]
    },
    "div_ma_20": {
      "edges": [
        -0.04870502812969,
        -0.023890491368671028,
        -0.013490177811596222,
        -0.005055762556758313,
        0.0007549535728796674,
        0.0059300198159559,
        0.012250059946858637,
        0.02034563788417428,
        0.03875097426324831,
        0.06378243378426213,
        0.094258495887655
      ],
      "ref_props": [
        0.1,
        0.1,
        0.1,
        0.1,
        0.1,
        0.1,
        0.1,
        0.1,
        0.1,
        0.1
      ]
    },
    "div_ma_60": {
      "edges": [
        -0.04637676724401737,
        -0.020012911843991437,
        -0.0031676471210030813,
        0.01708556755702411,
        0.028456366060381155,
        0.03849887713920983,
        0.05024973531422792,
        0.05633363073141236,
        0.06947320032679931,
        0.10594073336745655,
        0.1583064796644988
      ],
      "ref_props": [
        0.1,
        0.1,
        0.1,
        0.1,
        0.1,
        0.1,
        0.1,
        0.1,
        0.1,
        0.1
      ]
    },
    "ma_5_20_cross": {
      "edges": [
        -0.038677942117853026,
        -0.0184650271652269,
        -0.010858424671482014,
        -0.005079800577256495,
        -1.3694878115621796e-05,
        0.004591705356196796,
        0.011541347346702717,
        0.016259063739106554,
        0.030278208814350557,
        0.047806761048501185,
        0.07401970660756607
      ],
      "ref_props": [
        0.1,
        0.1,
        0.1,
        0.1,
        0.1,
        0.1,
        0.1,
        0.1,
        0.1,
        0.1
      ]
    },
    "ma_20_60_cross": {
      "edges": [
        -0.025111579398255257,
        -0.004422707956270109,
        0.0024989049468383787,
        0.008301246330790447,
        0.015527760530061576,
        0.024977153618066406,
        0.03145547004282069,
        0.03862349364845062,
        0.05323326440162133,
        0.06845797089370491,
        0.10538407848307418
      ],
      "ref_props": [
        0.1,
        0.1,
        0.1,
        0.1,
        0.1,
        0.1,
        0.1,
        0.1,
        0.1,
        0.1
      ]
    },
    "rsi": {
      "edges": [
        12.46006389776359,
        32.918737313641785,
        40.18638671620231,
        44.477657102717906,
        50.2641666956552,
        55.18205060389668,
        59.28265917145302,
        62.722249034749034,
        68.07882302405498,
        77.84210526315789,
        90.41095890410959
      ],