tree
version=v4
num_class=1
num_tree_per_iteration=1
label_index=0
max_feature_idx=44
objective=binary sigmoid:1
feature_names=return_1d return_2d return_3d return_5d return_10d return_20d div_ma_5 div_ma_10 div_ma_20 div_ma_60 ma_5_20_cross ma_20_60_cross rsi rsi_change macd macd_signal macd_hist macd_hist_change bb_pct_b bb_bandwidth atr_pct volatility vol_change vol_ratio candle_body_pct upper_shadow_pct lower_shadow_pct day_of_week month is_month_end is_month_start streak gap price_position_20d macro_usdjpy_ret_20 macro_usdjpy_ret_60 macro_usdjpy_vol_20 macro_topix_ret_20 macro_topix_vol_20 macro_topix_above_200dma macro_nikkei_ret_20 macro_nikkei_above_200dma macro_nikkei_vi macro_jgb10y macro_bias_score
feature_infos=[-0.17675675675675673:0.17544107268877918] [-0.17820045865371648:0.233229675699689] [-0.17205762435444416:0.25459475745706528] [-0.172939430729799:0.32484887050588607] [-0.17215770996489332:0.31727158948685852] [-0.19087360344595505:0.30334244271599742] [-0.14356407805207219:0.17607185222843588] [-0.15944588553452183:0.23007843079331783] [-0.16998710122146726:0.22219399789527161] [-0.17707830559557272:0.24076780794453573] [-0.1151519490281705:0.1743352879181197] [-0.10627540309973649:0.1413754602245989] [1.5116279069767558:93.992932862190813] [-37.270598983612174:32.061285097192226] [-264.8917336463046:460.93225484325194] [-226.51973590992409:377.5487387039343] [-209.98596039308416:225.72618332181179] [-88.719006654349698:98.867413794174666] [-0.39807739852199042:1.3759687022744393] [0.032618589898010177:0.48063330293504058] [0.013718940019518054:0.060156164082261078] [0.0086600529077460204:0.055465657050330922] [-0.9475167131989447:9.4496523615439951] [0.51176402231174467:2.196093232418542] [-1:1] [0:0.89473684210526316] [0:0.9213483146067416] [0:4] [1:12] none [0:1] [-7:7] [-0.1216216216216216:0.13832039520112915] [0:1] [-0.10288784967882303:0.075418833481041947] [-0.13986255140503889:0.13160084488587853] [0.0013645753646662553:0.011841457708833433] [-0.21871130063915301:0.21255327098343968] [0.0039190447556898995:0.040640984327119503] [0:1] [-0.22859537662338159:0.23022297972565586] [0:1] none none none
tree_sizes=1181 1088 1186 1200 1181 1313 1104 1396 1391 1310 792 1182 1205 1179 1179 1000 1281 1211 1289 1097 1313 1087 975 1403 1411 1100 1074 1097 991 993 1416 1309 994 1208 996 1607 1084 1632 874 973 895 896 1202 1313 1099 1096 1188 1196 1108 1060 1217 1190 1317 1213 997 1001 776 1085 1100 1080 972 987 888 1280 1069 1070 866 1075 991 894 861 890 887 794 683 1098 984 1208 1058 1085 1288 968 1204 1186 1202 996 1192 888

Tree=0
num_leaves=10
num_cat=0
split_feature=28 16 36 15 35 5 15 7 26
split_gain=11.1303 12.8098 13.9658 11.4231 12.4353 8.56922 8.44091 5.55212 1.30988
threshold=5.5000000000000009 -26.484608506062482 0.0050941336641877758 121.1573767236617 0.042864755873436529 0.0286123356695871 -24.604835851526317 0.032589657928552701 0.2381644058199365
decision_type=2 2 2 2 2 2 2 2 2
left_child=3 8 5 4 6 -3 -1 -4 -2
right_child=1 2 7 -5 -6 -7 -8 -9 -10
leaf_value=-0.11927164684134511 -0.074210105212572403 -0.074210105212572403 -0.11390856354882492 -0.14249849167478726 -0.1444495812674943 -0.11000308741120556 -0.094823446935550629 -0.13697576388887203 -0.099930463148153167
leaf_weight=22.676363468170162 10.216823101043703 10.216823101043703 33.142377376556396 13.207112789154051 7.475724220275878 14.951448440551756 23.423935890197757 10.715204715728758 8.7216782569885236
leaf_count=91 41 41 133 53 30 60 94 43 35
internal_value=-0.110528 -0.103557 -0.110158 -0.119525 -0.113306 -0.0930684 -0.106884 -0.120119 -0.0828721
internal_weight=154.747 87.9644 69.0259 66.7831 53.576 25.1683 46.1003 43.8576 18.9385
internal_count=621 353 277 268 215 101 185 176 76
is_linear=0
shrinkage=1


Tree=1
num_leaves=9
num_cat=0
split_feature=23 28 16 25 25 28 38 38
split_gain=10.7961 11.3684 11.0792 7.53962 8.20615 6.91998 5.8431 3.4448
threshold=0.94495975995751325 6.5000000000000009 17.435944838841326 0.51076388888888891 0.37391276335287676 1.5000000000000002 0.0080883864373458309 0.011272328441988057
decision_type=2 2 2 2 2 2 2 2
left_child=1 6 7 4 5 -2 -1 -3
right_child=3 2 -4 -5 -6 -7 -8 -9
leaf_value=-0.0018268450157350406 -0.012758685916277412 0.026600224214309739 -0.015993183942463976 0.02859963176154677 -0.015345823980404729 0.01340648227360028 -0.031567896565479106 0.0012203918911892228
leaf_weight=11.217167586088182 8.46696789562702 12.464182972908022 12.207630068063734 14.211166962981222 11.960611715912817 59.565646767616272 15.189225912094114 9.4747308045625669
leaf_count=45 34 50 49 57 48 239 61 38
internal_value=0.00329162 -0.00631856 0.00474538 0.00962773 0.00545895 0.00966455 -0.0204804 0.0172837
internal_weight=154.757 60.5529 34.1465 94.2044 79.9932 68.0326 26.4064 21.9389
internal_count=621 243 137 378 321 273 106 88
is_linear=0
shrinkage=0.03


Tree=2
num_leaves=10
num_cat=0
split_feature=28 11 8 36 38 15 35 37 35
split_gain=10.2313 12.0859 11.1325 11.661 7.67068 7.61932 6.78304 5.13995 4.31232
threshold=5.5000000000000009 0.054947493749913708 0.030790855763854565 0.0060592821187525608 0.0075970634588045562 -133.67254467115859 0.060407931589973714 0.051342710211999883 0.046789618262476192
decision_type=2 2 2 2 2 2 2 2 2
left_child=1 5 4 8 -2 -1 -6 -7 -4
right_child=2 -3 3 -5 6 7 -8 -9 -10
leaf_value=-0.019808836992314411 -0.0015970477495295796 -0.027499241512236195 0.021407238663039199 -0.024761179282573809 0.029488710693693049 0.0011681560452097858 0 0.02607067593368537 -0.0042500360634031903
leaf_weight=9.7076213508844358 12.718824863433836 14.931115895509718 10.721511125564581 12.448870167136191 33.937123164534569 33.881505593657494 9.7275222241878492 8.2244410514831525 8.4683587998151761
leaf_count=39 51 60 43 50 136 136 39 33 34
internal_value=0.00318372 -0.00544091 0.00986573 -0.0038625 0.0176945 0.00142267 0.0234661 0.00733401 0.0100445
internal_weight=154.767 66.7447 88.0222 31.6387 56.3835 51.8136 43.6646 42.1059 19.1899
internal_count=621 268 353 127 226 208 175 169 77
is_linear=0
shrinkage=0.03


Tree=3
num_leaves=10
num_cat=0
split_feature=23 18 3 9 36 40 14 11 11
split_gain=10.1444 9.38117 7.54161 10.8404 9.99664 5.92319 5.38711 9.53167 0.10804
threshold=0.94495975995751325 0.1205855208434037 0.021681463732719067 0.037242979990559706 0.0059284282506639622 0.028019578847365393 176.21670057568102 0.013426940600198447 0.035075642222357491
decision_type=2 2 2 2 2 2 2 2 2
left_child=2 -2 3 5 -5 -1 7 -3 -4
right_child=1 6 8 4 -6 -7 -8 -9 -10
leaf_value=-0.021500831456555649 0.031308519273327021 -0.001758118582393839 -0.026945763396576117 -0.0054604989247949483 0.036617982025683067 0.0052823033046679926 -0.012139097030084242 0.019762727359051793 -0.0099469001863847651
leaf_weight=16.181325361132625 12.96993552148342 37.647875800728798 9.4583085626363772 7.4737304598093059 9.2339310944080335 10.214001819491385 11.701399266719816 31.922721609473228 7.9527506083250037
leaf_count=65 52 151 38 30 37 41 47 128 32
internal_value=0.00308472 0.00922741 -0.00623084 0.000404342 0.018422 -0.0109664 0.0048561 0.00818353 -0.0217789
internal_weight=154.756 94.2419 60.514 43.103 16.7077 26.3953 81.272 69.5706 17.4111
internal_count=621 378 243 173 67 106 326 279 70
is_linear=0
shrinkage=0.03


Tree=4
num_leaves=10
num_cat=0
split_feature=28 11 8 36 40 38 8 35 35
split_gain=9.57523 11.5868 10.2821 11.0016 7.77284 7.20131 6.70616 6.27967 3.99045
threshold=5.5000000000000009 0.054947493749913708 0.030790855763854565 0.0060592821187525608 0.051335276987570573 0.0075970634588045562 -0.03933499597236096 0.060407931589973714 0.046789618262476192
decision_type=2 2 2 2 2 2 2 2 2
left_child=1 4 5 8 6 -2 -1 -7 -4
right_child=2 -3 3 -5 -6 7 -8 -9 -10
leaf_value=0.012866907950410901 -0.0016741928056743936 -0.026970372980986916 0.02067330382611493 -0.0240677440779841 0.019025823710638635 0.028356755989229088 -0.013354586993339756 0 -0.0039714690275282159
leaf_weight=10.20850253105163 12.717878565192221 14.905515208840368 10.73308695852757 12.421352013945578 14.213927790522574 33.974952191114426 27.38273119926453 9.7268743216991407 8.4617899358272535
leaf_count=41 51 60 43 50 57 136 110 39 34
internal_value=0.00298933 -0.00535249 0.00945557 -0.00373043 0.00136 0.0169762 -0.00556458 0.0225677 0.00975171
internal_weight=154.747 66.7107 88.0359 31.6162 51.8052 56.4197 37.5912 43.7018 19.1949
internal_count=621 268 353 127 208 226 151 175 77
is_linear=0
shrinkage=0.03


Tree=5
num_leaves=11
num_cat=0
split_feature=23 20 15 21 15 34 21 15 21 34
split_gain=19.6335 10.2153 13.06 6.98776 6.86622 5.51841 7.42112 5.3279 3.74348 0.869506
threshold=0.93781665936016301 0.037049871744277825 130.05556959069938 0.016376292422125151 -23.253168217735546 0.00069351476217072172 0.024475688753258597 32.573214842889712 0.027554213779589793 -0.0059272134205581853
decision_type=2 2 2 2 2 2 2 2 2 2
left_child=3 2 4 7 -2 8 -7 -1 -5 -3
right_child=1 9 -4 5 -6 6 -8 -9 -10 -11
leaf_value=-0.010832948024489718 -0.0023904399113139191 0.038360522751100669 -0.021168872542976169 0.0077704937318665446 0.016385973170902589 -0.040992452670404557 -0.0073169341945904468 0.019103656442361554 -0.017612042603744486 0.012739818912400698
leaf_weight=9.956428140401842 26.435427591204643 7.4794377535581589 13.668531998991964 8.7225562483072299 41.670960977673531 14.651319444179537 12.693095460534094 7.4837366938590995 7.6912481635808936 7.4832809865474683
leaf_count=40 106 30 55 35 167 59 51 30 31 30
internal_value=-0.000158907 0.00810617 0.00341311 -0.0133041 0.00902369 -0.0195036 -0.0274358 0.00188531 -0.00392983 0.0294441
internal_weight=157.936 96.7376 81.7749 61.1984 68.1064 43.7582 27.3444 17.4402 16.4138 14.9627
internal_count=634 388 328 246 273 176 110 70 66 60
is_linear=0
shrinkage=0.03


Tree=6
num_leaves=9
num_cat=0
split_feature=20 21 35 10 21 11 37 40
split_gain=10.8291 9.9035 8.88629 11.0222 8.00383 7.2153 11.0165 8.03683
threshold=0.040420026659219753 0.016376292422125151 0.00091945879712196376 0.022933737509279076 0.014259346587759203 0.053604371319346596 0.053109922389073756 0.04509005991641369
decision_type=2 2 2 2 2 2 2 2
left_child=1 2 4 -4 -1 6 -3 -7
right_child=-2 5 3 -5 -6 7 -8 -9
leaf_value=-0.023188709994107895 0.025012968418428223 -0.0074789182643651229 0.0021767801935550705 0.038325981912068804 0.01295097188209845 -0.0077887563761161764 0.025704417827961557 -0.042830987357581382
leaf_weight=10.708572626113893 11.949245303869246 59.031331136822701 20.200664147734646 11.481771424412726 7.4787949472665778 20.364734455943111 8.4834358394145948 8.1771737784147245
leaf_count=43 48 237 81 46 30 82 34 33
internal_value=-0.00015678 -0.00262953 0.00786763 0.0172205 -0.00777396 -0.00828163 -0.00247397 -0.0204667
internal_weight=157.876 145.926 49.8698 31.6824 18.1874 96.0567 67.5148 28.5419
internal_count=634 586 200 127 73 386 271 115
is_linear=0
shrinkage=0.03


Tree=7
num_leaves=12
num_cat=0
split_feature=23 20 15 28 15 36 3 20 15 9 34
split_gain=18.3793 9.45822 12.2217 10.959 7.43872 5.82976 11.3054 6.67438 5.33559 2.48946 0.780888
threshold=0.93781665936016301 0.037049871744277825 110.74457039430011 5.5000000000000009 -23.253168217735546 0.0054986355860752378 0.021681463732719067 0.027667412900442407 -47.155103743925707 0.06064947745120234 -0.0059272134205581853
decision_type=2 2 2 2 2 2 2 2 2 2 2
left_child=5 2 4 -4 -2 8 7 -7 -1 -10 -3
right_child=1 10 3 -5 -6 6 -8 -9 9 -11 -12
leaf_value=0 -0.0022437291785499321 0.036944184600406146 -0.03922369725516521 0.0041934169729359629 0.017649452461001785 0.020444314580745502 -0.026804656164690598 -0.0089680990074386541 -0.041826585572482027 -0.012752147390299092 0.012248688420486341
leaf_weight=7.7082527428865459 26.427026405930519 7.4908234775066376 8.1554415524005908 8.9613455384969694 38.201239615678787 13.459313586354257 10.90088966488838 10.183562368154524 9.6595339775085467 9.1893903613090497 7.4879280477762205
leaf_count=31 106 30 33 36 153 54 44 41 39 37 30
internal_value=-0.000138179 0.00785246 0.00332412 -0.0176478 0.00946666 -0.0128732 -0.00380399 0.00747934 -0.0230519 -0.0309545 0.0283793
internal_weight=157.825 96.7238 81.7451 17.1168 64.6283 61.1009 34.5438 23.6429 26.5572 18.8489 14.9788
internal_count=634 388 328 69 259 246 139 95 107 76 60
is_linear=0
shrinkage=0.03


Tree=8
num_leaves=12
num_cat=0
split_feature=23 25 28 15 22 9 15 10 38 5 26
split_gain=17.514 6.82223 5.08058 6.82181 4.50472 4.06573 8.27554 5.41252 5.12799 2.72368 1.82444
threshold=0.94202359726906881 0.50624156545209187 5.5000000000000009 102.77946428429429 -0.11272601219829463 0.036830114822562196 -40.884135990781566 0.059402996667440318 0.0097449915787560879 -0.012210784313725463 0.27481196110805362
decision_type=2 2 2 2 2 2 2 2 2 2 2
left_child=5 2 3 -2 -4 6 10 8 -7 -8 -1
right_child=1 -3 4 -5 -6 7 9 -9 -10 -11 -12
leaf_value=-0.010505165712657593 0.003647533698738571 0.025681366130937772 0 -0.023357874982605543 0.018744836492665229 0.019208730147875643 -0.010574594274073569 -0.022124384605519302 -0.0077813644624718627 -0.03975135919450818 0.0079927777640785361
leaf_weight=7.4444088041782361 26.937131837010384 14.46645452082157 18.967750579118729 9.6337844878435117 24.460641324520111 9.721175700426107 8.1697947978973389 7.4088910073041907 11.165769860148428 11.896312609314919 7.4566587656736374
leaf_count=30 108 58 76 39 98 39 33 30 45 48 30
internal_value=-0.000152111 0.00787572 0.00392511 -0.00391983 0.0107432 -0.0122433 -0.018897 -0.002821 0.00470579 -0.0305871 -0.000510625
internal_weight=157.729 94.4658 79.9993 36.5709 43.4284 63.263 34.9672 28.2958 20.8869 20.0661 14.9011
internal_count=634 379 321 147 174 255 141 114 84 81 60
is_linear=0
shrinkage=0.03


Tree=9
num_leaves=11
num_cat=0
split_feature=23 20 15 15 21 34 15 15 26 34
split_gain=16.663 9.13415 11.3143 7.05896 5.98091 5.08754 4.70134 4.65869 2.36132 0.729302
threshold=0.93781665936016301 0.037049871744277825 110.74457039430011 -23.253168217735546 0.016376292422125151 -0.0087605637366039418 -47.155103743925707 32.573214842889712 0.170982292014701 -0.0059272134205581853
decision_type=2 2 2 2 2 2 2 2 2 2
left_child=4 2 3 -2 7 -6 -7 -1 -4 -3
right_child=1 9 8 -5 5 6 -8 -9 -10 -11
leaf_value=-0.01016809250345182 -0.0024775772895828736 0.035930289400842634 -0.0013633715259879246 0.016884917877841465 0.00080931561241526717 -0.00040859961436825527 -0.028606940029934386 0.017827099078710031 -0.025824161722624323 0.011864618849125336
leaf_weight=9.930298864841463 26.433155715465546 7.4890616834163666 7.4422837793827084 38.211330592632294 8.6779675930738431 7.9336967170238486 26.926186695694923 7.486181214451789 9.6267594993114454 7.4886494576930982
leaf_count=40 106 30 30 153 35 32 109 30 39 30
internal_value=-0.00016402 0.00743652 0.00299109 0.00890576 -0.0123122 -0.0180708 -0.0229667 0.00168943 -0.0172072 0.0275964
internal_weight=157.646 96.6912 81.7135 64.6445 60.9543 43.5379 34.8599 17.4165 17.069 14.9777
internal_count=634 388 328 259 246 176 141 70 69 60
is_linear=0
shrinkage=0.03


Tree=10
num_leaves=6
num_cat=0
split_feature=3 35 28 35 2
split_gain=9.74482 7.46464 9.95003 6.61193 5.90589
threshold=-0.063334352301870442 0.071010730998972274 5.5000000000000009 0.0065938654777143455 0.036445327246845689
decision_type=2 2 2 2 2
left_child=-1 2 4 -4 -2
right_child=1 -3 3 -5 -6
leaf_value=0.026652842073010184 -0.013434468269600878 -0.025976257454330149 -0.0058481298706298526 0.012755575340473327 0.0098365681856222263
leaf_weight=8.9715938717126829 52.086565300822258 9.4016945213079435 22.897796347737312 50.340838074684143 9.7007317990064603
leaf_count=36 210 38 92 202 39
internal_value=-0.000503519 -0.00263386 -0.000543673 0.00673898 -0.00935185
internal_weight=153.399 144.428 135.026 73.2386 61.7873
internal_count=617 581 543 294 249
is_linear=0
shrinkage=0.03


Tree=11
num_leaves=10
num_cat=0
split_feature=23 36 11 21 23 5 36 36 11
split_gain=10.7119 9.53605 11.3719 10.9092 7.21126 5.89008 5.9202 6.12261 4.51706
threshold=0.94202359726906881 0.0054895877658701023 0.010247595809724898 0.025564501153596712 0.78247711703710465 -0.098505073619490111 0.0047909640408616673 0.0070279132975503622 0.046883322215171226
decision_type=2 2 2 2 2 2 2 2 2
left_child=1 4 -3 -4 -1 -2 8 -8 -7
right_child=5 2 3 -5 -6 6 7 -9 -10
leaf_value=0 0.025094880596681253 -0.021329404315640128 0.029888660706357602 -0.009544360689159993 -0.035840800633071636 0.024760236680560762 -0.0092470066928519081 0.0089311917942225868 -0.0012685104283971748
leaf_weight=7.6834604889154461 10.224340736865996 12.375299245119093 11.965462490916254 9.3863406926393491 14.99127648770809 13.736795231699945 40.078283667564392 25.186922922730446 7.7141418308019629
leaf_count=31 41 50 48 38 61 55 161 101 31
internal_value=-0.000484307 -0.0107538 0 0.0125786 -0.0249306 0.00543565 0.00243516 -0.00195177 0.0154503
internal_weight=153.342 56.4018 33.7271 21.3518 22.6747 96.9405 86.7161 65.2652 21.4509
internal_count=617 228 136 86 92 389 348 262 86
is_linear=0
shrinkage=0.03


Tree=12
num_leaves=10
num_cat=0
split_feature=23 33 28 28 20 16 38 20 21
split_gain=10.1931 5.59489 5.43012 4.59231 4.50051 4.19487 3.54157 2.20305 4.53203
threshold=0.94202359726906881 0.1052880847477472 6.5000000000000009 10.500000000000002 0.037762358004531642 -21.819834190655676 0.011272328441988057 0.033836838074382154 0.016429328582337182
decision_type=2 2 2 2 2 2 2 2 2
left_child=2 -2 7 4 -3 -4 -7 8 -1
right_child=1 3 5 -5 -6 6 -8 -9 -10
leaf_value=-0.0039685764205695164 0.023029473763444365 -0.0045206963043610705 0.013602457097049792 0.017037108594228818 0.014152139729466972 0.00019742244827963089 -0.021944838303344982 -0.0032719101235323101 -0.0376663138974664
leaf_weight=7.4236064255237642 11.974661171436308 59.26911985874176 8.9680052548646945 13.462763413786886 12.22220793366432 13.898211151361467 8.3710204809904081 7.6146614402532569 10.025980040431021
leaf_count=30 48 238 36 54 49 56 34 31 41
internal_value=-0.000467212 0.00530246 -0.0104987 0.00215903 -0.000826008 -0.00136172 -0.00863034 -0.0203897 -0.0259837
internal_weight=153.23 96.9288 56.3015 84.9541 71.4913 31.2372 22.2692 25.0642 17.4496
internal_count=617 389 228 341 287 126 90 102 71
is_linear=0
shrinkage=0.03


Tree=13
num_leaves=10
num_cat=0
split_feature=23 36 16 23 5 36 36 9 36
split_gain=9.7233 8.96607 8.29688 6.82726 5.48717 5.58839 5.71938 3.94339 3.61119
threshold=0.94202359726906881 0.0054895877658701023 -10.994917247836645 0.78247711703710465 -0.098505073619490111 0.0047909640408616673 0.0070279132975503622 0.037052447235891885 0.0042433781385000612
decision_type=2 2 2 2 2 2 2 2 2
left_child=1 3 -3 -1 -2 8 -7 -4 -6
right_child=4 2 7 -5 5 6 -8 -9 -10
leaf_value=0 0.024154569399185758 0.017686574468070818 -0.021602828756738648 -0.034715214092408624 0.00052873264089334986 -0.0090336507499961301 0.0085292793447652848 0.0019343733822247183 0.025807210375293477
leaf_weight=7.6746315807104137 10.222332179546354 12.425200968980787 11.844953924417498 14.880860492587088 10.722333297133448 40.059377297759056 25.192410573363304 9.3950595110654813 10.722236901521681
leaf_count=31 41 50 48 61 43 161 101 38 43
internal_value=-0.000452117 -0.010261 0 -0.024047 0.00517859 0.00227782 -0.00197791 -0.0112757 0.0149311
internal_weight=153.139 56.2207 33.6652 22.5555 96.9187 86.6964 65.2518 21.24 21.4446
internal_count=617 228 136 92 389 348 262 86 86
is_linear=0
shrinkage=0.03


Tree=14
num_leaves=10
num_cat=0
split_feature=23 36 11 21 23 33 34 11 22
split_gain=9.24904 8.54807 10.4213 10.1749 6.51844 5.22377 5.25104 10.6628 5.92865
threshold=0.94202359726906881 0.0054895877658701023 0.010247595809724898 0.025564501153596712 0.78247711703710465 0.1052880847477472 0.0022401485196237307 0.004738334063521755 0.22526485603079741
decision_type=2 2 2 2 2 2 2 2 2
left_child=1 4 -3 -4 -1 -2 8 -8 -7
right_child=5 2 3 -5 -6 6 7 -9 -10
leaf_value=0 0.022192687401691426 -0.020317064590998034 0.028911784616085116 -0.0091677178814083774 -0.033959228642395603 0.019270053923291796 -0.018935986331542448 0.0076210057656318038 -0.0053812279034121538
leaf_weight=7.6746315807104137 11.973451703786848 12.317046999931334 11.962911054491999 9.3660160005092603 14.801486968994139 22.913742855191231 21.948726579546928 28.856473430991173 11.207430526614187
leaf_count=31 48 50 48 38 61 92 88 116 45
internal_value=-0.000423333 -0.0100034 0 0.0121948 -0.0234934 0.00506361 0.00202104 -0.00385067 0.0109082
internal_weight=153.022 56.1221 33.646 21.3289 22.4761 96.8998 84.9264 50.8052 34.1212
internal_count=617 228 136 86 92 389 341 204 137
is_linear=0
shrinkage=0.03


Tree=15
num_leaves=8
num_cat=0
split_feature=3 3 36 11 10 38 36
split_gain=6.59044 7.63393 11.1978 8.4396 9.58588 9.57259 1.27387
threshold=-0.057355145983547622 -0.015579664781356637 0.0063280936571889638 0.01172950624197633 0.059402996667440318 0.0090597733605760188 0.0040238863976893744
decision_type=2 2 2 2 2 2 2
left_child=-1 2 6 5 -5 -3 -2
right_child=1 3 -4 4 -6 -7 -8
leaf_value=0.017184634583070339 -0.010631922749403458 0.0031086997553490528 0.0046310007522938111 0.014326602867767666 -0.014050485700532585 -0.022801089716165394 -0.033039716404935505
leaf_weight=12.916295543313025 8.437380179762842 26.043584451079369 14.636927798390387 46.222940817475319 11.54528486728668 21.110599234700203 14.946437671780584
leaf_count=52 34 105 59 186 47 85 61
internal_value=-0.00165789 -0.00367761 -0.014838 0.000428211 0.00812393 -0.00864154 -0.0270202
internal_weight=155.859 142.943 38.0207 104.922 57.7682 47.1542 23.3838
internal_count=629 577 154 423 233 190 95
is_linear=0
shrinkage=0.03


Tree=16
num_leaves=11
num_cat=0
split_feature=23 28 3 33 36 16 10 21 36 14
split_gain=7.11529 7.17315 7.36587 7.65969 5.94146 16.9307 6.26267 5.18237 2.89278 2.10948
threshold=0.98060841500521334 10.500000000000002 0.062769567292764408 0.88210381168127661 0.0054986355860752378 -9.9937701672874084 0.027889967657714902 0.016537590856283164 0.0077487257593944897 -78.058342027404692
decision_type=2 2 2 2 2 2 2 2 2 2
left_child=4 2 3 -2 6 8 9 -7 -6 -1
right_child=1 -3 -4 -5 5 7 -8 -9 -10 -11
leaf_value=-0.0067314471226414541 -2.8606182362187065e-05 0.022955384071853015 -0.02136572623039994 0.028432726178684673 0.030804261440014587 0 0.0036468403975537956 -0.026477168700940558 0.0031417460183862937 -0.031586406389360146
leaf_weight=7.4020374715328279 50.738366484642029 13.202413171529768 9.9436694085597974 7.9833645075559607 9.458565756678583 12.120547950267794 7.3598084449768058 14.490833684802054 7.450971692800521 15.614247918128966
leaf_count=30 204 53 40 32 38 49 30 59 30 64
internal_value=-0.00162224 0.00430603 0 0.0044028 -0.008328 -0.000692947 -0.0180851 -0.0155256 0.0210299 -0.0253699
internal_weight=155.765 81.8678 68.6654 58.7217 73.897 43.5209 30.3761 26.6114 16.9095 23.0163
internal_count=629 329 276 236 300 176 124 108 68 94
is_linear=0
shrinkage=0.03


Tree=17
num_leaves=10
num_cat=0
split_feature=34 1 11 15 38 11 13 3 36
split_gain=11.2056 5.97809 13.9307 17.8983 6.86827 6.25765 4.12791 3.64845 3.46899
threshold=0.037058102974630087 -0.0084910173928607318 0.011000446329181625 169.65732747207542 0.0089852154960804956 0.044938681622247574 -0.77490036937135531 -0.026893477893064673 0.0065385107959399433
decision_type=2 2 2 2 2 2 2 2 2
left_child=1 5 4 -4 -3 6 -1 -7 -2
right_child=8 2 3 -5 -6 7 -8 -9 -10
leaf_value=0.025198472490667714 -0.03578795443641803 -0.0010327257998040129 0.01783866340501122 -0.019987242459100218 -0.025611964749907592 0.0080177420564687442 0.00034513098784120681 -0.017692872600864766 -0.0048473072513723963
leaf_weight=19.596962362527847 8.2837636172771472 19.583428144454956 37.960888341069221 13.522550880908964 23.534278810024261 7.6754438430070877 10.14656735956669 7.6122467666864377 7.7193457931280127
leaf_count=79 34 79 153 55 95 31 41 31 31
internal_value=-0.00157271 0.00118075 -0.00298834 0.00724703 -0.0153215 0.0100127 0.0177486 -0.00448256 -0.023893
internal_weight=155.635 139.632 94.6011 51.4834 43.1177 45.0312 29.7435 15.2877 16.0031
internal_count=629 564 382 208 174 182 120 62 65
is_linear=0
shrinkage=0.03


Tree=18
num_leaves=11
num_cat=0
split_feature=23 28 4 35 36 16 4 35 36 14
split_gain=6.71293 6.6686 6.811 9.38243 5.60158 16.0463 6.29628 3.9461 2.71541 1.01783
threshold=0.98060841500521334 10.500000000000002 0.072873362616675777 0.049295465959295799 0.0054986355860752378 -9.9937701672874084 0.025191752525397407 0.028068734440173441 0.0077487257593944897 -62.627642885429388
decision_type=2 2 2 2 2 2 2 2 2 2
left_child=4 2 3 -2 6 8 9 -7 -6 -1
right_child=1 -3 -4 -5 5 7 -8 -9 -10 -11
leaf_value=-0.0095506771138725594 0.010351078708626719 0.022199742194553038 -0.018865647962648294 -0.019630653740823397 0.029961695051208537 -0.02292418116351427 0.0014594727990727169 0 0.003061045981340149 -0.031710907585202043
leaf_weight=7.3877680897712752 47.511188268661499 13.184713840484617 11.667456328868864 9.4302799105644208 9.458169952034952 17.184038504958156 9.3197523355483991 9.3576526939868909 7.4489994347095481 13.576101675629616
leaf_count=30 191 53 47 38 38 70 38 38 30 56
internal_value=-0.00155019 0.00420511 3.75193e-06 0.00463359 -0.00807524 -0.000648788 -0.0175653 -0.0151258 0.0204806 -0.0260667
internal_weight=155.526 81.7936 68.6089 56.9415 73.7325 43.4489 30.2836 26.5417 16.9072 20.9639
internal_count=629 329 276 229 300 176 124 108 68 86
is_linear=0
shrinkage=0.03


Tree=19
num_leaves=9
num_cat=0
split_feature=34 23 3 2 2 1 2 36
split_gain=10.5277 7.5628 7.11902 6.66809 3.73163 7.31786 4.82953 3.21036
threshold=0.037058102974630087 0.98060841500521334 0.054927998395768569 0.032548035751008182 0.013088697017268449 0.024371600208593528 -0.015776112915494519 0.0065385107959399433
decision_type=2 2 2 2 2 2 2 2
left_child=1 4 3 -3 6 -6 -1 -2
right_child=7 2 -4 -5 5 -7 -8 -9
leaf_value=-0.012150649230912296 -0.034722046805653911 0.0067268394842804292 -0.010259613641904104 0.0329570158680529 -0.029446584798242248 0.0032938140599568315 0.0073755378280150252 -0.0047552732833149383
leaf_weight=17.637734949588776 8.2176953852176648 52.214476510882378 13.89746832847595 9.7073294669389707 12.26767320930958 8.8484207689762098 24.872167631983757 7.7156186401844016
leaf_count=72 34 210 56 39 50 36 101 31
internal_value=-0.00151461 0.00114965 0.00754863 0.011976 -0.00624472 -0.0159803 -0.000570986 -0.0231959
internal_weight=155.379 139.445 75.8193 61.9218 63.626 21.1161 42.5099 15.9333
internal_count=629 564 305 249 259 86 173 65
is_linear=0
shrinkage=0.03


Tree=20
num_leaves=11
num_cat=0
split_feature=23 15 11 11 11 11 11 2 19 13
split_gain=9.81484 6.4357 15.134 10.1271 4.66768 3.675 7.71024 5.97682 0.799779 0.0108288
threshold=0.94202359726906881 144.41698996179358 0.01172950624197633 -0.024833607625315442 0.045947500309895924 -0.039840023602720813 0.025393418056338771 -0.015059247654746864 0.21969309852355579 -1.4796177518769971
decision_type=2 2 2 2 2 2 2 2 2 2
left_child=5 2 3 -2 -4 -1 9 -8 -3 -7
right_child=1 8 4 -5 -6 6 7 -9 -10 -11
leaf_value=0.0065442874698905806 0.013007776901175739 -0.017510277519648839 0.033839322342427737 -0.013491428444221569 0.0091559655160497657 -0.012384966611456376 -0.02056118840297683 0.0057966478250063951 -0.0012911921828619396 -0.031003542664710351
leaf_weight=7.8889250159263602 20.417720526456829 7.6189077049493772 17.410239517688751 28.391072958707813 17.146045848727226 7.5686497688293484 9.378430977463724 21.317500486969948 7.4208688884973526 12.931813001632689
leaf_count=32 82 31 70 114 69 31 39 87 30 53
internal_value=-0.000516643 0.00516033 0.00853646 -0.00203536 0.0231733 -0.0100764 -0.0130693 -0.00256273 -0.0114787 -0.0265082
internal_weight=157.49 98.4049 83.3651 48.8088 34.5563 59.0853 51.1964 30.6959 15.0398 20.5005
internal_count=638 396 335 196 139 242 210 126 61 84
is_linear=0
shrinkage=0.03


Tree=21
num_leaves=9
num_cat=0
split_feature=38 38 38 16 36 15 19 11
split_gain=7.48261 5.83932 9.40337 9.69493 6.71249 8.78629 4.22357 1.09337
threshold=0.0067752642119068901 0.0091204884755131405 0.0096535613471881911 -10.994917247836645 0.0080627815361906854 147.13152084415171 0.11472010365721728 0.035075642222357491
decision_type=2 2 2 2 2 2 2 2
left_child=6 4 7 -4 5 -2 -1 -3
right_child=1 2 3 -5 -6 -7 -8 -9
leaf_value=-0.028896763313548287 0.019150441433229675 -0.030945944591971496 0.014344811542739516 -0.0078179562935800796 -0.013311253561403487 -0.011897673234734592 0 -0.0079995489647944808
leaf_weight=10.120332613587381 40.668718829751015 7.9049469232559186 29.261334508657455 38.643338441848755 7.9107018113136283 8.0846785306930524 7.3887445628643027 7.3624848276376724
leaf_count=41 164 32 119 157 32 33 30 30
internal_value=-0.000512291 0.00179428 -0.00311984 0.00165497 0.00912341 0.0134403 -0.017998 -0.0229573
internal_weight=157.345 139.836 83.1721 67.9047 56.6641 48.7534 17.5091 15.2674
internal_count=638 567 338 276 229 197 71 62
is_linear=0
shrinkage=0.03


Tree=22
num_leaves=8
num_cat=0
split_feature=38 28 2 34 36 34 19
split_gain=7.09429 6.02873 9.28563 10.7063 7.10654 7.16875 4.02509
threshold=0.0067752642119068901 5.5000000000000009 0.038229621278934041 -0.02588141925849707 0.008572357832219003 0.0053871689071162141 0.11472010365721728
decision_type=2 2 2 2 2 2 2
left_child=6 2 3 -2 5 -3 -1
right_child=1 4 -4 -5 -6 -7 -8
leaf_value=-0.028221509018063341 0.015720781848416104 0.021996706255345368 0.018480854190662224 -0.01825171058997983 -0.017643260783447995 0.0025389541872680704 0
leaf_weight=10.0997661203146 8.4274155646562559 26.075457394123077 9.4145914912223798 38.127805143594742 7.3694233745336524 50.379672795534134 7.3887445628643027
leaf_count=41 34 105 38 156 30 204 30
internal_value=-0.000531333 0.00171183 -0.00564988 -0.0113989 0.00681914 0.0097579 -0.0175673
internal_weight=157.283 139.794 55.9698 46.5552 83.8246 76.4551 17.4885
internal_count=638 567 228 190 339 309 71
is_linear=0
shrinkage=0.03


Tree=23
num_leaves=12
num_cat=0
split_feature=23 28 15 11 11 28 11 13 40 28 18
split_gain=9.27959 7.50548 6.07264 14.1086 9.32115 4.77483 8.0917 4.58893 2.92826 2.59429 0.777525
threshold=0.94202359726906881 6.5000000000000009 144.41698996179358 0.01172950624197633 -0.024833607625315442 9.5000000000000018 0.033372157505392692 -2.6853499046717846 0.066654756928686845 6.5000000000000009 0.3189395487115475
decision_type=2 2 2 2 2 2 2 2 2 2 2
left_child=1 8 3 4 -2 -3 -7 -5 10 -4 -1
right_child=2 5 9 7 -6 6 -8 -9 -10 -11 -12
leaf_value=-0.011554412428212648 0.012511446902577923 0.013907781127606284 -0.021583769049418149 0.002695031772043853 -0.01292015451110746 -0.022408179074651646 0.012390970558992253 0.029045884561714464 -0.0020626234490370311 0.00015670187227333476 -0.033628631443916639
leaf_weight=8.0645717978477531 20.398154392838475 11.842439264059065 7.5595667958259565 9.9297109842300397 28.362934663891796 12.696224361658098 7.9196560084819785 24.568354874849319 7.4926614314317694 7.451669842004776 10.898623198270796
leaf_count=34 82 48 31 40 114 52 32 99 31 30 45
internal_value=-0.000512458 -0.00982558 0.00500588 0.00828992 -0.0019121 0 -0.00846314 0.0224355 -0.0210724 -0.0111603 -0.0269545
internal_weight=157.185 58.9142 98.2704 83.2592 48.7611 32.4583 20.6159 34.4981 26.4559 15.0112 18.9632
internal_count=638 242 396 335 196 132 84 139 110 61 79
is_linear=0
shrinkage=0.03


Tree=24
num_leaves=12
num_cat=0
split_feature=23 28 25 25 28 11 1 15 11 40 20
split_gain=8.82012 7.19494 5.82866 11.3454 4.5223 7.71386 4.20857 3.97794 4.39975 2.79298 0.0723978
threshold=0.94202359726906881 6.5000000000000009 0.24903100775193801 0.51076388888888891 9.5000000000000018 0.033372157505392692 -0.010218229304350955 -124.23708003057089 0.060678537602786305 0.066654756928686845 0.027146931929071142
decision_type=2 2 2 2 2 2 2 2 2 2 2
left_child=1 9 7 6 -3 -6 -4 -2 -9 10 -1
right_child=2 4 3 -5 5 -7 -8 8 -10 -11 -12
leaf_value=-0.012461142541065345 -0.0063925040964739914 0.013545389838449894 0.00056914186734733437 0.016570256833845946 -0.021887324872855659 0.012090068102661077 -0.022131259568736038 0.018447757592027582 -0.0030973433798712397 -0.0020142793553617963 -0.031598776419854813
leaf_weight=7.7605882287025514 7.6985750049352637 11.847912594676016 9.40361435711384 14.372667789459227 12.656601622700693 7.9229847490787497 18.329943746328354 39.741550967097282 8.6443018466234189 7.4903518855571738 11.12290422618389
leaf_count=32 31 48 38 58 52 32 74 160 35 31 47
internal_value=-0.000507747 -0.00959947 0.00487005 -0.00322262 0 -0.00822975 -0.0144092 0.0111057 0.0143308 -0.0206321 -0.0263986
internal_weight=156.992 58.8013 98.1907 42.1062 32.4275 20.5796 27.7336 56.0844 48.3859 26.3738 18.8835
internal_count=638 242 396 170 132 84 112 226 195 110 79
is_linear=0
shrinkage=0.03


Tree=25
num_leaves=9
num_cat=0
split_feature=5 21 21 36 34 24 23 34
split_gain=7.91159 8.59382 8.94052 11.7926 7.84446 7.75898 7.10957 6.77817
threshold=0.18133138799758899 0.024854506449718164 0.016376292422125151 0.0078519662426283846 0.0019374159936879078 0.10207674619143434 0.96293039932643854 -0.0039231273624454324
decision_type=2 2 2 2 2 2 2 2
left_child=1 2 3 -1 -4 7 -7 -3
right_child=-2 5 4 -5 -6 6 -8 -9
leaf_value=0.013605606292730832 -0.023764304341136883 0.043340131497652194 0.0022033947697412885 -0.018327646312175951 -0.019800666450913135 -0.02149567851867858 0.015218297905486372 0.0082360028988411795
leaf_weight=40.889951750636101 10.045547246932982 8.1639405637979507 22.214952170848846 11.559835925698279 33.514164164662361 7.3387720435857755 7.448838472366333 14.787080332636833
leaf_count=165 41 33 90 47 138 30 30 60
internal_value=-0.000311859 0.00150078 -0.00272126 0.00587741 -0.010997 0.0135087 -0.00249875 0.0237972
internal_weight=155.963 145.918 108.179 52.4498 55.7291 37.7386 14.7876 22.951
internal_count=634 593 440 212 228 153 60 93
is_linear=0
shrinkage=0.03


Tree=26
num_leaves=9
num_cat=0
split_feature=9 21 9 3 16 24 31 18
split_gain=9.29493 7.30846 8.86216 8.36319 7.41156 6.87926 5.62548 1.27558
threshold=0.14002934051294855 0.024716423383363304 0.034941170314009708 -0.014007038825381344 -4.2622980739117855 0.13486244999383187 -1.4999999999999998 0.92153216116866077
decision_type=2 2 2 2 2 2 2 2
left_child=1 2 6 -4 5 -3 -1 -2
right_child=7 4 3 -5 -6 -7 -8 -9
leaf_value=0.003831164933950549 -0.028093368539245947 0.035288817188315322 -0.015770875811704322 0.015851644689861236 -0.002086071897009129 0 -0.014406954445826455 -0.0059215720711069952
leaf_weight=19.869146198034286 8.7905284613370913 13.841186210513117 7.4956304132938376 31.920310690999031 14.495079919695852 7.4330386817455283 44.658363431692123 7.3237011879682532
leaf_count=81 36 56 31 129 59 30 182 30
internal_value=-0.000297588 0.0021973 -0.00175077 0.0090047 0.0135525 0.0241159 -0.0086193 -0.020611
internal_weight=155.827 139.713 103.943 39.4159 35.7693 21.2742 64.5275 16.1142
internal_count=634 568 423 160 145 86 263 66
is_linear=0
shrinkage=0.03


Tree=27
num_leaves=9
num_cat=0
split_feature=9 11 1 35 19 34 11 18
split_gain=8.87927 9.63999 12.5878 12.1973 10.4049 7.8814 4.64055 1.20748
threshold=0.14002934051294855 0.014736097030816466 -0.01325889896779253 0.056617550483984432 0.18753178031466169 0.012675188907158576 -0.010226987077238679 0.92153216116866077
decision_type=2 2 2 2 2 2 2 2
left_child=1 2 6 4 -3 -4 -1 -2
right_child=7 3 5 -5 -6 -7 -8 -9
leaf_value=0.023725330003122495 -0.027495050743462653 0.022291300756676773 -0.0040923920107970614 -0.020331733977255618 -0.0068972363180968398 -0.028928060388744958 -0.0024962935918379698 -0.0057850345793495688
leaf_weight=12.835152044892313 8.7564007043838519 44.28509496152401 37.667064517736435 7.8317817449569693 12.444693192839621 16.446653932332993 8.1025762706994993 7.3189340233802787
leaf_count=52 36 180 153 32 51 67 33 30
internal_value=-0.000295761 0.00213978 -0.0049864 0.0105501 0.015616 -0.01267 0.0135911 -0.0201744
internal_weight=155.688 139.613 75.0514 64.5616 56.7298 54.1137 20.9377 16.0753
internal_count=634 568 305 263 231 220 85 66
is_linear=0
shrinkage=0.03


Tree=28
num_leaves=8
num_cat=0
split_feature=9 34 11 17 11 16 18
split_gain=8.46412 9.4392 9.34178 9.17199 8.48 6.49366 1.14356
threshold=0.14002934051294855 0.026408176255276809 0.025393418056338771 -0.20154193942145679 0.013993739967164133 -10.994917247836645 0.92153216116866077
decision_type=2 2 2 2 2 2 2
left_child=1 3 -3 5 -5 -1 -2
right_child=6 2 -4 4 -6 -7 -8
leaf_value=0.025756224379533271 -0.026916232390650805 -0.028219078686238568 0.0037099461369114735 -0.01051112743673813 0.011843001053495731 0.0036040016521593234 -0.0056516688743968408
leaf_weight=24.859846130013466 8.7199211269617098 14.361427277326586 14.373981952667235 37.01517254114151 22.851659014821053 26.033308014273643 7.3141615092754355
leaf_count=101 36 59 59 150 93 106 30
internal_value=-0.000317865 0.00205736 -0.0125574 0.00613751 -0.00162891 0.0152731 -0.0197504
internal_weight=155.529 139.495 28.7354 110.76 59.8668 50.8932 16.0341
internal_count=634 568 118 450 243 207 66
is_linear=0
shrinkage=0.03


Tree=29
num_leaves=8
num_cat=0
split_feature=9 34 11 24 18 22 18
split_gain=8.08831 8.94531 8.9024 6.92209 5.29255 4.83182 1.08348
threshold=0.14002934051294855 0.026408176255276809 0.025393418056338771 -0.099227256761503319 0.77474528229909467 -0.11272601219829463 0.92153216116866077
decision_type=2 2 2 2 2 2 2
left_child=1 3 -3 5 -5 -1 -2
right_child=6 2 -4 4 -6 -7 -8
leaf_value=0.0010476361091709635 -0.026355762618599569 -0.027563239826784259 0.003611889213176369 -0.0066356744423921041 0.011896331034631337 0.020979750245236087 -0.0055213977628295191
leaf_weight=19.160918280482292 8.6813097894191724 14.310406491160395 14.375556871294974 42.49770325422287 18.013937696814537 31.060580193996429 7.309389501810073
leaf_count=78 36 59 59 173 73 126 30
internal_value=-0.000316016 0.00200235 -0.0122343 0.0059751 -0.000674752 0.0139937 -0.0193386
internal_weight=155.41 139.419 28.686 110.733 60.5116 50.2215 15.9907
internal_count=634 568 118 450 246 204 66
is_linear=0
shrinkage=0.03


Tree=30
num_leaves=12
num_cat=0
split_feature=34 16 11 11 5 37 11 20 0 34 3
split_gain=9.88468 9.45531 8.25743 13.9137 10.9614 7.62275 6.85969 7.98807 5.9219 5.3235 2.324
threshold=0.003318200687245421 -23.086605210343773 0.0056579344042724253 0.071438856379893015 0.061649787362885962 0.0073815110188691921 -0.01566789463691198 0.02738275862622604 0.0087453613108121626 -0.02588141925849707 -0.012739851604521011
decision_type=2 2 2 2 2 2 2 2 2 2 2
left_child=1 10 6 4 -4 9 7 -2 -7 -3 -1
right_child=2 5 3 -5 -6 8 -8 -9 -10 -11 -12
leaf_value=0.010430365603166987 0.006604982518129048 0.0011772446759449736 -0.00056408372775892501 -0.023595783424163092 0.031787622279632971 0.02265481808273883 -0.034784612007172276 -0.027413870445214435 -0.0046888713372348406 -0.026661778558967897 0.037098017118415448
leaf_weight=10.310293674468996 14.264423832297327 11.089636385440828 27.608875498175621 13.494555518031119 11.61679947376251 14.787802487611772 11.997061163187025 7.8074515759944907 10.058568075299261 9.3821064680814725 8.1233044713735563
leaf_count=42 58 45 113 56 47 60 49 32 41 38 33
internal_value=-0.000282529 0.008436 -0.0069015 0.00037532 0.00973044 0.000438015 -0.0179744 -0.0060832 0.0115019 -0.0121511 0.0253972
internal_weight=150.541 63.7517 86.7892 52.7202 39.2257 45.3181 34.0689 22.0719 24.8464 20.4717 18.4336
internal_count=614 259 355 216 160 184 139 90 101 83 75
is_linear=0
shrinkage=0.03


Tree=31
num_leaves=11
num_cat=0
split_feature=34 21 21 36 28 21 9 34 36 28
split_gain=9.41233 8.55722 7.21974 11.3022 9.8342 7.48282 6.83503 6.63055 3.81423 0.849468
threshold=0.003318200687245421 0.013275920564753839 0.016312968491943716 0.0048929918680072071 4.5000000000000009 0.025356277770813545 0.13694843093114076 -0.02588141925849707 0.0070279132975503622 7.5000000000000009
decision_type=2 2 2 2 2 2 2 2 2 2
left_child=1 -1 4 5 -2 -4 7 -3 -5 -6
right_child=2 6 3 8 9 -7 -8 -9 -10 -11
leaf_value=-0.014004343493017867 -0.014412055160676339 0.034944822429977568 -0.0078228669171275019 -0.029323880838725992 0.027154905491435555 0.024209420499490295 -0.010298087676358104 0.0088769450935359349 -0.0029987946234767038 0.0072289958353927344
leaf_weight=10.533737272024153 10.736025154590608 12.7912191003561 19.290356069803241 24.845318853855133 7.9294365495443371 7.392425835132598 7.3590844422578803 33.026343986392021 8.3097052723169309 8.1592816859483701
leaf_count=43 44 52 79 103 32 30 30 134 34 33
internal_value=-0.000274813 0.00823152 -0.00674208 -0.012489 0.0055342 0.00159795 0.013256 0.0176254 -0.0236986 0.0197954
internal_weight=150.373 63.7104 86.6625 59.8378 26.8247 26.6828 53.1766 45.8176 33.155 16.0887
internal_count=614 259 355 246 109 109 216 186 137 65
is_linear=0
shrinkage=0.03


Tree=32
num_leaves=8
num_cat=0
split_feature=22 22 11 13 19 35 11
split_gain=9.00553 6.58718 5.55981 7.69103 7.5397 1.98981 0.886721
threshold=-0.38756184686289746 -0.23290625069976409 0.014736097030816466 -6.65876072424805 0.13008320235653889 0.033907717862658455 0.028861742876940325
decision_type=2 2 2 2 2 2 2
left_child=6 5 3 -3 -4 -2 -1
right_child=1 2 4 -5 -6 -7 -8
leaf_value=-0.02762527707335885 0.022509782554519318 0.015885988947922137 0.019118729673031448 -0.011955087322530507 -0.0026480347785969864 0.0010521786443385894 -0.0072103431811995919
leaf_weight=8.0807833224534971 14.521792218089105 8.6177953332662565 21.398573204874992 48.902103126049042 33.445618078112602 7.3611572384834281 7.865245893597602
leaf_count=33 59 35 87 200 138 30 32
internal_value=-0.000257829 0.00227804 -0.000624104 -0.0071382 0.00595469 0.0166123 -0.0203174
internal_weight=150.193 134.247 112.364 57.5199 54.8442 21.8829 15.946
internal_count=614 549 460 235 225 89 65
is_linear=0
shrinkage=0.03


Tree=33
num_leaves=10
num_cat=0
split_feature=34 10 28 11 11 21 5 11 37
split_gain=8.90306 8.2656 10.285 7.45998 13.1672 11.2766 10.1778 7.24034 0.607708
threshold=0.003318200687245421 -0.035325399745112999 2.5000000000000004 0.0056579344042724253 0.071438856379893015 0.017188848537877995 0.061649787362885962 0.080483061119228996 0.012242428135037288
decision_type=2 2 2 2 2 2 2 2 2
left_child=1 -1 -3 5 6 -2 -5 -4 -7
right_child=3 2 7 4 -6 8 -8 -9 -10
leaf_value=0.031151081824636034 0.002077763954605091 0.026719212529091929 -0.010449358587813236 -0.00043935009185779229 -0.023014845630395114 -0.013343594667818271 0.030754147253208394 0.016910609063473532 -0.037081369734739834
leaf_weight=9.6114578545093519 14.529641419649122 10.618727833032606 34.12430627644062 27.553771555423737 13.415226519107817 7.2222513407468822 11.582871749997137 9.2699036896228773 12.166427582502363
leaf_count=39 59 43 139 113 56 30 47 38 50
internal_value=-0.0002438 0.0080302 0.00268273 -0.00654523 0.000366003 -0.017095 0.0094744 -0.00378671 -0.0310149
internal_weight=150.095 63.6244 54.0129 86.4702 52.5519 33.9183 39.1366 43.3942 19.3887
internal_count=614 259 220 355 216 139 160 177 80
is_linear=0
shrinkage=0.03


Tree=34
num_leaves=8
num_cat=0
split_feature=39 5 7 35 13 5 33
split_gain=5.20544 5.56608 7.48157 7.95026 6.00604 4.96608 4.33053
threshold=1.0000000180025095e-35 0.061649787362885962 0.054082038950876758 -0.01710574525377306 -6.4264333399100577 -0.098505073619490111 0.41723920755353822
decision_type=2 2 2 2 2 2 2
left_child=-1 4 3 -3 6 -6 -2
right_child=1 2 -4 -5 5 -7 -8
leaf_value=0.015614541757042792 0.02275396899226486 -0.010527283004237224 -0.016732039153062695 0.020740635462610724 0.0072018165507978481 -0.0128066348416943 -0.0052079951864986811
leaf_weight=14.451734751462935 8.0665931105613691 7.8150519430637351 7.5742659866809836 25.88408137857914 10.926847428083418 67.828280121088028 7.3590968400239936
leaf_count=59 33 32 31 106 45 278 30
internal_value=-0.000224867 -0.00222652 0.00658166 0.0128857 -0.00629913 -0.00973521 0.00948673
internal_weight=149.906 135.454 41.2734 33.6991 94.1808 78.7551 15.4257
internal_count=614 555 169 138 386 323 63
is_linear=0
shrinkage=0.03


Tree=35
num_leaves=14
num_cat=0
split_feature=21 21 21 34 19 38 24 19 20 21 20 19 18
split_gain=7.1338 15.2713 11.7739 10.4068 9.25003 8.33704 6.00305 4.41008 4.34594 3.78184 3.27465 1.63405 1.23831
threshold=0.016376292422125151 0.012594691401187073 0.024475688753258597 0.013276032573992127 0.12329995320293978 0.0079403273162328633 0.1213537241574625 0.17884877974564742 0.016365404866986195 0.03044836959479217 0.020912550388373249 0.19738740599170324 0.62057258610697119
decision_type=2 2 2 2 2 2 2 2 2 2 2 2 2
left_child=1 8 4 12 5 -2 9 -8 -1 -4 -5 -6 -3
right_child=2 3 6 10 11 -7 7 -9 -10 -11 -12 -13 -14
leaf_value=0.0021807913123005744 -0.016842699642747528 0.045192459799331119 0.024314121930703834 0.013585793450255283 -0.026935415298615897 0.013891684639936288 0.0092042645157525606 -0.016165439066961586 -0.02534520749273423 0 -0.011226756377807403 -0.0059495122197169579 0.015908819731691486
leaf_weight=7.3071838766336468 12.926188811659815 8.6684802919626289 14.617632597684862 7.6315750777721387 27.80350835621357 14.940520599484442 8.3881937265396136 12.237541392445562 9.2774834483861905 10.056758329272268 7.3354441076517105 7.5077360123395911 7.634259730577468
leaf_count=30 53 35 60 31 116 61 34 50 38 41 30 31 31
internal_value=-0.0010749 0.00824234 -0.00539572 0.0203323 -0.0136611 -3.56566e-05 0.00590468 -0.00528338 -0.0134806 0.0155142 0.000651018 -0.0234336 0.0355359
internal_weight=156.333 47.8544 108.478 31.2698 63.178 27.8667 45.3001 20.6257 16.5847 24.6744 14.967 35.3112 16.3027
internal_count=641 195 446 127 261 114 185 84 68 101 61 147 66
is_linear=0
shrinkage=0.03


Tree=36
num_leaves=9
num_cat=0
split_feature=25 21 21 34 21 15 34 24
split_gain=7.83597 9.32685 11.8313 11.9594 5.35285 7.15892 5.9334 5.11438
threshold=0.53055002488800407 0.016376292422125151 0.012594691401187073 0.013276032573992127 0.024303447593452456 -133.67254467115859 0.0022401485196237307 -1.0000000180025095e-35
decision_type=2 2 2 2 2 2 2 2
left_child=1 2 -1 -4 6 -6 -3 -2
right_child=7 4 3 -5 5 -7 -8 -9
leaf_value=-0.013092670915816729 0.027142234548041023 -0.0016610383548484261 0.03500124609072118 -0.002080878859391701 -0.02223552343619899 0.0065078524476102498 -0.023023115898318101 0
leaf_weight=14.375474005937575 11.17099651694298 20.641260340809822 15.042649894952776 12.761040881276129 8.3437058776617032 29.441565006971359 32.46368819475174 11.876936882734297
leaf_count=59 46 84 61 52 34 120 136 49
internal_value=-0.00102855 -0.0039613 0.00727491 0.0184809 -0.00938151 -0.000260917 -0.0153538 0.0142694
internal_weight=156.117 133.069 42.1792 27.8037 90.8902 37.7853 53.1049 23.0479
internal_count=641 546 172 113 374 154 220 95
is_linear=0
shrinkage=0.03


Tree=37
num_leaves=14
num_cat=0
split_feature=21 21 21 34 3 7 34 8 20 20 33 4 34
split_gain=6.41978 13.9008 10.7374 9.42604 8.94748 6.73671 6.78634 5.67319 4.15108 3.12346 2.19019 1.50424 0.935142
threshold=0.016376292422125151 0.012594691401187073 0.024475688753258597 0.013276032573992127 -0.014784615559306878 -0.013377608891845744 -0.020691681979781381 0.040018621277576945 0.016365404866986195 0.020912550388373249 0.62272544676785457 -0.064799523559608038 0.0027450632150273217
decision_type=2 2 2 2 2 2 2 2 2 2 2 2 2
left_child=1 8 4 10 12 11 -7 -6 -1 -5 -3 -4 -2
right_child=2 3 5 9 7 6 -8 -9 -10 -11 -12 -13 -14
leaf_value=0.0023424269546671208 -0.010129313548117337 0.044290267251547284 0.029281397161727583 0.013271261664903828 0.005409690749581763 0.018104736381066241 -0.011731968286456023 -0.016354502835504353 -0.024527242410221046 -0.010968131413602819 0.012939488613010587 0.006654165010828811 -0.032030600239127224
leaf_weight=7.305832207202914 7.3271207958459881 8.896009445190435 7.5901620090007809 7.6250047534704191 23.402630686759949 7.5693626850843456 21.283612951636314 16.209141090512276 9.2414350360631925 7.3290989696979523 7.3555156886577597 8.8229605406522733 15.983971565961836
leaf_count=30 30 36 31 31 96 31 87 67 38 30 30 36 68
internal_value=-0.000999379 0.00784141 -0.00510919 0.019396 -0.0130292 0.00566832 -0.00275214 -0.00349375 -0.0128819 0.000614198 0.0338954 0.0199766 -0.0270836
internal_weight=155.942 47.7529 108.189 31.2056 62.9229 45.2661 28.853 39.6118 16.5473 14.9541 16.2515 16.4131 23.3111
internal_count=641 195 446 127 261 185 118 163 68 61 66 67 98
is_linear=0
shrinkage=0.03


Tree=38
num_leaves=7
num_cat=0
split_feature=25 24 5 5 35 22
split_gain=7.38809 4.77626 4.76563 5.69289 6.69372 4.54187
threshold=0.53055002488800407 -1.0000000180025095e-35 0.18133138799758899 0.057196398050838211 -0.03262672486325479 -0.078300308552165951
decision_type=2 2 2 2 2 2
left_child=2 -2 3 4 -1 -5
right_child=1 -3 -4 5 -6 -7
leaf_value=0.009630679465402428 0.026371279206436601 0 -0.024215822694513226 0.018575785509298681 -0.010305127240517218 -0.0013480849460697458
leaf_weight=16.648889616131783 11.138564839959146 11.858236536383627 7.7198128849267951 15.916015535593031 71.691964969038963 20.704868003726006
leaf_count=68 46 49 32 65 296 85
internal_value=-0.000952612 0.0139128 -0.00380884 -0.0020684 -0.00625192 0.00743629
internal_weight=155.678 22.9968 132.682 124.962 88.3409 36.6209
internal_count=641 95 546 514 364 150
is_linear=0
shrinkage=0.03


Tree=39
num_leaves=8
num_cat=0
split_feature=25 21 21 35 23 33 17
split_gain=7.01183 8.34917 10.7022 7.68872 4.89173 4.85185 4.30473
threshold=0.53055002488800407 0.016376292422125151 0.012594691401187073 -0.045041447882702028 0.94784457695548752 0.66015500921161308 4.0142759491455982
decision_type=2 2 2 2 2 2 2
left_child=1 2 -1 -3 -2 -5 -4
right_child=4 3 6 5 -6 -7 -8
leaf_value=-0.012437309616901151 -0.0026627849314304892 0.011756382083876697 0.024605625599177734 -0.018170020564845565 0.023353226385114743 -0.002255743197263199 0
leaf_weight=14.336334481835364 8.615376681089403 11.748866468667982 19.630459457635883 47.855152800679207 14.367509305477141 30.912180989980698 8.0972822010517103
leaf_count=59 36 48 80 198 59 128 33
internal_value=-0.000914581 -0.00370093 0.00693086 -0.00884681 0.013568 -0.0123207 0.0176126
internal_weight=155.563 132.58 42.0641 90.5162 22.9829 78.7673 27.7277
internal_count=641 546 172 374 95 326 113
is_linear=0
shrinkage=0.03


Tree=40
num_leaves=7
num_cat=0
split_feature=3 21 36 5 34 36
split_gain=7.33895 6.31634 11.2932 8.37814 6.02323 5.51171
threshold=-0.068542557802043089 0.016212993291292273 0.0078307047340858502 -0.098505073619490111 0.031267337655970569 0.0048604677153680298
decision_type=2 2 2 2 2 2
left_child=-1 2 4 -3 -2 -5
right_child=1 3 -4 5 -6 -7
leaf_value=0.02261525404672092 0.02108770747314323 0.018666420650810273 -0.020740909091646838 0.00051836171491651255 -0.0048697867515470634 -0.014900917796516528
leaf_weight=8.8214820027351362 25.962009891867638 8.00356677174568 8.7417470365762693 28.047647714614868 9.2007052004337293 61.960074171423912
leaf_count=36 106 33 36 116 38 257
internal_value=-0.00107185 -0.00294229 0.00615008 -0.00720676 0.0139955 -0.0100262
internal_weight=150.737 141.916 43.9045 98.0113 35.1627 90.0077
internal_count=622 586 180 406 144 373
is_linear=0
shrinkage=0.03


Tree=41
num_leaves=7
num_cat=0
split_feature=3 21 36 17 5 34
split_gain=6.98378 5.92575 9.47868 8.77786 8.08071 6.40434
threshold=-0.068542557802043089 0.016376292422125151 0.0078307047340858502 2.0116231002651124 -0.098505073619490111 -0.002991407225890141
decision_type=2 2 2 2 2 2
left_child=-1 2 3 -2 -3 -6
right_child=1 4 -4 -5 5 -7
leaf_value=0.022094460798145126 0.022822077779902607 0.018216608846598842 -0.018144488215793311 -0.0060564168888143184 5.2878276645016226e-05 -0.016135967149122361
leaf_weight=8.8059086650609952 24.201000869274139 8.0045253187417966 9.4532091915607435 12.659335762262343 33.016294404864311 54.444674849510193
leaf_count=36 99 33 39 52 135 228
internal_value=-0.00102614 -0.00285385 0.00561676 0.0127168 -0.00714806 -0.00999249
internal_weight=150.585 141.779 46.3135 36.8603 95.4655 87.461
internal_count=622 586 190 151 396 363
is_linear=0
shrinkage=0.03


Tree=42
num_leaves=10
num_cat=0
split_feature=23 7 28 32 34 38 32 20 32
split_gain=7.04834 6.33464 6.03231 5.4286 5.25448 4.15854 3.36546 1.6657 2.03335
threshold=0.94202359726906881 0.046577970058863924 6.5000000000000009 0.0083158883292069347 0.036588002039365637 0.0091643762913822414 0.0085794805709269468 0.021503330843281095 -0.00092777871014665381
decision_type=2 2 2 2 2 2 2 2 2
left_child=2 4 7 5 6 -4 -2 -1 -9
right_child=1 -3 3 -5 -6 -7 -8 8 -10
leaf_value=-0.0029836632389735407 0.0060780124538431148 -0.013944690104288815 0.020485540586851175 -0.019934726960641535 -0.013373299306638978 -0.0022545073365200529 0.022735218301576949 -0.0088394753843984899 -0.033412775440187024
leaf_weight=7.1358816921710995 57.121320754289627 12.471589431166647 9.4626305848360079 7.3757247030735007 7.4406720399856559 16.138423159718513 14.157985746860502 9.74598324298859 9.3489991128444636
leaf_count=30 233 51 39 31 31 67 58 42 40
internal_value=-0.000981797 0.00411669 -0.00895747 0 0.00743859 0.00648254 0.0101215 -0.0191382 -0.0236089
internal_weight=150.399 91.1916 59.2076 32.9768 78.72 25.6011 71.2793 26.2309 19.095
internal_count=622 373 249 137 322 106 291 112 82
is_linear=0
shrinkage=0.03


Tree=43
num_leaves=11
num_cat=0
split_feature=23 36 23 31 20 36 3 36 21 21
split_gain=6.71899 8.96021 7.70409 6.58423 6.5519 6.2779 6.8298 4.32071 2.85264 0.365119
threshold=0.93443979417277612 0.0048604677153680298 1.0480402139263789 -2.4999999999999996 0.041174729454845231 0.0054895877658701023 0.016773693716305552 0.0076866228642947778 0.020382925488627811 0.017929215119137011
decision_type=2 2 2 2 2 2 2 2 2 2
left_child=5 2 -2 -3 -5 8 7 -7 -1 -4
right_child=1 3 9 4 -6 6 -8 -9 -10 -11
leaf_value=-0.027704780417436091 -0.0005751320665840098 0.020310114601005007 0.014257836062739398 -0.01029081992903361 0.016519946736053229 0.018622274585811598 -0.017669389413678252 -0.0059198134011247119 -0.0024624694006013742 0.036704705270219816
leaf_weight=14.890365019440653 11.690667614340784 7.8006574213504782 8.3615624159574526 50.020033031702042 7.5268155932426444 13.734097331762316 11.499676033854483 8.4398707598447782 7.6711775958538047 8.5942200869321805
leaf_count=65 48 32 34 205 31 57 48 35 32 35
internal_value=-0.000980521 0.00380048 0.0172522 -0.00221083 -0.00609514 -0.00908535 -0.00020543 0.00894361 -0.0206322 0.0290988
internal_weight=150.229 93.994 28.6465 65.3475 57.5468 56.2352 33.6736 22.174 22.5615 16.9558
internal_count=622 385 117 268 236 237 140 92 97 69
is_linear=0
shrinkage=0.03


Tree=44
num_leaves=9
num_cat=0
split_feature=18 28 21 21 17 35 34 15
split_gain=6.47557 6.05722 8.72879 9.78199 7.45688 4.26425 8.69906 3.0874
threshold=0.99093405340813956 6.5000000000000009 0.016252440912590187 0.024716423383363304 1.5250322427276084 -0.013338560249196661 0.0053871689071162141 96.744415161825927
decision_type=2 2 2 2 2 2 2 2
left_child=1 2 4 -4 -1 7 -7 -3
right_child=-2 5 3 -5 -6 6 -8 -9
leaf_value=0.020500214067024874 -0.021268548492654561 -0.016903250516857066 -0.023392234283373555 0.0037493999717435837 -0.011784105348358451 0.026174050543415258 0.0013211160227144553 0.006539171330521701
leaf_weight=15.338894397020342 10.959030508995054 8.3365103602409345 27.966665104031563 17.663484469056129 7.9797178953886023 19.325251206755638 35.264544531702995 7.1809081286191931
leaf_count=63 45 34 119 73 33 79 146 30
internal_value=-0.000936209 0.000838688 -0.00527722 -0.0128545 0.00880179 0.0070411 0.0109984 -0.00569063
internal_weight=150.015 139.056 68.9488 45.6301 23.3186 70.1072 54.5898 15.5174
internal_count=622 577 288 192 96 289 225 64
is_linear=0
shrinkage=0.03


Tree=45
num_leaves=9
num_cat=0
split_feature=5 11 13 11 16 15 35 25
split_gain=5.57162 9.19718 10.2258 9.08935 7.597 5.15851 4.91342 0.404495
threshold=-0.096666361630298667 0.0081658853423376438 -4.0956737321856265 -0.01566789463691198 14.234703093330738 211.82063334807677 0.026817262859412331 0.15709353421217831
decision_type=2 2 2 2 2 2 2 2
left_child=-1 3 6 4 -2 -4 -3 -5
right_child=1 2 5 7 -6 -7 -8 -9
leaf_value=0.016448652014308729 0.010998278842502015 -0.023375342127434376 0.01491846158784761 -0.010444864899833589 -0.013940168145021949 -0.0080241663958297831 0.0027555080667312254 -0.030185296804415642
leaf_weight=14.263125851750372 19.296832248568535 12.193736866116526 49.189317181706429 7.1587618887424496 20.422793328762054 8.4171506315469724 9.5440714806318265 14.13707786798477
leaf_count=59 79 51 203 30 85 35 40 59
internal_value=-8.62185e-05 -0.00207931 0.00448837 -0.0107293 -0.00151845 0.0111578 -0.0120051 -0.0256597
internal_weight=154.623 140.36 79.3443 61.0155 39.7196 57.6065 21.7378 21.2958
internal_count=641 582 329 253 164 238 91 89
is_linear=0
shrinkage=0.03


Tree=46
num_leaves=10
num_cat=0
split_feature=28 21 17 8 18 39 19 19 12
split_gain=6.17408 6.92231 8.37744 7.58216 6.50631 4.56699 3.53138 5.81888 3.99368
threshold=6.5000000000000009 0.015830162655559577 1.5250322427276084 -0.036185463152792766 0.80291220243812533 1.0000000180025095e-35 0.15060584261244006 0.12329995320293978 64.802234636871518
decision_type=2 2 2 2 2 2 2 2 2
left_child=1 2 -1 -3 -5 -2 7 -7 -8
right_child=5 3 -4 4 -6 6 8 -9 -10
leaf_value=0.020691377869945148 0.025671902664781945 0.006755128361378788 -0.011435825452497521 -0.025591630766764979 0 0.0049254696565433232 0.020005245987107702 -0.017462880139721384 -0.0027030996466455952
leaf_weight=14.182590648531916 7.4435725659131995 12.627719953656195 10.965704739093779 28.613720491528511 12.789183169603346 29.825107827782631 15.596138805150987 13.304027855396269 9.1086297482252103
leaf_count=58 31 53 45 121 53 123 64 55 38
internal_value=-9.97057e-05 -0.00596858 0.00631961 -0.0119772 -0.0180841 0.00587394 0.00281366 -0.00211612 0.0114956
internal_weight=154.456 79.1789 25.1483 54.0306 41.4029 75.2775 67.8339 43.1291 24.7048
internal_count=641 330 103 227 174 311 280 178 102
is_linear=0
shrinkage=0.03


Tree=47
num_leaves=10
num_cat=0
split_feature=23 25 28 28 11 1 28 6 38
split_gain=6.45789 6.09425 4.95352 4.65534 4.3706 6.98846 5.01589 3.47168 3.22481
threshold=0.93781665936016301 0.53717963452476736 6.5000000000000009 9.5000000000000018 0.004738334063521755 -0.010218229304350955 4.5000000000000009 -0.0018845480984707355 0.0080883864373458309
decision_type=2 2 2 2 2 2 2 2 2
left_child=2 4 8 -4 5 -2 -6 -5 -1
right_child=1 -3 3 7 6 -7 -8 -9 -10
leaf_value=-0.0023746868060383641 0.01096470159618931 0.021775072704294591 0.013528003205518536 0.0028836447180216654 -0.0048429405779021719 -0.014131263319376551 0.015036453783341492 -0.019445586094344817 -0.026073415230062104
leaf_weight=10.410552665591242 12.703041166067122 13.574692919850348 11.889001265168188 9.8327346593141556 15.766679257154463 27.54699033498764 27.856583684682846 10.361169695854187 14.336722150444983
leaf_count=44 52 56 49 41 65 113 114 44 63
internal_value=-8.36409e-05 0.00448186 -0.00805341 0 0.00106637 -0.00571176 0.00762537 -0.00861718 -0.0175878
internal_weight=154.278 97.448 56.8302 32.0829 83.8733 40.25 43.6233 20.1939 24.7473
internal_count=641 400 241 134 344 165 179 85 107
is_linear=0
shrinkage=0.03


Tree=48
num_leaves=9
num_cat=0
split_feature=5 11 11 20 0 5 8 20
split_gain=5.20378 8.27736 8.85825 7.97457 5.83321 5.62427 4.12291 2.75846
threshold=-0.096666361630298667 0.0081658853423376438 -0.01566789463691198 0.026701391815950555 -0.0019863936303310399 -0.013110952141630159 0.067323984991600958 0.026289244875492182
decision_type=2 2 2 2 2 2 2 2
left_child=-1 2 3 -2 5 -3 -6 -4
right_child=1 4 7 -5 6 -7 -8 -9
leaf_value=0.015920314762068091 0.0083489630233971445 0.015245585550357637 -0.032576233527416031 -0.018175436932327853 0.015995795146637209 -0.011384658585765881 -0.0037987526428933651 -0.0055286498041970658
leaf_weight=14.213716492056845 25.486334308981895 7.2623950541019431 13.729470476508142 14.094212785363196 34.820355892181396 26.650540187954903 10.351738497614859 7.4419359266757956
leaf_count=59 105 30 58 59 144 112 43 31
internal_value=-7.96784e-05 -0.00201331 -0.010241 -0.00115527 0.00421883 -0.00473272 0.0111729 -0.0250139
internal_weight=154.051 139.837 60.752 39.5805 79.085 33.9129 45.1721 21.1714
internal_count=641 582 253 164 329 142 187 89
is_linear=0
shrinkage=0.03


Tree=49
num_leaves=9
num_cat=0
split_feature=28 34 10 33 39 36 4 32
split_gain=5.44949 6.17081 6.25401 7.26513 4.32334 6.363 5.36495 3.28554
threshold=6.5000000000000009 -0.02588141925849707 -0.043221515043509677 0.88210381168127661 1.0000000180025095e-35 0.005651598896125219 0.027630025583298416 0.0070853115261539932
decision_type=2 2 2 2 2 2 2 2
left_child=1 -1 -3 -4 -2 6 -6 -7
right_child=4 2 3 -5 5 7 -8 -9
leaf_value=0.012926104036056815 0.024818457498900597 0.011641773999233739 -0.017861381496900277 0.0073056601589212315 0 0 0.023759258629519414 -0.020562056985678829
leaf_weight=11.242987990379332 7.4048691540956488 8.833257392048834 47.850749894976616 10.877333298325537 16.917055830359459 27.496528998017311 15.264794111251829 7.9779936373233786
leaf_count=46 31 37 202 45 70 114 63 33
internal_value=-8.3829e-05 -0.00561885 -0.0092035 -0.012866 0.00552757 0.0025489 0.0119944 -0.00580241
internal_weight=153.866 78.8043 67.5613 58.7281 75.0612 67.6564 32.1818 35.4745
internal_count=641 330 284 247 311 280 133 147
is_linear=0
shrinkage=0.03


Tree=50
num_leaves=10
num_cat=0
split_feature=34 35 21 12 38 10 37 32 4
split_gain=6.22058 7.46433 6.91533 6.33129 5.89783 6.45657 5.01059 4.67721 4.61287
threshold=-0.0014976955837296411 0.0065938654777143455 0.013275920564753839 68.452195949984471 0.0089852154960804956 0.025868229599046003 0.00521447725348101 -0.0066259359324158931 0.011898863544160811
decision_type=2 2 2 2 2 2 2 2 2
left_child=2 8 -1 7 5 -3 -6 -4 -2
right_child=1 4 3 -5 6 -7 -8 -9 -10
leaf_value=-0.011286286289343568 -0.0042932165614880981 -0.00095733086256307061 0.0012467472415470047 -0.0051997647107265895 0.0049899875342168769 0.024741571645754277 -0.014016474298651303 0.025787754718412489 -0.035180295702680643
leaf_weight=10.660662993788717 11.405376583337786 18.295302554965023 11.415660023689265 10.729097709059713 18.541080921888351 13.069817647337912 27.925812095403671 25.636662885546688 7.7513494044542304
leaf_count=44 47 76 47 44 78 54 117 106 33
internal_value=0.000706296 -0.00383014 0.00836062 0.0133227 0.000268902 0.010143 -0.00623012 0.0190619 -0.0196442
internal_weight=155.431 96.9887 58.4421 47.7814 77.832 31.3651 46.4669 37.0523 19.1567
internal_count=646 405 241 197 325 130 195 153 80
is_linear=0
shrinkage=0.03


Tree=51
num_leaves=10
num_cat=0
split_feature=34 35 11 23 10 40 12 13 10
split_gain=5.88179 7.15267 6.68863 13.4009 6.3018 5.69872 5.69113 4.66556 4.03441
threshold=-0.0014976955837296411 0.0065938654777143455 0.004738334063521755 0.98060841500521334 -0.019180409662764738 -0.052754382277734817 68.452195949984471 5.6356980122964879 0.0051658776179298602
decision_type=2 2 2 2 2 2 2 2 2
left_child=5 8 4 -4 -3 -1 7 -7 -2
right_child=1 2 3 -5 -6 6 -8 -9 -10
leaf_value=-0.011936045201525062 -0.0040496736405049548 0.0048171298723902727 -0.0074669710140334898 0.022867941665765824 -0.021160921796738202 0.023032136945176522 -0.0048776583867688739 0 -0.033152531115208057
leaf_weight=8.4113458693027479 10.871749430894853 12.349631801247599 24.690643146634102 23.285356909036636 17.460158362984657 29.34799587726593 11.413867548108099 9.2131218612194044 8.2213200777769071
leaf_count=35 45 51 104 96 74 121 47 38 35
internal_value=0.000671689 -0.00373926 0.0002664 0.00728201 -0.0103009 0.0081205 0.0121142 0.0175061 -0.0192475
internal_weight=155.265 96.8789 77.7858 47.976 29.8098 58.3863 49.975 38.5611 19.0931
internal_count=646 405 325 200 125 241 206 159 80
is_linear=0
shrinkage=0.03


Tree=52
num_leaves=11
num_cat=0
split_feature=34 21 12 11 11 9 4 32 26 28
split_gain=5.55184 6.49319 5.76002 5.50589 12.6283 7.13229 6.99578 4.45611 4.34678 2.31078
threshold=-0.0014976955837296411 0.013275920564753839 68.452195949984471 0.004738334063521755 0.054947493749913708 -0.028959600196761835 0.028326448277855468 -0.0066259359324158931 0.30805176132278939 4.5000000000000009
decision_type=2 2 2 2 2 2 2 2 2 2
left_child=1 -1 7 5 6 8 -5 -3 -2 -6
right_child=3 2 -4 4 9 -7 -8 -9 -10 -11
leaf_value=-0.01115221309537166 0.0094043075132612241 0.00084585768653966777 -0.0049353815986919371 0.0005826156906071757 -0.025418135936260324 -0.027965799990489735 0.026917354491263631 0.024741464018848854 -0.015899195452687233 -0.0048389602670137815
leaf_weight=10.64797195792198 12.604700222611429 11.411186397075648 10.722140759229658 22.032531753182411 8.8843835741281527 14.026999592781065 15.177635550498961 25.576239526271824 8.3950795829296094 15.565689399838446
leaf_count=44 52 47 44 91 39 60 63 106 35 65
internal_value=0.000626336 0.00786611 0.0126904 -0.00366225 0.00156641 -0.0128592 0.0125319 0.0181756 -0.000562019 -0.0142404
internal_weight=155.045 58.3575 47.7096 96.687 61.6602 35.0268 37.2102 36.9874 20.9998 24.4501
internal_count=646 241 197 405 258 147 154 153 87 104
is_linear=0
shrinkage=0.03


Tree=53
num_leaves=10
num_cat=0
split_feature=34 35 21 11 35 9 16 14 32
split_gain=5.25428 6.71221 6.16402 6.01555 10.0786 6.37823 4.89848 4.75046 3.05974
threshold=-0.0014976955837296411 0.0065938654777143455 0.013275920564753839 0.004738334063521755 0.065815573677538444 -0.032865295795377218 -9.9937701672874084 176.21670057568102 -0.0066259359324158931
decision_type=2 2 2 2 2 2 2 2 2
left_child=2 6 -1 5 -5 -3 -2 8 -4
right_child=1 3 7 4 -6 -7 -8 -9 -10
leaf_value=-0.010883704086253722 -0.001000134456951021 0.001380233812952695 0.00080434968053652697 0.013291217503513671 -0.020401452705926033 -0.024843876833648901 -0.032065991088568752 -0.0030844044158617875 0.022416319457076003
leaf_weight=10.632916718721388 9.6095600128173846 17.563168242573742 9.4638317972421593 40.141146644949913 7.7102943360805503 12.109538614749907 9.3739836513996107 11.408215895295141 26.786982879042629
leaf_count=44 40 73 39 167 33 52 40 47 111
internal_value=0.000591901 -0.00358206 0.00764065 0.00029512 0.00696074 -0.00974132 -0.0186493 0.0123475 0.0175034
internal_weight=154.8 96.5077 58.2919 77.5241 47.8514 29.6727 18.9835 47.659 36.2508
internal_count=646 405 241 325 200 125 80 197 150
is_linear=0
shrinkage=0.03


Tree=54
num_leaves=8
num_cat=0
split_feature=5 11 11 16 35 15 1
split_gain=4.6547 6.76122 8.14877 8.63207 7.09181 7.6323 2.57211
threshold=-0.096666361630298667 0.0081658853423376438 -0.020881716310452599 14.234703093330738 0.065815573677538444 175.82001320443229 0.0075532751370197557
decision_type=2 2 2 2 2 2 2
left_child=-1 2 3 -2 5 -3 -4
right_child=1 4 6 -5 -6 -7 -8
leaf_value=0.015976455800706668 0.016512414156638625 0.012107605087048529 -0.027794669379674824 -0.013508005436906499 -0.019981826384942898 -0.0091526536086416182 -0.0036147065020583429
leaf_weight=13.940641745924948 14.879799365997316 60.539317399263382 16.539310231804851 15.482243195176123 7.6785313338041297 17.645145192742348 7.8470089584588996
leaf_count=58 61 252 70 65 33 74 33
internal_value=0.000545278 -0.00108204 -0.00922162 0.000852109 0.00402902 0.00701378 -0.0214463
internal_weight=154.552 140.611 54.7484 30.362 85.863 78.1845 24.3863
internal_count=646 588 229 126 359 326 103
is_linear=0
shrinkage=0.03


Tree=55
num_leaves=8
num_cat=0
split_feature=33 11 38 11 15 36 1
split_gain=4.72945 4.6411 5.88169 8.38634 5.77491 7.87711 3.88739
threshold=0.043971877240454225 0.024379104159516277 0.0090597733605760188 -0.014117694402076162 209.29870628426104 0.0045625920403589417 -0.01259143167219595
decision_type=2 2 2 2 2 2 2
left_child=-1 2 3 -2 5 -3 -4
right_child=1 4 6 -5 -6 -7 -8
leaf_value=0.020502467305109403 0.012093194285237394 -0.0096409287237234093 0.00076795926277398218 -0.013496212524731741 -0.011519154505356724 0.015609968186523845 -0.019656612891104153
leaf_weight=7.6670849025249472 25.864369183778763 12.782233431935309 9.5054103434085828 17.486219346523285 13.307280361652372 40.24184350669384 28.198775947093964
leaf_count=32 106 53 40 74 56 169 119
internal_value=8.25239e-05 -0.00113959 -0.00596944 0.00130051 0.0045448 0.00912109 -0.0143504
internal_weight=155.053 147.386 81.0548 43.3506 66.3314 53.0241 37.7042
internal_count=649 617 339 180 278 222 159
is_linear=0
shrinkage=0.03


Tree=56
num_leaves=6
num_cat=0
split_feature=3 15 9 9 3
split_gain=6.94813 4.18032 6.69021 7.23988 5.00854
threshold=-0.063334352301870442 209.29870628426104 0.034941170314009708 -0.025200242634856967 -0.014007038825381344
decision_type=2 2 2 2 2
left_child=-1 2 3 -2 -4
right_child=1 -3 4 -5 -6
leaf_value=0.021607080131516725 0.0026412940249820583 -0.017522116073456412 -0.012158512092059669 -0.015027981706883888 0.011633863287588383
leaf_weight=10.52578444778919 41.802747815847397 11.577484205365179 7.223089948296546 36.651169061660767 47.109068855643272
leaf_count=44 174 49 31 156 195
internal_value=7.50554e-05 -0.0016662 0 -0.00559517 0.00788518
internal_weight=154.889 144.364 132.786 78.4539 54.3322
internal_count=649 605 556 330 226
is_linear=0
shrinkage=0.03


Tree=57
num_leaves=9
num_cat=0
split_feature=3 21 17 3 11 38 21 35
split_gain=6.61822 4.88582 8.0266 6.1884 4.85171 4.70557 4.66607 4.4237
threshold=-0.063334352301870442 0.016376292422125151 2.0116231002651124 -0.011070413615142825 0.01172950624197633 0.0070637421568420979 0.023713539574111136 -0.0028213129801106236
decision_type=2 2 2 2 2 2 2 2
left_child=-1 2 7 6 -4 -5 -3 -2
right_child=1 3 4 5 -6 -7 -8 -9
leaf_value=0.021105884605682346 -0.0001235170765539965 -0.024065230308545901 -0.020434103298943306 -0.020276493979697614 0.0074132860030860989 0.0028447863908786421 0 0.022056332968800243
leaf_weight=10.500343799591063 10.391134783625604 20.256529048085216 11.132907658815386 7.1446370035409918 7.4348047375679007 56.754440397024155 10.012210816144941 21.093749508261681
leaf_count=44 44 89 46 30 31 236 42 87
internal_value=6.65205e-05 -0.00163045 0.00565614 -0.00569652 -0.00891768 -4.97328e-05 -0.0164105 0.0147181
internal_weight=154.721 144.22 50.0526 94.1678 18.5677 63.8991 30.2687 31.4849
internal_count=649 605 208 397 77 266 131 131
is_linear=0
shrinkage=0.03


Tree=58
num_leaves=9
num_cat=0
split_feature=3 21 17 16 35 20 38 36
split_gain=6.30502 4.62713 7.59556 6.01832 5.06966 4.2823 4.27781 4.27659
threshold=-0.063334352301870442 0.016376292422125151 2.0116231002651124 36.453919991838916 -0.047831859373291867 0.018343240411944756 0.0084647359644834681 0.0077178602729215352
decision_type=2 2 2 2 2 2 2 2
left_child=-1 2 7 4 -3 -4 -5 -2
right_child=1 3 5 6 -6 -7 -8 -9
leaf_value=0.020619073287418972 0.02024777413550374 0.010578967600704864 -0.021981349658244574 0.020161954737520738 -0.013045567851033489 0.0038155774234656698 -0.0029284828176669229 -0.00316127547711453
leaf_weight=10.473433986306189 23.885967165231708 7.1458698958158484 8.8251045346260089 9.7499768286943453 61.732026442885399 9.7146040648221952 15.408646136522291 7.5546796321868888
leaf_count=44 99 30 37 40 262 40 65 32
internal_value=5.82875e-05 -0.00159618 0.00549584 -0.00555773 -0.0101536 -0.00867843 0.00629346 0.0143217
internal_weight=154.49 144.017 49.9804 94.0365 68.8779 18.5397 25.1586 31.4406
internal_count=649 605 208 397 292 77 105 131
is_linear=0
shrinkage=0.03


Tree=59
num_leaves=9
num_cat=0
split_feature=34 24 2 11 2 2 2 16
split_gain=6.56899 7.02785 5.03158 4.75192 4.70269 4.50501 6.83647 4.25904
threshold=0.030666778376329033 -0.10793010752688172 -0.020155927334147613 0.025393418056338771 0.0043892634807931605 -0.02938763789746501 0.0083566193315964838 -24.123503661726993
decision_type=2 2 2 2 2 2 2 2
left_child=1 5 -3 -2 -4 7 -7 -1
right_child=3 2 4 -5 -6 6 -8 -9
leaf_value=0.010371904588381994 -0.026764696122653607 0.01422522843738917 -0.019815501767491674 0 -0.0012541641599930389 0.022414896752751965 -0.0020419350899498249 -0.017584894015107259
leaf_weight=7.9572577774524689 10.767236188054087 10.045171752572058 15.975180462002752 12.018624693155287 46.258301958441734 31.005339682102203 12.939165398478506 7.3217827677726728
leaf_count=34 47 42 68 51 193 129 54 31
internal_value=6.973e-05 0.00279616 -0.00330331 -0.0140159 -0.00672097 0.0103499 0.0151119 -0.00264175
internal_weight=154.288 131.502 72.2787 22.7859 62.2335 59.2235 43.9445 15.279
internal_count=649 551 303 98 261 248 183 65
is_linear=0
shrinkage=0.03


Tree=60
num_leaves=8
num_cat=0
split_feature=25 5 33 3 1 37 9
split_gain=4.96613 4.7709 4.99554 6.80561 4.64025 3.83789 3.07415
threshold=0.53055002488800407 -0.070820910146063551 0.86037285006348585 0.054927998395768569 0.0045931630876271399 -0.016523896470297058 -0.080814065476441835
decision_type=2 2 2 2 2 2 2
left_child=1 6 5 -4 -2 -3 -1
right_child=4 2 3 -5 -6 -7 -8
leaf_value=-0.0016958015020815858 0 0.006347104661099846 0.017313723475287146 -0.010117274308375881 0.02683286133481293 -0.010896623918586036 0.019022693812391543
leaf_weight=8.8035665601491946 11.935580700635912 11.34398117661476 17.215558037161831 11.699923142790793 9.5380810499191266 69.337852373719215 12.667067497968672
leaf_count=37 51 48 72 49 40 293 53
internal_value=0.000475829 -0.00167488 -0.00433307 0.00579279 0.0132663 -0.00819583 0.0104678
internal_weight=152.542 131.068 109.597 28.9155 21.4737 80.6818 21.4706
internal_count=643 552 462 121 91 341 90
is_linear=0
shrinkage=0.03


Tree=61
num_leaves=8
num_cat=0
split_feature=23 11 11 25 28 33 6
split_gain=6.9854 5.77081 6.16973 5.00355 4.14444 3.18806 5.54438
threshold=0.94495975995751325 0.027876342092292509 -0.035519810418306978 0.51076388888888891 7.5000000000000009 0.092992317158346369 0.0080846409599181403
decision_type=2 2 2 2 2 2 2
left_child=1 2 -1 5 -3 -2 -7
right_child=3 4 -4 -5 -6 6 -8
leaf_value=0.0031447380268597395 0.018538641902614464 -0.0088212772954614199 -0.023740578698705814 0.020980916456303223 0.013082630375429961 -0.0072066141096988456 0.0090406749020962122
leaf_weight=9.2422325015068072 7.5498872101306906 12.521600082516672 22.476049110293388 14.110678344964979 14.132569953799246 40.08492685854435 32.309570461511612
leaf_count=39 31 55 98 59 59 168 134
internal_value=0.000480395 -0.0074167 -0.0157399 0.00559003 0.00237164 0.00224462 0
internal_weight=152.428 58.3725 31.7183 94.0551 26.6542 79.9444 72.3945
internal_count=643 251 137 392 114 333 302
is_linear=0
shrinkage=0.03


Tree=62
num_leaves=7
num_cat=0
split_feature=22 25 22 14 19 24
split_gain=5.65093 5.58903 3.45469 3.36964 2.83885 0.415849
threshold=-0.35786134965363675 0.53055002488800407 -0.27212365345887196 -16.443257699854936 0.092133402190054295 -1.0000000180025095e-35
decision_type=2 2 2 2 2 2
left_child=3 2 -2 -1 -4 -3
right_child=1 5 4 -5 -6 -7
leaf_value=0.0013388845380506681 0.015648982035223389 0.023019554491579951 -0.010306581146321405 -0.021016121922981156 0.0011668881514008398 0.0071256063765236851
leaf_weight=7.5618673712015179 9.883546367287634 9.3436539620161074 22.92614084482193 13.791421577334402 79.89028288424015 8.8352456986904127
leaf_count=32 41 40 98 58 337 37
internal_value=0.00047902 0.00295722 0.000214637 -0.0130205 -0.00139622 0.0175101
internal_weight=152.232 130.879 112.7 21.3533 102.816 18.1789
internal_count=643 553 476 90 435 77
is_linear=0
shrinkage=0.03


Tree=63
num_leaves=11
num_cat=0
split_feature=23 32 22 32 26 26 38 34 16 20
split_gain=6.6089 5.79764 5.90602 4.43829 5.71502 5.09676 4.30686 3.18572 2.24019 0.62742
threshold=0.94495975995751325 0.01096750536222202 -0.35786134965363675 0.0016182124407837508 0.15085331166192609 0.33748899590906739 0.013185591126156851 0.0085365384170701403 16.955819199911868 0.025286972293881629
decision_type=2 2 2 2 2 2 2 2 2 2
left_child=3 2 -2 4 -1 9 -4 -6 -3 -5
right_child=1 8 6 5 7 -7 -8 -9 -10 -11
leaf_value=0.015641997991841742 -0.016183336547617375 0.02867407078402176 0.0084959939615192794 -0.011454235213439322 0.0012518620863110732 0 -0.0121650004351938 -0.019814528052139787 0.0034631142319774114 -0.033652568356286494
leaf_weight=11.635046258568762 11.738701164722441 9.9103056043386477 56.666200816631317 8.0756700634956378 11.064599692821504 9.9246436059474927 8.4061372429132444 9.8540332466363889 7.2215894460678092 7.6751006692647925
leaf_count=49 49 42 236 35 47 42 35 44 30 34
internal_value=0.000477248 0.00545065 0.00151627 -0.00721201 0 -0.0160477 0.00532018 -0.00888042 0.0203039 -0.0256891
internal_weight=152.172 93.9429 76.811 58.2291 32.5537 25.6754 65.0723 20.9186 17.1319 15.7508
internal_count=643 392 320 251 140 111 271 91 72 69
is_linear=0
shrinkage=0.03


Tree=64
num_leaves=9
num_cat=0
split_feature=34 10 21 5 5 5 20 21
split_gain=4.60172 5.44673 4.68217 4.00643 5.61324 4.25882 2.43136 1.68774
threshold=0.026408176255276809 -0.032248724791462673 0.015830162655559577 -0.038218642039713584 -0.022278628624737614 -0.074296003926850804 0.033336118094284876 0.018861417597371772
decision_type=2 2 2 2 2 2 2 2
left_child=1 6 -2 5 -5 -3 -1 -4
right_child=2 3 7 4 -6 -7 -8 -9
leaf_value=0.0023801681396140896 0.0045096451501662003 0.0039993467443007278 -0.028727300322282451 0.023797779093678466 0 -0.022729932571690058 0.024453700284600477 -0.0062297502806112313
leaf_weight=9.8763998448848742 10.088275685906412 6.9396606683731106 7.7629092484712627 8.130232632160185 77.165893152356148 10.795050382614134 11.673593446612356 9.5722586512565595
leaf_count=42 43 30 36 34 324 45 49 40
internal_value=0.00044861 0.00301885 -0.0101294 0 0.0028016 -0.0121653 0.0160356 -0.0190096
internal_weight=152.004 124.581 27.4234 103.031 85.2961 17.7347 21.55 17.3352
internal_count=643 524 119 433 358 75 91 76
is_linear=0
shrinkage=0.03


Tree=65
num_leaves=9
num_cat=0
split_feature=34 10 17 2 25 28 25 24
split_gain=5.25808 7.07321 5.16403 7.48493 3.52703 3.35979 3.44237 2.11335
threshold=0.026408176255276809 0.059402996667440318 -0.20154193942145679 0.028788323548597509 0.23035787741670097 4.5000000000000009 0.13672955974842768 0.091590447154471552
decision_type=2 2 2 2 2 2 2 2
left_child=1 2 4 -4 -1 -2 -7 -8
right_child=5 -3 3 -5 -6 6 7 -9
leaf_value=0.021270921109528544 -0.022474903396628165 -0.016501691453467568 -0.0080204904962613739 0.012901962008743061 0.0040155111389390116 0.012315341609735107 -0.020279564552196122 0
leaf_weight=23.597152769565582 10.203436091542242 11.76677882671356 37.035387292504311 23.383511438965797 24.691743776202202 7.2868389040231731 6.9138898104429227 7.7750454097986221
leaf_count=99 46 50 155 97 104 31 30 33
internal_value=0.000597592 0.00358356 0.00615196 0 0.0132565 -0.00969815 -0.00176028 -0.0102807
internal_weight=152.654 120.475 108.708 60.4189 48.2889 32.1792 21.9758 14.6889
internal_count=645 505 455 252 203 140 94 63
is_linear=0
shrinkage=0.03


Tree=66
num_leaves=7
num_cat=0
split_feature=5 19 36 28 37 3
split_gain=5.63894 5.34407 4.75211 3.94337 3.87458 1.49364
threshold=0.18133138799758899 0.21561791375069997 0.0043059570025710094 1.5000000000000002 0.024511736344939309 -0.00057159211034540902
decision_type=2 2 2 2 2 2
left_child=1 2 4 -4 -1 -3
right_child=-2 5 3 -5 -6 -7
leaf_value=0 -0.02029348572910554 0.027234783788441092 -0.011530850283697634 0.0047989089099505708 -0.026641819948111604 0.0041813436662901165
leaf_weight=10.705926969647409 8.7282732427120191 7.032249853014946 13.032261371612547 97.883332937955856 7.8824318647384635 7.2417177706956846
leaf_count=45 37 30 56 414 33 30
internal_value=0.00057236 0.00220299 4.95276e-05 0.00257711 -0.0130891 0.0184119
internal_weight=152.506 143.778 129.504 110.916 18.5884 14.274
internal_count=645 608 548 470 78 60
is_linear=0
shrinkage=0.03


Tree=67
num_leaves=9
num_cat=0
split_feature=34 10 23 12 12 10 23 16
split_gain=4.97861 6.59402 4.92571 4.4459 4.24992 3.2647 3.25992 2.17605
threshold=0.026408176255276809 0.059402996667440318 0.82163398006188526 66.193300885174423 37.241522871774983 -0.00087832218271893792 0.88348536048229043 -10.356142752695929
decision_type=2 2 2 2 2 2 2 2
left_child=1 2 5 6 -4 -1 -2 -8
right_child=3 -3 4 -5 -6 -7 7 -9
leaf_value=-0.020029049008433927 0 -0.015978272223118352 0.019811545182375247 0.0052553544031574331 0.0045450252242751352 0.0023821176541313511 -0.0077618524728800204 -0.035303836053911276
leaf_weight=7.6685727238655117 6.8977061510086086 11.707288801670073 22.745792597532272 10.09174709022045 66.765609949827194 11.462394937872885 8.2483915090560895 6.8350609838962546
leaf_count=33 30 50 96 44 278 48 35 31
internal_value=0.000542665 0.0034507 0.00593092 -0.00949118 0.00893652 -0.0069369 -0.0167606 -0.0237925
internal_weight=152.423 120.35 108.642 32.0729 89.5114 19.131 21.9812 15.0835
internal_count=645 505 455 140 374 81 96 66
is_linear=0
shrinkage=0.03


Tree=68
num_leaves=8
num_cat=0
split_feature=34 11 11 10 19 23 23
split_gain=4.73681 6.39866 9.50473 6.26411 5.35024 5.69462 4.22411
threshold=0.026408176255276809 0.027254858817133413 0.060678537602786305 0.059402996667440318 0.098820209353507049 1.0245678513065803 0.8192257274050907
decision_type=2 2 2 2 2 2 2
left_child=3 -2 -3 4 5 -1 -6
right_child=1 2 -4 -5 6 -7 -8
leaf_value=-0.014342508981518136 -0.02331942333294933 0.02072288687046708 -0.018545611230253927 -0.01561276790080058 -0.0039869063337236686 0.0089269401030810137 0.013450918751639115
leaf_weight=18.761399298906326 13.849518075585367 9.8283686488866824 8.3192403614521009 11.669323697686194 13.046819061040877 14.871871724724768 61.900655969977379
leaf_count=79 62 41 37 50 55 61 260
internal_value=0.000506328 -0.00929079 0.00192287 0.00334527 0.0057639 -0.00370879 0.0101957
internal_weight=152.247 31.9971 18.1476 120.25 108.581 33.6333 74.9475
internal_count=645 140 78 505 455 140 315
is_linear=0
shrinkage=0.03


Tree=69
num_leaves=7
num_cat=0
split_feature=5 20 36 20 36 6
split_gain=5.11832 7.2002 7.84241 4.36441 7.99597 2.72453
threshold=0.18133138799758899 0.037049871744277825 0.0070857620844008195 0.032305318241651219 0.0078519662426283846 -0.0082147004808982137
decision_type=2 2 2 2 2 2
left_child=1 3 -3 4 -1 -5
right_child=-2 2 -4 5 -6 -7
leaf_value=0.0050565320517909776 -0.019484861247917866 -0.0021317231868878414 0.032837714731230427 -0.025932389336939747 -0.018603745005980346 -0.0021476841594030528
leaf_weight=91.715726613998413 8.6473384946584684 8.6102535873651522 11.017901435494421 6.9935628473758724 12.785950213670729 12.233437716960905
leaf_count=388 37 37 47 30 54 52
internal_value=0.000470163 0.00202859 0.0180256 -0.000636219 0.00172582 -0.0131339
internal_weight=152.004 143.357 19.6282 123.729 104.502 19.227
internal_count=645 608 84 524 442 82
is_linear=0
shrinkage=0.03


Tree=70
num_leaves=7
num_cat=0
split_feature=22 22 25 25 40 26
split_gain=6.0352 5.5385 4.35096 7.98237 2.53245 1.57998
threshold=-0.35786134965363675 -0.27650405210792345 0.53055002488800407 0.25204918032786888 0.0052888213755261102 0.12854051927616053
decision_type=2 2 2 2 2 2
left_child=5 -2 3 -3 -4 -1
right_child=1 2 4 -5 -6 -7
leaf_value=-0.00098381680810808608 0.020467959819965662 0.0038829591366578292 0 -0.012931374553188388 0.023264591539844309 -0.020930092020397632
leaf_weight=7.2721783518791225 11.362388670444487 66.833432212471962 7.0584530234336844 37.777475252747536 8.5124443620443326 12.23099762201309
leaf_count=31 48 282 31 160 36 52
internal_value=-0.000135764 0.00214311 0 -0.00217708 0.0139321 -0.0149735
internal_weight=151.047 131.544 120.182 104.611 15.5709 19.5032
internal_count=640 557 509 442 67 83
is_linear=0
shrinkage=0.03


Tree=71
num_leaves=7
num_cat=0
split_feature=25 3 2 17 1 17
split_gain=3.27044 4.94974 5.80715 4.0807 3.89292 2.21446
threshold=0.53055002488800407 0.054927998395768569 0.039101112168593695 0.72890860500867671 0.0045931630876271399 12.569536993611527
decision_type=2 2 2 2 2 2
left_child=1 2 3 -1 -2 -3
right_child=4 5 -4 -5 -6 -7
leaf_value=0.0025274471183823191 -0.00088010552984008278 -0.02373395835974372 0.019777874515235397 -0.009629475779011987 0.022453501245385827 -0.0011443075613012438
leaf_weight=63.747103899717331 11.456177026033403 10.379364788532259 10.444934293627737 37.067183449864388 9.6799679398536664 8.1868178248405439
leaf_count=271 50 44 44 156 41 34
internal_value=-0.000123853 -0.00204329 0.000318828 -0.00189686 0.0101751 -0.0155823
internal_weight=150.962 129.825 111.259 100.814 21.1361 18.5662
internal_count=640 549 471 427 91 78
is_linear=0
shrinkage=0.03


Tree=72
num_leaves=7
num_cat=0
split_feature=25 25 9 1 15 14
split_gain=3.10088 3.8205 4.04424 3.71496 3.65378 0.185816
threshold=0.53055002488800407 0.44407652685798388 0.14242815889815916 0.0045931630876271399 -157.27221124783202 263.32574697705201
decision_type=2 2 2 2 2 2
left_child=1 2 4 -2 -1 -4
right_child=3 -3 5 -5 -6 -7
leaf_value=-0.01519345648384441 -0.00085764941825976551 -0.017587002444137679 -0.0049201215523504193 0.021918234033913339 0.0036429480355613577 -0.019098090992832766
leaf_weight=8.0593008100986463 11.45582075417042 10.788390189409254 7.0983272045850736 9.667894706130026 96.92045646905899 6.8950746655464172
leaf_count=34 50 46 30 41 409 30
internal_value=-0.000116607 -0.00198864 -0.000182828 0.00991187 0.00179965 -0.0143587
internal_weight=150.885 129.762 118.973 21.1237 104.98 13.9934
internal_count=640 549 503 91 443 60
is_linear=0
shrinkage=0.03


Tree=73
num_leaves=6
num_cat=0
split_feature=37 36 36 16 19
split_gain=3.29799 2.68718 3.24776 10.6307 5.08619
threshold=0.069533794908922988 0.0096139401308158283 0.0068839950349469051 -10.994917247836645 0.12561991402748041
decision_type=2 2 2 2 2
left_child=1 2 4 -4 -1
right_child=-2 -3 3 -5 -6
leaf_value=0.006675692412318507 -0.015063185489415784 -0.013350648210635772 0.027568641011046249 -0.0021895714009024388 -0.0072745948856614666
leaf_weight=40.937201634049416 10.383837357163427 8.5247321724891645 15.105870783329008 26.446800425648689 49.413923293352127
leaf_count=171 45 36 64 112 212
internal_value=-0.000131747 0.00106304 0.00229209 0.00905339 -0.000783747
internal_weight=150.812 140.429 131.904 41.5527 90.3511
internal_count=640 595 559 176 383
is_linear=0
shrinkage=0.03


Tree=74
num_leaves=5
num_cat=0
split_feature=37 34 36 34
split_gain=3.13665 3.79653 3.29225 4.72783
threshold=0.069533794908922988 0.037058102974630087 0.0096139401308158283 -0.02588141925849707
decision_type=2 2 2 2
left_child=1 2 3 -1
right_child=-2 -3 -4 -5
leaf_value=0.018399143577934308 -0.014706971982454643 -0.012884160700017721 -0.013047960490014169 0.0015485984091071247
leaf_weight=16.27688555419445 10.365009546279905 13.423486456274984 8.5074744224548322 102.09981533885002
leaf_count=69 45 59 36 431
internal_value=-0.000132203 0.00103064 0.00279621 0.00425737
internal_weight=150.673 140.308 126.884 118.377
internal_count=640 595 536 500
is_linear=0
shrinkage=0.03


Tree=75
num_leaves=9
num_cat=0
split_feature=33 3 6 13 9 11 32 36
split_gain=3.51255 7.8753 4.4509 6.64101 4.394 6.57635 2.81944 2.67651
threshold=0.86320473180563995 0.02739754748854473 0.01180668155575538 0.061224356460634517 0.14002934051294855 0.011000446329181625 0.010349562272877423 0.0059284282506639622
decision_type=2 2 2 2 2 2 2 2
left_child=1 2 3 -1 5 -2 7 -3
right_child=4 6 -4 -5 -6 -7 -8 -9
leaf_value=0.0050867870000794379 -0.0028376348019313246 -0.0066567631079097935 0.019116472860868396 -0.011423267879422511 -0.005275630345036841 0.028455278535069576 -0.00016029687473717431 -0.035919358473364971
leaf_weight=53.586142182350159 8.5257163494825381 7.6571670770645159 8.7521283775567991 33.851674139499664 11.823280885815619 12.285003557801245 7.2759947329759589 7.7405982315540314
leaf_count=229 36 32 37 146 50 52 31 33
internal_value=-0.000411765 -0.00291149 0.000802061 -0.0012499 0.00790232 0.0158529 -0.0180616 -0.0246676
internal_weight=151.498 118.864 96.1899 87.4378 32.634 20.8107 22.6738 15.3978
internal_count=646 508 412 375 138 88 96 65
is_linear=0
shrinkage=0.03


Tree=76
num_leaves=8
num_cat=0
split_feature=22 22 38 38 35 38 31
split_gain=4.03998 4.86545 4.466 6.30646 4.86473 2.37287 0.829482
threshold=-0.35786134965363675 -0.19292342509663082 0.0073727949110872779 0.0084647359644834681 -0.0028213129801106236 0.0091776154504853557 1.0000000180025095e-35
decision_type=2 2 2 2 2 2 2
left_child=6 5 4 -4 -3 -2 -1
right_child=1 2 3 -5 -6 -7 -8
leaf_value=-0.01915152206954478 0.021682500689442399 -0.027553898838111799 0.016849498194042689 -0.0024083885913387484 0 0.0022389180367869488 -0.003180605481999884
leaf_weight=9.0381980091333407 11.778025403618814 9.0551554560661334 17.270280718803406 69.699015378952026 11.754229992628096 13.785818770527838 8.9615211039781553
leaf_count=39 50 40 72 298 50 59 38
internal_value=-0.000409434 0.00135566 -0.00137191 0.00154003 -0.0132674 0.0126646 -0.0130633
internal_weight=151.342 133.343 107.779 86.9693 20.8094 25.5638 17.9997
internal_count=646 569 460 370 90 109 77
is_linear=0
shrinkage=0.03


Tree=77
num_leaves=10
num_cat=0
split_feature=33 3 28 35 9 9 9 32 36
split_gain=3.27267 7.567 4.83856 6.2062 5.84604 4.13561 2.92264 2.68862 2.52105
threshold=0.86320473180563995 0.02739754748854473 5.5000000000000009 0.0077279823886763363 -0.025200242634856967 0.14002934051294855 0.080427363303239921 0.010349562272877423 0.0059284282506639622
decision_type=2 2 2 2 2 2 2 2 2
left_child=1 2 4 -4 -1 6 -2 8 -3
right_child=5 7 3 -5 -6 -7 -8 -9 -10
leaf_value=0.0038920020770349642 0.0033078866854336776 -0.0065563709878243967 -0.0066467397946520174 0.014399337070871482 -0.016573361409717768 -0.0051267946945505825 0.027298789798799256 -0.00015738611948388302 -0.035155445664429699
leaf_weight=23.290797874331474 12.198814392089846 7.6471789479255694 16.804588064551353 34.037934675812721 21.960501343011856 11.808584839105604 8.5280736535787565 7.2712408453226081 7.6907887309789658
leaf_count=99 52 32 72 144 97 50 36 31 33
internal_value=-0.000401705 -0.00281795 0.000818186 0.00717099 -0.00600352 0.00763209 0.0153726 -0.0176923 -0.0241628
internal_weight=151.239 118.703 96.0938 50.8425 45.2513 32.5355 20.7269 22.6092 15.338
internal_count=646 508 412 216 196 138 88 96 65
is_linear=0
shrinkage=0.03


Tree=78
num_leaves=9
num_cat=0
split_feature=22 22 38 38 23 23 38 16
split_gain=3.81042 4.60382 4.22355 5.93813 3.6267 2.55444 2.19221 2.06966
threshold=-0.35786134965363675 -0.19292342509663082 0.0073727949110872779 0.0084647359644834681 1.0999281420677296 1.0423190733216787 0.0091776154504853557 -3.4990224688554803
decision_type=2 2 2 2 2 2 2 2
left_child=7 4 5 -4 6 -3 -2 -1
right_child=1 2 3 -5 -6 -7 -8 -9
leaf_value=0 0.01368722658759469 -0.020015733171457242 0.016348378973032426 -0.0023439197764451442 0.02751824619501585 0 -0.0049969882890454499 -0.019838453724182675
leaf_weight=7.0304833352565792 7.9010800868272844 13.231561735272409 17.253572106361389 69.666945472359657 7.5866726189851752 7.4743977189064017 10.042377337813376 10.919785380363463
leaf_count=30 34 58 72 298 32 32 43 47
internal_value=-0.000401463 0.00131011 -0.00134165 0.00148203 0.0123193 -0.0129421 0.00302569 -0.0127085
internal_weight=151.107 133.157 107.626 86.9205 25.5301 20.706 17.9435 17.9503
internal_count=646 569 460 370 109 90 77 77
is_linear=0
shrinkage=0.03


Tree=79
num_leaves=9
num_cat=0
split_feature=34 19 36 9 3 40 34 1
split_gain=3.78247 4.12236 4.00804 4.33648 3.62105 3.54852 3.11684 0.0647037
threshold=0.026408176255276809 0.098820209353507049 0.0080627815361906854 0.13162227365948154 0.02525046727668168 0.053443122835787234 -0.047862930570297328 -0.01325889896779253
decision_type=2 2 2 2 2 2 2 2
left_child=2 -2 3 4 -1 7 -4 -3
right_child=1 5 6 -5 -6 -7 -8 -9
leaf_value=0.01031847566523335 0.0083242520681230444 -0.0097773711666262249 0.0027768882958020985 -0.012534415885611064 -0.0023254840805084888 0 -0.019809872171512696 -0.027972913343939493
leaf_weight=65.809068217873573 6.8825649172067633 6.8060132861137381 7.3839290738105801 9.6645401120185834 25.748276770114899 9.7063221186399442 10.203957632184027 8.7881871014833468
leaf_count=278 30 30 31 42 108 43 44 40
internal_value=-0.000383008 -0.0092691 0.00201349 0.00444625 0.00662864 -0.0148637 -0.0102462 -0.0228983
internal_weight=150.993 32.1831 118.81 101.222 91.5573 25.3005 17.5879 15.5942
internal_count=646 143 503 428 386 113 75 70
is_linear=0
shrinkage=0.03


Tree=80
num_leaves=11
num_cat=0
split_feature=5 23 33 9 26 12 20 33 35 24
split_gain=4.55748 9.29196 4.05642 4.5749 5.85553 3.10928 3.56518 2.88981 2.48511 2.31826
threshold=-0.0045217826123096208 0.87036142237257896 0.59605956950142669 0.13162227365948154 0.089199614271938302 42.0976420611956 0.029089754655039404 0.1052880847477472 0.038697949653470294 -0.10793010752688172
decision_type=2 2 2 2 2 2 2 2 2 2
left_child=1 -1 9 4 -4 7 -7 -3 -5 -2
right_child=2 5 3 8 -6 6 -8 -9 -10 -11
leaf_value=-0.015987850966823012 -0.024744534008664769 0.013869219223427083 -0.015085118456987822 -0.020282016281901863 0.0093428499438783473 0.028793400289716414 0.00072533626847398342 -0.0032811623842859141 0 -0.0021872897110016931
leaf_weight=12.46601366996765 11.196775928139688 13.071100354194643 9.2192809879779798 12.156763195991518 36.543949767947197 12.289274856448175 7.4312299787998191 17.710920497775078 7.6719638407230368 8.8807905912399274
leaf_count=54 49 55 39 52 155 51 32 75 33 38
internal_value=-0.000816211 0.00510011 -0.00535305 -0.00131601 0.00368204 0.0110019 0.0199479 0.00394575 -0.0128188 -0.0165484
internal_weight=148.638 62.9685 85.6695 65.592 45.7632 50.5025 19.7205 30.782 19.8287 20.0776
internal_count=633 267 366 279 194 213 83 130 85 87
is_linear=0
shrinkage=0.03


Tree=81
num_leaves=8
num_cat=0
split_feature=34 9 23 23 15 5 13
split_gain=4.68533 6.02631 4.61372 3.99444 7.91362 3.47708 2.96301
threshold=0.029179363729959332 0.13162227365948154 1.0075402374705178 0.8751615908120588 79.678706397045303 -0.013110952141630159 0.21804544751424262
decision_type=2 2 2 2 2 2 2
left_child=1 3 -2 4 -1 -5 -3
right_child=2 6 -4 5 -6 -7 -8
leaf_value=-0.01573729078471537 -0.023107774017041352 0 0.0022799179040514216 0.013709143285777416 0.016548579702001024 0.0010370635180019868 -0.025032264699535282
leaf_weight=19.084955930709842 13.291743576526644 8.8668141961097735 8.8707030266523343 39.368827998638153 7.8929659873247138 42.818648651242256 8.2579620629549009
leaf_count=82 60 38 38 166 33 180 36
internal_value=-0.000806006 0.00138209 -0.0129777 0.00414252 -0.00528352 0.0074668 -0.0140236
internal_weight=148.453 126.29 22.1624 109.165 26.9779 82.1875 17.1248
internal_count=633 535 98 461 115 346 74
is_linear=0
shrinkage=0.03


Tree=82
num_leaves=10
num_cat=0
split_feature=3 23 36 36 21 3 34 21 5
split_gain=4.95574 7.46592 7.11526 6.63247 5.47084 5.2039 4.99574 3.18872 2.41011
threshold=0.054927998395768569 1.057257029775662 0.0054895877658701023 0.0055425896490444498 0.019814311243200305 -0.0027469434191147442 0.013276032573992127 0.025564501153596712 -0.034720622085946055
decision_type=2 2 2 2 2 2 2 2 2
left_child=1 2 6 -2 8 -4 -1 -6 -3
right_child=3 4 5 -5 7 -7 -8 -9 -10
leaf_value=-0.003220235582881272 0.0053243198933633799 0.0043397213049298101 0.012911128353822021 -0.026565286432031408 -0.013316868752604029 -0.00531522733823002 -0.026296615380034225 0.010237284902966546 0.02778974250777717
leaf_weight=23.278024986386299 7.9144717007875469 8.5120189636945742 25.543840080499649 12.180296093225477 7.9893750101327923 25.848854020237923 13.87720365822315 8.533671170473097 14.584315672516821
leaf_count=98 33 35 108 52 34 110 64 38 61
internal_value=-0.000791501 0.00134429 -0.00338295 -0.0139814 0.0119248 0.00360722 -0.0131251 -0.00055018 0.0207797
internal_weight=148.262 128.167 88.5479 20.0948 39.6194 51.3927 37.1552 16.523 23.0963
internal_count=633 548 380 85 168 218 162 72 96
is_linear=0
shrinkage=0.03


Tree=83
num_leaves=10
num_cat=0
split_feature=5 23 38 35 10 12 24 21 36
split_gain=3.98311 8.32289 3.16492 3.64974 3.55471 2.96854 2.72748 2.21975 2.2098
threshold=-0.0045217826123096208 0.87036142237257896 0.01310352723478952 -0.03890833601099785 -0.005406572612347115 42.0976420611956 -0.24309054817529394 0.024303447593452456 0.0048146880519967508
decision_type=2 2 2 2 2 2 2 2 2
left_child=1 -1 4 -4 -2 8 -6 -7 -3
right_child=2 5 3 -5 6 7 -8 -9 -10
leaf_value=-0.0152500994883632 -0.019751598112196546 -0.0076350180837424586 0 -0.029925603821894926 -0.0084276409147678883 0.025840468496480671 0.0045017802206316635 0.0019265798197461523 0.0085524140989469959
leaf_weight=12.372053697705267 6.9311830401420584 8.3835602849721926 7.3040421307086945 6.9913598895072919 19.27569891512394 12.75925397872925 44.75780276954174 6.9169125258922568 22.323158249258995
leaf_count=54 30 35 31 31 83 53 191 30 95
internal_value=-0.000771959 0.00475845 -0.00503023 -0.0171044 -0.00199022 0.0103528 0.00024517 0.0190793 0.00347767
internal_weight=148.015 62.7549 85.2601 14.2954 70.9647 50.3829 64.0335 19.6762 30.7067
internal_count=633 267 366 62 304 213 274 83 130
is_linear=0
shrinkage=0.03


Tree=84
num_leaves=10
num_cat=0
split_feature=3 23 34 21 24 23 21 28 5
split_gain=4.71384 6.95822 5.85421 5.16057 3.87583 3.25232 3.02659 2.47839 2.30898
threshold=0.054927998395768569 1.057257029775662 0.029179363729959332 0.019814311243200305 0.16588050314465411 0.8751615908120588 0.025564501153596712 7.5000000000000009 -0.034720622085946055
decision_type=2 2 2 2 2 2 2 2 2
left_child=1 2 5 8 -2 -1 -5 -4 -3
right_child=4 3 7 6 -6 -7 -8 -9 -10
leaf_value=-0.0070703165025459555 2.6529983754871821e-05 0.0040896758469159975 -0.029581848440458306 -0.01301927447343222 -0.024029381142288062 0.0053822270426052074 0.0099475511658075506 -0.0021812763458691872 0.027032403359844897
leaf_weight=29.751278221607208 8.8764501512050646 8.5143454819917697 7.6115242242813093 7.97401896119118 11.15288460254669 44.295156791806221 8.5015291720628721 6.6656061410903931 14.522297441959379
leaf_count=128 38 35 36 34 47 187 38 29 61
internal_value=-0.000767815 0.00131473 -0.00324997 0.0115447 -0.013653 0.000127284 -0.000562364 -0.0195507 0.020156
internal_weight=147.865 127.836 88.3236 39.5122 20.0293 74.0464 16.4755 14.2771 23.0366
internal_count=633 548 380 168 85 315 72 65 96
is_linear=0
shrinkage=0.03


Tree=85
num_leaves=8
num_cat=0
split_feature=34 14 11 33 21 11 19
split_gain=5.41033 9.34502 5.2233 5.49967 4.94696 3.68698 0.788867
threshold=0.026408176255276809 223.59497621272706 0.025393418056338771 0.50755744781576839 0.012526333892721465 0.0056579344042724253 0.12078520018405536
decision_type=2 2 2 2 2 2 2
left_child=1 4 6 -4 -1 -6 -2
right_child=2 -3 3 -5 5 -7 -8
leaf_value=-0.010684916768325555 -0.0076355763253853383 -0.021432327895729381 -0.016552465326819425 0.014012099026928666 0.0019639597700129314 0.01433510707140173 -0.029640757811359345
leaf_weight=10.871997147798536 6.6917313039302844 9.8176979869604093 7.1216040104627636 10.503111749887465 43.864784374833107 50.039811462163925 7.3620574921369553
leaf_count=46 31 43 32 45 185 214 34
internal_value=0.000543598 0.0036902 -0.00993676 0.000469296 0.00654204 0.00887416 -0.0223539
internal_weight=146.273 114.594 31.6785 17.6247 104.777 93.9046 14.0538
internal_count=630 488 142 77 445 399 65
is_linear=0
shrinkage=0.03


Tree=86
num_leaves=10
num_cat=0
split_feature=34 9 20 2 9 5 19 2 10
split_gain=5.15951 9.61685 5.94951 4.5395 4.1629 2.89236 2.22642 2.0455 0.695885
threshold=0.026408176255276809 0.13162227365948154 0.02035602028849141 0.0097511869770806631 -0.10088110944876331 0.038845463951709187 0.12131732691136977 0.0092857224537532552 0.066350385896099109
decision_type=2 2 2 2 2 2 2 2 2
left_child=1 2 3 -1 -4 6 -2 -7 -3
right_child=5 8 4 -5 -6 7 -8 -9 -10
leaf_value=0.0031385865703669083 -0.003027785201576965 -0.005653717701539703 -0.0062709109866345269 -0.023155775413167948 0.013304655406659982 0.0090338425358156595 -0.028068928111737532 -0.01015555475048951 -0.024588281976858622
leaf_weight=13.787232533097269 7.8132742047309893 7.367900073528288 8.9876680076122266 7.0439465045928946 70.355453118681908 8.1490518152713758 7.7881800681352615 7.8189465105533591 6.9468562006950378
leaf_count=58 34 32 39 30 298 37 37 34 31
internal_value=0.000496103 0.00357064 0.00703593 -0.00634527 0.0108031 -0.00975554 -0.0181494 0 -0.0176497
internal_weight=146.059 114.489 100.174 20.8312 79.3431 31.5695 15.6015 15.968 14.3148
internal_count=630 488 425 88 337 142 71 71 63
is_linear=0
shrinkage=0.03


Tree=87
num_leaves=7
num_cat=0
split_feature=14 16 38 16 14 36
split_gain=4.05234 4.45481 5.06123 9.04648 5.38523 3.74143
threshold=250.12190396831105 35.412722046084603 0.01176471306364428 -7.1189755979761786 56.503486486353957 0.0048604677153680298
decision_type=2 2 2 2 2 2
left_child=1 2 4 -4 -1 -3
right_child=-2 5 3 -5 -6 -7
leaf_value=-0.0091104636240063805 -0.016365899275025648 0.026689822222800055 0.022488420552309592 -0.0098225150325091052 0.006296733221604572 0.00064767058643004681
leaf_weight=59.410832479596138 9.7307015508413297 9.0828985273838061 17.89852558076382 10.569759979844092 27.756373837590218 11.435767635703085
leaf_count=256 43 38 78 46 120 49
internal_value=0.000435647 0.00196454 -0.000281322 0.0101423 -0.00400498 0.0141883
internal_weight=145.885 136.154 115.635 28.4683 87.1672 20.5187
internal_count=630 587 500 124 376 87
is_linear=0
shrinkage=0.03


end of trees

feature_importances:
ma_20_60_cross=58
volatility=50
macro_usdjpy_ret_20=50
macro_usdjpy_vol_20=48
vol_ratio=41
month=34
return_20d=29
return_5d=28
macd_signal=28
macro_usdjpy_ret_60=28
macro_topix_vol_20=28
div_ma_60=25
atr_pct=24
macd_hist=21
upper_shadow_pct=20
bb_bandwidth=17
ma_5_20_cross=16
vol_change=15
price_position_20d=15
return_3d=14
candle_body_pct=12
return_2d=11
gap=11
macd_hist_change=10
bb_pct_b=10
rsi_change=9
macd=9
macro_topix_ret_20=9
rsi=8
lower_shadow_pct=8
macro_nikkei_ret_20=8
return_10d=6
div_ma_20=6
div_ma_5=4
div_ma_10=4
streak=3
macro_topix_above_200dma=3
return_1d=2

parameters:
[boosting: gbdt]
[objective: binary]
[metric: binary_logloss]
[tree_learner: serial]
[device_type: cpu]
[data_sample_strategy: bagging]
[data: ]
[valid: ]
[num_iterations: 88]
[learning_rate: 0.03]
[num_leaves: 15]
[num_threads: 0]
[seed: 42]
[deterministic: 0]
[force_col_wise: 0]
[force_row_wise: 0]
[histogram_pool_size: -1]
[max_depth: 4]
[min_data_in_leaf: 30]
[min_sum_hessian_in_leaf: 0.001]
[bagging_fraction: 0.7]
[pos_bagging_fraction: 1]
[neg_bagging_fraction: 1]
[bagging_freq: 5]
[bagging_seed: 400]
[bagging_by_query: 0]
[feature_fraction: 0.6]
[feature_fraction_bynode: 1]
[feature_fraction_seed: 30056]
[extra_trees: 0]
[extra_seed: 12879]
[early_stopping_round: 0]
[early_stopping_min_delta: 0]
[first_metric_only: 0]
[max_delta_step: 0]
[lambda_l1: 0.5]
[lambda_l2: 2]
[linear_lambda: 0]
[min_gain_to_split: 0]
[drop_rate: 0.1]
[max_drop: 50]
[skip_drop: 0.5]
[xgboost_dart_mode: 0]
[uniform_drop: 0]
[drop_seed: 17869]
[top_rate: 0.2]
[other_rate: 0.1]
[min_data_per_group: 100]
[max_cat_threshold: 32]
[cat_l2: 10]
[cat_smooth: 10]
[max_cat_to_onehot: 4]
[top_k: 20]
[monotone_constraints: ]
[monotone_constraints_method: basic]
[monotone_penalty: 0]
[feature_contri: ]
[forcedsplits_filename: ]
[refit_decay_rate: 0.9]
[cegb_tradeoff: 1]
[cegb_penalty_split: 0]
[cegb_penalty_feature_lazy: ]
[cegb_penalty_feature_coupled: ]
[path_smooth: 0]
[interaction_constraints: ]
[verbosity: -1]
[saved_feature_importance_type: 0]
[use_quantized_grad: 0]
[num_grad_quant_bins: 4]
[quant_train_renew_leaf: 0]
[stochastic_rounding: 1]
[linear_tree: 0]
[max_bin: 255]
[max_bin_by_feature: ]
[min_data_in_bin: 5]
[bin_construct_sample_cnt: 200000]
[data_random_seed: 175]
[is_enable_sparse: 1]
[enable_bundle: 1]
[use_missing: 1]
[zero_as_missing: 0]
[feature_pre_filter: 1]
[pre_partition: 0]
[two_round: 0]
[header: 0]
[label_column: ]
[weight_column: ]
[group_column: ]
[ignore_column: ]
[categorical_feature: ]
[forcedbins_filename: ]
[precise_float_parser: 0]
[parser_config_file: ]
[objective_seed: 16083]
[num_class: 1]
[is_unbalance: 0]
[scale_pos_weight: 1]
[sigmoid: 1]
[boost_from_average: 1]
[reg_sqrt: 0]
[alpha: 0.9]
[fair_c: 1]
[poisson_max_delta_step: 0.7]
[tweedie_variance_power: 1.5]
[lambdarank_truncation_level: 30]
[lambdarank_norm: 1]
[label_gain: ]
[lambdarank_position_bias_regularization: 0]
[eval_at: ]
[multi_error_top_k: 1]
[auc_mu_weights: ]
[num_machines: 1]
[local_listen_port: 12400]
[time_out: 120]
[machine_list_filename: ]
[machines: ]
[gpu_platform_id: -1]
[gpu_device_id: -1]
[gpu_use_dp: 0]
[num_gpu: 1]

end of parameters

pandas_categorical:[]
