{
  "feature_cols": [
    "return_1d",
    "return_2d",
    "return_3d",
    "return_5d",
    "return_10d",
    "return_20d",
    "div_ma_5",
    "div_ma_10",
    "div_ma_20",
    "div_ma_60",
    "ma_5_20_cross",
    "ma_20_60_cross",
    "rsi",
    "rsi_change",
    "macd",
    "macd_signal",
    "macd_hist",
    "macd_hist_change",
    "bb_pct_b",
    "bb_bandwidth",
    "atr_pct",
    "volatility",
    "vol_change",
    "vol_ratio",
    "candle_body_pct",
    "upper_shadow_pct",
    "lower_shadow_pct",
    "day_of_week",
    "month",
    "is_month_end",
    "is_month_start",
    "streak",
    "gap",
    "price_position_20d",
    "macro_usdjpy_ret_20",
    "macro_usdjpy_ret_60",
    "macro_usdjpy_vol_20",
    "macro_topix_ret_20",
    "macro_topix_vol_20",
    "macro_topix_above_200dma",
    "macro_nikkei_ret_20",
    "macro_nikkei_above_200dma",
    "macro_nikkei_vi",
    "macro_jgb10y",
    "macro_bias_score"
  ],
  "avg_up_ret": 0.03347995584157835,
  "avg_dn_ret": -0.019796460603162206,
  "n_bins": 10,
  "psi_ref_rows": 250,
  "psi": {
    "return_1d": {
      "edges": [
        -0.13891145410235584,
        -0.02734883406674564,
        -0.015613779690386066,
        -0.009656611128447248,
        -0.004513990749533625,
        0.0003669907243485371,
        0.0040221611616601234,
        0.008661056375674875,
        0.016832734172346566,
        0.030100111762063394,
        0.08998013057053655
      ],
      "ref_props": [
        0.1,
        0.1,
        0.1,
        0.1,
        0.1,
        0.1,
        0.1,
        0.1,
        0.1,
        0.1
      ]
    },
    "return_2d": {
      "edges": [
        -0.1686274509803921,
        -0.041043885632369555,
        -0.024787054361436155,
        -0.015567573494010398,
        -0.007087117414060584,
        0.0011523059387692491,
        0.0072310906576290345,
        0.016972214983404645,
        0.0257740644625891,
        0.039092289501210124,
        0.13007651559741018
      ],
      "ref_props": [
        0.1,
        0.1,
        0.1,
        0.1,
        0.1,
        0.1,
        0.1,
        0.1,
        0.1,
        0.1
      ]
    },
    "return_3d": {
      "edges": [
        -0.196078431372549,
        -0.0469473381262485,
        -0.029823451454790924,
        -0.020034087811935646,
        -0.008081175075557123,
        0.00025920165889059543,
        0.010378670969200667,
        0.02088322737081095,
        0.03360018899708286,
        0.055495298935378766,
        0.1312536786344909
      ],
      "ref_props": [
        0.1,
        0.1,
        0.1,
        0.1,
        0.1,
        0.1,
        0.1,
        0.1,
        0.1,
        0.1
      ]
    },
    "return_5d": {
      "edges": [
        -0.1849986747945932,
        -0.06070372792674946,
        -0.03542798566270382,
        -0.02226003688824884,
        -0.008868608427842808,
        0.002754939196644157,
        0.014025656829253963,
        0.025094057285453133,
        0.04086971672764956,
        0.06670379206584591,
        0.15538552089464397
      ],
      "ref_props": [
        0.1,
        0.1,
        0.1,
        0.1,
        0.1,
        0.1,
        0.1,
        0.1,
        0.1,
        0.1
      ]
    },
    "return_10d": {
      "edges": [
        -0.16708167330677293,
        -0.09296986702429173,
        -0.057339066769488085,
        -0.01855964110942827,
        -0.0021306502095939693,
        0.013356657770756453,
        0.02962958063418182,
        0.04087328468571983,
        0.054837439401197896,
        0.08594274402862068,
        0.16083707025411065
      ],
      "ref_props": [
        0.1,
        0.1,
        0.1,
        0.1,
        0.1,
        0.1,
        0.1,
        0.1,
        0.1,
        0.1
      ]
    },
    "return_20d": {
      "edges": [
        -0.24360730593607305,
        -0.11259359412814016,
        -0.06554115651790068,
        -0.037112276070890446,
        0.00016703786191536689,
        0.015488883103050077,
        0.03163133409812829,
        0.04823572660029223,
        0.07782846371347785,
        0.1060950375751176,
        0.22556872797180394
      ],
      "ref_props": [
        0.1,
        0.1,
        0.1,
        0.1,
        0.1,
        0.1,
        0.1,
        0.1,
        0.1,
        0.1
      ]
    },
    "div_ma_5": {
      "edges": [
        -0.1247867011614466,
        -0.030578164270916953,
        -0.01853160747072168,
        -0.010367573054322796,
        -0.004477852569236862,
        -0.0005018709282804231,
        0.004626507486386788,
        0.012250190813819041,
        0.019919659743609822,
        0.03187357365546091,
        0.08523626497852134
      ],
      "ref_props": [
        0.1,
        0.1,
        0.1,
        0.1,
        0.1,
        0.1,
        0.1,
        0.1,
        0.1,
        0.1
      ]
    },
    "div_ma_10": {
      "edges": [
        -0.15813393199364834,
        -0.045888610965214495,
        -0.02652882685684532,
        -0.013664229268677643,
        -0.002686824182174783,
        0.003928578638701037,
        0.009472066095580843,
        0.017566491004670153,
        0.028248159200713868,
        0.04914721871478882,
        0.08697477815413034
      ],
      "ref_props": [
        0.1,
        0.1,
        0.1,
        0.1,
        0.1,
        0.1,
        0.1,
        0.1,
        0.1,
        0.1
      ]
    },
    "div_ma_20": {
      "edges": [
        -0.16162664169850946,
        -0.06878368873687107,
        -0.04601222288247566,
        -0.01957660591662669,
        -0.0035109345456310202,
        0.008896559627787093,
        0.018686099529540232,
        0.030140552951580014,
        0.04137534405445365,
        0.05826813335770399,
        0.13660978251324526
      ],
      "ref_props": [
        0.1,
        0.1,
        0.1,
        0.1,
        0.1,
        0.1,
        0.1,
        0.1,
        0.1,
        0.1
      ]
    },
    "div_ma_60": {
      "edges": [
        -0.20463184513568236,
        -0.12362156776579773,
        -0.05598910025837693,
        -0.025251725795197,
        0.02128768266431586,
        0.04310532227375709,
        0.05341442521759772,
        0.06386329234968527,
        0.07565250922510386,
        0.10017901961375371,
        0.14964216882084183
      ],
      "ref_props": [
        0.1,
        0.1,
        0.1,
        0.1,
        0.1,
        0.1,
        0.1,
        0.1,
        0.1,
        0.1
      ]
    },
    "ma_5_20_cross": {
      "edges": [
        -0.09900964497194431,
        -0.055393156156170825,
        -0.03591579454149909,
        -0.01326590346978524,
        -0.0017285203992520185,
        0.008818007160136587,
        0.018550380411964308,
        0.02305154596567276,
        0.030045495076303344,
        0.04734879585535099,
        0.10165134416801003
      ],
      "ref_props": [
        0.1,
        0.1,
        0.1,
        0.1,
        0.1,
        0.1,
        0.1,
        0.1,
        0.1,
        0.1
      ]
    },
    "ma_20_60_cross": {
      "edges": [
        -0.11791142756148054,
        -0.09876568677811477,
        -0.02528749093915878,
        -0.007270741911279352,
        0.009879597348411066,
        0.03274411513761233,
        0.03903284486139862,
        0.04420609342778199,
        0.0501628850619523,
        0.06473510266788914,
        0.07999430157339882
      ],
      "ref_props": [
        0.1,
        0.1,
        0.1,
        0.1,
        0.1,
        0.1,
        0.1,
        0.1,
        0.1,
        0.1
      ]
    },
    "rsi": {
      "edges": [
        14.786967418546368,
        34.33258933986753,
        37.82669789227165,
        43.706175254523636,
        49.30260342930964,
        53.97518901339642,
        57.166617116160545,
        61.48110316649643,
        65.90395177590652,
        69.43696076862781,
        81.2753036437247
      ],