tree
version=v4
num_class=1
num_tree_per_iteration=1
label_index=0
max_feature_idx=27
objective=lambdarank
feature_names=cs_z_return_5d cs_rank_return_5d cs_z_return_20d cs_rank_return_20d cs_z_rsi cs_rank_rsi cs_z_macd_hist cs_rank_macd_hist cs_z_atr_pct cs_rank_atr_pct cs_z_vol_ratio cs_rank_vol_ratio cs_z_adv20 cs_rank_adv20 sect_rank_return_20d sect_rank_return_5d cs_rank_turnover macro_usdjpy_ret_20 macro_usdjpy_ret_60 macro_usdjpy_vol_20 macro_topix_ret_20 macro_topix_vol_20 macro_topix_above_200dma macro_nikkei_ret_20 macro_nikkei_above_200dma macro_nikkei_vi macro_jgb10y macro_bias_score
feature_infos=[-4.7551323137194856:5.6693796074833829] [0.02:1] [-4.1006490794274049:5.6197219690742584] [0.02:1] [-3.9142289441629594:3.7437414664998956] [0.02:1] [-6.7616790512785521:6.8587759403555983] [0.02:1] [-2.4704426742689138:4.8615346707584655] [0.02:1] [-3.4496466687570959:5.6970186999681101] [0.02:1] [-1.2689251838135955:5.773020409373423] [0.02:1] [0.14285714285714285:1] [0.14285714285714285:1] [0.02:1] [-0.10288784967882303:0.08505611680078462] [-0.13986255140503889:0.13574526940690168] [0.0013477040299661059:0.011841457708833433] [-0.21871130063915301:0.21255327098343968] [0.0039190589040052201:0.040640984327119545] [0:1] [-0.22859537662338159:0.23022297972565586] [0:1] none none none
tree_sizes=1783 1666 1764 1777 1763 1765 1759 1772 1765 1756 1787 1743 1763 1745 1765 1772 1788 1768 1790 1755 1779 1541 1788 1750 1779 1740 1778 1768 1771 1782 1554 1547 1750 1761 1751 1753 1764 1786 1761 1533 1796 1631 1789 1774 1783 1551 1758 1773 1744 1656 1535 1520 1604 1618 1768 1787 1789 1788 1799 1650 1791 1790 1792 1767 1786 1773 1787 1782 1745 1761 1750 1760 1563 1557 1765 1776 1738 1752 1728 1742 1733 1767 1551 1803 1755 1781 1747 1763 1787 1766 1785 1734 1771 1772 1775 1777 1742 1793 1627 1781 1787 1793 1778 1555 1789 1416 1750 1788 1437 1424 1761 1780 1786 1731 1742 1649 1779 1757 1773 1801 1633 1534 1524 1504 1420 1779 1749 1725 1658 1780 1727 1763 1755 1780 1763 1773 1776 1794 1778 1765 1537 1800 1702 1792 1664 1783 1731 1797 1784 1747 1785 1758 1782 1808 1750 1797 1772 1774 1724 1755 1730 1737 1770 1724 1311 1663 1548 1649 1786 1754 1770 1750 1110 1226 1745 1773 1773 1662 1452 1766 1774 1589 1736 1760 1782 1795 1654 1675 1639 1787 1758 1291 1316 1748 1295 1637 1772 1734 1753 1783 1715 1621 1640 1740 1494 1766 1772 1755 1730 1763 1269 1295 1779 1393 1401 1734 1542 1747 1557 1666 1413 1731 1797 1427 1348 1423 1755 1791 1766 1778 1634 1400 1419 1639 1764 1413 1754 1432 1396 1421 1502 1765 1736 1733 1789 1641 1757 1756 1635 1752 1326 1748 1746 1335 1299 1545 1737 1413 1755 1413 1781 1632 1798 1657 1442 1433 1523 1447 1761 1784 1775 1422 1281 1406 1418 1418 1795 1758 1755 1386 1790 1447 1422 1654 1800 1540 1769 1746 1770 1737 1775 1746 1763 1327 1716 1353 1425 1316 1436 1776

Tree=0
num_leaves=15
num_cat=0
split_feature=9 18 18 9 9 18 9 13 1 13 13 18 19 9
split_gain=12.9636 8.23402 7.26781 4.18507 3.28556 2.83042 3.68384 2.23959 2.11111 1.73827 1.32487 1.1416 0.779025 0.382142
threshold=0.43428571428571433 -0.083170437402188976 -0.083170437402188976 0.94777777777777794 0.25244897959183682 -0.041130263664578996 0.26265306122448989 0.71714285714285719 0.48444444444444451 0.1918367346938776 0.28730158730158734 -0.042158007341817121 0.011097171205597228 0.53197278911564638
decision_type=2 2 2 2 2 2 2 2 2 2 2 2 2 2
left_child=1 4 9 8 12 6 -3 -7 -4 -2 -6 -5 -1 -11
right_child=2 5 3 11 10 7 -8 -9 -10 13 -12 -13 -14 -15
leaf_value=-0.029467686510641761 -0.0015531013386633338 0.0090704294081819462 0.0032246998116941066 -0.0016754564805403465 -0.010702992108398139 -0.0035270889867654786 -0.0064899983891416532 0.0019042584060214272 -0.00019979836969810801 0.0025843752165773961 0.0063461756904626028 0.010590685069318692 -0.002077463984698766 0.021434016845062114
leaf_weight=13.535340226721024 2.1783866249024895 40.098098871763796 317.80918963672593 4.7939483532682052 8.2161768400110287 483.04079543612897 17.494804380461574 74.428404764272273 312.34579723002389 3.5943641662597683 4.0295452680438748 60.727060787379742 2.6337514761835328 22.036233520600945
leaf_count=332 77 846 10416 198 147 12829 528 2871 10728 160 191 2286 75 790
internal_value=0.000194433 -0.00288688 0.00295607 0.00230253 -0.0181982 -0.00209852 0.00403281 -0.00277092 0.00150831 0.0175505 -0.00393656 0.00944802 -0.0265515 0.0197119
internal_weight=1366.96 643.477 723.485 695.676 28.4148 615.062 57.5929 557.469 630.155 27.809 12.2457 65.521 16.1691 25.6306
internal_count=42474 17819 24655 23628 745 17074 1374 15700 21144 1027 338 2484 407 950
is_linear=0
shrinkage=0.03


Tree=1
num_leaves=14
num_cat=0
split_feature=8 14 10 20 8 0 20 16 16 19 20 19 7
split_gain=79.1572 18.2739 12.1866 13.8723 11.8908 11.8456 16.1026 11.6448 8.30926 7.68201 7.03664 6.68683 6.2449
threshold=1.9446701988177606 0.79166666666666685 2.9060577463099126 0.045805618025802082 -0.10546852899837654 1.2001941897706818 -0.025763520717380081 0.93938775510204098 0.042630385487528351 0.0033704395407649491 -0.13574177693968723 0.0097520112825253639 0.87877551020408173
decision_type=2 2 2 2 2 2 2 2 2 2 2 2 2
left_child=4 2 3 -2 8 6 -3 -7 11 -10 -6 -1 -12
right_child=1 5 -4 -5 10 7 -8 -9 9 -11 12 -13 -14
leaf_value=0.0063021817147838567 0.0032441377404952929 -0.010401046404630406 -0.018263872996897853 0.018545508796773334 0.027834825260576738 0.015259296620632537 0.022140802743482783 -0.0052509497048714923 0.0011078963397272411 -0.0055059993014747281 0.00030704436520770118 -0.027201824385284856 -0.0046474091449610162
leaf_weight=92.553019834682345 282.41698637232184 13.049848413094876 17.068932931870222 65.343102812767029 5.9401245843619099 54.549570851027966 172.79152037017047 41.70689819380641 177.86386807821691 1165.8837141059339 1477.0920208152384 3.5902403369545928 268.15335369482636
leaf_count=1133 871 62 52 177 79 157 549 164 2815 17851 15224 34 3306
internal_value=-3.96883e-05 0.00950835 0.00497051 0.00625171 -0.0019848 0.0152479 0.0196894 0.00629377 -0.00400326 -0.00461907 -0.000313917 0.00436938 -0.000450061
internal_weight=3838 646.927 364.829 347.76 3191.08 282.098 185.841 96.2565 1439.89 1343.75 1751.19 96.1433 1745.25
internal_count=42474 2032 1100 1048 40442 932 611 321 21833 20666 18609 1167 18530
is_linear=0
shrinkage=0.03


Tree=2
num_leaves=15
num_cat=0
split_feature=8 8 8 4 13 5 12 18 15 23 7 8 7 4
split_gain=67.2286 20.431 14.568 13.0829 10.5889 8.63927 8.24898 6.50702 6.30389 6.06152 5.32682 7.84416 4.6164 0.261443
threshold=2.0104162462757071 3.1148300177910131 -0.11397137635563835 1.7169632011275979 0.042630385487528351 0.075000000000000025 -0.080531040732315221 -0.083170437402188976 0.53571428571428581 0.073595426620553309 0.84222222222222232 0.99658654899161692 0.24222222222222226 2.1940481505632143
decision_type=2 2 2 2 2 2 2 2 2 2 2 2 2 2
left_child=2 3 4 6 9 -3 -2 -6 -7 -1 12 -12 -4 -5
right_child=1 5 10 13 7 8 -8 -9 -10 -11 11 -13 -14 -15
leaf_value=0.0012958672163597368 0.012529329532924365 -0.0045021784234517684 -0.0012432067879435569 0.032985032173993623 -0.018769915431618763 0.03161195151395698 0.0026516215416481272 -0.0045794241789337987 0.014861275687576165 0.020218372722867167 -0.0078448243307996293 0.0027149553516882972 0.0020451426331556961 0.013649821997421081
leaf_weight=89.501629404723644 103.0830244962126 9.2725508250296098 657.42377612739801 14.199433974921705 28.852170253172517 49.689437750726938 304.38440929539502 1174.4654622860253 52.703261977061629 17.021789008751512 167.81830497086048 96.971450103446841 908.70732967928052 8.8849992789328081
leaf_count=1039 333 40 5715 45 832 142 1082 19655 174 145 2799 980 9459 34
internal_value=-5.04923e-05 0.00968026 -0.00174026 0.00660488 -0.0041533 0.0210813 0.00523616 -0.0049627 0.0235837 0.00477467 -3.14549e-06 -0.00393003 0.000655383 0.0278227
internal_weight=3682.98 542.217 3140.76 430.552 1309.84 111.665 407.467 1203.32 102.393 106.523 1830.92 264.79 1566.13 23.0844
internal_count=42474 1850 40624 1494 21671 356 1415 20487 316 1184 18953 3779 15174 79
is_linear=0
shrinkage=0.03


Tree=3
num_leaves=15
num_cat=0
split_feature=9 9 21 12 12 3 18 12 9 12 12 12 12 3
split_gain=56.3619 14.846 13.1631 15.4808 8.14039 7.954 7.65802 6.97335 5.91195 7.71707 5.56173 5.52026 11.3098 7.13328
threshold=0.76775510204081643 0.97979591836734703 0.0098764145225717342 0.69084971614347201 -0.74605001347072897 0.47469387755102049 0.032624410443324543 -0.79096777724981771 0.50510204081632659 -0.022370621730122709 -0.77095811391114022 -0.60676718832207632 -0.65231527918389376 0.9900000000000001
decision_type=2 2 2 2 2 2 2 2 2 2 2 2 2 2
left_child=4 11 5 -4 6 -3 7 -1 9 -6 -8 12 -2 -13
right_child=1 2 3 -5 8 -7 10 -9 -10 -11 -12 13 -14 -15
leaf_value=0.0092125324304910324 0.0025319109344708467 0.0067252071448864669 0.010919317297443628 -0.0042958214719203526 -0.0071962704982466152 0.01823809516795007 -0.0065633759613520897 -0.0032139494482303138 -0.0021128417460951998 -0.0010074044089027295 0.0094810857275574902 0.00070026766049086607 0.023412827103661209 0.013556606164869452
leaf_weight=125.49623931385577 90.27462843991816 98.814129227772355 124.14383825100958 111.7880718447268 696.33433580212295 145.6600268855691 118.62601511739194 56.237773941829801 884.74652717635036 253.92308985441923 20.697516616433859 759.01467679999769 30.818841136991978 39.232645977288485
leaf_count=1414 810 345 420 441 13482 508 1565 802 10231 4503 295 7090 254 314
internal_value=-9.34216e-05 0.00458608 0.00886105 0.0036716 -0.00313981 0.0137379 0.0012254 0.00529238 -0.00391223 -0.00556385 -0.00397327 0.00232151 0.00826212 0.00138318
internal_weight=3555.81 1399.75 480.406 235.932 2156.06 244.474 321.058 181.734 1835 950.257 139.324 919.341 121.093 798.247
internal_count=42474 10182 1714 861 32292 853 4076 2216 28216 17985 1860 8468 1064 7404
is_linear=0
shrinkage=0.03


Tree=4
num_leaves=15
num_cat=0
split_feature=3 0 20 17 18 3 20 11 1 1 16 0 12 11
split_gain=13.1372 13.1019 6.95347 7.00393 7.16139 5.96343 7.01259 5.36083 6.49057 5.13954 8.00972 5.6833 4.16995 1.53706
threshold=0.9900000000000001 -1.3522979463385456 0.038856563255822658 0.025863559082524138 -0.01026312196770973 0.85857142857142865 0.0013680905759047015 0.82111111111111124 0.30806122448979595 0.48444444444444451 0.042630385487528351 0.60029025026707805 3.7314656802937525 0.21204081632653063
decision_type=2 2 2 2 2 2 2 2 2 2 2 2 2 2
left_child=1 5 7 4 -4 6 -1 8 -2 10 -3 -11 -9 -7
right_child=2 9 3 -5 -6 13 -8 12 -10 11 -12 -13 -14 -15
leaf_value=0.0092026859897156015 -0.0025264066929938599 0.0085883872360932503 0.01123685269038815 0.01639509447883887 -0.019701896137518271 0.0017837367084907309 0.00026255672360504421 -0.004775294139011105 0.021369283156891402 -0.0039849063805352768 -0.00029527262880677218 -0.00028387444960096137 0.020370907210513673 0.022747804625164403
leaf_weight=132.34352569654584 10.47843040153384 95.898663213476539 7.7314662188291576 11.126976963132618 18.783902905881405 6.0285919830203083 200.64745679497719 21.067100346088413 59.828642832115293 777.24189886078238 1337.2005007322878 735.58614066801965 5.8804587274789801 19.144237283617258
leaf_count=1062 59 772 40 58 134 42 1761 184 359 11813 16451 9614 22 103
internal_value=5.83504e-05 -0.000314387 0.00916876 -0.00138522 -0.00999921 0.00508056 0.00389422 0.0133504 0.0176291 -0.000978391 0.000299883 -0.002198 0.00122221 0.01878
internal_weight=3438.99 3304.09 134.897 37.6423 26.5154 358.164 332.991 97.2546 70.3071 2945.93 1433.1 1512.83 26.9476 25.1728
internal_count=42474 41618 856 232 174 2968 2823 624 418 38650 17223 21427 206 145
is_linear=0
shrinkage=0.03


Tree=5
num_leaves=15
num_cat=0
split_feature=12 2 2 6 7 2 5 15 17 4 6 12 12 18
split_gain=15.3243 8.94326 8.67099 12.2341 6.36407 11.2646 5.95435 4.87668 4.03422 5.69628 3.92408 3.74403 3.27622 2.76354
threshold=0.067540356817860261 2.6909379131716777 -2.1747464631346856 -2.5806312070245392 0.81816326530612249 1.5558631694647023 0.67673469387755114 0.30952380952380959 0.02841439381710165 1.5408655846605535 -0.80878850001374325 -0.81958718739850689 -0.010748247845976019 0.050593909713892112
decision_type=2 2 2 2 2 2 2 2 2 2 2 2 2 2
left_child=4 2 3 -2 5 7 -7 -1 9 -3 -4 13 -13 -6
right_child=1 8 10 -5 11 6 -8 -9 -10 -11 -12 12 -14 -15
leaf_value=0.002918621134798838 -0.017691398842101802 -0.0035973782632184245 0.0062008835060413511 0.018751510996885486 0.011675405159699373 -0.0068469884870278582 0.013923525934715016 -0.0021316509536585758 0.026045997677677821 0.016248185195441283 0.0004522440396101624 -0.0073220481305665969 0.0043282449866775159 -0.012520819290205865
leaf_weight=188.16048301942647 7.847980920225381 20.132887303829193 120.01910238713026 48.854866147041321 16.401113402098421 13.03388058207929 62.457400342449546 1637.6449125437066 15.761952906846998 27.974213076755404 935.28620017878711 289.57829790748656 20.525901632383466 3.2113434784114352
leaf_count=1649 44 105 1120 236 156 109 508 22937 72 153 10660 4680 246 56
internal_value=-0.00033546 0.00242803 0.00177278 0.0130212 -0.00179957 -0.00111943 0.0100597 -0.00160036 0.0132085 0.00783135 0.00113071 -0.00564597 -0.00648006 0.00622743
internal_weight=3406.89 1175.88 1112.01 56.7028 2231.01 1901.3 75.4913 1825.81 63.8691 48.1071 1055.31 329.717 310.104 19.6125
internal_count=42731 12390 12060 280 30341 25203 617 24586 330 258 11780 5138 4926 212
is_linear=0
shrinkage=0.03


Tree=6
num_leaves=15
num_cat=0
split_feature=9 13 9 19 14 7 9 20 1 17 20 20 19 20
split_gain=68.4255 11.2693 10.2485 8.653 8.51996 7.05413 6.68822 6.92793 5.35756 4.59453 4.44889 4.40197 5.39353 4.38044
threshold=0.76775510204081643 0.06394557823129253 0.97979591836734703 0.0033704395407649491 0.30952380952380959 0.71714285714285719 0.36367346938775519 0.031955995620656548 0.97979591836734703 0.01077628849332868 0.024981064640061449 0.050085093688953315 0.0076788407034818198 0.030798020890530745
decision_type=2 2 2 2 2 2 2 2 2 2 2 2 2 2
left_child=1 11 8 5 -5 -4 7 -3 13 -10 -8 12 -1 -2
right_child=2 6 3 4 -6 -7 10 -9 9 -11 -12 -13 -14 -15
leaf_value=-0.0023007408271310537 0.0039666474884806208 -0.0091736019252176299 0.0060429563780431822 0 0.012494356274679205 -0.015246346914357656 -0.001487222602843124 -0.0026446125412868796 0.017411203010038102 0.0013994399626314367 -0.005403467260972991 0.010970986310607134 0.010592747283365836 -0.00047103794158576357
leaf_weight=135.20901968330145 598.19439142011106 438.62844819575548 33.931923389434814 56.714558552950621 305.66171288862824 20.638704812154174 657.79558336175978 233.30080946534872 40.824934739619493 29.974459916353226 450.33280383236706 43.467053139582276 34.981192911043763 291.28457891754806
leaf_count=1548 5156 9109 137 222 1252 92 9707 4712 336 282 6712 375 347 2744
internal_value=-0.000225356 -0.00378059 0.00490846 0.0088481 0.0105246 -0.0019979 -0.00456487 -0.0069435 0.00316747 0.011063 -0.00309913 0.00266566 0.00035455 0.00249878
internal_weight=3370.94 1993.71 1377.23 416.947 362.376 54.5706 1780.06 671.929 960.278 70.7994 1108.13 213.657 170.19 889.479
internal_count=42731 32510 10221 1703 1474 229 30240 13821 8518 618 16419 2270 1895 7900
is_linear=0
shrinkage=0.03


Tree=7
num_leaves=15
num_cat=0
split_feature=9 13 9 23 2 7 0 9 23 17 23 23 7 0
split_gain=62.8386 12.2036 10.3434 8.2918 15.4776 10.3694 7.17818 5.13263 4.83334 3.88257 3.78141 3.59191 3.4666 2.78836
threshold=0.76775510204081643 0.06394557823129253 0.97979591836734703 0.00032901319370559628 0.14617048645879901 0.12789115646258506 1.8252116806073109 0.36367346938775519 0.072456175285811622 0.004239515958119556 0.070562199804531059 0.040631213741467061 0.80816326530612259 -0.34320841580332601
decision_type=2 2 2 2 2 2 2 2 2 2 2 2 2 2
left_child=1 8 6 4 -4 -5 10 11 13 -8 -2 -3 -9 -1
right_child=2 7 3 5 -6 -7 9 12 -10 -11 -12 -13 -14 -15
leaf_value=0.0055675278409660538 0.0028412604358266525 -0.0084375914343465929 0.0090597958879826204 0.00087586240969088304 -0.010953175513169251 0.015438660171534887 0.016673645829564404 -0.0024004058260452556 0.011886667178511992 0.0037854191506425279 -0.0029620751939447997 -0.003503756240641471 -0.007010247149766051 -0.002249653345195324
leaf_weight=63.09858032874763 789.78057614341378 410.83643005602062 117.17296397313476 60.144751343876123 46.73494953289628 191.75823466107249 48.343741785734892 842.28768146503717 41.813827909529209 45.044676061719656 111.7200676612556 221.05775590054691 183.94499826617539 107.08879859000444
leaf_count=624 6737 9410 464 252 207 780 291 12878 313 377 1113 4411 3541 1333
internal_value=-0.000123439 -0.00373223 0.00464853 0.00863232 0.00319985 0.012055 0.0029545 -0.00460208 0.00298048 0.0108241 0.0021005 -0.00675173 -0.0032533 0.00059253
internal_weight=3280.83 1870.13 1410.7 415.811 163.908 251.903 994.889 1658.13 212.001 93.3884 901.501 631.894 1026.23 170.187
internal_count=42731 32510 10221 1703 671 1032 8518 30240 2270 668 7850 13821 16419 1957
is_linear=0
shrinkage=0.03


Tree=8
num_leaves=15
num_cat=0
split_feature=9 8 17 21 16 19 19 19 8 17 21 10 17 21
split_gain=53.5725 9.28018 12.3971 9.87591 5.53519 5.27798 9.39701 7.92616 4.25743 3.52009 3.2599 2.85738 4.46865 2.72582
threshold=0.76775510204081643 3.1148300177910131 0.021269010914031775 0.009008498571510903 0.042630385487528351 0.0026927872455214503 0.0015321555999446726 0.0050887551174993778 -0.41436548176940596 0.040402321044931029 0.0097765910625776942 -0.58166913842731749 0.014351890515696743 0.019632709294584466
decision_type=2 2 2 2 2 2 2 2 2 2 2 2 2 2
left_child=4 5 3 -3 11 6 -2 -7 9 -6 -10 13 -13 -1
right_child=1 2 -4 -5 8 7 -8 -9 10 -11 -12 12 -14 -15
leaf_value=-0.0054477544575286582 0.015212310742930264 0.018249542745066225 0.029399530628296373 -0.0052917157468680923 -0.0067364733231153971 0.0070782632475611222 -0.0099527237795053285 0.0021124010196523382 -0.0045967290018901928 0.00023080795627416692 -0.0010906628486049221 0 0.013939673289762582 0.01523449006581408
leaf_weight=51.81885638833046 15.061686035245655 26.752808265388012 28.250720493495464 33.339783176779747 590.59074713755399 473.30532396771014 56.534030254930258 778.7437670044601 478.36795650050044 68.543862553313375 505.59501999057829 57.703143313527107 31.71192822791636 4.196799434721469
leaf_count=604 111 98 104 136 13091 3460 473 5839 8033 1465 8401 581 297 38
internal_value=-0.000153869 0.00420628 0.0135824 0.00519736 -0.0036053 0.00354963 -0.00418537 0.00400988 -0.00410457 -0.00599075 -0.00281627 0.00191295 0.00525968 -0.00316788
internal_weight=3200.52 1411.99 88.3433 60.0926 1788.53 1323.64 71.5957 1252.05 1643.1 659.135 983.963 145.431 89.4151 56.0157
internal_count=42731 10221 338 234 32510 9883 584 9299 30990 14556 16434 1520 878 642
is_linear=0
shrinkage=0.03


Tree=9
num_leaves=15
num_cat=0
split_feature=9 13 9 19 19 1 8 18 1 17 1 18 21 18
split_gain=46.896 9.4107 8.3128 10.3008 15.4294 8.56892 6.18624 7.17048 5.95564 5.5304 5.11854 4.46662 4.18219 2.41261
threshold=0.78795918367346951 0.06394557823129253 0.95959183673469395 0.0037357669776730451 0.0041940240074493044 0.042630385487528351 -0.41436548176940596 -0.083170437402188976 0.97979591836734703 -0.052632229913311505 0.36867346938775519 0.029191260715373372 0.012273354026700383 -0.013338560249196661
decision_type=2 2 2 2 2 2 2 2 2 2 2 2 2 2
left_child=1 10 8 5 -5 -4 7 -3 12 -10 11 -1 -2 -12
right_child=2 6 3 4 -6 -7 -8 -9 9 -11 13 -13 -14 -15
leaf_value=0.0140218986486523 -8.8200777107745438e-05 -0.024205389541938967 0.015402384831414793 0.029475789249492273 0.0073036031681275627 -0.0057206281734241962 -0.0025782986466142545 -0.0057946443456549888 -0.015340889875156624 0.012500210480047586 0.0063015829025152952 0 0.0054378390006082425 -0.0034236672809609394
leaf_weight=49.312084442004561 527.30217985808849 18.568024253472686 19.438113432377577 29.20939676463604 429.38740174099803 84.867092732340097 1027.1539841983467 571.88294907752424 4.9068899080157271 68.816002793610096 27.68996412307024 31.410641457885504 156.86766218207777 93.417968498542905
leaf_count=392 4889 620 75 118 1975 406 17132 13317 21 476 324 357 1417 1212
internal_value=-0.000124907 -0.00325173 0.00416946 0.00693725 0.00887024 -0.00142736 -0.0040175 -0.00647869 0.00208117 0.0100928 0.00279128 0.00856516 0.00116912 -0.001012
internal_weight=3140.23 1819.44 1320.79 562.902 458.597 104.305 1617.6 590.451 757.893 73.7229 201.831 80.7227 684.17 121.108
internal_count=42731 33354 9377 2574 2093 481 31069 13937 6803 497 2285 749 6306 1536
is_linear=0
shrinkage=0.03


Tree=10
num_leaves=15
num_cat=0
split_feature=9 21 9 14 13 0 21 21 19 21 11 14 21 21
split_gain=50.7013 9.50512 11.2266 8.95688 8.79178 7.76172 6.70229 9.65584 6.25205 5.79875 7.77846 5.09605 1.94986 1.91311
threshold=0.79795918367346952 0.0090783659730456472 0.97979591836734703 0.79166666666666685 0.06394557823129253 -0.34320841580332601 0.0090783659730456472 0.01148426033230208 0.0050887551174993778 0.011604734873718372 0.85857142857142865 0.53571428571428581 0.0088269963408753281 0.010896189459660555
decision_type=2 2 2 2 2 2 2 2 2 2 2 2 2 2
left_child=4 2 8 -4 5 13 12 -8 -2 11 -11 -3 -6 -1
right_child=1 9 3 -5 6 -7 7 -9 -10 10 -12 -13 -14 -15
leaf_value=0.012342888594254373 0.0096124519917433204 -0.0041253210170246963 0.0068209813736938496 0.021854784580413532 -0.0058371645345005026 -0.0024823247483000753 0.00041277476636413787 -0.0055271825578216416 0.001145387738065568 0.0024809705653915928 0.012112614455225311 0.002621855990579007 -0.011243080706939235 0.0021564005276882353
leaf_weight=57.44834028929472 131.63819113373756 165.73240395635366 78.38715648651123 75.212915755808353 524.39129048585892 117.63526466861367 489.9782032398507 484.09792545996606 203.30953969433904 308.38282064720988 101.42459188401699 250.03989348188043 78.41832291521132 29.848024064674973
leaf_count=490 1159 1206 330 297 10313 1523 9423 9745 1807 2222 617 1796 1526 265
internal_value=-3.80234e-05 0.00442373 0.00774754 0.0144652 -0.00333834 0.00244268 -0.00410128 -0.00252918 0.00455486 0.00242473 0.00494841 -3.8628e-05 -0.00660006 0.00915425
internal_weight=3095.94 1314.13 488.548 153.6 1781.82 204.932 1576.89 974.076 334.948 825.58 409.807 415.772 602.81 87.2964
internal_count=42719 9434 3593 627 33285 2278 31007 19168 2966 5841 2839 3002 11839 755
is_linear=0
shrinkage=0.03


Tree=11
num_leaves=15
num_cat=0
split_feature=8 7 8 21 3 4 7 8 7 18 8 6 10 8
split_gain=46.1987 19.6754 9.4777 8.52938 7.86255 6.74481 6.21514 6.0279 5.84531 5.06622 3.65464 2.98041 1.52278 1.31084
threshold=0.99658654899161692 0.1705215419501134 2.3144879620743808 0.0063591456315682882 0.10102040816326532 -1.4898352338186236 0.96888888888888902 0.5620162590137362 0.06394557823129253 -0.083170437402188976 1.2150153366635863 -0.17192981807205854 2.2056028933387171 0.34520585648649388
decision_type=2 2 2 2 2 2 2 2 2 2 2 2 2 2
left_child=6 2 8 10 -4 -5 7 9 -2 -1 -3 -9 13 -8
right_child=1 3 4 5 -6 -7 12 11 -10 -11 -12 -13 -14 -15
leaf_value=-0.01199437667090285 0.001031758951135889 0 0.013944793741150562 0.021272190855329189 -0.0033967399505142448 0.0065585415514475285 -0.0073333759539122014 0.0044887703130571778 -0.0093289177411693801 -0.0026247651960882743 0.025363835940960273 -0.00097067000482288512 0.00071497201729018266 -0.017659863727681507
leaf_weight=52.957704121246934 81.26837308332324 4.9610181637108317 53.436461992561817 29.048179551959038 37.780680049210787 607.06289021298289 37.394698014482856 151.86090283095837 111.79179789870977 1604.5411639586091 33.078886546194553 207.9051918387413 6.3471923545002928 28.651755163446069
leaf_count=1247 605 50 217 166 170 3920 824 1569 878 30073 200 2244 105 451
internal_value=-7.97239e-07 0.0054412 -0.00112728 0.00822834 0.00668252 0.00731852 -0.00250677 -0.00218103 -0.00492485 -0.00294726 0.0219424 0.00130443 -0.0110794 -0.012421
internal_weight=3048.09 958.428 284.277 674.151 91.2171 636.111 2089.66 2017.26 193.06 1657.5 38.0399 359.766 72.3936 66.0465
internal_count=42719 6206 1870 4336 387 4086 36513 35133 1483 31320 250 3813 1380 1275
is_linear=0
shrinkage=0.03


Tree=12
num_leaves=15
num_cat=0
split_feature=13 4 21 21 5 14 7 0 23 0 16 19 17 19
split_gain=7.31867 8.2279 5.85702 4.5266 5.70714 4.88088 4.48243 5.41951 6.23032 5.81448 3.93224 1.89024 1.34568 0.152691
threshold=0.7055555555555556 1.760021982374502 0.016160915093731156 0.006448979780895244 0.080816326530612256 0.79166666666666685 0.9900000000000001 1.8252116806073109 -0.0070415057313272236 -0.41639259903910103 0.96888888888888902 0.0037725036392178145 -0.0069598439455990082 0.0031262077654885252
decision_type=2 2 2 2 2 2 2 2 2 2 2 2 2 2
left_child=6 3 10 5 -5 -2 7 9 -9 -1 -3 13 -13 -8
right_child=1 2 -4 4 -6 -7 11 8 -10 -11 -12 12 -14 -15
leaf_value=0.00075708664522222907 9.743643628900054e-05 0.0074290591904664612 -0.01639301061496581 0.0071516397708263511 -4.122151731325677e-05 0.016904848359269916 -0.002359690676977156 -0.0061151426201884905 0.011430070891206104 -0.0027451016392119041 0.025109466194063942 -0.0020731302144390857 -0.025809811434671374 0.005229771042536021
leaf_weight=692.71851637400687 32.394434666261077 32.971332581713796 3.674647355452179 109.07012172788382 898.11261001974344 31.602591397240758 1.9500920604914451 23.074136475101113 60.053625673055649 1083.4273581234738 21.902900727465749 4.9267655499279526 9.4216234683990425 2.2202868312597275
leaf_count=9508 418 382 37 957 10669 330 45 281 565 19081 124 93 184 45
internal_value=-2.27627e-05 0.00187819 0.0126669 0.00125201 0.000735476 0.00888522 -0.00117518 -0.00101151 0.00635451 -0.00137145 0.0153847 -0.0151763 -0.0198276 0
internal_weight=3007.52 1129.73 58.5489 1071.18 1007.18 63.997 1877.79 1859.27 83.1278 1776.15 54.8742 18.5188 14.3484 4.17038
internal_count=42719 12917 543 12374 11626 748 29802 29435 846 28589 506 367 277 90
is_linear=0
shrinkage=0.03


Tree=13
num_leaves=15
num_cat=0
split_feature=8 7 4 8 16 2 4 0 10 16 17 18 2 8
split_gain=40.3396 12.3954 7.52459 7.24028 7.17461 6.9814 6.85291 4.74206 5.73415 5.29129 3.67074 2.99713 2.52728 2.20041
threshold=0.94933366318519929 0.1705215419501134 1.760021982374502 2.3144879620743808 0.9900000000000001 0.55624474539323943 -1.4898352338186236 -0.41639259903910103 2.4209420112563387 0.085260770975056702 -0.065635395063054255 0.055838616090323263 -1.4397248501488566 0.50786342146261199
decision_type=2 2 2 2 2 2 2 2 2 2 2 2 2 2
left_child=7 3 6 4 -2 -5 -3 9 10 12 -9 -4 -1 -11
right_child=1 2 11 5 -6 -7 -8 8 -10 13 -12 -13 -14 -15
leaf_value=-0.011304321903558399 -0.0016731837455385475 0.018683256546459588 0.020121893354591212 0.00952837557831741 -0.020373664605330064 -0.014800379797986221 0.0052775356250180485 -0.016310161484701043 -0.017403860069309815 -0.0024919361911157198 -0.0029711269498294639 0 0.0076004971209895737 0.0015946015745470069
leaf_weight=4.5082032419741145 158.55509923025966 35.929384149610996 48.857927419245243 79.023963145911694 19.409750942140818 9.9706590399146062 618.01040641404688 17.510742697864771 24.715814782306552 457.20050008036196 1274.7865970153362 6.2297053411602965 85.544706966727972 153.63138776645064
leaf_count=63 1441 182 245 335 129 52 4111 376 423 8472 24276 42 928 1644
internal_value=-4.83287e-06 0.00499139 0.0070623 -0.000464668 -0.00399985 0.00637243 0.00609167 -0.00243131 -0.00349252 -0.000411612 -0.00318839 0.0177047 0.0062661 -0.0014378
internal_weight=2993.88 975.987 709.027 266.959 177.965 88.9946 653.94 2017.9 1317.01 700.885 1292.3 55.0876 90.0529 610.832
internal_count=42719 6537 4580 1957 1570 387 4293 36182 25075 11107 24652 287 991 10116
is_linear=0
shrinkage=0.03


Tree=14
num_leaves=15
num_cat=0
split_feature=8 21 2 4 5 13 13 0 8 0 8 8 21 8
split_gain=39.2902 8.61247 8.3072 6.13263 6.35918 5.75961 5.21874 8.38344 6.24619 3.68098 3.13951 2.88507 2.78662 2.63265
threshold=0.94933366318519929 0.0063591456315682882 -1.0112967943132858 1.760021982374502 0.080816326530612256 0.47469387755102049 0.06394557823129253 -0.33411791700650068 -0.53498532628500628 2.1772659310187805 0.5620162590137362 0.076373181078128002 0.011604734873718372 -0.027458086033513261
decision_type=2 2 2 2 2 2 2 2 2 2 2 2 2 2
left_child=6 2 -2 4 -3 -4 7 11 12 -5 -10 -1 -8 -9
right_child=1 3 5 9 -6 -7 8 13 10 -11 -12 -13 -14 -15
leaf_value=0.011413506944456623 -0.012009271049551906 0.0098748300073484858 -0.0018893746641345758 0.019948979275870658 0.0025553420526126121 0.026631331578350743 -0.004287721180167397 -0.0010019847423714098 -0.0026004911415666897 0.0022625729164497893 0.00081427703446533626 -0.0013175508231360327 -0.0096152675220906956 -0.013514764638413343
leaf_weight=73.487615868449211 5.6297658197581759 126.45804537087679 6.2266307584941378 33.666434194892645 734.18016712740064 35.16593886911869 349.00963189452887 87.751410450786352 1012.0995725970715 18.795211739838123 309.41688441485167 17.265374109148979 131.72659236006439 17.337927628308535
leaf_count=671 48 763 61 176 5174 229 8320 1322 18485 86 3666 143 3346 229
internal_value=2.4104e-05 0.00501065 0.0173922 0.00432002 0.00366862 0.022106 -0.00236714 0.00222358 -0.00287622 0.0142038 -0.00178961 0.00885357 -0.00581238 -0.00342029
internal_weight=2958.22 960.122 47.0223 913.1 860.638 41.3926 1998.1 195.842 1802.25 52.4616 1321.52 90.753 480.736 105.089
internal_count=42719 6537 338 6199 5937 290 36182 2365 33817 262 22151 814 11666 1551
is_linear=0
shrinkage=0.03


Tree=15
num_leaves=15
num_cat=0
split_feature=9 19 23 16 4 8 13 8 0 23 16 15 23 0
split_gain=33.3701 13.2478 8.57557 10.3596 5.60907 6.47992 5.11285 5.99337 4.77601 4.26409 3.75555 3.46819 2.59315 2.47
threshold=0.80816326530612259 0.0033704395407649491 -0.056129189648050686 0.63632653061224509 1.7169632011275979 3.1148300177910131 0.06394557823129253 -0.53498532628500628 -0.34320841580332601 0.090765589563805329 0.96888888888888902 0.53571428571428581 0.069738408692225376 -0.58534713114021619
decision_type=2 2 2 2 2 2 2 2 2 2 2 2 2 2
left_child=6 2 11 -4 5 -3 8 9 13 -8 -6 -2 -9 -1
right_child=1 4 3 -5 10 -7 7 12 -10 -11 -12 -13 -14 -15
leaf_value=0.0028179079633540902 0.021410923868792394 0.0037302662182265869 0.0034823385673696731 -0.013946103288748667 0.0073995198799918166 0.013558103863172626 -0.0070087687437522771 -0.0014663444956573919 -0.0025311194878020983 0.0032654859465949108 0.02459622715817528 -0.0015681051567641611 -0.0055545811075890681 0.013808086290194583
leaf_weight=58.906517717987299 12.414440315216781 865.30249547585845 46.089645573869348 80.089344300329685 38.337762236595154 64.972297646105289 434.20810778439045 953.42241771798581 99.719931511208415 36.43527103587985 19.689915731549263 7.6737496331334105 167.43334154970944 29.648554928600788
leaf_count=525 74 6815 368 596 234 265 10899 17059 1549 816 89 65 2995 244
internal_value=-0.000195917 0.0038153 -0.00451148 -0.00750795 0.00506942 0.00446037 -0.00276281 -0.00331904 0.00184559 -0.00617119 0.0141097 0.0126066 -0.00209921 0.0068868
internal_weight=2914.34 1134.57 146.267 126.179 988.302 930.275 1779.77 1591.5 188.275 470.643 58.0277 20.0882 1120.86 88.5551
internal_count=42593 8506 1103 964 7403 7080 34087 31769 2318 11715 323 139 20054 769
is_linear=0
shrinkage=0.03


Tree=16
num_leaves=15
num_cat=0
split_feature=8 19 7 19 23 16 23 7 8 18 18 20 23 19
split_gain=31.959 10.1861 9.86884 8.4958 8.3829 7.66407 7.24557 5.38627 4.93153 8.00031 2.61533 2.04817 1.83215 1.22042
threshold=1.0984392800400851 0.0033704395407649491 0.24222222222222226 0.0072302031788612905 -0.056129189648050686 0.63632653061224509 0.00032901319370559628 0.85857142857142865 -0.11397137635563835 -0.083170437402188976 0.017234396400650057 0.05983407724072199 0.12955231595705055 0.0053436978364973112
decision_type=2 2 2 2 2 2 2 2 2 2 2 2 2 2
left_child=7 4 3 -3 -2 -6 -4 8 9 -1 -10 13 -13 -9
right_child=1 2 6 -5 5 -7 -8 11 10 -11 -12 12 -14 -15
leaf_value=-0.018866581956945561 0.01599745357332235 -0.0026049086170627563 0.0035255934440292019 0.0092752534429274888 0.0034381493896627896 -0.014518668227146767 0.011257062925563718 -0.0073903046318502183 -0.0019127042556336602 -0.002590996151922563 0.001393246317189948 -0.016055225548118904 0.0065422511127832192 -0.0028277816603623001
leaf_weight=26.52383459918201 13.559224240481852 171.9552096799016 182.16300430521369 76.239442083984613 31.773662216961384 53.826406713575125 309.10896638035774 114.4181955140084 364.64545619860291 859.09682297613472 519.63830543123186 26.213473588228229 1.5591776277869929 132.31105877365917
leaf_count=794 77 1274 1086 540 188 390 1956 2299 5189 18424 7178 522 28 2648
internal_value=-0.000150814 0.00476849 0.0059868 0.00102941 -0.00410737 -0.00775577 0.00844657 -0.00217875 -0.00155695 -0.00313675 1.18318e-05 -0.00609347 -0.0139285 -0.00504632
internal_weight=2883.03 838.626 739.467 248.195 99.1593 85.6001 491.272 2044.41 1769.9 885.621 884.284 274.502 27.7727 246.729
internal_count=42593 5511 4856 1814 655 578 3042 37082 31585 19218 12367 5497 550 4947
is_linear=0
shrinkage=0.03


Tree=17
num_leaves=15
num_cat=0
split_feature=9 3 10 23 12 1 9 12 0 0 7 16 20 9
split_gain=31.433 4.7564 5.3107 5.23989 4.73738 4.65777 4.56916 4.34796 4.14739 3.33092 3.28032 2.40501 2.39085 5.3511
threshold=0.80816326530612259 0.9900000000000001 -0.57336413780035389 -0.093904647260887472 3.3129537100271333 0.43428571428571433 0.9900000000000001 -0.75092453096304324 -0.27345243215316301 1.1276155082473371 0.10657596371882087 0.67673469387755114 0.012704682103823585 0.32326530612244903
decision_type=2 2 2 2 2 2 2 2 2 2 2 2 2 2
left_child=5 2 3 -2 8 7 -4 10 -3 -6 -1 -9 13 -7
right_child=1 4 6 -5 9 12 -8 11 -10 -11 -12 -13 -14 -15
leaf_value=-0.011384226368534709 0.021768715040346342 -0.0045298048407431176 0.003407149982506527 -0.00091998580300121468 0.0094890658047478756 -0.01013391958411904 0.0099210174572860483 -0.0032285280296505078 0.016148037963219286 -0.01151921153764102 0.0055325658804962815 0.00054709738085942253 -0.0026597800677164779 -0.0030570030253001868
leaf_weight=8.9092412628233415 7.4438722953200331 7.8821437917649737 596.50685388036072 292.15614287555218 10.662148386240007 159.33605153486133 119.62085650861263 431.27296811901033 66.907431714236736 12.255433261394499 118.53462835401297 223.48220723681152 535.65870836097747 267.44711541477591
leaf_count=117 48 53 5065 2346 56 4193 517 8456 354 67 1481 3804 10848 5188
internal_value=-0.000145751 0.00378298 0.0031401 -0.00016591 0.0101186 -0.00266312 0.0045407 -0.00091533 0.0137122 -0.00116622 0.00407646 -0.00191924 -0.0040632 -0.00576904
internal_weight=2858.08 1113.43 1015.73 299.6 97.7072 1744.64 716.128 782.199 74.7896 22.9176 127.444 654.755 962.442 426.783
internal_count=42593 8506 7976 2394 530 34087 5582 13858 407 123 1598 12260 20229 9381
is_linear=0
shrinkage=0.03


Tree=18
num_leaves=15
num_cat=0
split_feature=9 21 21 18 14 8 13 0 8 20 24 13 24 20
split_gain=29.4204 6.19184 10.5669 7.45006 7.3057 6.75279 5.24385 5.2439 5.06861 5.83905 4.80539 4.20337 2.99359 2.63372
threshold=0.80816326530612259 0.0090783659730456472 0.01148426033230208 0.027229360871834366 0.53571428571428581 2.1420831106953226 0.06394557823129253 -0.34320841580332601 -0.53498532628500628 0.031955995620656548 1.0000000180025095e-35 0.82111111111111124 1.0000000180025095e-35 0.048813546962181549
decision_type=2 2 2 2 2 2 2 2 2 2 2 2 2 2
left_child=6 4 3 -3 11 -6 7 12 9 -8 -4 -2 -1 -10
right_child=1 2 10 -5 5 -7 8 -9 13 -11 -12 -13 -14 -15
leaf_value=-0.0021071541504620941 -0.003209725808691076 -0.0075040939900831239 0.0096390672835734992 0.0015961523933025247 0.006514117328066814 0.017852607422196812 -0.0085721183598254213 -0.0026593858440529593 -0.0013343234491074796 -0.0014213787886909396 0.0025006489041085002 0.0066574811520747779 0.01039485300335764 -0.0052530575270434924
leaf_weight=19.656881123781204 81.41671535000205 129.16170671209693 146.93541127070785 205.47922272980213 185.46964118443429 68.024069383740425 275.55240997765213 92.212672386318445 906.40583035070449 173.52416088990867 220.36693838238716 69.461488369852304 67.609164137393236 190.51925372704864
leaf_count=181 783 1048 1020 1557 1639 324 7704 1549 16540 4011 1648 487 588 3514
internal_value=-0.000143562 0.00366583 0.00192285 -0.00189544 0.00663018 0.0097314 -0.00259611 0.00218976 -0.00316351 -0.00586086 0.00543365 0.0012625 0.00742659 -0.00203692
internal_weight=2831.8 1106.32 701.943 334.641 404.372 253.494 1725.48 179.479 1546 449.077 367.302 150.878 87.266 1096.93
internal_count=42593 8506 5273 2605 3233 1963 34087 2318 31769 11715 2668 1270 769 20054
is_linear=0
shrinkage=0.03


Tree=19
num_leaves=15
num_cat=0
split_feature=8 7 13 9 23 3 20 7 10 13 8 18 23 20
split_gain=28.1213 8.72607 7.68686 7.27748 6.15664 8.79474 5.53332 4.52981 4.51103 3.75207 6.55493 3.86396 1.81917 2.40396
threshold=1.0984392800400851 0.1705215419501134 0.83836734693877568 0.9900000000000001 0.00032901319370559628 0.41408163265306125 0.065323194914512786 0.85857142857142865 -0.15365660821664731 0.06394557823129253 -0.45784187889323352 -0.010696399764578755 0.12955231595705055 0.05983407724072199
decision_type=2 2 2 2 2 2 2 2 2 2 2 2 2 2
left_child=7 2 3 -2 5 -3 -6 9 -4 11 -11 -1 13 -9
right_child=1 4 8 -5 6 -7 -8 12 -10 10 -12 -13 -14 -15
leaf_value=0.010211488907452822 -0.011828931813377344 0.0084199239864844004 -0.0022903257012190643 0.008949735308855537 0.010120390196976825 -0.0029748053685263675 -0.0013946197606101106 -0.0050319319329854588 0.0087116898027782587 -0.0050572165551197546 -0.00072434083613796341 0 0.010494079858430731 -0.015311864506756839
leaf_weight=42.631297370418906 69.359099544584751 115.38721845671535 55.484962671995163 16.847437106072903 325.60383844003081 122.73980000987649 39.375791568309069 232.46100270096213 74.480529267340899 443.93829914927483 1104.1044813450426 137.873410128057 3.6525837481021872 23.3829280808568
leaf_count=478 712 656 405 69 2104 771 291 4921 503 11653 17689 1765 54 522
internal_value=-0.0001363 0.00452865 -0.000576641 -0.00748723 0.00637919 0.00250832 0.00883639 -0.0020689 0.00393751 -0.0014984 -0.0019815 0.0025388 -0.00577114 -0.00614112
internal_weight=2807.32 819.279 216.172 86.2065 603.107 238.127 364.98 1988.04 129.965 1728.55 1548.04 180.505 259.497 255.844
internal_count=42593 5511 1689 781 3822 1427 2395 37082 908 31585 29342 2243 5497 5443
is_linear=0
shrinkage=0.03


Tree=20
num_leaves=15
num_cat=0
split_feature=8 19 4 19 23 4 13 8 18 8 18 20 18 13
split_gain=26.5035 13.0018 8.96039 11.0057 4.74249 6.8849 4.5138 9.00269 4.19075 3.8924 7.01804 3.1539 2.74768 2.20988
threshold=0.94933366318519929 0.0033704395407649491 1.6384017411488159 0.0050887551174993778 -0.057465692643859582 0.21268745518688298 0.06394557823129253 0.20539877093304479 0.03236209240960964 -0.41436548176940596 -0.083170437402188976 0.045268956070384288 0.065067673285473596 0.49489795918367352
decision_type=2 2 2 2 2 2 2 2 2 2 2 2 2 2
left_child=6 4 3 -3 -2 -6 7 8 -1 10 -8 -11 -9 -4
right_child=1 2 13 -5 5 -7 9 12 -10 11 -12 -13 -14 -15
leaf_value=0.0079448778611406964 0.009923501994363584 0.0095503656951402595 0.00043209060527565733 0.001834863318556895 -0.01557075715371827 0.00044788967304734456 -0.023983518895620129 -0.02071117554034874 -0.0016420783108206443 -0.00085557075567505589 -0.0041223004576011052 -0.0047698027909416378 0.0036964598154093651 0.019274656932187238
leaf_weight=110.97953125834465 12.603167630732058 253.27727047726512 8.2753080502152425 500.66402668505907 49.632294811308384 41.85694239847362 15.056457092054186 16.393295086920265 59.933996636420488 939.09970681834966 498.20662087295204 234.26067620515823 3.405411332845687 47.763587463647127
leaf_count=1277 77 1763 52 3772 395 282 588 185 876 15824 13216 4080 42 249
internal_value=-9.08199e-05 0.00408759 0.00538058 0.00446504 -0.00574401 -0.00822887 -0.00213545 0.00217912 0.00451618 -0.0026342 -0.00482487 -0.00165659 -0.0158709 0.0168614
internal_weight=2791.41 914.073 809.98 753.941 104.092 91.4892 1877.34 190.712 170.914 1686.62 513.263 1173.36 19.7987 56.0389
internal_count=42678 6590 5836 5535 754 677 36088 2380 2153 33708 13804 19904 227 301
is_linear=0
shrinkage=0.03


Tree=21
num_leaves=13
num_cat=0
split_feature=2 18 15 7 11 20 10 18 1 14 3 21
split_gain=10.0042 6.13844 5.65291 3.30219 3.36425 3.04056 2.96744 2.88936 2.80487 3.39813 2.47827 0.479209
threshold=2.6909379131716777 0.064063660133493197 0.15476190476190479 0.21204081632653063 0.53197278911564638 0.025869533732254538 1.2111580833507556 0.034677814347347298 0.16663265306122452 0.53571428571428581 0.9900000000000001 0.01150941963840876
decision_type=2 2 2 2 2 2 2 2 2 2 2 2
left_child=2 6 3 5 -5 -1 7 -2 9 -4 -10 -8
right_child=1 -3 8 4 -6 -7 11 -9 10 -11 -12 -13
leaf_value=0.0054058690246367985 0.0025553937130044649 -0.012489786960391156 -0.001369822581423631 0.003224958885665478 0.016980263513026145 -0.012016645425754471 0.013632817554694206 0.019711747335778261 -0.001329870451153447 0.0035577365692612637 0.0057527030003409665 0.031206411917979064
leaf_weight=21.117815226316452 34.819739319384098 7.2249135747551909 224.20607928279787 38.597971398383379 32.159058110788465 12.500791743397711 15.542855264618995 11.696228912100194 2048.9857209632173 274.70174761861563 42.772681437432766 7.8087214622646561
leaf_count=163 213 57 2707 310 232 138 89 74 34755 3493 407 40
internal_value=-8.99856e-05 0.0104195 -0.000403677 0.00636121 0.00997782 -0.00096239 0.0132789 0.00781321 -0.000686711 0.00131675 -0.00117252 0.0220994
internal_weight=2772.13 77.0925 2695.04 104.376 70.757 33.6186 69.8675 46.516 2590.67 498.908 2091.76 23.3516
internal_count=42678 473 42205 843 542 301 416 287 41362 6200 35162 129
is_linear=0
shrinkage=0.03


Tree=22
num_leaves=15
num_cat=0
split_feature=8 19 19 7 19 15 13 8 0 17 17 8 7 19
split_gain=25.1165 8.76909 8.34622 10.3559 8.3621 7.03922 4.9032 4.4496 4.43718 3.8554 3.45728 2.96983 2.45401 2.3023
threshold=1.1547693308179692 0.0033704395407649491 0.0050887551174993778 0.1705215419501134 0.0070278709839730934 0.2678571428571429 0.06394557823129253 -0.41436548176940596 0.26641897963383881 -0.0053284667043804737 0.034767185142621455 0.18462393416439601 0.85857142857142865 0.0045342851703087982
decision_type=2 2 2 2 2 2 2 2 2 2 2 2 2 2
left_child=6 5 3 -3 -4 -2 8 10 11 -7 -8 -1 -9 -10
right_child=1 2 4 -5 -6 9 7 12 13 -11 -12 -13 -14 -15
leaf_value=0.0070003202937545753 0.016560650808958629 -0.00071783490963485874 -0.00092469952899258332 0.014035229261620263 0.0071531270962770363 0.012893887532358088 -0.0057875639664317228 -0.00083517775162885778 -0.013605177213363262 -0.010086600592579386 0.0010203392652931419 -0.0056212560513613334 -0.0044648086018484329 -2.905661668487023e-05
leaf_weight=126.14889554306865 10.015863262116907 54.286136072129011 217.69613487273455 169.57767226919532 235.66148818284273 4.9985687062144271 431.22280891053379 1102.4101512786001 15.267386209219692 67.501028602942824 74.517999668605626 16.449401626363397 200.52897060196847 38.824677228927612
leaf_count=1381 53 431 1527 1013 1626 37 11880 17344 244 516 1924 184 3900 618
internal_value=-9.96716e-05 0.0045328 0.00566766 0.0104166 0.0032543 -0.00451751 -0.00186493 -0.00235871 0.00257819 -0.00799723 -0.00475485 0.00538301 -0.00141128 -0.00447678
internal_weight=2765.11 759.737 677.221 223.864 453.358 82.5155 2005.37 1808.68 196.69 72.4996 505.741 142.598 1302.94 54.0921
internal_count=42678 5203 4597 1444 3153 606 37475 35048 2427 553 13804 1565 21244 862
is_linear=0
shrinkage=0.03


Tree=23
num_leaves=15
num_cat=0
split_feature=8 12 21 13 14 13 8 0 21 8 20 7 20 2
split_gain=23.4132 5.6664 6.6438 8.69869 6.58607 5.43955 5.62763 5.8391 4.14185 3.37431 4.10034 2.76374 2.48392 1.64005
threshold=0.94933366318519929 3.3129537100271333 0.013536658895112153 0.69693877551020422 0.2678571428571429 0.06394557823129253 0.20539877093304479 -0.41639259903910103 0.00706989020857065 -0.41436548176940596 0.031955995620656548 0.84222222222222232 0.039455794884398661 0.52308222790742809
decision_type=2 2 2 2 2 2 2 2 2 2 2 2 2 2
left_child=5 2 3 -2 -4 6 7 -1 -3 10 -7 -11 -10 -8
right_child=1 8 4 -5 -6 9 13 -9 12 11 -12 -13 -14 -15
leaf_value=0.010372393467853167 -0.00028422481433138002 0.014096480027683784 -0.0049348733137061299 0.006567718514911362 0.013790820311701212 -0.0068404901526076022 -0.018497109352927595 -0.00033514036154478271 -0.007800229861344923 -0.0010461652251621755 -0.0011308483914610214 -0.0052563616571044049 0.0035569542688923283 0
leaf_weight=78.356979183852673 296.09708550199866 9.2437362186610681 17.577461935579777 367.72770169936121 109.52767077088356 301.99500838294625 11.280464749783279 100.41546924971044 67.547922300174832 1001.386107262224 192.9580092318356 165.36151716392487 19.719766199588776 5.8096041548997155
leaf_count=639 2431 59 97 2643 797 9135 157 1514 431 16306 4669 3598 132 70
internal_value=-8.69829e-05 0.0039106 0.0047545 0.00349723 0.0110487 -0.00200703 0.00266433 0.00433789 -0.00280918 -0.00256919 -0.00465827 -0.00166368 -0.00504363 -0.0126768
internal_weight=2745 887.441 790.93 663.825 127.105 1857.56 195.863 178.772 96.5114 1661.7 494.953 1166.75 87.2677 17.0901
internal_count=42678 6590 5968 5074 894 36088 2380 2153 622 33708 13804 19904 563 227
is_linear=0
shrinkage=0.03


Tree=24
num_leaves=15
num_cat=0
split_feature=8 19 17 19 3 3 17 9 18 12 18 12 8 17
split_gain=23.5721 8.78528 7.95912 7.03276 7.39939 6.86298 5.85642 5.03395 5.14388 7.11134 4.17677 4.34546 3.64078 2.98783
threshold=1.6817182469252738 0.0034952148025881482 -0.0015374608169980706 0.0048451869398475197 0.14920634920634923 0.1918367346938776 0.023504097708541564 0.76775510204081643 -0.083170437402188976 2.0603385750308298 -0.079961185203363747 -0.74155184108618666 -0.30799887940053389 -0.065635395063054255
decision_type=2 2 2 2 2 2 2 2 2 2 2 2 2 2
left_child=7 2 -2 4 -3 -4 -5 10 9 -9 12 -12 -1 -10
right_child=1 3 5 6 -6 -7 -8 8 13 -11 11 -13 -14 -15
leaf_value=-0.018906222911442408 0.015664024009174129 0.0011379780594143866 0.0045546327910976122 0.0076091982759942571 0.019430824004854103 -0.017454257377104286 -0.001362750934954089 0.0012537228557321955 0.01397465393686733 0.030854726832046042 0.001469998819052021 -0.0027531355926528741 -0.0028296128312960554 -0.00015062804778724411
leaf_weight=23.597676895558834 11.873575422912834 29.975342202931643 17.458597540855408 233.3494808934629 72.386422015726566 33.257505862042308 86.316244661808014 22.321754340082407 11.742560964077709 9.925858620554207 260.14928521867841 1236.5141691099852 32.081406202167273 647.56657564640045
leaf_count=814 71 164 114 1340 395 250 516 244 116 44 4107 26812 631 7060
internal_value=-7.66781e-05 0.0059036 -0.00432655 0.00746943 0.0143422 -0.00970798 0.00514655 -0.00137903 0.000731975 0.0120727 -0.00232885 -0.00200808 -0.0103225 0.000119769
internal_weight=2728.52 484.617 62.5897 422.027 102.362 50.7161 319.666 2243.9 691.557 32.2476 1552.34 1496.66 55.6791 659.309
internal_count=42678 2850 435 2415 559 364 1856 39828 7464 288 32364 30919 1445 7176
is_linear=0
shrinkage=0.03


Tree=25
num_leaves=15
num_cat=0
split_feature=0 16 3 1 4 10 0 18 0 19 10 10 18 6
split_gain=11.4456 6.46863 4.47307 5.79327 4.28544 3.72062 4.93784 3.58329 3.38147 3.03013 5.97669 3.52328 2.56215 3.78149
threshold=-1.3822707701643313 0.69693877551020422 0.9900000000000001 0.92666666666666686 0.80356607779899047 3.7073306290290233 1.4813481095477217 0.065067673285473596 -0.44364775005177992 0.0058358632269963759 1.3644459683290335 0.072837303886989238 0.07707485721127362 -0.11620653779770686
decision_type=2 2 2 2 2 2 2 2 2 2 2 2 2 2
left_child=1 12 5 7 -5 8 -7 -4 -2 11 -11 -3 -1 -14
right_child=2 9 3 4 -6 6 -8 -9 -10 10 -12 -13 13 -15
leaf_value=0.0019483236719320604 0.00053456110953898782 -0.0026490219574851611 0.014673895004010496 0.017663786919406413 -0.0054617633621962614 -0.0078843654002084748 0.028819999816873283 -0.0064972202944663738 -0.001946951116510614 0.018724329382796945 0 0.0095578233714944966 -0.024264678053830677 0.0038821087696154408
leaf_weight=123.12701034825295 702.53411070629954 30.219563348218799 48.033696288242936 6.3765182718634597 45.435302510857582 3.4254628997296077 6.4142585210502148 6.1733436584472647 1595.3504672190174 56.159782299771905 19.548794277012348 55.128609532490373 6.7334832679480314 6.0342322215437871
leaf_count=1445 10454 261 351 37 372 44 41 60 28366 410 172 452 94 48
internal_value=-0.000116066 0.00541494 -0.00080665 0.00513768 -0.00178621 -0.00109044 0.0156019 0.0118506 -0.00118195 0.00944912 0.013899 0.00510228 0.000457324 -0.0112221
internal_weight=2710.69 296.951 2413.74 106.019 51.8118 2307.72 9.83972 54.207 2297.88 161.057 75.7086 85.3482 135.895 12.7677
internal_count=42607 2882 39725 820 409 38905 85 411 38820 1295 582 713 1587 142
is_linear=0
shrinkage=0.03


Tree=26
num_leaves=15
num_cat=0
split_feature=8 8 12 21 9 1 2 18 17 12 12 21 12 10
split_gain=24.6883 7.02976 6.68714 9.23939 6.08478 5.28894 4.08752 3.87911 3.78014 8.73657 4.68003 3.54562 3.40874 2.91568
threshold=1.7784619453266119 3.1148300177910131 1.039895812415667 0.0098764145225717342 0.76775510204081643 0.48444444444444451 -1.9344501988002065 -0.083170437402188976 0.040402321044931029 -0.57287029006893109 -0.10207626695985893 0.01730996822613157 -0.81958718739850689 -0.1715184307416979
decision_type=2 2 2 2 2 2 2 2 2 2 2 2 2 2
left_child=4 8 -3 -4 5 12 13 -8 10 -10 -2 -7 -1 -6
right_child=1 2 3 -5 6 11 7 -9 9 -11 -12 -13 -14 -15
leaf_value=0.0046999231519224667 0.011528374107836491 0.027867528113417146 0.017699879389440565 -0.0086947543428208714 -0.00018480580902602075 -0.0036582851108887763 0.010008066796670557 -9.5696948041409157e-05 -0.031452651512401814 0.0024540927796356709 0.0034000730511532023 -0.012600434595272669 -0.0014042964735627602 0.017934452482046403
leaf_weight=90.557238829322159 91.102064412087202 23.363608434796333 28.285455010831356 17.263823352754116 10.225909829139711 709.54271014872938 33.956252072006464 650.41338272206485 6.2724824249744406 35.199691604822874 241.04729905351996 42.54937478620559 702.24751458317041 19.119241833686829
leaf_count=1030 492 106 127 99 106 16227 309 7136 31 206 1460 1058 14062 158
internal_value=-7.70351e-05 0.00638009 0.0151647 0.00743554 -0.00135335 -0.00241343 0.000920648 0.000411467 0.00464775 -0.0035402 0.00573005 -0.00421615 -0.000678104 0.011533
internal_weight=2701.15 442.534 68.9129 45.5493 2258.61 1544.9 713.715 684.37 373.622 41.4722 332.149 752.092 792.805 29.3452
internal_count=42607 2521 332 226 40086 32377 7709 7445 2189 237 1952 17285 15092 264
is_linear=0
shrinkage=0.03


Tree=27
num_leaves=15
num_cat=0
split_feature=8 8 12 15 10 22 8 0 16 20 15 14 10 12
split_gain=24.2967 5.63583 6.56085 4.16644 4.08015 6.36042 3.71538 4.94801 5.84665 4.2981 4.65409 4.0027 3.40187 2.6473
threshold=1.6817182469252738 3.1148300177910131 1.039895812415667 0.46428571428571436 -1.0948439864749453 1.0000000180025095e-35 0.82227834289853241 -0.33411791700650068 0.042630385487528351 0.033855495066580261 0.92857142857142871 0.30952380952380959 2.4209420112563387 1.9864305214041502
decision_type=2 2 2 2 2 2 2 2 2 2 2 2 2 2
left_child=6 4 -3 -4 13 -6 7 8 -1 11 -11 -8 -9 -2
right_child=1 2 3 -5 5 -7 9 12 -10 10 -12 -13 -14 -15
leaf_value=0.0085716011887929586 0.0074888595550958725 0.026841493385426435 0.026483256240720062 0.0018882336398223388 0.011285622836193797 0.0012418376779180795 0.01089137752591462 -0.0030601567584193972 -0.00091609915488040817 -0.0088204922988678672 0.0022642838982473044 0.0014095806162855212 -0.016705927136613705 0.023714622133892357
leaf_weight=62.441150123253465 46.697572182863951 22.646716207265854 5.9187802597880355 38.771970186382532 70.592975579202175 285.10598447546363 46.034308850765228 1032.56041420158 626.47919560875744 68.990180037915707 61.167151995003223 286.36977528780699 15.377102758735417 12.867088533937929
leaf_count=548 265 106 27 199 383 1798 404 22622 11497 808 628 2858 380 84
internal_value=-2.67485e-05 0.00604891 0.0141086 0.00646171 0.00464467 0.00332905 -0.00137098 -0.00200971 -1.21366e-05 0.000993411 -0.00354229 0.00282485 -0.00330612 0.0118941
internal_weight=2682.02 482.601 67.3375 44.6908 415.264 355.699 2199.42 1736.86 688.92 462.561 130.157 332.404 1047.94 59.5647
internal_count=42607 2862 332 226 2530 2181 39745 35047 12045 4698 1436 3262 23002 349
is_linear=0
shrinkage=0.03


Tree=28
num_leaves=15
num_cat=0
split_feature=8 8 18 13 2 13 7 13 18 8 20 20 12 12
split_gain=22.7219 6.30716 6.59861 6.48275 4.80031 4.73394 4.72856 3.04502 4.28632 3.84819 6.15181 3.30713 3.09871 2.80702
threshold=1.3936409345674139 3.1148300177910131 -0.091372307657185056 0.89897959183673481 -0.38658255909347966 0.45448979591836741 0.06394557823129253 0.06394557823129253 0.03236209240960964 -0.41436548176940596 0.03112786179733296 0.04800474257479271 3.5036492394809979 -0.88742675003766214
decision_type=2 2 2 2 2 2 2 2 2 2 2 2 2 2
left_child=7 2 4 -3 -2 -4 -5 8 13 10 -9 -10 -11 -1
right_child=1 3 5 6 -6 -7 -8 9 11 12 -12 -13 -14 -15
leaf_value=-1.6966562249801181e-05 0.030987124449460293 0.025689014901388571 0.00983501564961165 -0.012298492668706926 0.0047866139476087982 0.0017817540531901341 0.010770512338598973 -0.0069422942803936414 -0.0063579940490610777 -0.00095019069786635906 -4.3870895305111927e-05 0.0095376954082639614 -0.016039752800120381 0.0088508873501305756
leaf_weight=48.792449675500393 11.860024064779283 24.245277412235737 77.551687397062778 8.0102417282760126 16.175760615617037 438.41367456316948 33.295151758939028 295.77401121985167 64.674218043684959 1351.8639878127724 198.23385215643793 11.833138450980185 10.517592735588549 76.33385349996388
leaf_count=528 64 120 524 45 96 3032 167 9124 911 22002 4770 142 161 921
internal_value=-4.41674e-05 0.00502792 0.0038985 0.013786 0.017695 0.00305445 0.00558905 -0.00155714 0.00189303 -0.00194159 -0.0042157 -0.00352805 -0.00110102 0.00532905
internal_weight=2667.57 609.552 544.001 65.5507 28.0358 515.965 41.3054 2058.02 201.634 1856.39 494.008 76.5074 1362.38 125.126
internal_count=42607 4048 3716 332 160 3556 212 38559 2502 36057 13894 1053 22163 1449
is_linear=0
shrinkage=0.03


Tree=29
num_leaves=15
num_cat=0
split_feature=8 8 6 20 13 21 20 8 13 0 13 15 13 10
split_gain=19.2263 5.20868 5.63319 6.66129 5.24323 6.53313 5.15582 3.77457 4.20299 5.1437 3.32639 4.79539 3.91426 2.99376
threshold=1.7784619453266119 3.1148300177910131 -0.014997147867075766 0.0088865942471213506 0.89897959183673481 0.0085951116978313022 0.0076811383695174493 0.57622261493656068 0.06394557823129253 -0.33411791700650068 0.41408163265306125 0.30952380952380959 0.93938775510204098 -0.76478809983847196
decision_type=2 2 2 2 2 2 2 2 2 2 2 2 2 2
left_child=7 2 3 -2 -3 -6 -4 8 9 -1 11 -9 -12 -10
right_child=1 4 6 -5 5 -7 -8 10 13 -11 12 -13 -14 -15
leaf_value=0.0072788438192160822 0.013804561787040205 0.024636214548485854 -0.0050428487599382251 0.0024703724934763858 0.018053609440430916 -0.0044816996930076595 0.0051425071056289415 0.014257090049609828 3.5450263145818992e-05 -0.0026096052971069888 -0.0019473825413723743 0.0016043829693905207 0.0044610954713918891 -0.0033203895068004219
leaf_weight=90.116939131170511 87.242421187460423 23.23584607988596 83.348490722477436 108.39107316359878 19.607428885996342 21.96890227496624 91.674359261989594 32.992168471217155 296.71959493029863 92.970383720472455 393.32542790286243 137.36293593980372 106.9200100786984 1068.6127942902967
leaf_count=774 474 120 463 705 87 125 547 276 6418 1524 4544 1601 1111 23838
internal_value=-4.99509e-05 0.00569268 0.00421563 0.00768928 0.0135363 0.00614257 0.00020518 -0.00118777 -0.00200371 0.00220258 0.000674294 0.00427883 -0.00053549 -0.00258113
internal_weight=2654.49 435.469 370.656 195.633 64.8122 41.5763 175.023 2219.02 1548.42 183.087 670.601 170.355 500.245 1365.33
internal_count=42607 2521 2189 1179 332 212 1010 40086 32554 2298 7532 1877 5655 30256
is_linear=0
shrinkage=0.03


Tree=30
num_leaves=13
num_cat=0
split_feature=8 16 1 16 21 13 0 8 10 23 0 15
split_gain=11.132 6.54568 6.43732 7.65555 4.56489 4.32806 6.54608 4.42858 3.80763 3.24511 3.15734 2.6125
threshold=2.0690212530876981 0.06394557823129253 0.94777777777777794 0.77664399092970526 0.0090783659730456472 0.06394557823129253 -0.34320841580332601 0.69561206469165027 -0.77554780345407959 -0.03216952343401857 2.6688039021321686 0.92857142857142871
decision_type=2 2 2 2 2 2 2 2 2 2 2 2
left_child=5 -2 4 -4 -3 6 9 8 -7 -1 -9 -8
right_child=1 2 3 -5 -6 7 11 10 -10 -11 -12 -13
leaf_value=0.01877436137994315 -0.01939669647742711 0.013893238768984089 0.013995921488267674 -0.010149670303990001 0.0049047831394942861 0.00064041270458308733 0.0064024006819230076 0.00021413601770464702 -0.0030603349451589854 0.005280341712407894 0.010222735409687588 -0.0045304175699713333
leaf_weight=21.217261519283056 7.3308514505624762 79.767618414014578 14.248443305492399 39.613436721265316 168.93710008636117 311.79935124516487 22.874186042696238 637.23340589925647 1136.9406696353108 81.851911794394255 27.915578192099929 82.862798009067774
leaf_count=141 40 439 69 244 907 6529 318 6605 24974 740 198 1322
internal_value=-0.000189761 0.00512504 0.0058919 -0.00322135 0.00793534 -0.000909121 0.00317091 -0.00132184 -0.00225373 0.00850541 0.000686057 -0.00195114
internal_weight=2632.59 309.897 302.567 53.8619 248.705 2322.7 208.806 2113.89 1448.74 103.069 665.149 105.737
internal_count=42526 1699 1659 313 1346 40827 2521 38306 31503 881 6803 1640
is_linear=0
shrinkage=0.03


Tree=31
num_leaves=13
num_cat=0
split_feature=8 16 16 0 2 13 0 18 18 4 4 6
split_gain=11.1065 4.78748 4.80678 6.87487 4.54841 4.94712 5.75575 4.39066 4.05966 4.79944 3.30619 3.23965
threshold=2.0690212530876981 0.085260770975056702 0.65653061224489806 1.6071070281840873 2.3381624326610271 0.06394557823129253 -0.34320841580332601 0.0129757939160019 0.054187462608178867 1.5408655846605535 1.760021982374502 0.27525242351686385
decision_type=2 2 2 2 2 2 2 2 2 2 2 2
left_child=4 -2 7 -4 5 6 -1 -3 9 -6 -10 -7
right_child=1 2 3 -5 8 11 -8 -9 10 -11 -12 -13
leaf_value=0.0081771334283191367 -0.014215227077910156 0.023215913282843781 0.0062634995977706998 -0.0068237911815851159 -0.00079469486340694715 -0.00090854565690756184 -0.0016363987693255658 0.0060928879298442753 0.0038367105981336781 0.016417458541473605 -0.025868284349177182 -0.0039193890279346126
leaf_weight=105.49673099070787 8.7006941959261876 23.832362651824951 190.24633083119988 41.729856595396996 20.977708667516708 1635.9181972378865 102.48095730133355 39.671182505786419 5.4360197726637107 35.445140866562724 3.7795705366879702 406.80762573797256
leaf_count=878 52 112 1062 271 184 29406 1622 202 54 278 54 8351
internal_value=-0.000114242 0.00524932 0.00596461 0.00380693 -0.000828972 -0.00106421 0.00330055 0.0132607 0.0068085 0.00995319 -0.00944914 -0.00151874
internal_weight=2620.52 304.18 295.48 231.976 2316.34 2250.7 207.978 63.5035 65.6384 56.4228 9.21559 2042.73
internal_count=42526 1699 1647 1333 40827 40257 2500 314 570 462 108 37757
is_linear=0
shrinkage=0.03


Tree=32
num_leaves=15
num_cat=0
split_feature=8 1 7 2 10 2 13 1 5 6 19 6 1 6
split_gain=9.1525 4.57096 4.56996 6.87598 4.23838 4.13523 4.07337 5.2487 4.00958 3.92261 3.53115 4.27731 3.17017 3.07767
threshold=2.0690212530876981 0.1788888888888889 0.14920634920634923 -1.6341872492341329 2.9060577463099126 2.3381624326610271 0.06394557823129253 0.35777777777777781 0.085260770975056702 0.23725677586256158 0.0050331300533814202 0.84605095945184272 0.65653061224489806 0.27525242351686385
decision_type=2 2 2 2 2 2 2 2 2 2 2 2 2 2
left_child=5 4 3 -3 9 6 7 -1 -4 -2 12 -12 -7 -8
right_child=1 2 8 -5 -6 10 13 -9 -10 -11 11 -13 -14 -15
leaf_value=0.0080292956678894249 0.012760363994396985 0.0069153539006180272 0.022145004036734427 -0.01992866383530402 -0.01129070199096122 -0.023838964035836675 -0.00082614959363256973 -0.0013473656461147256 0.0024638531286881298 -0.0051734606297045207 0.014954012918484617 -0.0067833412387507163 0.0021669165717868584 -0.0037789305300357356
leaf_weight=96.43488172441721 98.901614125818014 12.815496802330019 8.3553180024027807 17.58005378767848 6.0670189931988707 3.3792383112013367 1635.7336728861555 112.42861775681376 147.83498841151595 9.9671884402632696 38.926812330260873 7.8740962371230117 15.078163830563424 400.3659975649789
leaf_count=795 514 72 33 124 35 36 29406 1705 861 60 306 85 143 8351
internal_value=-0.000129409 0.00476173 0.00172728 -0.00841936 0.00944576 -0.000777836 -0.00100239 0.00294591 0.00387818 0.0109195 0.00652428 0.0108613 -0.00372621 -0.00141726
internal_weight=2611.74 301.522 186.586 30.3956 114.936 2310.22 2244.96 208.863 156.19 108.869 65.2583 46.8009 18.4574 2036.1
internal_count=42526 1699 1090 196 609 40827 40257 2500 894 574 570 391 179 37757
is_linear=0
shrinkage=0.03


Tree=33
num_leaves=15
num_cat=0
split_feature=8 4 8 21 4 1 21 17 20 21 8 12 16 7
split_gain=8.93599 6.77936 6.14281 4.81764 4.63303 3.48791 3.24678 3.05698 3.93117 3.02838 2.75323 2.68412 2.34066 1.30668
threshold=0.69561206469165027 1.6806998262536024 3.1148300177910131 0.0089802858279808447 -1.4367531461526113 0.43428571428571433 0.01730996822613157 0.017992917989389071 0.05271974986722839 0.015423938651980074 1.2841964985907479 -0.76568114177689817 0.96888888888888902 0.12789115646258506
decision_type=2 2 2 2 2 2 2 2 2 2 2 2 2 2
left_child=5 2 4 -4 -2 7 12 8 -1 10 -3 -9 -7 -8
right_child=1 9 3 -5 -6 6 13 11 -10 -11 -12 -13 -14 -15
leaf_value=0.00020554562262469937 0.006411791157021317 0.0025137969470064915 0.018844491846568237 0.0010802686638696545 -7.2830147087323812e-05 -0.0020254945792979335 0.0031256926207807044 0.0038247407874598561 0.0076936913897929209 -0.0073759854261412194 0.01804429326161508 -0.0042193541580847916 -0.012395327356842067 -0.011980917767747137
leaf_weight=436.37635978870094 111.85189396888018 17.907045003026724 29.637826398015022 28.122816184535623 735.63551548495889 818.36392103973776 3.3012553555890909 42.182681128382683 72.752317907288671 4.6554993316531172 38.978400863707066 201.07773210667074 18.844569290056825 42.36155862454325
leaf_count=8053 879 170 150 166 7106 18611 78 506 1166 30 229 3899 393 1090
internal_value=-0.000135248 0.00214225 0.00145496 0.010772 0.000778437 -0.00149187 -0.0027687 0 0.00133083 0.011652 0.0136616 -0.00274349 -0.00230577 -0.0104887
internal_weight=2602.05 966.789 905.248 57.7606 847.487 1635.26 882.871 752.389 509.129 61.5409 56.8854 243.26 837.208 45.6628
internal_count=42526 8730 8301 316 7985 33796 20172 13624 9219 429 399 4405 19004 1168
is_linear=0
shrinkage=0.03


Tree=34
num_leaves=15
num_cat=0
split_feature=9 0 23 13 11 0 23 17 17 0 20 8 23 9
split_gain=8.64651 6.88432 4.07793 7.91252 4.86033 4.03965 4.56862 3.22858 3.21278 2.56723 4.54285 3.13156 2.11301 1.68965
threshold=0.9900000000000001 -1.3522979463385456 -0.012164933954284527 0.87877551020408173 0.57460317460317467 2.9433056389577286 0.00032901319370559628 -0.024869836306615541 0.029222108494573965 -0.495385175883093 0.004584971851874787 0.7121267231385825 0.02669811656754462 0.9191836734693879
decision_type=2 2 2 2 2 2 2 2 2 2 2 2 2 2
left_child=5 8 4 -4 -3 9 7 -7 12 10 -1 -11 -2 -8
right_child=1 2 3 -5 -6 6 13 -9 -10 11 -12 -13 -14 -15
leaf_value=0.0033453756128696121 0.0047328816217770053 0.0037287377326632909 0.014858863045245982 -0.0032016550458309574 -0.0194210104823648 0.012080091304319758 0.0015441052765639395 -0.016876329648630967 0.02992419305648376 -0.002315039652093856 -0.0011237791943301009 0.00066650070173504973 0.02042412549960336 0.022043285080643817
leaf_weight=328.14190949313343 30.620070829987526 14.586461659520866 39.495547443628311 42.67146740667522 13.277310304343699 3.4367762096226215 7.0766439791768816 6.661849942058323 10.359274998307226 1106.0465204231441 531.00441358145326 433.3913603387773 11.784098424017428 15.339189469814299
leaf_count=4405 154 84 198 253 78 27 84 76 41 24716 7821 4433 60 96
internal_value=-0.000123015 0.00651999 0.00199677 0.00544814 -0.0073619 -0.00057901 0.0095822 -0.00541413 0.0152612 -0.000730869 0.000569554 -0.00146615 0.0101548 0.0168427
internal_weight=2593.89 162.794 110.031 82.167 27.8638 2431.1 32.5145 10.0986 52.7634 2398.58 859.146 1539.44 42.4042 22.4158
internal_count=42526 868 613 451 162 41658 283 103 255 41375 12226 29149 214 180
is_linear=0
shrinkage=0.03


Tree=35
num_leaves=15
num_cat=0
split_feature=9 3 0 1 19 12 13 12 4 12 9 19 19 19
split_gain=17.7463 4.85491 3.76821 3.25316 6.5373 3.23347 3.03324 4.35144 3.46742 3.18121 2.68494 1.89892 3.97919 2.29201
threshold=0.76775510204081643 0.9900000000000001 -0.87375170847051342 0.97979591836734703 0.0075939025374576917 2.4501226361430106 0.06394557823129253 -0.88742675003766214 -0.3556188357904575 -0.94244564563447641 0.97979591836734703 0.0025837347057912777 0.001597756670429469 0.0050658736488835088
decision_type=2 2 2 2 2 2 2 2 2 2 2 2 2 2
left_child=6 3 -3 10 -5 -4 7 9 -9 -1 -2 12 -8 -13
right_child=1 2 5 4 -6 -7 11 8 -10 -11 -12 13 -14 -15
leaf_value=0 0.0011325235264832074 -0.0085850949083250416 0.015532575847907642 0.0032456698591560246 0.023342319385540745 0.00092326047053430875 -0.0078059013556086975 -0.00045555190913644728 0.010332361882059717 -0.014973640252072659 0.0048685782876691473 -0.0041652096815214942 0.0065286221621619735 -0.001469034315372055
leaf_weight=58.118623146787286 670.22140605375171 6.5627897419035426 59.003849685192108 62.632627628743649 18.422392554581165 20.795717839151621 22.307705784216523 41.744784655049443 61.439239073544741 14.859361061826347 240.77826498821378 470.27913488540798 56.245473363436759 789.03361324686557
leaf_count=716 7671 46 380 538 134 139 480 489 806 197 1335 10673 1110 17875
internal_value=0.000375619 0.00331803 0.0101297 0.00269077 0.00844599 0.0120244 -0.00171193 0.00192715 0.00589965 -0.00349708 0.0021449 -0.00220446 0.00217892 -0.0024928
internal_weight=2592.44 1078.42 86.3624 992.055 81.055 79.7996 1514.03 176.162 103.184 72.978 911 1337.87 78.5532 1259.31
internal_count=42589 10243 565 9678 672 519 32346 2208 1295 913 9006 30138 1590 28548
is_linear=0
shrinkage=0.03


Tree=36
num_leaves=15
num_cat=0
split_feature=9 3 20 20 11 18 12 4 10 21 4 20 9 21
split_gain=17.0107 4.79537 3.84183 3.564 3.77392 3.42455 3.25525 3.18191 2.25824 2.36524 3.36127 2.06839 4.21067 3.22846
threshold=0.76775510204081643 0.9900000000000001 0.040538952513958122 0.07460195005390792 0.80816326530612259 0.022598390108861558 3.3129537100271333 1.1080886165764336 -0.71465786320286384 0.0097388041139670322 -0.71574079251631095 0.012055423356726826 0.36367346938775519 0.017092536142546477
decision_type=2 2 2 2 2 2 2 2 2 2 2 2 2 2
left_child=8 3 6 4 -2 -4 -3 -5 9 -1 -11 12 -10 -13
right_child=1 2 5 7 -6 -7 -8 -9 11 10 -12 13 -14 -15
leaf_value=-0.002096676000170424 0.0018028103159284802 0.017421802050921871 0.0096094711655223125 -0.009683119495241671 0.0060902457344316702 -0.011857570338413946 0.00063657007005958946 0.012749774330428145 -0.0073652500887614481 -0.0048380044092689771 0.0048137099044995284 -0.00075431478770324992 -0.0015479684291137296 -0.012141302304782869
leaf_weight=173.34720223583281 686.89408666267991 48.37718690559268 12.12166838720441 32.93074581772089 261.60091431252658 10.646122284233568 15.686820626258848 4.4919356685131779 185.69221625570208 38.230783543549478 148.61475183721632 637.72080723103136 302.98467210028321 21.536318076774478
leaf_count=3548 6911 303 78 385 2336 87 97 46 5284 787 3071 13316 5867 473
internal_value=0.00037805 0.00326731 0.0100152 0.00263875 0.00301142 0 0.0136825 -0.00609973 -0.00166879 0.00036647 0.0027291 -0.00231998 -0.00381006 -0.00118458
internal_weight=2580.88 1072.75 86.8318 985.918 948.495 22.7678 64.064 37.4227 1508.13 360.193 186.846 1147.93 488.677 659.257
internal_count=42589 10243 565 9678 9247 165 400 431 32346 7406 3858 24940 11151 13789
is_linear=0
shrinkage=0.03


Tree=37
num_leaves=15
num_cat=0
split_feature=8 7 23 3 17 23 23 14 19 3 7 4 11 5
split_gain=14.8492 7.68498 8.25691 7.13511 5.55445 5.43218 4.32508 4.12525 3.32001 3.60014 2.83634 2.68855 1.53884 1.51052
threshold=1.0984392800400851 0.1705215419501134 -0.0030050374229981243 0.45448979591836741 -0.020564556758440319 0.1180014830065418 -0.059332163830426603 0.61904761904761918 0.010327835641592726 0.26598639455782319 0.85857142857142865 -0.08659701195612933 0.95959183673469395 0.95959183673469395
decision_type=2 2 2 2 2 2 2 2 2 2 2 2 2 2
left_child=8 4 3 -3 7 -4 -6 -2 10 -10 11 -1 -12 -11
right_child=1 2 5 -5 6 -7 -8 -9 9 13 12 -13 -14 -15
leaf_value=-0.0015566404153285246 -7.7255570677967628e-05 0.0064542918209307245 0.0095764294432512387 -0.0051956629497654054 0.009411877399271483 -0.0090143104554993095 -0.0052459502618037541 0.019103055482759482 0.0044899472791857095 -0.019763744771763875 -0.0030092831407501357 0.0008993966060878223 -0.011516494967539129 0.0026880717136428308
leaf_weight=850.65617503225803 18.009518824517727 96.053629420697689 320.06267353892326 88.799660973250866 18.240568540990353 12.45017149671912 142.18881486915052 17.227297827601433 7.3179269731044796 18.459794681519273 209.68046476691961 748.59253157861531 21.53371246624738 1.2930705863982428
leaf_count=15876 153 651 2421 687 133 103 1277 127 156 457 4952 15065 506 25
internal_value=0.000377444 0.00405563 0.00596892 0.000781909 -0.000936687 0.00878577 -0.00339166 0.00941956 -0.00102924 -0.011134 -0.000859625 -0.000397939 -0.00395787 -0.0174924
internal_weight=2570.57 713.032 517.366 184.853 195.666 332.513 160.429 35.2368 1857.53 27.0708 1830.46 1599.25 231.214 19.7529
internal_count=42589 5552 3862 1338 1690 2524 1410 280 37037 638 36399 30941 5458 482
is_linear=0
shrinkage=0.03


Tree=38
num_leaves=15
num_cat=0
split_feature=8 20 11 13 4 4 23 15 13 0 8 20 15 4
split_gain=13.5107 4.58717 5.88137 5.60889 4.77739 4.77298 3.89728 3.57556 3.02842 4.15181 3.01659 5.07841 2.90133 2.59792
threshold=1.0984392800400851 -0.019540103986373122 0.87877551020408173 0.93938775510204098 -0.84431612537332856 -1.0836759342749853 0.070562199804531059 0.53571428571428581 0.06394557823129253 -0.41639259903910103 -0.41436548176940596 0.031955995620656548 0.92857142857142871 -0.096489385393470406
decision_type=2 2 2 2 2 2 2 2 2 2 2 2 2 2
left_child=8 3 6 7 -5 -4 -3 -2 9 13 11 -10 -11 -1
right_child=1 2 5 4 -6 -7 -8 -9 10 12 -12 -13 -14 -15
leaf_value=0.003588411685639874 0.00025215269140153526 0.0044873136052103252 0 -0.0050468732569401726 0.015992792835689055 0.013346263446717452 -0.0033439409403782441 -0.010534486812060822 -0.0058992919481586099 0.0084208279077986007 -0.00055103597119452417 0.00026775514975283313 -0.003906214388748103 0.015720813216739217
leaf_weight=58.354803953319788 58.337962694466114 362.06579562835395 30.964088261127472 12.55335261672735 25.071401707828045 109.09138542786241 64.097067184746265 46.356352508068085 288.62188112922013 19.207435064017773 1187.2834309870377 196.96831171307713 82.153067981824279 23.935616292059422
leaf_count=543 409 2881 220 91 170 765 596 420 9131 287 20844 4717 1346 169
internal_value=0.000363877 0.00388642 0.00509689 -0.000829389 0.00869402 0.0104431 0.0032643 -0.00449129 -0.000975158 0.0026349 -0.00138311 -0.00337617 -0.00130742 0.00758457
internal_weight=2565.06 708.537 566.218 142.319 37.6248 140.055 426.163 104.694 1856.52 183.651 1672.87 485.59 101.361 82.2904
internal_count=42589 5552 4462 1090 261 985 3477 829 37037 2345 34692 13848 1633 712
is_linear=0
shrinkage=0.03


Tree=39
num_leaves=13
num_cat=0
split_feature=2 12 13 2 12 19 12 13 0 18 2 19
split_gain=4.88357 4.47771 3.99529 4.02598 3.80961 3.5565 5.42661 5.08258 2.76702 2.63854 4.5345 3.2682
threshold=1.321777061630129 -0.86108824674012208 0.9191836734693879 -2.3489409842457447 0.18061059561442552 0.0064193214853261451 0.52331071931925111 0.68444444444444452 1.6592760641426809 -0.091372307657185056 -0.45030998734422267 0.0068601079835472244
decision_type=2 2 2 2 2 2 2 2 2 2 2 2
left_child=2 -2 3 4 -1 6 -3 -7 -5 10 -4 -11
right_child=1 5 9 8 -6 7 -8 -9 -10 11 -12 -13
leaf_value=0 0.022702194712174991 0.0046374757913622876 0.028531172226460295 -0.0010481827435818729 0.019450722756980836 -0.00040581131680116029 -0.0054528962316047532 0.012327434491228018 0.0049580383546016559 0.0045677232020903732 -0.0032327465498757433 -0.0025077761644728427
leaf_weight=19.841210393235087 9.2279989123344404 117.57729198597372 7.4070985578000546 1848.5401473958045 15.243250239640473 43.362838006578386 77.653035060502589 67.962202055379748 69.00980154518038 190.90658239275217 5.1267542447894794 79.977962035685778
leaf_count=153 73 1603 46 34049 84 671 796 662 1012 2345 69 1026
internal_value=0.000354844 0.0038364 -0.00013312 -0.000623568 0.00913555 0.00307641 0.000533372 0.00731564 -0.000819273 0.003174 0.0158497 0.00242066
internal_weight=2551.84 315.783 2236.05 1952.63 35.0845 306.555 195.23 111.325 1917.55 283.418 12.5339 270.885
internal_count=42589 3805 38784 35298 237 3732 2399 1333 35061 3486 115 3371
is_linear=0
shrinkage=0.03


Tree=40
num_leaves=15
num_cat=0
split_feature=9 21 21 19 14 12 21 21 21 21 6 22 12 19
split_gain=9.71096 3.77048 6.94399 5.1809 4.93681 3.27551 7.60058 3.14488 2.64687 5.30091 5.09115 3.25818 2.74495 4.93224
threshold=0.76775510204081643 0.009472703765096244 0.013536658895112153 0.0033704395407649491 0.15476190476190479 3.7314656802937525 0.0079306843594489519 0.0081937490223630473 0.0090783659730456472 0.011604734873718372 0.28801680443575145 1.0000000180025095e-35 -0.80410531296735355 0.0038047855041301302
decision_type=2 2 2 2 2 2 2 2 2 2 2 2 2 2
left_child=8 5 3 -3 -4 7 -7 -2 12 10 -10 -11 13 -1
right_child=1 2 4 -5 -6 6 -8 -9 9 11 -12 -13 -14 -15
leaf_value=-0.013997316149120547 0.0016471100210123798 -0.0072541211734585423 -0.007857988398648404 0.0007362114873747242 0.0084701527646046694 0.027559850587161545 -0.0047588195119205364 0.0069551991471038929 0.0034541538791065421 -0.0068250968026324363 -0.0042714009094374341 -0.00091767763533425058 -0.0034506161045730404 0.0072961661707255368
leaf_weight=9.838334806263445 243.09409903176129 88.187168097123504 16.414207261055708 372.31936378590763 136.28329404629767 14.63772799447179 8.8095289096236211 184.13552786968648 401.60620990395546 116.25404954236001 91.484854442067444 320.99182554334402 517.32796745933592 49.397865580394864
leaf_count=156 2576 831 105 3512 1325 92 64 1821 8053 2729 2371 6984 11499 698
internal_value=0.000401099 0.00259722 0.00102882 -0.00078626 0.0065391 0.00468413 0.0154081 0.00399159 -0.00114082 -0.000132668 0.00197904 -0.0025464 -0.00273556 0.003173
internal_weight=2570.78 1063.88 613.204 460.507 152.698 450.677 23.4473 427.23 1506.9 930.337 493.091 437.246 576.564 59.2362
internal_count=42816 10326 5773 4343 1430 4553 156 4397 32490 20137 10424 9713 12353 854
is_linear=0
shrinkage=0.03


Tree=41
num_leaves=14
num_cat=0
split_feature=8 6 10 6 13 6 10 21 13 19 6 8 22
split_gain=11.3182 5.16751 4.10408 3.90563 3.82226 3.33974 2.81694 4.09091 2.93974 1.97623 1.81714 1.83089 0.596232
threshold=1.0450318154264744 -3.8711314033231115 0.95622095820426145 0.28150355407233291 0.69693877551020422 0.63889492180811758 -0.75436737645949858 0.0086697884637209292 0.042630385487528351 0.0047892167367912736 3.804226600959788 0.92818037033424783 1.0000000180025095e-35
decision_type=2 2 2 2 2 2 2 2 2 2 2 2 2
left_child=3 9 4 6 -3 -4 7 -1 -8 -2 11 -5 -12
right_child=1 2 5 10 -6 -7 8 -9 -10 -11 12 -13 -14
leaf_value=-0.0025499487345570374 0 -0.000599941962569523 0.0096865503556856757 -0.0037083611147974171 0.0044862625850269873 -0.00089020635531977452 0.0043022635367515084 0.0043630761585591073 -0.0013824345517197707 -0.024402338223310564 0 0.0062187241539873508 -0.015325340301294014
leaf_weight=109.06129774358124 5.2247777171432954 209.3691892363131 147.31040158122778 310.5399286178872 339.33380474336445 29.285112008452415 85.794145308434963 237.55887401569635 1053.7982829911634 5.922102864831686 1.8378518782556046 14.81519093364477 13.953167021274565
leaf_count=2110 53 1829 1070 7454 2683 208 974 4351 21424 63 47 175 375
internal_value=0.000377318 0.00351603 0.0038608 -0.000881878 0.00252315 0.00785827 -0.00020484 0.00214277 -0.000934535 -0.0149511 -0.00376932 -0.00317527 -0.0134329
internal_weight=2563.8 736.445 725.299 1827.36 548.703 176.596 1486.21 346.62 1139.59 11.1469 341.146 325.355 15.791
internal_count=42816 5906 5790 36910 4512 1278 28859 6461 22398 116 8051 7629 422
is_linear=0
shrinkage=0.03


Tree=42
num_leaves=15
num_cat=0
split_feature=8 4 10 13 2 13 21 21 17 13 17 15 13 13
split_gain=10.5428 4.5511 3.52336 3.49577 4.84791 4.33 3.43193 3.3453 3.51948 3.01058 3.59363 2.81355 2.36881 1.86049
threshold=1.0450318154264744 0.67460683584663417 -0.78568952023402805 0.82111111111111124 0.62898765094637776 0.55328798185941053 0.0088269963408753281 0.0063591456315682882 0.048438311680519493 0.042630385487528351 0.004239515958119556 0.79166666666666685 0.48444444444444451 0.77664399092970526
decision_type=2 2 2 2 2 2 2 2 2 2 2 2 2 2
left_child=2 3 6 5 -5 -2 13 -3 -9 10 -4 -11 -8 -1
right_child=1 7 9 4 -6 -7 12 8 -10 11 -12 -13 -14 -15
leaf_value=-0.0046119892387319677 0.0037215938568611576 0.020429201356156036 -0.0028766843058730569 0.0069660576128856028 -0.0032819663268942767 -0.0034748956866379531 0.0063250051850150162 0.006868278263965852 -0.010486019210247385 -0.00043125500045476504 0.0080219184553373419 -0.0032371911959069178 0.00059094420469220528 0.003423153346399456
leaf_weight=91.697535803541541 134.40157017111778 15.144701126962898 44.495495971292257 180.51779719442129 50.257650319486856 165.21641806513071 136.46794138662517 181.02594118565321 8.7581581436097604 622.69050679076463 60.038362501189113 696.96223442070186 134.74588903319091 32.07715424336493
leaf_count=1887 1189 120 560 1361 397 1447 2547 1321 71 12746 705 15402 2500 563
internal_value=0.000388808 0.00341914 -0.000830246 0.0018999 0.00466081 -0.000193716 0.00165279 0.00722237 0.0058882 -0.00153077 0.00327514 -0.00192719 0.00355626 -0.00238904
internal_weight=2554.5 735.322 1819.18 530.393 230.775 299.618 394.989 204.929 189.784 1424.19 104.534 1319.65 271.214 123.775
internal_count=42816 5906 36910 4394 1758 2636 7497 1512 1392 29413 1265 28148 5047 2450
is_linear=0
shrinkage=0.03


Tree=43
num_leaves=15
num_cat=0
split_feature=8 19 19 0 4 13 6 6 13 10 21 18 8 7
split_gain=10.5256 5.08247 7.26696 8.0215 5.26753 4.94978 4.04863 3.60166 2.87479 2.84573 3.8552 2.82028 2.48084 2.20818
threshold=1.0450318154264744 0.0026927872455214503 0.0019613689165347671 0.10110125096113312 1.5149814554014085 0.63632653061224509 -3.8711314033231115 0.28150355407233291 0.69693877551020422 -0.75436737645949858 0.0086697884637209292 0.0003248104072657299 -0.11397137635563835 0.75532879818594112
decision_type=2 2 2 2 2 2 2 2 2 2 2 2 2 2
left_child=7 2 3 -2 6 -4 -3 9 -6 10 -1 13 -11 -9
right_child=1 4 5 -5 8 -7 -8 11 -10 12 -12 -13 -14 -15
leaf_value=-0.0024269659299202668 0.027277150782285733 -0.014603298657720773 0.002116026055574319 -0.012265598152790255 0.0012014507480438683 -0.025403999175968105 0.0034842574103373962 -0.017176501675590018 0.015951831428665346 -0.0023098153329026922 0.0042706022228134041 -0.0019240716934738967 0.00048849185210399519 -0.0050173166419933916
leaf_weight=107.79399312566966 7.5277932025492174 9.1031618528068048 6.8820361085236099 6.6953721791505814 19.169803835451603 16.083093402907252 621.21254097297788 19.415528686717153 47.114525113254786 558.42851790878922 245.90808790642768 253.5560597833246 565.23861096054316 61.890321080572903
leaf_count=2110 40 99 59 55 137 153 5083 471 280 13329 4351 6037 9069 1543
internal_value=0.000429975 0.00346002 -0.00694981 0.00852097 0.00405553 -0.0170473 0.00315395 -0.000791109 0.0120657 -0.00014205 0.00218512 -0.0035923 -0.00089049 -0.00844361
internal_weight=2546.02 733.788 37.1883 14.2232 696.6 22.9651 630.316 1812.23 66.2843 1477.37 353.702 334.862 1123.67 81.3058
internal_count=42816 5906 307 95 5599 212 5182 36910 417 28859 6461 8051 22398 2014
is_linear=0
shrinkage=0.03


Tree=44
num_leaves=15
num_cat=0
split_feature=9 6 19 21 0 19 7 10 10 21 9 7 18 7
split_gain=8.70126 4.12518 3.53846 6.36945 6.58332 5.59439 4.22719 3.12282 2.59406 4.19859 3.05344 2.52292 1.97565 2.50021
threshold=0.90555555555555567 0.28150355407233291 0.0033704395407649491 0.0095998596547918497 -2.2892001629093057 0.0043951021736457737 0.32326530612244903 0.18633350088996528 -0.75436737645949858 0.0086268136257464708 0.76775510204081643 0.75532879818594112 0.0003248104072657299 0.75532879818594112
decision_type=2 2 2 2 2 2 2 2 2 2 2 2 2 2
left_child=1 8 3 11 -5 6 -4 -7 9 -1 -10 -2 13 -3
right_child=2 12 5 4 -6 7 -8 -9 10 -11 -12 -13 -14 -15
leaf_value=-0.0025275210854937961 0.018037167671189035 -0.016631136986132108 0.0029564182236840905 0.013050697772215143 -0.013052842842433453 0.00059246768326253016 0.017049150464130913 0.0058223004289977261 -0.0013703931287768305 0.004292170356183277 0.0021951068387120174 -0.0015878555052686396 -0.0020355926678947514 -0.0040824024954073434
leaf_weight=110.59309484250844 13.026240941137077 19.272760208696127 36.517807748168707 8.5332869440317136 42.887972099706531 230.13559912890196 50.041254717856646 195.59891233593225 923.40764052141458 274.24954374320805 277.97866333462298 7.0790549367666236 278.48884117323905 67.898862817324698
leaf_count=2131 98 481 275 45 360 1795 333 1363 19805 4640 3517 58 6310 1605
internal_value=0.000447153 -0.000507995 0.00365695 -0.00240504 -0.00811379 0.00453855 0.0114741 0.00304631 0.000146414 0.00229067 -0.00053066 0.0109302 -0.00337297 -0.0073358
internal_weight=2535.71 1951.89 583.82 71.5266 51.4213 512.294 86.5591 425.735 1586.23 384.843 1201.39 20.1053 365.66 87.1716
internal_count=42816 38489 4327 561 405 3766 608 3158 30093 6771 23322 156 8396 2086
is_linear=0
shrinkage=0.03


Tree=45
num_leaves=13
num_cat=0
split_feature=8 4 12 10 12 7 9 18 5 17 10 12
split_gain=8.535 4.00922 4.32117 6.17235 5.0923 2.88429 2.8361 2.98652 2.73131 1.53874 1.38378 1.40717
threshold=1.5526000607006554 1.9992783097545912 -0.11969630732060725 0.42801625798978865 0.021683666511191243 0.96888888888888902 0.76775510204081643 -0.083170437402188976 0.53197278911564638 1.0000000180025095e-35 3.2204130971036733 2.3438083952074851
decision_type=2 2 2 2 2 2 2 2 2 2 2 2
left_child=5 2 3 -2 -4 6 7 -1 -8 -3 11 -7
right_child=1 9 4 -5 -6 10 8 -9 -10 -11 -12 -13
leaf_value=-0.0087462174321780006 0.0015358086073422297 0.027765668892860664 -0.012044433497705224 0.014854254492389717 0.0021515299202612974 -0.0059562313285879973 -0.00067762949475148274 -0.0011285412302185095 0.003643307373415373 0.0038589491374972167 0.009395345343404601 -0.02232265753815867
leaf_weight=46.756344834342599 74.174480721354485 6.7010657340288144 22.355633027851582 56.861297208815813 309.56826149299741 59.028399989008904 299.18130526319146 1389.741307980381 226.48475272394717 6.7635523751378059 1.9524436909705389 4.7253954727202645
leaf_count=1263 544 30 187 355 2166 1387 3790 30028 2661 47 33 81
internal_value=-6.84181e-05 0.00352979 0.00297516 0.00756436 0.00108408 -0.00092381 -0.000704483 -0.00139873 0.00116238 0.0187789 -0.00703766 -0.00803951
internal_weight=2504.29 476.424 462.96 131.036 331.924 2027.87 1962.16 1436.5 525.666 13.4646 65.7062 63.7538
internal_count=42572 3329 3252 899 2353 39243 37742 31291 6451 77 1501 1468
is_linear=0
shrinkage=0.03


Tree=46
num_leaves=15
num_cat=0
split_feature=8 11 12 12 16 12 5 6 12 20 12 24 5 3
split_gain=8.22881 3.47533 4.31432 5.03629 3.95498 4.48764 4.47476 2.5778 1.88005 5.17724 5.08688 1.81093 0.647242 0.141556
threshold=1.5526000607006554 0.87877551020408173 -0.45101231748778159 -0.29094097424504056 0.6161224489795919 -0.41581770648721827 0.075000000000000025 3.804226600959788 -0.4591694305385981 0.050085093688953315 0.042901582256343683 1.0000000180025095e-35 0.9900000000000001 0.73734693877551039
decision_type=2 2 2 2 2 2 2 2 2 2 2 2 2 2
left_child=7 4 -3 -4 5 -2 -6 8 9 -1 -10 13 -13 -9
right_child=1 2 3 -5 6 -7 -8 11 10 -11 -12 12 -14 -15
leaf_value=-0.00084716854123636348 -0.00018439612197526179 0.022485475654317612 -0.013191391533514828 0.0075041706027692123 0.010015066627445028 0.011817693146226577 -0.0018075915197649944 0.0050140888922449662 -0.0036354672088694476 0.0050311346743980309 0.000357929620972647 -0.018596244258516883 0 -0.00093937499047635825
leaf_weight=705.26793627627194 45.861911170184612 14.568997599184511 9.5214945711195451 98.962640069425106 31.201810598373413 61.368471041321754 213.54794213175774 3.2940444778651008 554.69067715853453 164.26819553039968 579.48839078657329 12.267394464462994 1.352057431824506 1.7800954803824423
leaf_count=14182 319 83 58 638 177 432 1622 73 11459 2921 10210 329 29 40
internal_value=-5.59764e-05 0.00348227 0.00782242 0.00534607 0.00188694 0.00663775 -0.000170636 -0.000897085 -0.000779451 0.000255116 -0.00158487 -0.0114872 -0.016691 0.00113001
internal_weight=2497.44 475.033 123.053 108.484 351.98 107.23 244.75 2022.41 2003.72 869.536 1134.18 18.6936 13.6195 5.07414
internal_count=42572 3329 779 696 2550 751 1799 39243 38772 17103 21669 471 358 113
is_linear=0
shrinkage=0.03


Tree=47
num_leaves=15
num_cat=0
split_feature=8 21 18 0 5 17 13 23 18 9 18 22 10 18
split_gain=8.21263 3.79134 4.47393 4.24756 5.33346 4.86209 3.02722 4.85005 4.46824 2.77311 2.45712 2.22523 1.13684 0.960975
threshold=1.5526000607006554 0.0063591456315682882 0.001080960421993238 -0.78168557412638628 0.69693877551020422 0.057740729596349356 0.06394557823129253 -0.059332163830426603 -0.010696399764578755 0.76775510204081643 -0.083170437402188976 1.0000000180025095e-35 0.56839404791013204 0.020220510882528523
decision_type=2 2 2 2 2 2 2 2 2 2 2 2 2 2
left_child=6 2 12 4 -3 -5 7 13 -9 11 -11 -8 -2 -1
right_child=1 3 -4 5 -6 -7 9 8 -10 10 -12 -13 -14 -15
leaf_value=-0.0041586914904844959 0.0070788843306991873 0.0042242034885406742 0.027632976588976229 0.0011902449987878075 0.019710767463570218 -0.021205336309395219 -0.0050075796381580098 0.012652161413128204 0.0013234555528874659 0.0099316320733836231 9.1166821284540905e-05 -0.0014491142773893253 -0.010762884017815314 -0.024864417017316686
leaf_weight=8.4280316401272994 6.4643257595598715 163.04208844155073 10.54047306627035 262.13550964929163 22.230751842260361 6.9960176311433306 189.77945709601045 39.965213181450963 142.04238947480917 22.101980347186327 507.71004602219909 1105.5661677764729 3.170983262360096 3.6519683487713328
leaf_count=143 59 1081 81 1897 126 56 4659 467 1828 251 6441 25396 29 58
internal_value=-1.30704e-05 0.00352342 0.0158188 0.00287771 0.00635318 0.000400626 -0.000854333 0.00266557 0.00400301 -0.00123936 0.00056569 -0.00198894 0 -0.0141264
internal_weight=2493.83 474.58 20.1758 454.404 185.273 269.132 2019.25 194.088 182.008 1825.16 529.812 1295.35 9.63531 12.08
internal_count=42572 3329 169 3160 1207 1953 39243 2496 2295 36747 6692 30055 88 201
is_linear=0
shrinkage=0.03


Tree=48
num_leaves=15
num_cat=0
split_feature=8 11 13 6 3 20 10 21 13 23 7 8 2 21
split_gain=8.0592 3.60038 6.29975 4.65247 4.40005 3.55627 4.20729 3.90991 2.8343 3.9438 2.49839 2.84049 1.39934 1.17743
threshold=1.5526000607006554 0.53197278911564638 0.45448979591836741 -0.13693377852760866 0.89897959183673481 0.014467878294418647 -0.28107968167998415 0.0067767240591237047 0.06394557823129253 -0.059332163830426603 0.96888888888888902 0.57622261493656068 2.0141501294409383 0.0077981873370941987
decision_type=2 2 2 2 2 2 2 2 2 2 2 2 2 2
left_child=8 5 4 -4 -3 6 -2 -7 9 -1 11 -10 -11 -12
right_child=1 2 3 -5 -6 7 -8 -9 10 12 13 -13 -14 -15
leaf_value=-0.012913850824908677 0.0068221969112981663 0.022377169808783473 0.0085776785135045427 0 -0.0043807107417508538 0.010990052496560807 -0.009482318127348276 -0.005732571252243206 -0.0017156490851496925 0.0041886182318850206 -0.015689873693835489 0.0009804005562604474 -0.011775963442720198 -0.0043529415780227086
leaf_weight=11.467439167201517 91.682337824255228 27.906808119267225 103.71202320232987 127.69061637669802 4.9786303341388694 12.205037597566841 14.313681252300738 89.633218357339501 1281.4963519517332 180.85078640840948 11.208715173415838 475.30637088418007 2.7285946123301974 50.872240149416029
leaf_count=201 642 167 682 878 40 103 115 702 29233 2270 283 6025 25 1206
internal_value=0 0.00352098 0.00583625 0.00392226 0.0178773 0.000477748 0.00434671 -0.00341088 -0.00082601 0.0025694 -0.00120077 -0.000977414 0.00374615 -0.00705971
internal_weight=2486.05 472.122 264.288 231.403 32.8854 207.834 105.996 101.838 2013.93 195.047 1818.88 1756.8 183.579 62.081
internal_count=42572 3329 1767 1560 207 1562 757 805 39243 2496 36747 35258 2295 1489
is_linear=0
shrinkage=0.03


Tree=49
num_leaves=14
num_cat=0
split_feature=8 4 13 11 19 13 0 19 8 8 20 5 17
split_gain=7.64406 4.2024 4.44861 6.35759 5.34661 3.19085 3.52095 2.37406 2.3561 2.13507 4.86228 1.38523 0.720017
threshold=1.3232215564513663 1.9992783097545912 0.45448979591836741 0.59591836734693893 0.0072302031788612905 0.042630385487528351 -0.40644540102062915 0.0068839950349469051 -0.96640709546263937 -0.44032268458140528 0.037556511324602589 0.58591836734693892 -0.00041209420521542967
decision_type=2 2 2 2 2 2 2 2 2 2 2 2 2
left_child=5 2 3 -2 -4 6 7 -1 -8 10 -7 -11 -3
right_child=1 12 4 -5 -6 9 8 -9 -10 11 -12 -13 -14
leaf_value=0.0040176528851322097 0 0.022219793062332446 -0.00056183230349113517 0.016365113068316867 0.0066390087666680225 -0.0051196564658839028 -0.0099616161647242477 0.017551329217584281 0.0020977792595940209 -0.0013797892227602447 0.0009706975589724011 0.00062506045613976266 0.0052753300810286603
leaf_weight=42.084240216761827 38.862441718578339 10.091002486646177 344.44927114807069 44.324510607868433 123.44158792868257 320.3996904566884 17.265052676200867 18.203825857490301 55.264697765931487 770.83945939131081 179.37964730896056 504.59051771275699 8.2557149156928045
leaf_count=369 308 53 2673 299 950 9879 294 151 825 13241 4149 9324 57
internal_value=4.54115e-06 0.00305472 0.00251823 0.00885835 0.00132618 -0.000900134 0.0035228 0.00877727 -0.000761875 -0.00124308 -0.00290867 -0.000575144 0.0166003
internal_weight=2477.45 569.425 551.078 83.187 467.891 1908.03 132.818 60.2881 72.5298 1775.21 499.779 1275.43 18.3467
internal_count=42572 4340 4230 607 3623 38232 1639 520 1119 36593 14028 22565 110
is_linear=0
shrinkage=0.03


Tree=50
num_leaves=13
num_cat=0
split_feature=4 13 16 14 19 8 19 19 2 18 0 2
split_gain=2.88949 4.02944 2.55615 5.16653 4.1804 2.79026 6.77885 2.84122 2.29705 1.85028 0.646979 0.596258
threshold=2.1940481505632143 0.95959183673469395 0.9900000000000001 0.69047619047619058 0.0050174476351997283 0.92818037033424783 0.0027982666304445041 0.010327835641592726 -1.1455974660955446 -0.041130263664578996 0.99581215556330971 2.3381624326610271
decision_type=2 2 2 2 2 2 2 2 2 2 2 2
left_child=2 9 5 8 -5 7 -7 -1 -4 11 -11 -2
right_child=1 -3 3 4 -6 6 -8 -9 -10 10 -12 -13
leaf_value=-0.00060492459674835891 0.018497080548379802 0.024299134255713273 -0.0025210107739865968 0.010599019974687278 -0.00639115519830396 -0.0099801690561534297 0.0022750614289956507 -0.010519594260385581 -0.019287125378351901 0.0017425214255899009 -0.0079630068721375357 0
leaf_weight=1648.7912422614172 3.809399867430332 8.2604079060256463 14.765446074306963 21.246863301843405 27.159050131216645 41.032041788101196 645.74622645787895 24.683767845854163 22.364816488698125 7.2023885222151902 10.494655820541082 2.253876157104969
leaf_count=34610 74 53 108 200 267 378 5748 616 259 141 201 28
internal_value=-0.000172693 0.00849557 -0.000299156 -0.00533676 0.000893426 -0.000105878 0.00149423 -0.000772501 -0.0134728 0.000959083 -0.00347563 0.0134146
internal_weight=2477.81 32.0207 2445.79 85.5362 48.4059 2360.25 686.778 1673.48 37.1303 23.7603 17.697 6.06328
internal_count=42683 497 42186 834 467 41352 6126 35226 367 444 342 102
is_linear=0
shrinkage=0.03


Tree=51
num_leaves=13
num_cat=0
split_feature=4 12 8 18 18 12 20 8 18 0 2 16
split_gain=2.90624 3.24265 2.39344 5.48896 6.11245 2.3429 5.12247 3.1778 1.71386 0.770643 0.628335 0.491983
threshold=2.1940481505632143 1.9072105858661363 -0.5871130097010776 -0.083170437402188976 -0.042158007341817121 -0.44259892963341246 0.016379116451152646 2.2218817664379085 0.02770366715020767 0.69357750742162383 -0.77420739654524706 0.21204081632653063
decision_type=2 2 2 2 2 2 2 2 2 2 2 2
left_child=2 8 3 10 -5 7 -7 -4 11 -10 -1 -2
right_child=1 -3 5 4 -6 6 -8 -9 9 -11 -12 -13
leaf_value=0 0 0.022677084791555079 0.0019566592081636624 0.0097048681485306914 -0.0026699310643825171 0.0012666371779380245 -0.0024573358505141922 -0.010940063272765907 0.0014672155480814481 -0.01225659132684999 -0.020958690986582679 0.010377897529116074
leaf_weight=1.9217170905321825 2.4379768446087899 8.3742438126355392 653.33033057488501 37.101012823171914 401.83225111942738 666.44326886441559 654.63521170895547 15.384692765772341 2.9734567347913963 6.1435653790831566 13.370658669620751 11.986172361299394
leaf_count=64 37 58 11073 901 10573 9350 9650 93 54 132 482 216
internal_value=-0.000159701 0.00854796 -0.000286439 -0.00224846 -0.00155065 0.000155724 -0.000568294 0.00160585 0.0015524 -0.00697266 -0.0189142 0.00804702
internal_weight=2475.93 31.9154 2444.02 454.226 438.933 1989.79 1321.08 668.715 23.5412 9.11702 15.2924 14.4241
internal_count=42683 497 42186 12020 11474 30166 19000 11166 439 186 546 253
is_linear=0
shrinkage=0.03


Tree=52
num_leaves=14
num_cat=0
split_feature=4 12 8 18 18 12 21 8 6 14 18 21 18
split_gain=2.96086 2.79918 2.20126 5.02992 6.05577 2.30385 5.12986 2.52241 1.92181 1.40719 1.27151 1.36678 1.06712
threshold=2.1940481505632143 0.042901582256343683 -0.5871130097010776 -0.083170437402188976 -0.042158007341817121 -0.44259892963341246 0.0063591456315682882 2.6630419964697114 0.53363627798917512 0.46428571428571436 0.05104429490347074 0.0096320831297498823 -0.040030118600465452
decision_type=2 2 2 2 2 2 2 2 2 2 2 2 2
left_child=2 8 3 9 -5 7 -7 -4 12 -1 11 -3 -2
right_child=1 10 5 4 -6 6 -8 -9 -10 -11 -12 -13 -14
leaf_value=0 0.014865434232389466 0.025026293341488603 0.0017727797859825075 0.0094826593642217683 -0.0026451714261601432 0.0072013904770108087 -0.0010276517875222972 -0.017325090580692769 -0.015650735769296421 -0.021674680509991523 0 0 -9.4485093429727863e-05
leaf_weight=1.8473912337794871 4.1162872668355677 9.8621142860502022 669.53987193666399 38.510047164745629 397.12398951686919 69.837876541540027 1248.0245048934594 4.1633907556533805 3.4638916244730344 12.735932589508593 2.8429113551974288 3.7359654419124118 8.2421528548002243
leaf_count=65 65 72 11138 901 10573 1033 17967 28 79 481 52 57 172
internal_value=-0.000142028 0.00860269 -0.000270656 -0.00216241 -0.00150036 0.000151213 -0.000569951 0.00158163 0 -0.0184685 0.0165564 0.0199359 0.00522017
internal_weight=2474.05 32.2633 2441.78 450.217 435.634 1991.57 1317.86 673.703 15.8223 14.5833 16.441 13.5981 12.3584
internal_count=42683 497 42186 12020 11474 30166 19000 11166 316 546 181 129 237
is_linear=0
shrinkage=0.03


Tree=53
num_leaves=14
num_cat=0
split_feature=4 18 2 20 2 7 9 2 20 18 21 0 9
split_gain=2.52637 2.23272 2.19101 3.13504 2.96646 2.86911 5.7677 2.91113 1.40136 1.5412 1.24809 1.14187 0.750335
threshold=2.1940481505632143 -0.041130263664578996 0.69566894372264676 0.094839860219185015 1.157918624191326 0.28285714285714292 0.8633333333333334 0.20045663183736898 -0.0026154038373163431 0.052830161204972866 0.013272535890013306 0.69357750742162383 0.67673469387755114
decision_type=2 2 2 2 2 2 2 2 2 2 2 2 2
left_child=2 10 5 4 -4 7 -7 -1 11 -10 -2 -3 -5
right_child=1 8 3 12 -6 6 -8 -9 9 -11 -12 -13 -14
leaf_value=-0.0019466953730462862 0.024330164551411779 0.0029718889608257538 -0.0043142447142204745 0 0.00015401215580772154 6.787531740391108e-05 0.005350800551799163 0.0041781116404406241 0.011092254425550117 -0.0084056141723329852 0 -0.015403612940690191 -0.024382938223806092
leaf_weight=639.68662874214351 6.8197154253721219 2.7973588425666103 215.26281289663166 2.743516517803072 331.62981035653502 938.58088404498994 231.86452508717775 75.195343043655157 13.592943811789153 2.2744682524353275 2.6374954860657454 4.2306962655857205 5.0218954812735319
leaf_count=9690 70 52 4200 62 4449 20528 1933 1239 180 50 46 99 85
internal_value=-0.000147615 0.00791747 -0.000267092 -0.00192363 -0.00158673 0.00021383 0.00113456 -0.00127167 0.0016193 0.00682983 0.0189115 -0.00739008 -0.0189301
internal_weight=2472.34 32.3527 2439.99 554.658 546.893 1885.33 1170.45 714.882 22.8955 15.8674 9.45721 7.02806 7.76541
internal_count=42683 497 42186 8796 8649 33390 22461 10929 381 230 116 151 147
is_linear=0
shrinkage=0.03


Tree=54
num_leaves=15
num_cat=0
split_feature=4 17 10 17 10 2 0 4 12 12 20 18 10 21
split_gain=2.83281 2.25279 1.88957 5.28188 3.80235 2.1253 3.03434 2.54672 1.90924 1.82014 1.71096 1.33555 0.8806 0.196804
threshold=2.1940481505632143 0.015512774480866744 -1.5198896737365688 0.0081601748335981012 -1.8929605659776139 0.64282144842061162 -1.6224578597256725 0.096464506861916405 -0.20068218211513231 -0.21296738283558866 0.010566510953274101 -0.03829482067292355 0.44000189821385721 0.0067767240591237047
decision_type=2 2 2 2 2 2 2 2 2 2 2 2 2 2
left_child=2 9 3 8 -5 7 -7 -4 -1 11 12 -2 -3 -11
right_child=1 10 5 4 -6 6 -8 -9 -10 13 -12 -13 -14 -15
leaf_value=0.0018758629129346129 0.011556066022911506 -0.0043179343874732191 -0.00069572484154339985 -0.014009494846993452 0.0025178279003656994 0.010691509462344992 -0.0024762544188019833 0.0017817192736250681 0.01462244449934344 0.00091203003962469825 -0.017445838440879682 -0.0063421593602495724 0.013422698350601009 0.020942374275332194
leaf_weight=20.58766280207783 4.7898158300667992 1.9140565767884243 1250.6019785124809 16.788765475153923 33.241344572976232 13.890811661258338 540.55856195930392 529.67844987846911 32.120048895478249 2.3303141817450514 2.9110128041356802 5.7477260408923057 2.972111476585269 11.925138479098676
leaf_count=381 80 42 20933 241 489 114 8934 10709 385 19 60 118 55 123
internal_value=-0.000154494 0.00835679 -0.000281201 0.0036453 -0.00306533 -0.000463374 -0.00208216 3.41335e-05 0.0101684 0.0126862 -0.00365801 0.00114267 0.0050592 0.0191059
internal_weight=2470.06 32.5902 2437.47 102.738 50.0301 2334.73 554.449 1780.28 52.7077 24.793 7.79718 10.5375 4.88617 14.2555
internal_count=42683 497 42186 1496 730 40690 9048 31642 766 340 157 198 97 142
is_linear=0
shrinkage=0.03


Tree=55
num_leaves=15
num_cat=0
split_feature=9 5 4 21 4 6 12 21 21 3 12 14 8 12
split_gain=5.10262 3.93298 5.95918 3.38138 3.36265 2.75216 2.65561 2.42084 3.63918 3.44723 3.20343 1.47077 1.88721 1.58092
threshold=0.76775510204081643 0.080816326530612256 0.29582209862330355 0.0060085878918953927 -1.2503451299288539 -3.8711314033231115 0.41621544887104739 0.013461255376257648 0.0095815937212539396 0.97979591836734703 -0.81958718739850689 0.38095238095238099 -0.14645661248619118 -0.88742675003766214
decision_type=2 2 2 2 2 2 2 2 2 2 2 2 2 2
left_child=7 5 4 -4 -3 -2 -7 8 10 -10 -1 12 -9 -13
right_child=1 2 3 -5 -6 6 -8 11 9 -11 -12 13 -14 -15
leaf_value=0.0037271933451701851 -0.0099318454002099796 -0.01008022866968232 0.017610110737191625 0.002887184696610852 -0.0007089298919900161 0.0034096577623955893 0.012972518556797947 -0.005091408043149539 0.0012907420740607895 -0.012204802597270262 -0.0030642757130733243 -0.018565692964356655 0.0099965393428569378 -0.0046280399650856403
leaf_weight=66.028414553031325 6.3630652241408816 35.825733844190836 13.257492817938326 359.38267015200108 465.6105235517025 72.62956216558814 47.389246651902795 13.043472979217769 560.08290814235806 15.422931980341671 608.37500629667193 6.9165054447948924 11.940305786207317 163.98254308104515
leaf_count=951 71 391 128 3502 5014 684 343 363 12385 352 13888 117 229 3944
internal_value=-0.000230173 0.00140791 0.000666916 0.00354224 -0.00144565 0.00632569 0.00745921 -0.00137443 -0.000869825 0.000862088 -0.00236812 -0.00447716 0.00177004 -0.0054871
internal_weight=2446.25 1000.46 874.076 372.64 501.436 126.382 120.019 1445.79 1249.91 575.506 674.403 195.883 24.9838 170.899
internal_count=42362 10133 9035 3630 5405 1098 1027 32229 27576 12737 14839 4653 592 4061
is_linear=0
shrinkage=0.03


Tree=56
num_leaves=15
num_cat=0
split_feature=8 22 17 0 19 16 17 17 0 10 5 10 10 23
split_gain=5.3392 3.36003 4.36744 4.50307 3.52322 3.14141 3.10621 2.58048 1.73724 1.81671 1.47915 3.09548 1.69602 1.20825
threshold=0.82227834289853241 1.0000000180025095e-35 0.058890626892361471 0.4241631631126887 0.0033090650790857253 0.79795918367346952 0.041054633164279715 -0.0049005341710495745 1.0820988844707038 2.4209420112563387 0.68444444444444452 -0.74418493989214551 1.8735235215650794 -0.061197253528974198
decision_type=2 2 2 2 2 2 2 2 2 2 2 2 2 2
left_child=8 4 3 -3 7 -4 -6 -2 10 13 12 -12 -1 -10
right_child=1 2 5 -5 6 -7 -8 -9 9 -11 11 -13 -14 -15
leaf_value=-0.0016585100829753399 0.0081381416935658174 -0.00069433965132489667 -0.026590097392134197 0.0043913268953957229 0.0099971065080420862 0.00058102223826151473 -0.00014940894514130682 -0.016845958723111499 -0.012237629376607653 -0.01635041039749538 0.0053328962857777454 -0.00081688561454317898 0.0047401436287919227 -0.0021436296572501742
leaf_weight=1059.3793224450201 3.4101286344230166 408.44538700021803 6.8637928236275894 248.06932524032891 99.358254503458738 4.7849622331559658 33.082431636750698 8.2602452337741834 10.882750133983789 9.0904815634712559 96.173850664868951 284.34180553816259 35.619296264834702 134.12256666552275
leaf_count=21992 26 3863 73 2186 870 39 293 79 287 247 1930 6740 676 3061
internal_value=-0.000201522 0.00177536 0.000845168 0.00121204 0.0059149 -0.0158803 0.00738651 -0.00832569 -0.00119706 -0.0042332 -0.000864523 0.00071799 -0.00142843 -0.00315941
internal_weight=2441.88 812.275 668.163 656.515 144.111 11.6488 132.441 11.6704 1629.61 154.096 1475.51 380.516 1095 145.005
internal_count=42362 7429 6161 6049 1268 112 1163 105 34933 3595 31338 8670 22668 3348
is_linear=0
shrinkage=0.03


Tree=57
num_leaves=15
num_cat=0
split_feature=8 6 5 0 5 21 20 21 6 2 2 6 20 19
split_gain=5.02682 3.26832 4.20508 3.68295 3.60648 1.72204 3.43168 1.922 3.01232 2.9753 1.8531 1.55405 1.35507 0.78809
threshold=0.82227834289853241 -3.8711314033231115 0.080816326530612256 -0.90125517415637713 0.53197278911564638 0.013248749078097756 -0.020380744182961593 0.0090783659730456472 0.29735998129805463 -0.63700825784097348 -0.90764906860742511 -0.31516956124980883 0.0031372840932040185 0.004625216253758036
decision_type=2 2 2 2 2 2 2 2 2 2 2 2 2 2
left_child=5 12 3 -3 -4 7 11 9 -9 -1 -8 -7 13 -2
right_child=1 2 4 -5 -6 6 10 8 -10 -11 -12 -13 -14 -15
leaf_value=-0.0055043459281889622 0.0057457396607339369 0.0024643238813899281 -0.0011184811741295631 0.014358277436022492 0.0031688978624687465 0.0095283643311956916 0.0011288558373085955 0.0010881972532978312 -0.0039685287563266339 -0.00074024423007161588 -0.0077994832374017236 -0.00069598145434504805 -0.022200009192794745 -0.010291785804052387
leaf_weight=160.68807299714535 3.6335743591189367 61.403194688260555 335.2348033580929 41.480263814330101 361.43310818821192 13.731437160633503 21.117364216595888 635.5611780481413 124.77383780945092 469.28249611984938 124.28258504346013 77.408442380838096 4.9646207634359598 2.9549014233052731
leaf_count=3313 38 472 3257 323 3224 274 430 12746 3305 10116 2802 1947 69 46
internal_value=-0.000219711 0.00169941 0.00195875 0.00758506 0.00108706 -0.00118666 -0.00356005 -0.000767553 0.000230459 -0.00199274 -0.00640328 0.00085493 -0.0127823 -0.000422163
internal_weight=2437.95 811.104 799.551 102.883 696.668 1626.85 236.54 1390.31 760.335 629.971 145.4 91.1399 11.5531 6.58848
internal_count=42362 7429 7276 795 6481 34933 5453 29480 16051 13429 3232 2221 153 84
is_linear=0
shrinkage=0.03


Tree=58
num_leaves=15
num_cat=0
split_feature=9 5 21 20 4 20 13 20 21 21 20 3 13 0
split_gain=4.62563 3.76899 4.58915 4.26165 3.50342 2.59797 3.9696 2.99349 2.24006 3.55476 3.33007 3.11559 2.22612 1.90208
threshold=0.76775510204081643 0.080816326530612256 0.0063591456315682882 0.094839860219185015 -0.98356182509132661 0.0047510006745885578 0.79795918367346952 -0.019139634104868349 0.013461255376257648 0.0095815937212539396 -0.020380744182961593 0.97979591836734703 0.16163265306122451 -0.098278430385958848
decision_type=2 2 2 2 2 2 2 2 2 2 2 2 2 2
left_child=8 5 4 -4 -3 7 -7 -2 9 12 13 -11 -1 -10
right_child=1 2 3 -5 -6 6 -8 -9 10 11 -12 -13 -14 -15
leaf_value=0.00078316573995401435 0.0031923979368361352 -0.0096859477511301653 0.00037137780768582506 -0.017445675866304203 0.012922907217308858 -0.0043644683667566119 0.0095952364162999685 0.017412797095291484 0.0050600873889935089 0.0013016110849221802 -0.0075216333258006623 -0.011870382663077316 -0.0032405569664055649 -0.0040238748560310865
leaf_weight=154.34849664196372 30.834848619997501 4.9644522331655017 810.16038774419576 10.255285669118164 39.707408687099814 37.928236626088619 31.042051270604134 28.924609925597906 38.745378441177309 560.69080657418817 114.57916568778455 14.481865153647957 516.72007708624005 39.711554162204266
leaf_count=2797 244 70 8381 138 446 420 219 215 834 12385 2676 352 12042 1143
internal_value=-0.000199106 0.00136614 0.00062778 8.85399e-05 0.00978156 0.00612781 0.00180048 0.0106592 -0.00129071 -0.000806524 -0.00429937 0.00090399 -0.00229322 0.000290007
internal_weight=2433.09 993.817 865.088 820.416 44.6719 128.73 68.9703 59.7595 1439.28 1246.24 193.036 575.173 671.069 78.4569
internal_count=42362 10133 9035 8519 516 1098 639 459 32229 27576 4653 12737 14839 1977
is_linear=0
shrinkage=0.03


Tree=59
num_leaves=14
num_cat=0
split_feature=8 17 6 5 10 4 10 17 0 11 10 17 10
split_gain=4.50457 3.34408 2.7516 3.67275 1.67829 2.76774 3.02387 1.78167 1.25148 1.97141 1.46862 0.968816 0.80619
threshold=0.82227834289853241 -0.070892303438546952 -3.8711314033231115 0.080816326530612256 -0.78568952023402805 0.58863281460829031 -1.2405715933488779 -0.011370387464657293 1.1054424974626251 0.64222222222222236 2.5519628913303922 0.010821671650603328 -0.74418493989214551
decision_type=2 2 2 2 2 2 2 2 2 2 2 2 2
left_child=4 12 11 -4 5 7 -7 -1 9 -6 -10 -3 -2
right_child=1 2 3 -5 8 6 -8 -9 10 -11 -12 -13 -14
leaf_value=0.0039063792431313134 0.026891922632104218 -0.018387739730139307 0.0068557033831284329 0.0007904199329429372 -0.0023362607009639329 -0.0022650602625761906 0.0091584266151964779 -0.0020308224695559491 -0.0033597922685465373 0.00017897101744675456 -0.016618988551439319 0 0.0032357455950483205
leaf_weight=54.280918974429369 3.9180638082325459 6.2862340305000526 103.31160454452038 684.51848487555981 660.89183145388961 28.087814287282526 58.234178270213306 218.68756481073797 125.54488512687385 467.59186972305179 7.0721185784786931 4.8041074890643358 4.6451385356485826
leaf_count=1114 21 85 790 6414 14707 563 1132 4213 2991 10009 204 68 51
internal_value=-0.000194423 0.00162614 0.00138052 0.00162012 -0.00111179 0.000664775 0.00530445 -0.000775808 -0.00163007 -0.00128232 -0.0044147 -0.0121415 0.0185219
internal_weight=2427.87 807.484 798.92 787.83 1620.39 359.29 86.322 272.968 1261.1 1128.48 132.617 11.0903 8.5632
internal_count=42362 7429 7357 7204 34933 7022 1695 5327 27911 24716 3195 153 72
is_linear=0
shrinkage=0.03


Tree=60
num_leaves=15
num_cat=0
split_feature=8 19 12 19 19 1 19 2 13 18 20 18 19 12
split_gain=5.42726 4.85705 4.40793 4.79374 3.70328 6.98585 4.8336 2.90681 2.23725 5.08261 3.44089 3.02427 2.6036 2.42909
threshold=0.94933366318519929 0.0033704395407649491 -0.11969630732060725 0.0019613689165347671 0.0053931113536722043 0.28730158730158734 0.0072656135994841305 0.036965940129819665 0.06394557823129253 -0.01244948081892938 0.036645463385868278 -0.083170437402188976 0.001597756670429469 0.010403514248634499
decision_type=2 2 2 2 2 2 2 2 2 2 2 2 2 2
left_child=8 2 7 -4 5 -3 -6 -2 9 11 -11 -1 -10 -14
right_child=1 4 3 -5 6 -7 -8 -9 12 10 -12 -13 13 -15
leaf_value=-0.0070625139325508806 -0.0029819582926366383 -0.0005599075849013975 0.0070507663767847388 -0.01359950701648056 -0.0021865916308930855 0.0093506880056718634 0.0043407183348005193 0.014908809260569129 -0.010429266731066563 -0.0041468493586706619 0.0056852559190088327 0.014412407990315268 -0.0020610436241970229 0.00054026815496403683
leaf_weight=4.7620865926146498 16.345015099272135 98.66871989518404 10.412766452878712 46.19232889264822 203.88483642786741 165.92388371750712 197.9585064612329 11.795782577246426 26.968588573858142 89.064025745727122 46.954992953687906 34.979509737342596 1038.308461858891 455.89766491763294
leaf_count=105 138 844 85 449 1777 1393 1783 77 558 1310 569 403 23897 9287
internal_value=-0.000121724 0.00199118 -0.00463305 -0.00943386 0.00286731 0.00562221 0.000997361 0.00451131 -0.00106711 0.00208651 -0.000610837 0.0112647 -0.0014436 -0.00125767
internal_weight=2448.12 751.182 84.7459 56.6051 666.436 264.593 401.843 28.1408 1696.94 175.761 136.019 39.7416 1521.17 1494.21
internal_count=42675 6546 749 534 5797 2237 3560 215 36129 2387 1879 508 33742 33184
is_linear=0
shrinkage=0.03


Tree=61
num_leaves=15
num_cat=0
split_feature=9 5 5 10 1 13 18 23 16 18 10 13 23 23
split_gain=5.77609 3.14315 5.11066 3.388 4.14832 2.69064 4.99296 4.5957 2.6092 2.58874 2.42505 2.34063 1.75647 0.936258
threshold=0.76775510204081643 0.71714285714285719 0.085260770975056702 3.7073306290290233 0.92666666666666686 0.06394557823129253 -0.0061158175803996953 0.070562199804531059 0.9900000000000001 -0.083170437402188976 -0.78568952023402805 0.75532879818594112 -0.1021210935001564 -0.029328725913387584
decision_type=2 2 2 2 2 2 2 2 2 2 2 2 2 2
left_child=5 2 8 4 -3 6 9 -8 -2 -1 11 -7 -4 -12
right_child=1 3 12 -5 -6 10 7 -9 -10 -11 13 -13 -14 -15
leaf_value=-0.0065531144171664408 0.0070028321617714405 0.0061640249061215898 0.011405197357856674 0.022289392970849479 -0.0011049548839610764 -0.0009808374719051929 -0.0038092905121502037 0.010376477523957414 -0.0073956781586146736 0.01319634702625239 -0.00049055512280354581 0.0050536501051666686 -0.00097839630014855366 -0.0029524815678948235
leaf_weight=4.6445164177566758 124.07063355483115 191.42391503136605 8.3603807315230352 7.4135197140276423 105.55344505049288 213.50207255594432 99.102088859304786 23.601856209337711 9.8282857798039895 39.772073617205024 187.7880260432139 76.188407814130187 553.72853058762848 798.00691788643599
leaf_count=104 1061 1870 88 52 966 4627 1469 254 68 453 4886 1405 6148 19224
internal_value=-9.40922e-05 0.00164914 0.000508337 0.00418828 0.00354016 -0.00131393 0.00220687 -0.000837745 0.00574231 0.0106147 -0.00178972 0.000578573 -0.00072783 -0.00250063
internal_weight=2442.98 1000.38 695.988 304.391 296.977 1442.61 167.121 122.704 133.899 44.4166 1275.49 289.69 562.089 985.795
internal_count=42675 10253 7365 2888 2836 32422 2280 1723 1129 557 30142 6032 6236 24110
is_linear=0
shrinkage=0.03


Tree=62
num_leaves=15
num_cat=0
split_feature=9 5 5 6 6 17 7 16 1 19 12 12 17 19
split_gain=5.28584 2.60214 4.51075 3.11098 5.12063 3.43687 2.86756 2.73976 2.22656 2.74735 3.92316 3.47295 2.62171 1.56333
threshold=0.76775510204081643 0.71714285714285719 0.080816326530612256 -0.26996315540247545 -0.39399313135338226 -0.0078391036340930125 0.30861678004535154 0.9900000000000001 0.48444444444444451 0.0050462768954078283 1.3016615816303012 -0.74155184108618666 -0.065635395063054255 0.0015321555999446726
decision_type=2 2 2 2 2 2 2 2 2 2 2 2 2 2
left_child=8 2 7 4 -3 -5 -4 -2 9 10 -1 -11 -10 -14
right_child=1 3 6 5 -6 -7 -8 -9 12 11 -12 -13 13 -15
leaf_value=-0.0032343320083415899 0.0067257360666517019 -0.0036415109509615471 -0.0029453282085205 -0.0026593721360392503 0.02306988339487407 0.0048125632816120494 0.0013348345809618635 -0.0083759858965656905 -0.016638352322706874 0.0070078802477802652 0.0097366522725339504 0.00010218723626723148 -0.01427895639409853 -0.0019839179274814098
leaf_weight=285.65598667319864 124.51314779743552 7.9622841291129616 258.43033018708229 70.501358687877655 15.992090888321398 211.85812387336046 300.19217866100371 9.2775867246091348 9.9142219033092243 79.71394737623632 20.236116779968143 355.49998005852103 7.9452142175286999 677.73186357598752
leaf_count=5774 1060 85 2982 685 130 1988 3256 67 292 1169 344 7852 215 16776
internal_value=-7.61117e-05 0.00159179 0.000543994 0.00389277 0.0140168 0.00288859 -0.000621945 0.00546012 -0.00124659 -8.03333e-05 -0.00226985 0.00142762 -0.00246387 -0.00218931
internal_weight=2435.42 998.727 692.413 306.314 23.9544 282.359 558.623 133.791 1436.7 741.106 305.892 435.214 695.591 685.677
internal_count=42675 10253 7365 2888 215 2673 6238 1127 32422 15139 6118 9021 17283 16991
is_linear=0
shrinkage=0.03


Tree=63
num_leaves=15
num_cat=0
split_feature=8 12 12 2 13 13 10 10 7 14 12 4 10 14
split_gain=5.37057 2.88662 3.70616 4.04051 3.6413 2.54852 8.14685 4.03284 4.62898 3.56714 3.26569 2.77325 2.28516 2.0636
threshold=1.4697985888037894 0.032059440012293876 0.18061059561442552 1.5558631694647023 0.4040816326530613 0.45448979591836741 0.082750685722802211 -1.0948439864749453 0.28730158730158734 0.46428571428571436 -0.4551517628756116 0.98658872092456285 -1.3592864471318118 0.2678571428571429
decision_type=2 2 2 2 2 2 2 2 2 2 2 2 2 2
left_child=1 4 3 -3 -1 6 10 8 -7 -9 -2 -8 -4 -6
right_child=5 2 12 -5 13 7 11 9 -10 -11 -12 -13 -14 -15
leaf_value=-0.00026705185135294569 -0.0074083432869326039 0.0040170426570440513 0.0067541957388957078 0.025006811743454947 -0.012004353066024261 -0.0010705281581807153 0.020371696651566542 -0.0053418254558120657 0.015003354801270819 0.0020357439040490739 0.017120677869008522 -0.0003548507612921511 -0.00063237907632156406 -0.0029866290174528584
leaf_weight=830.39234730694443 26.342508420348171 73.724137700162828 39.153137950226665 8.0953890066593868 23.599598228000104 23.788364227861166 31.988604545593262 71.431909579783678 38.138796124607325 290.57232077233493 3.7216220945119849 5.2351912111043921 446.28457908798009 516.12412906065583
leaf_count=16774 203 1485 597 80 534 195 191 562 258 2226 25 37 8228 11280
internal_value=-7.00058e-05 -0.000786817 0.000994473 0.0068199 -0.00153562 0.00271842 0.00812299 0.00179125 0.00875386 0.000517417 -0.00302559 0.0172048 0 -0.00345148
internal_weight=2428.59 1937.37 567.257 81.8195 1370.12 491.219 67.2879 423.931 61.9272 362.004 30.0641 37.2238 485.438 539.724
internal_count=42675 38978 10390 1565 28588 3697 456 3241 453 2788 228 228 8825 11814
is_linear=0
shrinkage=0.03


Tree=64
num_leaves=15
num_cat=0
split_feature=9 19 9 19 22 19 13 19 13 23 19 10 21 13
split_gain=4.89524 3.23098 4.44619 4.38729 3.54316 3.65794 3.48699 3.4596 2.38284 3.01285 2.62974 2.41247 2.51744 2.31543
threshold=0.76775510204081643 0.0033704395407649491 0.85857142857142865 0.0013811796875129181 1.0000000180025095e-35 0.0053931113536722043 0.06394557823129253 0.0022880694294136034 0.06394557823129253 0.070562199804531059 0.0049163632595775964 -0.78568952023402805 0.011566032818502698 0.75532879818594112
decision_type=2 2 2 2 2 2 2 2 2 2 2 2 2 2
left_child=8 2 7 -4 6 -6 -3 -2 9 10 -1 13 -13 -10
right_child=1 4 3 -5 5 -7 -8 -9 11 -11 -12 12 -14 -15
leaf_value=-0.0053659435903076558 -0.011767283876375991 0.028172789631495474 0.019057911376564655 -0.0079958104619450021 0.0037867305792342611 -0.00051557584969879992 0.0052303194475236108 0.0095383099495562305 -0.00085189680095918536 0.010054962819595047 0.0032585256950492143 -0.0013527252586782866 -0.0047751120577121439 0.0051071022449123765
leaf_weight=48.284365216270089 6.2017569784075013 4.7763389348983756 3.5678759440779677 88.282993471249938 305.88469401374459 408.37025241181254 144.1682310719043 32.617549808695912 211.46547918021679 32.405645158141851 84.542724516242743 695.69376010634005 279.1309036584571 77.800126239657402
leaf_count=704 86 30 27 844 3176 4316 1406 368 4627 346 1230 16844 7266 1405
internal_value=-5.96964e-05 0.00154902 -0.00276696 -0.00640136 0.00222459 0.0013114 0.00642895 0.00535728 -0.00118939 0.00214148 0 -0.00163932 -0.00235582 0.000723384
internal_weight=2423.19 993.87 130.67 91.8509 863.2 714.255 148.945 38.8193 1429.32 165.233 132.827 1264.09 974.825 289.266
internal_count=42675 10253 1325 871 8928 7492 1436 454 32422 2280 1934 30142 24110 6032
is_linear=0
shrinkage=0.03


Tree=65
num_leaves=15
num_cat=0
split_feature=8 10 19 21 4 21 15 10 21 21 21 17 14 5
split_gain=3.98591 3.465 7.39403 6.02603 3.81943 4.29246 3.36011 2.25824 4.72893 1.77348 3.41561 1.74939 1.68981 1.67916
threshold=0.57622261493656068 1.3994456716460988 0.0076396534569649595 0.012962483991971542 -1.5524098526803045 0.0063591456315682882 0.53571428571428581 -0.78568952023402805 0.0086697884637209292 0.0075695663840713709 0.0063591456315682882 0.017026284459511046 0.61904761904761918 0.73734693877551039
decision_type=2 2 2 2 2 2 2 2 2 2 2 2 2 2
left_child=7 4 3 -3 6 -6 -2 8 -1 10 -9 -10 -11 -4
right_child=1 2 13 -5 5 -7 -8 9 11 12 -12 -13 -14 -15
leaf_value=-0.0042898011879123699 0.0027559382758921627 -0.0098163349549205709 0.00091193397729548225 0.0071521523831864931 0.011370274428936672 0.0010599885497623994 0.015704725005961425 -0.0045001046093708797 0.0053490920109518286 -0.0040776825199402185 0.0036435955854522174 0 -0.0012266206906269481 0.015781471256312022
leaf_weight=94.561873067170382 46.862052142620087 89.832366149872541 14.976505706086757 21.094506887719035 36.874793849885464 703.74117243569344 32.898782752454281 66.515969065949321 157.36308937892318 283.75649729371071 137.5799104673788 75.740595499053597 622.85390186868608 16.375394912436604
leaf_count=2037 389 899 146 178 430 7565 249 1480 2957 6655 3044 1503 14734 122
internal_value=7.45431e-05 0.0015726 -0.00267406 -0.00638716 0.00233206 0.00162277 0.00853387 -0.000918438 0.00123928 -0.00156954 0.000898823 0.00356344 -0.00214248 0.00960881
internal_weight=2401.03 962.656 142.279 110.927 820.377 740.616 79.7608 1438.37 327.666 1110.71 204.096 233.104 906.61 31.3519
internal_count=42388 9978 1345 1077 8633 7995 638 32410 6497 25913 4524 4460 21389 268
is_linear=0
shrinkage=0.03


Tree=66
num_leaves=15
num_cat=0
split_feature=8 10 19 21 11 12 12 10 21 18 8 18 17 3
split_gain=4.1347 2.65022 6.44373 4.93137 4.48816 3.73943 3.66493 2.23693 4.32032 1.92578 4.72081 3.99584 1.80938 1.52083
threshold=0.57622261493656068 1.3994456716460988 0.0076396534569649595 0.012620478504891066 0.88444444444444448 0.5022971567926745 -0.71110221954706254 -0.78568952023402805 0.0086697884637209292 -0.079961185203363747 -0.054653296139151986 -0.042158007341817121 0.017992917989389071 0.69693877551020422
decision_type=2 2 2 2 2 2 2 2 2 2 2 2 2 2
left_child=7 4 3 -3 6 -6 -2 8 -1 10 -9 -11 -10 -4
right_child=1 2 13 -5 5 -7 -8 9 12 11 -12 -13 -14 -15
leaf_value=-0.0041104072199087092 -0.0063941356847682746 -0.0090429952751346354 0.00042850191846007554 0.0057248272851256575 0.0032665101053686928 0.02085840431703468 0.0022222778374504717 -0.016312108979205181 0.0051664173134804278 0.0051694341923065176 0.0034360365677041484 -0.0018223601408889488 -0.0003015062248534322 0.014774143884468724
leaf_weight=93.288200137205422 44.610314045101404 85.115274496376514 13.688726374879481 23.734308844432235 29.643438670784235 19.041591376066208 729.74031472206116 23.08431541826576 162.83217453025281 76.614661705680192 16.378797374665737 988.76224941480905 73.562670761719346 17.556454066187143
leaf_count=2037 457 877 134 200 277 143 7756 803 2997 1769 344 22997 1463 134
internal_value=0.00010315 0.00162729 -0.0021099 -0.00564241 0.00228518 0.0109945 0.00169137 -0.000910549 0.00122748 -0.00156315 -0.00798367 -0.00129676 0.0034137 0.00934429
internal_weight=2397.65 963.13 140.095 108.85 823.036 48.685 774.351 1434.52 329.683 1104.84 39.4631 1065.38 236.395 31.2452
internal_count=42388 9978 1345 1077 8633 420 8213 32410 6497 25913 1147 24766 4460 268
is_linear=0
shrinkage=0.03


Tree=67
num_leaves=15
num_cat=0
split_feature=8 5 20 6 5 16 12 10 18 8 18 5 6 20
split_gain=3.95731 2.63553 3.19099 4.15848 3.28787 3.00854 3.97951 2.14884 1.81615 4.41459 3.94972 1.29415 2.30649 1.25452
threshold=0.57622261493656068 0.085260770975056702 0.094839860219185015 -0.25384559391591294 0.29500000000000004 0.9900000000000001 0.41621544887104739 -0.78568952023402805 -0.079961185203363747 -0.054653296139151986 -0.042158007341817121 0.73734693877551039 0.28150355407233291 0.020466130819560061
decision_type=2 2 2 2 2 2 2 2 2 2 2 2 2 2
left_child=7 5 4 -4 -3 6 -2 11 9 -9 -10 13 -13 -1
right_child=1 2 3 -5 -6 -7 -8 8 10 -11 -12 12 -14 -15
leaf_value=0.0022387829614106325 0.0019816864223118967 -0.0021810850949461605 0.0050170877113900518 -0.027796418829006273 0.0022414842016998332 -0.0092541452302016217 0.01320256179659644 -0.016122826024129098 0.0051178376183573784 0.0031063218100849926 -0.0018108129502770272 0.0077262394351402947 -0.0032678763840978723 -0.0019320030142727805
leaf_weight=126.91616625245661 72.478141961619258 194.3980557192117 4.1508485525846481 5.8365340884774906 626.19984716363251 8.9232508316636068 50.428211655467749 22.221681331284344 77.208354027941823 16.353347081691027 982.6993134310469 56.068849558010697 20.822855453938246 127.9129947386682
leaf_count=2574 673 2229 50 101 6519 66 340 803 1769 344 22997 1020 485 2418
internal_value=9.68496e-05 0.00158797 0.000934164 -0.0143458 0.0011728 0.00551966 0.00684336 -0.000896902 -0.00154136 -0.00784992 -0.00128329 0.0011887 0.00455145 8.80859e-05
internal_weight=2392.62 962.415 830.585 9.98738 820.598 131.83 122.906 1430.2 1098.48 38.575 1059.91 331.721 76.8917 254.829
internal_count=42388 9978 8899 151 8748 1079 1013 32410 25913 1147 24766 6497 1505 4992
is_linear=0
shrinkage=0.03


Tree=68
num_leaves=15
num_cat=0
split_feature=8 4 16 10 10 14 13 23 10 13 12 0 4 10
split_gain=3.75784 2.79171 3.63809 2.95 2.16308 2.12382 1.57181 3.51828 1.41413 1.32478 3.39029 1.96081 0.961707 1.92333
threshold=0.57622261493656068 1.8683018823527477 0.9900000000000001 1.3994456716460988 -0.78568952023402805 0.69047619047619058 0.14142857142857146 0.070562199804531059 0.32402903201535577 0.93938775510204098 0.41621544887104739 2.0707086492481679 0.60046424357064809 -1.2405715933488779
decision_type=2 2 2 2 2 2 2 2 2 2 2 2 2 2
left_child=4 2 3 -2 12 -4 7 -6 -8 10 -3 -11 -1 -14
right_child=1 9 5 -5 6 -7 8 -9 -10 11 -12 -13 13 -15
leaf_value=0.0002531025161279628 0.0024189181635534658 0.0099700288164650454 -0.011078779118125777 -0.0026758205644782625 -0.0010631168596097083 0 -0.0030666181070671747 0.008302552959496395 -0.00049954826298875962 0.024301791267378324 -0.011801935240246848 0.00017426981919164557 -0.002417253004841836 0.0071782093153086764
leaf_weight=254.43711843900383 741.44824504852295 21.275759642943743 30.206291042268276 114.24129736702889 191.21419587638229 33.168983051553369 531.78901246096939 42.073112765327096 328.22127392794937 8.2804467976093274 6.5462472811341277 6.1800084114074698 23.960390610620379 54.881583465263247
leaf_count=4984 7936 181 276 1133 3778 298 13412 606 8117 54 59 41 482 1031
internal_value=0.000108166 0.00156167 0.00118555 0.00171659 -0.00086164 -0.0055882 -0.00151226 0.000618436 -0.00210773 0.00897548 0.00389638 0.0161757 0.00122423 0.0040889
internal_weight=2387.92 961.347 919.065 855.69 1426.58 63.3753 1093.3 233.287 860.01 42.2825 27.822 14.4605 333.279 78.842
internal_count=42388 9978 9643 9069 32410 574 25913 4384 21529 335 240 95 6497 1513
is_linear=0
shrinkage=0.03


Tree=69
num_leaves=15
num_cat=0
split_feature=12 2 12 11 16 21 10 6 2 2 12 6 0 21
split_gain=2.6651 3.65641 4.0892 8.50272 3.32713 3.63283 3.48696 4.11926 3.97937 3.31271 4.27319 3.24701 3.16513 2.91922
threshold=1.4236447500399236 -2.1747464631346856 0.14030050280633785 0.95959183673469395 0.9900000000000001 0.0073219107198008752 -0.056985057801066615 -3.8711314033231115 0.68273364071379061 2.3381624326610271 0.5022971567926745 0.28150355407233291 2.300951948598025 0.010210582478021877
decision_type=2 2 2 2 2 2 2 2 2 2 2 2 2 2
left_child=1 2 13 -4 6 -6 8 -8 -2 11 -11 -3 -7 -1
right_child=4 9 3 -5 5 12 7 -9 -10 10 -12 -13 -14 -15
leaf_value=0.010580312434534613 0.0046382260587959929 -0.00013552135476380825 0.024300097987911932 -0.013862451821729046 0.011510066211962544 -0.002211634825222276 -0.018150133511615294 0.0097016620558666028 -0.0058701260520887472 0.009543668563426741 -0.0090950180464416299 -0.0033337160669817821 -0.020022402151672856 -0.0096351860939991318
leaf_weight=8.6292177401483077 96.716153929010034 1597.5519302040339 19.942729432135824 4.9244105108082286 10.980654571205376 54.143745563924313 2.8538067489862433 101.60005541145802 45.653801696375012 55.052551780827343 11.26011813059449 349.0957370614633 9.7069049179553968 13.742763945832847
leaf_count=97 1281 29602 120 38 105 562 36 1250 577 467 99 7927 93 134
internal_value=0.00010933 -0.000281418 0.00777831 0.0157152 0.00264469 -0.00272235 0.00434094 0.00847311 0.00112997 -0.000485537 0.00598556 -0.00071959 -0.00567299 -0.000993929
internal_weight=2381.85 2060.2 47.2391 24.8671 321.655 74.8313 246.824 104.454 142.37 2012.96 66.3127 1946.65 63.8507 22.372
internal_count=42388 38484 389 158 3904 760 3144 1286 1858 38095 566 37529 655 231
is_linear=0
shrinkage=0.03


Tree=70
num_leaves=15
num_cat=0
split_feature=9 0 21 4 11 13 13 9 0 21 6 6 7 11
split_gain=5.08666 5.08293 3.94141 2.72372 2.3335 2.23099 3.54174 2.85555 2.44787 2.18401 3.5369 3.36208 2.17701 1.62346
threshold=0.9900000000000001 -1.0188123149722623 0.0087406518599373994 -1.6231131162152062 0.53197278911564638 0.7055555555555556 0.4040816326530613 0.75532879818594112 -0.91669508522235665 0.013767147495650346 0.12648431075795538 0.24319504441478637 0.85857142857142865 0.85857142857142865
decision_type=2 2 2 2 2 2 2 2 2 2 2 2 2 2
left_child=5 3 12 13 -4 6 7 -1 -8 11 -11 -7 -3 -2
right_child=1 2 4 -5 -6 9 8 -9 -10 10 -12 -13 -14 -15
leaf_value=-0.00099396130822633857 -0.011805911911006162 0.00044150540578765757 -0.012281000483822338 0.014526412986243768 0 0.0025746856523753037 0.00066981421344293446 0.0030992878617433378 -0.0039537291516172409 -0.007771423242161 0.003649679742838737 -0.0021268046516904567 0.017759812238036483 0.0078965653863774798
leaf_weight=663.52236594446003 5.1258147284388524 16.0297224521637 19.235645931214094 49.693737167865038 34.702840149402618 500.00739036407322 122.3887872910127 197.20415620692074 499.46578073501587 61.866253293119371 35.909557757899165 183.1872245175764 11.953380815684794 5.6073295474052429
leaf_count=14733 30 105 146 262 217 7601 1928 2320 10693 996 571 3127 71 31
internal_value=-0.000258937 0.00519078 8.83145e-05 0.0116435 -0.00443984 -0.000612555 -0.00129899 -3.37447e-05 -0.00302048 0.000671392 -0.00343745 0.00128964 0.00903074 -0.000711134
internal_weight=2405.9 142.348 81.9216 60.4269 53.9385 2263.55 1482.58 860.727 621.855 780.97 97.7758 683.195 27.9831 10.7331
internal_count=42831 862 539 323 363 41969 29674 17053 12621 12295 1567 10728 176 61
is_linear=0
shrinkage=0.03


Tree=71
num_leaves=15
num_cat=0
split_feature=9 0 23 19 21 21 20 11 4 0 7 4 11 18
split_gain=4.93845 4.47641 4.49554 3.29118 8.29054 4.80277 2.55493 2.0692 2.99897 2.8618 1.99029 2.08632 1.48336 1.14755
threshold=0.9900000000000001 -1.0188123149722623 -0.034672479766112145 0.0049773884110654526 0.0087143715763006464 0.0099846274323332814 0.050085093688953315 0.042630385487528351 -1.360867254465254 0.3443241866763494 0.9900000000000001 0.1064240216471555 0.75532879818594112 0.029191260715373372
decision_type=2 2 2 2 2 2 2 2 2 2 2 2 2 2
left_child=7 3 -3 4 -2 -5 -4 8 13 -10 11 -9 -12 -1
right_child=1 2 6 5 -6 -7 -8 10 9 -11 12 -13 -14 -15
leaf_value=0.023395480212189033 -0.022172662521995654 -0.016392111134534475 0.0062029200528826035 0.027235304163702002 0.013485375745266487 0.0049411763009621452 -0.0070593288755447228 -0.0015289844459920963 -0.0015941031710279519 0.0095381128753004741 -0.013407569377472534 0.00035663770849663309 -0.00051140834693777038 0.00021938572269234626
leaf_weight=6.7659153249114734 6.807802431285384 10.21557070314884 56.928432021290064 17.529708955436945 15.345850065350531 21.31226447224617 14.081943314522503 1178.5950851822272 71.954003864899278 26.305990115739405 17.81345175486058 935.45663621556014 18.109729370102286 4.2582317981868982
leaf_count=73 44 76 369 83 82 114 94 21486 1160 378 449 18018 348 57
internal_value=-0.000258246 0.00511347 0.000261477 0.0111232 0.000978025 0.016211 0.00324612 -0.000607256 0.00335673 0.0013674 -0.00081865 -0.00068797 -0.00767168 0.0170035
internal_weight=2401.48 142.222 81.2259 60.9956 22.1537 38.842 71.0104 2259.26 109.284 98.26 2149.97 2114.05 35.9232 11.0241
internal_count=42831 862 539 323 126 197 463 41969 1668 1538 40301 39504 797 130
is_linear=0
shrinkage=0.03


Tree=72
num_leaves=13
num_cat=0
split_feature=8 7 21 12 8 12 18 12 11 12 17 18
split_gain=5.37689 3.91222 3.01032 2.96384 3.50262 3.33051 3.10761 3.01267 2.24973 1.45565 1.32432 1.00497
threshold=3.1148300177910131 0.06394557823129253 0.0099338781785279807 0.067540356817860261 2.8450477399272978 0.20840261981961167 0.011031182312076783 -0.4591694305385981 0.042630385487528351 0.054247744544462385 0.014608545698682864 0.036907641996296155
decision_type=2 2 2 2 2 2 2 2 2 2 2 2
left_child=3 11 9 4 7 6 -5 -1 -7 -3 -4 -2
right_child=1 2 10 5 -6 8 -8 -9 -10 -11 -12 -13
leaf_value=-6.6142126267416154e-06 0.00027048002624190109 0.00017709603260598059 -0.0045326327363965904 -0.00046382235686158522 -0.023066462407026898 0.0063890105911059642 0.0098838747780017108 -0.0027334962899308304 -0.0002144052087187452 0.020500423879421217 0.011081051070333007 -0.01497016143330797
leaf_weight=890.60275637637824 5.4155730567872506 5.3394618481397655 10.570489734411241 38.22023337520659 4.6747242771089068 47.706878991797566 64.857737055048347 628.76962894573808 668.75504978559911 25.308534644544125 5.6803952977061263 4.3311821632087231
leaf_count=17550 33 35 71 604 29 547 1086 12736 9943 141 29 27
internal_value=-0.000237969 0.00872175 0.0123575 -0.000468177 -0.00125427 0.000974904 0.00596851 -0.00114706 0.000220978 0.0176469 0.000719386 -0.00662081
internal_weight=2400.23 56.6456 46.8989 2343.59 1524.05 819.54 103.078 1519.37 716.462 30.648 16.2509 9.74676
internal_count=42831 336 276 42495 30315 12180 1690 30286 10490 176 100 60
is_linear=0
shrinkage=0.03


Tree=73
num_leaves=13
num_cat=0
split_feature=8 23 12 12 19 13 13 11 19 8 10 19
split_gain=5.11192 3.20236 2.8419 3.19394 4.33658 3.24835 3.17261 2.4622 4.36845 2.31904 2.30996 2.21806
threshold=3.1148300177910131 -0.029328725913387584 0.067540356817860261 0.16833006712413015 0.0082166414621843726 0.72666666666666668 0.4040816326530613 0.55328798185941053 0.005142851287573272 0.7121267231385825 1.8735235215650794 0.0056450578687291201
decision_type=2 2 2 2 2 2 2 2 2 2 2 2
left_child=2 -2 6 4 -4 -5 9 8 -3 -1 -8 -9
right_child=1 7 3 5 -6 -7 10 11 -10 -11 -12 -13
leaf_value=-0.00077876867212638113 -0.0088035970417946197 -0.011531003603894358 0.0091152910612814341 -0.01148960762355839 -0.013274155694898999 0.0006754953219856079 -0.003273490385499179 0.022580864784777697 0.014042849933192322 0.0031942274721018711 0.0040816830765810124 0.0032445750184049178
leaf_weight=711.3258762229234 5.9579491019248954 8.9134349375963229 69.712083553895354 18.232549443840981 6.4554847013205281 729.24004320707172 610.35680750850588 18.612604692578319 10.974882505834101 160.21434174105525 37.559975057840347 10.940173827111719
leaf_count=15481 39 63 1057 302 134 10687 12580 101 63 1632 622 70
internal_value=-0.000230693 0.00860186 -0.00045308 0.000954317 0.00673473 0.000328878 -0.00122609 0.0112517 0.00188966 -2.56042e-05 -0.00281278 0.0165575
internal_weight=2398.5 55.399 2343.1 823.64 76.1676 747.473 1519.46 49.4411 19.8883 871.54 647.917 29.5528
internal_count=42831 336 42495 12180 1191 10989 30315 297 126 17113 13202 171
is_linear=0
shrinkage=0.03


Tree=74
num_leaves=15
num_cat=0
split_feature=9 1 19 21 21 21 7 23 13 13 2 19 9 23
split_gain=4.16127 3.85511 3.94179 6.88329 4.3247 3.18302 3.57991 2.93102 2.0659 2.90007 2.54461 2.14019 1.95681 2.18885
threshold=0.9900000000000001 0.14920634920634923 0.0049773884110654526 0.0085951116978313022 0.0099846274323332814 0.0090385549602059242 0.85857142857142865 -0.011279778972749231 0.06394557823129253 0.7055555555555556 -1.8542764619157037 0.0048451869398475197 0.9191836734693879 -0.059332163830426603
decision_type=2 2 2 2 2 2 2 2 2 2 2 2 2 2
left_child=8 2 3 -2 -4 6 -3 -7 12 10 -10 -11 13 -1
right_child=1 5 4 -5 -6 7 -8 -9 9 11 -12 -13 -14 -15
leaf_value=-0.010499162367796265 -0.023443007799993785 -0.00090425071980386722 0.026847752054138519 0.010310765204271056 0.0052513688475498204 -0.013494445442902729 0.017781726187325896 0.00085215275391545492 0.0058824782816227954 0.0027042000021400316 -0.0019400341935043581 -0.00053593237108193041 0.01300913599749691 0.0023642405636236166
leaf_weight=10.511868691071866 5.7871844395995167 17.723039958626035 16.707875311374664 16.016042836010456 21.221108701080084 17.525405630469322 14.236220669001339 31.727028708904982 35.804796230047941 280.8073818590492 1236.8565676314756 506.9604088133201 12.855877473950384 170.60911822319031
leaf_count=203 41 120 84 84 112 128 85 208 448 4314 26668 7981 101 2254
internal_value=-0.000206691 0.0047469 0.0104064 0 0.0160086 0.000253925 0.00753472 -0.00428748 -0.000526967 -0.000811683 -0.0016993 0.000603974 0.00239818 0.00142925
internal_weight=2395.35 140.944 59.7322 21.8032 37.929 81.2117 31.9593 49.2524 2254.41 2060.43 1272.66 787.768 193.977 181.121
internal_count=42831 862 321 125 196 541 205 336 41969 39411 27116 12295 2558 2457
is_linear=0
shrinkage=0.03


Tree=75
num_leaves=15
num_cat=0
split_feature=8 15 12 12 18 1 6 22 1 12 14 21 23 12
split_gain=1.81621 3.64164 5.297 4.6111 3.76122 4.08796 3.26417 3.12282 2.26401 2.59276 3.16995 1.98719 1.85226 1.78797
threshold=0.94933366318519929 0.30952380952380959 -0.64898008089852721 -0.54602337759702102 -0.083170437402188976 0.30306122448979594 -0.19287288682328022 1.0000000180025095e-35 0.48444444444444451 -0.79096777724981771 0.46428571428571436 0.016160915093731156 -0.026707127573799169 -0.88742675003766214
decision_type=2 2 2 2 2 2 2 2 2 2 2 2 2 2
left_child=8 2 6 -4 7 -6 -2 -3 9 10 -1 13 -11 -10
right_child=1 4 3 -5 5 -7 -8 -9 11 12 -12 -13 -14 -15
leaf_value=-0.0064482064670397321 -0.022644854561894769 0.019073672414542751 0.026065302274280926 0.0059417883318817841 -0.0038086225816225876 0.0014961898172907897 0.0018828205626413553 0 -0.0077736382700216754 0.0027942930847472259 0.0071309110779072928 -0.0071914959766864002 -0.00090102243859045499 -0.00091558173920982665
leaf_weight=15.858793716877697 6.3520423993468276 15.081952765583994 10.964580878615378 84.325017876923084 193.51323859021068 390.19528784416616 8.7632903866469842 16.868265189230442 34.928337000310421 151.54441362060606 89.270979877561331 54.883491463027894 587.18620999902487 703.40973447915167
leaf_count=229 58 122 69 692 1848 3512 60 138 671 3143 1191 1499 12376 16850
internal_value=-1.22793e-05 0.00122805 0.00620066 0.00889973 0.000294841 -0.000243871 -0.00898992 0.0100132 -0.000572356 0.000495195 0.00486035 -0.00172531 -0.000117211 -0.0012804
internal_weight=2363.15 726.064 110.405 95.2896 615.659 583.709 15.1153 31.9502 1637.08 843.86 105.13 793.222 738.731 738.338
internal_count=42458 6499 879 761 5620 5360 118 260 35959 16939 1420 19020 15519 17521
is_linear=0
shrinkage=0.03


Tree=76
num_leaves=15
num_cat=0
split_feature=9 1 23 3 20 20 13 1 1 8 20 20 21 8
split_gain=2.79332 5.35829 5.21942 4.10527 3.85876 3.60882 3.09232 4.18012 3.03792 3.01331 3.22465 3.12619 2.15336 2.09971
threshold=0.97979591836734703 0.95959183673469395 -0.0070415057313272236 0.9191836734693879 0.042089287867969623 -0.0033545872515899351 0.042630385487528351 0.36867346938775519 0.77664399092970526 -0.64004351028303852 0.070428026110421663 0.012055423356726826 0.0079306843594489519 -0.04586608024068823
decision_type=2 2 2 2 2 2 2 2 2 2 2 2 2 2
left_child=6 4 -3 -4 5 -2 7 12 -6 11 -11 -8 -1 -9
right_child=1 2 3 -5 8 -7 9 13 -10 10 -12 -13 -14 -15
leaf_value=0 0.007535769654638997 -0.02539552828424765 0.012380289998334805 -0.0085372405605118103 0.016454442814077833 -0.0011212518686315623 -0.0067034827586260779 0.0021645956285664138 0 0.00018437487701996209 -0.0058243472680534871 -0.00081187000964324998 0.012526621687308627 -0.0089055097409196909
leaf_weight=13.995584119111298 71.925944581627846 8.2762839309871179 11.472048655152323 20.398290362209082 35.852612175047398 97.954570397734642 137.35372022446245 51.964081041514874 12.900052137672899 1536.7235036166385 82.698758776299655 211.8410631204024 47.863728992640972 19.199227191507816
leaf_count=157 440 73 73 145 223 657 4547 856 84 27239 1566 5725 417 256
internal_value=0 0.00292265 -0.00677168 -0.000278466 0.00481601 0.00250182 -0.000369004 0.00400769 0.012168 -0.000676123 -0.000120026 -0.00319699 0.00960092 -0.000778799
internal_weight=2360.42 258.78 40.1466 31.8703 218.633 169.881 2101.64 133.023 48.7527 1968.62 1619.42 349.195 61.8593 71.1633
internal_count=42458 1695 291 218 1404 1097 40763 1686 307 39077 28805 10272 574 1112
is_linear=0
shrinkage=0.03


Tree=77
num_leaves=15
num_cat=0
split_feature=8 18 18 19 20 12 18 4 21 8 19 4 10 7
split_gain=1.78838 3.47206 5.67109 6.38891 3.14722 1.63248 3.51026 5.82374 4.06585 1.81942 4.18845 2.18847 0.522597 0.352184
threshold=-0.67042660303343482 -0.083170437402188976 -0.047450778290103406 0.0095835940259106512 0.012055423356726826 3.3129537100271333 0.010637926901307939 0.53263865394364751 0.0079306843594489519 2.0690212530876981 0.0033704395407649491 0.096464506861916405 1.3324307949164418 0.1918367346938776
decision_type=2 2 2 2 2 2 2 2 2 2 2 2 2 2
left_child=1 12 3 -3 -4 9 8 -8 -7 11 -11 -2 13 -1
right_child=5 2 4 -5 -6 6 7 -9 -10 10 -12 -13 -14 -15
leaf_value=0 -0.00074920588708436904 0.017037208969985222 -0.0061918457222552648 -0.014317255627676981 -0.00017220024960140195 0.018041198778896612 -0.0014139115209162274 -0.022569627468505396 -0.0028513460471282347 -0.0081628491291111868 0.0049448140151879833 0.0014155271217645095 0 -0.020408252947374281
leaf_weight=1.3177692806348194 925.25780916865915 25.273369641043249 125.53532077930868 5.2907330449670544 216.24374942481518 10.167214633896945 41.277750374749303 15.582016272470353 23.010965581983328 22.515912652015686 172.13851723074913 762.08076082076877 1.0675416393205512 9.1836757259443385
leaf_count=56 16032 538 3928 142 5461 78 382 161 217 185 1085 13786 36 371
internal_value=-7.69217e-06 -0.00188166 -0.00128754 0.0106031 -0.00245001 0.000351068 -0.00352913 -0.00803623 0.00378633 0.000548215 0.00328476 0.000220128 -0.0168896 -0.0186344
internal_weight=2355.94 383.912 372.343 30.5641 341.779 1972.03 90.0379 56.8598 33.1782 1881.99 194.654 1687.34 11.569 10.5014
internal_count=42458 10532 10069 680 9389 31926 838 543 295 31088 1270 29818 463 427
is_linear=0
shrinkage=0.03


Tree=78
num_leaves=15
num_cat=0
split_feature=1 20 23 6 7 6 2 12 2 11 1 3 2 6
split_gain=1.70645 3.87629 3.85283 3.40031 3.16457 3.63152 2.15078 1.92761 3.68634 3.0335 1.86754 1.84909 2.58357 1.7809
threshold=0.48444444444444451 -0.029262843611412567 -0.072727545881897823 0.050623890478449916 0.18183673469387759 -0.25384559391591294 2.2088926955744332 2.5500626788722784 2.4832147661014146 0.9900000000000001 0.35777777777777781 0.81816326530612249 -0.73766233072457588 0.17642540326669906
decision_type=2 2 2 2 2 2 2 2 2 2 2 2 2 2
left_child=1 3 11 10 5 -3 -6 8 -4 -9 -1 12 -2 -5
right_child=2 4 7 13 6 -7 -8 9 -10 -11 -12 -13 -14 -15
leaf_value=0.010769839689849278 -0.019064002132245416 -0.00065455885169334537 -0.00054768931441231408 -0.0060493866227025401 0.00095495166675678672 -0.0083766268878048555 0.011817275126769068 -0.0069918315804818878 0.0076129243837050088 0.012803771429168005 0 -0.01964211218967479 0 0.0032450435454027585
leaf_weight=75.135527144186199 6.2819897858426001 278.81509417295456 971.10270100925118 24.03060600720346 677.66150264348835 68.098809845745564 15.168518286198376 69.299517875537276 50.445692233741283 5.4063472915440789 14.668893000110982 10.963808989152311 24.497908902354538 60.825152940116823
leaf_count=955 102 4227 19862 376 12254 1047 125 802 427 38 287 290 621 1045
internal_value=0 0.000776113 -0.000839331 0.00488588 6.32856e-05 -0.00225271 0.00124768 -0.000475644 -0.000115962 -0.00506721 0.0088965 -0.00958899 -0.00457053 0.000361532
internal_weight=2352.4 1214.4 1138 174.66 1039.74 346.914 692.83 1096.25 1021.55 74.7059 89.8044 41.7437 30.7799 84.8558
internal_count=42458 20316 22142 2663 17653 5274 12379 21129 20289 840 1242 1013 723 1421
is_linear=0
shrinkage=0.03


Tree=79
num_leaves=15
num_cat=0
split_feature=9 0 20 6 2 13 0 8 20 20 2 18 8 7
split_gain=2.48278 3.08989 3.44065 4.56169 3.78611 2.74457 4.11062 2.51418 2.97987 2.6988 2.14393 1.8544 1.3648 1.21749
threshold=0.97979591836734703 2.4730879540713047 0.039455794884398661 -0.90846505644671927 2.6909379131716777 0.042630385487528351 -0.35108124715049954 -0.64004351028303852 0.070428026110421663 0.012055423356726826 1.6896347497059419 -0.05698438028574198 -0.51808560146061278 0.95959183673469395
decision_type=2 2 2 2 2 2 2 2 2 2 2 2 2 2
left_child=5 2 4 -4 -2 6 11 9 -9 -7 -3 -1 -8 -12
right_child=1 10 3 -5 -6 7 12 8 -10 -11 13 -13 -14 -15
leaf_value=-0.0051579132205745283 0.00015577704733701716 0.0025512384492655717 -0.010348785571720682 0.013185992334907816 0.015857564018889839 -0.0062915143671901314 0.0024973136252746768 0.00016124817537776611 -0.0056317226210130522 -0.0007600061190593864 -0.021435073647121054 0.010661123889610727 -0.0056010795852567876 0
leaf_weight=4.9417530484497538 163.80033510923386 8.0959296785295027 6.3649436533451071 51.419202461838722 13.32304050773382 132.87030456960201 36.684140421450138 1535.8476402517408 82.164525833912194 212.53200752194971 7.3413090258836728 59.715048544108868 32.416411811485887 4.8792235478758812
leaf_count=55 1086 54 52 325 84 4547 626 27239 1566 5725 60 529 476 34
internal_value=0 0.00277654 0.00380584 0.0100832 0.00158446 -0.000346144 0.00376395 -0.000637321 -0.000130256 -0.00295503 -0.00772695 0.00910855 -0.00114152 -0.0149921
internal_weight=2352.4 255.224 234.908 57.7841 177.123 2097.17 133.757 1963.41 1618.01 345.402 20.3165 64.6568 69.1006 12.2205
internal_count=42458 1695 1547 377 1170 40763 1686 39077 28805 10272 148 584 1102 94
is_linear=0
shrinkage=0.03


Tree=80
num_leaves=15
num_cat=0
split_feature=8 4 1 2 12 9 8 9 8 10 12 20 14 12
split_gain=1.56428 2.62903 2.12961 2.33427 2.09928 5.40861 2.37282 2.00258 2.47971 1.90418 1.80231 3.99224 1.75959 1.33904
threshold=0.94933366318519929 1.6806998262536024 0.42111111111111116 -0.72580410041806942 -0.59852328028714052 0.97979591836734703 3.1148300177910131 0.92666666666666686 2.0104162462757071 2.7069065650894042 -0.827455651851837 0.037556511324602589 0.46428571428571436 -0.22632367883452312
decision_type=2 2 2 2 2 2 2 2 2 2 2 2 2 2
left_child=2 4 10 12 5 -2 -6 13 -9 -5 11 -1 -4 -3
right_child=1 7 3 9 6 -7 -8 8 -10 -11 -12 -13 -14 -15
leaf_value=-0.00054836915409953006 0.010143434917275191 0 0 -0.00093810900911584893 -0.0006591850318038631 -0.0099319259685724543 0.0061281205704416244 -0.0076685914876315183 0.0095013143654996187 -0.014383171014649457 -2.1584508188423138e-05 0.013392767717012866 -0.0085334919924843402 0.019156615598512224
leaf_weight=43.275614799931645 50.31800577417016 4.814831547439101 32.790687103755772 774.62295271549374 560.89709593914449 13.265388093888758 48.448585705831647 11.264167539775373 14.810742333531378 7.8016500910744062 673.82088996097445 27.809419021010399 70.987003661692142 13.867314361035822
leaf_count=564 474 38 703 18789 5352 92 305 84 103 226 13793 299 1695 90
internal_value=-0.00020578 0.000950717 -0.000724364 -0.00172008 0.000447708 0.00555125 -7.67133e-05 0.00785008 0.00153185 -0.00112762 0.000441576 0.0049176 -0.00593929 0.0149424
internal_weight=2348.79 717.686 1631.11 886.202 672.929 63.5834 609.346 44.7571 26.0749 782.425 744.906 71.085 103.778 18.6821
internal_count=42607 6538 36069 21413 6223 566 5657 315 187 19015 14656 863 2398 128
is_linear=0
shrinkage=0.03


Tree=81
num_leaves=15
num_cat=0
split_feature=8 17 21 5 21 12 4 21 13 23 13 17 8 23
split_gain=1.61494 4.36629 3.82679 3.51959 3.31522 4.25604 3.21905 2.81293 1.83592 2.76042 2.0699 1.55563 1.3428 2.60739
threshold=0.94933366318519929 0.040402321044931029 0.011450984825290981 0.37256235827664402 0.0063591456315682882 -0.010748247845976019 -0.51205926638537647 0.0075342509039061749 0.06394557823129253 0.06774389751257294 0.020204081632653064 0.0026802360048644451 -0.57909346271502737 -0.061197253528974198
decision_type=2 2 2 2 2 2 2 2 2 2 2 2 2 2
left_child=8 4 6 -4 5 -2 -3 -6 9 10 -1 -11 13 -10
right_child=1 2 3 -5 7 -7 -8 -9 12 11 -12 -13 -14 -15
leaf_value=-0.0048226226178999599 -0.0031538344640690825 -0.019552794105389924 0.013673350264740678 -0.0062994782890851888 -0.0044330614036157904 0.020358334209010717 -0.0030312198802926382 0.0020413723540611485 -0.012515846519092811 0 0.0028416662622780704 0.012930447909047489 -0.00052956946295884652 -0.0019321081658293716
leaf_weight=46.415059229359031 8.6922307498753089 19.928233653306961 12.524758230894806 14.69614367187023 64.691111594438553 16.656747221946716 27.40112785063684 551.85964504815638 21.291942534968257 9.2065069377422315 89.366204116493464 26.154186811298132 1102.7393478918821 334.24633800145239
leaf_count=675 119 207 109 136 639 147 262 4919 785 101 1347 270 22699 10192
internal_value=-0.000186097 0.000990511 -0.00574073 0.00268387 0.00181098 0.0121064 -0.0108025 0.00132566 -0.000713221 0.00218119 8.08869e-05 0.00940858 -0.0010657 -0.00267435
internal_weight=2345.87 716.45 74.5503 27.2209 641.9 25.349 47.3294 616.551 1629.42 171.142 135.781 35.3607 1458.28 355.538
internal_count=42607 6538 714 245 5824 266 469 5558 36069 2393 2022 371 33676 10977
is_linear=0
shrinkage=0.03


Tree=82
num_leaves=13
num_cat=0
split_feature=0 19 6 20 20 0 20 19 4 3 1 21
split_gain=1.9984 2.94496 2.13799 1.92799 1.89696 1.35791 4.6979 1.52866 1.20585 1.04763 0.822096 0.702297
threshold=2.9433056389577286 0.0034952148025881482 2.5008648298725547 0.0076811383695174493 0.030517996933851047 -1.3822707701643313 0.0041797932940986779 0.0081443842700233398 1.5699953528427644 0.95959183673469395 0.14920634920634923 0.010698852282898802
decision_type=2 2 2 2 2 2 2 2 2 2 2 2
left_child=2 -2 5 9 -5 6 -1 -7 10 -3 -4 -10
right_child=1 3 8 4 -6 7 -8 -9 11 -11 -12 -13
leaf_value=0.0065692096003679545 -0.01026370137412622 -0.012471621057194947 0.0027585105668444464 0.023143115550347083 0.0035035505886830479 -0.00014795991170097058 -0.0017817801115549161 -0.0028590545137257388 0.010685476134375713 0.0059365440282575718 -0.011334124699336258 -0.0052944023864368566
leaf_weight=107.25998223572969 5.0387725681066504 2.8291490953415659 1.6091925986111189 10.780591491609814 11.319845143705605 1828.497627154924 130.55073843337595 208.75439190864563 3.2582796774804583 3.8162360349670053 27.483967082574964 1.6298952773213384
leaf_count=1146 49 35 29 93 105 34517 1696 4141 56 47 651 42
internal_value=-0.00018533 0.00683273 -0.000300329 0.0107901 0.0148317 -0.000178661 0.0019456 -0.000435649 -0.00756642 -0.00123754 -0.00994492 0.00318939
internal_weight=2342.83 33.7846 2309.04 28.7458 22.1004 2275.06 237.811 2037.25 33.9813 6.64539 29.0932 4.88817
internal_count=42607 329 42278 280 198 41500 2842 38658 778 82 680 98
is_linear=0
shrinkage=0.03


Tree=83
num_leaves=15
num_cat=0
split_feature=8 19 6 19 20 19 1 1 1 19 3 10 10 21
split_gain=1.64713 3.15652 3.86698 5.26905 4.73589 2.87604 2.99028 2.53897 2.03843 2.25284 1.66135 1.48891 1.55131 0.957792
threshold=0.94933366318519929 0.0053749815707774028 -0.20977552109635514 0.0032116196056051162 -1.0000000180025095e-35 0.0070278709839730934 0.95959183673469395 0.97979591836734703 0.42111111111111116 0.009516526882349538 0.20204081632653065 0.56839404791013204 1.8735235215650794 0.013039882543584529
decision_type=2 2 2 2 2 2 2 2 2 2 2 2 2 2
left_child=8 2 4 -4 -2 6 -3 -7 11 10 -10 13 -13 -1
right_child=1 5 3 -5 -6 7 -8 -9 9 -11 -12 12 -14 -15
leaf_value=0.0016709440489863026 0.0071787980986320245 -0.0019432670270322092 -0.0033987260197774374 0.0077000358739860676 -0.0058789068117792347 0.00012586209882981759 -0.01331263560450458 0.010271024606611445 -0.0053470680833635703 -0.0094729124990719105 -0.00090638714099537578 -0.0036019589355467284 0.0035631835589414081 -0.0015632376449462152
leaf_weight=493.41267360839993 35.14942829310894 139.53005120530725 45.530549041926861 179.26049863547087 72.285442208871245 196.02214360237122 23.930584568530321 23.53914425522089 84.944149168208241 31.045956932939589 765.3616904495284 128.88217713590711 30.637906559742987 92.533171775750816
leaf_count=9560 308 1292 397 1462 782 1892 223 182 1968 857 18588 2624 554 1918
internal_value=-0.000190878 0.000998458 0.00313901 0.00537574 -0.00141663 -0.000825923 -0.00383919 0.00136412 -0.000723576 -0.001702 -0.00137911 0.00041459 -0.00210585 0.00113111
internal_weight=2342.07 715.248 332.226 224.791 107.435 383.022 163.461 219.561 1626.82 881.352 850.306 745.466 159.52 585.946
internal_count=42607 6538 2949 1859 1090 3589 1515 2074 36069 21413 20556 14656 3178 11478
is_linear=0
shrinkage=0.03


Tree=84
num_leaves=15
num_cat=0
split_feature=8 17 6 2 11 13 0 18 0 8 6 8 13 4
split_gain=1.5592 4.12554 2.70848 2.31291 2.26688 1.69273 2.73574 4.99296 1.67486 1.58084 1.27945 1.29487 1.09961 0.772279
threshold=0.94933366318519929 0.040402321044931029 -3.8711314033231115 2.6909379131716777 0.9900000000000001 0.06394557823129253 -0.37815844475369381 0.011031182312076783 0.20040205517476609 -0.13015809856711322 0.51154943304780676 -0.57909346271502737 0.93938775510204098 -1.153992621273386
decision_type=2 2 2 2 2 2 2 2 2 2 2 2 2 2
left_child=5 2 13 8 -4 6 9 -8 -3 -1 11 -7 -12 -2
right_child=1 3 4 -5 -6 10 7 -9 -10 -11 12 -13 -14 -15
leaf_value=0.0026182336373488315 -0.019071423790350147 -0.0032688304709045674 0.0015709100715821987 0.0086795549184304176 0.0097060255128981841 -0.0023997399091038735 0.0066045931480776445 -0.0070781724222919 -0.013828757309400082 0.012172231114164737 -0.005949018109352157 -0.00025537769740855467 0.0033196595317270985 0
leaf_weight=52.430086243897676 4.9715309590101242 44.806820956990123 598.60680917091668 6.6121618300676337 31.650791361927986 344.24956066999584 38.794045925140381 55.187294889241457 23.166512176394463 25.683638922870159 74.480806124396622 1025.0771331600845 10.034857954829929 2.8445867113769046
leaf_count=547 72 425 5472 49 235 10642 613 1016 240 217 2112 20704 218 45
internal_value=-0.000187851 0.000971684 0.00177432 -0.00556601 0.00203258 -0.000705867 0.00206283 -0.00125393 -0.0073746 0.00617225 -0.00104629 -0.000808124 -0.00462383 -0.0136935
internal_weight=2338.6 712.659 638.074 74.5855 630.258 1625.94 172.095 93.9813 67.9733 78.1137 1453.84 1369.33 84.5157 7.81612
internal_count=42607 6538 5824 714 5707 36069 2393 1629 665 764 33676 31346 2330 117
is_linear=0
shrinkage=0.03


Tree=85
num_leaves=15
num_cat=0
split_feature=8 7 5 20 21 8 11 7 2 2 5 7 15 6
split_gain=3.69226 3.50439 3.83249 3.09295 3.05307 2.49151 2.26553 2.24876 3.06419 3.01058 2.28686 1.87589 1.09549 1.62177
threshold=0.94933366318519929 0.1705215419501134 0.21204081632653063 0.0096227806648836473 0.014004016110369303 2.4164443293862492 0.81816326530612249 0.84222222222222232 1.182044111695191 0.73862731834398521 0.71714285714285719 0.080816326530612256 0.53571428571428581 0.84605095945184272
decision_type=2 2 2 2 2 2 2 2 2 2 2 2 2 2
left_child=7 3 5 4 -2 -3 -4 8 9 -1 -10 -5 13 -9
right_child=1 2 6 11 -6 -7 -8 12 10 -11 -12 -13 -14 -15
leaf_value=-0.00021041729895704926 0.0040616562810274594 0.011178938664942652 0.00046381589505122261 -0.0016333922625396782 -0.010480447253864086 -0.0011734900600202248 0.0052099719671950808 -0.0032316201249114104 -0.0036473840544698579 -0.0052948649634882439 0.0071379597617637312 -0.010838858038682626 -0.0047916432916291383 0.0093624437038502453
leaf_weight=1228.1409907778725 89.51476757787168 72.001169804483652 306.09876961633563 54.938758421689272 12.812935909256337 15.240691885352133 132.04785319790244 25.661598959006369 19.371994011104107 113.51783729717135 77.615549244917929 35.286353293806314 158.58479164168239 11.496461815200744
leaf_count=26443 833 586 2836 602 125 92 1071 671 358 2618 1446 402 4424 292
internal_value=8.28131e-05 0.00187879 0.00315386 -0.00151984 0.00193099 0.00887501 0.00194546 -0.000698276 -0.000274289 -0.000659017 0.00480203 -0.0055532 -0.00370429 0.000561011
internal_weight=2352.33 717.941 525.388 192.553 102.328 87.2419 438.147 1634.39 1438.65 1341.66 96.9875 90.2251 195.743 37.1581
internal_count=42799 6547 4585 1962 958 678 3907 36252 30865 29061 1804 1004 5387 963
is_linear=0
shrinkage=0.03


Tree=86
num_leaves=15
num_cat=0
split_feature=8 18 7 19 10 7 7 2 19 2 15 12 12 8
split_gain=3.03886 3.1645 3.60212 6.58126 2.98409 2.72964 2.08053 2.93051 3.34353 2.86018 1.90099 1.07935 1.48129 0.989186
threshold=0.94933366318519929 -0.079961185203363747 0.1705215419501134 0.0053931113536722043 -0.69467008682783704 0.080816326530612256 0.84222222222222232 1.157918624191326 0.004890602094986281 0.73862731834398521 0.46428571428571436 -0.52032934297454858 -0.10207626695985893 1.5127210081978786
decision_type=2 2 2 2 2 2 2 2 2 2 2 2 2 2
left_child=6 4 5 -4 13 -3 7 9 -9 -1 -6 -8 -13 -2
right_child=1 2 3 -5 10 -7 11 8 -10 -11 -12 12 -14 -15
leaf_value=-0.00017666466530996504 0.0037094992703363937 0.00071666968050928485 0.0059219950432022033 -0.00091089718479829193 0 -0.0065541859534966017 0.00011244510539165229 0.010819495106515619 0 -0.0052779075189928141 0.018264272738913848 -0.0084981956748185501 -0.0020159586083551137 -0.012758917999640676
leaf_weight=1228.6377026466653 3.6031630337238303 103.45660873502493 253.09246453642845 245.05669317953289 7.3206464648246792 77.516144450753927 47.332280728034675 42.655666762031615 60.772989387623966 106.41107525583357 22.547976158559322 58.538847954012454 87.703952501527965 4.1329070217907429
leaf_count=26443 40 1057 2109 2258 62 810 1387 741 1171 2510 170 1761 2239 41
internal_value=8.98282e-05 0.00172099 0.00121128 0.00254047 0.0100214 -0.00235328 -0.000618558 -0.000212424 0.004587 -0.000601768 0.0142573 -0.00352685 -0.00479153 -0.00436155
internal_weight=2348.78 716.727 679.122 498.149 37.6047 180.973 1632.05 1438.48 103.429 1335.05 29.8686 193.575 146.243 7.73607
internal_count=42799 6547 6234 4367 313 1867 36252 30865 1912 28953 232 5387 4000 81
is_linear=0
shrinkage=0.03


Tree=87
num_leaves=15
num_cat=0
split_feature=8 18 23 11 11 11 21 20 6 19 8 6 9 6
split_gain=2.8994 3.07922 3.96293 6.74641 4.71728 2.25569 1.66891 1.99396 2.07774 1.65757 2.74791 1.96223 1.28091 1.04664
threshold=1.0984392800400851 -0.086678336569448386 -0.034672479766112145 0.25244897959183682 0.38387755102040821 0.28730158730158734 0.013272535890013306 -0.023456336525961071 -0.40907753713599976 0.0027349451732544016 -0.38066122996749041 0.24319504441478637 0.97979591836734703 0.025151986351546047
decision_type=2 2 2 2 2 2 2 2 2 2 2 2 2 2
left_child=6 5 3 -3 -4 13 9 -8 -9 10 -1 -11 -7 -2
right_child=1 2 4 -5 -6 12 7 8 -10 11 -12 -13 -14 -15
leaf_value=0.0094898431014583656 -0.0096553270860723159 0.0078756060270499025 -0.0014998725868359622 -0.0080021266687514414 0.0046251539006527068 0.021257652277829473 0.00043253903651840745 0.0038497768376147311 -0.0063170405010923789 0.00016491545992364779 0 -0.0025121105223141231 0.0024327728104662758 0.00823369035028256
leaf_weight=39.290087153203785 4.666332799941304 30.726530764251947 167.23981641791761 84.691465443000197 324.70640328526497 13.35139521956444 94.239564838819206 17.63821192458272 131.73629127442837 1036.3737727701664 72.869498521089554 317.90268859732896 7.3470128439366809 2.8624388352036476
leaf_count=889 56 246 1564 745 2771 98 2283 360 3068 21495 1168 7985 48 23
internal_value=8.86322e-05 0.00182091 0.00132311 -0.00358527 0.00251491 0.0112397 -0.000547836 -0.00284018 -0.00498244 -0.000153452 0.00330286 -0.000455207 0.0160396 -0.00097912
internal_weight=2345.64 635.591 607.364 115.418 491.946 28.2272 1710.05 243.614 149.375 1466.44 112.16 1354.28 20.6984 7.52877
internal_count=42799 5551 5326 991 4335 225 37248 5711 3428 31537 2057 29480 146 79
is_linear=0
shrinkage=0.03


Tree=88
num_leaves=15
num_cat=0
split_feature=13 4 13 0 6 20 17 20 14 21 16 6 16 13
split_gain=1.96873 2.88893 2.79814 6.04769 3.31172 3.0676 2.62924 2.72403 2.54615 2.36435 2.03052 1.58744 1.01341 0.66022
threshold=0.71714285714285719 2.1940481505632143 0.4040816326530613 -1.3522979463385456 0.089739658316640977 0.031559181381782715 0.049425913665355432 0.017186275791275855 0.2678571428571429 0.0065131333368359974 0.9191836734693879 -0.80878850001374325 0.97979591836734703 0.85857142857142865
decision_type=2 2 2 2 2 2 2 2 2 2 2 2 2 2
left_child=2 6 5 11 -5 8 7 -2 -1 -7 -8 -4 13 -3
right_child=1 12 3 4 -6 9 10 -9 -10 -11 -12 -13 -14 -15
leaf_value=0.0075668125705966411 0.0030839676793225179 0.0086490825510478209 -0.0036740157140124088 -0.0011050819291676412 -0.0058484364744944414 -0.0043742694561070359 -0.00056953587893524829 -0.00038359950719290994 -0.001310161774873296 0.0038321045632727104 -0.014441057376136254 0.008070672756069628 0.020081192746794308 -0.0053035435672338233
leaf_weight=28.487671680748463 412.00079002883285 4.6414670255035144 9.3569028805941326 327.99110311642289 233.60001176595688 32.248850926756859 28.562027432955801 387.68314183223993 515.20810084417462 280.61702586617321 14.535822562873362 58.680434183217585 7.9454908492043614 2.6616564616560936
leaf_count=382 6000 70 145 6790 5288 622 469 5913 10816 5200 222 771 64 47
internal_value=0.000100263 0.00124823 -0.000553209 -0.0020733 -0.0031185 0.000548909 0.000977864 0.00138743 -0.000791525 0.00291618 -0.00601361 0.00618251 0.0134757 0.00190466
internal_weight=2344.22 858.03 1486.19 629.628 561.591 856.562 842.782 799.684 543.696 312.866 43.0978 68.0373 15.2486 7.30312
internal_count=42799 12785 30014 12994 12078 17020 12604 11913 11198 5822 691 916 181 117
is_linear=0
shrinkage=0.03


Tree=89
num_leaves=15
num_cat=0
split_feature=8 17 0 7 5 17 2 7 2 19 2 19 17 19
split_gain=2.53445 2.96274 3.91263 3.71397 4.73399 3.74223 1.97334 1.87677 3.1367 3.47362 2.7676 1.42733 1.06071 1.07788
threshold=0.94933366318519929 0.040402321044931029 -0.18999744728902451 0.1705215419501134 0.21204081632653063 -0.010166694595607038 2.6909379131716777 0.84222222222222232 1.157918624191326 0.004890602094986281 0.73862731834398521 0.0062151404478681472 0.01077628849332868 0.0053749815707774028
decision_type=2 2 2 2 2 2 2 2 2 2 2 2 2 2
left_child=7 3 11 5 -5 -2 -4 8 10 -10 -1 -3 -9 -14
right_child=1 2 6 4 -6 -7 -8 12 9 -11 -12 -13 13 -15
leaf_value=-0.00014494515899665615 0.0053027242914082786 -0.0034969104448867483 -0.013842651445112909 0.010354959879819516 0.0022374509811635777 -0.0043370093870827584 0.0030546672704525784 -0.0011107735431397125 0.010988650322834109 0 -0.0052127610042320468 0.0071245359575970663 -0.0091442057328016135 -0.0017463228830752859
leaf_weight=1228.0353127662092 48.577623106539249 17.32152895629406 30.272113123908639 78.31522348895669 391.97090470418334 120.66772804781795 5.2263104394078246 105.77378928847611 44.093235890381038 60.674297233112156 104.07690821867436 22.792830634862185 43.273405250161886 40.917789096944034
leaf_count=26443 456 161 317 596 3492 1288 38 2957 741 1171 2510 199 1267 1163
internal_value=0.000110588 0.00160184 -0.00387289 0.00228257 0.00365912 -0.00145296 -0.0109247 -0.000536906 -0.000153513 0.00478005 -0.000559354 0.00223372 -0.00332691 -0.00584674
internal_weight=2341.99 715.144 75.6128 639.531 470.286 169.245 35.4984 1626.84 1436.88 104.768 1332.11 40.1144 189.965 84.1912
internal_count=42799 6547 715 5832 4088 1744 355 36252 30865 1912 28953 360 5387 2430
is_linear=0
shrinkage=0.03


Tree=90
num_leaves=15
num_cat=0
split_feature=15 2 4 20 2 10 2 17 14 12 4 2 18 6
split_gain=3.07262 3.61649 4.6991 3.11002 3.66134 2.813 2.70792 5.0646 2.44211 2.00984 1.92141 3.05743 3.01648 1.12872
threshold=0.46428571428571436 1.2075938637160186 0.60046424357064809 -0.0057563050401083218 1.0000000180025095e-35 -0.74418493989214551 -1.9344501988002065 0.0060561708729524053 0.53571428571428581 -0.81958718739850689 0.24384514960561546 0.33032565640478778 0.0038690379653401057 -0.070829070416840986
decision_type=2 2 2 2 2 2 2 2 2 2 2 2 2 2
left_child=1 3 13 4 -1 10 7 -7 -8 -5 12 -12 -2 -3
right_child=5 2 -4 9 -6 6 8 -9 -10 -11 11 -13 -14 -15
leaf_value=0.0083319595893808218 0.0049164856406542657 -0.012696298398021888 0.018455653460780642 -0.0090359840909160268 -0.0025402269813133609 -0.0054990880566910616 -0.0035579385302404926 0.01266123877037093 -0.00068975202123472651 0.00032066454197117076 0.0092143302706456046 0.0009425141312124698 -0.0020518740813317659 0.0034367569852840826
leaf_weight=92.821023703552783 75.210224117152393 4.9370401725172997 23.603942488320172 20.293822053819895 35.775448124855757 20.513901651836932 369.59247192647308 31.767045633867383 1026.9686069916934 257.48461396154016 61.300521925091743 125.2382465871051 199.869409869425 5.29226331040263
leaf_count=1187 1323 62 274 281 657 189 7252 265 20310 4386 1083 2003 3491 60
internal_value=-1.87657e-05 0.0022283 0.0114286 0.00137336 0.00519989 -0.000546166 -0.00120145 0.00531912 -0.00146353 -0.000369003 0.00147446 0.00380927 -7.07654e-05 -0.00392606
internal_weight=2350.67 440.208 33.8332 406.375 128.596 1910.46 1448.84 52.2809 1396.56 277.778 461.618 186.539 275.08 10.2293
internal_count=42823 6907 396 6511 1844 35916 28016 454 27562 4667 7900 3086 4814 122
is_linear=0
shrinkage=0.03


Tree=91
num_leaves=15
num_cat=0
split_feature=10 4 18 18 4 2 19 19 9 21 1 2 21 21
split_gain=2.33724 3.12214 3.38539 2.86663 5.24647 2.7454 4.02098 6.89154 3.98438 2.28676 2.22978 1.93075 3.32084 3.29801
threshold=-0.74418493989214551 0.24384514960561546 0.0057676570934097624 0.0038690379653401057 -0.44398149045184149 -1.5854126860926687 0.0045857986951502979 0.0049773884110654526 0.69693877551020422 0.01779120308675685 0.20204081632653065 1.157918624191326 0.011222646142850722 0.013142604584087581
decision_type=2 2 2 2 2 2 2 2 2 2 2 2 2 2
left_child=1 3 -3 4 -1 6 8 -8 -2 -4 -5 12 -7 -13
right_child=5 2 9 10 -6 11 7 -9 -10 -11 -12 13 -14 -15
leaf_value=0.010150373884917168 -0.0098406612409197621 -0.0010522957875272309 0.0073769907690011734 -0.0063759105942598456 -0.0032997267786321013 -0.00025442136691825284 -0.021365297557959975 0.0030006731837303891 0.014306387634627235 -0.014208977690380745 0 0 -0.0033848274183192954 0.0089693885769322121
leaf_weight=56.04364444874227 5.0429480616003266 66.458897428587079 155.66214193403721 67.634146694093943 43.80202819686383 909.73246901948005 9.9731032196432334 79.846880788914859 38.243880316615105 2.2912989165633908 185.0522082336247 221.86370205041021 466.32978077698499 41.777806649915874
leaf_count=867 119 1135 2386 930 786 18486 139 831 318 43 3326 3081 9741 635
internal_value=5.33789e-06 0.0016668 0.00441698 -5.66122e-05 0.00415364 -0.000528188 0.0035618 0 0.0108517 0.00679634 -0.00179869 -0.000873275 -0.00132953 0.00144376
internal_weight=2349.75 576.944 224.412 352.532 99.8457 1772.81 133.107 89.82 43.2868 157.953 252.686 1639.7 1376.06 263.642
internal_count=42823 9473 3564 5909 1653 33350 1407 970 437 2429 4256 31943 28227 3716
is_linear=0
shrinkage=0.03


Tree=92
num_leaves=15
num_cat=0
split_feature=9 21 11 21 3 3 21 17 1 19 21 19 23 3
split_gain=2.07632 2.23272 3.22833 3.01523 6.24315 4.7594 2.66995 1.80119 2.80072 1.92818 4.15829 1.9249 0.822886 0.353323
threshold=0.76775510204081643 0.013536658895112153 0.9900000000000001 0.0090783659730456472 0.39387755102040822 0.30861678004535154 0.013738697710725381 -0.065635395063054255 0.35777777777777781 0.0050887551174993778 0.015423938651980074 0.0070278709839730934 0.020263470124545883 0.1918367346938776
decision_type=2 2 2 2 2 2 2 2 2 2 2 2 2 2
left_child=7 3 6 5 -5 -2 -3 8 13 10 -9 -11 -10 -1
right_child=1 2 -4 4 -6 -7 -8 9 12 11 -12 -13 -14 -15
leaf_value=-0.0023628134004597015 -0.0026020043244497438 0.016329248138675985 0.020319386932640446 0.0024741616216707417 -0.0043683089443765054 0.0048981666395531811 0.001563827797970875 -0.0011538399679165174 -0.02059176083836611 0.0017531670738811296 -0.010970287451531538 -0.0012125073463522694 0 0.0071144949754107763
leaf_weight=2.0448494013398912 106.33334476687014 10.637758702039717 9.1104293018579465 225.13088071532547 249.52507393900305 241.84242147952318 126.84474241919816 534.81788831949234 9.9673942476510984 421.27965627331287 40.638147110119462 362.09815401118249 2.5339781679213038 5.6634146049618721
leaf_count=47 1259 99 50 2266 2635 2663 1292 12347 310 9695 1102 8867 76 115
internal_value=8.74433e-07 0.0010699 0.00446598 0.000437321 -0.00109467 0.00256299 0.00303161 -0.000740219 -0.00926299 -0.000589011 -0.00190864 0.000363657 -0.0172875 0.00308645
internal_weight=2348.47 969.425 146.593 822.832 474.656 348.176 137.483 1379.04 20.2096 1358.83 575.456 783.378 12.5014 7.70826
internal_count=42823 10264 1441 8823 4901 3922 1391 32559 548 32011 13449 18562 386 162
is_linear=0
shrinkage=0.03


Tree=93
num_leaves=15
num_cat=0
split_feature=10 0 23 5 7 5 13 23 23 13 5 2 9 5
split_gain=2.24177 2.85512 3.63019 2.67007 2.51854 2.32168 4.47244 2.09992 2.0212 1.98399 2.37611 2.2915 1.89 1.76245
threshold=-0.74418493989214551 -1.3822707701643313 -0.049353264031861015 0.69693877551020422 0.060612244897959189 0.06394557823129253 0.79795918367346952 -0.0099178497705780227 -0.093904647260887472 0.87877551020408173 0.9191836734693879 1.2919773812174553 0.93938775510204098 0.44948979591836741
decision_type=2 2 2 2 2 2 2 2 2 2 2 2 2 2
left_child=3 2 12 5 -4 6 -1 -7 -3 11 -11 -5 -2 -10
right_child=1 8 4 9 -6 7 -8 -9 13 10 -12 -13 -14 -15
leaf_value=-0.0018080750900990137 0.0028846280482256012 -0.0093733625065521627 0.0066131804422360444 0.0035160769171489201 -0.0012714139845781665 0.0028082642153147903 0.018575648225587962 -0.001960492162327417 -0.0020393872306684788 -0.0067248028539285444 0.0099057407989126232 0.012370703345607564 0.018366097618998666 1.1508559616155149e-05
leaf_weight=18.467436401173472 17.342138852924109 23.693077282980084 48.004148781299591 98.511872041970491 127.27365987095982 119.58719082083553 15.441852478310464 255.38921582140028 626.15213828813285 23.672917310148478 8.739976489916442 40.107926838099957 16.557837545871735 907.67209120187908
leaf_count=324 251 532 581 1750 1615 1958 131 4424 12100 315 86 485 92 18179
internal_value=5.71819e-06 -0.000519282 0.00273682 0.00162717 0.00085361 0.000264858 0.00757428 -0.000393023 -0.00096915 0.00475664 -0.0014895 0.00632423 0.011466 -0.000817526
internal_weight=2346.61 1766.7 209.178 579.918 175.278 408.886 33.9093 374.976 1557.52 171.033 32.4129 138.62 33.9 1533.82
internal_count=42823 33350 2539 9473 2196 6837 455 6382 30811 2636 401 2235 343 30279
is_linear=0
shrinkage=0.03


Tree=94
num_leaves=15
num_cat=0
split_feature=15 11 8 20 10 20 4 10 7 4 4 23 0 0
split_gain=2.41511 3.98435 3.49958 5.52786 3.45513 2.31285 2.90456 2.28121 1.9231 2.11449 1.79622 1.56704 2.10878 1.62155
threshold=0.46428571428571436 0.78795918367346951 1.6381292241727994 0.030517996933851047 1.2399322347323689 -0.030661972870249351 0.92662520973261908 -0.74418493989214551 0.96888888888888902 -0.39952731901150468 -0.096489385393470406 0.071337136538951032 -0.84577987378822572 -0.44364775005177992
decision_type=2 2 2 2 2 2 2 2 2 2 2 2 2 2
left_child=1 5 4 -4 -3 -1 -7 11 10 -10 -9 12 -2 -13
right_child=7 2 3 -5 -6 6 -8 8 9 -11 -12 13 -14 -15
leaf_value=0.0065463363991762188 -0.0032976311262810799 0.0086565472013695778 0.021232408479533327 -0.0032100176999644279 -0.0041953873055340764 -0.0016460062046073282 0.0084051270902977832 -0.0019851493686113548 0.010203244751471512 -0.007627518989832857 0.00017721755448519167 0.0026447567532378972 0.0029492757143568349 -0.0064008897016644287
leaf_weight=44.80703064892441 52.62914408929646 38.523395552299917 26.407481376081705 9.7110844738781434 31.76537640299648 262.1808418603614 26.460263506509364 623.61834941618145 4.1919690873473874 61.944613405503333 746.89064156077802 25.883066954091191 347.81934805773199 41.554576555266976
leaf_count=669 723 664 156 80 531 4406 401 11689 83 1308 14936 406 6039 732
internal_value=0 0.00200401 0.00700783 0.0144435 0.00268553 0.000330255 -0.000621492 -0.000457515 -0.00105571 -0.00601088 -0.000797247 0.00134399 0.00207869 -0.0027369
internal_weight=2344.39 439.855 106.407 36.1186 70.2888 333.448 288.641 1904.53 1436.65 66.1366 1370.51 467.886 400.448 67.4376
internal_count=42823 6907 1431 236 1195 5476 4807 35916 28016 1391 26625 7900 6762 1138
is_linear=0
shrinkage=0.03


Tree=95
num_leaves=15
num_cat=0
split_feature=9 21 21 11 4 21 19 7 4 4 4 9 0 19
split_gain=1.79254 2.61231 7.57543 5.34995 2.67004 2.32896 2.27534 1.96784 3.79124 2.72332 2.74622 2.20729 1.63944 1.60964
threshold=0.9900000000000001 0.0099846274323332814 0.011353503076680685 0.95959183673469395 -0.19309061196224581 0.011952428496535215 0.0054245157670300631 0.84222222222222232 0.1064240216471555 -0.46568509600812219 1.6034797312966229 0.75532879818594112 -0.57548059567890941 0.0052352639701420582
decision_type=2 2 2 2 2 2 2 2 2 2 2 2 2 2
left_child=7 3 4 6 -3 -4 -2 8 12 13 -11 -10 -1 -9
right_child=1 2 5 -5 -6 -7 -8 9 11 10 -12 -13 -14 -15
leaf_value=0.00019621888603488894 0.0026555039896862124 -0.024490506582243103 0.016956553279709175 -0.010671055817707964 -0.0013027678498565072 0.0012057034782331038 0.015809631021306818 -0.00090151146718152136 0.00060878914158529317 -0.0048309422630252851 0.0018242461874675099 0.0041914461382427104 -0.0020434906232448136 0.012870130693533259
leaf_weight=540.4056874550879 23.587432529777288 10.777738157659771 10.611292582005261 10.076011143624781 9.4900572001934034 34.367818079888821 34.235571276396513 10.78577993065119 499.79825841635466 232.15907460078597 68.298764383420348 231.53260079398751 614.8165047718212 13.727909916080533
leaf_count=8744 162 82 59 69 63 225 209 231 11501 5007 1218 2500 12665 230
internal_value=-7.67161e-05 0.00326866 -0.000820994 0.00732421 -0.015399 0.00580456 0.0109626 -0.000287674 7.69373e-05 -0.00243774 -0.00326646 0.00177182 -0.000984278 0.00663407
internal_weight=2344.67 133.146 65.2469 67.899 20.2678 44.9791 57.823 2211.52 1886.55 324.972 300.458 731.331 1155.22 24.5137
internal_count=42965 869 429 440 145 284 371 42096 35410 6686 6225 14001 21409 461
is_linear=0
shrinkage=0.03


Tree=96
num_leaves=15
num_cat=0
split_feature=9 17 21 18 21 10 1 21 20 10 4 6 4 3
split_gain=1.43829 2.82985 5.01384 5.149 3.89321 3.04729 1.86569 2.38299 2.88387 1.74457 1.85418 1.64937 1.31196 0.955738
threshold=0.9900000000000001 0.016583154817012117 0.0093648321946577361 0.018486527429351755 0.013461255376257648 2.0252254106095182 0.020204081632653064 0.010932367963221589 0.039455794884398661 3.7073306290290233 0.88371350503907886 0.24319504441478637 -1.6231131162152062 0.085260770975056702
decision_type=2 2 2 2 2 2 2 2 2 2 2 2 2 2
left_child=6 2 3 -2 -4 12 7 8 -1 11 -11 -8 -3 -9
right_child=1 5 4 -5 -6 -7 9 13 -10 10 -12 -13 -14 -15
leaf_value=-0.015606951754197712 0.017394622622985918 0 -0.011570871647995539 -0.0036499505397807517 0.006109292048532707 -0.0078276967659780816 0.00029094738990060302 0.0076786337912094892 0.0017939154047833588 -0.0019075359328453475 0.020434076592966668 -0.0016270622604122223 0.01412224585380956 -0.0033757186032315166
leaf_weight=24.513930963352323 20.29732695966959 6.2015289962291709 35.999574605375528 16.83418794721365 13.197347249835728 6.0598251894116393 1610.6607709899545 10.711486287415029 9.978391405194996 3.4614233095198852 5.607112392783165 533.54473905730993 33.739456608891487 12.073796291835604
leaf_count=306 129 36 254 112 87 40 29890 104 142 56 59 11374 211 165
internal_value=-7.4952e-05 0.00293012 -0.00014416 0.00777148 -0.0064817 0.00877765 -0.000264109 -0.00552006 -0.0103395 -0.000112347 0.0117474 -0.000180395 0.0119078 0.00141607
internal_weight=2342.88 132.329 86.3284 37.1315 49.1969 46.0008 2210.55 57.2776 34.4923 2153.27 9.06854 2144.21 39.941 22.7853
internal_count=42965 869 582 241 341 287 42096 717 448 41379 115 41264 247 269
is_linear=0
shrinkage=0.03


Tree=97
num_leaves=15
num_cat=0
split_feature=8 18 18 19 20 20 12 21 2 12 8 21 22 10
split_gain=1.69273 3.56261 3.91307 6.86978 3.47274 1.96565 3.44567 2.4573 2.15161 4.12086 2.05145 1.49561 0.772821 0.250403
threshold=-0.41436548176940596 -0.083170437402188976 -0.042158007341817121 0.0095835940259106512 0.031955995620656548 0.03112786179733296 -0.43867624016238371 0.006448979780895244 2.3381624326610271 0.46009468772802836 3.5908320708325467 0.0068115265314547214 1.0000000180025095e-35 1.2751537042529175
decision_type=2 2 2 2 2 2 2 2 2 2 2 2 2 2
left_child=1 12 3 -3 -4 8 11 -8 10 -10 -2 -7 -1 -14
right_child=5 2 4 -5 -6 6 7 -9 9 -11 -12 -13 13 -15
leaf_value=-0.02066037545044196 0.00096214220347563546 0.012496127501152782 -0.0038905509752638467 -0.015148584964222018 0.001141165761360031 -0.0040973652510241741 0.0042544392757117647 -0.0033579386106385853 0.013318990890869225 -0.0015434177363518418 -0.010637156277451605 0.0033444432059220315 -0.0062822951200053479 0.0015885342811363821
leaf_weight=8.363395213149488 1111.4329968476668 38.679976093582809 294.2595214350149 7.8709336798638097 204.13637452851981 24.941667545586824 39.236416757106781 363.94280665088445 33.813882526941597 27.878497300669551 11.717821296304463 167.7351796887815 7.3786209570243955 0.84078241977840651
leaf_count=340 17337 899 8962 233 4731 454 604 5674 298 232 78 2780 312 31
internal_value=-2.85499e-05 -0.00146768 -0.000993818 0.00708146 -0.00180333 0.000417993 -0.000971966 -0.00256276 0.0011301 0.00652966 0.000809102 0.00227187 -0.0144498 -0.00385606
internal_weight=2342.23 561.53 544.947 46.5509 498.396 1780.7 595.856 403.179 1184.84 61.6924 1123.15 192.677 16.5828 8.2194
internal_count=42965 15508 14825 1132 13693 27457 9512 6278 17945 530 17415 3234 683 343
is_linear=0
shrinkage=0.03


Tree=98
num_leaves=14
num_cat=0
split_feature=9 10 21 19 4 10 4 23 16 12 4 9 2
split_gain=1.87477 2.46129 3.18217 3.93825 2.72444 1.50851 3.50708 1.66471 1.53287 3.15596 2.02786 0.448642 0.34702
threshold=0.9900000000000001 2.7069065650894042 0.0079306843594489519 0.0050887551174993778 -1.7516553736634706 -1.6064050236513585 -1.3852622846187519 -0.092068499955158353 0.085260770975056702 -0.69938600142178642 2.1940481505632143 0.75532879818594112 1.857247610740794
decision_type=2 2 2 2 2 2 2 2 2 2 2 2 2
left_child=5 2 3 -2 -4 6 11 -8 9 -7 -10 -1 -3
right_child=1 12 4 -5 -6 8 7 -9 10 -11 -12 -13 -14
leaf_value=0.0026731858630150724 -0.00247761734757147 -0.00014616076217714493 -0.012125429217255273 0.020594155085928281 0.0036977945901678138 0.0001422628513258828 0.01851543773529286 0 -0.00080327121131972554 0.0095913362410475871 0.0072342036707474886 0.02498269135480085 -0.014182693375443705
leaf_weight=3.4043761268258077 7.6562047451734569 5.2221528962254506 8.7679729685187322 18.654532015323639 85.931012134999037 172.002764608711 2.6386525742709628 71.594600058160722 1890.2582567855716 38.047057990916073 26.368662502616644 5.3195226490497589 4.6748918369412422
leaf_count=60 56 34 54 113 583 2626 30 1084 37168 636 459 33 29
internal_value=-2.75617e-05 0.0034257 0.00472339 0.0136499 0.00185715 -0.000241841 0.00366125 0.00109849 -0.000404436 0.00199886 -0.000677449 0.0197977 -0.00930681
internal_weight=2340.54 130.907 121.01 26.3107 94.699 2209.63 82.9572 74.2333 2126.68 210.05 1916.63 8.7239 9.89704
internal_count=42965 869 806 169 637 42096 1207 1114 40889 3262 37627 93 63
is_linear=0
shrinkage=0.03


Tree=99
num_leaves=15
num_cat=0
split_feature=8 23 20 20 20 17 20 12 15 0 11 12 0 9
split_gain=1.64196 3.24236 2.56595 2.37946 2.36278 2.39951 1.95196 3.32995 2.64463 3.60725 2.47266 2.34821 1.10912 0.310069
threshold=-0.41436548176940596 -0.059332163830426603 -0.049245600334098409 0.031955995620656548 -0.084103740954244707 -0.056431686350567938 0.03112786179733296 -0.43867624016238371 0.79166666666666685 -0.17380324584437237 0.92666666666666686 0.095540911064944833 -0.37815844475369381 0.25244897959183682
decision_type=2 2 2 2 2 2 2 2 2 2 2 2 2 2
left_child=1 4 13 -4 5 -1 8 12 9 -2 -10 -9 -8 -3
right_child=6 2 3 -5 -6 -7 7 11 10 -11 -12 -13 -14 -15
leaf_value=-0.011808165087136061 0.0008163572842555608 0.019611341882835712 -0.0028801569606579625 0.0011745896232422481 -0.013852041179366921 0.014707668337377957 0.0049618840179872234 -0.0054121937750570941 0.00035122960436567967 0.0057316057376389446 -0.0056499443740255194 -0.00063557083081285754 0.00020240168259090625 0
leaf_weight=3.2142255827784538 422.26723788492382 4.0460122004151335 291.66983314603567 226.16382219549268 28.450909196399152 4.9087738329544646 75.991410149261355 157.56854592263699 492.25149554666132 202.26965016871691 68.216107904911041 242.44007828552276 118.06186855398118 1.1603785157203672
leaf_count=93 5649 105 8905 5218 1000 148 1130 2818 8066 3198 1032 3460 2104 39
internal_value=-4.56332e-05 -0.00146568 -0.000812095 -0.00108269 -0.00989699 0.00247373 0.000393773 -0.000994343 0.0011028 0.00244542 -0.000370015 -0.00257202 0.00217433 0.0168509
internal_weight=2338.68 559.614 523.04 517.834 36.5739 8.123 1779.07 594.062 1185 624.537 560.468 400.009 194.053 5.20639
internal_count=42965 15508 14267 14123 1241 241 27457 9512 17945 8847 9098 6278 3234 144
is_linear=0
shrinkage=0.03


Tree=100
num_leaves=15
num_cat=0
split_feature=13 12 17 15 18 7 2 23 20 23 7 16 1 12
split_gain=2.52082 2.3292 4.44295 3.00118 3.18873 2.93984 2.80765 2.39042 2.13782 2.44797 3.07818 2.88409 1.99951 2.45027
threshold=0.71714285714285719 -0.11969630732060725 0.0026802360048644451 0.30952380952380959 0.039281835644368941 0.72666666666666668 1.6425406992704368 -0.053216176545916032 0.0168144098674099 0.0097934235345604765 0.25244897959183682 0.9900000000000001 0.040408163265306128 0.5022971567926745
decision_type=2 2 2 2 2 2 2 2 2 2 2 2 2 2
left_child=1 3 5 4 -1 -3 -5 -4 12 10 -10 -11 13 -2
right_child=8 2 7 6 -6 -7 -8 -9 9 11 -12 -13 -14 -15
leaf_value=0.0081573559670132922 -0.0025002750640810982 -0.0033249339379396105 0.0047656233155126378 -0.0012728091099687695 -0.0019387967675437144 0.010908055411552936 0.0049183818745037987 -0.011530904221810858 0.0024219382574385238 0.0011664122310803995 -0.01576705695726956 -0.0078331022872596516 0.0019188269561506404 0.012778271419586311
leaf_weight=68.354254958219826 10.192726340144871 33.505181852728128 6.7465052809566251 1153.2572169508785 42.510123441927135 18.103940470144153 67.154603846371174 63.159516701474786 11.562039306387307 343.14043085463345 17.736608313396573 33.190908858552575 399.86550830770284 32.066767293959856
leaf_count=938 109 657 124 24901 522 296 926 1307 148 5447 292 391 6111 259
internal_value=-8.53784e-05 -0.00084968 -0.00480446 -0.000470784 0.0041874 0.00160873 -0.000912371 -0.00966074 0.00120566 -0.000334666 -0.00841384 0.000295831 0.00264777 0.00880781
internal_weight=2300.55 1452.79 121.515 1331.28 110.864 51.6091 1220.41 69.906 847.755 405.63 29.2986 376.331 442.125 42.2595
internal_count=42428 29671 2384 27287 1460 953 25827 1431 12757 6278 440 5838 6479 368
is_linear=0
shrinkage=0.03


Tree=101
num_leaves=15
num_cat=0
split_feature=8 19 16 21 13 19 1 1 18 8 13 8 13 22
split_gain=2.50328 2.14912 3.88739 4.14674 4.04595 3.35039 5.46335 5.16711 2.03707 2.65412 1.65239 3.16814 1.43445 0.836057
threshold=0.57622261493656068 0.005159720709247047 0.9900000000000001 0.0073911210044222443 0.68444444444444452 0.0037357669776730451 0.040408163265306128 0.25244897959183682 -0.083170437402188976 -0.027458086033513261 0.085260770975056702 0.25798595417287257 0.75532879818594112 1.0000000180025095e-35
decision_type=2 2 2 2 2 2 2 2 2 2 2 2 2 2
left_child=8 5 4 -4 -3 7 -7 -2 9 13 11 -10 -12 -1
right_child=1 2 3 -5 -6 6 -8 -9 10 -11 12 -13 -14 -15
leaf_value=-0.018619467923857113 0.005615637465547765 -0.0022411998418513128 0.0084450111163012695 -0.013710648894904382 0.0032032530490369274 -0.0084194472759363259 0.0068051551883516965 -0.0045823006613144 0.0029387904134468017 0.0010177893794396796 -0.0017562069680226251 -0.013134738912154399 0.00062844617125780422 -0.0045137775454707069
leaf_weight=12.950646260753274 75.016177173703909 231.03039464261383 7.426178414374589 32.043875355273485 255.20209435373545 21.160072740167379 199.51114338170737 104.20996065065265 175.42290823627263 17.221472696401179 847.95665977615863 9.546870928257702 297.60009544435889 12.02027951925993
leaf_count=474 718 2847 66 320 2541 213 2112 1162 2749 371 21877 147 6383 448
internal_value=-9.57184e-05 0.00110132 -0.000133681 -0.00897417 0.000587048 0.00275475 0.0052154 -0.000216255 -0.0009142 -0.00728845 -0.000690173 0.00189733 -0.00112362 -0.0132238
internal_weight=2298.32 925.6 525.703 39.4701 486.232 399.897 220.671 179.226 1372.72 42.1924 1330.53 184.97 1145.56 24.9709
internal_count=42428 9979 5774 386 5388 4205 2325 1880 32449 1293 31156 2896 28260 922
is_linear=0
shrinkage=0.03


Tree=102
num_leaves=15
num_cat=0
split_feature=13 10 15 20 20 4 4 18 6 4 24 13 18 2
split_gain=2.05218 2.42341 2.32194 3.20217 2.75675 2.19237 3.55184 3.82743 2.15385 2.11952 2.97555 2.348 1.30301 0.450157
threshold=0.71714285714285719 1.8735235215650794 0.92857142857142871 0.025869533732254538 0.016379116451152646 2.1940481505632143 1.1254572147293507 0.035920908882282949 0.2344114605096187 0.5777156747600708 1.0000000180025095e-35 0.52530612244897978 -0.020693256627785536 2.4832147661014146
decision_type=2 2 2 2 2 2 2 2 2 2 2 2 2 2
left_child=1 9 3 -3 -4 6 8 -8 -2 11 -11 -1 -7 -14
right_child=5 2 4 -5 -6 12 7 -9 -10 10 -12 -13 13 -15
leaf_value=-0.00095303411923795237 0.0024723481785240307 0.016252758273283804 -0.0086075492777521675 -0.0005673472773544113 0.0059702594386499058 0.020945495134373819 -0.0085222450214714283 0.0026232432774691804 -0.0014460878090882343 -0.0036824030080969275 0.002411615895353934 -0.004387264847121995 -0.0031130021609958175 0.0073145463395717352
leaf_weight=749.85219431389123 571.77676805481315 22.26094663888216 19.045630492269993 14.48956325650215 23.940730962902308 6.0139803700149068 67.221105120144784 42.281795074231923 155.25088344421238 94.05963113065809 277.27086903527379 242.17909789271653 3.947504492476579 5.0483613722026348
leaf_count=15206 8226 270 415 228 394 48 1010 662 2678 2207 5785 5166 86 47
internal_value=-8.31929e-05 -0.000778066 0.00420463 0.00954702 -0.000250707 0.00107589 0.00083768 -0.00411431 0.00161335 -0.0010862 0.000816338 -0.00181364 0.0118107 0.0016407
internal_weight=2294.64 1443.1 79.7369 36.7505 42.9864 851.54 836.531 109.503 727.028 1363.36 371.331 992.031 15.0098 8.99587
internal_count=42428 29671 1307 498 809 12757 12576 1672 10904 28364 7992 20372 181 133
is_linear=0
shrinkage=0.03


Tree=103
num_leaves=13
num_cat=0
split_feature=8 10 19 19 19 5 18 12 18 2 11 23
split_gain=2.58557 2.10061 2.0886 1.91425 2.94459 2.6697 1.72892 1.81967 1.77982 1.62131 1.66475 0.915324
threshold=0.57622261493656068 -0.76478809983847196 0.0013811796875129181 0.0027653798327476205 0.005159720709247047 0.89897959183673481 -0.083170437402188976 -0.091617770671028012 -0.042158007341817121 -1.0740202222954136 0.14920634920634923 0.016700083712125505
decision_type=2 2 2 2 2 2 2 2 2 2 2 2
left_child=1 9 -2 5 -5 -4 7 -3 -8 11 -11 -1
right_child=2 6 3 4 -6 -7 8 -9 -10 10 -12 -13
leaf_value=-0.010544954353312078 0.019674761669584984 -0.012663913004106461 -0.0012447506534337008 0.0034869221908750531 -4.8371648963514568e-05 -0.020576203038192759 0.0029909738462364243 0.001230556825085987 -0.0017306368387984365 6.9600365253677399e-05 0.0047569815769830043 0
leaf_weight=13.081396985799072 3.5175340622663489 22.949399220757186 46.010143687948585 344.27166040614247 525.84486777056009 6.0083538163453332 73.932113335467875 9.5747489463537914 924.48957182653248 194.83151183463633 108.87917336262763 19.131531131453812
leaf_count=286 29 775 497 3612 5774 67 1805 268 22831 3899 2193 392
internal_value=-9.88522e-05 -0.000933414 0.00111669 0.000987245 0.001338 -0.00443445 -0.00160998 -0.00830473 -0.00136073 0.0010958 0.0018192 -0.00499379
internal_weight=2292.52 1366.87 925.653 922.135 870.117 52.0185 1030.95 32.5241 998.422 335.924 303.711 32.2129
internal_count=42428 32449 9979 9950 9386 564 25679 1043 24636 6770 6092 678
is_linear=0
shrinkage=0.03


Tree=104
num_leaves=15
num_cat=0
split_feature=9 21 12 6 16 19 19 21 7 16 19 7 21 18
split_gain=2.37395 3.03215 5.56552 5.56445 3.31121 2.04166 2.20033 1.92096 1.72795 1.63983 2.09636 1.81981 1.63022 1.42013
threshold=0.80816326530612259 0.01730996822613157 -0.26085827026673142 0.050623890478449916 0.75532879818594112 0.0013811796875129181 0.0027653798327476205 0.013461255376257648 0.8633333333333334 0.63632653061224509 0.0076788407034818198 0.12789115646258506 0.0095815937212539396 -0.06209320995645972
decision_type=2 2 2 2 2 2 2 2 2 2 2 2 2 2
left_child=7 5 3 -3 -4 -2 -7 8 12 10 -9 -11 -1 -10
right_child=1 2 4 -5 -6 6 -8 9 13 11 -12 -13 -14 -15
leaf_value=-0.0010848625070805588 0.018475269332244148 0.02745831600217636 -0.014951238819346017 -0.0026590927396394756 0.0051445170645777446 -0.0053209094533694015 0.00094429256092833395 -0.0084684427576700375 0.0091113349427211238 0.011133061285190444 -0.0001124791326361245 -0.0019284962052469993 0.0011857799974865526 -0.0046248471321212988
leaf_weight=609.89874743483961 3.7889775745570651 15.913656547665598 7.8396400474011889 6.2693242393434039 27.492279104888439 51.767753675580025 727.48538365587592 80.337484981864691 4.6852636011317363 9.4779906300827843 45.819139614701271 55.867191876284778 529.50966787524521 113.47606437653303
leaf_count=13774 33 132 82 65 246 575 7373 2169 116 193 1127 1412 11651 3480
internal_value=-9.11904e-05 0.00116812 0.00772073 0.0188103 0 0.000649274 0.000496323 -0.000832613 -0.000390387 -0.00362508 -0.00559978 1.76481e-05 -1.62715e-05 -0.00381277
internal_weight=2289.63 840.557 57.5149 22.183 35.3319 783.042 779.253 1449.07 1257.57 191.502 126.157 65.3452 1139.41 118.161
internal_count=42428 8506 525 197 328 7981 7948 33922 29021 4901 3296 1605 25425 3596
is_linear=0
shrinkage=0.03


Tree=105
num_leaves=12
num_cat=0
split_feature=2 5 5 20 7 19 5 19 5 20 1
split_gain=2.81506 4.70192 2.95603 3.4945 2.97883 2.79524 1.9843 1.65834 1.53742 0.8441 0.356277
threshold=3.4174302273783255 0.93938775510204098 0.080816326530612256 0.071740267909373948 0.59591836734693893 0.006914230956305471 0.96888888888888902 0.007998009821287403 0.88444444444444448 0.033019277655432784 0.97979591836734703
decision_type=2 2 2 2 2 2 2 2 2 2 2
left_child=2 -2 3 4 -1 -5 8 -8 -4 10 -3
right_child=1 9 6 5 -6 -7 7 -9 -10 -11 -12
leaf_value=0.0006519472756620527 0.02451234803840463 0.0075823294986553397 -0.0005466230773285279 0.025059763033358631 0.013256535428676426 0 0.0015902590748327393 0.012858416754715286 -0.0035252347411781865 -0.010682550925353442 -0.0010134573370986881
leaf_weight=197.95769820827991 9.0765601117163914 5.251440726220606 1787.9156644484028 9.0897339247167093 16.879723297432065 5.8501791991293421 75.303516793996096 13.3417144510895 172.33794346358627 3.8701552152633658 3.9839925393462181
leaf_count=2985 57 40 34105 103 224 71 1416 201 3382 35 32
internal_value=-0.000130234 0.0100373 -0.000244503 0.00295609 0.0018246 0.0162052 -0.000613287 0.00369796 -0.000819462 -0.000912903 0.00301887
internal_weight=2300.86 22.1821 2278.68 229.777 214.837 14.9399 2048.9 88.6452 1960.25 13.1056 9.23543
internal_count=42651 164 42487 3383 3209 174 39104 1617 37487 107 72
is_linear=0
shrinkage=0.03


Tree=106
num_leaves=15
num_cat=0
split_feature=8 6 21 17 17 0 21 4 4 7 2 4 2 21
split_gain=3.24851 2.46258 4.75927 5.2002 3.21116 2.88085 2.63944 2.54703 2.00692 4.80005 3.18982 2.58797 2.6873 1.71064
threshold=2.1420831106953226 -0.1448082750810766 0.0090783659730456472 0.020305602521132563 0.011265209983051696 0.32401367029782074 0.0075695663840713709 -2.0560008544857777 -1.461650063614693 0.59591836734693893 -1.7848210220076755 -0.19309061196224581 -0.07992792989904797 0.012371641176660267
decision_type=2 2 2 2 2 2 2 2 2 2 2 2 2 2
left_child=8 4 3 -3 7 -4 -6 -2 9 10 -1 -10 -13 -11
right_child=1 2 5 -5 6 -7 -8 -9 11 13 -12 12 -14 -15
leaf_value=0.0078621499112192655 -0.01368172781836677 0.014769478568235983 0.00048826383011530403 -0.0049788294512285447 -0.0020096447842318896 -0.011059401252366378 0.01654422127837377 0.0044077378743712977 -0.0021575379954580053 0.023976700306431207 -0.001566285405310137 0.0027418506306967579 -0.00067335770908063988 0
leaf_weight=42.041009956970811 5.9284627474844447 30.835990525782108 42.758783910423517 16.206568349152803 6.3486335873603812 30.274968948215246 33.487944226711988 48.667641866952181 742.42854112107307 9.9691191595047695 114.87374863959849 266.25616272073239 906.56116919778287 3.055521502159535
leaf_count=508 37 211 280 124 49 233 208 350 14614 114 2119 5493 18256 55
internal_value=-0.000120122 0.00336906 0.000362358 0.00773457 0.0069499 -0.00426592 0.0132741 0.00176434 -0.000489136 0.00259675 0.000932572 -0.000773193 9.2552e-05 0.0188547
internal_weight=2299.69 214.509 120.076 47.0426 94.4327 73.0338 39.8366 54.5961 2085.19 169.939 156.915 1915.25 1172.82 13.0246
internal_count=42651 1492 848 335 644 513 257 387 41159 2796 2627 38363 23749 169
is_linear=0
shrinkage=0.03


Tree=107
num_leaves=15
num_cat=0
split_feature=9 16 17 10 10 1 21 13 1 10 13 21 4 10
split_gain=2.47724 4.19343 5.4742 6.01161 4.1913 4.85117 2.05975 1.7222 3.2636 2.39964 2.34026 2.25622 1.86956 1.4673
threshold=0.94777777777777794 0.64222222222222236 0.011630323368040931 -0.57336413780035389 -1.0187579535918094 0.1788888888888889 0.0095998596547918497 0.16163265306122451 0.36867346938775519 -0.0091298002657601296 0.23224489795918371 0.0087761567121933323 1.8683018823527477 1.3050699634376122
decision_type=2 2 2 2 2 2 2 2 2 2 2 2 2 2
left_child=7 2 -2 -4 6 -6 -3 8 9 -1 13 -10 -12 -9
right_child=1 4 3 -5 5 -7 -8 10 11 -11 12 -13 -14 -15
leaf_value=0.00068386779689188668 0.013292329353963716 0.015391931415454689 -0.016696568201672077 0.006676669551957554 0.004139345181667033 -0.0051698774607447538 0.00057416314364592592 -0.0037486406211268957 0.0031845431964303448 0.0084322306518548953 -0.00086356433904788714 -0.0032993752369610539 0.0050579653226581834 -0.015806855071525103
leaf_weight=77.491176481358707 56.630108200013638 19.489886086434126 12.647280428558586 28.183033511042595 78.314676705747843 129.64133123680949 17.832960981875658 94.881866249255836 69.472832159139216 74.338685741648078 1440.4599599475041 140.25986938364804 47.056253002025187 9.7994227781891805
leaf_count=1175 385 138 104 187 557 1064 128 2374 1410 1061 29939 3036 881 212
internal_value=-0.000130772 0.00220553 0.00740288 -0.000654611 3.65532e-05 -0.00158662 0.00908271 -0.000550125 0.00129636 0.00463543 -0.000979941 -0.00107097 -0.000659632 -0.00529322
internal_weight=2296.5 342.739 97.4604 40.8303 245.279 207.956 37.3228 1953.76 361.563 151.83 1592.2 209.733 1487.52 104.681
internal_count=42651 2563 676 291 1887 1621 266 40088 6682 2236 33406 4446 30820 2586
is_linear=0
shrinkage=0.03


Tree=108
num_leaves=12
num_cat=0
split_feature=2 4 4 20 2 18 4 21 7 4 6
split_gain=2.59256 4.68705 2.16956 2.23294 2.12949 1.8925 1.51186 3.94345 1.40322 0.83407 0.623357
threshold=3.4174302273783255 1.4090486127262929 -1.5171165948746175 0.08121654386155254 -1.7848210220076755 0.020852171119517985 1.8683018823527477 0.011876028682918498 0.81816326530612249 2.0856479199803846 -0.46263101184387573
decision_type=2 2 2 2 2 2 2 2 2 2 2
left_child=2 -2 3 4 -1 9 8 -8 -4 -3 -5
right_child=1 5 6 10 -6 -7 7 -9 -10 -11 -12
leaf_value=0.0063437514654828969 0.024131710678463949 -0.0015239725632399321 -0.00026140212048268794 0.00018447887647756074 -0.00039526850654865843 -0.014174384567492631 0.0083527838942454354 -0.0079170380834461488 -0.0023242312932258034 0.013072523541598696 0.021107505283062898
leaf_weight=61.581619422882795 9.0724401716142911 3.6263997964560968 1657.0621347269043 3.4005953222513199 114.04541941918433 4.7671364285051814 47.666577823460102 15.745667517185209 366.44824967253953 4.4808599576354027 5.754727363586424
leaf_count=606 55 32 31104 42 1977 43 781 339 7582 34 56
internal_value=-0.000100669 0.00970582 -0.00021046 0.00287584 0.00192807 -0.00132935 -0.000493403 0.00396502 -0.000644302 0.00604978 0.016107
internal_weight=2293.65 21.9468 2271.7 184.782 175.627 12.8744 2086.92 63.4122 2023.51 8.10726 9.15532
internal_count=42651 164 42487 2681 2583 109 39806 1120 38686 66 98
is_linear=0
shrinkage=0.03


Tree=109
num_leaves=12
num_cat=0
split_feature=12 21 21 13 18 19 23 15 7 13 6
split_gain=1.3648 3.41533 4.04053 1.35589 3.58775 3.39325 2.95592 1.02805 2.39157 1.08359 0.411774
threshold=4.4576494855100499 0.0079306843594489519 0.011450984825290981 0.06394557823129253 -0.010696399764578755 0.0095835940259106512 0.070562199804531059 0.46428571428571436 0.1705215419501134 0.68444444444444452 -0.0099618763622181927
decision_type=2 2 2 2 2 2 2 2 2 2 2
left_child=3 -2 -3 4 5 -1 -6 8 -5 -9 -4
right_child=1 2 10 7 6 -7 -8 9 -10 -11 -12
leaf_value=0.012751004520976258 0.02224783204115837 -0.017608630072099993 0.01583792629603107 -0.0031463105225706754 -0.0021550643367374759 -0.01248715802177643 0.0084005618095038918 -0.0013672255199217401 0.0022123919942815466 0.00016377237033832036 0
leaf_weight=37.500302991829813 6.5691611692309406 5.8306824527680856 4.3473374694585809 94.555553443729877 115.28302265238017 3.251313839107751 27.979364801198244 990.67203203961253 315.32149515580386 688.15739440359175 3.314791288226842
leaf_count=456 45 56 34 1417 1679 70 284 22628 5177 10772 33
internal_value=-9.47137e-05 0.00731571 -0.000919536 -0.000173097 0.00226964 0.00989657 0 -0.000397441 0.000930486 -0.000731292 0.011244
internal_weight=2292.78 20.062 13.4928 2272.72 184.014 40.7516 143.262 2088.71 409.877 1678.83 7.66213
internal_count=42651 168 123 42483 2489 526 1963 39994 6594 33400 67
is_linear=0
shrinkage=0.03


Tree=110
num_leaves=15
num_cat=0
split_feature=8 11 19 12 20 19 13 11 13 17 17 18 12 12
split_gain=2.24422 6.7022 4.63575 4.05674 4.06118 4.05011 3.23857 2.55247 2.47501 1.879 2.81057 2.19533 1.20978 1.77289
threshold=1.1547693308179692 0.87877551020408173 0.0027982666304445041 -0.44691074673860476 -0.02517281113089281 0.0042139285474212191 0.95959183673469395 0.22111111111111112 0.67673469387755114 -0.01758793889486265 -0.042441048763172333 0.031355080174013679 3.5036492394809979 1.4236447500399236
decision_type=2 2 2 2 2 2 2 2 2 2 2 2 2 2
left_child=7 2 8 4 -3 -4 -5 9 -2 10 -1 -11 13 -9
right_child=1 3 5 6 -6 -7 -8 12 -10 11 -12 -13 -14 -15
leaf_value=-0.0026257301335587293 0 -0.0037480424007402501 0.0066245281201883274 0.00094268638272490676 0.02290112798969839 -0.00083139817675247638 0.011776576929898188 -0.0014515957292440533 -0.018175019079005369 -0.0018637254834689408 0.0094524404268105794 0.0028455541331099208 -0.014771620219370668 0.0027501169252348262
leaf_weight=21.848764408379793 8.0533530618995446 4.7701505869627026 78.524754976853728 83.339344151318073 21.527387011796236 342.73899449035525 35.968564406037331 1182.358174582012 17.037805493921041 172.500637835823 52.718235423788428 177.29706110619009 4.0859943311661473 93.764876913279295
leaf_count=471 77 36 674 695 143 3116 265 27387 187 3250 1007 3404 84 1786
internal_value=1.5216e-05 0.00160977 -0.000189306 0.00715432 0.0176139 0.000547704 0.00447282 -0.000530986 -0.0122438 0.00146489 0.00574138 0.00048317 -0.00120553 -0.00112731
internal_weight=2296.53 591.96 446.355 145.605 26.2975 421.264 119.308 1704.57 25.0912 424.365 74.567 349.798 1280.21 1276.12
internal_count=42582 5193 4054 1139 179 3790 960 37389 264 8132 1478 6654 29257 29173
is_linear=0
shrinkage=0.03


Tree=111
num_leaves=15
num_cat=0
split_feature=11 19 9 13 11 14 21 1 11 11 6 21 17 1
split_gain=1.75432 5.88784 4.75499 4.96481 2.34907 2.58649 2.64825 2.5953 2.26843 1.98737 1.97502 1.76306 1.30625 1.04666
threshold=0.84222222222222232 0.0081816851456304966 0.89897959183673481 0.43428571428571433 0.1918367346938776 0.53571428571428581 0.027875949617375013 0.84222222222222232 0.1705215419501134 0.9191836734693879 -0.13693377852760866 0.0091592850122932546 0.0033652046948744467 0.45448979591836741
decision_type=2 2 2 2 2 2 2 2 2 2 2 2 2 2
left_child=4 2 11 -4 8 7 -7 -6 10 -3 -1 -2 -11 -10
right_child=1 9 3 -5 5 6 -8 -9 13 12 -12 -13 -14 -15
leaf_value=-0.001783217818371919 0.00095016034661613339 0.0010832551113340064 0.016818966933351543 0.0019725484591859711 -0.0035623523331471587 0.0002010020399348126 -0.0096644838370815878 0.0032658857105916234 0.011419959675971118 0.0090235321191129408 0.0023808385128327174 -0.0043283458234715357 0.025418860919613966 0.0018179337076792111
leaf_weight=167.53410804830492 89.105269778519869 14.24989919643849 23.738694161176682 115.62169912829995 427.40894471481442 911.82229246105999 23.145058000460267 52.853734468109906 26.400011766701937 21.067277646623555 250.14630235917866 136.28257113695145 9.7813186431303603 24.144226836971939
leaf_count=2717 1923 267 160 942 8309 18325 532 887 395 327 4130 3107 115 446
internal_value=1.22539e-05 0.00179232 0.000457923 0.00480978 -0.00036863 -0.00098424 -4.73163e-05 -0.00276936 0.00145645 0.0117885 0.000674331 -0.00218556 0.0159098 0.00736247
internal_weight=2293.3 409.847 364.748 139.36 1883.45 1415.23 934.967 480.263 468.225 45.0985 417.68 225.388 30.8486 50.5442
internal_count=42582 6841 6132 1102 35741 28053 18857 9196 7688 709 6847 5030 442 841
is_linear=0
shrinkage=0.03


Tree=112
num_leaves=15
num_cat=0
split_feature=8 10 19 8 19 23 12 19 11 21 12 2 2 14
split_gain=1.56484 4.58737 4.18902 3.77118 4.22372 3.41462 3.29712 2.58172 2.3303 2.20249 3.06347 1.41825 1.24532 1.22043
threshold=1.1547693308179692 1.0047431550238048 0.0027982666304445041 2.3144879620743808 0.0032943861667816946 0.00032901319370559628 -0.15304047429716242 0.0042139285474212191 0.22111111111111112 0.0080209222996204688 0.9946749507655871 3.4174302273783255 -0.81309793000686426 0.53571428571428581
decision_type=2 2 2 2 2 2 2 2 2 2 2 2 2 2
left_child=8 2 6 4 -3 -5 -2 -4 9 12 -11 13 -1 -10
right_child=1 3 7 5 -6 -7 -8 -9 11 10 -12 -13 -14 -15
leaf_value=-0.0092859938715660617 0.0038545708747833073 -0.0095683645282606568 0.00536533568856479 -0.011777060183071513 0.010956789879450106 0.0046199895534433716 -0.017842655686810347 -0.00055555422954526841 -0.0025656680963742368 0.0036844975799714529 -0.0051157396966792015 0.016028873355233602 -0.00053285608628259311 -0.00052129710011260722
leaf_weight=17.51441521383822 6.7683083377778557 7.655634304508566 79.529247993603349 15.597196344286202 93.398812461644411 29.705122075974941 18.381183356046677 339.34143473021686 390.82192469481379 294.5647090356797 37.373990869149566 2.2280006743967524 78.090057054534554 879.81177873071283
leaf_count=385 57 75 686 100 761 206 210 3098 8978 5528 629 16 1590 20263
internal_value=7.70378e-06 0.00134214 -0.000150348 0.00591217 0.00910078 -0.000967519 -0.0115971 0.000553135 -0.000447831 0.00144893 0.00262403 -0.00109798 -0.0024475 -0.00116494
internal_weight=2290.78 590.377 444.02 146.357 101.054 45.3023 25.1495 418.871 1700.4 427.543 331.939 1272.86 95.6045 1270.63
internal_count=42582 5193 4051 1142 836 306 267 3784 37389 8132 6157 29257 1975 29241
is_linear=0
shrinkage=0.03


Tree=113
num_leaves=15
num_cat=0
split_feature=4 2 18 13 8 20 20 15 18 6 15 18 2 6
split_gain=1.80959 4.05824 4.63058 3.65309 3.09628 3.07941 1.74039 1.67239 1.61209 2.2978 2.59734 2.29287 2.21578 1.91303
threshold=0.27641001459213721 0.16308443487375943 0.064063660133493197 0.77664399092970526 1.0984392800400851 -0.0010326705599988937 0.01138905907761323 0.46428571428571436 0.055838616090323263 0.68817232528357797 0.15476190476190479 0.042909968863953492 -0.19697973904913998 0.84605095945184272
decision_type=2 2 2 2 2 2 2 2 2 2 2 2 2 2
left_child=8 4 5 -4 6 -3 -2 -6 11 10 -10 13 -13 -1
right_child=1 2 3 -5 7 -7 -8 -9 9 -11 -12 12 -14 -15
leaf_value=-0.00037553066546715735 -0.0011771035623192464 -0.0024624869644912562 -0.0020499321102529222 -0.015684282148114275 0 0.0022393659332468467 0.0051277214092705506 0.016697983081820751 0.012453297725717995 0.015352502837171635 0 -0.0068068049476518516 0.00015217642937917977 -0.010237205817850696
leaf_weight=942.58036868367344 53.689695745706558 170.19164830911905 62.582639448344707 25.142294902354479 5.8877270966768291 443.54901631828398 113.47106105834246 24.530313402414322 14.078897098079322 8.3631516639143211 238.09373242687434 112.0278207147494 57.862705785781145 16.23157820943743
leaf_count=17312 1296 3539 1323 404 48 7768 2426 205 128 129 4392 2120 1112 380
internal_value=0 0.00105348 0 -0.00638727 0.00482816 0.000907407 0.00302405 0.0134816 -0.000672206 0.00142158 0.000783387 -0.00117044 -0.0043752 -0.000579051
internal_weight=2288.28 899.044 701.466 87.7249 197.579 613.741 167.161 30.418 1389.24 260.536 252.173 1128.7 169.891 958.812
internal_count=42582 17009 13034 1727 3975 11307 3722 253 25573 4649 4520 20924 3232 17692
is_linear=0
shrinkage=0.03


Tree=114
num_leaves=15
num_cat=0
split_feature=11 19 18 10 19 11 14 16 21 11 21 20 19 1
split_gain=1.40032 5.2977 3.6556 3.52168 3.0394 1.9752 2.48346 3.01944 2.3406 2.10473 1.72342 1.18833 1.17898 1.04901
threshold=0.84222222222222232 0.0076943225189459582 0.10396631312486372 2.102551177716268 0.0071638962918784792 0.1918367346938776 0.53571428571428581 0.9900000000000001 0.027875949617375013 0.1705215419501134 0.0075342509039061749 -0.055695445570266282 0.0078411833163536723 0.45448979591836741
decision_type=2 2 2 2 2 2 2 2 2 2 2 2 2 2
left_child=5 2 4 11 -2 9 7 -7 -8 10 -1 -3 -5 -11
right_child=1 3 -4 12 -6 6 8 -9 -10 13 -12 -13 -14 -15
leaf_value=-0.0037845454773478429 0.0017239421962981817 -0.0066160822297050541 -0.014676740673100121 0 -0.0072748990918472759 -0.0021543065944100606 0.00024546782363879782 -0.015234645567687468 -0.0091474283665602049 0.010865397697216376 0.0014344283207966377 0.005619348942673642 0.021004663768199792 0.0014472099020343739
leaf_weight=64.878001092933118 284.61757831834257 5.5435995496809474 12.682476647198198 2.8293850272893932 35.99738887976855 457.67357796151191 912.11393219046295 15.036916133016346 22.516910045407712 27.54437705129385 354.65298826713115 48.298356039449573 18.869740354828537 24.296958884224296
leaf_count=1165 4821 104 224 39 613 9002 18325 194 532 395 5682 812 228 446
internal_value=1.18673e-05 0.00160482 0 0.00866803 0.000628257 -0.000328147 -0.000897377 -0.00266442 0 0.00133628 0.000577633 0.00389913 0.0185405 0.00694761
internal_weight=2287.55 408.839 333.297 75.5411 320.615 1878.71 1407.34 472.71 934.631 471.372 419.531 53.842 21.6991 51.8413
internal_count=42582 6841 5658 1183 5434 35741 28053 9196 18857 7688 6847 916 267 841
is_linear=0
shrinkage=0.03


Tree=115
num_leaves=14
num_cat=0
split_feature=14 17 15 12 20 7 8 2 2 8 2 17 12
split_gain=2.21977 5.28391 4.25937 3.06141 3.38325 2.7365 3.8419 2.61327 2.32636 2.52122 2.13355 1.73156 1.04019
threshold=0.2678571428571429 0.041621108670146907 0.30952380952380959 -0.52032934297454858 -0.030661972870249351 0.14920634920634923 2.1420831106953226 -1.4731590173476106 -1.5049588175618138 -0.29920433112371708 -1.1267124273697742 0.013855002821535513 -0.54274272583879613
decision_type=2 2 2 2 2 2 2 2 2 2 2 2 2
left_child=1 3 5 7 -5 11 -7 -1 9 -4 -10 -2 -3
right_child=2 12 8 4 -6 6 -8 -9 10 -11 -12 -13 -14
leaf_value=0.014827702225681883 -0.012795890985148653 0 -0.0093242167664102441 -0.021372639911823133 -0.0022526063049723181 0.0039489437301948333 0.017581657518256681 -0.0011432862544045414 -0.0042448764463853721 0.0048520880267785386 -7.7221831237682173e-05 0.004234958170786539 -0.028652747875663184
leaf_weight=13.301406893879173 9.4438653942197579 2.3252748409286141 9.8526680618524534 8.374765298329292 60.460804536007345 93.464218274690211 23.701403986662626 18.758696929551661 116.52370795886964 130.26259233988822 1785.1590145323426 6.9469378031790248 6.8168044444173557
leaf_count=120 129 36 264 118 980 1307 144 303 2134 1452 35489 84 128
internal_value=5.51472e-05 -0.00405466 0.00027346 -0.00169379 -0.00532834 0.00542439 0.00708137 0.0055241 -6.11084e-05 0.00363249 -0.000344662 -0.00508649 -0.0237829
internal_weight=2285.39 110.038 2175.35 100.896 68.8356 133.556 117.166 32.0601 2041.8 140.115 1901.68 16.3908 9.14208
internal_count=42688 1685 41003 1521 1098 1664 1451 423 39339 1716 37623 213 164
is_linear=0
shrinkage=0.03


Tree=116
num_leaves=15
num_cat=0
split_feature=8 19 10 18 22 2 20 6 18 8 18 8 5 6
split_gain=1.63491 3.01091 4.17801 3.86771 3.44876 6.16571 3.0418 3.03326 1.53305 2.31233 1.9715 3.77772 1.91849 0.864626
threshold=0.57622261493656068 0.0050887551174993778 -0.3407482974451771 0.027229360871834366 1.0000000180025095e-35 -1.0112967943132858 -0.037604111027207725 -0.12043017166026107 -0.083170437402188976 -0.18688790037466466 -0.042158007341817121 -0.56109544451757121 0.9900000000000001 -0.30013875912937432
decision_type=2 2 2 2 2 2 2 2 2 2 2 2 2 2
left_child=8 2 3 -2 5 -3 -6 -4 9 13 11 -10 -12 -1
right_child=1 4 7 -5 6 -7 -8 -9 10 -11 12 -13 -14 -15
leaf_value=0 -0.0070188603921796889 -0.0043182532931881588 0.0093347560524916582 0.0029250338163104407 -0.016381241630588517 0.0098149058626598954 -0.0011510385658285193 0.0022338535278685952 0.010287033694717042 0.0005949549007265132 -0.00057258819859944685 -0.0011141355414215866 -0.0093271439007491068 -0.015987089277945041
leaf_weight=5.496542168781164 55.115476340055466 42.764261862263083 105.37763296253979 88.055586516857147 10.388750663027166 68.117007343098521 416.70220363046974 127.12808230146766 41.706800450570881 19.585025294683874 1206.7723551476374 59.363170700147748 21.274232566356659 15.623740714043377
leaf_count=197 649 423 1081 917 129 747 4692 1345 947 445 28478 1404 582 652
internal_value=4.79953e-05 0.00103569 0.00309346 -0.000843625 -0.000379644 0.00425127 -0.00163109 0.0055683 -0.000600397 -0.0062211 -0.000407902 0.00355338 -0.000751363 -0.0126952
internal_weight=2283.47 913.649 375.677 143.171 537.972 110.881 427.091 232.506 1369.82 40.7053 1329.12 101.07 1228.05 21.1203
internal_count=42688 9983 3992 1566 5991 1170 4821 2426 32705 1294 31411 2351 29060 849
is_linear=0
shrinkage=0.03


Tree=117
num_leaves=15
num_cat=0
split_feature=3 1 11 4 13 18 19 19 8 18 14 8 13 18
split_gain=1.79385 2.73119 2.19141 2.12908 1.9813 2.94243 5.47949 3.50101 2.21785 2.27053 1.9895 1.87418 1.77231 1.31982
threshold=0.9900000000000001 0.93938775510204098 0.71714285714285719 0.45475505934839339 0.06394557823129253 -0.0078154842535687035 0.0095835940259106512 0.0032322615392753654 -0.53498532628500628 -0.083170437402188976 0.15476190476190479 0.54831363386939824 0.85857142857142865 0.018993744084499057
decision_type=2 2 2 2 2 2 2 2 2 2 2 2 2 2
left_child=4 3 12 -2 5 6 -1 -7 9 -6 -10 -5 -3 -4
right_child=1 2 13 11 8 7 -8 -9 10 -11 -12 -13 -14 -15
leaf_value=0.012679299249091959 -0.0050212532811143304 0.01330291848171772 0 -0.00070192533018943325 -0.015357309884301106 0.010462882191522867 -0.018552233216160084 -0.0015371412897659171 -0.0049771325259561731 -0.0019672773920060478 0.00031578570921006504 0.014009861878503761 -0.0048095295796635393 -0.014339351839487839
leaf_weight=42.385164188221097 6.0272574815899125 9.920670183375476 11.589197124354543 7.2149904016405335 10.265091211535035 24.569770190864801 3.5671545881777993 118.32300043292344 64.518198093399405 365.52179696410894 1566.507378725335 35.55700908228755 5.2990302946418515 10.468859930522738
leaf_count=504 59 81 114 135 510 256 74 1734 724 11279 26755 255 54 154
internal_value=6.62617e-05 0.00426814 -0.00148858 0.00884646 -9.53748e-05 0.00281659 0.00926941 0.000538625 -0.000379395 -0.00245211 9.13901e-05 0.0112727 0.00629946 -0.00756266
internal_weight=2281.73 86.077 37.2778 48.7993 2195.66 188.845 45.9523 142.893 2006.81 375.787 1631.03 42.772 15.2197 22.0581
internal_count=42688 852 403 449 41836 2568 578 1990 39268 11789 27479 390 135 268
is_linear=0
shrinkage=0.03


Tree=118
num_leaves=15
num_cat=0
split_feature=8 19 22 2 7 19 7 20 1 14 20 19 19 11
split_gain=1.54658 2.66102 3.53253 4.95192 3.29477 5.13282 4.54331 3.12592 2.00956 1.90305 1.799 1.57207 3.44965 1.54871
threshold=0.57622261493656068 0.0050887551174993778 1.0000000180025095e-35 -1.0112967943132858 0.1705215419501134 0.0037357669776730451 0.080816326530612256 -0.042260243977510485 0.53197278911564638 0.61904761904761918 0.041524604408687889 0.0015321555999446726 0.002527085985668288 0.9191836734693879
decision_type=2 2 2 2 2 2 2 2 2 2 2 2 2 2
left_child=8 4 3 -3 6 -6 -2 -4 9 13 -11 -10 -13 -1
right_child=1 2 7 -5 5 -7 -8 -9 11 10 -12 12 -14 -15
leaf_value=-0.0023478390865542911 0.0039701713374247424 -0.0034180403557259329 -0.01908321507368094 0.009297595580555389 0 0.0082747551132433018 -0.0086399653259354899 -0.0011463966997624401 -0.013905314803616831 0.00039494753276595205 0.0044795238971166631 0.0078453853621866902 -0.0021756759213774177 0.0057142036373448125
leaf_weight=237.9244357123971 54.376085536554456 41.593927284702659 7.0957299377769223 68.82787617482245 123.06641164980829 153.41694622673094 44.345445644110441 419.21761701069772 7.9475336857140055 366.26300689205527 135.3939317567274 30.202240031212568 568.72688942868263 20.744589542970061
leaf_count=5614 633 423 93 747 1283 1558 518 4728 218 8082 2584 619 15151 437
internal_value=6.86682e-05 0.00103013 -0.000300584 0.00439882 0.002965 0.00465023 -0.00160443 -0.00156768 -0.00056225 0.000449371 0.00154054 -0.00185161 -0.00162095 -0.00160486
internal_weight=2279.14 911.94 536.735 110.422 375.205 276.483 98.7215 426.313 1367.2 760.326 501.657 606.877 598.929 258.669
internal_count=42688 9983 5991 1170 3992 2841 1151 4821 32705 16717 10666 15988 15770 6051
is_linear=0
shrinkage=0.03


Tree=119
num_leaves=15
num_cat=0
split_feature=13 18 17 19 19 17 8 19 0 22 1 18 10 4
split_gain=1.72625 2.98456 4.30823 5.29681 4.16928 3.97886 2.59453 3.37875 3.31447 2.90905 2.28473 1.34526 2.76265 2.01555
threshold=0.06394557823129253 -0.010696399764578755 0.0067252861972498809 0.003435241580269718 0.0095835940259106512 -0.0039048144357042287 0.57622261493656068 0.0053931113536722043 -1.5747890702998295 1.0000000180025095e-35 0.81816326530612249 -0.0050260116410126279 1.7449729364981932 -0.31112864676706137
decision_type=2 2 2 2 2 2 2 2 2 2 2 2 2 2
left_child=1 4 5 -4 10 -3 11 8 -8 -9 -1 12 -2 -13
right_child=6 2 3 -5 -6 -7 7 9 -10 -11 -12 13 -14 -15
leaf_value=0.015167036903820208 -0.0037535887770597256 0.00078352972559188544 0.016275691708160126 3.0432934166745094e-05 -0.015845592253464408 -0.014410026571944842 -0.0035437458984317965 0.0036715458996225882 0.0041270824441298473 -0.0019558794260419871 -0.0024500153233769813 -0.0023634309524144023 0.0094190315739961505 0.00049698180503267579
leaf_weight=35.444911248981953 248.76867762859911 33.525726944208145 23.781940238550305 66.684781812131405 3.1260531134903422 24.129034101963043 55.401290969923139 103.89042556099594 355.27654127031565 362.71880380623043 5.7322016004472962 343.87283362075686 12.731054284609852 601.03954991512001
leaf_count=392 6634 458 221 1016 69 344 541 1112 3904 4106 89 8428 317 15057
internal_value=7.33218e-05 0.00278146 0.000586356 0.00472288 0.00945419 -0.0055936 -0.000172003 0.00105941 0.00304376 -0.000660603 0.0123673 -0.00108016 -0.00298873 -0.000530933
internal_weight=2276.12 192.425 148.121 90.4667 44.3032 57.6548 2083.7 877.287 410.678 466.609 41.1771 1206.41 261.5 944.912
internal_count=42688 2589 2039 1237 550 802 40099 9663 4445 5218 481 30436 6951 23485
is_linear=0
shrinkage=0.03


Tree=120
num_leaves=14
num_cat=0
split_feature=8 21 13 12 17 4 20 5 21 3 7 0 17
split_gain=2.76927 2.60848 2.50784 1.76317 3.22916 1.71976 2.70286 2.06688 1.69813 1.12911 1.54276 1.53761 0.616732
threshold=3.1148300177910131 0.01075503195757415 0.89897959183673481 4.4576494855100499 0.0067252861972498809 0.5777156747600708 0.0064277344906447107 0.085260770975056702 0.0094324373933454102 0.87877551020408173 0.89897959183673481 -1.8539981229247751 0.013855002821535513
decision_type=2 2 2 2 2 2 2 2 2 2 2 2 2
left_child=3 9 -3 5 8 7 -7 -1 -5 11 -11 -2 -4
right_child=1 2 12 4 -6 6 -8 -9 -10 10 -12 -13 -14
leaf_value=0.0018714336132918928 0.0017647258368292821 0.012358456737651102 -0.015026977681726859 0.0075502559199131392 0.021362329982812595 -0.0015719813780448668 0.0024946906835357171 -0.0012372795798556637 -0.014311671780422129 -0.0032279046024650312 0.01429923475354637 0.023688104596915099 0
leaf_weight=218.73067247774452 6.2911532074213055 4.4103625677525988 6.4562539495527727 4.1506387628614885 7.5319396741688243 222.16292255744338 411.11574468947947 1369.3393444083631 4.053555965423584 8.4834348224103433 5.1475101485848418 10.263350773602726 4.0588477365672588
leaf_count=3347 43 26 53 30 58 4666 7595 26753 46 61 39 59 29
internal_value=-2.60429e-05 0.00716432 -0.00212544 -0.000184006 0.00921434 -0.000265559 0.00104398 -0.000797856 -0.00246934 0.0120704 0.00341402 0.0172533 -0.0104031
internal_weight=2282.2 45.1109 14.9255 2237.08 15.7361 2221.35 633.279 1588.07 8.20419 30.1854 13.6309 16.5545 10.5151
internal_count=42805 310 108 42495 134 42361 12261 30100 76 202 100 102 82
is_linear=0
shrinkage=0.03


Tree=121
num_leaves=13
num_cat=0
split_feature=8 21 13 18 10 21 10 19 12 12 2 12
split_gain=2.54545 2.46041 2.36749 2.13031 1.77163 1.46073 1.42315 1.50239 1.08899 1.99372 1.45568 0.394814
threshold=3.1148300177910131 0.01075503195757415 0.89897959183673481 0.022080713337057082 3.7073306290290233 0.011238008922449328 2.102551177716268 0.0063022975849977639 4.4576494855100499 3.5036492394809979 1.7373795306424136 -0.617418487904147
decision_type=2 2 2 2 2 2 2 2 2 2 2 2
left_child=4 6 -3 -4 8 11 7 -2 9 -1 -10 -6
right_child=1 2 3 -5 5 -7 -8 -9 10 -11 -12 -13
leaf_value=-0.00019382780625331095 0.0071163361033221998 0.012123035148069759 0.0028993777598026369 -0.019599340722077589 0.02345521531805991 -0.003168388871135392 -0.00060369293196556881 0.025502598970263201 0.01385579305525917 -0.0072185062798168298 -0.0018898240458176108 0.0042361818084847326
leaf_weight=2173.4828651500866 18.120217237621553 4.2862525805830947 4.3860563933849317 6.1912469454109669 3.4731537960469714 2.7992506008595219 4.6660613343119612 7.1791092343628398 9.344938073307274 35.183059342205524 6.4158862344920626 5.538279151543974
leaf_count=41801 122 26 33 49 28 43 34 46 80 418 54 71
internal_value=-2.90201e-05 0.00688527 -0.00212405 -0.0100997 -0.000180358 0.0105065 0.0116767 0.0143693 -0.000253225 -0.000318942 0.00711051 0.0159205
internal_weight=2281.07 44.8289 14.8636 10.5773 2236.24 11.8107 29.9654 25.2993 2224.43 2208.67 15.7608 9.01143
internal_count=42805 310 108 82 42495 142 202 168 42353 42219 134 99
is_linear=0
shrinkage=0.03


Tree=122
num_leaves=13
num_cat=0
split_feature=8 13 4 6 17 2 1 4 6 2 8 13
split_gain=2.40878 1.75443 1.42746 2.1251 2.95902 2.65557 1.79606 1.79025 1.25419 2.16378 1.00746 0.44067
threshold=3.1148300177910131 0.89897959183673481 0.5777156747600708 -0.22765696367053576 0.049425913665355432 0.19057257388247514 0.9900000000000001 -1.4367531461526113 -0.90846505644671927 0.959334441249999 1.1261307753896777 0.69693877551020422
decision_type=2 2 2 2 2 2 2 2 2 2 2 2
left_child=2 11 6 4 -4 -5 7 -1 -3 -10 -8 -2
right_child=1 8 3 5 -6 -7 10 -9 9 -11 -12 -13
leaf_value=0.0018226104514519133 0.0019136845279123526 -0.0089578194977169116 0.0073121300320645221 0.0051029467655194999 -0.015600755313290896 -0.00049438254491664319 0 -0.0011453218467040681 0.013280036661773516 -0.003001804848304571 0.015005937374713119 0.018400862565599873
leaf_weight=205.64517467375845 4.7826172709465018 5.077068559825423 71.066524604335427 88.148492535576224 3.2175576463341704 479.58328841533512 3.9720082068815818 1377.5245475582778 11.983429204672577 11.879960078746079 8.2157291658222658 9.7532752677798253
leaf_count=3136 33 40 1228 1803 65 9224 86 26894 75 91 59 71
internal_value=-1.36788e-05 0.00681432 -0.000159025 0.00102453 0.00574005 0.000363218 -0.000645396 -0.000748528 0.00163671 0.00498912 0.00991105 0.0147709
internal_weight=2280.85 43.4764 2237.37 642.016 74.2841 567.732 1595.36 1583.17 28.9405 23.8634 12.1877 14.5359
internal_count=42805 310 42495 12320 1293 11027 30175 30030 206 166 145 104
is_linear=0
shrinkage=0.03


Tree=123
num_leaves=13
num_cat=0
split_feature=8 21 15 19 10 19 2 21 4 6 1 12
split_gain=2.05098 1.80408 2.93 2.06866 1.64769 1.39048 1.84984 1.31329 0.997489 2.20794 2.06205 0.419597
threshold=3.1148300177910131 0.0085487779908693818 0.35416666666666669 0.0046403044386678907 3.7073306290290233 0.0050331300533814202 1.0258175444110351 0.011238008922449328 0.5777156747600708 -0.22765696367053576 0.9900000000000001 -0.617418487904147
decision_type=2 2 2 2 2 2 2 2 2 2 2 2
left_child=4 5 -3 -4 8 -2 -7 11 10 -10 -1 -6
right_child=1 2 3 -5 7 6 -8 -9 9 -11 -12 -13
leaf_value=-0.00072669224976097875 0 0.015515429032891293 0.0032860359113615119 -0.014442443141697622 0.022962205321285484 0.026238435304094712 0 -0.0027466948472429156 0.0055589148928826332 0.00010292535287683295 0.010747022600699358 0.0038432436640207734
leaf_weight=1575.1220234762877 6.8740764744579819 6.4888445362448719 9.1633895672857779 9.2011174596846086 3.3891257904469958 7.2108403593301755 4.2215159386396408 2.735321211628615 74.761358430609107 562.29524969216436 12.086290953680871 5.5307064522057763
leaf_count=29965 50 41 67 72 28 45 35 43 1290 10958 140 71
internal_value=-4.33286e-06 0.00631847 0.000246519 -0.00540589 -0.000138622 0.0129871 0.0186586 0.0102293 -0.000208828 0.000782075 -0.000616468 0.0153563
internal_weight=2279.08 43.1598 24.8534 18.3645 2235.92 18.3064 11.4324 11.6552 2224.26 637.057 1587.21 8.91983
internal_count=42805 310 180 139 42495 130 80 142 42353 12248 30105 99
is_linear=0
shrinkage=0.03


Tree=124
num_leaves=12
num_cat=0
split_feature=8 16 10 7 7 12 13 7 2 12 10
split_gain=1.98247 1.97487 1.82695 1.77835 2.61583 1.37195 1.98788 1.0005 2.76775 1.83148 0.303033
threshold=3.1148300177910131 0.85857142857142865 3.7073306290290233 0.06394557823129253 0.23224489795918371 -0.617418487904147 0.79795918367346952 0.96888888888888902 -1.5854126860926687 4.4576494855100499 -0.30665792846413042
decision_type=2 2 2 2 2 2 2 2 2 2 2
left_child=2 10 7 -3 -5 -4 -7 9 -9 -1 -2
right_child=1 3 5 4 -6 6 -8 8 -10 -11 -12
leaf_value=-0.00016398772383938984 0.0026665067899865379 -0.01101766533903129 0.02236381808398305 0.017901572629624347 -0.0008016958786901861 -0.010904424698509127 0.013106425086650532 0.018259989905339388 -0.0050887318720467508 0.0098315915319544325 0.019765514505213931
leaf_weight=2135.2474973993376 4.362994983792305 5.5127903670072582 3.634285243228077 7.6454176530241993 17.332570917904377 3.7371166171506029 4.474167462438345 2.6996440012007943 71.609268319793046 14.600930184125898 7.4421837814152223
leaf_count=40573 35 46 31 45 131 60 51 29 1630 121 53
internal_value=-2.07925e-06 0.0062758 -0.000133035 0.00136642 0.00526983 0.0107108 0.000714233 -0.000207097 -0.00358755 -8.00562e-05 0.0158344
internal_weight=2278.3 42.296 2236 30.4908 24.978 11.8456 8.21128 2224.16 74.3089 2149.85 11.8052
internal_count=42805 310 42495 222 176 142 111 42353 1659 40694 88
is_linear=0
shrinkage=0.03


Tree=125
num_leaves=15
num_cat=0
split_feature=2 22 23 19 10 23 2 4 8 4 6 20 17 23
split_gain=2.40035 4.3783 3.64445 4.49443 3.12025 2.88951 2.07006 2.37199 2.20929 1.72062 1.83925 1.82667 1.44474 1.26383
threshold=1.182044111695191 1.0000000180025095e-35 -0.027404487536900942 0.0048721049086285712 0.19547002382707923 -0.050938693205877177 0.72437202458301597 0.28664587607040265 2.1420831106953226 0.24384514960561546 0.28801680443575145 0.10037829922285647 0.0040082415065155761 -0.058493466482587846
decision_type=2 2 2 2 2 2 2 2 2 2 2 2 2 2
left_child=6 5 4 -4 -3 13 9 12 -9 11 -11 -1 -8 -2
right_child=1 2 3 -5 -6 -7 7 8 -10 10 -12 -13 -14 -15
leaf_value=-0.00080314026599233453 0.0046150342169558036 -0.016534894666416045 0.007465532068573282 -0.00071777177817863391 0.0011983107588894504 0.016414076524842232 0.0087981504552049825 -0.0061029168693658804 0.0076924924568970675 0.0026200579155965637 -0.0015555734952536354 0.008826031638672998 -0.0017535935248632133 -0.013531671126365349
leaf_weight=1252.1764590712264 11.654648665338753 16.68138202466071 90.673830902203918 164.74103673920035 13.860044884495435 28.150698228739202 17.908075206913054 141.87126543745399 8.6492955833673459 341.42739739827812 124.86368312407285 15.773924026638268 22.882945065386593 2.6236798865720621
leaf_count=23559 235 285 1191 2191 258 381 321 3299 59 6794 3063 254 450 50
internal_value=-2.17787e-06 0.00235372 0.000928224 0.00216451 -0.00844737 0.0111492 -0.000413762 -0.00336035 -0.00512137 -7.65749e-05 0.00146801 -0.000657826 0.00272299 0
internal_weight=2253.94 328.385 285.956 255.415 30.5414 42.429 1925.55 191.312 150.521 1734.24 466.291 1267.95 40.791 14.2783
internal_count=42390 4591 3925 3382 543 666 37799 4129 3358 33670 9857 23813 771 285
is_linear=0
shrinkage=0.03


Tree=126
num_leaves=15
num_cat=0
split_feature=2 22 0 4 12 20 10 13 2 4 4 13 2 4
split_gain=2.24373 3.90006 3.30646 3.06729 4.70564 2.30932 2.05324 1.95722 1.95312 2.13853 2.07096 1.64694 3.34662 1.78485
threshold=1.182044111695191 1.0000000180025095e-35 0.86795581803051725 1.2951552552496954 0.5486834322270685 -0.0096679591022909555 -1.2215457988421676 0.57460317460317467 0.72437202458301597 0.28664587607040265 0.67460683584663417 0.9191836734693879 -2.3489409842457447 0.096464506861916405
decision_type=2 2 2 2 2 2 2 2 2 2 2 2 2 2
left_child=8 2 6 4 -3 -5 -2 -4 11 -10 -11 13 -13 -1
right_child=1 3 7 5 -6 -7 -8 -9 9 10 -12 12 -14 -15
leaf_value=-0.0011716292537948282 0 0.0074098921390517471 -0.0097297495296574769 -0.012243600112282369 -0.0026884019889515834 -0.00070310914145509042 0.019617008569932013 0.0094554753105406206 0.0024216857658679114 -0.010737988886829097 -0.002533342813973619 -0.011141893308649094 0.0033927919414914343 0.00099574454566601607
leaf_weight=1010.9578544413671 4.5728295091539648 105.01284505520016 8.1862801024690253 17.41913387272507 63.76908842753619 99.648716913536191 23.461935982108116 6.9164444720372549 41.3470658948645 40.454153283499181 107.47641792334616 12.998481638729571 202.43954018875957 508.03029211517423
leaf_count=19740 60 1441 180 339 739 1406 324 102 771 821 2537 105 2782 11043
internal_value=-6.61285e-06 0.00226828 0.0104982 0.000909883 0.00351993 -0.00272307 0.0162699 0 -0.000405401 -0.00328444 -0.0049904 -7.91521e-05 0.00235244 -0.000436526
internal_weight=2252.69 328.987 43.1375 285.85 168.782 117.068 28.0348 15.1027 1923.7 189.278 147.931 1734.43 215.438 1518.99
internal_count=42390 4591 666 3925 2180 1745 384 282 37799 4129 3358 33670 2887 30783
is_linear=0
shrinkage=0.03


Tree=127
num_leaves=15
num_cat=0
split_feature=2 21 12 4 6 17 4 2 4 8 23 4 0 23
split_gain=1.91546 3.23429 2.24871 2.4637 1.95124 2.65681 1.8454 1.60472 1.83204 2.12554 1.56592 1.53577 2.62956 1.48045
threshold=1.182044111695191 0.013142604584087581 -0.84844180280594217 1.2157542562436479 0.35622964269094942 0.046153579880772184 1.3861390893507166 0.72437202458301597 0.28664587607040265 2.1420831106953226 0.04122525823940882 0.24384514960561546 -0.10703735018198886 -0.011279778972749231
decision_type=2 2 2 2 2 2 2 2 2 2 2 2 2 2
left_child=7 2 13 -4 5 -3 -6 11 10 -10 -9 -1 -13 -2
right_child=1 4 3 -5 6 -7 -8 8 9 -11 -12 12 -14 -15
leaf_value=-0.00062379172442077961 0 0.01551179346900026 0.002766236925722892 -0.0029672041524062072 -0.010258169208112839 -0.0067280656853029846 0.0076900758560479315 0.0062894139594188801 -0.0055985883866665502 0.0080177982420146267 -0.0052608622873198821 0.0045173159041244663 -0.00017153965641916502 0.019730678033118239
leaf_weight=1264.7472663121298 3.614207848906517 31.786481497809291 144.88984236773103 122.38849711976945 6.6769821718335178 3.4725493323057881 10.644760300405322 28.581036222167313 137.06018465943635 8.5435975864529592 13.120118979364632 157.53063309472054 313.20741939451545 6.99322068877518
leaf_count=23813 43 415 1841 1878 110 62 186 547 3299 59 224 2779 7078 56
internal_value=0 0.00209975 0.000723858 8.26136e-05 0.00880344 0.0126753 0 -0.00036618 -0.00299101 -0.00460018 0.00223774 -7.11412e-05 0.00137831 0.0131154
internal_weight=2253.26 330.467 277.886 267.278 52.5808 35.259 17.3217 1922.79 187.305 145.604 41.7012 1735.49 470.738 10.6074
internal_count=42390 4591 3818 3719 773 477 296 37799 4129 3358 771 33670 9857 99
is_linear=0
shrinkage=0.03


Tree=128
num_leaves=14
num_cat=0
split_feature=14 19 17 16 8 15 19 8 13 13 13 2 23
split_gain=1.96386 4.65252 3.82311 2.65289 2.60944 2.39464 3.05902 2.52304 2.34635 1.48635 3.73395 1.71371 0.983647
threshold=0.2678571428571429 0.0043757886670886008 0.04136499627732227 0.085260770975056702 2.4164443293862492 0.15476190476190479 0.0043209750435972902 1.3936409345674139 0.32993197278911568 0.69693877551020422 0.80816326530612259 -1.5049588175618138 0.015899882893380183
decision_type=2 2 2 2 2 2 2 2 2 2 2 2 2
left_child=1 3 4 -1 -3 6 7 -2 -5 11 -11 -7 -8
right_child=5 2 -4 8 -6 9 12 -9 -10 10 -12 -13 -14
leaf_value=-0.015808662631724962 -0.018239142147840785 -0.0020248250200546204 -0.025447543135875453 0.021247244449083016 -0.018380195266084701 0.0042984570225499692 0.01502346917830176 0.004238812020479636 0.0020678337177505424 0.003970524851677688 -0.0003503908817715939 -0.00083076578645752868 0.0034207653050865967
leaf_weight=2.4572411011904505 5.1936420053243628 59.051610928028822 8.3056097589433175 7.3374083228409317 9.2198733165860158 58.844719425775111 21.714840807020664 8.7163689360022527 22.034378124400973 264.60753635317087 537.18045912496746 1231.2114958753809 16.724246172234416
leaf_count=34 81 1022 164 75 63 932 189 64 346 4760 7934 26524 202
internal_value=5.21654e-06 -0.00388986 -0.007917 0.00525082 -0.00490729 0.000212574 0.00643156 -0.00444885 0.0083863 4.37838e-05 0.00106328 -0.0005789 0.0107651
internal_weight=2252.6 108.406 76.5771 31.829 68.2715 2144.19 52.3491 13.91 29.3718 2091.84 801.788 1290.06 38.4391
internal_count=42390 1704 1249 455 1085 40686 536 145 421 40150 12694 27456 391
is_linear=0
shrinkage=0.03


Tree=129
num_leaves=15
num_cat=0
split_feature=2 21 19 18 18 6 17 21 2 6 8 18 6 18
split_gain=1.93489 3.31119 2.65787 3.66285 2.87684 1.67157 2.55514 2.07506 1.38956 1.45263 2.84589 1.29517 1.28466 2.787
threshold=1.182044111695191 0.013142604584087581 0.0053749815707774028 0.062689228707168768 0.099889878369690224 0.35622964269094942 0.046153579880772184 0.019632709294584466 0.72437202458301597 0.37265667092191251 2.5320200447606873 -0.0061158175803996953 0.23111618969464989 0.072214816982619348
decision_type=2 2 2 2 2 2 2 2 2 2 2 2 2 2
left_child=8 2 3 -2 -4 6 -3 -7 12 10 -10 -11 -1 -14
right_child=1 5 4 -5 -6 7 -8 -9 9 11 -12 -13 13 -15
leaf_value=0.00033078401258032706 0.0055151286349827159 0.015029038107693786 -0.0035867860496821631 -0.0091521180317025407 0.010204710403028833 0.0070704962848936476 -0.0067535263133072475 -0.013167538842323788 -0.005112168538478591 -0.0067365970128647245 0.012966047393739457 0.0055563096333611202 -0.0028037098802429672 0.0047668321887466532
leaf_weight=1387.2253202619031 122.6831842456013 32.983137734234333 127.55791301745921 14.964590108022092 12.85142428986728 12.678827492520215 3.4339523687958708 4.5409509409219018 143.42507658619434 7.6776629379019132 5.9761573113501063 27.892272661440074 301.20421362388879 48.065325839444995
leaf_count=25679 1674 415 1772 204 168 183 62 113 3196 210 41 682 6996 995
internal_value=1.54892e-05 0.00213058 0.000729279 0.00370491 -0.00209356 0.00883808 0.0123399 0.000138314 -0.000343667 -0.00280322 -0.00412822 0.0022863 -7.01239e-05 -0.00169797
internal_weight=2253.16 331.694 278.057 137.648 140.409 53.6369 36.4171 17.2198 1921.47 184.971 149.401 35.5699 1736.49 349.27
internal_count=42390 4591 3818 1878 1940 773 477 296 37799 4129 3237 892 33670 7991
is_linear=0
shrinkage=0.03


Tree=130
num_leaves=15
num_cat=0
split_feature=5 9 9 8 3 6 11 18 5 3 0 16 0 8
split_gain=1.76075 3.25551 3.23333 3.55065 2.6271 2.39363 1.47752 1.18198 3.03049 3.00251 1.56961 1.54237 1.49033 1.10334
threshold=0.53197278911564638 0.82111111111111124 0.92666666666666686 1.5526000607006554 0.58591836734693892 0.17642540326669906 0.14920634920634923 1.0000000180025095e-35 0.28285714285714292 0.26265306122448989 1.8252116806073109 0.67673469387755114 1.1510570972737564 2.6630419964697114
decision_type=2 2 2 2 2 2 2 2 2 2 2 2 2 2
left_child=7 4 6 -4 5 -2 -3 8 9 -1 12 -12 -9 -10
right_child=1 2 3 -5 -6 -7 -8 10 13 -11 11 -13 -14 -15
leaf_value=0.0004371571620507929 0.0048720490451244422 0 -0.011135325023725679 0.0019128226921668095 -0.0014641530080376278 -0.001462392002900588 0.0073697768709457771 -0.0012912854849785628 -0.0032486682766072004 0.0088276964074678211 0.01869637418228778 0 -0.0087676789896443987 0.0096716657853618011
leaf_weight=118.28947844635695 137.15597634203732 27.343530472368002 19.172145880758762 158.77060451358557 503.73591392952949 81.390556436963379 144.03551772423089 845.47995578870177 126.23629332892597 58.142812164500356 4.8519569309428316 6.7068014219403267 23.648826153017581 3.8076953738927832
leaf_count=1974 2841 311 194 1268 12190 2102 1554 15824 2666 1138 51 72 388 26
internal_value=0 0.000877601 0.00324957 0.000315472 -0.000254665 0.00245311 0.00617075 -0.000798283 0.000771796 0.00335426 -0.00136217 0.00861794 -0.0015316 -0.002616
internal_weight=2258.77 1071.6 349.322 177.943 722.282 218.547 171.379 1187.16 306.476 176.432 880.688 11.5588 869.129 130.044
internal_count=42599 20460 3327 1462 17133 4943 1865 22139 5804 3112 16335 123 16212 2692
is_linear=0
shrinkage=0.03


Tree=131
num_leaves=15
num_cat=0
split_feature=4 20 9 12 2 2 2 0 21 13 13 13 16 13
split_gain=1.58759 2.72082 4.88996 5.069 4.92267 3.06095 1.74868 1.36722 3.4908 2.98964 1.82147 2.66127 2.65028 0.915386
threshold=0.5777156747600708 0.012704682103823585 0.84222222222222232 -0.46811495614384452 0.90636872073984776 -0.21667770566311323 1.157918624191326 -0.57548059567890941 0.021203622975256329 0.042630385487528351 0.75532879818594112 0.56571428571428584 0.67673469387755114 0.77664399092970526
decision_type=2 2 2 2 2 2 2 2 2 2 2 2 2 2
left_child=7 5 3 -3 -4 -2 -7 8 9 -1 11 -9 -12 -10
right_child=1 2 4 -5 -6 6 -8 10 13 -11 12 -13 -14 -15
leaf_value=0.007816088262011283 0.011766441815653693 0.0048290151124988192 0.018551433848980101 -0.0035157882825963011 0.0041648928720218756 -0.00415361169604024 0.00071180823909661281 -0.0010689166577992884 0.013686380016093992 -0.00050992368236637826 0.010978865100820809 -0.0056856743122686614 -6.403866493249856e-05 0
leaf_weight=39.542236469686031 13.480119364336131 120.47096922248602 27.120531398802996 138.1946179959923 106.98998133279383 139.2203600583598 116.27519815415144 508.88442069664598 20.052289480343465 586.24520644173026 18.898611122742295 147.73308194242418 267.40007730480283 5.9025218170136204
leaf_count=371 217 2518 235 3252 958 3426 1831 11561 305 9607 263 3487 4499 69
internal_value=-1.7274e-05 0.00120895 0.00280584 0.000320409 0.00741426 -0.00107109 -0.00189279 -0.000536402 0.000502926 1.5511e-05 -0.0012702 -0.00214453 0.000683982 0.0108764
internal_weight=2256.41 661.752 392.776 258.666 134.111 268.976 255.496 1594.66 651.742 625.787 942.916 656.618 286.299 25.9548
internal_count=42599 12437 6963 5770 1193 5474 5257 30162 10352 9978 19810 15048 4762 374
is_linear=0
shrinkage=0.03


Tree=132
num_leaves=15
num_cat=0
split_feature=14 8 10 12 0 7 18 20 12 13 24 13 0 6
split_gain=1.28029 3.30686 2.40266 2.42827 2.38379 2.26458 2.12048 2.05093 1.89672 1.88666 3.4092 1.92606 1.84135 2.18742
threshold=0.53571428571428581 2.1420831106953226 -0.42342237198031846 0.095540911064944833 -0.53583396308146003 0.90555555555555567 0.075157009585444814 -0.0026154038373163431 -0.010748247845976019 0.76775510204081643 1.0000000180025095e-35 0.24222222222222226 -1.8539981229247751 -0.10702260375460781
decision_type=2 2 2 2 2 2 2 2 2 2 2 2 2 2
left_child=2 12 3 6 8 -6 -1 -5 -3 11 -11 -4 13 -2
right_child=1 4 9 7 5 -7 -8 -9 -10 10 -12 -13 -14 -15
leaf_value=-0.0024555624469209118 -0.0010444107504127768 0 -0.0054966683643171031 0.010248264781017714 -0.0015288429043803849 0.0098642890742822037 0.0080879270116709003 0.0014116851881968342 0.014415755399966422 0.0013477460600506825 -0.0082003609449339075 0.00014900323608509267 0.00025953469098196307 -0.019510788987544617
leaf_weight=141.80578105989844 21.426296621561054 9.2256022281944734 65.470534118823707 36.503202655352652 49.550005257129669 19.835724979639053 17.117551878094673 76.546794502064586 31.59443779475987 45.542063338682055 101.1280167941004 256.5452149361372 1373.4226362053305 7.2424314282834521
leaf_count=2972 284 62 1350 465 382 161 308 1115 212 615 1574 5258 27734 107
internal_value=0 0.000494614 -0.00102602 0.00117519 0.00545263 0.00170317 -0.00114031 0.0045239 0.0110984 -0.00233479 -0.00515647 -0.000979394 8.70143e-05 -0.00716671
internal_weight=2252.96 1512.3 740.659 271.973 110.206 69.3857 158.923 113.05 40.82 468.686 146.67 322.016 1402.09 28.6687
internal_count=42599 28942 13657 4860 817 543 3280 1580 274 8797 2189 6608 28125 391
is_linear=0
shrinkage=0.03


Tree=133
num_leaves=15
num_cat=0
split_feature=4 9 23 10 21 10 0 13 0 21 21 21 20 19
split_gain=1.70334 2.60087 4.38008 3.37926 3.27072 2.43811 2.63418 2.40005 1.69235 3.59157 2.24747 1.64534 1.44932 1.39915
threshold=0.5777156747600708 0.82111111111111124 0.00032901319370559628 1.1313018046752987 0.013272535890013306 2.9060577463099126 -1.8539981229247751 0.4040816326530613 -0.57548059567890941 0.021203622975256329 0.03326230143339446 0.01730996822613157 0.015950015562346768 0.0077766786520461926
decision_type=2 2 2 2 2 2 2 2 2 2 2 2 2 2
left_child=5 7 4 -4 -3 8 -7 12 9 -1 -10 -9 -2 -8
right_child=1 2 3 -5 -6 6 13 11 10 -11 -12 -13 -14 -15
leaf_value=0.00026780845375638486 -0.00049970493198362895 -0.0060794675428565564 0.003441069254477425 0.013178952940194427 0.0088221929456177121 -0.02074102376839921 -0.0059977682930405464 -0.0014959827850981151 -0.0010090613824493583 0.011344797574615343 -0.01250883470541099 -0.012469422583972833 0.0044954278664421565 0.014120786427672886
leaf_weight=611.92656863760203 86.924757100641727 52.991098361089826 119.10272537171841 47.070362735539675 14.982291072607039 9.1472516003996152 8.397070203907786 216.52141944412142 918.72259338758886 25.73830077983439 13.861382205039261 11.733655322343109 111.97740792203695 2.4394717551767817
leaf_count=9808 2251 497 1137 391 113 107 142 5393 19393 369 315 359 2296 28
internal_value=-1.35517e-05 0.0012569 0.00378546 0.00641255 -0.00242229 -0.000552211 -0.0105021 -0.000105355 -0.000402845 0.000772436 -0.00122244 -0.00222864 0.00225454 0
internal_weight=2251.54 661.304 234.146 166.173 67.9734 1590.23 19.9838 427.157 1570.25 637.665 932.584 228.255 198.902 10.8365
internal_count=42599 12437 2138 1528 610 30162 277 10299 29885 10177 19708 5752 4547 170
is_linear=0
shrinkage=0.03


Tree=134
num_leaves=15
num_cat=0
split_feature=4 9 23 3 4 7 23 17 13 17 9 13 13 17
split_gain=1.42942 2.30234 3.86281 3.2315 2.52511 2.33885 2.47467 1.84039 1.26768 3.72288 2.91679 2.3658 1.36354 2.50431
threshold=0.5777156747600708 0.82111111111111124 0.00032901319370559628 0.43428571428571433 1.0447545824698783 0.80816326530612259 -0.064902449867848919 0.0071651819036118178 0.9191836734693879 0.023982079793153258 0.51065759637188213 0.97979591836734703 0.06394557823129253 0.0053388194926347063
decision_type=2 2 2 2 2 2 2 2 2 2 2 2 2 2
left_child=8 5 3 -3 -4 6 -2 -7 12 10 -10 -11 13 -1
right_child=1 2 4 -5 -6 7 -8 -9 9 11 -12 -13 -14 -15
leaf_value=-0.0025666589835436639 -0.0098896687606481581 0.017798672659218129 0.010113627439939557 -0.004410884848814421 0.0023777454427373191 0 0.0021982547274981283 -0.0064045800470956338 0.013942928995908774 -0.011705684376473178 0.0020525657201791348 0.00074103922138288357 -0.0011724594006310976 0.0054818085053318227
leaf_weight=57.484956916421652 13.861585993319748 4.3344837203621855 74.237130587920547 63.323193229734898 92.089477971196175 75.37994825001806 263.12764303386211 75.101291883736849 20.351059395819902 24.619730498641729 152.20364195667207 23.663408888503909 1232.4112039338797 77.325540382415056
leaf_count=794 380 34 681 576 847 2098 5652 2169 429 415 1794 276 25446 1008
internal_value=-8.20889e-06 0.00115468 0.00353569 -0.00230251 0.00599878 -0.000124083 0.001473 -0.00314296 -0.000502849 0.0015732 0.00368453 -0.00552043 -0.000850941 0.00195285
internal_weight=2249.51 661.455 233.984 67.6577 166.327 427.47 276.989 150.481 1588.06 220.838 172.555 48.2831 1367.22 134.81
internal_count=42599 12437 2138 610 1528 10299 6032 4267 30162 2914 2223 691 27248 1802
is_linear=0
shrinkage=0.03


Tree=135
num_leaves=15
num_cat=0
split_feature=4 2 6 2 18 14 12 11 5 18 18 21 6 12
split_gain=1.21314 3.40714 2.90982 5.73444 2.65295 1.78399 2.50985 1.89103 1.66746 5.02043 3.43168 2.16872 1.88056 2.5277
threshold=0.1064240216471555 -0.062824086044238725 -0.2568499914697287 1.5558631694647023 0.055251123794156205 0.69047619047619058 0.91048139271775763 0.89897959183673481 0.080816326530612256 0.0034765221059378519 0.026698239564772467 0.012832347588707228 -0.12478001385339271 -0.90281790784985294
decision_type=2 2 2 2 2 2 2 2 2 2 2 2 2 2
left_child=8 5 3 -3 -4 6 -2 -7 9 11 -11 -1 13 -10
right_child=1 2 4 -5 -6 7 -8 -9 12 10 -12 -13 -14 -15
leaf_value=0.011458871200643244 -0.00085167530221320453 0.00076127475081093853 0.00032757134911259427 0.01796328974562978 -0.0041604041039017027 0.0089818743161109733 0.011250309383782582 -0.0061826063357810169 -0.011393211044720986 -0.0078216676152630237 0.0016598985454103637 0 0.00026884704667821507 -0.0017620627238057267
leaf_weight=51.388646106235683 73.249554843641818 77.412213911302388 626.63785593304783 21.415218243375421 142.98850887175649 81.60760083142668 16.958852639421821 5.5351138394325963 24.798960860818624 46.815113190561533 109.94411454815418 20.360050156712532 494.10256818775088 477.1513324547559
leaf_count=720 1486 1451 11994 201 2844 1545 217 120 363 771 1692 274 9903 9301
internal_value=0.000154414 0.000908903 0.000113483 0.00491998 -0.00049543 0.00467558 0.00145545 0.00773329 -0.000478139 0.00179941 -0.00114009 0.00828188 -0.00101823 -0.00231098
internal_weight=2270.37 1045.8 868.454 98.8274 769.626 177.351 90.2084 87.1427 1224.56 228.508 156.759 71.7487 996.053 501.95
internal_count=42882 19858 16490 1652 14838 3368 1703 1665 23024 3457 2463 994 19567 9664
is_linear=0
shrinkage=0.03


Tree=136
num_leaves=15
num_cat=0
split_feature=13 12 23 6 12 17 12 8 6 13 19 9 1 8
split_gain=1.38148 2.75191 2.77919 4.7735 2.71551 2.16529 2.14734 6.56314 2.11443 1.99671 1.96159 1.71365 1.10005 0.87072
threshold=0.10657596371882087 -0.69938600142178642 -0.041397380562987744 0.13122670468198935 -0.65231527918389376 -0.056431686350567938 -0.59852328028714052 0.32271411066671835 0.10824061291086827 0.06394557823129253 0.007376851008273979 0.9900000000000001 0.22111111111111112 -0.071869435528804856
decision_type=2 2 2 2 2 2 2 2 2 2 2 2 2 2
left_child=1 2 12 -4 5 -2 7 -6 9 -3 -7 -8 -1 -10
right_child=4 8 3 -5 6 10 11 -9 13 -11 -12 -13 -14 -15
leaf_value=0.00058625107296460049 0.010452842965495018 0.022077583831644744 -0.0010447115397938809 0.0086933236274530125 -0.0011361057292647351 -0.0022194171760272271 -0.00026576404193361569 0.013996580806127874 -0.002919425922813561 0.00042293020562638009 -0.0094563422166594469 0.0034530580758485897 -0.011691802040278884 0.010386118355072931
leaf_weight=6.1865130551159409 7.3197562703862777 12.937939148396255 134.25850115437061 64.582720291800797 66.989229870028794 153.36122395377606 1579.9860227238387 38.167433626949787 12.152139552868904 7.2269268138334146 45.869043512269855 117.97594257816672 18.220107830129564 4.1775992196053258
leaf_count=69 151 130 2040 1026 1831 3639 30756 466 243 172 1031 825 444 59
internal_value=0.000149256 0.00220218 0.000842912 0.00209854 -0.000110546 -0.00335679 0.000256314 0.00437516 0.00965177 0.0157319 -0.00403755 0 -0.00820287 0.000428001
internal_weight=2269.41 259.742 223.248 198.841 2009.67 206.55 1803.12 105.157 36.4946 20.1649 199.23 1697.96 24.4066 16.3297
internal_count=42882 4183 3579 3066 38699 4821 33878 2297 604 302 4670 31581 513 302
is_linear=0
shrinkage=0.03


Tree=137
num_leaves=15
num_cat=0
split_feature=13 4 18 18 13 17 21 4 0 17 8 18 20 13
split_gain=1.49296 2.09809 2.4644 2.6917 1.93781 2.53112 2.29677 1.67964 1.82278 1.78278 1.55915 2.7254 1.94399 1.43813
threshold=0.10657596371882087 -0.32316083234437343 -0.002892355195314666 0.064063660133493197 0.23224489795918371 -0.056431686350567938 0.0084326908358141623 1.7169632011275979 0.11839961708328865 -0.046817845168453547 -0.53498532628500628 -0.083170437402188976 0.069683897858915503 0.042630385487528351
decision_type=2 2 2 2 2 2 2 2 2 2 2 2 2 2
left_child=1 2 13 -4 5 -2 -7 9 -9 -3 12 -12 -6 -1
right_child=4 7 3 -5 10 6 -8 8 -10 -11 11 -13 -14 -15
leaf_value=0.011267299162430184 0.012264350987614456 -0.0084443527491532173 -0.0066329795376219554 0.0077486655265527268 -0.0027055218692910183 0.0012555679085868516 -0.0055107906350848343 0.0085551358234275243 -0.013902114288205404 0.0061279016469894913 0.0066067496965062497 0.00029468341859301958 0.0060065320811518589 -0.00023311578966628049
leaf_weight=16.832524511963129 7.2582456069067112 5.4391347952187052 61.622424043715 11.717667313292621 248.13804060127586 58.970851494930685 148.32386073097587 2.5836142506450397 6.9939514771103859 139.75104238744825 62.755908236838877 1459.3777900598943 22.595955960452557 15.175187882035969
leaf_count=176 150 95 1007 189 8072 1444 3584 35 134 2257 1026 23886 537 290
internal_value=0.000146999 0.00227942 -0.000861916 -0.0039914 -0.000123842 -0.00280903 -0.00352063 0.00449707 -0.00611713 0.00537276 0.00019191 0.000573093 -0.00188468 0.00568071
internal_weight=2267.54 260.116 105.348 73.3401 2007.42 214.553 207.295 154.768 9.57757 145.19 1792.87 1522.13 270.734 32.0077
internal_count=42882 4183 1662 1196 38699 5178 5028 2521 169 2352 33521 24912 8609 466
is_linear=0
shrinkage=0.03


Tree=138
num_leaves=15
num_cat=0
split_feature=13 12 6 23 2 12 6 3 17 8 12 8 5 8
split_gain=1.28481 2.54513 2.82346 4.45113 2.54728 2.45131 2.12971 2.0907 2.0574 2.47204 1.98799 4.60817 1.25342 0.870272
threshold=0.10657596371882087 -0.69938600142178642 0.13122670468198935 -0.038491311061789983 1.321777061630129 -0.65231527918389376 0.10824061291086827 0.10602040816326531 -0.056431686350567938 1.5948169128511687 -0.62792330273181007 0.36736342528402638 0.080816326530612256 -0.071869435528804856
decision_type=2 2 2 2 2 2 2 2 2 2 2 2 2 2
left_child=1 2 4 -4 -1 8 7 -3 -2 -10 11 -7 -12 -8
right_child=5 6 3 -5 -6 10 13 -9 9 -11 12 -13 -14 -15
leaf_value=-0.0027228192964872788 0.010046684517502463 -0.0051807001503199951 -0.0072577376786888206 0.0089247587656294067 0.013608992508256434 -0.00048993654761020355 -0.0032423443103413809 0.018581443314204912 -0.0030171429268879722 -0.019203208046093621 0.0024145344636698476 0.017322690865840592 -0.00019923398795146865 0.010041083015521264
leaf_weight=135.83707086928189 7.5635059010237446 1.9857496116310382 17.213414998725057 64.486870683729649 6.9756252150982609 32.721322275698185 12.17936354223639 18.335532710887492 187.1287004807964 7.5002833530306807 182.13119694776833 18.100335048511624 1568.9097450254485 4.2926370110362759
leaf_count=2124 151 39 393 994 68 878 243 263 4609 61 2695 195 30110 59
internal_value=0.000154811 0.00212757 0.000820161 0.00524411 -0.00164458 -9.68017e-05 0.00926514 0.0153313 -0.00321747 -0.00390616 0.000248241 0.00598581 6.65201e-05 0.000119668
internal_weight=2265.36 261.306 224.513 81.7003 142.813 2004.06 36.7933 20.3213 202.192 194.629 1801.86 50.8217 1751.04 16.472
internal_count=42882 4183 3579 1387 2192 38699 604 302 4821 4670 33878 1073 32805 302
is_linear=0
shrinkage=0.03


Tree=139
num_leaves=15
num_cat=0
split_feature=13 12 23 23 12 21 21 12 9 9 1 12 17 20
split_gain=1.26719 2.32392 2.35941 3.84522 2.25521 2.16888 1.91037 1.85595 3.78236 1.69101 1.66447 1.66347 1.45467 1.2177
threshold=0.10657596371882087 -0.69938600142178642 -0.041397380562987744 -0.024721068507696561 -0.65231527918389376 0.012462292117936489 0.0072558376270679499 -0.62792330273181007 0.69693877551020422 0.9900000000000001 0.83836734693877568 -0.75092453096304324 -0.042441048763172333 -0.049245600334098409
decision_type=2 2 2 2 2 2 2 2 2 2 2 2 2 2
left_child=1 2 13 -4 5 11 -3 8 -6 -9 -8 -2 -7 -1
right_child=4 6 3 -5 7 12 10 9 -10 -11 -12 -13 -14 -15
leaf_value=0 0.0026558928320522387 -0.0035044066791525873 0.013487817245964342 0.00041286607544738853 -0.00025075581714483343 0.0011181973486603515 0.014794527668323905 -0.00018648188881098478 0.01565309445805187 0.0034977672740212676 -0.0014839680564458476 -0.0036102233559200487 -0.013019309296970046 -0.013103074215745676
leaf_weight=10.8197088688612 51.85273982770741 6.4552969243377438 21.267626499757171 179.85574465617537 32.165705870836973 5.7096935147419599 26.34161335602403 1632.3931209845468 19.081333931535482 118.22368122078478 4.6260584257543078 116.50483392551541 26.160590800456703 13.02923121023923
leaf_count=228 1103 130 309 2757 867 140 379 31978 206 827 95 2816 762 285
internal_value=0.000155395 0.00210996 0.000850436 0.0019885 -9.51362e-05 -0.00310448 0.00887394 0.000234026 0.0057547 5.74739e-05 0.0119653 -0.00158374 -0.0101272 -0.00757811
internal_weight=2264.49 262.395 224.972 201.123 2002.09 200.228 37.423 1801.86 51.247 1750.62 30.9677 168.358 31.8703 23.8489
internal_count=42882 4183 3579 3066 38699 4821 604 33878 1073 32805 474 3919 902 513
is_linear=0
shrinkage=0.03


Tree=140
num_leaves=13
num_cat=0
split_feature=4 19 17 21 4 19 20 0 4 24 20 2
split_gain=1.32062 2.43628 2.06855 1.62199 1.62013 3.23208 2.86771 2.17232 1.76951 3.70177 1.37934 0.517953
threshold=1.8683018823527477 0.0084952763294875912 0.045171480237646396 0.015928058750516661 1.2951552552496954 0.0046158320200986886 -0.037604111027207725 1.2001941897706818 0.5777156747600708 1.0000000180025095e-35 0.0064277344906447107 1.5558631694647023
decision_type=2 2 2 2 2 2 2 2 2 2 2 2
left_child=4 2 3 -2 8 6 -6 -7 10 -10 -1 -3
right_child=1 11 -4 -5 5 7 -8 -9 9 -11 -12 -13
leaf_value=0.00068217428058886379 0.00062411752143614826 0 0.016428383163035999 -0.018023874915090082 -0.015106037568713818 -0.002473771753787192 0.0056475906493880486 -0.011899675248386369 -0.0033288134761894662 0.0032481465234403847 -0.0011068049107715652 0.019639812432447116
leaf_weight=645.81043258681893 49.402284366078675 2.4982557287439686 5.1068763360381118 2.4979492127895346 4.6441470040008417 67.291692918166518 45.240539048798382 36.689041587524116 95.331897228956223 343.25496745482087 943.70313468016684 7.6744237933307886
leaf_count=12051 873 54 88 59 124 1440 821 660 2052 6146 18187 86
internal_value=0 0.00407833 0.00114842 -0.000630599 -0.000131742 -0.00308196 0.00291856 -0.00610299 8.75079e-05 0.0017759 -0.000370584 0.0163787
internal_weight=2249.15 67.1798 57.0071 51.9002 2181.97 153.865 49.8847 103.981 2028.1 438.587 1589.51 10.1727
internal_count=42641 1160 1020 932 41481 3045 945 2100 38436 8198 30238 140
is_linear=0
shrinkage=0.03


Tree=141
num_leaves=15
num_cat=0
split_feature=10 4 21 10 19 19 1 21 4 19 19 9 8 21
split_gain=1.32287 2.9844 2.73163 3.53251 2.50757 3.52782 2.21015 1.87409 1.28824 1.81981 1.77245 4.05662 3.09729 1.12975
threshold=-0.81579437381768327 0.27641001459213721 0.0097025029975879636 -1.1122678857152353 0.0071638962918784792 0.0095835940259106512 0.20204081632653065 0.0094324373933454102 2.1940481505632143 0.0063567656805143466 0.0060592821187525608 0.80816326530612259 1.3232215564513663 0.009472703765096244
decision_type=2 2 2 2 2 2 2 2 2 2 2 2 2 2
left_child=1 4 7 -4 6 -6 -1 -3 10 13 11 -2 -12 -10
right_child=8 2 3 -5 5 -7 -8 -9 9 -11 12 -13 -14 -15
leaf_value=-0.0068786253952760387 -0.0011008873700296144 0.0017709330061452817 0.0017490635997827358 0.012889609526012868 0.0063315009044885339 -0.011839393890261686 -0.00018518383013979036 -0.01193408903258969 -0.0094851648085091857 0.012990610998507211 -0.00050909308789409073 0.0028732885586229724 -0.0052016098562651034 0.0055188816854756413
leaf_weight=61.247298674657941 635.54092343803495 81.181171514093876 56.652445459738374 52.35145715996623 72.434121808968484 8.6921502295881492 166.19429002236575 8.0234973654150945 6.5060429498553294 13.497469913214443 555.48474500142038 359.14801198430359 165.86892807856202 6.859369077719748
leaf_count=887 15635 1331 818 737 1175 188 3035 124 106 211 12957 3789 1517 131
internal_value=1.22967e-05 0.00136471 0.00422481 0.00737051 -0.00043955 0.00396615 -0.00209727 0.000139104 -0.000373455 0.00587378 -0.000486704 0.000321887 -0.00162023 -0.00109255
internal_weight=2249.68 506.776 198.209 109.004 308.568 81.1263 227.442 89.2047 1742.91 26.8629 1716.04 994.689 721.354 13.3654
internal_count=42641 8295 3010 1555 5285 1363 3922 1455 34346 448 33898 19424 14474 237
is_linear=0
shrinkage=0.03


Tree=142
num_leaves=15
num_cat=0
split_feature=4 18 17 6 19 4 18 4 20 23 11 8 19 20
split_gain=1.17539 2.37895 1.65672 1.63475 2.54053 1.66914 6.09776 2.23687 1.54511 1.13877 1.07857 0.786891 0.342103 0.243229
threshold=1.8683018823527477 -0.042158007341817121 0.045171480237646396 1.4534371377563298 0.0043951021736457737 1.2951552552496954 0.018486527429351755 0.5777156747600708 0.0069931921816274176 -0.0040694396743712327 0.87877551020408173 2.4164443293862492 0.006454116380920815 0.038500453658885443
decision_type=2 2 2 2 2 2 2 2 2 2 2 2 2 2
left_child=3 9 8 5 10 7 -7 -1 -3 -2 -5 -6 -4 -11
right_child=1 2 12 4 11 6 -8 -9 -10 13 -12 -13 -14 -15
leaf_value=-0.00026245880742407468 0.018675823302051569 -0.0077169666510023454 0.018230103335349069 0 -0.010630774312791047 -0.010873407563500708 0.0016950868606390953 0.0021901188059184921 0.0026825941978918457 -0.0051868046817631543 0.015498106597106702 0 0 0.0052992922617208045
leaf_weight=1564.875186175108 9.997977623715995 18.539892742410302 3.265064036473631 11.016156627796589 34.801335251890123 53.909606905654073 86.541737725026906 421.56732048466802 30.200924947857857 1.9763619806617492 3.4161482295021406 4.3734248727560034 1.8383279982954261 1.9857776518911121
leaf_count=29717 140 394 47 239 860 1188 1606 7772 476 33 61 38 40 30
internal_value=1.06411e-05 0.00384861 0.00052074 -0.000105248 -0.00518431 2.0471e-05 -0.00310872 0.000252168 -0.00112579 0.0140707 0.00448267 -0.00915476 0.0142473 0
internal_weight=2248.31 67.8043 53.8442 2180.5 53.6071 2126.89 140.451 1986.44 48.7408 13.9601 14.4323 39.1748 5.10339 3.96214
internal_count=42641 1160 957 41481 1198 40283 2794 37489 870 203 300 898 87 63
is_linear=0
shrinkage=0.03


Tree=143
num_leaves=15
num_cat=0
split_feature=10 5 10 21 21 13 10 8 4 13 21 7 21 8
split_gain=1.52904 2.97983 3.1195 3.24354 1.91046 2.49235 1.89866 1.35624 1.23668 2.04729 2.64481 1.57065 1.94116 1.25873
threshold=-0.81579437381768327 0.68444444444444452 -1.2635742016018308 0.0097765910625776942 0.0084326908358141623 0.89897959183673481 -1.4165278526508389 1.3936409345674139 2.1940481505632143 0.67673469387755114 0.0078915279274771599 0.87877551020408173 0.0097025029975879636 2.1420831106953226
decision_type=2 2 2 2 2 2 2 2 2 2 2 2 2 2
left_child=1 4 7 -4 5 -1 -6 -3 11 -10 -11 12 -2 -13
right_child=8 2 3 -5 6 -7 -8 -9 9 10 -12 13 -14 -15
leaf_value=-0.0067470489586385343 0.00095759430540888935 -0.0036599994960141782 0.0015795659119929031 0.012774735118570484 0.0052115783150448129 0.0045510590314425461 -0.00034093374500140179 0.0062504238386694323 -0.0017173596117767004 -0.0038114462912108645 0.020617958152125974 -0.0037706323946834356 -0.0012041267772215406 0.0025321295211346191
leaf_weight=66.690589183010161 711.67373375035822 40.662675879895687 46.074637899175286 55.26908240839839 73.804928892292082 20.399167636409402 189.97109019011259 15.129663076251743 13.477355451323094 3.8109398167580357 9.8341934001073223 193.6507343929261 778.50800319481641 28.995039518922567
leaf_count=1399 14005 714 751 751 1095 249 3226 110 289 46 113 4489 15157 247
internal_value=2.73614e-06 0.00145402 0.00486035 0.00795921 -4.79075e-05 -0.00388955 0.00118376 -0.000589658 -0.000413557 0.00567495 0.0132213 -0.000525221 -0.00016179 -0.00286782
internal_weight=2247.95 508.002 157.136 101.344 350.866 87.0898 263.776 55.7923 1739.95 27.1225 13.6451 1712.83 1490.18 222.646
internal_count=42641 8295 2326 1502 5969 1648 4321 824 34346 448 159 33898 29162 4736
is_linear=0
shrinkage=0.03


Tree=144
num_leaves=14
num_cat=0
split_feature=10 23 5 10 6 23 7 10 19 19 10 15 17
split_gain=1.35373 2.99371 2.93788 3.11959 1.56133 1.46503 1.81818 1.35771 4.20133 3.8943 1.35736 1.05346 0.565702
threshold=-0.81579437381768327 -0.093904647260887472 0.68444444444444452 -1.2635742016018308 -0.13302920644574853 -0.093904647260887472 0.28730158730158734 -0.0091298002657601296 0.0085768485457816679 0.0085768485457816679 -0.48638144287953633 0.92857142857142871 0.0048447365215122948
decision_type=2 2 2 2 2 2 2 2 2 2 2 2 2
left_child=1 11 4 -4 -3 6 12 9 -9 -7 -8 -1 -2
right_child=5 2 3 -5 -6 7 10 8 -10 -11 -12 -13 -14
leaf_value=0.022492125888799359 -0.002042954775515974 -0.002626185412369841 -0.001112748453399003 0.0074910834120377511 0.0013717907733464211 -0.00060925294407567063 0.00069862378111107079 -9.7897654712257568e-05 0.0072027190135379275 -0.0091200837451965583 -0.016726944362350483 0 0.0096821233220412539
leaf_weight=6.1303489971905929 6.9726202310994285 166.11819123011082 54.906101536005735 101.08521581999958 178.04622001666576 664.80641847476363 3.1003491375595376 920.413538986817 74.562970010563731 50.823267513886094 13.313681637868282 3.152729906141758 3.3177602235227823
leaf_count=71 131 2788 816 1478 3089 13732 68 17543 1377 1124 331 53 40
internal_value=1.20374e-05 0.00137523 0.00099446 0.004392 -0.000518608 -0.000380196 -0.00712195 -0.000257997 0.000447512 -0.00125832 -0.0129025 0.0167484 0.0014773
internal_weight=2246.75 509.439 500.156 155.991 344.164 1737.31 26.7044 1710.61 994.977 715.63 16.414 9.28308 10.2904
internal_count=42641 8295 8171 2294 5877 34346 570 33776 18920 14856 399 124 171
is_linear=0
shrinkage=0.03


Tree=145
num_leaves=15
num_cat=0
split_feature=4 7 16 20 23 13 2 2 13 23 2 0 16 2
split_gain=1.64716 2.70933 2.88798 2.79972 2.3388 1.98123 4.64559 3.42475 1.71918 4.85958 3.44355 2.34071 2.03065 2.69238
threshold=0.096464506861916405 0.84222222222222232 0.95959183673469395 0.065323194914512786 0.10328938060205452 0.87877551020408173 0.19057257388247514 1.321777061630129 0.9191836734693879 -0.0059153573492063951 -2.0344478244802704 0.48055974758728065 0.35124716553287988 -2.6168424309558249
decision_type=2 2 2 2 2 2 2 2 2 2 2 2 2 2
left_child=8 5 4 -4 -3 7 -7 -2 12 11 -11 -10 -1 -14
right_child=1 2 3 -5 -6 6 -8 -9 9 10 -12 -13 13 -15
leaf_value=0.00015150909389495491 0.0011287372201577342 -0.0042093487540171273 0.0064330833231162326 -0.014063974390665515 0.0091543349882008251 0.0073306623603851375 -0.0055890338987053968 0.0068396862493245508 -0.0012797876854197358 -0.012655381724162059 0.0080608822257519225 -0.016517875742122337 0.0089672819442756409 -0.0028939348282777159
leaf_weight=397.50903872773051 534.44906914699823 212.20011201966554 50.140685491263866 4.506677226163446 9.9707084791734797 32.178686644881964 87.585792619735003 116.10473781172186 63.058908878825605 5.5675276033580294 85.474734287708998 9.3538662139326316 15.24226004630327 610.97350952681154
leaf_count=7980 11118 4791 594 68 177 465 1232 1483 746 60 1184 133 104 12313
internal_value=-0.000257204 0.000600513 -0.00191215 0.00404106 -0.00346637 0.00152549 -0.00193115 0.0021888 -0.00102609 0.0017742 0.006388 -0.00384078 -0.00149042 -0.00255372
internal_weight=2234.32 1047.14 276.818 54.6474 222.171 770.318 119.764 650.554 1187.18 163.455 91.0423 72.4128 1023.72 626.216
internal_count=42448 19928 5630 662 4968 14298 1697 12601 22520 2123 1244 879 20397 12417
is_linear=0
shrinkage=0.03


Tree=146
num_leaves=15
num_cat=0
split_feature=16 14 21 12 19 2 2 21 17 19 23 2 21 2
split_gain=1.162 4.70555 2.01328 1.96266 2.03502 3.80745 2.5865 1.87169 2.5937 1.79446 1.48166 1.16877 3.20347 1.52553
threshold=0.9900000000000001 0.69047619047619058 0.011991379202000458 2.0603385750308298 0.0060481591592836609 -1.8542764619157037 0.68273364071379061 0.0076731560234200068 0.016434849341111949 0.005159720709247047 0.061453188332085247 -1.7848210220076755 0.010871390647505129 -1.1092276735920721
decision_type=2 2 2 2 2 2 2 2 2 2 2 2 2 2
left_child=3 2 10 11 6 -6 -5 -3 -9 -4 -2 12 -1 -13
right_child=1 7 9 4 5 -7 -8 8 -10 -11 -12 13 -14 -15
leaf_value=-0.0028473364989836337 -0.020756512012771948 0.014751277402048481 0.011016911373682457 0.0039082214123293676 -0.011882249562446509 0.0096456960561349132 -0.0073317689467123611 -0.0072799615015349253 0.0084068748844987398 -0.011322425866683195 0 -0.003063094244810364 0.0080525810721974837 -0.00024928870399989583
leaf_weight=42.293939955532551 17.334911579266198 6.6916494984179726 4.2281951010227186 49.901718920096755 6.110672563314437 58.49578133225441 26.557256981730461 20.834422060288489 14.011971747502683 4.7012689467519522 3.0178762245923272 193.23334353137761 48.844119191169739 1736.3325980398804
leaf_count=534 229 67 43 650 48 671 358 257 152 52 41 3409 461 35476
internal_value=-0.000263393 -0.00399801 -0.0128739 -0.000130531 0.00325459 0.00708867 0 0.00221852 -0.000451145 0 -0.0176921 -0.000377247 0.00288074 -0.000541718
internal_weight=2232.59 70.8203 29.2823 2161.77 141.065 64.6065 76.459 41.538 34.8464 8.92946 20.3528 2020.7 91.1381 1929.57
internal_count=42448 841 365 41607 1727 719 1008 476 409 95 270 39880 995 38885
is_linear=0
shrinkage=0.03


Tree=147
num_leaves=15
num_cat=0
split_feature=4 7 16 18 12 13 10 23 18 7 12 7 17 18
split_gain=1.48608 2.555 2.59965 2.78409 2.33841 5.03072 2.68891 2.17444 1.57035 3.08986 3.58884 2.51007 2.64333 2.14365
threshold=0.096464506861916405 0.84222222222222232 0.95959183673469395 0.0129757939160019 -0.69938600142178642 0.085260770975056702 1.1058165817648058 0.10328938060205452 0.055251123794156205 0.51065759637188213 -0.81958718739850689 0.06394557823129253 0.019603894791722313 0.042909968863953492
decision_type=2 2 2 2 2 2 2 2 2 2 2 2 2 2
left_child=8 4 7 -4 6 -6 -2 -3 11 10 -10 12 -1 -13
right_child=1 2 3 -5 5 -7 -8 -9 9 -11 -12 13 -14 -15
leaf_value=-8.7319300147525929e-05 -0.0037994646917014229 -0.0041085424029427336 0.011178925365725435 -0.0017800646338365571 0.019249327719321092 0.0017565398859400202 0.0084046039103843478 0.0087024829125449919 0.011915699036310689 0.0068023428600240817 -0.0023239682969137393 -0.0014960402923298866 0.0097491123342591489 -0.0059671711204016655
leaf_weight=88.266672403551638 117.04586199298501 210.87483969703317 23.539706601761281 31.085589380934834 13.411279136314986 626.50698632653803 16.324271821416914 10.093327008187769 15.537125688977538 62.178392798639834 158.18004799447954 714.18930545914918 30.591449490748346 114.45008005946875
leaf_count=1374 2191 4791 267 395 154 11674 279 177 220 1212 2890 14024 466 2334
internal_value=-0.000265675 0.00054678 -0.00190117 0.00373706 0.00144121 0.00220535 -0.0020928 -0.00338328 -0.000998144 0.00114873 -0.000843892 -0.00154974 0.00243968 -0.00214452
internal_weight=2232.27 1048.88 275.593 54.6253 773.288 639.918 133.37 220.968 1183.39 235.896 173.717 947.498 118.858 828.639
internal_count=42448 19928 5630 662 14298 11828 2470 4968 22520 4322 3110 18198 1840 16358
is_linear=0
shrinkage=0.03


Tree=148
num_leaves=15
num_cat=0
split_feature=4 7 16 4 12 20 12 9 13 16 20 17 5 14
split_gain=1.47712 2.54779 2.57807 2.32619 2.29978 3.17242 3.01871 1.95613 1.57921 4.32573 3.13338 2.05885 2.365 2.29866
threshold=0.096464506861916405 0.84222222222222232 0.95959183673469395 2.0856479199803846 1.0792118520029905 0.016379116451152646 -0.69938600142178642 0.9900000000000001 0.9191836734693879 0.85857142857142865 -0.02273560537379465 0.048027815801406477 0.23224489795918371 0.2678571428571429
decision_type=2 2 2 2 2 2 2 2 2 2 2 2 2 2
left_child=8 4 7 -4 6 -6 -2 -3 11 -10 -11 12 -1 -13
right_child=1 2 3 -5 5 -7 -8 -9 9 10 -12 13 -14 -15
leaf_value=-9.6099576052109147e-05 -0.0018801284490692859 -0.0041752082874039744 0.00035742822907588214 0.016124123801760953 0.0020071422538375048 -0.0083359878986492483 0.0030827084693224186 0.0067036226058330957 0.018376381161472537 -0.0082083502315093999 0.0023940748659493634 -0.014998711592043933 -0.0031472624165187258 0.0050084518137737408
leaf_weight=420.69844508729875 132.87332384847105 205.67724309349433 45.580517085269094 9.015525281429289 54.32721586804837 46.504720831289887 542.97494738735259 13.25070997700095 10.917512636631725 29.292581616900861 123.01239099353552 3.3617002479732028 527.95581996813416 65.627218109555542
leaf_count=7894 2470 4875 577 85 701 708 10419 93 122 381 1620 72 11252 1179
internal_value=-0.000257732 0.000551132 -0.00190633 0.00370383 0.00143851 -0.00268669 0.00208221 -0.00339414 -0.000989492 0.00169351 0.000177755 -0.00143701 -0.00181299 0.00342714
internal_weight=2231.07 1050.2 273.524 54.596 776.68 100.832 675.848 218.928 1180.87 163.222 152.305 1017.64 948.654 68.9889
internal_count=42448 19928 5630 662 14298 1409 12889 4968 22520 2123 2001 20397 19146 1251
is_linear=0
shrinkage=0.03


Tree=149
num_leaves=15
num_cat=0
split_feature=16 19 18 21 10 19 10 13 18 16 21 13 13 21
split_gain=1.13126 2.66402 3.74792 3.48876 2.81217 2.63637 2.39527 1.71876 2.86125 2.41384 1.04177 1.02998 2.82151 1.87416
threshold=0.9900000000000001 0.0052352639701420582 -0.018797370294974632 0.015812405882617283 -0.24046605986235015 0.0032322615392753654 -0.32366495518791377 0.97979591836734703 0.069121906318580853 0.97979591836734703 0.009472703765096244 0.4040816326530613 0.69693877551020422 0.0063591456315682882
decision_type=2 2 2 2 2 2 2 2 2 2 2 2 2 2
left_child=7 4 3 -3 10 -6 -4 11 9 -9 -2 13 -13 -1
right_child=1 2 6 -5 5 -7 -8 8 -10 -11 -12 12 -14 -15
leaf_value=-0.0053647634840700495 0 0.012163395059854511 0 -0.018135162150738113 -0.0075233287538698391 0.012698881866044291 -0.020350181969112958 0.0058540305831745612 0.017526068191933898 -0.0043418029590738955 -0.018479014360582594 -0.0024724495122563886 0.00039090607473106866 0.00085808303738042562
leaf_weight=43.686530173756182 2.7258106842637089 9.7927336785942298 6.2985096517950323 2.6513053029775611 5.5331049170345095 18.758263604715466 19.196652494370937 48.295380063354969 10.227252736687658 32.541954232379794 4.4685343783348799 545.79373798612505 695.08644905127585 784.41945242788643
leaf_count=965 33 101 75 37 70 202 261 558 111 378 62 11929 11630 16036
internal_value=-0.000251957 -0.00397349 -0.00920465 0.0030523 0.00205522 0.00730022 -0.0155196 -0.000121842 0.00385487 0.00156278 -0.0117586 -0.00030767 -0.000858407 0.000499594
internal_weight=2229.48 69.4249 37.9392 12.444 31.4857 24.2914 25.4952 2160.05 91.0646 80.8373 7.19435 2068.99 1240.88 828.106
internal_count=42448 841 474 138 367 272 336 41607 1047 936 95 40560 23559 17001
is_linear=0
shrinkage=0.03


Tree=150
num_leaves=15
num_cat=0
split_feature=8 0 17 20 18 21 8 13 0 20 18 5 20 2
split_gain=1.22525 2.66961 5.07104 2.68541 3.87482 2.97781 1.87291 1.74052 2.07719 3.58392 1.76492 1.3469 1.92545 1.86976
threshold=1.9446701988177606 2.4730879540713047 0.023826708012430368 -0.020380744182961593 0.020220510882528523 0.011705085763491156 2.3144879620743808 0.06394557823129253 -0.37815844475369381 -0.022177458733718288 0.011031182312076783 0.76500000000000012 -0.034589554110520386 0.62898765094637776
decision_type=2 2 2 2 2 2 2 2 2 2 2 2 2 2
left_child=7 3 6 4 -2 -5 -3 8 9 -1 -10 13 -13 -9
right_child=1 2 -4 5 -6 -7 -8 11 10 -11 -12 12 -14 -15
leaf_value=0.019101137843707362 -0.011481996796865313 0.012047954405658439 -0.027796374341478833 0.001983229703782655 0.0050233321336976867 0.010323415471846582 -0.0061463897069224307 -0.00054169499692681324 0.0045501702445443545 0.002726787984101559 -0.0033189591294729491 -0.0048599230704732734 0.0016188004788433193 -0.0040463082785172954
leaf_weight=13.840286262333391 23.727188419550657 6.6959269046783509 5.5989979319274417 140.75432196818292 22.362998593598604 55.539856934919953 9.6743746399879438 1186.6115489751101 39.457711718045175 68.823191801086068 64.530286461114883 43.254229330457747 397.76193689834327 156.05155039578676
leaf_count=111 183 50 50 1115 151 402 80 25780 592 716 1095 1022 8111 3030
internal_value=5.95627e-05 0.00197442 -0.007435 0.00294252 -0.00328583 0.00449898 0.000980543 -0.000191485 0.00253651 0.00603197 -0.000162015 -0.000487875 0.000930446 -0.000965588
internal_weight=2234.68 264.354 21.9693 242.384 46.0902 196.294 16.3703 1970.33 186.651 82.6635 103.988 1783.68 441.016 1342.66
internal_count=42488 2031 180 1851 334 1517 130 40457 2514 827 1687 37943 9133 28810
is_linear=0
shrinkage=0.03


Tree=151
num_leaves=15
num_cat=0
split_feature=8 18 19 20 18 0 11 13 18 18 17 13 2 17
split_gain=1.18842 2.22514 2.86632 2.97601 2.72312 2.52805 1.4814 1.33723 1.88522 2.76157 1.93684 1.26557 0.919304 2.0436
threshold=1.9446701988177606 -0.042158007341817121 0.003466028208224677 -0.02273560537379465 -0.060000280657619358 -2.2892001629093057 0.30861678004535154 0.06394557823129253 0.032917912077435781 0.040932573396454071 0.021068302365709671 0.97979591836734703 -1.9344501988002065 0.0093242001049839169
decision_type=2 2 2 2 2 2 2 2 2 2 2 2 2 2
left_child=7 4 5 -4 11 -3 -6 8 10 -10 -1 -2 13 -9
right_child=1 2 3 -5 6 -7 -8 12 9 -11 -12 -13 -14 -15
leaf_value=0.002376064526432871 0.0052394490061248942 0.0092708176757449433 -0.0049026356751063795 0.0057597361761601807 0 -0.00857022344770666 -0.027450258003030737 -0.0029935280598005361 -0.013825896999998829 0.0010683369833172013 0.012372357457642437 -0.010062872747675439 -0.00054249173436992108 0.0096108798314625578
leaf_weight=93.538289678283036 14.220320452004676 6.7835976630449286 24.048013228923082 177.07144496031106 3.4420005083084098 29.090694904327393 4.2932712286710739 17.758991265669465 11.448885859921573 58.905324136838317 22.01891877502203 4.8514518551528445 1742.2583099612966 22.949952272698283
leaf_count=1209 101 44 169 1327 24 277 44 231 199 851 255 45 37417 295
internal_value=7.84203e-05 0.00196594 0.00294433 0.00437526 -0.00576698 -0.00448914 -0.0187124 -0.000168607 0.00222605 -0.00146329 0.0045865 4.93672e-05 -0.000428918 0.00387839
internal_weight=2232.68 263.801 236.994 201.119 26.807 35.8743 7.73527 1968.88 185.911 70.3542 115.557 19.0718 1782.97 40.7089
internal_count=42488 2031 1817 1496 214 321 68 40457 2514 1050 1464 146 37943 526
is_linear=0
shrinkage=0.03


Tree=152
num_leaves=15
num_cat=0
split_feature=15 5 6 18 23 19 6 23 7 7 23 23 6 4
split_gain=1.38607 2.6121 2.43362 4.45281 2.18132 1.76309 1.67692 3.67996 2.71427 1.53205 1.79767 1.50624 1.3195 1.12191
threshold=0.79166666666666685 0.94777777777777794 -0.90846505644671927 0.012371539841731451 -0.066365324123693545 0.0026678287344971464 -2.1607800206794905 0.0097934235345604765 0.060612244897959189 0.79795918367346952 0.0065034815276772137 0.055718859153444884 0.13122670468198935 -0.36664741057977729
decision_type=2 2 2 2 2 2 2 2 2 2 2 2 2 2
left_child=1 6 3 13 12 -5 7 -1 -8 -3 -11 -6 -4 -2
right_child=2 9 4 5 11 -7 8 -9 -10 10 -12 -13 -14 -15
leaf_value=0.0011442865230061874 0.02283995499623135 0.015288963570091225 -0.013844270907605741 -0.01594945715854363 -0.0012873749935421058 0.0022195429607384976 0.0067775650332821359 -0.016293861933918942 0.0004117620627251316 0.011467592365634091 -0.0054823497291727752 0.0012735690562669507 -0.0027806603902945804 0.00036609610541881344
leaf_weight=26.809002159163356 10.84665977116674 15.738789400085805 15.842508150264619 3.6111003477126351 786.86804627347738 30.393624743446708 63.185691611841321 14.661760827526448 932.44176798406988 7.8892658678814795 10.203668616712092 273.12626351881772 35.088450282812119 4.1056422665715209
leaf_count=393 143 252 356 41 16036 487 887 270 17361 141 187 4981 880 73
internal_value=8.88978e-05 0.000872152 -0.000621635 0.00575107 -0.00092578 -7.20728e-05 0.000580358 -0.00514182 0.000843569 0.0088667 0.00156778 -0.000612222 -0.00689855 0.0183251
internal_weight=2230.81 1070.93 1159.88 48.957 1110.93 34.0047 1037.1 41.4708 995.627 33.8317 18.0929 1059.99 50.931 14.9523
internal_count=42488 19491 22997 744 22253 528 18911 663 18248 580 328 21017 1236 216
is_linear=0
shrinkage=0.03


Tree=153
num_leaves=15
num_cat=0
split_feature=9 19 19 1 2 22 2 17 22 21 19 16 19 8
split_gain=1.0706 2.77201 5.27975 3.03281 2.76875 2.40145 4.9904 3.28551 1.36189 2.13146 2.18962 2.13353 1.73744 3.26398
threshold=0.76775510204081643 0.0051865800687811939 0.0037357669776730451 0.30306122448979594 -1.5465741171303582 1.0000000180025095e-35 -1.1092276735920721 0.068352844164389817 1.0000000180025095e-35 0.011930352035281925 0.0070126189148816635 0.89897959183673481 0.0054245157670300631 0.28044164046648179
decision_type=2 2 2 2 2 2 2 2 2 2 2 2 2 2
left_child=8 2 4 -4 -2 6 -3 -7 9 10 -1 -11 -10 -14
right_child=1 5 3 -5 -6 7 -8 -9 12 11 -12 -13 13 -15
leaf_value=0.003882971351150431 0.0068705015291959763 -0.0053728318123798836 0.00087182542027995375 0.0083025483269003313 -0.0029304522909438541 -0.0012705805996425295 0.0080796313303285808 -0.02337575232148531 -0.001216321097055426 -0.007878347737396544 -0.0049142170516963237 0.0058952077868859925 0.0020178619845402923 -0.0047825659355938133
leaf_weight=58.318341732025146 29.050660749897361 35.093511061742902 82.167772221378982 146.16949275508523 143.93111281469464 397.07278899848461 69.129978325217962 4.2593695651739827 578.32295242883265 77.966449276544154 41.947712279856205 8.8398412056267244 488.56034142803401 70.072681841440499
leaf_count=1471 257 369 908 1578 1680 4580 748 52 13881 2216 1118 202 11873 1555
internal_value=7.73727e-05 0.000876126 0.00273792 0.00572449 -0.00113904 -0.000577207 0.00339291 -0.00165712 -0.000458906 -0.00281826 3.17387e-05 -0.00620565 -5.32666e-05 0.00112407
internal_weight=2230.9 906.875 401.319 228.337 172.982 505.556 104.223 401.332 1324.03 187.072 100.266 86.8063 1136.96 558.633
internal_count=42488 10172 4423 2486 1937 5749 1117 4632 32316 5007 2589 2418 27309 13428
is_linear=0
shrinkage=0.03


Tree=154
num_leaves=15
num_cat=0
split_feature=7 18 3 21 9 20 13 21 18 3 18 13 7 17
split_gain=1.07334 4.45704 2.52352 2.52507 1.72154 1.55105 1.32073 2.96323 2.53081 1.34044 1.21784 2.73393 1.96251 0.595944
threshold=0.06394557823129253 0.08228923028838854 0.1918367346938776 0.012219204735364168 0.9900000000000001 0.089937576235723529 0.10657596371882087 0.0063591456315682882 0.03236209240960964 0.18183673469387759 0.011939800655240475 0.92666666666666686 0.1705215419501134 0.011265209983051696
decision_type=2 2 2 2 2 2 2 2 2 2 2 2 2 2
left_child=1 2 5 -4 13 -1 7 9 -9 -2 11 -8 -12 -3
right_child=6 4 3 -5 -6 -7 10 8 -10 -11 12 -13 -14 -15
leaf_value=0.0086660120025362115 -0.02165012340673083 0 -0.0030520132789315217 0.0085922902424782292 0.0036848985946399647 -0.0089643274967957601 -0.0022462075167133848 0.0052994223522137528 -0.00067000107882642709 -0.0017380093632669658 -0.0029927439430897187 0.0033472169412679009 0.00066277859082871358 -0.020826061326427295
leaf_weight=74.11343870870769 4.2030526455491772 2.0455502904951564 59.132147328928113 21.069096527993679 2.2785574048757544 2.3662651982158414 552.97705202363431 143.29242534376681 106.2695057541132 10.67034651711583 149.6029317965731 87.9227952407673 1005.8847494758666 8.6062445379793626
leaf_count=1020 80 32 975 364 12 26 11991 2177 1765 167 2556 1082 20086 155
internal_value=8.32802e-05 0.00236649 0.00388893 0 -0.0131264 0.00771485 -9.94752e-05 0.00186202 0.00271275 -0.0101531 -0.000398305 -0.00144751 0.00017218 -0.0179222
internal_weight=2230.43 169.611 156.681 80.2012 12.9304 76.4797 2060.82 264.435 249.562 14.8734 1796.39 640.9 1155.49 10.6518
internal_count=42488 2584 2385 1339 199 1046 39904 4189 3942 247 35715 13073 22642 187
is_linear=0
shrinkage=0.03


Tree=155
num_leaves=15
num_cat=0
split_feature=9 10 21 21 18 22 10 9 21 21 13 13 3 9
split_gain=1.22679 2.93792 2.42631 3.20707 8.7212 2.40016 5.25051 3.38251 1.95215 1.80798 1.7123 1.69989 1.58526 1.5053
threshold=0.80816326530612259 -0.72431361559192875 0.011604734873718372 0.0094324373933454102 0.01269534810847839 1.0000000180025095e-35 -0.12010697596875648 0.94777777777777794 0.0086697884637209292 0.01150941963840876 0.69693877551020422 0.16163265306122451 0.14920634920634923 0.085260770975056702
decision_type=2 2 2 2 2 2 2 2 2 2 2 2 2 2
left_child=1 8 3 10 -5 7 -7 -4 -1 11 -2 -3 -11 -10
right_child=2 9 5 4 -6 6 -8 -9 13 12 -12 -13 -14 -15
leaf_value=-0.0014974005654135086 -0.00060358656708053881 0.0021296791806351832 0.0020040083364353109 -0.014000316608956084 0.00027867637183525014 -0.0042484138008031594 0.0059704397044019726 0.015333082704853838 0.011388888240815315 0.0024529040786219775 0.0036362690172610387 -0.00122238231677076 -0.0039551433276495962 0.0024515521975840737
leaf_weight=108.06056095659733 144.91282613947988 175.35315635055304 43.773468252271414 47.387422623112798 165.62763226032257 77.583041524514556 100.86351138725877 30.854053895920515 17.758257013745606 35.379391304217279 189.38060746714473 564.76038328558207 273.65546177420765 260.26881054416299
leaf_count=2422 1759 3416 507 554 1680 842 989 213 408 822 1926 14765 7424 4918
internal_value=0.000113316 -0.000403883 0.00105814 -4.09404e-05 -0.00292875 0.00347555 0.00144663 0.00796691 0.00181192 -0.00123547 0.00176107 -0.000404376 -0.00316225 0.00315323
internal_weight=2235.62 1435.24 800.383 547.308 213.015 253.074 178.447 74.6275 386.088 1049.15 334.293 740.114 309.035 278.027
internal_count=42645 34175 8470 5919 2234 2551 1831 720 7748 26427 3685 18181 8246 5326
is_linear=0
shrinkage=0.03


Tree=156
num_leaves=15
num_cat=0
split_feature=7 11 23 3 18 20 6 6 3 20 3 18 6 16
split_gain=1.04656 2.38042 3.89748 2.60956 4.05339 2.53321 1.94427 3.80024 4.0329 2.97982 2.80012 1.60819 1.59595 1.55631
threshold=0.24222222222222226 0.85857142857142865 0.0097934235345604765 0.56571428571428584 0.024657156792030181 -0.053987862574064342 0.1520706545430057 -0.098528146317311605 0.77664399092970526 0.066082351171659851 0.95959183673469395 0.07707485721127362 -0.80878850001374325 0.26598639455782319
decision_type=2 2 2 2 2 2 2 2 2 2 2 2 2 2
left_child=1 3 -3 5 -5 -1 7 10 -9 11 -2 -8 -4 -11
right_child=6 2 12 4 -6 -7 9 8 -10 13 -12 -13 -14 -15
leaf_value=-0.014753057472085189 -0.00086049732468119556 0.0072931027582812738 -0.011990931369272097 0.0069383405588488321 -0.0040899772355116803 -0.0025794524270046628 -0.00064789999103249377 0.0056818460085819693 -0.00099146616124936963 0.0023605886001550253 0.0084184534098932437 0.0039403555701305951 0 -0.012515166863770109
leaf_weight=14.957164048217235 456.35047886893153 70.6429288322106 11.749851401895283 63.761009411886334 51.761760433204472 343.55405841302127 659.32089010626078 272.27208557166159 110.17570008151233 5.4524801950901773 29.166956150904298 74.443352431058884 43.573114895261824 25.273714941926301
leaf_count=271 9260 908 164 1049 916 6140 13617 5212 1874 99 325 1446 784 580
internal_value=0.000119828 -0.000940818 0.00264719 -0.00193289 0.00188379 -0.00320797 0.000519514 0.00149445 0.00372522 -0.000568825 -0.000240057 -0.00015257 -0.00307106 -0.00943412
internal_weight=2232.46 600 125.966 474.034 115.523 358.511 1632.46 867.965 382.448 764.49 485.517 733.764 55.323 30.7262
internal_count=42645 10232 1856 8376 1965 6411 32413 16671 7086 15742 9585 15063 948 679
is_linear=0
shrinkage=0.03


Tree=157
num_leaves=15
num_cat=0
split_feature=8 6 14 23 23 11 21 19 10 6 18 21 21 8
split_gain=1.12821 3.02341 5.18486 4.1468 7.15079 2.85189 2.68565 2.45243 2.02529 1.69 2.349 1.55688 1.18457 1.55352
threshold=1.5526000607006554 0.1520706545430057 0.61904761904761918 -0.051566938443595715 -0.0087938838683873071 0.41408163265306125 0.01148426033230208 0.0063567656805143466 -0.72431361559192875 -0.47668120163017608 0.015526751981627009 0.010231198870789061 0.01104348065345302 -0.10546852899837654
decision_type=2 2 2 2 2 2 2 2 2 2 2 2 2 2
left_child=8 2 6 7 -5 -4 -2 -3 9 10 -1 -11 -10 -14
right_child=1 3 5 4 -6 -7 -8 -9 12 11 -12 -13 13 -15
leaf_value=0.0035107553848262572 -0.0036442847803786847 0.019444264410953812 0.0014117435293385062 -0.016730190346182835 9.5030934782415634e-05 0.01154318727508624 0.0045657973495958366 -0.002436640736622244 -0.00010900306213602922 0.00013831699070383026 -0.011056553305762017 0.00370971933004457 -0.0038382809024710071 -0.00034871871500624099
leaf_weight=14.707994949072598 87.801226789131761 9.7103264741599542 43.346520876511931 28.312086574733257 83.972512766718864 74.997896695509553 57.298502819612622 5.1449275389313689 870.12779768835753 227.6335356393829 20.052977999672294 228.4953922573477 219.53077725227922 261.20959826931357
leaf_count=248 815 66 392 257 716 581 445 49 19050 4462 360 3930 6460 4814
internal_value=0.000121803 0.00158599 0.00343312 -0.00211916 -0.00423466 0.00804207 -0.000282232 0.0115862 -0.000181957 0.001454 -0.00462916 0.00196852 -0.000788804 -0.0019826
internal_weight=2232.34 390.584 263.444 127.14 112.285 118.344 145.1 14.8553 1841.76 490.89 34.761 456.129 1350.87 480.74
internal_count=42645 3321 2233 1088 973 973 1260 115 39324 9000 608 8392 30324 11274
is_linear=0
shrinkage=0.03


Tree=158
num_leaves=15
num_cat=0
split_feature=10 21 3 0 3 1 10 12 10 5 12 4 16 12
split_gain=0.967914 2.97175 3.60157 4.07517 2.60849 2.79484 2.07 1.90902 1.03198 3.1297 1.63806 0.806571 1.72394 1.0441
threshold=-1.4165278526508389 0.0087143715763006464 0.085260770975056702 -0.81940717759599646 0.81816326530612249 0.57460317460317467 -1.2849892660875495 0.095540911064944833 -0.72431361559192875 0.69693877551020422 4.4576494855100499 -0.55945683619111752 0.35124716553287988 -0.10207626695985893
decision_type=2 2 2 2 2 2 2 2 2 2 2 2 2 2
left_child=1 4 -3 -4 7 -6 11 -1 9 -8 -10 13 -13 -2
right_child=6 2 3 -5 5 -7 8 -9 10 -11 -12 12 -14 -15
leaf_value=-0.016944837125733667 -0.0071330457450597511 0.018844842482098646 -0.010898433574945392 0.0057413429769675719 -0.0060040254014891194 0.017521905453048433 -0.00031555648617995728 0 -0.00028894137334146557 0.005224738949852906 0.01047881024129033 0 -0.013765399738939693 0.0072693227704698389
leaf_weight=13.024868942797186 7.1575153805315495 13.5596801135689 13.828407756984232 70.909860637038946 6.8250301703810674 6.6020326875150204 271.41560059227049 12.065421460196374 1632.004696033895 133.15143643319607 10.762750215828417 13.780778437852858 19.669108973816037 6.9651948921382409
leaf_count=282 157 140 192 1081 110 69 4934 175 32727 1989 94 267 334 94
internal_value=0.000144267 0.0025708 0.00537713 0.00266429 -0.00413279 0.00536319 -9.35377e-06 -0.00978904 0.000130023 0.00148771 -0.000196619 -0.00607339 -0.00848871 0
internal_weight=2231.72 136.815 98.2979 84.7383 38.5174 13.4271 2094.91 25.0903 2047.33 404.567 1642.77 47.5726 33.4499 14.1227
internal_count=42645 2049 1413 1273 636 179 40596 457 39744 6923 32821 852 601 251
is_linear=0
shrinkage=0.03


Tree=159
num_leaves=15
num_cat=0
split_feature=8 6 7 23 23 24 10 10 10 0 3 8 20 2
split_gain=1.51033 2.90374 4.41345 3.43002 5.79145 2.29293 2.1565 2.13641 2.00285 1.52769 1.75787 1.16049 3.66961 2.02558
threshold=1.5526000607006554 0.1520706545430057 0.23224489795918371 -0.051566938443595715 -0.0087938838683873071 1.0000000180025095e-35 -0.30665792846413042 -0.91534554728788464 -0.72431361559192875 -1.1331571845000508 0.14920634920634923 -0.10546852899837654 0.041524604408687889 -1.4397248501488566
decision_type=2 2 2 2 2 2 2 2 2 2 2 2 2 2
left_child=8 2 5 7 -5 -2 -4 -3 9 10 -1 13 -13 -10
right_child=1 3 6 4 -6 -7 -8 -9 11 -11 -12 12 -14 -15
leaf_value=0.0057206392880770496 0.005043632652639957 0.022469542757053398 0.0022425966188632505 -0.014990958406665136 0.00014750217390049888 -0.0030354885974310073 0.010697941199232766 0 -0.012057691675988738 0.0018795801679703478 -0.008962302496938428 0.0011345521127756547 -0.0038585693008477209 -0.0014495531538215119
leaf_weight=7.5019327253103283 46.931142961606383 5.5845062322914591 50.721319489181042 28.24169709160924 84.019829202443361 86.928211587481201 78.362357322126627 9.7024077735841256 15.21613272372633 463.35899715777487 22.965029900893569 575.04048362281173 169.93580667860806 585.95702688395977
leaf_count=114 398 33 437 257 716 814 584 82 394 8511 375 10150 3259 16521
internal_value=0.000155595 0.00184889 0.00366039 -0.00176862 -0.00372535 -5.99875e-05 0.00757489 0.0105017 -0.000197241 0.00142246 -0.0047552 -0.000803773 0 -0.00178201
internal_weight=2230.47 390.491 262.943 127.548 112.262 133.859 129.084 15.2869 1839.98 493.826 30.467 1346.15 744.976 601.173
internal_count=42645 3321 2233 1088 973 1212 1021 115 39324 9000 489 30324 13409 16915
is_linear=0
shrinkage=0.03


Tree=160
num_leaves=15
num_cat=0
split_feature=16 17 11 6 17 12 12 6 17 2 8 17 8 5
split_gain=1.56598 1.90055 2.29632 1.88862 3.53858 3.00491 1.78538 1.26852 1.28537 1.26148 1.22813 1.17548 1.02591 0.766855
threshold=0.042630385487528351 0.023699337360585607 0.35124716553287988 0.13539207261262251 0.0098691045479241141 -0.70689642181771617 -1.0726751645858001 3.1173608010190059 0.0076708902481152927 -0.27422593989458771 -2.0193759572128891 -0.0066038171253102176 -0.64004351028303852 0.93938775510204098
decision_type=2 2 2 2 2 2 2 2 2 2 2 2 2 2
left_child=1 3 9 5 -5 -1 -4 10 11 -3 -2 -9 -12 -10
right_child=7 2 6 4 -6 -7 -8 8 13 -11 12 -13 -14 -15
leaf_value=-0.0060049493524714694 0.011279848768966367 -0.0069935962335769489 0 0.011468478297730183 -0.0086925424801647822 0.010906163459756172 0.021725701607341677 -0.0083077210249366922 -0.015513451080690776 0.0077602099261004556 -0.001755841545852558 0.0076124695586461183 3.7491362252662651e-05 0
leaf_weight=45.539182176813483 6.3030163673683992 7.3524678330868509 3.038048790767788 26.758091989904642 8.2702227849513275 9.4513013083487731 11.950560370460151 5.5907011004164815 10.826496321707962 9.3046070635318774 338.7303259735927 7.2155130812898296 1732.0552968066186 3.2635436458513132
leaf_count=656 184 97 50 354 129 121 139 157 291 133 10161 171 29974 64
internal_value=-9.23862e-05 0.00317861 0.00930651 0.000705906 0.00609094 -0.00255447 0.0171177 -0.000291495 -0.00655051 0.000392277 -0.000197009 0 -0.000250029 -0.0122049
internal_weight=2225.65 121.664 31.6457 90.0188 35.0283 54.9905 14.9886 2103.98 26.8963 16.6571 2077.09 12.8062 2070.79 14.09
internal_count=42681 1679 419 1260 483 777 189 41002 683 230 40319 328 40135 355
is_linear=0
shrinkage=0.03


Tree=161
num_leaves=15
num_cat=0
split_feature=13 10 21 19 21 19 8 8 21 2 2 10 4 19
split_gain=1.91812 2.58826 5.26995 4.95731 2.76461 2.08279 1.40928 1.18081 2.76128 1.6111 0.781275 0.652763 0.0915255 0.0195534
threshold=0.10657596371882087 -0.90347953984217411 0.0077180017357964597 0.0033090650790857253 0.016160915093731156 0.0032322615392753654 -2.0193759572128891 -0.43115144912147457 0.011428199121863295 1.7373795306424136 -0.18841920391699105 0.71930056348034188 -0.66612377108704102 0.0062428290935661592
decision_type=2 2 2 2 2 2 2 2 2 2 2 2 2 2
left_child=1 2 12 -4 5 -3 10 8 -8 -9 -2 -6 -1 -12
right_child=6 4 3 -5 11 -7 7 9 -10 -11 13 -13 -14 -15
leaf_value=0 0.01859558598013453 0.0086510535117496051 -0.0097965423773534524 0.017390476253003873 -0.015058142612100122 0.00035447340726303862 -0.00024833772942572328 0.00021232920148340587 -0.0057827293897819076 -0.0029672998338868364 -0.0015929098682380765 0 -0.013404673399744443 0.0015334683791140946
leaf_weight=2.1546773426234722 3.395288422703743 31.291709398850799 5.1543748285621396 33.916680298745632 9.3889237251132709 176.50681339111179 276.34658988192677 1400.0718045113608 116.8079128516838 157.36998080648482 1.6563491653650992 3.2532448284327975 5.309888992458581 1.538370858877897
leaf_count=38 81 410 67 422 219 2939 8496 24065 3918 1777 59 61 85 44
internal_value=-9.18506e-05 0.00227511 0.00858289 0.0131363 0.00081089 0.00174589 -0.000424373 -0.000484665 -0.00195154 -0.000102728 0.0116333 -0.0116724 -0.0114051 0
internal_weight=2224.16 266.976 46.5356 39.0711 220.441 207.799 1957.19 1950.6 393.155 1557.44 6.59001 12.6422 7.46457 3.19472
internal_count=42681 4241 612 489 3629 3349 38440 38256 12414 25842 184 280 123 103
is_linear=0
shrinkage=0.03


Tree=162
num_leaves=15
num_cat=0
split_feature=13 0 10 21 23 4 20 8 15 7 4 0 21 0
split_gain=1.63239 2.20915 2.93601 4.08967 2.61445 1.95649 2.12522 1.53392 1.19652 2.16261 1.65846 0.756544 0.65602 0.0585189
threshold=0.10657596371882087 -0.965922443897831 -0.90347953984217411 0.0077180017357964597 -0.046062000199504509 -1.0139491673184777 0.030798020890530745 -2.0193759572128891 0.79166666666666685 0.06394557823129253 1.8683018823527477 0.29491191297993397 0.010896189459660555 0.86795581803051725
decision_type=2 2 2 2 2 2 2 2 2 2 2 2 2 2
left_child=1 5 3 -3 -4 12 -7 11 10 -10 -9 -2 -1 -13
right_child=7 2 4 -5 -6 6 -8 8 9 -11 -12 13 -14 -15
leaf_value=0.0058413417924563704 0.017069552147546321 -0.0086581526918495747 -0.0090446368128315417 0.014228138827110284 0.0026899963277247185 -0.017221466770179772 0.00021223484486732725 6.2886184437172831e-05 0.0040240683242326533 -0.0016331330899287456 0.0094018363734309288 -0.0038026033687682298 -0.0049100720336141815 0.0014035062717768123
leaf_weight=13.716788999736311 4.7083090730011454 6.3357408344745627 16.607815977185965 36.112418808043003 170.00873513426632 12.498391553759577 8.1471456512808782 990.61049282178283 62.087946765124798 880.10516066942364 15.498230161145328 1.2461795527487995 4.443443411961197 0.90783591847866763
leaf_count=174 113 109 415 448 2763 168 100 18297 963 18751 245 40 64 31
internal_value=-9.54506e-05 0.00208299 0.00324367 0.0102388 0.00148132 -0.00422393 -0.0102682 -0.000403399 -0.000466986 -0.00123672 0.000239991 0.0119884 0.00224052 0
internal_weight=2223.03 267.87 229.065 42.4482 186.617 38.8058 20.6455 1955.16 1948.3 942.193 1006.11 6.86232 18.1602 2.15402
internal_count=42681 4241 3735 557 3178 506 268 38440 38256 19714 18542 184 238 71
is_linear=0
shrinkage=0.03


Tree=163
num_leaves=15
num_cat=0
split_feature=13 12 10 21 20 21 17 8 12 17 15 10 1 1
split_gain=1.76321 3.1696 3.18638 3.17967 2.31278 1.97524 1.65613 1.56745 1.53467 2.50185 1.73079 0.917836 0.616282 0.255364
threshold=0.10657596371882087 -0.69938600142178642 -0.90347953984217411 0.0077364537885103212 0.03112786179733296 0.011199144992685836 0.0065176981779482288 -2.0193759572128891 -0.65231527918389376 -0.056431686350567938 0.79166666666666685 -0.99036989391008079 0.65653061224489806 0.24222222222222226
decision_type=2 2 2 2 2 2 2 2 2 2 2 2 2 2
left_child=1 2 3 -1 6 -4 -3 12 9 -9 -10 -6 13 -2
right_child=7 4 5 -5 11 -7 -8 8 10 -11 -12 -13 -14 -15
leaf_value=-0.0078274404515722498 0 0.011972178541890584 0.0010801728508929634 0.012140638436242785 0 -0.0054198011095526995 -0.0022359005801959185 0.01153224953900499 0.00067672100473018687 -0.0037584447687798567 -0.0012114580915183579 0.021891912034959833 0 0.0191409266309382
leaf_weight=6.5866080429404965 1.1978766806423653 9.5646828785538691 131.17478684708476 33.068154202774167 2.7494432814419261 58.222595020197332 15.788152268156407 7.7972205467522135 940.7456178823486 190.56710364110768 806.82473675627261 11.897139457985757 2.2040756698697805 3.6848535034805536
leaf_count=106 27 171 1999 420 25 1098 272 146 17069 4668 16373 150 70 87
internal_value=-9.56423e-05 0.00216313 0.000696795 0.00824728 0.00976973 -0.000875366 0.00305935 -0.000416381 -0.000481356 -0.00297343 -0.000186835 0.018721 0.0119532 0.0164079
internal_weight=2222.07 269.052 229.052 39.6548 39.9994 189.397 25.3528 1953.02 1945.93 198.364 1747.57 14.6466 7.08681 4.88273
internal_count=42681 4241 3623 526 618 3097 443 38440 38256 4814 33442 175 184 114
is_linear=0
shrinkage=0.03


Tree=164
num_leaves=11
num_cat=0
split_feature=8 6 17 8 2 2 17 2 4 19
split_gain=1.50839 0.92625 1.28161 0.929989 4.17373 1.71233 0.890172 0.839502 0.649803 0.0321349
threshold=-2.0193759572128891 3.1173608010190059 0.0076708902481152927 2.5320200447606873 -1.8542764619157037 -2.3489409842457447 -0.0066038171253102176 -0.18841920391699105 1.6034797312966229 0.0062428290935661592
decision_type=2 2 2 2 2 2 2 2 2 2
left_child=7 3 6 5 -5 -2 -3 -1 -4 -9
right_child=1 2 8 4 -6 -7 -8 9 -10 -11
leaf_value=0.01874274758835278 0.0074607025426185573 -0.0064755407891559109 -0.013997235873090406 -0.013805442866430935 0.00013554174557177569 -8.2775370971146918e-06 0.0073155110253533724 -0.0019859684285374484 0 0.0019862031826010512
leaf_weight=3.9434610307216644 25.953422784805298 5.2680599754676223 11.270110919140278 22.043963588774204 88.121416062116623 2051.1088104499504 7.3236630875617283 1.7241750285029405 2.3067877544090143 1.6078632175922392
leaf_count=81 239 157 309 158 660 40757 171 59 46 44
internal_value=-7.10967e-05 -0.00012828 -0.00553901 -5.16917e-05 -0.00271672 8.49217e-05 0.000420974 0.011985 -0.0113738 0
internal_weight=2220.67 2213.4 26.1686 2187.23 110.165 2077.06 12.5917 7.2755 13.5769 3.33204
internal_count=42681 42497 683 41814 818 40996 328 184 355 103
is_linear=0
shrinkage=0.03


Tree=165
num_leaves=14
num_cat=0
split_feature=0 17 2 16 23 14 0 21 7 20 9 7 16
split_gain=1.38556 3.75246 2.82377 2.58447 2.37067 1.6641 2.10866 1.62057 1.67214 1.62785 1.50036 1.37576 1.0673
threshold=-0.38723737004912623 -0.024322119049262955 -2.3489409842457447 0.085260770975056702 -0.0087938838683873071 0.15476190476190479 -1.4116428192089672 0.032525101124112422 0.26598639455782319 -0.084103740954244707 0.95959183673469395 0.34346938775510211 0.69693877551020422
decision_type=2 2 2 2 2 2 2 2 2 2 2 2 2
left_child=1 5 12 4 -3 10 -7 9 -9 -4 -1 -5 -2
right_child=2 3 7 11 -6 6 -8 8 -10 -11 -12 -13 -14
leaf_value=0.0041429508301409103 0.020598283246970935 0.013047213254130807 0.0099224500017303322 -0.0016921064960107562 0.0013617112284567364 0.013270673998164815 0.0037614477421067708 0.0037760431151944839 -0.011909218278803887 -0.00079874698230648791 -0.016962745199534737 0.0011000478971830853 0.00040820159608399902
leaf_weight=3.4781791269779196 5.54259145259857 22.069695834070444 10.695793395861982 412.81217183358967 56.569868016988039 30.194794473238289 91.644546143710613 5.5496551832184222 20.640234666876495 1307.8446481777355 3.6585312820971012 249.3271298808977 5.9040443059056997
leaf_count=41 43 229 248 6907 746 372 1699 117 498 27213 24 4478 41
internal_value=-0.000100196 0.000825416 -0.000705203 0 0.00506944 0.00550633 0.00641545 -0.000851233 -0.0080213 -0.000685523 -0.00637958 -0.000617995 0.0129096
internal_weight=2225.93 869.755 1356.18 740.779 78.6396 128.976 121.839 1344.73 26.1899 1318.54 7.13671 662.139 11.4466
internal_count=42656 14496 28160 12360 975 2136 2071 28076 615 27461 65 11385 84
is_linear=0
shrinkage=0.03


Tree=166
num_leaves=13
num_cat=0
split_feature=0 17 2 16 23 5 2 11 19 0 1 13
split_gain=1.30458 3.47972 2.73908 2.50131 2.41291 1.52813 2.2183 1.49091 1.99248 1.66723 1.34823 0.973931
threshold=-0.38723737004912623 -0.024322119049262955 -2.3489409842457447 0.085260770975056702 -0.0050079765030990311 0.021315192743764175 -0.76199030036653181 0.65653061224489806 0.0082924424875732584 -0.35108124715049954 0.30306122448979594 0.81816326530612249
decision_type=2 2 2 2 2 2 2 2 2 2 2 2
left_child=1 5 11 4 -3 -1 -7 8 -4 -9 -5 -2
right_child=2 3 7 10 -6 6 -8 9 -10 -11 -12 -13
leaf_value=0.017988922111704338 0.018295863012292357 0.012423883526342579 -0.0011055105178435544 -0.0011055095022959973 0.0010096116813209811 -0.00086877205563388744 0.0071937585982603013 -0.012100233790269265 -0.0063037116350187208 0.00076618086256690905 0.0031075817035832692 0
leaf_weight=6.9245362076908341 7.1230908315628749 24.715806378051639 792.45938969310373 587.53475391026586 54.474558563902974 44.255077540874481 78.039560955017805 7.1489679738879195 72.699306539259851 470.60424846876413 74.056424170732498 4.3517772778868675
leaf_count=86 52 249 16514 9890 726 696 1354 168 1661 9733 1495 32
internal_value=-9.51292e-05 0.000802396 -0.000683053 0 0.00497512 0.00530519 0.00418844 -0.000827393 -0.00157314 0.000492744 -0.000603361 0.0127115
internal_weight=2224.39 870.001 1354.39 740.782 79.1904 129.219 122.295 1342.91 865.159 477.753 661.591 11.4749
internal_count=42656 14496 28160 12360 975 2136 2050 28076 18175 9901 11385 84
is_linear=0
shrinkage=0.03


Tree=167
num_leaves=14
num_cat=0
split_feature=0 21 2 12 19 23 5 21 19 4 16 16 8
split_gain=1.24156 2.9564 2.65149 2.47011 2.64102 1.72361 1.61928 1.59525 1.43314 1.23837 0.980309 0.688779 0.553913
threshold=-0.38723737004912623 0.032525101124112422 -2.3489409842457447 -0.81958718739850689 0.0032322615392753654 0.0060545386976756941 0.55328798185941053 0.032525101124112422 0.0019613689165347671 -1.3164077757559014 0.69693877551020422 0.9191836734693879 0.16327794133746368
decision_type=2 2 2 2 2 2 2 2 2 2 2 2 2
left_child=1 3 10 4 -1 11 -5 8 -4 -9 -2 -3 -7
right_child=2 5 7 6 -6 12 -8 9 -10 -11 -12 -13 -14
leaf_value=0.018560887363407618 0.019526542198320961 0.016649034740525606 -0.0073305184950097756 -0.00081283194945839718 0.0027395920504645383 0.0037514623780391058 0.0023580658976669827 0.0080484397025605489 -0.00048639592685216574 -0.010057171989130684 0.00015809515269207277 0 -0.010391709149890368
leaf_weight=10.528724564239381 5.8410638775676471 16.571561302058406 26.58273764885962 587.26854375842959 59.722312210127711 2.1026318036019793 190.10146801732481 1.460948215797546 1289.1146652251482 24.269175658933818 5.7643480412662029 2.2512488178908816 2.4278660453855991
leaf_count=86 43 236 540 10449 733 44 2888 23 26921 592 41 24 36
internal_value=-9.31872e-05 0.000781336 -0.000667527 0.000459793 0.00576654 0.0109034 -1.40991e-05 -0.000810507 -0.000646976 -0.00798188 0.0124463 0.0147462 -0.0023922
internal_weight=2224.01 870.974 1353.03 847.621 70.251 23.3533 777.37 1341.43 1315.7 25.7301 11.6054 18.8228 4.5305
internal_count=42656 14496 28160 14156 819 340 13337 28076 27461 615 84 260 80
is_linear=0
shrinkage=0.03


Tree=168
num_leaves=15
num_cat=0
split_feature=2 4 17 10 21 10 10 15 17 3 17 23 10 15
split_gain=1.11279 4.06899 2.4045 2.72337 2.43554 3.04349 2.37486 2.04889 1.93751 1.92151 1.52103 1.512 1.40762 0.915181
threshold=1.0000000180025095e-35 0.27641001459213721 0.0071651819036118178 -1.8929605659776139 0.010187199206037568 0.40526043784886284 -1.0475499632851359 0.30952380952380959 -0.0051774522492939448 0.042630385487528351 0.014351890515696743 -0.047039520428943486 2.9060577463099126 0.46428571428571436
decision_type=2 2 2 2 2 2 2 2 2 2 2 2 2 2
left_child=1 7 4 10 5 -2 -5 9 -6 -1 -4 -3 -9 -13
right_child=2 11 3 6 8 -7 -8 12 -10 -11 -12 13 -14 -15
leaf_value=-0.0032874906597810606 -0.0033153738338103128 0.014183129012617715 0 0.0029793914229094172 0.00045499024806871727 0.0036143534375564488 -0.0026076814701744659 -0.00045062030325733276 0.0061084202971447722 0.0055628146469712024 -0.024078185835667835 -0.0016611084221038967 -0.010228504534691143 0.0049034020486872481
leaf_weight=24.984773088246584 187.87193906120956 14.589983821846543 3.2656404189765436 75.847244497388601 133.56977019831538 78.094325299374759 475.70284354221076 886.24094561114907 98.819556011818349 93.396653847768903 5.9213418029248714 18.045963287353516 11.655883719213305 114.37671916652471
leaf_count=263 3520 223 41 1183 2825 1452 9356 17772 1908 1318 94 299 182 2220
internal_value=-7.93346e-05 0.000553222 -0.000787994 -0.00213894 0.000704547 -0.00121287 -0.00180428 -0.000110949 0.00295462 0.00354674 -0.016975 0.00518507 -0.000616669 0.00388583
internal_weight=2222.38 1163.29 1059.09 560.737 498.356 265.966 551.55 1016.28 232.389 118.381 9.18698 147.013 897.897 132.423
internal_count=42656 22277 20379 10674 9705 4972 10539 19535 4733 1581 135 2742 17954 2519
is_linear=0
shrinkage=0.03


Tree=169
num_leaves=15
num_cat=0
split_feature=0 21 6 13 0 21 10 19 7 21 6 13 0 7
split_gain=1.14083 2.79456 2.44538 1.97423 2.98937 1.43447 1.35791 1.30458 2.3544 1.31356 2.3598 1.2127 1.18843 0.492151
threshold=-0.38723737004912623 0.021203622975256329 0.10824061291086827 0.06394557823129253 -0.965922443897831 0.017092536142546477 -0.41482597685299277 0.0019613689165347671 0.06394557823129253 0.032525101124112422 -0.28999793602697799 0.042630385487528351 1.2270317152242833 0.06394557823129253
decision_type=2 2 2 2 2 2 2 2 2 2 2 2 2 2
left_child=1 3 13 4 -1 -5 -4 8 -2 11 -11 -9 -10 -3
right_child=7 2 6 5 -6 -7 -8 9 12 10 -12 -13 -14 -15
leaf_value=-0.002743079580734021 0.014629529098062663 0 0.0081276628953718105 0.00014167591690462559 0.0089735983285978652 -0.0072633347953819432 -0.011413630508622921 -0.0041109959787849152 -0.013314913411955173 0.0052093545362244817 -0.01260970357506481 -8.9144703779173108e-05 1.1919019913955607e-05 0.014318680106212079
leaf_weight=26.961201723664999 1.7445013150572801 3.2798870187252787 2.794671880081296 733.01265260670334 52.237314967438579 22.27382252085954 5.8808503765612823 70.062184013426304 19.371216548606757 7.2251750761643079 18.230887399986386 1228.9410333931446 5.3322347942739716 24.476100565865636
leaf_count=287 26 51 38 12715 519 445 108 1087 430 153 464 25915 85 333
internal_value=-7.1254e-05 0.000766693 0.0086953 0.000382656 0.00483089 -7.55002e-05 -0.00337029 -0.000622892 -0.00701942 -0.000473462 -0.00699475 -0.00032358 -0.0100911 0.0129437
internal_weight=2221.82 870.917 36.4315 834.485 79.1985 755.286 8.67552 1350.91 26.448 1324.46 25.4561 1299 24.7035 27.756
internal_count=42656 14496 530 13966 806 13160 146 28160 541 27619 617 27002 515 384
is_linear=0
shrinkage=0.03


Tree=170
num_leaves=15
num_cat=0
split_feature=0 4 5 23 2 21 20 12 12 21 20 8 16 20
split_gain=1.46097 3.10261 1.96379 4.70357 2.48335 1.92879 2.91771 2.32408 1.72772 2.20505 1.39421 1.35993 1.11357 2.05232
threshold=1.1054424974626251 0.62604878025704058 0.49489795918367352 -0.0093211550304133067 -0.097125891137632619 0.011893901198887087 -0.036746814382138109 0.32506578886017362 3.3129537100271333 0.0072411382148914322 0.066082351171659851 1.5948169128511687 0.73734693877551039 0.018578075210982318
decision_type=2 2 2 2 2 2 2 2 2 2 2 2 2 2
left_child=1 12 3 11 -5 6 -3 -7 10 -10 -4 -2 -1 -14
right_child=2 5 8 4 -6 7 -8 -9 9 -11 -12 -13 13 -15
leaf_value=-0.0012807997036544197 0 -0.008962716713339175 -0.0018428382071848618 0.015414325285324373 -0.0010149897643355738 0.0010333145776878561 0.0039000155920074658 -0.0092087592765632779 0.0030036907201469892 -0.018831165894301484 -0.010648658806697761 -0.019078343906882483 0.0022068979047635373 -0.0017668472743347981
leaf_weight=1026.1310034776106 8.479067428968845 14.182756325230001 209.79402244277298 20.544021300971508 10.161803778260948 78.950279284268618 319.69157303776592 23.826573457568884 3.7494533397257319 11.536033343523739 16.918062841519713 5.6441487651318303 266.97183963470161 202.26180307287723
leaf_count=21708 190 304 3805 268 160 1773 5963 412 36 139 313 59 4082 3451
internal_value=-0.000372156 -6.65759e-05 -0.00236384 0.00313146 0.00978898 0.00214379 0.00325884 -0.00132838 -0.00346062 -0.0128796 -0.00265292 -0.00983139 -0.000724029 0.000461966
internal_weight=2218.84 1932.02 286.827 44.829 30.7058 436.651 333.874 102.777 241.998 15.2855 226.712 14.1232 1495.36 469.234
internal_count=42663 37693 4970 677 428 8452 6267 2185 4293 175 4118 249 29241 7533
is_linear=0
shrinkage=0.03


Tree=171
num_leaves=15
num_cat=0
split_feature=0 20 4 20 19 10 10 17 10 23 21 2 7 2
split_gain=1.21262 4.60127 3.34266 2.94377 2.31837 2.28256 1.21625 2.88219 2.21878 1.89728 1.89353 1.87086 1.18372 0.123235
threshold=-1.4827917113986984 -0.039334425612290218 0.29582209862330355 -0.032086812317903439 0.005817791847624423 1.6443044507747751 -1.5198896737365688 0.0071651819036118178 -1.8929605659776139 0.042022766522415884 0.017671901718708107 -1.5465741171303582 0.24222222222222226 -0.15094645943105889
decision_type=2 2 2 2 2 2 2 2 2 2 2 2 2 2
left_child=1 5 3 -3 -4 13 7 9 -9 -2 12 -12 -8 -1
right_child=6 2 4 -5 -6 -7 10 8 -10 -11 11 -13 -14 -15
leaf_value=0.018735655462791247 0.010670616644703659 -0.019150307592907926 0 -0.00036079368838036957 0.021186793304436048 -0.0023357313331082001 -0.0019508437124462646 -0.011983553924161481 0.0014201639378093199 -0.0018156498113873854 -0.017478649278264181 -0.0031397716136215602 -0.00011246208334532361 0.0020684938910441415
leaf_weight=17.744053956121213 38.692838284187019 6.0686862524598828 6.8355725873261681 140.74821730423719 8.6190229281783086 4.7234369199722996 411.12819159775972 13.49271318130195 33.206431798636913 11.666912784799932 8.0089851077645999 94.364686110056937 1419.5693017961457 3.119840611703693
leaf_count=163 557 71 73 1877 67 55 7650 223 516 167 97 2119 28985 43
internal_value=-0.00037816 0.00189653 0 -0.00148518 0.0123915 0.0132236 -0.00059769 0.00261203 -0.00247764 0.00753257 -0.000769133 -0.00471869 -0.000535179 0.0172984
internal_weight=2217.99 187.859 162.271 146.817 15.4546 25.5873 2030.13 97.0589 46.6991 50.3598 1933.07 102.374 1830.7 20.8639
internal_count=42663 2349 2088 1948 140 261 40314 1463 739 724 38851 2216 36635 206
is_linear=0
shrinkage=0.03


Tree=172
num_leaves=9
num_cat=0
split_feature=8 10 20 19 7 16 5 23
split_gain=1.05268 0.976478 1.97 1.58833 1.01185 1.67831 1.24996 0.39691
threshold=-2.0193759572128891 -1.5198896737365688 -0.064815524394870969 0.0084952763294875912 0.96888888888888902 0.95959183673469395 0.44948979591836741 -0.020166488833373738
decision_type=2 2 2 2 2 2 2 2
left_child=7 2 -2 -4 6 -6 -3 -1
right_child=1 4 3 -5 5 -7 -8 -9
leaf_value=0 0.018952774580134047 -0.001247170070864132 0.002330109553423131 -0.011940036706441618 -0.0070118469158266311 0.0021594059839186251 0.00023561161734954149 0.012992195864860804
leaf_weight=1.4658216889947651 4.220197904855012 925.31425251252949 91.666355560533702 5.3954665577039114 50.974131649360061 22.828288227319717 1111.2407813081518 5.2420581281185141
leaf_count=50 44 17819 1352 109 1379 292 21499 119
internal_value=-0.000374904 -0.000422028 0.00239965 0.00116039 -0.000566693 -0.00399502 -0.000431299 0.00996798
internal_weight=2218.35 2211.64 101.282 97.0618 2110.36 73.8024 2036.56 6.70788
internal_count=42663 42494 1505 1461 40989 1671 39318 169
is_linear=0
shrinkage=0.03


Tree=173
num_leaves=10
num_cat=0
split_feature=8 10 20 19 6 19 5 3 6
split_gain=1.07669 0.942791 2.29695 1.51365 1.10586 2.79802 1.31434 0.503362 0.0811205
threshold=-2.0193759572128891 -1.5198896737365688 -0.064815524394870969 0.0084952763294875912 0.68817232528357797 0.0048556314556027257 0.44948979591836741 0.39387755102040822 0.2914797768428361
decision_type=2 2 2 2 2 2 2 2 2
left_child=7 2 -2 -4 6 -6 -3 -1 -9
right_child=1 4 3 -5 5 -7 -8 8 -10
leaf_value=0.015683043205147382 0.01977056113068373 -0.001221465747192893 0.0021533762862461499 -0.011878152737770667 0.0023391554827748174 -0.0071401132595129736 0.00031361007150408095 0.0032425216752491816 -0.0029531678405567544
leaf_weight=3.4486760199069968 4.4974989853799334 915.71232150215656 91.949159029871225 5.2918100189417592 41.825218663550913 69.216958714649081 1083.0483758207411 2.1791834849864249 1.33311056997627
leaf_count=66 44 17683 1352 109 839 1449 21018 54 49
internal_value=-0.000364036 -0.000412236 0.00235355 0.00101465 -0.000554813 -0.00345874 -0.00038269 0.00994978 0
internal_weight=2218.5 2211.54 101.738 97.241 2109.8 111.042 1998.76 6.96097 3.51229
internal_count=42663 42494 1505 1461 40989 2288 38701 169 103
is_linear=0
shrinkage=0.03


Tree=174
num_leaves=15
num_cat=0
split_feature=1 18 18 13 17 21 10 13 19 10 19 7 3 10
split_gain=0.869099 2.80946 3.02732 2.27333 2.11326 1.40643 2.33249 2.40533 1.4204 0.9329 4.52317 1.1481 0.734754 0.546949
threshold=0.060612244897959189 0.081118223143933035 0.062689228707168768 0.83836734693877568 0.060292994523594941 0.017671901718708107 -1.2849892660875495 0.44222222222222224 0.0051292169386026459 1.5979039354532698 0.008040828320118017 0.24222222222222226 0.47469387755102049 0.97923780597091559
decision_type=2 2 2 2 2 2 2 2 2 2 2 2 2 2
left_child=1 2 3 -1 13 9 8 -8 -7 11 -11 -2 -4 -3
right_child=5 4 12 -5 -6 6 7 -9 -10 10 -12 -13 -14 -15
leaf_value=-0.0011937309716263992 -0.0015551191934768953 -0.0046772227757883866 0.018075762343337957 0.0059910107291158716 0.0075727552886567856 -0.0058260616552379477 0 -0.0094815077432719806 0.012884325625135808 -0.0052283289622588299 0.011146060198980389 0.00024708183911508196 0 -0.022100178458834299
leaf_weight=104.75940604507923 408.27942792885005 7.5941827688366157 11.485130680724977 59.207650814205408 2.6909702476114026 2.7299095764756194 41.568146736361086 55.223951447755098 9.2561294306069595 105.28580665402114 15.330319348722695 1386.0630777115002 3.1503586191683999 5.3423080332577229
leaf_count=1569 7553 104 125 599 24 53 961 1174 125 1899 218 28149 32 78
internal_value=-0.000347158 0.00154017 0.00270675 0.00135119 -0.00973577 -0.000537042 -0.0038372 -0.00549182 0.00732666 -0.000337946 -0.00287695 -0.00015591 0.0150036 -0.0148723
internal_weight=2217.97 194.23 178.603 163.967 15.6275 2023.74 108.778 96.7921 11.986 1914.96 120.616 1794.34 14.6355 12.9365
internal_count=42663 2531 2325 2168 206 40132 2313 2135 178 37819 2117 35702 157 182
is_linear=0
shrinkage=0.03


Tree=175
num_leaves=15
num_cat=0
split_feature=11 21 21 16 3 17 10 0 3 13 1 6 5 20
split_gain=1.48654 2.07396 4.15916 3.52115 2.82346 2.06748 2.14341 1.66266 2.339 2.09038 1.5872 1.52081 1.94458 1.62577
threshold=0.84222222222222232 0.0089445947662420578 0.012712173997563133 0.6161224489795919 0.92666666666666686 0.033221907628806398 1.436049071634258 1.1510570972737564 0.6161224489795919 0.83836734693877568 0.92666666666666686 -0.80878850001374325 0.53197278911564638 -0.048357910924954776
decision_type=2 2 2 2 2 2 2 2 2 2 2 2 2 2
left_child=7 5 4 -4 -3 -2 -7 11 10 -10 -9 13 -13 -1
right_child=1 2 3 -5 -6 6 -8 8 9 -11 -12 12 -14 -15
leaf_value=-0.0079025560778648914 0.0060150161652436128 -0.00082453276792056221 -0.0017489666991115759 0.01077208865053958 -0.011333584278547505 0.0045860067006643765 -0.013010001872815981 -0.004715586481542384 -0.0025250233500446928 -0.011604146194731732 0.0058738657918538904 -0.0013813518666373366 0.00073423826192143909 0.0045316431656920921
leaf_weight=7.8558499347418538 120.33734526205808 146.38596296403557 30.803880910389125 46.31391706969589 26.383944237604737 10.098180145956578 9.708790045231579 17.179616514593363 76.709164862520993 35.978914194740355 32.156789517961442 829.2445348771289 727.37540235277265 96.318150248378515
leaf_count=121 2117 2658 657 651 401 170 159 329 1508 522 492 17025 14307 1472
internal_value=-6.60431e-05 0.00160201 0 0.00566331 -0.00262654 0.00449552 -0.00375334 -0.000432545 -0.0033182 -0.00570639 0.00185423 -0.000138351 -0.000383484 0.00332149
internal_weight=2212.85 390.032 249.888 77.1178 172.77 140.144 19.807 1822.82 162.024 112.688 49.3364 1660.79 1556.62 104.174
internal_count=42589 6813 4367 1308 3059 2446 329 35776 2851 2030 821 32925 31332 1593
is_linear=0
shrinkage=0.03


Tree=176
num_leaves=15
num_cat=0
split_feature=0 17 0 20 8 19 8 12 18 13 0 19 3 7
split_gain=1.38359 2.23276 2.94768 2.78787 2.61877 2.30104 1.59876 1.7094 3.26662 3.03742 1.63827 1.44648 1.43066 1.03347
threshold=1.1054424974626251 0.021521612485397971 1.4813481095477217 0.0041797932940986779 1.7784619453266119 0.0047247732072339798 3.5908320708325467 -0.69938600142178642 -0.079961185203363747 0.06394557823129253 -0.9821340183805144 0.0067520946897167448 0.43428571428571433 0.10657596371882087
decision_type=2 2 2 2 2 2 2 2 2 2 2 2 2 2
left_child=6 2 11 -4 12 -6 7 8 -1 -9 13 -2 -3 -8
right_child=1 4 3 -5 5 -7 10 9 -10 -11 -12 -13 -14 -15
leaf_value=-0.019212868379476913 -0.0015973434868308087 0.0066491356455873011 -0.0037461059440805932 0.0052624618256087476 0.00037498023117105785 -0.021558133243774986 -0.0080121002038862042 0.01194395890923294 -0.0011062787968793449 0.00054232943216509931 -0.019390072044751239 -0.010761408331933252 -0.0050009623986731226 0.008570380227376077
leaf_weight=7.4146219659596673 49.500409765169024 8.9490043204277736 42.801720194518566 90.665959617123008 4.0750844664871719 13.355849739164112 5.410673897713421 19.485755717381835 307.97208233829588 1580.1764980014414 5.5185728743672362 25.30026129912585 47.921741707250476 4.1865112856030464
leaf_count=227 1007 156 725 1307 38 126 37 218 5635 31416 50 551 1066 30
internal_value=-6.91308e-05 -0.00202711 -0.000338777 0.00225012 -0.00643001 -0.0161477 0.000211549 0.000300404 -0.00169761 0.000705321 -0.00888888 -0.00509179 -0.00274933 0
internal_weight=2212.73 282.57 208.268 133.468 74.3017 17.4309 1930.16 1915.05 315.387 1599.66 15.1158 74.8007 56.8707 9.59719
internal_count=42589 4976 3590 2032 1386 164 37613 37496 5862 31634 117 1558 1222 67
is_linear=0
shrinkage=0.03


Tree=177
num_leaves=14
num_cat=0
split_feature=10 8 17 17 21 21 21 8 21 10 13 10 8
split_gain=1.33374 3.10803 3.1526 2.9161 2.82075 2.01395 2.70102 1.82665 2.21968 1.59114 2.44777 1.77655 1.01983
threshold=0.97923780597091559 1.1547693308179692 -0.0040541805758071417 0.017026284459511046 0.0096320831297498823 0.0093111021758053632 0.012832347588707228 3.5908320708325467 0.0098764145225717342 -1.4165278526508389 0.64222222222222236 -1.2635742016018308 -0.40526036655541037
decision_type=2 2 2 2 2 2 2 2 2 2 2 2 2
left_child=7 5 4 -4 -3 12 -7 9 -9 10 -1 -11 -2
right_child=1 2 3 -5 -6 6 -8 8 -10 11 -12 -13 -14
leaf_value=-0.001393901491558783 0.0072840565209783773 0.0064503638980877064 0.013256742832297969 0.0020644830841949863 -0.0085255698131119339 -0.0061921693126676027 0.0030168391319294009 0 -0.021526937180314745 -0.0056355908791621296 0.006439933687527097 -0.00035715213867052375 0.00041211440770198105
leaf_weight=62.156276954337955 27.490907114930451 18.60562139749527 48.402772359549999 43.599938433617353 22.239782916381955 83.111452677287161 39.249390840530396 6.6157929822802526 6.1146340575069189 58.108018663711846 73.949892420321703 1649.4185519078746 73.805954348295927
leaf_count=1121 714 166 385 377 199 1976 916 53 55 1026 905 33272 1424
internal_value=-5.77726e-05 0.00160958 0.00521752 0.00826909 -0.00137107 -0.000494233 -0.00311659 -0.00038744 -0.010939 -0.000294678 0.00278543 -0.000551938 0.00252722
internal_weight=2212.87 356.506 132.848 92.0027 40.8454 223.658 122.361 1856.36 12.7304 1843.63 136.106 1707.53 101.297
internal_count=42589 6157 1127 762 365 5030 2892 36432 108 36324 2026 34298 2138
is_linear=0
shrinkage=0.03


Tree=178
num_leaves=12
num_cat=0
split_feature=12 17 23 12 0 17 9 12 5 18 2
split_gain=1.32997 1.7262 1.80709 1.88643 1.35798 2.15903 3.60423 1.5213 1.38099 1.84866 1.61222
threshold=-1.0726751645858001 -0.016319447040454346 0.075776519017465752 -1.1461162006837147 1.1054424974626251 0.039765647226320595 0.95959183673469395 -0.84844180280594217 0.69693877551020422 0.0034765221059378519 1.857247610740794
decision_type=2 2 2 2 2 2 2 2 2 2 2
left_child=1 -1 3 -3 8 7 -7 -6 10 -10 -2
right_child=4 2 -4 -5 5 6 -8 -9 9 -11 -12
leaf_value=0.0066485662579883762 -6.6761454102241968e-05 -0.0019482621087393486 0.0024113762291497805 -0.024415082532848058 0.0096133953472977655 -0.0019740428784485631 -0.026225215452644578 -0.0014851527307616068 -0.0012041716410645328 0.0027308569781622234 -0.011435254245124676
leaf_weight=4.32171203196049 1376.2371015446261 8.2561788093298691 4.9393102526664725 7.5978874182328573 9.4029778586700541 21.089045627973977 6.5869096256792536 242.76070701517165 142.10516699682921 379.78293519187719 9.3585665319114906
leaf_count=51 27207 128 45 123 112 460 70 4318 2878 7082 115
internal_value=-5.33062e-05 -0.0066587 -0.0104233 -0.0150842 2.16999e-05 -0.00191477 -0.00962976 -0.000939889 0.000315355 0.00163025 -0.000170728
internal_weight=2212.44 25.1151 20.7934 15.8541 2187.32 279.84 27.676 252.164 1907.48 521.888 1385.6
internal_count=42589 347 296 251 42242 4960 530 4430 37282 9960 27322
is_linear=0
shrinkage=0.03


Tree=179
num_leaves=15
num_cat=0
split_feature=12 6 5 19 5 10 15 8 0 19 19 8 5 18
split_gain=1.20214 2.92815 2.13853 1.97912 1.88763 2.37015 1.54491 1.52523 1.222 2.35499 2.64459 2.34561 1.66561 1.69518
threshold=-0.90281790784985294 -0.093953754238006712 0.29500000000000004 0.0092575680133186716 0.7055555555555556 0.11910857359658439 0.30952380952380959 0.010400991412950641 1.1054424974626251 0.0049451493364457109 0.004808297053764809 1.8274232994140618 0.69693877551020422 -0.079961185203363747
decision_type=2 2 2 2 2 2 2 2 2 2 2 2 2 2
left_child=1 2 7 -4 6 -6 -3 -1 12 10 -10 -11 -2 -14
right_child=8 4 3 -5 5 -7 -8 -9 9 11 -12 -13 13 -15
leaf_value=0.0071921116410326195 -0.00017838602497871484 0.01660082800486978 -0.016480816692590002 0.0054537482441980164 -0.016269294232882377 0.0048143821705109134 0.001249476739763325 -0.0096512699909031188 -4.4314356320003765e-05 -0.0017509620229549533 0.013711090322271231 -0.010106533752836344 -0.0068116665629705236 0.0021808356937590588
leaf_weight=9.1672616787254793 1337.0940056703985 6.4248783625662318 24.541828328743581 2.2017648853361598 8.3643590593710524 6.1004253663122645 30.462496589869261 6.5355865564197293 91.375238619744778 127.48207401297987 12.216301437467335 41.128222720697522 16.969067639671266 492.64517134800553
leaf_count=122 26605 48 402 26 131 79 452 89 1642 2687 185 367 418 9336
internal_value=-5.73161e-05 -0.00334848 -0.00903511 -0.0138993 0.00123329 -0.00696166 0.00502531 0 8.43229e-05 -0.00177538 0.00166475 -0.0039716 0.000368178 0.00182663
internal_weight=2212.71 93.7986 42.4464 26.7436 51.3522 14.4648 36.8874 15.7028 2118.91 272.202 103.592 168.61 1846.71 509.614
internal_count=42589 1349 639 428 710 210 500 211 41240 4881 1827 3054 36359 9754
is_linear=0
shrinkage=0.03


Tree=180
num_leaves=15
num_cat=0
split_feature=8 11 5 21 8 3 7 7 0 5 21 8 5 5
split_gain=2.03837 3.3279 3.88674 3.46697 3.21484 2.40628 1.95334 1.1293 3.30435 1.8945 1.32244 1.09117 1.02446 1.00455
threshold=1.6817182469252738 0.85857142857142865 0.38387755102040821 0.010210582478021877 1.8274232994140618 0.14920634920634923 0.75532879818594112 0.80816326530612259 1.8974834640920888 0.44222222222222224 0.013248749078097756 1.0450318154264744 0.42111111111111116 0.95959183673469395
decision_type=2 2 2 2 2 2 2 2 2 2 2 2 2 2
left_child=7 2 3 -2 -3 -6 -4 8 9 -1 12 -12 -9 -10
right_child=1 4 6 -5 5 -7 -8 10 13 -11 11 -13 -14 -15
leaf_value=-0.0013351454995882389 0.0095056890348221429 0.019410216292385714 -0.0065324955836301201 -0.0004521383844129716 -0.0021635354312584038 0.0080356009283763501 0.00062929904402725932 0.0018806128361577991 0.013801429113323299 0.00077002295156019097 -0.00029837118740932836 0.0086146172580811396 -0.0035962072706981919 -7.7213164618940638e-05
leaf_weight=762.70819417387247 54.93327615968883 14.027919650077818 73.052361145615578 63.979479644447565 30.565346444025636 49.609888879582286 56.087589077651501 30.144166372716427 17.834964370355014 764.89592275954783 38.831361300311983 14.331205904483793 240.04189415369183 3.3852593544870606
leaf_count=16278 465 107 632 535 238 394 509 746 231 15384 1096 131 5741 56
internal_value=-4.31384e-05 0.00207113 0.000170498 0.00410509 0.00681231 0.00400681 -0.00334547 -0.000439454 -9.16507e-05 -0.000271619 -0.0020485 0.00205763 -0.00292073 0.0111254
internal_weight=2214.43 342.256 248.053 118.913 94.2032 80.1752 129.14 1872.17 1548.82 1527.6 323.349 53.1626 270.186 21.2202
internal_count=42543 2880 2141 1000 739 632 1141 39663 31949 31662 7714 1227 6487 287
is_linear=0
shrinkage=0.03


Tree=181
num_leaves=14
num_cat=0
split_feature=9 23 23 8 0 0 6 4 18 18 0 0 12
split_gain=1.66765 2.12434 1.82959 1.35322 1.40307 1.10053 2.37831 2.20929 0.797511 0.693233 0.498599 0.389093 0.300018
threshold=0.76775510204081643 -0.1021210935001564 -0.1021210935001564 -2.0193759572128891 -1.3522979463385456 0.26641897963383881 0.25739424262705796 -0.91040624676453219 -0.066173539488862218 -0.076885382827998214 -0.02464582785827717 0.29491191297993397 0.16833006712413015
decision_type=2 2 2 2 2 2 2 2 2 2 2 2 2
left_child=2 8 9 11 -5 6 -3 -7 -2 -1 -10 -4 -11
right_child=1 5 3 4 -6 7 -8 -9 10 12 -12 -13 -14
leaf_value=0.00033065484140083523 0 0.00068372410097145909 0.014042490892240545 0.0034890074273826368 -0.00095204871010364693 0.0094681839392928274 -0.0048861205166664265 0.0011888053732032255 0.019478149274258651 -0.015278665654900925 0 0 0
leaf_weight=1.5464808307588089 3.4320076499134293 469.69497638754547 5.1679558288305989 64.395943050272763 1223.8068881845102 31.184133484959602 78.664528774097562 311.10237112268806 6.9390197843313208 9.9604663578793389 2.7585217617452136 1.9432069249451158 2.0959238875657311
leaf_count=49 37 5334 102 1293 30393 309 922 3597 67 291 34 61 54
internal_value=-6.809e-05 0.000914418 -0.00075829 -0.000622013 -0.000713354 0.000705525 -0.000102892 0.00203729 0.0121268 -0.0110307 0.0158608 0.0108028 -0.0133948
internal_weight=2212.69 903.776 1308.92 1295.31 1288.2 890.646 548.36 342.287 13.1295 13.6029 9.69754 7.11116 12.0564
internal_count=42543 10300 32243 31849 31686 10162 6256 3906 138 394 101 163 345
is_linear=0
shrinkage=0.03


Tree=182
num_leaves=15
num_cat=0
split_feature=9 21 19 0 24 23 21 13 12 8 19 18 0 15
split_gain=1.52699 2.0007 3.38118 2.76029 2.63157 1.67437 1.62471 4.19373 1.57341 1.44938 1.36613 0.658381 0.410223 0.349804
threshold=0.76775510204081643 0.016308061603482981 0.0050887551174993778 0.2480765958284914 1.0000000180025095e-35 -0.1021210935001564 0.0062848400971310453 0.41408163265306125 -0.60676718832207632 -2.0193759572128891 0.0013811796875129181 -0.076885382827998214 0.29491191297993397 0.46428571428571436
decision_type=2 2 2 2 2 2 2 2 2 2 2 2 2 2
left_child=5 6 3 -3 -4 11 7 -2 -8 12 -11 -1 -7 -13
right_child=1 2 4 -5 -6 9 8 -9 -10 10 -12 13 -14 -15
leaf_value=0.00032659000336159093 -0.012100485961346462 0.0030536259461349893 0.0050910522935804555 0.021576038076940262 -0.0094985548033404733 0.014271770000590236 0.0037064098502723238 0.01035900352775207 -0.00039605994805399293 -0.013422225748131383 -0.00059752906308230974 0 0 -0.014663272896103837
leaf_weight=1.5466652195900668 6.9960605315864077 18.288970325142145 29.885138731449842 14.526612251996992 15.090895248576997 5.4563370067626229 93.582680372521281 35.841097275726497 689.41492133401334 5.6504842247813931 1280.5278288023546 1.6236020680516947 1.9485967820510266 10.291061123833058
leaf_count=49 108 191 317 128 188 102 999 441 7928 132 31554 42 61 303
internal_value=-5.95597e-05 0.000880153 0.0054332 0.0124523 0 -0.000721042 0.000421058 0.00598029 8.33465e-05 -0.000590512 -0.000686267 -0.0105954 0.0110556 -0.0129344
internal_weight=2210.67 903.626 77.7916 32.8156 44.976 1307.04 825.835 42.8372 782.998 1293.58 1286.18 13.4613 7.40493 11.9147
internal_count=42543 10300 824 319 505 32243 9476 549 8927 31849 31686 394 163 345
is_linear=0
shrinkage=0.03


Tree=183
num_leaves=15
num_cat=0
split_feature=9 21 18 2 5 21 13 2 23 9 16 14 18 15
split_gain=1.4447 1.90194 3.21994 2.96406 1.86504 1.59505 3.96156 1.98933 1.59235 1.28813 1.24731 1.23959 0.643969 0.3178
threshold=0.76775510204081643 0.016308061603482981 -0.066173539488862218 -0.57720003186148694 0.81816326530612249 0.0062848400971310453 0.41408163265306125 -1.5854126860926687 -0.1021210935001564 0.72666666666666668 0.43428571428571433 0.53571428571428581 -0.076885382827998214 0.46428571428571436
decision_type=2 2 2 2 2 2 2 2 2 2 2 2 2 2
left_child=8 5 3 -3 -4 6 -2 -7 12 11 -11 -10 -1 -14
right_child=1 2 4 -5 -6 7 -8 -9 9 10 -12 -13 13 -15
leaf_value=0.00034989093858607529 -0.01177441000947403 -0.013964475383801961 0.011752912073193384 0.00561614836218308 -0.0014014805506963319 0.0037472468345859339 0.010124275492291683 -0.0005273939059936703 -0.0018933361778341209 0.00045971946977836018 -0.007086880514688098 0.00024790586021588814 0 -0.014389406270308384
leaf_weight=1.545814650133251 6.8945494163781396 10.900127394124867 45.048436585813761 12.134752917103468 9.2596604134887439 112.5059213526547 36.079380685463548 670.41479173582047 328.9157249936834 25.91715716663748 49.278583413921297 888.16498842742294 1.6280903015285719 10.14333831425756
leaf_count=49 108 131 470 126 97 1015 441 7912 8739 532 1135 21443 42 303
internal_value=-5.59508e-05 0.000857971 0.00531131 -0.00342565 0.00927355 0.000410985 0.00591005 7.57459e-05 -0.000700038 -0.000572852 -0.00434702 -0.000320617 -0.0103763 -0.0127204
internal_weight=2208.83 903.238 77.343 23.0349 54.3081 825.895 42.9739 782.921 1305.59 1292.28 75.1957 1217.08 13.3172 11.7714
internal_count=42543 10300 824 257 567 9476 549 8927 32243 31849 1667 30182 394 345
is_linear=0
shrinkage=0.03


Tree=184
num_leaves=15
num_cat=0
split_feature=10 8 6 13 3 12 19 13 6 19 3 20 18 20
split_gain=1.63383 3.95209 3.53743 2.59878 2.50411 2.1051 1.50916 1.38915 1.2629 2.17076 2.53115 1.8708 1.40694 0.987422
threshold=0.78631390279498869 1.1547693308179692 -0.35475981969627041 0.83836734693877568 0.96888888888888902 -0.48556050058680328 0.0072988205354130925 0.042630385487528351 -1.792748861728805 0.010970833561143508 0.21204081632653063 0.051750191426950705 0.012371539841731451 -0.032086812317903439
decision_type=2 2 2 2 2 2 2 2 2 2 2 2 2 2
left_child=8 4 3 -3 7 -4 -6 -2 11 13 -11 12 -1 -10
right_child=1 2 5 -5 6 -7 -8 -9 9 10 -12 -13 -14 -15
leaf_value=0.011553512541685062 0.0071428750439726145 -0.011111563738724278 0.015927870948682463 0.0042189073280899303 -0.017203747825952107 0.0053983161215621503 0.001196799522505145 -0.00049758478793126648 0.0015627770891757237 0.0056094192515083437 -0.015475152629236183 -0.012621683252032537 0.0011862660705346164 -0.00075424383675864212
leaf_weight=19.681511206552386 21.353055147454143 16.154121641069651 23.055300489068031 18.638774186372757 10.433136032894252 101.44045169092715 3.4535081079229704 246.94150444213301 180.54225537087768 4.7401335248723653 15.880582893267272 3.3707353714853516 35.487372323870659 1506.1065892344341
leaf_count=300 274 166 170 168 225 880 65 5897 3687 91 435 67 557 29561
internal_value=-5.68153e-05 0.00156359 0.00531863 -0.00270834 -0.000525831 0.00768786 -0.0121089 0.000103363 -0.000471727 -0.000629569 -0.00989785 0.00375258 0.00542196 -0.000495785
internal_weight=2207.28 441.47 159.289 34.7929 282.181 124.496 13.8866 268.295 1765.81 1707.27 20.6207 58.5396 55.1689 1686.65
internal_count=42543 7845 1384 334 6461 1050 290 6171 34698 33774 526 924 857 33248
is_linear=0
shrinkage=0.03


Tree=185
num_leaves=15
num_cat=0
split_feature=12 2 18 20 10 10 7 2 12 2 4 5 20 4
split_gain=1.73891 2.53565 3.71235 3.83368 2.64798 2.25839 2.20155 3.36043 2.52879 2.30289 2.27518 1.78718 1.77601 1.57454
threshold=0.042901582256343683 0.350477759267666 0.074323886498635097 0.038500453658885443 -0.85936644887886926 3.7073306290290233 0.85857142857142865 1.2599702592177027 -0.5167156225428301 0.83964634221083645 0.89727959147527114 0.34846938775510211 0.045805618025802082 0.096464506861916405
decision_type=2 2 2 2 2 2 2 2 2 2 2 2 2 2
left_child=6 5 3 -3 -4 11 7 9 12 -1 -9 -2 -8 -10
right_child=1 2 4 -5 -6 -7 8 10 13 -11 -12 -13 -14 -15
leaf_value=-0.00027306163161973737 0.00095589899928314815 0.0024044293754970814 -0.025840401464096566 -0.0047300599948279986 -0.0039529733249498988 -0.01708473135980268 -0.0013130896729979581 -0.00070500088054510938 0.0010341771669485878 -0.0057569035753643055 0.0086787640869285219 0.0046955999698398655 0.012504067005774165 -0.0087587188734798132
leaf_weight=1082.1006624577567 260.36920072510839 208.9554404662922 6.4133775234222439 97.763648276217282 20.215306517668068 3.0661112442612639 44.346245381049812 32.498133365064859 14.427283703349529 72.348819807171822 59.405786096118391 225.63561573810875 7.9962120819836846 77.266548769548535
leaf_count=23073 3807 3102 101 1494 378 42 1286 457 396 1631 853 3839 186 2005
internal_value=3.37097e-05 0.00113201 -0.000849513 6.58832e-05 -0.0111853 0.00251111 -0.000605856 -0.000184595 -0.00409589 -0.000639064 0.00525649 0.00273498 0.000904201 -0.00706861
internal_weight=2212.81 822.419 333.348 306.719 26.6287 489.071 1390.39 1246.35 144.036 1154.45 91.9039 486.005 52.3425 91.6938
internal_count=42650 12763 5075 4596 479 7688 29887 26014 3873 24704 1310 7646 1472 2401
is_linear=0
shrinkage=0.03


Tree=186
num_leaves=14
num_cat=0
split_feature=9 4 21 21 14 7 2 21 8 0 21 21 8
split_gain=1.7871 2.25638 2.12435 4.62668 2.06359 1.2875 1.65893 2.66004 1.62391 1.13823 0.709199 0.437479 0.367652
threshold=0.76775510204081643 -2.3931307091709622 0.011604734873718372 0.0095998596547918497 0.61904761904761918 0.020204081632653064 -1.057526753397277 0.011604734873718372 -0.10546852899837654 -0.9821340183805144 0.012188156024455544 0.010266574249313501 -0.22673919410288018
decision_type=2 2 2 2 2 2 2 2 2 2 2 2 2
left_child=5 11 3 -3 -4 9 8 -8 -7 12 -11 -2 -1
right_child=1 2 4 -5 -6 6 7 -9 -10 10 -12 -13 -14
leaf_value=0 0.00021289986736814571 0.0017708502337989522 0.0056047683163771454 -0.0036946839531398217 0.00032528182379364091 -0.0074195939885771606 0.00047861607151521304 -0.0026705721471783224 -0.00019076407718209685 -0.0045290214846947759 0.008757382855546102 0.016953303564460079 0.015310312689729435
leaf_weight=1.8695792984217403 3.9349339175969344 403.99631318915635 139.58835864439607 210.06488463841379 138.51702816970646 62.190239852294326 830.52047093119472 335.51201384235173 57.603470253758132 8.8889599367976171 3.4102918375283471 7.7431790791451931 7.6890407931059617
leaf_count=40 46 4736 1482 2407 1560 1671 20227 8781 1237 203 66 61 133
internal_value=5.80331e-05 0.00108867 0.000883195 -8.04369e-05 0.00304984 -0.000643444 -0.000780795 -0.000417705 -0.00412694 0.00619586 0 0.0132652 0.0129562
internal_weight=2211.53 903.845 892.167 614.061 278.105 1307.68 1285.83 1166.03 119.794 21.8579 12.2993 11.6781 9.55862
internal_count=42650 10292 10185 7143 3042 32358 31916 29008 2908 442 269 107 173
is_linear=0
shrinkage=0.03


Tree=187
num_leaves=14
num_cat=0
split_feature=9 19 19 13 21 19 7 3 19 19 21 20 20
split_gain=1.67477 3.4494 2.63462 3.38615 3.17292 2.48974 4.49553 3.53002 1.50625 2.03394 1.62138 1.19019 0.254622
threshold=0.76775510204081643 0.0050887551174993778 0.0070278709839730934 0.9900000000000001 0.011428199121863295 0.0036725917437371402 0.085260770975056702 0.021315192743764175 0.0013811796875129181 0.0026927872455214503 0.012273354026700383 0.0047510006745885578 0.05814059214918766
decision_type=2 2 2 2 2 2 2 2 2 2 2 2 2
left_child=8 5 4 -4 -3 6 -2 -7 12 11 -11 -10 -1
right_child=1 2 3 -5 -6 7 -8 -9 9 10 -12 -13 -14
leaf_value=-0.016641726444793111 0.010823142374246617 -0.004807439893931351 0.0026671185323146412 -0.0095225961736593971 0.0021175948367945789 -0.0084680198709542673 -0.0017895666667393211 0.0064848725206860967 -0.0030175435925996093 -0.00029264937609432964 -0.0030553926966906866 0.0053443429639331436 0
leaf_weight=4.2147720772773019 28.96289836615324 183.06171736400574 242.4234640179202 20.038049038499594 82.894867043942213 12.768043097108601 137.84916688222438 196.21900583617389 15.262897125445305 967.89025848824531 241.64907330460846 75.177177151665092 1.3524285797029731
leaf_count=106 306 2197 2803 200 894 111 1584 2197 358 23828 6536 1504 26
internal_value=6.47423e-05 0.00106196 -0.000476706 0.00161478 -0.00259333 0.00325627 0.000413753 0.00542862 -0.00061502 -0.000524518 -0.000861121 0.00373615 -0.0140416
internal_weight=2209.76 904.217 528.418 262.462 265.957 375.799 166.812 208.987 1305.55 1299.98 1209.54 90.4401 5.5672
internal_count=42650 10292 6094 3003 3091 4198 1890 2308 32358 32226 30364 1862 132
is_linear=0
shrinkage=0.03


Tree=188
num_leaves=14
num_cat=0
split_feature=9 19 6 19 19 0 6 19 19 0 4 6 6
split_gain=1.63755 3.50852 2.94456 2.65458 2.46219 4.46503 2.73832 1.5039 1.95773 1.41728 1.39716 1.11631 0.616226
threshold=0.76775510204081643 0.0050887551174993778 3.1173608010190059 0.0071638962918784792 0.0036725917437371402 -0.098278430385958848 -0.17192981807205854 0.0013811796875129181 0.0026927872455214503 1.1054424974626251 0.32770971983247887 0.26305101266193032 -0.18579926447120262
decision_type=2 2 2 2 2 2 2 2 2 2 2 2 2
left_child=7 4 3 -3 6 -6 -2 12 11 -10 -4 -9 -1
right_child=1 2 10 -5 5 -7 -8 8 9 -11 -12 -13 -14
leaf_value=0 0.0051762431596147221 -0.0021369196849024791 0 0.0021443128792510537 0.00072326976017404677 0.0096475610518162048 -0.0025725733910716237 0.001592483118945709 -0.00052276474881422558 -0.0042918939904010205 -0.023240760628219 0.009976660862286553 -0.01856266154972034
leaf_weight=1.6150326151400802 65.870509471744299 284.75428283959627 2.0496415039524427 235.99161474965513 101.6096047796309 107.35018547438085 100.38526746630669 72.164378258399665 1110.3039731476456 97.892827338539064 5.4517985051497817 18.657713044434786 3.9262700341641894
leaf_count=32 730 3266 37 2694 1163 1145 1160 1430 27457 2907 97 432 100
internal_value=6.62015e-05 0.00105274 -0.000499014 -0.000167275 0.00326821 0.0054271 0.000433392 -0.000606105 -0.000515751 -0.000847137 -0.0170667 0.00365431 -0.0140441
internal_weight=2208.02 903.463 528.247 520.746 375.216 208.96 166.256 1304.56 1299.02 1208.2 7.50144 90.8221 5.5413
internal_count=42650 10292 6094 5960 4198 2308 1890 32358 32226 30364 134 1862 132
is_linear=0
shrinkage=0.03


Tree=189
num_leaves=15
num_cat=0
split_feature=2 19 20 20 12 12 0 10 16 12 20 2 20 19
split_gain=1.52907 2.95603 3.73503 3.47996 3.35859 2.55518 2.25884 2.25042 1.89688 1.83344 2.06571 1.73027 1.31888 0.927346
threshold=0.66995719315078162 0.0038047855041301302 0.0041797932940986779 0.0699147590214131 -0.21978502724311624 0.021683666511191243 0.73722733444795407 3.7073306290290233 0.53197278911564638 -0.11969630732060725 0.018578075210982318 1.182044111695191 -0.0030456568105847732 0.0076977191262629684
decision_type=2 2 2 2 2 2 2 2 2 2 2 2 2 2
left_child=5 2 6 11 -4 9 -2 8 -7 10 -1 -3 -11 -5
right_child=1 3 4 13 -6 7 -8 -9 -10 12 -12 -13 -14 -15
leaf_value=-0.0013611427033008775 0.00083367712870575082 -0.0041708554068016386 0.014353322460408144 -0.016449485153276502 0.00081176632815973496 0.014397482068163082 -0.01279497701862899 -0.01739206140784717 0.0020328459353306572 0.00025481231612971305 0.0013359055309793736 -8.6445626508397302e-05 -0.0076675529882559894 -0.00057918281933898709
leaf_weight=502.43423664290458 27.776848177425563 156.90597681794316 30.508903289213777 17.887401598505679 39.140977365896106 9.9352801349014026 14.172320283018051 3.1146000809967509 563.34240876417607 24.473574987612665 516.06996160466224 245.43924035318196 48.220013580285013 6.5967160994186989
leaf_count=11271 553 3571 485 346 565 137 347 44 9091 539 10869 3557 1152 123
internal_value=5.92985e-05 -0.00132001 0.00293055 -0.00247483 0.00718784 0.00051468 -0.00380212 0.00213028 0.00232252 -0.000327327 0 -0.00172913 -0.00486412 -0.0131066
internal_weight=2206.02 538.428 111.599 426.829 69.6499 1667.59 41.9492 576.392 573.278 1091.2 1018.5 402.345 72.6936 24.4841
internal_count=42650 9547 1950 7597 1050 33103 900 9272 9228 23831 22140 7128 1691 469
is_linear=0
shrinkage=0.03


Tree=190
num_leaves=15
num_cat=0
split_feature=6 6 12 6 6 15 15 21 17 19 11 12 17 13
split_gain=1.36613 2.25753 1.31106 1.11002 1.45855 2.09628 1.85971 1.07647 1.04337 2.08326 1.23909 0.845422 0.658145 0.435696
threshold=0.27525242351686385 0.31422477503726515 -0.53937388265310993 -5.4584237355610083 -1.792748861728805 0.92857142857142871 0.79166666666666685 0.015612555640769183 -0.040745126383076195 0.011291169022565262 0.95959183673469395 -0.64546220598384274 0.0024706588826720615 0.77664399092970526
decision_type=2 2 2 2 2 2 2 2 2 2 2 2 2 2
left_child=3 2 11 12 5 -5 -6 -4 9 -3 -10 -2 -1 -14
right_child=1 8 7 4 6 -7 -8 -9 10 -11 -12 -13 13 -15
leaf_value=-0.016265650110397791 -0.0040880112444221491 -0.009869908120311726 -0.0097344180220323723 0 0.0014065486121638882 0.010868239979728066 -0.00057608975822764084 0.0027507392036507402 0.00089776242862787633 0.011676748526784924 -0.0051921285159120889 0.0048160962740683077 0.0060750450891473556 -0.0064425077867975187
leaf_weight=3.5042190719395858 24.436571666039526 20.381480066105727 49.477699967101216 38.312744555994868 860.38400490675122 28.030277441255748 826.69734531641006 4.1632716730236998 294.05460298899561 2.5829254603013387 31.211635961197317 12.385068383067845 2.3224563840776682 3.6040387507528067
leaf_count=73 538 500 1120 567 15488 409 16239 76 6422 49 625 277 49 56
internal_value=0.000163868 -0.00132062 -0.00549352 0.000542865 0.000610936 0.00492913 0.000426611 -0.00843177 -0.00016858 -0.00610427 0.0002394 -0.000612883 -0.00869365 0
internal_weight=2201.55 438.693 90.4626 1762.86 1753.42 66.343 1687.08 53.641 348.231 22.9644 325.266 36.8216 9.43071 5.9265
internal_count=42488 9607 2011 32881 32703 976 31727 1196 7596 549 7047 815 178 105
is_linear=0
shrinkage=0.03


Tree=191
num_leaves=11
num_cat=0
split_feature=8 8 7 6 8 7 10 13 2 7
split_gain=1.77634 1.30279 4.07017 4.45849 2.93817 1.54112 1.4121 0.795483 0.583428 5.55467e-07
threshold=-2.0193759572128891 1.0450318154264744 0.25244897959183682 0.2250080394970474 1.5526000607006554 0.97979591836734703 -0.72431361559192875 0.51065759637188213 -0.17977094262509227 0.73734693877551039
decision_type=2 2 2 2 2 2 2 2 2 2
left_child=8 5 4 -4 -3 6 -2 -7 -1 -10
right_child=1 2 3 -5 -6 7 -8 -9 9 -11
leaf_value=0.017943975065615098 0.0012628552639849916 -0.0071034084204464904 0.0057091456966018219 -0.00067111510661412705 0.00032765598005566606 0 -0.00075340899891742524 -0.0087614562022990776 1.1864200761324213e-05 0
leaf_weight=4.7061382569372654 428.66397432237864 67.597389232367277 234.87348219566047 161.58954938873649 141.98132410645485 11.897222981788216 1120.3325088443235 27.202259674202651 1.5515982769429677 1.1007998548448084
leaf_count=77 8158 897 2090 1556 1296 434 26994 907 37 42
internal_value=0.000159701 9.70949e-05 0.00128339 0.00308073 -0.00204275 -0.000347225 -0.000184855 -0.00609284 0.0132144 0
internal_weight=2201.5 2194.14 606.042 396.463 209.579 1588.1 1549 39.0995 7.35854 2.6524
internal_count=42488 42332 5839 3646 2193 36493 35152 1341 156 79
is_linear=0
shrinkage=0.03


Tree=192
num_leaves=11
num_cat=0
split_feature=8 8 7 17 17 6 3 19 0 0
split_gain=1.81112 1.25796 3.4276 4.76455 2.54069 1.4753 4.31354 3.32752 0.630618 9.61473e-08
threshold=-2.0193759572128891 1.0450318154264744 0.25244897959183682 -0.013614840389358727 -0.019913916260192229 -0.21847060669007309 0.94777777777777794 0.0019613689165347671 0.1362408343130104 0.82324848669583683
decision_type=2 2 2 2 2 2 2 2 2 2
left_child=8 5 4 -4 -3 6 -2 -7 -1 -10
right_child=1 2 3 -5 -6 7 -8 -9 9 -11
leaf_value=0.017479805740856745 0.00049484415705394053 0.0047129658819418151 -0.0035002792600834793 0.0045781958639455325 -0.0034513218795270083 -0.012072441987832328 0.017045780003341764 -0.00068431605101928301 -5.1925043855374102e-06 0
leaf_weight=5.321886619552969 478.38656969647855 39.842786364257336 79.002965221181512 317.53809049725533 168.2401516251266 21.839247915893793 12.727443832904099 1074.1809808863327 1.2094146963208916 1.0193432765081523
leaf_count=89 10378 384 768 2878 1809 481 154 25480 32 35
internal_value=0.00017254 0.000108734 0.00127596 0.00292159 -0.00178668 -0.00032753 0.00102158 -0.000946472 0.0132218 0
internal_weight=2199.31 2191.76 604.624 396.541 208.083 1587.13 491.114 1096.02 7.55064 2.22876
internal_count=42488 42332 5839 3646 2193 36493 10532 25961 156 67
is_linear=0
shrinkage=0.03


Tree=193
num_leaves=15
num_cat=0
split_feature=9 17 1 17 17 2 13 20 23 23 20 23 4 3
split_gain=1.14586 3.14885 2.6426 2.31132 3.27567 1.93738 1.44992 1.43987 1.13956 1.20463 1.52552 1.32437 0.560132 0.402632
threshold=0.76775510204081643 0.058890626892361471 0.22724489795918371 0.0065176981779482288 0.0053817945547017807 0.62898765094637776 0.77664399092970526 0.025245557329434457 -0.1021210935001564 -0.034672479766112145 0.012055423356726826 -0.040271762172178698 1.3421263731065018 0.41408163265306125
decision_type=2 2 2 2 2 2 2 2 2 2 2 2 2 2
left_child=8 3 6 4 -2 -5 -3 -4 12 11 -11 -10 13 -1
right_child=1 2 7 5 -6 -7 -8 -9 9 10 -12 -13 -14 -15
leaf_value=0 0.00021653771190459559 0.0094375245909160306 -0.026163879124022116 0.0041300876585729776 -0.013285667557957959 0 -0.0099118300787666511 -0.0015213689874587081 0.00045585573719110608 -0.002358368255935149 5.2867939441365351e-05 0.0064749189557345901 0.0011984645859645954 -0.014478844883705854
leaf_weight=4.2518655247986299 392.43710819538683 6.2764281220734137 6.603828137740491 308.73474341351539 14.806534331291912 155.36889614723623 3.805342398583889 5.0427370928227901 161.38492975477129 334.52428269665688 753.05030734837055 41.802326280623674 1.370508201420306 7.4455508012324572
leaf_count=114 4516 60 92 3576 202 1689 40 63 4377 8662 17792 1030 43 232
internal_value=0.000179169 0.00101045 -0.00970387 0.00131641 -0.00030025 0.00276239 0.000460812 -0.01838 -0.000379417 -0.000271228 -0.000677999 0.00181832 -0.00861568 -0.0108677
internal_weight=2196.91 893.076 21.7283 871.347 407.244 464.104 10.0818 11.6466 1303.83 1290.76 1087.57 203.187 13.0679 11.6974
internal_count=42488 10238 255 9983 4718 5265 100 155 32250 31861 26454 5407 389 346
is_linear=0
shrinkage=0.03


Tree=194
num_leaves=11
num_cat=0
split_feature=8 15 7 18 14 12 18 13 1 23
split_gain=1.86931 1.05222 3.24071 1.94624 1.68593 0.990406 1.68591 0.869708 0.636429 6.02076e-06
threshold=-2.0193759572128891 0.15476190476190479 0.21204081632653063 0.024657156792030181 0.2678571428571429 -0.96217038641072972 0.047206411735688521 0.06394557823129253 0.59591836734693893 -0.00098991854973090577
decision_type=2 2 2 2 2 2 2 2 2 2
left_child=8 2 3 -2 -4 6 -3 -7 -1 -10
right_child=1 5 4 -5 -6 7 -8 -9 9 -11
leaf_value=0.017544827407190319 -0.01329240065315123 -0.0073756131102204053 0 0.0019299661907689557 0.01074796531598614 0.0025087929338159926 0.0030033301152185593 -6.2224014570973069e-05 -4.1921804242737017e-05 0
leaf_weight=5.458788624033331 11.420037077739837 38.72817193903029 17.459457937628031 13.176610952243207 38.948962327092886 123.69405495468527 17.699462147429585 1926.2557931104675 1.0832859426736834 1.2145452760159967
leaf_count=87 146 549 165 164 385 1713 259 38951 41 28
internal_value=0.000174273 0.000108815 0.00342284 -0.00504177 0.00741686 -1.46438e-05 -0.00387199 8.78952e-05 0.0132897 0
internal_weight=2195.14 2187.38 81.0051 24.5966 56.4084 2106.38 56.4276 2049.95 7.75662 2.29783
internal_count=42488 42332 860 310 550 41472 808 40664 156 69
is_linear=0
shrinkage=0.03


Tree=195
num_leaves=14
num_cat=0
split_feature=0 6 16 20 19 16 7 20 23 20 6 7 16
split_gain=1.86742 2.45679 1.99774 2.55457 2.45658 1.35586 3.66766 3.21519 2.05318 1.76308 3.49058 2.12532 0.496658
threshold=-0.90125517415637713 0.63889492180811758 0.89897959183673481 -0.0040273916048588201 0.0051292169386026459 0.96888888888888902 0.85857142857142865 0.015950015562346768 0.093975707456862359 0.015729747432214228 -0.30353739582095723 0.18183673469387759 0.75532879818594112
decision_type=2 2 2 2 2 2 2 2 2 2 2 2 2
left_child=1 2 3 -1 -4 9 7 -7 -8 10 -2 -11 -3
right_child=5 12 4 -5 -6 6 8 -9 -10 11 -12 -13 -14
leaf_value=0.0045465399502551962 0.0041073219059525852 0 0 -0.00080025159711513531 0.010009787017705843 -0.0018480047661044619 0.0052304990332587408 -0.016853014415002643 -0.013269270643433162 -0.003195767387992834 -0.001987569174242958 0.0012747293033810901 -0.01795453974961287
leaf_weight=119.15148599352688 93.223829199559987 1.8497702600434411 36.196197217330337 228.5779404649511 53.911767035722733 32.405069227330387 37.735561321489513 23.439809586852789 3.9898152872920027 105.68920027185231 686.27304165251553 781.16999160032719 4.56526730209589
leaf_count=1690 1678 47 409 3865 599 412 466 364 61 2104 15245 15754 81
internal_value=3.39366e-05 0.00177403 0.00210348 0.00100449 0.00606776 -0.000397331 -0.00380597 -0.00877032 0.00259246 -0.00018443 -0.00123081 0.000719102 -0.0140849
internal_weight=2208.18 444.252 437.837 347.729 90.108 1763.93 97.5703 55.8449 41.7254 1666.36 779.497 886.859 6.41504
internal_count=42775 6691 6563 5555 1008 36084 1303 776 527 34781 16923 17858 128
is_linear=0
shrinkage=0.03


Tree=196
num_leaves=15
num_cat=0
split_feature=0 6 2 10 19 11 19 21 10 17 14 1 8 2
split_gain=1.72117 2.2696 1.54804 2.70974 1.60966 1.32066 5.41162 3.147 2.24818 1.66229 2.0855 1.48795 1.05588 0.0571987
threshold=-0.90125517415637713 0.63889492180811758 0.36019675888040431 -0.0091298002657601296 0.0063022975849977639 0.95959183673469395 0.0078411833163536723 0.0078915279274771599 1.8735235215650794 -0.042441048763172333 0.30952380952380959 0.96888888888888902 0.69561206469165027 0.18126671730609664
decision_type=2 2 2 2 2 2 2 2 2 2 2 2 2 2
left_child=1 2 3 -1 -4 9 7 -7 -8 10 -2 -11 13 -3
right_child=5 12 4 -5 -6 6 8 -9 -10 11 -12 -13 -14 -15
leaf_value=-0.00186713015101928 0.0087868279921638204 -0.0012214242392155563 0.0018277091317604867 0.0033086678982404091 0.011746849527410152 0.0016445613035828541 -0.0082666828385557379 -0.010615183724372812 0.015098815021402427 -0.00012675647970012837 -0.0057165301017931798 0.0041360077610804536 -0.020486612428547397 0.0038897190487921728
leaf_weight=147.22340009734035 7.4803478326648465 1.4129628743976348 40.998139219358563 223.32958575710654 26.912947650998831 23.700264258310199 2.4668411370366838 59.195678883232176 14.818839202634988 1499.8351734112948 79.610918950289488 75.35904566757381 3.922308748587966 1.0659191990271208
leaf_count=2335 103 49 511 3382 335 385 56 1155 197 31179 1879 1130 54 25
internal_value=5.77624e-05 0.00172664 0.00204363 0.00121304 0.00619679 -0.000356458 -0.00367306 -0.00697722 0.0104751 -0.000143388 -0.00413317 7.26545e-05 -0.0135185 0
internal_weight=2207.33 444.865 438.464 370.553 67.9111 1762.47 100.182 82.8959 17.2857 1662.29 87.0913 1575.19 6.40119 2.47888
internal_count=42775 6691 6563 5717 846 36084 1793 1540 253 34291 1982 32309 128 74
is_linear=0
shrinkage=0.03


Tree=197
num_leaves=15
num_cat=0
split_feature=0 6 16 23 23 10 21 3 21 21 21 18 16 19
split_gain=1.5149 2.20551 1.71219 2.29301 1.84062 1.19647 2.97657 2.67832 2.47778 1.65678 2.44487 1.52358 0.494678 0.126028
threshold=-0.90125517415637713 0.63889492180811758 0.89897959183673481 -0.03500254373538713 -0.038922836264518139 -0.74418493989214551 0.010676828468289849 0.9900000000000001 0.012371641176660267 0.011893901198887087 0.012109758061702775 -0.022201294864129414 0.75532879818594112 0.0047892167367912736
decision_type=2 2 2 2 2 2 2 2 2 2 2 2 2 2
left_child=1 2 4 -4 -1 6 7 -2 -8 11 -11 -7 -3 -14
right_child=5 12 3 -5 -6 9 8 -9 -10 10 -12 -13 13 -15
leaf_value=0.0053670184943540823 -0.0019394371797608742 0 -0.0029028273076717238 0.0080466592478644055 -9.5505006180613856e-05 0.0026008088714525143 0.0064781406808685597 0.010806107281832285 0 -0.010906259084648422 -0.0017596694587480798 -0.0006940197315940831 0 -0.021304247160510752
leaf_weight=65.574045307002962 252.34070301894099 1.8418968003243197 18.965289391577244 71.953089281916618 283.40489318966866 147.0320224808529 116.35633253771812 13.531102957203982 101.68732162564993 28.201771954074502 294.82036117371172 806.52898931596428 1.7148614656180141 2.5730000846087933
leaf_count=890 4617 47 195 813 4665 3207 1815 114 1724 656 6722 17229 36 45
internal_value=6.29191e-05 0.0016262 0.001934 0.00558788 0.000912914 -0.000326027 0.000927329 -0.00115894 0.0035268 -0.000813577 -0.00266657 -0.000165904 -0.0136597 -0.0176649
internal_weight=2206.53 446.027 439.897 90.9184 348.979 1760.5 483.915 265.872 218.044 1276.58 323.022 953.561 6.12976 4.28786
internal_count=42775 6691 6563 1008 5555 36084 8270 4731 3539 27814 7378 20436 128 81
is_linear=0
shrinkage=0.03


Tree=198
num_leaves=15
num_cat=0
split_feature=0 10 12 0 8 23 10 21 3 17 17 0 17 23
split_gain=1.34583 1.43548 1.83624 2.52336 1.76111 1.21638 1.18352 2.63289 2.80521 2.39884 1.82883 1.327 1.24637 0.922871
threshold=-0.90125517415637713 -0.33197558248626496 2.4501226361430106 -1.1967454663881545 2.0690212530876981 -0.093904647260887472 -0.74418493989214551 0.010676828468289849 0.9900000000000001 -0.0053284667043804737 -0.065635395063054255 -0.1405031147340117 0.068352844164389817 0.044350021459573681
decision_type=2 2 2 2 2 2 2 2 2 2 2 2 2 2
left_child=1 2 3 -1 -4 -3 7 8 -2 -9 11 -8 -12 -7
right_child=6 5 4 -5 -6 13 10 9 -10 -11 12 -13 -14 -15
leaf_value=-0.0063867705887660315 -0.0018297233474688134 -0.008406703235184089 0.015609985216405248 0.0019355223791573109 -0.0011137182260676926 0.0039501575364735775 0 0.0081074989088850535 0.011099038425139851 0.0011665968636517248 -0.00051546465227976035 -0.015386510193322014 -0.0098195563002665322 0
leaf_weight=63.941962936893106 251.35109747946262 6.0722992476075879 9.0164923779666442 59.949346958659589 8.0847118645906431 228.81834953371435 6.9642957868054536 66.088471630588174 13.864629380404947 153.4310595234856 1244.1692815627903 11.227903943508862 11.322893625125287 71.383094189688563
leaf_count=919 4617 92 105 1009 71 3307 157 1018 114 2521 27077 305 275 1188
internal_value=6.86836e-05 0.00153968 -0.000877781 -0.0022738 0.00762966 0.00269969 -0.000298278 0.000946864 -0.0010197 0.00337827 -0.000784651 -0.00979513 -0.000626788 0.00302812
internal_weight=2205.69 447.266 140.993 123.891 17.1012 306.274 1758.42 484.735 265.216 219.52 1273.68 18.1922 1255.49 300.201
internal_count=42775 6691 2104 1928 176 4587 36084 8270 4731 3539 27814 462 27352 4495
is_linear=0
shrinkage=0.03


Tree=199
num_leaves=15
num_cat=0
split_feature=0 20 23 4 20 20 8 4 20 12 8 17 3 16
split_gain=1.31081 2.10101 2.27792 1.77803 1.65306 1.23016 4.0236 3.84806 2.43714 2.20996 2.09817 1.3666 1.13336 0.877625
threshold=-0.90125517415637713 0.075480690732390068 0.10328938060205452 -0.58259635174188251 0.004584971851874787 0.014295422572369045 -0.36552860180818209 -0.95482728020288887 0.065323194914512786 -0.44691074673860476 1.5948169128511687 0.056714587349221308 0.1705215419501134 0.37256235827664402
decision_type=2 2 2 2 2 2 2 2 2 2 2 2 2 2
left_child=1 2 4 12 -1 6 11 8 -7 -9 -8 -2 -3 -5
right_child=5 3 -4 13 -6 7 10 9 -10 -11 -12 -13 -14 -15
leaf_value=0.0034662202013391349 -0.0051765608434453806 0.0034038113356242828 -0.012881559278451155 0.0085591949374466177 -0.00024412446110773367 -0.0065763978932674239 0.001063324552225979 0.0029271432589107502 0.0048577335533777381 -0.00013368043176271348 -0.0035258498536706638 0.0046019995374898389 0.024925545171700828 -0.0090167090183279411
leaf_weight=189.31059575919062 208.9841747013852 6.6784948315471429 8.1521203946322185 2.2017899844795457 232.1450866246596 97.16196961607784 457.26089221145958 355.87391585111618 17.129893728531897 500.10197121463716 109.07451232522726 10.566854814067481 6.0488678012043238 3.9392006881535053
leaf_count=2577 6808 95 171 30 3681 2058 8743 7194 311 9710 970 290 73 64
internal_value=7.76574e-05 0.00152675 0.00103147 0.0109052 0.00139557 -0.000285187 -0.00117102 0.000417813 -0.00467961 0.00112524 0.000143773 -0.00460093 0.0166467 -0.00031791
internal_weight=2204.63 448.476 429.608 18.8684 421.456 1756.15 785.886 970.268 114.292 855.976 566.335 219.551 12.7274 6.14099
internal_count=42775 6691 6429 262 6258 36084 16811 19273 2369 16904 9713 7098 168 94
is_linear=0
shrinkage=0.03


Tree=200
num_leaves=15
num_cat=0
split_feature=0 0 2 3 18 8 6 8 11 8 11 13 6 21
split_gain=0.926479 1.61172 2.2647 1.76776 5.45544 1.77402 1.48895 1.25721 3.68039 1.83874 2.01931 1.23265 0.760162 0.682077
threshold=1.7576422274371264 1.1054424974626251 -2.1747464631346856 0.94777777777777794 0.10666210311532788 3.5908320708325467 0.43690606542746196 2.3144879620743808 0.75532879818594112 0.43170711873733764 0.49489795918367352 0.97979591836734703 -0.025357841370658506 0.0093111021758053632
decision_type=2 2 2 2 2 2 2 2 2 2 2 2 2 2
left_child=1 3 -3 5 -5 -1 -4 9 12 13 -11 -10 -9 -2
right_child=7 2 6 4 -6 -7 -8 8 11 10 -12 -13 -14 -15
leaf_value=-0.00014038801382781552 0.0021947237667844588 0.016205593031130963 -0.0054078645912059107 0.0016015558369085778 0.027095518512045603 -0.011382745905678388 0.0013250705801554714 0.015244045056615585 -0.018810381119819076 -0.0041668284458839279 0.0081056256789284829 0 0 -0.0067726439575931273
leaf_weight=1789.0997560038231 9.2734590796753782 3.0493868235498658 119.6454740902409 107.6483888886869 6.3434543171897522 10.776927180588244 33.809752421453595 4.6512257792055607 8.8743611071258766 11.538386195898054 68.046812364831567 4.3091665599495164 5.7143940329551715 14.749194099567829
leaf_count=36058 260 16 2403 1357 52 87 795 32 74 131 771 42 55 474
internal_value=-7.8106e-05 -0.000238263 -0.00314542 0 0.00359231 -0.000228587 -0.00382999 0.00237675 -0.00335403 0.0038602 0.00608396 -0.0134293 0.00834666 -0.00283192
internal_weight=2197.53 2070.37 156.505 1913.87 113.992 1799.88 153.455 127.157 23.5491 103.608 79.5852 13.1835 10.3656 24.0227
internal_count=42607 40768 3214 37554 1409 36145 3198 1839 203 1636 902 116 87 734
is_linear=0
shrinkage=0.03


Tree=201
num_leaves=14
num_cat=0
split_feature=4 12 0 0 7 11 21 12 9 14 10 7 12
split_gain=1.23821 1.81999 1.89721 1.26547 1.39596 1.26522 6.5962 3.34649 1.93476 1.56853 2.76584 2.2271 1.14562
threshold=1.760021982374502 2.0603385750308298 1.8974834640920888 1.8974834640920888 0.87877551020408173 0.95959183673469395 0.014004016110369303 -0.091617770671028012 0.41408163265306125 0.61904761904761918 0.22682065564648429 0.69693877551020422 -0.010748247845976019
decision_type=2 2 2 2 2 2 2 2 2 2 2 2 2
left_child=5 3 -3 4 -2 9 7 -7 -8 11 -11 -1 -5
right_child=1 2 -4 12 -6 6 8 -9 -10 10 -12 -13 -14
leaf_value=-0.0020570983729923812 0.0028489718838863808 0.020845919522189161 0 0 -0.0065514894676143602 -0.00092083568498030712 -0.0042354388838083939 -0.011188278939238105 0.016473605487434928 -0.00032740631210498945 0.0027115967157199982 0.0019342088774705942 0.013574991341397955
leaf_weight=561.35921736620367 29.501783312298357 7.8110936433076841 5.5115524604916573 8.1164791816845554 22.719793036580086 67.265269818715751 2.9809825895354178 53.302800763398409 15.981001341715453 871.795355476439 383.86564101930708 156.6461735824123 9.9396384190767986
leaf_count=10455 572 70 50 165 520 1245 88 796 182 17424 7747 3171 122
internal_value=-9.34093e-05 0.00343254 0.0129154 0.00111968 -0.001055 -0.000243105 -0.00298459 -0.00569092 0.0124089 -3.88753e-05 0.000592549 -0.00116253 0.00763515
internal_weight=2196.8 83.6003 13.3226 70.2777 52.2216 2113.2 139.53 120.568 18.962 1973.67 1255.66 718.005 18.0561
internal_count=42607 1499 120 1379 1092 41108 2311 2041 270 38797 25171 13626 287
is_linear=0
shrinkage=0.03


Tree=202
num_leaves=14
num_cat=0
split_feature=4 16 18 10 19 14 6 14 10 6 16 16 23
split_gain=1.03177 2.12647 1.03748 1.0243 6.64842 3.61626 2.21766 1.52262 2.71606 1.86417 0.870845 1.03256 0.734208
threshold=1.760021982374502 0.95959183673469395 -0.055082350918243865 1.5979039354532698 0.008040828320118017 0.92857142857142871 -0.14131867485129743 0.61904761904761918 0.22682065564648429 -0.065974460421494061 0.9191836734693879 0.75532879818594112 -1.0000000180025095e-35
decision_type=2 2 2 2 2 2 2 2 2 2 2 2 2
left_child=3 10 -3 7 5 -5 -6 9 -9 -1 11 -2 -4
right_child=1 2 12 4 6 -7 -8 8 -10 -11 -12 -13 -14
leaf_value=-0.0025739022130354637 -0.00082788064304257049 -0.00052738444345696927 0 -0.00052009810297763085 0.018329975254654681 -0.010668536684468389 0 -0.00031745383270883639 0.0027139007237236942 0.00047255396903274214 -0.010327794324342953 0.0069296048636007003 0.017627177691979575
leaf_weight=382.14399278257042 42.53151448443532 2.585728830657902 2.5146352872252491 72.489371325820684 13.66568995639682 59.341333152726293 10.080511059612034 871.96095668151975 376.5845963107422 327.33974838303402 3.9611588083207598 19.96997944638133 11.950081270188088
leaf_count=7115 930 24 32 1067 167 1183 162 17424 7580 6410 81 317 115
internal_value=-9.27196e-05 0.00312623 0.0119957 -0.000229833 -0.00255822 -0.00529149 0.0112657 -3.47543e-05 0.000587742 -0.00114988 0.000347794 0.00155619 0.0149375
internal_weight=2197.12 83.5131 17.0504 2113.61 155.577 131.831 23.7462 1958.03 1248.55 709.484 66.4627 62.5015 14.4647
internal_count=42607 1499 171 41108 2579 2250 329 38529 25004 13525 1328 1247 147
is_linear=0
shrinkage=0.03


Tree=203
num_leaves=15
num_cat=0
split_feature=1 19 6 19 2 8 17 8 8 6 10 17 14 17
split_gain=0.856115 3.34405 2.29349 1.62426 1.63198 1.49441 1.2844 1.09573 1.02555 1.36193 1.51618 1.05254 0.841191 2.86411
threshold=0.10657596371882087 0.0082166414621843726 -0.075252190728253773 0.0077392895528356634 -1.3231233426465423 1.5948169128511687 0.020713771794886319 -0.53498532628500628 -0.5871130097010776 0.33731952817748651 -0.35707465484074496 -0.019056532167070758 0.2678571428571429 0.040402321044931029
decision_type=2 2 2 2 2 2 2 2 2 2 2 2 2 2
left_child=1 3 7 6 -5 -4 -1 -3 9 11 -11 -2 13 -10
right_child=8 2 5 4 -6 -7 -8 -9 12 10 -12 -13 -14 -15
leaf_value=-0.0034693392636851225 -0.0045095574463972074 0 0.0044970227746056008 0 -0.01806628493401162 -0.014856816920772762 0.0010089296927263457 0.015284785359464041 -0.0002318075393030532 -0.013313300371430482 -0.0012117400740968582 9.8256794215820947e-05 0.00067030767812802561 -0.019840758966633069
leaf_weight=170.71129675023258 49.1600809879601 3.1122362948954168 5.8978678453713638 6.4143711552023914 9.9930584765970689 3.8991060629487038 78.750028420239687 18.130811298266053 60.212491796351969 15.050367928110061 28.75206480640918 306.54006530158222 1434.4245707206428 5.808862540870904
leaf_count=2459 1601 65 96 74 176 40 1120 225 1034 511 1051 8351 25697 107
internal_value=-8.60716e-05 -0.00158275 0.0073184 -0.00272483 -0.0115266 -0.003147 -0.00199921 0.0126457 0.000141349 -0.00119465 -0.00609706 -0.000518292 0.000508166 -0.00271025
internal_weight=2196.86 296.909 31.04 265.869 16.4074 9.79697 249.461 21.243 1899.95 399.503 43.8024 355.7 1500.45 66.0214
internal_count=42607 4255 426 3829 250 136 3579 290 38352 11514 1562 9952 26838 1141
is_linear=0
shrinkage=0.03


Tree=204
num_leaves=13
num_cat=0
split_feature=4 16 7 12 0 7 2 5 2 0 8 12
split_gain=0.922442 1.93568 1.23838 2.61694 1.65349 1.14945 1.07403 2.41679 1.47545 2.16159 1.23934 0.838775
threshold=1.760021982374502 0.95959183673469395 0.87877551020408173 -0.77095811391114022 0.37383381110410446 0.9191836734693879 3.4174302273783255 0.93938775510204098 2.6909379131716777 0.77984854088308575 3.5908320708325467 3.1552243684189567
decision_type=2 2 2 2 2 2 2 2 2 2 2 2
left_child=6 2 3 -2 -4 -3 8 -8 10 -10 -1 -7
right_child=1 5 4 -5 -6 11 7 -9 9 -11 -12 -13
leaf_value=-0.00011421684802016695 -0.012960494010062993 0 -0.015480776239880563 0.0081761232074965256 0 0.020897843057228405 0.016286685159043655 -0.0072317740726471676 0.0014147539511932159 -0.016715457980384343 -0.0081217564318741241 0.001334977983843745
leaf_weight=2066.7425519898534 4.0583481565117827 4.2539176717400577 5.9265466816723338 28.617733576335013 27.865348911844194 7.7593382820487005 8.4620052464306337 3.7960261870175591 8.4720875415951031 9.9443196970969421 15.632319975644348 5.057916447520256
leaf_count=40711 70 44 110 539 609 85 59 38 75 99 126 42
internal_value=-8.30943e-05 0.00295963 0.000298761 0.00452229 -0.0033907 0.0114156 -0.000213165 0.00795873 -0.000275505 -0.00831877 -0.000189261 0.0154125
internal_weight=2196.59 83.5391 66.468 32.6761 33.7919 17.0712 2113.05 12.258 2100.79 18.4164 2082.37 12.8173
internal_count=42607 1499 1328 609 719 171 41108 97 41011 174 40837 127
is_linear=0
shrinkage=0.03


Tree=205
num_leaves=15
num_cat=0
split_feature=4 19 13 12 3 17 13 12 2 12 12 17 11 17
split_gain=1.38081 2.33582 1.45799 1.33164 1.22626 1.08237 1.05976 2.8023 2.16619 1.83461 2.69199 1.83419 1.27129 0.749472
threshold=1.8683018823527477 0.0050462768954078283 0.67673469387755114 -0.46359562581041752 0.97979591836734703 0.010304144065529599 0.085260770975056702 -0.69938600142178642 0.58045179899054045 -0.65838161736200707 -0.59474163381773482 0.021269010914031775 0.65653061224489806 0.0014451678955720306
decision_type=2 2 2 2 2 2 2 2 2 2 2 2 2 2
left_child=6 3 4 13 -3 -5 7 11 -9 12 -11 -1 -8 -2
right_child=1 2 -4 5 -6 -7 9 8 -10 10 -12 -13 -14 -15
leaf_value=-0.0013632962402679572 -0.004398585802711949 0.0069612752773174505 0.012718155484068313 0 -0.0060613602347032907 -0.01774075620233961 -0.0045780831860416276 0.013233348090924222 -0.0081283624281174513 0.0043225050147330342 -0.00019754733897717498 0.0047994903414618094 7.9350243364239464e-05 0.010424294265353556
leaf_weight=131.26914787758142 2.0084409322589662 13.828841242007913 25.347050013020635 8.195871824398635 8.3478223541751486 5.0304911676794282 133.02104908972979 26.492900576442484 2.7340325452387324 126.02922059316188 1569.2287602694705 61.518213883973658 76.292327992618084 5.5059991292655468
leaf_count=2038 36 317 315 143 142 106 3321 336 57 2761 30334 908 1765 113
internal_value=0.000180436 0.00432017 0.00798145 -0.00337352 0.00134291 -0.00901921 3.6567e-05 0.00199428 0.0103621 -0.000185627 0.000134343 0.000555322 -0.00282483 0.00479411
internal_weight=2194.85 68.2645 47.5237 20.7408 22.1767 13.2264 2126.59 222.014 29.2269 1904.57 1695.26 192.787 209.313 7.51444
internal_count=42692 1172 774 398 459 249 41520 3339 393 38181 33095 2946 5086 149
is_linear=0
shrinkage=0.03


Tree=206
num_leaves=15
num_cat=0
split_feature=4 19 13 0 13 18 18 19 19 1 0 13 18 11
split_gain=1.25464 2.05506 1.28467 1.14972 0.98769 1.98482 2.70078 1.91542 1.09261 2.69091 1.97644 0.975604 0.767287 0.562951
threshold=1.8683018823527477 0.0050462768954078283 0.67673469387755114 -0.016180773000777502 0.085260770975056702 0.03236209240960964 0.040932573396454071 0.0082166414621843726 0.0050462768954078283 0.93938775510204098 0.26641897963383881 0.1705215419501134 0.05607982061815709 0.57460317460317467
decision_type=2 2 2 2 2 2 2 2 2 2 2 2 2 2
left_child=4 11 3 -3 5 7 -7 -1 10 -10 -6 -2 -4 -13
right_child=1 2 12 -5 8 6 -8 -9 9 -11 -12 13 -14 -15
leaf_value=0.0056443687947717652 0.0063558724520756714 0.012009799453503512 0.014321583364372583 -0.0019495581584851437 -0.00039725419913794364 -0.011195438293344354 0.0011254732307766481 -0.0046542095218980208 -0.00030896551832676749 -0.0055868921534825301 0.0027492635866636027 -0.012952908685336949 0 -0.00045823393023707737
leaf_weight=117.1177165703848 4.2362282443791655 4.9326054025441435 20.625427955761555 17.318046248517931 506.42604770418257 18.014304836280644 72.058952221646905 15.669742702506481 1031.1070429915562 93.960711957886815 271.08842697832733 6.0230535930022624 4.9678551442921153 10.418091737199573
leaf_count=1641 63 65 233 394 9918 319 1118 261 21151 1634 5478 111 82 224
internal_value=0.000183817 0.00412311 0.00753839 0.00126172 4.60126e-05 0.00193181 -0.00136541 0.00426676 -0.000168803 -0.000772195 0.000684808 -0.0030857 0.0119647 -0.0067573
internal_weight=2193.96 68.5213 47.8439 22.2507 2125.44 222.861 90.0733 132.787 1902.58 1125.07 777.514 20.6774 25.5933 16.4411
internal_count=42692 1172 774 459 41520 3339 1437 1902 38181 22785 15396 398 315 335
is_linear=0
shrinkage=0.03


Tree=207
num_leaves=15
num_cat=0
split_feature=4 19 13 8 14 13 13 8 7 8 8 23 19 8
split_gain=1.17695 1.8228 1.16743 1.54977 1.03084 1.00289 0.897296 3.52413 3.21958 1.60028 1.2422 1.72233 1.56105 0.695971
threshold=1.8683018823527477 0.0050462768954078283 0.67673469387755114 -1.2772828200363797 0.92857142857142871 0.41408163265306125 0.085260770975056702 0.057508396433328772 0.6161224489795919 -1.0740134493537785 -0.57909346271502737 -0.063172567407583632 0.0050462768954078283 2.2218817664379085
decision_type=2 2 2 2 2 2 2 2 2 2 2 2 2 2
left_child=6 4 3 -3 -2 -6 7 9 -9 -1 11 -8 -12 -4
right_child=1 2 13 -5 5 -7 10 8 -10 -11 12 -13 -14 -15
leaf_value=-0.0016996629249827391 0.0081325740812165353 0.015225439794138169 0.012936575409337538 -0.0021548272081143294 0.0015166151925015822 -0.011124511145996678 -0.011359843878202698 -0.0099473174248380907 0.0054234711931686486 0.0053097186162449428 0.0013243295737018546 -0.0012722027523651045 -0.0005858079755437515 0
leaf_weight=32.095163030549884 3.2423712695017484 3.7505132704973247 23.332782857120041 18.479285691864789 5.9238723786547807 11.268785410560666 14.691270983777938 34.695682348683476 15.488415068015454 141.23861497081816 648.81298157665879 306.31283222325146 931.60854138433933 2.4751757942140094
leaf_count=547 58 83 293 376 109 231 617 443 171 2178 11258 9703 16603 22
internal_value=0.000190399 0.00400788 0.00720263 0.00117313 -0.00280621 -0.0062832 5.66821e-05 0.00185099 -0.00488991 0.0039217 -0.000148086 -0.0018478 0.000189567 0.0113989
internal_weight=2193.42 68.4728 48.0378 22.2298 20.435 17.1927 2124.94 223.518 50.1841 173.334 1901.43 321.004 1580.42 25.808
internal_count=42692 1172 774 459 398 340 41520 3339 614 2725 38181 10320 27861 315
is_linear=0
shrinkage=0.03


Tree=208
num_leaves=15
num_cat=0
split_feature=4 19 13 9 13 13 8 7 0 8 20 17 8 11
split_gain=1.27831 1.69985 1.05481 1.74164 0.968035 0.902448 3.0473 2.79899 1.73103 1.1621 3.18072 1.55951 0.65605 0.643531
threshold=1.8683018823527477 0.0050462768954078283 0.67673469387755114 0.085260770975056702 0.1705215419501134 0.085260770975056702 0.057508396433328772 0.6161224489795919 1.2270317152242833 -0.57909346271502737 0.031955995620656548 0.058890626892361471 2.2218817664379085 0.57460317460317467
decision_type=2 2 2 2 2 2 2 2 2 2 2 2 2 2
left_child=5 4 3 -3 -2 6 8 -8 -1 10 -7 -11 -4 -6
right_child=1 2 12 -5 13 9 7 -9 -10 11 -12 -13 -14 -15
leaf_value=0.0044158013385518389 0.0068751711905601365 0.015770114745582261 0.012656397349839806 -0.0022889228905172269 -0.012872719821962744 -0.004401991581150279 -0.0091739200778520099 0.005144152491826477 -0.009799324032427786 0.00034587482008525527 0.0015558018734770892 -0.0054680641305295472 0 0
leaf_weight=168.94074613135308 4.2959306789562133 4.0664935959503081 23.719504630193118 18.331034046597779 5.757995073683559 181.6836643172428 34.503044860437512 15.498100871220229 5.6140940664336076 1538.4557648077607 137.55037920549512 40.501842832192779 2.4925350435078135 10.204271878115831
leaf_count=2586 63 87 293 372 111 6677 443 171 139 27166 3643 695 22 224
internal_value=0.000200415 0.00416731 0.00720582 0.00139904 -0.00244206 6.08567e-05 0.00185545 -0.00442035 0.00376782 -0.00014528 -0.00179452 0.000180525 0.011185 -0.00627101
internal_weight=2191.62 68.8678 48.6096 22.3975 20.2582 2122.75 224.556 50.0011 174.555 1898.19 319.234 1578.96 26.212 15.9623
internal_count=42692 1172 774 459 398 41520 3339 614 2725 38181 10320 27861 315 335
is_linear=0
shrinkage=0.03


Tree=209
num_leaves=15
num_cat=0
split_feature=4 19 16 19 4 10 12 23 12 10 10 12 7 19
split_gain=1.22373 1.47797 1.08026 2.71302 2.99699 2.00816 1.06735 1.13756 0.995425 4.40444 1.87004 0.887962 1.17159 0.947371
threshold=1.8683018823527477 0.0050462768954078283 0.9900000000000001 0.0050658736488835088 0.25402572293972253 1.8735235215650794 -0.46359562581041752 0.0370310229146762 0.067540356817860261 1.6943793822008735 1.8735235215650794 -0.66799244464065366 0.94777777777777794 0.0085768485457816679
decision_type=2 2 2 2 2 2 2 2 2 2 2 2 2 2
left_child=2 6 8 4 -4 -5 -2 -8 10 -10 -1 13 -13 -3
right_child=1 11 3 5 -6 -7 7 -9 9 -11 -12 12 -14 -15
leaf_value=-0.00052969389513000086 0.0049903700778989781 -0.0090463357357529472 0.011255217789712163 -0.012469695871239774 -0.0077042880565543603 0.0046758807682022278 -0.014105603234492703 0.00087397859772796204 0.0017702814398138328 -0.0078445196731456654 0.0044614898029713265 0.011554571193326684 0 0.0090732056280871977
leaf_weight=1296.5569501928985 7.5854887599125531 4.7315989332273594 15.277325952425601 28.567094322293997 10.636963061988352 5.1379808839410535 7.2275404836982471 5.2539403615519404 652.38903464842588 43.496587125584483 68.917423161678016 29.932274180464447 12.600613391958175 1.8389103552326558
leaf_count=28318 149 108 163 401 154 62 181 68 10533 647 1242 439 204 23
internal_value=0.000214582 0.00408831 7.74519e-05 -0.00382485 0.00294119 -0.00932041 -0.00208389 -0.00751444 0.000201183 0.00112705 -0.000260656 0.00688705 0.00848848 -0.00129106
internal_weight=2190.15 69.1704 2120.98 59.6194 25.9143 33.7051 20.067 12.4815 2061.36 695.886 1365.47 49.1034 42.5329 6.57051
internal_count=42692 1172 41520 780 317 463 398 249 40740 11180 29560 774 643 131
is_linear=0
shrinkage=0.03


Tree=210
num_leaves=11
num_cat=0
split_feature=2 4 8 13 0 2 2 0 1 0
split_gain=1.50053 2.15749 1.41885 1.15624 1.08969 1.88356 1.04756 0.548373 0.247812 0.0107675
threshold=3.4174302273783255 1.5699953528427644 -2.0193759572128891 0.9191836734693879 2.0707086492481679 2.2088926955744332 -1.4731590173476106 0.29491191297993397 0.28730158730158734 0.90235772442311668
decision_type=2 2 2 2 2 2 2 2 2 2
left_child=2 -2 7 -3 6 -6 -4 8 -1 -9
right_child=1 3 4 -5 5 -7 -8 9 -10 -11
leaf_value=0 0.01576274819990519 -0.011291893698228611 0.0016050231748503091 0.0051775236251768494 0.005922364882223705 -0.0040578072006996055 -0.00072073339343939704 -0.0017502929203460946 0.017936842831463282 0
leaf_weight=2.1499090716242772 10.7909526322037 4.4833786450326425 186.77578904479742 6.5412292294204235 56.962720839306712 20.482590924948454 1882.626612814609 1.1632642913609745 3.9339556805789471 0.86736821942031372
leaf_count=36 79 41 2317 55 838 239 38805 34 64 30
internal_value=-0.000215668 0.00724876 -0.000304839 -0.00107391 -0.000364081 0.00305831 -0.000502232 0.0108585 0.0144422 0
internal_weight=2176.78 21.8156 2154.96 11.0246 2146.85 77.4453 2069.4 8.1145 6.08386 2.03063
internal_count=42538 175 42363 96 42199 1077 41122 164 100 64
is_linear=0
shrinkage=0.03


Tree=211
num_leaves=11
num_cat=0
split_feature=8 11 17 3 12 8 4 11 1 1
split_gain=1.43133 1.26257 2.33977 3.85678 2.24271 1.86911 3.20658 1.45187 0.406761 0.223525
threshold=-2.0193759572128891 0.24222222222222226 0.012246944354352808 0.92666666666666686 1.3589565075144732 3.1148300177910131 -0.14993763843845684 0.9900000000000001 0.65653061224489806 0.28730158730158734
decision_type=2 2 2 2 2 2 2 2 2 2
left_child=8 2 4 -4 -2 7 -7 -3 9 -1
right_child=1 5 3 -5 -6 6 -8 -9 -10 -11
leaf_value=0 0.0035032198221924826 -0.0010739974750239994 -0.00277065908445699 0.0084613982158528722 -0.0030171140537129698 -0.0032278721239682815 0.01387204027631571 0.0038959869286676221 0 0.017440772891231717
leaf_weight=2.1478306911885721 297.28042344655842 1487.6927278060466 215.59207054879516 29.116409631446004 52.371732003055513 15.536867141723631 18.730876140296459 51.748550196643919 2.2284243460744619 3.892010560259223
leaf_count=36 5265 31147 3904 338 643 112 132 833 65 63
internal_value=-0.000216946 -0.000276367 0.000888413 -0.00131566 0.00247233 -0.000726371 0.00595496 -0.000892361 0.0109223 0.0140676
internal_weight=2176.34 2168.07 594.361 244.708 349.652 1573.71 34.2677 1539.44 8.26827 6.03984
internal_count=42538 42374 10150 4242 5908 32224 244 31980 164 99
is_linear=0
shrinkage=0.03


Tree=212
num_leaves=15
num_cat=0
split_feature=0 7 17 20 16 18 19 0 19 3 17 20 10 2
split_gain=1.28278 2.54136 2.44694 2.49294 2.36081 2.08092 2.07593 1.60954 2.35373 1.54462 4.88527 1.42443 1.27202 1.17776
threshold=1.7576422274371264 0.65653061224489806 0.0098691045479241141 0.0088865942471213506 0.67673469387755114 0.055251123794156205 0.0066637042847446154 1.3127259967919136 0.0061335412762187442 0.9900000000000001 0.026187873157236811 -0.011474404038140483 2.4209420112563387 1.7373795306424136
decision_type=2 2 2 2 2 2 2 2 2 2 2 2 2 2
left_child=7 4 3 -3 -2 -6 -4 9 11 13 -11 -9 -10 -1
right_child=1 2 6 -5 5 -7 -8 8 12 10 -12 -13 -14 -15
leaf_value=-0.00021511165816428144 0.020864966623746675 -0.0028084658106855855 -0.0084206563079429388 0.0092817467755570236 -0.0057101505206675895 0.01458948305042272 0.0060062499699586741 -0.01044332699409822 -0.011612970411404078 -0.00079192881227559337 0.019306124630073581 0.001873650274333522 0.0052098884222552275 -0.0046415136715075899
leaf_weight=1858.9356678854674 10.1447253189981 22.209363359026611 33.323140527587384 35.449366846121848 9.4850254245102388 5.2097206581383935 9.1959547763690335 8.1927389670163375 33.923933173529804 34.212032718583941 13.058574745431541 46.522388310171664 2.1123802643269292 54.300428284332156
leaf_count=37693 106 375 558 472 110 43 150 211 723 361 107 871 36 722
internal_value=-0.000215062 0.00269578 0.000336727 0.0044353 0.0109169 0.00147381 -0.00483384 -0.000402226 -0.00427261 -0.000211252 0.00501405 -9.38233e-06 -0.0100104 -0.000353287
internal_weight=2176.28 125.017 100.178 57.6587 24.8395 14.6947 42.5191 2051.26 90.7514 1960.51 47.2706 54.7151 36.0363 1913.24
internal_count=42538 1814 1555 847 259 153 708 40724 1841 38883 468 1082 759 38415
is_linear=0
shrinkage=0.03


Tree=213
num_leaves=12
num_cat=0
split_feature=8 10 17 3 23 8 4 11 0 0 0
split_gain=1.55444 1.33742 3.14184 2.82432 2.12522 1.10482 4.02963 1.3399 0.546483 0.265514 0.00853631
threshold=-2.0193759572128891 -0.76478809983847196 0.012246944354352808 0.92666666666666686 -0.093904647260887472 3.1148300177910131 -0.14993763843845684 0.9900000000000001 0.29491191297993397 -0.4744521495774468 0.90235772442311668
decision_type=2 2 2 2 2 2 2 2 2 2 2
left_child=8 2 4 -4 -2 7 -7 -3 9 -1 -10
right_child=1 5 3 -5 -6 6 -8 -9 10 -11 -12
leaf_value=0 0.015550758995391236 -0.0010169351347599071 -0.0029984560927763539 0.0069788577522274858 0.0023534741917854377 -0.0055453379588497175 0.013341286251500882 0.003753860251268878 -0.0015545825150753403 0.018168644345630532 0
leaf_weight=2.1772124096751213 10.018047614023088 1536.0928692920133 196.69069943297654 26.699313422665 309.84087227843702 16.715980086475611 19.047226086258888 51.737922713160515 1.1789601650089028 4.2467956319451314 0.8689140211790799
leaf_count=36 139 32279 3503 307 5059 118 136 833 34 64 30
internal_value=-0.000221379 -0.0002836 0.000990964 -0.00168808 0.00290748 -0.000719986 0.00429017 -0.000847522 0.0112751 0.0147111 0
internal_weight=2175.31 2166.84 543.249 223.39 319.859 1623.59 35.7632 1587.83 8.47188 6.42401 2.04787
internal_count=42538 42374 9008 3810 5198 33366 254 33112 164 100 64
is_linear=0
shrinkage=0.03


Tree=214
num_leaves=12
num_cat=0
split_feature=8 11 5 19 9 23 18 8 11 3 3
split_gain=1.5797 1.26387 1.63519 2.09899 1.48496 5.3182 1.35645 1.27451 0.356923 0.356061 0.00483909
threshold=-2.0193759572128891 0.24222222222222226 0.67673469387755114 0.006067605486716904 0.97979591836734703 0.038641557167842906 0.08228923028838854 -0.51808560146061278 0.26598639455782319 0.43428571428571433 0.67673469387755114
decision_type=2 2 2 2 2 2 2 2 2 2 2
left_child=8 2 3 -2 6 -6 -3 -4 -1 -10 -11
right_child=1 4 7 -5 5 -7 -8 -9 9 10 -12
leaf_value=0 -0.002103169278414121 -0.00075182851788379299 -0.0010914690125843067 0.0022837542107948965 -0.0018860298935677844 0.0091185126100757369 -0.004295657067574764 0.0043661413836695723 0.018204473358678901 0.0010832399072455601 0
leaf_weight=1.64361456222832 226.15122623927891 1294.8179437872022 44.54499707557261 169.32077277451754 109.39520131424069 58.258410450071096 106.16702537424862 157.42446648422629 4.0405726693570614 1.7115634288638832 1.223117161542177
leaf_count=31 4153 28539 943 2971 869 437 2379 2083 55 41 37
internal_value=-0.000194514 -0.000257638 0.000903643 -0.000185135 -0.000710068 0.00191197 -0.00103681 0.00309001 0.0113177 0.0136872 0
internal_weight=2174.7 2166.08 597.441 395.472 1568.64 167.654 1400.98 201.969 8.61887 6.97525 2.93468
internal_count=42538 42374 10150 7124 32224 1306 30918 3026 164 133 78
is_linear=0
shrinkage=0.03


Tree=215
num_leaves=15
num_cat=0
split_feature=7 12 18 8 15 8 2 7 8 6 5 5 12 10
split_gain=2.13022 3.06924 1.68558 1.58336 1.41156 2.729 2.1812 2.38638 2.1451 1.05372 0.866971 0.821246 0.475578 0.155329
threshold=0.06394557823129253 -0.59071941594339805 0.078834475886060087 -0.13800547255697396 0.79166666666666685 3.1148300177910131 -1.057526753397277 0.1705215419501134 1.5127210081978786 0.95345647758129304 0.11555555555555556 0.6161224489795919 -0.80410531296735355 -0.72431361559192875
decision_type=2 2 2 2 2 2 2 2 2 2 2 2 2 2
left_child=1 12 3 -3 5 8 7 -6 -2 -8 -4 -7 -1 -14
right_child=4 2 10 -5 6 11 9 -9 -10 -11 -12 -13 13 -15
leaf_value=0 0.0010204552164906075 -0.0025316506955786657 0.001388145602018849 0.0065432087953757765 -0.012345175440502829 0.015067956778925419 -0.00027343461191778773 -0.0019677712168091701 -0.0025953297683291017 -0.0045003298190242052 -0.011569335543723845 5.4128328781694999e-05 0 -0.015465846955128152
leaf_weight=1.9720919486135233 756.77943691704422 16.321127562783659 5.7034052852541191 127.13183907233179 28.337738332338631 13.045110881328585 895.78990358393639 75.495932037010789 180.2687161359936 55.469042288139462 6.4824963491410017 6.8656540885567656 1.6752682626247395 6.5305157490074626
leaf_count=31 16240 417 68 1700 489 84 18836 1346 1652 1218 125 52 34 142
internal_value=6.64788e-06 0.00326067 0.00441586 0.00538699 -0.000257046 0.00056669 -0.00101801 -0.00512142 0.000304833 -0.00054457 -0.00510672 0.011053 -0.0109966 -0.0136467
internal_weight=2177.87 165.817 155.639 143.453 2012.05 956.959 1055.09 103.834 937.048 951.259 12.1859 19.9108 10.1779 8.20578
internal_count=42434 2517 2310 2117 39917 18028 21889 1835 17892 20054 193 136 207 176
is_linear=0
shrinkage=0.03


Tree=216
num_leaves=13
num_cat=0
split_feature=6 20 5 4 9 23 22 10 10 8 8 6
split_gain=1.87317 2.23143 1.64242 1.59181 1.21547 3.91063 2.82626 2.21827 1.3723 2.05048 1.64761 0.878608
threshold=-1.792748861728805 0.057899985187756194 0.26265306122448989 -0.93957095100588262 0.9900000000000001 -0.0087938838683873071 1.0000000180025095e-35 -0.30665792846413042 -1.5198896737365688 2.0690212530876981 2.4164443293862492 -4.6371750311675859
decision_type=2 2 2 2 2 2 2 2 2 2 2 2
left_child=1 2 3 -1 8 6 -6 -7 9 -2 -10 -4
right_child=4 -3 11 -5 5 7 -8 -9 10 -11 -12 -13
leaf_value=0.0050073682722145355 0.001318249581833595 -0.015471040067827907 -0.010266615679478994 0.019051243776744543 0.004503300449419414 -0.00051501031957094294 -0.012301547883490863 0.010049760886358922 -0.00037999128767110687 0.015325140103269059 -0.0067416265702443731 0.0024312541975133255
leaf_weight=35.814645785838366 84.152382418513298 2.4579198863357297 4.1024073511362102 10.501937124878166 12.494224708527328 22.58545820042491 19.381549702957273 51.955969892442226 1866.3512084037066 9.2708002403378469 35.780341435223818 22.959049589931965
leaf_count=509 1331 47 87 158 92 186 162 368 38775 68 312 339
internal_value=4.61449e-06 0.00458132 0.00584467 0.00915895 -0.000157575 0.00292231 -0.00539484 0.00672293 -0.000332087 0.00315748 -0.000514491 0
internal_weight=2177.81 75.836 73.378 46.3166 2101.97 106.417 31.8758 74.5414 1995.55 93.4232 1902.13 27.0615
internal_count=42434 1140 1093 667 41294 808 254 554 40486 1399 39087 426
is_linear=0
shrinkage=0.03


Tree=217
num_leaves=15
num_cat=0
split_feature=7 18 23 18 19 9 23 10 8 10 14 10 9 18
split_gain=1.74028 2.10124 2.09544 2.81776 2.69674 1.29357 5.22209 2.70095 2.28436 2.36122 2.14449 1.67351 1.11926 0.238735
threshold=0.06394557823129253 0.078834475886060087 0.0065034815276772137 -0.027213457205004284 0.0022880694294136034 0.9900000000000001 -0.010485206617845131 2.7069065650894042 2.4164443293862492 -1.3844231866522356 0.30952380952380959 3.7073306290290233 0.9900000000000001 0.1225618845078368
decision_type=2 2 2 2 2 2 2 2 2 2 2 2 2 2
left_child=1 2 3 -1 -4 8 10 -8 11 -10 -7 -2 13 -3
right_child=5 12 4 -5 -6 6 7 -9 9 -11 -12 -13 -14 -15
leaf_value=-0.0033821832067970586 -0.00033546728869276668 -0.01338748085491675 0.017932336466753351 0.010518761801214927 -0.0010006432529163307 -0.019678928627310407 0.0095874167324184051 -0.008025421624861806 0.0075663502716536591 -0.011016451736222184 -0.0011598929508712206 0.011941119371716727 0.0049066313536846248 0
leaf_weight=13.80742901470512 1867.3622739417478 8.97658604942262 5.3600430488586417 58.708864902146161 76.182181474752724 6.929031208157542 62.95402143523097 6.4451604411005965 5.0879570245742789 30.801090892404318 21.554384725168347 7.9945412930101147 2.3365278989076605 1.7769432179629792
leaf_count=227 38747 169 69 758 1247 54 463 51 40 278 177 107 14 33
internal_value=9.61575e-07 0.00293026 0.00399766 0.00765092 0.000463841 -0.000237953 0.00307292 0.00756263 -0.000418391 -0.00772576 -0.00715256 -0.000262477 -0.00750293 -0.011722
internal_weight=2176.28 167.149 154.059 72.5163 81.5422 2009.13 97.8826 69.3992 1911.25 35.889 28.4834 1875.36 13.0901 10.7535
internal_count=42434 2517 2301 985 1316 39917 745 514 39172 318 231 38854 216 202
is_linear=0
shrinkage=0.03


Tree=218
num_leaves=13
num_cat=0
split_feature=6 20 15 10 21 20 21 9 18 20 21 6
split_gain=1.64802 1.96408 1.88231 2.30823 2.05029 1.55954 1.98015 1.46155 1.38616 1.36463 1.52294 0.465501
threshold=-1.792748861728805 0.057899985187756194 0.79166666666666685 1.8735235215650794 0.0079616880116195748 -0.029262843611412567 0.0080209222996204688 0.93938775510204098 -0.019819892138591307 -0.048357910924954776 0.012219204735364168 -3.8711314033231115
decision_type=2 2 2 2 2 2 2 2 2 2 2 2
left_child=1 9 3 4 -2 7 -7 -4 -5 11 -11 -1
right_child=2 -3 5 8 -6 6 -8 -9 -10 10 -12 -13
leaf_value=-0.012001496823529785 0.0029477656650554484 -0.014745856306822373 -0.002731457848763396 0.015921861877977214 -0.00031994639678780058 -0.0028323803698540907 0.00020550303377907256 -0.013057585305138468 0.0034297559979689593 0.0039158201581277214 0.015617774684655196 0
leaf_weight=2.5434202589094639 221.10334377363324 2.3551896270364514 105.83613773901016 10.897087118588386 742.21985168382525 259.94841915089637 706.07920989207923 13.860524781048296 39.522620879113674 54.686829175800085 13.376638393849133 4.2836575591936699
leaf_count=51 4303 47 2766 138 13864 5393 14133 144 553 822 159 61
internal_value=3.00269e-06 0.00425655 -0.000150262 0.000770179 0.000419078 -0.00102331 -0.000600629 -0.00424539 0.00692026 0.00541723 0.00680989 -0.00516481
internal_weight=2176.71 77.2457 2099.47 1013.74 963.323 1085.72 966.028 119.697 50.4197 74.8905 68.0635 6.82708
internal_count=42434 1140 41294 18858 18167 22436 19526 2910 691 1093 981 112
is_linear=0
shrinkage=0.03


Tree=219
num_leaves=14
num_cat=0
split_feature=9 18 18 20 15 20 20 13 10 2 2 3 2
split_gain=1.3392 1.8613 3.44275 2.02848 1.25232 1.97502 1.73756 2.21677 2.04602 1.69411 1.52294 0.94313 0.30029
threshold=0.22111111111111112 -0.079961185203363747 -0.042158007341817121 0.0168144098674099 0.79166666666666685 -0.032086812317903439 -0.0022639054319628644 0.96888888888888902 -1.0339455895590592 -0.69400909853205006 -1.5049588175618138 0.21204081632653063 -0.77420739654524706
decision_type=2 2 2 2 2 2 2 2 2 2 2 2 2
left_child=1 12 11 -4 6 9 8 -8 -2 -6 -7 -3 -1
right_child=4 2 3 -5 5 10 7 -9 -10 -11 -12 -13 -14
leaf_value=0 -0.0023755910170276061 -0.0028613433235154099 -0.0052579351054200174 -3.5980442783481312e-05 -0.01103999318897511 0.0051385198224053845 -0.00035748500044862204 0.0059636477406911975 0.0039754470620178952 -0.0016856023300576362 -0.00030279194489719446 0.01026263769983907 -0.015503781369569881
leaf_weight=1.0300725940614928 50.488641950301826 3.0793167557567385 119.67789980396628 162.04017647076398 25.00132679194212 47.229264904744923 578.38302414957434 52.477428998798132 266.37395830079913 66.905261999927461 770.21621112152934 25.239606888964772 8.164539245888589
leaf_count=33 689 77 4072 4191 455 581 10394 597 4243 1543 14606 586 367
internal_value=1.73979e-05 -0.00176392 -0.00126799 -0.00232864 0.000333243 -0.000449987 0.00109992 0.000161814 0.00290788 -0.00457094 5.05794e-06 0.00824622 -0.0139323
internal_weight=2176.31 319.232 310.037 281.718 1857.08 909.352 947.723 630.86 316.863 91.9066 817.445 28.3189 9.19461
internal_count=42434 9326 8926 8263 33108 17185 15923 10991 4932 1998 15187 663 400
is_linear=0
shrinkage=0.03


Tree=220
num_leaves=12
num_cat=0
split_feature=8 15 7 8 13 15 8 20 2 5 1
split_gain=1.70812 1.35958 2.21169 1.67237 1.33337 1.48483 1.05468 1.05321 0.73106 0.145754 0.211973
threshold=-2.0193759572128891 0.15476190476190479 0.21204081632653063 2.0690212530876981 0.10657596371882087 0.73214285714285732 0.13368851051598865 0.030262692492810998 -0.18841920391699105 0.77664399092970526 0.65653061224489806
decision_type=2 2 2 2 2 2 2 2 2 2 2
left_child=8 2 7 -4 5 -3 -6 -2 -1 -10 -11
right_child=1 4 3 -5 6 -7 -8 -9 9 10 -12
leaf_value=0.017501372409378886 0.0005450693531635388 0.0062435434355903015 0.0028073068819549581 0.014539469638673206 -0.0014210626767708599 0.00046280779300128912 1.4722831523343434e-05 -0.010586068917311503 -0.0044358036867152284 0.0087782352739737054 0
leaf_weight=5.0590014345943928 18.470817394554619 50.318716798909009 40.429267827421427 16.791182622313499 790.30017263349146 202.55740481894463 1050.8780364822596 8.749623464420436 1.1605650372803196 1.3710669707506897 1.1693933699280021
leaf_count=68 185 798 455 106 22340 3339 15121 131 35 25 39
internal_value=-8.32123e-05 -0.000148771 0.00352481 0.00687813 -0.000307283 0.00171191 -0.000594303 -0.00299921 0.0118235 0 0.00389802
internal_weight=2187.26 2178.5 84.4409 57.2205 2094.05 252.876 1841.18 27.2204 8.76003 3.70103 2.54046
internal_count=42642 42475 877 561 41598 4137 37461 316 167 99 64
is_linear=0
shrinkage=0.03


Tree=221
num_leaves=15
num_cat=0
split_feature=9 20 18 7 9 20 20 3 18 10 17 7 0 21
split_gain=1.09445 1.86217 1.6153 1.19913 1.09615 2.41885 2.82311 2.58465 1.06083 0.98373 1.57971 1.52864 0.921168 0.42043
threshold=0.06394557823129253 0.030517996933851047 -0.01026312196770973 0.53197278911564638 0.97979591836734703 0.039455794884398661 0.012055423356726826 0.9900000000000001 -0.066173539488862218 3.2204130971036733 -0.013124403619859391 0.9900000000000001 -0.38723737004912623 0.006448979780895244
decision_type=2 2 2 2 2 2 2 2 2 2 2 2 2 2
left_child=1 2 8 -4 9 6 -6 -7 -1 11 -11 -2 -3 -14
right_child=4 12 3 -5 5 7 -8 -9 -10 10 -12 -13 13 -15
leaf_value=-0.0028975230298272378 -0.00042807146612756778 0.00062434038888869634 0.0015358831693672353 -0.0083007503922614048 0.0028279720175010689 0.0097793904188739952 -0.0052362124044333094 -0.0054550037125532169 0.013048519559997539 0.0176592746598929 0 -0.0075453586436257918 0 0.012718803556360608
leaf_weight=2.78985088225454 1835.3545165201649 13.798636319115756 16.657050591893494 20.871882859617472 103.79326199367642 48.542387826368213 59.831225078552961 9.7617331072688085 8.7773363236337882 4.9597522085532555 11.029955647885796 25.90750288637355 1.45865052379668 21.25669932551682
leaf_count=129 37336 354 537 775 781 358 507 79 246 57 198 751 41 493
internal_value=-8.2724e-05 0.00319148 -0.000380639 -0.00369852 -0.000226304 0.001744 -5.7848e-05 0.00688367 0.00823675 -0.000468824 0.00645105 -0.000543182 0.00815432 0.0117009
internal_weight=2184.79 85.6101 49.0961 37.5289 2099.18 221.929 163.624 58.3041 11.5672 1877.25 15.9897 1861.26 36.514 22.7153
internal_count=42642 2575 1687 1312 40067 1725 1288 437 375 38342 255 38087 888 534
is_linear=0
shrinkage=0.03


Tree=222
num_leaves=15
num_cat=0
split_feature=9 13 19 11 9 1 11 5 6 19 9 22 21 21
split_gain=1.19616 1.49539 1.34658 1.45719 1.04683 2.19262 2.00742 1.44134 0.945874 1.69568 0.863561 0.805105 0.552953 0.413819
threshold=0.06394557823129253 0.48444444444444451 0.0053931113536722043 0.35124716553287988 0.22111111111111112 0.36367346938775519 0.76775510204081643 0.30806122448979595 -5.4584237355610083 0.004149548330046186 0.97979591836734703 1.0000000180025095e-35 0.0079616880116195748 0.0093503001972874335
decision_type=2 2 2 2 2 2 2 2 2 2 2 2 2 2
left_child=1 11 12 -4 5 7 -7 -2 9 -6 -10 -1 -3 -13
right_child=4 2 3 -5 8 6 -8 -9 10 -11 -12 13 -14 -15
leaf_value=-0.0027378843052819381 -0.0022197866873743506 0.00015427012622901907 -0.005724173983100299 0.0094296517818194953 0.0058245413788089876 -0.0059817595631109065 0.00243581703935158 0.0051944346374288072 -0.00016200924621373721 -0.015734716715106321 0.0018249778526974513 0.0030902762881946208 -0.0095230580882911756 0.010719289686843202
leaf_weight=4.1131923329085103 41.509014410898089 3.5912275649607208 6.1518250908702639 13.366045505739747 2.6200803462415916 122.03263460285962 28.059822292067111 45.975504217669368 1629.3167244414799 6.9341597873717546 221.15477257035673 20.367005975916982 13.645980603061615 25.279928846284747
leaf_count=167 1113 112 188 421 34 3801 877 1043 31348 139 1712 560 479 648
internal_value=-7.40524e-05 0.00333167 -0.000900554 0.00386813 -0.000224705 -0.00209155 -0.00429813 0.00153797 7.67847e-06 -0.00853943 6.90775e-05 0.00666158 -0.0069207 0.00790275
internal_weight=2184.12 86.5152 36.7551 19.5179 2097.6 237.577 150.092 87.4845 1860.03 9.55424 1850.47 49.7601 17.2372 45.6469
internal_count=42642 2575 1200 609 40067 6834 4678 2156 33233 173 33060 1375 591 1208
is_linear=0
shrinkage=0.03


Tree=223
num_leaves=12
num_cat=0
split_feature=8 2 23 10 3 8 13 18 2 2 0
split_gain=1.9945 0.990481 2.03476 2.3783 1.67788 1.56358 1.39034 1.25099 0.726354 0.0236587 0.0690889
threshold=-2.0193759572128891 1.0000000180025095e-35 0.079403507227244777 0.35701007922589728 0.51065759637188213 2.2218817664379085 0.85857142857142865 0.042909968863953492 -0.18841920391699105 0.21931679240832122 0.21931871074291318
decision_type=2 2 2 2 2 2 2 2 2 2 2
left_child=8 4 6 -4 5 -2 -3 -6 -1 -10 -11
right_child=1 2 3 -5 7 -7 -8 -9 9 10 -12
leaf_value=0.018079470012393174 -0.00020786925943844006 -0.00062973571625521982 -0.00028018135690472773 0.0084201877096936328 0.0018722086772066096 0.00391882030681399 -0.0034320505982964205 0.010740202463014815 -0.00077513166121946468 0.0049342822836317985 0
leaf_weight=5.3890286907553673 971.41637281887233 711.80177328595892 70.576693745329976 41.853195868432522 57.103984510526061 88.019106788560748 212.05668929964304 20.986412468366325 1.3445117194205507 1.345907846465707 1.0857944646850226
leaf_count=68 19862 15197 1289 674 1209 655 3187 402 38 25 36
internal_value=-7.18733e-05 -0.000143525 -0.000818888 0.0029181 0.000458927 0.000127587 -0.00129519 0.00465142 0.0125606 0 0.00208596
internal_weight=2182.98 2173.81 1036.29 112.43 1137.53 1059.44 923.858 78.0904 9.16524 3.77621 2.4317
internal_count=42642 42475 20347 1963 22128 20517 18384 1611 167 99 61
is_linear=0
shrinkage=0.03


Tree=224
num_leaves=11
num_cat=0
split_feature=8 13 12 21 9 9 12 16 3 5
split_gain=1.85601 1.04755 3.29334 1.39519 1.26244 1.23862 2.96068 1.47091 0.487642 0.0919067
threshold=-2.0193759572128891 0.10657596371882087 -0.69938600142178642 0.0072411382148914322 0.9900000000000001 0.55328798185941053 -0.022370621730122709 0.81816326530612249 0.39387755102040822 0.77664399092970526
decision_type=2 2 2 2 2 2 2 2 2 2
left_child=8 2 4 -4 -2 6 -3 -7 -1 -10
right_child=1 5 3 -5 -6 7 -8 -9 9 -11
leaf_value=0.017298305124513604 0.00047628928406318857 -0.0027632327303937993 -0.0012910131574905958 0.011602417262784839 -0.014621307260387212 0.0009295397026428217 0.0015569619059842771 -0.0012138136276361885 -0.0010734279797482119 0.0041037072161938743
leaf_weight=4.9328140839934331 221.83285224903375 466.18762687593699 6.5359233766794196 34.29913438949734 3.0833759345114222 795.80308993998915 199.05435458850116 446.69935334566981 1.5809764778241513 2.6676599029451609
leaf_count=61 3627 14465 126 478 27 12901 5033 5818 41 65
internal_value=-8.05918e-05 -0.000149991 0.00159634 0.00922463 7.61673e-05 -0.000402528 -0.00144727 0.000146205 0.0120947 4.97371e-05
internal_weight=2182.68 2173.5 265.751 40.8351 224.916 1907.74 665.242 1242.5 9.18145 4.24864
internal_count=42642 42475 4258 604 3654 38217 19498 18719 167 106
is_linear=0
shrinkage=0.03


Tree=225
num_leaves=12
num_cat=0
split_feature=8 14 1 6 4 23 8 2 0 0 6
split_gain=1.28151 1.20565 1.71263 2.09353 1.5671 1.49325 1.58799 1.13591 0.777158 1.12828 0.0581143
threshold=-2.0193759572128891 0.53571428571428581 0.46333333333333343 0.68817232528357797 0.08469828527459676 -0.056129189648050686 -0.0094241825467130582 -2.3489409842457447 -0.4744521495774468 0.12749735223652869 0.33301318961029397
decision_type=2 2 2 2 2 2 2 2 2 2 2
left_child=8 5 3 -3 -4 7 -7 -2 -1 -10 -11
right_child=1 2 4 -5 -6 6 -8 -9 9 10 -12
leaf_value=0 -0.0062665318980100818 0.002264785520935017 -0.0022794998095610232 -0.008524680223815008 0.00071016235803232164 -0.0032430715773336446 -3.1457782115962496e-05 0.0047270092102195075 0.023149664814734645 0.0025590541670571718 -0.0029476612771436664
leaf_weight=2.804325258359313 6.834691382944583 644.54979742132127 211.5089785894379 14.132548091933129 599.59612719807774 211.55621745204553 422.35636936873198 65.115710244514048 3.5435631666332466 1.8549743294715884 1.1141116106882689
leaf_count=43 52 11500 4885 315 12227 6171 6247 1161 44 39 42
internal_value=0.000417242 0.000357392 0.000850876 0.00198548 -5.46827e-05 -0.000648478 -0.00113369 0.00333864 0.0105346 0.015156 0
internal_weight=2184.97 2175.65 1469.79 658.682 811.105 705.863 633.913 71.9504 9.31697 6.51265 2.96909
internal_count=42726 42558 28927 11815 17112 13631 12418 1213 168 125 81
is_linear=0
shrinkage=0.03


Tree=226
num_leaves=15
num_cat=0
split_feature=14 5 16 21 11 16 3 7 2 16 21 1 19 23
split_gain=1.04407 2.18574 1.94313 2.12074 1.66417 1.69151 1.65193 1.45323 3.02563 2.06659 1.4234 1.20661 1.18835 1.14836
threshold=0.53571428571428581 0.040408163265306128 0.69693877551020422 0.011450984825290981 0.9900000000000001 0.77664399092970526 0.62111111111111128 0.84222222222222232 1.182044111695191 0.95959183673469395 0.011267548479528206 0.36867346938775519 0.002527085985668288 -0.056129189648050686
decision_type=2 2 2 2 2 2 2 2 2 2 2 2 2 2
left_child=4 2 10 -4 6 11 13 8 -3 -9 -2 -6 -8 -1
right_child=1 7 3 -5 5 -7 12 9 -10 -11 -12 -13 -14 -15
leaf_value=0.0035856888914587003 -0.0024421644893154559 0.00043155891943369212 0.021866897811326638 -0.00035368687282309871 0.019740147813434517 -0.00042976647589004123 0.006483429757715084 -0.0027389612559965784 0.0045873755131890619 0.0043470424104328333 0.01053806121435227 0 -0.0053203393246769289 -0.00064008205561001772
leaf_weight=62.642708344385028 18.196048798970882 1005.5845091091469 10.606182117015122 3.6342514520511022 7.9169490262866038 9.2255802024155837 5.5735598728060713 199.8857888514176 187.8001414835453 42.203517691232264 9.3983253818005306 2.2555324379354715 91.530228606425226 526.6430746614933
leaf_count=978 361 20591 93 44 90 106 94 4799 2436 554 177 47 2003 10353
internal_value=0.000424767 0.00088161 0.00751593 0.0159272 -0.000510065 0.00766792 -0.000784579 0.000667639 0.00110468 -0.00141671 0.0018853 0.0151081 -0.0043743 -0.000154893
internal_weight=2183.1 1477.31 41.8348 14.2404 705.788 19.3981 686.39 1435.47 1193.38 242.089 27.5944 10.1725 97.1038 589.286
internal_count=42726 29055 675 137 13671 243 13428 28380 23027 5353 538 137 2097 11331
is_linear=0
shrinkage=0.03


Tree=227
num_leaves=15
num_cat=0
split_feature=10 17 7 12 0 12 23 12 3 12 21 18 21 21
split_gain=1.15335 3.23906 3.33766 1.86974 2.56756 2.36178 2.25929 1.81506 2.17187 1.79417 1.79073 1.88128 1.71972 1.47846
threshold=-1.4165278526508389 0.0076708902481152927 0.75532879818594112 -0.43424650606263432 1.8252116806073109 -0.69938600142178642 -0.012164933954284527 -0.27306774089303926 0.74755102040816335 -0.18180856453214642 0.017092536142546477 0.034190567458863848 0.0071552553280849673 0.0096204477589432232
decision_type=2 2 2 2 2 2 2 2 2 2 2 2 2 2
left_child=1 2 9 4 5 -2 -6 8 -5 -1 11 -3 -9 -4
right_child=3 10 13 7 6 -7 -8 12 -10 -11 -12 -13 -14 -15
leaf_value=0.0024901117933540185 -0.0010109019754167003 0.0022562161935737999 0.0026597346627594723 -0.0011970800778567541 -0.0031039215725213762 0.0022769063356141085 0.014745778433030717 0.0033264150962192588 -0.0085047347044976736 0.014744495122780475 0.01296042579181287 -0.007942618062490402 -0.0004473184651152002 -0.014093637121237367
leaf_weight=20.95294324029237 314.70222866674885 25.584565350785851 7.7708683218806964 158.90933143068105 6.2804600447416332 499.11540262494236 20.740671569481492 121.98004814330488 48.827731305733323 35.759026136249304 4.5185173898935309 33.469426155090332 877.17716447450221 5.9888397110626101
leaf_count=380 6107 397 122 3860 141 11353 300 2173 1154 387 60 526 15660 106
internal_value=0.000419911 0.00310406 0.00748278 0.000234032 0.00132346 0.000987767 0.0101522 -0.000513495 -0.00305095 0.0107115 -0.00160129 -0.00334922 4.13214e-06 -0.00454348
internal_weight=2181.78 134.044 70.4717 2047.73 840.839 813.818 27.0211 1206.89 207.737 56.712 63.5725 59.054 999.157 13.7597
internal_count=42726 1978 995 40748 17901 17460 441 22847 5014 767 983 923 17833 228
is_linear=0
shrinkage=0.03


Tree=228
num_leaves=15
num_cat=0
split_feature=10 17 7 7 12 2 21 7 12 18 21 21 18 21
split_gain=1.12499 2.90083 2.78886 1.88249 1.69461 2.01455 2.55762 2.50666 1.55829 2.46874 1.60193 1.55164 1.5977 1.33106
threshold=-1.4165278526508389 0.0076708902481152927 0.75532879818594112 0.21204081632653063 -0.44259892963341246 1.157918624191326 0.011428199121863295 0.84222222222222232 -0.27306774089303926 0.089868133939149289 0.0071552553280849673 0.017092536142546477 0.034190567458863848 0.0096204477589432232
decision_type=2 2 2 2 2 2 2 2 2 2 2 2 2 2
left_child=1 2 3 -1 5 6 -2 -7 9 -6 -10 12 -3 -4
right_child=4 11 13 -5 8 7 -8 -9 10 -11 -12 -13 -14 -15
leaf_value=0 0.0019263456747903559 0.0020256859737635261 0.0027805235420758998 0.01308790969640824 -0.0036404441652090626 0.0087702181062631786 -0.0018796934165406138 -0.002810480336012648 0.0032297616397277771 0.0081927336509648226 -0.00040835625365042002 0.012148300276053375 -0.0073817612493165922 -0.013229324047122664
leaf_weight=14.199649170041083 525.08382512070239 25.691298730671406 7.8200542721897346 43.175402851775289 207.20497695868835 60.78222799487412 222.35407847445458 19.519459965638816 122.25228548701853 14.608248000964521 875.89710696972907 4.486571440473198 32.728393459692597 5.7339855087921023
leaf_count=189 11144 397 122 578 5026 910 5063 454 2173 318 15660 60 526 106
internal_value=0.000420703 0.00307416 0.00718563 0.0100893 0.000237128 0.00128807 0.000772084 0.00577307 -0.000464598 -0.00272786 2.78063e-05 -0.00140914 -0.00306627 -0.00385819
internal_weight=2181.54 133.835 70.9291 57.3751 2047.7 827.74 747.438 80.3017 1219.96 221.813 998.149 62.9063 58.4197 13.554
internal_count=42726 1978 995 767 40748 17571 16207 1364 23177 5344 17833 983 923 228
is_linear=0
shrinkage=0.03


Tree=229
num_leaves=15
num_cat=0
split_feature=12 20 23 7 3 9 21 20 6 12 1 9 21 12
split_gain=0.910194 3.9223 2.54569 4.75884 2.59123 2.25218 4.17471 2.10923 1.90318 1.85161 2.13295 1.45089 2.00723 1.88567
threshold=-0.43424650606263432 0.018578075210982318 -0.014550132214581233 0.37256235827664402 0.23224489795918371 0.62111111111111128 0.0068115265314547214 0.0168144098674099 -0.10277133855643732 -0.38059829753448032 0.20704081632653062 0.24222222222222226 0.0067547869324809965 0.46009468772802836
decision_type=2 2 2 2 2 2 2 2 2 2 2 2 2 2
left_child=1 2 4 -4 -1 8 -7 9 -3 -2 -11 13 -13 -9
right_child=7 5 3 -5 -6 6 -8 11 -10 10 -12 12 -14 -15
leaf_value=0.0065171139159374298 -0.0052139194091011653 -0.00050755801815170266 -0.010050064882899267 -6.3174633562273461e-05 -0.00054718449849750688 -0.0070873629652027847 0.0082204409595593685 0 0.0041659356750045617 0.0041365579311948113 0.00030780062971433585 0.0029255268894418651 -0.0025246328051046689 0.0121688651646411
leaf_weight=60.283598655834794 36.627913276664913 163.27855296619236 62.42353183683008 138.15614468324929 174.42754908557981 15.756665742024778 124.15526944492012 58.95901570469141 140.15031004417688 190.09674919396639 443.97723775263876 65.164656130596995 494.86568710394204 12.718199274502693
leaf_count=950 935 3638 1434 3121 4232 295 1806 1791 3046 2498 8771 1152 8751 306
internal_value=0.000420817 0.00116684 -0.000827697 -0.00331383 0.00124359 0.00315377 0.00631521 -7.19862e-05 0.00161511 0.0010859 0.00148865 -0.00132457 -0.00185561 0.00255877
internal_weight=2181.04 878.632 435.291 200.58 234.711 443.341 139.912 1302.41 303.429 670.702 634.074 631.708 560.03 71.6772
internal_count=42726 18522 9737 4555 5182 8785 2101 24204 6684 12204 11269 12000 9903 2097
is_linear=0
shrinkage=0.03


Tree=230
num_leaves=14
num_cat=0
split_feature=1 2 23 21 2 19 23 10 16 15 23 10 3
split_gain=0.935952 1.53014 1.20783 1.17519 1.05679 2.5002 3.20416 2.2724 2.06998 2.54288 1.29705 1.00736 0.807554
threshold=0.020204081632653064 -2.3489409842457447 -0.049353264031861015 0.013197509850159215 0.68273364071379061 0.0038047855041301302 -0.0099178497705780227 -1.4806590830110156 0.89897959183673481 0.35416666666666669 0.10328938060205452 1.3050699634376122 0.06394557823129253
decision_type=2 2 2 2 2 2 2 2 2 2 2 2 2
left_child=1 11 12 -4 8 6 -6 -7 10 -10 -2 -1 -3
right_child=4 2 3 -5 5 7 -8 -9 9 -11 -12 -13 -14
leaf_value=-0.021480479757876345 0.0005364726483029561 0.014120225071505496 -0.00078108000692320135 -0.013969478602379232 -0.0035582539056010689 0.0058627954988378656 0.0069454020498934668 -0.0025338742965903402 -0.0040337117692046849 0.0049800868620547573 -0.0037489755023372329 0 0
leaf_weight=4.3307610116898996 1304.1817002343014 4.9593886286020261 45.636070562526584 5.7381809428334227 37.211710417643189 28.554695630446076 70.519542082212865 381.74530471395701 30.089416017755866 174.88673824444413 64.242380804382265 4.6959120631217957 4.3594725634902716
leaf_count=37 27844 34 578 82 867 383 1052 6993 491 2597 1334 37 47
internal_value=0.000241279 -0.00310742 -0.000938282 -0.00300343 0.000362939 -0.000796249 0.00318188 -0.00188752 0.000754641 0.00355825 0.000319164 -0.0135163 0.00764053
internal_weight=2161.15 69.7198 60.6931 51.3743 2091.43 518.031 107.731 410.3 1573.4 204.976 1368.42 9.02667 9.31886
internal_count=42376 815 741 660 41561 9295 1919 7376 32266 3088 29178 74 81
is_linear=0
shrinkage=0.03


Tree=231
num_leaves=12
num_cat=0
split_feature=8 12 15 12 13 10 12 5 0 0 12
split_gain=1.90225 1.12118 1.64582 1.91495 1.44919 2.29872 1.65541 1.21568 0.962398 0.497393 0.0247372
threshold=-2.0193759572128891 0.042901582256343683 0.30952380952380959 1.1820569301299171 0.56571428571428584 0.97923780597091559 -0.27306774089303926 0.085260770975056702 0.12749735223652869 -0.4744521495774468 -0.55603884387277513
decision_type=2 2 2 2 2 2 2 2 2 2 2
left_child=8 4 3 -3 6 -6 -2 -4 9 -1 -10
right_child=1 2 7 -5 5 -7 -8 -9 10 -11 -12
leaf_value=0.00010802673439666913 -0.00010193260597088573 0 0.0052188662049642235 -0.010449156730793144 -0.003587562996909138 0.0036694897406065147 0.0058834438244153046 0.0010619513483744348 0 0.022272786667211747 -0.0025183679792198771
leaf_weight=2.7757549770176411 1048.1978768180124 51.571216060779989 71.645702945999801 20.470591953024268 223.99265683069825 43.90814676694572 41.187505938112736 650.19828010629863 1.1615074379369619 4.2259061429649574 1.5103860590606926
leaf_count=41 22686 655 836 237 5212 841 846 10896 28 46 52
internal_value=0.00023494 0.00016218 0.00106104 -0.00313993 -0.000353319 -0.0023242 0.000120986 0.00150854 0.0123302 0.0171284 0
internal_weight=2160.85 2151.17 793.886 72.0418 1357.29 267.901 1089.39 721.844 9.67355 7.00166 2.67189
internal_count=42376 42209 12624 892 29585 6053 23532 11732 167 87 80
is_linear=0
shrinkage=0.03


Tree=232
num_leaves=12
num_cat=0
split_feature=8 7 20 18 19 0 20 8 0 0 20
split_gain=1.83598 1.76226 4.00208 2.59503 2.42108 1.80084 2.24041 1.91735 0.910538 0.45912 0.021351
threshold=-2.0193759572128891 0.080816326530612256 0.013051498391895457 0.07707485721127362 0.0057304741824085901 -1.5747890702998295 0.004584971851874787 3.1148300177910131 0.12749735223652869 -0.4744521495774468 0.013273293033239543
decision_type=2 2 2 2 2 2 2 2 2 2 2
left_child=8 2 3 -2 -4 6 -3 -7 9 -1 -10
right_child=1 5 4 -5 -6 7 -8 -9 10 -11 -12
leaf_value=5.9152883939431754e-05 0.0082316004349887052 0.00015029698570428671 -0.0056395457066412613 -0.0059958457534481108 0.0031313433992393299 -1.8938427415071052e-05 -0.0084040075757790857 0.008157453841718329 -0.0023718414091976922 0.021566693221589231 0
leaf_weight=2.7737268023192883 100.22365925088525 51.779397113248706 55.660806592553854 10.312152495607732 51.853601098060608 1806.3808862091973 49.666788438335061 24.142743987962604 1.4157789349555971 4.3358340673148614 1.2521756179630754
leaf_count=41 1387 598 997 167 804 37391 682 183 54 46 26
internal_value=0.000234098 0.000162164 0.00270891 0.00668803 -0.00129249 -0.00012002 -0.00397429 8.94997e-05 0.0120646 0.0166776 0
internal_weight=2159.8 2150.02 218.05 110.536 107.514 1931.97 101.446 1830.52 9.77752 7.10956 2.66795
internal_count=42376 42209 3355 1554 1801 38854 1280 37574 167 87 80
is_linear=0
shrinkage=0.03


Tree=233
num_leaves=14
num_cat=0
split_feature=7 20 21 13 21 13 8 10 6 10 20 4 20
split_gain=1.78322 3.87597 2.92761 2.29896 2.18863 1.47516 1.3573 1.07544 1.60956 1.5155 0.781388 0.593594 0.731144
threshold=0.080816326530612256 0.013051498391895457 0.012371641176660267 0.25244897959183682 0.0073911210044222443 0.9900000000000001 -2.0193759572128891 -0.76478809983847196 -0.13302920644574853 0.18633350088996528 0.023597537215610091 -0.80412009741903023 -0.0033545872515899351
decision_type=2 2 2 2 2 2 2 2 2 2 2 2 2
left_child=1 3 4 -1 -3 -5 11 8 -8 -9 -4 -2 -13
right_child=6 2 10 5 -6 -7 7 9 -10 -11 -12 12 -14
leaf_value=-0.012367042722868487 0 0.0038751274682595595 -0.001494731275653682 0.0087490742787077191 -0.0063580571935210441 -0.0016133815433097708 -0.0011991226992099019 -0.0015102983361490036 0.0023243600257102466 0.00042765621822480113 0.011222822950542345 0 0.017507461305171886
leaf_weight=3.1528371758759013 1.4702024236321447 22.464639015495777 2.5906548984348801 97.759832020848989 66.450943440198898 10.764267263934014 173.48116038646549 723.8239235309884 325.47543562110513 708.19158520596102 16.331539496779442 1.7865971345454452 5.8040837701410037
leaf_count=76 25 362 42 1380 1153 100 3033 16348 5344 14129 250 56 78
internal_value=0.000233813 0.00278512 -0.00115208 0.0066723 -0.00357927 0.00757493 -4.97147e-05 -0.000117304 0.00106945 -0.000542179 0.00878827 0.0104149 0.0134462
internal_weight=2159.55 219.515 107.838 111.677 88.9156 108.524 1940.03 1930.97 498.957 1432.02 18.9222 9.06088 7.59068
internal_count=42376 3363 1807 1556 1515 1480 39013 38854 8377 30477 292 159 134
is_linear=0
shrinkage=0.03


Tree=234
num_leaves=15
num_cat=0
split_feature=7 21 23 19 12 11 0 17 17 6 2 12 21 4
split_gain=1.76907 3.23933 3.22401 2.42429 2.22445 1.88245 1.64395 1.99373 2.90401 1.5896 0.956709 2.67072 2.09599 0.765287
threshold=0.080816326530612256 0.012371641176660267 -0.044241278660413656 0.0066311649103793432 -0.65553987941342184 0.042630385487528351 -1.5747890702998295 -0.0017296141054319312 0.0085063959740274715 0.050623890478449916 0.68273364071379061 3.7314656802937525 0.013336623607772919 -1.4367531461526113
decision_type=2 2 2 2 2 2 2 2 2 2 2 2 2 2
left_child=1 2 13 -4 -3 -6 7 9 -9 -2 11 -8 -12 -1
right_child=6 4 3 -5 5 -7 10 8 -10 -11 12 -13 -14 -15
leaf_value=0 0.006302675997012887 -0.0090451961509757737 -0.0036403500489344156 0.0043141428080604458 -0.007090913477100471 0.012710268734840784 0.00041921267905689819 -0.016781968637255607 -0.0024091355949443054 -0.0063251934443328932 -0.0017921984943166252 0.013440259953346476 0.0037389738558532559 0.014111235929057442
leaf_weight=5.6569668278098133 23.44059369713068 3.1431069960817686 99.230989795178175 49.361166480928659 2.4897205345332614 45.038973473012447 1334.9647291004658 17.347201567143202 48.954949290491641 11.143246755003927 420.92551088053733 12.434614757075904 68.94987893011421 15.816997511312364
leaf_count=61 300 64 1648 735 37 627 28653 226 617 138 7584 133 1362 191
internal_value=0.000235184 0.00276849 0.000651651 -0.00087612 0.0092938 0.0111257 -4.81612e-05 -0.00374425 -0.00677053 0.00170048 0.000150489 0.000570237 -0.000971154 0.0110362
internal_weight=2158.9 220.738 170.066 148.592 50.6718 47.5287 1938.16 100.886 66.3022 34.5838 1837.27 1347.4 489.875 21.474
internal_count=42376 3363 2635 2383 728 664 39013 1281 843 438 37732 28786 8946 252
is_linear=0
shrinkage=0.03


Tree=235
num_leaves=12
num_cat=0
split_feature=8 9 12 12 13 9 0 2 3 2 0
split_gain=2.70424 0.844782 3.87791 5.53404 5.03402 2.02556 2.72275 1.33647 0.46192 0.126543 0.0913886
threshold=-2.0193759572128891 0.95959183673469395 -0.13667130557245186 -0.49337221438654405 0.69693877551020422 0.93938775510204098 2.1772659310187805 -0.69400909853205006 0.39387755102040822 0.21931679240832122 0.26641897963383881
decision_type=2 2 2 2 2 2 2 2 2 2 2
left_child=8 5 3 -3 -4 7 -7 -2 -1 -10 -11
right_child=1 2 4 -5 -6 6 -8 -9 9 10 -12
leaf_value=0.019052008237719513 -0.0014671398247330272 -0.0036635500708427312 -0.016289546622799467 0.013104169163456874 0.00078479871423864356 -0.0068031049274199012 0.009204672520865884 0.00046550002659551164 -4.6828809462817216e-05 0.0079056285897035547 0
leaf_weight=5.8845039531588537 420.65302987955511 24.208841487765312 14.723597787320612 49.022637240588665 209.29658431001008 72.94736197963357 8.461755868047474 1350.4686739547178 1.8446739949285982 1.336289815604687 1.2709261151030657
leaf_count=66 8731 207 149 368 1782 810 71 30261 42 19 42
internal_value=0.000109179 2.17971e-05 0.00150708 0.00741168 -0.000405249 -0.000209808 -0.00477859 0 0.0141171 0.00138549 0.00523506
internal_weight=2160.12 2149.78 297.252 73.2315 224.02 1852.53 81.4091 1771.12 10.3364 4.45189 2.60722
internal_count=42548 42379 2506 575 1931 39873 881 38992 169 103 61
is_linear=0
shrinkage=0.03


Tree=236
num_leaves=15
num_cat=0
split_feature=10 9 6 18 2 14 3 17 6 21 20 21 6 17
split_gain=0.825822 2.48081 2.54407 2.51354 2.38815 4.29152 2.39932 1.50964 1.0433 2.10376 2.12459 2.00959 1.27563 2.05854
threshold=1.0047431550238048 0.89897959183673481 -0.025357841370658506 -0.028637379846539187 -0.586898858301237 0.69047619047619058 0.97979591836734703 0.054326082007452266 -1.4831474610352628 0.0088269963408753281 -0.045984850379333191 0.0060995487536062137 0.010224082255777934 0.054326082007452266
decision_type=2 2 2 2 2 2 2 2 2 2 2 2 2 2
left_child=8 2 7 -4 5 -3 -6 -2 9 11 -11 -1 13 -10
right_child=1 4 3 -5 6 -7 -8 -9 12 10 -12 -13 -14 -15
leaf_value=0.013286303913253148 0.0014852981568782525 0.0046486792627470032 0.0054771406450942932 -0.0060992826158851989 0.011786999007622711 -0.01437845451722292 0 0.01580858749978372 -0.00082085756606448752 -0.0066677513505604769 0.0089664700078662379 -0.0083537897426753764 0.00051861447242928301 -0.009300378558184599
leaf_weight=2.4844580516219166 103.36402405239642 39.931459568440914 17.95758820977062 85.000911368057132 49.98231447674334 12.299220498651264 24.961313096806407 5.5621078871190539 871.38811916299164 6.7101925369352093 45.902849324047565 18.09965793043375 851.05114151164889 25.065907018259168
leaf_count=31 2164 338 395 2208 443 127 210 88 17139 101 634 321 17861 488
internal_value=0.000101787 0.00146065 -0.000468895 -0.00387136 0.00474907 0 0.00811156 0.00262376 -0.000144363 0.00329953 0.00652668 -0.00413239 -0.000300797 -0.00109483
internal_weight=2159.76 339.059 211.885 102.958 127.174 52.2307 74.9436 108.926 1820.7 73.1972 52.613 20.5841 1747.51 896.454
internal_count=42548 5973 4855 2603 1118 465 653 2252 36575 1087 735 352 35488 17627
is_linear=0
shrinkage=0.03


Tree=237
num_leaves=12
num_cat=0
split_feature=8 6 6 8 8 8 16 18 1 1 20
split_gain=2.26667 0.803425 2.1026 2.41194 1.83963 0.85113 2.59373 0.915379 0.239908 0.476784 0.105918
threshold=-2.0193759572128891 -1.792748861728805 -2.5806312070245392 0.86469239869511472 0.50786342146261199 2.0690212530876981 0.77664399092970526 0.102785878981576 0.59591836734693893 0.33666666666666673 0.023597537215610091
decision_type=2 2 2 2 2 2 2 2 2 2 2
left_child=8 2 3 -2 -4 7 -7 -3 9 -1 -10
right_child=1 5 4 -5 -6 6 -8 -9 10 -11 -12
leaf_value=0.00039655975830115765 0.004614029498187705 -0.00043470958327454637 -0.0020074026241183041 -0.007829975605511472 0.013574038572571166 0.0062721473570172348 -0.00074405898306015652 0.0027863079939895305 -0.0010733703184290996 0.020833529126901739 0.0051979027804376059
leaf_weight=3.2478836551308614 31.154259122908115 1790.9204872734845 6.8513492420315769 22.013007959350944 20.881785325706005 71.491674207150936 124.24259941093624 80.187563120387495 1.6497325450181963 4.2394359651952982 1.3725849390029905
leaf_count=43 570 37995 126 262 204 535 1021 1666 58 46 22
internal_value=0.000108823 2.76323e-05 0.00292862 -0.000363377 0.00934412 -8.13891e-05 0.00178026 -0.000285835 0.0128448 0.0155018 0
internal_weight=2158.25 2147.74 80.9004 53.1673 27.7331 2066.84 195.734 1871.11 10.5096 7.48732 3.02232
internal_count=42548 42379 1162 832 330 41217 1556 39661 169 89 80
is_linear=0
shrinkage=0.03


Tree=238
num_leaves=12
num_cat=0
split_feature=8 6 23 6 4 0 15 0 4 3 0
split_gain=2.05557 0.805118 2.47005 1.77408 1.42519 0.983634 2.97156 1.27882 0.416267 0.500695 0.0760329
threshold=-2.0193759572128891 -1.792748861728805 0.047326257505606047 -2.5806312070245392 -0.32316083234437343 -1.8539981229247751 0.92857142857142871 -1.4827917113986984 -0.80412009741903023 0.39387755102040822 0.5637839570420019
decision_type=2 2 2 2 2 2 2 2 2 2 2
left_child=8 2 3 -2 -4 6 -3 -7 -1 -10 -11
right_child=1 5 4 -5 -6 7 -8 -9 9 10 -12
leaf_value=0 0.00090038849107128673 -0.00012224430554851805 -0.01956540874967392 0.010823727745972357 0.002327077802836607 0.0038619614070268486 -0.01384397254113885 -8.6639514170158119e-05 0.020117350201063668 0.004015636648608426 0
leaf_weight=1.8560354448854912 49.063121173530817 70.309937756508589 4.5095845237374306 25.857545403763652 2.0830041654407969 74.664138678461313 16.589186530560255 1903.6844982551411 4.6560919508337957 2.6830384396016598 1.4023286467418072
leaf_count=28 742 797 99 291 30 1067 237 39116 46 47 48
internal_value=0.000114909 3.69593e-05 0.00292933 0.00471264 -0.0119709 -7.26673e-05 -0.003163 5.85586e-05 0.0122019 0.0144738 0.00107908
internal_weight=2157.36 2146.76 81.5133 74.9207 6.59259 2065.25 86.8991 1978.35 10.5975 8.74146 4.08537
internal_count=42548 42379 1162 1033 129 41217 1034 40183 169 141 95
is_linear=0
shrinkage=0.03


Tree=239
num_leaves=12
num_cat=0
split_feature=8 10 8 12 18 8 0 8 2 2 0
split_gain=2.49162 0.710738 2.19034 2.86654 1.19406 1.16731 1.50417 1.05513 0.394505 0.15281 0.095274
threshold=-2.0193759572128891 1.0047431550238048 1.0984392800400851 -0.1282531426071887 -0.027213457205004284 3.5908320708325467 0.70785963961170573 3.1148300177910131 -0.18841920391699105 0.21931679240832122 0.26641897963383881
decision_type=2 2 2 2 2 2 2 2 2 2 2
left_child=8 5 4 -4 -3 7 -7 -2 -1 -10 -11
right_child=1 2 3 -5 -6 6 -8 -9 9 10 -12
leaf_value=0.017209842226353186 -0.00020298662172258062 0.0041921900690899795 0.0097914556713647825 0.00061820783479413579 -0.0017316709556426941 -0.014137734625358092 0.0040483634234258206 0.0072374387791947848 -0.0017476385946198589 0.0079843863789894332 0
leaf_weight=6.8499874547123909 1780.6607469599694 34.560855085030198 50.227943440899253 84.407935835421085 168.07073087850586 9.8114800788462144 3.5115611329674712 15.250358844175933 1.3847742285579423 1.3735255934298041 1.2659060927107928
leaf_count=74 36201 743 437 761 4013 82 34 108 34 19 42
internal_value=0.000112427 2.64773e-05 0.00129269 0.00424344 -0.000616896 -0.000202449 -0.00846273 -0.000123481 0.0132735 0.000594049 0.00527953
internal_weight=2157.38 2146.5 337.267 134.636 202.632 1809.23 13.323 1795.91 10.8742 4.02421 2.63943
internal_count=42548 42379 5954 1198 4756 36425 116 36309 169 95 61
is_linear=0
shrinkage=0.03


Tree=240
num_leaves=13
num_cat=0
split_feature=15 2 6 21 9 9 0 11 9 11 9 12
split_gain=1.48616 2.11595 2.45251 3.04343 1.92546 1.28767 1.16962 1.34825 0.811859 2.72283 0.904048 0.400062
threshold=0.15476190476190479 -1.9344501988002065 -0.065974460421494061 0.012962483991971542 0.83836734693877568 0.97979591836734703 -2.872723492844885 0.9191836734693879 0.9900000000000001 0.38387755102040821 0.92666666666666686 0.52331071931925111
decision_type=2 2 2 2 2 2 2 2 2 2 2 2
left_child=1 5 3 -3 -4 -1 7 -2 10 -10 -8 -9
right_child=6 2 4 -5 -6 -7 8 11 9 -11 -12 -13
leaf_value=0.0027100935450823514 -0.020520872476823944 -0.0046933122568916371 0 0.014519959438158174 0.015270301649089556 -0.013911957605636622 0.00016837601682233812 -0.0053800146860479257 -0.0046336237442315964 0.0061527985729048209 -0.0018146258843660882 0.0059028081885016716
leaf_weight=4.771361365914343 3.3605208713561279 26.065408561378717 8.08046982064843 8.0597475022077543 26.64857042953372 6.6285790354013443 1754.8871263680048 4.4708000142127275 27.395780989900231 65.420211758464575 231.94034502469003 2.9582499600946903
leaf_count=46 41 346 118 83 203 45 38790 56 229 488 2269 23
internal_value=0.000164914 0.00412061 0.00621878 0 0.0116061 -0.00646939 2.08823e-06 -0.00903455 6.48129e-05 0.00278027 -5.71676e-05 0
internal_weight=2170.69 80.2541 68.8542 34.1252 34.729 11.3999 2090.43 10.7896 2079.64 92.816 1986.83 7.42905
internal_count=42737 841 750 429 321 91 41896 120 41776 717 41059 79
is_linear=0
shrinkage=0.03


Tree=241
num_leaves=15
num_cat=0
split_feature=15 6 10 2 18 21 21 4 18 19 4 1 17 9
split_gain=1.24202 1.82626 2.14329 1.85849 1.29644 0.837642 1.40428 0.797076 1.51784 1.51256 1.00545 0.881551 2.4086 1.05682
threshold=0.15476190476190479 -0.35935768864239193 -0.047369324288056104 -1.729978090201864 -0.076885382827998214 0.012803392941750053 0.0087406518599373994 -1.8053448230077167 0.0044809411572472877 0.0032754751334068705 -2.3931307091709622 0.020204081632653064 -0.042441048763172333 0.9900000000000001
decision_type=2 2 2 2 2 2 2 2 2 2 2 2 2 2
left_child=1 5 3 -3 -4 6 -1 8 10 -10 -2 12 -9 -13
right_child=7 2 4 -5 -6 -7 -8 11 9 -11 -12 13 -14 -15
leaf_value=0.0002999588172629373 0.011495569210735279 -0.014791725808552753 -0.0042041898372316136 0.0029898153139663632 0.012081887154773638 0.0029242616269263438 -0.020791940394380835 0.012040933217241102 -0.016139239525809514 -0.0028044962335485959 -0.00025515707732625867 8.01412379515635e-05 -0.0073892034792914152 0.0035373033622756915
leaf_weight=2.8494031615555269 6.6217264868319061 4.2905180267989627 2.5451101232320061 31.147586308419704 33.960907675325871 2.1438899766653776 3.9308430459350348 4.4985412005335084 8.5241723870858532 52.626828761771321 17.879133026115596 1884.8946329480968 33.687697040848434 81.726042894646525
leaf_count=46 87 38 20 333 315 30 59 38 147 881 298 39342 470 633
internal_value=0.000158557 0.00376119 0.00549638 0 0.0103975 -0.00729955 -0.0121704 8.56113e-06 -0.00278389 -0.00535309 0.00298252 0.000137994 -0.00424163 0.000234876
internal_weight=2171.33 80.8683 71.9441 35.4381 36.506 8.92414 6.78025 2090.46 85.6519 61.151 24.5009 2004.81 38.1862 1966.62
internal_count=42737 841 706 371 335 135 105 41896 1413 1028 385 40483 508 39975
is_linear=0
shrinkage=0.03


Tree=242
num_leaves=15
num_cat=0
split_feature=15 7 7 20 10 24 0 20 10 0 19 0 20 4
split_gain=1.2337 1.58776 2.49531 1.92994 1.81778 1.47964 1.03636 1.88006 1.2522 0.897464 3.23215 1.09621 0.341605 0.336496
threshold=0.46428571428571436 0.040408163265306128 0.1918367346938776 0.027702840247311514 -0.45878537099474398 1.0000000180025095e-35 -2.5131930518613772 0.0049762536992646886 1.0274109790072681 2.0707086492481679 0.0077766786520461926 1.1054424974626251 0.026686312153460737 -2.1486186982521502
decision_type=2 2 2 2 2 2 2 2 2 2 2 2 2 2
left_child=1 4 3 -3 12 -4 7 8 -2 11 -11 -8 -1 -6
right_child=6 2 5 -5 13 -7 9 -9 -10 10 -12 -13 -14 -15
leaf_value=5.0960295842659427e-06 -0.0077435032441662121 0.00011681735872662775 -0.00065669829956054753 -0.0087154156479772125 0 0.0038351616056274207 2.9563103298149485e-05 -0.015167954387328564 0.011379717881918276 0 0.014446167629743108 -0.0023882905154596766 -0.010225020038784212 0.015507433463259279
leaf_weight=1.7654362935572891 3.1407718528062132 52.6095653725788 87.032634406350553 32.86956681124866 2.6614105049520775 212.32277750782669 1474.2819800823927 9.3591441530734283 4.6739444117993116 71.291297898627818 15.407260224223135 186.99920342490077 2.1695271264761686 14.014131888747212
leaf_count=28 36 779 1476 595 40 3674 30731 115 42 995 194 3779 47 206
internal_value=0.000179629 0.00167085 0.0011658 -0.00322961 0.00950028 0.00248376 -0.000155909 -0.00710107 0.00215391 -7.10643e-05 0.00285665 -0.000236125 -0.00465282 0.0137838
internal_weight=2170.6 405.445 384.835 85.4791 20.6105 299.355 1765.15 17.1739 7.81472 1747.98 86.6986 1661.28 3.93496 16.6755
internal_count=42737 6845 6524 1374 321 5150 35892 193 78 35699 1189 34510 75 246
is_linear=0
shrinkage=0.03


Tree=243
num_leaves=15
num_cat=0
split_feature=15 7 20 16 23 0 14 0 10 9 17 9 14 23
split_gain=1.23822 1.56325 1.63854 2.57713 2.25937 1.4931 1.40419 0.92075 1.66257 0.740081 3.72263 1.49902 0.692389 0.25176
threshold=0.15476190476190479 0.30861678004535154 0.01474568955328859 0.81816326530612249 -0.036290878850428691 -0.58534713114021619 0.2678571428571429 -2.872723492844885 1.1556771189448398 0.97979591836734703 0.02323630380283848 0.92666666666666686 0.38095238095238099 -0.013586814766345766
decision_type=2 2 2 2 2 2 2 2 2 2 2 2 2 2
left_child=1 2 4 -4 -1 6 -3 8 -2 11 -11 -9 -7 -10
right_child=7 5 3 -5 -6 12 -8 9 13 10 -12 -13 -14 -15
leaf_value=-0.0056814925865146327 -0.021663860496116745 0 0.00035810065031293233 -0.020964197624185166 0.011851415418992152 -0.01170256203662335 0.01368278060669857 0.00015581682525157972 0.0056147666625287933 0.0045314315619511911 -0.0051344633698359914 -0.0029865447242426756 0.0027796188207305467 -0.0032693717117267154
leaf_weight=8.4154204390943068 2.925045117735861 9.4272400848567468 12.102229602634909 5.4051433037966481 13.917885597795246 2.8781276829540721 25.292381541803479 1754.4906031349674 2.9015012141317129 132.23309778794646 45.919478267431259 145.8521624058485 3.4531502109020948 4.7417930513620377
leaf_count=73 35 86 161 86 133 37 223 38790 26 1060 368 1558 42 59
internal_value=0.00018015 0.00377775 -0.000136674 -0.00693035 0.00470443 0.00775505 0.0102341 3.01927e-05 -0.00805326 8.62059e-05 0.00192741 -8.03621e-05 -0.00323227 0
internal_weight=2169.96 80.8916 39.8407 17.5074 22.3333 41.0509 34.7196 2089.06 10.5683 2078.5 178.153 1900.34 6.33128 7.64329
internal_count=42737 841 453 247 206 388 309 41896 120 41776 1428 40348 79 85
is_linear=0
shrinkage=0.03


Tree=244
num_leaves=15
num_cat=0
split_feature=15 7 7 21 20 10 21 3 10 13 13 1 9 2
split_gain=1.09988 1.53884 2.13932 2.30847 1.7065 1.58796 1.16234 2.12885 2.02448 1.84984 1.41845 3.10018 2.27035 0.362431
threshold=0.46428571428571436 0.040408163265306128 0.1918367346938776 0.011079608146056187 0.027702840247311514 -0.45878537099474398 0.0081246627820832171 0.28730158730158734 0.78631390279498869 0.89897959183673481 0.040408163265306128 0.46969387755102049 0.57460317460317467 -1.5465741171303582
decision_type=2 2 2 2 2 2 2 2 2 2 2 2 2 2
left_child=1 5 4 -4 -3 -1 7 9 -9 -2 11 -8 -12 -7
right_child=6 2 3 -5 -6 13 10 8 -10 -11 12 -13 -14 -15
leaf_value=-0.0041135607079572914 -0.0068054521409484604 9.6218151690363849e-05 0.0043323660960593122 -0.0009770843977238246 -0.0082450108706482172 0.00030521518151955921 0.0091262021423085954 -0.001491494551930177 0.0042056970863922419 0.0031608406625773426 -0.0014886695068381879 -0.001765763223592227 0.0011100247578427903 0.015381679098860689
leaf_weight=3.8430959712713983 91.793765153735876 52.826373524032533 187.83268581423908 113.00816707964987 32.105867779813707 4.004619644954805 46.574123343452811 257.47999689634889 69.273759699426591 16.919284151867032 516.21187217673287 40.896392834372818 724.53924355562776 13.260422009974715
leaf_count=75 2151 779 3252 1898 595 55 472 5387 1274 209 14622 712 11065 191
internal_value=0.000176505 0.00158151 0.00108085 0.00229511 -0.00300151 0.00919709 -0.000140559 -0.00148758 -0.000219791 -0.00508981 0.000291367 0.00394043 1.61177e-05 0.013058
internal_weight=2170.57 406.881 385.773 300.841 84.9322 21.1081 1763.69 435.467 326.754 108.713 1328.22 87.4705 1240.75 17.265
internal_count=42737 6845 6524 5150 1374 321 35892 9021 6661 2360 26871 1184 25687 246
is_linear=0
shrinkage=0.03


Tree=245
num_leaves=14
num_cat=0
split_feature=4 16 12 23 16 19 4 21 18 9 7 2 21
split_gain=2.72904 2.37695 2.535 2.1397 1.52329 2.819 2.22541 1.72799 1.49788 1.31622 4.87064 2.09175 0.480326
threshold=1.760021982374502 0.96888888888888902 0.46009468772802836 0.035073714590360357 0.9900000000000001 0.0052352639701420582 -1.2100311604801954 0.0079306843594489519 0.052076279981205349 0.95959183673469395 0.06394557823129253 -0.69400909853205006 0.011267548479528206
decision_type=2 2 2 2 2 2 2 2 2 2 2 2 2
left_child=4 2 8 -4 9 6 -6 -7 -2 11 -11 -1 -3
right_child=1 12 3 -5 5 7 -8 -9 -10 10 -12 -13 -14
leaf_value=-0.0023172751003352121 0.0073757690751933246 0.017801367558138045 -0.01747508015768133 0.003689635290863445 -0.017121061277139905 0 0.0050983873214323341 -0.01504220211182657 -0.0033350374025418496 0.012981173368571167 0.00015250439943816674 5.6397800020390466e-05 0.00023724844717574003
leaf_weight=439.53719170950353 48.372861898504198 11.879500240087507 7.6317050661891681 4.9995333682745695 2.6484515108168152 8.8506961166858691 25.075907351449132 22.725875288248062 11.872849857434629 28.740954529494047 219.38232533633709 1326.5010047322139 3.6136385956779113
leaf_count=8949 916 106 136 76 29 108 296 343 254 231 1850 29367 37
internal_value=-0.000154383 0.00493735 0.00224078 -0.00871349 -0.000383167 -0.00505417 0.001462 -0.0109684 0.00498463 -0.000233326 0.00179038 -0.000527838 0.0150577
internal_weight=2161.83 88.3701 72.877 12.6312 2073.46 59.3009 27.7244 31.5766 60.2457 2014.16 248.123 1766.04 15.4931
internal_count=42698 1525 1382 212 41173 776 325 451 1170 40397 2081 38316 143
is_linear=0
shrinkage=0.03


Tree=246
num_leaves=15
num_cat=0
split_feature=4 18 8 17 8 19 6 8 17 21 17 21 8 19
split_gain=2.54424 1.74189 1.3436 1.3092 1.20631 1.19004 1.18692 0.966004 1.05686 0.942887 0.764998 0.687513 0.717087 0.158764
threshold=1.760021982374502 0.054187462608178867 0.90644503239431973 -0.0040541805758071417 0.80364422450312212 0.0056998766540287552 3.804226600959788 -2.0193759572128891 0.011192752403592411 0.011976789433570638 0.026734174904065603 0.0077981873370941987 1.0200769183996949 0.0042433781385000612
decision_type=2 2 2 2 2 2 2 2 2 2 2 2 2 2
left_child=6 2 4 -4 -2 13 7 8 -1 -9 -7 -8 -13 -3
right_child=1 5 3 -5 -6 10 11 9 -10 -11 -12 12 -14 -15
leaf_value=0.014690530154537557 0.0041066788072085664 0 0.0022055074687323839 0.016024531761375676 -0.012590526149832465 -0.0062793815913839068 -0.018264639340644661 -0.00073334272049549909 -0.0010263316861666262 0.00073803905298039233 0.008006929600666882 -0.0079980042744613317 0.0046809154218462367 -0.015524958386191955
leaf_weight=6.0616673240438086 38.676408607512712 1.6766313165426243 13.692748887464402 19.293516278266907 2.0351305231451979 2.9104858208447677 3.1768754785880438 1532.6854055216536 3.8743921481072903 515.7059025419876 6.3182031260803342 6.9523947769775969 4.0855393800884485 3.8075506165623665
leaf_count=86 928 44 110 148 34 66 96 30410 61 10183 116 280 57 79
internal_value=-0.000149232 0.00476548 0.0066986 0.0111709 0.00237033 -0.00366302 -0.000370506 -0.000298963 0.00816024 -0.000355231 0.00184959 -0.00849033 -0.00215643 -0.0129591
internal_weight=2160.95 88.4107 73.6978 32.9863 40.7115 14.7129 2072.54 2058.33 9.93606 2048.39 9.22869 14.2148 11.0379 5.48418
internal_count=42698 1525 1220 258 962 305 41173 40740 147 40593 182 433 337 123
is_linear=0
shrinkage=0.03


Tree=247
num_leaves=15
num_cat=0
split_feature=4 18 2 21 12 9 6 9 12 21 0 21 21 9
split_gain=2.23346 1.42824 2.74087 1.17391 1.73147 1.51626 1.07262 1.04254 0.920573 0.897959 2.17605 1.44905 0.685232 0.637577
threshold=1.760021982374502 0.054187462608178867 2.0141501294409383 0.015928058750516661 -0.56581676238890977 0.6161224489795919 3.804226600959788 0.85857142857142865 -0.58325455783928837 0.011835452299056668 -0.75843885785340992 0.0091940183706815826 0.0077981873370941987 0.85857142857142865
decision_type=2 2 2 2 2 2 2 2 2 2 2 2 2 2
left_child=6 3 8 5 -5 -2 9 -4 -3 11 -11 -1 -8 -14
right_child=1 2 7 4 -6 -7 12 -9 -10 10 -12 -13 13 -15
leaf_value=0.00016321293286534867 0.00055451257557038026 -0.0045857693160798133 0 0.010083683399467457 -0.013000801006156915 0.010777417744977928 -0.018013439575192164 -0.026604222150304276 0.011171387546505596 0.0037487122272543863 -0.00039465829279052667 -0.0016945331880815837 -0.0077863300266944194 0.0040828705808593404
leaf_weight=815.67985698580742 23.232841818593442 2.3150895154103628 3.1575113767758003 2.5998714473098516 4.9884456908330312 43.153625674545765 3.0137688480317584 2.5136193335056305 6.8858657805249086 153.85161816887558 407.0675090411678 681.34932977892458 6.4463399052619916 4.4642064999789
leaf_count=16427 591 59 59 50 110 469 96 30 157 2334 8746 13233 269 68
internal_value=-0.000144408 0.00444787 -0.003087 0.00620153 -0.00307371 0.00753996 -0.000352669 -0.0171505 0.0057566 -0.000284814 0.00072444 -0.000673437 -0.00814407 -0.00188787
internal_weight=2160.72 88.8469 14.8721 73.9748 7.58832 66.3865 2071.87 5.67113 9.20096 2057.95 560.919 1497.03 13.9243 10.9105
internal_count=42698 1525 305 1220 160 1060 41173 89 216 40740 11080 29660 433 337
is_linear=0
shrinkage=0.03


Tree=248
num_leaves=14
num_cat=0
split_feature=4 6 8 21 9 8 8 17 19 21 8 21 8
split_gain=2.1397 1.06538 0.992741 1.82864 1.74599 1.52185 0.986151 1.05494 0.941689 0.906309 0.863477 0.692929 0.64413
threshold=1.760021982374502 3.804226600959788 0.13368851051598865 0.016160915093731156 0.085260770975056702 2.6630419964697114 -2.0193759572128891 0.011192752403592411 0.004890602094986281 0.011976789433570638 -0.12204585168847777 0.0077981873370941987 1.0200769183996949
decision_type=2 2 2 2 2 2 2 2 2 2 2 2 2
left_child=1 6 4 5 8 -4 7 -1 -2 -8 -6 -3 -13
right_child=2 11 3 -5 10 -7 9 -9 -10 -11 -12 12 -14
leaf_value=0.014569500608512214 -0.0015268771671403389 -0.018092943984993878 0.0099077482002503277 -0.010115774903145996 0 -0.0055240228705215437 -0.00071359569523904236 -0.0010662977117812578 0.016213199530755562 0.00072975067788702867 -0.013087791144247509 -0.0075735653003095246 0.0044775932815521273
leaf_weight=6.2794529674574715 1.4863064708188165 2.9751789513975373 48.321511270478368 2.9265625420957795 22.24468697514385 3.9045754075050345 1531.6595895355567 3.8466951102018356 5.8958130870014429 515.02438591700047 4.4940125877037671 6.7433909783139807 4.1100331768393517
leaf_count=86 60 96 547 44 595 35 30410 61 128 10183 116 280 57
internal_value=-0.000148451 -0.000352978 0.00433488 0.00675594 0 0.00831622 -0.000285466 0.0081966 0.0114786 -0.000342715 -0.00341538 -0.00814197 -0.00185635
internal_weight=2159.91 2070.64 89.2735 55.1526 34.1208 52.2261 2056.81 10.1261 7.38212 2046.68 26.7387 13.8286 10.8534
internal_count=42698 41173 1525 626 899 582 40740 147 188 40593 711 433 337
is_linear=0
shrinkage=0.03


Tree=249
num_leaves=15
num_cat=0
split_feature=9 12 19 8 2 10 19 19 8 2 19 5 10 12
split_gain=1.43895 2.2227 1.51834 1.40318 1.29898 1.24581 1.72596 1.07932 0.991878 0.974207 2.5464 1.20197 0.70831 0.00357608
threshold=0.080816326530612256 -0.3557503700125732 0.0049974198168006136 -1.1947614286257795 -0.78805993057716062 0.054193287677799122 0.0052884520613147657 0.0037357669776730451 -1.3188905832687718 -0.71440288089112469 0.010327835641592726 0.1705215419501134 -0.3407482974451771 -0.25422442405615392
decision_type=2 2 2 2 2 2 2 2 2 2 2 2 2 2
left_child=1 2 3 -1 -4 7 -7 -3 12 10 -10 -11 13 -2
right_child=8 5 4 -5 -6 6 -8 -9 9 11 -12 -13 -14 -15
leaf_value=-0.0033304367267691318 0 0.0025789458855142279 -0.0015410176349805703 0.012646352158591691 0.011036813400732504 -0.0055363609459936035 0.010513632091038141 -0.0094562341547277749 -0.0017371899512021818 0.0035951549901964064 0.012788033818474554 -0.00011078268489218093 -0.015355973210866538 0.0010483474910583249
leaf_weight=20.695155079476539 2.2879781201481824 6.1305089276284006 5.9014432737603775 4.3223382327705613 42.691105862148106 8.0623755743727106 11.271089150570331 20.233033481985331 511.74668242316693 81.137219276279211 8.9058004561811668 1430.0862010261044 4.7940647704526764 0.92846295237541188
leaf_count=593 74 210 162 116 1102 279 338 673 8865 1632 152 28292 183 27
internal_value=-0.000153179 0.00300878 0.00622194 0 0.00921225 -0.00189643 0.00322584 -0.00614425 -0.000348225 -0.000293907 -0.00141205 8.27643e-05 -0.00981626 0
internal_weight=2159.19 119.307 73.61 25.0175 48.5925 45.697 19.3335 26.3635 2039.89 2031.88 520.652 1511.22 8.01051 3.21644
internal_count=42698 3473 1973 709 1264 1500 617 883 39225 38941 9017 29924 284 101
is_linear=0
shrinkage=0.03


Tree=250
num_leaves=11
num_cat=0
split_feature=8 1 7 21 20 3 13 20 12 20
split_gain=2.1261 1.33894 0.893152 5.06901 2.79482 2.72693 1.18667 3.31591 2.75752 0.0597991
threshold=-2.0193759572128891 0.65653061224489806 0.042630385487528351 0.012188156024455544 -0.047042345946171397 0.26598639455782319 0.4040816326530613 0.050085093688953315 -0.3756566395740179 0.017186275791275855
decision_type=2 2 2 2 2 2 2 2 2 2
left_child=1 -1 3 5 -5 -2 7 -4 -8 -3
right_child=2 9 6 4 -6 -7 8 -9 -10 -11
leaf_value=0.017804075736844237 0.0027326090939620651 -0.0042944055775315263 -0.00014172509971308752 -0.0051637299115477936 0.016637663853726094 -0.0081172355502826463 -0.0046498446375098697 0.0047236657984606268 -0.00017503964408070721 0
leaf_weight=7.887861166149376 54.929869803600013 1.3404995221644642 640.49885230278596 4.3683844646438983 25.43408028781414 30.24269999563694 138.80731022637337 153.3669819990173 1112.3695693425834 1.1912211459130047
leaf_count=91 811 48 13961 77 317 514 3363 2824 20707 22
internal_value=0.00010843 0.0124887 3.02738e-05 0.00258517 0.0128466 -0.00104568 -0.000108423 0.000788881 -0.000690079 -0.00131077
internal_weight=2170.44 10.4196 2160.02 114.975 29.8025 85.1726 2045.04 793.866 1251.18 2.53172
internal_count=42735 161 42574 1719 394 1325 40855 16785 24070 70
is_linear=0
shrinkage=0.03


Tree=251
num_leaves=15
num_cat=0
split_feature=0 6 23 18 18 23 9 9 9 7 0 18 9 7
split_gain=1.32476 3.44067 2.23324 3.06954 2.88966 2.00693 1.80326 1.53679 3.61848 3.19607 2.47867 1.88701 2.20022 2.17958
threshold=-1.4827917113986984 0.23725677586256158 0.0097934235345604765 0.024657156792030181 -0.040030118600465452 0.010482509687188115 0.73734693877551039 0.92666666666666686 0.97979591836734703 0.41408163265306125 3.4480830156367444 0.024657156792030181 0.56571428571428584 0.1918367346938776
decision_type=2 2 2 2 2 2 2 2 2 2 2 2 2 2
left_child=1 2 3 -1 -4 6 -3 11 9 -9 -10 13 -13 -2
right_child=7 5 4 -5 -6 -7 -8 8 10 -11 -12 12 -14 -15
leaf_value=0.00031626764844542535 0.0046477836309103508 0 0.014886219829658692 0.011295650032750687 -0.0023269401128195679 0.0025942831224997276 -0.025093921377596008 -0.01140211971861381 0.0017063844341036034 -0.0016337887966920907 -0.01511392352700091 -0.0022277834999672626 0.00080084061906033049 0.0005328411972325191
leaf_weight=43.619088988751173 140.2749094273895 2.4131033979356271 8.037125554867087 54.552076066844165 67.527553455904126 4.1656253244727841 6.3105793353170156 52.818404665216804 156.96300954371691 78.505220053717494 6.2032203804701558 440.32518780278042 410.81163903325796 697.36424725968391
leaf_count=493 2700 49 100 589 1026 57 70 613 1263 819 60 11776 7112 16008
internal_value=0.00011275 0.00251865 0.00373201 0.00667078 0 -0.0111333 -0.0183484 -0.000108399 -0.00210566 -0.00578723 0.000800824 0.000233091 -0.000749948 0.00124924
internal_weight=2169.89 186.625 173.736 98.1712 75.5647 12.8893 8.72368 1983.27 294.49 131.324 163.166 1688.78 851.137 837.639
internal_count=42735 2384 2208 1082 1126 176 119 40351 2755 1432 1323 37596 18888 18708
is_linear=0
shrinkage=0.03


Tree=252
num_leaves=15
num_cat=0
split_feature=0 6 20 2 23 9 9 10 6 12 20 9 10 9
split_gain=1.20234 2.87287 2.75926 1.90411 1.75299 1.58189 1.38884 1.35663 2.28605 3.02473 1.89216 1.72436 1.4181 1.0675
threshold=-1.4827917113986984 0.23725677586256158 0.0047510006745885578 0.4882071041534119 0.010482509687188115 0.73734693877551039 0.95959183673469395 -0.82749899431092311 0.093870206550149868 -0.37005191344469263 -0.064815524394870969 0.95959183673469395 0.18633350088996528 0.93938775510204098
decision_type=2 2 2 2 2 2 2 2 2 2 2 2 2 2
left_child=1 2 6 -4 5 -3 -1 8 9 -2 13 -10 -12 -9
right_child=7 4 3 -5 -6 -7 -8 10 11 -11 12 -13 -14 -15
leaf_value=0.003524600201877046 0.0030615398551334847 0 -0.0017190121001952881 0.011124183124486169 0.0024058581525673215 -0.023580043612785036 0.012167676208133287 -0.0036924238424571949 0.0026006603592212863 -0.0032031893649999755 -0.0012290190419749229 0.011610873721993599 0.00062421674770508852 -0.017865926199767613
leaf_weight=49.512328333221376 121.1767719918862 2.3636558391153795 81.191600909456611 9.8618019632995111 4.171324116177856 6.0526252090930939 33.538840983062983 30.488171120174229 171.03688068408519 155.12164287827909 788.94863678421825 21.699550770223141 688.06331620691344 5.742684092372655
leaf_count=683 2160 49 1194 109 57 70 222 860 3076 2489 17667 159 13874 66
internal_value=0.000116906 0.00240831 0.00350889 0 -0.01018 -0.0171221 0.00739538 -9.35501e-05 0.00130352 -0.000399498 -0.000537625 0.00380095 -0.000355874 -0.00714842
internal_weight=2168.97 186.692 174.105 91.0534 12.5876 8.41628 83.0512 1982.28 469.035 276.298 1513.24 192.736 1477.01 36.2309
internal_count=42735 2384 2208 1303 176 119 905 40351 7884 4649 32467 3235 31541 926
is_linear=0
shrinkage=0.03


Tree=253
num_leaves=11
num_cat=0
split_feature=8 0 15 13 18 8 21 2 11 20
split_gain=2.28423 1.43609 1.18955 2.7716 2.26587 1.99777 1.83115 3.17202 1.89547 0.0861001
threshold=-2.0193759572128891 0.12749735223652869 0.79166666666666685 0.06394557823129253 0.028068734440173441 -0.5871130097010776 0.0079616880116195748 -0.56680084529488495 0.94777777777777794 0.015729747432214228
decision_type=2 2 2 2 2 2 2 2 2 2
left_child=1 -1 3 4 -2 -5 7 -4 -8 -3
right_child=2 9 6 5 -6 -7 8 -9 -10 -11
leaf_value=0.018903249925805731 0.014370081513775142 -0.0046419745175816148 -0.0089225988175923483 -0.0028527986914474264 0 0.00097214802026468787 0.00042984842472206029 -0.00095000711469467596 -0.0049787181638580235 0.00016872651347267143
leaf_weight=7.4366521146148425 21.973353417590261 1.6023478861898186 58.172243787907064 139.80794174969196 17.93828440271318 873.24491335637867 782.16077807545662 202.33343665394932 60.979838781990111 1.6221150401979683
leaf_count=75 239 57 1338 4587 228 14619 16231 4140 1192 29
internal_value=0.000108513 0.0128166 2.69258e-05 0.000754169 0.00833429 0.000424922 -0.000653464 -0.00284189 1.0071e-05 -0.000212627
internal_weight=2167.27 10.6611 2156.61 1052.96 39.9116 1013.05 1103.65 260.506 843.141 3.22446
internal_count=42735 161 42574 19673 467 19206 22901 5478 17423 86
is_linear=0
shrinkage=0.03


Tree=254
num_leaves=11
num_cat=0
split_feature=8 0 15 13 4 8 7 4 5 17
split_gain=2.62346 1.49482 1.10577 2.47287 2.00502 1.89322 1.59629 1.11032 0.846114 0.0445794
threshold=-2.0193759572128891 0.12749735223652869 0.79166666666666685 0.06394557823129253 -0.075897481021395694 -0.5871130097010776 0.020204081632653064 -2.2559105737476934 0.53197278911564638 0.0086126699656958756
decision_type=2 2 2 2 2 2 2 2 2 2
left_child=1 -1 3 4 -2 -5 8 -8 -4 -3
right_child=2 9 6 5 -6 -7 7 -9 -10 -11
leaf_value=0.019535599904488655 0.01315414685525493 -0.003481869871307006 0.0097163933883391788 -0.0027801499793680428 0 0.00095503026823697175 0.0078928900484225017 -0.00091283953925298529 -0.0031786724730524982 0
leaf_weight=7.7922661360353214 23.548934198915958 1.3101517502218487 17.9734574649483 138.68828021548688 16.608729997649789 874.45296174474061 10.742765891365705 1070.1286152773537 2.8527927119284859 1.8608663799241183
leaf_count=75 267 39 263 4587 200 14619 185 22412 41 47
internal_value=0.000124373 0.0135833 3.64174e-05 0.000737243 0.00787774 0.000424477 -0.000620151 -0.000797051 0.00716914 -4.14078e-05
internal_weight=2165.96 10.9633 2155 1053.3 40.1577 1013.14 1101.7 1080.87 20.8263 3.17102
internal_count=42735 161 42574 19673 467 19206 22901 22597 304 86
is_linear=0
shrinkage=0.03


Tree=255
num_leaves=13
num_cat=0
split_feature=2 18 18 17 17 6 18 18 2 6 20 2
split_gain=0.921694 2.95926 4.1884 2.85819 1.50241 1.07367 3.57285 3.41982 2.603 1.45071 2.13787 1.0384
threshold=1.857247610740794 0.10396631312486372 0.064063660133493197 -0.0051774522492939448 -1.0000000180025095e-35 0.35622964269094942 0.07707485721127362 0.10666210311532788 0.41035683492306191 0.28150355407233291 0.029455473707383776 0.55624474539323943
decision_type=2 2 2 2 2 2 2 2 2 2 2 2
left_child=5 2 3 -2 -4 9 8 -8 -7 11 -11 -1
right_child=1 -3 4 -5 -6 6 7 -9 -10 10 -12 -13
leaf_value=0.00052774491563196751 -0.0079481571787275579 0.014459412380903341 0 0.0014722293079654544 -0.023074902770206445 -0.0027560270676351421 0.01993841763131737 -0.0031384701894163654 0.0041006578354051207 -0.0051653860713479433 0.0034141554870169648 -0.0013829863400613665
leaf_weight=1349.869472254999 40.516160910017788 6.6396390311419955 1.7666497621685273 84.51662357384339 10.128425177186724 94.068438494578004 15.912581061944367 6.3069862835109225 99.624145112000406 103.44414712302387 31.010185271501541 311.75633853673935
leaf_count=26448 508 57 25 956 149 2391 310 150 2397 2600 624 5983
internal_value=-2.95722e-06 -0.00231494 -0.00343275 -0.00153939 -0.0191688 0.000156703 0.00214782 0.0130505 0.000699866 -7.6435e-05 -0.00305566 0.000159003
internal_weight=2155.56 143.567 136.928 125.033 11.8951 2011.99 215.912 22.2196 193.693 1796.08 134.454 1661.63
internal_count=42598 1695 1638 1464 174 40903 5248 460 4788 35655 3224 32431
is_linear=0
shrinkage=0.03


Tree=256
num_leaves=15
num_cat=0
split_feature=3 22 17 9 7 21 0 19 21 12 18 12 3 15
split_gain=0.555346 5.29343 4.1519 2.82791 2.37535 1.6143 1.52131 3.26933 3.89072 1.23523 0.992038 0.740206 3.37566 0.830849
threshold=0.92666666666666686 1.0000000180025095e-35 -0.016319447040454346 0.76775510204081643 0.74755102040816335 0.0089445947662420578 1.6592760641426809 0.004697035707466061 0.01150941963840876 -0.36056939148677358 0.051822133691253554 -0.86108824674012208 0.67673469387755114 0.79166666666666685
decision_type=2 2 2 2 2 2 2 2 2 2 2 2 2 2
left_child=6 5 3 -3 -4 -2 11 8 -8 -7 -9 12 -1 -13
right_child=1 2 4 -5 -6 9 7 10 -10 -11 -12 13 -14 -15
leaf_value=0.00015602525825383524 -0.0060175348120107492 0 0.002737667865389403 -0.018017651919332984 -0.0042199488824974521 0.0022155802117591276 0.018661463731199198 -0.002670551209138259 -0.0056167582902829794 0.015541729349549258 0.0064329498575439546 0.00077872956772135986 -0.012540712064670275 -0.00053479659737638082
leaf_weight=87.338038833811879 3.4285111278295508 9.4645410291850549 72.035115973092616 23.365053860470653 103.01168838748708 14.013646318577228 19.887281230650846 38.268252084963024 5.9467425756156436 19.751133307814598 12.635220409370957 915.65635317564011 21.280220987275243 809.57118045259267
leaf_count=1336 46 228 894 257 1504 256 290 665 125 251 202 17816 407 18321
internal_value=0 -0.00133462 -0.00326672 -0.0127807 -0.00127345 0.00869699 0.00017672 0.00426002 0.0125319 0.0108635 0 0 -0.00237765 0.000153761
internal_weight=2155.65 245.07 207.876 32.8296 175.047 37.1933 1910.58 76.7375 25.834 33.7648 50.9035 1833.85 108.618 1725.23
internal_count=42598 3436 2883 485 2398 553 39162 1282 415 507 867 37880 1743 36137
is_linear=0
shrinkage=0.03


Tree=257
num_leaves=12
num_cat=0
split_feature=8 2 11 19 16 19 2 18 2 2 2
split_gain=2.24649 0.898193 0.805609 2.40644 2.67411 1.94432 0.992222 3.17628 0.903655 0.213032 0.00644031
threshold=-2.0193759572128891 -0.18841920391699105 0.042630385487528351 0.0072656135994841305 0.49489795918367352 0.0051044723282610994 1.857247610740794 0.10396631312486372 -1.1092276735920721 -0.73766233072457588 0.36019675888040431
decision_type=2 2 2 2 2 2 2 2 2 2 2
left_child=1 9 3 5 -5 -2 8 -8 -4 -1 -3
right_child=2 10 6 4 -6 -7 7 -9 -10 -11 -12
leaf_value=0.0023272090296640744 0.0036756041998326997 -0.0004214941560221523 -0.0015718939429648191 0 0.017026417148698205 -0.0053527099125704582 -0.0039945994380374454 0.014479123356937629 0.00023180747037972866 0.02141514019963809 0.0011229792258243563
leaf_weight=3.3563378229737282 46.875015087425709 2.4272419884800893 293.36556050274521 12.698359965346755 15.967040518298743 36.062957018613815 124.40212769061327 6.7437969092279664 1608.1768406657502 4.4966522231698036 1.9725774135440586
leaf_count=34 706 51 4670 253 191 558 1529 56 34475 35 40
internal_value=0 0.0118704 -7.9358e-05 0.00236815 0.00955882 -0.000107075 -0.000223305 -0.00272876 -3.99425e-05 0.0169078 0
internal_weight=2156.54 12.2528 2144.29 111.603 28.6654 82.938 2032.69 131.146 1901.54 7.85299 4.39982
internal_count=42598 160 42438 1708 444 1264 40730 1585 39145 69 91
is_linear=0
shrinkage=0.03


Tree=258
num_leaves=15
num_cat=0
split_feature=11 18 12 15 12 18 3 6 11 12 12 17 12 12
split_gain=0.761157 4.38245 3.1203 2.2772 1.97179 1.14652 1.56114 1.08629 0.897033 2.3764 2.03201 1.91398 0.83523 2.54957
threshold=0.95959183673469395 -0.025667697625468996 0.095540911064944833 0.53571428571428581 3.9819017670091239 -0.091372307657185056 0.30861678004535154 -0.18209640641011759 0.88444444444444448 -0.27306774089303926 -0.59474163381773482 -0.012575225345336781 0.5486834322270685 0.067540356817860261
decision_type=2 2 2 2 2 2 2 2 2 2 2 2 2 2
left_child=8 5 3 -3 -4 7 -7 -2 12 10 -10 -11 13 -1
right_child=1 2 4 -5 -6 6 -8 -9 9 11 -12 -13 -14 -15
leaf_value=-0.00022105970413641024 0.0060745031309560648 0.0055072606810752786 -0.012557699656807177 -0.00483243049468757 0.0072602335633068574 0 0.01484986203462022 -0.013971887514542654 0.0034271482671260145 -0.0026641007917247118 -0.0066825661795378377 0.0082946608410227381 -0.0011804981150741274 0.0031948162744797099
leaf_weight=1201.6537065468729 2.6256663147360086 28.822268663905561 42.268898809328675 47.299994887784123 2.7433737199753514 7.8081060443073538 17.442974773235619 2.3699294887483147 32.188872545957565 14.99447350297123 33.690703509375453 62.370406250469387 429.10456005763263 231.87583260051906
leaf_count=26703 36 435 662 1056 21 111 257 46 620 242 753 928 6637 4091
internal_value=0 -0.00203843 -0.00466945 -0.000684728 -0.0107733 0.00766941 0.0102847 -0.00256698 0.000154149 0.00242571 -0.00156653 0.00596808 -1.49129e-05 0.000324696
internal_weight=2157.26 151.381 121.135 76.1223 45.0123 30.2467 25.2511 4.9956 2005.88 143.244 65.8796 77.3649 1862.63 1433.53
internal_count=42598 2624 2174 1491 683 450 368 82 39974 2543 1373 1170 37431 30794
is_linear=0
shrinkage=0.03


Tree=259
num_leaves=12
num_cat=0
split_feature=8 2 10 17 19 8 2 19 6 2 1
split_gain=2.29693 0.915852 0.759427 2.0013 1.70617 1.2882 2.82504 1.88085 1.01001 0.0367488 0.0334891
threshold=-2.0193759572128891 -0.18841920391699105 -0.75436737645949858 0.068352844164389817 0.009516526882349538 -0.1539703225032715 -1.0277523483997737 0.0095835940259106512 0.089739658316640977 -0.69400909853205006 0.59591836734693893
decision_type=2 2 2 2 2 2 2 2 2 2 2
left_child=1 9 3 4 -2 6 -4 -7 -5 -1 -3
right_child=2 10 5 8 -6 7 -8 -9 -10 -11 -12
leaf_value=0.0036091381000007828 0.00096775826201327077 0.0019813630426755257 -0.0087394792300878391 0 -0.0077858096501611353 -7.45177766912564e-05 -0.00090724849829411976 0.0059841164103344151 0.022547688941728289 0.021156819933126843 -0.0017798545334069451
leaf_weight=3.6411619372665882 523.90305541083217 2.6225739158689958 44.122779862955213 2.8518790509551755 18.580209544859827 997.51504367124289 507.96702135540545 46.171528501436114 3.752234548330307 4.3389452546834946 1.7857838775962589
leaf_count=36 8798 36 1318 41 381 16210 14957 699 34 33 55
internal_value=0 0.0119465 -7.99191e-05 0.000871728 0.000612899 -0.000417439 -0.00158955 0.000190097 0.0153049 0.0169809 0
internal_weight=2157.25 12.3885 2144.86 549.087 542.483 1595.78 552.09 1043.69 6.60411 7.98011 4.40836
internal_count=42598 160 42438 9254 9179 33184 16275 16909 75 69 91
is_linear=0
shrinkage=0.03


Tree=260
num_leaves=15
num_cat=0
split_feature=12 4 11 18 18 4 4 2 7 12 4 7 16 23
split_gain=1.06715 3.85049 2.21248 1.49493 2.16924 1.62204 1.35501 2.9653 1.88327 1.86221 1.42102 2.1233 1.10134 1.0737
threshold=3.3129537100271333 0.56596176090017269 0.9191836734693879 0.043783973067566324 0.0017924900382588762 -1.461650063614693 0.1064240216471555 -0.071735440347014526 0.1918367346938776 -0.88742675003766214 -1.3852622846187519 0.53197278911564638 0.96888888888888902 0.037471329394860649
decision_type=2 2 2 2 2 2 2 2 2 2 2 2 2 2
left_child=6 3 13 4 -2 -5 10 9 -9 -8 11 -1 -12 -3
right_child=1 2 -4 5 -6 -7 7 8 -10 -11 12 -13 -14 -15
leaf_value=0.00044846641980788871 0.0053830557738322625 -0.025328712265086043 0.0019287829009617793 -0.0081544824573868656 -0.0098661202575661185 0.010648388424497064 -0.0083130449804149804 0.0061084309385747533 -0.00022038457015738434 0.0052194427881891861 -0.00096056695098588232 0.010575821886808051 -0.0071978528705499423 -0.0050396654709259489
leaf_weight=184.32232345640659 11.889956103637816 9.0529967853799516 4.2032199744135132 2.7463419586420086 17.207794511690736 17.384180631488562 7.1160756796598426 42.675033673644066 769.46506626624614 162.20795058459044 873.75041634589434 19.313704117201269 25.263806053437293 7.3310655504465094
leaf_count=3167 135 123 46 25 211 184 110 648 15535 3158 18644 305 367 90
internal_value=-4.93384e-05 -0.00364891 -0.0139467 0.000741199 -0.00320718 0.00690026 6.74357e-05 0.000883781 0.000107936 0.00447276 -0.000645895 0.00157545 -0.00116808 -0.0186022
internal_weight=2153.93 69.8156 20.5873 49.2283 29.0978 20.1305 2084.11 981.464 812.14 169.324 1102.65 203.636 899.014 16.3841
internal_count=42748 814 259 555 346 209 41934 19451 16183 3268 22483 3472 19011 213
is_linear=0
shrinkage=0.03


Tree=261
num_leaves=14
num_cat=0
split_feature=12 0 10 5 10 19 17 12 20 5 12 12 5
split_gain=0.850925 2.65246 1.51795 1.57145 1.48801 1.62033 1.43392 1.36268 1.6366 1.39022 0.774226 2.10599 1.95979
threshold=3.3129537100271333 0.084491272081247751 1.6443044507747751 0.73734693877551039 -0.27233864284660314 0.0054895877658701023 0.021269010914031775 3.1552243684189567 0.038678061821430527 0.32826530612244903 -0.65553987941342184 -0.59474163381773482 0.9900000000000001
decision_type=2 2 2 2 2 2 2 2 2 2 2 2 2
left_child=7 4 3 -3 5 -2 -6 10 9 -9 12 -12 -1
right_child=1 2 -4 -5 6 -7 -8 8 -10 -11 11 -13 -14
leaf_value=-0.00081155497140658291 -0.0011190898661025618 -0.003964068711999418 0.0041554295477857998 -0.020321379941914176 -0.0093101574073769251 0.013955895283180128 0.0061267847365197243 0 -0.0039149170976084703 0.020781795188016233 0.0038561520328705737 -2.1942509941922616e-05 -0.015416047307961598
leaf_weight=414.69325518514961 8.6342746075242776 15.827360453084117 3.6489709541201583 11.171593794599174 12.954002851620318 11.366464797407387 5.6252391915768376 3.3338027615100128 3.8844011444598427 6.9584765695035458 134.75622843019664 1515.546536328271 6.6145096700638524
leaf_count=8475 106 202 40 158 147 100 61 43 51 64 2836 30328 137
internal_value=-3.86157e-05 -0.00326734 -0.0096441 -0.0121844 0.00165437 0.00725613 -0.00376622 6.43891e-05 0.00873776 0.0145933 0 0.000289931 -0.00114803
internal_weight=2155.02 69.2279 30.6479 26.999 38.58 20.0007 18.5792 2085.79 14.1767 10.2923 2071.61 1650.3 421.308
internal_count=42748 814 400 360 414 206 208 41934 158 107 41776 33164 8612
is_linear=0
shrinkage=0.03


Tree=262
num_leaves=15
num_cat=0
split_feature=4 2 13 9 18 18 17 13 0 20 7 19 7 10
split_gain=0.763334 2.54559 1.80358 3.6904 2.68912 1.58627 1.20869 1.14388 1.01643 2.09005 2.0318 1.99201 1.71084 1.60295
threshold=0.1064240216471555 -0.071735440347014526 0.8633333333333334 0.77664399092970526 0.012371539841731451 0.025616395370351656 0.049425913665355432 0.37256235827664402 -0.57548059567890941 -0.029262843611412567 0.28730158730158734 0.0019613689165347671 0.84222222222222232 -1.3844231866522356
decision_type=2 2 2 2 2 2 2 2 2 2 2 2 2 2
left_child=8 5 3 -3 -4 7 -7 -2 9 10 -1 -11 -10 -14
right_child=1 2 4 -5 -6 6 -8 -9 12 11 -12 -13 13 -15
leaf_value=0.0083381913656901605 -0.0034794121862606019 -0.0010398636832214952 0.0018890029281475524 0.003573327950690743 -0.0059523833572235505 0.0076391683291332719 -0.0031337774672513183 0.003447945522183055 -0.0019055631450247206 0.011174620252599049 -0.00073461115230083582 -0.00080616335880024563 0.018356413859257618 0.0013420692725362715
leaf_weight=50.805070395581424 32.08033773675561 448.29951983503997 58.714976971969008 235.13150916155428 100.9078584741801 83.199881513603032 7.3420133618637911 52.889515994116664 558.76738287881017 10.758520014584063 32.975242388434708 437.18476426973939 4.2339478787034741 41.90399640891701
leaf_count=673 655 11437 865 2628 1611 1503 140 1026 12768 187 522 7740 57 936
internal_value=-4.10722e-05 0.000547245 -0.000122782 0.000531196 -0.00298755 0.00381528 0.00655466 0.000640182 -0.000581489 0.000352472 0.00465848 -0.000436684 -0.00142563 0.00391282
internal_weight=2155.19 1018.57 843.054 683.431 159.623 175.512 90.5419 84.9699 1136.63 531.724 83.7803 447.943 604.905 46.1379
internal_count=42748 19865 16541 14065 2476 3324 1643 1681 22883 9122 1195 7927 13761 993
is_linear=0
shrinkage=0.03


Tree=263
num_leaves=14
num_cat=0
split_feature=14 2 13 21 19 4 18 2 13 10 21 10 4
split_gain=0.860051 2.7103 1.53246 3.83655 2.13088 1.94556 1.55974 4.49618 1.95605 1.52391 1.96289 1.59935 0.567173
threshold=0.53571428571428581 1.7937830302422799 0.7055555555555556 0.0093111021758053632 0.005223649895065627 -1.5851730922831344 0.10738420472684453 1.4470186882886276 0.52530612244897978 1.8735235215650794 0.0096535609740190948 1.3324307949164418 1.760021982374502
decision_type=2 2 2 2 2 2 2 2 2 2 2 2 2
left_child=1 9 6 5 -5 -4 8 -8 -2 11 -11 -1 -3
right_child=2 12 3 4 -6 -7 7 -9 -10 10 -12 -13 -14
leaf_value=-0.0006671560306936667 0.00013813047775901123 -0.023223199565924432 0.019121504782048576 -0.003274400615927508 0.0018332428218850885 0.0040532605935765728 -4.1573456930682219e-05 0.023153500958482308 -0.0031648631558433855 0.011404930123835451 -0.00073374195084667526 -0.0071385892334803894 0
leaf_weight=615.75081104692072 717.52086396235973 3.9505528956651679 6.9088115431368342 133.49937010556459 156.05823925510049 202.15206910483539 27.211556050926447 7.7745906049385658 203.44059996120632 18.847701936028898 22.810918817296624 35.29792486038059 2.4221930243074894
leaf_count=12404 15532 64 73 2261 2587 3300 601 68 4615 279 309 627 28
internal_value=-4.21869e-05 -0.000911664 0.000366073 0.0017157 -0.000476476 0.00479876 -0.000324341 0.00568055 -0.000580527 -0.000682055 0.00468548 -0.00106177 -0.0179535
internal_weight=2153.65 699.08 1454.57 498.618 289.558 209.061 955.948 34.9861 920.961 692.707 41.6586 651.049 6.37275
internal_count=42748 13711 29037 8221 4848 3373 20816 669 20147 13619 588 13031 92
is_linear=0
shrinkage=0.03


Tree=264
num_leaves=12
num_cat=0
split_feature=8 3 4 2 7 7 0 19 19 2 1
split_gain=2.01773 1.21338 0.664443 1.95709 1.83479 1.45802 1.15987 2.13645 1.64782 0.218858 0.121347
threshold=-2.0193759572128891 0.39387755102040822 0.1064240216471555 -0.071735440347014526 0.23224489795918371 0.1918367346938776 -0.57548059567890941 0.0029670097695121728 0.0046403044386678907 -0.69400909853205006 0.57460317460317467
decision_type=2 2 2 2 2 2 2 2 2 2 2
left_child=1 9 6 4 -4 -5 7 -2 -8 -1 -3
right_child=2 10 3 5 -6 -7 8 -9 -10 -11 -12
leaf_value=0.003400363007802019 0.00614609568339079 0.0025343740880917572 -0.0053667268547847738 0.004707355806497184 0.0043694417885434883 -0.00049249753429787585 -0.0038794044001232274 -0.00022194717596962451 -0.00043307261671482488 0.023107999500934503 -0.0044415433294591015
leaf_weight=3.8209596313536167 50.252335837110877 2.6010509170591831 16.528030764311552 49.498214982450008 157.50369148701429 788.80667841341347 185.1025397721678 479.38887768611312 414.2690895581618 3.6372442767024022 2.0380523465573788
leaf_count=39 775 34 254 708 3046 15757 4266 8328 9454 26 61
internal_value=-3.83097e-05 0.0112635 -0.000119607 0.000429303 0.0033091 -0.000157145 -0.000624941 0.000374886 -0.0015317 0.0174514 0
internal_weight=2153.45 12.0973 2141.35 1012.34 174.032 838.305 1129.01 529.641 599.372 7.4582 4.6391
internal_count=42748 160 42588 19765 3300 16465 22823 9103 13720 65 95
is_linear=0
shrinkage=0.03


Tree=265
num_leaves=12
num_cat=0
split_feature=8 1 8 11 11 1 8 19 16 21 5
split_gain=2.98776 1.0727 0.891115 2.41608 2.92171 2.79019 1.56401 3.87912 0.832753 0.494686 0.330333
threshold=-2.0193759572128891 0.57460317460317467 2.5320200447606873 0.53197278911564638 0.95959183673469395 0.93938775510204098 2.1420831106953226 0.0061335412762187442 0.97979591836734703 0.0093915370337376066 0.71714285714285719
decision_type=2 2 2 2 2 2 2 2 2 2 2
left_child=1 9 6 5 -5 -4 8 -8 -2 -1 -3
right_child=2 10 3 4 -6 -7 7 -9 -10 -11 -12
leaf_value=0.0023073088019351907 -7.7126461876107747e-05 0.0065784296653663499 -0.011308876347469051 0.005432329421978483 -0.0087973474927564993 0.0066774719392779514 0.010194411149094628 -0.0026668676884186817 -0.003160398487687904 0.023170273538319908 -0.0054863433651873182
leaf_weight=3.8224056214094144 1875.7194392308593 1.7807899899780739 37.842129718512297 41.059438478201628 16.290278362110257 7.1119676530361167 41.630324460566044 36.906153621152043 81.031300934031606 5.4690368268638849 2.4413193203508854
leaf_count=40 39725 31 309 314 135 62 337 312 1266 42 59
internal_value=-8.40298e-05 0.0130208 -0.000185981 -0.00289268 0.000977378 -0.00798066 -3.98598e-05 0.0040482 -0.000215563 0.0178448 0
internal_weight=2151.1 13.5136 2137.59 102.304 57.3497 44.9541 2035.29 78.5365 1956.75 9.29144 4.22211
internal_count=42632 172 42460 820 449 371 41640 649 40991 82 90
is_linear=0
shrinkage=0.03


Tree=266
num_leaves=13
num_cat=0
split_feature=8 1 8 18 21 8 20 16 21 18 3 21
split_gain=2.97886 1.00203 0.833768 2.27518 1.64391 1.29041 2.79137 0.845128 0.428524 0.199363 0.010917 0.111176
threshold=-2.0193759572128891 0.57460317460317467 2.5320200447606873 0.071916410939856804 0.0065131333368359974 2.1420831106953226 0.036187183019415488 0.97979591836734703 0.0093915370337376066 0.092715671976586381 0.49489795918367352 0.0083668391298454738
decision_type=2 2 2 2 2 2 2 2 2 2 2 2
left_child=1 8 5 4 -4 7 -7 -2 -1 -5 -3 -12
right_child=2 10 3 9 -6 6 -8 -9 -10 -11 11 -13
leaf_value=0.002439052183718495 -9.2135902804339802e-05 0.0014303365158194505 0.0077045140771681217 0.013783263291080173 -0.0056347920488482566 0 0.011894070240277633 -0.0032132178326115947 0.02274160771287307 0.00050196401558076154 1.2453958137917575e-05 -0.0056038437529139845
leaf_weight=3.8111259192228299 1876.4354745126329 1.6806503757834423 6.5414178222417823 4.4655605889856798 86.382202681154013 55.176457528024912 23.301369734108448 80.24198707845062 5.4709204249083996 4.5113074332475662 1.2697081416845324 1.2593451384454963
leaf_count=40 39725 23 60 31 697 472 177 1266 42 32 22 45
internal_value=-0.000110561 0.0129821 -0.000212291 -0.00283755 -0.0043952 -7.08242e-05 0.00364141 -0.000230938 0.0176452 0.00978284 0 -0.000711879
internal_weight=2150.55 13.4918 2137.06 101.9 92.9236 2035.16 78.4778 1956.68 9.28205 8.97687 4.2097 2.52905
internal_count=42632 172 42460 820 757 41640 649 40991 82 63 90 67
is_linear=0
shrinkage=0.03


Tree=267
num_leaves=12
num_cat=0
split_feature=8 1 8 18 19 23 13 13 9 18 18
split_gain=3.13269 1.05362 0.75281 1.5638 2.47229 2.07699 1.32211 2.77836 2.12214 0.319661 0.298067
threshold=-2.0193759572128891 0.57460317460317467 -0.64004351028303852 0.035157304163768617 0.0071309614772291441 0.039006797253721033 0.78795918367346951 0.69693877551020422 0.51065759637188213 0.0129757939160019 0.022598390108861558
decision_type=2 2 2 2 2 2 2 2 2 2 2
left_child=1 9 3 4 -2 -5 7 -4 -8 -1 -3
right_child=2 10 6 5 -6 -7 8 -9 -10 -11 -12
leaf_value=0.0030486160223209386 0.0021945379639955755 0.0062222116209678067 -2.7195558541616485e-05 -0.0064054763466813418 -0.0043943111723151723 0.0013139311509547569 0.0034935109694245133 0.0038146527719090826 -0.0018969324142516996 0.022606630845232421 -0.0052182400479150468
leaf_weight=3.8724449686706048 156.45713273063302 1.8779626749455918 1012.3079101750627 94.902063912246376 73.708719088695943 41.228385861963034 72.462798123247921 199.68789508379996 486.54894873965532 5.6864150166511536 2.3378953812643886
leaf_count=38 4482 33 19811 3136 2279 1032 1700 3334 6686 44 57
internal_value=-0.000109385 0.0131958 -0.000214404 -0.00144952 2.26232e-07 -0.00397381 3.39406e-05 0.000598671 -0.00116149 0.0178795 0
internal_weight=2151.08 13.7747 2137.3 366.296 230.166 136.13 1771.01 1212 559.012 9.55886 4.21586
internal_count=42632 172 42460 10929 6761 4168 31531 23145 8386 82 90
is_linear=0
shrinkage=0.03


Tree=268
num_leaves=15
num_cat=0
split_feature=9 19 19 9 1 19 11 12 12 18 10 12 19 5
split_gain=0.744888 1.11261 1.39023 0.857718 1.44103 2.07218 1.32679 1.21675 3.87023 1.98473 0.850574 0.806195 1.12195 0.850697
threshold=0.060612244897959189 0.0053931113536722043 0.0071938752021442577 0.22111111111111112 0.36867346938775519 0.0037357669776730451 0.68444444444444452 0.28929501438865673 0.042901582256343683 -0.011499424473297713 -0.60075194310565772 -0.3557503700125732 0.0037357669776730451 0.49489795918367352
decision_type=2 2 2 2 2 2 2 2 2 2 2 2 2 2
left_child=1 11 10 4 5 -2 -6 8 -5 -9 -3 13 -13 -1
right_child=3 2 -4 7 6 -7 -8 9 -10 -11 -12 12 -14 -15
leaf_value=-0.0031572920115705921 0.01030105735351439 0 0 -7.542277793358857e-05 -0.0055059378579628828 -0.001107755304568542 0.00058538708244883165 0.0021160871182776099 0.0051404133195969209 -0.0020488028584318206 0.013018841156234287 0.0010627751854888931 -0.012402487723287441 0.0065143693560806735
leaf_weight=11.174078467302026 15.581172256730495 7.055083796381953 21.682677056640387 1093.6349094170146 105.98548088036478 69.134459388442338 39.330850959289819 126.96505255997181 142.26079851668328 467.07879314105958 19.117706366814673 7.4026064034551373 8.5607719104737026 15.82716602180153
leaf_count=327 366 171 673 22001 3382 1775 1262 1892 2267 7116 520 257 294 329
internal_value=-0.000108988 0.00250654 0.00559831 -0.000233896 -0.00195258 0.0010068 -0.00376989 -7.76466e-06 0.000520177 -0.00112936 0.0099937 -0.000699409 -0.00590017 0.00205296
internal_weight=2150.79 90.8201 47.8555 2059.97 230.032 84.7156 145.316 1829.94 1235.9 594.044 26.1728 42.9646 15.9634 27.0012
internal_count=42632 2571 1364 40061 6785 2141 4644 33276 24268 9008 691 1207 551 656
is_linear=0
shrinkage=0.03


Tree=269
num_leaves=15
num_cat=0
split_feature=4 1 2 1 22 7 19 18 21 2 21 17 2 7
split_gain=0.606835 1.48531 2.52241 2.66198 2.04874 1.40649 1.91423 1.36356 1.00219 1.00796 2.12988 0.990838 0.795863 0.0772515
threshold=0.62604878025704058 0.48444444444444451 1.321777061630129 0.20704081632653062 1.0000000180025095e-35 0.39387755102040822 0.0061033466434422248 0.057189898489156128 0.039597395338255105 0.69566894372264676 0.012109758061702775 0.0053817945547017807 -0.28320485369527776 0.28730158730158734
decision_type=2 2 2 2 2 2 2 2 2 2 2 2 2 2
left_child=8 2 3 -2 -4 6 -3 -7 9 11 -11 -1 -10 -14
right_child=1 5 4 -5 -6 7 -8 -9 12 10 -12 -13 13 -15
leaf_value=-0.0010284563099470301 -0.0074046852867396002 0.010284250188242089 0.020965111864959012 0.0033750319057497947 0.0046927622000558196 1.5677140776460543e-05 -0.0026796365316083858 -0.0046498053134696763 -0.015958217013474062 -0.0051807274645851824 0.0028675138428386486 0.00057450276267668999 0.0039603879442224625 -0.0019255574539090506
leaf_weight=608.02567573729903 25.394964653998613 23.456479496322572 9.0964554119855148 79.006915751844645 35.086580466479063 353.02460044715554 13.510361785069106 63.732813820708543 4.7155141700059175 97.846023834310472 37.933227702043951 795.97087014093995 1.3908103033900245 2.4076508181169629
leaf_count=12534 381 363 92 1486 391 7287 257 1400 107 1738 665 15850 21 60
internal_value=-0.000114538 0.00068241 0.00326877 0.000522076 0.00913056 -0.00014228 0.00526701 -0.000680774 -0.000434719 -0.000361086 -0.0028144 -0.000109494 -0.00972286 0
internal_weight=2150.6 602.309 148.585 104.402 44.183 453.724 36.9668 416.757 1548.29 1539.78 135.779 1404 8.51398 3.79846
internal_count=42632 11657 2350 1867 483 9307 620 8687 30975 30787 2403 28384 188 81
is_linear=0
shrinkage=0.03


Tree=270
num_leaves=15
num_cat=0
split_feature=12 19 5 18 17 13 18 17 21 13 21 12 19 7
split_gain=1.19408 3.61576 1.62632 2.13261 1.33996 1.30188 3.01616 3.09426 2.6401 1.88284 1.7271 1.57031 1.0776 1.17392
threshold=-0.88742675003766214 0.007998009821287403 0.11555555555555556 0.102785878981576 0.025090682434730342 0.10657596371882087 0.032917912077435781 0.023332265355769825 0.0059542228007557043 0.23224489795918371 0.0084326908358141623 -0.58710558066637941 0.009516526882349538 0.47469387755102049
decision_type=2 2 2 2 2 2 2 2 2 2 2 2 2 2
left_child=1 2 4 -4 -1 6 8 -8 -2 10 -7 -11 -3 -14
right_child=5 12 3 -5 -6 9 7 -9 -10 11 -12 -13 13 -15
leaf_value=0.012628060955516838 -0.012908480241938839 0.014693178804486102 -0.0097918864536185885 0.0039349639316637501 -0.0075279522478187639 0.001132396630167491 -0.0087436214382936878 0.005082747819657495 0.0066235777384799797 0.003203604965095014 -0.0048381547235296276 -0.00020739901568142131 0.009665950175621895 -0.010186013993691524
leaf_weight=5.4702321738004676 4.3145690504461518 8.5960087291896325 61.336983167566359 9.300627011805771 2.2788088843226433 56.889969461597502 32.831607971340418 21.937740178778768 102.43362143822014 129.49064270220697 139.17548588989303 1569.0846044328064 3.2567845843732348 3.4492586888372898
leaf_count=60 84 116 1021 157 36 1471 630 366 1693 2793 3627 30528 38 64
internal_value=-0.000198069 -0.00347588 -0.00620249 -0.00771943 0.00483369 -3.81951e-05 0.00252161 -0.00295732 0.00547331 -0.000266756 -0.00303608 4.72797e-05 0.00872698 0
internal_weight=2149.85 93.6887 78.3867 70.6376 7.74904 2056.16 161.518 54.7693 106.748 1894.64 196.065 1698.58 15.3021 6.70604
internal_count=42684 1492 1274 1178 96 41192 2773 996 1777 38419 5098 33321 218 102
is_linear=0
shrinkage=0.03


Tree=271
num_leaves=12
num_cat=0
split_feature=8 14 17 18 8 14 18 12 0 17 5
split_gain=2.61258 1.13347 4.65276 2.09772 1.27915 2.67235 1.26022 0.836091 0.785656 0.466987 0.140146
threshold=-2.0193759572128891 0.2678571428571429 0.041621108670146907 0.02620946291127069 -0.57909346271502737 0.61904761904761918 0.073620605833439226 -0.56581676238890977 0.1362408343130104 0.01077628849332868 0.67673469387755114
decision_type=2 2 2 2 2 2 2 2 2 2 2
left_child=8 2 3 -2 5 -3 -6 -4 9 -1 -10
right_child=1 4 7 -5 6 -7 -8 -9 10 -11 -12
leaf_value=0.019768182721785262 -0.0055372501358449027 -0.006309599857267238 0 0.0032774409248632814 -3.3830477385018194e-05 -0.00030682310934939847 0.0026893695592748869 -0.027111248286249622 0.0042149282586751496 0.00037629087671793831 -0.0041232575060910137
leaf_weight=6.6527610197663289 46.929637932218611 85.047069953754544 1.5442473236471412 44.654138890095055 1471.3984638615511 314.00223578931764 167.45628141611814 6.1504755299538365 1.254862244240939 3.2853944934904575 2.0177282067015767
leaf_count=54 839 2914 26 730 25977 9037 2842 151 24 35 55
internal_value=-0.000192109 -0.000286879 -0.00339047 -0.00110093 -0.000125155 -0.00164865 0.00023822 -0.0232448 0.012175 0.015751 0
internal_weight=2150.39 2137.18 99.2785 91.5838 2037.9 399.049 1638.85 7.69472 13.2107 9.93816 3.27259
internal_count=42684 42516 1746 1569 40770 11951 28819 177 168 89 79
is_linear=0
shrinkage=0.03


Tree=272
num_leaves=11
num_cat=0
split_feature=8 14 17 12 8 14 21 12 12 6
split_gain=1.97 0.949237 4.20191 1.66546 1.20518 2.58366 2.15413 0.778195 0.7709 0.172684
threshold=-2.0193759572128891 0.2678571428571429 0.041621108670146907 0.46009468772802836 -0.57909346271502737 0.61904761904761918 0.011428199121863295 -0.56581676238890977 -0.6211004615776069 0.2914797768428361
decision_type=2 2 2 2 2 2 2 2 2 2
left_child=8 2 3 -2 5 -3 -6 -4 -1 -10
right_child=1 4 7 -5 6 -7 -8 -9 9 -11
leaf_value=0 -0.003065182092834076 -0.0062488340475573287 0 0.0067668425077415124 -0.00052299745186589223 -0.00030196488613933151 0.001791330387159561 -0.026259332637121827 0.01671414436626437 0
leaf_weight=4.1128493063151828 74.580050088465214 83.430438901297748 1.5416137529537079 16.97013929579407 1107.0021138563752 313.8587694899179 532.61147256707773 5.8007727507501832 7.0833389526233059 2.3288956191390753
leaf_count=40 1317 2914 26 252 19449 9037 9370 151 81 47
internal_value=-0.000195272 -0.000279256 -0.00312642 -0.000976629 -0.000130736 -0.00161341 0.000220917 -0.0223786 0.0104282 0.0144477
internal_weight=2149.32 2135.8 98.8926 91.5502 2036.9 397.289 1639.61 7.34239 13.5251 9.41223
internal_count=42684 42516 1746 1569 40770 11951 28819 177 168 128
is_linear=0
shrinkage=0.03


Tree=273
num_leaves=12
num_cat=0
split_feature=8 1 0 2 4 19 20 21 20 19 2
split_gain=1.8145 1.1345 1.1351 0.815093 2.79481 2.75228 2.03441 2.13312 1.69027 1.059 0.000203382
threshold=-2.0193759572128891 0.24222222222222226 0.1362408343130104 0.350477759267666 0.24384514960561546 0.0053749815707774028 0.08121654386155254 0.011308733499969491 0.069683897858915503 0.0051292169386026459 -0.16123292005277637
decision_type=2 2 2 2 2 2 2 2 2 2 2
left_child=1 -1 -3 4 8 -6 7 -5 -2 -8 -4
right_child=3 2 10 6 5 -7 9 -9 -10 -11 -12
leaf_value=-0.0021277344166101297 -0.00086525146374310158 0.019389873247688393 0 -0.0019392728587927868 -0.00030563919702071367 0.0053244337832974702 0 0.0015209390137988288 0.0039596892744394232 -0.014086878526643552 -0.00021552207435921857
leaf_weight=2.7709919176995745 1031.9659043438733 7.5058138929307443 1.3060073163360351 479.02981495391577 139.17184801120311 162.83285179641098 6.1447679540142444 234.3222162425518 66.96617765724659 14.196927849203346 1.940679635852576
leaf_count=28 21043 61 17 8844 2830 3234 110 4868 1279 308 62
internal_value=-0.000192997 0.0100016 0.0141471 -0.000273905 0.000141088 0.00269566 -0.00108492 -0.000780618 -0.000550948 -0.0100599 0
internal_weight=2148.15 13.5235 10.7525 2134.63 1400.94 302.005 733.694 713.352 1098.93 20.3417 3.24669
internal_count=42684 168 140 42516 28386 6064 14130 13712 22322 418 79
is_linear=0
shrinkage=0.03


Tree=274
num_leaves=12
num_cat=0
split_feature=8 1 0 8 18 16 23 14 18 5 6
split_gain=1.86917 1.12642 1.10842 0.843292 2.19825 3.3034 2.7741 1.10461 1.20575 1.20447 0.0501625
threshold=-2.0193759572128891 0.24222222222222226 0.1362408343130104 -0.59642013335544786 0.03236209240960964 0.060612244897959189 0.055718859153444884 0.2678571428571429 0.02620946291127069 0.23224489795918371 0.26573555260253418
decision_type=2 2 2 2 2 2 2 2 2 2 2
left_child=1 -1 -3 4 5 -2 -6 8 -5 -9 -4
right_child=3 2 10 7 6 -7 -8 9 -10 -11 -12
leaf_value=-0.0021227920205969071 0.0075932621356450021 0.018959632465042908 0.0018026133497662221 -0.0065469429239002931 -0.0063337947519610301 -0.0013922178107926913 0.003317343054406154 0.0016826871810629322 0 -0.00024083001161490956 -0.0030594530042405868
leaf_weight=2.7803548611700526 43.153172627091408 7.986869063228367 1.715503894723952 45.130075630731881 123.25022649625316 194.90510930353776 30.514151289127767 375.60399892181158 46.926188261248171 1275.0950980191119 1.5333453770726917
leaf_count=28 705 61 31 771 4080 6298 772 6215 752 22923 48
internal_value=-0.000190808 0.00999541 0.0139951 -0.000274008 -0.0015279 0.0002238 -0.00430425 7.36441e-07 -0.00315281 0.000189282 0
internal_weight=2148.59 14.0161 11.2357 2134.58 391.823 238.058 153.764 1742.76 92.0563 1650.7 3.24885
internal_count=42684 168 140 42516 11855 7003 4852 30661 1523 29138 79
is_linear=0
shrinkage=0.03


Tree=275
num_leaves=12
num_cat=0
split_feature=8 17 16 21 8 12 20 6 12 17 19
split_gain=1.82101 1.46602 1.00409 2.45576 1.88131 1.46486 3.17175 2.49525 1.12168 0.774885 0.416832
threshold=-2.0193759572128891 0.011476410558069696 0.30861678004535154 0.0065131333368359974 2.2218817664379085 -0.17559414612516328 0.0168144098674099 0.098932710431454643 -0.66799244464065366 0.025090682434730342 0.0036038943998831052
decision_type=2 2 2 2 2 2 2 2 2 2 2
left_child=1 10 3 8 -5 7 -7 -4 -2 -3 -1
right_child=2 9 5 4 -6 6 -8 -9 -10 -11 -12
leaf_value=0 -0.010484710844014308 -0.010949941962793752 -0.00038344539239290842 0.0013726106551401856 -0.011022966644849906 0.0015415699537362794 -0.0019186249024903184 -0.0045128322070343381 0 0.0059013201560929023 0.020044482566517773
leaf_weight=2.6452811583876592 22.768041924573481 2.3459410052746525 346.67955215182155 570.05258646607399 9.0245924256741983 500.94882175140083 450.50033831503242 220.17109965905547 14.363782433792947 3.0880877207964659 5.9846713971346617
leaf_count=27 467 38 7689 11824 72 8299 8020 5713 368 41 69
internal_value=-0.000317793 0.00970946 -0.000399909 0.0006062 0.00111634 -0.00081837 -8.16484e-05 -0.00202394 -0.00661669 -0.000344546 0.016325
internal_weight=2148.57 14.064 2134.51 616.209 579.077 1518.3 951.449 566.851 37.1318 5.43403 8.62995
internal_count=42627 175 42452 12731 11896 29721 16319 13402 835 79 96
is_linear=0
shrinkage=0.03


Tree=276
num_leaves=15
num_cat=0
split_feature=13 12 18 12 17 5 21 12 12 19 6 12 13 19
split_gain=1.61158 2.21978 3.58599 2.6921 1.96653 3.32936 2.77889 1.14818 2.0394 3.43515 1.94436 2.01046 1.64835 1.49306
threshold=0.080816326530612256 -0.69938600142178642 0.052830161204972866 -0.62792330273181007 0.014351890515696743 0.14142857142857146 0.0066926315211303039 -0.65231527918389376 -0.59474163381773482 0.0052884520613147657 -0.30705701097534743 -0.76568114177689817 0.1918367346938776 0.0053931113536722043
decision_type=2 2 2 2 2 2 2 2 2 2 2 2 2 2
left_child=1 4 3 -3 6 -6 -1 10 9 -9 13 -12 -10 -2
right_child=7 2 -4 -5 5 -7 -8 8 12 -11 11 -13 -14 -15
leaf_value=-0.0205894663477281 -0.013797308196010187 0.017913936221610006 -0.012411911756495055 -0.00090649019945908849 -0.008675332678222963 0.00719546191156069 -0.00040159761202871212 0.0086295059148550884 0.010499728528072008 -0.0013900845920200452 0.0035262238981782347 -0.0032665594823608757 -0.00071064168543570963 -0.00040252743983003629
leaf_weight=4.6372814681380978 20.824749579653144 21.749576103873551 3.7478373758494845 7.2946151364594725 11.903765833005307 65.322533971630037 110.44149544835091 56.873370460234582 9.7487067626789194 59.150483054108918 51.787962277419865 132.76938051078469 1577.1039491910487 14.920347121544181
leaf_count=92 520 256 69 87 184 984 1738 1114 257 1377 1119 3535 30910 385
internal_value=-0.000316427 0.00205931 0.00907338 0.01295 0.000704987 0.00440254 -0.00168104 -0.000604136 -0.000328924 0.0034573 -0.00264187 -0.00126269 -0.000619201 -0.00892119
internal_weight=2148.28 225.097 32.792 29.0442 192.305 77.2263 115.079 1923.18 1702.88 116.024 220.302 184.557 1586.85 35.7451
internal_count=42627 3410 412 343 2998 1168 1830 39217 33658 2491 5559 4654 31167 905
is_linear=0
shrinkage=0.03


Tree=277
num_leaves=15
num_cat=0
split_feature=13 4 21 8 21 0 11 0 5 8 11 11 17 17
split_gain=1.65454 1.65068 1.59735 1.73743 1.72603 2.7402 2.35125 1.40554 2.09151 1.35726 1.31418 1.2012 1.18111 0.792055
threshold=0.080816326530612256 1.7169632011275979 0.0071552553280849673 -0.42294380074548171 0.013142604584087581 -0.33411791700650068 0.51065759637188213 2.6688039021321686 0.96888888888888902 -2.0193759572128891 0.24222222222222226 0.23224489795918371 0.011476410558069696 0.023332265355769825
decision_type=2 2 2 2 2 2 2 2 2 2 2 2 2 2
left_child=2 9 3 -1 5 -4 -6 11 -9 12 -11 -3 -2 -5
right_child=1 7 4 13 6 -7 -8 8 -10 10 -12 -13 -14 -15
leaf_value=0.0018824882965277924 0.014324145336995515 -0.0016071336210318795 0.0084430608464477527 -0.017368728294145926 0.0035324957464912075 0.00061514315310982144 -0.012171400863034885 0.011364552406190297 -0.011474050905277755 0.00036872440916494473 -0.0013951182634257809 0.0070324091111340697 -0.00089712744339863688 0
leaf_weight=14.755886901170017 7.9398764409124833 14.787340736947952 75.933725666254759 7.1348133422434312 16.603328130207959 93.342013559304178 12.876906160265206 2.766623953357338 10.103923260234295 518.17542368918657 1305.1720934584737 58.23288550786674 4.9939361792057753 5.3539155945181847
leaf_count=233 86 227 845 113 267 1610 268 31 135 9209 28314 1145 70 74
internal_value=-0.000315355 -0.000607461 0.0020868 -0.00429138 0.00306985 0.00427176 -0.00318792 0.00337797 -0.00468782 -0.000805509 -0.000885781 0.00508667 0.0081095 -0.0118742
internal_weight=2148.17 1922.17 226.001 27.2446 198.756 169.276 29.4802 85.8908 12.8705 1836.28 1823.35 73.0202 12.9338 12.4887
internal_count=42627 39217 3410 420 2990 2455 535 1538 166 37679 37523 1372 156 187
is_linear=0
shrinkage=0.03


Tree=278
num_leaves=15
num_cat=0
split_feature=0 7 10 12 0 17 12 5 3 2 14 17 18 2
split_gain=1.1405 2.80211 2.46153 2.30884 2.11082 2.14272 3.35287 2.01047 2.23522 1.91996 1.61755 1.57704 2.60752 2.26804
threshold=1.7576422274371264 0.68444444444444452 1.2399322347323689 -0.34039043260839458 1.1054424974626251 -0.0078391036340930125 1.1291134589585583 0.68444444444444452 0.9900000000000001 1.857247610740794 0.79166666666666685 0.004239515958119556 0.02620946291127069 1.6896347497059419
decision_type=2 2 2 2 2 2 2 2 2 2 2 2 2 2
left_child=4 2 10 -4 7 -6 -7 9 -9 -1 -2 12 -3 -13
right_child=1 11 3 -5 5 6 -8 8 -10 -11 -12 13 -14 -15
leaf_value=-0.00070302464792900375 0.0025973231287322192 0.0082409964689736381 0.010748796676116269 -0.016605479862208439 -0.010288169261836825 -0.0042800920440407625 0.0083171871445449214 0.00077469483189711178 0.0083342825835865993 -0.013427840969538972 0.022456085626254858 0.001596779372178955 -0.006457945697251985 -0.010684228339324878
leaf_weight=1344.0130013618618 8.5028035342693364 34.091298815794289 3.0987056884914637 3.6336521971970788 34.858448131009936 92.153210395015776 21.376281058415771 486.27175502572209 36.83464561868459 8.9180045481771213 11.509864189662039 27.146310008130968 12.729330159723757 21.368931214790791
leaf_count=27360 87 516 42 48 794 2057 340 9785 347 121 110 520 190 310
internal_value=-0.000306096 0.00246679 0.0106771 -0.00271915 -0.000482984 -0.00390833 -0.00167541 -0.00020019 0.00136529 -0.000817669 0.0157027 0 0.00383664 -0.0037244
internal_weight=2146.51 122.081 26.745 6.73236 2024.43 148.388 113.529 1876.04 523.106 1352.93 20.0127 95.3359 46.8206 48.5152
internal_count=42627 1823 287 90 40804 3191 2397 37613 10132 27481 197 1536 706 830
is_linear=0
shrinkage=0.03


Tree=279
num_leaves=12
num_cat=0
split_feature=8 0 7 10 8 0 19 4 6 11 21
split_gain=1.36552 1.2125 2.33921 2.25426 2.01123 1.83431 1.85624 1.7725 0.710808 0.657247 1.00364
threshold=-2.0193759572128891 1.7576422274371264 0.68444444444444452 0.8386346040199818 2.5320200447606873 1.1054424974626251 0.0067520946897167448 0.62604878025704058 -0.25085691395726367 0.26598639455782319 0.0093503001972874335
decision_type=2 2 2 2 2 2 2 2 2 2 2
left_child=8 5 3 -3 -4 7 -7 -2 -1 -10 -11
right_child=1 2 4 -5 -6 6 -8 -9 9 10 -12
leaf_value=0 -0.00081361319370162118 0.015768295178620436 0.0018783966912444714 -0.00062975507589817996 -0.010610294845578147 -0.0013014291667195308 -0.0087886848156650717 0.0013714397621381006 0 0 0.02272858379406929
leaf_weight=4.9178043492138377 1432.3792436160147 17.665095574222509 83.901351769454777 9.2803964456543309 11.388088662177323 101.68356187921017 44.862343795597553 430.41530102491379 2.5619528889656049 2.3605514336377382 4.3076636698096991
leaf_count=51 29078 167 1420 119 113 2143 1032 8380 33 40 51
internal_value=-0.000309066 -0.000381288 0.00247343 0.00994908 4.42519e-05 -0.000564695 -0.00378196 -0.000299764 0.00834281 0.0125318 0.0164834
internal_weight=2145.72 2131.58 122.235 26.9455 95.2894 2009.34 146.546 1862.79 14.148 9.23017 6.66822
internal_count=42627 42452 1819 286 1533 40633 3175 37458 175 124 91
is_linear=0
shrinkage=0.03


Tree=280
num_leaves=15
num_cat=0
split_feature=12 7 3 1 5 23 12 5 17 20 13 17 12 15
split_gain=1.00431 2.33934 2.28811 2.93287 2.00372 2.57309 1.9002 3.73404 3.41471 3.20261 2.32737 2.25505 1.74925 1.34973
threshold=0.042901582256343683 0.85857142857142865 0.90555555555555567 0.71714285714285719 0.72666666666666668 -0.040271762172178698 0.20840261981961167 0.55328798185941053 -0.01758793889486265 0.063499107061101415 0.71714285714285719 0.023699337360585607 -0.52032934297454858 0.30952380952380959
decision_type=2 2 2 2 2 2 2 2 2 2 2 2 2 2
left_child=1 4 12 -4 13 -6 7 9 -9 -2 -8 -12 -3 -1
right_child=6 2 3 -5 5 -7 10 8 -10 -11 11 -13 -14 -15
leaf_value=0.0023695798280098704 -0.0042295232060340126 0.0030730495291788414 0.0023464658237439219 -0.01454807747232815 -0.0052931488870253361 0.0030751180638083548 -0.018976508102842557 -0.0050436265321633427 0.01229020013114784 0.015731790549145225 0.0012401466052408105 -0.0027722330786708353 -0.0047871210263592959 -0.0012993557447916631
leaf_weight=96.74215136654675 49.250842607580125 38.890955077949911 10.168464626185594 31.133576683700085 35.097835072316229 249.72704636957496 3.7233870290219775 10.092873660847543 51.744625057093799 6.2980354949831954 506.6536408867687 164.83200430776924 60.864043783396482 837.01388343330473
leaf_count=1444 896 1166 171 748 843 4701 71 205 812 89 7977 2639 1837 19150
internal_value=-0.000155143 -0.000655261 -0.00429028 -0.010126 -0.00021586 0.00196191 0.000683385 0.00417398 0.00915669 -0.00123762 4.38535e-05 0.000227633 -0.00157513 -0.000898952
internal_weight=2152.23 1359.64 141.057 41.302 1218.58 284.825 792.595 117.386 61.8375 55.5489 675.209 671.486 99.755 933.756
internal_count=42749 30060 3922 919 26138 5544 12689 2002 1017 985 10687 10616 3003 20594
is_linear=0
shrinkage=0.03


Tree=281
num_leaves=12
num_cat=0
split_feature=8 12 8 17 18 8 0 7 21 21 3
split_gain=2.14352 1.07724 2.78172 4.38941 1.76682 2.03287 1.88134 1.47684 0.728725 0.59593 0.414662
threshold=-2.0193759572128891 0.042901582256343683 2.3144879620743808 1.0000000180025095e-35 -0.074746816970758453 0.2362260470080261 -0.56593142030544319 0.85857142857142865 0.0092135124720399073 0.0080805179356977213 0.41408163265306125
decision_type=2 2 2 2 2 2 2 2 2 2 2
left_child=8 2 7 -4 6 -6 -3 -2 9 -1 -10
right_child=1 4 3 -5 5 -7 -8 -9 10 -11 -12
leaf_value=0.0084937959907250785 -0.00018004305865058576 0.015091684980493954 0.0029815195271352501 -0.018611596021946359 0.0024496105235470252 -0.00082997962934960271 0.0012163281174612927 -0.0034952302997342879 0.021102927271669028 -0.0063185840244176349 0.0013435871433194284
leaf_weight=2.8283530063927165 1180.7350675319321 13.361020399257539 12.338153768330814 17.421255860477686 254.58591991569847 496.10069148615003 28.047271084971726 134.57038169447333 4.4570413678884488 2.7088299542665482 3.5740271806716919
leaf_count=31 25803 163 92 146 5891 6165 464 3863 33 36 62
internal_value=-0.000151202 -0.000238648 -0.000760171 -0.00956287 0.00062775 0.000265877 0.00652804 -0.000535402 0.0109203 0 0.015826
internal_weight=2150.73 2137.16 1345.06 29.7594 792.095 750.687 41.4083 1315.31 13.5683 5.53718 8.03107
internal_count=42749 42587 29904 238 12683 12056 627 29666 162 67 95
is_linear=0
shrinkage=0.03


Tree=282
num_leaves=12
num_cat=0
split_feature=8 13 8 17 7 17 22 8 1 17 4
split_gain=1.94788 1.02659 3.74415 5.6349 1.65781 1.60726 1.46244 1.33335 0.473361 0.627198 0.1669
threshold=-2.0193759572128891 0.69693877551020422 2.6630419964697114 0.0019179287472645969 0.85857142857142865 0.040402321044931029 1.0000000180025095e-35 -1.0250131695693956 0.65653061224489806 0.012019979372892011 0.55496453608777352
decision_type=2 2 2 2 2 2 2 2 2 2 2
left_child=8 2 4 -4 -2 6 -3 -7 9 -1 -10
right_child=1 5 3 -5 -6 7 -8 -9 10 -11 -12
leaf_value=0.017322475483826115 -0.00021458822243766864 0.0043361968544328314 0.0064121074393684594 -0.029894049349449447 -0.0037402540357379887 0.0087417800812065304 0.00045889148478531953 -0.0045446145538065178 0.0048428095971076888 0 -0.004281923945225953
leaf_weight=6.9006971865892393 1158.8576161777601 101.98305784352124 4.5056849457323533 7.5127957090735435 133.71732781687751 4.9135715542361131 650.33530112262815 75.875731975771487 1.4598062392324203 3.3539608474820852 1.7670074263587592
leaf_count=57 25041 1665 32 63 3781 129 10637 1239 22 38 45
internal_value=-0.000163169 -0.000246586 -0.000776358 -0.0162401 -0.000596121 0.000564914 0.00101448 -0.0033637 0.0104181 0.0131103 0
internal_weight=2151.18 2137.7 1304.59 12.0185 1292.57 833.108 752.318 80.7893 13.4815 10.2547 3.22681
internal_count=42749 42587 28917 95 28822 13670 12302 1368 162 95 67
is_linear=0
shrinkage=0.03


Tree=283
num_leaves=14
num_cat=0
split_feature=10 23 18 18 4 10 18 2 4 10 3 3 10
split_gain=0.978125 2.72461 2.35727 2.42201 2.22231 1.37266 1.18971 2.3547 2.11691 1.18576 1.71393 1.68424 0.158149
threshold=-0.72431361559192875 -0.093904647260887472 -0.025667697625468996 0.014795033564566797 -0.44398149045184149 -1.4464155852032616 -0.025667697625468996 -2.1747464631346856 2.3349730840949863 -0.57336413780035389 0.97979591836734703 0.93938775510204098 -1.0626727879272055
decision_type=2 2 2 2 2 2 2 2 2 2 2 2 2
left_child=1 5 4 -4 -3 -1 7 -2 -9 10 -8 -11 -7
right_child=6 2 3 -5 -6 12 9 8 -10 11 -12 -13 -14
leaf_value=0.024825760904374949 -0.015561491916699664 0.0024851412998627299 0.0047560085614854301 0 -0.0075867622512201102 -0.00086746616943134808 -0.0051998912121954581 0.0011379626394370662 0.015754002521441501 -0.00024110049912479594 0.0086857866526398875 -0.0038199625791828615 0.0050241580168241392
leaf_weight=4.4131266288459301 5.1671216003596774 26.427332106977701 134.384880842641 345.82940652687103 53.765731601975858 2.0806417791172862 94.796856149099767 258.9842332424596 7.5165786407887927 1074.367996906396 6.1741769779473534 132.96416878374293 4.363457369618116
leaf_count=37 50 472 2164 5894 1070 43 2142 5588 94 23001 67 2055 72
internal_value=-0.000160756 0.00089117 0.000548062 0.00137007 -0.0041054 0.0145943 -0.000551225 0.00122551 0.00172035 -0.000932918 -0.00405293 -0.000653312 0.0015906
internal_weight=2151.24 571.265 560.407 480.214 80.1931 10.8572 1579.97 271.668 266.501 1308.3 100.971 1207.33 6.4441
internal_count=42749 9752 9600 8058 1542 152 32997 5732 5682 27265 2209 25056 115
is_linear=0
shrinkage=0.03


Tree=284
num_leaves=15
num_cat=0
split_feature=9 19 21 21 21 21 21 15 7 12 20 21 12 12
split_gain=1.27631 1.68728 1.87347 2.01284 1.78176 2.65952 2.45329 1.28212 2.55148 1.93411 2.18513 1.92865 1.72603 1.63111
threshold=0.080816326530612256 0.0053931113536722043 0.0091385206323670812 0.013364882376962353 0.011428199121863295 0.013197509850159215 0.0063591456315682882 0.30952380952380959 0.1705215419501134 -0.20068218211513231 0.049667278536821409 0.0078446658781592352 -0.43424650606263432 -0.65231527918389376
decision_type=2 2 2 2 2 2 2 2 2 2 2 2 2 2
left_child=1 2 -1 -4 6 -6 -3 8 11 12 -11 -2 -9 -10
right_child=7 4 3 -5 5 -7 -8 9 13 10 -12 -13 -14 -15
leaf_value=-0.0083607149781652831 0.0067222435980962055 -0.0077526840510115215 0.0062574723412013658 -0.010176602471660036 -0.010961191448379972 0.0085169030289181762 0.012274028779228292 -0.00076229824620261506 -0.0018747425459642137 0.0010963417189028284 -0.0029820493700363406 -0.0092207140870032272 -0.003738380588616242 0.0052708173067193735
leaf_weight=18.102424432523549 6.3983514206483987 4.0598235959187141 31.077841046266258 6.0042176609858862 10.074596247635784 11.022653498686848 37.143005135469139 741.19587830314413 32.746532626450062 731.94467092771083 137.85566885303706 25.269447445869446 237.20532091055065 121.55480758007616
leaf_count=558 93 123 826 219 296 307 1061 16125 402 12458 2546 384 5682 1669
internal_value=-0.000159075 0.00284121 -0.000743955 0.0028281 0.00617454 -0.00027879 0.009686 -0.000342345 0.00200089 -0.000588141 0.000427389 -0.005346 -0.00150528 0.0036538
internal_weight=2151.66 117.485 55.1845 37.0821 62.3001 21.0972 41.2028 2034.17 185.969 1848.2 869.8 31.6678 978.401 154.301
internal_count=42749 3390 1603 1045 1787 603 1184 39359 2548 36811 15004 477 21807 2071
is_linear=0
shrinkage=0.03


Tree=285
num_leaves=13
num_cat=0
split_feature=8 0 12 17 20 16 18 18 11 9 17 20
split_gain=1.92316 1.79831 2.75774 2.02866 1.60706 1.54262 1.92809 3.39391 2.10811 1.52603 2.43078 1.36108
threshold=2.1420831106953226 1.8974834640920888 -0.61050839313496541 0.016583154817012117 0.0049762536992646886 0.10657596371882087 -0.044920273766578804 -0.05698438028574198 0.95959183673469395 0.87877551020408173 0.041621108670146907 -0.019540103986373122
decision_type=2 2 2 2 2 2 2 2 2 2 2 2
left_child=1 9 4 -4 -3 -2 7 -7 -8 11 -11 -1
right_child=5 2 3 -5 -6 6 8 -9 -10 10 -12 -13
leaf_value=0.0020368811861518929 -0.0098098557508405123 0 0.0047356966047009284 -0.0061281964959271264 0.021313722427678174 0.0026059478452401604 0.0060815952024595938 -0.023363548556717975 -0.0032180189959927059 -0.0012558736096357521 -0.0098666404145342206 -0.0003414426482827322
leaf_weight=258.9623380578123 5.5890222564339629 3.4964106511324635 48.45215133484453 19.650476012378931 9.5405703512951714 11.926221422851087 139.42284104414284 4.3786028344184151 22.413580503314734 327.0677188532427 31.571552414447069 1259.7578293411061
leaf_count=6384 51 64 738 357 116 90 1110 41 195 3688 384 29257
internal_value=0.000116931 -0.00015231 0.00415169 0.00130163 0.015889 0.00303844 0.00362925 -0.00533935 0.00467853 -0.000350531 -0.002106 5.63755e-05
internal_weight=2142.23 1958.5 81.1396 68.1026 13.037 183.73 178.141 16.3048 161.836 1877.36 358.639 1518.72
internal_count=42475 40988 1275 1095 180 1487 1436 131 1305 39713 4072 35641
is_linear=0
shrinkage=0.03


Tree=286
num_leaves=15
num_cat=0
split_feature=8 23 17 1 6 18 23 19 1 18 19 9 17 18
split_gain=1.71213 2.10339 2.01941 3.42947 1.9326 1.70807 1.76488 1.14164 1.01688 1.87048 2.37863 1.61216 2.20933 1.39599
threshold=2.1420831106953226 0.059193236502242626 0.0093242001049839169 0.87877551020408173 -0.31109643882845056 0.071916410939856804 -0.041397380562987744 0.0061033466434422248 0.95959183673469395 0.081118223143933035 0.0075459169080272191 0.87877551020408173 0.041621108670146907 0.037835046061392215
decision_type=2 2 2 2 2 2 2 2 2 2 2 2 2 2
left_child=8 5 4 -4 -3 6 -2 -7 11 13 -11 -1 -13 -10
right_child=1 2 3 -5 -6 7 -8 -9 9 10 -12 12 -14 -15
leaf_value=0.00010366152151529785 0.0067479763884096509 -0.014381576662615603 0.021566923645210796 -0.00025177445201464985 0.0063546999090935245 0.017042680737027038 -0.0020112645463874436 0.0010669290418492969 0.00085859109213611679 -0.018103382392483616 0.0095173314009340589 -0.0013251412792266322 -0.0096870892379712862 0.0079361015766047927
leaf_weight=1488.4204946737736 23.719625594094396 3.7094330154359332 15.582826964557173 8.1023837346583587 11.829286186024545 7.3129679821431663 101.96324623003602 11.618632040917872 75.08355117496103 6.2853612415492517 1.9346943749114869 314.69782177731395 30.507677899673581 41.136473886203021
leaf_count=34778 179 36 110 79 96 49 852 86 1403 137 43 3570 372 685
internal_value=0.000124091 0.0028796 0.00891313 0.0140806 0 0.00104155 -0.000160884 0.00899349 -0.000129639 0.00245945 -0.0095445 -0.000316009 -0.00215888 0.00358246
internal_weight=2141.9 183.838 39.2239 23.6852 15.5387 144.614 125.683 18.9316 1958.07 124.44 8.22006 1833.63 345.205 116.22
internal_count=42475 1487 321 189 132 1166 1031 135 40988 2268 180 38720 3942 2088
is_linear=0
shrinkage=0.03


Tree=287
num_leaves=15
num_cat=0
split_feature=13 21 21 18 21 21 1 10 13 5 15 12 21 17
split_gain=1.59633 1.68029 2.78178 1.82199 2.36522 1.70996 1.33693 2.98538 2.49105 1.19175 1.0346 2.41096 1.42638 0.65415
threshold=0.97979591836734703 0.010896189459660555 0.011976789433570638 -0.022201294864129414 0.0096535609740190948 0.0079306843594489519 0.97979591836734703 -0.037679016413216505 0.56571428571428584 0.77664399092970526 0.46428571428571436 -0.70340794835516152 0.0079306843594489519 0.027864674385350344
decision_type=2 2 2 2 2 2 2 2 2 2 2 2 2 2
left_child=6 3 13 5 -5 -2 10 -8 -9 -4 11 -1 -12 -3
right_child=1 2 9 4 -6 -7 7 8 -10 -11 12 -13 -14 -15
leaf_value=-0.0052525983562059161 0.020244343693256579 -0.013047424482833378 0.0063680468998623266 -0.00010547423703054347 0.011743839757026257 0 0.013178702945760594 0.0063181597049840202 -0.0043737319749602432 -0.0055730747324046637 -0.0023398193394677984 0.0019956809671391328 -0.00011831147469268251 0
leaf_weight=44.180226596072316 11.319944676011803 13.270042149350049 30.525854079052806 50.886684274300933 18.232255831360817 6.6943502798676482 19.666507295332849 33.715900472830981 41.012664902955294 6.8101537842303506 337.78567471727729 341.61536469403654 1182.4980896404013 4.090666275471448
leaf_count=677 112 178 339 624 236 79 268 567 660 94 7489 5947 25158 47
internal_value=0.000127743 0.00318325 -0.000692808 0.00574562 0.00305159 0.013995 -8.43591e-05 0.00335151 0.00029367 0.00363602 -0.00026571 0.00110414 -0.000624179 -0.0101911
internal_weight=2142.3 141.83 54.6967 87.1332 69.1189 18.0143 2000.47 94.3951 74.7286 37.336 1906.08 385.796 1520.28 17.3607
internal_count=42475 1709 658 1051 860 191 40766 1495 1227 433 39271 6624 32647 225
is_linear=0
shrinkage=0.03


Tree=288
num_leaves=15
num_cat=0
split_feature=12 18 19 21 20 2 17 1 11 20 15 7 12 7
split_gain=0.961224 2.55707 5.37033 4.0084 1.795 1.79411 1.57144 1.23248 2.43088 2.17518 1.28335 2.8654 1.66633 1.02752
threshold=1.9864305214041502 -0.0097164870569332856 0.0077392895528356634 0.0094324373933454102 0.038500453658885443 1.321777061630129 -0.015721956271729284 0.97979591836734703 0.75532879818594112 0.01138905907761323 0.46428571428571436 0.040408163265306128 0.5486834322270685 0.57460317460317467
decision_type=2 2 2 2 2 2 2 2 2 2 2 2 2 2
left_child=7 3 6 4 -2 -5 -3 10 13 -10 11 -1 -12 -9
right_child=1 2 -4 5 -6 -7 -8 8 9 -11 12 -13 -14 -15
leaf_value=0.011066747191335177 0.0066995992382751571 -0.008061239745873295 -0.024414062029998733 0.0023039039755402943 0.024005255058441012 -0.016149020401619175 0.0023484628469044827 0.018892519621960167 -0.0082354295993302146 0.00365224104328799 -0.00024491807630212814 0.00054225880028103523 -0.0031927722549768851 0.0049825086883558793
leaf_weight=23.323556911200285 19.622001061216 11.947250822558997 5.6423666011542073 16.798942422494296 10.791145222261546 4.0742204394191495 140.55948427412659 7.69353776611388 19.030722286086529 38.01595182903111 1262.4861357398331 356.3479484198615 201.04560115374625 24.278893494047225
leaf_count=330 217 134 118 192 119 49 1841 78 405 557 28276 6171 3609 379
internal_value=0.000124333 0.0020475 3.61058e-05 0.00773429 0.0144051 -0.00173923 0.0013421 -7.82672e-05 0.00331822 -0.000204061 -0.000253851 0.00128269 -0.000663905 0.00968639
internal_weight=2141.66 209.435 158.149 51.2863 30.4131 20.8732 152.507 1932.22 89.0191 57.0467 1843.2 379.672 1463.53 31.9724
internal_count=42475 2670 2093 577 336 241 1975 39805 1419 962 38386 6501 31885 457
is_linear=0
shrinkage=0.03


Tree=289
num_leaves=15
num_cat=0
split_feature=13 19 19 7 12 19 1 11 23 9 11 9 5 0
split_gain=1.29516 1.67301 2.5825 1.80636 1.53327 1.35672 1.22155 2.80624 2.10343 1.48155 3.20913 2.29167 0.841299 0.839078
threshold=0.97979591836734703 0.0034952148025881482 0.0043951021736457737 0.06394557823129253 3.9819017670091239 0.0026678287344971464 0.97979591836734703 0.74755102040816335 -0.0024591055636313248 0.9900000000000001 0.06394557823129253 0.87877551020408173 0.97979591836734703 -0.64946777085334995
decision_type=2 2 2 2 2 2 2 2 2 2 2 2 2 2
left_child=6 5 4 -4 -3 13 9 12 -9 11 -11 -1 -8 -2
right_child=1 2 3 -5 -6 -7 7 8 -10 10 -12 -13 -14 -15
leaf_value=9.3203722975636439e-05 0.010780640766065644 0.018396428181541177 -0.0051752378298608589 0.0041443347328645515 0 -0.011413296018152962 0.011572952603957973 -0.0093640971529288346 0.0026467404242623131 -0.016554939465668061 0.0062443008425950366 -0.0025555808186153747 0 -0.0041617306733937841
leaf_weight=1477.4286294397898 4.2642992939800024 13.996982101351024 20.749811798334122 85.940927844494581 3.5318898223340502 10.467283952981232 29.774094117805362 16.015551065094769 44.768702358938754 3.8965257592499247 59.639701742678881 362.11470646131784 3.9605918098241082 3.9409153033047932
leaf_count=34780 39 169 212 1023 40 168 414 367 645 33 443 4015 69 58
internal_value=0.000107919 0.00284978 0.00417838 0.00213193 0.0143722 -0.00481239 -8.33644e-05 0.00319793 -0.000476469 -0.000257394 0.00415465 -0.000422274 0.00989446 0.00272495
internal_weight=2140.49 142.892 124.22 106.691 17.5289 18.6725 1997.6 94.5189 60.7843 1903.08 63.5362 1839.54 33.7347 8.20521
internal_count=42475 1709 1444 1235 209 265 40766 1495 1012 39271 476 38795 483 97
is_linear=0
shrinkage=0.03


Tree=290
num_leaves=15
num_cat=0
split_feature=6 20 16 8 7 21 8 16 6 20 20 8 4 10
split_gain=1.90227 1.79391 2.06798 3.65738 1.95388 1.39332 1.80924 1.31484 2.28887 3.50019 2.03048 2.91114 1.64964 1.62619
threshold=0.24319504441478637 0.0699147590214131 0.96888888888888902 1.4697985888037894 0.93938775510204098 0.014912415638740717 0.86469239869511472 0.9900000000000001 -0.61509986414174977 0.050085093688953315 0.010566510953274101 1.2841964985907479 0.14890810757332815 2.0252254106095182
decision_type=2 2 2 2 2 2 2 2 2 2 2 2 2 2
left_child=7 2 3 -2 -4 6 -3 8 9 -1 11 -9 -12 -10
right_child=1 5 4 -5 -6 -7 -8 10 13 -11 12 -13 -14 -15
leaf_value=0.005484782739450667 -0.00089383311015404552 -0.0029176379104578834 -0.003339396786383713 -0.0086970868233630146 0.0086189461797773811 0.0027454390317974884 -0.027417445300734731 0.0041375320411030682 -0.00010719244660506018 -0.0082645286560293178 0.0079067062413870123 -0.018594468941327016 -0.0076884611518004166 0.0051548749951696058
leaf_weight=141.3465606123209 390.10039340425283 8.2873220378532988 15.801205879077314 62.221228310838342 31.654429968446493 2.7623679814860216 4.6625934392213813 5.2311202129349139 1372.865168091841 16.270567247644067 12.533095682039859 13.337540963664649 8.1129741892218572 52.865975373890251
leaf_count=2037 9983 259 224 612 390 55 72 92 27366 276 156 144 120 841
internal_value=-0.000166089 -0.00175463 -0.00138187 -0.00203382 0.00435988 -0.0112696 -0.0152299 0.000330895 0.000476664 0.00388572 -0.0049283 -0.0116816 0.000978347 8.43661e-05
internal_weight=2138.05 515.49 499.777 452.322 47.4556 15.7123 12.9499 1622.56 1583.35 157.617 39.2147 18.5687 20.6461 1425.73
internal_count=42627 11595 11209 10595 614 386 331 31032 30520 2313 512 236 276 28207
is_linear=0
shrinkage=0.03


Tree=291
num_leaves=15
num_cat=0
split_feature=0 17 3 4 12 12 13 7 16 19 12 4 19 3
split_gain=1.62117 2.04875 1.81319 2.26129 1.67187 2.83431 1.42911 1.28324 1.89668 1.34921 1.24862 1.11484 0.850312 0.840876
threshold=-0.495385175883093 -0.019056532167070758 0.97979591836734703 0.80356607779899047 -0.78404320774938696 -0.39564204952062793 0.93938775510204098 0.040408163265306128 0.97979591836734703 0.001597756670429469 0.46009468772802836 0.5777156747600708 0.0076788407034818198 0.085260770975056702
decision_type=2 2 2 2 2 2 2 2 2 2 2 2 2 2
left_child=1 4 3 -3 12 -6 -4 8 13 10 -9 -11 -1 -2
right_child=7 2 6 -5 5 -7 -8 9 -10 11 -12 -13 -14 -15
leaf_value=0 -0.00058064359213724564 0.00037429166769446348 0 -0.0076355952281636809 -0.0030396391562087371 0.0063687985266262358 0.018945677830330371 -0.012499888983753045 -0.013968652593007121 -0.0015217289938521366 0.0015213348160078187 0.00021904522772613945 0.018473862887483296 0.0091055198488831993
leaf_weight=3.1043493282049885 6.9578426126390687 572.16403425112367 8.9846829846501333 31.546837489120662 41.289867457002401 77.292431649751961 6.1994843743741503 14.979926172643902 2.1512020211666814 784.61276600509882 5.3921074047684661 547.77913829218596 8.8701998740434629 27.595817428082228
leaf_count=39 93 9706 93 501 869 1176 48 367 32 17964 76 11124 85 454
internal_value=-0.000157658 0.00095649 0.000205338 -4.33297e-05 0.00434729 0.00297234 0.00981941 -0.000769898 0.00455491 -0.00093196 -0.00831401 -0.000795557 0.0145158 0.00681967
internal_weight=2138.92 749.452 618.895 603.711 130.557 118.582 15.1842 1389.47 36.7049 1352.76 20.372 1332.39 11.9745 34.5537
internal_count=42627 12517 10348 10207 2169 2045 141 30110 579 29531 443 29088 124 547
is_linear=0
shrinkage=0.03


Tree=292
num_leaves=15
num_cat=0
split_feature=6 0 21 20 12 21 2 12 0 2 2 11 12 2
split_gain=1.67768 1.7906 2.10987 1.53773 1.60667 1.23175 1.0283 2.02293 5.12411 2.49842 1.30406 2.13521 1.86671 0.652484
threshold=0.24319504441478637 -1.5291173577747019 0.00905811362865005 0.0699147590214131 1.9864305214041502 0.014912415638740717 0.68273364071379061 1.8365128390774905 -0.91669508522235665 1.182044111695191 -0.51939122373181446 0.021315192743764175 -0.81958718739850689 -0.88049227445108835
decision_type=2 2 2 2 2 2 2 2 2 2 2 2 2 2
left_child=6 2 -2 4 -3 -5 10 9 -9 -8 12 -12 -1 -4
right_child=1 3 13 5 -6 -7 7 8 -10 -11 11 -13 -14 -15
leaf_value=0.0053142784347012849 0.0032265233325457061 -0.001655350614442116 0 -0.014051126224679763 0.0034575280691993902 0.0027198201573977064 -0.0036086327769478226 0.0091814387391407504 -0.013899573902792407 0.0023034830120250522 -0.0086039242605532428 0.0018004042208151346 -0.00084990994756177648 -0.025627923680234432
leaf_weight=45.719352513551712 2.8843373302370292 428.62880988884717 2.1736070774495602 12.602865011431275 60.063352551311255 2.7572103533893815 111.81327492650598 9.6653989665210229 28.597347831353545 144.85587948421016 15.801459798589347 713.61434470210224 553.52296500187367 4.917278191074729
leaf_count=657 34 10274 38 330 790 55 2567 84 412 2018 267 14595 10432 74
internal_value=-0.00015111 -0.00164601 -0.0132674 -0.00133485 -0.000984845 -0.0102101 0.000314389 -0.00126499 -0.00753016 -0.000222022 0.000677621 0.00153159 -0.00033855 -0.0208604
internal_weight=2137.62 514.027 9.97522 504.052 488.692 15.3601 1623.59 294.932 38.2627 256.669 1328.66 729.416 599.242 7.09089
internal_count=42627 11595 146 11449 11064 385 31032 5081 496 4585 25951 14862 11089 112
is_linear=0
shrinkage=0.03


Tree=293
num_leaves=11
num_cat=0
split_feature=8 6 17 16 8 7 6 10 15 17
split_gain=1.58845 1.56109 1.46994 1.45733 3.45333 1.56687 1.10154 2.27047 1.0377 0.145946
threshold=-2.0193759572128891 0.24319504441478637 0.011476410558069696 0.97979591836734703 1.4697985888037894 0.93938775510204098 -1.792748861728805 0.52771820656962953 0.79166666666666685 0.023982079793153258
decision_type=2 2 2 2 2 2 2 2 2 2
left_child=2 6 -1 4 -3 -5 7 -2 -8 -4
right_child=1 3 9 5 -6 -7 8 -9 -10 -11
leaf_value=0.015558736580172393 0.0068788817653448499 -0.0011131223581026981 -0.0058637201145125594 -0.0037155602605006325 -0.0086339505413533593 0.0067509047276721251 0.00080446992665078295 -0.0035140132953379241 -0.00075386286699864215 0
leaf_weight=9.0516771376132947 57.032001021318138 395.27848739176989 2.3448137566447249 16.606706456281245 63.575945410877466 33.471454449929297 786.64588624704629 24.214459173381329 746.73733442183584 2.1796211171895266
leaf_count=94 818 10239 33 239 636 415 14588 327 15206 32
internal_value=-0.00014399 -0.000220702 0.00937987 -0.00166963 -0.00222066 0.00298263 0.000228223 0.00359122 3.58195e-05 -0.00166271
internal_weight=2137.14 2123.56 13.5761 508.933 458.854 50.0782 1614.63 81.2465 1533.38 4.52443
internal_count=42627 42468 159 11529 10875 654 30939 1145 29794 65
is_linear=0
shrinkage=0.03


Tree=294
num_leaves=15
num_cat=0
split_feature=6 0 16 18 18 16 23 6 20 2 3 2 6 6
split_gain=1.53977 1.85984 1.67998 1.91274 1.41118 1.04452 3.05648 1.84989 3.14158 1.45534 1.00213 1.32912 0.953645 0.402541
threshold=0.24319504441478637 -1.5291173577747019 0.97979591836734703 0.048502063753878118 0.011270950048906882 0.9900000000000001 0.062064651745643136 -0.61509986414174977 0.047043444973671529 -1.0409888748611422 0.1705215419501134 1.4470186882886276 -0.2304210984673746 -0.19960547768888778
decision_type=2 2 2 2 2 2 2 2 2 2 2 2 2 2
left_child=5 10 3 -3 -4 7 12 8 -1 -9 -2 -12 -7 -8
right_child=1 2 4 -5 -6 6 13 9 -10 -11 11 -13 -14 -15
leaf_value=0.0050891331489636982 0 -0.003177665063333104 0.0093387621673483683 0.00093999727542572729 -0.00020118657236934998 -0.012715379989457435 0.014893943631988996 -0.0020577994758669382 -0.0071661019183347418 0.00051518786936814601 -0.024652301198102293 0 -0.00066328692740128242 0
leaf_weight=141.15811239555478 2.7378549482673389 310.93657102668658 21.091102425009012 142.03880322072655 27.769320950843394 18.959975386038423 4.1627695765346289 234.57551989983767 18.968554981052876 1192.5014468333684 4.9903469160199165 2.1732079833745956 12.440968926995994 3.1387981660664073
leaf_count=1994 40 7643 263 3168 375 242 44 4030 319 24177 90 16 185 41
internal_value=-0.000138756 -0.00157537 -0.00125906 -0.00185507 0.0038272 0.00030557 -0.004408 0.000435347 0.00347437 7.94692e-05 -0.0134411 -0.0182501 -0.0087151 0.0103935
internal_weight=2137.64 511.737 501.836 452.975 48.8604 1625.91 38.7025 1587.2 160.127 1427.08 9.90141 7.16355 31.4009 7.30157
internal_count=42627 11595 11449 10811 638 31032 512 30520 2313 28207 146 106 427 85
is_linear=0
shrinkage=0.03


Tree=295
num_leaves=11
num_cat=0
split_feature=8 8 18 8 21 21 19 19 21 21
split_gain=1.70235 1.63442 2.17591 2.58147 2.37122 1.71271 1.75957 1.2933 1.17408 0.191606
threshold=-2.0193759572128891 -0.13800547255697396 0.02770366715020767 -0.018091819127801861 0.012331902103537453 0.012331902103537453 0.0026678287344971464 0.0048275051990086882 0.010101785556210727 0.0080805179356977213
decision_type=2 2 2 2 2 2 2 2 2 2
left_child=8 5 3 -3 -4 7 -7 -2 9 -1
right_child=1 2 4 -5 -6 6 -8 -9 -10 -11
leaf_value=0.0041049012860613354 -0.0025526545520384099 0.0053507268562561182 0.00088675155272521474 -0.0013165876791760005 0.0061568909060840671 0.0027799655380133367 -0.0054456776642709728 0.00038473404064502838 0.015926019583285683 -0.0039159850726999401
leaf_weight=3.0134251639246923 196.16879846621305 54.310504814609885 581.86662084050477 640.34284121543169 89.046602996066213 24.306265472434461 135.55857959017158 402.39579814858735 7.9751760521903634 3.7364591425284743
leaf_count=35 5614 1195 9005 9977 1296 551 4146 10688 81 48
internal_value=-0.000128625 -0.00021041 0.000401377 -0.000759917 0.00162474 -0.00132983 -0.00408346 -0.000558261 0.00938595 0
internal_weight=2138.72 2124 1365.57 694.653 670.913 758.429 159.865 598.565 14.7251 6.74988
internal_count=42636 42472 21473 11172 10301 20999 4697 16302 164 83
is_linear=0
shrinkage=0.03


Tree=296
num_leaves=12
num_cat=0
split_feature=8 8 9 13 2 13 21 21 0 21 3
split_gain=1.49563 1.48332 2.47275 1.65786 2.03785 1.62527 1.60156 0.93725 0.485417 0.162661 0.0757831
threshold=-2.0193759572128891 -0.13800547255697396 0.49489795918367352 0.71714285714285719 -0.42302719485729873 0.78795918367346951 0.012331902103537453 0.010101785556210727 0.50377820513119598 0.0080805179356977213 0.43428571428571433
decision_type=2 2 2 2 2 2 2 2 2 2 2
left_child=7 3 8 6 -5 -4 -2 9 -3 -1 -9
right_child=1 2 5 4 -6 -7 -8 10 -10 -11 -12
leaf_value=0.0040228106660523512 -0.0011503543955637143 0.011835314020739599 0.00098231901381626817 -0.0042522784960350116 0.0033523022917511078 -0.001177549744136201 -0.0049961843137199292 0.019220416920624504 0 -0.003368232654586488 0.0031639540588854508
leaf_weight=3.0384320057928544 466.99287381116301 18.025865971110765 852.36501481197774 39.55076540261507 120.99759994354099 490.38688580784947 128.44881367217749 3.7912882007658482 5.6709149824455372 3.7168647991493344 4.1850173817947507
leaf_count=35 13014 381 14244 1054 3030 6702 3901 25 146 48 56
internal_value=-0.000134436 -0.000211574 0.000369864 -0.00128051 0.00135738 0.00018178 -0.00201903 0.00877938 0.00960005 0 0.0146227
internal_weight=2137.17 2122.44 1366.45 755.99 160.548 1342.75 595.442 14.7316 23.6968 6.7553 7.97631
internal_count=42636 42472 21473 20999 4084 20946 16915 164 527 83 81
is_linear=0
shrinkage=0.03


Tree=297
num_leaves=11
num_cat=0
split_feature=8 8 18 8 11 13 19 3 5 6
split_gain=1.40965 1.40916 2.18633 2.33245 1.65301 1.59543 2.08077 1.85771 0.641791 0.375456
threshold=-2.0193759572128891 -0.13800547255697396 0.02770366715020767 -0.018091819127801861 0.95959183673469395 0.71714285714285719 0.0048275051990086882 0.37256235827664402 0.83836734693877568 -0.31109643882845056
decision_type=2 2 2 2 2 2 2 2 2 2
left_child=8 5 3 -3 -4 6 -2 -7 9 -1
right_child=1 2 4 -5 -6 7 -8 -9 -10 -11
leaf_value=0 -0.0045397276535398953 0.0049490173459538029 0.0020574373589772703 -0.0013321527479259576 -0.0031453538730673758 -0.0037885092672665047 -0.00069097602707603558 0.0033129559391629326 0 0.014459416380228469
leaf_weight=2.9985112622380248 191.93695685360581 55.321292389184237 615.72433940693736 640.51099593285471 56.424940687138587 42.282355343922973 400.7736385865137 118.90628903266042 3.5980026535689822 8.1989927636459452
leaf_count=29 5759 1195 9479 9977 822 1134 11156 2950 56 79
internal_value=-0.000125336 -0.000200582 0.000364912 -0.000798528 0.00159039 -0.00124479 -0.00197361 0.00133461 0.00851174 0.0116605
internal_weight=2136.68 2121.88 1367.98 695.832 672.149 753.899 592.711 161.189 14.7955 11.1975
internal_count=42636 42472 21473 11172 10301 20999 16915 4084 164 108
is_linear=0
shrinkage=0.03


Tree=298
num_leaves=12
num_cat=0
split_feature=8 8 9 12 12 19 5 0 0 5 0
split_gain=1.13272 1.25437 2.36499 1.60411 2.28962 1.90283 1.55426 0.753295 0.760491 0.494992 0.464868
threshold=-2.0193759572128891 -0.13800547255697396 0.49489795918367352 0.042901582256343683 0.18061059561442552 0.0048275051990086882 0.06394557823129253 0.12749735223652869 -0.14915305662152459 0.57460317460317467 0.50377820513119598
decision_type=2 2 2 2 2 2 2 2 2 2 2
left_child=7 3 10 5 -5 -2 -4 8 -1 -9 -3
right_child=1 2 6 4 -6 -7 -8 9 -10 -11 -12
leaf_value=0.00096928596527086916 -0.004375672879854596 0.011369452109855505 0.0033955238303156905 0.0084374593271786865 -0.00028712054136234149 -0.00068592264426775725 -0.00015613493590038553 0.0060763114404837892 0.019130055480592174 -0.0082080062327870382 0
leaf_weight=6.3298346735537043 190.48849857784808 18.678203942254189 119.45927506685257 31.443530738353729 126.7516566067934 403.04735330818221 1225.1770081394352 1.5871471725404251 4.3607440926134577 2.651166221126914 5.7134862663224331
leaf_count=55 5774 381 1481 738 3225 11262 19465 19 32 58 146
internal_value=-0.000124793 -0.000193212 0.000338974 -0.00118064 0.00143707 -0.00190601 0.000152835 0.0075832 0.0114065 -0.000221242 0.0092427
internal_weight=2135.69 2120.76 1369.03 751.731 158.195 593.536 1344.64 14.9289 10.6906 4.23831 24.3917
internal_count=42636 42472 21473 20999 3963 17036 20946 164 87 77 527
is_linear=0
shrinkage=0.03


Tree=299
num_leaves=15
num_cat=0
split_feature=1 0 21 21 19 21 10 19 15 19 12 12 0 18
split_gain=0.724494 1.73379 2.23917 1.71159 1.9344 1.89739 1.31977 3.74219 2.85422 1.54856 1.41469 1.14166 1.11003 0.482786
threshold=0.83836734693877568 1.060754430669554 0.011976789433570638 0.0082188855153627824 0.007438277372536343 0.009008498571510903 1.8735235215650794 0.0081816851456304966 0.53571428571428581 0.0078411833163536723 -0.76568114177689817 -0.23353363228280319 0.82324848669583683 0.041461357939175165
decision_type=2 2 2 2 2 2 2 2 2 2 2 2 2 2
left_child=6 2 11 4 -3 -5 9 8 -8 12 -11 -2 -1 -4
right_child=1 3 13 5 -6 -7 7 -9 -10 10 -12 -13 -14 -15
leaf_value=-8.2414849094083605e-05 0.002498434036887885 -0.006712535321449155 0 0.0074968218026739497 0.0037384906459448758 -1.0719485961093813e-05 0.0058228666913784704 0.019487066104282844 -0.006514918206351048 0.00327217565751464 -0.0037862913030266058 0.010198664453972576 -0.006715840726181665 -0.009798712875722617
leaf_weight=1424.1912520304322 42.887478387914598 58.008498838171363 19.748770473524932 33.760609302669764 18.229570237919688 173.07209853967652 37.897352003492415 9.2205641828477365 26.942194163799286 25.466000732965767 197.50819375365973 41.047981928102672 21.209556602872908 5.2131152078509322
leaf_count=28497 1020 1047 454 574 308 3402 482 115 561 425 4400 713 505 133
internal_value=-0.000119227 0.00103257 0.00421802 -0.000161247 -0.00399014 0.00120294 -0.000387814 0.00345012 0.000430298 -0.000571089 -0.00289154 0.00658844 -0.000199261 -0.00309374
internal_weight=2134.4 391.968 108.897 283.071 76.2381 206.833 1742.44 74.0601 64.8395 1668.38 222.974 83.9355 1445.4 24.9619
internal_count=42636 7651 2320 5331 1355 3976 34985 1158 1043 33827 4825 1733 29002 587
is_linear=0
shrinkage=0.03


end of trees

feature_importances:
cs_z_atr_pct=325
macro_topix_vol_20=298
macro_usdjpy_vol_20=265
cs_z_adv20=256
macro_usdjpy_ret_60=224
cs_rank_adv20=208
cs_z_return_20d=206
cs_z_return_5d=198
cs_z_vol_ratio=198
macro_topix_ret_20=197
cs_z_rsi=179
macro_usdjpy_ret_20=179
cs_z_macd_hist=165
cs_rank_macd_hist=159
cs_rank_atr_pct=148
macro_nikkei_ret_20=139
cs_rank_return_5d=98
cs_rank_rsi=97
cs_rank_turnover=96
cs_rank_return_20d=93
cs_rank_vol_ratio=90
sect_rank_return_5d=62
sect_rank_return_20d=57
macro_topix_above_200dma=22
macro_nikkei_above_200dma=9

parameters:
[boosting: gbdt]
[objective: lambdarank]
[metric: ndcg]
[tree_learner: serial]
[device_type: cpu]
[data_sample_strategy: bagging]
[data: ]
[valid: ]
[num_iterations: 300]
[learning_rate: 0.03]
[num_leaves: 15]
[num_threads: 1]
[seed: 42]
[deterministic: 1]
[force_col_wise: 0]
[force_row_wise: 0]
[histogram_pool_size: -1]
[max_depth: 4]
[min_data_in_leaf: 30]
[min_sum_hessian_in_leaf: 0.001]
[bagging_fraction: 0.7]
[pos_bagging_fraction: 1]
[neg_bagging_fraction: 1]
[bagging_freq: 5]
[bagging_seed: 42]
[bagging_by_query: 0]
[feature_fraction: 0.6]
[feature_fraction_bynode: 1]
[feature_fraction_seed: 42]
[extra_trees: 0]
[extra_seed: 12879]
[early_stopping_round: 0]
[early_stopping_min_delta: 0]
[first_metric_only: 0]
[max_delta_step: 0]
[lambda_l1: 0.5]
[lambda_l2: 2]
[linear_lambda: 0]
[min_gain_to_split: 0]
[drop_rate: 0.1]
[max_drop: 50]
[skip_drop: 0.5]
[xgboost_dart_mode: 0]
[uniform_drop: 0]
[drop_seed: 17869]
[top_rate: 0.2]
[other_rate: 0.1]
[min_data_per_group: 100]
[max_cat_threshold: 32]
[cat_l2: 10]
[cat_smooth: 10]
[max_cat_to_onehot: 4]
[top_k: 20]
[monotone_constraints: ]
[monotone_constraints_method: basic]
[monotone_penalty: 0]
[feature_contri: ]
[forcedsplits_filename: ]
[refit_decay_rate: 0.9]
[cegb_tradeoff: 1]
[cegb_penalty_split: 0]
[cegb_penalty_feature_lazy: ]
[cegb_penalty_feature_coupled: ]
[path_smooth: 0]
[interaction_constraints: ]
[verbosity: -1]
[saved_feature_importance_type: 0]
[use_quantized_grad: 0]
[num_grad_quant_bins: 4]
[quant_train_renew_leaf: 0]
[stochastic_rounding: 1]
[linear_tree: 0]
[max_bin: 255]
[max_bin_by_feature: ]
[min_data_in_bin: 5]
[bin_construct_sample_cnt: 200000]
[data_random_seed: 42]
[is_enable_sparse: 1]
[enable_bundle: 1]
[use_missing: 1]
[zero_as_missing: 0]
[feature_pre_filter: 1]
[pre_partition: 0]
[two_round: 0]
[header: 0]
[label_column: ]
[weight_column: ]
[group_column: ]
[ignore_column: ]
[categorical_feature: ]
[forcedbins_filename: ]
[precise_float_parser: 0]
[parser_config_file: ]
[objective_seed: 16083]
[num_class: 1]
[is_unbalance: 0]
[scale_pos_weight: 1]
[sigmoid: 1]
[boost_from_average: 1]
[reg_sqrt: 0]
[alpha: 0.9]
[fair_c: 1]
[poisson_max_delta_step: 0.7]
[tweedie_variance_power: 1.5]
[lambdarank_truncation_level: 30]
[lambdarank_norm: 1]
[label_gain: 0,1,3,7,15]
[lambdarank_position_bias_regularization: 0]
[eval_at: ]
[multi_error_top_k: 1]
[auc_mu_weights: ]
[num_machines: 1]
[local_listen_port: 12400]
[time_out: 120]
[machine_list_filename: ]
[machines: ]
[gpu_platform_id: -1]
[gpu_device_id: -1]
[gpu_use_dp: 0]
[num_gpu: 1]

end of parameters

pandas_categorical:[]
