{
  "feature_cols": [
    "return_1d",
    "return_2d",
    "return_3d",
    "return_5d",
    "return_10d",
    "return_20d",
    "div_ma_5",
    "div_ma_10",
    "div_ma_20",
    "div_ma_60",
    "ma_5_20_cross",
    "ma_20_60_cross",
    "rsi",
    "rsi_change",
    "macd",
    "macd_signal",
    "macd_hist",
    "macd_hist_change",
    "bb_pct_b",
    "bb_bandwidth",
    "atr_pct",
    "volatility",
    "vol_change",
    "vol_ratio",
    "candle_body_pct",
    "upper_shadow_pct",
    "lower_shadow_pct",
    "day_of_week",
    "month",
    "is_month_end",
    "is_month_start",
    "streak",
    "gap",
    "price_position_20d",
    "macro_usdjpy_ret_20",
    "macro_usdjpy_ret_60",
    "macro_usdjpy_vol_20",
    "macro_topix_ret_20",
    "macro_topix_vol_20",
    "macro_topix_above_200dma",
    "macro_nikkei_ret_20",
    "macro_nikkei_above_200dma",
    "macro_nikkei_vi",
    "macro_jgb10y",
    "macro_bias_score"
  ],
  "avg_up_ret": 0.05405260123680284,
  "avg_dn_ret": -0.03304089039305274,
  "n_bins": 10,
  "psi_ref_rows": 250,
  "psi": {
    "return_1d": {
      "edges": [
        -0.11970580776058837,
        -0.038874779523111504,
        -0.02384213959556427,
        -0.014417401182656341,
        -0.006300850168545421,
        0.00042740769113103205,
        0.01138354587797288,
        0.018615270534223544,
        0.03047958619618268,
        0.049891174010039015,
        0.13042121684867403
      ],
      "ref_props": [
        0.1,
        0.1,
        0.1,
        0.1,
        0.1,
        0.1,
        0.1,
        0.1,
        0.1,
        0.1
      ]
    },
    "return_2d": {
      "edges": [
        -0.11885404568331392,
        -0.050028411789254316,
        -0.02978749968786676,
        -0.01514752180143917,
        -0.005616745159602264,
        0.006665067925865409,
        0.01515175300889582,
        0.027451832797427717,
        0.045148593201222,
        0.07337305960009835,
        0.17544827586206901
      ],
      "ref_props": [
        0.1,
        0.1,
        0.1,
        0.1,
        0.1,
        0.1,
        0.1,
        0.1,
        0.1,
        0.1
      ]
    },
    "return_3d": {
      "edges": [
        -0.1172727272727273,
        -0.05235610960723165,
        -0.03209911467337212,
        -0.017069152871543522,
        -0.006712767619940573,
        0.010012744854263955,
        0.01971982098896439,
        0.033993923498237315,
        0.056753800092854426,
        0.09268833901482083,
        0.24373498111912117
      ],
      "ref_props": [
        0.1,
        0.1,
        0.1,
        0.1,
        0.1,
        0.1,
        0.1,
        0.1,
        0.1,
        0.1
      ]
    },
    "return_5d": {
      "edges": [
        -0.17198550974642057,
        -0.060279843538991185,
        -0.03632674103173086,
        -0.018054217016334285,
        -0.0050281714456110235,
        0.009150759786947571,
        0.025828833110122386,
        0.05219495482982224,
        0.0725193195627728,
        0.12374141779969987,
        0.3077799943003705
      ],
      "ref_props": [
        0.1,
        0.1,
        0.1,
        0.1,
        0.1,
        0.1,
        0.1,
        0.1,
        0.1,
        0.1
      ]
    },
    "return_10d": {
      "edges": [
        -0.1746905089408528,
        -0.06496082841114104,
        -0.037390218360615755,
        -0.020645950210781316,
        -0.00720970206264321,
        0.014277858461166026,
        0.05624500049133837,
        0.08607371121488885,
        0.12852695524427726,
        0.19381652863332244,
        0.37828571428571434
      ],
      "ref_props": [
        0.1,
        0.1,
        0.1,
        0.1,
        0.1,
        0.1,
        0.1,
        0.1,
        0.1,
        0.1
      ]
    },
    "return_20d": {
      "edges": [
        -0.2577195100914266,
        -0.08578461810288249,
        -0.03425129644387468,
        -0.014518668906745321,
        0.01617129411706533,
        0.054144364812966805,
        0.08620021081528421,
        0.12214314928425361,
        0.18086009661651625,
        0.315548982207485,
        0.5949812898965441
      ],
      "ref_props": [
        0.1,
        0.1,
        0.1,
        0.1,
        0.1,
        0.1,
        0.1,
        0.1,
        0.1,
        0.1
      ]
    },
    "div_ma_5": {
      "edges": [
        -0.08935879945429738,
        -0.03190326549955498,
        -0.019261746239809547,
        -0.00926258868069935,
        -0.0012241094327366928,
        0.00530375551667245,
        0.011163052270745634,
        0.02067710866509028,
        0.033212403791988566,
        0.05342459058317625,
        0.13504823151125403
      ],
      "ref_props": [
        0.1,
        0.1,
        0.1,
        0.1,
        0.1,
        0.1,
        0.1,
        0.1,
        0.1,
        0.1
      ]
    },
    "div_ma_10": {
      "edges": [
        -0.1287617526409409,
        -0.04173844199179125,
        -0.022478137793893245,
        -0.013456026834085527,
        -0.0009791382203289253,
        0.00907062179013813,
        0.020025936797353327,
        0.039426881235539536,
        0.059200229340167734,
        0.09560972691203803,
        0.19194805194805195
      ],
      "ref_props": [
        0.1,
        0.1,
        0.1,
        0.1,
        0.1,
        0.1,
        0.1,
        0.1,
        0.1,
        0.1
      ]
    },
    "div_ma_20": {
      "edges": [
        -0.1624352195990158,
        -0.05702448679692058,
        -0.029991851590443517,
        -0.01154460473222235,
        0.010378017117241912,
        0.02523440944323039,
        0.04312572237497777,
        0.06255450107700443,
        0.10034324012688492,
        0.14732570345014026,
        0.27830858798295216
      ],
      "ref_props": [
        0.1,
        0.1,
        0.1,
        0.1,
        0.1,
        0.1,
        0.1,
        0.1,
        0.1,
        0.1
      ]
    },
    "div_ma_60": {
      "edges": [
        -0.16277802819276407,
        -0.062386495680248996,
        -0.024349071108235525,
        0.0032306008626680855,
        0.022881421935778263,
        0.049166383496253165,
        0.07055644590810066,
        0.12586484665171208,
        0.18925996461610467,
        0.28657560974837964,
        0.5732320851581716
      ],
      "ref_props": [
        0.1,
        0.1,
        0.1,
        0.1,
        0.1,
        0.1,
        0.1,
        0.1,
        0.1,
        0.1
      ]
    },
    "ma_5_20_cross": {
      "edges": [
        -0.0995940317393369,
        -0.04148708763089135,
        -0.020032102066079593,
        -0.008756297123918512,
        0.006260330141864534,
        0.01699456034231739,
        0.028954835278952137,
        0.05137041569244976,
        0.07505563559992359,
        0.1245234496371955,
        0.1802055922609469
      ],
      "ref_props": [
        0.1,
        0.1,
        0.1,
        0.1,
        0.1,
        0.1,
        0.1,
        0.1,
        0.1,
        0.1
      ]
    },
    "ma_20_60_cross": {
      "edges": [
        -0.0812765389926906,
        -0.04123793275529016,
        -0.028437104987323852,
        -0.004305481830695678,
        0.016707582320327364,
        0.03135670235010357,
        0.042878630315916495,
        0.06753623238737949,
        0.11319676012870385,
        0.16494012471490274,
        0.3030654795744874
      ],
      "ref_props": [
        0.1,
        0.1,
        0.1,
        0.1,
        0.1,
        0.1,
        0.1,
        0.1,
        0.1,
        0.1
      ]
    },
    "rsi": {
      "edges": [
        21.36279926335176,
        36.96231532757561,
        41.97613577410509,
        46.83424551543432,
        51.05767594819737,
        55.131205872857684,
        59.47635760460887,
        63.30333530151459,
        67.42264710207178,
        70.95231336361124,
        85.87373561213812
      ],
      "ref_props": [
        0.1,
        0.1,
        0.1,
        0.1,
        0.1,
        0.1,
        0.1,
        0.1,
        0.1,
        0.1
      ]
    },