{
  "feature_cols": [
    "return_1d",
    "return_2d",
    "return_3d",
    "return_5d",
    "return_10d",
    "return_20d",
    "div_ma_5",
    "div_ma_10",
    "div_ma_20",
    "div_ma_60",
    "ma_5_20_cross",
    "ma_20_60_cross",
    "rsi",
    "rsi_change",
    "macd",
    "macd_signal",
    "macd_hist",
    "macd_hist_change",
    "bb_pct_b",
    "bb_bandwidth",
    "atr_pct",
    "volatility",
    "vol_change",
    "vol_ratio",
    "candle_body_pct",
    "upper_shadow_pct",
    "lower_shadow_pct",
    "day_of_week",
    "month",
    "is_month_end",
    "is_month_start",
    "streak",
    "gap",
    "price_position_20d",
    "macro_usdjpy_ret_20",
    "macro_usdjpy_ret_60",
    "macro_usdjpy_vol_20",
    "macro_topix_ret_20",
    "macro_topix_vol_20",
    "macro_topix_above_200dma",
    "macro_nikkei_ret_20",
    "macro_nikkei_above_200dma",
    "macro_nikkei_vi",
    "macro_jgb10y",
    "macro_bias_score"
  ],
  "avg_up_ret": 0.0329199431058222,
  "avg_dn_ret": -0.019385590048865503,
  "n_bins": 10,
  "psi_ref_rows": 250,
  "psi": {
    "return_1d": {
      "edges": [
        -0.05002526528549778,
        -0.021641878903611245,
        -0.013165567282857803,
        -0.007309976966905093,
        -0.002292144683960573,
        0.0015905403066338586,
        0.006352125623080208,
        0.010115793356640413,
        0.01775834073399678,
        0.0260733796930702,
        0.08000000000000007
      ],
      "ref_props": [
        0.1,
        0.1,
        0.1,
        0.1,
        0.1,
        0.1,
        0.1,
        0.1,
        0.1,
        0.1
      ]
    },
    "return_2d": {
      "edges": [
        -0.06518443658413342,
        -0.026663629272282507,
        -0.014956444966411063,
        -0.008805304150353832,
        -0.002609608722078153,
        0.0024538839152955516,
        0.008827784392905217,
        0.01516495937975564,
        0.024610427839645385,
        0.03814947879468915,
        0.08989401968205901
      ],
      "ref_props": [
        0.1,
        0.1,
        0.1,
        0.1,
        0.1,
        0.1,
        0.1,
        0.1,
        0.1,
        0.1
      ]
    },
    "return_3d": {
      "edges": [
        -0.10914603335017681,
        -0.03029059754436335,
        -0.01813294501563176,
        -0.005878328094107682,
        -0.0016249745572185041,
        0.005433973976046724,
        0.011781652966357697,
        0.019110095022671848,
        0.025385798822724716,
        0.04530964836265663,
        0.12187736563209683
      ],
      "ref_props": [
        0.1,
        0.1,
        0.1,
        0.1,
        0.1,
        0.1,
        0.1,
        0.1,
        0.1,
        0.1
      ]
    },
    "return_5d": {
      "edges": [
        -0.07551642397561797,
        -0.028866606126364356,
        -0.016768938424063348,
        -0.008154999921460557,
        -0.003531872560773408,
        0.00497471203511668,
        0.012451363450191077,
        0.022554595365296276,
        0.03824022786344467,
        0.05616630882432232,
        0.1482334869431643
      ],
      "ref_props": [
        0.1,
        0.1,
        0.1,
        0.1,
        0.1,
        0.1,
        0.1,
        0.1,
        0.1,
        0.1
      ]
    },
    "return_10d": {
      "edges": [
        -0.10527202290719218,
        -0.03703804747175538,
        -0.017625444109220664,
        -0.003597215586801426,
        0.00613405662134481,
        0.013432393708833978,
        0.026596289077873744,
        0.040025374045724725,
        0.05345589825709146,
        0.08078023095234767,
        0.19767674744642494
      ],
      "ref_props": [
        0.1,
        0.1,
        0.1,
        0.1,
        0.1,
        0.1,
        0.1,
        0.1,
        0.1,
        0.1
      ]
    },
    "return_20d": {
      "edges": [
        -0.1477234961781323,
        -0.027359719142437722,
        -0.00022852053379894706,
        0.011958244593094827,
        0.02410913964334407,
        0.04294049297795732,
        0.05988743903679784,
        0.07076012898671155,
        0.08545548156727416,
        0.11953444170940461,
        0.20507614213197978
      ],
      "ref_props": [
        0.1,
        0.1,
        0.1,
        0.1,
        0.1,
        0.1,
        0.1,
        0.1,
        0.1,
        0.1
      ]
    },
    "div_ma_5": {
      "edges": [
        -0.06442368923795369,
        -0.019228876273645907,
        -0.009542047899592933,
        -0.004529083222000328,
        -0.0010582850760269698,
        0.0021599561617782195,
        0.006409587747373635,
        0.011751385470224805,
        0.01787288961366474,
        0.026086899347047367,
        0.06837760876617519
      ],
      "ref_props": [
        0.1,
        0.1,
        0.1,
        0.1,
        0.1,
        0.1,
        0.1,
        0.1,
        0.1,
        0.1
      ]
    },
    "div_ma_10": {
      "edges": [
        -0.08031786329096309,
        -0.022083759138854433,
        -0.011167210810291124,
        -0.005535149366148555,
        0.0005460532760433777,
        0.004769890896960475,
        0.010958273200022335,
        0.018692330314859555,
        0.027086411261586483,
        0.04193521404859579,
        0.11219512195121951
      ],
      "ref_props": [
        0.1,
        0.1,
        0.1,
        0.1,
        0.1,
        0.1,
        0.1,
        0.1,
        0.1,
        0.1
      ]
    },
    "div_ma_20": {
      "edges": [
        -0.09255462429977092,
        -0.018064693505546948,
        -0.00510145365985545,
        0.001480842222660284,
        0.008756063374229073,
        0.013594912927082191,
        0.022151624838849783,
        0.03442912769290245,
        0.0455503046521392,
        0.05751443946715068,
        0.15199383548449238
      ],
      "ref_props": [
        0.1,
        0.1,
        0.1,
        0.1,
        0.1,
        0.1,
        0.1,
        0.1,
        0.1,
        0.1
      ]
    },
    "div_ma_60": {
      "edges": [
        -0.07270081086700397,
        -0.004593493520985115,
        0.017331791845661505,
        0.0322058656047468,
        0.043216768480638976,
        0.052869328965884976,
        0.06441413297814184,
        0.07843152882121972,
        0.0946235808102964,
        0.11230324266169503,
        0.21835684816380585
      ],
      "ref_props": [
        0.1,
        0.1,
        0.1,
        0.1,
        0.1,
        0.1,
        0.1,
        0.1,
        0.1,
        0.1
      ]
    },
    "ma_5_20_cross": {
      "edges": [
        -0.059178105919542645,
        -0.011846538105870063,
        -0.004133022793246009,
        0.0010892353526007932,
        0.006587967013980656,
        0.011059076341021545,
        0.0169333389896787,
        0.026829497594282437,
        0.03501972233535473,
        0.042393211426293466,
        0.11378661345086205
      ],
      "ref_props": [
        0.1,
        0.1,
        0.1,
        0.1,
        0.1,
        0.1,
        0.1,
        0.1,
        0.1,
        0.1
      ]
    },
    "ma_20_60_cross": {
      "edges": [
        -0.03967460218241581,
        -0.0006033273354039122,
        0.010786738396565677,
        0.024069537934698324,
        0.0314491174433202,
        0.03915208649877311,
        0.04463880065711608,
        0.054110395919263234,
        0.062302296910424035,
        0.07651772664139675,
        0.09901599015990148
      ],
      "ref_props": [
        0.1,
        0.1,
        0.1,
        0.1,
        0.1,
        0.1,
        0.1,
        0.1,
        0.1,
        0.1
      ]
    },
    "rsi": {
      "edges": [
        31.119728550654386,
        42.876459614038566,
        47.07120312459836,
        50.247425849085595,
        53.52076702597198,
        56.365217097710854,
        59.17721032651259,
        62.77886044923052,
        66.5107564947443,
        69.9870805991532,
        90.11824324324324
      ],