{
  "feature_cols": [
    "return_1d",
    "return_2d",
    "return_3d",
    "return_5d",
    "return_10d",
    "return_20d",
    "div_ma_5",
    "div_ma_10",
    "div_ma_20",
    "div_ma_60",
    "ma_5_20_cross",
    "ma_20_60_cross",
    "rsi",
    "rsi_change",
    "macd",
    "macd_signal",
    "macd_hist",
    "macd_hist_change",
    "bb_pct_b",
    "bb_bandwidth",
    "atr_pct",
    "volatility",
    "vol_change",
    "vol_ratio",
    "candle_body_pct",
    "upper_shadow_pct",
    "lower_shadow_pct",
    "day_of_week",
    "month",
    "is_month_end",
    "is_month_start",
    "streak",
    "gap",
    "price_position_20d",
    "macro_usdjpy_ret_20",
    "macro_usdjpy_ret_60",
    "macro_usdjpy_vol_20",
    "macro_topix_ret_20",
    "macro_topix_vol_20",
    "macro_topix_above_200dma",
    "macro_nikkei_ret_20",
    "macro_nikkei_above_200dma",
    "macro_nikkei_vi",
    "macro_jgb10y",
    "macro_bias_score"
  ],
  "avg_up_ret": 0.02541311063919373,
  "avg_dn_ret": -0.02141693300854506,
  "n_bins": 10,
  "psi_ref_rows": 250,
  "psi": {
    "return_1d": {
      "edges": [
        -0.10104744300677759,
        -0.021458136018763084,
        -0.01333602231229265,
        -0.009657038442617182,
        -0.005009764659558844,
        -0.001004883533664569,
        0.0033213106426212306,
        0.0065864833906070785,
        0.011727112106818764,
        0.02018506147065644,
        0.04805276381909551
      ],
      "ref_props": [
        0.1,
        0.1,
        0.1,
        0.1,
        0.1,
        0.1,
        0.096,
        0.104,
        0.1,
        0.1
      ]
    },
    "return_2d": {
      "edges": [
        -0.0985264374458249,
        -0.0298671101339797,
        -0.021104976147559462,
        -0.014705789209631968,
        -0.00673221775306536,
        -0.002240975105296694,
        0.0035803351517751827,
        0.008461995928543626,
        0.01543942328115851,
        0.02789045173220456,
        0.06210239321417754
      ],
      "ref_props": [
        0.1,
        0.1,
        0.1,
        0.1,
        0.1,
        0.1,
        0.1,
        0.1,
        0.1,
        0.1
      ]
    },
    "return_3d": {
      "edges": [
        -0.11237553342816498,
        -0.03459427735963674,
        -0.024964199737822712,
        -0.017109353055384902,
        -0.010569804166345228,
        -0.005276131431505737,
        0.004586393675973406,
        0.01170400790827939,
        0.020421508061115395,
        0.032045264185906495,
        0.06792567773378
      ],
      "ref_props": [
        0.1,
        0.1,
        0.1,
        0.1,
        0.1,
        0.1,
        0.1,
        0.1,
        0.1,
        0.1
      ]
    },
    "return_5d": {
      "edges": [
        -0.15420289855072467,
        -0.044571634822742054,
        -0.030090826207817976,
        -0.023345480903703718,
        -0.013988917615239503,
        -0.004403210703402771,
        0.002960267927330231,
        0.011570149641034607,
        0.017475267870196598,
        0.0295470330345696,
        0.11239018479248708
      ],
      "ref_props": [
        0.1,
        0.1,
        0.1,
        0.1,
        0.1,
        0.1,
        0.1,
        0.1,
        0.1,
        0.1
      ]
    },
    "return_10d": {
      "edges": [
        -0.1699222454010999,
        -0.07302714586623005,
        -0.0446924194143558,
        -0.03235591321397023,
        -0.02039084433739686,
        -0.012228050632350163,
        -0.004141109090749383,
        0.009775000545132364,
        0.022414475001904195,
        0.039737020086751784,
        0.16165770325846252
      ],
      "ref_props": [
        0.1,
        0.1,
        0.1,
        0.1,
        0.1,
        0.1,
        0.1,
        0.1,
        0.1,
        0.1
      ]
    },
    "return_20d": {
      "edges": [
        -0.20069393718042372,
        -0.1355600990612221,
        -0.07600145610997679,
        -0.056937876817590695,
        -0.03738495770433314,
        -0.026569259888751584,
        -0.01346401500271559,
        0.003649895178197033,
        0.021065562456866752,
        0.05943340531638887,
        0.17054510678992663
      ],
      "ref_props": [
        0.1,
        0.1,
        0.1,
        0.1,
        0.1,
        0.1,
        0.1,
        0.1,
        0.1,
        0.1
      ]
    },
    "div_ma_5": {
      "edges": [
        -0.08520494927578723,
        -0.02110116198728186,
        -0.016584862595949487,
        -0.012130106711758756,
        -0.007464959114162222,
        -0.00308198111504787,
        0.003023885081517421,
        0.006873467060016081,
        0.011771245667693553,
        0.018480918848700966,
        0.05140046782222758
      ],
      "ref_props": [
        0.1,
        0.1,
        0.1,
        0.1,
        0.1,
        0.1,
        0.1,
        0.1,
        0.1,
        0.1
      ]
    },
    "div_ma_10": {
      "edges": [
        -0.12501999040460574,
        -0.03626686770907961,
        -0.024835455668781755,
        -0.018374313768007754,
        -0.009250038551369971,
        -0.004170074233471602,
        0.0014578794180529217,
        0.007743330868101008,
        0.012915301952228843,
        0.020565736309458713,
        0.08684070324986684
      ],
      "ref_props": [
        0.1,
        0.1,
        0.1,
        0.1,
        0.1,
        0.1,
        0.1,
        0.1,
        0.1,
        0.1
      ]
    },
    "div_ma_20": {
      "edges": [
        -0.14983295781213574,
        -0.06455486375236011,
        -0.04078403255138572,
        -0.026396468084761354,
        -0.018331423239976427,
        -0.010364566903395576,
        -0.00343274930951886,
        0.0047680562254083765,
        0.013400978284090115,
        0.0303547993599524,
        0.12336520076481836
      ],
      "ref_props": [
        0.1,
        0.1,
        0.1,
        0.1,
        0.1,
        0.1,
        0.1,
        0.1,
        0.1,
        0.1
      ]
    },
    "div_ma_60": {
      "edges": [
        -0.18762160774330053,
        -0.13559587317396876,
        -0.11337094547191406,
        -0.07234508103452832,
        -0.04979290382943945,
        -0.03100373795751172,
        -0.010761471215914312,
        0.009105957078059442,
        0.0317464895360297,
        0.0817378072081394,
        0.14385990415916014
      ],
      "ref_props": [
        0.1,
        0.1,
        0.1,
        0.1,
        0.1,
        0.1,
        0.1,
        0.1,
        0.1,
        0.1
      ]
    },
    "ma_5_20_cross": {
      "edges": [
        -0.10655249967222369,
        -0.05205041368485803,
        -0.031062953683533023,
        -0.022830402203171507,
        -0.016278312136810746,
        -0.009495293330942622,
        0.0006183628454778641,
        0.005387217633912525,
        0.009556302314480992,
        0.019505222136157654,
        0.08330290860411327
      ],
      "ref_props": [
        0.1,
        0.1,
        0.1,
        0.1,
        0.1,
        0.1,
        0.1,
        0.1,
        0.1,
        0.1
      ]
    },
    "ma_20_60_cross": {
      "edges": [
        -0.1287290318774459,
        -0.09977202314466595,
        -0.07412059593819761,
        -0.03556857019875262,
        -0.02728669361209347,
        -0.016888799724874337,
        -0.010030240847622884,
        0.010917652639994946,
        0.023644864156167168,
        0.050955517257315196,
        0.08213850787557431
      ],
      "ref_props": [
        0.1,
        0.1,
        0.1,
        0.1,
        0.1,
        0.1,
        0.1,
        0.1,
        0.1,
        0.1
      ]
    },
    "rsi": {
      "edges": [
        12.195121951219505,
        25.001654280769625,
        33.07420872540632,
        37.99212805038049,
        42.21634753280323,
        44.681594828074225,
        50.0895207657205,
        52.61021114398917,
        55.49417514775152,
        61.714089481946615,
        94.23076923076923
      ],