{
  "feature_cols": [
    "return_1d",
    "return_2d",
    "return_3d",
    "return_5d",
    "return_10d",
    "return_20d",
    "div_ma_5",
    "div_ma_10",
    "div_ma_20",
    "div_ma_60",
    "ma_5_20_cross",
    "ma_20_60_cross",
    "rsi",
    "rsi_change",
    "macd",
    "macd_signal",
    "macd_hist",
    "macd_hist_change",
    "bb_pct_b",
    "bb_bandwidth",
    "atr_pct",
    "volatility",
    "vol_change",
    "vol_ratio",
    "candle_body_pct",
    "upper_shadow_pct",
    "lower_shadow_pct",
    "day_of_week",
    "month",
    "is_month_end",
    "is_month_start",
    "streak",
    "gap",
    "price_position_20d",
    "macro_usdjpy_ret_20",
    "macro_usdjpy_ret_60",
    "macro_usdjpy_vol_20",
    "macro_topix_ret_20",
    "macro_topix_vol_20",
    "macro_topix_above_200dma",
    "macro_nikkei_ret_20",
    "macro_nikkei_above_200dma",
    "macro_nikkei_vi",
    "macro_jgb10y",
    "macro_bias_score"
  ],
  "avg_up_ret": 0.03530206399098943,
  "avg_dn_ret": -0.022589569733663897,
  "n_bins": 10,
  "psi_ref_rows": 250,
  "psi": {
    "return_1d": {
      "edges": [
        -0.1115777940102265,
        -0.023069775546065194,
        -0.011043703858298804,
        -0.005270283009324824,
        -0.0014846528250649267,
        0.001755286850047777,
        0.00567766660339669,
        0.00986260472201066,
        0.015791234535141828,
        0.030679629773664226,
        0.08544481981981988
      ],
      "ref_props": [
        0.1,
        0.1,
        0.1,
        0.1,
        0.1,
        0.1,
        0.1,
        0.1,
        0.1,
        0.1
      ]
    },
    "return_2d": {
      "edges": [
        -0.10717562855569829,
        -0.029790543662405675,
        -0.019467217804222225,
        -0.010295251783035418,
        -0.004321669306094544,
        0.0038212582330229283,
        0.010213416041935819,
        0.01857821307257906,
        0.027134479471522442,
        0.045894997855439865,
        0.0887540299639673
      ],
      "ref_props": [
        0.1,
        0.1,
        0.1,
        0.1,
        0.1,
        0.1,
        0.1,
        0.1,
        0.1,
        0.1
      ]
    },
    "return_3d": {
      "edges": [
        -0.13603267625643756,
        -0.036728327450663595,
        -0.02020939312225347,
        -0.012282525216731196,
        -0.002761114982122503,
        0.005246976170510287,
        0.016383680300583462,
        0.02401244133954834,
        0.03295174754698516,
        0.05231803382989652,
        0.12480407523510961
      ],
      "ref_props": [
        0.1,
        0.1,
        0.1,
        0.1,
        0.1,
        0.1,
        0.1,
        0.1,
        0.1,
        0.1
      ]
    },
    "return_5d": {
      "edges": [
        -0.1423264155777607,
        -0.050970076797358266,
        -0.02842811508150151,
        -0.017620888977476542,
        -0.003243266330271696,
        0.010368760796382936,
        0.023806737910049555,
        0.035514715929276165,
        0.0507280248820652,
        0.07161254611350665,
        0.13933215130023635
      ],
      "ref_props": [
        0.1,
        0.1,
        0.1,
        0.1,
        0.1,
        0.1,
        0.1,
        0.1,
        0.1,
        0.1
      ]
    },
    "return_10d": {
      "edges": [
        -0.13209549071618032,
        -0.06003375797493439,
        -0.03708890653174363,
        -0.020507081739413163,
        0.0007118592270526805,
        0.020735834220819926,
        0.037135591465983435,
        0.060156076154586374,
        0.0770609634454028,
        0.10440754539562067,
        0.1800616649537512
      ],
      "ref_props": [
        0.1,
        0.1,
        0.1,
        0.1,
        0.1,
        0.1,
        0.1,
        0.1,
        0.1,
        0.1
      ]
    },
    "return_20d": {
      "edges": [
        -0.13429394812680118,
        -0.06778792779183117,
        -0.02233004926108379,
        -0.002226629092300663,
        0.020973677230266975,
        0.03895443272580246,
        0.053424567417942666,
        0.06660018028398976,
        0.10340863324263752,
        0.14722115377942005,
        0.28830480847595763
      ],
      "ref_props": [
        0.1,
        0.1,
        0.1,
        0.1,
        0.1,
        0.1,
        0.1,
        0.1,
        0.1,
        0.1
      ]
    },
    "div_ma_5": {
      "edges": [
        -0.10147015366430254,
        -0.0230756779214074,
        -0.012095171334450823,
        -0.006954076032108467,
        -0.0014904378806201424,
        0.0033002681772301605,
        0.009484434055010583,
        0.014622005827527028,
        0.020522555958759865,
        0.03624604191022259,
        0.07324459732296422
      ],
      "ref_props": [
        0.1,
        0.1,
        0.1,
        0.1,
        0.1,
        0.1,
        0.1,
        0.1,
        0.1,
        0.1
      ]
    },
    "div_ma_10": {
      "edges": [
        -0.11787637576834514,
        -0.03766171041822416,
        -0.021404502838097476,
        -0.01182583718260435,
        -0.0035673831113408063,
        0.009973697170568596,
        0.018212863377948783,
        0.028890919057456416,
        0.03859412006194807,
        0.05360880254668617,
        0.10677326290709184
      ],
      "ref_props": [
        0.1,
        0.1,
        0.1,
        0.1,
        0.1,
        0.1,
        0.1,
        0.1,
        0.1,
        0.1
      ]
    },
    "div_ma_20": {
      "edges": [
        -0.08540597447032508,
        -0.044656007804424004,
        -0.02475592126260998,
        -0.009607984285515564,
        0.005786093870902629,
        0.01797427270996346,
        0.027030900891854535,
        0.041882477603985106,
        0.05819048849197324,
        0.07768405379538545,
        0.13646371601887217
      ],
      "ref_props": [
        0.1,
        0.1,
        0.1,
        0.1,
        0.1,
        0.1,
        0.1,
        0.1,
        0.1,
        0.1
      ]
    },
    "div_ma_60": {
      "edges": [
        -0.0569424049600261,
        -0.02832461056018602,
        -0.005700154687286297,
        0.012116649141116934,
        0.03319639820687279,
        0.05074361403412387,
        0.07604695724382671,
        0.09796422359283417,
        0.12560356019621557,
        0.15526011507071633,
        0.22859988050189206
      ],
      "ref_props": [
        0.1,
        0.1,
        0.1,
        0.1,
        0.1,
        0.1,
        0.1,
        0.1,
        0.1,
        0.1
      ]
    },
    "ma_5_20_cross": {
      "edges": [
        -0.059917992210194004,
        -0.03130272042774073,
        -0.018495145148755002,
        -0.006285000923610353,
        0.004056762720117306,
        0.015903771022479862,
        0.02364192243062382,
        0.03359663399230315,
        0.04465441135577941,
        0.06159218462141336,
        0.09736625836496682
      ],
      "ref_props": [
        0.1,
        0.1,
        0.1,
        0.1,
        0.1,
        0.1,
        0.1,
        0.1,
        0.1,
        0.1
      ]
    },
    "ma_20_60_cross": {
      "edges": [
        -0.026441436640733285,
        -0.014153278110593403,
        -0.0069456406460758555,
        0.01045873609923602,
        0.031769718610896905,
        0.04749663579181562,
        0.05827801736524929,
        0.07420227794209577,
        0.08187404014932982,
        0.0878759038948562,
        0.11145133863368484
      ],
      "ref_props": [
        0.1,
        0.1,
        0.1,
        0.1,
        0.1,
        0.1,
        0.1,
        0.1,
        0.1,
        0.1
      ]
    },
    "rsi": {
      "edges": [
        10.30927835051547,
        33.3566976347348,
        39.33072331328274,
        47.142614899986306,
        52.313805399898115,
        56.12610711620613,
        61.24053484534834,
        65.49206077169774,
        69.75540747248365,
        76.09476710799491,
        95.28857479387514
      ],