{
  "feature_cols": [
    "return_1d",
    "return_2d",
    "return_3d",
    "return_5d",
    "return_10d",
    "return_20d",
    "div_ma_5",
    "div_ma_10",
    "div_ma_20",
    "div_ma_60",
    "ma_5_20_cross",
    "ma_20_60_cross",
    "rsi",
    "rsi_change",
    "macd",
    "macd_signal",
    "macd_hist",
    "macd_hist_change",
    "bb_pct_b",
    "bb_bandwidth",
    "atr_pct",
    "volatility",
    "vol_change",
    "vol_ratio",
    "candle_body_pct",
    "upper_shadow_pct",
    "lower_shadow_pct",
    "day_of_week",
    "month",
    "is_month_end",
    "is_month_start",
    "streak",
    "gap",
    "price_position_20d",
    "macro_usdjpy_ret_20",
    "macro_usdjpy_ret_60",
    "macro_usdjpy_vol_20",
    "macro_topix_ret_20",
    "macro_topix_vol_20",
    "macro_topix_above_200dma",
    "macro_nikkei_ret_20",
    "macro_nikkei_above_200dma",
    "macro_nikkei_vi",
    "macro_jgb10y",
    "macro_bias_score"
  ],
  "avg_up_ret": 0.037152408728715995,
  "avg_dn_ret": -0.01962498625455309,
  "n_bins": 10,
  "psi_ref_rows": 250,
  "psi": {
    "return_1d": {
      "edges": [
        -0.07166819152180548,
        -0.021889064860709805,
        -0.012841654469561422,
        -0.0073408990432155315,
        -0.002810215412324911,
        0.0005238237449146643,
        0.005156413397805176,
        0.012918163815154829,
        0.020907115916712873,
        0.03292377828900646,
        0.0766
      ],
      "ref_props": [
        0.1,
        0.1,
        0.1,
        0.1,
        0.1,
        0.1,
        0.1,
        0.1,
        0.1,
        0.1
      ]
    },
    "return_2d": {
      "edges": [
        -0.09496062992125986,
        -0.029424350471726153,
        -0.01621190307448157,
        -0.007885596335444396,
        -0.0004580921031196889,
        0.004265540889195285,
        0.010350287232234103,
        0.020091811299369176,
        0.031650248886451765,
        0.04655782865137012,
        0.11889420078985657
      ],
      "ref_props": [
        0.1,
        0.1,
        0.1,
        0.1,
        0.1,
        0.1,
        0.1,
        0.1,
        0.1,
        0.1
      ]
    },
    "return_3d": {
      "edges": [
        -0.10427057356608482,
        -0.03652409368315684,
        -0.019013325703484237,
        -0.009128371628371651,
        -0.00033695811827423307,
        0.007291328926360308,
        0.017133170366255487,
        0.028626189500919094,
        0.03902500649717551,
        0.06067539815472991,
        0.14146511223246905
      ],
      "ref_props": [
        0.1,
        0.1,
        0.1,
        0.1,
        0.1,
        0.1,
        0.1,
        0.1,
        0.1,
        0.1
      ]
    },
    "return_5d": {
      "edges": [
        -0.1266266266266266,
        -0.04658625005394673,
        -0.02070082452856146,
        -0.011954385563847675,
        0.0018589318010119162,
        0.012982270858144407,
        0.026623022367703274,
        0.041728644963343726,
        0.056040688280164515,
        0.0735846449071425,
        0.1958012887133651
      ],
      "ref_props": [
        0.1,
        0.1,
        0.1,
        0.1,
        0.1,
        0.1,
        0.1,
        0.1,
        0.1,
        0.1
      ]
    },
    "return_10d": {
      "edges": [
        -0.16943724264145188,
        -0.04608783271897543,
        -0.019797530548269448,
        -0.0018179549649317015,
        0.015500179757176283,
        0.027878573655197303,
        0.04350381551087015,
        0.062044981357374435,
        0.08331746429084431,
        0.10808049875573982,
        0.21169858451290602
      ],
      "ref_props": [
        0.1,
        0.1,
        0.1,
        0.1,
        0.1,
        0.1,
        0.1,
        0.1,
        0.1,
        0.1
      ]
    },
    "return_20d": {
      "edges": [
        -0.1678345011678345,
        -0.03703689139670789,
        0.012150418592386598,
        0.03167728240235366,
        0.04494506443160932,
        0.05962769270238677,
        0.08001566416040098,
        0.09276236090087382,
        0.11859415945169488,
        0.1630233940230565,
        0.24708576186511233
      ],
      "ref_props": [
        0.1,
        0.1,
        0.1,
        0.1,
        0.1,
        0.1,
        0.1,
        0.1,
        0.1,
        0.1
      ]
    },
    "div_ma_5": {
      "edges": [
        -0.0721366527818141,
        -0.021472577250616298,
        -0.010766232473052934,
        -0.005038735385686157,
        -0.00015894160150536413,
        0.0041306111321788375,
        0.011695164082352825,
        0.018184460512118965,
        0.025864747475400532,
        0.03555504734457828,
        0.0837091319052988
      ],
      "ref_props": [
        0.1,
        0.1,
        0.1,
        0.1,
        0.1,
        0.1,
        0.1,
        0.1,
        0.1,
        0.1
      ]
    },
    "div_ma_10": {
      "edges": [
        -0.09016069025567956,
        -0.03144857872942108,
        -0.014333224340535515,
        -0.001646425538152784,
        0.005702793233981079,
        0.011161045716887672,
        0.01949717190397536,
        0.030821966674298346,
        0.04262693541466511,
        0.055953713470612676,
        0.12547930197981055
      ],
      "ref_props": [
        0.1,
        0.1,
        0.1,
        0.1,
        0.1,
        0.1,
        0.1,
        0.1,
        0.1,
        0.1
      ]
    },
    "div_ma_20": {
      "edges": [
        -0.10912630253063099,
        -0.031348281598379546,
        -0.009773440425182979,
        0.005819530778685364,
        0.016282159549185167,
        0.027889641259788184,
        0.04013653537672006,
        0.05512168488282427,
        0.06703515233903111,
        0.08213389863808258,
        0.13897269129804482
      ],
      "ref_props": [
        0.1,
        0.1,
        0.1,
        0.1,
        0.1,
        0.1,
        0.1,
        0.1,
        0.1,
        0.1
      ]
    },
    "div_ma_60": {
      "edges": [
        -0.07232914202653329,
        0.029296255709687625,
        0.05439535114712197,
        0.0691166092850641,
        0.07997399908126962,
        0.08916968838587039,
        0.10393125874596836,
        0.11702913174073393,
        0.13442867579899542,
        0.15899776021905576,
        0.23601756020819975
      ],
      "ref_props": [
        0.1,
        0.1,
        0.1,
        0.1,
        0.1,
        0.1,
        0.1,
        0.1,
        0.1,
        0.1
      ]
    },
    "ma_5_20_cross": {
      "edges": [
        -0.07571401504230135,
        -0.026378665425687196,
        -0.00928167475671757,
        0.004460248520564526,
        0.013122282740635916,
        0.020229509828174064,
        0.03036939788241516,
        0.042611879852705516,
        0.05234228295293013,
        0.06563960895083062,
        0.10217281846702031
      ],
      "ref_props": [
        0.1,
        0.1,
        0.1,
        0.1,
        0.1,
        0.1,
        0.1,
        0.1,
        0.1,
        0.1
      ]
    },
    "ma_20_60_cross": {
      "edges": [
        0.00036934842592395434,
        0.029692741818755433,
        0.04891703326414572,
        0.05640480833125718,
        0.059841847108079625,
        0.06326231138478355,
        0.07142539538184095,
        0.07404400704667279,
        0.08188494313962824,
        0.09480225588556918,
        0.11939769707705938
      ],
      "ref_props": [
        0.1,
        0.1,
        0.1,
        0.1,
        0.1,
        0.1,
        0.1,
        0.1,
        0.1,
        0.1
      ]
    },
    "rsi": {
      "edges": [
        23.60894435777432,
        41.836727260261064,
        46.739200559859604,
        50.854838709677416,
        55.102921177872965,
        59.387275240682285,
        63.264282165921514,
        67.39802562469362,
        71.73183186926136,
        76.43005910271695,
        85.83877995642702
      ],