{
  "feature_cols": [
    "return_1d",
    "return_2d",
    "return_3d",
    "return_5d",
    "return_10d",
    "return_20d",
    "div_ma_5",
    "div_ma_10",
    "div_ma_20",
    "div_ma_60",
    "ma_5_20_cross",
    "ma_20_60_cross",
    "rsi",
    "rsi_change",
    "macd",
    "macd_signal",
    "macd_hist",
    "macd_hist_change",
    "bb_pct_b",
    "bb_bandwidth",
    "atr_pct",
    "volatility",
    "vol_change",
    "vol_ratio",
    "candle_body_pct",
    "upper_shadow_pct",
    "lower_shadow_pct",
    "day_of_week",
    "month",
    "is_month_end",
    "is_month_start",
    "streak",
    "gap",
    "price_position_20d",
    "macro_usdjpy_ret_20",
    "macro_usdjpy_ret_60",
    "macro_usdjpy_vol_20",
    "macro_topix_ret_20",
    "macro_topix_vol_20",
    "macro_topix_above_200dma",
    "macro_nikkei_ret_20",
    "macro_nikkei_above_200dma",
    "macro_nikkei_vi",
    "macro_jgb10y",
    "macro_bias_score"
  ],
  "avg_up_ret": 0.02227323819038883,
  "avg_dn_ret": -0.015030699599919392,
  "n_bins": 10,
  "psi_ref_rows": 250,
  "psi": {
    "return_1d": {
      "edges": [
        -0.029585798816568087,
        -0.016747653467342704,
        -0.01087964222183857,
        -0.006595142167501828,
        -0.004393361689445462,
        0.0,
        0.0037793368149499976,
        0.007082075745028393,
        0.010673533419796136,
        0.018313267007423615,
        0.09208972845336483
      ],
      "ref_props": [
        0.1,
        0.1,
        0.1,
        0.1,
        0.096,
        0.104,
        0.1,
        0.1,
        0.1,
        0.1
      ]
    },
    "return_2d": {
      "edges": [
        -0.045103092783505105,
        -0.02156346135258453,
        -0.013692165656591924,
        -0.009376026768208711,
        -0.005164808773755379,
        0.0004026611153974402,
        0.005178802023646549,
        0.011647981093466297,
        0.016010919621740838,
        0.022014934637931534,
        0.07215299913068685
      ],
      "ref_props": [
        0.1,
        0.1,
        0.1,
        0.1,
        0.1,
        0.1,
        0.1,
        0.1,
        0.1,
        0.1
      ]
    },
    "return_3d": {
      "edges": [
        -0.05579399141630903,
        -0.027024278876797703,
        -0.018551490514905167,
        -0.008993713413596241,
        -0.004111186805462163,
        -0.00024044241404186373,
        0.006011210762331858,
        0.01185495638745484,
        0.017597802490530026,
        0.029208667959014178,
        0.07966151152611611
      ],
      "ref_props": [
        0.1,
        0.1,
        0.1,
        0.1,
        0.1,
        0.1,
        0.1,
        0.1,
        0.1,
        0.1
      ]
    },
    "return_5d": {
      "edges": [
        -0.06717226435536294,
        -0.035422936571213814,
        -0.023478989607556542,
        -0.014124671126625596,
        -0.004700811375882116,
        0.003152284922293247,
        0.009265992037159922,
        0.01471599420093344,
        0.02227824207493906,
        0.04011953897027344,
        0.09002361275088555
      ],
      "ref_props": [
        0.1,
        0.1,
        0.1,
        0.1,
        0.1,
        0.1,
        0.1,
        0.1,
        0.1,
        0.1
      ]
    },
    "return_10d": {
      "edges": [
        -0.12238410596026494,
        -0.04163600731816961,
        -0.02755524993400389,
        -0.0168128467776355,
        -0.007897305113080216,
        0.00015893197711380758,
        0.015815658355783142,
        0.025353504331331083,
        0.03648682829844807,
        0.056334210069964745,
        0.11806375442739081
      ],
      "ref_props": [
        0.1,
        0.1,
        0.1,
        0.1,
        0.1,
        0.1,
        0.1,
        0.1,
        0.1,
        0.1
      ]
    },
    "return_20d": {
      "edges": [
        -0.10459459459459464,
        -0.05735009397842173,
        -0.04095132154746176,
        -0.026167271910943247,
        -0.00830889367866856,
        0.007973020120316088,
        0.024189147380493787,
        0.047310499719258915,
        0.0584095545215949,
        0.08938161749510713,
        0.15946632782719194
      ],
      "ref_props": [
        0.1,
        0.1,
        0.1,
        0.1,
        0.1,
        0.1,
        0.1,
        0.1,
        0.1,
        0.1
      ]
    },
    "div_ma_5": {
      "edges": [
        -0.03447603257424286,
        -0.017121896863587113,
        -0.01241607575219149,
        -0.0058479363644440676,
        -0.0027472711172175073,
        -2.55239087577483e-05,
        0.004209029384858356,
        0.008592190826873972,
        0.011198414500254331,
        0.018279694738773486,
        0.061571125265392754
      ],
      "ref_props": [
        0.1,
        0.1,
        0.1,
        0.1,
        0.1,
        0.1,
        0.1,
        0.1,
        0.1,
        0.1
      ]
    },
    "div_ma_10": {
      "edges": [
        -0.06103023516237402,
        -0.023074940471563075,
        -0.014808499486195613,
        -0.009653484407362195,
        -0.005055594959446576,
        0.0011727548264156267,
        0.006006848129019684,
        0.011989517553925326,
        0.019073987586529968,
        0.030336289348973818,
        0.05929605101790535
      ],
      "ref_props": [
        0.1,
        0.1,
        0.1,
        0.1,
        0.1,
        0.1,
        0.1,
        0.1,
        0.1,
        0.1
      ]
    },
    "div_ma_20": {
      "edges": [
        -0.08286381366476993,
        -0.0334537542435247,
        -0.02320383519311596,
        -0.013897504423295143,
        -0.0067595222244405005,
        0.004932302011495122,
        0.011762058200441348,
        0.021026387747373015,
        0.03052763260572564,
        0.048230608033963084,
        0.08551825532957602
      ],
      "ref_props": [
        0.1,
        0.1,
        0.1,
        0.1,
        0.1,
        0.1,
        0.1,
        0.1,
        0.1,
        0.1
      ]
    },
    "div_ma_60": {
      "edges": [
        -0.08883651826425538,
        -0.05941653873249118,
        -0.04364603696824225,
        -0.022064039512796774,
        0.00026423787388292876,
        0.015002027886040412,
        0.030114923978810215,
        0.04088103660942828,
        0.07429625067077836,
        0.09940055198071551,
        0.14527170132987477
      ],
      "ref_props": [
        0.1,
        0.1,
        0.1,
        0.1,
        0.1,
        0.1,
        0.1,
        0.1,
        0.1,
        0.1
      ]
    },
    "ma_5_20_cross": {
      "edges": [
        -0.06586324045465342,
        -0.02609244721497972,
        -0.017993993670090424,
        -0.011111766196545834,
        -0.004285147912266105,
        0.002801905630340551,
        0.011748726667163128,
        0.016229742417120496,
        0.02405177147954172,
        0.033824392368026125,
        0.06711777615215797
      ],
      "ref_props": [
        0.1,
        0.1,
        0.1,
        0.1,
        0.1,
        0.1,
        0.1,
        0.1,
        0.1,
        0.1
      ]
    },
    "ma_20_60_cross": {
      "edges": [
        -0.041904029183703506,
        -0.03773729606301777,
        -0.03375272136493519,
        -0.015038778674937484,
        -0.0030963745214697947,
        0.008461983394199568,
        0.01942306564797819,
        0.03669247139752379,
        0.051489410618219954,
        0.06686167822483587,
        0.09012610112223962
      ],
      "ref_props": [
        0.1,
        0.1,
        0.1,
        0.1,
        0.1,
        0.1,
        0.1,
        0.1,
        0.1,
        0.1
      ]
    },
    "rsi": {
      "edges": [
        15.1862464183381,
        32.282267297800715,
        37.5355871886121,
        41.73370689080116,
        48.136413641364136,
        52.78143609711407,
        57.70222959277686,
        61.53846153846153,
        64.26172388187582,
        69.85667531019313,
        87.3015873015873
      ],