{
  "feature_cols": [
    "return_1d",
    "return_2d",
    "return_3d",
    "return_5d",
    "return_10d",
    "return_20d",
    "div_ma_5",
    "div_ma_10",
    "div_ma_20",
    "div_ma_60",
    "ma_5_20_cross",
    "ma_20_60_cross",
    "rsi",
    "rsi_change",
    "macd",
    "macd_signal",
    "macd_hist",
    "macd_hist_change",
    "bb_pct_b",
    "bb_bandwidth",
    "atr_pct",
    "volatility",
    "vol_change",
    "vol_ratio",
    "candle_body_pct",
    "upper_shadow_pct",
    "lower_shadow_pct",
    "day_of_week",
    "month",
    "is_month_end",
    "is_month_start",
    "streak",
    "gap",
    "price_position_20d",
    "macro_usdjpy_ret_20",
    "macro_usdjpy_ret_60",
    "macro_usdjpy_vol_20",
    "macro_topix_ret_20",
    "macro_topix_vol_20",
    "macro_topix_above_200dma",
    "macro_nikkei_ret_20",
    "macro_nikkei_above_200dma",
    "macro_nikkei_vi",
    "macro_jgb10y",
    "macro_bias_score"
  ],
  "avg_up_ret": 0.035030538618201594,
  "avg_dn_ret": -0.02351960503969199,
  "n_bins": 10,
  "psi_ref_rows": 250,
  "psi": {
    "return_1d": {
      "edges": [
        -0.1115777940102265,
        -0.022181339693059476,
        -0.010957505518763821,
        -0.004978951659703045,
        -0.0019029127301219495,
        0.0016500328908870543,
        0.005469630745886317,
        0.009827561613996939,
        0.01569152392025175,
        0.02967392489147926,
        0.08544481981981988
      ],
      "ref_props": [
        0.1,
        0.1,
        0.1,
        0.1,
        0.1,
        0.1,
        0.1,
        0.1,
        0.1,
        0.1
      ]
    },
    "return_2d": {
      "edges": [
        -0.10717562855569829,
        -0.027655780367274094,
        -0.0178778778753742,
        -0.010269836382829012,
        -0.004314089708562129,
        0.003922533803011885,
        0.010380691065285821,
        0.018384735353186056,
        0.02687016400713871,
        0.0447445123569027,
        0.0887540299639673
      ],
      "ref_props": [
        0.1,
        0.1,
        0.1,
        0.1,
        0.1,
        0.1,
        0.1,
        0.1,
        0.1,
        0.1
      ]
    },
    "return_3d": {
      "edges": [
        -0.13603267625643756,
        -0.03534689336500496,
        -0.019429209628846665,
        -0.01158709744443498,
        -0.002615637198592191,
        0.006126947857210463,
        0.01609554704666524,
        0.023502071273077827,
        0.032568584740994985,
        0.05231803382989652,
        0.12480407523510961
      ],
      "ref_props": [
        0.1,
        0.1,
        0.1,
        0.1,
        0.1,
        0.1,
        0.1,
        0.1,
        0.1,
        0.1
      ]
    },
    "return_5d": {
      "edges": [
        -0.13148115377809233,
        -0.04413297890429278,
        -0.02678845868253185,
        -0.014332408554610996,
        -0.002760093576259525,
        0.011045070195641382,
        0.023806737910049555,
        0.035514715929276165,
        0.0507280248820652,
        0.07161254611350665,
        0.13933215130023635
      ],
      "ref_props": [
        0.1,
        0.1,
        0.1,
        0.1,
        0.1,
        0.1,
        0.1,
        0.1,
        0.1,
        0.1
      ]
    },
    "return_10d": {
      "edges": [
        -0.13209549071618032,
        -0.05324265534354122,
        -0.03540066883936834,
        -0.016800647857861672,
        0.002020330456335188,
        0.020735834220819926,
        0.037135591465983435,
        0.060156076154586374,
        0.0770609634454028,
        0.10440754539562067,
        0.1800616649537512
      ],
      "ref_props": [
        0.1,
        0.1,
        0.1,
        0.1,
        0.1,
        0.1,
        0.1,
        0.1,
        0.1,
        0.1
      ]
    },
    "return_20d": {
      "edges": [
        -0.13429394812680118,
        -0.05446033800727233,
        -0.019549799436676292,
        0.0024123742441506404,
        0.02780403144864506,
        0.040695954232018994,
        0.05537769694858024,
        0.0680973295462433,
        0.10854933715455149,
        0.14722115377942005,
        0.28830480847595763
      ],
      "ref_props": [
        0.1,
        0.1,
        0.1,
        0.1,
        0.1,
        0.1,
        0.1,
        0.1,
        0.1,
        0.1
      ]
    },
    "div_ma_5": {
      "edges": [
        -0.10147015366430254,
        -0.022263803582463472,
        -0.011415965147576004,
        -0.006502889285406422,
        -0.0008292394718902712,
        0.0035063525978177093,
        0.009484434055010583,
        0.014411422849019242,
        0.0201593998496546,
        0.035603262271110984,
        0.07324459732296422
      ],
      "ref_props": [
        0.1,
        0.1,
        0.1,
        0.1,
        0.1,
        0.1,
        0.1,
        0.1,
        0.1,
        0.1
      ]
    },
    "div_ma_10": {
      "edges": [
        -0.11787637576834514,
        -0.03282150756805102,
        -0.01931850326839843,
        -0.010664116551073157,
        -0.0025562742908156622,
        0.010201025682526108,
        0.018212863377948783,
        0.028890919057456416,
        0.03859412006194807,
        0.05360880254668617,
        0.10677326290709184
      ],
      "ref_props": [
        0.1,
        0.1,
        0.1,
        0.1,
        0.1,
        0.1,
        0.1,
        0.1,
        0.1,
        0.1
      ]
    },
    "div_ma_20": {
      "edges": [
        -0.08540597447032508,
        -0.039728033035666806,
        -0.02129483198248354,
        -0.006877461260526257,
        0.007286981211435156,
        0.018179530131172683,
        0.027030900891854535,
        0.041882477603985106,
        0.05819048849197324,
        0.07768405379538545,
        0.13646371601887217
      ],
      "ref_props": [
        0.1,
        0.1,
        0.1,
        0.1,
        0.1,
        0.1,
        0.1,
        0.1,
        0.1,
        0.1
      ]
    },
    "div_ma_60": {
      "edges": [
        -0.0569424049600261,
        -0.02832461056018602,
        -0.004865163183160294,
        0.016310943885956747,
        0.03650274274822837,
        0.0543328642942465,
        0.07698675187063363,
        0.09796422359283417,
        0.12560356019621557,
        0.15526011507071633,
        0.22859988050189206
      ],
      "ref_props": [
        0.1,
        0.1,
        0.1,
        0.1,
        0.1,
        0.1,
        0.1,
        0.1,
        0.1,
        0.1
      ]
    },
    "ma_5_20_cross": {
      "edges": [
        -0.059917992210194004,
        -0.029227410857464386,
        -0.016550621590546072,
        -0.005597523065822177,
        0.006120379753277576,
        0.015611289661464522,
        0.02364192243062382,
        0.03359663399230315,
        0.04465441135577941,
        0.06159218462141336,
        0.09736625836496682
      ],
      "ref_props": [
        0.1,
        0.1,
        0.1,
        0.1,
        0.1,
        0.1,
        0.1,
        0.1,
        0.1,
        0.1
      ]
    },
    "ma_20_60_cross": {
      "edges": [
        -0.026441436640733285,
        -0.014153278110593403,
        -0.0069456406460758555,
        0.01045873609923602,
        0.031769718610896905,
        0.04804629885395606,
        0.05912637427457184,
        0.07420227794209577,
        0.08187404014932982,
        0.0878759038948562,
        0.11145133863368484
      ],
      "ref_props": [
        0.1,
        0.1,
        0.1,
        0.1,
        0.1,
        0.1,
        0.1,
        0.1,
        0.1,
        0.1
      ]
    },
    "rsi": {
      "edges": [
        10.30927835051547,
        33.3566976347348,
        39.09587521329386,
        47.43934450956208,
        53.498635336930604,
        56.899584677334346,
        61.385095662657875,
        65.49206077169774,
        69.75540747248365,
        76.09476710799491,
        95.28857479387514
      ],