{
  "feature_cols": [
    "return_1d",
    "return_2d",
    "return_3d",
    "return_5d",
    "return_10d",
    "return_20d",
    "div_ma_5",
    "div_ma_10",
    "div_ma_20",
    "div_ma_60",
    "ma_5_20_cross",
    "ma_20_60_cross",
    "rsi",
    "rsi_change",
    "macd",
    "macd_signal",
    "macd_hist",
    "macd_hist_change",
    "bb_pct_b",
    "bb_bandwidth",
    "atr_pct",
    "volatility",
    "vol_change",
    "vol_ratio",
    "candle_body_pct",
    "upper_shadow_pct",
    "lower_shadow_pct",
    "day_of_week",
    "month",
    "is_month_end",
    "is_month_start",
    "streak",
    "gap",
    "price_position_20d",
    "macro_usdjpy_ret_20",
    "macro_usdjpy_ret_60",
    "macro_usdjpy_vol_20",
    "macro_topix_ret_20",
    "macro_topix_vol_20",
    "macro_topix_above_200dma",
    "macro_nikkei_ret_20",
    "macro_nikkei_above_200dma",
    "macro_nikkei_vi",
    "macro_jgb10y",
    "macro_bias_score"
  ],
  "avg_up_ret": 0.037265925215848525,
  "avg_dn_ret": -0.021308347332973536,
  "n_bins": 10,
  "psi_ref_rows": 250,
  "psi": {
    "return_1d": {
      "edges": [
        -0.06931964056482665,
        -0.019292902089188112,
        -0.011216387674203009,
        -0.007932096110497054,
        -0.00469291490180983,
        -0.0005983402873118715,
        0.004209467653348975,
        0.009712852476819456,
        0.016902567548321826,
        0.02541544646447682,
        0.11994069681245367
      ],
      "ref_props": [
        0.1,
        0.1,
        0.1,
        0.1,
        0.1,
        0.1,
        0.1,
        0.1,
        0.1,
        0.1
      ]
    },
    "return_2d": {
      "edges": [
        -0.07760814249363868,
        -0.02672930130925686,
        -0.017884028659445005,
        -0.010004827000308887,
        -0.004727592917218381,
        -0.0003261418351104828,
        0.009144884023385917,
        0.016392541627188225,
        0.02534051935325828,
        0.037312150279432486,
        0.12557319223985886
      ],
      "ref_props": [
        0.1,
        0.1,
        0.1,
        0.1,
        0.1,
        0.1,
        0.1,
        0.1,
        0.1,
        0.1
      ]
    },
    "return_3d": {
      "edges": [
        -0.08459595959595956,
        -0.036363167329574175,
        -0.021088720699562864,
        -0.012853925487809089,
        -0.007193861796687173,
        -0.00013934254764680354,
        0.012140002056548794,
        0.021405114296893485,
        0.03380414617658946,
        0.05241749156067396,
        0.16054693501305883
      ],
      "ref_props": [
        0.1,
        0.1,
        0.1,
        0.1,
        0.1,
        0.1,
        0.1,
        0.1,
        0.1,
        0.1
      ]
    },
    "return_5d": {
      "edges": [
        -0.08728493495593792,
        -0.04607564626351269,
        -0.032545619106011475,
        -0.015568032828820843,
        -0.007180486686348097,
        0.005784851751806319,
        0.01765784389734799,
        0.03178448502280248,
        0.05540787677059022,
        0.07758029822257304,
        0.17480559875583213
      ],
      "ref_props": [
        0.1,
        0.1,
        0.1,
        0.1,
        0.1,
        0.1,
        0.1,
        0.1,
        0.1,
        0.1
      ]
    },
    "return_10d": {
      "edges": [
        -0.11531421598535696,
        -0.05504253372025074,
        -0.03849700091724386,
        -0.021068665765077932,
        0.0001797798084440658,
        0.014980299308927303,
        0.025781222702014623,
        0.04386657137955518,
        0.07161589693197955,
        0.13026641146688595,
        0.2227258012301716
      ],
      "ref_props": [
        0.1,
        0.1,
        0.1,
        0.1,
        0.1,
        0.1,
        0.1,
        0.1,
        0.1,
        0.1
      ]
    },
    "return_20d": {
      "edges": [
        -0.10734463276836159,
        -0.04878000495884747,
        -0.025986058663725185,
        -0.011317302738388319,
        0.0029980691053008717,
        0.01801124718217051,
        0.047118561577525614,
        0.07516951576962193,
        0.11112552784817349,
        0.1559030757581042,
        0.2644498995759874
      ],
      "ref_props": [
        0.1,
        0.1,
        0.1,
        0.1,
        0.1,
        0.1,
        0.1,
        0.1,
        0.1,
        0.1
      ]
    },
    "div_ma_5": {
      "edges": [
        -0.06443565037852718,
        -0.02030873151015191,
        -0.013761198398521508,
        -0.008600797259037524,
        -0.00477540942359931,
        0.0009733282172315768,
        0.006004040958197076,
        0.012871031929105273,
        0.023550746148645683,
        0.03149826495670558,
        0.10772208698712497
      ],
      "ref_props": [
        0.1,
        0.1,
        0.1,
        0.1,
        0.1,
        0.1,
        0.1,
        0.1,
        0.1,
        0.1
      ]
    },
    "div_ma_10": {
      "edges": [
        -0.08051322158574478,
        -0.0345914217350645,
        -0.02376887139809666,
        -0.01113058812782813,
        -0.0006232847504786102,
        0.005845752106783595,
        0.013411610218974955,
        0.023973504867589472,
        0.035646319548473686,
        0.05311089276592812,
        0.15293040293040294
      ],
      "ref_props": [
        0.1,
        0.1,
        0.1,
        0.1,
        0.1,
        0.1,
        0.1,
        0.1,
        0.1,
        0.1
      ]
    },
    "div_ma_20": {
      "edges": [
        -0.07821406624144435,
        -0.035785147020570826,
        -0.019856655266417576,
        -0.007487550048790068,
        0.0020709731556962318,
        0.01004684066060773,
        0.020239044249599856,
        0.03392340906235868,
        0.05385548875195758,
        0.09715709342385782,
        0.17205318769297606
      ],
      "ref_props": [
        0.1,
        0.1,
        0.1,
        0.1,
        0.1,
        0.1,
        0.1,
        0.1,
        0.1,
        0.1
      ]
    },
    "div_ma_60": {
      "edges": [
        -0.08432619037595251,
        -0.01902703436082582,
        -0.000817223859471619,
        0.017486558169283937,
        0.03410862870412911,
        0.0484073934246594,
        0.06270353970244447,
        0.09142379294513427,
        0.11668175234671904,
        0.14057291981240808,
        0.1857872601924221
      ],
      "ref_props": [
        0.1,
        0.1,
        0.1,
        0.1,
        0.1,
        0.1,
        0.1,
        0.1,
        0.1,
        0.1
      ]
    },
    "ma_5_20_cross": {
      "edges": [
        -0.051422822957802206,
        -0.02641698342449388,
        -0.01712681841089773,
        -0.005479050318707012,
        0.0014817496804274044,
        0.007427894255027212,
        0.011882331792188743,
        0.022947692746155785,
        0.04059743247641241,
        0.07228084741537795,
        0.1282136291027458
      ],
      "ref_props": [
        0.1,
        0.1,
        0.1,
        0.1,
        0.1,
        0.1,
        0.1,
        0.1,
        0.1,
        0.1
      ]
    },
    "ma_20_60_cross": {
      "edges": [
        -0.028832869258401228,
        -0.005385256835783977,
        0.0025208539726028897,
        0.011645181652665508,
        0.019748018232670722,
        0.03175490017472904,
        0.0447814629150372,
        0.05994754959101596,
        0.0693450196980733,
        0.08237747151271964,
        0.10979721362740258
      ],
      "ref_props": [
        0.1,
        0.1,
        0.1,
        0.1,
        0.1,
        0.1,
        0.1,
        0.1,
        0.1,
        0.1
      ]
    },
    "rsi": {
      "edges": [
        21.653971708378663,
        37.33428094815491,
        42.05776785180164,
        45.925047399838256,
        49.8382163856934,
        52.972668357283744,
        56.26354279523294,
        62.04657047810949,
        66.82175900663296,
        75.37905405405405,
        89.64719491035281
      ],