{
  "feature_cols": [
    "return_1d",
    "return_2d",
    "return_3d",
    "return_5d",
    "return_10d",
    "return_20d",
    "div_ma_5",
    "div_ma_10",
    "div_ma_20",
    "div_ma_60",
    "ma_5_20_cross",
    "ma_20_60_cross",
    "rsi",
    "rsi_change",
    "macd",
    "macd_signal",
    "macd_hist",
    "macd_hist_change",
    "bb_pct_b",
    "bb_bandwidth",
    "atr_pct",
    "volatility",
    "vol_change",
    "vol_ratio",
    "candle_body_pct",
    "upper_shadow_pct",
    "lower_shadow_pct",
    "day_of_week",
    "month",
    "is_month_end",
    "is_month_start",
    "streak",
    "gap",
    "price_position_20d",
    "macro_usdjpy_ret_20",
    "macro_usdjpy_ret_60",
    "macro_usdjpy_vol_20",
    "macro_topix_ret_20",
    "macro_topix_vol_20",
    "macro_topix_above_200dma",
    "macro_nikkei_ret_20",
    "macro_nikkei_above_200dma",
    "macro_nikkei_vi",
    "macro_jgb10y",
    "macro_bias_score"
  ],
  "avg_up_ret": 0.03711173877571908,
  "avg_dn_ret": -0.02168681007431063,
  "n_bins": 10,
  "psi_ref_rows": 250,
  "psi": {
    "return_1d": {
      "edges": [
        -0.08814136682989138,
        -0.026241197557797784,
        -0.01666660769570989,
        -0.012082192416577686,
        -0.004943111575766696,
        -0.0007519884370744134,
        0.004626969339135177,
        0.012189235877965056,
        0.020574926133934614,
        0.03573135443285822,
        0.10256410256410264
      ],
      "ref_props": [
        0.1,
        0.1,
        0.1,
        0.1,
        0.1,
        0.1,
        0.1,
        0.1,
        0.1,
        0.1
      ]
    },
    "return_2d": {
      "edges": [
        -0.1175218224398552,
        -0.03586555829081998,
        -0.024909175535653458,
        -0.015169678203731947,
        -0.006488820147156926,
        0.0017567765632352517,
        0.01296854187117727,
        0.020831061595746547,
        0.029309964991014504,
        0.04398291435721384,
        0.1476923076923078
      ],
      "ref_props": [
        0.1,
        0.1,
        0.1,
        0.1,
        0.1,
        0.1,
        0.1,
        0.1,
        0.1,
        0.1
      ]
    },
    "return_3d": {
      "edges": [
        -0.12161434977578478,
        -0.03903375134849753,
        -0.02503109110953636,
        -0.014966541352697064,
        -0.007497042875379156,
        0.0033099394257632975,
        0.012715471150233127,
        0.022144871596045848,
        0.03854456256713008,
        0.05492139963443027,
        0.15509677419354828
      ],
      "ref_props": [
        0.1,
        0.1,
        0.1,
        0.1,
        0.1,
        0.1,
        0.1,
        0.1,
        0.1,
        0.1
      ]
    },
    "return_5d": {
      "edges": [
        -0.15830182193193543,
        -0.0543615487514863,
        -0.02798160383182765,
        -0.016572998167635047,
        -0.003023288301226953,
        0.007267054561893693,
        0.01685235869997383,
        0.028740631474973355,
        0.04046884714237189,
        0.0686985292315569,
        0.1712820512820512
      ],
      "ref_props": [
        0.1,
        0.1,
        0.1,
        0.1,
        0.1,
        0.1,
        0.1,
        0.1,
        0.1,
        0.1
      ]
    },
    "return_10d": {
      "edges": [
        -0.16122378824338257,
        -0.06486972153733557,
        -0.045346298980972734,
        -0.0204796516377008,
        -0.0028843436664793827,
        0.010326268425602247,
        0.020786249581037898,
        0.03982699893641378,
        0.07342001513982521,
        0.10780475208363316,
        0.18761290322580648
      ],
      "ref_props": [
        0.1,
        0.1,
        0.1,
        0.1,
        0.1,
        0.1,
        0.1,
        0.1,
        0.1,
        0.1
      ]
    },
    "return_20d": {
      "edges": [
        -0.16363011344104506,
        -0.07216840838985426,
        -0.04446648268460651,
        -0.01982091146789172,
        0.002646572967231287,
        0.023126785781294346,
        0.04152955884331487,
        0.06005511257035638,
        0.08200237419975169,
        0.1330825768759619,
        0.3635897435897435
      ],
      "ref_props": [
        0.1,
        0.1,
        0.1,
        0.1,
        0.1,
        0.1,
        0.1,
        0.1,
        0.1,
        0.1
      ]
    },
    "div_ma_5": {
      "edges": [
        -0.07313472385206489,
        -0.0251257137518546,
        -0.016013592003837944,
        -0.009717990003015002,
        -0.0036310775036005947,
        0.002368792194457889,
        0.008319852872850876,
        0.013994375611944354,
        0.02084581451464465,
        0.030724182308047868,
        0.09272008202724481
      ],
      "ref_props": [
        0.1,
        0.1,
        0.1,
        0.1,
        0.1,
        0.1,
        0.1,
        0.1,
        0.1,
        0.1
      ]
    },
    "div_ma_10": {
      "edges": [
        -0.08135892096722754,
        -0.03961667702518949,
        -0.021237014994709227,
        -0.009689334267702973,
        -0.002727892143786129,
        0.00482893331373801,
        0.012334494928757551,
        0.020731552060453462,
        0.032531699021678906,
        0.04656500378280676,
        0.1293508037970652
      ],
      "ref_props": [
        0.1,
        0.1,
        0.1,
        0.1,
        0.1,
        0.1,
        0.1,
        0.1,
        0.1,
        0.1
      ]
    },
    "div_ma_20": {
      "edges": [
        -0.07625289278699371,
        -0.04458173861904855,
        -0.02503797428031088,
        -0.01617424390938972,
        -0.008668728730782069,
        0.007343496778471538,
        0.017544024239246312,
        0.030190663464046637,
        0.05486253465857659,
        0.07649796867187418,
        0.16042594047307318
      ],
      "ref_props": [
        0.1,
        0.1,
        0.1,
        0.1,
        0.1,
        0.1,
        0.1,
        0.1,
        0.1,
        0.1
      ]
    },
    "div_ma_60": {
      "edges": [
        -0.11727774573617858,
        -0.051724893987650754,
        -0.03178130589115672,
        -0.005969655092320006,
        0.024512804252892758,
        0.04369500061125163,
        0.0584598024108664,
        0.07450640884145632,
        0.09510837729361983,
        0.11983692123755048,
        0.2574085750315259
      ],
      "ref_props": [
        0.1,
        0.1,
        0.1,
        0.1,
        0.1,
        0.1,
        0.1,
        0.1,
        0.1,
        0.1
      ]
    },
    "ma_5_20_cross": {
      "edges": [
        -0.055718531485346556,
        -0.03366288263129952,
        -0.02487931435638872,
        -0.011269201633503045,
        -0.0018696163710300007,
        0.005528596813568432,
        0.013109733615961976,
        0.028317768544806787,
        0.038441403825835566,
        0.057178166463249254,
        0.09567608470909206
      ],
      "ref_props": [
        0.1,
        0.1,
        0.1,
        0.1,
        0.1,
        0.1,
        0.1,
        0.1,
        0.1,
        0.1
      ]
    },
    "ma_20_60_cross": {
      "edges": [
        -0.052527879445942394,
        -0.038946398259086155,
        -0.018041316965072097,
        0.006317773627345096,
        0.018803649170922348,
        0.02787655839763481,
        0.03891984585503155,
        0.049218553594899996,
        0.06808935562808942,
        0.08677638463950181,
        0.12680590540952696
      ],
      "ref_props": [
        0.1,
        0.1,
        0.1,
        0.1,
        0.1,
        0.1,
        0.1,
        0.1,
        0.1,
        0.1
      ]
    },
    "rsi": {
      "edges": [
        14.944356120826697,
        37.51401963761514,
        42.23726246002936,
        47.237490974814435,
        49.563464570878615,
        51.674871986755306,
        56.17406067764081,
        59.644404446718184,
        64.30282292557742,
        68.36794221820959,
        84.02777777777777
      ],