{
  "feature_cols": [
    "return_1d",
    "return_2d",
    "return_3d",
    "return_5d",
    "return_10d",
    "return_20d",
    "div_ma_5",
    "div_ma_10",
    "div_ma_20",
    "div_ma_60",
    "ma_5_20_cross",
    "ma_20_60_cross",
    "rsi",
    "rsi_change",
    "macd",
    "macd_signal",
    "macd_hist",
    "macd_hist_change",
    "bb_pct_b",
    "bb_bandwidth",
    "atr_pct",
    "volatility",
    "vol_change",
    "vol_ratio",
    "candle_body_pct",
    "upper_shadow_pct",
    "lower_shadow_pct",
    "day_of_week",
    "month",
    "is_month_end",
    "is_month_start",
    "streak",
    "gap",
    "price_position_20d",
    "macro_usdjpy_ret_20",
    "macro_usdjpy_ret_60",
    "macro_usdjpy_vol_20",
    "macro_topix_ret_20",
    "macro_topix_vol_20",
    "macro_topix_above_200dma",
    "macro_nikkei_ret_20",
    "macro_nikkei_above_200dma",
    "macro_nikkei_vi",
    "macro_jgb10y",
    "macro_bias_score"
  ],
  "avg_up_ret": 0.04287525071023261,
  "avg_dn_ret": -0.02066364899325419,
  "n_bins": 10,
  "psi_ref_rows": 250,
  "psi": {
    "return_1d": {
      "edges": [
        -0.10751134956665287,
        -0.02736117282849272,
        -0.015884353762030276,
        -0.007120127618871805,
        -0.0003654487675985163,
        0.0035096762230840683,
        0.008713581415122155,
        0.014980721834028612,
        0.02081679488207673,
        0.04130308308691575,
        0.1273131881002576
      ],
      "ref_props": [
        0.1,
        0.1,
        0.1,
        0.1,
        0.1,
        0.1,
        0.1,
        0.1,
        0.1,
        0.1
      ]
    },
    "return_2d": {
      "edges": [
        -0.12045638126009695,
        -0.031214429091474694,
        -0.016171356423169535,
        -0.008813786310881084,
        -0.0004327288029176231,
        0.006015890594758155,
        0.014039567458793778,
        0.023627300073240848,
        0.04099806124974387,
        0.0585990387477539,
        0.2308184143222507
      ],
      "ref_props": [
        0.1,
        0.1,
        0.1,
        0.1,
        0.1,
        0.1,
        0.1,
        0.1,
        0.1,
        0.1
      ]
    },
    "return_3d": {
      "edges": [
        -0.16401151631477928,
        -0.036596814837214,
        -0.021462433881323694,
        -0.010159495184230545,
        0.002001881842631017,
        0.010571455889456405,
        0.021791735776327596,
        0.03719141525286254,
        0.05310637162576346,
        0.08283390293916605,
        0.34143222506393855
      ],
      "ref_props": [
        0.1,
        0.1,
        0.1,
        0.1,
        0.1,
        0.1,
        0.1,
        0.1,
        0.1,
        0.1
      ]
    },
    "return_5d": {
      "edges": [
        -0.1698656429942419,
        -0.04405100106338228,
        -0.021865363058911468,
        -0.0048681802308452,
        0.0062281463287678475,
        0.018099977212075236,
        0.03540283078182793,
        0.05052439122203985,
        0.07125198782460558,
        0.12429546684300448,
        0.34992987377279094
      ],
      "ref_props": [
        0.1,
        0.1,
        0.1,
        0.1,
        0.1,
        0.1,
        0.1,
        0.1,
        0.1,
        0.1
      ]
    },
    "return_10d": {
      "edges": [
        -0.13504916136495082,
        -0.05276817235340686,
        -0.007495287745107609,
        0.012136043626089051,
        0.023330657916432167,
        0.038805010915471394,
        0.0516094742351298,
        0.08575988268221153,
        0.12162835325685825,
        0.23199648314684343,
        0.6998865661967266
      ],
      "ref_props": [
        0.1,
        0.1,
        0.1,
        0.1,
        0.1,
        0.1,
        0.1,
        0.1,
        0.1,
        0.1
      ]
    },
    "return_20d": {
      "edges": [
        -0.1613776137761378,
        -0.00967160162188276,
        0.008194207392853424,
        0.03296319730747439,
        0.04655108231704786,
        0.07123101126919584,
        0.09681191135351454,
        0.12983356629200898,
        0.18113148813459284,
        0.4150959078422876,
        1.1673553719008263
      ],
      "ref_props": [
        0.1,
        0.1,
        0.1,
        0.1,
        0.1,
        0.1,
        0.1,
        0.1,
        0.1,
        0.1
      ]
    },
    "div_ma_5": {
      "edges": [
        -0.11039624183006536,
        -0.02473911961955657,
        -0.011353446246694616,
        -0.0036301895200879877,
        0.0008394032038845261,
        0.008020084879822765,
        0.01452655810332789,
        0.02146913145412282,
        0.031049030310716277,
        0.05083615752061113,
        0.17732884399551066
      ],
      "ref_props": [
        0.1,
        0.1,
        0.1,
        0.1,
        0.1,
        0.1,
        0.1,
        0.1,
        0.1,
        0.1
      ]
    },
    "div_ma_10": {
      "edges": [
        -0.1090302719343253,
        -0.0347199436883239,
        -0.013404311391742328,
        0.00034284666184142303,
        0.009070625785135985,
        0.017647967240664923,
        0.027300813410312836,
        0.0370752773917773,
        0.05354311704152695,
        0.09862489445120758,
        0.3332655473506273
      ],
      "ref_props": [
        0.1,
        0.1,
        0.1,
        0.1,
        0.1,
        0.1,
        0.1,
        0.1,
        0.1,
        0.1
      ]
    },
    "div_ma_20": {
      "edges": [
        -0.07640461271128425,
        -0.020868724743926145,
        -0.0016049289831747038,
        0.00928629361372907,
        0.018288881697092814,
        0.030203049569370654,
        0.046946600236007135,
        0.06357312228923359,
        0.1073886803787699,
        0.18679109411214856,
        0.5284972205829855
      ],
      "ref_props": [
        0.1,
        0.1,
        0.1,
        0.1,
        0.1,
        0.1,
        0.1,
        0.1,
        0.1,
        0.1
      ]
    },
    "div_ma_60": {
      "edges": [
        -0.05975542815320805,
        0.0034732884853328253,
        0.023114331859582168,
        0.05008374986970548,
        0.07711539038423414,
        0.09992964514259663,
        0.11878097527838971,
        0.14889448432417832,
        0.198214444066439,
        0.42535308866642674,
        1.1143864953388762
      ],
      "ref_props": [
        0.1,
        0.1,
        0.1,
        0.1,
        0.1,
        0.1,
        0.1,
        0.1,
        0.1,
        0.1
      ]
    },
    "ma_5_20_cross": {
      "edges": [
        -0.03844160595067536,
        -0.019946706704674057,
        -0.0028638903032962774,
        0.007374564786165606,
        0.012396585849171872,
        0.02218559655808472,
        0.03711135599171885,
        0.050664786938991235,
        0.0831080445563541,
        0.14667121993782692,
        0.3359888900179522
      ],
      "ref_props": [
        0.1,
        0.1,
        0.1,
        0.1,
        0.1,
        0.1,
        0.1,
        0.1,
        0.1,
        0.1
      ]
    },
    "ma_20_60_cross": {
      "edges": [
        -0.05471665875652587,
        0.008820884473480506,
        0.013998948786245125,
        0.031019020512958972,
        0.05049621539794247,
        0.06695081864123642,
        0.07623687756242128,
        0.09755292970439738,
        0.1081888856516382,
        0.17689623376650826,
        0.45748448814456166
      ],
      "ref_props": [
        0.1,
        0.1,
        0.1,
        0.1,
        0.1,
        0.1,
        0.1,
        0.1,
        0.1,
        0.1
      ]
    },
    "rsi": {
      "edges": [
        20.17804154302671,
        43.518558150456705,
        49.1739393939394,
        52.56419864888779,
        56.58463393350785,
        61.43159521758815,
        65.12007938486506,
        68.08627155815674,
        75.49730835233551,
        81.37289207959151,
        93.90498954287422
      ],
      "ref_props": [
        0.1,
        0.1,
        0.1,
        0.1,
        0.1,
        0.1,
        0.1,
        0.1,
        0.1,
        0.1
      ]
    },