{
  "feature_cols": [
    "return_1d",
    "return_2d",
    "return_3d",
    "return_5d",
    "return_10d",
    "return_20d",
    "div_ma_5",
    "div_ma_10",
    "div_ma_20",
    "div_ma_60",
    "ma_5_20_cross",
    "ma_20_60_cross",
    "rsi",
    "rsi_change",
    "macd",
    "macd_signal",
    "macd_hist",
    "macd_hist_change",
    "bb_pct_b",
    "bb_bandwidth",
    "atr_pct",
    "volatility",
    "vol_change",
    "vol_ratio",
    "candle_body_pct",
    "upper_shadow_pct",
    "lower_shadow_pct",
    "day_of_week",
    "month",
    "is_month_end",
    "is_month_start",
    "streak",
    "gap",
    "price_position_20d",
    "macro_usdjpy_ret_20",
    "macro_usdjpy_ret_60",
    "macro_usdjpy_vol_20",
    "macro_topix_ret_20",
    "macro_topix_vol_20",
    "macro_topix_above_200dma",
    "macro_nikkei_ret_20",
    "macro_nikkei_above_200dma",
    "macro_nikkei_vi",
    "macro_jgb10y",
    "macro_bias_score"
  ],
  "avg_up_ret": 0.06830946630979097,
  "avg_dn_ret": -0.04051798308908081,
  "n_bins": 10,
  "psi_ref_rows": 250,
  "psi": {
    "return_1d": {
      "edges": [
        -0.13959879087661442,
        -0.04227315744308545,
        -0.025634229086200944,
        -0.016555587120504162,
        -0.007005683319360443,
        0.002498052049244248,
        0.01119773377149076,
        0.020938929890646055,
        0.03623302878664547,
        0.06178057151678513,
        0.21208907741251326
      ],
      "ref_props": [
        0.1,
        0.1,
        0.1,
        0.1,
        0.1,
        0.1,
        0.1,
        0.1,
        0.1,
        0.1
      ]
    },
    "return_2d": {
      "edges": [
        -0.16417512012813673,
        -0.05622025404917665,
        -0.034695368087671374,
        -0.018820556829112746,
        -0.007174919160137011,
        0.007560973392565895,
        0.01711808127255274,
        0.0374385209711055,
        0.05461621340948915,
        0.0835497987834143,
        0.30539058931018737
      ],
      "ref_props": [
        0.1,
        0.1,
        0.1,
        0.1,
        0.1,
        0.1,
        0.1,
        0.1,
        0.1,
        0.1
      ]
    },
    "return_3d": {
      "edges": [
        -0.2016828148903621,
        -0.06669420221848561,
        -0.0392568346664241,
        -0.023581762794911924,
        -0.0065291418810292864,
        0.009141936766629444,
        0.025837339030158016,
        0.045571520678833466,
        0.06873594260197316,
        0.11378435389551227,
        0.3051961823966065
      ],
      "ref_props": [
        0.1,
        0.1,
        0.1,
        0.1,
        0.1,
        0.1,
        0.1,
        0.1,
        0.1,
        0.1
      ]
    },
    "return_5d": {
      "edges": [
        -0.24005609382967874,
        -0.08262184016900996,
        -0.04651578882573815,
        -0.016967718008255857,
        -0.0005747432606968186,
        0.018749761206101723,
        0.04137151416049611,
        0.061640982130959796,
        0.09449922364293828,
        0.161249503850123,
        0.4042288557213931
      ],
      "ref_props": [
        0.1,
        0.1,
        0.1,
        0.1,
        0.1,
        0.1,
        0.1,
        0.1,
        0.1,
        0.1
      ]
    },
    "return_10d": {
      "edges": [
        -0.2540666150271108,
        -0.1251250221811939,
        -0.058860599853503955,
        -0.024366409969394646,
        0.007432057570622961,
        0.04676730126184481,
        0.08884211889651604,
        0.11830057938820049,
        0.16968225951536764,
        0.23267854982314043,
        0.4156889809063722
      ],
      "ref_props": [
        0.1,
        0.1,
        0.1,
        0.1,
        0.1,
        0.1,
        0.1,
        0.1,
        0.1,
        0.1
      ]
    },
    "return_20d": {
      "edges": [
        -0.2403410604849454,
        -0.12342631694821171,
        -0.047508929795369796,
        0.006481670760382135,
        0.049995553471124415,
        0.08985213129157954,
        0.14235723555343854,
        0.22277040341693116,
        0.25777310425759153,
        0.33455127772053656,
        0.5377311344327835
      ],
      "ref_props": [
        0.1,
        0.1,
        0.1,
        0.1,
        0.1,
        0.1,
        0.1,
        0.1,
        0.1,
        0.1
      ]
    },
    "div_ma_5": {
      "edges": [
        -0.136418799646955,
        -0.03785173416278704,
        -0.024493894023797133,
        -0.012939398777623838,
        -0.006331210113152467,
        0.005240752251405773,
        0.017523942887149632,
        0.02740752634422686,
        0.04631437967091781,
        0.06818217991490923,
        0.21049733118698635
      ],
      "ref_props": [
        0.1,
        0.1,
        0.1,
        0.1,
        0.1,
        0.1,
        0.1,
        0.1,
        0.1,
        0.1
      ]
    },
    "div_ma_10": {
      "edges": [
        -0.16082087926452007,
        -0.06346161235512741,
        -0.0314282815949218,
        -0.00969703321284865,
        0.0015901982692694242,
        0.020370751017437752,
        0.03551757575729414,
        0.05307674418697203,
        0.06980021269505157,
        0.10822883497813374,
        0.2773995350381933
      ],
      "ref_props": [
        0.1,
        0.1,
        0.1,
        0.1,
        0.1,
        0.1,
        0.1,
        0.1,
        0.1,
        0.1
      ]
    },
    "div_ma_20": {
      "edges": [
        -0.17174449572625738,
        -0.08970890436262915,
        -0.029679208590338412,
        0.0014565839349078384,
        0.02018411792366613,
        0.04108238615645449,
        0.06292204120189175,
        0.08513688189282373,
        0.13177641461696704,
        0.17263544155652552,
        0.3758411768651211
      ],
      "ref_props": [
        0.1,
        0.1,
        0.1,
        0.1,
        0.1,
        0.1,
        0.1,
        0.1,
        0.1,
        0.1
      ]
    },
    "div_ma_60": {
      "edges": [
        -0.12212095085601675,
        -0.037797937202533785,
        0.0005993147249590926,
        0.038481806964168315,
        0.0920666589983216,
        0.14740804088757414,
        0.1854637685111352,
        0.21830462506083642,
        0.25472521488654265,
        0.30845459275004583,
        0.6372609445599785
      ],
      "ref_props": [
        0.1,
        0.1,
        0.1,
        0.1,
        0.1,
        0.1,
        0.1,
        0.1,
        0.1,
        0.1
      ]
    },
    "ma_5_20_cross": {
      "edges": [
        -0.1321761182283241,
        -0.07135287870849792,
        -0.02440145948236432,
        -0.0012246614229765875,
        0.019893999589934947,
        0.030793844248093727,
        0.04823009369386898,
        0.0694091094543601,
        0.09727893928222724,
        0.1302043826725724,
        0.259912464155581
      ],
      "ref_props": [
        0.1,
        0.1,
        0.1,
        0.1,
        0.1,
        0.1,
        0.1,
        0.1,
        0.1,
        0.1
      ]
    },
    "ma_20_60_cross": {
      "edges": [
        -0.06190129744149386,
        -0.02969049520001409,
        0.017133837526788032,
        0.036677831421127724,
        0.07065528262448646,
        0.09412215297327597,
        0.11403534259495578,
        0.14636670513193112,
        0.1642119749178672,
        0.19008528096603977,
        0.2694420429104831
      ],
      "ref_props": [
        0.1,
        0.1,
        0.1,
        0.1,
        0.1,
        0.1,
        0.1,
        0.1,
        0.1,
        0.1
      ]
    },
    "rsi": {
      "edges": [
        16.654438738077758,
        31.487903901850498,
        40.74769846617973,
        48.06808459803626,
        54.21707469499769,
        59.013274530776116,
        61.88282317227422,
        67.43450028413329,
        71.86169091292432,
        75.92422269126577,
        96.3804116394606
      ],
      "ref_props": [
        0.1,
        0.1,
        0.1,
        0.1,
        0.1,
        0.1,
        0.1,
        0.1,
        0.1,
        0.1
      ]
    },