{
  "feature_cols": [
    "return_1d",
    "return_2d",
    "return_3d",
    "return_5d",
    "return_10d",
    "return_20d",
    "div_ma_5",
    "div_ma_10",
    "div_ma_20",
    "div_ma_60",
    "ma_5_20_cross",
    "ma_20_60_cross",
    "rsi",
    "rsi_change",
    "macd",
    "macd_signal",
    "macd_hist",
    "macd_hist_change",
    "bb_pct_b",
    "bb_bandwidth",
    "atr_pct",
    "volatility",
    "vol_change",
    "vol_ratio",
    "candle_body_pct",
    "upper_shadow_pct",
    "lower_shadow_pct",
    "day_of_week",
    "month",
    "is_month_end",
    "is_month_start",
    "streak",
    "gap",
    "price_position_20d",
    "macro_usdjpy_ret_20",
    "macro_usdjpy_ret_60",
    "macro_usdjpy_vol_20",
    "macro_topix_ret_20",
    "macro_topix_vol_20",
    "macro_topix_above_200dma",
    "macro_nikkei_ret_20",
    "macro_nikkei_above_200dma",
    "macro_nikkei_vi",
    "macro_jgb10y",
    "macro_bias_score"
  ],
  "avg_up_ret": 0.03125032243950558,
  "avg_dn_ret": -0.023135485956955533,
  "n_bins": 10,
  "psi_ref_rows": 250,
  "psi": {
    "return_1d": {
      "edges": [
        -0.10982142857142863,
        -0.029214924418392938,
        -0.02007000472226883,
        -0.013957875349643,
        -0.00833201324884791,
        -0.002622161538594958,
        0.0015436381126293062,
        0.008385082647041632,
        0.016225214451285334,
        0.026339135621712507,
        0.08903508771929824
      ],
      "ref_props": [
        0.1,
        0.1,
        0.1,
        0.1,
        0.1,
        0.1,
        0.1,
        0.1,
        0.1,
        0.1
      ]
    },
    "return_2d": {
      "edges": [
        -0.12876984126984126,
        -0.04569134906066229,
        -0.03014783453636864,
        -0.020876206813676877,
        -0.011702619414483806,
        -0.00490666320974853,
        0.0010265272935208393,
        0.011101392817501558,
        0.022014257578145548,
        0.03910722350548389,
        0.15407854984894254
      ],
      "ref_props": [
        0.1,
        0.1,
        0.1,
        0.1,
        0.1,
        0.1,
        0.1,
        0.1,
        0.1,
        0.1
      ]
    },
    "return_3d": {
      "edges": [
        -0.16259920634920633,
        -0.05557512437334674,
        -0.03610917098715127,
        -0.02655105854076119,
        -0.016501699235344055,
        -0.01086421626302797,
        0.0001545595054096037,
        0.012286048688616227,
        0.024775035522749508,
        0.04926074942367901,
        0.1794097141529165
      ],
      "ref_props": [
        0.1,
        0.1,
        0.1,
        0.1,
        0.1,
        0.1,
        0.1,
        0.1,
        0.1,
        0.1
      ]
    },
    "return_5d": {
      "edges": [
        -0.1605171556439582,
        -0.0690646718318287,
        -0.05177030832425169,
        -0.035450486810766665,
        -0.026237845240812605,
        -0.0126488982949024,
        -0.0017351196058879765,
        0.011920404023341078,
        0.03387339781047265,
        0.056069162763020694,
        0.18339745831875942
      ],
      "ref_props": [
        0.1,
        0.1,
        0.1,
        0.1,
        0.1,
        0.1,
        0.1,
        0.1,
        0.1,
        0.1
      ]
    },
    "return_10d": {
      "edges": [
        -0.18836538461538466,
        -0.1165709360555616,
        -0.06798491129399735,
        -0.050342399620559766,
        -0.03479383959731701,
        -0.021048356657720646,
        -0.004287163876204865,
        0.01574584721272423,
        0.04115851909229141,
        0.07051572415022729,
        0.16654921306084103
      ],
      "ref_props": [
        0.1,
        0.1,
        0.1,
        0.1,
        0.1,
        0.1,
        0.1,
        0.1,
        0.1,
        0.1
      ]
    },
    "return_20d": {
      "edges": [
        -0.22969924812030074,
        -0.16656316646593494,
        -0.1411678889555453,
        -0.09985923610803776,
        -0.058575232299353665,
        -0.02641380981914354,
        -0.00497664568374916,
        0.019250975510708517,
        0.05597289228049461,
        0.09919062785029682,
        0.20958083832335328
      ],
      "ref_props": [
        0.1,
        0.1,
        0.1,
        0.1,
        0.1,
        0.1,
        0.1,
        0.1,
        0.1,
        0.1
      ]
    },
    "div_ma_5": {
      "edges": [
        -0.08597726042230644,
        -0.03431251303142673,
        -0.024076138547174244,
        -0.01717870776708529,
        -0.011005543472508914,
        -0.005980968832518548,
        3.8299502106475884e-05,
        0.0063548899108984355,
        0.015691017202750596,
        0.03032431223494736,
        0.10564399421128799
      ],
      "ref_props": [
        0.1,
        0.1,
        0.1,
        0.1,
        0.1,
        0.1,
        0.1,
        0.1,
        0.1,
        0.1
      ]
    },
    "div_ma_10": {
      "edges": [
        -0.13083323036368882,
        -0.05371868112344177,
        -0.038136959605341525,
        -0.028932742863746076,
        -0.019750687454266804,
        -0.009583220112223255,
        -0.004349705004637061,
        0.004778527883153468,
        0.022056849538379494,
        0.04519794085938703,
        0.12662611552635075
      ],
      "ref_props": [
        0.1,
        0.1,
        0.1,
        0.1,
        0.1,
        0.1,
        0.1,
        0.1,
        0.1,
        0.1
      ]
    },
    "div_ma_20": {
      "edges": [
        -0.15581980288127367,
        -0.09173677676604725,
        -0.06084118224684703,
        -0.045052160448616194,
        -0.027935753032763615,
        -0.021671165425528646,
        -0.009199446502752772,
        0.0051916718108740555,
        0.026126667938729524,
        0.058951046460533806,
        0.156214224282777
      ],
      "ref_props": [
        0.1,
        0.1,
        0.1,
        0.1,
        0.1,
        0.1,
        0.1,
        0.1,
        0.1,
        0.1
      ]
    },
    "div_ma_60": {
      "edges": [
        -0.2568571893923942,
        -0.16773269653107098,
        -0.14265656058559903,
        -0.11858051628333227,
        -0.08221605128982745,
        -0.04926956397383077,
        -0.01960684906813944,
        0.011445295259289886,
        0.04167333875442103,
        0.07685998518872825,
        0.1962904653006815
      ],
      "ref_props": [
        0.1,
        0.1,
        0.1,
        0.1,
        0.1,
        0.1,
        0.1,
        0.1,
        0.1,
        0.1
      ]
    },
    "ma_5_20_cross": {
      "edges": [
        -0.11296579525772565,
        -0.07641525035529123,
        -0.04979615828708934,
        -0.03401152247764874,
        -0.027182806698433936,
        -0.016479832384523496,
        -0.006859329682843948,
        0.00424466087249046,
        0.020687882938854343,
        0.049080651818451136,
        0.11434815891365346
      ],
      "ref_props": [
        0.1,
        0.1,
        0.1,
        0.1,
        0.1,
        0.1,
        0.1,
        0.1,
        0.1,
        0.1
      ]
    },
    "ma_20_60_cross": {
      "edges": [
        -0.1392687205514056,
        -0.12657705573853556,
        -0.11664128524639598,
        -0.08162361702343622,
        -0.04133247154597681,
        -0.02886527797184424,
        -0.004103805853722598,
        0.014099330939573563,
        0.04025215354849374,
        0.06018915621492963,
        0.08173386209045863
      ],
      "ref_props": [
        0.1,
        0.1,
        0.1,
        0.1,
        0.1,
        0.1,
        0.1,
        0.1,
        0.1,
        0.1
      ]
    },
    "rsi": {
      "edges": [
        14.784946236559136,
        24.828715347641403,
        28.63625394271682,
        33.5433392804044,
        39.640364856834694,
        44.82712914387766,
        49.67900207900209,
        53.5031847133758,
        58.68232388433114,
        66.84564025909317,
        81.86619718309859
      ],