{
  "feature_cols": [
    "return_1d",
    "return_2d",
    "return_3d",
    "return_5d",
    "return_10d",
    "return_20d",
    "div_ma_5",
    "div_ma_10",
    "div_ma_20",
    "div_ma_60",
    "ma_5_20_cross",
    "ma_20_60_cross",
    "rsi",
    "rsi_change",
    "macd",
    "macd_signal",
    "macd_hist",
    "macd_hist_change",
    "bb_pct_b",
    "bb_bandwidth",
    "atr_pct",
    "volatility",
    "vol_change",
    "vol_ratio",
    "candle_body_pct",
    "upper_shadow_pct",
    "lower_shadow_pct",
    "day_of_week",
    "month",
    "is_month_end",
    "is_month_start",
    "streak",
    "gap",
    "price_position_20d",
    "macro_usdjpy_ret_20",
    "macro_usdjpy_ret_60",
    "macro_usdjpy_vol_20",
    "macro_topix_ret_20",
    "macro_topix_vol_20",
    "macro_topix_above_200dma",
    "macro_nikkei_ret_20",
    "macro_nikkei_above_200dma",
    "macro_nikkei_vi",
    "macro_jgb10y",
    "macro_bias_score"
  ],
  "avg_up_ret": 0.057483856628969314,
  "avg_dn_ret": -0.036111117164987536,
  "n_bins": 10,
  "psi_ref_rows": 250,
  "psi": {
    "return_1d": {
      "edges": [
        -0.09536117535029243,
        -0.03919664721237872,
        -0.023847924137381505,
        -0.015578432345444813,
        -0.006533905756335653,
        0.001351729809085156,
        0.009790713635122749,
        0.021490775688988356,
        0.03590818442666005,
        0.05630642975729797,
        0.1707358716066245
      ],
      "ref_props": [
        0.1,
        0.1,
        0.1,
        0.1,
        0.1,
        0.1,
        0.1,
        0.1,
        0.1,
        0.1
      ]
    },
    "return_2d": {
      "edges": [
        -0.10900604063701258,
        -0.05117388379928971,
        -0.03436173890356455,
        -0.01940958128604998,
        -0.009529314382800974,
        0.006142861952406431,
        0.020628857169484593,
        0.03320069206053469,
        0.050847594165512947,
        0.07114272973409469,
        0.21733542767385416
      ],
      "ref_props": [
        0.1,
        0.1,
        0.1,
        0.1,
        0.1,
        0.1,
        0.1,
        0.1,
        0.1,
        0.1
      ]
    },
    "return_3d": {
      "edges": [
        -0.12822624931356397,
        -0.0631448343848581,
        -0.039574218987969645,
        -0.021482877326996663,
        -0.00426695580289215,
        0.012061324569904608,
        0.025330812854442376,
        0.04062789192645358,
        0.0601200434510806,
        0.08823245063327403,
        0.2168141592920354
      ],
      "ref_props": [
        0.1,
        0.1,
        0.1,
        0.1,
        0.1,
        0.1,
        0.1,
        0.1,
        0.1,
        0.1
      ]
    },
    "return_5d": {
      "edges": [
        -0.1578802855573861,
        -0.07317916970045901,
        -0.041862690678626704,
        -0.024066655863854373,
        -0.00882045045672187,
        0.012582280449874528,
        0.03675596519941425,
        0.06026280003836211,
        0.0922035244209646,
        0.13093672952434568,
        0.26333728512151744
      ],
      "ref_props": [
        0.1,
        0.1,
        0.1,
        0.1,
        0.1,
        0.1,
        0.1,
        0.1,
        0.1,
        0.1
      ]
    },
    "return_10d": {
      "edges": [
        -0.16928309785452644,
        -0.08156529139700043,
        -0.05488951953314963,
        -0.029766503424300678,
        -0.007654813777334965,
        0.026768295617472182,
        0.06757987098386246,
        0.10428280641348459,
        0.13327813679859163,
        0.17740924870669986,
        0.3370451693851946
      ],
      "ref_props": [
        0.1,
        0.1,
        0.1,
        0.1,
        0.1,
        0.1,
        0.1,
        0.1,
        0.1,
        0.1
      ]
    },
    "return_20d": {
      "edges": [
        -0.22450789147011885,
        -0.11720066970683117,
        -0.07759756849912156,
        -0.04321065056688321,
        -0.0013717138675763468,
        0.06525315340617999,
        0.11287623101377156,
        0.16183436588725217,
        0.23151989253684183,
        0.3098681658910549,
        0.5333184257602863
      ],
      "ref_props": [
        0.1,
        0.1,
        0.1,
        0.1,
        0.1,
        0.1,
        0.1,
        0.1,
        0.1,
        0.1
      ]
    },
    "div_ma_5": {
      "edges": [
        -0.08312613019891502,
        -0.03924434890632791,
        -0.02482796490010218,
        -0.014388950924157233,
        -0.004184352471635051,
        0.0067342026301641985,
        0.017008299122226504,
        0.028687870379302868,
        0.0364361753468471,
        0.055770718179931705,
        0.13135683193544961
      ],
      "ref_props": [
        0.1,
        0.1,
        0.1,
        0.1,
        0.1,
        0.1,
        0.1,
        0.1,
        0.1,
        0.1
      ]
    },
    "div_ma_10": {
      "edges": [
        -0.12358079845203881,
        -0.048179152365184746,
        -0.03040832262895749,
        -0.017463707351150087,
        -0.0016288530666951427,
        0.011768384990458656,
        0.0280538058486519,
        0.04619456400795542,
        0.07063379244995582,
        0.094422061110341,
        0.18084605368867218
      ],
      "ref_props": [
        0.1,
        0.1,
        0.1,
        0.1,
        0.1,
        0.1,
        0.1,
        0.1,
        0.1,
        0.1
      ]
    },
    "div_ma_20": {
      "edges": [
        -0.14503223478303112,
        -0.07298195919163307,
        -0.04737418792513358,
        -0.024865460726301795,
        0.004734684297812667,
        0.030239287277084147,
        0.055784864383756544,
        0.07976014656401552,
        0.10560982919179362,
        0.1578384374218406,
        0.2557113164183751
      ],
      "ref_props": [
        0.1,
        0.1,
        0.1,
        0.1,
        0.1,
        0.1,
        0.1,
        0.1,
        0.1,
        0.1
      ]
    },
    "div_ma_60": {
      "edges": [
        -0.12600955110744871,
        -0.06290744547577769,
        -0.022343920883431848,
        0.016083664300856657,
        0.04687796303578272,
        0.08779925772448761,
        0.13598884804780725,
        0.18359657132310322,
        0.22108266984956057,
        0.28959998534497605,
        0.4061348548685499
      ],
      "ref_props": [
        0.1,
        0.1,
        0.1,
        0.1,
        0.1,
        0.1,
        0.1,
        0.1,
        0.1,
        0.1
      ]
    },
    "ma_5_20_cross": {
      "edges": [
        -0.10835765268450481,
        -0.0524116115784592,
        -0.039540286486292105,
        -0.0208303550139017,
        -0.0009299456951305557,
        0.021828597743912104,
        0.046388970592118786,
        0.0644900068787748,
        0.07852583798248404,
        0.11880330190423925,
        0.16383719942221098
      ],
      "ref_props": [
        0.1,
        0.1,
        0.1,
        0.1,
        0.1,
        0.1,
        0.1,
        0.1,
        0.1,
        0.1
      ]
    },
    "ma_20_60_cross": {
      "edges": [
        -0.06703392287619603,
        -0.03480991873113274,
        -0.01793138609740854,
        0.002739615715873173,
        0.021102213109348674,
        0.05768627520662717,
        0.0920937470149392,
        0.12769358949940798,
        0.14748643617201568,
        0.17957236083001837,
        0.23523233042549396
      ],
      "ref_props": [
        0.1,
        0.1,
        0.1,
        0.1,
        0.1,
        0.1,
        0.1,
        0.1,
        0.1,
        0.1
      ]
    },
    "rsi": {
      "edges": [
        25.1227495908347,
        34.453992726424254,
        41.3660987453336,
        45.33337537133569,
        50.88965323527619,
        55.852564457375124,
        59.75840470203832,
        65.82557311433439,
        70.14693604628776,
        74.87697755254523,
        93.41111873713109
      ],
      "ref_props": [
        0.1,
        0.1,
        0.1,
        0.1,
        0.1,
        0.1,
        0.1,
        0.1,
        0.1,
        0.1
      ]
    },