{
  "feature_cols": [
    "return_1d",
    "return_2d",
    "return_3d",
    "return_5d",
    "return_10d",
    "return_20d",
    "div_ma_5",
    "div_ma_10",
    "div_ma_20",
    "div_ma_60",
    "ma_5_20_cross",
    "ma_20_60_cross",
    "rsi",
    "rsi_change",
    "macd",
    "macd_signal",
    "macd_hist",
    "macd_hist_change",
    "bb_pct_b",
    "bb_bandwidth",
    "atr_pct",
    "volatility",
    "vol_change",
    "vol_ratio",
    "candle_body_pct",
    "upper_shadow_pct",
    "lower_shadow_pct",
    "day_of_week",
    "month",
    "is_month_end",
    "is_month_start",
    "streak",
    "gap",
    "price_position_20d",
    "macro_usdjpy_ret_20",
    "macro_usdjpy_ret_60",
    "macro_usdjpy_vol_20",
    "macro_topix_ret_20",
    "macro_topix_vol_20",
    "macro_topix_above_200dma",
    "macro_nikkei_ret_20",
    "macro_nikkei_above_200dma",
    "macro_nikkei_vi",
    "macro_jgb10y",
    "macro_bias_score"
  ],
  "avg_up_ret": 0.04975049434874846,
  "avg_dn_ret": -0.02477323774879818,
  "n_bins": 10,
  "psi_ref_rows": 250,
  "psi": {
    "return_1d": {
      "edges": [
        -0.06827557755775582,
        -0.03071267804132848,
        -0.019571195660745767,
        -0.012599665527842328,
        -0.006642611493774205,
        -0.0020316391326457572,
        0.0037381259930064077,
        0.013135979639637153,
        0.023593282992445147,
        0.0352186528991121,
        0.11165311653116539
      ],
      "ref_props": [
        0.1,
        0.1,
        0.1,
        0.1,
        0.1,
        0.1,
        0.1,
        0.1,
        0.1,
        0.1
      ]
    },
    "return_2d": {
      "edges": [
        -0.10933589990375359,
        -0.04248750912255097,
        -0.030313370507629896,
        -0.017534860012589276,
        -0.007916737806284145,
        -0.0014815798872753194,
        0.005117469270457866,
        0.01884600553141494,
        0.033900739237931146,
        0.051435920155739626,
        0.11555766043097315
      ],
      "ref_props": [
        0.1,
        0.1,
        0.1,
        0.1,
        0.1,
        0.1,
        0.1,
        0.1,
        0.1,
        0.1
      ]
    },
    "return_3d": {
      "edges": [
        -0.11399999999999999,
        -0.053911022345972934,
        -0.03534315298933911,
        -0.02510705457707795,
        -0.014410251236000378,
        -0.004833487511563372,
        0.009053482089425292,
        0.026976433599510293,
        0.03824415960681372,
        0.057991125180406784,
        0.15094850948509486
      ],
      "ref_props": [
        0.1,
        0.1,
        0.1,
        0.1,
        0.1,
        0.1,
        0.1,
        0.1,
        0.1,
        0.1
      ]
    },
    "return_5d": {
      "edges": [
        -0.11838306063522619,
        -0.06624025611759704,
        -0.04712432289994066,
        -0.031019113456145248,
        -0.017620999082735133,
        -0.003737967914438478,
        0.014351819190188471,
        0.03313892500246302,
        0.0542659323847956,
        0.08326626532919225,
        0.1530146528945473
      ],
      "ref_props": [
        0.1,
        0.1,
        0.1,
        0.1,
        0.1,
        0.1,
        0.1,
        0.1,
        0.1,
        0.1
      ]
    },
    "return_10d": {
      "edges": [
        -0.14784294716432378,
        -0.08705345024338686,
        -0.06518451406552477,
        -0.041941862911384714,
        -0.018685467371348387,
        -4.3499993672702075e-05,
        0.025488021389660925,
        0.04834899618864777,
        0.07896890240314468,
        0.1047280076776896,
        0.27083333333333326
      ],
      "ref_props": [
        0.1,
        0.1,
        0.1,
        0.1,
        0.1,
        0.1,
        0.1,
        0.1,
        0.1,
        0.1
      ]
    },
    "return_20d": {
      "edges": [
        -0.24202626641651037,
        -0.12106639559490182,
        -0.07606568415947353,
        -0.04278046687080845,
        -0.014231889888571889,
        0.007369649155115177,
        0.04118996312156391,
        0.0677095231083035,
        0.13052562776395948,
        0.17047479252224493,
        0.26440217391304355
      ],
      "ref_props": [
        0.1,
        0.1,
        0.1,
        0.1,
        0.1,
        0.1,
        0.1,
        0.1,
        0.1,
        0.1
      ]
    },
    "div_ma_5": {
      "edges": [
        -0.06445345497550259,
        -0.03208280269573684,
        -0.02316191941019856,
        -0.016609133642031697,
        -0.008257189948774219,
        -0.0016462646645319507,
        0.007025661834900001,
        0.016078623112839485,
        0.026619193657458327,
        0.04008936608182781,
        0.07642380473535049
      ],
      "ref_props": [
        0.1,
        0.1,
        0.1,
        0.1,
        0.1,
        0.1,
        0.1,
        0.1,
        0.1,
        0.1
      ]
    },
    "div_ma_10": {
      "edges": [
        -0.08587473676000316,
        -0.0505233604499202,
        -0.03389720660933816,
        -0.024751988020918842,
        -0.015486206789226976,
        -0.0025600958081848715,
        0.014571464920125359,
        0.028878903483486058,
        0.04231896983038562,
        0.05643610908820121,
        0.12482984261934893
      ],
      "ref_props": [
        0.1,
        0.1,
        0.1,
        0.1,
        0.1,
        0.1,
        0.1,
        0.1,
        0.1,
        0.1
      ]
    },
    "div_ma_20": {
      "edges": [
        -0.13872081914606965,
        -0.0733570833635136,
        -0.051084281975277555,
        -0.02639030391460603,
        -0.011974316960734109,
        0.005661494408095991,
        0.020133021205276422,
        0.039073960831483505,
        0.05924612622850237,
        0.0799096888006869,
        0.17263366191505738
      ],
      "ref_props": [
        0.1,
        0.1,
        0.1,
        0.1,
        0.1,
        0.1,
        0.1,
        0.1,
        0.1,
        0.1
      ]
    },
    "div_ma_60": {
      "edges": [
        -0.21300614046213878,
        -0.09484290092630986,
        -0.042537631717112515,
        -0.0008829825446964269,
        0.018990612687911693,
        0.047495695073075966,
        0.06900139187764405,
        0.09706038858630743,
        0.12898235431723962,
        0.15775348041623222,
        0.2501854162485711
      ],
      "ref_props": [
        0.1,
        0.1,
        0.1,
        0.1,
        0.1,
        0.1,
        0.1,
        0.1,
        0.1,
        0.1
      ]
    },
    "ma_5_20_cross": {
      "edges": [
        -0.09044683938337905,
        -0.05549499014587389,
        -0.03870117255730785,
        -0.024704419904440597,
        -0.006925063890388285,
        0.0053839867458940205,
        0.014097043435103809,
        0.0279901181597789,
        0.04582262452211909,
        0.062435532432569885,
        0.13275974603928087
      ],
      "ref_props": [
        0.1,
        0.1,
        0.1,
        0.1,
        0.1,
        0.1,
        0.1,
        0.1,
        0.1,
        0.1
      ]
    },
    "ma_20_60_cross": {
      "edges": [
        -0.12638586101169313,
        -0.03741741571251543,
        -0.02241933468209545,
        -0.01143897531876188,
        0.023632775366142146,
        0.03553051482656988,
        0.05421079139326471,
        0.06989739071383017,
        0.0899970304314791,
        0.10304096603013803,
        0.16961400926745696
      ],
      "ref_props": [
        0.1,
        0.1,
        0.1,
        0.1,
        0.1,
        0.1,
        0.1,
        0.1,
        0.1,
        0.1
      ]
    },
    "rsi": {
      "edges": [
        8.79629629629629,
        29.754213561685198,
        36.922625670837405,
        42.52955597467561,
        46.724952035484485,
        50.29035603748248,
        55.410976442471835,
        60.16003843879361,
        63.67080287638133,
        70.7153892504434,
        85.64742589703589
      ],