{
  "feature_cols": [
    "return_1d",
    "return_2d",
    "return_3d",
    "return_5d",
    "return_10d",
    "return_20d",
    "div_ma_5",
    "div_ma_10",
    "div_ma_20",
    "div_ma_60",
    "ma_5_20_cross",
    "ma_20_60_cross",
    "rsi",
    "rsi_change",
    "macd",
    "macd_signal",
    "macd_hist",
    "macd_hist_change",
    "bb_pct_b",
    "bb_bandwidth",
    "atr_pct",
    "volatility",
    "vol_change",
    "vol_ratio",
    "candle_body_pct",
    "upper_shadow_pct",
    "lower_shadow_pct",
    "day_of_week",
    "month",
    "is_month_end",
    "is_month_start",
    "streak",
    "gap",
    "price_position_20d",
    "macro_usdjpy_ret_20",
    "macro_usdjpy_ret_60",
    "macro_usdjpy_vol_20",
    "macro_topix_ret_20",
    "macro_topix_vol_20",
    "macro_topix_above_200dma",
    "macro_nikkei_ret_20",
    "macro_nikkei_above_200dma",
    "macro_nikkei_vi",
    "macro_jgb10y",
    "macro_bias_score"
  ],
  "avg_up_ret": 0.032019791268981856,
  "avg_dn_ret": -0.015694961664636447,
  "n_bins": 10,
  "psi_ref_rows": 250,
  "psi": {
    "return_1d": {
      "edges": [
        -0.07270428323059897,
        -0.023108190365258054,
        -0.011786056402089028,
        -0.0067102453309349705,
        -0.0016584022038567347,
        0.0018911185556076404,
        0.005646570641982242,
        0.008423171076169817,
        0.015423687673034125,
        0.026661934490821746,
        0.17123287671232879
      ],
      "ref_props": [
        0.1,
        0.1,
        0.1,
        0.1,
        0.1,
        0.1,
        0.1,
        0.1,
        0.1,
        0.1
      ]
    },
    "return_2d": {
      "edges": [
        -0.11200242167398211,
        -0.030388252635618715,
        -0.013462567180980045,
        -0.006307019821908532,
        -0.0012545311191473698,
        0.0034016152316762582,
        0.007967458205206106,
        0.013899437580115984,
        0.02286393509009034,
        0.03544751891732271,
        0.26712328767123283
      ],
      "ref_props": [
        0.1,
        0.1,
        0.1,
        0.1,
        0.1,
        0.1,
        0.1,
        0.1,
        0.1,
        0.1
      ]
    },
    "return_3d": {
      "edges": [
        -0.11946570613837615,
        -0.034786421659024715,
        -0.017684879179306102,
        -0.009222385678470018,
        0.0,
        0.004218022137005728,
        0.010788781281302265,
        0.01723924216062803,
        0.03101633987278794,
        0.04594066434911234,
        0.2756421306671264
      ],
      "ref_props": [
        0.1,
        0.1,
        0.1,
        0.096,
        0.104,
        0.1,
        0.1,
        0.1,
        0.1,
        0.1
      ]
    },
    "return_5d": {
      "edges": [
        -0.15044649614045713,
        -0.037011977129020254,
        -0.01807701398980965,
        -0.003678305121934794,
        0.0006790120243881612,
        0.008273821591257668,
        0.01739691680961224,
        0.028208909241131997,
        0.04009301053483238,
        0.055771197268485125,
        0.28005535374502677
      ],
      "ref_props": [
        0.1,
        0.1,
        0.1,
        0.1,
        0.1,
        0.1,
        0.1,
        0.1,
        0.1,
        0.1
      ]
    },
    "return_10d": {
      "edges": [
        -0.1637400570313673,
        -0.04858982669592005,
        -0.012167948338161124,
        8.324185702899978e-05,
        0.01325346938222172,
        0.024038887605565495,
        0.035088481338481345,
        0.047159720762482184,
        0.060181760519595076,
        0.0900984436640047,
        0.33802572123740005
      ],
      "ref_props": [
        0.1,
        0.1,
        0.1,
        0.1,
        0.1,
        0.1,
        0.1,
        0.1,
        0.1,
        0.1
      ]
    },
    "return_20d": {
      "edges": [
        -0.1795755968169761,
        -0.04525729317503437,
        7.184357435996905e-05,
        0.02346900683522626,
        0.03815751642443322,
        0.057789645745850216,
        0.07432343761266594,
        0.0880901431577862,
        0.11624336686034745,
        0.15770997143481705,
        0.2643875622745233
      ],
      "ref_props": [
        0.1,
        0.1,
        0.1,
        0.1,
        0.1,
        0.1,
        0.1,
        0.1,
        0.1,
        0.1
      ]
    },
    "div_ma_5": {
      "edges": [
        -0.08046517459720388,
        -0.02303272220862621,
        -0.00915254709354203,
        -0.004501594955847324,
        -0.00024297384966099397,
        0.0030584628028431336,
        0.006304567864920068,
        0.011157369600944668,
        0.018788381288061783,
        0.029478422053556677,
        0.17185025654019126
      ],
      "ref_props": [
        0.1,
        0.1,
        0.1,
        0.1,
        0.1,
        0.1,
        0.1,
        0.1,
        0.1,
        0.1
      ]
    },
    "div_ma_10": {
      "edges": [
        -0.0960333693008874,
        -0.02839232995468477,
        -0.012162402371144338,
        -0.002771768124358719,
        0.003935299601499491,
        0.008431059321782015,
        0.015084651447163292,
        0.022563568978808728,
        0.029404054580567367,
        0.042632416593386194,
        0.21470781352593565
      ],
      "ref_props": [
        0.1,
        0.1,
        0.1,
        0.1,
        0.1,
        0.1,
        0.1,
        0.1,
        0.1,
        0.1
      ]
    },
    "div_ma_20": {
      "edges": [
        -0.11709883679777267,
        -0.0333662670383911,
        -0.0056882100993389815,
        0.00684672000123998,
        0.018417821852507368,
        0.026194483086608256,
        0.033034774935232866,
        0.040325977430579106,
        0.05334158739003769,
        0.06922303502536976,
        0.21539611237486755
      ],
      "ref_props": [
        0.1,
        0.1,
        0.1,
        0.1,
        0.1,
        0.1,
        0.1,
        0.1,
        0.1,
        0.1
      ]
    },
    "div_ma_60": {
      "edges": [
        -0.09139967953241618,
        -0.016517954292419916,
        0.023711828489737248,
        0.04295583547644415,
        0.06264183473105452,
        0.07733358601439674,
        0.09059574953951346,
        0.11113539252633096,
        0.1385550178160841,
        0.17127182530271415,
        0.2469968308129207
      ],
      "ref_props": [
        0.1,
        0.1,
        0.1,
        0.1,
        0.1,
        0.1,
        0.1,
        0.1,
        0.1,
        0.1
      ]
    },
    "ma_5_20_cross": {
      "edges": [
        -0.0870322019147084,
        -0.025943094418998603,
        -0.003796691586425658,
        0.007340518967578683,
        0.0158636313260633,
        0.020640111664577243,
        0.025605600188588498,
        0.03233434302017873,
        0.0377876434239691,
        0.05523334557733398,
        0.16452142090983668
      ],
      "ref_props": [
        0.1,
        0.1,
        0.1,
        0.1,
        0.1,
        0.1,
        0.1,
        0.1,
        0.1,
        0.1
      ]
    },
    "ma_20_60_cross": {
      "edges": [
        -0.04823584766302469,
        -0.012682576330535733,
        0.01873642764964254,
        0.037069207270779544,
        0.04805575881821209,
        0.05265691478847723,
        0.059615738405753654,
        0.06848647533534578,
        0.09008813576654856,
        0.11685416171206162,
        0.1410967344423908
      ],
      "ref_props": [
        0.1,
        0.1,
        0.1,
        0.1,
        0.1,
        0.1,
        0.1,
        0.1,
        0.1,
        0.1
      ]
    },
    "rsi": {
      "edges": [
        11.36044880785414,
        35.66418971799814,
        45.08787000771684,
        52.86504578590867,
        57.42809028052571,
        60.244572406864584,
        64.21187695692647,
        68.89989837398373,
        72.65889830508475,
        76.39171859296484,
        88.87900355871886
      ],
      "ref_props": [
        0.1,
        0.1,
        0.1,
        0.1,
        0.1,
        0.1,
        0.1,
        0.1,
        0.1,
        0.1
      ]
    },