{
  "feature_cols": [
    "return_1d",
    "return_2d",
    "return_3d",
    "return_5d",
    "return_10d",
    "return_20d",
    "div_ma_5",
    "div_ma_10",
    "div_ma_20",
    "div_ma_60",
    "ma_5_20_cross",
    "ma_20_60_cross",
    "rsi",
    "rsi_change",
    "macd",
    "macd_signal",
    "macd_hist",
    "macd_hist_change",
    "bb_pct_b",
    "bb_bandwidth",
    "atr_pct",
    "volatility",
    "vol_change",
    "vol_ratio",
    "candle_body_pct",
    "upper_shadow_pct",
    "lower_shadow_pct",
    "day_of_week",
    "month",
    "is_month_end",
    "is_month_start",
    "streak",
    "gap",
    "price_position_20d",
    "macro_usdjpy_ret_20",
    "macro_usdjpy_ret_60",
    "macro_usdjpy_vol_20",
    "macro_topix_ret_20",
    "macro_topix_vol_20",
    "macro_topix_above_200dma",
    "macro_nikkei_ret_20",
    "macro_nikkei_above_200dma",
    "macro_nikkei_vi",
    "macro_jgb10y",
    "macro_bias_score"
  ],
  "avg_up_ret": 0.031188770148752088,
  "avg_dn_ret": -0.02288013237784425,
  "n_bins": 10,
  "psi_ref_rows": 250,
  "psi": {
    "return_1d": {
      "edges": [
        -0.10982142857142863,
        -0.029214924418392938,
        -0.02007000472226883,
        -0.013957875349643,
        -0.007925256508947483,
        -0.002326965850712015,
        0.001957758072361277,
        0.008552650093808681,
        0.016381218023265823,
        0.026418375905199572,
        0.08903508771929824
      ],
      "ref_props": [
        0.1,
        0.1,
        0.1,
        0.1,
        0.1,
        0.1,
        0.1,
        0.1,
        0.1,
        0.1
      ]
    },
    "return_2d": {
      "edges": [
        -0.12876984126984126,
        -0.04569134906066229,
        -0.03014783453636864,
        -0.02085093428629494,
        -0.011702619414483806,
        -0.004873515564612463,
        0.002424904506074869,
        0.012231964814447174,
        0.022014257578145548,
        0.03910722350548389,
        0.15407854984894254
      ],
      "ref_props": [
        0.1,
        0.1,
        0.1,
        0.1,
        0.1,
        0.1,
        0.1,
        0.1,
        0.1,
        0.1
      ]
    },
    "return_3d": {
      "edges": [
        -0.16259920634920633,
        -0.05557512437334674,
        -0.03610917098715127,
        -0.02655105854076119,
        -0.01605304430627905,
        -0.010079525737420492,
        0.0005299018512589305,
        0.012672830161259354,
        0.024775035522749508,
        0.04926074942367901,
        0.1794097141529165
      ],
      "ref_props": [
        0.1,
        0.1,
        0.1,
        0.1,
        0.1,
        0.1,
        0.1,
        0.1,
        0.1,
        0.1
      ]
    },
    "return_5d": {
      "edges": [
        -0.1605171556439582,
        -0.06747433496035979,
        -0.04961682660434463,
        -0.03505952438423884,
        -0.025678446136733105,
        -0.012208535097771034,
        -0.001345624905546339,
        0.012686886801926252,
        0.03520051441446525,
        0.056069162763020694,
        0.18339745831875942
      ],
      "ref_props": [
        0.1,
        0.1,
        0.1,
        0.1,
        0.1,
        0.1,
        0.1,
        0.1,
        0.1,
        0.1
      ]
    },
    "return_10d": {
      "edges": [
        -0.18836538461538466,
        -0.1165709360555616,
        -0.06798491129399735,
        -0.05000288840382829,
        -0.03414800452915946,
        -0.019357237573020825,
        -0.0007341135588675484,
        0.01591539678622336,
        0.04175107258441293,
        0.07354279249186252,
        0.16654921306084103
      ],
      "ref_props": [
        0.1,
        0.1,
        0.1,
        0.1,
        0.1,
        0.1,
        0.1,
        0.1,
        0.1,
        0.1
      ]
    },
    "return_20d": {
      "edges": [
        -0.22969924812030074,
        -0.16656316646593494,
        -0.1411678889555453,
        -0.09985923610803776,
        -0.058575232299353665,
        -0.023980348965277398,
        -0.0011135695930170975,
        0.01972993174965628,
        0.05597289228049461,
        0.09919062785029682,
        0.20958083832335328
      ],
      "ref_props": [
        0.1,
        0.1,
        0.1,
        0.1,
        0.1,
        0.1,
        0.1,
        0.1,
        0.1,
        0.1
      ]
    },
    "div_ma_5": {
      "edges": [
        -0.08597726042230644,
        -0.03431251303142673,
        -0.024076138547174244,
        -0.01706096975526462,
        -0.010583641742552788,
        -0.00576814589345681,
        0.0006927373051872686,
        0.00675240071377479,
        0.015691017202750596,
        0.03032431223494736,
        0.10564399421128799
      ],
      "ref_props": [
        0.1,
        0.1,
        0.1,
        0.1,
        0.1,
        0.1,
        0.1,
        0.1,
        0.1,
        0.1
      ]
    },
    "div_ma_10": {
      "edges": [
        -0.13083323036368882,
        -0.05371868112344177,
        -0.038136959605341525,
        -0.028572784088127978,
        -0.01917408685099433,
        -0.009333358038127456,
        -0.001681937947749999,
        0.00672494532990682,
        0.022056849538379494,
        0.04519794085938703,
        0.12662611552635075
      ],
      "ref_props": [
        0.1,
        0.1,
        0.1,
        0.1,
        0.1,
        0.1,
        0.1,
        0.1,
        0.1,
        0.1
      ]
    },
    "div_ma_20": {
      "edges": [
        -0.15581980288127367,
        -0.09173677676604725,
        -0.06084118224684703,
        -0.045052160448616194,
        -0.027935753032763615,
        -0.020943472137043055,
        -0.008318830949525222,
        0.007185438887508254,
        0.02618179829704017,
        0.058951046460533806,
        0.156214224282777
      ],
      "ref_props": [
        0.1,
        0.1,
        0.1,
        0.1,
        0.1,
        0.1,
        0.1,
        0.1,
        0.1,
        0.1
      ]
    },
    "div_ma_60": {
      "edges": [
        -0.2568571893923942,
        -0.16773269653107098,
        -0.14265656058559903,
        -0.11858051628333227,
        -0.07086204668486648,
        -0.04122006121235941,
        -0.015312695625965806,
        0.01660335793076254,
        0.0474912942463829,
        0.09278295564512726,
        0.1962904653006815
      ],
      "ref_props": [
        0.1,
        0.1,
        0.1,
        0.1,
        0.1,
        0.1,
        0.1,
        0.1,
        0.1,
        0.1
      ]
    },
    "ma_5_20_cross": {
      "edges": [
        -0.11296579525772565,
        -0.07641525035529123,
        -0.04979615828708934,
        -0.03401152247764874,
        -0.027182806698433936,
        -0.016479832384523496,
        -0.004606438562339119,
        0.006904934197343155,
        0.020687882938854343,
        0.049080651818451136,
        0.11434815891365346
      ],
      "ref_props": [
        0.1,
        0.1,
        0.1,
        0.1,
        0.1,
        0.1,
        0.1,
        0.1,
        0.1,
        0.1
      ]
    },
    "ma_20_60_cross": {
      "edges": [
        -0.1392687205514056,
        -0.12657705573853556,
        -0.11664128524639598,
        -0.0738943295614937,
        -0.03924377943344983,
        -0.023889819951595725,
        -0.002018559472052956,
        0.017025181433848215,
        0.044873784717881296,
        0.06510438899088457,
        0.08173386209045863
      ],
      "ref_props": [
        0.1,
        0.1,
        0.1,
        0.1,
        0.1,
        0.1,
        0.1,
        0.1,
        0.1,
        0.1
      ]
    },
    "rsi": {
      "edges": [
        14.784946236559136,
        24.828715347641403,
        28.63625394271682,
        33.5433392804044,
        39.640364856834694,
        44.82712914387766,
        49.87112923639432,
        54.048251005577725,
        59.105995874243334,
        66.84564025909317,
        81.86619718309859
      ],