{
  "feature_cols": [
    "return_1d",
    "return_2d",
    "return_3d",
    "return_5d",
    "return_10d",
    "return_20d",
    "div_ma_5",
    "div_ma_10",
    "div_ma_20",
    "div_ma_60",
    "ma_5_20_cross",
    "ma_20_60_cross",
    "rsi",
    "rsi_change",
    "macd",
    "macd_signal",
    "macd_hist",
    "macd_hist_change",
    "bb_pct_b",
    "bb_bandwidth",
    "atr_pct",
    "volatility",
    "vol_change",
    "vol_ratio",
    "candle_body_pct",
    "upper_shadow_pct",
    "lower_shadow_pct",
    "day_of_week",
    "month",
    "is_month_end",
    "is_month_start",
    "streak",
    "gap",
    "price_position_20d",
    "macro_usdjpy_ret_20",
    "macro_usdjpy_ret_60",
    "macro_usdjpy_vol_20",
    "macro_topix_ret_20",
    "macro_topix_vol_20",
    "macro_topix_above_200dma",
    "macro_nikkei_ret_20",
    "macro_nikkei_above_200dma",
    "macro_nikkei_vi",
    "macro_jgb10y",
    "macro_bias_score"
  ],
  "avg_up_ret": 0.03602718630464098,
  "avg_dn_ret": -0.021022729520143026,
  "n_bins": 10,
  "psi_ref_rows": 250,
  "psi": {
    "return_1d": {
      "edges": [
        -0.06628628964591377,
        -0.02047393381168742,
        -0.013549416775346755,
        -0.006670845949267156,
        -0.0011925284055779063,
        0.0020354628298578925,
        0.005864947989782415,
        0.010448691739592978,
        0.01603093511202305,
        0.025156589097482078,
        0.07316680096696215
      ],
      "ref_props": [
        0.1,
        0.1,
        0.1,
        0.1,
        0.1,
        0.1,
        0.1,
        0.1,
        0.1,
        0.1
      ]
    },
    "return_2d": {
      "edges": [
        -0.11788556840366426,
        -0.027767307752461074,
        -0.016857531264298297,
        -0.009427718885779578,
        -0.003854067458534759,
        0.0019779286926994155,
        0.009312647980742217,
        0.014979096543249455,
        0.02573516077644547,
        0.03982400969828721,
        0.11466354201540008
      ],
      "ref_props": [
        0.1,
        0.1,
        0.1,
        0.1,
        0.1,
        0.1,
        0.1,
        0.1,
        0.1,
        0.1
      ]
    },
    "return_3d": {
      "edges": [
        -0.0768884216849377,
        -0.037579870381751514,
        -0.020062666929017304,
        -0.010530370273041144,
        -0.0032365151841138285,
        0.005811169582881748,
        0.011832169428414542,
        0.019965108218737718,
        0.03169801359672244,
        0.048401811218212756,
        0.1425875085792725
      ],
      "ref_props": [
        0.1,
        0.1,
        0.1,
        0.1,
        0.1,
        0.1,
        0.1,
        0.1,
        0.1,
        0.1
      ]
    },
    "return_5d": {
      "edges": [
        -0.08614477563052736,
        -0.03818828152846142,
        -0.02439653775083479,
        -0.012247447074485357,
        0.0011369923906067844,
        0.009837312204850956,
        0.018788905333751216,
        0.033247775848770235,
        0.04419994818574868,
        0.06428599838536489,
        0.11578418230563003
      ],
      "ref_props": [
        0.1,
        0.1,
        0.1,
        0.1,
        0.1,
        0.1,
        0.1,
        0.1,
        0.1,
        0.1
      ]
    },
    "return_10d": {
      "edges": [
        -0.14448410674825773,
        -0.04142454559093038,
        -0.010675752888219935,
        -0.0013225179331738553,
        0.011190305305368886,
        0.024615643909497442,
        0.03988231281553473,
        0.0562530186824732,
        0.06915012028676681,
        0.0857925633393509,
        0.19680086268871322
      ],
      "ref_props": [
        0.1,
        0.1,
        0.1,
        0.1,
        0.1,
        0.1,
        0.1,
        0.1,
        0.1,
        0.1
      ]
    },
    "return_20d": {
      "edges": [
        -0.2092302674494455,
        -0.06002833533491531,
        -0.006818817048567165,
        0.01792899490827925,
        0.04063737610210236,
        0.06820927710719504,
        0.08308787616957336,
        0.1022530293955207,
        0.11695562816777838,
        0.13652312599681027,
        0.2263351749539595
      ],
      "ref_props": [
        0.1,
        0.1,
        0.1,
        0.1,
        0.1,
        0.1,
        0.1,
        0.1,
        0.1,
        0.1
      ]
    },
    "div_ma_5": {
      "edges": [
        -0.05205052336864876,
        -0.0221336613979108,
        -0.012817179500893606,
        -0.005750638755329166,
        -0.0008510772711030493,
        0.003529164794831352,
        0.008530770148519072,
        0.012159456029111957,
        0.01857613290865848,
        0.032106413423502164,
        0.09314465821787372
      ],
      "ref_props": [
        0.1,
        0.1,
        0.1,
        0.1,
        0.1,
        0.1,
        0.1,
        0.1,
        0.1,
        0.1
      ]
    },
    "div_ma_10": {
      "edges": [
        -0.08116693442383532,
        -0.02822750732748171,
        -0.01232447276803451,
        -0.0023409898173684003,
        0.004381365039572781,
        0.01084279806609616,
        0.015926859421742486,
        0.02217175754406168,
        0.030542609868435544,
        0.047808927256092815,
        0.11215031315240083
      ],
      "ref_props": [
        0.1,
        0.1,
        0.1,
        0.1,
        0.1,
        0.1,
        0.1,
        0.1,
        0.1,
        0.1
      ]
    },
    "div_ma_20": {
      "edges": [
        -0.1119071146245059,
        -0.04317778087565388,
        -0.005453787492225429,
        0.004692978396114615,
        0.016587576299218,
        0.025667718518694073,
        0.03861639969258192,
        0.046409742064778214,
        0.05532686025444553,
        0.06964383209903546,
        0.14005427199342577
      ],
      "ref_props": [
        0.1,
        0.1,
        0.1,
        0.1,
        0.1,
        0.1,
        0.1,
        0.1,
        0.1,
        0.1
      ]
    },
    "div_ma_60": {
      "edges": [
        -0.1673034817327094,
        -0.014030751424542206,
        0.029406854357086145,
        0.04715380919743246,
        0.06921073734660589,
        0.09174056103050626,
        0.11191789946633557,
        0.1333532742134827,
        0.14880312311653918,
        0.17268247846205143,
        0.26248534620865743
      ],
      "ref_props": [
        0.1,
        0.1,
        0.1,
        0.1,
        0.1,
        0.1,
        0.1,
        0.1,
        0.1,
        0.1
      ]
    },
    "ma_5_20_cross": {
      "edges": [
        -0.08846952595936786,
        -0.03286456555740863,
        -0.004681658882613781,
        0.007898468223511595,
        0.015981097732262396,
        0.021983257275682733,
        0.030193346954405485,
        0.03544546603765926,
        0.0427517301795727,
        0.05164164604040624,
        0.07273930685186447
      ],
      "ref_props": [
        0.1,
        0.1,
        0.1,
        0.1,
        0.1,
        0.1,
        0.1,
        0.1,
        0.1,
        0.1
      ]
    },
    "ma_20_60_cross": {
      "edges": [
        -0.09081831732457024,
        0.0034490019689113636,
        0.025364728187230904,
        0.03919453215928783,
        0.04816909079016148,
        0.0603269809992254,
        0.0806670595719199,
        0.09599582690169159,
        0.1027376938300245,
        0.10816912771076762,
        0.1136696727333637
      ],
      "ref_props": [
        0.1,
        0.1,
        0.1,
        0.1,
        0.1,
        0.1,
        0.1,
        0.1,
        0.1,
        0.1
      ]
    },
    "rsi": {
      "edges": [
        2.8998242530755647,
        37.287065987853396,
        47.65383567749604,
        52.41812726438057,
        56.06336633663366,
        60.17136171361713,
        63.10191054955625,
        66.64926923174346,
        70.66235559202386,
        76.48111419423022,
        85.52412645590682
      ],
      "ref_props": [
        0.1,
        0.1,
        0.1,
        0.1,
        0.1,
        0.1,
        0.1,
        0.1,
        0.1,
        0.1
      ]
    },