{
  "feature_cols": [
    "return_1d",
    "return_2d",
    "return_3d",
    "return_5d",
    "return_10d",
    "return_20d",
    "div_ma_5",
    "div_ma_10",
    "div_ma_20",
    "div_ma_60",
    "ma_5_20_cross",
    "ma_20_60_cross",
    "rsi",
    "rsi_change",
    "macd",
    "macd_signal",
    "macd_hist",
    "macd_hist_change",
    "bb_pct_b",
    "bb_bandwidth",
    "atr_pct",
    "volatility",
    "vol_change",
    "vol_ratio",
    "candle_body_pct",
    "upper_shadow_pct",
    "lower_shadow_pct",
    "day_of_week",
    "month",
    "is_month_end",
    "is_month_start",
    "streak",
    "gap",
    "price_position_20d",
    "macro_usdjpy_ret_20",
    "macro_usdjpy_ret_60",
    "macro_usdjpy_vol_20",
    "macro_topix_ret_20",
    "macro_topix_vol_20",
    "macro_topix_above_200dma",
    "macro_nikkei_ret_20",
    "macro_nikkei_above_200dma",
    "macro_nikkei_vi",
    "macro_jgb10y",
    "macro_bias_score"
  ],
  "avg_up_ret": 0.030290570616890826,
  "avg_dn_ret": -0.016709623621031414,
  "n_bins": 10,
  "psi_ref_rows": 250,
  "psi": {
    "return_1d": {
      "edges": [
        -0.05065666041275796,
        -0.01849001651024702,
        -0.011445913676898732,
        -0.007217483121949597,
        -0.003174613298442572,
        0.0011799316238434443,
        0.0046955238207020905,
        0.007250745722681762,
        0.013394992527845423,
        0.02251772684390949,
        0.05331939362258242
      ],
      "ref_props": [
        0.1,
        0.1,
        0.1,
        0.1,
        0.1,
        0.1,
        0.1,
        0.1,
        0.1,
        0.1
      ]
    },
    "return_2d": {
      "edges": [
        -0.08090994371482174,
        -0.02632436511291801,
        -0.016156766237786033,
        -0.00899607385990909,
        -0.003550528078662492,
        0.0014849741774395353,
        0.006483084710947429,
        0.010954752403485516,
        0.0181488363102972,
        0.03062600061048918,
        0.08004836759371226
      ],
      "ref_props": [
        0.1,
        0.1,
        0.1,
        0.1,
        0.1,
        0.1,
        0.1,
        0.1,
        0.1,
        0.1
      ]
    },
    "return_3d": {
      "edges": [
        -0.08964757709251103,
        -0.03032581092220471,
        -0.017930721140280735,
        -0.010184536717443236,
        -0.00436287644138895,
        0.003160087005881884,
        0.009133028494053405,
        0.016147673789848917,
        0.024501170990688832,
        0.03543544783934091,
        0.08030962747943882
      ],
      "ref_props": [
        0.1,
        0.1,
        0.1,
        0.1,
        0.1,
        0.1,
        0.1,
        0.1,
        0.1,
        0.1
      ]
    },
    "return_5d": {
      "edges": [
        -0.09011432414256892,
        -0.03387492007035222,
        -0.021035998975016623,
        -0.010959109488830946,
        -0.004404173848225865,
        0.001462307914262606,
        0.012069047985103921,
        0.02094008316319037,
        0.03017063735232487,
        0.046647397465481875,
        0.09441849028768123
      ],
      "ref_props": [
        0.1,
        0.1,
        0.1,
        0.1,
        0.1,
        0.1,
        0.1,
        0.1,
        0.1,
        0.1
      ]
    },
    "return_10d": {
      "edges": [
        -0.08899349921542254,
        -0.046664472581778804,
        -0.030176217851584263,
        -0.011342067815820558,
        -0.0004741962063178017,
        0.005652725865749608,
        0.01752456874217461,
        0.03163259975752424,
        0.045504077543080494,
        0.06481560364086537,
        0.13580874872838256
      ],
      "ref_props": [
        0.1,
        0.1,
        0.1,
        0.1,
        0.1,
        0.1,
        0.1,
        0.1,
        0.1,
        0.1
      ]
    },
    "return_20d": {
      "edges": [
        -0.13564181737979708,
        -0.04020192355870293,
        -0.02135690566334942,
        -0.0049531223955922195,
        0.005068795659572967,
        0.019620952749768716,
        0.033463750257346325,
        0.04517212411853973,
        0.06497210113781914,
        0.09289563041776129,
        0.15462868769074256
      ],
      "ref_props": [
        0.1,
        0.1,
        0.1,
        0.1,
        0.1,
        0.1,
        0.1,
        0.1,
        0.1,
        0.1
      ]
    },
    "div_ma_5": {
      "edges": [
        -0.0558753654970761,
        -0.018914003925793902,
        -0.012077299791470214,
        -0.006689540897244542,
        -0.0024315513729062225,
        0.0012334593136273746,
        0.005679689462508628,
        0.009613173697380717,
        0.014385190892317691,
        0.023102705476028513,
        0.05919741959965857
      ],
      "ref_props": [
        0.1,
        0.1,
        0.1,
        0.1,
        0.1,
        0.1,
        0.1,
        0.1,
        0.1,
        0.1
      ]
    },
    "div_ma_10": {
      "edges": [
        -0.060873912154331994,
        -0.02619679253138743,
        -0.018882523818303115,
        -0.008871082051854233,
        -0.0019308194906228688,
        0.004612584132339729,
        0.010207599624777774,
        0.016034867308382977,
        0.023047625066740893,
        0.032417339940419204,
        0.08762359359018075
      ],
      "ref_props": [
        0.1,
        0.1,
        0.1,
        0.1,
        0.1,
        0.1,
        0.1,
        0.1,
        0.1,
        0.1
      ]
    },
    "div_ma_20": {
      "edges": [
        -0.07263455554372386,
        -0.03414293768060327,
        -0.02042371106968563,
        -0.010008488303495763,
        -0.0014767177320326756,
        0.0070840009848542876,
        0.01478223865805784,
        0.025774640790880203,
        0.03798447438727906,
        0.0512763830669722,
        0.09350029232909077
      ],
      "ref_props": [
        0.1,
        0.1,
        0.1,
        0.1,
        0.1,
        0.1,
        0.1,
        0.1,
        0.1,
        0.1
      ]
    },
    "div_ma_60": {
      "edges": [
        -0.07796016781192272,
        -0.04593160676909263,
        -0.006320791947259506,
        0.018009442630380984,
        0.03322175059217223,
        0.040217775086289514,
        0.050347127976203686,
        0.06404924958375632,
        0.08139868689982566,
        0.09927728669677485,
        0.1442444570815759
      ],
      "ref_props": [
        0.1,
        0.1,
        0.1,
        0.1,
        0.1,
        0.1,
        0.1,
        0.1,
        0.1,
        0.1
      ]
    },
    "ma_5_20_cross": {
      "edges": [
        -0.04423549387083092,
        -0.02775677592217877,
        -0.013775916796456577,
        -0.006713139101199149,
        -0.0008788936837308822,
        0.006100337801650757,
        0.012505247010155792,
        0.0214553042457881,
        0.02876489290869442,
        0.03755228322079158,
        0.06367050114414163
      ],
      "ref_props": [
        0.1,
        0.1,
        0.1,
        0.1,
        0.1,
        0.1,
        0.1,
        0.1,
        0.1,
        0.1
      ]
    },
    "ma_20_60_cross": {
      "edges": [
        -0.03929482419037156,
        -0.024356030853245413,
        -0.003852350361007522,
        0.017701262558806597,
        0.028199036892122643,
        0.039386865778544666,
        0.04348614679904821,
        0.04813891746085088,
        0.051157622849232975,
        0.05706836285771326,
        0.0634548176749481
      ],
      "ref_props": [
        0.1,
        0.1,
        0.1,
        0.1,
        0.1,
        0.1,
        0.1,
        0.1,
        0.1,
        0.1
      ]
    },
    "rsi": {
      "edges": [
        13.416815742397134,
        35.80702329813572,
        40.35686485839171,
        46.20949798359061,
        49.33289076960062,
        54.54976339867994,
        57.24799090403857,
        61.94743514898476,
        65.2125440163891,
        69.1174971545131,
        80.33473578027338
      ],