{
  "feature_cols": [
    "return_1d",
    "return_2d",
    "return_3d",
    "return_5d",
    "return_10d",
    "return_20d",
    "div_ma_5",
    "div_ma_10",
    "div_ma_20",
    "div_ma_60",
    "ma_5_20_cross",
    "ma_20_60_cross",
    "rsi",
    "rsi_change",
    "macd",
    "macd_signal",
    "macd_hist",
    "macd_hist_change",
    "bb_pct_b",
    "bb_bandwidth",
    "atr_pct",
    "volatility",
    "vol_change",
    "vol_ratio",
    "candle_body_pct",
    "upper_shadow_pct",
    "lower_shadow_pct",
    "day_of_week",
    "month",
    "is_month_end",
    "is_month_start",
    "streak",
    "gap",
    "price_position_20d",
    "macro_usdjpy_ret_20",
    "macro_usdjpy_ret_60",
    "macro_usdjpy_vol_20",
    "macro_topix_ret_20",
    "macro_topix_vol_20",
    "macro_topix_above_200dma",
    "macro_nikkei_ret_20",
    "macro_nikkei_above_200dma",
    "macro_nikkei_vi",
    "macro_jgb10y",
    "macro_bias_score"
  ],
  "avg_up_ret": 0.03660200524113136,
  "avg_dn_ret": -0.022893292723373287,
  "n_bins": 10,
  "psi_ref_rows": 250,
  "psi": {
    "return_1d": {
      "edges": [
        -0.062834008097166,
        -0.023827511086394304,
        -0.014869278225610549,
        -0.009741083024048452,
        -0.004708020168223935,
        -0.0015897560319464987,
        0.003380085791071566,
        0.00785523038969245,
        0.015915245012113624,
        0.02926129783589186,
        0.15827793605571383
      ],
      "ref_props": [
        0.1,
        0.1,
        0.1,
        0.1,
        0.1,
        0.1,
        0.1,
        0.1,
        0.1,
        0.1
      ]
    },
    "return_2d": {
      "edges": [
        -0.07542304593070104,
        -0.03164252058006658,
        -0.022046281638615085,
        -0.014385058954674642,
        -0.009251822994705814,
        -0.0021231608437410343,
        0.004857635334781971,
        0.012852013731334445,
        0.025883250952907895,
        0.04107404925952628,
        0.16809116809116809
      ],
      "ref_props": [
        0.1,
        0.1,
        0.1,
        0.1,
        0.1,
        0.1,
        0.1,
        0.1,
        0.1,
        0.1
      ]
    },
    "return_3d": {
      "edges": [
        -0.0891216760676874,
        -0.04135558802132905,
        -0.02676362882872174,
        -0.018431656526490047,
        -0.00815366185435888,
        -0.0009160261035779382,
        0.006107049164696536,
        0.017177605866833572,
        0.03334692871841488,
        0.05334193960737973,
        0.18050490883590453
      ],
      "ref_props": [
        0.1,
        0.1,
        0.1,
        0.1,
        0.1,
        0.1,
        0.1,
        0.1,
        0.1,
        0.1
      ]
    },
    "return_5d": {
      "edges": [
        -0.10217566478646256,
        -0.048892147279244076,
        -0.029867315028919927,
        -0.017668432498583013,
        -0.008654700455247117,
        0.00044957605588213934,
        0.009495179787166711,
        0.019990476718979074,
        0.037932713830249216,
        0.06403410427170406,
        0.25593542260208935
      ],
      "ref_props": [
        0.1,
        0.1,
        0.1,
        0.1,
        0.1,
        0.1,
        0.1,
        0.1,
        0.1,
        0.1
      ]
    },
    "return_10d": {
      "edges": [
        -0.10976594027441489,
        -0.06399076831584011,
        -0.04614390716706718,
        -0.027195465583633827,
        -0.013844085661329518,
        0.0004567096232542811,
        0.015128436170065266,
        0.0335164662204076,
        0.055804490259745654,
        0.08563434766605389,
        0.314540059347181
      ],
      "ref_props": [
        0.1,
        0.1,
        0.1,
        0.1,
        0.1,
        0.1,
        0.1,
        0.1,
        0.1,
        0.1
      ]
    },
    "return_20d": {
      "edges": [
        -0.16182258552830764,
        -0.08168709777988574,
        -0.055409486706484844,
        -0.0283435864249613,
        -0.010490750057815024,
        0.006141834468708307,
        0.025096235760864095,
        0.05438069684507021,
        0.08455640404406638,
        0.12525036801481945,
        0.44299674267100975
      ],
      "ref_props": [
        0.1,
        0.1,
        0.1,
        0.1,
        0.1,
        0.1,
        0.1,
        0.1,
        0.1,
        0.1
      ]
    },
    "div_ma_5": {
      "edges": [
        -0.05098259776351485,
        -0.02553720707228405,
        -0.01686404626699723,
        -0.009794363228266698,
        -0.005133061936526851,
        0.00018007726211954244,
        0.00504924116924831,
        0.009733463016251147,
        0.016642409947471713,
        0.033556910484926275,
        0.11964504283965728
      ],
      "ref_props": [
        0.1,
        0.1,
        0.1,
        0.1,
        0.1,
        0.1,
        0.1,
        0.1,
        0.1,
        0.1
      ]
    },
    "div_ma_10": {
      "edges": [
        -0.08350886083968136,
        -0.03442665976834824,
        -0.02115617946808117,
        -0.01497301155637878,
        -0.0076009449823491535,
        -0.0006256258507473245,
        0.0063962787845184815,
        0.01350932555625671,
        0.027681357105147558,
        0.04679445788864605,
        0.1823621958757094
      ],
      "ref_props": [
        0.1,
        0.1,
        0.1,
        0.1,
        0.1,
        0.1,
        0.1,
        0.1,
        0.1,
        0.1
      ]
    },
    "div_ma_20": {
      "edges": [
        -0.08699355152694975,
        -0.049269848964057575,
        -0.03587649916560389,
        -0.018162241159795145,
        -0.008739331233523167,
        0.0021207550884320193,
        0.013822753409094233,
        0.026645122220547917,
        0.04283549330359971,
        0.06783473216087431,
        0.26219343035592446
      ],
      "ref_props": [
        0.1,
        0.1,
        0.1,
        0.1,
        0.1,
        0.1,
        0.1,
        0.1,
        0.1,
        0.1
      ]
    },
    "div_ma_60": {
      "edges": [
        -0.07889944901963092,
        -0.055580559409065505,
        -0.0370756515012812,
        -0.02200588495794837,
        -0.012069343073318365,
        -0.0007735149922374701,
        0.010723031096361368,
        0.039532415666566866,
        0.06382519965121579,
        0.1495972684860422,
        0.3636621384075757
      ],
      "ref_props": [
        0.1,
        0.1,
        0.1,
        0.1,
        0.1,
        0.1,
        0.1,
        0.1,
        0.1,
        0.1
      ]
    },
    "ma_5_20_cross": {
      "edges": [
        -0.0578643181505436,
        -0.0425439751379198,
        -0.026243463264800336,
        -0.014149044772216644,
        -0.00662925605140523,
        -0.001598475290405743,
        0.007863726762548193,
        0.019398695383393585,
        0.03142759454979382,
        0.05362797991965747,
        0.16687735204800713
      ],
      "ref_props": [
        0.1,
        0.1,
        0.1,
        0.1,
        0.1,
        0.1,
        0.1,
        0.1,
        0.1,
        0.1
      ]
    },
    "ma_20_60_cross": {
      "edges": [
        -0.05091479175563596,
        -0.0404256742826454,
        -0.023446631059852268,
        -0.010578364606678891,
        -0.002649360225340302,
        0.0027541956649115296,
        0.014341548685084388,
        0.025809039406013538,
        0.03714532291444841,
        0.04883303495726845,
        0.16911935297977077
      ],
      "ref_props": [
        0.1,
        0.1,
        0.1,
        0.1,
        0.1,
        0.1,
        0.1,
        0.1,
        0.1,
        0.1
      ]
    },
    "rsi": {
      "edges": [
        12.173913043478251,
        30.067059011930496,
        35.75149430546139,
        41.77605401539264,
        46.08151656694051,
        50.19458131940934,
        55.15728636399335,
        59.94061312113871,
        64.38162633474444,
        70.74056702105483,
        87.5441250630358
      ],