tree
version=v4
num_class=1
num_tree_per_iteration=1
label_index=0
max_feature_idx=44
objective=binary sigmoid:1
feature_names=return_1d return_2d return_3d return_5d return_10d return_20d div_ma_5 div_ma_10 div_ma_20 div_ma_60 ma_5_20_cross ma_20_60_cross rsi rsi_change macd macd_signal macd_hist macd_hist_change bb_pct_b bb_bandwidth atr_pct volatility vol_change vol_ratio candle_body_pct upper_shadow_pct lower_shadow_pct day_of_week month is_month_end is_month_start streak gap price_position_20d macro_usdjpy_ret_20 macro_usdjpy_ret_60 macro_usdjpy_vol_20 macro_topix_ret_20 macro_topix_vol_20 macro_topix_above_200dma macro_nikkei_ret_20 macro_nikkei_above_200dma macro_nikkei_vi macro_jgb10y macro_bias_score
feature_infos=[-0.095934556271690674:0.11994069681245367] [-0.11265206812652073:0.12557319223985886] [-0.12436974789915967:0.16054693501305883] [-0.11394557823129248:0.17480559875583213] [-0.13005534269902086:0.22272580123017161] [-0.15473960117344221:0.28818206745270092] [-0.090523690773067336:0.10772208698712497] [-0.099372746579740212:0.15293040293040294] [-0.12472700218398253:0.17205318769297606] [-0.12297941335429671:0.22491645061219603] [-0.077841613157598299:0.12821362910274581] [-0.056683650531994645:0.10979721362740258] [9.9778270509977744:89.647194910352809] [-28.892187454855396:29.167415412388486] [-1075.1020619735427:2920.8898514814355] [-895.42256665739319:2269.7573601771574] [-738.15137312239153:1417.0535990936025] [-398.02576902284363:544.77915230210976] [-0.39035759613864712:1.4683797669319512] [0.038432634617946014:0.3367216579261722] [0.016025499136747973:0.046495640509725017] [0.010805449950055506:0.035824162294354693] [-0.90832899079381624:3.6334532374100723] [0.45540506275620168:1.8861209964412811] [-1:1] [0:0.91176470588235292] [0:0.9285714285714286] [0:4] [1:12] none [0:1] [-9:8] [-0.053452115812917644:0.07513024403619406] [0:1] [-0.10288784967882303:0.071219898375910473] [-0.13986255140503889:0.13160084488587853] [0.0013477040299661059:0.011841457708833433] [-0.21871130063915301:0.21255316252998058] [0.003919066248305408:0.040640975235326574] [0:1] [-0.22859537662338159:0.23022297972565586] [0:1] none none none
tree_sizes=1093 1283 1093 1412 1415 1080 1412 1166 992 1204 1381 1382 1401 1295 1305 1312 1410 1415 1205 1397 1181 1315 1409 1181 1079 1097 1376 1319 1215 1318 1094 1210 992 860 1313 1280 1189 1474 1517 1505 1278 986 1300 1187 883 976 875 872 985 966 1001 1000 978 787 1290 684 784 971 778 1090 1080 1102 1160 1289 957 1107 1321 1107 895 1191 997 976 974 1103 998 788 789 987 895 980 1517 1402 999 1308 874 887 892 1307 1396 1210 1089 1086 1083 855 1193 1148 895 1190 941 1100 678 886 886 867 761 1085 789 976 783 999 996 1000 998 889 899 1307 1321 787 784 995

Tree=0
num_leaves=9
num_cat=0
split_feature=4 35 16 34 17 1 26 37
split_gain=47.4313 13.1771 11.7067 7.97907 7.67168 4.23733 3.18965 2.5699
threshold=-0.010305491934861353 -0.056255757477277006 -54.914467870533279 0.030468181880203952 19.952174040236091 -0.022780408930258952 0.24785973563454561 0.017540098182692646
decision_type=2 2 2 2 2 2 2 2
left_child=3 -2 7 5 -4 -1 -7 -3
right_child=1 2 4 -5 -6 6 -8 -9
leaf_value=-0.036512711266495197 -0.024711605048550651 -0.045379403181686845 -0.069932900799471592 -0.043402035309230348 -0.048397585155627774 -0.024917236489276885 -0.0022253215015672345 -0.02412207039893801
leaf_weight=8.9961022138595563 11.245127767324446 7.4967518448829633 41.731918603181839 8.7462104856967908 28.237765282392502 17.24252924323082 23.489822447299957 7.9965353012084961
leaf_count=36 45 30 167 35 113 69 94 32
internal_value=-0.0398212 -0.0525602 -0.056699 -0.0188399 -0.06188 -0.0143283 -0.0102484 -0.0345184
internal_weight=155.183 96.7081 85.463 58.4747 69.9697 49.7285 40.7324 15.4933
internal_count=621 387 342 234 280 199 163 62
is_linear=0
shrinkage=1


Tree=1
num_leaves=11
num_cat=0
split_feature=4 38 34 9 35 16 34 40 17 20
split_gain=44.8145 12.7378 13.788 10.2369 12.502 8.62815 7.57585 7.27198 4.15868 3.91543
threshold=-0.010305491934861353 0.010800729719838897 0.016094283754476416 0.12087895660924568 0.041078361526139202 -67.513989874365038 0.030468181880203952 0.078772876878322698 -60.833917677653623 0.02416042596062137
decision_type=2 2 2 2 2 2 2 2 2 2
left_child=6 2 5 4 -3 -2 8 -4 -1 -10
right_child=1 3 7 -5 -6 -7 -8 -9 9 -11
leaf_value=0.0046991043170753338 0 0.025164474503100508 0.014368622912665179 -0.022028971914257293 -0.016133701695276465 -0.034416069570617609 -0.0017317090149854676 -0.019108049775353003 0.018200797774028148 0.041818413455347564
leaf_weight=8.9980917870998365 7.4977093636989585 19.239952385425571 12.990130364894869 8.2426828145980817 7.4944550544023505 33.71793207526207 8.7458808720111829 7.4928563982248297 22.497652783989906 18.24854938685894
leaf_count=36 30 77 52 33 30 135 35 30 90 73
internal_value=0.00177273 -0.0106115 -0.0186468 0.00339875 0.0127482 -0.0282715 0.0221641 0.000844975 0.0265598 0.0305908
internal_weight=155.166 96.6757 61.6986 34.9771 26.7344 41.2156 58.4902 20.483 49.7443 40.7462
internal_count=621 387 247 140 107 165 234 82 199 163
is_linear=0
shrinkage=0.03


Tree=2
num_leaves=9
num_cat=0
split_feature=10 20 35 15 12 15 8 14
split_gain=33.8339 10.371 8.92707 7.6485 5.43311 7.87143 4.57382 3.12031
threshold=0.0026532862244593729 0.026686629876862423 -0.056255757477277006 -479.23830290442964 63.422556082855834 785.54480603591674 -0.0056779303808885094 840.77730209982121
decision_type=2 2 2 2 2 2 2 2
left_child=1 3 -2 -1 5 -4 -5 -6
right_child=2 -3 4 6 7 -7 -8 -9
leaf_value=-0.0085785585853527784 0.01366710838533023 0.036461187783024034 -0.014840462429180783 0.007665676126475179 -0.0083362892691192132 0.013552182142198495 0.030213029680591821 -0.029301660091389011
leaf_weight=13.73817504942417 9.2483326941728574 16.495634287595749 23.964058950543404 30.241204023361206 14.482028678059576 10.994439795613287 12.243239939212797 23.708845287561417
leaf_count=55 37 66 96 121 58 44 49 95
internal_value=0.00172261 0.0164865 -0.0112111 0.00931719 -0.0148361 -0.00525497 0.0155668 -0.0225352
internal_weight=155.116 72.7183 82.3977 56.2226 73.1494 34.9585 42.4844 38.1909
internal_count=621 291 330 225 293 140 170 153
is_linear=0
shrinkage=0.03


Tree=3
num_leaves=12
num_cat=0
split_feature=4 38 9 35 19 9 20 38 24 36 3
split_gain=41.0627 11.8533 9.30874 11.7864 8.18107 6.0426 5.35581 5.45662 4.99917 4.58734 4.1834
threshold=-0.010305491934861353 0.010800729719838897 0.12087895660924568 0.041078361526139202 0.091508014327162476 -0.016269078762053302 0.020177861400439315 0.0077900074846628305 -0.24837662337662333 0.005287132827839474 -0.0041271711071576003
decision_type=2 2 2 2 2 2 2 2 2 2 2
left_child=4 6 3 -3 8 -6 7 -2 -1 -8 -7
right_child=1 2 -4 -5 5 10 9 -9 -10 -11 -12
leaf_value=-0.011547387930618052 -0.014991766277900654 0.024317914787971556 -0.020919195636008501 -0.015762158962372326 0.043254443889574105 0.023931193557822056 -0.038272844421641569 0.012907983139327103 0.016330224641746247 -0.013818079630437517 -0.00053641787144233786
leaf_weight=8.2482427060604113 15.720800548791887 19.244193986058239 8.2260080277919752 7.4898438006639472 15.742016032338141 15.99610114097595 14.214311152696608 7.4855698347091666 10.747269198298453 24.202145829796791 7.7461597919464138
leaf_count=33 63 77 33 30 63 64 57 30 43 97 31
internal_value=0.00168686 -0.0101716 0.00333101 0.0122515 0.0212085 0.0287545 -0.0179316 -0.00508707 0.00356387 -0.0246838 0.0159442
internal_weight=155.063 96.5829 34.96 26.734 58.4798 39.4843 61.6228 23.2064 18.9955 38.4165 23.7423
internal_count=621 387 140 107 234 158 247 93 76 154 95
is_linear=0
shrinkage=0.03


Tree=4
num_leaves=12
num_cat=0
split_feature=4 38 14 35 19 9 20 38 20 4 3
split_gain=38.962 11.1873 8.86521 12.0186 7.75575 5.72832 5.09495 5.18991 4.4474 4.09303 3.97896
threshold=-0.010305491934861353 0.010800729719838897 1770.3426089506868 0.032093762032538338 0.091508014327162476 -0.016269078762053302 0.020177861400439315 0.0077900074846628305 0.024765314598587551 -0.021457809038622096 -0.0041271711071576003
decision_type=2 2 2 2 2 2 2 2 2 2 2
left_child=4 6 3 -3 9 -6 7 -2 -8 -1 -7
right_child=1 2 -4 -5 5 10 8 -9 -10 -11 -12
leaf_value=-0.0069336282761599281 -0.014600660335644156 0.025619195599268469 -0.019704761925508352 -0.013991528748599935 0.042142560082290496 0.02329830834616646 -0.030224184358480108 0.012597762409401634 -0.0047244049530968347 0.018390531851083924 -0.00052362479273149719
leaf_weight=11.24619396030903 15.711367949843408 17.739705517888073 8.7190438657999021 8.4866690188646299 15.725613385438917 15.992086261510847 27.651845589280128 7.4890015572309485 10.719927653670309 7.7475089579820624 7.7462059110403088
leaf_count=45 63 71 35 34 63 64 111 30 43 31 31
internal_value=0.00163034 -0.0099229 0.0031878 0.0121869 0.0206509 0.0280023 -0.0174661 -0.00492284 -0.0240588 0.0034495 0.0155054
internal_weight=154.975 96.5176 34.9454 26.2264 58.4576 39.4639 61.5721 23.2004 38.3718 18.9937 23.7383
internal_count=621 387 140 105 234 158 247 93 154 76 95
is_linear=0
shrinkage=0.03


Tree=5
num_leaves=9
num_cat=0
split_feature=4 19 36 36 34 19 20 36
split_gain=28.4157 14.9665 13.7226 13.6355 8.91977 7.6458 7.04133 0.970381
threshold=-0.03240251188800302 0.11948804433168884 0.0077122700495838694 0.0078519662426283846 0.02551080297609554 0.090624232076837855 0.021754138638511961 0.0064467046915818267
decision_type=2 2 2 2 2 2 2 2
left_child=4 2 5 6 7 -2 -3 -1
right_child=1 3 -4 -5 -6 -7 -8 -9
leaf_value=0.018913724003957348 0.0006247278383936304 0 -0.020069274359582723 0.016114988868635965 -0.0022729881333619353 0.024327452133554056 -0.027726196375094821 0.040993859913319344
leaf_weight=13.715245187282564 28.690415471792221 11.208067312836645 13.965618446469305 7.9895558059215537 7.4940105974674216 21.467623740434647 40.358644023537636 12.727252826094626
leaf_count=55 115 45 56 32 30 86 162 51
internal_value=0.000875678 -0.00576551 0.00407815 -0.0163959 0.0244704 0.0116009 -0.0221267 0.0322039
internal_weight=157.616 123.68 64.1237 59.5563 33.9365 50.158 51.5667 26.4425
internal_count=632 496 257 239 136 201 207 106
is_linear=0
shrinkage=0.03


Tree=6
num_leaves=12
num_cat=0
split_feature=10 38 17 20 16 34 34 38 6 32 3
split_gain=25.7056 9.41732 9.92031 6.7235 6.02889 11.9941 7.64534 4.19256 3.80864 2.67511 2.01994
threshold=0.016859585352684506 0.010800729719838897 -38.578303091990726 0.026251087016376167 -35.646969715267851 0.008251087892027999 0.023798587721067469 0.013362114165163882 0.019383787813906039 0.0091130959520698846 0.030772173383084359
decision_type=2 2 2 2 2 2 2 2 2 2 2
left_child=3 9 -3 4 6 -6 -1 -5 -4 10 -2
right_child=1 2 8 7 5 -7 -8 -9 -10 -11 -12
leaf_value=0.019025521082115627 -0.03761705761714336 -0.025098981948701891 0.021873269677649899 0.034673895847102315 -0.019226973893313605 0.015636238674509483 -0.0079941249064053796 0.0049699777435651378 -0.002253242283419559 -0.0051693878016012525 -0.011996130832091752
leaf_weight=34.938010022044182 14.662024632096296 8.4633960127830523 9.9778549522161502 12.700573012232782 18.43750457465649 13.477915734052656 10.48999238014221 8.977875888347624 8.9697853773832303 7.4673190712928763 8.9584291726350767
leaf_count=140 59 34 40 51 74 54 42 36 36 30 36
internal_value=0.000869797 -0.0145047 -0.000861694 0.0102084 0.00550749 -0.00400806 0.012396 0.0244647 0.0106111 -0.0253017 -0.0301804
internal_weight=157.521 58.4988 27.411 99.0219 77.3434 31.9154 45.428 21.6784 18.9476 31.0878 23.6205
internal_count=632 235 110 397 310 128 182 87 76 125 95
is_linear=0
shrinkage=0.03


Tree=7
num_leaves=10
num_cat=0
split_feature=10 19 23 9 20 14 36 20 19
split_gain=24.4389 8.02058 6.79215 10.5151 7.33393 5.98724 5.42075 5.60009 3.52473
threshold=0.016859585352684506 0.12107074970175785 0.85284477921446866 -0.026485112707043845 0.020177861400439315 -248.63696349808922 0.0075939025374576917 0.021754138638511961 0.135684093964794
decision_type=2 2 2 2 2 2 2 2 2
left_child=2 -2 5 8 -5 -1 7 -3 -4
right_child=1 6 3 4 -6 -7 -8 -9 -10
leaf_value=0 0.0038088690011381047 -0.0023249581357856794 0.009192504215051113 0.015037141885415443 -0.0096221479172758483 0.031454028800749156 0 -0.032562545130986623 0.036327860852615239
leaf_weight=7.4787588417530086 14.698757246136664 8.6990583389997465 15.702108517289163 12.730656906962393 37.652859821915627 17.966662019491196 9.7182554602622968 25.319016858935356 7.4422685354948035
leaf_count=30 59 35 63 51 151 72 39 102 30
internal_value=0.000830736 -0.0141671 0.00993941 0.00477579 -0.00276879 0.0228785 -0.0204387 -0.0258051 0.0207102
internal_weight=157.408 58.4351 98.9733 73.5279 50.3835 25.4454 43.7363 34.0181 23.1444
internal_count=632 235 397 295 202 102 176 137 93
is_linear=0
shrinkage=0.03


Tree=8
num_leaves=8
num_cat=0
split_feature=4 17 38 10 40 15 10
split_gain=25.3073 8.52067 6.58405 10.0393 5.88951 4.191 2.28695
threshold=-0.03240251188800302 -48.403162178575819 0.010715208218792417 0.020210144402490363 -0.02332618599667818 494.06781396968978 0.016859585352684506
decision_type=2 2 2 2 2 2 2
left_child=5 6 3 -3 -4 -1 -2
right_child=1 2 4 -5 -6 -7 -8
leaf_value=0.02955075097408167 -0.003690465943577385 0.00095367437626798666 -0.0080190771653299905 -0.023599180397591575 0.01541528841988786 0.0036319407257947474 -0.027487222808835306
leaf_weight=24.102580368518829 7.4818072021007564 40.895727932453156 11.975841760635374 20.599344462156296 27.157844811677933 9.730632930994032 15.358869999647139
leaf_count=97 30 164 48 83 109 39 62
internal_value=0.00082737 -0.00543681 -0.00136428 -0.00751897 0.00783794 0.0231337 -0.0212208
internal_weight=157.303 123.469 100.629 61.4951 39.1337 33.8332 22.8407
internal_count=632 496 404 247 157 136 92
is_linear=0
shrinkage=0.03


Tree=9
num_leaves=10
num_cat=0
split_feature=4 19 34 34 15 13 0 22 2
split_gain=24.0081 12.6556 8.13744 7.63315 10.1038 8.75357 7.47277 4.29631 1.1478
threshold=-0.03240251188800302 0.11948804433168884 0.02551080297609554 0.0079652569852287653 293.69869727693214 -3.1060400707438229 0.017866716592599755 -0.23397693163042424 -0.016808527621238186
decision_type=2 2 2 2 2 2 2 2 2
left_child=2 3 8 4 -2 -5 7 -3 -1
right_child=1 6 -4 5 -6 -7 -8 -9 -10
leaf_value=0.014539761803831958 -0.015920047648030032 -0.0030964003831390461 -0.0028150687336218208 -0.0095388748828734143 0.015636597333682292 0.024830122089775478 0.0067678715242985073 -0.024935609201283165 0.036529477626474662
leaf_weight=10.432053610682489 24.409714639186859 13.163285776972769 7.4846985191106787 7.4790142476558712 11.72274327278137 20.463820695877075 9.7101937383413297 36.449039742350578 15.862067997455595
leaf_count=42 98 53 30 30 47 82 39 147 64
internal_value=0.000795316 -0.00530277 0.0225427 0.00373049 -0.00500537 0.0151075 -0.0151078 -0.0197763 0.0299798
internal_weight=157.177 123.398 33.7788 64.0753 36.1325 27.9428 59.3225 49.6123 26.2941
internal_count=632 496 136 257 145 112 239 200 106
is_linear=0
shrinkage=0.03


Tree=10
num_leaves=12
num_cat=0
split_feature=4 21 20 9 9 33 19 16 15 2 3
split_gain=17.4172 9.21522 7.88399 6.06453 5.6583 6.67711 5.47281 4.85033 4.27454 3.07052 0.795053
threshold=1.0000000180025095e-35 0.019662003650089608 0.026251087016376167 0.13427905968100987 0.014834330488425536 0.22862807214230985 0.12696687794250414 -3.3016414136596661 936.27854247398682 0.011104261902808667 0.0071693128950309779
decision_type=2 2 2 2 2 2 2 2 2 2 2
left_child=1 4 6 9 5 -1 7 -2 -3 -4 -8
right_child=2 8 3 -5 -6 -7 10 -9 -10 -11 -12
leaf_value=0.0084067562922193109 -0.020446533515927574 0.036879670974580066 0 -0.013359684013428835 0.018476624781559262 -0.016923224019547933 -0.0095090853050617159 0.00053136729295742929 0.0050890076513427198 0.027249995077815989 -0.030056685954268733
leaf_weight=17.664540067315102 12.472546666860579 12.864423841238024 7.6880094558000582 7.6458447873592368 13.197398647665976 15.44263945519924 7.4076203852891949 27.134400635957718 7.7160411477088919 7.732165202498436 16.089019060134888
leaf_count=71 50 52 31 31 53 62 30 109 31 31 65
internal_value=0 0.0113024 -0.00883086 0.00538471 0.00312446 -0.003272 -0.0142632 -0.00637952 0.0271314 0.0160066 -0.0254211
internal_weight=153.055 66.885 86.1696 23.066 46.3046 33.1072 63.1036 39.6069 20.5805 15.4202 23.4966
internal_count=616 269 347 93 186 133 254 159 83 62 95
is_linear=0
shrinkage=0.03


Tree=11
num_leaves=12
num_cat=0
split_feature=16 38 5 34 23 11 12 15 23 1 7
split_gain=15.1497 11.9663 10.3165 9.06662 10.7877 9.06116 5.90212 5.70227 4.14681 4.04706 1.77258
threshold=-100.72931374496073 0.011173460105106439 0.13649828176314874 0.031662694254743003 1.0287279367686473 -0.024058484587321068 36.885229593866896 -522.30528963651432 1.0883450729706763 -0.013097297453742383 -0.0021897361946988077
decision_type=2 2 2 2 2 2 2 2 2 2 2
left_child=3 5 8 4 10 7 -6 -2 -3 -7 -1
right_child=1 2 -4 -5 6 9 -8 -9 -10 -11 -12
leaf_value=0.03947965961210062 -0.01214980554483327 0.025048402014813516 -0.018802749704325623 -0.012364969295428475 0.018869426930810292 -0.00026911009993505099 -0.012988366226778207 0.018710452975612635 0 -0.022519145725966715 0.012269486680418738
leaf_weight=14.641103491187096 7.4687485694885281 17.164341464638714 7.4011444449424735 7.7427340149879447 7.3935852199792889 10.399569958448408 9.6948063075542432 9.9575739651918393 8.2184435725212079 45.376348242163658 7.4632480293512353
leaf_count=59 30 69 30 31 30 42 39 40 33 183 30
internal_value=0 -0.00626733 0.00818594 0.0138546 0.0197474 -0.0129853 0.000542484 0.00482274 0.0174017 -0.0187831 0.0326951
internal_weight=152.922 105.986 32.7839 46.9355 39.1927 73.2022 17.0884 17.4263 25.3828 55.7759 22.1044
internal_count=616 427 132 189 158 295 69 70 102 225 89
is_linear=0
shrinkage=0.03


Tree=12
num_leaves=12
num_cat=0
split_feature=4 38 21 37 37 4 23 16 19 9 38
split_gain=15.9141 8.67883 8.66148 7.53174 8.26787 6.67113 5.42231 5.97351 5.1839 2.89363 2.12547
threshold=1.0000000180025095e-35 0.01112767633036024 0.019662003650089608 0.032112017764062036 0.047276880464294464 0.073748908862435139 1.1634649631145588 -95.82034868514819 0.073189515420447215 0.038980152278020118 0.012929841564926875
decision_type=2 2 2 2 2 2 2 2 2 2 2
left_child=2 3 6 8 -5 10 7 -1 -2 -4 -3
right_child=1 5 9 4 -6 -7 -8 -9 -10 -11 -12
leaf_value=0.018316511707723204 -0.003665139047982264 0.023842049606494872 0.03500539628809974 0.011608869143053762 -0.017344485126989443 -0.010734895809264374 -0.0157179614240971 -0.0043116644502401219 -0.036573783199923181 0.0072755362931065486 0.00099023813371583122
leaf_weight=20.863644286990162 7.7101201117038753 9.7051739990711265 12.297751337289812 13.435315012931826 18.257527157664299 13.130293264985083 8.7037377655506116 16.683284759521488 16.059693723917007 8.2044556587934476 7.7098926603794089
leaf_count=84 31 39 50 54 74 53 35 67 65 33 31
internal_value=0 -0.00843107 0.0108319 -0.0153712 -0.00466478 0.00387976 0.00290121 0.00817323 -0.0275943 0.0262082 0.015642
internal_weight=152.761 86.008 66.7529 55.4627 31.6928 30.5454 46.2507 37.5469 23.7698 20.5022 17.4151
internal_count=616 347 269 224 128 123 186 151 96 83 70
is_linear=0
shrinkage=0.03


Tree=13
num_leaves=11
num_cat=0
split_feature=16 38 5 34 23 1 38 19 8 7
split_gain=13.6415 10.8699 9.68014 8.56945 10.2447 4.71663 4.35124 4.10157 3.83872 1.64548
threshold=-100.72931374496073 0.011173460105106439 0.13649828176314874 0.031662694254743003 1.0287279367686473 -0.013097297453742383 0.0075844854732179503 0.12354412625826963 0.043035938763207778 -0.0021897361946988077
decision_type=2 2 2 2 2 2 2 2 2 2
left_child=3 5 8 4 9 -2 -7 -6 -3 -1
right_child=1 2 -4 -5 7 6 -8 -9 -10 -11
leaf_value=0.038151878747199393 0.0019431338545797669 0.02529587197487624 -0.01831851531442107 -0.012259613504386126 -0.010906044520530961 -0.026697718620044098 -0.008470743662415986 0.015677876852834716 0.00026778322095275182 0.011775948730249571
leaf_weight=14.566372707486153 14.376560151576994 15.419718891382219 7.381927251815795 7.7422599643468848 9.6904989778995532 21.493581980466843 37.155028849840164 7.3651064187288275 9.9496493339538556 7.4528985768556604
leaf_count=59 58 62 30 31 39 87 150 30 40 30
internal_value=0 -0.00593907 0.00782658 0.0131767 0.0189333 -0.0123569 -0.016058 0.000227119 0.016765 0.0315728
internal_weight=152.594 105.776 32.7513 46.8171 39.0749 73.0252 58.6486 17.0556 25.3694 22.0193
internal_count=616 427 132 189 158 295 237 69 102 89
is_linear=0
shrinkage=0.03


Tree=14
num_leaves=11
num_cat=0
split_feature=4 34 21 38 11 4 32 23 35 21
split_gain=14.4841 8.99208 9.29559 7.85292 6.22889 6.13947 2.87648 2.76732 6.78465 4.20574
threshold=1.0000000180025095e-35 0.036878931604569794 0.019662003650089608 0.01112767633036024 0.028247757038618041 0.073748908862435139 0.0027607946414205391 0.92052579836055604 0.027808457967232861 0.01922471893287794
decision_type=2 2 2 2 2 2 2 2 2 2
left_child=1 2 4 7 -1 6 -5 9 -9 -2
right_child=3 -3 -4 5 -6 -7 -8 8 -10 -11
leaf_value=-0.0023457918667842336 -0.037686289114907796 -0.016736532562405117 0.031068105153659088 0.025451161385117854 0.021328001502950743 -0.010350502194621341 0.00028048194774194868 -0.020347930996020162 0.0032121728932816241 -0.0041974657543361465
leaf_weight=27.806448116898537 8.6399841755628604 7.4851907044649115 18.66311103105545 8.6968959867954307 12.639666050672529 13.110687017440794 8.7100247293710691 20.211563691496849 19.040829718112946 7.4136233776807776
leaf_count=112 35 30 76 35 51 53 35 82 77 30
internal_value=0 0.0103584 0.0144705 -0.00803905 0.00535538 0.00365492 0.0149561 -0.0146558 -0.00895397 -0.0252301
internal_weight=152.418 66.5944 59.1092 85.8236 40.4461 30.5176 17.4069 55.306 39.2524 16.0536
internal_count=616 269 239 347 163 123 70 224 159 65
is_linear=0
shrinkage=0.03


Tree=15
num_leaves=11
num_cat=0
split_feature=10 38 11 11 5 40 26 2 16 40
split_gain=13.2668 10.7927 6.03697 6.1314 5.33134 7.40172 5.10176 5.69925 4.84922 2.15389
threshold=0.0026532862244593729 0.010800729719838897 -0.0019347705648071198 0.052616900691035647 0.10457784187305598 0.01756741258863204 0.16901476875242907 -0.013962870875430187 -88.196075164121169 -0.031625976312049657
decision_type=2 2 2 2 2 2 2 2 2 2
left_child=6 2 -2 -4 5 -3 8 -8 -1 -9
right_child=1 4 3 -5 -6 -7 7 9 -10 -11
leaf_value=0.012505205970941092 0.0059525864423605928 -0.00078681065430644733 -0.028507240151083704 -0.004101321018755536 -0.0067733379097208802 0.032158450295252806 5.9513741825959274e-05 0.0062122195800203119 -0.010698927152244873 0.029735877231045926
leaf_weight=14.616111114621164 8.6950353384017927 10.686742752790453 24.291521191596985 17.977748289704323 13.33682408928871 9.945232689380644 13.122618481516836 7.6683963835239437 13.617648258805273 21.483044490218163
leaf_count=59 35 43 99 73 54 40 53 31 55 87
internal_value=0.00192106 -0.00589527 -0.014496 -0.0191201 0.00668014 0.0158695 0.0114463 0.0178265 0.000849905 0.0248255
internal_weight=155.441 84.9331 50.9643 42.2693 33.9688 20.632 70.5078 42.2741 28.2338 29.1514
internal_count=629 344 207 172 137 83 285 171 114 118
is_linear=0
shrinkage=0.03


Tree=16
num_leaves=12
num_cat=0
split_feature=10 38 23 15 15 14 16 37 16 40 14
split_gain=12.5721 10.2235 9.39887 10.9406 7.50996 6.61141 6.57815 6.02972 5.17137 5.35791 3.94461
threshold=0.0026532862244593729 0.010800729719838897 0.8796370137848325 -257.92408077416945 43.195000467811163 235.84903554380074 -95.82034868514819 0.034966908024139494 323.83474019128363 0.01756741258863204 -637.01841448464609
decision_type=2 2 2 2 2 2 2 2 2 2 2
left_child=2 4 6 10 -2 -5 -1 -6 9 -3 -4
right_child=1 8 3 5 7 -7 -8 -9 -10 -11 -12
leaf_value=0.040360437518461786 0.0093166231978314418 -0.0022712289273151528 0.00089463565131272182 -0.016383121966663604 -0.032345687585115745 0.012723004785663357 0.0066411131184163285 -0.0080389870361327349 -0.0096709231925248985 0.024293175138073338 0.031393227760620077
leaf_weight=11.773608043789865 8.1900632232427579 9.4461693763732928 7.3513992130756405 21.818124040961269 17.172954097390175 7.6972375661134711 11.909174248576162 25.509605690836906 9.8701325654983503 14.648050978779791 9.8951927870511991
leaf_count=48 33 38 30 88 70 31 48 104 40 59 40
internal_value=0.00187883 -0.00573181 0.0111566 0.00266514 -0.0141165 -0.00799094 0.0258259 -0.0191643 0.00649649 0.0139279 0.0206164
internal_weight=155.282 84.837 70.4447 46.762 50.8726 29.5154 23.6828 42.6826 33.9644 24.0942 17.2466
internal_count=629 344 285 189 207 119 96 174 137 97 70
is_linear=0
shrinkage=0.03


Tree=17
num_leaves=12
num_cat=0
split_feature=4 38 34 13 38 34 34 18 15 12 3
split_gain=17.0773 8.03327 17.1402 9.37216 4.97592 4.85534 3.93891 3.39516 3.06951 3.04156 1.80513
threshold=-0.0039736946532739617 0.010800729719838897 0.015728291915636742 2.3474181456075383 0.011976784364381045 -0.0006112377013928193 0.027864674385350344 0.26419007002774436 -60.914983968109219 47.589964647893218 -0.00092898970546656512
decision_type=2 2 2 2 2 2 2 2 2 2 2
left_child=6 2 9 -4 -3 -6 7 8 -1 -2 -9
right_child=1 4 3 -5 5 -7 -8 10 -10 -11 -12
leaf_value=0.014817499132352941 -0.0054280139114787369 0.018265686926410365 -0.0073315143849771516 0.030250673431677096 0.01282192304324813 -0.013077950206006262 -0.0012965325798145995 0.029641419131406856 -0.0061996931313441726 -0.031342846540625489 0.010757199862843398
leaf_weight=11.772350311279299 7.6563742458820334 12.424177497625349 13.702310264110567 7.4336077421903601 7.9584616571664819 15.837051898241043 11.202196821570395 18.191101387143135 8.6837331205606443 25.683180153369904 14.570988476276396
leaf_count=48 31 50 56 30 32 64 45 74 35 105 59
internal_value=0.00184907 -0.006386 -0.0135428 0.0067104 0.00413091 -0.00351167 0.013512 0.0168348 0.00547005 -0.02646 0.0227763
internal_weight=155.116 90.6952 54.4755 21.1359 36.2197 23.7955 64.4204 53.2182 20.4561 33.3396 32.7621
internal_count=629 368 222 86 146 96 261 216 83 136 133
is_linear=0
shrinkage=0.03


Tree=18
num_leaves=10
num_cat=0
split_feature=4 23 15 0 0 15 20 16 27
split_gain=16.1599 7.96107 7.19957 6.01762 6.74034 5.24432 4.39714 3.83379 2.49827
threshold=-0.0039736946532739617 0.90217361224821835 -178.6223355345584 0.021221886516653025 1.0000000180025095e-35 36.981843387030928 0.026392979886029431 54.009360125150131 1.5000000000000002
decision_type=2 2 2 2 2 2 2 2 2
left_child=1 8 -3 4 5 -2 -4 -6 -1
right_child=3 2 6 -5 7 -7 -8 -9 -10
leaf_value=0.0083782898519293107 0.017610211133393238 0.019417601380724351 -0.01506397942545336 0.010129198535337499 -0.0019063348928530463 -0.0066962316911594651 0.0099045988699522618 -0.024786483305474557 0.03183455751465275
leaf_weight=10.097792893648149 8.4441733956336957 13.502753525972365 15.919616594910623 14.394240409135817 11.122946143150328 31.344216525554657 7.4125287383794776 25.260564222931862 17.405546903610229
leaf_count=41 34 55 64 58 45 128 30 103 71
internal_value=0.00181278 0.0131664 0.00320106 -0.00620104 -0.00965906 -0.000582853 -0.00638372 -0.0186463 0.0248828
internal_weight=154.904 64.3382 36.8349 90.5661 76.1719 39.7884 23.3321 36.3835 27.5033
internal_count=629 261 149 368 310 162 94 148 112
is_linear=0
shrinkage=0.03


Tree=19
num_leaves=12
num_cat=0
split_feature=4 23 11 34 22 4 26 20 20 23 27
split_gain=15.3352 7.55747 7.07078 7.04522 7.89582 7.03914 5.57159 7.56581 5.51576 3.81836 2.35704
threshold=-0.0039736946532739617 0.90217361224821835 -0.0044672069064141109 0.008251087892027999 0.069836084145405777 0.054856765791616142 0.03468323977546111 0.026790192004585187 0.026744447870432734 0.92052579836055604 1.5000000000000002
decision_type=2 2 2 2 2 2 2 2 2 2 2
left_child=1 10 -3 6 5 -5 -2 -8 -4 -6 -1
right_child=3 2 8 4 9 -7 7 -9 -10 -11 -12
leaf_value=0.008173123323195591 0.0064388625082756282 0.022471021974913484 -0.014189662190386032 0.0057151104712775827 0 -0.021549552049824314 -0.026045306396548035 0.0035916280490330787 0.012148188470727758 0.029875108989262496 0.031069639616873899
leaf_weight=10.091043502092363 7.6344888955354682 10.093062430620192 17.873918995261196 16.319813504815105 7.3668082952499381 13.420121058821676 28.648974612355232 8.6587163656949979 8.8420692682266218 8.433105140924452 17.349125176668167
leaf_count=41 31 41 72 66 30 55 117 35 36 34 71
internal_value=0.00178195 0.0128521 0.00312944 -0.00602447 0.00201494 -0.00669809 -0.0142291 -0.0189525 -0.00471141 0.0181679 0.0242863
internal_weight=154.731 64.2492 36.8091 90.482 45.5398 29.7399 44.9422 37.3077 26.716 15.7999 27.4402
internal_count=629 261 149 368 185 121 183 152 108 64 112
is_linear=0
shrinkage=0.03


Tree=20
num_leaves=10
num_cat=0
split_feature=10 22 35 11 14 21 0 19 23
split_gain=16.0063 7.39497 6.90186 7.58387 17.0224 6.06874 4.52534 3.0144 1.13927
threshold=-0.0095714800446354258 0.13144998830418533 -0.05141627340112364 0.037673166335397086 783.45526994697695 0.020396468213060338 0.0052265873287628004 0.059251619204413672 1.0178289201118058
decision_type=2 2 2 2 2 2 2 2 2
left_child=1 5 -2 7 -5 6 -1 -4 -3
right_child=2 8 3 4 -6 -7 -8 -9 -10
leaf_value=0.0038498804115887175 0.01209504792736304 0.033814612271778337 0 0.02903362010091675 -0.012841638891642099 0.022964721078670782 -0.020937500985901036 -0.020172289094110965 0.010336360748437899
leaf_weight=15.822437986731535 10.928901866078375 10.04914139211178 7.694588601589202 10.408648997545241 27.474546775221825 7.4491177499294272 8.1454446911811811 50.733984425663948 7.8781365752220145
leaf_count=64 44 41 31 42 112 31 33 207 32
internal_value=-0.00178733 0.0119338 -0.00834099 -0.0110114 -8.10739e-05 0.00219021 -0.0049602 -0.0176128 0.0263228
internal_weight=156.585 49.3443 107.241 96.3118 37.8832 31.417 23.9679 58.4286 17.9273
internal_count=637 201 436 392 154 128 97 238 73
is_linear=0
shrinkage=0.03


Tree=21
num_leaves=11
num_cat=0
split_feature=16 38 20 9 36 11 36 38 12 38
split_gain=14.0437 9.57853 8.49193 7.75002 6.48957 5.57486 5.35107 5.02223 4.26365 2.44941
threshold=-82.704386479089749 0.010715208218792417 0.022919322100229681 -0.023268256519137213 0.0065877082966626747 0.052616900691035647 0.005551938831567846 0.015812392251553366 37.293866162580748 0.0091592909138773753
decision_type=2 2 2 2 2 2 2 2 2 2
left_child=4 3 -3 -2 6 -5 8 -4 -1 -6
right_child=1 2 7 5 9 -7 -8 -9 -10 -11
leaf_value=0.022362095884429601 0.0031368728014533492 0.028710068532265629 -0.013416543269757391 -0.025662228438698038 0.032217968733606876 -0.0013414066589133849 -0.016161486624104576 0.011875141201879151 -0.00033019742180064293 0.0077599278856776838
leaf_weight=9.746610566973688 14.632301509380339 7.4687171429395667 17.02265198528767 39.244079574942589 10.508538752794268 12.647323951125143 8.8921444118022901 8.8930312693119031 16.848614230751991 10.477179899811743
leaf_count=40 59 30 69 161 43 52 36 36 68 43
internal_value=-0.0017026 -0.0084871 0.0041257 -0.0149713 0.00992326 -0.0202827 0.00134503 -0.00397131 0.00844389 0.0223975
internal_weight=156.381 99.9081 33.3844 66.5237 56.4731 51.8914 35.4874 25.9157 26.5952 20.9857
internal_count=637 407 135 272 230 213 144 105 108 86
is_linear=0
shrinkage=0.03


Tree=22
num_leaves=12
num_cat=0
split_feature=10 38 20 34 34 40 34 12 28 20 38
split_gain=14.6332 7.20402 8.00515 6.50111 9.40871 6.2508 4.24444 4.24067 3.28103 3.06785 0.512827
threshold=-0.0095714800446354258 0.010800729719838897 0.022919322100229681 0.016094283754476416 0.02515875105011223 -0.018698851471578289 -0.0006112377013928193 45.026808867398479 11.500000000000002 0.025686960322347633 0.0086321473883326071
decision_type=2 2 2 2 2 2 2 2 2 2 2
left_child=5 3 -3 8 -5 9 -4 10 -2 -1 -7
right_child=1 2 6 4 -6 7 -8 -9 -10 -11 -12
leaf_value=-0.008206237550471859 -0.023671333989185205 0.025940340034168011 0.0087946034214952847 0.02200581805906086 -0.013961542352798045 0.03507011733245774 -0.013077707580115436 0.00068862487961446155 -0.00093671533767245615 0.012279588961648245 0.012470305625874586
leaf_weight=14.331880226731302 37.048133224248886 7.9392730295658103 10.347070828080179 8.3633732348680514 15.698864102363585 10.37202905118466 19.018419846892357 8.1114172339439374 8.53008224070072 9.0170399248599988 7.3693860024213782
leaf_count=58 152 32 42 34 64 43 77 33 35 37 30
internal_value=-0.00162974 -0.0079094 0.00232906 -0.0135152 -0.000155356 0.0115026 -0.0048233 0.0210999 -0.01995 0 0.0286569
internal_weight=156.147 106.945 37.3048 69.6405 24.0622 49.2018 29.3655 25.8528 45.5782 23.3489 17.7414
internal_count=637 436 151 285 98 201 119 106 187 95 73
is_linear=0
shrinkage=0.03


Tree=23
num_leaves=10
num_cat=0
split_feature=7 6 5 40 5 11 40 7 32
split_gain=10.7276 8.17948 6.22345 8.6115 4.74593 5.37377 3.79102 3.27085 1.61558
threshold=-0.0078165952141700714 -0.0094381326390957036 0.10135770783580668 0.040631213741467061 -0.032674475427440668 0.019703951155488734 -0.026248764201071969 -0.019604959550570698 0.011396238621299905
decision_type=2 2 2 2 2 2 2 2 2
left_child=4 -2 3 -3 6 -6 -1 -7 -4
right_child=1 2 8 -5 5 7 -8 -9 -10
leaf_value=0.0030072387534099466 -0.032845888935454454 -0.0065432452654519795 -0.024980885575429785 0.015556310576683692 -0.014432574650795305 0 0.028806224472529212 0.022422072008348701 -0.0036584931972834852
leaf_weight=11.010601952672006 8.463700056076048 52.293167755007744 11.860991746187212 20.420938193798065 11.034054547548296 12.769122019410135 12.391136497259138 8.0930997729301435 7.5852159708738318
leaf_count=45 35 213 49 83 45 52 51 33 31
internal_value=-0.00155277 -0.00742013 -0.00427774 0 0.0087484 0.000518811 0.0184507 0.00965351 -0.0184801
internal_weight=155.922 100.624 92.1603 72.7141 55.298 31.8963 23.4017 20.8622 19.4462
internal_count=637 411 376 296 226 130 96 85 80
is_linear=0
shrinkage=0.03


Tree=24
num_leaves=9
num_cat=0
split_feature=10 35 11 15 40 25 20 10
split_gain=13.6015 6.20456 6.82801 12.4606 5.83027 5.16455 2.90866 1.89958
threshold=-0.0095714800446354258 -0.05141627340112364 0.037673166335397086 769.22231252077302 -0.018698851471578289 0.52740240240240255 0.025686960322347633 -0.01547506305126922
decision_type=2 2 2 2 2 2 2 2
left_child=4 -2 5 -4 6 -3 -1 -6
right_child=1 2 3 -5 7 -7 -8 -9
leaf_value=-0.007938505545083744 0.011773173024923096 -0.019786340361813239 0.027026131778999957 -0.010015922654603526 0.026524024342684929 0.0045258511902841322 0.012014703991067037 0.005655898450684373
leaf_weight=14.336695760488512 10.909458220005034 50.719603911042213 9.152886435389517 28.585785776376724 16.413340538740162 7.3390338718891135 9.0025846958160383 9.3320269137620908
leaf_count=58 44 208 37 117 68 30 37 38
internal_value=-0.00151344 -0.0075782 -0.010131 0 0.0111578 -0.016415 0 0.0204535
internal_weight=155.791 106.707 95.7973 37.7387 49.0846 58.0586 23.3393 25.7454
internal_count=637 436 392 154 201 238 95 106
is_linear=0
shrinkage=0.03


Tree=25
num_leaves=9
num_cat=0
split_feature=4 23 11 5 40 21 23 17
split_gain=16.1897 5.60003 7.99464 6.33007 6.07187 5.36744 4.14874 4.04398
threshold=-0.030096534340304289 0.85284477921446866 0.0048900538755840559 0.1259877640769225 0.0077439691672269726 0.020203782454568376 1.0561776317654068 -3.9315339937486153
decision_type=2 2 2 2 2 2 2 2
left_child=5 2 -2 4 -3 6 -1 -4
right_child=1 3 7 -5 -6 -7 -8 -9
leaf_value=0.015815136377370888 -0.014053331428683541 -0.018399180713746608 0.00086068032375693809 -0.033640459771858804 -0.00096531651037865874 0.02926366122502334 -0.0080080165071289115 0.028003785693635742
leaf_weight=11.887694880366327 12.356146842241285 27.736778244376183 11.76330031454563 8.3874749243259412 51.164675563573837 13.566049769520758 9.8984341919422132 8.6096351593732852
leaf_count=49 50 113 48 35 209 57 40 35
internal_value=-0.00165734 -0.0070128 0.00308687 -0.010952 -0.00758272 0.0155245 0.00459734 0.0144798
internal_weight=155.37 120.018 32.7291 87.2889 78.9015 35.3522 21.7861 20.3729
internal_count=636 490 133 357 322 146 89 83
is_linear=0
shrinkage=0.03


Tree=26
num_leaves=12
num_cat=0
split_feature=16 38 5 40 22 38 38 2 40 18 18
split_gain=18.9216 8.67052 5.07727 6.69687 6.2963 4.32839 4.27788 4.11598 3.93767 2.89297 3.14128
threshold=-62.357336934643577 0.0091592909138773753 0.094279293351989271 0.03971372625018222 0.10693891384453204 0.011082645152448917 0.011286188491939872 -0.0049914369951107864 -0.016518926330593871 0.38303024990086815 0.15556956796304278
decision_type=2 2 2 2 2 2 2 2 2 2 2
left_child=1 9 3 6 -4 -3 -2 -5 -7 10 -1
right_child=2 5 4 7 -6 8 -8 -9 -10 -11 -12
leaf_value=0.023327448385874635 -0.017353307797392518 -0.01187813480452962 -0.032825612082797183 -0.0086329245513856578 0 -0.0028092396066722609 0.00085499114133147716 0.015524743476431884 0.020857480575128966 0.03699459688320067 0
leaf_weight=9.2260636687278801 34.394777864217758 13.039477169513701 14.369400233030321 7.5042038857936886 7.7914003431797019 10.543577358126639 14.560916408896444 15.471574693918226 9.9983163028955477 8.850105404853819 9.4072853177785856
leaf_count=38 141 53 60 31 32 43 59 63 41 36 39
internal_value=-0.00161014 0.0110678 -0.0100532 -0.0055892 -0.0222598 0.000179189 -0.0118222 0.00697446 0.00887311 0.0229489 0.0126115
internal_weight=155.157 61.0648 94.0923 71.9315 22.1608 33.5814 48.9557 22.9758 20.5419 27.4835 18.6333
internal_count=636 250 386 294 92 137 200 94 84 113 77
is_linear=0
shrinkage=0.03


Tree=27
num_leaves=11
num_cat=0
split_feature=16 38 34 38 19 34 35 38 37 9
split_gain=17.9861 8.28424 6.35522 4.97229 6.68719 8.26744 5.89476 4.57817 3.90032 2.30385
threshold=-62.357336934643577 0.0091592909138773753 0.026097850287892025 0.0078446622209038183 0.12107074970175785 0.01098794274761772 -0.045041447882702028 0.010880654630016955 0.015110778531405302 0.0080117986400125487
decision_type=2 2 2 2 2 2 2 2 2 2
left_child=1 8 7 9 5 -5 -6 -3 -1 -2
right_child=3 2 -4 4 6 -7 -8 -9 -10 -11
leaf_value=0.0077077549912379735 -0.0037652501878602629 -0.0062609251445268676 -0.020348838394154242 -0.0054352465111309374 0.0083920366964543077 0.026228666015687966 -0.018396079172254769 0.017345122883744193 0.03312689670843643 -0.025666093145497389
leaf_weight=13.570452287793161 8.5766882747411746 10.074014201760294 7.6969825476407996 18.221282273530964 7.3934724181890479 9.4581546634435636 30.915462255477905 15.790656149387358 13.858525812625883 19.381991639733315
leaf_count=56 35 41 31 74 30 38 128 65 57 81
internal_value=-0.00155256 0.0108115 0.000159281 -0.0097937 -0.00472229 0.00591738 -0.0126941 0.00782305 0.022439 -0.0201483
internal_weight=154.938 60.9906 33.5617 93.9471 65.9884 27.6794 38.3089 25.8647 27.429 27.9587
internal_count=636 250 137 386 270 112 158 106 113 116
is_linear=0
shrinkage=0.03


Tree=28
num_leaves=10
num_cat=0
split_feature=16 38 34 38 38 9 41 37 9
split_gain=17.0374 7.91598 6.03783 4.75601 4.35847 4.27734 3.81294 3.71032 2.18329
threshold=-62.357336934643577 0.0091592909138773753 0.026097850287892025 0.0078446622209038183 0.010880654630016955 0.14264180437014626 1.0000000180025095e-35 0.015110778531405302 0.0080117986400125487
decision_type=2 2 2 2 2 2 2 2 2
left_child=1 7 4 8 -3 6 -5 -1 -2
right_child=3 2 -4 5 -6 -7 -8 -9 -10
leaf_value=0.0075124848063585301 -0.0036747370856017869 -0.0061034755357162393 -0.019853945878410471 -0.014495660364311921 0.016922139468483189 -0.02315117755872053 0.0027755941516873247 0.032379158121330499 -0.02508284577891862
leaf_weight=13.557671234011652 8.5736142098903674 10.075445085763933 7.7019503116607657 13.003995776176451 15.75040155649185 7.6713179051876059 45.212882235646248 13.800269499421118 19.285667508840561
leaf_count=56 35 41 31 53 65 32 185 57 81
internal_value=-0.00150406 0.0105354 0.000114012 -0.00953667 0.00760705 -0.00457151 -0.00118653 0.0219183 -0.0196843
internal_weight=154.633 60.8857 33.5278 93.7475 25.8258 65.8882 58.2169 27.3579 27.8593
internal_count=636 250 137 386 106 270 238 113 116
is_linear=0
shrinkage=0.03


Tree=29
num_leaves=11
num_cat=0
split_feature=16 38 34 38 19 34 38 34 37 37
split_gain=16.1896 7.56651 5.73686 4.5213 6.26899 7.79574 4.14976 3.95672 3.53268 2.16495
threshold=-62.357336934643577 0.0091592909138773753 0.026097850287892025 0.0078446622209038183 0.12107074970175785 0.01098794274761772 0.010880654630016955 -0.014742843947533111 0.015110778531405302 0.034966908024139494
decision_type=2 2 2 2 2 2 2 2 2 2
left_child=1 8 6 9 5 -5 -3 -6 -1 -2
right_child=3 2 -4 4 7 -7 -8 -9 -10 -11
leaf_value=0.0073222041884874354 -0.02730383310773294 -0.0059500901828850568 -0.019374333855959828 -0.0051926026819586945 0.0047467825316008811 0.025552338592014931 0.016510724690460381 -0.016930297222805937 0.031660081780606981 -0.0072987091995208135
leaf_weight=13.544861137866976 14.27365627884865 10.076659440994264 7.7052887231111518 18.211725160479549 7.6239139586687079 9.4496132135391218 15.709051072597502 30.571316137909889 13.736679211258886 13.483157306909559
leaf_count=56 60 41 31 74 31 38 65 127 57 56
internal_value=-0.00147674 0.010268 7.03995e-05 -0.00931341 -0.00446746 0.00581946 0.00739704 -0.0122094 0.0214144 -0.0192339
internal_weight=154.386 60.7725 33.491 93.6134 65.8566 27.6613 25.7857 38.1952 27.2815 27.7568
internal_count=636 250 137 386 270 112 106 158 113 116
is_linear=0
shrinkage=0.03


Tree=30
num_leaves=9
num_cat=0
split_feature=5 38 16 19 20 34 24 0
split_gain=10.6174 9.34942 8.54835 7.22544 5.18471 5.01006 4.89301 3.6382
threshold=0.10246090911832419 0.011337089510667893 -107.7651482158398 0.066955296376311188 0.026018788256283218 0.026097850287892025 0.22222439236111113 0.0078740222476072503
decision_type=2 2 2 2 2 2 2 2
left_child=1 2 6 -4 -2 7 -1 -3
right_child=4 5 3 -5 -6 -7 -8 -9
leaf_value=0.020169810169517643 -0.029048687119339906 0.030271315178317448 0.007285703867815619 -0.014234816284702918 -0.00022833275944187154 -0.0034748782499708134 -0.0044721171082429973 0.0052401490000532815
leaf_weight=17.855494469404224 13.278039231896402 16.304622381925586 17.506395354866982 45.161856800317764 10.633459404110907 7.4238317161798468 9.0974275618791562 11.00137250125408
leaf_count=74 56 67 71 187 44 30 38 45
internal_value=-0.000236747 0.00325377 -0.0017831 -0.0079517 -0.017818 0.0160493 0.0116 0.0217442
internal_weight=148.262 124.351 89.6212 62.6683 23.9115 34.7298 26.9529 27.306
internal_count=612 512 370 258 100 142 112 112
is_linear=0
shrinkage=0.03


Tree=31
num_leaves=10
num_cat=0
split_feature=5 38 4 40 26 23 34 0 0
split_gain=10.1228 8.85779 6.88683 8.30801 5.25548 5.07286 4.78365 3.44808 1.38998
threshold=0.10246090911832419 0.011337089510667893 -0.0085373396545869156 -0.0015210139549217681 0.11846181884454167 0.85677815382904055 0.026097850287892025 0.0078740222476072503 0.0071826655015252436
decision_type=2 2 2 2 2 2 2 2 2
left_child=1 2 4 -4 -1 -2 7 -3 -7
right_child=5 6 3 -5 -6 8 -8 -9 -10
leaf_value=-0.0089604471179586514 0.0015485657280233781 0.029551575893018347 -0.03355331161798257 -0.0026517574503096496 0.014055145835559203 -0.034250351577612401 -0.003393018151641359 0.0051088728733860306 -0.009473031140486211
leaf_weight=10.239057570695875 7.2724409252405193 16.250204980373386 8.1212806999683362 42.854271665215492 28.28900833427906 8.8842515498399752 7.4231150746345511 10.99699807167053 7.6749767065048209
leaf_count=42 30 67 34 177 117 38 30 45 32
internal_value=-0.000225514 0.00318016 -0.0017212 -0.00893894 0.00742816 -0.0174236 0.0156462 0.0212233 -0.025833
internal_weight=148.006 124.174 89.5036 50.9756 38.5281 23.8317 34.6703 27.2472 16.5592
internal_count=612 512 370 211 159 100 142 112 70
is_linear=0
shrinkage=0.03


Tree=32
num_leaves=8
num_cat=0
split_feature=9 20 17 7 20 19 19
split_gain=8.87196 11.912 6.35393 5.74016 10.2638 4.80117 2.17296
threshold=0.13427905968100987 0.026392979886029431 -101.72814730252786 -0.016537392562995679 0.020446511738664776 0.092504500763028061 0.12465568221896932
decision_type=2 2 2 2 2 2 2
left_child=1 3 -3 5 -5 -1 -4
right_child=-2 2 6 4 -6 -7 -8
leaf_value=-0.0041266980399122669 -0.022649429585980835 -0.003511377303122289 0.0095048169368776442 0.0062442728193336048 -0.014814492171202885 0.021477142145562761 0.033363377668769414
leaf_weight=9.8237276673316973 12.489133074879645 7.7521578967571285 10.05008538067341 31.883786559104919 50.418032467365265 12.131489649415014 13.206146806478499
leaf_count=40 53 32 41 131 209 51 55
internal_value=-0.000239109 0.00202063 0.0178021 -0.00277869 -0.00652378 0.0100066 0.025216
internal_weight=147.755 135.265 31.0084 104.257 82.3018 21.9552 23.2562
internal_count=612 559 128 431 340 91 96
is_linear=0
shrinkage=0.03


Tree=33
num_leaves=7
num_cat=0
split_feature=5 34 38 7 20 0
split_gain=9.41012 8.70849 9.63058 8.58275 4.87051 3.28784
threshold=0.10246090911832419 0.039020180631897612 0.011337089510667893 -0.018797104825578715 0.026018788256283218 0.0018627824475040413
decision_type=2 2 2 2 2 2
left_child=1 2 3 -1 -2 -4
right_child=4 -3 5 -5 -6 -7
leaf_value=0.016544983758927989 -0.027814122878111799 -0.021594534204542382 0.028185566871771747 -0.0053650094128802374 0 0.006589588091039913
leaf_weight=19.375635176897049 13.098796725273134 9.5530098080635053 16.240925148129467 63.07866944372654 10.587770283222197 15.608967781066893
leaf_count=81 56 39 67 261 44 64
internal_value=-0.000219008 0.00306058 0.00558603 0 -0.016855 0.0190596
internal_weight=147.544 123.857 114.304 82.4543 23.6866 31.8499
internal_count=612 512 473 342 100 131
is_linear=0
shrinkage=0.03


Tree=34
num_leaves=11
num_cat=0
split_feature=5 21 23 0 36 36 21 21 7 2
split_gain=8.96701 5.7393 4.80627 4.56511 6.58491 4.43107 4.71441 3.46971 1.63429 0.284335
threshold=0.10246090911832419 0.020396468213060338 0.85677815382904055 0.004398399022288336 0.0053599416292539085 0.0071587036802125692 0.023156365633187452 0.014945510043892647 0.024380070181468722 0.0072326449721370487
decision_type=2 2 2 2 2 2 2 2 2 2
left_child=1 3 -2 4 -1 6 -3 -5 -4 -7
right_child=2 5 8 7 -6 9 -8 -9 -10 -11
leaf_value=0.016144930594100385 0.0018807362863658044 0.013439636242760965 -0.0075369822742956359 0.001041439550139494 -0.0043681129756542878 0.010266124248814568 -0.011933019028365558 -0.017507576769909387 -0.032898094411464754 0.030139623034234779
leaf_weight=21.552533864974976 7.2455745041370418 13.773813217878343 7.0781202167272594 13.006515726447104 31.768612146377563 7.2474339306354514 9.0088146328926069 19.172047361731529 9.2778571844100934 8.1813125014305097
leaf_count=89 30 58 30 53 132 30 37 79 40 34
internal_value=-0.000213813 0.00298405 -0.0164855 -0.00122622 0.00393609 0.0123702 0.00264806 -0.00994901 -0.0247571 0.0239143
internal_weight=147.313 123.711 23.6016 85.4997 53.3211 38.2114 22.7826 32.1786 16.356 15.4287
internal_count=612 512 100 353 221 159 95 132 70 64
is_linear=0
shrinkage=0.03


Tree=35
num_leaves=11
num_cat=0
split_feature=4 34 38 24 17 34 13 34 19 20
split_gain=7.38517 6.53229 6.20481 6.07294 5.58377 6.01143 4.91307 6.08596 4.44865 4.41927
threshold=0.0016205815414434002 0.016094283754476416 0.010483912496372502 -0.044610281923714752 -85.914492080241658 0.033212614035827655 2.5007427674763609 0.024396315883857048 0.090624232076837855 0.019000039964387941
decision_type=2 2 2 2 2 2 2 2 2 2
left_child=4 2 9 -4 -1 8 7 -3 -6 -2
right_child=1 6 3 -5 5 -7 -8 -9 -10 -11
leaf_value=-0.011117200796788919 0 0.015549446827650236 0.015057884833308369 -0.012549354651806611 0.0011268913068657417 -0.010937884259174 0.021931173740450692 -0.015298913592070805 0.02078382258223354 -0.026038140450793768
leaf_weight=9.9442247748374921 7.9135345071554211 7.4829499274492326 11.014319345355036 13.968251183629034 17.162917882204056 7.4461363255977622 8.8201637566089612 12.196112230420111 34.398485064506531 23.452553883194923
leaf_count=41 33 31 45 57 70 30 36 51 145 100
internal_value=0.000157229 -0.00561316 -0.0114837 0 0.0074274 0.0110605 0.00549419 -0.00252458 0.0148072 -0.0199495
internal_weight=153.8 84.8479 56.3487 24.9826 68.9518 59.0075 28.4992 19.6791 51.5614 31.3661
internal_count=639 353 235 102 286 245 118 82 215 133
is_linear=0
shrinkage=0.03


Tree=36
num_leaves=10
num_cat=0
split_feature=4 34 17 34 20 20 19 34 20
split_gain=6.95161 6.21835 5.30152 5.72558 5.05741 8.31429 4.21371 3.7088 4.09887
threshold=0.0016205815414434002 0.016094283754476416 -85.914492080241658 0.033212614035827655 0.026251087016376167 0.020588353336561744 0.090624232076837855 0.02515875105011223 0.024604980185640397
decision_type=2 2 2 2 2 2 2 2 2
left_child=2 4 -1 6 5 -2 -4 -3 -9
right_child=1 7 3 -5 -6 -7 -8 8 -10
leaf_value=-0.010832855941844896 0 0.01653591032845747 0.0010966682085970236 -0.010679745394488469 0.0034695652042145433 -0.026623896694294786 0.020265264197441325 -0.017775311699377544 0.0091727332706828448
leaf_weight=9.9514708220958692 17.566718369722366 12.618636161088945 17.161967754364014 7.4456802308559409 13.635462254285811 25.001039981842041 34.273416072130203 7.6543080806732169 8.2185890972614271
leaf_count=41 73 52 70 30 56 106 145 32 34
internal_value=0.000148542 -0.00545196 0.00721079 0.0107624 -0.0111938 -0.0161723 0.0144306 0.00537384 -0.00351795
internal_weight=153.527 84.6948 68.8325 58.8811 56.2032 42.5678 51.4354 28.4915 15.8729
internal_count=639 353 286 245 235 179 215 118 66
is_linear=0
shrinkage=0.03


Tree=37
num_leaves=13
num_cat=0
split_feature=4 34 38 36 17 13 34 20 34 19 5 21
split_gain=6.54671 5.8931 5.8917 7.27701 5.06654 4.63968 5.62118 4.0951 3.84892 2.92822 5.14002 2.61605
threshold=0.0016205815414434002 0.016094283754476416 0.010483912496372502 0.0043653729591138397 -18.998650175507887 2.5007427674763609 0.024396315883857048 0.019000039964387941 0.018946996336555836 0.092504500763028061 0.0065091988726595504 0.019787438589064225
decision_type=2 2 2 2 2 2 2 2 2 2 2 2
left_child=4 2 7 -4 9 6 -3 -2 11 -1 -11 -6
right_child=1 5 3 -5 8 -7 -8 -9 -10 10 -12 -13
leaf_value=-0.011809508961399276 0 0.014746691534831172 -0.021763145709244182 0.010441145607231023 0.010397614906004419 0.021192765247515986 -0.014877724754076884 -0.025107868630054091 0 0.020351523247790191 -0.0083411489155965253 0.03384011941348318
leaf_weight=13.043256700038912 7.9135345071554211 7.5098356306552949 7.3046190440654781 17.651179268956184 17.618946582078937 8.8381074517965299 12.150272026658056 23.203256160020828 11.910087972879408 8.781379699707033 9.1890549510717374 8.1665656864643079
leaf_count=53 33 31 30 72 73 36 51 100 49 37 38 36
internal_value=0.000137845 -0.00529753 -0.0109004 0 0.00700073 0.00522667 -0.0025524 -0.0191957 0.0141472 -0.00156194 0.00556262 0.0202634
internal_weight=153.28 84.5708 56.0726 24.9558 68.7093 28.4982 19.6601 31.1168 37.6956 31.0137 17.9704 25.7855
internal_count=639 353 235 102 286 118 82 133 158 128 75 109
is_linear=0
shrinkage=0.03


Tree=38
num_leaves=13
num_cat=0
split_feature=10 26 25 26 35 36 8 5 26 2 35 8
split_gain=6.39845 6.05753 5.66203 5.87659 5.13048 6.54119 4.15162 4.536 4.15128 3.88986 3.51773 1.97679
threshold=0.0026532862244593729 0.12541390728476823 0.27236363636363642 0.24785973563454561 0.021856469453916953 0.0061664789180210502 0.04376917533615491 0.021692813691532978 0.13755980861244022 -0.002431420060318545 0.026155196546490126 0.026754668363202158
decision_type=2 2 2 2 2 2 2 2 2 2 2 2
left_child=1 10 3 8 9 -6 7 -4 -2 -3 -1 -5
right_child=2 4 6 11 5 -7 -8 -9 -10 -11 -12 -13
leaf_value=-0.015235024823238795 -0.011474922957243137 0.0042736594004159174 0.011313380801018307 -0.0082365935412325019 0.012683155558548717 -0.01809188490286057 0.015338414275731958 -0.014921250631869935 0.010659964626558684 0.031215016744106833 0.0063063944965056056 -0.031060004749329725
leaf_weight=12.456148356199266 15.28236396610737 9.9004046469926852 7.472073599696162 10.096772685647013 15.946349397301676 7.3868141770362845 13.911652624607084 12.910300999879835 11.365112856030462 14.363629251718519 10.147511541843413 11.738362312316893
leaf_count=52 64 42 31 42 66 30 58 54 47 61 42 50
internal_value=0.000144253 0.00679781 -0.00534878 -0.0118297 0.0127919 0.00168914 0.00354715 -0.00448206 -0.00142568 0.0219559 -0.0052282 -0.0227123
internal_weight=152.977 70.2009 82.7766 48.4826 47.5972 23.3332 34.294 20.3824 26.6475 24.264 22.6037 21.8351
internal_count=639 293 346 203 199 96 143 85 111 103 94 92
is_linear=0
shrinkage=0.03


Tree=39
num_leaves=13
num_cat=0
split_feature=10 21 26 25 26 3 26 22 26 36 3 19
split_gain=6.07392 5.80542 6.04538 5.39772 5.62667 4.61031 3.94027 3.45011 2.76401 2.72791 1.78267 0.530364
threshold=0.0026532862244593729 0.020203782454568376 0.12018518518518519 0.27236363636363642 0.24785973563454561 0.031560942310669644 0.13755980861244022 -0.21174305062951412 0.20638945233265724 0.0060502075385280981 0.016605273514597511 0.14524995802571503
decision_type=2 2 2 2 2 2 2 2 2 2 2 2
left_child=1 2 9 4 6 8 -2 -4 -5 -1 -6 -3
right_child=3 11 7 5 10 -7 -8 -9 -10 -11 -12 -13
leaf_value=0 -0.011184263357791123 0.025861654326269846 -0.0066061965659375789 -0.014238254809800109 -0.010236105951301066 0.016309895304582041 0.010377491675530598 0.013187410782897778 0.0053338812372700642 -0.022386539339242822 -0.032441434964200398 0.0070519518817016907
leaf_weight=7.8462020456790951 15.261436253786089 10.504964709281923 8.2527194470167142 11.146092027425768 12.518898844718935 13.294202148914335 11.378466352820395 27.989383473992348 9.867501571774481 8.7962066531181318 9.230600640177725 6.7097889930009833
leaf_count=32 64 45 34 47 53 55 47 116 41 36 39 30
internal_value=0.000137192 0.00662757 0.00114828 -0.00521394 -0.0115535 0.00345847 -0.00136947 0.00817818 -0.00473101 -0.0125911 -0.0222301 0.020808
internal_weight=152.796 70.0993 52.8845 82.6972 48.3894 34.3078 26.6399 36.2421 21.0136 16.6424 21.7495 17.2148
internal_count=639 293 218 346 203 143 111 150 88 68 92 75
is_linear=0
shrinkage=0.03


Tree=40
num_leaves=11
num_cat=0
split_feature=4 40 14 25 5 32 11 37 32 5
split_gain=4.95265 5.60735 11.5153 7.4218 6.5395 4.87141 4.39468 3.11823 2.99621 1.06489
threshold=-0.03240251188800302 0.044592125648786569 805.65133764340874 0.012835515249030939 0.05189212183360959 0.0089375756402798618 0.049753041461211407 0.052811944919411109 -0.012859163203585653 -0.049952898359562563
decision_type=2 2 2 2 2 2 2 2 2 2
left_child=5 3 7 -2 -5 8 -4 -3 -1 -10
right_child=1 2 6 4 -6 -7 -8 -9 9 -11
leaf_value=0 0.015486410792662079 0.034230042703356375 -0.022656774516896093 -0.016979683342447378 0.0048398630976470717 -0.0092276473026475046 0.0013206394957471321 0.005533376673720709 0.0063770173897295173 0.026312147722865973
leaf_weight=7.2168365716934231 8.1080669462680799 8.7469929009675997 8.4461463391780871 49.195139601826668 14.025741651654242 7.3705663979053488 16.559673249721527 8.4862575083971006 7.6196546405553844 12.699793845415114
leaf_count=30 34 36 37 203 59 31 69 35 33 54
internal_value=0 -0.00312758 0.0051703 -0.00825291 -0.011909 0.00949442 -0.00730085 0.0229236 0.0152991 0.02075
internal_weight=148.475 113.568 42.2391 71.3289 63.2209 34.9069 25.0058 17.2333 27.5363 20.3194
internal_count=621 473 177 296 262 148 106 71 117 87
is_linear=0
shrinkage=0.03


Tree=41
num_leaves=8
num_cat=0
split_feature=15 10 21 13 32 34 5
split_gain=4.86704 8.38597 6.3898 4.74904 4.71081 4.56938 4.1992
threshold=-585.46254017979356 -0.0015576974601283486 0.019662003650089608 3.3501591285553833 0.0089375756402798618 0.027864674385350344 0.040880249243297702
decision_type=2 2 2 2 2 2 2
left_child=-1 2 4 5 -2 -3 -5
right_child=1 3 -4 6 -6 -7 -8
leaf_value=-0.017376373591066734 0.00964553175735401 -0.0042051434409213547 0.026454206404728915 -0.0081671332794613395 -0.012624864638250502 -0.025889858092868211 0.015335347153067848
leaf_weight=11.30490957200527 28.916025012731552 49.855894342064857 14.738365501165388 8.6921309381723422 9.5068728476762754 9.7674667388200742 15.539674326777456
leaf_count=47 120 210 64 36 39 41 64
internal_value=0 0.00161609 0.0107998 -0.00414729 0.00341215 -0.0087259 0.00635309
internal_weight=148.321 137.016 53.1613 83.8552 38.4229 59.6234 24.2318
internal_count=621 574 223 351 159 251 100
is_linear=0
shrinkage=0.03


Tree=42
num_leaves=11
num_cat=0
split_feature=23 34 28 38 38 11 34 17 3 15
split_gain=6.33963 8.37706 8.35756 6.14177 9.73796 6.96998 4.17766 3.01057 1.75689 0.106518
threshold=1.0883450729706763 0.010023255753156659 5.5000000000000009 0.011082645152448917 0.0064326104240455392 0.075281763220825262 0.0060028205300507462 -37.650086249581058 -0.013459479354881841 56.475728294321719
decision_type=2 2 2 2 2 2 2 2 2 2
left_child=3 8 -3 4 -1 7 -6 -5 -2 -10
right_child=1 2 -4 5 6 -7 -8 -9 9 -11
leaf_value=0.026920643463418312 -0.0062882029635976614 -0.012907640800529347 0.023575654169676309 0.0021515497128135352 0.0014925680775123029 -0.0096415847797134101 -0.013849540611537344 0.024931584542488627 -0.012115516606644516 -0.03259183636316218
leaf_weight=7.2488778680562964 10.13573929667473 9.0819757282733935 9.2131521254777891 9.0967593342065829 29.288346812129021 7.5496434718370429 28.766485616564751 22.287550911307335 7.2639515101909629 8.2142844647169095
leaf_count=31 43 38 38 38 124 31 120 93 30 35
internal_value=0 -0.00936931 0.00523846 0.0039714 -0.00149198 0.0131267 -0.00606782 0.0193026 -0.01997 -0.0263264
internal_weight=148.147 43.9091 18.2951 104.238 65.3037 38.934 58.0548 31.3843 25.614 15.4782
internal_count=621 184 76 437 275 162 244 131 108 65
is_linear=0
shrinkage=0.03


Tree=43
num_leaves=10
num_cat=0
split_feature=23 34 35 38 38 21 12 12 13
split_gain=6.0645 7.77535 6.21579 5.58094 9.1626 7.3812 3.28403 2.94993 1.85993
threshold=1.083110329938805 0.010023255753156659 -0.05141627340112364 0.0064326104240455392 0.010800729719838897 0.017350288173758485 57.760031988780753 47.681271146995122 -2.7678248170324404
decision_type=2 2 2 2 2 2 2 2 2
left_child=3 2 -2 -1 7 -6 -3 -5 -4
right_child=1 6 8 4 5 -7 -8 -9 -10
leaf_value=0.026349593498836473 0.0025403747759874897 0.015931036851160107 -0.008761148469529188 0.0014190869263257335 0.035246307297149004 0.004577617315210533 -0.0064785815365852786 -0.012155592890810942 -0.035009696920400492
leaf_weight=7.2274635881185523 7.1067784726619747 9.7311131060123461 7.2173594236373964 21.58855177462101 7.6945936828851691 35.314719691872597 9.0391136705875379 31.301094695925713 11.739100188016886
leaf_count=31 30 40 30 90 32 147 38 133 50
internal_value=0 -0.00903736 -0.0191931 0.00394126 0.00159543 0.01172 0.00483245 -0.00649158 -0.0275217
internal_weight=147.96 44.8335 26.0632 103.126 95.899 43.0093 18.7702 52.8896 18.9565
internal_count=621 188 110 433 402 179 78 223 80
is_linear=0
shrinkage=0.03


Tree=44
num_leaves=7
num_cat=0
split_feature=15 9 38 21 38 36
split_gain=4.50707 7.96967 5.73377 7.6328 5.00446 2.5979
threshold=-585.46254017979356 -0.023268256519137213 0.010800729719838897 0.017408116216003387 0.0061773647721872476 0.0059373126222766305
decision_type=2 2 2 2 2 2
left_child=-1 5 4 -4 -3 -2
right_child=1 2 3 -5 -6 -7
leaf_value=-0.016718756421541768 0.027781764734656083 0.011940882594242305 0.026812936683782353 -3.3787232697330534e-05 -0.010499272412486367 0.0040377811008136906
leaf_weight=11.305143237113951 10.182216197252275 8.2011867463588697 10.102648288011549 39.725301444530487 58.112963020801544 10.108797758817671
leaf_count=47 43 35 42 165 246 43
internal_value=0 0.00156106 -0.00144939 0.00594463 -0.00723615 0.0180493
internal_weight=147.738 136.433 116.142 49.8279 66.3141 20.291
internal_count=621 574 488 207 281 86
is_linear=0
shrinkage=0.03


Tree=45
num_leaves=8
num_cat=0
split_feature=37 37 8 25 3 32 35
split_gain=8.41968 5.74034 8.04249 6.38801 6.71509 4.24128 2.84942
threshold=0.066194652728938888 0.031141275519671611 0.059994129544597465 0.096579867858530913 -0.013459479354881841 -0.0056197521806472519 0.037489248010916583
decision_type=2 2 2 2 2 2 2
left_child=1 3 5 6 -5 -3 -1
right_child=-2 2 -4 4 -6 -7 -8
leaf_value=0.0018342283155432114 -0.020235556769965406 0 -0.01039594190309651 0.0069757323897156566 -0.012067343658374774 0.023594391720283124 0.021748049144789061
leaf_weight=16.031434983015064 11.167330130934713 7.8915262818336478 8.5900794863700849 24.413079917430878 41.228761404752731 30.820852056145668 12.208605170249937
leaf_count=68 48 33 37 102 173 129 51
internal_value=0.00256069 0.00472604 0.013022 0.000205226 -0.00476637 0.0188422 0.0118083
internal_weight=152.352 141.184 47.3025 93.8819 65.6418 38.7124 28.24
internal_count=641 593 199 394 275 162 119
is_linear=0
shrinkage=0.03


Tree=46
num_leaves=7
num_cat=0
split_feature=37 40 7 38 6 20
split_gain=8.01889 8.97708 7.7791 5.97662 4.86225 3.49263
threshold=0.066194652728938888 -0.031625976312049657 -0.0099954179891718377 0.0071330589641802134 -0.0062596044621522845 0.025168968285814709
decision_type=2 2 2 2 2 2
left_child=1 5 3 -3 -4 -1
right_child=-2 2 4 -5 -6 -7
leaf_value=-0.022898886734948023 -0.019800925409270694 -0.0020657924162461286 -0.013185941951631084 0.025571964524707527 0.0058280445671700645 0
leaf_weight=10.501307561993601 11.114780887961386 7.5843040943145743 12.252581566572188 27.756102100014687 70.921352416276932 12.088879078626631
leaf_count=43 48 32 52 117 298 51
internal_value=0.00248895 0.00460173 0.00799223 0.019446 0.00260708 -0.0117791
internal_weight=152.219 141.105 118.514 35.3404 83.1739 22.5902
internal_count=641 593 499 149 350 94
is_linear=0
shrinkage=0.03


Tree=47
num_leaves=7
num_cat=0
split_feature=37 40 7 2 38 38
split_gain=7.62222 8.5109 7.37583 9.00598 5.69625 3.0003
threshold=0.066194652728938888 -0.031625976312049657 -0.0099954179891718377 -0.007686280839622305 0.0071330589641802134 0.012286955468693003
decision_type=2 2 2 2 2 2
left_child=1 5 4 -4 -3 -1
right_child=-2 2 3 -5 -6 -7
leaf_value=-0.019996887303581321 -0.01937721997444317 -0.0020163306306706448 -0.015635849753516336 0.0076826142229152088 0.02493428484353338 0
leaf_weight=12.863646537065508 11.061626449227331 7.5862722098827353 16.876594081521034 66.289927214384079 27.664507567882538 9.7309966236352903
leaf_count=53 48 32 72 278 117 41
internal_value=0.00239688 0.00445693 0.00776323 0.00251852 0.0189347 -0.0114835
internal_weight=152.074 141.012 118.417 83.1665 35.2508 22.5946
internal_count=641 593 499 350 149 94
is_linear=0
shrinkage=0.03


Tree=48
num_leaves=8
num_cat=0
split_feature=37 37 38 8 3 16 7
split_gain=7.24883 5.29939 7.95251 7.54886 6.59374 5.29702 3.53986
threshold=0.066194652728938888 0.031141275519671611 0.0078446622209038183 0.059994129544597465 -0.013459479354881841 -62.357336934643577 0.0082944848010200866
decision_type=2 2 2 2 2 2 2
left_child=1 2 5 6 -4 -1 -3
right_child=-2 3 4 -5 -6 -7 -8
leaf_value=0.00028609770470029429 -0.018963985851975864 0.0073113557041080551 0.017114577001919096 -0.010348237037651815 -0.0013963940170482708 -0.025571287627316131 0.02745101776141573
leaf_weight=11.297375842928888 11.007983759045599 20.645779356360435 24.886802852153778 8.5851044803857786 44.356165483593941 13.128047898411749 18.0035600066185
leaf_count=48 48 87 105 37 184 57 75
internal_value=0.00231208 0.00432138 0 0.0122912 0.00533982 -0.0139275 0.0179508
internal_weight=151.911 140.903 93.6684 47.2344 69.243 24.4254 38.6493
internal_count=641 593 394 199 289 105 162
is_linear=0
shrinkage=0.03


Tree=49
num_leaves=8
num_cat=0
split_feature=37 37 38 9 36 6 10
split_gain=6.90177 5.0157 7.54004 6.25561 5.49553 4.22809 2.97631
threshold=0.066194652728938888 0.031141275519671611 0.0078446622209038183 0.13427905968100987 0.0048661564967369562 -0.0051180368583450845 -0.010351119478764824
decision_type=2 2 2 2 2 2 2
left_child=1 2 6 5 -4 -3 -1
right_child=-2 3 4 -5 -6 -7 -8
leaf_value=0 -0.018560798768328928 0.0029479278081388253 0.0175800331329794 -0.010278908221389115 -0.00011542164325867733 0.024261744262563303 -0.020740890896282005
leaf_weight=8.7989730834960955 10.953960955142973 15.845970615744589 20.207200884819031 7.3357879519462577 48.983554556965828 24.04128198325634 15.542956218123434
leaf_count=38 48 67 84 32 205 100 67
internal_value=0.00224085 0.00420211 0 0.0119548 0.00519054 0.0166976 -0.0135942
internal_weight=151.71 140.756 93.5327 47.223 69.1908 39.8873 24.3419
internal_count=641 593 394 199 289 167 105
is_linear=0
shrinkage=0.03


Tree=50
num_leaves=8
num_cat=0
split_feature=34 5 37 4 12 32 3
split_gain=9.96858 5.80637 7.74614 6.46282 4.53226 4.40403 2.21343
threshold=0.041054633164279715 0.097909708928280451 0.031141275519671611 -0.0039736946532739617 63.962816782020681 -0.0056197521806472519 0.029056153506417551
decision_type=2 2 2 2 2 2 2
left_child=1 2 3 -1 -3 -4 -6
right_child=-2 4 5 -5 6 -7 -8
leaf_value=0.006529790735833472 -0.027582190484430759 0.0061129308069678883 -0.00073847897796338517 -0.0099876581613678791 -0.028937581233806898 0.021348792768624052 -0.0035281049631773046
leaf_weight=48.02007731795311 9.1029816716909391 7.1600864529609707 9.2317161560058576 35.022251218557358 8.3965489566326124 27.789032384753227 7.4537305533885947
leaf_count=203 38 30 39 148 37 116 32
internal_value=-9.68616e-05 0.00190463 0.00466579 -0.000330952 -0.0111238 0.015701 -0.019563
internal_weight=152.176 143.073 120.063 83.0423 23.0104 37.0207 15.8503
internal_count=643 605 506 351 99 155 69
is_linear=0
shrinkage=0.03


Tree=51
num_leaves=8
num_cat=0
split_feature=34 20 7 38 32 11 32
split_gain=9.49677 6.82589 8.44438 7.46322 5.5989 2.96704 1.60201
threshold=0.041054633164279715 0.020145110327689366 -0.012905387710952359 0.010715208218792417 0.0061567977572259966 0.0048900538755840559 0.0036592357831636284
decision_type=2 2 2 2 2 2 2
left_child=1 5 4 -4 -3 -1 -7
right_child=-2 2 3 -5 -6 6 -8
leaf_value=0.0016404880246325389 -0.026977210948215213 0.016241683588058414 -0.016396202531111126 0.0018495842903419229 -0.0093644635972966669 0.029229235078231913 0.0063506271750127172
leaf_weight=13.924578920006754 9.0732076019048673 27.751334875822067 38.093170285224915 37.269708931446075 8.0817437171936017 9.7133358269929904 8.075643837451933
leaf_count=57 38 119 165 155 34 41 34
internal_value=-0.000111591 0.00183936 -0.00159848 -0.00736455 0.00988029 0.013718 0.0212926
internal_weight=151.983 142.91 111.196 75.3629 35.8331 31.7136 17.789
internal_count=643 605 473 320 153 132 75
is_linear=0
shrinkage=0.03


Tree=52
num_leaves=8
num_cat=0
split_feature=34 20 7 17 32 11 28
split_gain=9.06704 6.50637 7.96498 5.90753 5.32874 2.82067 2.50315
threshold=0.041054633164279715 0.020145110327689366 -0.012905387710952359 5.8341860959012601 0.0061567977572259966 0.0048900538755840559 5.5000000000000009
decision_type=2 2 2 2 2 2 2
left_child=1 5 4 -4 -3 -1 -7
right_child=-2 2 3 -5 -6 6 -8
leaf_value=0.0015973874342966384 -0.026391599904355953 0.015830613634378966 -0.016702746412536506 0 -0.0091291158639747842 0.03004963478951695 0.0042739404881364604
leaf_weight=13.925235047936441 9.0411621481180173 27.67095260322094 31.252417713403702 43.999384239315987 8.0927762538194639 9.7637353390455264 8.0166695564985258
leaf_count=57 38 119 135 185 34 41 34
internal_value=-9.87104e-05 0.00180496 -0.00155314 -0.00715971 0.00960105 0.0134027 0.0207936
internal_weight=151.762 142.721 111.016 75.2518 35.7637 31.7056 17.7804
internal_count=643 605 473 320 153 132 75
is_linear=0
shrinkage=0.03


Tree=53
num_leaves=6
num_cat=0
split_feature=34 37 37 9 7
split_gain=8.65637 5.51925 6.2638 5.64571 5.32381
threshold=0.041054633164279715 0.066194652728938888 0.031141275519671611 0.13427905968100987 -0.016010401872042425
decision_type=2 2 2 2 2
left_child=1 2 4 -4 -1
right_child=-2 -3 3 -5 -6
leaf_value=0.0094497782390325323 -0.025824257309424455 -0.016487274817472915 0.017651560254645038 -0.0085710818660893074 -0.005905666849031755
leaf_weight=27.904919624328613 9.0070518255233747 11.30852799117565 35.868578523397446 7.0503405034542075 60.413036480545998
leaf_count=120 38 49 150 31 255
internal_value=-8.98569e-05 0.00176727 0.0036767 0.0128202 -0.000786065
internal_weight=151.552 142.545 131.237 42.9189 88.318
internal_count=643 605 556 181 375
is_linear=0
shrinkage=0.03


Tree=54
num_leaves=11
num_cat=0
split_feature=5 40 0 38 15 13 1 40 15 38
split_gain=5.5107 7.65773 6.59007 5.39943 6.5568 2.87673 3.31986 2.699 2.4781 0.714036
threshold=0.097909708928280451 0.0077439691672269726 0.0046576605158457083 0.010715208218792417 -9.8140882649267223 3.0631856367883405 -0.0028786418780606389 -0.012602758717473848 -228.38687776742836 0.011976784364381045
decision_type=2 2 2 2 2 2 2 2 2 2
left_child=1 2 7 4 -3 6 -2 -1 -4 -5
right_child=5 3 8 9 -6 -7 -8 -9 -10 -11
leaf_value=-0.0034871122429632768 0 0.017707679627819967 -0.0015711552872468416 0.032014153303086129 -0.0037378168130175939 0.0016822611485000131 -0.027242086449915007 0.011710202938969681 -0.025591386030783241 0.0098084469869011669
leaf_weight=26.571029946208 6.8235573023557725 17.957089990377426 7.5415404289960888 7.5602236241102201 32.458677008748055 7.0723551511764517 11.172125101089476 14.119089514017103 12.650663688778875 7.4460246115922928
leaf_count=112 30 76 32 32 138 30 49 60 53 31
internal_value=-0.000101913 0.00239674 -0.00502199 0.00946734 0.00399867 -0.0124923 -0.0184242 0.00173641 -0.0182461 0.0243271
internal_weight=151.372 126.304 60.8823 65.422 50.4158 25.068 17.9957 40.6901 20.1922 15.0062
internal_count=643 534 257 277 214 109 79 172 85 63
is_linear=0
shrinkage=0.03


Tree=55
num_leaves=5
num_cat=0
split_feature=9 33 30 38
split_gain=5.28668 4.42622 4.22791 4.49078
threshold=0.14264180437014626 0.1489110999723193 1.0000000180025095e-35 0.010715208218792417
decision_type=2 2 2 2
left_child=1 -1 3 -3
right_child=-2 2 -4 -5
leaf_value=0.017438860974226249 -0.021025905790949269 -0.0064942749956609595 0.015355617414296958 0.0051334495056795234
leaf_weight=12.300056278705595 7.9371696859598151 74.580318823456764 12.213953197002409 46.021191447973251
leaf_count=53 35 319 51 193
internal_value=5.08436e-05 0.00157578 -1.89538e-05 -0.00192346
internal_weight=153.053 145.116 132.815 120.602
internal_count=651 616 563 512
is_linear=0
shrinkage=0.03


Tree=56
num_leaves=6
num_cat=0
split_feature=9 33 40 15 15
split_gain=5.06291 4.21058 4.36912 6.4527 5.52181
threshold=0.14264180437014626 0.1489110999723193 -0.0075819762415798566 -257.92408077416945 1.0000000180025095e-35
decision_type=2 2 2 2 2
left_child=1 -1 3 -3 -4
right_child=-2 2 4 -5 -6
leaf_value=0.017043070001968526 -0.02062260343557611 0.0043484220424032946 0.015514167325237301 -0.020085785034071005 -0.00068363477222435122
leaf_weight=12.25525903701782 7.889458864927291 15.570595622062681 22.54688860476017 18.901610881090164 75.740140095353127
leaf_count=53 35 65 95 79 324
internal_value=5.33541e-05 0.0015455 -5.50778e-06 -0.00900469 0.00311784
internal_weight=152.904 145.014 132.759 34.4722 98.287
internal_count=651 616 563 144 419
is_linear=0
shrinkage=0.03


Tree=57
num_leaves=8
num_cat=0
split_feature=14 21 35 19 4 21 2
split_gain=4.87435 2.704 6.91259 3.95356 9.73779 5.35317 2.12353
threshold=1770.3426089506868 0.022628903556443456 0.02899339201347129 0.11948804433168884 -0.03240251188800302 0.018412160834809423 0.0045262539116448517
decision_type=2 2 2 2 2 2 2
left_child=1 3 6 5 -5 -1 -3
right_child=-2 2 -4 4 -6 -7 -8
leaf_value=0 -0.015924926687042901 0.0035412202778350296 -0.009911516929284981 0.015126173072985662 -0.016315216670724508 0.021361612547203673 0.027691648876792072
leaf_weight=62.060077100992203 13.322881579399107 7.3932337611913743 8.3039856702089292 10.106556102633474 29.581270113587379 11.070311620831488 10.958245262503622
leaf_count=259 58 32 35 46 128 46 47
internal_value=4.71603e-05 0.00188244 0.0101192 -7.5376e-05 -0.00760724 0.00390621 0.0200034
internal_weight=152.797 139.474 26.6555 112.818 39.6878 73.1304 18.3515
internal_count=651 593 114 479 174 305 79
is_linear=0
shrinkage=0.03


Tree=58
num_leaves=6
num_cat=0
split_feature=9 33 40 35 38
split_gain=4.73942 3.95694 4.18372 6.60013 6.52523
threshold=0.14264180437014626 0.1489110999723193 -0.0075819762415798566 -0.047831859373291867 0.010715208218792417
decision_type=2 2 2 2 2
left_child=1 -1 3 -3 -4
right_child=-2 2 4 -5 -6
leaf_value=0.016561900765543678 -0.020026244297830703 0.0097672301370860439 -0.0016903469703697992 -0.016941340537150577 0.014885548342394963
leaf_weight=12.191400691866873 7.8107396066188803 9.7944338321685773 70.314804255962372 24.628363847732544 27.803265631198883
leaf_count=53 35 41 302 103 117
internal_value=5.85204e-05 0.00150285 0 -0.008811 0.0030604
internal_weight=152.543 144.732 132.541 34.4228 98.1181
internal_count=651 616 563 144 419
is_linear=0
shrinkage=0.03


Tree=59
num_leaves=9
num_cat=0
split_feature=4 33 9 38 11 22 23 23
split_gain=4.58081 5.80915 4.8971 6.072 4.49812 3.4684 3.52914 2.89497
threshold=1.0000000180025095e-35 0.61060470848206705 0.14264180437014626 0.0078692675961635084 0.071609624267838914 -0.31868914543979693 1.209157598065717 1.0345744930943546
decision_type=2 2 2 2 2 2 2 2
left_child=4 7 3 -3 5 -1 -7 -2
right_child=1 2 -4 -5 -6 6 -8 -9
leaf_value=-0.0077348570395003651 -0.026041912754266674 -0.010268126379454654 -0.019646050637929638 0.0099854614927638932 -0.012504311346450771 0.015126872833926238 -0.0031004603347473277 -0.00050907678335361929
leaf_weight=7.4837215691804877 12.130652815103533 17.376649513840675 7.7624770402908316 38.730551451444626 8.106044724583624 43.700815886259079 9.7027598619461042 7.4125734120607367
leaf_count=32 51 77 35 162 34 186 42 32
internal_value=5.49105e-05 -0.00452887 0 0.00331717 0.00577945 0.00877238 0.0115521 -0.0180001
internal_weight=152.406 83.4129 63.8697 56.1072 68.9933 60.8873 53.4036 19.5432
internal_count=651 357 274 239 294 260 228 83
is_linear=0
shrinkage=0.03


Tree=60
num_leaves=9
num_cat=0
split_feature=5 20 1 40 37 36 13 32
split_gain=4.82633 5.62069 6.90172 5.79025 5.76527 4.60287 4.30996 3.53856
threshold=0.10246090911832419 0.026087673380580798 -0.020695250475880941 0.046449879312089555 0.0534791058021531 0.0051832416452113556 -5.8440076189963142 0.00035753293359785948
decision_type=2 2 2 2 2 2 2 2
left_child=1 3 -3 6 -5 -4 -1 -2
right_child=7 2 5 4 -6 -7 -8 -9
leaf_value=0.0053847891656565892 -0.028726251479409586 -0.010458521925058918 0 0.022688142832465622 -0.0078766551043979813 0.028049945976790634 -0.011092061085858741 -0.002565040799912413
leaf_weight=15.472155526280401 8.4696245193481463 8.4595998674631137 9.1605900079011935 10.900407478213312 7.4247804731130591 13.96788541972637 65.364802107214928 11.750727936625479
leaf_count=66 38 36 39 46 32 60 276 52
internal_value=-0.00284428 -0.000520272 0.00999205 -0.00414859 0.0100098 0.0183062 -0.00770345 -0.0157974
internal_weight=150.971 130.75 31.5881 99.1621 18.3252 23.1285 80.837 20.2204
internal_count=645 555 135 420 78 99 342 90
is_linear=0
shrinkage=0.03


Tree=61
num_leaves=9
num_cat=0
split_feature=5 38 37 11 14 16 5 18
split_gain=4.63517 4.1649 6.73906 5.1735 9.34256 3.66136 2.49675 2.05611
threshold=0.10246090911832419 0.0078446622209038183 0.031141275519671611 0.0015724614641970949 104.50017453125112 108.98193502342394 0.020923156702998828 0.78548102061231428
decision_type=2 2 2 2 2 2 2 2
left_child=1 2 6 5 -5 -3 -1 -2
right_child=7 3 -4 4 -6 -7 -8 -9
leaf_value=-0.023879350118131006 -0.0016252143946176168 0.018759396211136956 0.0067658629460635011 -0.019691229864113393 0.0051636440527565754 -0.00039522363360456079 -0.00074985757580432971 -0.022957358637638557
leaf_weight=16.630524232983593 8.6156236827373522 21.765123143792152 13.592097863554953 17.536879375576973 41.818408191204071 11.913097828626631 7.3798592090606681 11.529340535402296
leaf_count=72 37 92 59 74 177 49 32 53
internal_value=-0.00276472 -0.000486643 -0.00874754 0.00280825 -0.0023379 0.011921 -0.0179512 -0.0154821
internal_weight=150.781 130.636 37.6025 93.0335 59.3553 33.6782 24.0104 20.145
internal_count=645 555 163 392 251 141 104 90
is_linear=0
shrinkage=0.03


Tree=62
num_leaves=10
num_cat=0
split_feature=26 24 37 36 4 21 15 25 25
split_gain=5.557 5.10731 3.88798 3.66691 3.40967 3.18477 1.82245 1.30522 1.23429
threshold=0.19464722203298424 0.40990259740259744 -0.034589512034751073 0.0071938752021442577 0.074880839707885297 0.02123099077773111 216.31936180855897 0.047270093779152554 0.1434624697336562
decision_type=2 2 2 2 2 2 2 2 2
left_child=3 2 -2 7 -4 -5 -3 -1 -9
right_child=1 6 4 5 -6 -7 -8 8 -10
leaf_value=0 -0.012371386472089319 0 0.010978871707293562 -0.0077837569065489377 -0.0082588995832665931 0.015036620749410427 -0.021168963707525877 -0.025771306747541876 -0.010444522394604985
leaf_weight=7.2368339896202079 6.996670499444007 6.97975145280361 55.825988709926605 10.464463859796526 7.2730140984058371 7.5592939853668204 7.5071804225444794 9.3991347104310972 31.43724051117897
leaf_count=31 30 30 239 44 32 33 33 40 133
internal_value=-0.00270469 0.00224218 0.00578367 -0.00913528 0.00834543 0.00158407 -0.0126066 -0.0133565 -0.0153609
internal_weight=150.68 84.5826 70.0957 66.097 63.099 18.0238 14.4869 48.0732 40.8364
internal_count=645 364 301 281 271 77 63 204 173
is_linear=0
shrinkage=0.03


Tree=63
num_leaves=11
num_cat=0
split_feature=26 34 38 20 14 38 22 34 21 14
split_gain=5.23411 3.68305 3.64899 5.29008 7.33738 5.21495 3.67003 2.63029 3.38077 3.16628
threshold=0.19464722203298424 -0.028886515994581859 0.010800729719838897 0.018584615287296883 -54.96940784764228 0.011833072316681232 0.1424743490753935 0.011630323368040931 0.021117493861329311 796.7537725869189
decision_type=2 2 2 2 2 2 2 2 2 2
left_child=1 -1 3 -2 -5 -4 -7 8 -3 -9
right_child=2 7 5 4 -6 6 -8 9 -10 -11
leaf_value=0.006227972366946985 0.016647896547851624 -0.023561763353692731 0.026875132627185626 0.0073183422757610878 -0.016171799477298847 -0.0071854000311579345 0.016232268941617636 0.0033064505711368195 0 -0.016409795411384917
leaf_weight=9.7191656827926618 8.4199315607547742 21.878575623035434 9.1314474344253558 17.51288315653801 27.632913485169411 14.466395527124407 7.364955246448516 17.066661611199383 8.0481174886226636 9.330529570579527
leaf_count=41 36 93 39 75 121 62 31 71 35 41
internal_value=-0.00266126 -0.0089053 0.00213699 -0.00239258 -0.00681748 0.0100979 0.000784548 -0.0118979 -0.017886 -0.00379927
internal_weight=150.572 66.043 84.5285 53.5657 45.1458 30.9628 21.8314 56.3239 29.9267 26.3972
internal_count=645 281 364 232 196 132 93 240 128 112
is_linear=0
shrinkage=0.03


Tree=64
num_leaves=8
num_cat=0
split_feature=35 16 34 34 25 20 38
split_gain=5.41373 5.13166 4.41461 8.84304 4.32235 2.44318 0.445892
threshold=-0.05141627340112364 127.10437979648181 0.039020180631897612 0.0098691045479241141 0.27236363636363642 0.026554763506772681 0.01112767633036024
decision_type=2 2 2 2 2 2 2
left_child=5 2 3 -2 6 -1 -3
right_child=1 4 -4 -5 -6 -7 -8
leaf_value=0 -0.0070924203378919873 -0.027736349269786544 -0.020240244835501148 0.011235339935047921 0 0.020425747852662188 -0.0086941402649456916
leaf_weight=7.8946484029293087 52.51799938082695 12.525205671787264 7.920981526374816 39.698777243494987 12.873379796743391 9.9922847151756269 6.9110246896743766
leaf_count=33 226 56 33 168 56 43 30
internal_value=-0.00257317 -0.0047836 -0.00116478 0.000709379 -0.0148406 0.0118752 -0.0231081
internal_weight=150.334 132.447 100.138 92.2168 32.3096 17.8869 19.4362
internal_count=645 569 427 394 142 76 86
is_linear=0
shrinkage=0.03


Tree=65
num_leaves=9
num_cat=0
split_feature=20 7 20 10 2 20 2 26
split_gain=5.67211 7.50402 7.32598 6.66007 6.39906 6.22537 5.11636 4.67188
threshold=0.019000039964387941 -0.0078165952141700714 0.026251087016376167 0.0055863272031717601 0.0050392002804217082 0.020446511738664776 -0.038239770737943539 0.067424242424242428
decision_type=2 2 2 2 2 2 2 2
left_child=3 6 5 -1 -4 -3 -2 -8
right_child=1 2 4 -5 -6 -7 7 -9
leaf_value=0.029489133921336393 -0.0099719327728685324 0.0023868865601889872 -0.015439418060450129 -0.00054927316148614875 0.014815960966617817 -0.019381600739650232 -0.0064401299615346047 0.017585897375987671
leaf_weight=10.04754960536957 9.8295638114213926 14.075178533792494 7.0177880227565792 12.558460563421248 17.638662412762642 41.592534154653549 7.2999025583267203 29.216800734400749
leaf_count=43 42 59 31 53 75 181 31 127
internal_value=0.000222158 -0.00220461 -0.00777156 0.0135038 0.00512957 -0.0137256 0.00705575 0.0123085
internal_weight=149.276 126.67 80.3242 22.606 24.6565 55.6677 46.3463 36.5167
internal_count=642 546 346 96 106 240 200 158
is_linear=0
shrinkage=0.03


Tree=66
num_leaves=11
num_cat=0
split_feature=4 2 26 36 8 37 5 37 21 3
split_gain=6.08536 6.42204 5.85758 4.55282 4.14607 4.04828 3.54749 3.33578 3.15381 0.76464
threshold=0.0011540202308978344 -0.016808527621238186 0.24140442890442895 0.0060633783058748588 0.0026771127724887571 0.066194652728938888 -0.039626041703152474 0.03043763141606071 0.017116930286834715 -0.037508697495024938
decision_type=2 2 2 2 2 2 2 2 2 2
left_child=1 6 3 -3 -2 7 -1 -6 -4 -8
right_child=4 2 8 -5 5 -7 9 -9 -10 -11
leaf_value=0.0070570810860588144 -0.023013354380231006 0.014052074910693439 0.032120475044445096 -0.011886262531466466 -0.0062338360897680207 -0.017985963830671046 -0.0030505532336000491 0.0074722201165056427 0.0081144421092107667 -0.020674459112319316
leaf_weight=9.5483540594577807 8.6332424134016019 9.7373444586992282 12.858202025294306 10.597939014434813 28.836599335074425 10.462866201996802 7.0931910872459412 30.710068762302399 13.273434504866598 7.2389985471963865
leaf_count=41 37 41 55 45 125 48 30 131 59 30
internal_value=0.000214914 0.00662258 0.013027 8.57984e-06 -0.00535295 -0.00238816 -0.00530332 0.000604201 0.0219037 -0.0143123
internal_weight=148.99 70.3475 46.4669 20.3353 78.6428 70.0095 23.8805 59.5467 26.1316 14.3322
internal_count=642 301 200 86 341 304 101 256 114 60
is_linear=0
shrinkage=0.03


Tree=67
num_leaves=9
num_cat=0
split_feature=20 7 2 20 10 2 40 7
split_gain=5.36857 6.99816 7.02953 8.56565 6.32962 4.7845 3.2256 0.254238
threshold=0.019000039964387941 -0.0078165952141700714 -0.0070606103529094457 0.026251087016376167 0.0055863272031717601 -0.038239770737943539 0.0041938850390261804 0.0026742266054238652
decision_type=2 2 2 2 2 2 2 2
left_child=4 5 7 -4 -1 -2 -7 -3
right_child=1 2 3 -5 -6 6 -8 -9
leaf_value=0.028778117550864207 -0.0096468486778834815 -0.031639041970973884 -0.01017298769179256 0.012317230464382526 -0.00052427926574686538 0.020176769796232244 0.0015361078703542911 -0.011882173197074512
leaf_weight=9.9890999197959918 9.8289278596639615 7.2911512106657019 43.524990901350975 20.621574938297272 12.545541256666182 18.340877264738083 18.014927536249161 8.6247314810752851
leaf_count=43 42 32 187 88 53 80 78 39
internal_value=0.00019728 -0.00216497 -0.00755154 -0.00256234 0.0131405 0.00678735 0.0118928 -0.0242917
internal_weight=148.782 126.247 80.0624 64.1466 22.5346 46.1847 36.3558 15.9159
internal_count=642 546 346 275 96 200 158 71
is_linear=0
shrinkage=0.03


Tree=68
num_leaves=7
num_cat=0
split_feature=37 20 20 24 10 24
split_gain=5.55132 5.49963 4.98266 7.446 4.37263 3.39872
threshold=0.066194652728938888 0.019000039964387941 0.026392979886029431 0.36047538702295806 0.0055863272031717601 -0.35619234505616504
decision_type=2 2 2 2 2 2
left_child=1 4 3 -3 -1 -4
right_child=-2 2 5 -5 -6 -7
leaf_value=0.028164710538866884 -0.017658248548822527 0.00084174890251226709 -0.0035847512680995349 -0.01877484260646196 0.00038525748961199148 0.014861749021850642
leaf_weight=9.9446866810321826 12.072646319866179 59.003669932484627 11.124939009547232 21.885632023215294 10.978688478469847 23.510259330272675
leaf_count=43 55 254 48 94 46 102
internal_value=0.000185348 0.00210474 -0.000425629 -0.00460975 0.0155483 0.00865499
internal_weight=148.521 136.448 115.525 80.8893 20.9234 34.6352
internal_count=642 587 498 348 89 150
is_linear=0
shrinkage=0.03


Tree=69
num_leaves=10
num_cat=0
split_feature=4 33 32 33 5 22 24 13 24
split_gain=5.52537 6.68969 4.32733 4.31116 4.86593 4.21273 4.05318 2.94559 0.730652
threshold=0.0011540202308978344 0.61060470848206705 -0.015749379379552227 0.88772824982873899 0.10648259481283263 -0.31868914543979693 -0.67067794806309455 3.3501591285553833 -0.23389154704944176
decision_type=2 2 2 2 2 2 2 2 2
left_child=2 8 -1 4 -3 -4 -7 -5 -2
right_child=1 3 5 7 -6 6 -8 -9 -10
leaf_value=-0.011177770179169494 -0.0071549668066979806 0.010792920484305185 -0.0087153846835895978 -0.019805248433967641 -0.013965388682579283 -0.0038161095818858262 0.016055893710895337 0 -0.026866158837224176
leaf_weight=8.5750946551561338 7.2532258033752468 32.115915596485138 7.7658832818269721 11.328449353575708 6.7620839923620215 9.267417445778845 44.437069475650787 11.314353764057158 9.5233777761459333
leaf_count=36 31 138 33 51 31 39 193 48 42
internal_value=0.000181708 -0.00513034 0.00630535 -9.69394e-05 0.00564716 0.00925593 0.0123435 -0.0102262 -0.0208129
internal_weight=148.343 78.2974 70.0455 61.5208 38.878 61.4704 53.7045 22.6428 16.7766
internal_count=642 341 301 268 169 265 232 99 73
is_linear=0
shrinkage=0.03


Tree=70
num_leaves=8
num_cat=0
split_feature=33 2 34 5 32 32 24
split_gain=5.03772 5.05864 4.60939 6.98343 4.87702 2.24643 1.56052
threshold=0.14239717276623806 -0.016808527621238186 0.027552504837503159 0.10457784187305598 0.0033252723715905268 -0.0066560317380258685 -0.46544214117029648
decision_type=2 2 2 2 2 2 2
left_child=-1 5 3 -3 -4 -2 -7
right_child=1 2 4 -5 -6 6 -8
leaf_value=0.017175330691398101 -0.022703627928103189 0.0086044608141451397 -0.023574667871632531 -0.012740531989755239 0.0037276339313430094 0.0042617397260678834 -0.011748199992273939
leaf_weight=12.956323370337484 9.999435633420946 73.987023308873177 10.011244937777521 14.536494985222815 9.0802078843116742 7.9521624743938473 8.653303533792494
leaf_count=57 43 319 43 66 39 34 37
internal_value=0.000589846 -0.00112971 0.00169945 0.00472964 -0.0107559 -0.0124166 -0.00364106
internal_weight=147.176 134.22 107.615 88.5235 19.0915 26.6049 16.6055
internal_count=638 581 467 385 82 114 71
is_linear=0
shrinkage=0.03


Tree=71
num_leaves=8
num_cat=0
split_feature=4 17 20 40 36 33 35
split_gain=5.85381 5.90821 4.01468 5.86252 4.86907 3.20072 1.66019
threshold=-0.055245469046889366 -78.742299980275547 0.026018788256283218 -0.029993405424087568 0.0052198421656300025 0.62696308154158553 0.02349361084536206
decision_type=2 2 2 2 2 2 2
left_child=6 5 3 -3 -4 -2 -1
right_child=1 2 4 -5 -6 -7 -8
leaf_value=0.02771985679073935 -0.0270303829625098 -0.023115468063265976 -0.0051035167592268357 0.00055213987556890676 0.019483343705731508 0 0.0043202669174530394
leaf_weight=6.2628920972347251 9.4395168274641055 8.5083703398704511 9.1157476902008074 80.747918009757996 17.628949895501137 7.1212467551231375 8.1819201409816724
leaf_count=30 40 35 39 350 76 31 37
internal_value=0.000554825 -0.00141468 0.000961778 -0.00199677 0.0108092 -0.0171789 0.0175152
internal_weight=147.007 132.562 116.001 89.2563 26.7447 16.5608 14.4448
internal_count=638 571 500 385 115 71 67
is_linear=0
shrinkage=0.03


Tree=72
num_leaves=8
num_cat=0
split_feature=4 17 20 36 20 33 35
split_gain=5.63198 5.6253 3.7972 4.63359 4.28193 3.04202 1.60471
threshold=-0.055245469046889366 -78.742299980275547 0.026018788256283218 0.0052198421656300025 0.020145110327689366 0.62696308154158553 0.02349361084536206
decision_type=2 2 2 2 2 2 2
left_child=6 5 4 -4 -3 -2 -1
right_child=1 2 3 -5 -6 -7 -8
leaf_value=0.027312962511151648 -0.026394653156005216 0.0061521932469508758 -0.0049780759543512484 0.018990975181454334 -0.0070267539996085567 0 0.0042203408445875999
leaf_weight=6.1963129490613928 9.4252495467662829 33.099720910191536 9.1154893487691897 17.595782548189163 56.14899143576622 7.1212467551231375 8.1718834489583951
leaf_count=30 40 140 39 76 245 31 37
internal_value=0.000535627 -0.00139066 0.000925321 0.0105119 -0.00194697 -0.0167797 0.017216
internal_weight=146.875 132.506 115.96 26.7113 89.2487 16.5465 14.3682
internal_count=638 571 500 115 385 71 67
is_linear=0
shrinkage=0.03


Tree=73
num_leaves=9
num_cat=0
split_feature=4 32 23 16 33 0 31 38
split_gain=5.41416 4.33712 3.76491 4.1548 4.07124 3.72835 3.50868 2.51509
threshold=-0.055245469046889366 -0.0030259313147266149 0.88583358230382492 -25.778681582235333 0.40417933082966556 0.0026744948375465598 -1.4999999999999998 0.0095486923843040739
decision_type=2 2 2 2 2 2 2 2
left_child=7 5 3 -3 -4 6 -2 -1
right_child=1 2 4 -5 -6 -7 -8 -9
leaf_value=0.026799661097591184 -0.015774685676273447 0.023803219638727856 -0.014508460093536528 0.00045132598326853423 0.0023625527289424346 -0.02705451198341241 0.0027320486814259625 0.00025003984220087124
leaf_weight=7.6474769711494428 12.314140930771826 10.985394909977915 15.069692045450209 17.619647368788719 47.620908230543137 6.8589477688074103 21.946196794509888 6.6440847963094711
leaf_count=37 53 48 64 75 206 30 95 30
internal_value=0.000525755 -0.00135794 0.0021708 0.0108789 -0.00178423 -0.00927783 -0.00400931 0.0169235
internal_weight=146.706 132.415 91.2956 28.605 62.6906 41.1193 34.2603 14.2916
internal_count=638 571 393 123 270 178 148 67
is_linear=0
shrinkage=0.03


Tree=74
num_leaves=8
num_cat=0
split_feature=33 2 34 16 32 36 35
split_gain=4.6936 4.41838 4.32818 4.93807 4.55471 3.42384 2.03292
threshold=0.14239717276623806 -0.016808527621238186 0.027552504837503159 -83.743257016263499 0.0033252723715905268 0.0071587036802125692 0.035744154481487385
decision_type=2 2 2 2 2 2 2
left_child=-1 5 3 -3 -4 6 -2
right_child=1 2 4 -5 -6 -7 -8
leaf_value=0.016613894049528292 -0.026225220099490874 0.016533540431745448 -0.023001011136502308 0.00014137158620039112 0.0033699631557604268 0.0028321062700809442 -0.0032636098294214003
leaf_weight=12.811680406332014 10.548208177089696 20.800097867846489 9.9564422518014926 67.395926475524902 9.1050177663564664 7.9425048530101767 7.9971914440393439
leaf_count=57 46 94 43 291 39 34 34
internal_value=0.000516446 -0.00113711 0.00150278 0.00445449 -0.0105684 -0.0117084 -0.0183353
internal_weight=146.557 133.745 107.257 88.196 19.0615 26.4879 18.5454
internal_count=638 581 467 385 82 114 80
is_linear=0
shrinkage=0.03


Tree=75
num_leaves=6
num_cat=0
split_feature=11 9 1 9 9
split_gain=4.22777 4.54944 3.98459 4.42814 3.84835
threshold=-0.043189645355758803 0.14957104466118026 0.019402692932563362 -0.023268256519137213 0.055746728562418885
decision_type=2 2 2 2 2
left_child=-1 2 3 -2 -4
right_child=1 -3 4 -5 -6
leaf_value=-0.021835593452950997 0.0098080917928743405 -0.021911464550924499 -6.8012452438995582e-05 -0.0053882618363823003 0.019911335645810314
leaf_weight=7.5047894120216361 19.050259783864021 6.7803420424461356 15.415023639798166 86.209738507866859 14.29467163980007
leaf_count=31 84 32 66 374 61
internal_value=-0.00238341 -0.000959723 0.000287874 -0.00236653 0.00972145
internal_weight=149.255 141.75 134.97 105.26 29.7097
internal_count=648 617 585 458 127
is_linear=0
shrinkage=0.03


Tree=76
num_leaves=6
num_cat=0
split_feature=11 14 20 28 36
split_gain=4.03676 3.22385 5.9968 4.52157 4.41059
threshold=-0.043189645355758803 1770.3426089506868 0.027406862971219543 4.5000000000000009 0.0076788407034818198
decision_type=2 2 2 2 2
left_child=-1 2 4 -4 -2
right_child=1 -3 3 -5 -6
leaf_value=-0.021346203995772903 0.00053429858274475967 -0.014048689615314887 -0.00042588245359739303 0.025176487229733667 -0.014300554368242983
leaf_weight=7.4925769120454779 87.215288400650024 13.170286029577253 9.0138386636972445 12.047483265399931 20.181985035538673
leaf_count=31 380 59 39 52 87
internal_value=-0.00232478 -0.00093083 0.000493862 0.0144821 -0.00232681
internal_weight=149.121 141.629 128.459 21.0613 107.397
internal_count=648 617 558 91 467
is_linear=0
shrinkage=0.03


Tree=77
num_leaves=8
num_cat=0
split_feature=9 9 1 13 31 21 32
split_gain=3.7252 4.70231 6.32116 5.5962 3.84317 3.72213 3.70271
threshold=0.14957104466118026 0.049558039118112435 0.024168212145190941 -5.9497297492213468 -1.4999999999999998 0.020203782454568376 -0.0077108878172839615
decision_type=2 2 2 2 2 2 2
left_child=1 3 4 6 -3 -5 -1
right_child=-2 2 -4 5 -6 -7 -8
leaf_value=-0.0037881382636641976 -0.021415010426808257 0.015277673816651557 0.023298288840264744 -0.012537715927840167 -0.0055697805701702633 0.0017164772422863166 0.021105351879720673
leaf_weight=7.9546818435192135 6.7050777524709693 8.6994828879833204 12.11470991373062 55.547901958227158 28.994308948516846 20.057166770100594 8.9168418794870359
leaf_count=34 32 37 51 238 128 89 39
internal_value=-0.00226971 -0.000979202 0.00617042 -0.00503791 0 -0.00861617 0.00941599
internal_weight=148.99 142.285 49.8085 92.4766 37.6938 75.6051 16.8715
internal_count=648 616 216 400 165 327 73
is_linear=0
shrinkage=0.03


Tree=78
num_leaves=7
num_cat=0
split_feature=11 4 38 37 38 11
split_gain=3.79707 3.47496 4.63799 7.26971 4.94313 4.19391
threshold=-0.043189645355758803 0.07758590795612065 0.011218213690268415 0.031141275519671611 0.011833072316681232 0.019703951155488734
decision_type=2 2 2 2 2 2
left_child=-1 2 3 -2 -4 -3
right_child=1 5 4 -5 -6 -7
leaf_value=-0.020660206479061492 -0.010537004738461432 0.0027744891639996912 0.028194148083035844 0.0066136345823323067 0.0026978418926480361 -0.023233003125620752
leaf_weight=7.4701971858739844 47.650522902607918 7.6727324873209026 7.8113621771335593 37.522669047117233 30.106671616435051 10.634805008769034
leaf_count=31 209 33 34 164 128 49
internal_value=-0.0021933 -0.000838537 0.00093102 -0.00283091 0.00947546 -0.0123948
internal_weight=148.869 141.399 123.091 85.1732 37.918 18.3075
internal_count=648 617 535 373 162 82
is_linear=0
shrinkage=0.03


Tree=79
num_leaves=8
num_cat=0
split_feature=9 38 2 35 40 1 34
split_gain=3.53645 4.64289 9.19867 5.74885 5.03444 5.0712 4.6189
threshold=0.14957104466118026 0.010800729719838897 -0.013008879846361563 0.048085910762735835 0.011984135885101612 -0.0047377128639203838 0.027552504837503159
decision_type=2 2 2 2 2 2 2
left_child=1 4 -3 -4 5 -1 -6
right_child=-2 2 3 -5 6 -7 -8
leaf_value=0 -0.020872926637729061 -0.013322302871789074 0.019197620688389146 -0.0061308496509571197 0.0046864170428767725 -0.024496546145706836 -0.015007720904169852
leaf_weight=14.245295375585558 6.6209985911846152 13.94806034862995 30.901708573102951 8.5529952049255353 45.503163054585457 17.136659324169159 11.824525579810141
leaf_count=61 32 59 132 36 202 75 51
internal_value=-0.00212918 -0.000874271 0.00585658 0.0133142 -0.00513136 -0.0143973 2.44424e-06
internal_weight=148.733 142.112 53.4028 39.4547 88.7096 31.382 57.3277
internal_count=648 616 227 168 389 136 253
is_linear=0
shrinkage=0.03


Tree=80
num_leaves=13
num_cat=0
split_feature=11 4 12 11 23 4 20 2 26 33 6 26
split_gain=3.80066 6.99449 4.89711 4.85389 6.20716 3.07789 2.67827 2.58248 4.61982 1.9187 1.72044 1.44052
threshold=0.043047206234076214 1.0000000180025095e-35 43.775328172893246 0.077498228330492705 0.93860323555678815 -0.03575740527981796 0.024604980185640397 0.029770975744523923 0.059262510974539072 0.71821839155285339 -0.0051180368583450845 0.19870958222254223
decision_type=2 2 2 2 2 2 2 2 2 2 2 2
left_child=1 2 5 4 -2 -1 -6 8 -3 -5 -4 -9
right_child=3 7 10 9 6 -7 -8 11 -10 -11 -12 -13
leaf_value=0.0050175396140048519 0.029715238584965848 0.0037316531153881709 0.0030881616185871362 0.0025361207969867706 -0.0090799209711671953 -0.014584504373616289 0.01094394937642938 -0.0079207368847554298 -0.019449825655913685 -0.015925420979333808 0.023211671975650029 0.0090180143546790131
leaf_weight=14.277617007493975 11.420934468507768 8.0988672375678998 9.2295512855052966 8.5817867368459684 8.0174389481544512 10.310844406485556 12.119652882218359 6.9587561637163144 30.217651128768921 6.6395873278379431 10.872283115983008 7.0306107997894287
leaf_count=66 50 35 39 37 34 43 53 30 136 31 47 30
internal_value=0.000265813 -0.00300893 0.00536711 0.00720839 0.0137783 -0.00311692 0.00219393 -0.0103757 -0.0142359 -0.00556009 0.0157664 0
internal_weight=143.776 96.9962 44.6903 46.7794 31.558 24.5885 20.1371 52.3059 38.3165 15.2214 20.1018 13.9894
internal_count=631 426 195 205 137 109 87 231 171 68 86 60
is_linear=0
shrinkage=0.03


Tree=81
num_leaves=12
num_cat=0
split_feature=16 33 23 13 5 0 19 19 19 23 22
split_gain=3.98339 5.08276 4.45096 3.42019 4.25716 3.42476 2.95835 4.04476 3.42677 2.04218 1.93098
threshold=1.0000000180025095e-35 0.63095787010946613 0.86136898747428636 -0.13557187274242108 0.11085940871082135 0.01946742256906309 0.12465568221896932 0.066955296376311188 0.15638469563182103 1.0135617642127903 -0.012688802712997492
decision_type=2 2 2 2 2 2 2 2 2 2 2
left_child=2 9 10 4 -3 -5 7 -4 -8 -2 -1
right_child=1 3 6 5 -6 -7 8 -9 -10 -11 -12
leaf_value=0.024917031537542697 -0.027120552894425765 0.016563190814068721 0.011087668496385674 -0.013918105664598113 -0.0071428938972651988 0.0059788640864354868 0.018903906193517752 -0.011103942757295465 -0.0049337257937831875 -0.0029252123931960191 0.0051878140870087889
leaf_weight=9.8235218375921267 8.7640411406755465 15.999356597661974 7.7279674708843222 19.189318582415584 8.4663396924734098 9.6178221553564054 10.838361218571665 25.474514588713646 6.8547661304473868 7.3895424455404273 13.374307632446287
leaf_count=44 38 69 32 86 40 41 49 109 30 34 59
internal_value=0.000272672 -0.00471086 0.00514051 0 0.00787309 -0.00683133 0 -0.0051762 0.00934378 -0.0184202 0.0154524
internal_weight=143.52 69.4264 74.0934 53.2728 24.4657 28.8071 50.8956 33.2025 17.6931 16.1536 23.1978
internal_count=631 308 323 236 109 127 220 141 79 72 103
is_linear=0
shrinkage=0.03


Tree=82
num_leaves=8
num_cat=0
split_feature=3 38 2 38 18 22 38
split_gain=4.5207 3.63608 3.74204 7.83004 4.26311 3.48596 4.14228
threshold=-0.060831885062670336 0.011082645152448917 0.0038961713613342446 0.014496960110385312 0.83853546755571162 -0.31868914543979693 0.0092944707087065179
decision_type=2 2 2 2 2 2 2
left_child=-1 5 3 -3 -4 -2 -7
right_child=1 2 4 -5 -6 6 -8
leaf_value=0.021804468899109804 -0.019837132790682104 0.0096364902427573326 0.02112733990516755 -0.025148378542305765 -0.0014310774745426907 0.0021258363510406552 -0.0124283263463589
leaf_weight=6.3328214287757865 9.9203875511884672 12.858722627162935 16.848928257822994 7.3937569856643668 10.219781339168547 57.235498517751694 22.530748710036278
leaf_count=30 44 56 73 32 44 254 98
internal_value=0.000268085 -0.000918862 0.00552883 -0.00350756 0.0125819 -0.00453084 -0.00200512
internal_weight=143.341 137.008 47.3212 20.2525 27.0687 89.6866 79.7662
internal_count=631 601 205 88 117 396 352
is_linear=0
shrinkage=0.03


Tree=83
num_leaves=11
num_cat=0
split_feature=11 11 4 21 10 25 38 11 23 36
split_gain=3.50157 6.54742 5.15195 4.6003 4.6171 3.61356 3.00633 6.70814 2.5138 2.40278
threshold=0.056970152196121567 0.077498228330492705 1.0000000180025095e-35 0.019662003650089608 -0.016920471167998271 0.17667066826730696 0.010800729719838897 -0.0080820062462133007 1.0135617642127903 0.0048025343773244068
decision_type=2 2 2 2 2 2 2 2 2 2
left_child=2 5 3 4 -1 -2 8 -8 -4 -3
right_child=1 9 6 -5 -6 -7 7 -9 -10 -11
leaf_value=-0.012233062555983427 0.00070591072401883428 0.0050598092665914566 -0.021993707998502691 0.01904535539182961 0.0078132333239586856 0.028317996167688719 -0.020053828757815858 0.011494949720930122 -0.0045459479502427775 -0.015689972094235411
leaf_weight=16.255999684333798 7.9578698128461864 7.2223797142505628 16.038197100162506 12.21104024350643 21.559030666947368 11.954488307237623 7.4100167006254223 15.051149904727934 19.586404323577881 7.9159077405929565
leaf_count=69 35 31 72 58 92 52 31 64 90 37
internal_value=0.000255666 0.00832039 -0.00232639 0.00444776 -0.000609182 0.0190391 -0.00836408 0 -0.0135512 -0.00547994
internal_weight=143.162 35.0506 108.112 50.0261 37.815 19.9124 58.0858 22.4612 35.6246 15.1383
internal_count=631 155 476 219 161 87 257 95 162 68
is_linear=0
shrinkage=0.03


Tree=84
num_leaves=7
num_cat=0
split_feature=3 40 16 38 6 38
split_gain=4.2543 5.21314 5.70102 5.43255 5.19869 3.65559
threshold=-0.060831885062670336 -0.031625976312049657 -35.646969715267851 0.0071330589641802134 -0.01778883378364508 0.012286955468693003
decision_type=2 2 2 2 2 2
left_child=-1 5 4 -4 -3 -2
right_child=1 2 3 -5 -6 -7
leaf_value=0.021244602821229256 -0.025018226876773877 -0.0092690948974371423 -0.020065946185902548 0.0002290403342430944 0.014854889060614334 0
leaf_weight=6.2554999589920035 10.496032953262331 7.9367729276418677 12.370338276028631 60.218066975474358 35.740640118718147 9.9521880894899351
leaf_count=30 44 33 57 266 158 43
internal_value=0.000247438 -0.00089763 0.00151713 -0.00347378 0.00992894 -0.0142077
internal_weight=142.97 136.714 116.266 72.5884 43.6774 20.4482
internal_count=631 601 514 323 191 87
is_linear=0
shrinkage=0.03


Tree=85
num_leaves=7
num_cat=0
split_feature=35 3 21 15 13 19
split_gain=7.31116 5.17875 5.19829 7.31533 3.90172 2.34189
threshold=-0.056255757477277006 -0.0539550134435045 0.014945510043892647 303.37177754699064 5.4995993645702628 0.13106432249469516
decision_type=2 2 2 2 2 2
left_child=5 -2 3 -3 -4 -1
right_child=1 2 4 -5 -6 -7
leaf_value=0.0018387418646419035 0.019261557629603285 -0.0066281372289075215 -0.012229238417030884 0.017963340969905751 0.0027241535152237842 0.02697183947917783
leaf_weight=7.3969688564538947 6.7293585091829291 22.346017837524414 63.649678871035576 17.212165698409081 17.806404918432236 8.4844319075345975
leaf_count=32 31 95 283 75 77 38
internal_value=-0.000253664 -0.00282868 -0.0044722 0.00406047 -0.00879373 0.0176196
internal_weight=143.625 127.744 121.014 39.5582 81.4561 15.8814
internal_count=631 561 530 170 360 70
is_linear=0
shrinkage=0.03


Tree=86
num_leaves=7
num_cat=0
split_feature=35 3 19 25 35 19
split_gain=6.96793 4.94285 4.39743 4.36382 4.16673 2.23483
threshold=-0.056255757477277006 -0.0539550134435045 0.11126378243225857 0.26598639455782319 0.041078361526139202 0.13106432249469516
decision_type=2 2 2 2 2 2
left_child=5 -2 4 -4 -3 -1
right_child=1 2 3 -5 -6 -7
leaf_value=0.0017956159327250933 0.018891114031616415 -0.0045299787880651162 -0.017339163416786416 -0.00024030545289220774 0.010864832466740958 0.026431006238054174
leaf_weight=7.395445153117179 6.6952166855335227 41.074526622891426 31.735928356647491 25.442951872944832 22.72005632519722 8.4398998320102674
leaf_count=32 31 179 143 113 95 38
internal_value=-0.000213224 -0.00272874 -0.00433504 -0.0102494 0.00088841 0.0172583
internal_weight=143.504 127.669 120.973 57.1789 63.7946 15.8353
internal_count=631 561 530 256 274 70
is_linear=0
shrinkage=0.03


Tree=87
num_leaves=11
num_cat=0
split_feature=20 20 14 36 38 15 20 28 38 19
split_gain=4.14543 4.70903 4.46565 3.37182 3.25114 4.69328 4.21262 3.07032 1.90415 0.990988
threshold=0.026251087016376167 0.019086284614071389 1770.3426089506868 0.0061225238944103482 0.010800729719838897 -83.546078233655876 0.022919322100229681 8.5000000000000018 0.012286955468693003 0.14431841181733265
decision_type=2 2 2 2 2 2 2 2 2 2
left_child=1 7 3 8 5 -3 -6 -1 -2 -5
right_child=2 4 -4 9 6 -7 -8 -9 -10 -11
leaf_value=0.016637948782064774 0.011003963633106472 0.0001431073513105864 -0.009095168629482106 0.0085575818783261461 0.0184588333554138 -0.016538707809773307 -0.0057485093370539479 -0.0047625760042429707 -0.0073518623942725016 0.031428336650961494
leaf_weight=13.266542613506319 8.6560082137584704 21.702952891588211 8.3230914622545225 7.6140101701021177 7.5521488487720516 37.63333286345005 17.186886504292488 7.3350808322429648 7.1227323263883582 6.938285231590271
leaf_count=58 39 93 38 34 32 170 74 31 30 32
internal_value=-0.00018602 -0.00338894 0.00785866 0.0132497 -0.0066345 -0.0103869 0.00190828 0.00860756 0.00197929 0.0228481
internal_weight=143.331 104.677 38.6541 30.331 84.0753 59.3363 24.739 20.6016 15.7787 14.5523
internal_count=631 458 173 135 369 263 106 89 69 66
is_linear=0
shrinkage=0.03


Tree=88
num_leaves=12
num_cat=0
split_feature=20 21 15 15 15 16 34 38 15 34 38
split_gain=3.93898 4.98787 6.39795 4.85196 4.40513 4.14371 3.65366 3.21781 3.08531 2.45705 2.47068
threshold=0.026251087016376167 0.014945510043892647 303.37177754699064 43.195000467811163 444.3150975109217 -11.44619547528009 -0.002991407225890141 0.010800729719838897 172.14714476379112 0.016094283754476416 0.013362114165163882
decision_type=2 2 2 2 2 2 2 2 2 2 2
left_child=1 2 3 -1 8 -4 -2 -6 -3 -8 -11
right_child=6 4 5 -5 7 -7 9 -9 -10 10 -12
leaf_value=0.0051162230243147503 0.019756794067339749 -0.0061253018758359989 0.029994019098573636 -0.020188586354972778 -0.02507130628673163 6.5216920098280339e-06 -0.011135984252599315 0 0.01311867452533688 0.015154439929728543 -0.0048632678225516406
leaf_weight=14.264708340168001 12.566300526261328 33.185159906744957 8.7991224974393862 9.2807779014110547 16.245413824915889 8.396552696824072 8.1686638444662112 7.0603958815336219 7.305515617132186 10.916832000017168 6.9016122817993155
leaf_count=60 58 143 37 40 76 38 36 31 33 49 30
internal_value=-0.000156839 -0.00328295 0.00454943 -0.00507053 -0.00849902 0.017659 0.0076936 -0.0184053 -0.00184614 0.000329378 0.00693578
internal_weight=143.091 104.538 40.7412 23.5455 63.7965 17.1957 38.5534 23.3058 40.4907 25.9871 17.8184
internal_count=631 458 175 100 283 75 173 107 176 115 79
is_linear=0
shrinkage=0.03


Tree=89
num_leaves=10
num_cat=0
split_feature=35 19 21 35 25 22 21 19 7
split_gain=6.28786 4.15131 5.23118 7.7663 4.97237 2.66922 2.36259 2.09782 1.28699
threshold=-0.056255757477277006 0.11126378243225857 0.017934704076734909 0.041078361526139202 0.17944964871194383 0.1424743490753935 0.017280895439240718 0.13106432249469516 0.0031192439118374448
decision_type=2 2 2 2 2 2 2 2 2
left_child=7 2 3 -2 5 -3 -6 -1 -4
right_child=1 4 8 -5 6 -7 -8 -9 -10
leaf_value=0.0015300602886945483 -0.010722228015170089 -0.023741322131862155 0.025879368686087104 0.012379621980948443 0.010657438663490412 -0.00066467345236976248 -0.005392141719176939 0.025460693043069877 0.0045642360892047739
leaf_weight=7.3625758588314048 33.035206854343414 17.56727729737759 6.7522681504487982 18.662267163395882 9.6784930974245054 7.8063022047281256 25.590674206614494 8.3295417875051481 8.0639715492725355
leaf_count=32 144 81 30 78 44 35 114 38 35
internal_value=-0.000141426 -0.00253807 0.00244583 -0.00195287 -0.00814749 -0.0177569 -0.000249804 0.0165228 0.0170929
internal_weight=142.849 127.156 66.5137 51.6975 60.6427 25.3736 35.2692 15.6921 14.8162
internal_count=631 561 287 222 274 116 158 70 65
is_linear=0
shrinkage=0.03


Tree=90
num_leaves=9
num_cat=0
split_feature=37 37 35 38 34 18 13 25
split_gain=3.00355 3.65958 6.92841 4.77281 5.74794 5.65589 3.53307 3.15863
threshold=0.073297067699225074 0.036782479927812035 0.022520244610751531 0.008017174770561861 0.0093507739926536066 0.23398771412888222 -2.3563483385501551 0.10367218987908645
decision_type=2 2 2 2 2 2 2 2
left_child=1 3 6 4 -1 -5 -3 -4
right_child=-2 2 7 5 -6 -7 -8 -9
leaf_value=-0.021474473697887683 -0.016576753674196195 0.00063002608906921208 0.011324948412404653 0.019169727366818531 0.0035772835071223572 -0.0017045455978440946 0.029014769888834988 -0.010708937663698789
leaf_weight=18.108869984745983 7.160659745335578 7.0465155690908459 6.6865413039922741 12.435500204563139 11.603424370288847 55.606301352381706 12.67026527225971 14.648188352584837
leaf_count=84 33 31 30 55 51 239 57 64
internal_value=0 0.00114919 0.00851176 -0.001901 -0.0116095 0.00233478 0.0205534 -0.00278168
internal_weight=145.966 138.806 41.0515 97.7541 29.7123 68.0418 19.7168 21.3347
internal_count=644 611 182 429 135 294 88 94
is_linear=0
shrinkage=0.03


Tree=91
num_leaves=9
num_cat=0
split_feature=8 20 28 20 40 12 12 40
split_gain=3.94721 4.877 5.3569 5.07552 5.48981 4.96173 4.3633 1.44968
threshold=-0.035465871736389425 0.020177861400439315 4.5000000000000009 0.02719849739954918 0.038912761240036405 63.962816782020681 46.825444559330883 -0.017629791691752491
decision_type=2 2 2 2 2 2 2 2
left_child=7 2 -2 4 -3 -5 -4 -1
right_child=1 3 6 5 -6 -7 -8 -9
leaf_value=0.0024234576115180913 0.022256899934888004 -0.015045222535829135 0.014462388942579908 0.018094660662197629 0.0014628414294005213 -0.0073535240054722027 -0.010191635149493616 0.023584989729913606
leaf_weight=8.319708436727522 11.901869878172873 47.157521903514862 8.1678954809904116 12.606699213385584 25.748639941215515 10.46624283492565 15.422294065356253 5.9861281812191001
leaf_count=37 50 206 35 56 116 47 67 30
internal_value=0 -0.00162926 0.00743899 -0.00521909 -0.00913134 0.00628695 -0.000606076 0.0140049
internal_weight=145.777 131.471 35.4921 95.9791 72.9062 23.0729 23.5902 14.3058
internal_count=644 577 152 425 322 103 102 67
is_linear=0
shrinkage=0.03


Tree=92
num_leaves=9
num_cat=0
split_feature=37 40 20 17 23 14 17 28
split_gain=2.87574 4.39112 6.32403 5.07265 3.61888 6.81831 3.06262 1.00889
threshold=0.073297067699225074 0.044592125648786569 0.026251087016376167 56.710624623978056 0.96041854632082069 880.34102208450361 -38.578303091990726 5.5000000000000009
decision_type=2 2 2 2 2 2 2 2
left_child=1 2 3 -1 7 -6 -4 -3
right_child=-2 4 6 -5 5 -7 -8 -9
leaf_value=-0.0023457548585564757 -0.016215619595974395 0.026291861249159693 -0.0027370932037721861 -0.022891885376960949 0.015722264321146571 -0.016337274381471978 0.018541561993751829 0.0059457702376441227
leaf_weight=68.44645257294178 7.1245741844177237 8.9619701057672518 7.0542715340852764 11.586407780647276 10.817607104778292 9.1242596507072431 14.955227971076964 7.51379370689392
leaf_count=298 33 41 31 50 47 42 69 33
internal_value=0 0.00115965 -0.00193839 -0.00598868 0.00987982 0.000217927 0.0114369 0.0194729
internal_weight=145.585 138.46 102.042 80.0329 36.4176 19.9419 22.0095 16.4758
internal_count=644 611 448 348 163 89 100 74
is_linear=0
shrinkage=0.03


Tree=93
num_leaves=7
num_cat=0
split_feature=8 16 38 38 40 18
split_gain=3.72744 4.51035 3.68837 5.16618 2.14667 2.06278
threshold=-0.035465871736389425 -268.03658071500007 0.010800729719838897 0.0091170674606130559 -0.0093275079340652805 0.0756052599409619
decision_type=2 2 2 2 2 2
left_child=5 -2 3 -3 -4 -1
right_child=1 2 4 -5 -6 -7
leaf_value=0 -0.020553742164302242 0.00073239000950185153 -0.00099385090308792075 -0.015704837696241921 0.012063084549158689 0.02229815626288267
leaf_weight=6.3824224919080716 8.372894734144209 60.126628115773201 15.120791181921957 21.214748576283455 26.347909927368164 7.8317283689975739
leaf_count=29 36 268 65 93 115 38
internal_value=0 -0.00155678 0 -0.00364864 0.00713037 0.0136745
internal_weight=145.397 131.183 122.81 81.3414 41.4687 14.2142
internal_count=644 577 541 361 180 67
is_linear=0
shrinkage=0.03


Tree=94
num_leaves=10
num_cat=0
split_feature=8 20 33 9 8 34 15 40 35
split_gain=3.56693 4.61009 5.72761 5.84075 4.02112 3.94532 3.69236 1.42958 0.317577
threshold=-0.035465871736389425 0.020177861400439315 0.63095787010946613 -0.034240639548334763 0.02235556024813053 0.01098794274761772 210.92545686074533 -0.017629791691752491 0.022520244610751531
decision_type=2 2 2 2 2 2 2 2 2
left_child=7 5 3 -3 -4 6 -2 -1 -7
right_child=1 2 4 -5 -6 8 -8 -9 -10
leaf_value=0.002024706881523116 -0.01583208838392082 0.0056678858946853832 0.019708205342692263 -0.016998891999125985 -0.0015703491493579246 0.023343193479297506 0.0087069311992154751 0.022947691553502639 0.008011258613270943
leaf_weight=8.2780762165784818 7.9620205461978939 11.257838085293768 7.854719713330268 40.037299156188965 36.536703661084175 7.083579137921336 9.9083335846662504 5.8740780651569358 10.500607058405874
leaf_count=37 34 48 35 176 166 31 43 30 44
internal_value=0 -0.00152162 -0.00502363 -0.0117167 0.00255872 0.00729286 -0.00196446 0.0134039 0.0167066
internal_weight=145.293 131.141 95.6866 51.2951 44.3914 35.4545 17.8704 14.1522 17.5842
internal_count=644 577 425 224 201 152 77 67 75
is_linear=0
shrinkage=0.03


Tree=95
num_leaves=10
num_cat=0
split_feature=20 35 33 23 33 33 1 9 22
split_gain=4.83125 4.59478 7.15111 5.26072 4.50675 5.59836 2.81426 1.93635 1.23968
threshold=0.020446511738664776 -0.05141627340112364 0.22862807214230985 0.89096053765643346 0.41437459772580992 0.68544841692835135 0.0090114183664763443 -0.0064895009590295151 0.015061841704852365
decision_type=2 2 2 2 2 2 2 2 2
left_child=4 8 7 -4 -1 -6 -7 -3 -2
right_child=1 2 3 -5 5 6 -8 -9 -10
leaf_value=-0.0080463754591674919 0.017210050302778657 0 0 -0.01683728949836007 0.028536636094180612 0.013183553178355253 -0.0089105880782805909 0.018898084992105164 0
leaf_weight=8.7937056422233564 7.7961813509464246 12.674053475260736 26.562463238835335 46.081994190812111 11.633536636829378 7.9904657900333431 8.4202005565166456 7.2188404351472846 7.2026790976524353
leaf_count=38 36 57 118 209 50 34 36 32 32
internal_value=-0.000583515 -0.00389347 -0.00651284 -0.0109171 0.00839553 0.0142428 0.00129597 0.00841336 0.0102495
internal_weight=144.374 107.536 92.5374 72.6445 36.8379 28.0442 16.4107 19.8929 14.9989
internal_count=642 484 416 327 158 120 70 89 68
is_linear=0
shrinkage=0.03


Tree=96
num_leaves=7
num_cat=0
split_feature=9 40 37 40 35 21
split_gain=4.15424 3.77096 5.36113 4.98238 2.92102 4.41859
threshold=0.14264180437014626 -0.016518926330593871 0.073297067699225074 0.046449879312089555 -0.045041447882702028 0.018699521980493752
decision_type=2 2 2 2 2 2
left_child=1 4 3 -3 -1 -6
right_child=-2 2 -4 -5 5 -7
leaf_value=0.0043573316802527108 -0.018915503238570854 0.0010417803276892049 -0.018923681951395301 0.016216482995878401 -0.0011422395254169705 -0.026646831450725491
leaf_weight=11.012625426053999 8.3582406938076002 65.152265623211861 6.3260760158300391 27.560686156153679 16.054312273859981 9.6684750914573652
leaf_count=49 41 289 30 123 68 42
internal_value=-0.000540693 0.000739748 0.0038774 0.0059583 -0.00709557 -0.0125006
internal_weight=144.133 135.774 99.039 92.713 36.7354 25.7228
internal_count=642 601 442 412 159 110
is_linear=0
shrinkage=0.03


Tree=97
num_leaves=10
num_cat=0
split_feature=20 35 33 40 33 33 19 1 40
split_gain=4.49744 4.315 6.81254 7.28718 4.27682 5.35997 2.97867 2.65362 1.91393
threshold=0.020446511738664776 -0.05141627340112364 0.22862807214230985 0.03971372625018222 0.41437459772580992 0.68544841692835135 0.095052152863917327 0.0090114183664763443 -0.052754382277734817
decision_type=2 2 2 2 2 2 2 2 2
left_child=4 8 6 -4 -1 -6 -3 -7 -2
right_child=1 2 3 -5 5 7 -8 -9 -10
leaf_value=-0.0078682404036759575 -0.00012999784277337753 -0.0048892699285167374 -0.019206466613071113 0 0.027836596247147558 0.012725206241468364 0.016429874114239351 -0.0087340228496777111 0.018401536528647396
leaf_weight=8.7954324036836606 6.8924407213926306 7.2019374817609814 38.465108379721642 33.938915207982063 11.598154351115229 8.0006118565797824 12.658585622906683 8.4045992046594602 8.0592687577009183
leaf_count=38 31 30 171 156 50 34 59 36 37
internal_value=-0.000543229 -0.00374753 -0.00629336 -0.0106055 0.00811806 0.0138289 0.00827281 0.00116194 0.00996655
internal_weight=144.015 107.216 92.2645 72.404 36.7988 28.0034 19.8605 16.4052 14.9517
internal_count=642 484 416 327 158 120 89 70 68
is_linear=0
shrinkage=0.03


Tree=98
num_leaves=8
num_cat=0
split_feature=35 8 15 15 13 0 34
split_gain=3.1014 3.9154 5.64728 6.34033 3.3409 1.59055 1.22818
threshold=-0.05141627340112364 0.055379972035442197 172.14714476379112 -60.914983968109219 4.4581148033754525 0.0029719901627385252 0.020305602521132563
decision_type=2 2 2 2 2 2 2
left_child=5 2 3 -2 -4 -1 -3
right_child=1 6 4 -5 -6 -7 -8
leaf_value=0.017013467605815825 0 -0.0214603225274097 0.0019851934411713739 -0.021514864991796567 0.019695904423779002 0 -0.0021310740400105007
leaf_weight=10.396598771214487 34.722275838255882 9.4224238544702548 47.656876489520073 16.393116876482964 11.110604256391523 6.8907708674669257 7.2303885519504538
leaf_count=47 150 46 213 72 49 31 34
internal_value=-0.000515777 -0.00228863 0 -0.00727049 0.00611847 0.0105747 -0.0150004
internal_weight=143.823 126.536 109.883 51.1154 58.7675 17.2874 16.6528
internal_count=642 564 484 222 262 78 80
is_linear=0
shrinkage=0.03


Tree=99
num_leaves=9
num_cat=0
split_feature=9 14 13 9 36 23 1 17
split_gain=3.88587 3.55713 5.2175 4.52555 5.76452 3.37044 2.75325 0.645642
threshold=0.14264180437014626 187.98143736702335 4.4581148033754525 -0.016269078762053302 0.0048661564967369562 0.89096053765643346 -0.007881347087788702 51.614431880156538
decision_type=2 2 2 2 2 2 2 2
left_child=1 3 6 4 -1 -5 -3 -4
right_child=-2 2 7 5 -6 -7 -8 -9
leaf_value=0.018822333090757152 -0.018374170045662146 0.0083385795813728722 0.028217798889493328 0.0018320293053270265 -0.0050554748784610868 -0.018113055927871428 -0.0046251721897260728 0.0074658300757216361
leaf_weight=11.62613409757614 8.249174088239668 24.111412391066548 6.6649496853351575 8.8004892468452471 24.282804936170578 21.98131088912487 31.011654406785969 6.9634215533733368
leaf_count=52 41 107 30 39 107 95 141 30
internal_value=-0.000499905 0.000731131 0.00553307 -0.00401778 0.00286485 -0.0121893 0.000876135 0.0208867
internal_weight=143.691 135.442 68.7514 66.6907 35.9089 30.7818 55.1231 13.6284
internal_count=642 601 308 293 159 134 248 60
is_linear=0
shrinkage=0.03


Tree=100
num_leaves=5
num_cat=0
split_feature=22 14 18 5
split_gain=5.20731 4.45633 5.41921 2.90176
threshold=1.0846385737297657 1770.3426089506868 0.89351708280300113 0.0047138861200664026
decision_type=2 2 2 2
left_child=1 2 3 -1
right_child=-2 -3 -4 -5
leaf_value=0.0065868537536078646 -0.021178109980017693 -0.013488166660152104 0.020920249588425074 -0.0029301786566766595
leaf_weight=56.483098298311234 6.7350099682807913 11.577400669455526 13.923137798905371 52.741177052259445
leaf_count=250 30 54 62 237
internal_value=0.00111396 0.00263156 0.00445822 0.00188644
internal_weight=141.46 134.725 123.147 109.224
internal_count=633 603 549 487
is_linear=0
shrinkage=0.03


Tree=101
num_leaves=7
num_cat=0
split_feature=9 2 1 6 36 27
split_gain=3.54116 3.78091 2.85247 6.98465 3.97638 1.18955
threshold=0.14264180437014626 0.034059551189734923 -0.013097297453742383 -0.02551624698566983 0.00581070434520511 2.5000000000000004
decision_type=2 2 2 2 2 2
left_child=1 2 3 -1 -4 -3
right_child=-2 5 4 -5 -6 -7
leaf_value=-0.013016351235452079 -0.016522099561419066 0.021655311898414062 0.0038504714580001546 0.016005247528923482 -0.0087040034419412268 0.0026244021148762015
leaf_weight=8.2564406692981738 7.4400480091571799 9.0321346074342745 41.378231957554817 23.690942600369453 43.905018746852875 7.6767337173223487
leaf_count=37 37 39 185 105 196 34
internal_value=0.0010705 0.00238678 0.000252936 0.00773811 -0.00249224 0.0149287
internal_weight=141.38 133.94 117.231 31.9474 85.2833 16.7089
internal_count=633 596 523 142 381 73
is_linear=0
shrinkage=0.03


Tree=102
num_leaves=7
num_cat=0
split_feature=14 15 15 6 3 7
split_gain=4.32007 2.42806 5.65927 4.71575 4.56176 3.19037
threshold=1770.3426089506868 166.6525794814975 99.875984776262356 0.018465834312931088 0.015197877112404614 -0.018797104825578715
decision_type=2 2 2 2 2 2
left_child=1 2 5 4 -3 -1
right_child=-2 3 -4 -5 -6 -7
leaf_value=0.013594146895780587 -0.014553541812170272 0.0076570128309144132 -0.023684350115586443 0.02276148414158656 -0.011176406722398741 -0.0018807990859720687
leaf_weight=13.962302997708319 12.156349837779997 40.478720799088478 6.8146322965621939 11.618965640664099 13.577387422323225 42.727223739027977
leaf_count=64 57 183 30 51 62 186
internal_value=0.00104109 0.00282248 -0.00115867 0.00681416 0.00242901 0.00200838
internal_weight=141.336 129.179 63.5042 65.6751 54.0561 56.6895
internal_count=633 576 280 296 245 250
is_linear=0
shrinkage=0.03


Tree=103
num_leaves=7
num_cat=0
split_feature=22 2 1 4 40 19
split_gain=4.92018 4.32945 3.68469 4.44859 4.0544 2.4838
threshold=1.0846385737297657 0.034059551189734923 -0.013097297453742383 -0.021989020078350071 -0.013048150102230314 0.14524995802571503
decision_type=2 2 2 2 2 2
left_child=1 2 4 -4 -1 -3
right_child=-2 5 3 -5 -6 -7
leaf_value=-0.0042943666907561632 -0.020703087567912368 0.02279820893922388 0.007586129051764437 -0.0070802600462926864 0.016800096368734165 0
leaf_weight=10.715510070323946 6.7057507634162894 11.409381970763208 23.392449915409088 63.322751328349113 19.262196809053421 6.3571707159280768
leaf_count=47 30 50 107 283 86 30
internal_value=0.00100165 0.0024816 0.000149379 -0.00287292 0.00899382 0.015476
internal_weight=141.165 134.459 116.693 86.7152 29.9777 17.7666
internal_count=633 603 523 390 133 80
is_linear=0
shrinkage=0.03


Tree=104
num_leaves=6
num_cat=0
split_feature=14 2 34 2 23
split_gain=4.08632 3.12537 2.57378 2.63355 2.43112
threshold=1770.3426089506868 0.034059551189734923 0.041054633164279715 0.014460890830936492 1.1097088384826572
decision_type=2 2 2 2 2
left_child=1 2 3 -1 -3
right_child=-2 4 -4 -5 -6
leaf_value=0.0043837331000825281 -0.014221158204060851 0.021583715206812279 -0.014446546699420863 -0.0074142118758240023 0
leaf_weight=85.299382850527763 12.098066031932829 10.714739173650743 7.1945111453533164 18.560908600687981 7.1825712621211997
leaf_count=383 57 47 31 83 32
internal_value=0.000975558 0.00271125 0.000596395 0.00203338 0.0137013
internal_weight=141.05 128.952 111.055 103.86 17.8973
internal_count=633 576 497 466 79
is_linear=0
shrinkage=0.03


Tree=105
num_leaves=9
num_cat=0
split_feature=34 3 37 36 17 21 21 25
split_gain=3.65983 3.62007 5.25674 3.49278 6.23725 4.98128 3.41482 3.05745
threshold=-0.045480693686785638 0.019001569462003712 0.03043763141606071 0.005573244092477979 -17.593732991906361 0.022817901769197447 0.020203782454568376 0.16216956581290234
decision_type=2 2 2 2 2 2 2 2
left_child=-1 3 6 4 -2 -5 -3 -4
right_child=1 2 7 5 -6 -7 -8 -9
leaf_value=0.018155215957259642 -0.00024748047227888761 -0.026655277465939167 -0.011393296192202165 -0.0082105320475153957 0.021114035103486764 0.015200656059624304 0 0.0087055166961230029
leaf_weight=8.3298259824514371 26.637382045388222 12.283741354942324 8.2420551031827944 33.97121961414814 18.841006606817245 8.3753897100687009 6.9722059220075598 17.437322020530701
leaf_count=38 120 55 39 149 83 39 31 78
internal_value=0.000926529 -0.000296549 -0.00714352 0.00312074 0.00880296 -0.00276526 -0.0182445 0.00135556
internal_weight=141.09 132.76 44.9353 87.825 45.4784 42.3466 19.2559 25.6794
internal_count=632 594 203 391 203 188 86 117
is_linear=0
shrinkage=0.03


Tree=106
num_leaves=6
num_cat=0
split_feature=34 12 40 10 15
split_gain=3.4948 3.23409 5.0133 4.04821 1.94731
threshold=-0.045480693686785638 30.887407127285666 -0.031625976312049657 -0.0019446785756970229 -398.58570131977439
decision_type=2 2 2 2 2
left_child=-1 -2 4 -4 -3
right_child=1 2 3 -5 -6
leaf_value=0.01776015408570417 0.017894295219587023 -0.0011975283782837487 0.0097555526371737884 -0.0026976314653664548 -0.023092251908370429
leaf_weight=8.304537430405615 6.1533631086349478 7.7635051906108883 31.014672465622425 77.534261450171471 10.160050138831137
leaf_count=38 29 33 140 348 44
internal_value=0.00090209 -0.000290242 -0.00155654 0.000836935 -0.0154337
internal_weight=140.93 132.626 126.472 108.549 17.9236
internal_count=632 594 565 488 77
is_linear=0
shrinkage=0.03


Tree=107
num_leaves=8
num_cat=0
split_feature=11 11 13 9 11 28 38
split_gain=3.42106 6.01305 6.25939 5.18787 3.8946 3.14661 1.78986
threshold=0.076951799887665664 0.056970152196121567 -5.9497297492213468 -0.026485112707043845 0.086293772881563827 4.5000000000000009 0.0082945154787656978
decision_type=2 2 2 2 2 2 2
left_child=1 2 6 -4 -2 -3 -1
right_child=4 5 3 -5 -6 -7 -8
leaf_value=2.3598058330499692e-05 -0.023820089120126023 0 0.0078592245959433153 -0.0082168064988058977 0.0021311809553124484 0.023818146616898545 0.021487816767548223
leaf_weight=6.7589475810527828 8.0702379792928713 6.7817587405443218 22.324427574872971 63.480188325047493 8.2201787978410703 14.170172169804571 10.983590975403784
leaf_count=30 37 29 100 287 38 63 48
internal_value=0.000880628 0.0027181 -0.000214797 -0.00377961 -0.0111038 0.0166221 0.0149016
internal_weight=140.79 124.499 103.547 85.8046 16.2904 20.9519 17.7425
internal_count=632 557 465 387 75 92 78
is_linear=0
shrinkage=0.03


Tree=108
num_leaves=6
num_cat=0
split_feature=34 16 38 38 32
split_gain=3.34925 3.35041 2.96831 5.62638 0.331901
threshold=-0.045480693686785638 294.84514057210134 0.0060460772205149166 0.0070981702294118055 0.0054119139574717598
decision_type=2 2 2 2 2
left_child=-1 2 -2 -4 -3
right_child=1 4 3 -5 -6
leaf_value=0.017406056109610352 0.018999328726072903 -0.018973094965616666 -0.018489529243521527 0.0023221864142307768 -0.0035550506277539353
leaf_weight=8.2675237506628019 5.9122623056173316 6.4353845417499524 11.162058070302008 102.61249543726444 6.2699727416038513
leaf_count=38 27 31 51 455 30
internal_value=0.000870384 -0.000294276 0.00123183 0 -0.0139028
internal_weight=140.66 132.392 119.687 113.775 12.7054
internal_count=632 594 533 506 61
is_linear=0
shrinkage=0.03


Tree=109
num_leaves=8
num_cat=0
split_feature=11 11 4 38 11 12 25
split_gain=3.28209 5.67444 4.83172 4.6441 3.74227 3.47587 1.9755
threshold=0.076951799887665664 0.056970152196121567 -0.0039736946532739617 0.0099852375928218672 0.086293772881563827 43.775328172893246 0.17667066826730696
decision_type=2 2 2 2 2 2 2
left_child=1 2 5 -4 -2 -1 -3
right_child=4 6 3 -5 -6 -7 -8
leaf_value=-0.00010504700195674489 -0.023385737958328195 0.0016496691062057784 -0.012621262195064511 0.0037607437146949222 0.0020408199752918869 0.015765540736729155 0.022835867500165776
leaf_weight=24.903464652597904 8.0504333674907702 8.0870661884546298 35.250844046473503 23.602603957056999 8.2222414612770063 19.58324259519577 12.836206644773482
leaf_count=113 37 35 164 103 38 85 57
internal_value=0.000840773 0.00264539 -0.000203365 -0.00589725 -0.0109002 0.00693629 0.0161599
internal_weight=140.536 124.263 103.34 58.8534 16.2727 44.4867 20.9233
internal_count=632 557 465 267 75 198 92
is_linear=0
shrinkage=0.03


Tree=110
num_leaves=8
num_cat=0
split_feature=3 38 20 15 26 20 21
split_gain=3.60135 3.56132 7.12325 4.78293 4.74798 4.6072 4.46435
threshold=-0.060831885062670336 0.010800729719838897 0.023136112877697821 -9.8140882649267223 0.12736185383244208 0.018610420012769528 0.017241595305118786
decision_type=2 2 2 2 2 2 2
left_child=-1 3 -3 6 -4 -5 -2
right_child=1 2 4 5 -6 -7 -8
leaf_value=0.020459768996787475 -0.003343571219583829 0.028595133809299577 -0.011935982730652214 0.005690630898838347 0.0075497798949466337 -0.013698310706001136 0.017804910208752571
leaf_weight=5.8871794342994681 20.931324452161789 7.9818207472562781 15.605274632573126 11.977634027600287 28.99490875005722 44.495258241891861 12.195533648133276
leaf_count=30 90 34 68 53 130 206 56
internal_value=0.000695564 -0.000291211 0.0056667 -0.00399878 0.00019031 -0.00927549 0.0045856
internal_weight=148.069 142.182 52.582 89.5998 44.6002 56.4729 33.1269
internal_count=667 637 232 405 198 259 146
is_linear=0
shrinkage=0.03


Tree=111
num_leaves=8
num_cat=0
split_feature=3 23 26 26 7 3 27
split_gain=3.45688 3.21508 4.23704 5.80323 2.23978 4.82526 3.31352
threshold=-0.060831885062670336 1.100460070432405 0.36969439728353143 0.11846181884454167 -0.0059799538184796969 0.034004644017970216 3.5000000000000004
decision_type=2 2 2 2 2 2 2
left_child=-1 4 3 -3 6 -6 -2
right_child=1 2 -4 -5 5 -7 -8
leaf_value=0.020120614304565753 0.0019543667713697484 -0.015241757901849416 -0.022116331003649809 0.011835157998811831 -0.0062386463389443132 0.0098883303478815888 0.022801441872464495
leaf_weight=5.8412335291504851 27.492149621248245 11.153055593371393 10.617987692356108 13.474346041679381 47.986250683665276 22.879501655697823 8.3763668537139875
leaf_count=30 121 50 50 60 216 103 37
internal_value=0.00069935 -0.000263879 -0.00795798 -8.76675e-05 0.00223853 -0.000697582 0.00816601
internal_weight=147.821 141.98 35.2454 24.6274 106.734 70.8658 35.8685
internal_count=667 637 160 110 477 319 158
is_linear=0
shrinkage=0.03


Tree=112
num_leaves=8
num_cat=0
split_feature=4 38 5 36 4 20 27
split_gain=2.71294 4.93981 7.85283 4.63695 4.16358 4.93668 2.65019
threshold=0.073748908862435139 0.010800729719838897 0.048660469813086145 0.0052198421656300025 -0.054443167415450237 0.018610420012769528 2.5000000000000004
decision_type=2 2 2 2 2 2 2
left_child=1 4 6 -2 -1 -6 -3
right_child=3 2 -4 -5 5 -7 -8
leaf_value=0.015561880313481928 -0.02297750066973064 -0.0062231564029033961 0.02845863681219667 0.0029084630695167691 0.0092069090192329305 -0.0082479353451455871 0.010714654358836034
leaf_weight=8.8915780559182149 8.9796196073293704 16.236036002635959 12.865303605794905 11.547641336917875 16.596151381731033 59.653442859649658 12.895173892378805
leaf_count=45 43 72 56 53 72 269 57
internal_value=0.000691336 0.00244971 0.0106635 -0.00878409 -0.00158142 -0.00411888 0.000999349
internal_weight=147.665 127.138 41.9965 20.5273 85.1412 76.2496 29.1312
internal_count=667 571 185 96 386 341 129
is_linear=0
shrinkage=0.03


Tree=113
num_leaves=7
num_cat=0
split_feature=3 22 22 10 12 37
split_gain=3.25661 3.45035 3.31558 3.74339 3.2015 0.468095
threshold=-0.060831885062670336 -0.31868914543979693 -0.22873066364899045 0.0026532862244593729 53.314291257388277 0.031141275519671611
decision_type=2 2 2 2 2 2
left_child=-1 4 5 -4 -2 -3
right_child=1 2 3 -5 -6 -7
leaf_value=0.019627257491689587 -0.024375899135051005 0.0036939880306436704 0.005621457397702226 -0.00515832991141004 8.6952170757852008e-05 0.0200226663910264
leaf_weight=5.7690819129347792 7.7077504396438581 6.6528886556625348 49.44202621281147 63.943942740559578 7.1852646023035049 6.737421840429306
leaf_count=30 34 30 220 289 34 30
internal_value=0.000686423 -0.000242973 0.00132733 -0.000311836 -0.0130726 0.0144188
internal_weight=147.438 141.669 126.776 113.386 14.893 13.3903
internal_count=667 637 569 509 68 60
is_linear=0
shrinkage=0.03


Tree=114
num_leaves=7
num_cat=0
split_feature=3 22 22 10 10 37
split_gain=3.12942 3.28319 3.17567 3.53266 2.95382 0.438594
threshold=-0.060831885062670336 -0.31868914543979693 -0.22873066364899045 0.0026532862244593729 0.010999735660721989 0.031141275519671611
decision_type=2 2 2 2 2 2
left_child=-1 4 5 -4 -2 -3
right_child=1 2 3 -5 -6 -7
leaf_value=0.019303830295293135 -0.023162344817170121 0.0036091725234544837 0.0054627706765089214 -0.005012529828417699 0.00033606690225866848 0.019592491963015487
leaf_weight=5.7239643260836592 8.0674146413803083 6.6519678235053998 49.410489439964294 63.888800635933876 6.8153522908687583 6.7229205518960953
leaf_count=30 36 30 220 289 32 30
internal_value=0.000680489 -0.000226517 0.00130333 -0.000298578 -0.0127481 0.0141224
internal_weight=147.281 141.557 126.674 113.299 14.8828 13.3749
internal_count=667 637 569 509 68 60
is_linear=0
shrinkage=0.03


Tree=115
num_leaves=11
num_cat=0
split_feature=2 38 3 20 20 11 26 13 18 17
split_gain=3.93518 4.75314 4.28182 5.30672 4.46081 4.13073 3.86772 5.7921 4.15178 2.75076
threshold=-0.017999415799373805 0.0082311646854048813 0.015730234086439813 0.024604980185640397 0.022597304489421231 0.020652923936839488 0.16901476875242907 2.0233370320047048 0.42039688804804082 -101.72814730252786
decision_type=2 2 2 2 2 2 2 2 2 2
left_child=1 -1 6 4 -4 -5 8 -8 -2 -3
right_child=2 9 3 5 -6 -7 7 -9 -10 -11
leaf_value=-0.022717355961734947 -0.012469422645470666 -0.012094161926226473 -0.0032197695984943629 0.020356074118265635 -0.028908993697767119 -0.0032264681980479939 0.022322677757175356 -0.0018495063066827743 0.01060460090350274 0.0090905877542670575
leaf_weight=11.41769775748253 12.020850822329523 7.218139752745631 25.173096209764481 9.8920570760965365 7.1814573705196372 12.250763788819311 23.825748033821583 11.53786253929138 11.894727438688276 11.641968160867689
leaf_count=52 52 33 112 44 33 56 111 52 52 53
internal_value=0.000101804 -0.00905535 0.00278256 -0.00304124 -0.0107094 0.00750103 0.00830588 0.0143579 -0.000481713 0
internal_weight=144.054 30.2778 113.777 54.4974 32.3546 22.1428 59.2792 35.3636 23.9156 18.8601
internal_count=650 138 512 245 145 100 267 163 104 86
is_linear=0
shrinkage=0.03


Tree=116
num_leaves=11
num_cat=0
split_feature=38 38 26 38 16 36 20 32 25 33
split_gain=3.07839 4.2434 5.35512 5.18496 4.2322 5.64895 3.57919 2.7883 0.515982 0.156029
threshold=0.0077900074846628305 0.0089802714533383839 0.18773496240601506 0.0097280336027486623 1.0000000180025095e-35 0.0066665461986932864 0.021544487336034587 0.0014924110164962203 0.18776709401709404 0.48089020020253959
decision_type=2 2 2 2 2 2 2 2 2 2
left_child=4 2 -2 8 5 -1 -5 -6 -3 -4
right_child=1 3 9 6 7 -7 -8 -9 -10 -11
leaf_value=-0.0088674228271981917 -0.0018780881284107245 -0.0035744835348025259 0.030711710813169965 0.021637619915861321 -0.024910896126007262 0.021347464052239817 0.00039086481037741187 -0.0011612493048913102 -0.018810203987497155 0.011234986456328337
leaf_weight=11.833978503942491 10.791234925389292 7.1897123754024532 6.8418846353888494 6.4977481663227072 10.96593587100506 7.1064690500497809 55.447747051715851 9.2298332303762418 10.055280819535254 7.9123400151729584
leaf_count=53 48 32 31 28 54 32 248 43 46 35
internal_value=7.74684e-05 0.0028632 0.0130291 -0.000471551 -0.00678977 0.00270903 0.00346116 -0.0158153 -0.0142692 0.0237501
internal_weight=143.872 104.736 25.5455 79.1905 39.1362 18.9404 61.9455 20.1958 17.245 14.7542
internal_count=650 468 114 354 182 85 276 97 78 66
is_linear=0
shrinkage=0.03


Tree=117
num_leaves=6
num_cat=0
split_feature=22 0 27 23 7
split_gain=3.32055 6.50864 3.06102 5.42161 3.13778
threshold=1.0846385737297657 0.023245077578391008 2.5000000000000004 1.1634649631145588 -0.0059799538184796969
decision_type=2 2 2 2 2
left_child=1 2 3 -1 -4
right_child=-2 -3 4 -5 -6
leaf_value=-0.00018253266471595435 -0.016955051743554075 0.021328093916744822 0.013223381455216851 -0.019927881952098245 -0.001445253963588756
leaf_weight=63.672683343291283 7.5101295113563529 11.324450597167013 21.197163194417953 14.10090287029743 25.831321820616722
leaf_count=286 34 51 95 66 118
internal_value=7.97718e-05 0.00136008 -0.000641336 -0.00436039 0.00513011
internal_weight=143.637 136.127 124.802 77.7736 47.0285
internal_count=650 616 565 352 213
is_linear=0
shrinkage=0.03


Tree=118
num_leaves=6
num_cat=0
split_feature=22 24 24 24 15
split_gain=3.16629 3.54675 4.2329 4.01294 2.9611
threshold=1.0846385737297657 -0.80116279069767427 -0.05097402597402597 0.70687376074025121 223.18714795749716
decision_type=2 2 2 2 2
left_child=1 -1 4 -4 -3
right_child=-2 2 3 -5 -6
leaf_value=-0.015126079438483707 -0.016579106872958306 0.00082027506116745335 -0.0056242990300208861 0.010846709060154548 0.015260478782603452
leaf_weight=8.6621261537075025 7.4955876618623725 26.186073064804077 57.418719500303268 14.851474061608313 28.908265665173531
leaf_count=40 34 116 263 65 132
internal_value=6.65543e-05 0.00131941 0.00277039 -0.00183661 0.008929
internal_weight=143.522 136.027 127.365 72.2702 55.0943
internal_count=650 616 576 328 248
is_linear=0
shrinkage=0.03


Tree=119
num_leaves=8
num_cat=0
split_feature=22 22 26 20 14 33 1
split_gain=3.02054 3.15952 4.23591 4.28469 3.7051 4.34615 2.46753
threshold=1.0846385737297657 0.13144998830418533 0.16901476875242907 0.025606511811936686 1770.3426089506868 0.62696308154158553 0.0072701569785335049
decision_type=2 2 2 2 2 2 2
left_child=1 4 6 -4 5 -1 -3
right_child=-2 2 3 -5 -6 -7 -8
leaf_value=-0.0054479559835011156 -0.016212389508301336 -0.013045769155796388 0.003943446896071982 0.030671230976747541 -0.020147398331609744 0.0076272407154333501 0.0076817787835733575
leaf_weight=50.388720244169235 7.4806472510099402 8.6565850377082842 15.504087567329409 8.7116301804780942 6.8093224912881842 38.523683786392212 7.4099661260843268
leaf_count=228 34 38 69 41 33 175 32
internal_value=5.71251e-05 0.00128268 0.00817901 0.0157373 -0.00157398 9.53935e-05 -0.00286375
internal_weight=143.485 136.004 40.2823 24.2157 95.7217 88.9124 16.0666
internal_count=650 616 180 110 436 403 70
is_linear=0
shrinkage=0.03


end of trees

feature_importances:
macro_topix_vol_20=88
atr_pct=61
macro_usdjpy_ret_20=60
return_10d=40
macro_nikkei_ret_20=36
macd_signal=34
macro_topix_ret_20=34
div_ma_60=33
ma_20_60_cross=32
bb_bandwidth=32
macro_usdjpy_ret_60=31
vol_ratio=30
volatility=29
macd_hist=28
macro_usdjpy_vol_20=28
return_20d=27
return_5d=24
return_3d=23
ma_5_20_cross=23
lower_shadow_pct=23
price_position_20d=23
vol_change=22
div_ma_10=20
gap=20
macd=19
macd_hist_change=18
rsi_change=17
upper_shadow_pct=15
return_1d=14
return_2d=14
rsi=14
div_ma_20=12
candle_body_pct=12
bb_pct_b=9
div_ma_5=8
month=8
day_of_week=6
streak=2
is_month_start=1
macro_nikkei_above_200dma=1

parameters:
[boosting: gbdt]
[objective: binary]
[metric: binary_logloss]
[tree_learner: serial]
[device_type: cpu]
[data_sample_strategy: bagging]
[data: ]
[valid: ]
[num_iterations: 120]
[learning_rate: 0.03]
[num_leaves: 15]
[num_threads: 0]
[seed: 42]
[deterministic: 0]
[force_col_wise: 0]
[force_row_wise: 0]
[histogram_pool_size: -1]
[max_depth: 4]
[min_data_in_leaf: 30]
[min_sum_hessian_in_leaf: 0.001]
[bagging_fraction: 0.7]
[pos_bagging_fraction: 1]
[neg_bagging_fraction: 1]
[bagging_freq: 5]
[bagging_seed: 400]
[bagging_by_query: 0]
[feature_fraction: 0.6]
[feature_fraction_bynode: 1]
[feature_fraction_seed: 30056]
[extra_trees: 0]
[extra_seed: 12879]
[early_stopping_round: 0]
[early_stopping_min_delta: 0]
[first_metric_only: 0]
[max_delta_step: 0]
[lambda_l1: 0.5]
[lambda_l2: 2]
[linear_lambda: 0]
[min_gain_to_split: 0]
[drop_rate: 0.1]
[max_drop: 50]
[skip_drop: 0.5]
[xgboost_dart_mode: 0]
[uniform_drop: 0]
[drop_seed: 17869]
[top_rate: 0.2]
[other_rate: 0.1]
[min_data_per_group: 100]
[max_cat_threshold: 32]
[cat_l2: 10]
[cat_smooth: 10]
[max_cat_to_onehot: 4]
[top_k: 20]
[monotone_constraints: ]
[monotone_constraints_method: basic]
[monotone_penalty: 0]
[feature_contri: ]
[forcedsplits_filename: ]
[refit_decay_rate: 0.9]
[cegb_tradeoff: 1]
[cegb_penalty_split: 0]
[cegb_penalty_feature_lazy: ]
[cegb_penalty_feature_coupled: ]
[path_smooth: 0]
[interaction_constraints: ]
[verbosity: -1]
[saved_feature_importance_type: 0]
[use_quantized_grad: 0]
[num_grad_quant_bins: 4]
[quant_train_renew_leaf: 0]
[stochastic_rounding: 1]
[linear_tree: 0]
[max_bin: 255]
[max_bin_by_feature: ]
[min_data_in_bin: 5]
[bin_construct_sample_cnt: 200000]
[data_random_seed: 175]
[is_enable_sparse: 1]
[enable_bundle: 1]
[use_missing: 1]
[zero_as_missing: 0]
[feature_pre_filter: 1]
[pre_partition: 0]
[two_round: 0]
[header: 0]
[label_column: ]
[weight_column: ]
[group_column: ]
[ignore_column: ]
[categorical_feature: ]
[forcedbins_filename: ]
[precise_float_parser: 0]
[parser_config_file: ]
[objective_seed: 16083]
[num_class: 1]
[is_unbalance: 0]
[scale_pos_weight: 1]
[sigmoid: 1]
[boost_from_average: 1]
[reg_sqrt: 0]
[alpha: 0.9]
[fair_c: 1]
[poisson_max_delta_step: 0.7]
[tweedie_variance_power: 1.5]
[lambdarank_truncation_level: 30]
[lambdarank_norm: 1]
[label_gain: ]
[lambdarank_position_bias_regularization: 0]
[eval_at: ]
[multi_error_top_k: 1]
[auc_mu_weights: ]
[num_machines: 1]
[local_listen_port: 12400]
[time_out: 120]
[machine_list_filename: ]
[machines: ]
[gpu_platform_id: -1]
[gpu_device_id: -1]
[gpu_use_dp: 0]
[num_gpu: 1]

end of parameters

pandas_categorical:[]
