{
  "feature_cols": [
    "return_1d",
    "return_2d",
    "return_3d",
    "return_5d",
    "return_10d",
    "return_20d",
    "div_ma_5",
    "div_ma_10",
    "div_ma_20",
    "div_ma_60",
    "ma_5_20_cross",
    "ma_20_60_cross",
    "rsi",
    "rsi_change",
    "macd",
    "macd_signal",
    "macd_hist",
    "macd_hist_change",
    "bb_pct_b",
    "bb_bandwidth",
    "atr_pct",
    "volatility",
    "vol_change",
    "vol_ratio",
    "candle_body_pct",
    "upper_shadow_pct",
    "lower_shadow_pct",
    "day_of_week",
    "month",
    "is_month_end",
    "is_month_start",
    "streak",
    "gap",
    "price_position_20d",
    "macro_usdjpy_ret_20",
    "macro_usdjpy_ret_60",
    "macro_usdjpy_vol_20",
    "macro_topix_ret_20",
    "macro_topix_vol_20",
    "macro_topix_above_200dma",
    "macro_nikkei_ret_20",
    "macro_nikkei_above_200dma",
    "macro_nikkei_vi",
    "macro_jgb10y",
    "macro_bias_score"
  ],
  "avg_up_ret": 0.03680023024736163,
  "avg_dn_ret": -0.02214202299093728,
  "n_bins": 10,
  "psi_ref_rows": 250,
  "psi": {
    "return_1d": {
      "edges": [
        -0.062834008097166,
        -0.023920348144364965,
        -0.015140902035868419,
        -0.009741083024048452,
        -0.004708020168223935,
        -0.0016343303869743586,
        0.003380085791071566,
        0.00785523038969245,
        0.015922813559775643,
        0.02926129783589186,
        0.15827793605571383
      ],
      "ref_props": [
        0.1,
        0.1,
        0.1,
        0.1,
        0.1,
        0.1,
        0.1,
        0.1,
        0.1,
        0.1
      ]
    },
    "return_2d": {
      "edges": [
        -0.07542304593070104,
        -0.0318210999053401,
        -0.02258252927410611,
        -0.015537299114309632,
        -0.009525445207763637,
        -0.002575547833620573,
        0.004375564376296092,
        0.012852013731334445,
        0.025883250952907895,
        0.04107404925952628,
        0.16809116809116809
      ],
      "ref_props": [
        0.1,
        0.1,
        0.1,
        0.1,
        0.1,
        0.1,
        0.1,
        0.1,
        0.1,
        0.1
      ]
    },
    "return_3d": {
      "edges": [
        -0.0891216760676874,
        -0.04307057751566978,
        -0.027514389247165025,
        -0.018681996551519104,
        -0.008731222519402193,
        -0.0016416534658368898,
        0.0059416706194926295,
        0.017177605866833572,
        0.03334692871841488,
        0.05334193960737973,
        0.18050490883590453
      ],
      "ref_props": [
        0.1,
        0.1,
        0.1,
        0.1,
        0.1,
        0.1,
        0.1,
        0.1,
        0.1,
        0.1
      ]
    },
    "return_5d": {
      "edges": [
        -0.1095702148925537,
        -0.05170754057432161,
        -0.031241470662701817,
        -0.01884466463235953,
        -0.009288127043004205,
        -8.264968549492879e-05,
        0.008814114541847603,
        0.019990476718979074,
        0.037932713830249216,
        0.06403410427170406,
        0.25593542260208935
      ],
      "ref_props": [
        0.1,
        0.1,
        0.1,
        0.1,
        0.1,
        0.1,
        0.1,
        0.1,
        0.1,
        0.1
      ]
    },
    "return_10d": {
      "edges": [
        -0.10976594027441489,
        -0.06399076831584011,
        -0.04614390716706718,
        -0.027329670722745066,
        -0.014753103249910835,
        0.0004567096232542811,
        0.015128436170065266,
        0.0335164662204076,
        0.055804490259745654,
        0.08563434766605389,
        0.314540059347181
      ],
      "ref_props": [
        0.1,
        0.1,
        0.1,
        0.1,
        0.1,
        0.1,
        0.1,
        0.1,
        0.1,
        0.1
      ]
    },
    "return_20d": {
      "edges": [
        -0.16182258552830764,
        -0.08419517289308796,
        -0.05922862708066858,
        -0.03196013956309449,
        -0.013544892070824738,
        0.005154445634953264,
        0.02494353304190355,
        0.05438069684507021,
        0.08455640404406638,
        0.12525036801481945,
        0.44299674267100975
      ],
      "ref_props": [
        0.1,
        0.1,
        0.1,
        0.1,
        0.1,
        0.1,
        0.1,
        0.1,
        0.1,
        0.1
      ]
    },
    "div_ma_5": {
      "edges": [
        -0.05098259776351485,
        -0.027629195830355523,
        -0.017356704854726433,
        -0.009969485688914195,
        -0.00529928908330845,
        -6.3636914713091186e-06,
        0.004322543645911966,
        0.009469274080681676,
        0.016642409947471713,
        0.033556910484926275,
        0.11964504283965728
      ],
      "ref_props": [
        0.1,
        0.1,
        0.1,
        0.1,
        0.1,
        0.1,
        0.1,
        0.1,
        0.1,
        0.1
      ]
    },
    "div_ma_10": {
      "edges": [
        -0.08350886083968136,
        -0.03911448779625203,
        -0.021700744957111197,
        -0.015099806622034563,
        -0.007907720700933683,
        -0.0007430199255482842,
        0.0063962787845184815,
        0.01350932555625671,
        0.027681357105147558,
        0.04679445788864605,
        0.1823621958757094
      ],
      "ref_props": [
        0.1,
        0.1,
        0.1,
        0.1,
        0.1,
        0.1,
        0.1,
        0.1,
        0.1,
        0.1
      ]
    },
    "div_ma_20": {
      "edges": [
        -0.08699355152694975,
        -0.05090999932948076,
        -0.03614119791655392,
        -0.018569512438319568,
        -0.008870675788114688,
        0.0021207550884320193,
        0.013822753409094233,
        0.026645122220547917,
        0.04283549330359971,
        0.06783473216087431,
        0.26219343035592446
      ],
      "ref_props": [
        0.1,
        0.1,
        0.1,
        0.1,
        0.1,
        0.1,
        0.1,
        0.1,
        0.1,
        0.1
      ]
    },
    "div_ma_60": {
      "edges": [
        -0.07889944901963092,
        -0.055580559409065505,
        -0.0370756515012812,
        -0.02200588495794837,
        -0.012069343073318365,
        -0.00039025712554999794,
        0.012227969336888361,
        0.04252262121234853,
        0.06753082955481352,
        0.1495972684860422,
        0.3636621384075757
      ],
      "ref_props": [
        0.1,
        0.1,
        0.1,
        0.1,
        0.1,
        0.1,
        0.1,
        0.1,
        0.1,
        0.1
      ]
    },
    "ma_5_20_cross": {
      "edges": [
        -0.0578643181505436,
        -0.0430164861491823,
        -0.026693666487354287,
        -0.013058690726805839,
        -0.006521968674054056,
        -0.0010782887303573685,
        0.008004558479111391,
        0.019398695383393585,
        0.03142759454979382,
        0.05362797991965747,
        0.16687735204800713
      ],
      "ref_props": [
        0.1,
        0.1,
        0.1,
        0.1,
        0.1,
        0.1,
        0.1,
        0.1,
        0.1,
        0.1
      ]
    },
    "ma_20_60_cross": {
      "edges": [
        -0.05091479175563596,
        -0.0404256742826454,
        -0.023446631059852268,
        -0.010578364606678891,
        -0.002649360225340302,
        0.0027541956649115296,
        0.014341548685084388,
        0.025809039406013538,
        0.03714532291444841,
        0.08148264948781031,
        0.16911935297977077
      ],
      "ref_props": [
        0.1,
        0.1,
        0.1,
        0.1,
        0.1,
        0.1,
        0.1,
        0.1,
        0.1,
        0.1
      ]
    },
    "rsi": {
      "edges": [
        12.173913043478251,
        30.860716199062058,
        36.145178572647296,
        41.871220005127974,
        46.20778940554536,
        50.31331469673651,
        55.15728636399335,
        59.94061312113871,
        64.38162633474444,
        70.74056702105483,
        87.5441250630358
      ],