{
  "feature_cols": [
    "return_1d",
    "return_2d",
    "return_3d",
    "return_5d",
    "return_10d",
    "return_20d",
    "div_ma_5",
    "div_ma_10",
    "div_ma_20",
    "div_ma_60",
    "ma_5_20_cross",
    "ma_20_60_cross",
    "rsi",
    "rsi_change",
    "macd",
    "macd_signal",
    "macd_hist",
    "macd_hist_change",
    "bb_pct_b",
    "bb_bandwidth",
    "atr_pct",
    "volatility",
    "vol_change",
    "vol_ratio",
    "candle_body_pct",
    "upper_shadow_pct",
    "lower_shadow_pct",
    "day_of_week",
    "month",
    "is_month_end",
    "is_month_start",
    "streak",
    "gap",
    "price_position_20d",
    "macro_usdjpy_ret_20",
    "macro_usdjpy_ret_60",
    "macro_usdjpy_vol_20",
    "macro_topix_ret_20",
    "macro_topix_vol_20",
    "macro_topix_above_200dma",
    "macro_nikkei_ret_20",
    "macro_nikkei_above_200dma",
    "macro_nikkei_vi",
    "macro_jgb10y",
    "macro_bias_score"
  ],
  "avg_up_ret": 0.030378426536521494,
  "avg_dn_ret": -0.016759388825856876,
  "n_bins": 10,
  "psi_ref_rows": 250,
  "psi": {
    "return_1d": {
      "edges": [
        -0.05065666041275796,
        -0.018933445800628522,
        -0.011768313955303266,
        -0.007227192693786888,
        -0.003174613298442572,
        0.0014935342836636112,
        0.004917793875158206,
        0.007301099525020161,
        0.01371234088997802,
        0.02251772684390949,
        0.05331939362258242
      ],
      "ref_props": [
        0.1,
        0.1,
        0.1,
        0.1,
        0.1,
        0.1,
        0.1,
        0.1,
        0.1,
        0.1
      ]
    },
    "return_2d": {
      "edges": [
        -0.08090994371482174,
        -0.02632436511291801,
        -0.016156766237786033,
        -0.009078638382594439,
        -0.003550528078662492,
        0.0020080923023264585,
        0.006744160883629191,
        0.01118626211999907,
        0.01827004444862662,
        0.03229964577825723,
        0.08004836759371226
      ],
      "ref_props": [
        0.1,
        0.1,
        0.1,
        0.1,
        0.1,
        0.1,
        0.1,
        0.1,
        0.1,
        0.1
      ]
    },
    "return_3d": {
      "edges": [
        -0.08964757709251103,
        -0.03032581092220471,
        -0.017536808753879616,
        -0.009923730912739624,
        -0.00436287644138895,
        0.0035717469007340297,
        0.009706141263468259,
        0.016637684278131993,
        0.024843773223870616,
        0.03543544783934091,
        0.08030962747943882
      ],
      "ref_props": [
        0.1,
        0.1,
        0.1,
        0.1,
        0.1,
        0.1,
        0.1,
        0.1,
        0.1,
        0.1
      ]
    },
    "return_5d": {
      "edges": [
        -0.09011432414256892,
        -0.03387492007035222,
        -0.019700327965340846,
        -0.010260644252699796,
        -0.003831178235721188,
        0.003998927856550871,
        0.012610110416557204,
        0.021862025190280847,
        0.030894154562251874,
        0.046647397465481875,
        0.09441849028768123
      ],
      "ref_props": [
        0.1,
        0.1,
        0.1,
        0.1,
        0.1,
        0.1,
        0.1,
        0.1,
        0.1,
        0.1
      ]
    },
    "return_10d": {
      "edges": [
        -0.08899349921542254,
        -0.046664472581778804,
        -0.030176217851584263,
        -0.011858478338084668,
        0.0005106633101902518,
        0.007139621322185485,
        0.01752456874217461,
        0.03163259975752424,
        0.045504077543080494,
        0.06481560364086537,
        0.13580874872838256
      ],
      "ref_props": [
        0.1,
        0.1,
        0.1,
        0.1,
        0.1,
        0.1,
        0.1,
        0.1,
        0.1,
        0.1
      ]
    },
    "return_20d": {
      "edges": [
        -0.13564181737979708,
        -0.044035469639748206,
        -0.02341454487438172,
        -0.008322252371855509,
        0.004875669222303048,
        0.0188588879972168,
        0.033463750257346325,
        0.04517212411853973,
        0.06497210113781914,
        0.09289563041776129,
        0.15462868769074256
      ],
      "ref_props": [
        0.1,
        0.1,
        0.1,
        0.1,
        0.1,
        0.1,
        0.1,
        0.1,
        0.1,
        0.1
      ]
    },
    "div_ma_5": {
      "edges": [
        -0.0558753654970761,
        -0.018914003925793902,
        -0.011963429131587508,
        -0.006194092448273985,
        -0.002390600130849183,
        0.0015873995213619315,
        0.005758769964613359,
        0.009773475926181125,
        0.01464654582417388,
        0.02344147657423457,
        0.05919741959965857
      ],
      "ref_props": [
        0.1,
        0.1,
        0.1,
        0.1,
        0.1,
        0.1,
        0.1,
        0.1,
        0.1,
        0.1
      ]
    },
    "div_ma_10": {
      "edges": [
        -0.060873912154331994,
        -0.02619679253138743,
        -0.018882523818303115,
        -0.008277166823516563,
        -0.0012317267157568937,
        0.00474254522898619,
        0.010264359167661625,
        0.01674501735316431,
        0.023369196268518425,
        0.032417339940419204,
        0.08762359359018075
      ],
      "ref_props": [
        0.1,
        0.1,
        0.1,
        0.1,
        0.1,
        0.1,
        0.1,
        0.1,
        0.1,
        0.1
      ]
    },
    "div_ma_20": {
      "edges": [
        -0.07263455554372386,
        -0.03414293768060327,
        -0.02042371106968563,
        -0.010910486499039827,
        -0.0010054071060518837,
        0.0070840009848542876,
        0.01478223865805784,
        0.025774640790880203,
        0.03798447438727906,
        0.0512763830669722,
        0.09350029232909077
      ],
      "ref_props": [
        0.1,
        0.1,
        0.1,
        0.1,
        0.1,
        0.1,
        0.1,
        0.1,
        0.1,
        0.1
      ]
    },
    "div_ma_60": {
      "edges": [
        -0.07796016781192272,
        -0.049250767923937795,
        -0.017453296538825123,
        0.015080242100218655,
        0.03069170908548755,
        0.0388202664391296,
        0.04909635449984852,
        0.06404924958375632,
        0.08139868689982566,
        0.09927728669677485,
        0.1442444570815759
      ],
      "ref_props": [
        0.1,
        0.1,
        0.1,
        0.1,
        0.1,
        0.1,
        0.1,
        0.1,
        0.1,
        0.1
      ]
    },
    "ma_5_20_cross": {
      "edges": [
        -0.04423549387083092,
        -0.02775677592217877,
        -0.014210542891442055,
        -0.007804241857897838,
        -0.0013819964797929108,
        0.005879278350553019,
        0.012505247010155792,
        0.0214553042457881,
        0.02876489290869442,
        0.03755228322079158,
        0.06367050114414163
      ],
      "ref_props": [
        0.1,
        0.1,
        0.1,
        0.1,
        0.1,
        0.1,
        0.1,
        0.1,
        0.1,
        0.1
      ]
    },
    "ma_20_60_cross": {
      "edges": [
        -0.042704414799215384,
        -0.02800090615237317,
        -0.016209966558051358,
        0.016868186930830652,
        0.02517274968853021,
        0.03778851338997913,
        0.042510144621285245,
        0.047677907006507717,
        0.05006220987923262,
        0.05628627983570129,
        0.0634548176749481
      ],
      "ref_props": [
        0.1,
        0.1,
        0.1,
        0.1,
        0.1,
        0.1,
        0.1,
        0.1,
        0.1,
        0.1
      ]
    },
    "rsi": {
      "edges": [
        13.416815742397134,
        35.80702329813572,
        40.33872831503794,
        45.114728511218715,
        49.25579323209473,
        54.54976339867994,
        57.24799090403857,
        61.94743514898476,
        65.2125440163891,
        69.1174971545131,
        80.33473578027338
      ],