{
  "feature_cols": [
    "return_1d",
    "return_2d",
    "return_3d",
    "return_5d",
    "return_10d",
    "return_20d",
    "div_ma_5",
    "div_ma_10",
    "div_ma_20",
    "div_ma_60",
    "ma_5_20_cross",
    "ma_20_60_cross",
    "rsi",
    "rsi_change",
    "macd",
    "macd_signal",
    "macd_hist",
    "macd_hist_change",
    "bb_pct_b",
    "bb_bandwidth",
    "atr_pct",
    "volatility",
    "vol_change",
    "vol_ratio",
    "candle_body_pct",
    "upper_shadow_pct",
    "lower_shadow_pct",
    "day_of_week",
    "month",
    "is_month_end",
    "is_month_start",
    "streak",
    "gap",
    "price_position_20d",
    "macro_usdjpy_ret_20",
    "macro_usdjpy_ret_60",
    "macro_usdjpy_vol_20",
    "macro_topix_ret_20",
    "macro_topix_vol_20",
    "macro_topix_above_200dma",
    "macro_nikkei_ret_20",
    "macro_nikkei_above_200dma",
    "macro_nikkei_vi",
    "macro_jgb10y",
    "macro_bias_score"
  ],
  "avg_up_ret": 0.0363203044499547,
  "avg_dn_ret": -0.026554253062819833,
  "n_bins": 10,
  "psi_ref_rows": 250,
  "psi": {
    "return_1d": {
      "edges": [
        -0.14584119793632822,
        -0.03175104746707404,
        -0.018416750602611606,
        -0.010321976182462944,
        -0.003711908905076088,
        0.0007804945687087672,
        0.005407522704745924,
        0.012693399126746144,
        0.019642823450038413,
        0.03210158246820855,
        0.09212097095105443
      ],
      "ref_props": [
        0.1,
        0.1,
        0.1,
        0.1,
        0.1,
        0.1,
        0.1,
        0.1,
        0.1,
        0.1
      ]
    },
    "return_2d": {
      "edges": [
        -0.19430267062314543,
        -0.03791247281975586,
        -0.02576907744886878,
        -0.014453636406232359,
        -0.0052454956380181645,
        0.0013487941761440858,
        0.0079694753577106,
        0.015808933946334383,
        0.02888896206801715,
        0.05010483302372376,
        0.11400716275368095
      ],
      "ref_props": [
        0.1,
        0.1,
        0.1,
        0.1,
        0.1,
        0.1,
        0.1,
        0.1,
        0.1,
        0.1
      ]
    },
    "return_3d": {
      "edges": [
        -0.20735905044510383,
        -0.043639556286461746,
        -0.02998750213747445,
        -0.017834941710339634,
        -0.00483368934543772,
        0.001914845066014359,
        0.009483458122760125,
        0.017926711439726708,
        0.03216730487687887,
        0.06809326204736837,
        0.13471752776436507
      ],
      "ref_props": [
        0.1,
        0.1,
        0.1,
        0.1,
        0.1,
        0.1,
        0.1,
        0.1,
        0.1,
        0.1
      ]
    },
    "return_5d": {
      "edges": [
        -0.23062314540059348,
        -0.05774447034714841,
        -0.03788119262840725,
        -0.025173151390871513,
        -0.008411007537576393,
        0.0035224761060869136,
        0.014107121183222712,
        0.025607036052500438,
        0.05185227297384301,
        0.08195617833266493,
        0.1694855532064834
      ],
      "ref_props": [
        0.1,
        0.1,
        0.1,
        0.1,
        0.1,
        0.1,
        0.1,
        0.1,
        0.1,
        0.1
      ]
    },
    "return_10d": {
      "edges": [
        -0.21103857566765583,
        -0.09387316539394158,
        -0.053344851054836814,
        -0.03419228450364178,
        -0.01570452165146976,
        -0.0003084048250825977,
        0.02304816849992337,
        0.048522385873803184,
        0.08317158625966317,
        0.1405080373787674,
        0.2385702410640067
      ],
      "ref_props": [
        0.1,
        0.1,
        0.1,
        0.1,
        0.1,
        0.1,
        0.1,
        0.1,
        0.1,
        0.1
      ]
    },
    "return_20d": {
      "edges": [
        -0.21240646874245717,
        -0.11618028753993603,
        -0.06706777818353252,
        -0.03643313462101138,
        -0.0036771796877796297,
        0.027790186504697556,
        0.056010693546925505,
        0.10268975198928242,
        0.13922616880531585,
        0.1723826995004252,
        0.33386992916934966
      ],
      "ref_props": [
        0.1,
        0.1,
        0.1,
        0.1,
        0.1,
        0.1,
        0.1,
        0.1,
        0.1,
        0.1
      ]
    },
    "div_ma_5": {
      "edges": [
        -0.14826340092350934,
        -0.030939262279873418,
        -0.017478835021588618,
        -0.011044192472466937,
        -0.0032772861953470726,
        0.002023377511821144,
        0.006169472754145229,
        0.01185065679190733,
        0.01901699297291817,
        0.04119914982853592,
        0.08436274716472027
      ],
      "ref_props": [
        0.1,
        0.1,
        0.1,
        0.1,
        0.1,
        0.1,
        0.1,
        0.1,
        0.1,
        0.1
      ]
    },
    "div_ma_10": {
      "edges": [
        -0.145869020951377,
        -0.04405700718438798,
        -0.03006934198710378,
        -0.018701232218250614,
        -0.008049900546382117,
        -0.0009470379803143295,
        0.009078816303904376,
        0.019457940627182344,
        0.03608431390322073,
        0.06969354803593726,
        0.12165020387693247
      ],
      "ref_props": [
        0.1,
        0.1,
        0.1,
        0.1,
        0.1,
        0.1,
        0.1,
        0.1,
        0.1,
        0.1
      ]
    },
    "div_ma_20": {
      "edges": [
        -0.12977627764074604,
        -0.07558794817810983,
        -0.044365575740489334,
        -0.0280679935934602,
        -0.013344753817803654,
        0.004567303463975743,
        0.027014538903349754,
        0.04208476180730926,
        0.07157778092232914,
        0.10261105282637766,
        0.16778818665611117
      ],
      "ref_props": [
        0.1,
        0.1,
        0.1,
        0.1,
        0.1,
        0.1,
        0.1,
        0.1,
        0.1,
        0.1
      ]
    },
    "div_ma_60": {
      "edges": [
        -0.12384451599501459,
        -0.08260669546527745,
        -0.042199320795461424,
        -0.008396762579881957,
        0.022381575182802337,
        0.043774075545621925,
        0.06429489549073837,
        0.08460535292510732,
        0.11196846262091101,
        0.15348781893850474,
        0.26453365017397945
      ],
      "ref_props": [
        0.1,
        0.1,
        0.1,
        0.1,
        0.1,
        0.1,
        0.1,
        0.1,
        0.1,
        0.1
      ]
    },
    "ma_5_20_cross": {
      "edges": [
        -0.10640200528419486,
        -0.0592301054786538,
        -0.036278434873140836,
        -0.019148339168470294,
        -0.00880186960431861,
        0.004589340469929981,
        0.022030549221983622,
        0.03335932173381413,
        0.054712884255943645,
        0.08310160908698609,
        0.12027734418793168
      ],
      "ref_props": [
        0.1,
        0.1,
        0.1,
        0.1,
        0.1,
        0.1,
        0.1,
        0.1,
        0.1,
        0.1
      ]
    },
    "ma_20_60_cross": {
      "edges": [
        -0.08217493929256736,
        -0.047053029594144334,
        -0.01258801130020257,
        -0.005111168534298978,
        0.021864866693181505,
        0.039091495895141826,
        0.053035655516310384,
        0.06258725258877176,
        0.08053156607954302,
        0.09334928832633477,
        0.13298379914330538
      ],
      "ref_props": [
        0.1,
        0.1,
        0.1,
        0.1,
        0.1,
        0.1,
        0.1,
        0.1,
        0.1,
        0.1
      ]
    },
    "rsi": {
      "edges": [
        7.097457627118658,
        29.42503926906091,
        37.87004202913903,
        42.59792909755657,
        47.28000152558211,
        50.62677027506874,
        55.66199914342821,
        63.13843995857229,
        69.3258815794027,
        73.93358963940028,
        89.70959595959596
      ],