tree
version=v4
num_class=1
num_tree_per_iteration=1
label_index=0
max_feature_idx=27
objective=lambdarank
feature_names=cs_z_return_5d cs_rank_return_5d cs_z_return_20d cs_rank_return_20d cs_z_rsi cs_rank_rsi cs_z_macd_hist cs_rank_macd_hist cs_z_atr_pct cs_rank_atr_pct cs_z_vol_ratio cs_rank_vol_ratio cs_z_adv20 cs_rank_adv20 sect_rank_return_20d sect_rank_return_5d cs_rank_turnover macro_usdjpy_ret_20 macro_usdjpy_ret_60 macro_usdjpy_vol_20 macro_topix_ret_20 macro_topix_vol_20 macro_topix_above_200dma macro_nikkei_ret_20 macro_nikkei_above_200dma macro_nikkei_vi macro_jgb10y macro_bias_score
feature_infos=[-4.8914679328924819:5.8692718343219044] [0.02:1] [-4.4795826638039582:5.1876528607639294] [0.02:1] [-3.781708443908768:3.709189097776866] [0.02:1] [-6.9182283594996798:6.9510280076173716] [0.02:1] [-2.6166960676828288:5.6825664757236565] [0.02:1] [-4.0988071101217463:5.9730948843789653] [0.02:1] [-0.98085485904512393:6.6442756052195318] [0.02:1] [0.16666666666666666:1] [0.16666666666666666:1] [0.02:1] [-0.10288784967882303:0.08505611680078462] [-0.13986255140503889:0.13574526940690168] [0.0013477040299661059:0.011841457708833433] [-0.21871130063915301:0.21255316252998058] [0.0039190506430755974:0.040640975235326539] [0:1] [-0.22859537662338159:0.23022297972565586] [0:1] none none none
tree_sizes=1754 1778 1760 1764 1768 1553 1792 1767 1770 1753 1777 1780 1759 1773 1765 1789 1792 1782 1778 1765 1769 1730 1779 1767 1775 1768 1785 1752 1746 1778 1544 1740 1726 1747 1745 1794 1802 1758 1792 1449 1765 1772 1764 1794 1769 1784 1781 1770 1794 1768 1791 1788 1774 1786 1754 1788 1784 1767 1718 1749 1778 1743 1786 1796 1783 1759 1780 1781 1775 1639 1760 1750 1802 1761 1658 1752 1787 1731 1734 1768 1769 1571 1765 1663 1777 1768 1743 1772 1795 1769 1671 1618 1788 1758 1754 1752 1629 1508 1649 1661 1776 1754 1649 1751 1767 1706 1506 1745 1750 1779 1748 1772 1770 1743 1786 1726 1774 1657 1790 1665 1744 1797 1791 1740 1757 1772 1782 1767 1811 1714 1438 1787 1649 1802 1804 1519 1532 1544 1800 1765 1738 1785 1808 1560 1786 1632 1768 1766 1762 1793 1760 1675 1791 1772 1707 1409 1419 1785 1747 1796 1765 1767 1787 1770 1774 1644 1596 1699 1741 1782 1750 1642 1784 1798 1768 1791 1747 1741 1749 1770 1798 1726 1729 1740 1775 1756 1742 1790 1766 1760 1708 1646 1793 1764 1538 1761 1434 1750 1419 1768 1750 1744 1658 1772 1768 1780 1754 1783 1785 1759 1319 1796 1786 1759 1753 1715 1706 1801 1767 1762 1708 1795 1792 1789 1762 1803 1775 1796 1790 1719 1738 1750 1633 1750 1752 1767 1790 1784 1786 1778 1777 1764 1788 1763 1571 1739 1326 1637 1729 1301 1736 1781 1759 1727 1743 1764 1766 1755 1774 1762 1772 1772 1787 1743 1717 1645 1766 1800 1730 1753 1637 1753 1723 1743 1744 1727 1748 1760 1762 1774 1751 1797 1774 1761 1790 1754 1785 1760 1762 1736 1784 1787 1791 1741 1791 1767 1755 1773 1573 1756

Tree=0
num_leaves=15
num_cat=0
split_feature=9 13 1 21 23 19 9 11 4 13 9 21 1 4
split_gain=17.1879 5.66761 4.41637 4.07956 3.64294 3.71571 3.40693 3.04063 2.87144 3.61803 2.66605 1.88678 1.46616 1.04405
threshold=0.76775510204081643 0.06394557823129253 0.46333333333333343 0.020786278787124933 -0.060456056885456404 0.0032458641219602984 0.18183673469387759 0.73734693877551039 1.0594523048724109 0.1705215419501134 0.46333333333333343 0.0080366518078000011 0.1918367346938776 -1.1017687287746067
decision_type=2 2 2 2 2 2 2 2 2 2 2 2 2 2
left_child=2 7 8 6 -3 -6 -4 12 10 -10 -1 -9 -2 -5
right_child=1 4 3 13 5 -7 -8 11 9 -11 -12 -13 -14 -15
leaf_value=-0.0024461003810710346 0 0.018832982793133276 -0.0070409455620022423 0.00025460030354795555 -0.0048066870122226244 0.0073010158956945221 -0.0017583985278635608 0.018060368944381004 0.023417243741268884 0.00038332101913581034 0.0022120899906207169 -0.0049681570725029923 -0.021268420202658633 -0.016971100880552092
leaf_weight=271.72986102849245 2.8195463586598661 22.40801571495831 155.02849342580885 1.6273802742362047 22.494545468129218 221.09962501982227 415.19869380025193 3.2226638179272395 8.3972586868330854 18.581864780280739 181.43427798524499 5.1864393232390285 9.8110008430667204 23.540012171491981
leaf_count=7957 49 770 4104 45 814 8289 13083 23 98 541 5747 76 134 709
internal_value=-0.000353502 0.00612991 -0.0021059 -0.00382787 0.00735364 0.00609182 -0.00324037 -0.00798586 5.32418e-06 0.0091916 -0.000546611 0.00419055 -0.0165825 -0.0153684
internal_weight=1362.58 287.042 1075.54 595.395 266.002 243.594 570.227 21.0397 480.143 26.9791 453.164 8.4091 12.6305 25.1674
internal_count=42439 10155 32284 17941 9873 9103 17187 282 14343 639 13704 99 183 754
is_linear=0
shrinkage=0.03


Tree=1
num_leaves=15
num_cat=0
split_feature=8 16 8 8 10 20 11 16 16 2 19 19 16 7
split_gain=73.5281 10.8749 10.1855 9.15512 12.6938 9.14307 12.8219 8.57517 6.04754 5.96767 5.34542 8.49546 4.91291 4.09675
threshold=1.1917117947095048 0.97979591836734703 0.46534365641746384 2.0043718146671403 -0.13712289400348407 0.02503263312682669 0.10102040816326532 0.34346938775510211 0.79795918367346952 -2.4664925740459522 0.0033704395407649491 0.0051511106356933551 0.23224489795918371 0.97979591836734703
decision_type=2 2 2 2 2 2 2 2 2 2 2 2 2 2
left_child=2 3 10 4 -2 6 -4 -7 -5 -3 12 -12 -1 -11
right_child=1 9 5 8 -6 7 -8 -9 -10 13 11 -13 -14 -15
leaf_value=0.0059607581126037597 0.0016216920674260178 -0.017600229782300962 -0.0093926960265475808 0.02566979278217324 0.01260065560918208 0.0047387469853995287 0.004481644053698516 -0.0053084626695562185 0.012224847294689645 0.0063403609678020128 -0.0066937243364695266 -0.0022284976734393926 -0.0020066186363446679 -0.0046508629625137661
leaf_weight=97.763370186090469 165.28370554558933 10.985111996531485 65.03580536134541 50.910187596455216 233.89166045561433 97.745672897435725 533.69308514893055 313.07149021048099 110.20959219895303 114.74503855779767 594.77403938770294 1128.5580945136026 226.83466367051005 38.110317692160606
leaf_count=925 1026 109 391 224 1223 528 3133 1914 830 942 9552 18611 2739 292
internal_value=0.000129872 0.00871563 -0.00190305 0.0107037 0.00812281 0.000549914 0.00292335 -0.00287022 0.0168277 0.00177952 -0.00311894 -0.00378425 0.000368898 0.00347846
internal_weight=3781.61 724.136 3057.48 560.295 399.175 1009.55 598.729 410.817 161.12 163.84 2047.93 1723.33 324.598 152.855
internal_count=42439 4646 37793 3303 2249 5966 3524 2442 1054 1343 31827 28163 3664 1234
is_linear=0
shrinkage=0.03


Tree=2
num_leaves=15
num_cat=0
split_feature=8 17 6 4 17 8 18 20 7 8 5 5 23 20
split_gain=96.5785 12.8525 9.87316 13.287 10.9693 6.07615 11.7187 9.15297 5.29532 3.75158 2.78185 2.59333 3.21391 2.3154
threshold=0.71203734368093574 0.058890626892361471 0.66648764348282719 1.2363644915986021 -0.005433452898763679 -0.48169121743493271 -0.083170437402188976 0.030505218820381711 0.83836734693877568 0.46534365641746384 0.9191836734693879 0.41408163265306125 0.0081651310394617056 0.04391388434598565
decision_type=2 2 2 2 2 2 2 2 2 2 2 2 2 2
left_child=5 2 3 -2 -4 6 10 -8 9 -7 -1 12 -3 -10
right_child=1 11 4 -5 -6 8 7 -9 13 -11 -12 -13 -14 -15
leaf_value=-0.025459956933938311 0.0069335954372802041 -0.012643745869634522 -0.0096127732610291287 0.018181506640397655 0.0056267033284432156 -0.0023785145073680412 -0.0074228887151143704 -0.00064455372197779316 -0.0045940818465708211 0.0021046983227612187 0 -0.021296052270352816 0.0092773819011665749 -0.011623767353327473
leaf_weight=30.752457983791828 1006.9453628845513 12.073970183730127 61.36894192174077 105.86324292421341 126.49814207479358 997.40693212859333 489.31116987764835 291.00095925107598 192.84692678786814 196.80500343441963 5.5918325893580905 12.656221989542244 8.0321650281548482 61.12157466262579
leaf_count=549 6017 81 391 555 792 14808 8550 4729 2863 2037 50 89 38 890
internal_value=9.10727e-05 0.00649495 0.00697457 0.00804778 0.000520731 -0.00367504 -0.00575723 -0.00492234 -0.0024842 -0.00162486 -0.0220994 -0.0114203 -0.00316091 -0.00642209
internal_weight=3598.27 1333.44 1300.68 1112.81 187.867 2264.84 816.656 780.312 1448.18 1194.21 36.3443 32.7624 20.1061 253.969
internal_count=42439 7963 7755 6572 1183 34476 13878 13279 20598 16845 599 208 119 3753
is_linear=0
shrinkage=0.03


Tree=3
num_leaves=15
num_cat=0
split_feature=9 23 3 21 21 21 23 7 21 18 17 12 21 12
split_gain=93.3609 10.3342 11.6776 14.6461 9.99842 9.12698 6.08205 5.8785 4.97843 4.69995 4.94812 4.29338 3.19091 1.97045
threshold=0.76775510204081643 -0.058980279050290456 0.26598639455782319 0.011604728173246134 0.013536658895111993 0.009596132137828681 0.14203122711922014 0.085260770975056702 0.0090696638947236671 0.020298730570233129 -0.0018299559366576343 -0.2039980621106878 0.013738690501982403 -0.32488321343341492
decision_type=2 2 2 2 2 2 2 2 2 2 2 2 2 2
left_child=4 9 3 -3 6 -4 8 -6 -1 10 -2 -11 -9 -8
right_child=1 2 5 -5 7 -7 13 12 -10 11 -12 -13 -14 -15
leaf_value=-0.0055906151128135061 0.013505691704454632 -0.0024602595302635941 0.0096408545113715691 0.0087963846139798782 0.0061270637007363486 0.0035808333241162536 0.022556639394561005 -0.023160078215961676 -0.0022156639626453585 0.0051727949125303452 -0.0012847054385982785 0.028502528455753184 -0.0098196489230539651 0
leaf_weight=709.87526643648744 64.505275893956423 339.24294400960207 473.88186413235962 147.20989625528455 16.774651477113366 449.19739885814488 8.5668552275747043 19.216570094227791 939.76558037102222 12.872179895639418 26.329310979694128 28.312560182064772 221.03391078673303 3.3187312576919785
leaf_count=12016 387 2249 3094 927 266 3062 97 331 15539 104 177 155 3975 60
internal_value=2.45548e-05 0.00552249 0.00474062 0.000937576 -0.00438637 0.0067222 -0.00351229 -0.00990815 -0.00368207 0.0135631 0.00912165 0.0221355 -0.011131 0.0161084
internal_weight=3460.1 1541.55 1409.53 486.453 1918.55 923.079 1661.53 257.025 1649.64 132.019 90.8346 41.1847 240.25 11.8856
internal_count=42439 10155 9332 3176 32284 6156 27712 4572 27555 823 564 259 4306 157
is_linear=0
shrinkage=0.03


Tree=4
num_leaves=15
num_cat=0
split_feature=0 12 5 0 17 3 0 0 20 0 17 7 18 5
split_gain=16.6633 16.774 8.96665 12.267 8.26758 8.19908 7.92388 7.11526 6.37885 8.98338 4.42973 4.24068 3.68511 3.66176
threshold=1.6407898872637681 0.83714086438344837 0.96888888888888902 -0.39258026895938442 0.016469782636095557 0.94777777777777794 -0.44812101266475374 1.2126765225786145 0.0069931921816274176 3.6173611821892426 -0.013991916388760238 0.92666666666666686 0.048568721274863676 0.9900000000000001
decision_type=2 2 2 2 2 2 2 2 2 2 2 2 2 2
left_child=1 5 3 -3 8 6 -1 -7 9 -2 -10 13 -13 -6
right_child=4 2 -4 -5 11 7 -8 -9 10 -11 -12 12 -14 -15
leaf_value=0.00026821030537969983 0.0070354624346573207 0.0077671628277379999 0.022116294397871196 -0.0012795675283149986 0.0071365979143572459 0.0085213152282904402 -0.0032659681022089407 -0.0092184897460120662 0.0017722168644581249 -0.02766911023972593 0.018235113777742406 -0.017407644897124489 0.0026125449448616443 -0.016838596716444838
leaf_weight=899.45563512574881 58.611479179933667 272.76497951894999 22.416921216994524 259.34054535627365 50.724727004766464 116.18918496929109 1525.3530600480735 22.097683994099498 20.515897084027529 5.4704069066792718 90.251338230445981 17.432206800207499 11.623307131230829 4.2252149377018204
leaf_count=11104 528 1908 114 2317 413 1053 23512 231 190 41 680 182 129 37
internal_value=9.43771e-05 -0.000510245 0.00420424 0.00334155 0.00738197 -0.00153855 -0.00194968 0.00548863 0.0110651 0.00309813 0.0154044 -0.000188664 -0.00926333 0.0045031
internal_weight=3376.47 3117.62 554.522 532.106 258.855 2563.1 2424.81 138.287 174.849 64.0819 110.767 84.0055 29.0555 54.9499
internal_count=42439 40239 4339 4225 2200 35900 34616 1284 1439 569 870 761 311 450
is_linear=0
shrinkage=0.03


Tree=5
num_leaves=13
num_cat=0
split_feature=2 12 18 11 16 20 5 6 6 12 2 12
split_gain=29.3713 16.173 12.6027 9.15521 7.31729 7.03247 6.23326 7.73321 6.61278 6.04714 6.88857 5.00886
threshold=1.4278315564958513 0.1960429467118778 0.102785878981576 0.85857142857142865 0.97979591836734703 0.06953384306651246 0.68444444444444452 1.3641009025392103 0.38984326722261625 -0.34993891791721549 -1.5713681263556081 -0.28145202695946209
decision_type=2 2 2 2 2 2 2 2 2 2 2 2
left_child=1 9 6 4 -3 -5 8 -8 -2 10 -1 -11
right_child=2 3 -4 5 -6 -7 7 -9 -10 11 -12 -13
leaf_value=0.0089331522562225117 -0.008061520486423248 0.0024858369169664606 0.031015302530846375 0.010424842858200238 -0.0053516671067452047 -0.018975607718388288 0.0090998506861675252 -0.0032785165945978675 0.017447726362061603 -0.0085247929890225546 -0.0016652344715934856 -0.0031007423712493586
leaf_weight=55.567152997478843 46.15507735684514 528.30885712243617 17.45672120526433 147.46275170706213 131.73014179244637 5.5615292116999617 322.42624618299305 49.82811607606709 9.1138155758380872 209.55506517551839 1185.7030215971172 640.06975333020091
leaf_count=543 320 5303 105 1091 930 55 2278 390 59 3378 18963 9279
internal_value=-1.46842e-05 -0.00112035 0.00714008 0.00245652 0.000887534 0.00902853 0.00599041 0.0073942 -0.00313071 -0.00251943 -0.00116511 -0.00447304
internal_weight=3348.94 2903.96 444.98 813.063 660.039 153.024 427.523 372.254 55.2689 2090.89 1241.27 849.625
internal_count=42694 39542 3152 7379 6233 1146 3047 2668 379 32163 19506 12657
is_linear=0
shrinkage=0.03


Tree=6
num_leaves=15
num_cat=0
split_feature=9 5 10 9 19 21 21 21 19 17 19 19 19 20
split_gain=90.6238 14.5827 10.4864 9.04512 8.88069 7.21804 7.37522 6.99835 6.14784 6.01499 6.67982 5.81546 5.55649 2.94563
threshold=0.76775510204081643 0.9191836734693879 0.69811201645389331 0.9191836734693879 0.0027653798327476205 0.011976795285417964 0.0095703783511010779 0.0062848476822457673 0.0055349937015149574 -0.024214074270177018 0.0098998977377340574 0.0013811796875129181 0.0023983161030674701 0.0035756985504212806
decision_type=2 2 2 2 2 2 2 2 2 2 2 2 2 2
left_child=4 2 7 -4 11 6 -6 -2 -7 10 -3 -1 -11 -13
right_child=1 9 3 -5 5 8 -8 -9 -10 12 -12 13 -14 -15
leaf_value=-0.01740298367220772 0.013542439752066574 -0.011891952803310313 0.0027199952683486053 0.012479025540065213 -0.0056664955506599175 -0.01313575863451877 -0.0010507086846160499 0.0018280429963258768 -0.005303504534330537 -0.0084662174031857711 0.018792636600173791 -0.0025105553636214782 0.015601680307899914 0.0085341488786265293
leaf_weight=8.6079710591584426 47.288291160017252 16.249533616006378 149.58070147410035 217.70323139056563 798.43931698333472 158.91192956455052 526.54259945638478 830.84771034866571 240.18583384715021 7.0253174528479567 7.7533041611313811 25.980361009016633 184.84640774317086 80.018412647768855
leaf_count=139 352 97 1263 1039 14140 2976 9069 6547 4412 37 28 452 874 1269
internal_value=2.26707e-05 0.00559964 0.00432007 0.00858142 -0.00440274 -0.00494425 -0.00384785 0.00250526 -0.00850948 0.0128054 -0.000720394 0.00355983 0.0145648 0.00569183
internal_weight=3299.98 1461.29 1245.42 367.284 1838.69 1724.08 1324.98 878.136 399.098 215.875 24.0028 114.607 191.872 105.999
internal_count=42694 10237 9201 2302 32457 30597 23209 6899 7388 1036 125 1860 911 1721
is_linear=0
shrinkage=0.03


Tree=7
num_leaves=15
num_cat=0
split_feature=9 11 9 2 21 7 5 21 23 21 6 6 21 0
split_gain=72.9714 15.6098 8.96959 8.17001 7.28885 8.00381 5.92078 4.67242 5.52586 4.35087 3.68404 2.86928 2.33217 2.05985
threshold=0.76775510204081643 0.81816326530612249 0.8633333333333334 -0.56770100424620196 0.0065131528295978664 0.30861678004535154 0.9191836734693879 0.013272528795941303 0.12272647596671939 0.0064489905470936368 -0.80998529831195532 0.5342263519163144 0.0395973894596846 -0.047925107550667
decision_type=2 2 2 2 2 2 2 2 2 2 2 2 2 2
left_child=7 4 11 -4 5 -2 -6 8 9 -1 -9 -3 -12 -10
right_child=1 2 3 -5 6 -7 -8 10 13 -11 12 -13 -14 -15
leaf_value=-0.0091398593502486237 -0.0019038913065642449 0.0038697281826072507 0.0058395367645446396 0.015507519110105887 0.0012453759646798262 0.01991714708224581 0.0087239159353823016 0.0087166148136918926 0.017213825543312477 -0.0029717101471279602 -0.0089100559077462914 -0.0099818519565583689 0.0049604316770170834 -0.00077115155761847318
leaf_weight=112.73691442422569 20.662664469331503 93.43107988871634 135.425486613065 224.45608579367399 768.62891449406743 42.380653880536556 108.47844500094652 9.5105400308966619 14.148447576910259 1434.607301980257 245.00601883605123 13.317983366549013 8.7833881918340904 6.2761259134858838
leaf_count=2001 190 845 705 1023 6524 282 547 145 184 25172 4669 121 171 115
internal_value=7.15158e-05 0.00521016 0.00969989 0.0119632 0.00294997 0.012696 0.00220511 -0.00386962 -0.00322421 -0.00344201 -0.00760277 0.00185188 -0.00833634 0.0114426
internal_weight=3237.85 1406.78 466.631 359.882 940.151 63.0433 877.107 1831.07 1567.77 1547.34 263.3 106.749 253.789 20.4246
internal_count=42694 10237 2694 1728 7543 472 7071 32457 27472 27173 4985 966 4840 299
is_linear=0
shrinkage=0.03


Tree=8
num_leaves=15
num_cat=0
split_feature=9 11 8 12 19 21 21 19 21 3 14 19 21 9
split_gain=62.7996 13.4734 11.2679 11.1535 8.04722 7.09766 5.72601 6.41899 5.79841 5.43325 5.04177 4.02543 2.85413 2.67864
threshold=0.76775510204081643 0.82111111111111124 1.0950466723328962 -0.2039980621106878 0.0027653798327476205 0.0062233879097649296 0.012273353590559788 0.0059444558048134316 0.009596132137828681 0.1918367346938776 0.91666666666666685 0.0013811796875129181 0.009526330212189689 0.53197278911564638
decision_type=2 2 2 2 2 2 2 2 2 2 2 2 2 2
left_child=4 5 12 -4 11 9 8 -8 -6 -2 -7 -1 -3 -13
right_child=1 2 3 -5 6 10 7 -9 -10 -11 -12 13 -14 -15
leaf_value=-0.013853842365142468 -0.0052192228121569683 0.0066049201850122332 0.022953067877936512 0.0090400363471501953 -0.0048158266323434741 0 -0.01235973763152275 -0.0039443826177493436 -0.00079504480886993811 0.018721597125454421 0.0045160025834188322 0.0089400235444667443 -0.0024368454840429207 -0.00072154281872350938
leaf_weight=8.1086524222046119 8.7078657411038858 52.728137400001287 69.486148826777935 242.37175527960062 806.50812550075352 447.08311305381358 146.19959677010775 204.85665589012206 555.45939902961254 38.670254450291395 429.55991682782769 72.191563040018082 69.18820127658546 35.004207292571664
leaf_count=139 109 496 326 1081 14268 4101 2796 3820 9713 264 3288 1195 572 526
internal_value=4.58211e-05 0.00493385 0.00930059 0.0123143 -0.00357747 0.00285206 -0.00409876 -0.00754166 -0.00319057 0.0139844 0.00220288 0.00397709 0.00139611 0.00569229
internal_weight=3186.12 1357.8 433.774 311.858 1828.33 924.021 1713.02 351.056 1361.97 47.3781 876.643 115.304 121.916 107.196
internal_count=42694 10237 2475 1407 32457 7762 30597 6616 23981 373 7389 1860 1068 1721
is_linear=0
shrinkage=0.03


Tree=9
num_leaves=15
num_cat=0
split_feature=8 11 13 4 21 13 19 4 6 8 21 1 13 18
split_gain=54.1639 11.5612 9.85667 9.62218 8.61523 7.81111 7.03684 6.51391 5.90852 5.47907 7.45352 4.42917 3.89288 5.62849
threshold=0.71203734368093574 0.82111111111111124 0.37256235827664402 1.7185468698463071 0.0068115325643003004 0.81816326530612249 0.0027653798327476205 1.5173899572786829 -0.46347385779013656 -0.48169121743493271 0.011604728173246134 0.57460317460317467 0.14920634920634923 0.012523705808396681
decision_type=2 2 2 2 2 2 2 2 2 2 2 2 2 2
left_child=6 4 8 -4 5 -2 12 -6 -3 10 -8 -11 -1 -14
right_child=1 2 3 -5 7 -7 9 -9 -10 11 -12 -13 13 -15
leaf_value=0.013148441869749072 0 -0.005359091591567537 0.0054289864235490797 0.021688205372242707 0.0010505682500248864 0.021585224016277077 -0.0035024283880867313 0.011538869573185529 0.024030756697310748 -0.0005063346657655372 -0.010586964794894779 -0.0041963598500633775 -0.0097524233095165596 0.005238279090642897
leaf_weight=28.536160327494144 25.047320012003183 5.2994371429085723 294.31910509243608 36.40459955483675 606.05216700024903 38.70496204867959 495.37474753335118 57.154401998966932 52.21864802762866 689.41722919605672 189.25097736343741 521.86244190484285 29.577884361147881 75.502779901027679
leaf_count=338 225 31 1567 162 5211 276 9444 269 288 10664 3792 8707 487 1233
internal_value=3.55987e-05 0.00534612 0.00953367 0.00738342 0.0030691 0.0134729 -0.00287748 0.00200896 0.0209818 -0.00335116 -0.00550778 -0.00211279 0.00368334 0.000775306
internal_weight=3144.72 1115.2 388.242 330.724 726.959 63.7523 2029.52 663.207 57.5181 1895.91 684.626 1211.28 133.617 105.081
internal_count=42694 8029 2048 1729 5981 501 34665 5480 319 32607 13236 19371 2058 1720
is_linear=0
shrinkage=0.03


Tree=10
num_leaves=15
num_cat=0
split_feature=9 19 11 21 21 10 10 19 9 0 13 21 13 9
split_gain=48.1234 8.27995 7.30605 10.2444 5.64194 4.91364 3.85515 3.79272 3.8459 3.73506 3.81259 3.33507 3.08321 1.02724
threshold=0.77664399092970526 0.0027653798327476205 0.84222222222222232 0.011119723833919798 0.0062233879097649296 -0.79246156079685692 -1.9110433274935918 0.0033402654104216964 0.20204081632653065 3.0573842052240887 0.93938775510204098 0.0086425842361685327 0.85857142857142865 0.41408163265306125
decision_type=2 2 2 2 2 2 2 2 2 2 2 2 2 2
left_child=5 9 4 -4 -3 6 13 12 -9 10 -2 -8 -7 -1
right_child=1 2 3 -5 -6 7 11 8 -10 -11 -12 -13 -14 -15
leaf_value=-0.0017871306444326278 -0.0084243102781081936 0.01347315598815812 0.0043956390260498218 0.014667608189979281 0.0028447268543352294 0.0015908032193960979 -0.0035531839132694446 -0.0074118830511923405 -0.0034673151998591634 -0.027688483788808997 0.0058059859167580875 0.0027349936304242378 -0.012210251744795951 -0.020115826835485233
leaf_weight=7.0575388800352803 41.38812405988574 46.884909842163324 227.27417956665158 149.38881171494722 802.23746322467923 156.3318200847134 107.83024219423532 306.12056644167751 962.56761400401592 4.3172467052936545 24.878218309953809 238.25675525330007 13.99198451451957 8.337408170104025
leaf_count=135 411 395 1375 768 7163 2691 1887 6212 16876 22 160 4203 237 153
internal_value=7.47142e-05 0.00448287 0.00506586 0.00856518 0.00347949 -0.00309232 0 -0.00387686 -0.00444107 -0.00529562 -0.00284856 0.000723536 0.000241456 -0.0137472
internal_weight=3096.86 1296.37 1225.79 376.663 849.122 1800.49 361.482 1439.01 1268.69 70.5836 66.2663 346.087 170.324 15.3949
internal_count=42688 10294 9701 2143 7558 32394 6378 26016 23088 593 571 6090 2928 288
is_linear=0
shrinkage=0.03


Tree=11
num_leaves=15
num_cat=0
split_feature=8 4 6 18 8 8 18 7 11 23 23 11 22 11
split_gain=49.5386 8.17388 7.42851 7.04694 6.48156 5.57771 7.10362 5.72257 5.48802 5.17243 4.14052 3.23363 2.96212 2.10861
threshold=0.74895417264673692 2.0109041456754317 3.7302962485099682 -0.0047477430073212803 1.6913137372352478 -0.48169121743493271 -0.083170437402188976 0.83836734693877568 0.82111111111111124 0.037079180436868649 -0.034672479766112145 0.22111111111111112 1.0000000180025095e-35 0.87877551020408173
decision_type=2 2 2 2 2 2 2 2 2 2 2 2 2 2
left_child=5 2 8 -3 -4 6 12 11 -2 -8 -9 -7 -1 -5
right_child=1 3 4 13 -6 7 9 10 -10 -11 -12 -13 -14 -15
leaf_value=-0.031128835202367828 0.0034935432447642679 0.033617869921223106 0.0076911413408705283 -0.00058214961115368833 -0.020981681411061878 0.0022819683539868712 -0.0062724657767846493 0.0027955534722161651 0.0082399986004874325 -0.00075099995963278092 -0.0076585368023271028 -0.0015161409517331181 -0.0066449850818136973 0.015149333251561386
leaf_weight=11.239352393895388 641.55697939544916 15.190454609692095 9.1717283055186289 13.175140082836153 16.58806362003088 263.8065260797739 418.14348204620183 38.102718902751803 352.4065508954227 251.24789722077549 188.19038461521268 815.50851481128484 11.68884077295661 11.761393710970877
leaf_count=278 5517 59 71 67 136 4018 8827 621 1809 4624 3203 13096 309 53
internal_value=0.000100036 0.00534168 0.00477577 0.0184572 -0.0104138 -0.00267559 -0.00485888 -0.00150073 0.00520461 -0.0042308 -0.00582353 -0.00057143 -0.0207832 0.0068547
internal_weight=3057.78 1059.85 1019.72 40.127 25.7598 1997.93 692.32 1305.61 993.964 669.391 226.293 1079.32 22.9282 24.9365
internal_count=42688 7712 7533 179 207 34976 14038 20938 7326 13451 3824 17114 587 120
is_linear=0
shrinkage=0.03


Tree=12
num_leaves=15
num_cat=0
split_feature=13 4 14 17 18 18 0 6 0 21 19 19 23 17
split_gain=18.5156 13.8397 7.21867 6.49381 5.81363 5.44258 4.89689 12.1156 4.9186 4.14675 3.83798 2.92053 2.71918 1.84764
threshold=0.73734693877551039 2.0898683336899562 0.91666666666666685 -0.031355994733535002 0.07707485721127362 -0.0047477430073212803 1.6942389447480577 0.39630857093662286 -0.72314787028335969 0.032749679784226972 0.0079320284655678575 0.0065716592877551995 0.042954266302949413 0.00097979283497573477
decision_type=2 2 2 2 2 2 2 2 2 2 2 2 2 2
left_child=6 2 4 -4 -2 -3 8 10 9 -1 -8 -10 -9 -7
right_child=1 5 3 -5 -6 13 7 12 11 -11 -12 -13 -14 -15
leaf_value=0.00017932027271975689 0.0011587677312409478 0.035487837664156002 -0.0052861705782962631 0.0062786696579751038 -0.0097772998594027709 0.018145256682711594 0.0077906393465210977 -0.013056584207553037 -0.0019269597706443251 0.018990842977473877 0.026597868298587023 -0.0049108746773499122 0.0036840875012743102 0
leaf_weight=418.17571640387177 555.3854162953794 13.791401237249373 45.395517989993095 454.44203998707235 45.391272222623229 7.8047236986458328 46.82255694642663 27.148478917777538 889.9816959341988 8.8806295059621316 13.453711794689296 466.4900815198198 9.6737224701791984 10.860753398388622
leaf_count=5736 6438 71 477 4240 574 56 457 360 15457 135 90 8396 109 92
internal_value=9.92739e-05 0.00313028 0.00252385 0.00518157 0.000277916 0.021919 -0.00172031 0.00473087 -0.00208483 0.000692166 0.0129487 -0.00296989 -0.00830897 0.00870322
internal_weight=3013.7 1133.07 1100.61 499.838 600.777 32.4569 1880.63 97.0985 1783.53 427.056 60.2763 1356.47 36.8222 18.6655
internal_count=42688 11948 11729 4717 7012 219 30740 1016 29724 5871 547 23853 469 148
is_linear=0
shrinkage=0.03


Tree=13
num_leaves=15
num_cat=0
split_feature=8 4 18 10 16 8 4 0 18 17 8 10 17 0
split_gain=46.9409 6.12888 5.99274 5.2699 5.1292 9.45889 4.8873 3.32313 3.31376 2.85848 2.6321 2.34221 1.98141 1.8139
threshold=0.74895417264673692 2.0109041456754317 -0.0047477430073212803 -0.73043212159449389 0.97979591836734703 3.1564045971918957 -1.1748059878928967 -0.089894729014485489 -0.020119984595169723 -0.065635395063054255 -0.57570544846333049 -1.9110433274935918 -0.018521515752735914 1.326281850866611
decision_type=2 2 2 2 2 2 2 2 2 2 2 2 2 2
left_child=3 4 -3 8 5 -2 -6 10 12 -9 -5 -10 -1 -4
right_child=1 2 13 7 6 -7 -8 9 11 -11 -12 -13 -14 -15
leaf_value=-7.5485114043285774e-05 0.0049766243533336677 0.031259754138975859 0.014209676963317368 -0.0048966923559119087 -0.010355022570060733 0.019593524929881534 0.0023984737354055133 -0.020335177686800498 -0.01036233104731543 -0.0046233235619106625 -0.0007785551898114168 0.0018123840720258553 -0.010009416757611828 -0.00034631326391471962
leaf_weight=37.968087464570999 776.48055191151798 14.29489281773567 11.158527933061125 198.62246309779584 29.84456030651927 41.240008968859911 174.14745533838868 9.3720402475446445 12.522503258660434 762.01335195079446 503.32799794524908 368.75261462852359 38.971919812262058 13.850081227719782
leaf_count=712 5905 59 50 4188 250 195 1183 217 245 14734 8071 6112 697 70
internal_value=0.000138257 0.00520691 0.0167265 -0.00264074 0.0047173 0.0057781 0.000377364 -0.00351401 0.000137625 -0.00488571 -0.00197572 0.0013214 -0.00542338 0.00616431
internal_weight=2992.57 1061.02 39.3035 1931.55 1021.71 817.721 203.992 1473.34 458.215 771.385 701.95 381.275 76.94 25.0086
internal_count=42688 7712 179 34976 7533 6100 1433 27210 7766 14951 12259 6357 1409 120
is_linear=0
shrinkage=0.03


Tree=14
num_leaves=15
num_cat=0
split_feature=8 11 21 21 14 7 10 12 7 21 21 0 21 7
split_gain=43.9054 6.10567 10.8049 19.8382 6.68564 6.92183 5.94574 4.7739 3.90399 3.20074 3.168 2.75324 3.89785 2.66105
threshold=0.63934250146862392 0.84222222222222232 0.011119723833919798 0.0094727377603681263 0.91666666666666685 0.021315192743764175 -0.79246156079685692 2.2133228820753392 0.97979591836734703 0.0086425842361685327 0.012331902103537283 -0.089894729014485489 0.011428207205324665 0.75532879818594112
decision_type=2 2 2 2 2 2 2 2 2 2 2 2 2 2
left_child=6 4 3 -3 7 -6 9 -2 -4 13 -11 -8 -13 -1
right_child=1 2 8 -5 5 -7 11 -9 -10 10 -12 12 -14 -15
leaf_value=-0.0012424697931992844 0.0019242444918254134 0.0099544808921072057 0.015588177924047503 -0.0088517840114649346 0.026368640417289337 0.0050254319159236342 -0.0022442460065731445 -0.0066433103141571217 0 0.0043540196254058753 -0.0024698471230469327 -0.003387850092663681 -0.0081963413841484173 -0.012936726388254141
leaf_weight=96.838978165760636 301.90996859408915 144.35800000652671 138.65179117769003 74.536289872601628 12.759136989712713 380.79574148729444 684.13165490236133 70.337085511535406 17.644415628165007 194.78388824313879 84.310502409934998 499.3507602289319 233.52858713362366 20.707766491919756
leaf_count=1663 2981 818 682 423 80 2938 12295 675 108 3141 1490 10088 4908 398
internal_value=0.000139674 0.00475045 0.00790741 0.00346064 0.00316766 0.00588513 -0.0027548 0.00023845 0.013918 0.000456698 0.00223636 -0.00366369 -0.0049586 -0.00361004
internal_weight=2954.64 1140.99 375.19 218.894 765.802 393.555 1813.65 372.247 156.296 396.641 279.094 1417.01 732.879 117.547
internal_count=42688 8705 2031 1241 6674 3018 33983 3656 790 6692 4631 27291 14996 2061
is_linear=0
shrinkage=0.03


Tree=15
num_leaves=15
num_cat=0
split_feature=8 11 17 7 6 14 8 23 19 8 17 11 23 15
split_gain=43.1162 14.4574 8.20326 7.93733 6.23494 5.59527 5.52483 6.93623 7.67161 4.84031 3.95892 3.65176 3.76329 2.50291
threshold=0.63934250146862392 0.80816326530612259 -0.00408454457394991 0.43428571428571433 -4.6292292241411968 0.91666666666666685 -0.48169121743493271 -0.060456056885456404 0.0033704395407649491 1.4196136986580175 0.040402321044931029 0.23224489795918371 1.0000000180025095e-35 0.91666666666666685
decision_type=2 2 2 2 2 2 2 2 2 2 2 2 2 2
left_child=6 5 3 -3 -4 10 7 -1 -9 -7 -2 12 -8 -13
right_child=1 2 4 -5 -6 9 11 8 -10 -11 -12 13 -14 -15
leaf_value=-0.016329107911715202 0.00043225233493930242 0.010123838260330417 -0.011146721540725423 -0.0043125385856076009 0.01282335354882907 0.0011436511060045633 0.005869934044022058 0.0048238651428171176 -0.0052730695385011638 0.0081736649891526215 -0.010341756372515777 -0.00056576399714859899 -0.0011387295748597644 -0.0038579294067915657
leaf_weight=43.377947129309177 301.38538168184459 65.646978039294481 7.9797442667186251 66.134574737399817 282.89319188334048 181.78817525133491 109.26729097776115 74.59741491638124 524.19747422728688 181.75085453689098 31.956339295953512 399.17025205958635 173.51537740975618 462.878911732696
leaf_count=1095 3125 358 51 396 1558 1625 1685 1455 11497 1148 368 6987 2651 8552
internal_value=0.000234415 0.00485062 0.00922646 0.00281066 0.0120429 0.00215642 -0.00265138 -0.00488403 -0.00397836 0.00472482 -0.000611404 -0.0013796 0.00153895 -0.0023557
internal_weight=2906.54 1119.54 422.654 131.782 290.873 696.881 1787 642.173 598.795 363.539 333.342 1144.83 282.783 862.049
internal_count=42551 8629 2363 754 1609 6266 33922 14047 12952 2773 3493 19875 4336 15539
is_linear=0
shrinkage=0.03


Tree=16
num_leaves=15
num_cat=0
split_feature=8 11 17 7 17 8 20 12 19 19 4 18 11 23
split_gain=41.8752 12.9018 6.99734 7.19006 5.67092 4.82525 11.2936 7.18654 4.7187 11.612 4.35488 3.27719 3.22965 3.09563
threshold=0.63934250146862392 0.80816326530612259 -0.00408454457394991 0.47469387755102049 0.035544677710462109 -0.48169121743493271 0.03170586865446879 -0.54138838676652645 0.0035963710590311685 0.0043736431076387356 -0.020766718636135755 -0.0063984555477508689 0.23224489795918371 1.0000000180025095e-35
decision_type=2 2 2 2 2 2 2 2 2 2 2 2 2 2
left_child=5 8 3 -3 -4 6 7 -1 10 -10 -2 -8 13 -7
right_child=1 2 4 -5 -6 12 11 -9 9 -11 -12 -13 -14 -15
leaf_value=-0.0013832010762108036 -0.0095584135211281823 0.009325930839877903 0.013789288451927636 -0.0044520071891297423 0.0030572236555723091 0.0052361145710726554 -0.0061189908106440306 -0.010413930018216217 0.015307122945125939 0.001796645356302041 0.0028576286900712415 0.0023679358855795579 -0.0022847639354024521 -0.0010727178112209365
leaf_weight=117.77166319824755 51.72198399156332 73.014012936502695 229.8278360851109 59.187115348875523 61.167823802679777 111.89664087072015 50.024744261056185 274.96940193325281 63.112635366618633 522.17002641968429 44.325143868103623 185.9885191321373 851.86027803178877 173.35535784997046
leaf_count=2769 539 376 1256 378 353 1685 1077 6547 531 4829 367 3654 15539 2651
internal_value=0.000316302 0.00489762 0.00901237 0.00307129 0.0116209 -0.00254307 -0.00465824 -0.0077646 0.00230096 0.00332623 -0.00373409 0.000469746 -0.00135421 0.00136907
internal_weight=2870.39 1104.53 423.197 132.201 290.996 1765.87 628.754 392.741 681.33 585.283 96.0471 236.013 1137.11 285.252
internal_count=42551 8629 2363 754 1609 33922 14047 9316 6266 5360 906 4731 19875 4336
is_linear=0
shrinkage=0.03


Tree=17
num_leaves=15
num_cat=0
split_feature=8 10 3 8 7 10 8 14 20 8 12 5 10 23
split_gain=38.6528 8.83958 7.60945 8.11643 6.06869 4.42825 4.1303 8.8251 3.01663 7.90443 2.69218 2.33641 1.87339 1.69048
threshold=0.62461035840818513 0.65322377640186191 0.30861678004535154 1.9299400855849262 0.90555555555555567 -0.74132298647069106 1.6913137372352478 0.77500000000000013 0.030505218820381711 -0.48169121743493271 -0.35320334968851991 0.57460317460317467 -1.9110433274935918 0.00042701653702481584
decision_type=2 2 2 2 2 2 2 2 2 2 2 2 2 2
left_child=5 6 3 -3 -4 12 11 -8 9 -7 -10 -2 -1 -14
right_child=1 2 4 -5 -6 8 7 -9 10 -11 -12 -13 13 -15
leaf_value=-0.009623770243075801 -0.0012624265884469818 0.0072432217269075049 0.014936316298551633 -0.0064855762058354909 0.005172674818679242 -0.0085323405817680064 -0.0013442630161580177 0.010117427305787739 0.00060134369967907982 -0.002271413578031014 -0.0038397846148226175 0.0032175439001885615 0.0030629455075418619 -0.00085645093877418504
leaf_weight=14.802709518000482 240.30585388094187 125.47299583628774 160.48202194273472 52.885112803429365 102.09269516170025 280.73990855738521 96.772901406511664 148.65987594053149 263.30868259910494 540.55754782818258 220.12790602724999 179.75386736541986 154.59138545766473 259.3755339756608
leaf_count=308 2685 777 873 290 621 7190 962 921 5075 9982 4244 1666 2713 4244
internal_value=0.000326883 0.00470767 0.00800951 0.00306254 0.0112646 -0.00246275 0.00248006 0.00556318 -0.00333135 -0.0044453 -0.00139747 0.000625285 0.000148734 0.000578833
internal_weight=2839.93 1106.43 440.933 178.358 262.575 1733.5 665.492 245.433 1304.73 821.297 483.437 420.06 428.77 413.967
internal_count=42551 8795 2561 1067 1494 33756 6234 1883 26491 17172 9319 4351 7265 6957
is_linear=0
shrinkage=0.03


Tree=18
num_leaves=15
num_cat=0
split_feature=8 10 14 2 10 21 0 21 7 12 18 23 8 12
split_gain=36.319 9.12976 5.03368 7.3026 4.31212 4.38029 3.93844 3.90268 4.89061 3.55191 3.40168 3.09029 2.91153 2.80971
threshold=0.62461035840818513 0.65322377640186191 0.18333333333333338 0.0085327655559107266 -0.74132298647069106 0.0086698011279367805 1.6942389447480577 0.011566039237911252 0.085260770975056702 -0.5700833779033696 0.021161228986097961 0.077757156590037138 0.49043032439321016 -0.62160740552645299
decision_type=2 2 2 2 2 2 2 2 2 2 2 2 2 2
left_child=4 6 10 -4 5 12 9 13 -9 -2 -3 -8 -1 -6
right_child=1 2 3 -5 7 -7 11 8 -10 -11 -12 -13 -14 -15
leaf_value=-0.0058054032716237753 -0.0079408518822645571 0.0031289636334698571 0.0025713052557554614 0.010723888431069284 0.0024470347729082364 0.0021161568776181454 0.012370005987388813 0.006902998048814263 -0.0067435251197942286 0.0021237355338510093 0.027893922452181998 -0.0080447580945877534 0.011501088451980387 -0.0027605230734496656
leaf_weight=116.2523932736367 30.942187286913395 9.4694572165608424 191.43337288498878 220.57112027332187 100.69662997592241 308.192402837798 49.541546184569597 22.660069888457656 353.47430928424001 568.29198379442096 17.317298613488674 5.3469674922525874 7.0786052681505671 812.09251984674484
leaf_count=2111 350 63 1180 1237 2020 5055 343 384 7640 5486 81 55 99 16447
internal_value=0.000319085 0.00459575 0.00794918 0.00700283 -0.00239114 0.000171448 0.00230601 -0.00325964 -0.00584956 0.0015544 0.0204859 0.00990472 -0.00452473 -0.00216555
internal_weight=2813.36 1092.91 438.791 412.004 1720.45 431.523 654.123 1288.92 376.134 599.234 26.7868 54.8885 123.331 912.789
internal_count=42551 8795 2561 2417 33756 7265 6234 26491 8024 5836 144 398 2210 18467
is_linear=0
shrinkage=0.03


Tree=19
num_leaves=15
num_cat=0
split_feature=8 15 9 10 10 3 10 18 20 8 16 18 20 20
split_gain=32.7367 8.09501 6.9689 5.66506 5.44218 5.79359 4.14518 3.45087 2.84472 7.38106 2.64566 2.36208 2.86854 2.37711
threshold=0.63934250146862392 0.18333333333333338 0.9191836734693879 -0.32684606497335711 0.65322377640186191 0.26598639455782319 -0.74132298647069106 0.0003248104072657299 0.030505218820381711 -0.48169121743493271 0.37256235827664402 -0.023821774114141655 0.00060321727675249914 -0.035332076035467057
decision_type=2 2 2 2 2 2 2 2 2 2 2 2 2 2
left_child=6 2 10 -4 7 -6 11 -3 9 -8 -2 12 -1 -13
right_child=1 4 3 -5 5 -7 8 -9 -10 -11 -12 13 -14 -15
leaf_value=0.0012251302466499945 0.01537720177800333 0.0054277689285624096 0 0.029340269578836467 0.0013643290156422397 0.0090744200826956296 -0.0082784673275840912 0.00040488878488130557 -0.0012173499102253182 -0.0021147654337562555 -0.0031568707424473375 -0.0071703644146373507 -0.010973034285934461 0.0019071585196581801
leaf_weight=30.376376494765282 7.8817565515637424 175.51589269563556 8.2094251140952093 27.555119652301073 139.61988716199994 263.4218858871609 266.00225829239935 427.81977817602456 482.45531045272946 537.62725191283971 19.258937373757362 25.570567421615124 32.392994653433561 347.22270187735558
leaf_count=575 70 1664 79 131 872 1492 7190 4136 9361 10074 185 485 627 5610
internal_value=0.000321056 0.0044439 0.0148117 0.0232101 0.00375287 0.00646048 -0.00223305 0.00190398 -0.00308954 -0.00418906 0.00239672 0.000264195 -0.00498276 0.00120955
internal_weight=2790.93 1069.28 62.9052 35.7645 1006.38 403.042 1721.65 603.336 1286.08 803.63 27.1407 435.563 62.7694 372.793
internal_count=42551 8629 465 210 8164 2364 33922 5800 26625 17264 255 7297 1202 6095
is_linear=0
shrinkage=0.03


Tree=20
num_leaves=15
num_cat=0
split_feature=8 4 19 19 19 4 3 18 8 6 19 14 13 17
split_gain=25.0562 6.32296 5.75767 5.72522 10.5389 7.85601 4.2898 2.9734 4.47438 2.73739 2.55625 1.9995 1.83462 1.65038
threshold=0.65561021461375646 2.0898683336899562 0.0050986683315357561 0.0033704395407649491 0.0048708526735336656 1.1262892304467584 0.9900000000000001 -0.083170437402188976 -0.31112111948866056 0.37830334841410534 0.005573244092477979 0.77500000000000013 0.85857142857142865 -0.016326172363085697
decision_type=2 2 2 2 2 2 2 2 2 2 2 2 2 2
left_child=7 3 6 5 -5 -2 -3 8 13 10 -9 -10 -4 -1
right_child=1 2 12 4 -6 -7 -8 9 11 -11 -12 -13 -14 -15
leaf_value=-0.021482411416572509 -0.0072348471404166028 0.014759912814292933 0.0079710420428058468 0.0094098798216663525 0.0018632344573785906 0.012862078874253816 -0.015704790676694069 -0.0029315306688276672 0.0058114248926083587 -0.0056066943377107402 -0.00039802250848499835 -0.0077886420159654834 0.031473999617430956 -0.00094630957811642517
leaf_weight=20.759240860119466 90.276933591812849 6.3387830927968007 8.3786008581519145 222.75249006971717 679.47452783957124 19.306077748537064 6.2880737110972404 767.31862716283649 16.036555239930749 189.30023426562548 701.36461045220494 18.284636767581105 13.444194085896013 6.2562895249575368
leaf_count=604 763 33 44 1771 5670 116 35 14840 278 4068 13858 341 63 160
internal_value=-0.000218566 0.00343217 0.0158228 0.00296512 0.00375972 -0.00339271 0 -0.00245027 -0.00891912 -0.00219147 -0.00173405 -0.00105095 0.0245067 -0.0176366
internal_weight=2765.58 1046.26 34.4497 1011.81 902.227 109.583 12.6269 1719.32 61.3367 1657.98 1468.68 34.3212 21.8228 27.0155
internal_count=42644 8495 175 8320 7441 879 68 34149 1383 32766 28698 619 107 764
is_linear=0
shrinkage=0.03


Tree=21
num_leaves=15
num_cat=0
split_feature=2 2 18 15 21 21 7 21 21 3 11 20 10 10
split_gain=10.7176 5.89663 5.32041 3.75075 4.48844 3.35128 3.47925 3.02596 5.04896 2.73284 2.60908 1.43315 0.345655 0.570129
threshold=1.2415761641693377 -1.6197476715411057 0.10738420472684453 0.35416666666666669 0.016655508872830422 0.0066320278544332242 0.021315192743764175 0.0065131528295978664 0.0057882417107322399 0.9191836734693879 0.68444444444444452 0.037146430203851007 0.008804604525601941 1.3275339220658566
decision_type=2 2 2 2 2 2 2 2 2 2 2 2 2 2
left_child=1 5 7 4 -3 11 -7 8 -2 -5 -9 -1 -4 -14
right_child=2 3 12 9 -6 6 -8 10 -10 -11 -12 -13 13 -15
leaf_value=-0.023408653664784854 -0.0032722898054874231 0.00019793938929243645 0.02801430966400862 -0.0018571837881900144 0.011913294694956621 -0.0066414816094247132 0.0067810612563567324 0.00014122548072137862 0.020181377544223028 -0.011342986265698041 0.0052493650138333093 0 0 0.013851526680492878
leaf_weight=3.3108326680958262 10.508407901972534 355.99956462718546 7.0486770588904601 1754.1060056090355 30.403365692123771 16.9337557554245 147.97977447882295 192.92793839983642 21.254999648779631 26.552962943911552 177.80066458322108 3.0200592242181301 2.7609554827213287 3.0282909329980612
leaf_count=48 109 5384 59 30501 420 171 1411 2196 158 487 1592 48 37 23
internal_value=-0.000210748 -0.00100555 0.00421144 -0.00143536 0.00121496 0.0043008 0.00524987 0.00349761 0.0122436 -0.00201962 0.00264634 -0.0139461 0.0220923 0.00761459
internal_weight=2753.64 2338.31 415.33 2167.06 386.403 171.244 164.914 402.492 31.7634 1780.66 370.729 6.33089 12.8379 5.78925
internal_count=42644 38470 4174 36792 5804 1678 1582 4055 267 30988 3788 96 119 60
is_linear=0
shrinkage=0.03


Tree=22
num_leaves=15
num_cat=0
split_feature=8 19 4 19 4 19 19 8 19 19 8 0 19 19
split_gain=22.6759 6.4714 7.8185 7.4023 7.45011 6.55807 5.19941 4.68408 3.00829 5.6382 4.65306 2.89507 2.76789 2.1788
threshold=0.62461035840818513 0.0033704395407649491 1.1262892304467584 0.0047150117151990144 2.0898683336899562 0.001597756670429469 0.0024195445814382201 1.2615255539061019 0.003639742433337288 0.0045328540892838418 -0.48169121743493271 -0.32951744947171197 0.0074077736295704681 0.001597756670429469
decision_type=2 2 2 2 2 2 2 2 2 2 2 2 2 2
left_child=8 2 5 7 -5 -2 -4 -3 11 10 -10 -1 -11 -13
right_child=1 3 6 4 -6 -7 -8 -9 9 12 -12 13 -14 -15
leaf_value=0.0043195634643209812 0.013260157435926401 0.0036877381749954863 -0.0071951609655107772 0.0020366469360225872 0.01863553209620113 -0.010586141648526027 0.019233334565233681 0.013266265099138887 -0.014476812638790857 -0.0011956766582774724 -0.004235700225356109 -0.011305918782186928 -0.0043980350058410349 -0.00062959633771759917
leaf_weight=105.6071275100112 9.6258379500359279 89.442999435588717 7.8958492800593403 720.31380586884916 23.543007664382458 79.967730328440666 17.488896492868662 111.86740832775831 61.937028808519244 846.62576105352491 131.40348835103214 17.766089629381895 352.59731979854405 169.87276659626514
leaf_count=1797 80 866 48 6135 123 717 100 767 1491 16881 2347 359 7474 3459
internal_value=-0.000198967 0.0032293 -0.00337607 0.00405411 0.00263067 -0.00762675 0.01054 0.00916241 -0.00236504 -0.00294707 -0.00770788 0.000349307 -0.00215548 -0.00182813
internal_weight=2745.96 1060.15 114.978 945.167 743.857 89.5936 25.3847 201.31 1685.81 1392.56 193.341 293.246 1199.22 187.639
internal_count=42644 8836 945 7891 6258 797 148 1633 33808 28193 3838 5615 24355 3818
is_linear=0
shrinkage=0.03


Tree=23
num_leaves=15
num_cat=0
split_feature=8 2 16 13 22 21 7 5 23 12 12 7 0 12
split_gain=20.155 5.3122 5.86657 8.11547 5.1044 3.7842 3.97946 3.68222 3.1348 3.14134 3.11781 3.04496 2.11674 1.53633
threshold=0.62461035840818513 1.109726480028294 0.97979591836734703 0.81816326530612249 1.0000000180025095e-35 0.013536658895111993 0.085260770975056702 0.23224489795918371 0.11956180856677269 -0.62932040229485608 1.8082933038175855 0.87877551020408173 -1.3708485774166581 -0.45043151859351366
decision_type=2 2 2 2 2 2 2 2 2 2 2 2 2 2
left_child=5 2 3 -2 10 8 -7 -4 9 -1 -3 -6 -8 -10
right_child=1 4 7 -5 11 6 12 -9 13 -11 -12 -13 -14 -15
leaf_value=0.0021545958433695864 -8.9598430614300773e-05 0.025136660547030634 -0.012446638947337257 0.0067382677993213002 0.0080986556035927294 0.0073928722832603544 0.0061213782644546407 -0.00055239167467257058 0.015709537955445937 -0.0023651790614960294 0.0017595391028768048 0.0016889621666881136 -0.007819401105503684 0.000363257658830565
leaf_weight=149.97840920742601 370.65978918783367 18.339858148247007 35.204393196851015 264.04202195256948 141.32357546687126 15.857823710888622 7.683264171704649 71.6510308124125 11.183691389858724 1289.3211071882397 9.2391583099961263 140.69440389052033 192.85045373998582 14.60367123223841
leaf_count=2923 3634 95 361 2182 974 271 141 591 171 25697 54 945 4312 293
internal_value=-0.00020757 0.00304163 0.00162801 0.00273954 0.00634725 -0.00224887 -0.00596323 -0.00476553 -0.00168266 -0.00188146 0.0184608 0.00498818 -0.00715604 0.00821025
internal_weight=2732.63 1051.15 741.557 634.702 309.597 1681.48 216.392 106.855 1465.09 1439.3 27.579 282.018 200.534 25.7874
internal_count=42644 8836 6768 5816 2068 33808 4724 952 29084 28620 149 1919 4453 464
is_linear=0
shrinkage=0.03


Tree=24
num_leaves=15
num_cat=0
split_feature=8 19 19 4 19 19 4 3 6 10 23 9 23 6
split_gain=19.7976 5.86296 7.36417 6.81627 6.57984 5.69297 5.27722 3.61894 2.80807 2.70711 3.28275 1.99291 2.04595 1.63334
threshold=0.62461035840818513 0.0033704395407649491 0.0048708526735336656 1.1262892304467584 0.0013811796875129181 0.0026914749444809706 2.0109041456754317 0.30861678004535154 0.33749395726101949 -0.80273979280738239 0.1161589784106435 0.20204081632653065 -0.045063984797042315 -0.38409870263309337
decision_type=2 2 2 2 2 2 2 2 2 2 2 2 2 2
left_child=8 3 7 4 -2 -5 -4 -3 9 13 -11 -10 -13 -1
right_child=1 2 6 5 -6 -7 -8 -9 11 10 -12 12 -14 -15
leaf_value=-0.0050116934197346526 0.02277690453390149 0.0028738283983635237 0.0017013775103604393 -0.0067221390454562891 -0.0092968110000621745 0.020479750594937726 0.014763746440314258 0.011264753366722564 -0.011027818375155665 -0.0027080726660282709 0.0069694757384309086 0.0022371607514161036 -0.0052436870795781049 0.0013905541731616237
leaf_weight=38.088452536612749 4.0389800183475009 76.769684556871653 671.12343257106841 9.1742327623069304 85.072954108938575 15.29147209599614 27.53549749404192 150.22635719925165 44.634693343192339 1068.7017347654328 29.81337658688426 37.039128443226218 158.27910682745278 302.5044620577246
leaf_count=628 28 737 5868 59 769 89 143 1143 1232 22240 566 752 3346 5044
internal_value=-0.000196 0.0030488 0.00384567 -0.00327002 -0.00721038 0.00997556 0.00227827 0.00854234 -0.00221449 -0.00169335 -0.00241961 -0.00523819 -0.00374074 0.00060573
internal_weight=2718.29 1039.23 925.655 113.578 89.1119 24.4657 698.659 226.996 1679.06 1439.11 1098.52 239.953 195.318 340.593
internal_count=42644 8836 7891 945 797 148 6011 1880 33808 28478 22806 5330 4098 5672
is_linear=0
shrinkage=0.03


Tree=25
num_leaves=15
num_cat=0
split_feature=13 4 18 19 6 14 19 0 19 0 6 18 13 19
split_gain=6.36284 6.32277 6.00022 4.89696 5.12206 4.66276 4.21528 4.0633 5.18088 4.13949 5.85701 3.67339 2.47576 2.36111
threshold=0.71714285714285719 2.0898683336899562 0.102785878981576 0.0050986683315357561 1.3641009025392103 0.91666666666666685 0.0072317540913596516 -0.45752046018434489 0.0031141833241067254 1.6407898872637681 0.4198873364309707 0.055900136275615082 0.85857142857142865 0.0024546792548931938
decision_type=2 2 2 2 2 2 2 2 2 2 2 2 2 2
left_child=7 2 5 4 -3 -2 -4 8 13 -9 -11 -10 -5 -1
right_child=1 3 6 12 -6 -7 -8 9 11 10 -12 -13 -14 -15
leaf_value=0.0012793187717019161 -2.50686037666247e-05 -0.023299674772204862 -0.017003801901176452 0.0050901285212281164 0.013355700335043488 0.0040225685124182136 0.0023629311651509281 -0.0027476563141222241 -0.0012526150448274526 0.0093384147111914787 -0.0066925262424845817 0.0051683387807443257 0.028376844243287899 0.015534593927785277
leaf_weight=20.404838319867849 539.47136262711138 4.0850478783249837 24.501394527032971 9.1484507843852061 5.6227424889802933 473.44409822952002 13.663255635648964 997.82393492944539 397.76307604648173 58.898872209712863 28.158195738680661 98.286243924871087 14.886436264961956 28.094957068562508
leaf_count=298 7260 42 363 95 34 4789 176 19946 6604 608 470 1450 88 350
internal_value=5.32753e-05 0.0018368 0.00139621 0.0142955 -0.00213299 0.00185625 -0.00992448 -0.00112574 0.000967415 -0.00219004 0.003951 5.14817e-06 0.0211613 0.0101223
internal_weight=2714.25 1084.82 1051.08 33.7427 9.70779 1012.92 38.1647 1629.43 544.549 1084.88 87.0571 496.049 24.0349 48.4998
internal_count=42573 12847 12588 259 76 12049 539 29726 8702 21024 1078 8054 183 648
is_linear=0
shrinkage=0.03


Tree=26
num_leaves=15
num_cat=0
split_feature=9 19 19 0 19 21 12 9 17 2 12 19 21 19
split_gain=18.9846 7.81815 9.24683 6.51992 6.23705 5.44938 4.51125 3.41548 4.6671 5.06861 3.30362 2.99874 3.18623 2.76671
threshold=0.90555555555555567 0.0027653798327476205 0.0046218421950400424 -0.55774387818163684 0.003639742433337288 0.011428207205324665 0.7204850852830561 0.76775510204081643 0.016729253769320333 -0.59827810479979449 1.7320080275898844 0.0027653798327476205 0.011976795285417964 0.0013811796875129181
decision_type=2 2 2 2 2 2 2 2 2 2 2 2 2 2
left_child=7 3 4 -2 -3 -4 -5 11 10 -10 -9 13 -13 -1
right_child=1 2 5 6 -6 -7 -8 8 9 -11 -12 12 -14 -15
leaf_value=-0.013259929600756311 0.0037364850397402114 0.0045238857777940228 0.00081777624337429553 0.0006741319794899256 0.0177551625313618 0.0081155020890698801 -0.029493638427987027 -0.00039782068705261051 -0.0031001076366401832 0.007549629857104459 -0.011778744903284559 -0.001547860522862676 -0.0049348183541251048 0.0042309246435758546
leaf_weight=6.5814412999898186 17.197162669152021 61.21901105158031 274.92761339619756 5.0062122680246857 80.738540682941675 141.18352052941918 12.165259703993796 338.20131566748023 52.729294737800956 138.4481537360698 22.961374385282397 1118.4947577184066 331.52749710623175 99.782869135960937
leaf_count=135 116 453 2068 41 558 1006 86 3703 625 1414 229 23053 7363 1723
internal_value=7.40103e-05 0.00481492 0.00569306 -0.00856045 0.0122955 0.00335669 -0.0207632 -0.00125412 0.000751005 0.00453296 -0.00122356 -0.00197539 -0.0023383 0.00278548
internal_weight=2701.16 592.437 558.069 34.3686 141.958 416.111 17.1715 2108.73 552.34 191.177 361.163 1556.39 1450.02 106.364
internal_count=42573 4328 4085 243 1011 3074 127 38245 5971 2039 3932 32274 30416 1858
is_linear=0
shrinkage=0.03


Tree=27
num_leaves=15
num_cat=0
split_feature=8 12 12 4 16 18 18 14 7 0 20 3 18 5
split_gain=17.5266 4.60127 4.62161 4.28772 4.01525 5.34068 5.07333 3.55013 2.9903 2.64057 2.45821 2.55426 2.07065 1.64692
threshold=1.0950466723328962 1.6723811697976856 1.0078879970402725 -2.0630048503763203 0.97979591836734703 -0.086678336569448386 0.068911875297431271 0.55000000000000016 0.82111111111111124 -0.66443230516986074 0.017124829825652669 0.53197278911564638 0.028751512355719159 0.89897959183673481
decision_type=2 2 2 2 2 2 2 2 2 2 2 2 2 2
left_child=1 2 8 9 5 -5 -6 -4 -1 12 13 -12 -2 -3
right_child=3 10 7 4 6 -7 -8 -9 -10 -11 11 -13 -14 -15
leaf_value=-0.00094176105708014719 -0.020821319156402548 -0.007767245158916831 -0.0036400942006135323 0.019415007734090384 -0.0013151741597331151 0.0052209143157800854 0.013191369313081005 0.0087785036074325452 -0.0042786933939249917 0.0066129663185836209 0 -0.028628421660246303 -0.00025679424696126982 0.010045163206646487
leaf_weight=1570.8171969018877 10.249580204486852 21.784601297229532 25.958906294777989 24.516690835356712 152.22079219855368 470.86155298538506 23.124756388366222 68.931821981444955 289.66071338672191 6.526945933699607 4.8011714294552794 9.3450610768049938 9.3628092817962152 3.3663228619843713
leaf_count=29696 96 315 423 164 1190 3536 165 870 5743 55 72 145 75 28
internal_value=7.06725e-05 -0.00135489 -0.00113583 0.00416478 0.00464856 0.00602879 0.000640573 0.00522137 -0.00147338 -0.00716371 -0.0113086 -0.0208207 -0.0126303 -0.00426635
internal_weight=2691.53 1994.67 1955.37 696.863 670.724 495.378 175.346 94.8907 1860.48 26.1393 39.2972 14.1462 19.6124 25.1509
internal_count=42573 37292 36732 5281 5055 3700 1355 1293 35439 226 560 217 171 343
is_linear=0
shrinkage=0.03


Tree=28
num_leaves=15
num_cat=0
split_feature=8 15 20 7 7 18 8 12 10 8 20 12 10 12
split_gain=16.3411 4.27481 5.62859 4.15934 3.49856 3.29039 4.62465 3.0889 7.52239 5.2273 2.41348 2.25235 1.96914 1.51184
threshold=0.62461035840818513 0.18333333333333338 0.016162291673743393 0.1705215419501134 0.82111111111111124 -0.083170437402188976 -0.18847741064043763 2.8006303217971742 2.5396986454332624 1.4196136986580175 -0.019540071276541501 -0.55768397459839314 -0.80273979280738239 -0.49978868412588723
decision_type=2 2 2 2 2 2 2 2 2 2 2 2 2 2
left_child=4 2 11 -4 5 6 -1 9 -9 -3 -6 -2 -7 -12
right_child=1 7 3 -5 10 12 -8 8 -10 -11 13 -13 -14 -15
leaf_value=-0.016765683440608935 0 0.0012081478299671657 -0.01505338303327184 0.0090662814927680354 0.00042549246201774126 0.0010456102181577763 0.00080375998130973966 -0.0031177198078855542 0.020908490050671295 0.0061266788501646574 -0.00091436531129011791 0.021801246532934304 -0.0015785081341158577 -0.0082091511941870133
leaf_weight=26.607589453458786 4.6255975142121306 479.49141021072865 8.5516512207686919 14.452478002756832 48.378851098939776 333.40329985879362 22.264615474268794 150.27330381795764 10.637500256299971 338.30816135555506 37.469706302508712 27.691356275230646 1037.0040338607505 143.99370063468814
leaf_count=757 41 4829 70 127 1118 5529 404 1240 65 2357 874 184 21682 3296
internal_value=5.3194e-05 0.00301195 0.011066 0 -0.00179432 -0.00122038 -0.00874982 0.00251976 -0.00120013 0.00327113 -0.0052326 0.0187659 -0.000928569 -0.00681103
internal_weight=2683.15 1034.03 55.3211 23.0041 1649.12 1419.28 48.8722 978.71 160.911 817.8 229.842 32.317 1370.41 181.463
internal_count=42573 8913 422 197 33660 28372 1161 8491 1305 7186 5288 225 27211 4170
is_linear=0
shrinkage=0.03


Tree=29
num_leaves=15
num_cat=0
split_feature=8 15 6 7 14 21 10 8 10 20 10 20 17 21
split_gain=15.4875 4.43458 10.321 3.16322 2.89592 5.4631 5.43315 2.74471 2.39582 3.1265 2.34982 2.32018 2.30685 1.17805
threshold=0.62461035840818513 0.18333333333333338 -0.32776672543315977 0.82111111111111124 0.91666666666666685 0.013364882376962197 -0.27039319010143165 1.5204821430012163 -0.80273979280738239 0.030505218820381711 -1.8213261780095718 -0.019540071276541501 0.012019979372892011 0.010101781118439457
decision_type=2 2 2 2 2 2 2 2 2 2 2 2 2 2
left_child=3 2 12 8 6 -6 -3 -4 10 -10 -1 13 -2 -5
right_child=1 4 7 11 5 -7 -8 -9 9 -11 -12 -13 -14 -15
leaf_value=-0.0088270379043057928 -0.019074976091167622 -0.0040083123786295496 0.0088937975530082158 0.0083100940552983116 0.0024997654538802582 0.010766954725312425 0.0030038278816967847 0.025789496241711129 -0.0031754114857043447 0.00013221265639226418 0.0015760026711591872 -0.00668671284045908 0.0038487441491041122 -0.0019129481977153879
leaf_weight=18.496995916590095 8.5818680897355062 149.22236408106983 25.952526982873678 11.401365898549555 450.76919098943472 86.569470847025514 285.61716021224856 20.380780342966318 666.38602669350803 404.07891721278429 327.14333400316536 174.24664043728262 3.8953330256044856 37.267284728586674
leaf_count=359 73 1831 214 245 3471 616 2573 102 14710 7917 5386 4170 33 873
internal_value=5.49066e-05 0.00293796 0.0108803 -0.00175084 0.00242075 0.00389447 0.000555824 0.0173957 -0.00121 -0.00191495 0.000928555 -0.00507862 -0.0113392 0.000419398
internal_weight=2670.01 1030.99 58.8105 1639.02 972.178 537.339 434.84 46.3333 1416.11 1070.46 345.64 222.915 12.4772 48.6687
internal_count=42573 8913 422 33660 8491 4087 4404 316 28372 22627 5745 5288 106 1118
is_linear=0
shrinkage=0.03


Tree=30
num_leaves=13
num_cat=0
split_feature=8 6 23 18 10 6 21 16 0 8 22 0
split_gain=21.5225 6.52276 5.09217 4.52699 7.20407 3.48483 3.24746 3.00958 3.67508 4.11475 2.48018 1.09438
threshold=1.2615255539061019 2.3601270466927353 0.067860335853537804 -0.083170437402188976 -0.67109565208934829 -0.35680841611433345 0.011509420236860969 0.9900000000000001 1.6407898872637681 0.69240683535004333 1.0000000180025095e-35 1.070699977755851
decision_type=2 2 2 2 2 2 2 2 2 2 2 2
left_child=7 3 6 4 -2 -5 -3 8 10 -10 -1 -4
right_child=1 2 11 5 -6 -7 -8 -9 9 -11 -12 -13
leaf_value=-0.0044463780761965846 -0.0087145239409789892 0.0059937060649281762 -0.0019721517568284143 0.0014107860986198541 0.025533510747127997 0.0068179977045526134 -0.014250123999061649 -0.021240945176611084 -0.0012728918457574491 0.010280756079866225 -0.0013862439577420602 -0.030151752257288469
leaf_weight=285.60759726073593 5.4273862466216114 22.00920341163874 3.2667213566601259 168.20895656943321 20.768866792321205 345.22652696818113 8.1454467512667161 5.1463621184229842 58.814288772642612 46.884401045739651 1651.8331830697134 5.9981263093650341
leaf_count=5651 52 177 31 1372 133 2405 76 73 1156 318 30987 63
internal_value=-0.000173473 0.00491686 -0.00645141 0.00579575 0.0177911 0.00508797 0 -0.00162322 -0.00154575 0.00380839 -0.00184921 -0.0236616
internal_weight=2627.34 579.051 39.4195 539.632 26.1963 513.435 30.1547 2048.29 2043.14 105.699 1937.44 9.26485
internal_count=42494 4309 347 3962 185 3777 253 38185 38112 1474 36638 94
is_linear=0
shrinkage=0.03


Tree=31
num_leaves=15
num_cat=0
split_feature=8 19 19 23 2 0 18 2 2 4 8 2 0 13
split_gain=20.2057 14.7496 8.33353 7.44989 5.48719 4.98008 4.16531 3.44533 2.47488 8.65282 5.01599 2.40015 3.27705 2.18815
threshold=1.2615255539061019 0.0033002582338674444 0.0046218421950400424 -0.053623569158735111 2.7679377406547556 1.0922706149739498 0.049857185515147735 -1.9746051302189105 1.4278315564958513 0.49555387389493949 1.0111280042013713 0.69429215460814353 1.6407898872637681 0.77664399092970526
decision_type=2 2 2 2 2 2 2 2 2 2 2 2 2 2
left_child=8 3 6 7 -5 -4 -3 -2 11 -10 -11 12 -1 -13
right_child=1 2 5 4 -6 -7 -8 -9 9 10 -12 13 -14 -15
leaf_value=-0.0016898328533394517 -0.006663922165558102 0.01637544904551673 0.0062011744284629139 -0.019355292287948668 0.0067963031621095958 -0.0012895132868254594 0.00019095266320158218 0.020894267443155867 -0.02143330843256689 0.0012605141384849476 0.01568077497726136 -0.0061024290407577899 0.0068628433327790053 0
leaf_weight=1577.5220114262775 4.7956126816570759 89.938568543642759 307.65732860192657 38.438504468649626 6.7804591432213774 102.6911636851728 19.24490250647068 7.4039907008409482 10.917418811470268 118.84231511130929 25.563819009810686 202.78844162356108 38.803622673265636 67.864510048180819
leaf_count=30179 32 644 2392 324 39 697 132 49 178 1753 159 4257 549 1110
internal_value=-0.000211857 0.00472926 0.00634636 -0.00937115 -0.0149945 0.00429306 0.0137124 0.0095921 -0.00161832 0.00195573 0.00409508 -0.00192221 -0.00146701 -0.00455496
internal_weight=2619.25 576.951 519.532 57.4186 45.219 410.348 109.183 12.1996 2042.3 155.324 144.406 1886.98 1616.33 270.653
internal_count=42494 4309 3865 444 363 3089 776 81 38185 2090 1912 36095 30728 5367
is_linear=0
shrinkage=0.03


Tree=32
num_leaves=15
num_cat=0
split_feature=8 19 19 23 23 16 2 2 5 8 2 2 16 13
split_gain=21.0722 9.80769 7.97755 7.86047 5.20743 4.30924 3.36817 3.18428 6.01364 4.45969 2.33915 2.28058 1.95652 1.43375
threshold=1.2615255539061019 0.0033002582338674444 0.0046218421950400424 -0.053623569158735111 0.040631213741467061 0.9900000000000001 2.7679377406547556 1.4278315564958513 0.69693877551020422 0.69240683535004333 -2.2508432230427928 -1.7954976160606935 0.97979591836734703 0.51065759637188213
decision_type=2 2 2 2 2 2 2 2 2 2 2 2 2 2
left_child=7 3 5 11 -4 -3 -5 10 13 -10 -1 -2 -12 -9
right_child=1 2 4 6 -6 -7 -8 8 9 -11 12 -13 -14 -15
leaf_value=0.011741469761890404 -0.00026587603726651042 0.015796925885778228 0.0064009637336384833 -0.016574647481546401 -0.00077924033667590748 0 0.0036880017907317043 0 -0.00012914573276467061 0.010279063671367807 -0.0019369968830689626 0.021946795927442402 -0.011708212351401985 -0.024231413860257789
leaf_weight=8.8644756097346527 5.380035474896431 93.35742598772049 284.34510388225317 36.11089944280684 127.46939133480191 16.625922128558159 6.9499581009149543 3.9468904789537174 83.977823719382286 60.553313307464123 1854.1378955300897 6.8228708729147893 17.372376821935177 6.5975273959338665
leaf_count=105 38 643 2065 324 1024 133 39 76 1482 417 35725 43 265 115
internal_value=-0.000176458 0.00486729 0.00615783 -0.00684544 0.00414919 0.0133364 -0.0129529 -0.00161713 0.00244959 0.00420993 -0.00196273 0.0124391 -0.00204811 -0.0173077
internal_weight=2612.51 577.062 521.798 55.2638 411.814 109.983 43.0609 2035.45 155.076 144.531 1880.37 12.2029 1871.51 10.5444
internal_count=42494 4309 3865 444 3089 776 363 38185 2090 1899 36095 81 35990 191
is_linear=0
shrinkage=0.03


Tree=33
num_leaves=15
num_cat=0
split_feature=8 6 17 4 2 4 8 22 8 2 23 8 23 21
split_gain=19.4271 5.17051 4.6926 4.09862 2.92187 5.4915 4.27241 2.87805 2.94979 2.57255 2.47386 2.31285 2.00233 1.03543
threshold=1.2615255539061019 2.3601270466927353 0.058890626892361471 2.0109041456754317 1.4278315564958513 0.49555387389493949 1.0370491807226896 1.0000000180025095e-35 -0.48978560854543146 0.70782717916860216 0.044350021459573681 2.9588964550786105 0.0063620636606851475 0.012987057993030014
decision_type=2 2 2 2 2 2 2 2 2 2 2 2 2 2
left_child=4 2 10 11 7 13 -7 8 -1 -9 -2 -3 -4 -6
right_child=1 3 12 -5 5 6 -8 9 -10 -11 -12 -13 -14 -15
leaf_value=-0.0097972455388810747 0.0071989222522438742 -0.013526585941105299 -0.019094563959171834 0.013881447970253969 -0.022377432638854052 0.0015139730087925223 0.015549298285045846 -0.00088867473532160091 -0.0026568522741082963 -0.0044430408575318681 0.0022282595278897968 0.0050489899424728335 0.00097233683933758302 0
leaf_weight=75.275361508131027 386.62138470262289 27.251772876828909 7.7166851758956891 5.672243356704711 6.9114895164966565 124.34961164928973 22.120482362806797 1391.359456114471 197.46276902966201 213.74474516510963 132.98961703106761 5.1433962546288958 5.5259110257029533 2.1198401004076004
leaf_count=2079 2803 270 63 32 139 1777 135 26340 3467 4209 1057 45 39 39
internal_value=-0.000166029 0.00470767 0.00548791 -0.00556831 -0.00154511 0.00234282 0.00391558 -0.0018772 -0.00473916 -0.00137627 0.00596891 -0.0100191 -0.010708 -0.0178898
internal_weight=2604.26 570.921 532.854 38.0674 2033.34 155.501 146.47 1877.84 272.738 1605.1 519.611 32.3952 13.2426 9.03133
internal_count=42494 4309 3962 347 38185 2090 1912 36095 5546 30549 3860 315 102 178
is_linear=0
shrinkage=0.03


Tree=34
num_leaves=15
num_cat=0
split_feature=8 17 23 17 0 8 0 18 9 9 17 21 21 20
split_gain=19.3854 4.46244 3.56797 4.66044 4.37687 2.56948 4.13768 3.41988 4.98706 3.31816 2.01775 1.88682 1.29851 1.79515
threshold=1.2615255539061019 0.058890626892361471 0.044350021459573681 -0.012153770222673275 2.7091756204965196 0.59215305192190903 0.67140148480020534 -0.083170437402188976 0.35124716553287988 0.83836734693877568 -0.0037889416587681963 0.007108309953295461 0.011566039237911252 -0.0019673334941662786
decision_type=2 2 2 2 2 2 2 2 2 2 2 2 2 2
left_child=5 2 4 -4 -2 7 9 8 -1 -7 -8 -9 13 -3
right_child=1 12 3 -5 -6 6 10 11 -10 -11 -12 -13 -14 -15
leaf_value=-0.02123885788128636 0.0073524985650360751 -0.025768935858851726 -0.010991673916027459 0.0034004212896748195 -0.0062113969600645141 0.003270155024967213 -0.00033062019502815292 -0.0044977498253280625 -0.0021821848403605544 -0.0036455548050192258 0.0075972901399600267 -0.0013439030501712363 0 0
leaf_weight=18.577921252697706 389.78184499032795 4.9885820969939223 21.890386927872896 124.88666917942464 19.974848978221416 88.707953149452806 37.315247477963567 200.8920801077038 37.621711183339357 190.35360657609999 87.099521346390247 1363.5142059875652 5.0326018892228594 3.3963736332952967
leaf_count=608 2853 47 174 1035 139 1231 401 3969 757 2297 853 28069 37 24
internal_value=-0.000126387 0.00474477 0.0051885 0.00103425 0.0066279 -0.00150876 0.000602526 -0.00204374 -0.00925287 -0.0013862 0.00513323 -0.0017637 -0.010973 -0.0170673
internal_weight=2594.03 569.951 556.534 146.777 409.757 2024.08 403.476 1620.61 56.1996 279.062 124.415 1564.41 13.4176 8.38496
internal_count=42494 4309 4201 1209 2992 38185 4782 33403 1365 3528 1254 32038 108 71
is_linear=0
shrinkage=0.03


Tree=35
num_leaves=15
num_cat=0
split_feature=9 21 21 19 12 12 19 8 21 21 19 19 8 2
split_gain=10.4128 3.47179 4.28981 6.73141 4.98184 3.87348 3.08274 2.69109 2.66803 5.69019 3.04427 2.58534 2.75262 1.90394
threshold=0.76775510204081643 0.013272528795941303 0.0095703783511010779 0.0050549896365396094 5.0518610197211116 3.1901870684238536 0.0027653798327476205 2.1731171473604047 0.012273353590559788 0.009596132137828681 0.0059444558048134316 0.0013811796875129181 -0.34006721484137209 -1.4825819903480155
decision_type=2 2 2 2 2 2 2 2 2 2 2 2 2 2
left_child=6 2 3 -2 -4 7 11 -3 9 -8 -10 -1 -13 -7
right_child=1 5 4 -5 -6 13 8 -9 10 -11 -12 12 -14 -15
leaf_value=-0.012231828345489476 0.0082815421871735694 0.0056267558094855816 -0.0016168966555806165 0.00052087152122058883 0.014026019896949063 0.0046048275664011583 -0.0033270591459274267 0.01779579610942552 -0.0084774775773282848 0.00095066076914437957 -0.0021065882848538718 0.0088650689259279145 -0.00085534410499941321 -0.013433673534519651
leaf_weight=6.8646384030580512 154.55323887057602 128.69975750520825 417.23395013809204 295.19320273771882 17.044438987970352 5.8766228556633022 686.02490563131869 19.710163157433271 121.61043346021324 463.14651582017541 171.5086742118001 53.790895977057517 44.048413760960102 11.143137784674762
leaf_count=138 1561 1278 4041 2902 126 50 14193 128 2754 9696 3879 931 759 113
internal_value=-0.000331548 0.00196588 0.00119135 0.00324585 -0.000907082 0.0059516 -0.0019003 0.00755778 -0.00226777 -0.00159134 -0.00484013 0.0029687 0.00440911 -0.00658737
internal_weight=2596.45 1049.45 884.025 449.746 434.278 165.43 1546.99 148.41 1442.29 1149.17 293.119 104.704 97.8393 17.0198
internal_count=42549 10199 8630 4463 4167 1569 32350 1406 30522 23889 6633 1828 1690 163
is_linear=0
shrinkage=0.03


Tree=36
num_leaves=15
num_cat=0
split_feature=9 11 21 21 10 21 12 18 3 21 20 16 12 12
split_gain=9.80163 4.31347 5.31627 3.47913 5.27376 3.87333 5.25604 3.00827 3.00734 2.86017 2.64208 4.11558 3.89789 2.16824
threshold=0.76775510204081643 0.26598639455782319 0.008938189148603613 0.013272528795941303 1.9265870639066713 0.0095703783511010779 5.0518610197211116 -0.083170437402188976 0.26598639455782319 0.014912402938573821 0.01855494036023109 0.67673469387755114 -0.36335537233408977 -0.021609702639178521
decision_type=2 2 2 2 2 2 2 2 2 2 2 2 2 2
left_child=1 2 13 5 7 8 -7 -5 -2 -4 11 -3 -12 -1
right_child=3 10 9 4 -6 6 -8 -9 -10 -11 12 -13 -14 -15
leaf_value=-0.0059098980333580145 -0.00094903581750866079 -0.0060783588613403444 0.0040384712619925675 0.013473904469533353 0.018627035820566521 -0.0016048540876835483 0.014053887770220661 0.0013671965982902958 0.0045544741748537333 -0.0039417844369678337 0.00093093473283535231 -0.00028740177378300572 -0.004147334119089117 0.0020797822716278427
leaf_weight=118.21817642264068 115.59841964021325 379.59203408565372 265.74447955004871 20.984153568744659 23.562744900584221 415.30354570411146 18.117465022951365 119.09825260564685 331.17995528317988 44.105620965361595 295.07881174236536 163.56919776089489 244.08731024898589 36.573030753061175
leaf_count=2279 1351 9167 4515 194 145 4041 126 1230 3112 894 6079 3557 5239 620
internal_value=-0.000324557 -0.00184432 0.000544929 0.0019126 0.00592477 0.00113792 -0.000854306 0.00345047 0.0030992 0.00283643 -0.00288297 -0.00436942 -0.00134717 -0.00392403
internal_weight=2590.81 1546.97 464.641 1043.84 163.645 880.199 433.421 140.082 446.778 309.85 1082.33 543.161 539.166 154.791
internal_count=42549 32350 8308 10199 1569 8630 4167 1424 4463 5409 24042 12724 11318 2899
is_linear=0
shrinkage=0.03


Tree=37
num_leaves=15
num_cat=0
split_feature=8 11 17 10 3 7 18 19 23 19 19 7 8 18
split_gain=9.62787 4.77293 4.65607 4.80367 3.67905 4.7005 4.02512 3.15252 1.82867 1.76854 1.87448 1.76024 1.14522 0.426478
threshold=0.69240683535004333 0.22111111111111112 0.058890626892361471 0.66723063344145772 0.8633333333333334 0.95959183673469395 -0.11571176177639196 0.0095835940259106512 0.010692515375035351 0.0027653798327476205 0.0029320953457963712 0.1918367346938776 1.574508554599044 0.016262793882509511
decision_type=2 2 2 2 2 2 2 2 2 2 2 2 2 2
left_child=1 7 4 -4 5 -2 -6 8 -1 11 -11 -3 -5 -9
right_child=2 9 3 12 6 -7 -8 13 -10 10 -12 -13 -14 -15
leaf_value=0.0037138034138812634 0.0020083339452863567 0.011201900957905554 -0.022603160819535797 0.0095168933969713935 -0.015652924985352999 -0.007573183395827336 0.0059718712360472374 -0.014765831847130798 -0.00019528349526924297 -0.013162413466031544 -0.002719935155357762 -0.00021462414570579323 -0.0062040870867111492 0
leaf_weight=191.22295683063567 547.75209709443152 12.239972002804278 11.671782944351436 7.1512723900377733 5.7321147955954066 47.866606719791889 279.28039439581335 10.246678672730921 227.64414494298398 14.652075821533797 1148.7769036879763 67.384268185123801 4.8607249557971954 3.1494805123656979
leaf_count=3314 5360 196 130 49 36 496 2018 224 3816 325 25134 1367 31 53
internal_value=-0.000288108 -0.00163921 0.00219645 -0.0102983 0.00257206 0.00119045 0.00537865 0.00104805 0.00156284 -0.00258591 -0.00288668 0.00158805 0.00210728 -0.012186
internal_weight=2579.63 1675.32 904.315 23.6838 880.631 595.619 285.013 432.263 418.867 1243.05 1163.43 79.6242 12.012 13.3962
internal_count=42549 34429 8120 210 7910 5856 2054 7407 7130 27022 25459 1563 80 277
is_linear=0
shrinkage=0.03


Tree=38
num_leaves=15
num_cat=0
split_feature=8 11 17 11 23 20 8 20 8 13 15 17 23 13
split_gain=9.11439 4.35166 3.57625 3.58221 2.96099 5.04718 3.07423 2.0562 5.3113 2.83703 1.54919 2.33059 2.07859 1.23966
threshold=0.69240683535004333 0.24222222222222226 0.058890626892361471 0.81816326530612249 -0.058980279050290456 -0.039469973238240301 1.9299400855849262 0.01855494036023109 -0.21771676826459943 0.58591836734693892 0.55000000000000016 0.023752065802994719 -0.040032441083718111 0.83836734693877568
decision_type=2 2 2 2 2 2 2 2 2 2 2 2 2 2
left_child=1 10 4 -4 6 -6 -2 8 -3 -9 11 -1 -12 -5
right_child=2 7 3 13 5 -7 -8 9 -10 -11 12 -13 -14 -15
leaf_value=0.0054674387257087707 0.0035909358401611849 -0.0065876998533826552 -0.020186169011758282 0.0084965643070804547 -0.009759429952019132 0.0023658808832991264 0.016906228562501416 0.00016283383149590059 -0.00084762524606717539 -0.0041288863869068564 -0.0060808529451757331 -0.0030764642318255849 0.00062991353693832579 -0.0076442471339901114
leaf_weight=112.37686560302973 56.596845835447311 305.73496743291616 10.748661629855635 7.9850580804049951 29.821973085403442 769.19428601674736 23.161345448344946 395.00047345645726 288.53182017803192 206.45654123835266 46.459227912127972 34.481373338028789 278.50110759027302 5.0474044196307659
leaf_count=1850 548 8201 130 43 289 6916 157 8136 5633 4323 897 584 4805 37
internal_value=-0.000291992 -0.00161089 0.00212636 -0.00878084 0.00245783 0.00187136 0.00796007 -0.00257537 -0.00383809 -0.00129429 0.000802275 0.00334624 -0.000314968 0.00106214
internal_weight=2570.1 1667.54 902.556 23.7811 878.774 799.016 79.7582 1195.72 594.267 601.457 471.819 146.858 324.96 13.0325
internal_count=42549 34429 8120 210 7910 7205 705 26293 13834 12459 8136 2434 5702 80
is_linear=0
shrinkage=0.03


Tree=39
num_leaves=12
num_cat=0
split_feature=2 2 18 3 16 23 12 23 15 0 12
split_gain=5.51191 5.07802 4.67376 4.33303 3.84256 3.7951 3.59372 2.80323 2.26055 3.35824 2.58393
threshold=1.4278315564958513 -1.5713681263556081 0.10738420472684453 0.080816326530612256 0.97979591836734703 -0.033397264483589255 4.4471173966164477 -0.058980279050290456 0.91666666666666685 1.6407898872637681 2.9681076460632263
decision_type=2 2 2 2 2 2 2 2 2 2 2
left_child=1 3 5 4 -1 7 -7 -2 9 -3 -10
right_child=2 8 -4 -5 -6 6 -8 -9 10 -11 -12
leaf_value=0.0046978440682858818 0.0030866415967383482 -0.00044937250156867843 0.021655844227493767 0.024151812823844796 -0.0074516263616218751 0.0028259484302585306 0.016039711820056521 -0.011556784101841988 -0.0019477562633058879 0.012736194693887834 -0.011437226487199192
leaf_weight=146.41493711993098 17.184744887053967 976.0533818276599 10.353441283106802 7.3242018055170766 25.17187425121665 250.06399528868496 18.975079614669085 25.371206970885396 1040.3346250858158 15.662137074396012 25.365253806114197
leaf_count=1526 236 17158 85 59 263 2430 127 307 19945 163 250
internal_value=-0.000286545 -0.000821063 0.00336218 0.00397959 0.00276378 0.00257226 0.00392473 -0.00543377 -0.00124927 -0.000200824 -0.00220867
internal_weight=2558.27 2236.33 321.948 178.911 171.587 311.595 269.039 42.556 2057.42 991.716 1065.7
internal_count=42549 39364 3185 1848 1789 3100 2557 543 37516 17321 20195
is_linear=0
shrinkage=0.03


Tree=40
num_leaves=15
num_cat=0
split_feature=9 19 12 12 21 1 21 0 19 6 6 4 12 12
split_gain=11.0867 8.49991 5.16995 6.21693 4.48824 2.45454 4.42814 1.97936 5.12885 2.86203 2.37846 2.11771 4.4507 1.97005
threshold=0.90555555555555567 0.0027653798327476205 2.2133228820753392 -0.60741699504048718 0.0078446622209036119 0.25244897959183682 0.012873797749163736 1.6942389447480577 0.0065073011054223176 -0.1446061356720309 1.595483386595929 1.640217671134222 0.75664556651895187 1.479772697195296
decision_type=2 2 2 2 2 2 2 2 2 2 2 2 2 2
left_child=7 5 3 -3 -4 6 -2 11 9 -9 -10 13 -13 -1
right_child=1 2 4 -5 -6 -7 -8 8 10 -11 -12 12 -14 -15
leaf_value=-0.0012624904063739052 0.0072613318032705883 -0.0080395763270861634 0.010239557214140327 0.007926775892508689 -0.0015225504105266265 -0.018443644536965891 -0.022143776525517401 0.015826733662581704 0.013528332921765151 -0.0043815839806189234 -0.0076890415902095902 0.00057521159496871921 0.022773225796241834 -0.0066505643347892565
leaf_weight=1771.5184979494661 12.636313725262882 21.043482009321451 33.674909561872482 321.34275887534022 154.98146695829928 15.755551340058444 4.6217823736369601 4.8644071221351615 36.510975406505167 58.698631774634123 3.1758857183158389 65.003949114121497 7.5934392958879462 63.026429805904627
leaf_count=34780 88 154 298 2304 1263 126 34 52 459 852 43 1283 63 983
internal_value=6.06989e-06 0.00372094 0.00466959 0.00686092 0.000583684 -0.0105053 -0.00131644 -0.00103142 0.0029347 -0.00217066 0.0111832 -0.00125685 0.00364644 -0.00146281
internal_weight=2574.45 564.056 531.043 342.386 188.656 33.0136 17.2581 2010.39 103.25 63.563 39.6869 1907.14 72.5974 1834.54
internal_count=42782 4267 4019 2458 1561 248 122 38515 1406 904 502 37109 1346 35763
is_linear=0
shrinkage=0.03


Tree=41
num_leaves=15
num_cat=0
split_feature=8 16 13 10 10 19 17 15 21 19 17 10 17 8
split_gain=8.63597 4.60325 4.37936 4.62331 3.74904 13.1563 4.90234 2.06457 2.47363 5.27469 2.64098 2.01675 1.54356 1.75132
threshold=0.71203734368093574 0.9900000000000001 0.97979591836734703 2.8976311176554082 1.0728399390561945 0.0080256770953464653 0.058890626892361471 0.35416666666666669 0.013272528795941303 0.0024357696762174951 0.040402321044931029 1.2954640805173994 0.011476410558069696 0.18400614505565774
decision_type=2 2 2 2 2 2 2 2 2 2 2 2 2 2
left_child=7 4 11 -4 6 -6 -2 12 10 -10 -9 -3 -1 -14
right_child=1 2 3 -5 5 -7 -8 8 9 -11 -12 -13 13 -15
leaf_value=0.0032798320368224265 0.0023059381211841725 -0.0021746883896615905 -0.0032844348094874091 0.019537390463970874 0.0032700051666176826 0.024426825860789966 -0.016022913145571013 -0.001636920593428433 0.009622375115091706 -0.0064266943376564316 0.0031987122201825122 -0.028256942268630729 0.00074613691007361575 -0.0074640684959923018
leaf_weight=141.25454417616129 578.99550696462393 6.3238010145723802 75.284140039235353 6.8519557379186145 174.7638302333653 29.989430855959654 11.282950289547442 1117.7108611483127 18.014979628846049 181.74231885001063 108.08786541875452 6.7856387346982956 83.829587440937757 29.091511521488428
leaf_count=2701 5718 47 701 47 1157 175 135 23081 321 4229 2267 55 1653 495
internal_value=0 0.00238052 -0.00372508 -0.000783143 0.0031383 0.00664763 0.00187734 -0.00127082 -0.00171902 -0.00482393 -0.00119379 -0.0186213 0.00117818 -0.0013316
internal_weight=2570.01 890.277 95.2455 82.1361 795.032 204.753 590.278 1679.73 1425.56 199.757 1225.8 13.1094 254.176 112.921
internal_count=42782 8035 850 748 7185 1332 5853 34747 29898 4550 25348 102 4849 2148
is_linear=0
shrinkage=0.03


Tree=42
num_leaves=15
num_cat=0
split_feature=8 16 8 14 17 13 0 21 15 21 21 21 17 8
split_gain=8.13789 3.80711 4.65328 5.17732 4.02824 3.78314 2.40663 2.37509 2.14446 2.30672 2.03726 1.7467 1.50284 1.86498
threshold=0.63934250146862392 0.96888888888888902 3.4168724943557662 0.77500000000000013 -0.065635395063054255 0.80816326530612259 1.4629335099871783 0.0087406584000799641 0.35416666666666669 0.014912402938573821 0.0070477586296450682 0.0395973894596846 0.011476410558069696 0.18400614505565774
decision_type=2 2 2 2 2 2 2 2 2 2 2 2 2 2
left_child=8 4 3 -3 6 -6 -2 -4 12 10 -10 -11 -1 -14
right_child=1 2 7 -5 5 -7 -8 -9 9 11 -12 -13 13 -15
leaf_value=0.0033609226008514737 0.021345988953253993 -0.0070002582619509996 0 0.0044560740785666618 0.0007815936825809718 0.0051492841485142942 -0.0019604760697281543 -0.018863152516113004 -0.0044528733398709382 -0.0066248912600488374 -0.00082161989482446582 0.0066101278495124026 0.00078537868764143564 -0.0081163020764488079
leaf_weight=139.22080798447132 14.934852588921787 53.00185707397759 7.147457834333184 97.551409685984254 399.65505024790764 336.49728437513113 3.3343880698084822 17.087131587788463 161.29360502585769 115.00610610749573 1102.1918358709663 7.0157781448215237 84.901904348284006 25.23747075907886
leaf_count=2628 134 628 65 734 4114 2866 21 144 3279 2709 23196 161 1653 450
internal_value=2.88572e-05 0.00227354 -0.00164513 0.000285679 0.00320322 0.00280694 0.0165785 -0.0133191 -0.00123901 -0.00170443 -0.00130334 -0.00564866 0.0012803 -0.00122898
internal_weight=2564.08 929.209 174.788 150.553 754.422 736.152 18.2692 24.2346 1634.87 1385.51 1263.49 122.022 249.36 110.139
internal_count=42782 8706 1571 1362 7135 6980 155 209 34076 29345 26475 2870 4731 2103
is_linear=0
shrinkage=0.03


Tree=43
num_leaves=15
num_cat=0
split_feature=8 19 19 19 18 11 21 19 13 6 18 8 21 6
split_gain=8.54078 10.0646 3.72307 9.76795 4.75855 2.79645 2.98772 2.43848 3.29546 4.0395 2.86664 2.36841 4.9503 3.39798
threshold=1.0111280042013713 0.0027653798327476205 0.0054101259058263402 0.006691848914444117 -0.026284062605672395 0.95959183673469395 0.012873797749163736 0.0027349451732544016 0.87877551020408173 -0.075753167696193849 0.024762410311565678 -0.22402713387966694 0.011604728173246134 -0.54351275819850497
decision_type=2 2 2 2 2 2 2 2 2 2 2 2 2 2
left_child=7 5 4 -4 -3 6 -2 8 9 -1 -10 12 -9 -13
right_child=1 2 3 -5 -6 -7 -8 11 10 -11 -12 13 -14 -15
leaf_value=0.0084067578375596821 0.00035689778313696853 -0.019711474096253047 -0.0044335184629892971 0.0055074806462768232 0.0071164921567567034 -0.025977915435412523 -0.017350573012916176 -0.0010435617282700397 0.026210413033629462 -0.0030827336454054737 -0.0043088473851492547 0.0053406072636707777 -0.0063787446428210503 -0.00085253991353118812
leaf_weight=42.703892674297094 20.906371401622895 3.9251518025994292 137.85175268165767 238.7850820235908 265.25274248979986 7.9030968695878974 10.849884523078797 594.72779748868197 7.3415497746318561 67.871825195848942 2.1406283583492041 85.638555627316236 215.81833145953715 856.96663189586252
leaf_count=646 187 37 1171 1974 2185 51 85 13433 86 1226 46 1331 5372 14952
internal_value=2.74091e-05 0.00289342 0.00382238 0.00182519 0.00652748 -0.0113309 -0.00591824 -0.00101534 0.0030512 0.00129174 0.0184638 -0.00130552 -0.00249479 -0.000263878
internal_weight=2558.68 685.474 645.815 376.637 269.178 39.6594 31.7563 1873.21 120.058 110.576 9.48218 1753.15 810.546 942.605
internal_count=42782 5690 5367 3145 2222 323 272 37092 2004 1872 132 35088 18805 16283
is_linear=0
shrinkage=0.03


Tree=44
num_leaves=15
num_cat=0
split_feature=9 16 10 18 18 21 2 16 19 15 18 15 3 19
split_gain=10.0569 6.21846 7.93602 6.04363 5.44168 5.64493 4.08465 2.81443 5.20959 2.5173 2.41047 2.37027 1.95554 1.86709
threshold=0.9191836734693879 0.96888888888888902 -0.31089314866163725 -0.083170437402188976 0.071916410939856804 0.007798194763880527 -2.8204621117457882 0.81816326530612249 0.0024546792548931938 0.35416666666666669 -0.083170437402188976 0.18333333333333338 0.9900000000000001 0.0087959143494123811
decision_type=2 2 2 2 2 2 2 2 2 2 2 2 2 2
left_child=7 2 6 -4 5 -3 -2 9 -9 13 -11 -10 -6 -1
right_child=1 4 3 -5 12 -7 -8 8 11 10 -12 -13 -14 -15
leaf_value=0.00039443069982570084 0.018663544031431126 0.0082677748509452382 0.027761132274268352 0.0074390594954659795 0.004820275925996576 -0.0068213829626803243 -0.0013923514016351774 0.017838212033412591 -0.010810368667261688 -0.0085233292824598451 -0.0017119673274196519 0.00119478672302788 0.027524488614517402 0.0097226108869390253
leaf_weight=232.44352517090738 7.7875194586813441 25.421181630343199 13.036293607205151 242.65074734017253 16.029980828985575 107.79161644168198 135.6833194643259 14.748488700017331 13.376563111320136 47.973321780562401 1351.7609012126923 320.26510117482394 4.1393015384674063 19.583832435309887
leaf_count=4127 51 236 67 1630 141 973 1140 187 197 1163 27284 5221 18 347
internal_value=3.85168e-05 0.00361928 0.00559222 0.00874082 -0.00142441 -0.00375126 0 -0.0009458 0.00147714 -0.00146709 -0.00196794 0.00060723 0.0122192 0.00124917
internal_weight=2552.69 552.54 399.158 255.687 153.382 133.213 143.471 2000.15 348.39 1651.76 1399.73 333.642 20.1693 252.027
internal_count=42782 4256 2888 1697 1368 1209 1191 38526 5605 32921 28447 5418 159 4474
is_linear=0
shrinkage=0.03


Tree=45
num_leaves=15
num_cat=0
split_feature=9 10 18 10 12 20 8 17 3 2 17 17 12 7
split_gain=9.41404 2.88239 2.6204 2.88668 4.36785 2.18561 5.46287 2.9844 2.14296 6.47325 4.48653 1.76767 2.78043 2.06777
threshold=0.76775510204081643 -0.73043212159449389 -0.083170437402188976 -0.68132854358604378 1.9152867457472695 0.030505218820381711 -0.21771676826459943 -0.00408454457394991 0.30861678004535154 -1.6197476715411057 -0.013450452678974432 0.057740729596349356 -0.16377848819726823 0.82111111111111124
decision_type=2 2 2 2 2 2 2 2 2 2 2 2 2 2
left_child=1 11 3 -2 -5 6 -3 -7 9 -4 -10 13 -13 -1
right_child=2 5 8 4 -6 7 -8 -9 10 -11 -12 12 -14 -15
leaf_value=0.0007288673048659166 -0.004616179546524015 -0.0059073956773190248 0.0050697865366515996 0.016794441382943569 -0.0091894040308173868 0.0040284626317910154 -0.00049542279544171708 -0.0020891173038880039 -0.0024976197808131359 -0.0032530133751205253 0.0040008320732598341 0.017635479749676088 -0.0067232474714555802 -0.0065107758641791934
leaf_weight=359.39821263495833 8.6296051200479251 384.02690921537578 131.48180155456066 31.922176718711853 4.8956670686602584 89.394814946688712 309.18557984009385 320.60638447292149 113.90893799811602 224.90055285207927 495.70513614825904 10.524384180083869 3.9793807342648497 37.372254811227322
leaf_count=6167 105 10376 1129 262 54 1929 6203 6664 1126 2649 4848 146 64 802
internal_value=-0.000191858 -0.00169314 0.00204019 0.00900509 0.0126575 -0.00249306 -0.0035235 -0.000705779 0.00167909 -0.000129432 0.00275785 0.000417979 0.0100385 0
internal_weight=2525.93 1514.49 1011.44 45.4474 36.8178 1103.21 693.212 410.001 965.996 356.382 609.614 411.274 14.5038 396.77
internal_count=42524 32351 10173 421 316 25172 16579 8593 9752 3778 5974 7179 210 6969
is_linear=0
shrinkage=0.03


Tree=46
num_leaves=15
num_cat=0
split_feature=8 0 20 0 17 11 8 10 17 17 12 20 8 17
split_gain=8.56773 3.92881 7.09438 3.94642 6.47083 3.65094 3.41443 2.69787 2.51602 2.09739 2.38931 2.08463 6.16356 4.31626
threshold=0.63934250146862392 -2.1491586061697272 0.0044586395554326872 0.54500265376817014 -0.019443168368988236 0.020204081632653064 1.3369889608200951 -0.80273979280738239 -0.018092003370601902 0.057740729596349356 -0.17053203456582736 0.030505218820381711 -0.21771676826459943 -0.0044552927282548995
decision_type=2 2 2 2 2 2 2 2 2 2 2 2 2 2
left_child=7 2 6 5 -5 -3 -2 9 -4 -1 -11 12 -9 -13
right_child=1 3 8 4 -6 -7 -8 11 -10 10 -12 13 -14 -15
leaf_value=0.00016516908167111183 -0.0018670012524252607 -0.012297005485566212 0.014454851996889896 -0.0048674769336433995 0.0061507232390917467 0.00045320206888060797 0.022581050692645328 -0.005769094419842918 -0.0038827057439761612 0.018162459782682439 -0.0046506691960994575 0.0049218909819259346 -0.0003209456095769416 -0.0020922847100658679
leaf_weight=372.17062127776444 4.5333682522177687 19.048752583563328 6.4778855815529814 55.43835043348372 263.61932743154466 501.435373082757 27.748768411576748 390.11348631139845 30.703825164586306 10.350957632064818 3.8372964374721041 98.418776960112154 369.30970194749534 360.42696473095566
leaf_count=6412 45 213 42 510 2192 5110 171 10732 278 129 64 2034 7181 7411
internal_value=-0.000162091 0.00215544 0.00895737 0.00155488 0.00417112 -3.00079e-05 0.0188016 -0.00148534 0 0.000666852 0.0112536 -0.00218014 -0.00314715 -0.00054042
internal_weight=2513.63 909.006 69.4638 839.542 319.058 520.484 32.2821 1604.63 37.1817 386.359 14.1883 1218.27 759.423 458.846
internal_count=42524 8561 536 8025 2702 5323 216 33963 320 6605 193 27358 17913 9445
is_linear=0
shrinkage=0.03


Tree=47
num_leaves=15
num_cat=0
split_feature=9 21 21 23 8 10 12 10 21 21 0 12 21 5
split_gain=8.94733 5.91251 6.5697 5.72279 5.23428 4.19783 4.03316 2.39502 3.56941 3.19037 4.969 2.83177 2.30596 1.75624
threshold=0.76775510204081643 0.011604728173246134 0.0095703783511010779 0.074495910969853321 2.2692343588127688 1.9265870639066713 2.8006303217971742 -0.73043212159449389 0.0084745604016218754 0.011484256079876397 -0.59926895532675173 -0.62160740552645299 0.014912402938573821 0.085260770975056702
decision_type=2 2 2 2 2 2 2 2 2 2 2 2 2 2
left_child=7 2 4 -4 -2 6 -3 8 -1 11 -11 -9 -10 -7
right_child=1 5 3 -5 -6 13 -8 9 12 10 -12 -13 -14 -15
leaf_value=-0.0042978757448820194 0.001042321463925313 0.0056148286385713439 -0.0017798142874621984 -0.017267123000877724 0.0093173486013148569 0 -0.0041492967485225393 0.0036212895110328091 0.0030300506441820899 0.0012258827537144649 -0.0070421480599289297 -0.0019483356520330938 -0.0046449880303674326 0.017782430691122682
leaf_weight=107.61689929291606 357.4412930123508 234.93028887175024 235.05913652479649 22.212870933115482 85.206951919943094 5.9839139506220809 42.043899683281779 90.291319534182549 264.88392700068653 84.865990647114813 240.81956098135561 662.78836748469621 37.410652404651046 30.018180720508099
leaf_count=2031 3900 2443 2303 253 658 42 384 1938 4371 1780 6227 15227 777 190
internal_value=-0.000131988 0.00203427 0.000473249 -0.00329773 0.00270369 0.00545243 0.00405977 -0.00161672 0.000302225 -0.00235898 -0.00484759 -0.00125287 0.00200664 0.0149943
internal_weight=2501.57 1012.9 699.92 257.272 442.648 312.976 276.974 1488.68 409.911 1078.77 325.686 753.08 302.295 36.0021
internal_count=42524 10173 7114 2556 4558 3059 2827 32351 7179 25172 8007 17165 5148 232
is_linear=0
shrinkage=0.03


Tree=48
num_leaves=15
num_cat=0
split_feature=8 21 11 20 21 8 23 2 2 4 20 8 12 10
split_gain=8.28059 6.23808 5.28407 5.71453 4.40204 5.16069 4.99617 3.19554 2.61532 3.47108 4.43188 2.73767 1.75515 1.80605
threshold=0.62461035840818513 0.011604728173246134 0.85857142857142865 -0.032588023435374751 0.0095703783511010779 2.2692343588127688 0.074495910969853321 -1.6197476715411057 0.21233936912724838 -0.1150889214184434 0.027926384524168738 -0.47369154384519857 1.3442669005715753 -1.0125696461485356
decision_type=2 2 2 2 2 2 2 2 2 2 2 2 2 2
left_child=8 4 7 -4 5 -2 -6 -3 9 11 -11 -1 13 -10
right_child=1 2 3 -5 6 -7 -8 -9 12 10 -12 -13 -14 -15
leaf_value=-0.0044425148773110787 0.0005140128063497038 0.010498681941977919 -0.00022030395110653485 0.015406193460000455 -0.0012617334751642794 0.0087816822640043434 -0.016309160476160909 0.00055965677387908783 0.0010287657986087356 -0.0012713452819272523 0.0053288957605541103 -0.00033911608468458967 -0.012451911397333272 -0.0034965376110207874
leaf_weight=230.15227464865893 309.52593559958041 35.415842190384865 26.319346437230706 75.16228573769331 217.29321221262217 86.888454407453537 20.346876466646791 150.12922274135053 89.274974346160889 188.13859721180052 170.49162331223488 421.38079178798944 16.475167754106224 455.6266529140994
leaf_count=5627 3221 298 192 473 1990 658 212 1688 1534 4306 3394 7902 343 10686
internal_value=-0.000109696 0.00213964 0.00579703 0.0112826 0.000447399 0.00239881 -0.00273806 0.00262847 -0.00143861 -0.000506299 0.00183695 -0.00182074 -0.00308188 -0.00272665
internal_weight=2492.62 921.081 287.027 101.482 634.054 396.414 237.64 185.545 1571.54 1010.16 358.63 651.533 561.377 544.902
internal_count=42524 8732 2651 665 6081 3879 2202 1986 33792 21229 7700 13529 12563 12220
is_linear=0
shrinkage=0.03


Tree=49
num_leaves=15
num_cat=0
split_feature=8 0 20 0 1 12 11 17 2 4 20 19 0 17
split_gain=7.7291 3.37506 5.95988 3.46069 5.27058 3.4513 3.2379 2.77518 2.58256 3.61947 4.52818 3.29606 3.21088 2.19381
threshold=0.62461035840818513 -2.1491586061697272 0.0044586395554326872 0.54500265376817014 0.9191836734693879 3.5018606886281214 0.020204081632653064 -0.024214074270177018 0.21233936912724838 -0.1150889214184434 0.027926384524168738 0.0027653798327476205 -0.49646501450080766 0.058890626892361471
decision_type=2 2 2 2 2 2 2 2 2 2 2 2 2 2
left_child=8 2 5 6 -5 -2 -3 -4 9 12 -11 -10 -1 -13
right_child=1 3 7 4 -6 -7 -8 -9 11 10 -12 13 -14 -15
leaf_value=0.00034864981108878362 0.020891070255470795 -0.011854637478718864 0.016603613528269664 0.0087582823233753673 0.00081129583378220405 -0.0026506513087763946 0.00048403758933832748 -0.0036971389430996327 0.0054321901669337307 -0.0012725199142791632 0.0053347586984745796 -0.0040258560470926548 -0.0038332029664081011 0.0063239717942910854
leaf_weight=309.92170198634267 28.899048436433077 17.888084294274449 5.3774236850440493 124.50261583924294 197.8272212613374 5.0087338164448729 506.71784255467355 31.935407256707549 35.621172548271716 187.78814481478184 177.30829049274325 503.05326221138239 337.22443363349885 16.297391392290592
leaf_count=6019 175 214 35 1178 1572 43 5230 285 672 4306 3394 11541 7510 350
internal_value=-9.05374e-05 0.00208606 0.00831684 0.00152607 0.00396222 0.0170419 0 0 -0.00137629 -0.000455027 0.00190701 -0.00302205 -0.00181248 -0.00364929
internal_weight=2485.37 918.156 71.2206 846.936 322.33 33.9078 524.606 37.3128 1567.21 1012.24 365.096 554.972 647.146 519.351
internal_count=42524 8732 538 8194 2750 218 5444 320 33792 21229 7700 12563 13529 11891
is_linear=0
shrinkage=0.03


Tree=50
num_leaves=15
num_cat=0
split_feature=8 19 18 19 8 19 13 18 10 2 23 18 19 8
split_gain=5.81489 6.46442 8.18618 6.02338 5.62712 5.39381 5.02387 4.79369 2.34575 1.91977 2.33588 2.15994 1.83665 2.88024
threshold=0.71203734368093574 0.0053661699575694513 -0.0063984555477508689 0.0037357669776730451 3.1564045971918957 0.0048054974366338737 0.81816326530612249 0.0003248104072657299 -0.824050294470415 0.15950806881493254 0.088093735146417509 0.071916410939856804 0.0031141833241067254 -0.21771676826459943
decision_type=2 2 2 2 2 2 2 2 2 2 2 2 2 2
left_child=8 3 6 7 -4 -5 -3 -2 12 10 -10 -11 13 -1
right_child=1 2 4 5 -6 -7 -8 -9 9 11 -12 -13 -14 -15
leaf_value=0.012064474759032917 0.020627307722294923 -0.00093847866255964676 -0.0050311597447779393 0.01198718479630452 0.0085292893866978272 0.00269523930902582 0.0084819561642594452 -0.0013486702675361906 -0.0014038039079588031 -0.0025559053046389042 0.0042744229389861405 -0.009217973565069832 4.727020706533224e-05 -0.0030502152216852442
leaf_weight=28.002873077988625 7.5240332782268515 88.307146670296788 264.0323586370796 124.47455812804401 28.163218162953854 112.95875127613544 109.61976073496044 142.03268450312316 703.88849783036858 416.15025277622044 68.907135544344783 50.368973571807146 332.99998294375837 15.025636818259953
leaf_count=338 55 879 2526 1118 180 1065 956 1287 15582 9976 1351 1261 5895 199
internal_value=-0.000110051 0.00184725 -0.000414892 0.00473821 -0.00362405 0.00768863 0.00423656 0 -0.00118309 -0.00181608 -0.000868412 -0.00334349 0.000862032 0.00655223
internal_weight=2492.46 877.113 490.122 386.99 292.196 237.433 197.927 149.557 1615.34 1239.31 772.796 466.519 376.028 43.0285
internal_count=42668 8066 4541 3525 2706 2183 1835 1342 34602 28170 16933 11237 6432 537
is_linear=0
shrinkage=0.03


Tree=51
num_leaves=15
num_cat=0
split_feature=9 20 18 12 10 18 10 23 10 3 18 20 8 12
split_gain=5.91226 3.67511 3.90583 3.22687 3.03254 2.9537 2.90383 2.45048 2.12771 2.56763 2.66292 1.65237 5.22173 2.72322
threshold=0.76775510204081643 0.065507443799802459 -0.0038363945838799647 -0.34425217096106436 2.3912285849922186 -0.083170437402188976 -0.46678927821914651 -0.0064652470423729449 -0.824050294470415 0.89897959183673481 0.012523705808396681 0.030505218820381711 -0.48169121743493271 -0.34993891791721549
decision_type=2 2 2 2 2 2 2 2 2 2 2 2 2 2
left_child=8 5 3 -3 -4 6 -2 -7 9 -1 -11 12 -10 -13
right_child=1 2 4 -5 -6 7 -8 -9 11 10 -12 13 -14 -15
leaf_value=-0.00010393571457836793 -0.0020355776095870698 -0.014396506078229138 -0.013116699350484876 0.0092354686124324105 0.0087745164048549287 -0.00014007868573668751 0.014032590949299185 0.0030009973608396 -0.0063942942447037972 -0.00263476480714676 0.014109346750698698 0.0015886754005387087 -0.00089441236083511702 -0.0032272132403581223
leaf_weight=315.20055659115314 11.49606768414378 4.4540053047239807 38.951822578907013 21.086530957370996 4.3423062749207011 359.83764467202127 32.74200776219368 551.63567254133523 243.34996598772705 10.334436323493717 22.054635737091303 243.32119634188712 447.59180364850909 181.87676051259041
leaf_count=5450 147 57 447 216 28 3499 279 5684 7562 204 334 4983 9660 4118
internal_value=-8.87799e-05 0.0016508 -0.00488747 0.00382345 -0.0102994 0.0021466 0.00962514 0.00174693 -0.00131723 0.000697756 0.00848807 -0.00195828 -0.00286598 -0.000441654
internal_weight=2488.28 1024.55 68.8347 25.5405 43.2941 955.711 44.2381 911.473 1463.73 347.59 32.3891 1116.14 690.942 425.198
internal_count=42668 10357 748 273 475 9609 426 9183 32311 5988 538 26323 17222 9101
is_linear=0
shrinkage=0.03


Tree=52
num_leaves=15
num_cat=0
split_feature=9 18 23 6 14 10 12 21 7 0 21 21 7 12
split_gain=5.51472 3.45426 2.65899 2.76921 2.59706 2.42508 4.00878 2.23353 3.76639 3.65315 3.66679 3.47044 2.58159 1.60114
threshold=0.76775510204081643 -0.083170437402188976 0.14203122711922014 0.66648764348282719 0.77500000000000013 -0.46678927821914651 1.9152867457472695 0.011604728173246134 0.10657596371882087 -0.39258026895938442 0.021203622975256225 0.009596132137828681 0.085260770975056702 -0.1075052634894864
decision_type=2 2 2 2 2 2 2 2 2 2 2 2 2 2
left_child=7 5 3 -3 -4 13 -7 8 -1 10 -9 -10 -11 -2
right_child=1 2 4 -5 -6 6 -8 9 11 12 -12 -13 -14 -15
leaf_value=-0.0071077052640072733 -0.013448752640122415 0.0020162530091136599 0.0022046446145626958 -0.0024849476440355379 -0.025786438311099717 0.017574917677515747 -0.0084450947592680774 -0.0010388814742242271 -0.0013853550602514247 0.0090983200670192166 0.013221217093466896 0.0023450119593669857 -0.0057250601840627986 0.006007264345536935
leaf_weight=70.61929621361196 4.279823299497366 834.22440939955413 3.3756653536111108 139.71925844997168 4.46560413017869 29.171474069356918 4.332818239927291 126.30958916340023 612.18216723203659 8.5066674649715406 16.448351063765585 351.6410102667287 267.03134511224926 6.96606672182679
leaf_count=1371 63 8495 41 1338 48 235 49 2587 13534 167 359 7628 6665 88
internal_value=-9.22828e-05 0.0015826 0.00118319 0.00135138 -0.0142129 0.00959912 0.0135013 -0.00128665 -0.000518818 -0.0031383 0.00066049 -6.80039e-06 -0.00515111 -0.00117729
internal_weight=2479.27 1026.54 981.785 973.944 7.84127 44.7502 33.5043 1452.74 1034.44 418.296 142.758 963.823 275.538 11.2459
internal_count=42668 10357 9922 9833 89 435 284 32311 22533 9778 2946 21162 6832 151
is_linear=0
shrinkage=0.03


Tree=53
num_leaves=15
num_cat=0
split_feature=9 20 21 6 21 21 10 4 21 0 21 7 21 7
split_gain=5.31726 3.36382 6.99351 4.79031 3.3498 3.2255 5.68377 3.68363 2.17805 3.42905 3.45592 3.31936 3.29664 2.65961
threshold=0.76775510204081643 0.065507443799802459 0.0078692675961632742 1.0575470418634716 0.016308053619115446 0.012273353590559788 -0.1714986737971301 1.640217671134222 0.011604728173246134 -0.39258026895938442 0.021203622975256225 0.10657596371882087 0.009596132137828681 0.085260770975056702
decision_type=2 2 2 2 2 2 2 2 2 2 2 2 2 2
left_child=8 5 3 -3 -4 7 -7 -2 11 10 -10 -1 -13 -11
right_child=1 2 4 -5 -6 6 -8 -9 9 13 -12 12 -14 -15
leaf_value=-0.0068175272561674201 0.00036634918219676004 0.013438142401604939 -0.015317699291453771 -0.019588793544880335 0.0039306995092038286 -0.00088129977720041773 0.0089348572683302062 0.0078423959029566784 -0.0010887077200088325 0.0092333888614119265 0.012726581822940747 -0.0013779156866495137 0.0022504965434227806 -0.0056773012461313289
leaf_weight=68.004072800278664 675.56925157643855 20.602053470909599 37.096812263131142 2.6397747695446006 7.9318220876157275 81.213588763028383 136.81293023377657 63.724143899977207 126.80782382003963 8.7307116910815221 16.537536285817623 613.94337579142302 353.15047524217516 262.68385784886777
leaf_count=1371 7025 217 408 35 88 926 1226 432 2587 167 359 13534 7628 6665
internal_value=-8.92146e-05 0.00155569 -0.00472449 0.00783786 -0.0115852 0.0020281 0.00523545 0.00105041 -0.00126364 -0.00310232 0.000555129 -0.000507867 -3.55519e-05 -0.00507877
internal_weight=2475.45 1025.59 68.2705 23.2418 45.0286 957.32 218.027 739.293 1449.86 414.76 143.345 1035.1 967.094 271.415
internal_count=42668 10357 748 252 496 9609 2152 7457 32311 9778 2946 22533 21162 6832
is_linear=0
shrinkage=0.03


Tree=54
num_leaves=15
num_cat=0
split_feature=12 17 18 6 17 6 2 12 21 21 2 18 2 12
split_gain=2.69719 4.65898 7.59476 9.84995 4.71355 3.85132 3.35415 4.561 3.03449 2.72331 2.47066 3.34876 2.23903 2.22449
threshold=0.83714086438344837 -0.0056726743768749635 0.0003248104072657299 0.24263025491547638 -0.00035958169374294963 -4.6292292241411968 -2.0918429289774978 1.0000000180025095e-35 0.010871389920076651 0.010830280987309395 1.3935683643295083 0.10666210311532788 -1.2036982828001681 -0.33809113260792339
decision_type=2 2 2 2 2 2 2 2 2 2 2 2 2 2
left_child=6 2 8 -4 12 -6 7 13 -2 -9 -8 -12 -3 -1
right_child=1 4 3 -5 5 -7 10 9 -10 -11 11 -13 -14 -15
leaf_value=0.007772405983154056 0.0081731932261715143 -0.0042281595515390319 -0.001822037884262187 -0.02870472092763654 -0.015652281918742846 0.0032080581010677255 -0.0011176974977274031 0 -0.0025832514053021837 0.027440803366554124 0.0013720518684307023 0.018809958396674174 0.016664665391045139 -0.0094102829542939952
leaf_weight=11.822918701916931 45.516534801572561 3.2711210548877707 38.977996708825231 17.094130452722311 7.8867383953183881 291.33283023349941 1761.5367812309414 4.8683511652052394 42.558102371171117 10.099468916654585 183.05048325564712 8.7769038304686529 31.323065668344498 11.179570958018305
leaf_count=108 426 37 411 186 91 3100 34932 54 470 68 2280 80 315 110
internal_value=-8.50174e-05 0.00192685 -0.00249406 -0.0109821 0.00388403 0.00256052 -0.00057688 0.00799529 0.00286714 0.0198116 -0.000759188 0.00243315 0.0141561 -6.34399e-05
internal_weight=2469.29 477.961 144.147 56.0721 333.814 299.22 1991.33 37.9703 88.0746 14.9678 1953.36 191.827 34.5942 23.0025
internal_count=42668 5036 1493 597 3543 3191 37632 340 896 122 37292 2360 352 218
is_linear=0
shrinkage=0.03


Tree=55
num_leaves=15
num_cat=0
split_feature=9 19 19 8 19 6 21 12 5 0 9 19 19 0
split_gain=4.5974 4.60744 11.5142 4.51532 3.44054 5.21442 4.81641 1.85551 1.82389 2.60739 2.75352 2.28514 2.92854 1.5948
threshold=0.90555555555555567 0.0046218421950400424 0.003639742433337288 2.6236473837349648 0.0066298260915324371 -0.54351275819850497 0.011308735759256842 2.9681076460632263 0.44222222222222224 -0.25355602202730027 0.8633333333333334 0.0046218421950400424 0.0037357669776730451 -0.55774387818163684
decision_type=2 2 2 2 2 2 2 2 2 2 2 2 2 2
left_child=8 2 3 -2 6 -6 -3 -4 11 13 -11 12 -1 -10
right_child=1 4 7 -5 5 -7 -8 -9 9 10 -12 -13 -14 -15
leaf_value=-0.0011240691669984623 0.0033788328299303124 -0.0050751410902173579 0.017683394912955834 -0.01156082080340135 -0.0053230440143772883 0.0063685016439515201 0.005042553734804665 0.0040758439783853267 0.00068032943267410523 -0.0010467917916716649 0.0053654219831815618 -0.0004464582348916259 -0.0077971605771409843 0.0054361360592803092
leaf_weight=154.3443355569616 68.64243632927537 136.85461682267487 60.309914287179708 22.438236093148589 41.649824272841215 146.26361720263958 57.879139315336943 15.809012368321417 150.14030742645264 735.42783432360739 63.204596478492022 582.00643696822226 101.93120946548879 120.77203877456486
leaf_count=2865 531 1097 426 183 361 1092 444 138 2614 16061 599 11514 2063 2323
internal_value=0.000220228 0.00263607 0.0067707 -0.000309807 0.000764608 0.00366939 -0.001971 0.015226 -0.000470209 0.000339536 -0.000508452 -0.00151954 -0.00387613 0.00287972
internal_weight=2457.67 549.847 167.2 91.0807 382.647 187.913 194.734 76.1189 1907.83 1069.54 798.632 838.282 256.276 270.912
internal_count=42311 4272 1278 714 2994 1453 1541 564 38039 21597 16660 16442 4928 4937
is_linear=0
shrinkage=0.03


Tree=56
num_leaves=15
num_cat=0
split_feature=8 19 19 8 19 0 12 10 10 17 0 5 17 17
split_gain=3.87621 3.45654 8.28923 4.10078 3.5685 5.12797 3.81868 2.80111 3.09195 2.42017 2.29426 1.82599 1.70423 1.57456
threshold=0.71203734368093574 0.0048708526735336656 0.0037357669776730451 1.0111280042013713 0.0066298260915324371 2.4902484427957536 1.8082933038175855 -0.83406797094704566 -1.9110433274935918 0.015728291915636742 -0.089894729014485489 0.8633333333333334 -0.065635395063054255 0.058890626892361471
decision_type=2 2 2 2 2 2 2 2 2 2 2 2 2 2
left_child=7 2 9 -4 5 -3 -6 8 -1 -2 11 -9 -12 -10
right_child=1 4 3 -5 6 -7 -8 10 13 -11 12 -13 -14 -15
leaf_value=-0.01062544297512882 -0.0025970782905047193 -0.00082779639877076207 -0.00042025645950737836 0.012619407458246169 0.0045286043465150236 -0.017720663295771287 -0.0031389271062740253 -0.00037282108905537463 0.0017770465057990827 0.0056327950000637506 -0.015657152886280903 0.007496477711098062 -0.0023801405018173652 0.011810268477561711
leaf_weight=15.274984749034045 108.07454432733357 255.43976902589202 24.29445293545723 105.3769598454237 241.86262436211109 15.518995046615599 72.941077277064323 575.69413038156927 339.10715484805405 43.300920743495226 7.3603566847741595 25.814505103975534 610.04208815656602 13.520458754152058
leaf_count=326 978 2384 350 859 2226 127 702 12234 5807 380 227 512 15031 168
internal_value=0.000242134 0.00185754 0.00458681 0.0100932 0.000511375 -0.00197303 0.00269606 -0.000632081 0.00163802 -0.000102372 -0.00133111 0 -0.00261268 0.00226848
internal_weight=2453.62 866.809 281.047 129.671 585.762 270.959 314.804 1586.81 367.903 151.375 1218.91 601.509 617.402 352.628
internal_count=42311 8006 2567 1209 5439 2511 2928 34305 6301 1358 28004 12746 15258 5975
is_linear=0
shrinkage=0.03


Tree=57
num_leaves=15
num_cat=0
split_feature=9 19 19 17 0 19 2 6 5 17 9 6 19 1
split_gain=4.16328 3.9544 10.3041 3.72454 3.47205 2.84919 4.57873 4.56005 1.84914 3.28798 2.63966 4.04242 2.60635 2.40792
threshold=0.90555555555555567 0.0046218421950400424 0.003639742433337288 0.023443017162881222 -2.1491586061697272 0.0066298260915324371 1.0000000180025095e-35 -0.54351275819850497 0.44222222222222224 -0.02891774736185437 0.85857142857142865 -0.023492705443408677 0.007998009821287403 0.1918367346938776
decision_type=2 2 2 2 2 2 2 2 2 2 2 2 2 2
left_child=8 2 4 -4 -2 6 -3 -7 10 12 13 -12 -10 -1
right_child=1 5 3 -5 -6 7 -8 -9 9 -11 11 -13 -14 -15
leaf_value=0.0017508265817621149 0.013248236903124927 -0.0066274119704035619 0.018738169070366684 0.0026623395198614643 -0.0027607392724758486 -0.005108213295518165 0.0024414479246333796 0.0059510101282268021 -0.0093493350202892636 0.00096012064631098527 -0.001911262065023201 -0.015347960924861353 0 -0.0019720283098454373
leaf_weight=219.47211042419076 12.294446062296627 89.840557394549251 52.959446281194687 20.983696974813938 79.393464148044586 40.27365430817008 105.62393333762884 146.37718739174306 50.363687904551625 959.56965095549822 73.364679304882884 28.099734485149384 58.003398492000997 510.52750325948
leaf_count=4094 81 769 402 162 633 361 772 1092 1143 19215 894 382 1239 11072
internal_value=0.000228585 0.00253179 0.00638724 0.0145639 -0.000216996 0.000797011 -0.00167578 0.00345639 -0.000429687 0.000385036 -0.00149253 -0.00600217 -0.00449644 -0.000830546
internal_weight=2447.15 547.746 165.631 73.9431 91.6879 382.115 195.464 186.651 1899.4 1067.94 831.464 101.464 108.367 730
internal_count=42311 4272 1278 564 714 2994 1541 1453 38039 21597 16442 1276 2382 15166
is_linear=0
shrinkage=0.03


Tree=58
num_leaves=15
num_cat=0
split_feature=9 15 11 20 6 4 4 10 10 9 6 8 9 6
split_gain=3.85847 5.27531 4.21224 3.75541 2.67705 2.92321 2.173 2.06202 2.77903 2.43653 1.66892 1.04854 1.50891 0.906831
threshold=0.90555555555555567 0.18333333333333338 0.49489795918367352 0.025979746330550672 3.7302962485099682 0.6204320382832833 2.0109041456754317 -1.9110433274935918 -0.79246156079685692 0.21204081632653063 2.3601270466927353 1.2248294854083739 0.43428571428571433 -0.081119287134743492
decision_type=2 2 2 2 2 2 2 2 2 2 2 2 2 2
left_child=7 2 13 -4 5 -3 -6 11 10 -10 -9 12 -1 -2
right_child=1 4 3 -5 6 -7 -8 8 9 -11 -12 -13 -14 -15
leaf_value=0 -0.0094117158491023017 0.00057434188927818616 0.028153290415781809 0 -0.01473103264859266 0.0056585225755561522 0.00649902904069508 0.0020097192896995097 -0.0036541213917878042 -0.0003528090769225375 -0.015410336361269601 0.0043655613629497098 -0.018114482154751251 0.0057294763997466367
leaf_weight=6.1818284932524028 4.8138974532485008 351.42076970078051 15.371450856328012 5.7717774286866179 13.413477450609209 146.48033487424254 3.5891153998672953 435.40627303905785 243.59122478030622 1198.80121083837 2.8457505833357564 1.6117300484329451 10.904953697696326 4.7600861601531523
leaf_count=146 49 2931 73 37 162 965 23 7193 6877 23517 60 19 227 32
internal_value=0.000237902 0.00246041 0.0142109 0.0211871 0.00167813 0.00211675 -0.00924782 -0.000394581 -0.000282414 -0.000925007 0.00179304 -0.00983397 -0.0122763 -0.000898456
internal_weight=2444.96 545.621 30.7172 21.1432 514.904 497.901 17.0026 1899.34 1880.64 1442.39 438.252 18.6985 17.0868 9.57398
internal_count=42311 4272 191 110 4081 3896 185 38039 37647 30394 7253 392 373 81
is_linear=0
shrinkage=0.03


Tree=59
num_leaves=15
num_cat=0
split_feature=9 12 5 6 2 5 16 12 8 23 12 17 6 11
split_gain=3.39616 4.243 6.77903 4.74889 4.55538 3.23615 2.75195 1.9141 4.20881 3.51225 2.79063 4.08577 2.86036 1.21164
threshold=0.90555555555555567 2.8006303217971742 0.12622448979591841 -0.54351275819850497 -1.0465657117255758 0.32826530612244903 0.95959183673469395 1.6723811697976856 1.3369889608200951 -0.012988723545308887 1.0078879970402725 -0.012685669110371887 0.87233888137058491 0.37256235827664402
decision_type=2 2 2 2 2 2 2 2 2 2 2 2 2 2
left_child=7 2 3 -2 -4 13 -7 10 9 -9 12 -12 -1 -3
right_child=1 5 4 -5 -6 6 -8 8 -10 -11 11 -13 -14 -15
leaf_value=-0.00025662657172848279 0.0032642523387998328 -0.0020372408766953357 -0.0063981218977925474 0.017895320159429365 0.0032894196530154837 0.015429151388794403 -0.00075874296077680606 0 0.013168820260158164 -0.017383392716466512 -0.0074487353020711664 0.0078273595252010015 -0.0075394971049973876 -0.013061742265267446
leaf_weight=1707.8760396633297 41.925374625250697 20.514490826055408 49.020335135981441 44.727353226393461 279.12740721926093 8.5769667588174325 77.73395261913538 15.334371173754333 5.9639658369123927 22.678278955630958 17.06427127122879 76.457241969183087 48.243048968724906 24.464766282588243
leaf_count=34928 320 214 400 302 2049 58 670 245 54 388 292 1090 1042 259
internal_value=0.000241147 0.00232452 0.00382172 0.0112189 0.00176682 -0.00227959 0.000993037 -0.000353573 -0.00641066 -0.0103621 -0.000194691 0.0047854 -0.000473578 -0.00865368
internal_weight=2439.71 546.091 414.8 86.6527 328.148 131.29 86.3109 1893.62 43.9766 38.0127 1849.64 93.5215 1756.12 44.9793
internal_count=42311 4272 3071 622 2449 1201 728 38039 687 633 37352 1382 35970 473
is_linear=0
shrinkage=0.03


Tree=60
num_leaves=15
num_cat=0
split_feature=2 18 2 21 0 17 10 19 0 20 2 8 18 20
split_gain=3.65809 5.14607 4.59673 4.79186 3.22338 3.40476 2.81712 2.70356 2.65513 4.74337 2.33178 2.24456 1.52884 0.741206
threshold=1.3935683643295083 0.099889878369690224 3.4418564204951907 0.0065131528295978664 1.6407898872637681 -0.028322671831673193 1.0000000180025095e-35 0.0065817846364864411 -0.42875545780224444 -0.028849719216001542 0.54086916945517449 1.064121235856289 -0.026284062605672395 0.0019677763502624628
decision_type=2 2 2 2 2 2 2 2 2 2 2 2 2 2
left_child=4 2 3 -2 8 12 -3 -4 9 -1 -10 -7 -6 -8
right_child=1 6 7 -5 5 11 13 -9 10 -11 -12 -13 -14 -15
leaf_value=0.0057887964956916211 0.016888109432704024 0.030796380919290982 -0.017080768855200101 0.0017314798192422285 -0.017249476993448084 0.0017146142256516408 0.010791736500375864 0.0036899640886464769 -0.0010842571166966503 -0.0005540349149851932 -0.0042905512280442572 0.012036017488378807 0.0021441849394047839 -0.003566627706861239
leaf_weight=122.04059225041419 18.702690940350294 7.0193830449134094 15.431611336767675 265.81315520405769 6.5045896414667368 44.54597838409245 3.6276919692754745 5.8824607357382765 925.64863618277013 719.50310380849987 269.59491758607328 38.600141830742359 3.6225064266473037 3.9158737268298864
leaf_count=1767 174 43 107 2906 84 809 43 38 19102 11374 5838 289 59 35
internal_value=-0.000202607 0.00276706 0.00181816 0.00289109 -0.000658502 0.00471096 0.0191631 -0.0108801 -0.00091613 0.000359564 -0.00182595 0.0068526 -0.00986584 0.00258109
internal_weight=2450.45 320.393 305.83 284.516 2130.06 93.2732 14.5629 21.3141 2036.79 841.544 1195.24 83.1461 10.1271 7.54357
internal_count=42668 3346 3225 3080 39322 1241 121 145 38081 13141 24940 1098 143 78
is_linear=0
shrinkage=0.03


Tree=61
num_leaves=15
num_cat=0
split_feature=9 22 14 5 18 13 13 16 13 23 5 18 18 18
split_gain=3.38729 7.51753 5.65513 4.45576 8.78453 4.2856 3.91452 3.64829 2.71768 5.07903 2.13036 4.83398 2.07745 1.92704
threshold=0.9191836734693879 1.0000000180025095e-35 0.77500000000000013 0.1918367346938776 -0.083170437402188976 0.95959183673469395 0.73734693877551039 0.82111111111111124 0.080816326530612256 0.072860437626275157 0.44222222222222224 0.0013057723130774914 0.11816354927437457 0.0046861215907410001
decision_type=2 2 2 2 2 2 2 2 2 2 2 2 2 2
left_child=8 3 7 5 -5 -2 -4 -3 9 12 -10 -12 -1 -11
right_child=1 2 6 4 -6 -7 -8 -9 10 13 11 -13 -14 -15
leaf_value=-0.00037524071438125813 0.024472831334904948 0.0018092188858187131 -0.003687885966240229 0.029805993556442995 -0.0010844729274875364 0 0.0050052001117110567 -0.0066881356044702295 -0.0023666332221374668 0 -0.0037121277673792708 0.0010233148166341648 0.017597968051940732 0.018176773034363068
leaf_weight=135.15709992591292 24.103082373738289 66.763518780469894 56.079829897731543 7.8323633484542361 47.141299441456795 9.0319194514304382 211.03426747024059 122.73471803218126 748.57685289904475 6.880119293928149 262.22831004392356 723.73001757543534 4.0103446170687667 21.07920029386878
leaf_count=2848 147 566 407 54 365 96 1456 1188 14994 136 5589 14453 56 313
internal_value=-0.000198032 0.00187532 0.000277474 0.00979952 0.00394517 0.018308 0.00311053 -0.00362841 -0.000801157 0.00280504 -0.00116009 -0.000225919 0.000278414 0.0140225
internal_weight=2446.38 544.721 456.612 88.1087 54.9737 33.135 267.114 189.498 1901.66 167.127 1734.54 985.958 139.167 27.9593
internal_count=42668 4279 3617 662 419 243 1863 1754 38389 3353 35036 20042 2904 449
is_linear=0
shrinkage=0.03


Tree=62
num_leaves=15
num_cat=0
split_feature=9 14 15 19 19 2 6 19 4 7 17 12 6 19
split_gain=3.36163 4.42752 5.80431 5.32317 11.2155 8.10576 4.24423 3.65735 2.50975 3.23893 3.93903 2.5569 2.13759 2.97895
threshold=0.90555555555555567 0.77500000000000013 0.18333333333333338 0.0053836867069834453 0.0063951495587895113 3.4418564204951907 -0.14048491379054737 0.0095835940259106512 -0.073649516424986877 0.78795918367346951 -0.02361560293957626 -0.61466543268032015 -0.80998529831195532 0.0064735351929248201
decision_type=2 2 2 2 2 2 2 2 2 2 2 2 2 2
left_child=8 2 6 5 -5 -3 -2 -4 12 10 -10 -11 13 -1
right_child=1 3 7 4 -6 -7 -8 -9 9 11 -12 -13 -14 -15
leaf_value=-0.001712419411815952 -0.00067346562045523899 0.010162204862219694 -0.0040683199238344785 -0.011697065187403183 0.0053853174270471482 -0.015856253773164526 0.021232510870776437 0.013135390558728203 -0.0043848279663803143 0.005946884068357694 0.0022944750650010035 -0.0030126117555658695 -0.0024099296760187101 0.010814885610333827
leaf_weight=40.459646014496684 12.672706361860039 140.49839060753584 193.44777207449079 46.732166549190879 116.76360482722521 9.4656100831925851 14.553821731358765 9.5133336186408979 88.529235281050205 28.721793593838811 594.89307460095733 309.94484968204051 812.7045417400077 25.285862660035491
leaf_count=708 92 939 1883 354 802 63 78 78 1977 636 11670 6369 16643 376
internal_value=-0.000201099 0.00186666 -0.00123742 0.00418707 0.000329654 0.00823416 0.0111747 -0.00306845 -0.000801805 0.000195814 0.0013971 -0.00217829 -0.00197739 0.00306123
internal_weight=2444.19 543.647 230.188 313.46 163.496 149.964 27.2265 202.961 1900.54 1022.09 683.422 338.667 878.45 65.7455
internal_count=42668 4289 2131 2158 1156 1002 170 1961 38379 20652 13647 7005 17727 1084
is_linear=0
shrinkage=0.03


Tree=63
num_leaves=15
num_cat=0
split_feature=4 7 8 17 10 10 15 8 13 7 13 14 7 12
split_gain=3.47507 4.31897 4.25469 3.45773 3.3464 6.15446 2.49255 2.26325 3.68779 2.42984 4.76651 3.69563 2.16721 1.84163
threshold=0.15956083109969205 0.69693877551020422 0.62461035840818513 0.020930528714567468 -0.88873886330926244 0.22657595204335476 0.91666666666666685 -0.47369154384519857 0.10657596371882087 0.12122448979591838 0.56571428571428584 0.36666666666666675 0.12122448979591838 -0.48362513838514037
decision_type=2 2 2 2 2 2 2 2 2 2 2 2 2 2
left_child=7 4 13 -4 6 -6 -2 8 -1 11 -11 -9 -10 -3
right_child=1 2 3 -5 5 -7 -8 9 12 10 -12 -13 -14 -15
leaf_value=0.0038557069558150751 0.011798404653880197 0.00024990267576625652 0.0043665900676572644 -0.0031234989826797611 -0.0012885496438977879 0.0066216635025778845 0.0026308340524179145 -0.0032565868798577796 -0.013583369961007351 0.00085321946866041593 -0.0039016478053610884 0.0038481400788653928 -0.0039149029269543861 -0.0043564276968428113
leaf_weight=47.51930680219084 60.793258808553219 108.84192182123661 191.25043518841267 73.815246069803834 227.58069191034883 140.15228558890522 57.94187618046999 90.424502830952406 23.574303530156612 383.9353260025382 364.56311828456819 216.91602196451277 224.18719249684364 228.54317044187337
leaf_count=1122 760 2608 1629 631 4424 2457 854 1172 615 6721 5469 2775 5847 5584
internal_value=-0.000162581 0.00109028 -0.000586662 0.00221682 0.00319164 0.00170517 0.00756662 -0.00118351 -0.00350495 -0.000514711 -0.00144692 0.00170179 -0.00499631 -0.00283349
internal_weight=2440.04 1088.92 602.451 265.066 486.468 367.733 118.735 1351.12 295.281 1055.84 748.498 307.341 247.761 337.385
internal_count=42668 18947 10452 2260 8495 6881 1614 23721 7584 16137 12190 3947 6462 8192
is_linear=0
shrinkage=0.03


Tree=64
num_leaves=15
num_cat=0
split_feature=9 22 19 21 6 0 4 13 23 6 4 13 7 21
split_gain=3.3341 6.84169 4.41022 7.5715 3.75344 3.67101 4.13409 2.5309 5.42411 3.50775 2.57503 3.21217 2.31411 2.15038
threshold=0.90555555555555567 1.0000000180025095e-35 0.0046218421950400424 0.01127232844198804 -0.54351275819850497 -0.77386082113337362 0.50701548864818602 0.080816326530612256 0.088093735146417509 0.24614466481844238 1.8756126212637512 0.87877551020408173 0.84222222222222232 0.0088270018069758777
decision_type=2 2 2 2 2 2 2 2 2 2 2 2 2 2
left_child=7 5 3 -3 -4 -2 -7 8 9 -1 12 -12 -9 -10
right_child=1 2 4 -5 -6 6 -8 10 13 -11 11 -13 -14 -15
leaf_value=-0.0019208518477681787 0.015494283400851258 0.0093506676539587864 -0.0077399933418865431 -0.0054567835902626129 0.00012657761842575904 -0.0037893635863488397 0.014648497856218495 -0.0008582056025589009 -0.00023383671010823121 0.0081973615093559014 0.00077626792762190407 0.018125659414565311 -0.0042080604486187433 0.022021116573961975
leaf_weight=113.44877072703093 44.241303939372301 98.637654181569815 66.805899584665895 42.033271737396717 247.05666799657047 27.894028142094612 14.779727727174757 1453.0698871165514 3.3587554171681431 39.700976812280715 42.828565799631178 11.310250055044888 215.70700956042856 14.515408232808111
leaf_count=2298 307 782 629 336 1880 264 91 29406 55 806 840 106 4674 194
internal_value=-0.000134403 0.00192973 0.000404608 0.00480651 -0.00153875 0.00954837 0.00263059 -0.000733834 0.00270201 0.000677268 -0.00108632 0.00518458 -0.00130471 0.0174817
internal_weight=2435.39 541.449 454.533 140.671 313.863 86.9151 42.6738 1893.94 171.024 153.15 1722.92 54.1388 1668.78 17.8742
internal_count=42668 4289 3627 1118 2509 662 355 38379 3353 3104 35026 946 34080 249
is_linear=0
shrinkage=0.03


Tree=65
num_leaves=15
num_cat=0
split_feature=8 23 16 8 4 17 6 21 22 19 21 21 6 10
split_gain=4.72088 4.98385 3.5819 6.98346 4.71955 3.96985 3.53801 3.53242 3.27472 2.94033 2.40609 1.33055 1.23626 0.689434
threshold=-0.47369154384519857 -0.061567639559007008 0.97979591836734703 3.1564045971918957 2.0898683336899562 -0.011178927037685469 -0.97926953303690911 0.011604728173246134 1.0000000180025095e-35 0.0048708526735336656 0.011088361322112383 0.039347721591270805 0.43857947340519737 1.5510770134121514
decision_type=2 2 2 2 2 2 2 2 2 2 2 2 2 2
left_child=1 11 3 6 5 -4 -2 9 -9 -3 -5 12 -1 -6
right_child=2 7 4 10 13 -7 -8 8 -10 -11 -12 -13 -14 -15
leaf_value=-0.016685233828859999 0.0064513690573912629 -0.0034630525492210262 -0.013310998323597381 0.020098226921852608 0.0023245718294418981 -0.0017897249821356665 0.00084565126571361246 -0.015136494725847537 -0.0029152254742820663 0.0020519106919373526 0.0020141255946904192 0.0046792497390281112 0 0.01902992833183725
leaf_weight=27.43544404767454 107.76254731602967 129.61310253292322 35.05946733802557 22.334608014672995 7.2136774808168393 117.27133091725409 1567.2033374784514 24.406525740399957 105.85782649833709 253.38598055858165 12.486122116446493 1.3684199694544066 3.3655898310244075 6.3026972077786922
leaf_count=881 1319 3165 372 124 41 1203 25102 762 2745 6359 76 35 111 42
internal_value=0.000383371 -0.00205888 0.001103 0.00151793 -0.00305244 -0.00467672 0.00122252 -0.00128262 -0.00551269 0.000138302 0.0144826 -0.0132052 -0.0146939 0.0125298
internal_weight=2421.07 545.433 1875.63 1709.79 165.847 152.331 1674.97 513.263 130.264 382.999 34.8207 32.1695 30.801 13.5164
internal_count=42337 14058 28279 26621 1658 1575 26421 13031 3507 9524 200 1027 992 83
is_linear=0
shrinkage=0.03


Tree=66
num_leaves=15
num_cat=0
split_feature=8 12 6 16 16 21 21 17 16 21 6 12 22 18
split_gain=4.40394 4.11171 2.77268 5.91437 3.547 2.52554 2.6251 2.45751 3.01837 2.37647 2.32373 3.8044 2.45979 1.68548
threshold=-0.47369154384519857 -0.56352207650462782 -0.037116355364795107 0.16163265306122451 0.97979591836734703 0.011566039237911252 0.007108309953295461 0.034551093974205867 0.83836734693877568 0.007255860988899761 0.11056116577462229 1.7320080275898844 1.0000000180025095e-35 0.026817262859412331
decision_type=2 2 2 2 2 2 2 2 2 2 2 2 2 2
left_child=1 5 3 9 -5 6 -1 8 -3 -2 11 -4 -12 -7
right_child=2 7 10 4 -6 13 -8 -9 -10 -11 12 -13 -14 -15
leaf_value=-0.0055005906094433331 -0.015438044231173781 -0.0053398586038764639 -0.0013817508311500032 0.0037350487108527681 -0.0031135339640662729 3.247658991745012e-05 0.0074177042335707329 0.0019625533126215551 0.0048685245965088206 -0.002285583865977942 0.0045803372788652688 -0.0150526768565276 0 -0.011944504728433013
leaf_weight=14.254540849477051 13.728417890146373 317.35232706088573 200.98644549958408 744.83167341910303 70.977269638329744 34.649615168571472 79.230819313786924 57.470635544508696 25.309012613259256 86.213408153504133 123.81171726342291 18.756307806819677 619.33188935089856 11.851778253912924
leaf_count=349 257 8529 3326 10817 771 985 1753 1486 607 1462 1933 176 9537 349
internal_value=0.000386786 -0.00198619 0.00107839 0.00225857 0.00311471 0.00235145 0.00521689 -0.00354517 -0.00451847 -0.00450684 -3.08145e-05 -0.00274153 0.000755804 -0.00307749
internal_weight=2418.76 540.119 1878.64 915.751 815.809 139.987 93.4854 400.132 342.661 99.9418 962.886 219.743 743.144 46.5014
internal_count=42337 14058 28279 13307 11588 3436 2102 10622 9136 1719 14972 3502 11470 1334
is_linear=0
shrinkage=0.03


Tree=67
num_leaves=15
num_cat=0
split_feature=8 16 18 8 19 2 5 11 1 20 5 2 12 5
split_gain=4.53932 3.49377 4.99096 4.63359 4.71063 3.29853 2.59786 2.20637 1.75547 3.204 2.78067 2.82807 2.52254 1.48637
threshold=0.71203734368093574 0.97979591836734703 0.083853973704543963 3.1564045971918957 0.0050986683315357561 -0.33383103432606626 0.83836734693877568 0.06394557823129253 0.18183673469387759 0.0065879445481492613 0.30306122448979594 0.16765878146600779 -0.36922175013334269 0.21204081632653063
decision_type=2 2 2 2 2 2 2 2 2 2 2 2 2 2
left_child=8 3 7 4 -2 -4 -5 -3 9 13 -10 -12 -11 -1
right_child=1 2 5 6 -6 -7 -8 -9 10 12 11 -13 -14 -15
leaf_value=0.0099928860166266405 0.0057048482903588101 0.0093883920044692658 -0.0021213078156097423 0.016707382081108915 0.00046754840668642122 0.022242725731805291 -0.0027570574283657325 -0.0048984399777204325 -0.0036094122282595061 0.0024884184224417245 0.0014363699720236021 -0.0017453159173158516 -0.0046976458511104368 0.0020830857621864222
leaf_weight=44.1322983764112 250.29760576784611 8.0163303948938829 6.3036510702222612 30.505312040448189 418.42313161119819 9.9285742640495283 5.4301359057426444 129.4506618604064 285.24094610940665 91.846623688936234 469.47444875910878 533.41197517421097 79.158157447353005 53.710894078016281
leaf_count=857 2395 86 67 170 3959 62 30 1281 6556 1666 10247 12361 1532 1068
internal_value=0.000422625 0.00217506 -0.0018443 0.00307573 0.00246136 0.0127636 0.0133804 -0.00383507 -0.000535415 0.00164049 -0.00100302 -0.000241073 -0.000767162 0.00592975
internal_weight=2415.33 858.355 153.699 704.656 668.721 16.2322 35.9354 137.467 1556.98 268.848 1288.13 1002.89 171.005 97.8432
internal_count=42337 8050 1496 6554 6354 129 200 1367 34287 5123 29164 22608 3198 1925
is_linear=0
shrinkage=0.03


Tree=68
num_leaves=15
num_cat=0
split_feature=9 16 4 0 8 7 0 11 0 4 23 23 23 8
split_gain=5.11909 3.28504 4.91038 6.29314 4.55564 2.70635 2.27882 2.09245 1.7629 2.54817 2.70902 1.83875 1.81134 2.50658
threshold=0.76775510204081643 0.97979591836734703 1.6776428318284815 1.9724225487230422 3.1564045971918957 0.060612244897959189 -2.315089747011605 0.9900000000000001 -0.089894729014485489 -0.1150889214184434 0.11377175475099778 -0.029526616274857472 -0.048920093163436144 -0.57570544846333049
decision_type=2 2 2 2 2 2 2 2 2 2 2 2 2 2
left_child=8 4 7 -4 5 -2 -6 -3 9 11 -11 -1 13 -10
right_child=1 2 3 -5 6 -7 -8 -9 12 10 -12 -13 -14 -15
leaf_value=0.0028987563262008551 0.0068949322985487156 -0.0055847602679198281 0.023130742417624472 -0.0050740761975826701 -0.00093357965969126161 0.0015924146650731525 0.016321972047052699 0.0072262702430236376 -0.013021975961794214 0.0018034305158921291 0.015305925093184059 -0.0020309399039169945 -0.0012093396477709888 -0.0017822496749183609
leaf_weight=80.039344620890915 100.26766970008612 117.86190964095294 12.635357514023783 11.384183969348667 6.4785408154129973 709.67407491989434 29.978013783693314 9.9981095232069475 28.091722098179162 255.44616812933236 12.657317437231539 358.63620340079069 621.65462788194418 55.58486015163362
leaf_count=1798 1002 1292 69 90 41 7508 159 76 960 5136 186 7715 14984 1321
internal_value=0.000408587 0.00205478 -0.00193063 0.00982394 0.00279048 0.00228269 0.0129764 -0.00437162 -0.000745828 0.00029489 0.00260504 -0.00108837 -0.00180777 -0.0059466
internal_weight=2410.39 998.278 151.88 24.0195 846.398 809.942 36.4566 127.86 1412.11 706.779 268.103 438.676 705.331 83.6766
internal_count=42337 10237 1527 159 8710 8510 200 1368 32100 14835 5322 9513 17265 2281
is_linear=0
shrinkage=0.03


Tree=69
num_leaves=14
num_cat=0
split_feature=2 6 16 12 2 18 17 6 23 15 6 16 16
split_gain=2.75499 4.17237 3.75552 3.55335 2.55219 5.97075 4.04202 2.30839 5.00143 1.58763 0.867182 0.806275 0.304015
threshold=-2.0918429289774978 -3.7961717301312761 0.97979591836734703 1.0000000180025095e-35 1.4278315564958513 0.10738420472684453 0.0084672293851539866 -0.97926953303690911 -0.013888667088360561 0.35416666666666669 -1.2328883284321315 0.9900000000000001 0.59591836734693893
decision_type=2 2 2 2 2 2 2 2 2 2 2 2 2
left_child=1 11 3 -3 7 6 -6 8 -2 -9 -4 -1 -7
right_child=4 2 10 -5 5 12 -8 9 -10 -11 -12 -13 -14
leaf_value=-0.017336527286539952 0.011323054632483382 0.0015692715492630204 0.00057149388701778329 0.017097591216344802 0.005268796447905363 0.027028062788730274 -0.0017516467558680235 0.0014152309245292253 -0.00092343936200419026 -0.00081874071091742398 -0.01479146504015392 0 0.0053177517780843174
leaf_weight=5.1097184456884852 46.68222620524466 24.784368004649878 2.8696361891925335 35.394000004976988 148.24422999192029 7.4286531247198564 139.32385552302003 344.65702342242002 72.463484732434154 1566.4770534792915 4.8028013464063397 2.7922225575894117 3.9878713823854923
leaf_count=55 544 236 40 244 1592 47 1453 5671 970 31341 59 41 44
internal_value=0.000421666 0.00598472 0.00856882 0.0111997 0.00022933 0.0028099 0.00182705 -0.000145702 0.00385873 -0.000406964 -0.00856459 -0.0119381 0.0224857
internal_weight=2405.02 75.7527 67.8508 60.1784 2329.26 298.985 287.568 2030.28 119.146 1911.13 7.67244 7.90194 11.4165
internal_count=42337 675 579 480 41662 3136 3045 38526 1514 37012 99 96 91
is_linear=0
shrinkage=0.03


Tree=70
num_leaves=15
num_cat=0
split_feature=13 21 13 20 6 0 13 21 13 9 7 6 9 6
split_gain=3.20659 4.53526 4.34456 3.87132 5.37568 4.64822 2.78101 4.21887 2.97938 2.6422 2.78676 2.73219 2.55735 1.6792
threshold=0.80816326530612259 0.008100909476374216 0.78795918367346951 0.017840759613010241 -0.30381125678795351 -1.5195105063624013 0.77664399092970526 0.010412422339359751 0.080816326530612256 0.96888888888888902 0.06394557823129253 0.51846345913593972 0.83836734693877568 0.40437701213420946
decision_type=2 2 2 2 2 2 2 2 2 2 2 2 2 2
left_child=2 9 6 4 -3 -5 8 -8 -1 11 -11 -2 -4 -14
right_child=1 3 12 5 -6 -7 7 -9 -10 10 -12 -13 13 -15
leaf_value=0.0029658263043122689 0.0056028219938472875 0.0081286988173198422 -0.0029595367701428362 -0.014152086681643156 -0.00022189971067807388 -0.00093265035083410931 0.013282639976720684 -0.0029803970938324697 -0.001082492628265956 -0.0031106365427836071 0.015061564964040977 -0.0049661116949335071 -0.022446485059984617 0
leaf_weight=181.18463050667197 104.20644406042993 100.47832243517041 30.156660332344472 25.993308940902352 204.37106706667691 192.55005665123463 30.375702682882547 22.487984834238887 1438.8971213493496 6.9602261632680884 39.630343820899725 24.643019219860435 13.750029534101488 4.577036701142787
leaf_count=3443 1445 1013 655 272 2655 2521 463 410 29035 80 288 319 139 39
internal_value=3.32531e-05 0.00175006 -0.000656222 0.00031331 0.00251661 -0.00268705 -0.000384738 0.00623456 -0.000617396 0.00589996 0.0120218 0.00342182 -0.00934038 -0.0177777
internal_weight=2420.26 698.833 1721.43 523.393 304.849 218.543 1672.95 52.8637 1620.08 175.44 46.5906 128.849 48.4837 18.3271
internal_count=42777 8593 34184 6461 3668 2793 33351 873 32478 2132 368 1764 833 178
is_linear=0
shrinkage=0.03


Tree=71
num_leaves=15
num_cat=0
split_feature=13 18 2 13 2 12 21 18 1 0 4 9 2 1
split_gain=3.27296 5.04041 4.65034 3.81056 4.54684 5.31088 3.72653 5.56801 3.15181 3.06093 2.54525 2.01265 1.86011 1.00542
threshold=0.80816326530612259 0.10738420472684453 -1.4458338767803574 0.78795918367346951 2.2813953011387933 -0.34993891791721549 0.032163462254552057 -0.020119984595169723 0.46969387755102049 2.4902484427957536 0.47288184227700542 0.83836734693877568 -0.22658403179284867 0.59591836734693893
decision_type=2 2 2 2 2 2 2 2 2 2 2 2 2 2
left_child=3 6 -3 4 9 -6 7 -2 -8 -1 -4 13 -13 -5
right_child=1 2 10 11 5 -7 8 -9 -10 -11 -12 12 -14 -15
leaf_value=-0.00084822009592335846 0.008492218435515007 0.0080122171170670317 -0.027382725946983669 -0.0076110189729341913 -0.0058386705946996513 0.015572487729688163 0.00058266242155824389 0.0012742561119197921 -0.022061315280180176 0.010906824466346676 0 -0.00062102640753739977 -0.023097889669345555 0.0024161441803889462
leaf_weight=1609.6635666061193 117.20708813332021 4.8489097058773067 10.548297913745044 17.385385438799862 12.841903820633886 30.504068804904819 9.0907566789537686 546.53155912272632 8.3260093685239536 18.037693342193961 2.8772977953776708 6.4649307709187296 11.308272376656531 12.349547520279883
leaf_count=32748 1391 50 183 375 145 245 100 6694 126 213 49 71 107 280
internal_value=1.81666e-05 0.00175138 -0.0128974 -0.000679727 -0.000426758 0.00892058 0.00220295 0.00259306 -0.0106271 -0.000695525 -0.0214814 -0.00889797 -0.0165704 -0.00308404
internal_weight=2417.99 699.43 18.2745 1718.56 1671.05 43.346 681.155 663.739 17.4168 1627.7 13.4256 47.5081 17.7732 29.7349
internal_count=42777 8593 282 34184 33351 390 8311 8085 226 32961 232 833 178 655
is_linear=0
shrinkage=0.03


Tree=72
num_leaves=15
num_cat=0
split_feature=8 21 23 21 12 23 23 18 16 22 18 17 7 8
split_gain=2.3544 3.77449 5.02228 3.49683 2.25742 2.73087 2.51124 3.29694 2.26903 2.20044 2.36575 2.19006 1.53193 1.11732
threshold=-0.48169121743493271 0.011484256079876397 -0.058980279050290456 0.00944986792390963 -0.5700833779033696 0.07209441245837446 0.055727381271716621 0.065067673285473596 0.10657596371882087 1.0000000180025095e-35 -0.026284062605672395 0.039765647226320595 0.12789115646258506 -0.70819975904124666
decision_type=2 2 2 2 2 2 2 2 2 2 2 2 2 2
left_child=1 2 -1 -4 5 11 12 -8 -7 13 -11 -2 -6 -3
right_child=4 9 3 -5 6 8 7 -9 -10 10 -12 -13 -14 -15
leaf_value=-0.017752737480213696 -0.0051417035625738626 -0.015163309095640475 -0.0016776692471204009 0.0043438675495809497 0.0034761120960353263 0.013599217927870505 -0.00045695600351700055 -0.011620978548915006 -0.002440676417322893 0.0067569053479080883 -0.00504710314055558 0.0037669041639177389 0.00095179337042942643 -0.0022152328293213773
leaf_weight=11.949365294538437 155.26176952570677 26.939894373528659 223.84358192700893 137.71456485800445 282.94481531716883 14.355371257290246 325.25985231157392 24.072999173775315 11.898397058248518 15.227456260472534 99.466266458854079 25.999670747667551 1047.9461530093104 12.267450179904698
leaf_count=413 2767 910 5782 3368 3411 199 4974 377 195 404 2753 443 16380 401
internal_value=3.18172e-05 -0.00172979 -5.22724e-05 0.000585906 0.000533234 -0.00238466 0.00090493 -0.00133075 0.00614073 -0.0056519 -0.00326244 -0.00375486 0.00150412 -0.0117802
internal_weight=2415.15 527.409 373.508 361.558 1887.74 207.515 1680.22 349.333 26.2538 153.901 114.694 181.261 1330.89 39.2073
internal_count=42777 14031 9563 9150 28746 3604 25142 5351 394 4468 3157 3210 19791 1311
is_linear=0
shrinkage=0.03


Tree=73
num_leaves=15
num_cat=0
split_feature=13 18 21 18 1 4 13 23 7 4 23 12 18 4
split_gain=2.61862 3.85789 3.45333 4.9172 3.10215 3.00866 2.91926 6.43219 2.6252 2.46166 3.2811 3.05065 1.59596 0.879655
threshold=0.80816326530612259 0.10666210311532788 0.032163462254552057 -0.020119984595169723 0.46969387755102049 -1.4645953942074985 0.080816326530612256 0.072860437626275157 0.59591836734693893 0.5973467940744992 -0.056817630518163569 -0.35320334968851991 0.021767301159020484 0.47288184227700542
decision_type=2 2 2 2 2 2 2 2 2 2 2 2 2 2
left_child=6 2 3 -2 -4 -3 7 8 -1 11 -11 -8 -9 -7
right_child=1 5 4 -5 -6 13 9 12 -10 10 -12 -13 -14 -15
leaf_value=-0.0028649175716755886 0.0078829860635573606 0.0074318543289193222 0.00042801150475552075 0.0011240763120323708 -0.022154466253701807 -0.019988627980698392 -0.00030697578693632553 0.0052526000991986975 0.0050888094938199221 -0.0082974525694211217 0.0016099958136205894 -0.0035200617826446397 0.021444715392740822 0
leaf_weight=90.494870322756469 118.21595264226198 4.0524590276181724 9.2841259669512528 548.20547788497061 7.9390375958755603 12.230138402432202 594.11216321215034 14.630548631772401 60.264345644041896 30.1871616281569 405.99694400653243 497.35566515289247 16.208277236670256 3.4057019129395476
leaf_count=1829 1391 40 100 6667 126 212 12258 228 1185 776 7991 9716 201 57
internal_value=3.96348e-05 0.0015836 0.00199195 0.00236547 -0.0104231 -0.0107801 -0.00058803 0.00296673 0.000241303 -0.00102373 0.000855353 -0.00178858 0.0150074 -0.0166582
internal_weight=2412.58 703.333 683.645 666.421 17.2232 19.6883 1709.25 181.598 150.759 1527.65 436.184 1091.47 30.8388 15.6358
internal_count=42777 8593 8284 8058 226 309 34184 3443 3014 30741 8767 21974 429 269
is_linear=0
shrinkage=0.03


Tree=74
num_leaves=14
num_cat=0
split_feature=2 19 19 20 19 13 21 21 9 13 23 10 7
split_gain=2.41652 2.99746 3.33443 8.2875 5.06055 2.61793 3.31857 6.09795 5.18447 3.27073 5.35419 1.96222 0.709377
threshold=1.3308131038863158 0.0024195445814382201 0.0048504852479549958 -0.0010326172672640019 0.0062158212445232496 0.80816326530612259 0.008100909476374216 0.01170508312610706 0.96888888888888902 0.080816326530612256 0.072860437626275157 -1.8213261780095718 0.85857142857142865
decision_type=2 2 2 2 2 2 2 2 2 2 2 2 2
left_child=5 12 3 -3 -4 9 8 -8 -7 10 -1 -11 -2
right_child=1 2 4 -5 -6 6 7 -9 -10 11 -12 -13 -14
leaf_value=0.00019999671651435699 0 -0.0058896828735730761 -0.0044433324436087378 0.012784731663473936 0.0047075665544176687 0.0021263714481273358 -0.0028734666127536159 0.0044647580051252172 0.016642015116128901 -0.011002809843152704 0.013698097795362707 -0.0013054591223108584 -0.016734048384482256
leaf_weight=138.67061627469957 4.9186673648655397 27.31449409853667 90.301391859538853 72.86073639895767 128.65366424620152 99.520982218906283 245.52464948035777 171.04657111503184 28.117186184972525 17.56658742018044 31.42326289974153 1347.9119772203267 6.3804861772805452
leaf_count=2841 38 362 986 767 1459 1456 3329 2175 226 358 426 28299 55
internal_value=5.20238e-05 0.00243248 0.00303415 0.00753041 0.000859609 -0.000320943 0.00145263 0.000110751 0.00564712 -0.000960328 0.00291102 -0.00145709 -0.0113338
internal_weight=2410.21 330.429 319.13 100.175 218.955 2079.78 544.209 416.571 127.638 1535.57 170.094 1365.48 11.2992
internal_count=42777 3667 3574 1129 2445 39110 7186 5504 1682 31924 3267 28657 93
is_linear=0
shrinkage=0.03


Tree=75
num_leaves=15
num_cat=0
split_feature=12 4 18 2 10 21 8 10 18 21 8 21 10 2
split_gain=2.88311 3.57717 2.85649 4.74914 3.28846 4.28531 3.94384 2.68171 2.59302 2.28633 3.96733 3.2469 2.25737 2.0858
threshold=-0.04380142603278802 2.0898683336899562 0.10396631312486372 1.3625540966482939 1.0489775273224917 0.013364882376962197 0.98735722896709655 0.008804604525601941 -0.0047477430073212803 0.0069573554748522488 1.8609275936141219 0.01170508312610706 0.18526922449315528 0.41053978083293369
decision_type=2 2 2 2 2 2 2 2 2 2 2 2 2 2
left_child=2 9 4 13 6 -6 -1 -5 -3 10 -2 -11 -10 -4
right_child=1 8 3 7 5 -7 -8 -9 12 11 -12 -13 -14 -15
leaf_value=-0.0011707023466091969 0.00091338888988507655 0.023011153379895607 0.0046777883297875779 0.032023224710625686 0.00031082235077138052 0.01188037077816635 -0.007020801099600152 0 -0.009018989580236992 -0.00095722904792830041 0.014890945384578951 0.0031634118704816855 0.0102412330325501 -0.0076828276941938297
leaf_weight=1095.5155263971537 60.965059787034988 9.5250741429626959 41.414924366399646 6.2055314704775792 183.90975070651621 32.885468007996678 114.61705637164414 4.5303792990744114 5.9401238430291441 515.36882017645985 26.024824593216181 254.34712035953999 13.557739598676561 14.739505133591591
leaf_count=24409 977 70 770 42 3209 579 1253 50 61 6955 217 3378 104 352
internal_value=-2.60297e-05 0.00132185 -0.000835953 0.00509416 -0.00113118 0.00222691 -0.00174784 0.0217071 0.0113762 0.000938061 0.00550431 0.00038964 0.00338259 0.00102278
internal_weight=2379.55 885.729 1493.82 66.8903 1426.93 216.795 1210.13 10.7359 29.0229 856.706 86.9899 769.716 19.4979 56.1544
internal_count=42426 11762 30664 1214 29450 3788 25662 92 235 11527 1194 10333 165 1122
is_linear=0
shrinkage=0.03


Tree=76
num_leaves=15
num_cat=0
split_feature=13 21 1 17 6 3 12 20 13 21 21 20 1 9
split_gain=2.89235 4.31395 3.69204 5.12721 3.31626 6.00548 3.89276 3.40926 3.39355 2.87036 2.60656 3.51376 3.16064 1.82559
threshold=0.77664399092970526 0.0072411495834906461 0.83836734693877568 0.036878931604569794 0.33749395726101949 0.94777777777777794 0.054029331824365333 0.041142465435640159 0.67673469387755114 0.0063591579074228572 0.032163462254552057 -0.0092946008030544407 0.1705215419501134 0.93938775510204098
decision_type=2 2 2 2 2 2 2 2 2 2 2 2 2 2
left_child=4 2 13 -4 5 9 8 -7 -6 -1 11 -3 -12 -2
right_child=1 10 3 -5 6 7 -8 -9 -10 -11 12 -13 -14 -15
leaf_value=-0.0062142910711686277 -0.00059849616600423457 0.0043389854933158067 0.0192176518388519 -0.0088208688352871874 -0.004870256872585679 0.012034522118942292 -0.021646152008958162 -0.0031452518592750621 0.0050570995767242237 -0.00028983671038484667 0.0077457476049411778 -0.00044164314182537395 -0.017012176008656923 0.0093708467618009682
leaf_weight=76.956572072580457 46.304925622418523 189.90605314914137 31.273730089887977 5.097765462473034 174.93025581631809 51.785024352371693 9.2504065167158824 14.858167011290787 34.462860465981066 1225.3388183861971 4.294450934976342 479.88691693451256 13.509080816060303 21.658678881824017
leaf_count=1632 764 2372 297 65 4099 607 163 187 639 24949 42 6217 201 192
internal_value=-1.19953e-05 0.00146032 0.00709668 0.014642 -0.000756778 -0.000194854 -0.00417337 0.00843862 -0.00313302 -0.000660423 0.000565211 0.00090036 -0.0101037 0.0025412
internal_weight=2379.51 791.932 104.335 36.3715 1587.58 1368.94 218.644 66.6432 209.393 1302.3 687.597 669.793 17.8035 67.9636
internal_count=42426 10150 1318 362 32276 27375 4901 794 4738 26581 8832 8589 243 956
is_linear=0
shrinkage=0.03


Tree=77
num_leaves=15
num_cat=0
split_feature=12 4 0 21 19 18 2 12 21 11 20 2 4 2
split_gain=2.60611 4.45926 4.38018 5.04376 3.32888 2.94957 4.98143 3.3601 3.56756 3.07985 2.55258 2.21343 2.06324 1.8926
threshold=-0.04380142603278802 2.0898683336899562 2.7091756204965196 0.0072793963440593752 0.0051397329812739962 0.10396631312486372 1.3625540966482939 -0.37896268334043343 0.0072411495834906461 0.53197278911564638 0.017124829825652669 2.7679377406547556 0.5973467940744992 0.41053978083293369
decision_type=2 2 2 2 2 2 2 2 2 2 2 2 2 2
left_child=5 2 10 -4 11 7 13 8 -1 -8 -2 -3 -9 -7
right_child=1 4 3 -5 -6 6 9 12 -10 -11 -12 -13 -14 -15
leaf_value=-0.0050287510119008585 0.0028410872808317354 0.011399938628577522 0.0088345403111113451 -0.017692890061827095 0.019255701260528009 0.0044160723765539825 0.032499454880270548 -0.0040941599807340365 0.00080167548956439647 0 -0.00045165209749417173 -0.013356905742896899 0 -0.0074854654497674249
leaf_weight=105.63610855489969 440.52542269881815 3.873160073533656 6.7603455167263773 20.61535020917654 19.065172865986824 41.915215685032308 6.6112015508115274 387.57204046659172 764.74520935770124 4.6663803793489933 392.78207391500473 4.9488228876143694 163.13515206985176 14.150231848470865
leaf_count=2260 5797 32 62 191 166 770 40 8094 15812 52 5477 37 3284 352
internal_value=-2.08299e-06 0.00127556 0.000859194 -0.0104759 0.0127066 -0.000775568 0.00523194 -0.00107775 6.69497e-05 0.0218231 0.00127372 -0.00100362 -0.00290775 0.000999575
internal_weight=2377 888.57 860.683 27.3757 27.8872 1488.43 67.343 1421.09 870.381 11.2776 833.307 8.82198 550.707 56.0654
internal_count=42426 11762 11527 253 235 30664 1214 29450 18072 92 11274 69 11378 1122
is_linear=0
shrinkage=0.03


Tree=78
num_leaves=15
num_cat=0
split_feature=12 18 2 12 18 17 7 10 7 6 11 20 6 7
split_gain=2.28619 2.91611 4.53201 2.97528 2.81739 5.24765 7.50464 3.74106 3.08379 3.3321 2.8129 2.34447 2.14282 1.91343
threshold=-0.04380142603278802 0.10396631312486372 1.3625540966482939 -0.37896268334043343 0.0003248104072657299 -0.0056726743768749635 0.7055555555555556 -0.39610254032931058 0.12789115646258506 -0.061102248011922634 0.53197278911564638 0.050085093688953315 -0.0418884179188325 0.1705215419501134
decision_type=2 2 2 2 2 2 2 2 2 2 2 2 2 2
left_child=1 3 13 11 8 6 -6 -7 -2 -10 -4 -1 -5 -3
right_child=4 2 10 12 5 7 -8 -9 9 -11 -12 -13 -14 -15
leaf_value=-0.00067820643948563147 0.0098125664966057808 -0.0095050060635156822 0.031047240848157534 -0.00072312233818968565 0 -0.0017827609018194967 -0.016978549076006128 0.0032811468707122449 -0.0043075840388208976 0.0044232175170722601 0 0.0032980204324175562 -0.0045622274155400436 0.0039569510957108535
leaf_weight=710.120431647636 59.539211551658809 9.5360901784151775 6.7635706365108472 262.63584811147302 64.352986674755812 208.9750827299431 34.583914331160486 335.94948724191636 52.136404663324356 133.57559057883918 4.7578019574284554 162.07218037545681 283.91433950606734 46.299816900864244
leaf_count=15121 632 150 40 5219 859 2869 491 4419 733 1759 52 2951 6159 972
internal_value=0 -0.000721273 0.00525245 -0.00102244 0.0012001 0.000130184 -0.00612921 0.00131233 0.00392451 0.00187246 0.020917 4.93584e-05 -0.00275412 0.00114928
internal_weight=2375.21 1486.1 67.3573 1418.74 889.113 643.861 98.9369 544.925 245.251 185.712 11.5214 872.193 546.55 55.8359
internal_count=42426 30664 1214 29450 11762 8638 1350 7288 3124 2492 92 18072 11378 1122
is_linear=0
shrinkage=0.03


Tree=79
num_leaves=15
num_cat=0
split_feature=13 4 0 20 12 6 2 18 20 13 20 12 4 18
split_gain=2.67945 4.32521 3.17366 2.86091 2.83089 2.67342 6.64189 3.63894 2.97729 2.47801 2.47736 2.43159 2.26585 1.73887
threshold=0.77664399092970526 2.0898683336899562 2.7091756204965196 0.056324707638432565 0.40072700226336 0.33749395726101949 1.4278315564958513 0.072214816982619348 0.041142465435640159 0.85857142857142865 0.06953384306651246 0.042127576853082722 0.65788791111855327 0.017437292863801249
decision_type=2 2 2 2 2 2 2 2 2 2 2 2 2 2
left_child=5 2 4 -4 -2 6 10 11 -8 -3 -1 -7 -9 -11
right_child=1 9 3 -5 -6 7 8 12 -10 13 -12 -13 -14 -15
leaf_value=-0.0011457796716897381 0.0043790033187362607 -0.0026423721366628217 -0.013624517309197238 0.0090839271114359493 0.00019295202776799857 -0.0043936829733322953 0.010819346463856471 0.014492992007716707 -0.0017057105155707584 0.025698219503295133 0.0040152342107750219 -0.020015176944255759 -0.0011599500846473662 0.0048457743176014544
leaf_weight=1192.631747235544 200.92394191212952 4.9109264835715321 21.141429403796796 4.0298953372985116 543.39299693703651 178.08241579402238 65.38243936188519 12.274144319817426 19.6136285495013 10.445151854306461 87.048978343605995 8.4232348790392262 15.630035964772103 9.658966572955249
leaf_count=24779 3155 69 207 36 6539 4149 758 254 238 76 1600 172 326 68
internal_value=-4.6769e-06 0.00140788 0.000969974 -0.00903584 0.00135176 -0.000725759 -0.000222485 -0.00382803 0.00778388 0.0132539 -0.000777286 -0.00538365 0.00573248 0.0177033
internal_weight=2373.59 794.503 769.488 25.1713 744.317 1579.09 1364.68 214.41 84.9961 25.015 1279.68 186.506 27.9042 20.1041
internal_count=42426 10150 9937 243 9694 32276 27375 4901 996 213 26379 4321 580 144
is_linear=0
shrinkage=0.03


Tree=80
num_leaves=15
num_cat=0
split_feature=10 4 8 8 18 20 8 18 18 5 16 1 12 14
split_gain=4.07898 2.91205 3.25726 2.82002 3.03047 3.90995 3.13654 2.70213 2.52698 2.31888 3.28675 1.91375 1.70495 1.60566
threshold=-0.89953656808264715 0.29507369197136618 3.4168724943557662 0.59215305192190903 -0.083170437402188976 -0.022177458733718288 1.1586787882028358 -0.083170437402188976 0.0046861215907410001 0.080816326530612256 0.71714285714285719 0.9191836734693879 -0.28145202695946209 0.55000000000000016
decision_type=2 2 2 2 2 2 2 2 2 2 2 2 2 2
left_child=1 9 8 7 6 -6 -5 12 -3 10 -1 -11 -2 -9
right_child=3 2 -4 4 5 -7 -8 13 -10 11 -12 -13 -14 -15
leaf_value=-0.00026157049604181855 -0.014398463547798158 0 -0.018089993689686546 -0.0023370494592695316 -0.0045377514031108498 0.0013426198832409237 0.015481489315455513 -0.0030190578764167542 0.0085355892122194292 -0.0010093148551797008 0.017518177649747228 0.012069019464537919 -0.0014078922086823013 -0.00051515969670921599
leaf_weight=17.674571167677641 22.089487637393177 43.464170467108488 2.8697633855044833 11.172869605943559 120.14933471381664 597.71970263682306 22.41787189245224 333.5800340808928 121.63706167973578 235.11897215154022 14.596691332757471 8.4367229770868999 19.941122945398092 805.02082866895944
leaf_count=325 676 723 19 146 1193 5941 173 7835 1703 3868 144 90 493 19260
internal_value=-4.56684e-05 0.0025345 0.00563417 -0.000648093 0.000773965 0.000327716 0.00933499 -0.00156568 0.00634789 0.000565931 0.00789576 -0.000400588 -0.00891976 -0.00126589
internal_weight=2375.89 443.798 167.971 1932.09 751.46 717.869 33.5907 1180.63 165.101 275.827 32.2713 243.556 42.0306 1138.6
internal_count=42589 6872 2445 35717 7453 7134 319 28264 2426 4427 469 3958 1169 27095
is_linear=0
shrinkage=0.03


Tree=81
num_leaves=13
num_cat=0
split_feature=13 17 4 12 14 3 3 21 8 12 12 20
split_gain=2.5665 4.0473 5.22967 5.32284 4.28781 5.04509 4.14037 3.12804 2.37504 2.22254 3.07563 2.9546
threshold=0.80816326530612259 -0.005433452898763679 -0.20191978291774865 0.25001909970375796 0.91666666666666685 0.48989795918367351 0.95959183673469395 0.00944986792390963 3.1564045971918957 -0.37896268334043343 -0.28145202695946209 0.017840759613010241
decision_type=2 2 2 2 2 2 2 2 2 2 2 2
left_child=8 2 7 -4 6 -6 -3 -2 9 11 -11 -1
right_child=1 4 3 -5 5 -7 -8 -9 -10 10 -12 -13
leaf_value=-0.0014917063261434018 0.0095014779041343624 0.0012434451329085363 0.012195643957331314 -0.0084122162425498605 -0.0011190714175590725 0.0084996459025176822 -0.014351656219138054 -0.0012818599302606732 0.019899436461612626 -0.0048904139258730073 -0.00066911756251283796 0.0019111738523555502
leaf_weight=443.28868361748755 38.864627315662801 236.09659700188786 10.300111744552849 104.12884388957173 63.878797026351094 173.76385074015707 14.345856333151458 53.60981397330761 2.9866208061575881 223.52288028690964 537.04196364432573 469.46691154036671
leaf_count=9892 457 3392 161 1296 691 1734 147 614 14 5039 10185 8967
internal_value=-3.01858e-05 0.00149342 -0.00196637 -0.00625077 0.0029927 0.00586376 0.000184081 0.00319653 -0.00067183 -0.000741212 -0.00193896 0.000242486
internal_weight=2371.3 694.988 206.903 114.429 488.085 237.643 250.442 92.4744 1676.31 1673.32 760.565 912.756
internal_count=42589 8492 2528 1457 5964 2425 3539 1071 34097 34083 15224 18859
is_linear=0
shrinkage=0.03


Tree=82
num_leaves=15
num_cat=0
split_feature=11 12 9 21 6 19 0 4 11 12 20 3 6 0
split_gain=4.2623 2.78651 3.619 2.74622 2.66848 2.90163 2.29982 2.93453 2.46134 2.99678 2.25942 2.23896 1.8324 1.2785
threshold=0.21204081632653063 -0.0541629683464133 0.9191836734693879 0.011764715314629389 3.0187237611888884 0.006454116380920815 -1.9424959647950255 -2.4027147145446919 0.95959183673469395 2.8006303217971742 0.02503263312682669 0.93938775510204098 -0.23006933482696346 -0.23737167596225825
decision_type=2 2 2 2 2 2 2 2 2 2 2 2 2 2
left_child=1 2 11 -4 5 -3 8 13 9 -2 -9 -1 -10 -8
right_child=6 4 3 -5 -6 -7 7 10 12 -11 -12 -13 -14 -15
leaf_value=0.00045056596815719059 0.010318472297017734 0.0028036064452797065 -0.021747798617249549 0.0021081118863243119 -0.014242884458880658 0.010516101959003248 -0.019062406897027737 -0.0017915679795212898 -0.0075167579618843228 -0.0047602191896238205 0.00038811753088543755 0.0097067168930141962 0.0074679849915914934 0.0011345777175009134
leaf_weight=288.96234694495797 51.499823106452823 137.44420623313636 9.1638897620141488 4.8643418587744227 4.034893197938799 70.493094087578356 9.4704474778845888 986.12830069288611 21.966160142794255 12.436753813177345 737.36410002037883 24.145944138988853 7.9375371076166621 1.6940607056021679
leaf_count=5364 492 1685 102 45 70 900 171 19553 201 133 13445 328 75 25
internal_value=-1.54098e-05 0.00231729 0.000521272 -0.013309 0.0049882 0.00556495 -0.000713152 -0.000968989 0.00378108 0.0071025 -0.000850968 0.00126905 -0.00285028 -0.0151516
internal_weight=2367.61 539.109 327.137 14.0282 211.972 207.937 1828.5 1734.66 93.8403 63.9366 1723.49 313.108 29.9037 11.1645
internal_count=42589 8494 5839 147 2655 2585 34095 33194 901 625 32998 5692 276 196
is_linear=0
shrinkage=0.03


Tree=83
num_leaves=14
num_cat=0
split_feature=11 8 19 19 19 21 1 6 11 21 23 3 15
split_gain=4.10597 3.05703 3.37704 5.14368 4.09816 2.56916 2.7518 1.75232 1.82409 2.80276 1.67095 1.49939 0.391823
threshold=0.21204081632653063 0.67173868216696142 0.0033704395407649491 0.0013969379602967798 0.005573244092477979 0.011566039237911252 0.20704081632653062 3.0187237611888884 0.10657596371882087 0.017036749924786859 0.085233194820269045 0.37256235827664402 0.55000000000000016
decision_type=2 2 2 2 2 2 2 2 2 2 2 2 2
left_child=7 5 3 -3 -4 11 -7 8 10 -10 -1 -2 -9
right_child=1 2 4 -5 -6 6 -8 12 9 -11 -12 -13 -14
leaf_value=0.0013945252981714645 -0.0024708829391575701 0.017226842842844928 0.0047222921617375855 -0.0075577682637309324 -0.00029933673571844378 0.0011619559569723255 -0.0053613812672172172 0 0.0050262760442969763 -0.0077489055571648546 -0.0072033837015220694 0.0001863061479626466 -0.018554218870584956
leaf_weight=255.01074079982936 288.60761432163417 6.2160917818546286 235.51759746484458 69.913643896579742 367.05153050646186 69.843647869303823 255.17855543270707 1.7991675995290268 249.3458994673565 13.833790455944834 19.773487525060773 531.45694914180785 2.2192204147577286
leaf_count=3887 6676 50 2291 664 3466 1460 6924 31 3931 277 326 12564 42
internal_value=-1.85795e-05 -0.000706456 0.000872908 -0.00495291 0.00164771 -0.00165552 -0.00391519 0.00226266 0.00245795 0.00424482 0.000674046 -0.000734335 -0.0135185
internal_weight=2365.77 1823.79 678.699 76.1297 602.569 1145.09 325.022 541.982 537.964 263.18 274.784 820.065 4.01839
internal_count=42589 34095 6471 714 5757 27624 8384 8494 8421 4208 4213 19240 73
is_linear=0
shrinkage=0.03


Tree=84
num_leaves=15
num_cat=0
split_feature=11 8 20 18 17 4 6 18 8 16 4 18 8 6
split_gain=3.97955 2.97559 3.07587 4.06462 3.8925 2.46934 3.24279 3.17983 2.74068 2.51132 2.26178 2.10333 1.7138 1.51515
threshold=0.21204081632653063 0.67173868216696142 -0.022177458733718288 -0.083170437402188976 -0.0051222648858508793 0.3264811249204394 0.20149704786262773 -0.026284062605672395 2.9588964550786105 0.97979591836734703 0.64455164504108076 -0.083170437402188976 -0.18078581186757217 -2.0127986719431417
decision_type=2 2 2 2 2 2 2 2 2 2 2 2 2 2
left_child=5 11 3 -3 -4 8 7 -7 13 -10 -8 12 -2 -1
right_child=1 2 4 -5 -6 6 10 -9 9 -11 -12 -13 -14 -15
leaf_value=0.0089883140637690099 -0.014064186726214258 0.01083600195357106 -0.002088301512194557 -0.0054396508172597519 0.0034061384494471817 -0.0041799013698097997 0.0077767575452934645 0.0098826840621577608 0.018988166107365027 -0.0039244636950967462 -0.0027954151579141339 -0.0013696291455187579 -0.0010315816685727082 -0.00045019163140084173
leaf_weight=14.082402195781468 20.389216799288988 13.392803821712731 158.1939449608326 108.50987342186272 398.80070851929486 14.023032033815978 23.682419771328568 103.22257726080716 11.214936230331658 4.0884396396577349 59.931360879912972 1096.161141609773 20.438774978742003 315.46228935755789
leaf_count=155 709 126 1475 1049 3821 233 370 1378 65 49 936 26489 426 5308
internal_value=-2.01469e-05 -0.000701802 0.000853742 -0.00338442 0.00181692 0.00221501 0.00485316 0.00803306 0.000616029 0.0122539 0.000135517 -0.00164366 -0.00824306 0
internal_weight=2361.59 1815.89 678.897 121.903 556.995 545.707 200.859 117.246 344.848 15.3034 83.6138 1136.99 40.828 329.545
internal_count=42589 34095 6471 1175 5296 8494 2917 1611 5577 114 1306 27624 1135 5463
is_linear=0
shrinkage=0.03


Tree=85
num_leaves=15
num_cat=0
split_feature=8 20 18 18 10 6 18 6 2 20 4 4 18 21
split_gain=3.4203 4.67279 3.77493 3.50689 2.55911 2.08062 2.20847 1.96598 2.52945 3.14801 2.44474 1.85305 1.64381 1.34099
threshold=-0.48169121743493271 0.031349891708224005 0.026817262859412331 -0.083170437402188976 -1.0905416062189237 -0.20017469433461463 0.023447559413555145 3.7302962485099682 1.3308131038863158 0.0059754320089030486 0.9985315680988246 -2.261718363546867 0.11577474705782533 0.010398231230207245
decision_type=2 2 2 2 2 2 2 2 2 2 2 2 2 2
left_child=1 2 3 -1 -4 12 -7 8 11 -10 -9 -2 -3 -12
right_child=7 5 4 -5 -6 6 -8 10 9 -11 13 -13 -14 -15
leaf_value=-0.015610311293662806 -0.0071829243181331789 -0.0033356455504368193 0.001049123069737366 0.00016128595291790704 -0.0093827720092678184 0 0.0079089254867894497 0.0015665746385088788 -0.0013544833872842039 0.0053015790989797097 -0.0032187691429937442 0.00032992278455412345 0.016628505820230361 -0.023320660037050609
leaf_weight=11.73664452973753 28.044023850932717 80.938442423008382 21.643580533564091 144.70971881505102 133.57989464048296 69.318829985335469 57.014265880919993 13.357979612424971 87.623921429738402 201.55021297372878 8.8804971016943437 1498.2481829924509 1.7186705768108357 6.7126372903585425
leaf_count=470 385 1880 427 4295 4168 1570 1241 237 992 2006 116 24844 29 102
internal_value=-6.23292e-05 -0.00221042 -0.00453688 -0.00110934 -0.00783795 0.00119809 0.00364366 0.000537668 0.000672313 0.00323773 -0.00691887 0.000172848 -0.00236031 -0.0143923
internal_weight=2365.08 520.66 311.67 156.446 155.223 208.99 126.333 1844.42 1815.47 289.174 28.9511 1526.29 82.6571 15.5931
internal_count=42762 14080 9360 4765 4595 4720 2811 28682 28227 2998 455 25229 1909 218
is_linear=0
shrinkage=0.03


Tree=86
num_leaves=15
num_cat=0
split_feature=8 18 18 19 21 12 7 3 19 15 8 12 17 3
split_gain=3.08944 3.51909 2.81407 4.33182 2.66564 2.611 2.15264 2.30575 2.18619 1.98409 7.07619 2.25254 0.701111 0.509018
threshold=-0.48169121743493271 -0.083170437402188976 -0.047831859373291867 0.0095835940259106512 0.017309966250734249 -0.5700833779033696 0.89897959183673481 0.95959183673469395 0.0088253672339430652 0.18333333333333338 1.6345306276787073 1.6723811697976856 -0.016326172363085697 0.10602040816326531
decision_type=2 2 2 2 2 2 2 2 2 2 2 2 2 2
left_child=1 12 3 -3 -4 6 8 -8 -2 10 -7 -11 13 -1
right_child=5 2 4 -5 -6 9 7 -9 -10 11 -12 -13 -14 -15
leaf_value=0 -0.0044873144203108721 0.012579281130957994 -0.001766342874885364 -0.01265306962665589 -0.015363640485743794 -0.00073839833825384163 0.014175099604607763 -0.0086113326113014168 0.0073690171963088037 0.0012027466654147946 0.020167598935813727 -0.0018691978408118335 0 -0.019648654463262007
leaf_weight=0.85108377505093713 177.95653904229403 24.528089774772528 458.62906571384519 5.6668709693476549 11.78182897903025 40.892829984426498 11.038720732554792 3.3233507033437482 12.495332112535833 1327.8607148118317 19.500066049396992 251.17502171453089 3.2675625290721646 11.64508118573576
leaf_count=32 3207 673 12237 178 368 580 177 51 231 21761 110 2565 119 473
internal_value=-5.27658e-05 -0.00210492 -0.00159901 0.00688601 -0.00220225 0.000515351 -0.00264354 0.00757753 -0.003563 0.00092187 0.00620155 0.000702863 -0.0153377 -0.0182154
internal_weight=2360.61 516.37 500.606 30.195 470.411 1844.24 204.814 14.3621 190.452 1639.43 60.3929 1579.04 15.7637 12.4962
internal_count=42762 14080 13456 851 12605 28682 3666 228 3438 25016 690 24326 624 505
is_linear=0
shrinkage=0.03


Tree=87
num_leaves=15
num_cat=0
split_feature=9 19 21 19 21 19 8 20 11 21 6 21 13 5
split_gain=2.85947 3.25892 4.59589 4.3178 6.24623 4.45539 3.33739 2.60034 2.21275 3.44195 3.43421 3.40075 2.36595 2.21321
threshold=0.80816326530612259 0.0027653798327476205 0.012109764528371456 0.004785870568979088 0.011428207205324665 0.0037357669776730451 1.1917117947095048 0.0082501760946230868 0.26265306122448989 0.011484256079876397 -0.80998529831195532 0.0089778917645832613 0.97979591836734703 0.73734693877551039
decision_type=2 2 2 2 2 2 2 2 2 2 2 2 2 2
left_child=8 2 7 5 -5 -3 -4 -2 11 12 -11 -1 -10 -13
right_child=1 3 6 4 -6 -7 -8 -9 9 10 -12 13 -14 -15
leaf_value=-0.0028147198373214212 0.013928280408122131 0.00049756606893653472 0 -0.0017515325556631547 0.0047202398528027843 0.0091866494039085297 -0.023059945981268891 -0.0047163560996199647 -0.00030597819792095213 0.0098873843974264953 -0.0050114870888411942 0.0010825546152371192 -0.019536721776692172 0.0069614882414732182
leaf_weight=149.43910473585129 9.1198479197919387 100.9871126273647 7.8055370226502445 395.35637499950826 200.017722543329 120.46864446252584 14.613645067438481 13.857072291895745 722.79294126853347 12.159359631128607 291.85345680266619 237.41805867198855 3.8439261838793746 78.55289339274168
leaf_count=3066 87 981 106 3926 1895 1252 143 147 17318 215 7810 4368 75 1373
internal_value=-5.22099e-05 0.00131524 -0.00627152 0.00176949 0.000406093 0.00533134 -0.0154525 0.00260612 -0.00085103 -0.00163036 -0.00430585 0.000842285 -0.000481642 0.00262587
internal_weight=2358.29 862.226 45.3961 816.83 595.374 221.456 22.4192 22.9769 1496.06 1030.65 304.013 465.41 726.637 315.971
internal_count=42762 8537 483 8054 5821 2233 249 234 34225 25418 8025 8807 17393 5741
is_linear=0
shrinkage=0.03


Tree=88
num_leaves=15
num_cat=0
split_feature=5 0 13 17 17 16 20 1 4 1 20 6 10 21
split_gain=1.97681 3.24681 3.30133 3.67782 3.29009 4.01981 3.57334 1.95235 2.72757 3.03583 1.76552 3.07617 1.89398 1.61711
threshold=0.44222222222222224 -0.26178928956874026 0.8633333333333334 0.017152709176921247 -0.019443168368988236 0.85857142857142865 -0.028849719216001542 0.18183673469387759 -0.24600527521131302 0.1705215419501134 0.052374236041190521 -0.17691295973289911 -1.0583214041569096 0.01093192282949563
decision_type=2 2 2 2 2 2 2 2 2 2 2 2 2 2
left_child=7 2 13 -4 5 -3 -6 8 9 -1 12 -12 -9 -2
right_child=1 4 3 -5 6 -7 -8 10 -10 -11 11 -13 -14 -15
leaf_value=0.00029384700720152737 -0.0004430505665574616 -0.0011164764397930994 0.0032322847191540052 0.016763644013255898 -0.0053840018981660201 -0.01219206832000482 0.0012569361384857291 0.0011006258834131064 -0.010682397728047795 0.0097655788609007001 -0.0031124073567982214 0.0072887452407033636 -0.0035127089847960882 0.0042136087932906977
leaf_weight=343.46323845162988 155.28316987119615 116.38771998137236 55.650398014113307 28.939186494797468 78.444221467711031 39.551738079637289 735.54414672683924 90.44296220690012 16.130722906440496 31.904405589215457 52.836481580510736 44.60410812869668 456.91188441962004 109.6157164843753
leaf_count=5094 2768 2621 576 264 1764 522 13384 1483 262 548 1015 837 9675 1949
internal_value=-4.73192e-05 0.000715726 0.0031882 0.00831504 -0.000164461 -0.00413943 0.000586937 -0.00103279 0.000607194 0.00118614 -0.00205052 0.00154878 -0.00272188 0.00144482
internal_weight=2355.71 1319.42 349.488 84.5896 969.928 155.939 813.988 1036.29 391.498 375.368 644.795 97.4406 547.355 264.899
internal_count=42762 23848 5557 840 18291 3143 15148 18914 5904 5642 13010 1852 11158 4717
is_linear=0
shrinkage=0.03


Tree=89
num_leaves=15
num_cat=0
split_feature=2 20 20 22 19 12 10 10 8 13 20 20 12 6
split_gain=2.81953 3.29469 9.47898 4.56828 3.76735 2.91795 2.31096 2.25117 2.1564 4.72061 3.06298 2.37665 1.85809 2.49995
threshold=1.3308131038863158 0.0059754320089030486 0.01855494036023109 1.0000000180025095e-35 0.0077766786520461926 4.4471173966164477 -0.75234872029114375 -0.84412370211736254 -0.48169121743493271 0.10657596371882087 0.031349891708224005 0.016162291673743393 -0.5700833779033696 -0.018828982069288108
decision_type=2 2 2 2 2 2 2 2 2 2 2 2 2 2
left_child=8 3 6 7 -5 -4 -3 -2 9 10 -1 -11 -10 -14
right_child=1 2 5 4 -6 -7 -8 -9 12 11 -12 -13 13 -15
leaf_value=-0.00041877363225380031 -0.0043196648364560043 0.025331163199608202 0 -0.0098666762382429076 0.0063598789295751827 0.013978476994117165 0.0095271896644192385 0.011642721026097917 -0.0027548407316110831 -0.0061130698522029302 0.01100999993115935 -0.0014215213453531387 0.0015959392085562367 -0.00098949796325965324
leaf_weight=46.311378865502775 8.589355690404771 16.628956036642194 158.2423913422972 54.73368442710489 13.96867731772363 12.4953765720129 32.609117052517831 23.850663082674146 182.34759951196611 179.76846559625119 33.291976591572165 235.81090242695063 761.9558863658458 593.35307703632861
leaf_count=1280 106 131 1692 747 134 91 363 312 3424 5826 577 5982 11470 10627
internal_value=-6.63155e-05 0.00252963 0.00459669 -0.00182257 -0.00626873 0.00109259 0.0159378 0.0069753 -0.000485839 -0.00220419 0.00432988 -0.00350644 5.99343e-05 0.000453196
internal_weight=2353.96 321.118 219.976 101.142 68.7024 170.738 49.2381 32.44 2032.84 495.183 79.6034 415.579 1537.66 1355.31
internal_count=42762 3576 2277 1299 881 1783 494 418 39186 13665 1857 11808 25521 22097
is_linear=0
shrinkage=0.03


Tree=90
num_leaves=14
num_cat=0
split_feature=2 18 17 10 17 2 20 18 4 17 13 2 9
split_gain=3.19028 3.86724 3.04518 5.69313 5.22844 2.11206 1.65596 1.76145 1.52299 3.62751 3.19505 1.02955 0.2303
threshold=1.3308131038863158 0.10738420472684453 -0.012153770222673275 2.8976311176554082 0.0053539376498242816 0.5294673943452709 0.069811407020031427 0.067636554711076893 0.042454063392096071 -0.015445010803250612 0.97979591836734703 1.2415761641693377 0.73734693877551039
decision_type=2 2 2 2 2 2 2 2 2 2 2 2 2
left_child=5 2 3 -2 -4 8 7 -7 9 -1 -10 -8 -3
right_child=1 12 4 -5 -6 6 11 -9 10 -11 -12 -13 -14
leaf_value=0.0025555098744491577 -0.0058631089112308717 0.0042479672744744372 0.010254298503429326 0.021781999696106873 0.00064022683354951991 -0.0010251651610784802 -0.012778615237470739 -0.0076160092200947375 0.0018434828080008936 -0.0015148110909077208 -0.0098690803376197643 0.0031739808899743727 0.021923290484741644
leaf_weight=250.90596665907651 68.74509846419096 4.5619684886187306 72.976218924857676 5.2850870825350276 171.49073285423219 306.63712100498378 18.699632417410616 41.257964487187564 516.53130306582898 869.60014790296555 19.549732575193048 1.8754318449646223 8.0233268663287145
leaf_count=4556 876 57 763 36 1875 6183 394 934 10615 16177 227 22 49
internal_value=2.44139e-05 0.00275133 0.00199315 -0.00317114 0.00363092 -0.000416292 -0.00246462 -0.00188873 3.26915e-05 -0.000587084 0.00135338 -0.0105077 0.0180058
internal_weight=2356.14 331.082 318.497 74.0302 244.467 2025.06 368.47 347.895 1656.59 1120.51 536.081 20.5751 12.5853
internal_count=42764 3656 3550 912 2638 39108 7533 7117 31575 20733 10842 416 106
is_linear=0
shrinkage=0.03


Tree=91
num_leaves=14
num_cat=0
split_feature=2 16 8 16 18 19 16 8 18 9 3 18 16
split_gain=3.00896 4.28987 5.47661 5.88185 3.32075 2.9642 4.7815 2.70309 2.37648 2.99694 1.80649 1.25143 1.18014
threshold=1.3308131038863158 0.97979591836734703 2.0043718146671403 0.43428571428571433 0.10738420472684453 0.0049292197497667325 0.51065759637188213 0.98735722896709655 0.072214816982619348 0.9900000000000001 0.92666666666666686 0.099889878369690224 0.55328798185941053
decision_type=2 2 2 2 2 2 2 2 2 2 2 2 2
left_child=1 2 10 -4 5 7 -7 -2 9 -3 -1 -10 -6
right_child=4 8 3 -5 12 6 -8 -9 11 -11 -12 -13 -14
leaf_value=-0.00039263009497177907 0 -0.0043755486584771989 -0.02003433650111313 0.0081267833145148693 0.02252622318880371 -0.010210960182477864 0.0018435776938732246 0.0092561758412424092 0.012787100019326647 -0.017796391126362637 -0.010166588012476219 -0.0042407328224654496 0
leaf_weight=1807.6239446150139 49.858477680943906 59.950008299201727 4.9661271795630446 103.95493640191853 8.2146492265164834 33.99903143197298 163.21376020554453 71.908594848588109 6.2953455708920938 21.640487663447857 15.342561688274143 4.1357572712004185 4.1332456450909367
leaf_count=36853 791 766 50 707 60 575 1684 500 58 274 337 63 46
internal_value=2.24135e-05 -0.000405765 -9.32404e-05 0.00636949 0.00266968 0.00196808 -0.00024095 0.00561307 -0.00666578 -0.00845528 -0.000494161 0.00523311 0.0169478
internal_weight=2355.24 2023.91 1931.89 108.921 331.328 318.98 197.213 121.767 92.0216 81.5905 1822.97 10.4311 12.3479
internal_count=42764 39108 37947 757 3656 3550 2259 1291 1161 1040 37190 121 106
is_linear=0
shrinkage=0.03


Tree=92
num_leaves=15
num_cat=0
split_feature=9 19 17 23 3 18 17 19 7 16 3 19 7 17
split_gain=2.4806 3.66031 4.92604 4.41944 4.29113 3.19244 7.81414 4.2488 2.31923 2.19889 2.26605 1.70812 1.83145 1.49006
threshold=0.8633333333333334 0.0049292197497667325 0.0015980714634521445 0.01698376512907707 0.14920634920634923 -0.0081945486476118195 -0.00408454457394991 0.005551938831567846 0.84222222222222232 0.92666666666666686 0.93938775510204098 0.010327835641592726 0.93938775510204098 -0.0026318749445649599
decision_type=2 2 2 2 2 2 2 2 2 2 2 2 2 2
left_child=8 2 4 -4 -2 7 -7 -3 9 10 -1 -10 -13 -11
right_child=1 5 3 -5 -6 6 -8 -9 11 13 -12 12 -14 -15
leaf_value=-0.00019517673089920276 -0.0017351902434020198 -0.011741441692994799 -0.0021517991473697087 0.0068884529699840763 0.017058715708535642 -0.0094595463437682301 0.0012686083719038058 0.00516770378525961 -0.0039611142040132941 0.00056584229553579895 0.0052698600793706796 -0.0037901685247258565 0.020339015602400652 -0.010057076124980595
leaf_weight=1343.114257956855 12.385808140039442 12.491025865077971 98.940120466053486 89.523084655404091 40.555305458605289 85.05275091342628 198.07334708608687 133.61766418814659 215.83367080707103 14.297287935391067 69.851791171357036 3.0095725767314425 3.6120127625763416 30.948907107114792
leaf_count=29621 125 122 891 817 333 747 1783 1190 5100 260 1110 65 45 555
internal_value=3.03851e-05 0.00157625 0.00451605 0.00209095 0.0124857 -5.56041e-05 -0.00194533 0.00348181 -0.00057869 -0.000130826 7.14603e-05 -0.00342032 0.00929709 -0.00650101
internal_weight=2351.31 670.639 241.404 188.463 52.9411 429.235 283.126 146.109 1680.67 1458.21 1412.97 222.455 6.62159 45.2462
internal_count=42764 6008 2166 1708 458 3842 2530 1312 36756 31546 30731 5210 110 815
is_linear=0
shrinkage=0.03


Tree=93
num_leaves=15
num_cat=0
split_feature=2 16 13 22 0 10 7 13 5 23 16 5 23 23
split_gain=2.46679 2.87773 4.53693 3.68102 3.63042 3.2728 2.48077 7.32954 4.24161 3.30753 3.05709 2.94904 2.9328 1.81871
threshold=1.3308131038863158 0.97979591836734703 0.80816326530612259 1.0000000180025095e-35 -2.1491586061697272 -1.8213261780095718 0.84222222222222232 0.67673469387755114 0.69693877551020422 0.055727381271716621 0.87877551020408173 0.39387755102040822 0.037079180436868649 -0.052171146694491959
decision_type=2 2 2 2 2 2 2 2 2 2 2 2 2 2
left_child=1 2 5 -3 -4 -1 8 12 11 -9 -10 -2 -8 -5
right_child=6 3 4 13 -6 -7 7 9 10 -11 -12 -13 -14 -15
leaf_value=-0.012785671139068614 0.0085646795664488552 0.0058228181267761595 0.012818304095234885 0.0035345520712247798 0.0017767997846559491 -0.00071896686508370305 -0.016023943682657554 0.00714686630952374 0.010361134399652961 -0.0029641541837209374 8.0124978341335198e-05 -0.0096363045106605174 0 -0.010221689245803377
leaf_weight=18.712654383853078 8.9593233615159971 17.503366002812982 27.450006742030382 7.1736777760088435 419.09988962113857 1465.2221005447209 27.836875683628023 79.692521893419325 92.876522421836853 41.330653186887503 40.012740964069963 24.327269298955798 14.48154365364462 64.909766849130392
leaf_count=412 85 208 188 71 5802 31545 522 752 1119 380 342 295 161 882
internal_value=3.96643e-05 -0.00034714 -9.26268e-05 -0.00554601 0.0025431 -0.000898229 0.00244396 -9.88533e-05 0.00500405 0.00357987 0.00742383 -0.00410452 -0.0106446 -0.00859174
internal_weight=2349.59 2020.07 1930.48 89.5868 446.55 1483.93 329.517 163.342 166.176 121.023 132.889 33.2866 42.3184 72.0834
internal_count=42764 39108 37947 1161 5990 31957 3656 1815 1841 1132 1461 380 683 953
is_linear=0
shrinkage=0.03


Tree=94
num_leaves=15
num_cat=0
split_feature=4 13 8 6 8 4 15 20 13 11 10 6 11 13
split_gain=2.68258 3.96606 1.96068 3.62016 3.35422 2.40535 2.17634 2.08818 1.6277 1.44315 2.5316 1.25771 1.05824 0.906772
threshold=2.0109041456754317 0.85857142857142865 1.4196136986580175 1.595483386595929 2.9588964550786105 0.6204320382832833 0.35416666666666669 -0.0065430363180146158 0.41408163265306125 0.87877551020408173 0.22657595204335476 0.70085813644760353 0.47469387755102049 0.75532879818594112
decision_type=2 2 2 2 2 2 2 2 2 2 2 2 2 2
left_child=2 11 6 5 -5 -4 8 -8 -1 10 -3 13 -13 -2
right_child=1 9 3 4 -6 -7 7 -9 -10 -11 -12 12 -14 -15
leaf_value=0.0051661498326906093 0.0056741085175133548 0.015243618276058286 0.001183993079951809 -0.010974107040321429 0.0087823731253220804 0.0066651216252840897 -0.0028406847829923693 -0.00031208774078316935 0.00029568407675970064 0.021923094602983965 -0.0098705261681138277 0.0028539069378931358 -0.015487203116590147 -0.0064790954886875815
leaf_weight=88.289487009868026 22.475620852783326 6.0385573580861109 291.12138986773789 32.013661662116647 7.5392259247601023 99.011613247916102 401.32649679668248 1150.8839897103608 220.17912376672029 12.757877349853514 4.1039487980306149 1.7825626134872425 5.5694284485653043 4.3384534250944844
leaf_count=1587 440 48 2485 355 72 664 9073 23541 4163 91 39 24 115 67
internal_value=7.00752e-05 0.00638605 -8.61838e-05 0.00172768 -0.00660586 0.0026402 -0.000514517 -0.000978326 0.00176232 0.0154948 0.00389438 0 -0.00977698 0.00287394
internal_weight=2347.43 57.0664 2290.36 429.686 39.5529 390.133 1860.68 1552.21 308.469 22.9004 10.1425 34.1661 7.35199 26.8141
internal_count=42764 824 41940 3576 427 3149 38364 32614 5750 178 87 646 139 507
is_linear=0
shrinkage=0.03


Tree=95
num_leaves=15
num_cat=0
split_feature=4 13 19 0 20 13 20 20 7 4 21 17 20 3
split_gain=3.97207 2.21771 2.93108 2.14074 4.15461 3.48589 4.18524 3.203 3.17192 2.42569 1.13418 0.361824 0.490221 0.462919
threshold=2.1863980316195808 0.69693877551020422 0.0059674661163155156 -0.32951744947171197 -0.028849719216001542 0.10657596371882087 0.014439007315145249 0.01855494036023109 0.060612244897959189 0.5973467940744992 0.010199595020411864 0.0081601748335981012 -0.015422455464774608 0.97979591836734703
decision_type=2 2 2 2 2 2 2 2 2 2 2 2 2 2
left_child=3 11 10 5 8 7 -7 -1 -5 -6 -3 13 -13 -2
right_child=1 2 -4 4 9 6 -8 -9 -10 -11 -12 12 -14 -15
leaf_value=0 0.0092179192240890231 -0.0088782500207560365 0.025628823569292927 0.0099269802524476411 -0.0013913165083158311 0.0025023897480307075 -0.0016900982484484189 0.011362021704621401 -0.0065462162664669393 0.0013229789654161581 0.0088499642337475076 0.0015344841115550319 -0.010298637849401328 -0.0017217817459894526
leaf_weight=38.016982795670629 4.7805387182161194 3.0312902834266442 10.42858233861625 8.8627175074070674 718.09872148465365 419.46388264931738 431.44476764183491 50.719119761139154 149.68176225945354 498.38264697883278 6.1455524442717433 2.4415682107210159 3.503718638792634 2.429487707093358
leaf_count=768 120 35 95 122 14330 6619 7345 789 3537 8945 51 50 84 50
internal_value=2.54082e-05 0.0100964 0.0160121 -0.000119251 -0.000878703 0.000975668 0.000360065 0.00657544 -0.00541973 -0.000266635 0.00111112 0 -0.00438817 0.00432961
internal_weight=2347.43 32.7607 19.6054 2314.67 1375.03 939.645 850.909 88.7361 158.544 1216.48 9.17684 13.1553 5.94529 7.21003
internal_count=42940 485 181 42455 26934 15521 13964 1557 3659 23275 86 304 134 170
is_linear=0
shrinkage=0.03


Tree=96
num_leaves=14
num_cat=0
split_feature=4 18 6 9 18 18 1 12 9 12 21 21 20
split_gain=3.54488 3.70255 1.84015 3.01484 3.67956 2.6559 2.29013 2.15312 1.74757 1.17665 1.18455 1.00234 0.539092
threshold=2.1863980316195808 -0.034461565170257551 0.66648764348282719 0.93938775510204098 0.0003248104072657299 0.073620605833439226 0.94777777777777794 -0.49430745377824242 0.97979591836734703 -0.11515074476660331 0.0072793963440593752 0.0096535746888395026 -0.015422455464774608
decision_type=2 2 2 2 2 2 2 2 2 2 2 2 2
left_child=2 11 3 6 -5 7 -1 -4 -7 12 -11 -2 -3
right_child=1 9 5 4 -6 8 -8 -9 -10 10 -12 -13 -14
leaf_value=-0.00060898134305133233 0.028677566699063659 0.0015851105810157648 0.0085229972071493108 0.0077464605025691653 0.00070242847015519099 0 0.0042440372628225701 -0.0054343271679634982 0.019704643657006599 -0.0041577576345289378 0.011927656809667937 0 -0.0095332710438636847
leaf_weight=1720.773129449226 6.8955003917217237 2.9516214216127974 8.1371836215257627 93.092708472162485 245.00523183867335 10.604833471588789 89.701535539701581 140.30584031157196 4.7242848090827456 3.1537489909678706 10.939267909154294 2.4523605909198523 6.2948014773428458
leaf_count=35761 74 67 195 708 1980 199 1436 2141 35 37 103 58 146
internal_value=3.14545e-05 0.0095556 -0.000104839 0.000123308 0.0027202 -0.00315383 -0.000355841 -0.00446639 0.00773962 0.00184216 0.0073266 0.0237735 -0.00499961
internal_weight=2345.03 32.6873 2312.34 2148.57 338.098 163.772 1810.47 148.443 15.3291 23.3394 14.093 9.34786 9.24642
internal_count=42940 485 42455 39885 2688 2570 37197 2336 234 353 140 132 213
is_linear=0
shrinkage=0.03


Tree=97
num_leaves=13
num_cat=0
split_feature=4 18 8 17 8 11 7 2 12 21 21 20
split_gain=3.53764 3.60547 1.77733 3.19576 2.83486 5.22967 2.05565 1.70328 1.13838 1.20077 0.954475 0.52731
threshold=2.1863980316195808 -0.034461565170257551 3.8091541273775791 0.031231176503199291 2.9588964550786105 0.85857142857142865 0.060612244897959189 1.808932601489142 -0.11515074476660331 0.0072793963440593752 0.0096535746888395026 -0.015422455464774608
decision_type=2 2 2 2 2 2 2 2 2 2 2 2
left_child=2 10 4 7 6 -6 -1 -4 11 -10 -2 -3
right_child=1 8 3 -5 5 -7 -8 -9 9 -11 -12 -13
leaf_value=0.0029229976174565608 0.028273551893404567 0.0015480796642621409 -0.021260956698035582 0.0092744731168942236 0.00018099576830394465 0.018271225036624539 -0.00047460402442338134 0 -0.0043080179606271134 0.011925652764947165 0 -0.0094627657448648431
leaf_weight=171.21690189652145 6.9851271696388704 2.9512550532817823 10.130554253235461 4.3574826158583155 49.023876518011093 19.460603538900614 2050.7724594864994 5.1419843919575206 3.1433867998421201 10.863993044942616 2.4547726586461067 6.1530905924737471
leaf_count=2297 74 67 102 32 395 133 39461 35 37 103 58 146
internal_value=3.91887e-05 0.00957211 -9.68157e-05 -0.0086571 -9.41989e-06 0.00590693 -0.000203662 -0.0151232 0.00186239 0.00726251 0.023511 -0.00490671
internal_weight=2342.66 32.5516 2310.1 19.63 2290.47 68.4845 2221.99 15.2725 23.1117 14.0074 9.4399 9.10435
internal_count=42940 485 42455 169 42286 528 41758 137 353 140 132 213
is_linear=0
shrinkage=0.03


Tree=98
num_leaves=14
num_cat=0
split_feature=4 18 9 16 4 19 12 21 19 12 10 21 23
split_gain=3.47277 3.56108 1.56567 3.8941 5.25518 3.0896 1.93235 2.39554 1.72264 1.09148 1.22844 0.917664 0.596654
threshold=2.1863980316195808 -0.034461565170257551 0.93938775510204098 0.88444444444444448 -0.95381837086862953 0.0061338556193196369 -0.73679380611816037 0.01581239225155329 0.011097171205597228 -0.11515074476660331 0.59546578806382511 0.0096535746888395026 -0.036654283413841075
decision_type=2 2 2 2 2 2 2 2 2 2 2 2 2
left_child=2 11 6 4 -4 -5 7 -1 -8 12 -11 -2 -3
right_child=1 9 3 5 -6 -7 8 -9 -10 10 -12 -13 -14
leaf_value=0.008644017672400332 0.027856163899047055 0.0029297383391184502 0.012215120748817457 0.0016977706424532999 0.00095247531429709859 -0.0052495185605932809 -0.00052718806341299647 -0.0064820948541865001 -0.0095718703530690771 -0.0018997675251672035 0.013110516022125254 0 -0.0093397067714785075
leaf_weight=39.341597077436745 7.0895252488553506 2.34733196813613 58.302413176745176 153.51470850687474 107.39893497526646 88.295430059544742 1835.4586006114259 9.4602672113105637 17.393540216609836 5.3707156982272872 8.9753335751593095 2.4552745018154383 6.7021868806332368
leaf_count=773 74 55 417 1286 835 826 37615 267 436 67 73 58 158
internal_value=3.79898e-05 0.00942973 -9.75378e-05 0.00157705 0.00510313 -0.000799717 -0.000465551 0.00527679 -0.000630411 0.00182513 0.00702859 0.023225 -0.0048454
internal_weight=2342.11 32.9404 2309.17 407.511 165.701 241.81 1901.65 48.8019 1852.85 23.3956 14.346 9.5448 9.04952
internal_count=42940 485 42455 3364 1252 2112 39091 1040 38051 353 140 132 213
is_linear=0
shrinkage=0.03


Tree=99
num_leaves=14
num_cat=0
split_feature=4 0 20 13 23 20 7 4 17 0 12 17 13
split_gain=3.19257 1.92453 3.44501 3.32121 5.0865 3.80906 2.94607 2.32894 1.92275 1.37115 1.27959 1.01401 1.73092
threshold=2.1863980316195808 -0.32951744947171197 -0.028849719216001542 0.10657596371882087 0.070873645727667869 0.014439007315145249 0.060612244897959189 0.5973467940744992 0.0096596483548980778 0.15775084212001317 -0.31530659831847468 0.014599863260949865 0.85857142857142865
decision_type=2 2 2 2 2 2 2 2 2 2 2 2 2
left_child=1 3 6 4 -1 -5 -3 -4 9 -2 -11 -10 -13
right_child=8 2 7 5 -6 -7 -8 -9 11 10 -12 12 -14
leaf_value=0.0020367968518191946 -0.0023232956821574763 0.0094975450660454482 -0.0013524597357184294 0.0023845003412944731 0.018762014714396542 -0.001617124625480822 -0.0061013332660464735 0.0013120841540025935 -0.012282641462664513 0.0006647958338926235 0.021561939374189813 -0.0033626939372474202 0.017542009905121746
leaf_weight=69.74626821745187 1.8769610673189188 9.2809372730553132 713.29698084201664 421.49016796611249 20.811285952106118 428.27690441440791 146.88241019099951 497.69997265376151 2.5376704037189475 5.2261702325195101 12.965022377669809 6.5739263407886011 3.4884597137570381
leaf_count=1298 32 122 14330 6619 259 7345 3537 8945 40 126 134 127 26
internal_value=5.13636e-05 -7.78886e-05 -0.000801953 0.000958395 0.00636489 0.000351036 -0.00497106 -0.000244652 0.00909144 0.0144313 0.0169618 0 0.00434799
internal_weight=2340.15 2307.48 1367.16 940.325 90.5576 849.767 156.163 1211 32.6682 20.0682 18.1912 12.6001 10.0624
internal_count=42940 42455 26934 15521 1557 13964 3659 23275 485 292 260 193 153
is_linear=0
shrinkage=0.03


Tree=100
num_leaves=15
num_cat=0
split_feature=0 2 20 21 15 23 20 11 23 1 17 7 4 21
split_gain=2.45559 4.18513 3.09073 2.61538 2.48357 2.30101 3.04919 2.29044 2.16129 1.86183 1.98467 1.7804 1.61711 1.37096
threshold=1.6407898872637681 1.6815696050511468 0.025454107793846829 0.011225375613727034 0.18333333333333338 0.021490464893688669 0.06953384306651246 0.43428571428571433 0.059193236502242626 0.9191836734693879 0.037289155105246337 0.060612244897959189 0.78644338983612683 0.0094324392650396802
decision_type=2 2 2 2 2 2 2 2 2 2 2 2 2 2
left_child=4 5 13 -4 7 12 -7 -1 -9 11 -11 -6 -2 -3
right_child=1 2 3 -5 9 6 -8 8 -10 10 -12 -13 -14 -15
leaf_value=-0.0009370287636918151 -0.0018920192180233179 0.0081890505195141988 -0.013284406721638966 0.003621621707359717 0.0026108856919675595 0.014426558072335418 -0.0064532636984542058 0.012458732271786909 -0.0034879213626035619 -0.0021589479366047591 -0.013572732233985887 -0.00041763890543391308 0.0078356173880187781 -0.0022798657588342544
leaf_weight=27.800825336948037 29.051862956956029 22.842602176591754 24.729656249284744 9.1078444924205524 191.44920433592051 45.455301810987294 5.0286867525428525 36.081656780093908 6.935545874759554 100.16505476459861 15.372133604250847 1761.9006771566346 25.890671267174184 16.182716805487871
leaf_count=356 378 210 225 86 2444 558 82 385 98 1815 275 34884 419 188
internal_value=0.000135162 0.00350089 -0.00184172 -0.00836719 -0.000141288 0.00729846 0.0118943 0.00529207 0.00951376 -0.000339447 -0.00401027 -0.000110773 0.00254274 0.00358274
internal_weight=2317.99 178.289 72.8628 33.8375 2139.71 105.427 50.484 70.818 43.0172 2068.89 115.537 1953.35 54.9425 39.0253
internal_count=42403 2146 709 311 40257 1437 640 839 483 39418 2090 37328 797 398
is_linear=0
shrinkage=0.03


Tree=101
num_leaves=15
num_cat=0
split_feature=0 6 13 19 1 9 11 11 9 11 16 18 21 8
split_gain=2.54324 3.12311 3.23307 2.39619 2.0387 2.20095 4.69572 2.0152 2.00197 1.98477 1.87989 1.52448 1.46263 1.32474
threshold=1.6407898872637681 0.87233888137058491 0.74755102040816335 0.0034952148025881482 0.9191836734693879 0.90555555555555567 0.28285714285714292 0.97979591836734703 0.59591836734693893 0.26598639455782319 0.73734693877551039 -0.021399198839975372 0.017092536142546355 0.49043032439321016
decision_type=2 2 2 2 2 2 2 2 2 2 2 2 2 2
left_child=4 3 13 10 5 7 -7 -1 -5 11 -2 -6 -11 -3
right_child=1 2 -4 8 9 6 -8 -9 -10 12 -12 -13 -14 -15
leaf_value=-0.00018729952628890285 0.0040385832941582864 0 0.00082959908795059948 -0.00076319740672892535 -0.010111449403390312 -0.0027775360211320329 0.0042549839216035083 -0.0067659421581457869 0.0090983542673339357 -0.007046031166886655 -0.014788434260082226 0.0073043837952352806 0.0056714644890537179 -0.02543089757527409
leaf_weight=1585.7572293011472 7.4185881111770851 3.485227436758576 38.608960200101137 18.969015846028924 3.340365348383787 118.6417799834162 278.34695217013359 41.318108887411654 99.222525087185204 86.351002303883433 6.6063577113673091 18.878472916781902 6.1635401695966712 4.8740825038403273
leaf_count=33991 105 98 408 444 56 1077 2271 828 961 1667 75 264 103 55
internal_value=0.000176904 0.00359204 -0.00275474 0.00596587 -0.000105292 0.000109725 0.0021123 -0.000371667 0.00740447 -0.0039639 -0.00463258 0.00344796 -0.00593797 -0.0177216
internal_weight=2317.98 179.185 46.9683 132.216 2138.8 2024.06 396.989 1627.08 118.192 114.733 14.0249 22.2188 92.5145 8.35931
internal_count=42403 2146 561 1585 40257 38167 3348 34819 1405 2090 180 320 1770 153
is_linear=0
shrinkage=0.03


Tree=102
num_leaves=14
num_cat=0
split_feature=0 20 2 0 15 10 2 6 13 6 20 14 5
split_gain=2.27675 2.95095 3.19152 5.26263 2.08055 2.25101 2.33987 2.2648 1.87413 1.74299 4.44203 1.87596 0.396803
threshold=1.6407898872637681 0.070377861162710068 2.7679377406547556 2.4902484427957536 0.18333333333333338 -0.2036910064690374 -0.30756716910250886 -0.051708058406705538 0.25244897959183682 -0.97926953303690911 0.0035756985504212806 0.55000000000000016 0.93938775510204098
decision_type=2 2 2 2 2 2 2 2 2 2 2 2 2
left_child=4 2 8 -4 5 6 -1 -7 -2 10 -6 -11 -3
right_child=1 12 3 -5 9 7 -8 -9 -10 11 -12 -13 -14
leaf_value=0.0056384548371763996 0.014674850934809929 -0.015844317541356463 0.0092141861816634734 -0.016513645001700425 0.0080370143831882974 0.0018349835442256896 -0.0099840781065849808 0.016795498242936517 0.0044630504824883276 -0.0020262866048402677 -0.0019493205786121303 5.1790640725396984e-05 0
leaf_weight=17.35050214082003 19.758031596429646 5.0505385342985374 10.512604232877495 13.903873924165962 73.480771011672914 22.334518669173121 13.188182253390549 18.192736553028226 126.52073297277093 537.35151995159686 80.441367508843541 1373.3122233049944 4.2533930018544197
leaf_count=221 270 73 77 133 778 270 174 174 1548 10879 1003 26758 45
internal_value=0.000178943 0.00340209 0.00440402 -0.00500966 -8.86251e-05 0.00487597 -0.000846164 0.00937753 0.00612286 -0.000271325 0.00276379 -0.000526309 -0.0111798
internal_weight=2315.65 179.999 170.695 24.4165 2135.65 71.0659 30.5387 40.5273 146.279 2064.59 153.922 1910.66 9.30393
internal_count=42403 2146 2028 210 40257 839 395 444 1818 39418 1781 37637 118
is_linear=0
shrinkage=0.03


Tree=103
num_leaves=15
num_cat=0
split_feature=8 19 18 19 12 9 2 12 12 23 2 11 10 12
split_gain=2.21574 3.63127 3.04788 4.38403 4.15987 2.56884 2.74546 2.05405 3.74648 3.52099 2.72462 2.4227 2.05024 1.86079
threshold=1.0950466723328962 0.0027982666304445041 -0.083170437402188976 0.0054101259058263402 1.9152867457472695 0.97979591836734703 2.7679377406547556 1.479772697195296 1.0078879970402725 -0.0076275356974587196 0.018421848960475877 0.89897959183673481 2.3912285849922186 1.5375482304615888
decision_type=2 2 2 2 2 2 2 2 2 2 2 2 2 2
left_child=7 5 4 -4 -3 13 -7 8 12 -10 -9 -12 -1 -2
right_child=1 2 3 -5 -6 6 -8 10 9 -11 11 -13 -14 -15
leaf_value=-0.00031614800706458544 -0.0063249469547457162 0.017322510613166784 0.0048933548575748583 -0.0005646753547789838 -0.0079047152328856566 -0.02379846016864107 0.0011936235505293998 0.0009628897430956914 -0.0024813926220867894 0.0117384533780951 -0.016042761274904328 0.0043861480506568237 -0.0080142912303648728 0.011339489365769305
leaf_weight=1580.9011307586916 13.369562128558757 22.751700069755319 229.15417011640966 299.59015892073512 5.504203386604785 9.9270225316286069 4.0218656510114661 22.369912648573518 20.986510379239917 42.176731633022428 23.353212693706158 4.3171933870762578 30.01918612793088 6.2425220236182204
leaf_count=34740 145 177 1987 2627 65 82 28 382 362 625 453 58 613 59
internal_value=0.000159186 0.00174642 0.00235288 0.00178206 0.0117148 -0.00746331 -0.016406 -0.00037719 -0.000185262 0.00685245 -0.00625595 -0.012269 -0.000478661 0
internal_weight=2314.69 590.561 557 528.744 28.2559 33.561 13.9489 1724.12 1674.08 63.1632 50.0403 27.6704 1610.92 19.6121
internal_count=42403 5170 4856 4614 242 314 110 37233 36340 987 893 511 35353 204
is_linear=0
shrinkage=0.03


Tree=104
num_leaves=15
num_cat=0
split_feature=0 3 0 18 20 9 18 19 19 12 12 21 21 19
split_gain=2.52547 2.69489 2.70803 3.38119 2.05834 2.02217 3.44554 4.84799 3.73704 1.95758 3.12402 2.55218 1.64427 2.89053
threshold=1.6407898872637681 0.96888888888888902 2.4902484427957536 0.065067673285473596 0.025454107793846829 0.90555555555555567 0.0003248104072657299 0.0081816851456304966 0.0095835940259106512 1.479772697195296 1.0078879970402725 0.011534910056897598 0.009526330212189689 0.0069045371770665182
decision_type=2 2 2 2 2 2 2 2 2 2 2 2 2 2
left_child=5 12 4 -4 -3 9 8 -8 -7 10 -1 -11 13 -2
right_child=1 2 3 -5 -6 6 7 -9 -10 11 -12 -13 -14 -15
leaf_value=-0.00060900268266231457 0.0032945021796064824 0.011253241992601741 -0.012570997737792203 0.011544142440442823 -0.0032992366205491313 0.0035548367633775405 0.00073259113719210923 -0.020564324377093799 0.018715596815698045 -0.010367896655485169 0.0060592442971069745 0.0020436453038189567 0.002259231834028071 0.0172676128151555
leaf_weight=1584.3439724906348 35.632956620305777 16.204291095957164 24.359175389632586 4.2316493764519683 13.254578724503515 105.64803196489811 295.94380827341229 7.9393912255763999 16.379887718707323 37.791112651117146 63.613362735137343 20.111719043925405 62.623722966760397 24.834375694394112
leaf_count=34668 462 166 254 32 122 871 2537 83 129 653 976 340 851 259
internal_value=0.000213014 0.00359535 -0.00149698 -0.00799005 0.00443528 -7.04603e-05 0.00176564 0 0.0059798 -0.000539202 -0.000335476 -0.00588222 0.00610233 0.0096426
internal_weight=2312.91 181.141 58.0497 28.5908 29.4589 2131.77 425.911 303.883 122.028 1705.86 1647.96 57.9028 123.091 60.4673
internal_count=42403 2146 574 286 288 40257 3620 2620 1000 36637 35644 993 1572 721
is_linear=0
shrinkage=0.03


Tree=105
num_leaves=15
num_cat=0
split_feature=6 19 17 7 19 17 13 13 17 3 1 13 5 1
split_gain=1.92208 3.11621 2.06606 1.84286 3.2399 5.81274 5.62721 1.7514 2.81453 1.28166 1.24363 1.17829 0.48665 0.347682
threshold=3.7302962485099682 0.005551938831567846 0.015489694215776952 0.90555555555555567 0.0065992573228417662 0.012774576185720756 0.67673469387755114 0.080816326530612256 0.02384936445877495 0.71714285714285719 0.89897959183673481 0.73734693877551039 0.77664399092970526 0.53197278911564638
decision_type=2 2 2 2 2 2 2 2 2 2 2 2 2 2
left_child=3 2 10 7 5 -5 -6 8 -1 -3 -2 -9 -4 -11
right_child=1 9 12 4 6 -7 -8 11 -10 13 -12 -13 -14 -15
leaf_value=0 -0.016073407359555539 0 0 0.0046045967835753676 -0.0034814028453218813 -0.0071071016202420107 0.012191302703552544 -0.0013729918633230503 0.0086558803853570756 -0.00089579190540695791 0.00063425549503264456 0.00016398108846951543 0.014797516806117876 -0.026872729658482274
leaf_weight=129.78537659719586 5.1627137484028989 3.4495515441521993 2.6970476116985074 87.199543261900544 28.545861918479204 64.404230201616883 57.322129704989493 1174.8597616855986 44.478430246934295 1.964797206223009 5.265293138101697 699.07137595675886 5.139290563762188 6.5013683829456568
leaf_count=2474 101 82 54 1346 647 1101 661 25324 807 37 61 9753 53 136
internal_value=-0.000330715 -0.00762588 0 -0.00022125 0.00225771 -0.000300863 0.00684973 -0.000517904 0.00232069 -0.0183309 -0.00768596 -0.000792063 0.0106958 -0.0236005
internal_weight=2315.85 30.1801 18.2643 2285.67 237.472 151.604 85.868 2048.19 174.264 11.9157 10.428 1873.93 7.83634 8.46617
internal_count=42637 524 269 42113 3755 2447 1308 38358 3281 255 162 35077 107 173
is_linear=0
shrinkage=0.03


Tree=106
num_leaves=13
num_cat=0
split_feature=4 1 6 17 8 2 7 21 8 21 21 20
split_gain=2.01478 2.24491 2.08322 2.06163 1.97371 1.87727 1.7445 5.28404 4.45159 1.1799 0.499069 0.407739
threshold=2.316989300093423 0.81816326530612249 3.7302962485099682 0.030745462547671524 1.7402479860756748 1.5823462413918001 0.24222222222222226 0.011802303186200109 1.0950466723328962 0.010398231230207245 0.012462311804009286 0.0048824182906161981
decision_type=2 2 2 2 2 2 2 2 2 2 2 2
left_child=2 5 6 10 9 -2 7 -1 -8 -4 -3 -6
right_child=1 3 4 -5 11 -7 8 -9 -10 -11 -12 -13
leaf_value=-0.0033668099889271222 0.0071323531264105662 0.019302094063823268 0.0035921017072925443 -0.0053669821112241299 0 -0.018198498509796768 -0.0005744302892294658 0.0025751252600411103 0.0033652872335716826 -0.010124576210713016 0 -0.02201374110325385
leaf_weight=461.42211101949215 2.8954640114679959 13.106707173399629 11.286343983374541 2.4077243078500024 1.9269548701122383 2.9898439291864634 1297.9211036572233 185.42049219459295 319.47755261324346 7.1010846486315122 2.2430559415370217 6.5986577197909355
leaf_count=7389 59 149 192 44 31 32 28870 2821 2709 180 59 102
internal_value=-0.000330918 0.0080028 -0.000430361 0.0132155 -0.00845334 -0.00518578 -0.000321004 -0.00163772 0.000197697 -0.00144298 0.0172776 -0.0190006
internal_weight=2314.8 23.6428 2291.15 17.7575 26.913 5.88531 2264.24 646.843 1617.4 18.3874 15.3498 8.52561
internal_count=42637 343 42294 252 505 91 41789 10210 31579 372 208 133
is_linear=0
shrinkage=0.03


Tree=107
num_leaves=15
num_cat=0
split_feature=10 1 2 20 20 13 20 9 9 17 2 21 2 9
split_gain=2.00777 2.98343 2.22779 2.27753 2.1043 2.06498 2.36387 2.45801 2.34399 2.02018 1.63211 1.4982 0.789111 0.867799
threshold=-0.91100865836147549 0.93938775510204098 -0.55749550467005415 0.032112017764062036 0.034310954221213448 0.18183673469387759 0.017840759613010241 0.51065759637188213 0.42111111111111116 0.039765647226320595 -1.7954976160606935 0.0395973894596846 1.5823462413918001 0.71714285714285719
decision_type=2 2 2 2 2 2 2 2 2 2 2 2 2 2
left_child=1 2 4 -4 -1 6 10 -8 11 -10 -2 -7 13 -3
right_child=5 12 3 -5 -6 8 7 -9 9 -11 -12 -13 -14 -15
leaf_value=-0.0054482564468972903 0.010703614713259401 0 0.0041381165863189793 -0.0012404618115077731 0.0029634772947686179 -0.0034145634059061752 0.0066442767318248951 -0.00059713243610499164 -6.6739331921781685e-05 -0.0041350068175222184 -0.0021694958751515801 0.013780879336806615 0 0.020336953410983221
leaf_weight=76.060114855878055 7.2188261020928612 2.6616689674556282 202.17180693801492 101.83445967640728 36.645805584266782 390.29002645611763 105.32619788125157 63.14666324108839 1052.1090485146269 121.80481577385217 136.89129337389022 2.3516667848452917 4.8187528159469357 9.6107756253331882
leaf_count=1188 67 48 3137 1572 629 11418 2093 1033 15981 1878 3388 68 46 91
internal_value=-0.000316866 0.00150695 0.000932188 0.00229108 -0.00257847 -0.000747026 0.0014513 0.00386691 -0.00119652 -0.000507932 -0.0012843 -0.00320425 0.0131691 0.0167851
internal_weight=2312.94 433.803 416.712 304.006 112.706 1879.14 312.583 168.473 1566.56 1173.91 144.11 392.642 17.0912 12.2724
internal_count=42637 6711 6526 4709 1817 35926 6581 3126 29345 17859 3455 11486 185 139
is_linear=0
shrinkage=0.03


Tree=108
num_leaves=15
num_cat=0
split_feature=10 1 7 4 20 4 18 21 1 12 12 9 10 9
split_gain=1.90684 2.78338 2.26448 3.78277 3.24096 1.8712 1.8149 1.59874 1.53506 1.37898 1.51976 1.30989 1.22304 0.559967
threshold=-0.91100865836147549 0.93938775510204098 0.75532879818594112 0.3264811249204394 0.051097313081445501 2.316989300093423 -0.012624965376374529 0.011604728173246134 0.89897959183673481 -0.73679380611816037 -0.80134167966690173 0.24222222222222226 0.3341516428868388 0.77664399092970526
decision_type=2 2 2 2 2 2 2 2 2 2 2 2 2 2
left_child=1 2 3 -1 -4 9 -3 12 -9 10 -2 -11 -7 -8
right_child=5 6 4 -5 -6 7 13 8 -10 11 -12 -13 -14 -15
leaf_value=-1.6916975124009736e-05 -0.0031601279490072864 -0.0034276339811505339 -0.00094144350455499395 0.0068094024296150241 -0.018935475007720082 0 0.0013651418425273626 -0.016769286784024194 0.006467833927233939 -0.002896738226668397 0.0084228712850630411 -0.00062205172651615917 0.017517148347956854 0.02032277674491631
leaf_weight=238.10029167309403 12.050771293230353 2.9665486179292229 70.299414430744946 100.71276783011854 8.800447650253771 4.9180708220228579 3.9493155609816304 2.4194267680868498 3.2674060128629208 273.61563667748123 27.166162298060954 1540.7881347769871 10.46336358040571 10.502569049596785
leaf_count=3846 290 38 1179 1336 165 66 62 49 64 8307 560 26456 134 85
internal_value=-0.000314151 0.00145875 0.000899647 0.00199626 -0.00354597 -0.000734955 0.0126264 0.00769619 -0.00325777 -0.000847059 0.00451903 -0.000976149 0.0125179 0.0168497
internal_weight=2310.02 435.331 417.913 338.813 79.0999 1874.69 17.4184 21.0683 5.68683 1853.62 39.2169 1814.4 15.3814 14.4519
internal_count=42637 6711 6526 5182 1344 35926 185 313 113 35613 850 34763 200 147
is_linear=0
shrinkage=0.03


Tree=109
num_leaves=15
num_cat=0
split_feature=13 23 6 18 1 11 13 19 17 12 21 18 13 21
split_gain=1.63228 4.79237 2.87772 2.56906 1.94731 1.93422 1.88305 3.64962 3.75943 3.09751 4.57614 3.02049 2.38317 1.15145
threshold=0.080816326530612256 0.073876373466765691 -0.19622181893421342 0.030774233617286265 0.6161224489795919 0.87877551020408173 0.8633333333333334 0.0048504852479549958 0.023549356228136368 0.40072700226336 0.0067547801813923258 -0.01625748310139213 0.77664399092970526 0.0088270018069758777
decision_type=2 2 2 2 2 2 2 2 2 2 2 2 2 2
left_child=1 2 3 -1 -4 13 9 8 -8 12 -11 -9 -2 -3
right_child=6 5 4 -5 -6 -7 7 11 -10 10 -12 -13 -14 -15
leaf_value=0.00088559625703334827 -0.0011908351737090568 0.00020639638714796494 0.0062406871654607224 -0.012847688446785186 -0.0016988752377123328 -0.0031137011949989141 0.0065663287675218791 0.0034741334071868367 -0.004099753852409121 0.013812915771213059 -0.0091299528439445169 -0.0027082623636898876 0.0024075705280948924 0.01734122043634919
leaf_weight=19.808441966772079 1349.2387820924632 6.2002947106957462 58.384383535943925 23.124818627722561 46.042479006573558 4.333415199071168 145.79505787510425 98.716380748897791 33.946707224473357 6.4723820760846129 73.004061140120029 233.03536247089505 184.64661364909261 24.845208782702684
leaf_count=395 29031 103 1093 472 981 59 1608 1169 405 92 1149 2793 2997 290
internal_value=-0.000312518 0.00237763 0 -0.00642024 0.002633 0.011972 -0.000552943 0.00101552 0.00444641 -0.00106013 -0.00678423 -0.000813884 -0.000745328 0.0145926
internal_weight=2307.59 182.739 147.36 42.9333 104.427 35.3789 2124.86 511.494 179.742 1613.36 79.4764 331.752 1533.89 31.0455
internal_count=42637 3393 2941 867 2074 452 39244 5975 2013 33269 1241 3962 32028 393
is_linear=0
shrinkage=0.03


Tree=110
num_leaves=15
num_cat=0
split_feature=8 19 17 0 8 19 13 8 18 3 20 0 6 10
split_gain=4.33432 4.48839 5.20187 4.39109 4.07495 3.08444 3.01979 3.46073 6.57071 2.53607 2.43908 2.41581 2.34519 1.75155
threshold=1.3772374936943625 0.0027653798327476205 0.040402321044931029 -0.7878467478069674 2.9588964550786105 0.0048985038653485777 0.10657596371882087 -0.52806087935482071 0.032465131591025827 0.97979591836734703 0.033980331308604346 -0.49646501450080766 0.74947767607980442 1.8018701924843621
decision_type=2 2 2 2 2 2 2 2 2 2 2 2 2 2
left_child=6 4 5 -4 10 -3 7 8 -1 13 -2 -9 -11 -8
right_child=1 2 3 -5 -6 -7 9 11 -10 12 -12 -13 -14 -15
leaf_value=0.013625721511074228 -0.021979573924686965 0.0087630589097638118 0.0046220285691985158 -0.013016339862420607 0.0077337162578316448 0.0028696002224289563 -0.0012864484747568833 0.0051944005704296341 -0.0034296937070379604 0.0068996118666591645 0 -0.0031121612947227605 -0.0060273353930875824 0.0033328963570443426
leaf_weight=55.043176990002394 13.350059572607284 123.7569282501936 19.414948549121618 27.266339676454663 7.1069864220917216 263.98794674500823 1485.7259503388777 47.646834526211023 28.663484218530357 63.653714140877128 4.858538480475544 84.176782165654004 12.78313122037798 74.20824200194329
leaf_count=1129 122 1000 159 261 53 2149 32227 756 676 783 50 1600 198 1377
internal_value=0.000306759 0.00291063 0.00366232 -0.00548383 -0.00876328 0.00482442 -0.000334014 0.00297328 0.00766671 -0.000781878 -0.0160726 0 0.00444794 -0.00105311
internal_weight=2311.64 459.742 434.426 46.6813 25.3156 387.745 1851.9 215.53 83.7067 1636.37 18.2086 131.824 76.4368 1559.93
internal_count=42540 3794 3569 420 225 3149 38746 4161 1805 34585 172 2356 981 33604
is_linear=0
shrinkage=0.03


Tree=111
num_leaves=15
num_cat=0
split_feature=9 13 23 17 1 23 4 22 11 6 4 9 4 13
split_gain=3.01378 3.06107 3.97094 2.96387 3.91154 4.09289 3.69916 3.44619 3.9864 2.69543 2.63465 1.82957 1.76109 3.09291
threshold=0.9191836734693879 0.10657596371882087 0.067860335853537804 0.040402321044931029 0.44948979591836741 0.0063620636606851475 -0.27789586982294717 1.0000000180025095e-35 0.48444444444444451 -0.18056527428085359 -1.3629756140206499 0.49489795918367352 1.7185468698463071 0.87877551020408173
decision_type=2 2 2 2 2 2 2 2 2 2 2 2 2 2
left_child=1 2 9 7 6 -6 -5 10 -9 -1 -2 -4 -3 -14
right_child=3 12 11 4 5 -7 -8 8 -10 -11 -12 -13 13 -15
leaf_value=-0.004904504825020869 0.020209177016461896 -0.00095994683847686871 0.015472644676132291 -0.0051079536562286419 -0.02575304548726657 -0.0004384994878244163 0.01540730847246346 -0.0017034944729497515 0.0044303344929242129 0.0032900517357931391 0.0052727526641285086 0.0018708152281069479 0.0001847604614962729 0.015142026190741719
leaf_weight=48.575447220355272 15.11746599152684 1517.0456007178873 27.544665342196822 17.177357655018572 9.9269884601235407 13.668360028415917 10.972193229943512 151.47581143118441 240.26316830888391 120.15418584551662 46.976531714200974 17.551176963374019 57.985493524931371 14.65767367556691
leaf_count=1051 102 32882 365 164 102 120 72 1406 1849 2463 397 249 1180 138
internal_value=0.000297082 -0.000269913 0.00306987 0.00234233 -0.00422584 -0.0128549 0.00288261 0.00313938 0.00202383 0.000813251 0.00966036 0.0108016 -0.000731857 0.00372859
internal_weight=2309.09 1803.51 213.825 505.578 51.7449 23.5953 28.1496 453.833 391.739 168.73 62.094 45.0958 1589.69 72.6432
internal_count=42540 38328 4128 4212 458 222 236 3754 3255 3514 499 614 34200 1318
is_linear=0
shrinkage=0.03


Tree=112
num_leaves=15
num_cat=0
split_feature=8 19 8 19 13 23 0 8 12 8 3 10 10 21
split_gain=4.01935 3.68479 3.62882 3.46482 3.06271 3.91394 3.40341 2.9996 2.9328 2.34982 2.28545 2.2837 1.56535 0.642854
threshold=1.3772374936943625 0.0027653798327476205 2.9588964550786105 0.0048775667393845187 0.10657596371882087 0.10122998430894971 -0.49646501450080766 3.4168724943557662 -0.5520074232690273 2.0841737005946626 0.97979591836734703 0.81765982314183228 1.8018701924843621 0.013461266814421549
decision_type=2 2 2 2 2 2 2 2 2 2 2 2 2 2
left_child=4 2 9 7 5 6 -1 -3 -5 -2 12 -12 -6 -7
right_child=1 3 -4 8 10 13 -8 -9 -10 -11 11 -13 -14 -15
leaf_value=0.0071724121159668728 -0.0021844756888948331 0.0094524719583845822 0.0074992602798230872 -0.011170306273048457 -0.0012368762381727394 0.020642151983152494 -0.00088229770475824123 -0.0040844129810645264 0.0024057062750839457 -0.025331677560698304 0.007501770674288739 -0.0032766415223913106 0.0031261747999027276 0.00099736095640666315
leaf_weight=67.92209504917264 9.8388231322169357 109.81095655076206 7.2587834894657126 12.768104240298269 1477.4076106166467 10.778965596109627 136.66994904074818 14.159525254741309 295.71786115784198 8.0327725298702699 54.56685284525156 22.113212269730866 74.247470358386636 3.8468510005623093
leaf_count=1153 97 891 53 111 32227 111 2836 121 2446 75 676 305 1377 61
internal_value=0.000318234 0.00283205 -0.00776158 0.00351507 -0.000298646 0.00300057 0.00176271 0.00774696 0.00172716 -0.0148457 -0.000755145 0.00419854 -0.00101469 0.017119
internal_weight=2305.14 457.587 25.1304 432.456 1847.55 219.218 204.592 123.97 308.486 17.8716 1628.34 76.6801 1551.66 14.6258
internal_count=42540 3794 225 3569 38746 4161 3989 1012 2557 172 34585 981 33604 172
is_linear=0
shrinkage=0.03


Tree=113
num_leaves=15
num_cat=0
split_feature=8 6 6 21 4 19 2 13 13 23 8 6 2 20
split_gain=4.06222 2.83742 6.07478 4.1622 3.48821 4.12481 3.63242 3.0314 2.74988 3.75851 3.0461 2.35808 1.94524 3.33103
threshold=1.3772374936943625 0.29489050346868406 0.42816161701274674 0.0082770886845701334 0.6204320382832833 0.003639742433337288 2.5614089875343744 0.67673469387755114 0.10657596371882087 0.064947903345192307 -0.52806087935482071 -0.18056527428085359 1.4615370804366308 0.01855494036023109
decision_type=2 2 2 2 2 2 2 2 2 2 2 2 2 2
left_child=8 4 3 -3 5 -2 -6 -4 9 11 -11 -1 -10 -14
right_child=1 2 7 -5 6 -7 -8 -9 12 10 -12 -13 13 -15
leaf_value=-0.0048600217266474765 -0.0056314431921163713 0.0042594904168255995 -0.015411160770760305 -0.0200691165478975 0.016258675262120843 0.0044243598141573328 0 0.0037956411455042282 -0.001062173277781756 0.01840243451369963 0.0027009054812695511 0.0028383493471264183 0.0069578673535653337 -0.0021095186954990176
leaf_weight=47.628528328612447 40.866135468706489 6.859844438731673 5.7752127125859252 19.147132771089673 37.861245416104794 224.15969346836209 20.228441089391708 101.3802786283195 1485.1362837320194 20.449555400758982 29.097009554505348 122.87247308995575 73.426640707068145 65.675812149420381
leaf_count=1030 365 49 55 156 248 1853 136 932 32694 257 414 2460 1024 867
internal_value=0.000318676 0.00284973 -0.000733166 -0.0132705 0.00436788 0.00278705 0.0109978 0.00235966 -0.000301794 0.0028163 0.00993503 0.000569481 -0.000736393 0.00260127
internal_weight=2300.56 456.278 133.162 26.007 323.116 265.026 58.0897 107.155 1844.29 220.048 49.5466 170.501 1624.24 139.102
internal_count=42540 3794 1192 205 2602 2218 384 987 38746 4161 671 3490 34585 1891
is_linear=0
shrinkage=0.03


Tree=114
num_leaves=15
num_cat=0
split_feature=13 2 13 13 14 19 21 13 19 19 21 2 21 21
split_gain=1.95673 3.91752 3.06644 2.96589 2.62706 5.48571 4.09138 3.50179 3.16166 2.93558 2.92981 2.55006 2.29529 1.63272
threshold=0.87877551020408173 -2.0918429289774978 0.10657596371882087 0.73734693877551039 0.91666666666666685 0.0059674661163155156 0.0080366518078000011 0.9191836734693879 0.0037725036392178145 0.0057186049851525363 0.01170508312610706 1.3308131038863158 0.0071552678058345249 0.010843796367351218
decision_type=2 2 2 2 2 2 2 2 2 2 2 2 2 2
left_child=1 3 12 -1 6 8 9 -7 -6 -2 -8 -4 -3 -5
right_child=4 2 11 13 5 7 10 -9 -10 -11 -12 -13 -14 -15
leaf_value=0.0011229582246379414 -0.0010619220382553113 -0.0052242586001209519 -0.0013173829216770578 0.00060450983314300558 0.0012493561842572181 0.0075842046704216841 -0.0060352371680447246 -0.0043131067456648985 0.010593551117404201 0.010839838250850322 0.0016232379093354765 0.0024794652659343619 0.0039574655390426788 0.02598390626639973
leaf_weight=20.170308362692595 29.063299665227532 24.787234112620354 1348.492377333343 4.5870668441057196 53.647006615996361 27.979633877985179 101.7654198743403 81.336321372538805 103.46226523816586 40.23798730969429 73.791691380552948 176.28713394422084 201.95344318356365 9.0168679244816285
leaf_count=224 383 509 29715 50 517 321 1391 916 1008 462 962 2321 3702 59
internal_value=0.00029653 -0.0001649 -0.000373457 0.00964771 0.00193133 0.00398501 -0.000256644 -0.00105166 0.00755294 0.00574837 -0.00274966 -0.000865913 0.00285124 0.0195619
internal_weight=2296.58 1785.29 1751.52 33.7742 511.284 266.425 244.858 109.316 157.109 69.3013 175.557 1524.78 226.741 13.6039
internal_count=42540 36580 36247 333 5960 2762 3198 1237 1525 845 2353 32036 4211 109
is_linear=0
shrinkage=0.03


Tree=115
num_leaves=15
num_cat=0
split_feature=0 20 7 6 24 7 17 8 2 7 11 8 8 0
split_gain=1.7992 4.98574 3.43785 2.97862 2.73797 2.63449 1.96673 1.93955 3.10329 6.27017 1.8789 1.84241 1.2981 2.83988
threshold=-1.9424959647950255 0.025454107793846829 0.06394557823129253 -2.3843945464961673 1.0000000180025095e-35 0.1918367346938776 0.026097850287892025 3.1564045971918957 2.7679377406547556 0.085260770975056702 0.83836734693877568 0.53345987043296184 1.7402479860756748 0.44227926044772187
decision_type=2 2 2 2 2 2 2 2 2 2 2 2 2 2
left_child=1 4 3 -3 6 -4 -1 12 9 -9 -10 -6 -2 -14
right_child=7 2 5 -5 11 -7 -8 8 10 -11 -12 -13 13 -15
leaf_value=0.0061001025002732426 1.6029071332440272e-05 -0.011721882420984649 -0.021028144626380228 0.01259267720550541 -0.0010420549328217701 0 -0.010183601547086585 -0.0083620112600629442 -0.019930895281786435 0.016794019975344326 0.0026074549419490252 0.016086906056473099 -0.0054281708649865411 0.0013836338383907186
leaf_weight=19.889010561630133 1930.3815478128381 4.4780570100992909 11.514668168500068 11.464501524344085 4.5191856566816559 6.5893984194844952 7.3871464617550364 10.342210806906222 4.0059933848679048 28.093925138935447 4.450497217476368 34.141702108085155 121.84337261877954 92.994300414808095
leaf_count=189 39442 58 131 114 85 72 82 92 32 189 31 271 1075 784
internal_value=9.2163e-05 0.0039904 -0.00487118 0.00438171 0.00879557 -0.0133908 0.00078324 -8.22768e-05 0.00581492 0.0095754 -0.00840487 0.013763 -0.000223466 -0.00242488
internal_weight=2292.1 99.9837 34.0466 15.9426 65.937 18.1041 27.2762 2192.11 46.8926 38.4361 8.45649 38.6609 2145.22 214.838
internal_count=42647 1002 375 172 627 203 271 41645 344 281 63 356 41301 1859
is_linear=0
shrinkage=0.03


Tree=116
num_leaves=15
num_cat=0
split_feature=9 20 23 18 19 19 8 6 19 11 8 2 6 19
split_gain=1.99085 2.70488 2.53637 1.98944 2.99011 2.84742 1.40695 6.45832 6.44568 4.88634 2.32177 3.31338 2.03538 1.3727
threshold=0.20204081632653065 0.049667278536821409 0.050589914425169587 0.025834658534521052 0.005573244092477979 0.0063951495587895113 2.9588964550786105 -1.717595181757863 0.0036725917437371402 0.85857142857142865 2.7796601802428795 0.35951057819353577 -1.717595181757863 0.0078411833163536723
decision_type=2 2 2 2 2 2 2 2 2 2 2 2 2 2
left_child=1 3 -3 5 -5 -1 10 9 -9 -8 12 -12 -2 -4
right_child=6 2 13 4 -6 -7 7 8 -10 -11 11 -13 -14 -15
leaf_value=0.0035299638214394582 0.0049776109826974958 0.016718584267580827 0.0024884521736421774 -0.01031504809140849 -0.00052892934440709717 -0.0057175362467217867 -0.024074676634764078 -0.010982480156681842 0.012018366378303991 0.0092959133699208052 0.0025237141724818732 -0.020740698712041972 0.00017719640001044777 -0.010903125590593209
leaf_weight=62.255643591284752 81.70670163538307 8.6420868635177595 44.291431726887822 68.998804267495871 52.49466862436384 53.349607776384801 9.3483573868870717 11.031675947830079 59.518581138923764 3.9443259090185157 8.0601983871310967 9.3050213921815139 1813.960507591255 6.0077651198953381
leaf_count=1832 991 183 1025 2076 1572 1695 109 92 419 31 72 83 32305 162
internal_value=0.000114436 -0.0021642 0.0033771 -0.0036212 -0.00628519 -0.000634694 0.000461579 0.00423195 0.00801145 -0.0132711 0.000284254 -0.0100223 0.000397035 0.000246358
internal_weight=2292.92 296.04 58.9413 237.099 121.493 115.605 1996.88 83.8429 70.5503 13.2927 1913.03 17.3652 1895.67 50.2992
internal_count=42647 8545 1370 7175 3648 3527 34102 651 511 140 33451 155 33296 1187
is_linear=0
shrinkage=0.03


Tree=117
num_leaves=14
num_cat=0
split_feature=0 13 11 9 23 8 19 2 11 18 9 23 8
split_gain=1.77466 2.51787 3.85304 2.76476 2.64502 2.13166 4.02398 6.68029 1.99857 1.91696 1.26772 2.09548 1.14167
threshold=-1.9424959647950255 0.9900000000000001 0.95959183673469395 0.87877551020408173 0.0098545964817406979 3.1564045971918957 0.003639742433337288 2.7679377406547556 0.87877551020408173 0.050275543266602336 0.20204081632653065 -0.061567639559007008 1.7402479860756748
decision_type=2 2 2 2 2 2 2 2 2 2 2 2 2
left_child=1 2 3 -1 -4 10 -7 -8 9 -3 11 -2 -12
right_child=5 8 4 -5 -6 6 7 -9 -10 -11 12 -13 -14
leaf_value=-0.00059148351244471076 -0.012020884031759152 -0.02181156263467221 0.0039932845187661556 0.013012620383673701 -0.014439650273346122 -0.012794242339790722 0.015374355080172869 -0.014507690379456459 0.0066070610112892308 0.002624802092591071 0.00036692639134437943 -0.0013046071632456348 -0.001951251031996636
leaf_weight=15.209374580532311 16.113138640299439 6.4645005501806718 13.301639385521414 49.292614940553904 10.068445360288022 6.1099841054528943 33.699352502822876 6.1269356049597254 3.6557975038886061 2.2923986986279488 1637.1288245422766 277.52361830789596 213.78582917526364
leaf_count=247 614 85 128 368 118 54 241 49 30 26 30920 7908 1859
internal_value=0.000125741 0.00399006 0.00588739 0.00965794 -0.00386914 -4.78118e-05 0.0061997 0.00994474 -0.00735387 -0.0147215 -0.000194273 -0.00202074 8.92579e-05
internal_weight=2290.77 100.285 87.8721 64.502 23.3701 2190.49 45.9363 39.8263 12.4127 8.7569 2144.55 293.637 1850.91
internal_count=42647 1002 861 615 246 41645 344 290 141 111 41301 8522 32779
is_linear=0
shrinkage=0.03


Tree=118
num_leaves=15
num_cat=0
split_feature=8 12 12 17 19 8 17 19 8 16 19 22 14 12
split_gain=1.55705 2.94611 3.97468 3.42221 2.62881 4.80855 7.04469 3.62895 3.31127 4.69791 3.24742 1.82028 3.49665 1.74424
threshold=1.2615255539061019 1.479772697195296 1.0078879970402725 -0.013991916388760238 0.0051511106356933551 2.6236473837349648 0.029955035811310208 0.0027653798327476205 2.4988411460614226 0.81816326530612249 0.0065716592877551995 1.0000000180025095e-35 0.36666666666666675 -0.3722333993089792
decision_type=2 2 2 2 2 2 2 2 2 2 2 2 2 2
left_child=1 2 13 -4 5 7 -7 -2 10 -10 -6 -3 -13 -1
right_child=4 11 3 -5 8 6 -8 -9 9 -11 -12 12 -14 -15
leaf_value=0.00057274026421288396 -0.0047076853618615968 0.0011654377695896117 -0.0068642152987557891 0.0099024826685051148 -0.0070767479142287721 -0.0077123918318595082 0.021411538724251281 0.0088865080200537273 0.022633456921345479 0.0017339574642416817 0.00048468975011257959 0.0045825515529078504 -0.014205419895568285 -0.0013605237174115481
leaf_weight=862.0235294229351 17.648920452222228 15.449195107445119 10.828688595443962 57.656436046585441 75.333425825461745 46.806196490302682 6.7019913159310809 127.84152711369097 9.7319765575230104 71.198750197887421 140.68600771203637 9.3185384543612582 34.263369000516832 804.82370201032609
leaf_count=18917 179 229 192 819 700 400 43 1067 57 589 1237 167 629 17422
internal_value=0.000118879 -0.000285625 -4.90141e-05 0.00691902 0.00160779 0.00425997 -0.0031543 0.00709427 -0.000135983 0.00491324 -0.00212417 -0.00676594 -0.00983435 -0.000352244
internal_weight=2290.31 1794.36 1735.33 68.4851 495.949 198.999 53.5082 145.49 296.95 80.9307 216.019 59.0311 43.5819 1666.85
internal_count=42647 38375 37350 1011 4272 1689 443 1246 2583 646 1937 1025 796 36339
is_linear=0
shrinkage=0.03


Tree=119
num_leaves=14
num_cat=0
split_feature=0 20 18 6 6 6 8 19 2 13 4 2 18
split_gain=1.86582 3.44969 2.50567 2.14568 1.75647 1.88656 1.67867 2.66332 5.36307 1.34194 1.19241 2.4327 2.00126
threshold=-1.9424959647950255 0.025454107793846829 0.094983077859798884 -4.6292292241411968 -0.47655987536503458 -0.018828982069288108 3.1564045971918957 0.003639742433337288 2.7679377406547556 0.9900000000000001 -0.14825352782971438 -0.069479199105264941 0.0032858879330409656
decision_type=2 2 2 2 2 2 2 2 2 2 2 2 2
left_child=1 2 3 -1 9 -6 10 -8 -9 -3 12 -12 -2
right_child=6 4 -4 -5 5 -7 7 8 -10 -11 11 -13 -14
leaf_value=-0.006831369877896178 0.0010850942465370948 0.0057861826539149256 -0.0082924360674320793 0.011508853165792766 -0.017847628707642751 0.0036890411024780878 -0.0099686377030288997 0.013353929249904696 -0.013432181848194349 -0.010341121268261651 0.0029560667381026144 -0.00027184487735816651 -0.0019526848844099514
leaf_weight=3.9918698929250231 273.48021936137229 16.740350650623444 5.2239665128290644 57.025702748447657 9.1885017557069641 3.0580708067864171 5.9887566585093728 34.007574260234833 6.0410327278077594 3.8698114966973653 263.99867784697562 972.6931444471702 632.3774400446564
leaf_count=41 5345 173 57 529 123 32 54 241 49 47 5212 18202 12542
internal_value=0.000120065 0.00410677 0.00803735 0.00989225 -0.00339372 -0.0116539 -5.71882e-05 0.00547901 0.00851001 0.00144779 -0.000188139 0.000408774 -0.00101868
internal_weight=2287.69 99.0983 66.2415 61.0176 32.8567 12.2466 2188.59 46.0374 40.0486 20.6102 2142.55 1236.69 905.858
internal_count=42647 1002 627 570 375 155 41645 344 290 220 41301 23414 17887
is_linear=0
shrinkage=0.03


Tree=120
num_leaves=15
num_cat=0
split_feature=12 21 21 20 12 21 21 20 0 12 4 20 8 7
split_gain=2.00548 2.71076 2.09188 3.18296 2.55061 2.40936 3.99983 2.51361 2.04166 1.98704 1.57056 1.55185 0.942703 0.77396
threshold=-0.18816745909843863 0.032749679784226972 0.033262277075924142 -0.10577821987073981 0.56381824555469195 0.01170508312610706 0.010896192374673758 -0.030112465478620561 2.4902484427957536 -0.35320334968851991 1.4382334168919637 -0.10577821987073981 0.80773833570211018 0.59591836734693893
decision_type=2 2 2 2 2 2 2 2 2 2 2 2 2 2
left_child=1 8 5 -4 -5 6 -2 -7 9 -1 -10 12 -3 -13
right_child=2 11 3 4 -6 7 -8 -9 10 -11 -12 13 -14 -15
leaf_value=-0.00031298507667817802 0.0012800661015042272 -0.0097011900258285374 0.0047495417978065538 0 -0.029250909502332913 -0.0013490926920600994 -0.0050616438956551033 0.0051355594094473012 0.014869127996759043 -0.0031225747110607766 -0.0014378060214546243 0.016271362463844134 0.0089150414841726328 0
leaf_weight=915.34888871526346 625.88121057394892 4.4518993096426156 6.3717181682586661 3.5360885784029943 5.4934137342497706 65.294720627367496 102.02709121257067 223.61615292076021 10.993585623800756 306.24190616142005 5.878897948190569 13.504434003494682 1.4737554378807542 4.9197778822854152
leaf_count=19669 9318 130 80 76 75 975 1548 3173 97 7109 99 258 19 128
internal_value=0.000133314 -0.000660596 0.00111848 -0.00909725 -0.0193177 0.00130549 0.000359198 0.00361925 -0.000872859 -0.00103354 0.00884224 0.00881295 -0.00209729 0.0129181
internal_weight=2295.03 1262.81 1032.22 15.4012 9.0295 1016.82 727.908 288.911 1238.46 1221.59 16.8725 24.3499 5.92565 18.4242
internal_count=42754 27509 15245 231 151 15014 10866 4148 26974 26778 196 535 149 386
is_linear=0
shrinkage=0.03


Tree=121
num_leaves=15
num_cat=0
split_feature=12 21 20 12 6 21 13 19 21 13 1 19 12 13
split_gain=1.88891 2.18457 1.93634 2.97879 5.00018 2.86322 2.89292 2.25444 1.90582 1.87355 2.2938 2.08577 1.63562 1.10392
threshold=-0.18816745909843863 0.032749679784226972 0.016562147148228682 0.35352955357019905 -0.31519988309483599 0.016160907238553141 0.75532879818594112 0.0082166414621843726 0.0068115325643003004 0.56571428571428584 0.95959183673469395 0.0024357696762174951 -0.64279906881655935 0.37256235827664402
decision_type=2 2 2 2 2 2 2 2 2 2 2 2 2 2
left_child=1 9 3 4 -2 8 -7 -5 -4 10 -1 -11 -3 -14
right_child=2 12 5 7 -6 6 -8 -9 -10 11 -12 -13 13 -15
leaf_value=-0.00071848753413387132 0.012539212562471473 -0.0031816280202751103 0.0036358452215096066 0.001271762540603998 0.0022061598615059266 -0.0077826258308762268 0.01336032625087207 -0.006959102405860609 -0.0016818407795959897 -0.021067058463289292 0.0052542536133972717 -0.0030258168622754825 0.019777094142956458 0.0029713516188314276
leaf_weight=1020.289877501782 56.725840989500284 6.1523360293358591 68.377080548554659 282.08174389693886 172.74936707690358 5.1935986038297441 22.848742302507162 31.271016816608608 395.42924692947417 4.4749312335625282 58.996077407151461 150.31993148475885 7.9584768377244499 10.749465322121976
leaf_count=22408 769 160 1016 3415 3266 111 309 411 5948 109 1002 3455 132 243
internal_value=0.000136216 -0.000636365 0.00109014 0.00232486 0.00491154 -0.000246088 0.00868781 0.000363872 -0.000853429 -0.000830297 -0.000369018 -0.0039051 0.0077771 0.0120646
internal_weight=2293.62 1258.94 1034.68 542.828 229.475 491.849 28.0423 313.353 463.806 1234.08 1079.29 154.795 24.8603 18.7079
internal_count=42754 27509 15245 7861 4035 7384 420 3826 6964 26974 23410 3564 535 375
is_linear=0
shrinkage=0.03


Tree=122
num_leaves=15
num_cat=0
split_feature=12 12 19 17 8 19 19 3 19 19 11 11 0 12
split_gain=1.62136 1.88042 2.36609 2.2416 3.25138 2.27508 2.1856 1.85131 5.89419 3.88948 3.79125 2.25341 3.18322 2.97269
threshold=-0.18816745909843863 -0.3722333993089792 0.0024357696762174951 -0.048597138251807663 0.73161575225519992 0.0072317540913596516 0.003639742433337288 0.30861678004535154 0.0072115767005135499 0.0081060541342195796 0.69693877551020422 0.89897959183673481 1.0514178674790515 1.5375482304615888
decision_type=2 2 2 2 2 2 2 2 2 2 2 2 2 2
left_child=1 3 -3 4 -1 -5 -4 8 10 -10 -2 12 -9 -13
right_child=7 2 6 5 -6 -7 -8 11 9 -11 -12 13 -14 -15
leaf_value=0.00059184543010325815 -0.00037566773518400161 -0.017616319803489516 0.0038309287954762122 0.00060075967639162617 0.02130228937369057 -0.0032113493164170003 -0.002937173809451694 0.0021955626423732027 0.01008029078502469 -0.0023999176168715531 -0.0084486221447056479 0.0021014213017686062 -0.0032068122828992104 0.012657677470665993
leaf_weight=23.051593751646582 145.43155613727868 7.282447504810988 46.507428593933582 695.90902343578637 8.863913916051386 174.03206218639389 300.9499364644289 480.07219934277236 58.037961342372 32.233994358219206 83.887152642011642 79.703268215991557 119.61696792393923 36.285629184916615
leaf_count=590 2213 193 1073 14709 78 3840 7026 7807 733 504 1064 1047 1576 301
internal_value=0.000130549 -0.000585797 -0.00243177 0.000127485 0.00770305 -0.000150268 -0.00197159 0.00101396 -0.000848818 0.00550591 -0.0034412 0.00186674 0.00108597 0.00568952
internal_weight=2291.87 1256.6 354.74 901.857 31.9155 869.941 347.457 1035.27 319.591 90.272 229.319 715.678 599.689 115.989
internal_count=42754 27509 8292 19217 668 18549 8099 15245 4514 1237 3277 10731 9383 1348
is_linear=0
shrinkage=0.03


Tree=123
num_leaves=15
num_cat=0
split_feature=8 19 12 19 23 23 21 12 21 2 12 4 10 8
split_gain=1.69559 3.1922 4.67112 3.95435 3.56396 5.90724 2.28039 1.93836 2.77492 2.9734 2.03188 2.93444 1.68608 1.60862
threshold=1.3772374936943625 0.0033402654104216964 -0.60741699504048718 0.0046218421950400424 -0.053623569158735111 -0.0076275356974587196 0.011654976536600675 1.5375482304615888 0.01204645468917148 -0.81457650627380773 0.95592973868474007 1.3671043258920308 -0.22026024623123938 0.25733076252128506
decision_type=2 2 2 2 2 2 2 2 2 2 2 2 2 2
left_child=7 4 6 -4 -2 -6 -3 10 13 -10 12 -12 -1 -9
right_child=1 2 3 -5 5 -7 -8 8 9 -11 11 -13 -14 -15
leaf_value=0.00064444263475625738 0.0094270846778110682 -0.023675709272885568 0.009263158958180015 0.0016973722600466914 -0.024889397923708638 -7.8833963551329513e-05 0 0 -0.014178388233464283 0.010278371851328121 0.0016600297165331884 0.016547804723628056 -0.0012476184332810307 -0.013062481858244606
leaf_weight=807.49571566190571 8.8031224645674211 6.6684068702161294 78.452719770371914 316.91169538069516 12.528900565579532 24.398738951422274 5.9564700499176979 10.320432477630673 3.9120623711496618 14.282509651035069 81.462384420447052 12.849665390327571 875.82201107544824 30.702333886176348
leaf_count=16634 68 69 660 2683 120 226 49 249 59 206 1222 133 19895 481
internal_value=0.000128575 0.00177105 0.00264387 0.00327548 -0.00548608 -0.00972822 -0.0138531 -0.000270462 -0.005523 0.00339369 -8.10472e-05 0.00414568 -0.000331399 -0.00980034
internal_weight=2290.57 453.72 407.989 395.364 45.7308 36.9276 12.6249 1836.85 59.2173 18.1946 1777.63 94.312 1683.32 41.0228
internal_count=42754 3875 3461 3343 414 346 118 38879 995 265 37884 1355 36529 730
is_linear=0
shrinkage=0.03


Tree=124
num_leaves=15
num_cat=0
split_feature=8 12 13 6 16 18 12 21 2 13 17 12 7 21
split_gain=1.77999 2.64931 6.12258 2.38485 2.24213 1.6233 1.57866 2.55588 2.81306 2.51256 3.27243 2.84991 1.65441 0.526227
threshold=1.3772374936943625 -0.60741699504048718 0.37256235827664402 -0.11512918960614858 0.51065759637188213 0.05536943604096279 1.5375482304615888 0.01204645468917148 -0.44361658508126317 0.89897959183673481 0.055816768844057403 0.40072700226336 0.25244897959183682 0.0081780342565872643
decision_type=2 2 2 2 2 2 2 2 2 2 2 2 2 2
left_child=6 3 13 5 -4 -2 9 12 -9 11 -11 -1 -8 -3
right_child=1 2 4 -5 -6 -7 7 8 -10 10 -12 -13 -14 -15
leaf_value=-0.0001185975708458727 -0.010415023613477885 0.0017363276748863007 -0.0086330007377218385 -0.022818134891730724 0.0019852634977084835 0.011361309744487007 -0.017577939198248758 -0.011076125298181447 0.011264455894447358 0.0050529848937938748 -0.017936802745892096 -0.0055982769807780813 -0.0037385150884205612 0.022810957787604523
leaf_weight=1564.9122851518914 4.1196230947971326 3.2873151376843444 16.318487837910652 5.2365590371191493 407.86859013698995 4.1757285445928574 13.155421540141104 5.3477676063776043 12.765002990141509 119.57620469853282 3.6573781464248887 88.83285413403064 27.184641761705279 11.956173595041035
leaf_count=34431 39 30 181 57 3454 31 216 85 180 1723 62 1668 514 83
internal_value=0.000127631 0.001812 0.00226103 -0.0102174 0.00150299 0 -0.000281407 -0.00505474 0.00347714 -0.000110452 0.00397535 -0.000428411 -0.00922314 0.0198646
internal_weight=2288.39 452.962 439.431 13.5319 424.187 8.29535 1835.43 58.4528 18.1128 1776.98 123.234 1653.75 40.3401 15.2435
internal_count=42754 3875 3748 127 3635 70 38879 995 265 37884 1785 36099 730 113
is_linear=0
shrinkage=0.03


Tree=125
num_leaves=15
num_cat=0
split_feature=8 21 10 21 19 18 19 13 19 10 21 21 13 3
split_gain=2.60786 3.69213 4.54004 3.6915 3.88211 3.47025 3.01086 2.73037 2.03825 1.81066 1.87897 1.57588 1.48904 1.06117
threshold=0.38580718111226275 0.012273353590559788 1.5914874007380979 0.0095703783511010779 0.001597756670429469 -0.0025354054350811279 0.0050415936606048395 0.97979591836734703 0.010327835641592726 -0.79246156079685692 0.007108309953295461 0.011484256079876397 0.77664399092970526 0.10602040816326531
decision_type=2 2 2 2 2 2 2 2 2 2 2 2 2 2
left_child=8 3 7 6 -5 -4 -2 -3 9 10 -1 -11 13 -10
right_child=1 2 5 4 -6 -7 -8 -9 12 11 -12 -13 -14 -15
leaf_value=-0.0053231154829406655 0.0054901815401541126 0.0040321192779761887 0 0.019546346065224134 -0.0027607470297148075 0.020002875553050397 0.00013977908707694036 -0.0055129935123106981 0.001996208292884021 -0.00057984992794610311 0.0019997802406740359 -0.0033050381498209661 0.0021686623604835692 -0.016766471402888807
leaf_weight=32.632752723991871 142.31812428403646 161.11551825143397 12.316318737342952 5.0545800104737273 324.00074920896441 24.63054876588285 293.15669094212353 29.344942532479763 1.1579147111624504 653.89827427081764 286.41504315286875 279.97586157219484 4.1818092409521332 13.860882806591688
leaf_count=701 1763 2014 114 52 3765 184 3445 319 29 16365 5280 7808 91 428
internal_value=-1.0186e-05 0.00113487 0.00447464 0.000112814 -0.00225677 0.0139066 0.00193974 0.00244152 -0.000915196 -0.000744948 0.00117557 -0.00141821 -0.0101988 -0.0143739
internal_weight=2264.06 991.937 227.407 764.53 329.055 36.9469 435.475 190.46 1272.12 1252.92 319.048 933.874 19.2006 15.0188
internal_count=42358 11656 2631 9025 3817 298 5208 2333 30702 30154 5981 24173 548 457
is_linear=0
shrinkage=0.03


Tree=126
num_leaves=15
num_cat=0
split_feature=8 0 10 10 10 0 16 8 13 22 20 4 13 10
split_gain=2.52807 2.00246 2.47545 1.87068 3.15522 7.46084 2.09761 2.08203 4.46765 3.88632 1.81211 1.31912 0.945865 0.976908
threshold=0.5778945568009809 -0.073075544105749971 -0.18755655365760016 -0.45777963915166536 -1.028945767892083 0.20927404275587649 0.62111111111111128 1.9299400855849262 0.81816326530612249 1.0000000180025095e-35 0.074985743588634871 -1.1374457974664207 0.97979591836734703 2.2714636159974986
decision_type=2 2 2 2 2 2 2 2 2 2 2 2 2 2
left_child=1 2 11 4 5 -2 -6 8 -5 -9 -4 -1 13 -3
right_child=3 12 10 7 6 -7 -8 9 -10 -11 -12 -13 -14 -15
leaf_value=-0.0021013200532525849 -0.0023482140634326081 -0.0016024165906687797 -0.0021199369442948704 0.00081447176251033676 0.00099866057595938106 0.012766077676598743 -0.0061778170727105394 0.010067098342452542 0.007197040522241036 -0.0024646423916512405 0.0085470487888948815 0.0027229292109202997 -0.01613267103076578 -0.0091274917623031214
leaf_weight=55.357949879951775 83.926991119980812 674.84017477696761 304.67844950500876 259.2868954539299 51.394583564251661 42.00190101377666 99.903582736849785 24.08740571513772 164.49249914847314 145.72006253432482 12.618064785376189 324.56773729808629 2.497852958738803 15.011895412579177
leaf_count=1228 931 17006 7431 3102 708 403 1145 212 1633 1228 249 6653 60 369
internal_value=0 -0.000789699 0.000326786 0.00126986 -0.000720782 0.00269647 -0.00366096 0.00222404 0.0033493 -0.000503195 -0.00159788 0.0019734 -0.00193335 -0.00181376
internal_weight=2260.39 1389.57 697.222 870.814 277.227 125.929 151.298 593.587 423.779 169.807 317.297 379.926 692.35 689.852
internal_count=42358 32996 15561 9362 3187 1334 1853 6175 4735 1440 7680 7881 17435 17375
is_linear=0
shrinkage=0.03


Tree=127
num_leaves=15
num_cat=0
split_feature=8 21 21 12 4 13 23 12 0 21 4 17 0 15
split_gain=2.73866 3.45858 3.79747 3.71628 4.33532 3.14246 2.84742 2.3691 1.91741 2.47355 1.80499 1.71513 1.67065 1.30687
threshold=0.5778945568009809 0.011654976536600675 0.010896192374673758 2.8006303217971742 -0.80000302397077372 0.59591836734693893 -0.027732345771372898 -0.6663876299494732 -0.073075544105749971 0.021203622975256225 0.12821773170836623 -0.065635395063054255 -0.67650201938667365 0.35416666666666669
decision_type=2 2 2 2 2 2 2 2 2 2 2 2 2 2
left_child=8 2 7 4 -3 -4 -5 -2 9 10 -1 -10 -11 -13
right_child=1 3 5 6 -6 -7 -8 -9 11 12 -12 13 -14 -15
leaf_value=-0.0010324581397788833 -0.013358262089470187 0.01190699759549721 0.0032085984501842454 -0.013341687611506456 0.0026928103206329125 -0.0091550666816802382 0.0017742418895749412 0.0013658009236477864 -0.014449295671542448 0.016811504305646749 0.0023593533675995535 0.0028662471548054911 0 -0.002085719686719085
leaf_weight=479.61784926243126 7.8813880234956732 70.792862426489592 22.611395044252276 14.907486220821736 145.99250567704439 62.415580231696367 28.362348932772875 516.15005463268608 8.0540050780400616 11.406174533069136 197.63591667450964 47.710820925422013 9.7661086348816735 633.29614655859768
leaf_count=11050 109 652 272 154 1645 654 303 5573 256 231 4023 1172 257 16007
internal_value=2.19307e-05 0.00134711 8.1712e-05 0.00423024 0.00585167 -0.00569663 -0.00346156 0.00106589 -0.000798103 0.000291088 -1.65455e-05 -0.00192145 0.009931 -0.00170945
internal_weight=2256.6 869.114 609.058 260.055 216.785 85.027 43.2698 524.031 1387.49 698.426 677.254 689.061 21.1723 681.007
internal_count=42358 9362 6608 2754 2297 926 457 5682 32996 15561 15073 17435 488 17179
is_linear=0
shrinkage=0.03


Tree=128
num_leaves=15
num_cat=0
split_feature=8 19 19 17 10 22 19 10 11 15 10 14 18 23
split_gain=2.57312 2.21671 4.39763 5.0958 3.59953 3.40497 2.77586 1.89165 2.15813 1.5186 1.48016 1.40348 2.27004 1.71377
threshold=0.5778945568009809 0.0050307462867943088 0.0033704395407649491 0.016729253769320333 -0.45777963915166536 1.0000000180025095e-35 0.0066596196905200087 -0.79246156079685692 0.16163265306122451 0.91666666666666685 -1.9110433274935918 0.55000000000000016 -0.083170437402188976 -0.029526616274857472
decision_type=2 2 2 2 2 2 2 2 2 2 2 2 2 2
left_child=7 2 3 -2 -4 6 -3 8 10 -7 -1 13 -13 -9
right_child=1 5 4 -5 -6 9 -8 11 -10 -11 -12 12 -14 -15
leaf_value=-0.0097604255313991622 -0.0062478475429733503 -0.0021015547416861321 5.8196626955002173e-05 0.0094753128677114214 0.0083125209510066748 -0.0026294782174427038 0.0078776890057930121 0.0013265385098206583 0.005408740304172553 0.00083459565318459315 0.00033656471227293846 -0.0093308277045152602 -0.00034457503851182097 -0.0043020633761135501
leaf_weight=11.706421259790657 68.690673309378326 32.437492331489921 75.255688775330782 22.748560329899192 147.18711255118251 238.83778340928257 78.254755556583405 55.467064305208623 79.315275613218546 205.76270340383053 260.65942309610546 24.504837683402002 716.63407272007316 236.37767518125474
leaf_count=296 752 344 872 225 1551 2669 844 1475 1502 2105 4759 765 18073 6126
internal_value=3.88495e-05 0.00132284 0.00333179 -0.00205657 0.0056122 0.000152469 0.00483485 -0.000757057 0.00111523 -0.000996147 -0.000110723 -0.0014099 -0.000686191 -0.00317951
internal_weight=2253.84 869.175 313.882 91.4392 222.443 555.293 110.692 1384.66 351.681 444.6 272.366 1032.98 741.139 291.845
internal_count=42358 9362 3400 977 2423 5962 1188 32996 6557 4774 5055 26439 18838 7601
is_linear=0
shrinkage=0.03


Tree=129
num_leaves=15
num_cat=0
split_feature=9 21 11 6 18 18 17 19 17 21 19 19 1 14
split_gain=2.57418 2.21177 5.03243 3.29215 2.87183 2.48933 2.99945 2.70213 2.05662 3.99297 1.61256 1.20285 0.910046 0.19987
threshold=0.58591836734693892 0.012331902103537283 0.85857142857142865 -0.80998529831195532 -0.011667972793563573 0.017170694249955657 -0.034980429149012164 0.0048432310391404781 -0.065635395063054255 0.033262277075924142 0.0015321555999446726 0.0093440508382401453 0.30806122448979595 0.36666666666666675
decision_type=2 2 2 2 2 2 2 2 2 2 2 2 2 2
left_child=8 5 3 -3 -4 6 -2 -7 12 10 -10 -11 -1 -14
right_child=1 2 4 -5 -6 7 -8 -9 9 11 -12 -13 13 -15
leaf_value=0 0.0040656467064014825 0.010049932300830872 0 -0.00064081459181579187 0.01347409632304537 0.0037499876544272908 -0.0029902131799475094 -0.00019342957581694687 -0.011341553820501941 0.023110814818182477 -0.00097698977877468487 0 0 -0.017622687380238072
leaf_weight=3.4931011311709872 62.688565101474524 27.852852582931519 21.406994642689824 183.98677923809737 53.185360824689269 256.75650887563825 300.74548306316137 378.07687800936401 12.060947166755794 5.9639466172084195 932.54307394428179 2.6907681487500668 0.98806525208055873 8.4418393671512586
leaf_count=85 815 307 243 2893 538 3618 4281 5143 284 136 23627 77 32 279
internal_value=3.91866e-05 0.000924826 0.00324316 0.000775516 0.00985208 0.000239479 -0.00171651 0.00138469 -0.0011224 -0.000930324 -0.00114886 0.0172517 -0.0122623 -0.0163699
internal_weight=2250.88 1284.7 286.432 211.84 74.5924 998.267 363.434 634.833 966.182 953.259 944.604 8.65471 12.923 9.4299
internal_count=42358 17838 3981 3200 781 13857 5096 8761 24520 24124 23911 213 396 311
is_linear=0
shrinkage=0.03


Tree=130
num_leaves=12
num_cat=0
split_feature=0 18 20 0 3 18 0 5 8 3 8
split_gain=1.29729 3.47697 2.5604 1.5711 3.06847 2.73951 2.48713 2.73139 2.14483 1.98196 0.957088
threshold=3.6173611821892426 0.059021416756913976 0.039901764986876816 1.6407898872637681 0.93938775510204098 -0.021399198839975372 1.070699977755851 0.9191836734693879 2.9588964550786105 0.93938775510204098 2.3784223832807219
decision_type=2 2 2 2 2 2 2 2 2 2 2
left_child=3 2 10 6 8 -6 7 -1 -5 -8 -2
right_child=1 -3 -4 4 5 -7 9 -9 -10 -11 -12
leaf_value=-0.00050947124939733194 -0.028691544493907633 0.01401863317054184 0.0011614057316051566 0.0045115035267193297 0.0087328053599078428 -0.0049494879917747047 -0.0017742445978060632 0.0037619062096234061 0.022039114042139787 -0.009479399634799832 -0.0028565884161929067
leaf_weight=1784.8581875702366 5.9755133409053105 2.7838415428996077 4.5707289204001418 83.087810702621937 14.451570981182156 57.790518597699702 113.25385833997279 143.37666152697057 5.7773708663880816 43.509941206779331 3.8185988385230303
leaf_count=34863 77 18 39 1170 154 632 2426 2538 40 583 41
internal_value=-0.000332014 -0.00813408 -0.0145324 -0.00025859 0.00256283 -0.00184887 -0.000486035 -0.000180527 0.00627611 -0.00409977 -0.0220831
internal_weight=2263.25 17.1487 14.3648 2246.11 161.107 72.2421 2085 1928.23 88.8652 156.764 9.79411
internal_count=42581 175 157 42406 1996 786 40410 37401 1210 3009 118
is_linear=0
shrinkage=0.03


Tree=131
num_leaves=15
num_cat=0
split_feature=4 2 21 12 21 21 2 21 23 13 12 13 0 8
split_gain=1.37237 3.28914 3.16329 3.11501 4.4076 2.89432 2.69051 3.85502 2.15269 2.01556 2.01246 1.94355 1.80876 1.66978
threshold=-0.1150889214184434 0.070366568892178336 0.011802303186200109 2.8006303217971742 0.0085951126550433288 0.0095703783511010779 -1.9746051302189105 0.0066926302850947418 -0.055554287871510559 0.89897959183673481 4.4471173966164477 0.85857142857142865 1.8904159428497522 1.574508554599044
decision_type=2 2 2 2 2 2 2 2 2 2 2 2 2 2
left_child=3 2 5 6 -5 -2 7 -1 9 -3 -10 -8 -6 -4
right_child=1 8 13 4 12 -7 11 -9 10 -11 -12 -13 -14 -15
leaf_value=-0.019808889774222477 0.0017951707772582155 -0.0081049058892906332 -0.00035906331898253278 0.0070702745915816705 -0.013557049233939007 0.0084782900462393642 -0.0018108066313328541 0.0076605747374256733 -0.00045805328943238066 0.00449973747730771 0.0077323890993481852 0.0017306011688992726 0.0055218283404400298 -0.01406070659487945
leaf_weight=2.8415481969714156 156.60880560427904 55.774693151004612 80.069911613129079 11.634922701865433 43.857864348217845 100.3588949739933 731.04595303256065 54.5812724865973 812.7665442051366 11.205665776506065 25.840304071083665 166.40970524679869 2.7059436477720729 7.2806816324591628
leaf_count=43 3223 1479 1725 131 517 1746 15787 515 14761 116 205 2231 25 77
internal_value=-0.000327551 0.000328161 0.00282283 -0.00115038 -0.007796 0.00450851 -0.000714213 0.00542787 -0.000607954 -0.0057094 -0.000170037 -0.00113508 -0.0119577 -0.00195814
internal_weight=2262.98 1249.91 344.318 1013.08 58.1987 256.968 954.878 57.4228 905.587 66.9804 838.607 897.456 46.5638 87.3506
internal_count=42581 23332 6771 19249 673 4969 18576 558 16561 1595 14966 18018 542 1802
is_linear=0
shrinkage=0.03


Tree=132
num_leaves=14
num_cat=0
split_feature=8 18 16 18 13 18 18 12 7 12 6 18 12
split_gain=1.13327 3.15712 5.34726 4.70306 3.76665 1.95414 1.78302 1.63893 1.69769 2.49218 1.47815 0.9669 0.663184
threshold=1.7402479860756748 -0.0436135344116289 0.93938775510204098 -0.0081945486476118195 0.85857142857142865 -0.003057763777337907 -0.069051267875872055 3.9683632740970327 0.040408163265306128 0.52696257644876943 -0.37306380586670623 0.029725541754420885 2.2133228820753392
decision_type=2 2 2 2 2 2 2 2 2 2 2 2 2
left_child=7 2 6 4 -3 -5 -2 8 9 -1 -10 -9 -4
right_child=1 3 12 5 -6 -7 -8 11 10 -11 -12 -13 -14
leaf_value=0.00044123319444715382 0.016886498490663891 -0.0049011830000067714 -0.0013803170383719014 -0.018144233617615784 0.014203462944668285 -0.0020611747551843368 -0.0045508187872068161 0.018902624206989984 -0.0026911155550398682 0.012185636704910571 -9.9565214898994463e-06 0 -0.024202565173102198
leaf_weight=58.872973251156509 3.9726244695484638 10.943721503019331 3.0762991681695011 5.3768992163240901 27.366940788924694 232.61009095329791 5.2554274164140242 4.4962099865078917 207.89719840977341 22.241541614755988 1663.1490322076716 2.9367831293493509 13.317704144865273
leaf_count=977 30 89 26 52 237 2020 41 45 3894 238 34744 36 152
internal_value=-0.000329502 -0.00203555 -0.0117622 -0.00100162 0.00840157 -0.00263523 0.00470594 -5.71925e-05 -0.000124953 0.00405775 -0.000318431 0.0124023 -0.0213512
internal_weight=2261.51 301.92 25.6221 276.298 38.3107 237.987 9.22805 1959.59 1952.16 81.1145 1871.05 7.43299 16.394
internal_count=42581 2647 249 2398 326 2072 71 39934 39853 1215 38638 81 178
is_linear=0
shrinkage=0.03


Tree=133
num_leaves=15
num_cat=0
split_feature=4 2 18 0 0 19 11 19 9 18 9 23 23 19
split_gain=1.30852 3.10674 4.12699 3.2149 2.88799 2.84427 3.48007 3.90193 3.88306 2.71579 5.80607 2.42261 1.95272 3.07183
threshold=-0.1150889214184434 0.070366568892178336 0.0046861215907410001 -0.12295487665580554 0.54500265376817014 0.0068428575992175245 0.95959183673469395 0.0080779338962311958 0.41408163265306125 0.102785878981576 0.69693877551020422 -0.018725005471779185 -0.026827170582612966 0.0048504852479549958
decision_type=2 2 2 2 2 2 2 2 2 2 2 2 2 2
left_child=5 2 4 -4 -2 9 8 -8 -7 11 -11 -1 -3 -14
right_child=1 12 3 -5 -6 6 7 -9 -10 10 -12 -13 13 -15
leaf_value=0.00089986419325066179 -0.0052741356386223053 -0.0034821684901618437 0.0087533974607992525 0.0016638709868917649 0.0056976164367790686 -0.0038827417390781653 -0.01668313867907124 0.0047946524251836816 0.0039585428317806762 0.0017183836942292704 -0.024735560474502111 -0.0030351683099092953 0.0028752350798850516 -0.0012628269872794924
leaf_weight=195.04119545407593 75.848323362879455 169.83958847774193 106.32595457322896 139.40685830917209 26.974026374518871 71.243341205641627 17.589686079882089 9.8265163116157037 235.15589314047247 12.889778492972257 12.520801814272998 455.00249287486076 236.15899266302586 498.24634360615164
leaf_count=3422 1624 3721 1801 2834 512 2174 236 132 3746 331 188 9020 4027 8813
internal_value=-0.000325256 0.000312932 0.00271855 0.00483789 -0.00219896 -0.00113132 0.00109969 -0.00867255 0.00207331 -0.00225604 -0.011623 -0.00183235 -0.000601753 5.16543e-05
internal_weight=2262.07 1252.8 348.555 245.733 102.822 1009.27 333.815 27.4162 306.399 675.454 25.4106 650.044 904.245 734.405
internal_count=42581 23332 6771 4635 2136 19249 6288 368 5920 12961 519 12442 16561 12840
is_linear=0
shrinkage=0.03


Tree=134
num_leaves=15
num_cat=0
split_feature=4 19 9 11 3 21 18 18 9 19 20 20 14 23
split_gain=1.08354 2.72135 2.77012 3.08216 2.56309 3.87443 2.76428 2.40978 5.22057 2.3691 3.23325 2.32448 1.92202 1.38748
threshold=-0.1150889214184434 0.0068428575992175245 0.41408163265306125 0.95959183673469395 0.62111111111111128 0.011802303186200109 0.0046861215907410001 0.102785878981576 0.69693877551020422 0.0038047855041301302 -0.035332076035467057 -0.035332076035467057 0.55000000000000016 0.10372417568093441
decision_type=2 2 2 2 2 2 2 2 2 2 2 2 2 2
left_child=1 7 -3 -4 5 6 -2 11 -9 10 -6 -1 -11 -7
right_child=4 2 3 -5 9 13 -8 8 -10 12 -12 -13 -14 -15
leaf_value=0.0034927165460138772 -0.00059462414463806485 -0.0038426216989424005 0.0036959062589784252 -0.0072700984127224118 -0.0084672508246716183 -0.0037689700347851136 0.0054268348099370299 0.0013199970184297166 -0.023827689386519857 -0.0063134151151434384 0.004222620249510727 -0.0023625869461834314 -0.00093420772808128552 0.0062893375403408032
leaf_weight=64.450931244529784 89.087597808800638 73.819438782520592 237.23112158291042 22.865064021199942 18.235523420386016 102.54899605736136 241.33274643309414 13.154441374354066 12.040418370626865 66.633047290146351 137.49089789576828 582.08982896897942 589.77678335411474 11.181246862746773
leaf_count=1194 1846 2280 3746 262 395 2222 4524 331 188 1404 2276 11248 10458 207
internal_value=-0.000306372 -0.00104238 0.00113737 0.00262653 0.000271599 0.00210741 0.0037644 -0.00214834 -0.0110148 -0.000716678 0.00255301 -0.0017468 -0.00152056 -0.00255889
internal_weight=2261.94 1005.65 333.916 260.096 1256.29 444.151 330.42 671.736 25.1949 812.136 155.726 646.541 656.41 113.73
internal_count=42581 19249 6288 4008 23332 8799 6370 12961 519 14533 2671 12442 11862 2429
is_linear=0
shrinkage=0.03


Tree=135
num_leaves=13
num_cat=0
split_feature=2 18 4 12 5 6 5 18 23 4 6 12
split_gain=1.92291 2.3048 1.98231 2.6141 1.74806 3.06621 1.32849 3.68409 2.86236 0.88951 0.704673 0.674148
threshold=2.7679377406547556 0.08228923028838854 2.0898683336899562 -0.10051850643797533 0.79795918367346952 0.34211597297624791 0.44222222222222224 0.0026579684217870052 0.010692515375035351 0.44261152155661504 0.32862402928324369 -0.59162594790601697
decision_type=2 2 2 2 2 2 2 2 2 2 2 2
left_child=2 4 6 11 9 -6 8 -8 -1 -2 -5 -4
right_child=1 -3 3 10 5 -7 7 -9 -10 -11 -12 -13
leaf_value=0.00084721381176776215 -0.0030971701790035756 0.010963585440656216 -0.0099440540911286835 0 -0.020065664788879192 -0.003154021710145739 -0.0020312002760536144 0.0017046257855432654 -0.0023752269583821929 0.012596215608702476 0.0193785045044867 0.002491343084903157
leaf_weight=479.72460062615573 3.8438716493546954 4.6094468571245661 3.2490416020154944 2.6887932457029811 14.92717097699642 31.164259940385818 319.56352716265246 886.72769999317825 500.38182118162513 3.6594841945916414 10.818202281370757 12.161430106498303
leaf_count=8768 35 32 86 38 132 277 6586 16443 9982 26 117 296
internal_value=0 -0.00529205 0.000141749 0.00768696 -0.00730405 -0.00954964 2.81672e-05 0.000700815 -0.000784179 0.00401844 0.0164169 -0.000110036
internal_weight=2273.52 58.2042 2215.32 28.9175 53.5948 46.0914 2186.4 1206.29 980.106 7.50336 13.507 15.4105
internal_count=42818 502 42316 537 470 409 41779 23029 18750 61 155 382
is_linear=0
shrinkage=0.03


Tree=136
num_leaves=13
num_cat=0
split_feature=15 8 2 6 12 2 17 17 1 5 23 17
split_gain=1.86894 3.93648 2.14481 3.1096 1.77326 1.53852 5.55292 3.03829 1.74351 1.71216 3.42974 2.44719
threshold=0.18333333333333338 2.0841737005946626 -0.86774256550681239 -0.32354407192824647 0.52696257644876943 2.7679377406547556 0.028059172395416668 0.013370907637059283 0.9191836734693879 0.44222222222222224 -0.1021210935001564 -0.013450452678974432
decision_type=2 2 2 2 2 2 2 2 2 2 2 2
left_child=1 2 3 -1 -4 9 7 -7 -8 11 -11 -2
right_child=5 -3 4 -5 -6 6 8 -9 -10 10 -12 -13
leaf_value=-0.0072066025645635872 0.0017635892560506179 0.020045613991595532 0.00030129325612087121 0.013533675901901869 -0.013849913348285108 -0.0041501415363296166 0.021438143806844952 -0.022110523230797173 0 -0.014494888064875882 0.00088113042486489255 -0.0018551704873523019
leaf_weight=6.8099887985736158 214.05312482733279 10.631145700812338 24.607007000595331 19.444236766546965 8.5578957423567754 34.566530849784613 5.5944508872926217 11.552431697025893 5.5409386064857244 11.111164365429429 1205.3763444432989 715.04591150581837
leaf_count=98 3979 60 381 221 100 309 37 102 50 284 23030 14167
internal_value=-4.938e-06 0.00474278 0.00119702 0.00749372 -0.00350376 -0.000166884 -0.00493719 -0.0096928 0.0120939 -2.81257e-05 0.000704817 -0.00100334
internal_weight=2272.89 70.0503 59.4191 26.2542 33.1649 2202.84 57.2544 46.119 11.1354 2145.59 1216.49 929.099
internal_count=42818 860 800 319 481 41958 498 411 87 41460 23314 18146
is_linear=0
shrinkage=0.03


Tree=137
num_leaves=13
num_cat=0
split_feature=15 8 7 3 17 5 7 17 7 17 13 17
split_gain=1.77664 3.49214 1.54241 1.78055 1.31212 1.24114 3.10298 3.04381 2.74475 3.00514 2.70298 2.64289
threshold=0.18333333333333338 2.0841737005946626 0.14920634920634923 0.23224489795918371 0.02198512645161688 0.44222222222222224 0.92666666666666686 -0.013450452678974432 0.58591836734693892 -0.0088860967055880962 0.8633333333333334 0.011892047158507559
decision_type=2 2 2 2 2 2 2 2 2 2 2 2
left_child=1 2 4 -4 -1 6 7 -2 10 -10 -7 -8
right_child=5 -3 3 -5 -6 8 11 -9 9 -11 -12 -13
leaf_value=-0.012655632970791716 0.0024015459619699301 0.019025609080713532 0.0098455801485968567 -0.001093275968991068 0.0045248612088026373 0.00097740034366119869 -0.020076135726470882 -0.001680267467692533 -0.0040348111699867253 0.00033772437153681273 0.0064672302452001085 0
leaf_weight=9.1624551843851787 211.00056347250938 10.655818589031695 22.109794436022639 24.625299861654639 3.3596024457365266 394.03518190328032 12.053133126348259 695.80669948458672 181.65040648542345 594.89487521722913 103.26945664361119 9.865472602657972
leaf_count=119 3918 60 267 368 46 7874 211 13840 3642 11075 1209 189
internal_value=-1.57353e-05 0.00461717 0.00124475 0.00396565 -0.00702493 -0.00017365 -0.00101136 -0.00071079 0.000425973 -0.000673575 0.00216879 -0.0117202
internal_weight=2272.49 69.913 59.2572 46.7351 12.5221 2202.58 928.726 906.807 1273.85 776.545 497.305 21.9186
internal_count=42818 860 800 635 165 41958 18158 17758 23800 14717 9083 400
is_linear=0
shrinkage=0.03


Tree=138
num_leaves=15
num_cat=0
split_feature=8 20 12 6 13 20 13 12 12 12 20 1 13 11
split_gain=1.32953 4.32927 3.23947 2.59066 3.17662 2.29735 3.67484 3.81094 3.35779 3.23488 3.02148 1.81601 1.75883 1.21481
threshold=-0.47369154384519857 0.03170586865446879 -0.62932040229485608 -0.36735783740747596 0.10657596371882087 0.017840759613010241 0.58591836734693892 -0.091865768861602928 -0.26878068766150848 1.7320080275898844 0.076242350633717329 0.26598639455782319 0.56571428571428584 0.30861678004535154
decision_type=2 2 2 2 2 2 2 2 2 2 2 2 2 2
left_child=1 2 13 -3 -5 8 10 -8 11 -10 -7 -2 -4 -1
right_child=5 3 12 4 -6 6 7 -9 9 -11 -12 -13 -14 -15
leaf_value=0.0083593622640247261 0.0019907912313278111 -0.0065315941217324184 -0.00697458181463335 0.011373303377982338 0.0011634621277078841 0.0021940625753730232 -0.0082572548029193563 -0.0012159221483142328 0.0041324719830097487 -0.0011682856895782673 -0.0086726109774985776 -0.0023073382564306835 -0.0014147754448888248 -0.0003990025268830865
leaf_weight=19.904394046403468 132.06506419740617 25.229510465636849 162.44413332361728 33.554497277364135 143.10310019738972 341.2717186966911 84.930462873540819 384.44638789724559 424.18492969311774 130.61047995276749 22.300583818927407 247.9181873947382 87.110847022384405 32.030097320210189
leaf_count=421 2162 666 5325 489 3581 6265 1660 5218 6280 1360 426 5224 2719 1022
internal_value=-3.82278e-05 -0.00140119 -0.00368537 0.00193902 0.0032923 0.000342558 -0.000790809 -0.00255145 0.00136801 0.00285791 0.0014427 -0.000771631 -0.00512016 0.00286512
internal_weight=2271.1 503.377 301.489 201.887 176.658 1767.73 832.949 469.377 934.779 554.795 363.572 379.983 249.555 51.9345
internal_count=42818 14223 9487 4736 4070 28595 13569 6878 15026 7640 6691 7386 8044 1443
is_linear=0
shrinkage=0.03


Tree=139
num_leaves=15
num_cat=0
split_feature=9 20 23 20 20 2 19 9 10 19 10 19 1 0
split_gain=1.21776 2.53639 1.90141 2.89701 1.41952 3.02556 1.5142 1.41092 1.31908 2.0477 1.46689 1.27235 1.23508 0.945281
threshold=0.20204081632653065 0.030505218820381711 0.018138348159317811 0.017840759613010241 0.085980920181761747 -0.35182310846856185 0.0045834287078394802 0.080816326530612256 -1.9110433274935918 0.0047150117151990144 -0.89953656808264715 0.0088253672339430652 0.57460317460317467 -0.80062762082279759
decision_type=2 2 2 2 2 2 2 2 2 2 2 2 2 2
left_child=1 2 3 -1 8 -6 -7 12 9 -2 -10 -4 -3 -9
right_child=4 7 11 -5 5 6 -8 13 10 -11 -12 -13 -14 -15
leaf_value=-0.0038472574567001041 -0.01602321401633526 0.0012459136464950339 -0.011712750827945985 0.010151753563153496 0.0053227670163456644 0.0027252314063632593 -0.014459125380935953 0.0062594925769209721 0.0022190329552156823 0 6.7603144826513774e-05 0.0047197986197633811 0.011996789495367453 -0.0026293040306565713
leaf_weight=120.26471171667799 9.1605167202651518 31.520047215744853 34.974601158872247 12.551995435729621 12.357931369915603 3.3483702521771219 20.841036695055664 10.358792691491542 351.58940143324435 18.809638218954206 1561.0058270664886 2.3254309538751832 15.314182123169301 62.61508668679744
leaf_count=4063 132 812 1138 382 191 60 399 251 5216 294 27909 74 373 1524
internal_value=-1.20727e-05 -0.00182708 -0.00418504 -0.00228203 0.000248079 -0.0054287 -0.0114812 0.0014116 0.000368193 -0.00584089 0.000472837 -0.0101185 0.00541583 -0.00103413
internal_weight=2267.04 289.925 170.117 132.817 1977.11 36.5473 24.1894 119.808 1940.57 27.9702 1912.6 37.3 46.8342 72.9739
internal_count=42818 8617 5657 4445 34201 650 459 2960 33551 426 33125 1212 1185 1775
is_linear=0
shrinkage=0.03


Tree=140
num_leaves=15
num_cat=0
split_feature=8 20 5 15 10 2 10 10 19 2 10 2 21 19
split_gain=2.24555 2.33396 4.62718 3.32949 3.06079 2.13524 1.85588 1.74554 2.56027 2.03202 3.14174 1.41493 1.28806 0.195165
threshold=1.0950466723328962 0.043559371833141632 0.021315192743764175 0.29166666666666669 -1.0583214041569096 2.2813953011387933 -0.48489137239773134 2.3912285849922186 0.0076977191262629684 2.2813953011387933 -0.23732206291582483 0.61391303077255255 0.0076035654076934888 0.0093440508382401453
decision_type=2 2 2 2 2 2 2 2 2 2 2 2 2 2
left_child=7 3 -3 6 -5 -4 -2 9 12 11 -11 -1 -9 -10
right_child=1 2 5 4 -6 -7 -8 8 13 10 -12 -13 -14 -15
leaf_value=-0.00010903059202457318 -0.0013500778214699304 -0.018535822055097823 0.0085935712933381259 0.0058310290636969806 -0.0012273341912978769 -0.0014897081360534879 0.014078806673464131 0 0.010103820199124027 0.016166286025191587 -0.0024540069061289535 -0.0022791707942194542 -0.014424310837899992 0
leaf_weight=1276.4491854244843 7.0718583576381233 4.7355343960225573 94.542193664237857 63.228247836232185 357.77085280697793 19.833197907544672 22.140861570835114 5.0829390734434154 3.8002264220267525 14.546361034736039 12.867226918227969 347.11782388109714 21.467601429671049 2.405174508690834
leaf_count=28857 68 57 861 583 3314 152 150 100 69 153 194 7541 464 41
internal_value=-2.79301e-05 0.00159049 0.00530314 0.000555969 -0.000109247 0.00672064 0.010016 -0.000585304 -0.00726747 -0.00043502 0.00734385 -0.000584466 -0.01142 0.00712438
internal_weight=2253.06 569.323 119.111 450.212 420.999 114.375 29.2127 1683.74 32.7559 1650.98 27.4136 1623.57 26.5505 6.2054
internal_count=42604 5185 1070 4115 3897 1013 218 37419 674 36745 347 36398 564 110
is_linear=0
shrinkage=0.03


Tree=141
num_leaves=15
num_cat=0
split_feature=9 17 4 2 10 7 4 22 10 22 21 21 2 2
split_gain=2.41495 3.92988 5.29188 6.13853 4.94467 2.45121 3.01601 2.76032 1.38691 1.79263 2.47769 1.363 1.27323 1.97247
threshold=0.90555555555555567 0.023267918416927217 -0.96943847908941305 0.98080916209293234 0.30224040698780236 0.1705215419501134 0.18025223212783761 1.0000000180025095e-35 -0.67109565208934829 1.0000000180025095e-35 0.012929841564926757 0.011450991682186914 2.2813953011387933 2.0351710935943772
decision_type=2 2 2 2 2 2 2 2 2 2 2 2 2 2
left_child=8 2 4 -4 -2 7 -7 -3 12 11 -11 -10 13 -1
right_child=1 5 3 -5 -6 6 -8 -9 9 10 -12 -13 -14 -15
leaf_value=0.00068424727449880695 0.015447178175458407 0.0024774838945304215 -0.0030101354139596757 0.0060031747248107002 0.001485635596877762 0.0075900367043307696 -0.0039192741508103802 -0.01245130386152395 -0.00068284918299426343 -0.0012307684194705995 0.0028334196132672315 -0.0061367429266681066 0.01003550909045387 -0.016776489368209645
leaf_weight=495.24747267737985 52.524788219481707 13.231663033366202 143.23711557686329 124.49080673232675 44.542228382080793 31.256573522463441 50.720751022920012 33.339944688603282 80.262706912122667 910.13786333985627 154.95212179236114 102.54617133922875 11.055621795356272 3.8461198415607205
leaf_count=9266 471 113 1382 942 343 294 414 327 1885 20740 3639 2616 115 57
internal_value=-4.23456e-05 0.00180089 0.00340398 0.00113879 0.00935123 -0.00261588 0.000366665 -0.00797363 -0.000569577 -0.00111262 -0.00062124 -0.00385667 0.00072866 0.000453334
internal_weight=2251.39 493.344 364.795 267.728 97.067 128.549 81.9773 46.5716 1758.05 1247.9 1065.09 182.809 510.149 499.094
internal_count=42604 4286 3138 2324 814 1148 708 440 38318 28880 24379 4501 9438 9323
is_linear=0
shrinkage=0.03


Tree=142
num_leaves=15
num_cat=0
split_feature=9 17 4 11 11 23 24 11 22 21 11 17 18 21
split_gain=2.37101 3.50483 4.96644 6.02352 4.57258 2.05509 3.29001 1.48802 1.78323 2.29605 1.70176 2.12374 1.89376 1.51844
threshold=0.90555555555555567 0.023267918416927217 -0.96943847908941305 0.79795918367346952 0.59591836734693893 0.079468310344340334 1.0000000180025095e-35 0.24222222222222226 1.0000000180025095e-35 0.012929841564926757 0.10102040816326532 -0.01758793889486265 0.038850317715949274 0.011450991682186914
decision_type=2 2 2 2 2 2 2 2 2 2 2 2 2 2
left_child=7 2 4 -4 -2 6 -3 10 13 -10 12 -12 -1 -9
right_child=1 5 3 -5 -6 -7 -8 8 9 -11 11 -13 -14 -15
leaf_value=-0.0034710331503699219 0.01563152694799343 0.0029776882741375235 -0.0022337803544948348 0.0070525820668301629 0.0023237798130274993 0.0060359086917925395 -0.0076469758772656467 -0.00053592281239270355 -0.0012020633401337861 0.0026907518331565307 0.0075159511509143165 0.00096489276664517179 0.0023468486632071675 -0.0062507403993935836
leaf_weight=128.86092363670468 47.145686424337327 36.303140105679631 169.86933676619083 96.224876616150141 51.532658668234944 19.01361489854753 73.797782292589545 80.962506914511323 916.55784304346889 156.50799077842385 55.470854279585183 237.76722320448607 77.204012435860932 102.20335842296481
leaf_count=2383 403 316 1602 722 411 172 660 1899 20962 3676 1051 4401 1309 2637
internal_value=-2.47868e-05 0.00180022 0.00331661 0.00109596 0.00901505 -0.00235468 -0.00401932 -0.000548219 -0.00110351 -0.000616389 0.000817779 0.00229746 -0.00121761 -0.00383877
internal_weight=2249.42 493.887 364.773 266.094 98.6783 129.115 110.101 1755.53 1256.23 1073.07 499.303 293.238 206.065 183.166
internal_count=42604 4286 3138 2324 814 1148 976 38318 29174 24638 9144 5452 3692 4536
is_linear=0
shrinkage=0.03


Tree=143
num_leaves=13
num_cat=0
split_feature=4 13 4 13 0 21 5 0 13 10 1 10
split_gain=1.93018 2.91071 1.88351 2.55486 4.70166 2.54444 1.83259 2.80243 1.89813 1.40789 3.08172 1.28494
threshold=1.9410309637138614 0.97979591836734703 -1.0685351864946975 0.80816326530612259 0.25387119430970378 0.0068115325643003004 0.44948979591836741 -0.4190778027747229 0.94777777777777794 0.65322377640186191 0.9900000000000001 0.15672453846942783
decision_type=2 2 2 2 2 2 2 2 2 2 2 2
left_child=2 9 3 5 -5 -1 8 -8 -4 11 -11 -2
right_child=1 -3 6 4 -6 -7 7 -9 -10 10 -12 -13
leaf_value=-0.0095137710507878642 0.00098309393822509548 0.017621095624646695 -0.0024797619190029445 0.0027352606738168875 0.020368406152265182 0.0010272006470830801 0.0028504265723260564 -0.00065598998517956938 0.002957059196429546 0.013384819270654592 -0.0070144629679352605 -0.011284463404018986
leaf_weight=20.662840388715267 22.382694804109637 11.355276323854921 553.72992155980319 96.94039027299732 14.740128081291912 224.27913948986679 259.11244963668287 950.12284121569246 60.389936917461455 17.685412391088907 7.4778416678309432 8.3494059769436699
leaf_count=474 374 79 11879 1138 126 4452 4042 18791 691 279 117 162
internal_value=-2.04268e-05 0.00490279 -0.000183533 0.00179415 0.00551192 7.39041e-06 -0.0005801 8.64397e-05 -0.00191292 0.00154048 0.00670037 -0.00237739
internal_weight=2247.23 67.2506 2179.98 356.622 111.681 244.942 1823.36 1209.24 614.12 55.8954 25.1633 30.7321
internal_count=42604 1011 41593 6190 1264 4926 35403 22833 12570 932 396 536
is_linear=0
shrinkage=0.03


Tree=144
num_leaves=15
num_cat=0
split_feature=5 5 12 21 12 12 10 13 21 10 23 15 13 12
split_gain=1.35445 2.27431 2.33691 2.44474 2.24391 5.84501 4.71381 3.28691 3.24029 2.83749 1.96477 1.89692 1.62049 3.44364
threshold=0.16163265306122451 0.44948979591836741 3.9683632740970327 0.0088531095340254901 0.054029331824365333 0.35352955357019905 -0.32684606497335711 0.7055555555555556 0.01413757911144241 0.81765982314183228 -0.1021210935001564 0.35416666666666669 0.94777777777777794 1.6004054765989111
decision_type=2 2 2 2 2 2 2 2 2 2 2 2 2 2
left_child=4 12 10 -4 7 8 -7 11 -6 -9 -3 -1 13 -2
right_child=1 2 3 -5 5 6 -8 9 -10 -11 -12 -13 -14 -15
leaf_value=0.0055430077675793013 -0.0020142798216437924 -0.011069079736212751 -0.0016918950320485172 0.012637093481047428 0.017694911672423989 0.0079489533176748672 -0.004744748799669728 -0.0017759501547859383 -0.0095675873654108134 -0.023993155474077273 0.00023381488818218494 -0.00055655850694331943 0.0026436069568138505 -0.017448189695432017
leaf_weight=59.974116066470742 513.54944107029587 11.975032361224292 14.124963838607071 25.528176762163639 32.19992608577013 45.247250494547188 56.711202947422862 16.99166313465685 2.4202916771173468 7.0411080401390782 1225.9979530442506 163.38146787136793 58.452904460951686 11.722896708175538
leaf_count=1038 11183 284 135 232 385 502 662 355 34 95 23193 3670 665 171
internal_value=-1.52911e-05 -0.000356915 0.000342309 0.00733665 0.0015952 0.00465345 0.000788741 -5.68367e-05 0.0149609 -0.0102046 9.47065e-05 0.00104936 -0.00190889 -0.00245205
internal_weight=2245.32 1861.35 1277.63 39.6531 383.967 136.579 101.958 247.388 34.6202 24.0328 1237.97 223.356 583.725 525.272
internal_count=42604 35863 23844 367 6741 1583 1164 5158 419 450 23477 4708 12019 11354
is_linear=0
shrinkage=0.03


Tree=145
num_leaves=14
num_cat=0
split_feature=4 19 13 7 23 23 0 23 16 0 22 2 7
split_gain=1.17502 5.54168 2.98819 2.32894 2.85276 1.96395 1.81073 2.40683 1.70004 1.12276 1.0198 1.00277 1.04187
threshold=2.0898683336899562 0.0050986683315357561 0.67673469387755114 0.96888888888888902 0.057174790697194118 0.011040914445892837 1.6942389447480577 0.0063620636606851475 0.95959183673469395 2.1892448152143378 1.0000000180025095e-35 3.0360549875439573 0.9191836734693879
decision_type=2 2 2 2 2 2 2 2 2 2 2 2 2
left_child=3 11 10 6 5 -5 8 -8 -1 -6 -3 12 -2
right_child=1 2 -4 4 9 -7 7 -9 -10 -11 -12 -13 -14
leaf_value=0.00017805459753343175 -0.011789748428012344 -0.010478705136138149 0.018588120100104525 -0.0059704799136679103 -0.018832331915162599 0.0036661094423102916 -0.0016760134413497736 0.0069054208024452836 -0.003113184783489428 0 0.0055312700454189347 -0.020088695231515682 0.0041746234165521813
leaf_weight=1825.9600508366711 3.9906695988029224 3.6641337489709276 19.120682153850794 40.500038451515138 13.364908965304496 30.91810666769743 42.445776827633381 75.668739141896367 150.84298146422952 5.2454213025048366 7.6709753312170506 3.6932657100260249 6.1897076051682234
leaf_count=37100 84 90 179 695 246 489 566 823 1738 64 177 27 110
internal_value=3.66996e-05 0.00476854 0.0119157 -5.6717e-05 -0.00473255 -0.00160811 0.000141394 0.00372015 -6.84008e-05 -0.0146754 0 -0.00950064 -0.00176017
internal_weight=2229.28 44.3294 30.4558 2184.95 90.0285 71.4181 2094.92 118.115 1976.8 18.6103 11.3351 13.8736 10.1804
internal_count=42388 667 446 41721 1494 1184 40227 1389 38838 310 267 221 194
is_linear=0
shrinkage=0.03


Tree=146
num_leaves=15
num_cat=0
split_feature=14 23 12 2 21 17 1 2 1 23 2 2 8 12
split_gain=1.64753 2.45792 1.94396 3.56612 2.23228 1.93201 4.10125 2.09868 1.88059 2.38009 2.13214 1.71882 1.5987 0.840546
threshold=0.55000000000000016 -0.061567639559007008 -0.34993891791721549 -1.6197476715411057 0.011604728173246134 0.023549356228136368 0.96888888888888902 -1.1213305296472786 0.94777777777777794 -0.0019272574242087945 3.4418564204951907 -2.4664925740459522 -0.48169121743493271 1.6004054765989111
decision_type=2 2 2 2 2 2 2 2 2 2 2 2 2 2
left_child=1 11 3 -3 -4 8 7 -7 10 -10 -2 -1 -13 -8
right_child=5 2 4 -5 -6 6 13 -9 9 -11 -12 12 -14 -15
leaf_value=-0.01201782118310268 -0.00032462893044915651 0.012381198181000991 -0.0044140046688838563 -0.00070759065551742519 0.00046081992006926519 -0.0037022621737275766 -0.011170779848395007 0.0039089510996707039 -0.0025126924719414594 0.0061688835078559439 -0.014819233833996465 -0.0056099063470193278 0.0085187878347221628 0
leaf_weight=2.6355758123099795 1039.7183616664261 18.707269446924329 285.62504565808922 184.6071057561785 111.71643669530749 32.398219106718898 20.462883363477889 345.21938481088728 37.674794131889939 86.197524940595031 7.2833907455205908 5.7823776854202142 43.951466328464448 6.752616047859191
leaf_count=23 20499 233 5535 4071 1978 514 295 6553 601 1052 55 230 687 62
internal_value=3.50921e-05 -0.00122248 -0.00178848 0.000532546 -0.00301039 0.000566667 0.00234836 0.00320036 -3.95225e-05 0.00341131 -0.000467821 0.00482041 0.00643278 -0.00836963
internal_weight=2228.73 653.025 600.656 203.314 397.341 1575.71 404.833 377.618 1170.87 123.872 1047 52.3694 49.7338 27.2155
internal_count=42388 12757 11817 4304 7513 29631 7424 7067 22207 1653 20554 940 917 357
is_linear=0
shrinkage=0.03


Tree=147
num_leaves=15
num_cat=0
split_feature=12 17 18 12 18 19 10 18 13 19 19 13 10 19
split_gain=1.54151 5.20114 4.31722 4.15474 4.112 3.47713 3.19115 2.7249 2.46001 3.44417 4.53482 2.6959 2.90493 2.13206
threshold=1.6723811697976856 -0.015445010803250612 -0.01762577792076447 5.0518610197211116 0.047987675578263785 0.0058676682990202603 0.099994843221268212 -0.0436135344116289 0.80816326530612259 0.0024195445814382201 0.0070279132975503622 0.78795918367346951 -0.81289593926227222 0.0046218421950400424
decision_type=2 2 2 2 2 2 2 2 2 2 2 2 2 2
left_child=8 2 7 -4 6 -6 -3 -2 11 -10 -11 13 -13 -1
right_child=1 4 3 -5 5 -7 -8 -9 9 10 -12 12 -14 -15
leaf_value=-0.0017294908758762467 -0.008524420901070558 -0.007325487297029796 -0.023692927970720389 0.0055944625589199959 0.012672434697313497 -0.00082535265093934182 0.0019193013229791404 0.011232778938197557 0.015761589292822797 -0.00036270143897865301 0.0064402033950512194 0.0051309165386981574 -0.011155123004567447 0.00072590487906316501
leaf_weight=448.71163030341268 14.16467082872987 69.883071999996901 21.728846300393347 3.5694982297718516 32.882121017202735 29.587575503624976 58.141449929215014 8.1520937643945199 14.900674930773674 274.15839287359267 125.39062536973506 10.49952871724963 36.463698212057352 1081.0809341468848
leaf_count=9769 192 813 264 37 311 341 584 73 172 3962 1715 153 696 23306
internal_value=3.51518e-05 -0.00222809 -0.0108799 -0.018904 0 0.00621952 -0.00304673 -0.000360173 0.000315281 0.00236917 0.00175634 -0.0002174 -0.00714686 0
internal_weight=2229.31 238.109 47.6151 25.2983 190.494 62.4697 128.025 22.3168 1991.21 414.45 399.549 1576.76 46.9632 1529.79
internal_count=42388 2615 566 301 2049 652 1397 265 39773 5849 5677 33924 849 33075
is_linear=0
shrinkage=0.03


Tree=148
num_leaves=15
num_cat=0
split_feature=4 12 2 7 21 12 14 20 17 7 8 20 7 2
split_gain=1.41016 3.25056 2.47897 1.69274 3.66899 1.90999 1.90883 3.39528 1.96731 1.83933 1.66899 0.919304 0.685841 0.477114
threshold=2.0898683336899562 -0.17655131072698813 3.0360549875439573 0.73734693877551039 0.006776751605774776 -0.61131838088393275 0.55000000000000016 -0.00062605273251875582 0.020930528714567468 0.96888888888888902 -0.39757027238288545 0.016162291673743393 0.9900000000000001 1.3625540966482939
decision_type=2 2 2 2 2 2 2 2 2 2 2 2 2 2
left_child=3 10 12 6 9 -6 7 -1 -8 -5 -2 -4 -3 -12
right_child=1 2 11 4 5 -7 8 -9 -10 -11 13 -13 -14 -15
leaf_value=0.0021953626814844047 0.0042545037138741913 0.020282308415156217 -0.0083957149428197618 0.0082077809644913059 0.0033364748018838855 -0.0027767755421151856 0.00030201186586791727 -0.002769680402252281 0.0031308629326697937 -0.0046858389135089936 0 0.0076464743556381642 0.00052863188345702087 -0.014552648681107247
leaf_weight=187.57666241563857 8.2007653675973433 14.368910141289239 5.0425841100513917 46.609100310131907 46.869060246273875 493.21290731430054 729.92707180790603 346.72185419220477 325.04872739501297 9.530203012749551 1.6374057475477437 3.6615239642560482 3.652410387992858 7.6875381041318178
leaf_count=3342 235 149 40 830 1013 9319 14197 6944 5939 137 37 30 42 134
internal_value=4.49174e-05 0.00523248 0.0116326 -5.79492e-05 -0.00142439 -0.00220824 0.000446395 -0.000996942 0.00119208 0.00567506 -0.00395082 -7.81785e-05 0.0174807 -0.0119684
internal_weight=2229.75 44.2511 26.7254 2185.5 596.221 540.082 1589.27 534.299 1054.98 56.1393 17.5257 8.70411 18.0213 9.32494
internal_count=42388 667 261 41721 11299 10332 30422 10286 20136 967 406 70 191 171
is_linear=0
shrinkage=0.03


Tree=149
num_leaves=15
num_cat=0
split_feature=7 21 10 5 23 10 21 21 20 16 19 21 13 10
split_gain=0.941185 3.63531 2.08901 1.85055 2.91764 3.44505 1.82768 1.81642 1.77585 1.75112 1.55146 1.53584 1.51063 2.45011
threshold=0.73734693877551039 0.0066320278544332242 -1.1392734681352203 0.72500000000000009 -0.026827170582612966 -0.92420396046557163 0.011225375613727034 0.033262277075924142 -0.039469973238240301 0.51065759637188213 0.0047647246620065925 0.0074822097235389424 0.73734693877551039 0.06248677974052478
decision_type=2 2 2 2 2 2 2 2 2 2 2 2 2 2
left_child=3 12 11 8 6 -6 -5 -4 9 -1 -10 -3 -2 -14
right_child=1 2 7 4 5 -7 -8 -9 10 -11 -12 -13 13 -15
leaf_value=-0.00059761853617181979 0.00019025759126135538 -0.021236853122900426 -0.00072694427556140603 -0.0095936665404388107 0.011080787779564049 0.002005558176149288 0.0014240306380490333 -0.013907265512717606 -0.001973064012498024 0.0062638856955026384 0.00034995026848373879 -0.0046638016266776217 0.019878612777941718 0.0013570032403212567
leaf_weight=52.32873666100204 23.904217161238194 5.0613198392093173 522.17709672404453 22.564396372996271 50.123442558571696 163.25030650664121 24.967739058658481 7.7702014725655308 367.43724427558482 74.708945433609188 840.6754632294178 46.387912627309561 12.705753346905114 15.39860052615404
leaf_count=1248 538 84 9940 455 623 3077 583 172 7140 1180 16199 820 148 181
internal_value=6.90309e-05 -0.000899722 -0.00160707 0.000463518 0.00276421 0.00429016 -0.00367963 -0.000999957 0 0.00335583 -0.000346273 -0.00730846 0.00649653 0.0109931
internal_weight=2229.46 633.405 581.397 1596.06 260.906 213.374 47.5321 529.947 1335.15 127.038 1208.11 51.4492 52.0086 28.1044
internal_count=42388 11883 11016 30505 4738 3700 1038 10112 25767 2428 23339 904 867 329
is_linear=0
shrinkage=0.03


Tree=150
num_leaves=15
num_cat=0
split_feature=6 8 17 21 5 3 21 23 10 17 2 18 8 17
split_gain=1.42061 2.88677 2.60044 3.2639 2.37151 2.64567 2.25625 1.94532 1.73336 2.54499 1.77695 1.42295 2.95259 2.53995
threshold=0.66648764348282719 1.5204821430012163 -0.033337219528541066 0.0088531095340254901 0.97979591836734703 0.042630385487528351 0.0090564419027432067 -0.048920093163436144 -1.9110433274935918 0.0081601748335981012 -2.4664925740459522 0.062999766603751631 2.4988411460614226 0.023549356228136368
decision_type=2 2 2 2 2 2 2 2 2 2 2 2 2 2
left_child=1 8 3 -2 5 -3 -6 -5 9 -1 -10 13 -13 -4
right_child=2 4 11 7 6 -7 -8 -9 10 -11 -12 12 -14 -15
leaf_value=0.00056451694287471671 0.0054553725426719551 -0.0016573077528382084 -0.00012728457489365416 0 -0.022706431485812431 0.0048963667318583665 0.0016194987237491195 -0.028413748139179355 0.013069121435021676 -0.01966765858140335 -0.00018888006164865815 -0.0013684564982202573 0.018786908014593241 -0.0098713690059679757
leaf_weight=9.2877906030043977 3.3502911459654561 67.021706467494369 100.12855958286673 1.9425265919417132 4.2670000419020635 237.78445511683822 4.8242498748004436 7.5886566983535877 7.1267531672492614 8.1082172933965904 1727.4535139482468 18.170432539656762 7.1601429153233758 31.166652577929199
leaf_count=187 58 590 1620 49 36 1937 32 108 67 187 36741 326 50 504
internal_value=2.41664e-05 0.000248381 -0.00259202 -0.014692 0.00289155 0.00340502 -0.0104812 -0.0227927 -0.000219395 -0.0091479 -0.000110781 -0.00132962 0.00473786 -0.00266626
internal_weight=2235.38 2065.87 169.507 12.8815 313.897 304.806 9.09125 9.53118 1751.98 17.396 1734.58 156.626 25.3306 131.295
internal_count=42492 39777 2715 215 2595 2527 68 157 37182 374 36808 2500 376 2124
is_linear=0
shrinkage=0.03


Tree=151
num_leaves=14
num_cat=0
split_feature=6 8 19 19 23 0 8 20 1 19 18 22 19
split_gain=1.37056 2.50245 2.34575 3.4396 2.58009 2.09357 1.96789 2.47673 2.16357 2.23523 1.71218 1.69335 1.61191
threshold=0.57564708491225491 1.5204821430012163 0.0033002582338674444 0.004785870568979088 -0.053623569158735111 1.7513423673009456 3.1564045971918957 0.03871885353845262 0.96888888888888902 0.0046218421950400424 0.074323886498635097 1.0000000180025095e-35 0.0079320284655678575
decision_type=2 2 2 2 2 2 2 2 2 2 2 2 2
left_child=1 5 4 -4 -3 11 8 -8 10 -10 -2 -1 -7
right_child=6 2 3 -5 -6 12 7 -9 9 -11 -12 -13 -14
leaf_value=-0.0026681280160004497 -0.0024799667916622936 0.0080287035990682064 0.0097252692526884864 0.0017171479779387385 -0.0095490829295986953 0.0020214127547559906 -0.0033702106007718561 0.019777489272085155 0.00020185429389090576 -0.013338085375479671 0.0076330190850776546 6.3975153782687117e-06 0.0137237690563642
leaf_weight=246.36219656374305 124.38647110108286 7.9543322622776023 63.85567706823349 212.49707340635359 24.088937696069479 50.972393630072474 5.8908429145812971 5.9187815003097057 13.423412643373011 29.764415882527828 14.672232122160493 1421.9768336853012 13.516256770119069
leaf_count=5578 2256 61 519 1728 230 722 59 41 176 447 233 30290 152
internal_value=3.32245e-05 0.000269697 0.0027532 0.00367802 -0.00452968 -0.000166317 -0.00235503 0.00832896 -0.00321166 -0.00897505 -0.0012135 -0.000382289 0.00503876
internal_weight=2235.28 2041.22 308.396 276.353 32.0433 1732.83 194.056 11.8096 182.247 43.1878 139.059 1668.34 64.4887
internal_count=42492 39280 2538 2247 291 36742 3212 100 3112 623 2489 35868 874
is_linear=0
shrinkage=0.03


Tree=152
num_leaves=15
num_cat=0
split_feature=15 7 19 18 23 8 23 8 6 7 14 6 5 10
split_gain=1.17233 3.09591 2.6757 3.20505 2.37741 2.30636 2.11999 2.0015 3.95257 2.26072 1.89568 1.86928 1.49827 0.750278
threshold=0.91666666666666685 0.87877551020408173 0.006454116380920815 0.075157009585444814 -0.061567639559007008 3.8091541273775791 -0.0076275356974587196 1.2615255539061019 0.66648764348282719 0.26265306122448989 0.91666666666666685 0.48668324697855531 0.42928571428571433 0.23609925938780557
decision_type=2 2 2 2 2 2 2 2 2 2 2 2 2 2
left_child=1 5 6 -4 11 10 -3 9 -9 -6 -1 12 -2 -13
right_child=4 2 3 -5 7 -7 -8 8 -10 -11 -12 13 -14 -15
leaf_value=0.00069415941407703033 -0.0020850413188473367 -0.015229830212209477 -0.0014013538794919696 0.019709750408744588 -0.0038971489485253382 -0.015703989223455565 -0.0034125402494911924 0.0045584467641137331 -0.0052211060394735768 -0.00011152177099402111 0.0039222011245950627 0.012646208561556991 -0.011982905360639012 -0.00094941188795477985
leaf_weight=730.22700510919094 31.251054407097399 20.747310576029122 37.20673303026706 5.5920652151107779 178.60155204217881 4.9780481923371545 51.156371252611279 163.45025437697768 44.944231335073709 707.26022261567414 216.51577896438539 4.2477032979950291 33.435329602099955 4.0568576380610466
leaf_count=13746 648 426 658 81 3874 58 845 1306 449 15639 3714 80 889 79
internal_value=1.70413e-05 0.000741861 -0.00384003 0.00177896 -0.000632477 0.0013167 -0.00734518 -0.000263473 0.00234842 -0.000898709 0.00145492 -0.00580988 -0.00763196 0.00565374
internal_weight=2233.67 1066.42 114.702 42.7988 1167.25 951.721 71.9037 1094.26 208.394 885.862 946.743 72.9909 64.6864 8.30456
internal_count=42492 19528 2010 739 22964 17518 1271 21268 1755 19513 17460 1696 1537 159
is_linear=0
shrinkage=0.03


Tree=153
num_leaves=15
num_cat=0
split_feature=6 17 1 8 9 2 8 8 17 16 18 19 11 2
split_gain=1.10264 2.61377 3.3789 3.0889 2.75019 4.32684 3.79589 2.51555 2.72073 2.06513 4.12365 3.04794 1.75479 1.67209
threshold=-0.081119287134743492 -0.033337219528541066 0.36367346938775519 1.5204821430012163 0.9900000000000001 -1.414922299992895 2.0043718146671403 3.1564045971918957 -0.014795559058829786 0.92666666666666686 0.013763107261345555 0.0023082912696868667 0.1918367346938776 -0.93658180965622295
decision_type=2 2 2 2 2 2 2 2 2 2 2 2 2 2
left_child=1 2 13 -4 6 -6 -3 9 -9 11 -11 -2 -10 -1
right_child=7 4 3 -5 5 -7 -8 8 12 10 -12 -13 -14 -15
leaf_value=0.0019885219357952543 -0.01173557858119138 9.2639125922517888e-05 -0.004556747906889886 0.014584208050910413 -0.015887523774849824 0.0012966553300117125 0.0075908646506053163 -0.0081952925468349071 -0.0025077689557714694 0.001589602602025221 -0.0082339577993473505 -4.9577401845150027e-05 0.016244888651057759 0.014966315322692381
leaf_weight=17.217638837173581 18.549156094901264 797.97527750954032 34.650861841626465 7.5110848508775225 21.717138027772307 25.864136086776853 64.198749350383878 4.8559760674834278 3.4539038166403797 62.809855392202735 87.1897724987939 1036.9103439394385 18.654995169490576 30.861050161533058
leaf_count=229 393 15526 816 50 216 207 529 36 30 747 1070 22003 141 499
internal_value=3.54962e-05 0.000781106 0.00560194 -0.000301099 0.000275226 -0.00656854 0.000684601 -0.00055763 0.00813655 -0.000777687 -0.00405503 -0.000290945 0.0127281 0.0108833
internal_weight=2232.42 999.996 90.2406 42.1619 909.755 47.5813 862.174 1232.42 26.9649 1205.46 150 1055.46 22.1089 48.0787
internal_count=42492 18072 1594 866 16478 423 16055 24420 207 24213 1817 22396 171 728
is_linear=0
shrinkage=0.03


Tree=154
num_leaves=15
num_cat=0
split_feature=1 17 20 7 21 13 20 11 16 7 17 20 21 11
split_gain=0.889927 2.92974 1.82547 3.51055 2.73594 1.08601 2.969 2.97564 2.19631 1.92438 1.56489 0.934414 0.861939 0.700433
threshold=0.06394557823129253 -0.024341371913578932 -0.0086486267613220518 0.12789115646258506 0.0093915390720556036 0.9900000000000001 0.038900067052438321 0.25244897959183682 0.97979591836734703 0.23224489795918371 0.024445335193795218 0.031042354535375741 0.0050774713868544409 0.28730158730158734
decision_type=2 2 2 2 2 2 2 2 2 2 2 2 2 2
left_child=1 11 3 -3 -4 8 7 -7 12 -10 -8 13 -2 -1
right_child=5 2 4 -5 -6 6 10 -9 9 -11 -12 -13 -14 -15
leaf_value=0 0.0066875576734454299 0.012953695301398956 0.0030443744918619169 -0.003112216020587321 -0.0058639841454874086 0.0098036487907376488 0.018953991310662072 -0.005663505421979945 -0.014388596760059347 -0.0022210912409124368 0 0 -0.00012880798164395611 0.013751601636000421
leaf_weight=3.471203068271282 14.80189866106957 23.40231267362833 54.568375132977962 20.170523600652814 63.982447382062674 15.169231943786142 11.800301745533941 30.047014812938869 15.208050593733786 53.625716355629265 3.4185728114098302 5.588767969980835 1893.0924905547872 23.768576646223664
leaf_count=40 292 229 796 252 866 149 112 332 180 616 42 63 38259 264
internal_value=4.7313e-05 0.00197789 0.000184919 0.0053772 -0.0016566 -0.000131842 0.00374854 0 -0.000261728 -0.00545149 0.0143574 0.00988273 -6.11235e-05 0.0120456
internal_weight=2232.12 194.952 162.124 43.5728 118.551 2037.16 60.4351 45.2162 1976.73 68.8338 15.2189 32.8285 1907.89 27.2398
internal_count=42492 2510 2143 481 1662 39982 635 481 39347 796 154 367 38551 304
is_linear=0
shrinkage=0.03


Tree=155
num_leaves=12
num_cat=0
split_feature=10 2 10 13 14 1 3 1 1 21 4
split_gain=1.1341 2.33672 1.40448 1.77439 1.4431 1.4235 2.27392 2.12434 1.06396 0.977248 0.510277
threshold=-1.9110433274935918 1.6815696050511468 -1.6730852037824497 0.87877551020408173 0.91666666666666685 0.020204081632653064 0.41408163265306125 0.060612244897959189 0.81816326530612249 0.012701023808631159 -1.0857749914124157
decision_type=2 2 2 2 2 2 2 2 2 2 2
left_child=1 8 3 4 -2 6 -4 -7 9 -1 -5
right_child=2 -3 5 10 -6 7 -8 -9 -10 -11 -12
leaf_value=-0.016143354340790724 -0.0084997678428364899 0.0074778484538410512 -0.0013546591983150773 0.022565094075425337 0.0057226940865774097 0.0036695697419952076 -0.015053938075391233 -0.00037183181486416647 0.0012475464019181105 0 0.005070230114319757
leaf_weight=15.580898690037438 8.2761545497924089 6.1264819055795661 56.081678862683475 3.785172075033187 14.989114260300994 122.12647345010191 12.791073834523557 1982.912939818576 3.1504577547311774 3.750445218756794 8.6246632710099203
leaf_count=295 154 55 664 23 254 1666 163 39137 51 81 85
internal_value=-0.000255979 -0.00600579 -0.000169388 0.00555515 0 -0.000275244 -0.00446356 -0.000126985 -0.0106036 -0.0131741 0.0138386
internal_weight=2238.2 28.6083 2209.59 35.6751 23.2653 2173.91 68.8728 2105.04 22.4818 19.3313 12.4098
internal_count=42628 482 42146 516 408 41630 827 40803 427 376 108
is_linear=0
shrinkage=0.03


Tree=156
num_leaves=12
num_cat=0
split_feature=10 3 7 10 7 1 23 1 6 18 20
split_gain=1.0702 1.8226 1.72623 1.00618 2.22577 1.19246 2.166 1.89451 1.18679 0.785759 0.485191
threshold=-1.9110433274935918 0.93938775510204098 0.89897959183673481 -1.6730852037824497 0.10657596371882087 0.020204081632653064 -0.055554287871510559 0.060612244897959189 0.32862402928324369 0.017273850315587262 0.05271974986722839
decision_type=2 2 2 2 2 2 2 2 2 2 2
left_child=1 2 10 4 -2 6 -5 -7 -6 -3 -1
right_child=3 9 -4 5 8 7 -8 -9 -10 -11 -12
leaf_value=-0.016031384434826913 0.018835149666979301 -0.0022956740811880963 0.0050707673890031434 0.0080220836277754629 0.0034043593715505915 0.0034277174125128397 -0.0063136988987399041 -0.00037231606762360174 -0.011028624525975623 0.012312229659522674 0
leaf_weight=14.922564428299674 5.9354171492159358 3.5874327756464472 2.9089834922924629 8.5959950201213342 25.685288412496451 123.2142830863595 59.836788100190461 1982.3325410168618 4.1756124943494788 3.8146564438939095 2.3933921866118899
leaf_count=311 53 42 49 77 393 1666 750 39137 70 30 50
internal_value=-0.000268223 -0.00594898 -0.0105744 -0.000185105 0.00464614 -0.000275746 -0.00412332 -0.000139783 0.000349713 0.00465476 -0.0142321
internal_weight=2237.4 27.627 20.2249 2209.78 35.7963 2173.98 68.4328 2105.55 29.8609 7.40209 17.316
internal_count=42628 482 410 42146 516 41630 827 40803 463 72 361
is_linear=0
shrinkage=0.03


Tree=157
num_leaves=15
num_cat=0
split_feature=13 20 21 21 21 20 8 8 21 21 21 19 6 19
split_gain=0.93456 2.84192 2.60706 3.1086 2.55668 2.08584 3.62154 2.44125 2.38865 2.28895 2.23083 2.21876 2.02391 1.93825
threshold=0.4040816326530613 0.018627349660181206 0.0068115325643003004 0.01170508312610706 0.021203622975256225 0.056587334505304294 2.0043718146671403 -0.48978560854543146 0.0099079365472332804 0.01170508312610706 0.0078915502843651952 0.0033402654104216964 0.18309488858200382 0.0061072881565038825
decision_type=2 2 2 2 2 2 2 2 2 2 2 2 2 2
left_child=1 4 12 -4 13 7 10 11 -8 -9 -7 -2 -3 -1
right_child=5 2 3 -5 -6 6 8 9 -10 -11 -12 -13 -14 -15
leaf_value=0 0.0041610412652183792 -0.0069724743003285053 0.0048022355078675598 -0.0016770793169593994 0.008220839562664721 -6.230927308014746e-05 0.012274723471371596 -0.00067090493068703216 -0.0032828150916275355 0.0022871266256371463 -0.0085903000145211624 -0.0049168095213278518 0.0077684650733018251 -0.004476219758543557
leaf_weight=210.45904002897441 25.294347163289785 39.670310758985579 270.38821089267731 83.068205326795578 21.482114301528782 44.096487015485764 16.576056435704235 770.88821658119559 13.549439453519879 335.03218029439449 92.577222969383001 154.71090610139072 7.858369921334087 151.6241597905755
leaf_count=4851 745 885 5140 1749 511 881 127 11869 127 5077 1884 4923 184 3675
internal_value=-0.000272558 0.000550075 0.00232377 0.00323642 -0.00126771 -0.00072728 -0.00387057 -0.000302536 0.00504179 0.000214186 -0.00598757 -0.00352707 -0.00401708 -0.00191392
internal_weight=2237.28 784.55 400.985 353.456 383.565 1452.72 166.799 1285.93 30.1255 1105.92 136.674 180.005 47.5287 362.083
internal_count=42628 16995 7958 6889 9037 25633 3019 22614 254 16946 2765 5668 1069 8526
is_linear=0
shrinkage=0.03


Tree=158
num_leaves=15
num_cat=0
split_feature=4 3 0 2 10 10 3 0 5 19 19 16 19 17
split_gain=0.915626 1.67692 1.49196 4.06316 2.18205 1.34997 0.799814 2.5329 1.48454 0.68913 1.07024 0.68731 0.390561 0.131466
threshold=2.316989300093423 0.9900000000000001 3.6173611821892426 2.5614089875343744 2.8976311176554082 0.3341516428868388 0.040408163265306128 0.46339645915789057 0.44222222222222224 0.007140489588189536 0.0051397329812739962 0.69693877551020422 0.005573244092477979 -0.011178927037685469
decision_type=2 2 2 2 2 2 2 2 2 2 2 2 2 2
left_child=2 5 6 4 -4 13 7 -1 -8 10 -3 -7 -5 -2
right_child=1 9 3 12 -6 11 8 -9 -10 -11 -12 -13 -14 -15
leaf_value=0.00011019634780244188 0.0035411471706369604 -0.0077269685653145849 -0.0094197178668693378 -0.0041351349412705428 0.016278818362438292 0.00039762814200973933 -0.0013893192913487151 0.011966403005596744 0.00023829580457546582 -0.012164245860868457 0.01041309638687799 0.023561814445983358 -0.032893854738893155 -0.0035671149951985422
leaf_weight=112.24527922831476 2.3343806006014347 3.0811633076518774 3.3851716639474017 2.7138777486979961 4.028760539367795 3.1137536549940688 838.30948554817587 17.527391195297241 1231.0862412252463 2.6901295855641365 4.1883088462054729 5.1831039628013968 2.8566801454871893 3.0272121289744982
leaf_count=1509 38 31 42 30 34 82 17173 182 23285 36 43 55 32 56
internal_value=-0.000264713 0.00534084 -0.000336106 -0.00979901 0.00344323 0.0117315 -0.000264567 0.00198267 -0.000414512 -0.00266517 0.00109796 0.018091 -0.0256583 0
internal_weight=2235.77 23.6181 2212.15 12.9845 7.41393 13.6585 2199.17 129.773 2069.4 9.9596 7.26947 8.29686 5.57056 5.36159
internal_count=42628 341 42287 138 76 231 42149 1691 40458 110 74 137 62 94
is_linear=0
shrinkage=0.03


Tree=159
num_leaves=15
num_cat=0
split_feature=8 20 10 6 2 0 8 20 20 23 24 10 0 6
split_gain=0.895788 1.78677 2.14415 1.79674 1.78517 1.65806 1.62546 2.64852 2.28318 3.24415 1.87329 1.8056 1.53129 1.4136
threshold=-0.11818885868521052 0.01855494036023109 -0.97304480778287861 0.34669493005843743 0.43132446212621206 -1.3377732519092727 1.7402479860756748 0.072407281476759691 0.043559371833141632 0.044851218922563059 1.0000000180025095e-35 -0.11020251955075165 1.6942389447480577 -0.15193596319121058
decision_type=2 2 2 2 2 2 2 2 2 2 2 2 2 2
left_child=1 2 4 13 -1 -4 7 12 9 -8 -9 -10 -2 -3
right_child=6 3 5 -5 -6 -7 8 10 11 -11 -12 -13 -14 -15
leaf_value=-0.0013030256009351675 0.00067982493789742551 -0.0010755298216680591 0.0060759797972432545 -0.006279126643627334 0.0080266262457891393 -0.0039653064295559412 -0.0016816276801581316 0.0032594226866014954 -0.0030133658228350879 -0.012245513386340801 -0.010253545896519414 0.0066342183482462833 0.0047693039447323209 0.0023929962936804889
leaf_weight=45.712643858976662 951.38307469524443 184.99641416780651 12.635314196348189 32.597897228784859 26.475460607558489 319.96943059610203 203.18425909429789 9.7818914875388128 24.450153636746109 29.328881026245654 30.197837493382394 43.186233285814524 90.624399473890662 231.23593439534307
leaf_count=970 15946 4450 310 966 474 9862 1784 149 242 305 570 342 1101 5157
internal_value=-0.000264589 -0.00103039 -0.00247397 0.00024348 0.00204064 -0.00350498 0.000198345 0.000750145 -0.00173295 -0.00317117 -0.00659223 0.00294489 0.00105831 0.000817757
internal_weight=2235.76 853.623 404.793 448.83 72.1881 332.605 1382.14 1081.99 300.15 232.513 39.9797 67.6364 1042.01 416.232
internal_count=42628 22189 11616 10573 1444 10172 20439 17766 2673 2089 719 584 17047 9607
is_linear=0
shrinkage=0.03


Tree=160
num_leaves=15
num_cat=0
split_feature=5 2 6 5 8 6 17 18 9 2 2 18 17 12
split_gain=1.80503 3.80997 3.74924 3.43594 2.38716 2.61973 2.39675 2.00467 2.51058 2.27097 1.62028 1.9569 1.47173 0.405309
threshold=0.44222222222222224 -1.6197476715411057 -4.6292292241411968 0.14920634920634923 1.064121235856289 -3.7961717301312761 -0.012685669110371887 0.0032858879330409656 0.84222222222222232 -1.3540629250108072 0.097974350310595829 0.059765400992205182 0.050806414624265835 1.8082933038175855
decision_type=2 2 2 2 2 2 2 2 2 2 2 2 2 2
left_child=1 2 13 -4 10 -6 -7 9 -9 -3 12 -12 -2 -1
right_child=4 7 3 -5 5 6 -8 8 -10 -11 11 -13 -14 -15
leaf_value=0 0.0019369169782498647 -0.00878872264366805 0.0071052482264972201 -0.0037459487270704397 0.02237142184838058 -0.0026321409359591885 0.0037555274362351299 -0.0017670409991463229 -0.0063556693075182066 0.0010905150516285873 -0.0003762070924521889 -0.0049011548811612252 -0.0067893770680422898 -0.019634602933688107
leaf_weight=2.4929604437202206 315.5568927731365 20.983254419639707 104.29233762435615 31.481542114168406 4.2346427328884593 63.893276135437191 232.03889997862279 416.17523297481239 151.86905073653907 227.61368085071445 544.39803872117773 102.5733787547797 15.824114339426158 4.4199394099414349
leaf_count=28 6707 351 1130 394 27 626 1990 10335 1784 4693 11893 2330 309 65
internal_value=-0.000267806 -0.00125431 0.00319774 0.00446248 0.000461496 0.00279639 0.00231764 -0.00205642 -0.00303814 0.000133297 -0.000243813 -0.00112962 0.00143699 -0.015387
internal_weight=2237.85 959.328 142.687 135.774 1278.52 300.167 295.932 816.641 568.044 248.597 978.352 646.971 331.381 6.9129
internal_count=42662 18780 1617 1524 23882 2643 2616 17163 12119 5044 21239 14223 7016 93
is_linear=0
shrinkage=0.03


Tree=161
num_leaves=15
num_cat=0
split_feature=2 0 21 19 3 21 21 16 21 8 19 16 13 13
split_gain=1.77963 2.95384 3.89523 3.08713 2.85041 2.875 2.77498 3.32018 2.79964 2.54241 2.91748 2.34981 1.8887 1.37639
threshold=-1.6197476715411057 -1.1365468341964486 0.011566039237911252 0.0054956702433649708 0.24222222222222226 0.0086698011279367805 0.0085951126550433288 0.89897959183673481 0.0074499013604560722 1.064121235856289 0.0051511106356933551 0.97979591836734703 0.73734693877551039 0.95959183673469395
decision_type=2 2 2 2 2 2 2 2 2 2 2 2 2 2
left_child=1 6 11 -4 5 13 8 -8 -1 -6 -11 -3 -7 -2
right_child=4 2 3 -5 9 12 7 -9 -10 10 -12 -13 -14 -15
leaf_value=-0.0039316333667418516 -0.0072949043586289179 0.0034820750315794876 0.00016440487650821596 0.020329144411526841 -0.00055470794693440891 0.00066952323919001111 0.0012461330897240107 -0.012770935735289715 0.017153155693646855 0.0054444834926986952 0 -0.015617179802063589 -0.004292812850245035 0.0035577661916031747
leaf_weight=7.4983536601066616 119.50224553514272 37.226651467382908 11.667737519368528 22.362189179286361 1293.1878543426283 196.59233182668686 32.203284000977874 23.821843858808279 10.603295661509035 150.54991604760289 217.84862921666354 4.7455461220815769 101.14560164324939 8.4020293876528722
leaf_count=95 2652 522 128 214 29103 4223 322 245 104 1332 2003 68 1547 104
internal_value=-0.000256368 0.00286236 0.00697101 0.0142246 -0.000490395 -0.00267551 -0.00122565 -0.00469016 0.00815069 6.28853e-05 0.00226261 0.000369409 -0.000983601 -0.00642272
internal_weight=2237.36 150.129 76.0021 34.0299 2087.23 425.642 74.1268 56.0251 18.1016 1661.59 368.399 41.9722 297.738 127.904
internal_count=42662 1698 932 342 40964 8526 766 567 199 32438 3335 590 5770 2756
is_linear=0
shrinkage=0.03


Tree=162
num_leaves=15
num_cat=0
split_feature=8 23 0 5 23 4 20 10 4 18 21 18 23 8
split_gain=1.56566 2.45738 6.86065 4.4215 3.92201 3.43913 2.44307 2.09224 1.42326 1.333 2.02235 1.46514 1.30557 1.23343
threshold=1.2615255539061019 0.0098545964817406979 -0.065453272146703059 0.68444444444444452 -0.056817630518163569 0.96673476521772106 0.069811407020031427 -0.25404419939307665 -0.3411022342323719 0.059765400992205182 0.013536658895111993 0.0046861215907410001 -0.07119995794871585 0.91451185779279653
decision_type=2 2 2 2 2 2 2 2 2 2 2 2 2 2
left_child=8 2 7 6 -4 -5 -3 -2 12 11 -11 -10 -1 -14
right_child=1 3 4 5 -6 -7 -8 -9 9 10 -12 -13 13 -15
leaf_value=0.0037101462756431265 0.0076555715331510822 -0.0015946419608068761 0.0066866814011074995 0.015154180755402978 -0.0096723487356567758 0.0033918611362209468 0.0090495624749051869 7.6566794940460502e-05 -0.0012255483984538746 -0.0014392680179201554 -0.014174466430851941 0.0012292989897233005 -0.0016754608244253918 -0.0062732112779096197
leaf_weight=32.010978914797306 54.567294765263796 129.80548601318151 13.07947878539562 37.334165488369763 81.389345755800605 66.286359233781695 20.75606464035809 87.883214110508561 326.67781538702548 167.26625454798341 10.605296628549693 636.08516937959939 511.53003933187574 60.958483448252082
leaf_count=721 470 1297 115 298 750 546 190 715 7431 3621 250 13096 12322 840
internal_value=-0.000260129 0.00122215 -0.00092417 0.00327285 -0.00716023 0.00797851 0 0.00314943 -0.000686766 -4.87522e-05 -0.00243114 0.000379976 -0.00186178 -0.00221127
internal_weight=2236.24 491.101 236.919 254.182 94.4688 103.621 150.562 142.451 1745.13 1140.63 177.872 962.763 604.5 572.489
internal_count=42662 4381 2050 2331 865 844 1487 1185 38281 24398 3871 20527 13883 13162
is_linear=0
shrinkage=0.03


Tree=163
num_leaves=15
num_cat=0
split_feature=8 20 11 19 18 6 18 4 19 15 12 13 6 17
split_gain=1.45221 1.93152 2.46077 2.93725 2.42933 2.03625 3.29311 2.8228 1.13664 2.5943 1.5595 1.29562 1.09408 1.32873
threshold=1.0950466723328962 0.043559371833141632 0.36367346938775519 0.0041842479853890493 0.0097675930126328598 0.51846345913593972 -0.0436135344116289 1.6776428318284815 0.0036038943998831052 0.77500000000000013 2.4005671433730096 0.12789115646258506 -2.3843945464961673 0.033408568422619751
decision_type=2 2 2 2 2 2 2 2 2 2 2 2 2 2
left_child=8 5 3 -3 -4 7 -7 -2 9 11 -11 -1 13 -10
right_child=1 2 4 -5 -6 6 -8 -9 12 10 -12 -13 -14 -15
leaf_value=0.01514030242840466 0.00042341138728521459 0.011867507255157918 0.013521627652592953 -0.0072808824200791405 0.0025936212227350855 -0.020399462491128475 -0.0015944877774454436 0.012429453405182899 -0.012083826110595509 -0.0020191763040160542 0.017190015233744881 0.0031558466730251173 -0.00093027710379430504 0.0020305678619392175
leaf_weight=8.0508483359590155 350.84052020031959 7.4977199807763091 32.18743337970227 25.437754105776548 51.72081582993269 8.0754790939390642 68.867422735318542 16.811772160232067 15.163936236873271 151.96670481096953 1.7833806658163656 113.30588252935559 1377.639932861086 5.960401313379406
leaf_count=134 3230 79 269 276 454 96 695 112 286 3294 14 2370 31273 80
internal_value=-0.000252647 0.00105465 0.0044558 -0.00206257 0.00717744 0.000111253 -0.00422497 0.00107727 -0.000700817 0.00102925 -0.00148218 0.00430508 -0.00105277 -0.00762149
internal_weight=2235.31 561.439 116.844 32.9355 83.9082 444.595 76.9429 367.652 1673.87 275.107 153.75 121.357 1398.76 21.1243
internal_count=42662 5211 1078 355 723 4133 791 3342 37451 5812 3308 2504 31639 366
is_linear=0
shrinkage=0.03


Tree=164
num_leaves=15
num_cat=0
split_feature=14 17 17 8 6 8 19 12 17 17 6 3 8 11
split_gain=1.61365 2.7767 2.67472 4.45897 2.33181 3.65269 3.26304 3.18325 2.22967 1.69063 1.62218 1.49958 2.22636 0.944068
threshold=0.55000000000000016 0.02384936445877495 0.011018297330093187 0.3239639177452055 -0.032474414840834666 1.2964484336581796 0.0015321555999446726 1.6723811697976856 -0.036122230018977068 -0.036122230018977068 -2.3843945464961673 0.85857142857142865 2.1731171473604047 0.97979591836734703
decision_type=2 2 2 2 2 2 2 2 2 2 2 2 2 2
left_child=1 2 9 -4 5 7 13 -2 -8 -1 -7 12 -3 -6
right_child=4 11 3 -5 6 10 8 -9 -10 -11 -12 -13 -14 -15
leaf_value=0.002844794761883112 0.00073302985266302076 -0.004425616904763 -0.0019338954722368945 0.0088808397192493473 -0.020283136757284281 0.013525861958657067 -0.0060496271637145342 -0.014435491451471662 -0.00010417404200293139 -0.0026297146492097927 0.0041120812298260081 0.0074678886153842989 -0.018712864360188187 0
leaf_weight=56.403259464539587 543.19381881691515 134.79588843230158 67.853567871265113 62.962088929489255 7.8497015275061113 20.104516223073006 59.587760273367167 10.69274885766208 808.40425696410239 311.00450462754816 134.46092383377254 5.5151056367903939 9.9165777061134559 1.4735636934638021
leaf_count=1061 11440 2884 1710 830 173 166 1326 209 15467 6052 1119 91 122 12
internal_value=-0.000256376 -0.00151805 -0.000400099 0.00321369 0.000251361 0.0015364 -0.000770413 0.000362335 -0.000542541 -0.00173783 0.00558949 -0.00507318 -0.00574866 -0.0168176
internal_weight=2234.22 648.451 498.223 130.816 1585.77 708.452 877.315 553.887 867.992 367.408 154.565 150.228 144.712 9.32327
internal_count=42662 12750 9653 2540 29912 12934 16978 11649 16793 7113 1285 3097 3006 185
is_linear=0
shrinkage=0.03


Tree=165
num_leaves=14
num_cat=0
split_feature=16 18 17 18 9 2 19 18 2 21 21 18 9
split_gain=1.82647 2.15217 1.91296 1.8912 1.77356 1.51047 2.88926 2.11977 1.65513 2.91167 1.86878 0.581818 0.393883
threshold=0.97979591836734703 0.08228923028838854 -0.037959605241511755 0.10666210311532788 0.90555555555555567 -1.9746051302189105 0.0028639893894536082 -0.021399198839975372 -0.66035101585536815 0.0086425842361685327 0.011484256079876397 -0.0056594230861002895 0.9900000000000001
decision_type=2 2 2 2 2 2 2 2 2 2 2 2 2
left_child=5 2 11 12 -4 6 -1 -8 9 -7 -10 -2 -3
right_child=1 3 4 -5 -6 8 7 -9 10 -11 -12 -13 -14
leaf_value=-0.01218111095115277 0.009780003798157362 0.0031124607754007836 -0.014614494534210794 -0.0058201786083787559 -0.0038419276757459065 -0.0051705532529468081 -0.0048910968471714868 0.009020546630008619 0.0011982427253679931 0 -0.001058811732357151 -0.0016478143944488198 0.021006029626502828
leaf_weight=5.9187175519764414 8.5008283369243127 5.436960978433488 16.304607986472547 4.0789963137358418 107.84071115031838 136.20497722737491 9.1520233228802663 53.402856875211 1097.871665738523 322.2198308268562 463.72698692325503 2.5458111409097901 3.8190386909991503
leaf_count=52 95 50 296 58 1134 2922 89 490 21308 5974 10092 26 25
internal_value=-1.96825e-05 -0.00321739 -0.00444126 0.00717322 -0.00558493 0.000203413 0.00452311 0.00666438 4.52391e-05 -0.00152755 0.000517905 0.00614775 0.0142486
internal_weight=2237.02 148.527 135.192 13.335 124.145 2088.5 68.4736 62.5549 2020.02 458.425 1561.6 11.0466 9.256
internal_count=42611 1684 1551 133 1430 40927 631 579 40296 8896 31400 121 75
is_linear=0
shrinkage=0.03


Tree=166
num_leaves=14
num_cat=0
split_feature=15 17 8 8 2 19 0 2 1 8 13 8 8
split_gain=1.42768 2.15705 2.20781 2.13232 1.48375 4.15947 2.14555 1.87354 3.27453 2.0722 0.730169 2.29758 1.04966
threshold=0.35416666666666669 -0.038673137547237606 3.8091541273775791 2.0043718146671403 -2.0918429289774978 0.0030335910730459165 -1.3377732519092727 -0.6192092318406156 0.4040816326530613 1.9299400855849262 0.89897959183673481 2.2692343588127688 -0.28867210378080227
decision_type=2 2 2 2 2 2 2 2 2 2 2 2 2
left_child=1 10 3 -3 5 -2 -7 8 -6 -9 12 -12 -1
right_child=4 2 -4 -5 7 6 -8 9 -10 -11 11 -13 -14
leaf_value=0 -0.016250989673156243 7.197599615925166e-05 -0.018613208084787423 0.0060778074474100163 -6.6094367605118147e-05 0 0.013786028418746429 0.00034705658491095864 -0.0057564236190802698 -0.0037999122961993375 -0.010608589924115851 0.013895624789989573 0.014333029837979979
leaf_weight=5.7415968719869879 4.7980451975017777 313.65621007606387 3.0925101302564135 63.452366881072521 235.31699697766453 13.143503120169042 24.273922184482217 1275.0371920024045 152.32594122923911 116.50708573218435 5.2008331697434169 4.512182679027319 18.883321195840836
leaf_count=166 47 5785 42 557 4517 121 227 26520 3283 1017 72 28 229
internal_value=-9.34184e-06 0.00156838 0.00085227 0.00114882 -0.000377973 0.0050201 0.00881441 -0.00051997 -0.0023587 0 0.00860125 0 0.0112095
internal_weight=2235.94 414.539 380.201 377.109 1821.4 42.2155 37.4174 1779.19 387.643 1391.54 34.3379 9.71302 24.6249
internal_count=42611 6879 6384 6342 35732 395 348 35337 7800 27537 495 100 395
is_linear=0
shrinkage=0.03


Tree=167
num_leaves=15
num_cat=0
split_feature=4 19 16 2 16 8 21 9 12 15 18 8 19 18
split_gain=1.67991 4.08797 2.09754 1.63569 1.3846 2.0084 2.05984 1.65282 1.66208 1.48729 1.35177 1.04103 0.901333 0.82072
threshold=2.0898683336899562 0.0051397329812739962 0.51065759637188213 3.0360549875439573 0.97979591836734703 3.4168724943557662 0.0090030496559574281 0.89897959183673481 2.8006303217971742 0.35416666666666669 0.063860315301012341 -0.24538034661218761 0.0085768485457816679 -0.042060749623203379
decision_type=2 2 2 2 2 2 2 2 2 2 2 2 2 2
left_child=4 10 13 -4 5 9 -7 12 -9 -1 11 -2 -6 -3
right_child=1 2 3 -5 7 6 -8 8 -10 -11 -12 -13 -14 -15
leaf_value=0.0016833171551415124 0 0.0072754589100398424 0.01944892102439115 0 -0.015375935251066303 0.018017248333876076 0 0.0030479928773409774 -0.0041368261740836881 -0.00041047232080420671 0.0066539376628655875 -0.018306384899985088 0.00088582791317243052 -0.0087983949763237642
leaf_weight=371.64748540241271 3.3912784829735747 2.6640757732093334 18.351941925473515 5.4460615348070851 11.515009926632045 9.3100222423672694 11.564792543649672 39.653312457725406 84.162179852835834 1663.2832690048963 2.0032730512320986 6.3337680399417868 1.5552176693454374 4.4367875009775188
leaf_count=6366 99 61 222 55 250 57 74 372 956 33845 17 91 33 113
internal_value=0 0.00576333 0.0114922 0.0155353 -0.000116105 7.25631e-05 0.00891401 -0.00301784 -0.00170471 -1.94339e-05 -0.00771235 -0.0125812 -0.0125849 -0.000846085
internal_weight=2235.32 42.6272 30.8989 23.798 2192.69 2055.81 20.8748 136.886 123.815 2034.93 11.7283 9.72505 13.0702 7.10086
internal_count=42611 658 451 277 41953 40342 131 1611 1328 40211 207 190 283 174
is_linear=0
shrinkage=0.03


Tree=168
num_leaves=15
num_cat=0
split_feature=4 19 17 5 10 19 17 20 4 15 19 21 21 10
split_gain=1.57868 3.69587 1.15436 1.21861 1.15226 2.48783 1.80777 1.6194 1.84505 1.7127 1.04079 0.783725 0.436027 0.39397
threshold=2.0898683336899562 0.0051397329812739962 0.034057339461087917 0.9900000000000001 -0.24615841655135665 0.0082565247105030899 -0.0098854211901160376 0.091378233618269591 -1.7128238777384608 0.35416666666666669 0.0032797480189438602 0.039347721591270805 0.0078446622209036119 0.9553617177442888
decision_type=2 2 2 2 2 2 2 2 2 2 2 2 2 2
left_child=4 10 13 -4 5 6 -1 9 -9 -6 -2 -7 -12 -3
right_child=1 2 3 -5 7 11 -8 8 -10 -11 12 -13 -14 -15
leaf_value=0.0037659453588816273 0.0023042189836994242 0.0072401686123151551 0.010010643271443891 -0.012128142056514406 0.0013777598130971362 -0.0052086009143600702 0.00041086682277013763 -0.011238582706753686 0.010127617186451384 -0.0014884559823283492 0 0.0026509944868618311 -0.015378388393835641 0.019329977104165615
leaf_weight=182.90433793421835 3.7440542243421069 16.407137575559325 2.1981952060014001 2.5960247684270144 227.28960407339036 76.98548367805779 731.34878980461508 1.9991370905190731 20.376703440211713 941.71522851893678 1.4929243698716144 9.3891118932515365 6.5100494781509042 9.8674153443425876
leaf_count=3306 56 257 25 47 3787 1639 13523 25 347 19145 25 181 126 122
internal_value=0 0.00557581 0.0110059 0 -0.000111967 0.000629782 0.00110521 -0.000747536 0.00683784 -0.000916967 -0.00720656 -0.00414385 -0.0127267 0.0133572
internal_weight=2234.82 42.8158 31.0688 4.79422 2192.01 1000.63 914.253 1191.38 22.3758 1169 11.747 86.3746 8.00297 26.2746
internal_count=42611 658 451 72 41953 18649 16829 23304 372 22932 207 1820 151 379
is_linear=0
shrinkage=0.03


Tree=169
num_leaves=15
num_cat=0
split_feature=13 7 5 8 1 18 10 10 6 13 7 9 7 7
split_gain=1.15541 2.17607 2.66637 2.27775 2.80772 1.58531 1.37582 1.06215 1.98331 2.21481 1.76121 1.88728 1.68809 1.19737
threshold=0.080816326530612256 0.58591836734693892 0.89897959183673481 -0.50429701900999591 0.46333333333333343 0.032465131591025827 1.2954640805173994 -1.1960239485189679 0.33330173748249275 0.87877551020408173 0.040408163265306128 0.9900000000000001 0.95959183673469395 0.32993197278911568
decision_type=2 2 2 2 2 2 2 2 2 2 2 2 2 2
left_child=1 3 6 5 -5 -1 -3 8 9 -2 11 -9 -10 -12
right_child=7 2 -4 4 -6 -7 -8 10 12 -11 13 -13 -14 -15
leaf_value=0.0091470265699648279 0.00067779941317036379 0.010920947410781083 -0.0034117320746164231 0.00011954538493940728 -0.012413875444406893 -0.0018333146112815741 -0.0014343127706366672 0.0048755876554792263 -0.01075680997773404 0.0079667238980277305 -0.0018286198089448591 -0.0056734433191603754 0.0030407003899319655 -0.00011589627573185226
leaf_weight=26.89442721940577 128.55815157759935 50.993117680773139 16.794535459950566 46.15545392408967 20.939103085547686 15.794154829345642 6.6190377715975037 94.483096294105053 17.24182964023203 54.642600692808628 545.12427124381065 15.172808540053664 10.125081668607889 1184.191503373906
leaf_count=520 2255 910 297 743 414 380 114 1274 344 578 10101 170 144 24367
internal_value=1.32314e-05 0.00228219 0.00618075 -0.000289226 -0.00382094 0.00484857 0.00924933 -0.000185392 0.00180948 0.00299539 -0.000423676 0.00320613 -0.00528186 -0.000665943
internal_weight=2233.73 184.19 74.4067 109.783 67.0946 42.6886 57.6122 2049.54 210.568 183.201 1838.97 109.656 27.3669 1729.32
internal_count=42611 3378 1321 2057 1157 900 1024 39233 3321 2833 35912 1444 488 34468
is_linear=0
shrinkage=0.03


Tree=170
num_leaves=15
num_cat=0
split_feature=8 8 21 21 23 9 12 23 12 7 0 23 23 2
split_gain=1.83206 3.17947 2.98154 3.69232 4.16281 2.41319 2.35538 3.84042 2.29467 2.55864 2.15186 1.93964 1.89036 1.6646
threshold=2.1731171473604047 1.8609275936141219 0.009596132137828681 0.017092536142546355 0.055727381271716621 0.9900000000000001 1.0606604388239338 0.015714002147668719 4.4471173966164477 0.021315192743764175 1.6407898872637681 0.032113979574893377 -0.038836203262905981 2.1479645883107144
decision_type=2 2 2 2 2 2 2 2 2 2 2 2 2 2
left_child=1 6 8 4 -4 -5 10 -8 11 -10 -1 -2 -3 -14
right_child=2 12 3 5 -6 -7 7 -9 9 -11 -12 -13 13 -15
leaf_value=-0.00084810353219041609 0.013477262140622956 0.0027917605814813903 0.00044815702978475325 0.028143505815164331 -0.014207877610873883 0 -0.0010137193222064746 0.0073166449837490048 0.010736488019184901 -0.011096277134062584 0.0035899516022384606 0.0025269362562170337 -0.011243055969878787 1.6209190043038008e-05
leaf_weight=1669.4533513663337 38.786240741610527 12.621164178475736 77.049402185715735 4.1318390518426877 19.876345463097095 5.1360305733978748 100.68371144682169 90.961055134423077 5.4277740158140686 10.706272444687782 101.50550528522581 30.469652276486158 47.78205519169569 12.048147059977053
leaf_count=36134 294 112 678 26 201 45 1394 1209 57 132 1496 236 486 98
internal_value=-0.000199465 -0.000470567 0.00257788 -0.000660446 -0.00263218 0.0154363 -0.000231556 0.00289742 0.00669976 -0.00255013 -0.000581506 0.00907624 -0.00656342 -0.00880597
internal_weight=2226.64 2035.05 191.584 106.194 96.9257 9.26787 1962.6 191.645 85.3899 16.134 1770.96 69.2559 72.4514 59.8302
internal_count=42598 40929 1669 950 879 71 40233 2603 719 189 37630 530 696 584
is_linear=0
shrinkage=0.03


Tree=171
num_leaves=14
num_cat=0
split_feature=8 18 21 21 21 21 8 18 18 17 8 19 10
split_gain=2.05234 4.75321 4.25865 7.28043 3.61677 5.58963 2.56349 4.07245 5.1816 4.35639 2.23046 2.86454 1.9996
threshold=2.1731171473604047 0.0003248104072657299 0.017092536142546355 0.012873797749163736 0.0064489905470936368 0.010871389920076651 1.6345306276787073 0.017858878845004925 0.03816359954750282 -0.00092764713005216704 1.3772374936943625 0.0035263135176914029 -1.9110433274935918
decision_type=2 2 2 2 2 2 2 2 2 2 2 2 2
left_child=6 4 3 -3 -2 -6 10 9 -9 -8 12 -12 -1
right_child=1 2 -4 -5 5 -7 7 8 -10 -11 11 -13 -14
leaf_value=-0.010616723144734518 -0.010042556191531346 0.0011464866015972938 0.021055781801442193 -0.019337534151690237 0.020712543893244183 0 -0.0026912876855074148 0.0093159792346064023 -0.0058190365652937082 -0.019506902197871063 -0.0099039175462661434 0.006127057279482857 -0.00033065772936568714
leaf_weight=15.301972502842544 4.7016175910830489 119.12543109804392 6.0483128800988188 15.805049143731592 29.072732467204332 17.070759816095233 36.097880588844419 31.246300674974918 50.510683298110962 24.405803397297859 8.8938655201345664 84.375132534652948 1782.8082540258765
leaf_count=383 47 1037 42 159 227 157 334 276 491 241 89 726 38389
internal_value=-0.000209716 0.00272851 -4.17792e-05 -0.00139076 0.0104044 0.01313 -0.000496642 -0.00435647 0 -0.0101214 -0.000194107 0.00426512 -0.000438224
internal_weight=2225.46 191.824 140.979 134.93 50.8451 46.1435 2033.64 142.261 81.757 60.5037 1891.38 93.269 1798.11
internal_count=42598 1669 1238 1196 431 384 40929 1342 767 575 39587 815 38772
is_linear=0
shrinkage=0.03


Tree=172
num_leaves=15
num_cat=0
split_feature=7 23 10 8 20 19 19 8 8 19 18 16 12 12
split_gain=1.82856 4.47951 3.84968 3.87639 3.70925 2.69387 3.38766 1.85303 2.9787 4.4103 2.47743 3.12923 2.32897 2.2051
threshold=0.060612244897959189 0.022296527331968633 0.48818654169934506 -0.16492581262921091 -0.015033078408064114 0.0070279132975503622 0.0077392895528356634 2.1731171473604047 1.8609275936141219 0.0049292197497667325 0.022125783519488577 0.85857142857142865 2.9681076460632263 3.9683632740970327
decision_type=2 2 2 2 2 2 2 2 2 2 2 2 2 2
left_child=1 2 3 -1 -4 -3 -7 8 13 -10 12 -12 -9 -2
right_child=7 5 4 -5 -6 6 -8 10 9 -11 11 -13 -14 -15
leaf_value=-0.0079499881012328501 -0.00054556311572084599 -0.0067549279819108972 -0.011063662943020539 0.012120035226962604 0.0061441118312438973 0.016844182663402731 -0.0052393047299627857 0.011173488973866479 0.0029477263503474961 -0.013574991000478402 0.0097406561506146322 -0.0038519119800417231 -0.00075915789263763069 0.013220015577068957
leaf_weight=7.4791066693142048 1825.667413468007 52.45750052575022 17.546850090846419 72.571724511682987 24.075066074728966 9.8868009522557276 10.266377711668609 41.716666096821427 20.601879036054015 35.678851629607379 17.881578452885151 61.814506731927395 18.446567238308489 8.4617129545658809
leaf_count=185 38204 814 206 777 275 127 165 322 187 372 124 548 203 89
internal_value=-0.000153767 0.00260084 0.00612424 0.00991401 -0.000941078 -0.00310814 0.00545999 -0.000427046 -0.000680968 -0.00737578 0.00286056 -0.000454713 0.00736682 -0.000459556
internal_weight=2224.55 194.283 121.673 80.0508 41.6219 72.6107 20.1532 2030.27 1890.41 56.2807 139.859 79.6961 60.1632 1834.13
internal_count=42598 2549 1443 962 481 1106 292 40049 38852 559 1197 672 525 38293
is_linear=0
shrinkage=0.03


Tree=173
num_leaves=15
num_cat=0
split_feature=6 10 19 19 18 18 20 10 19 5 7 18 19 19
split_gain=1.64055 2.31921 4.15586 4.89795 2.37114 1.80746 3.43913 1.74299 4.25299 3.67108 2.89807 1.72906 1.48921 3.56578
threshold=-0.97926953303690911 0.50091583400935846 0.0057860242990329163 0.0080256770953464653 0.017170694249955657 0.010217251351392511 -0.010134011417721243 0.25619969942905646 0.0081816851456304966 0.47469387755102049 0.6161224489795919 0.05113604661375027 0.008040828320118017 0.0072008007764995064
decision_type=2 2 2 2 2 2 2 2 2 2 2 2 2 2
left_child=1 2 4 -4 -1 6 -3 12 9 -9 -10 -7 13 -2
right_child=7 5 3 -5 -6 11 -8 8 10 -11 -12 -13 -14 -15
leaf_value=-0.010777062870841386 -0.0013661731915592401 -0.024295642458990876 0.015037020282583158 -0.0069973530330867777 0.0029581004424551844 0.0070390973418329962 0.00055020910472720636 -0.0028016413406890496 0.01207683161823195 0.0017789551435522669 0.00043717872871725275 -0.0064643632332824098 -0.0038001587974102248 0.0031535980762668657
leaf_weight=13.273501284420488 993.28810805175453 6.3928545843809834 44.962670462206006 8.9748252108693105 40.362934239208698 19.236113213002685 9.506304217502473 258.74355333298445 45.179482396692038 395.34092659130692 37.499569499865174 11.62667130678892 154.23615263774991 183.25035046320409
leaf_count=189 19767 78 491 125 520 216 108 5288 802 7189 663 134 3287 3741
internal_value=-0.000144771 0.00280749 0.00524846 0.0109834 -0.000436578 -0.00248521 -0.0102004 -0.000374897 0.000782915 -1.31968e-05 0.00710975 0.00141179 -0.00102737 -0.000645317
internal_weight=2221.87 154.336 107.574 53.9375 53.6364 46.7619 15.8992 2067.54 736.764 654.084 82.6791 30.8628 1330.77 1176.54
internal_count=42598 1861 1325 616 709 536 186 40737 13942 12477 1465 350 26795 23508
is_linear=0
shrinkage=0.03


Tree=174
num_leaves=15
num_cat=0
split_feature=6 19 19 18 17 14 21 10 19 7 19 1 19 21
split_gain=1.48518 2.26136 4.58939 3.12166 2.79859 2.5523 2.31122 1.67903 4.05907 2.95029 2.25445 1.51899 3.31446 2.17385
threshold=-0.97926953303690911 0.0069677629322288702 0.0082166414621843726 0.017170694249955657 0.0055866495707107564 0.36666666666666675 0.016846650365909693 0.25619969942905646 0.0081816851456304966 0.6161224489795919 0.0072317540913596516 0.46333333333333343 0.0049467949564634354 0.012371640072186234
decision_type=2 2 2 2 2 2 2 2 2 2 2 2 2 2
left_child=1 3 5 6 -5 -3 -1 11 10 -10 -9 12 -2 -13
right_child=7 2 -4 4 -6 -7 -8 8 9 -11 -12 13 -14 -15
leaf_value=-0.0095152755095695429 -0.0028650272411371836 0.0008393976438271515 -0.007998769773308349 0.011913426357022205 0 0.018851406737689567 0.012433601036495424 0.00072994140109276632 0.011823835931062924 0.00016373400934213358 -0.0040304567907199391 -0.001128796649273772 0.0016007684283240672 -0.0054707049394086887
leaf_weight=32.400831377133727 229.39537525456399 12.732935063540934 9.776021605357526 23.219134747982025 52.065645976923406 22.753974569961429 2.6364510022103778 549.50256000366062 46.179525612853467 37.434017224237323 104.8301147473976 546.43710461072624 420.88930119760334 131.51031160820276
leaf_count=405 4512 149 127 244 665 240 31 10424 802 663 2053 11251 7908 3124
internal_value=-0.000153309 0.00264262 0.00814212 0.000147944 0.00370452 0.0131783 -0.00687647 -0.00037345 0.00076102 0.00690456 -1.98217e-05 -0.00101522 0 -0.00200673
internal_weight=2221.76 155.585 45.2629 110.322 75.2848 35.4869 35.0373 2066.18 737.946 83.6135 654.333 1328.23 650.285 677.947
internal_count=42598 1861 516 1345 909 389 436 40737 13942 1465 12477 26795 12420 14375
is_linear=0
shrinkage=0.03


Tree=175
num_leaves=15
num_cat=0
split_feature=13 17 13 20 11 0 3 10 13 5 20 5 23 21
split_gain=1.371 2.78267 2.24457 2.90363 2.45114 2.10552 2.09115 4.08789 2.06328 1.82253 1.73799 3.19964 2.32135 1.22488
threshold=0.66333333333333344 0.058890626892361471 0.59591836734693893 0.025722188420874929 0.85857142857142865 -2.1491586061697272 0.30861678004535154 0.32219712116658344 0.79795918367346952 0.9191836734693879 0.016562147148228682 0.040408163265306128 0.012756092995770964 0.017036749924786859
decision_type=2 2 2 2 2 2 2 2 2 2 2 2 2 2
left_child=2 6 10 4 -4 -3 7 -2 -8 -7 11 -1 -12 -5
right_child=1 5 3 13 -6 9 8 -9 -10 -11 12 -13 -14 -15
leaf_value=0.0086420882818500234 0.0017054947224390458 0.010780009986034997 -0.002994165788928031 -0.010245596223872533 0.0090023803807299831 -0.015149461183170352 0.0048441630039329489 -0.0058025131022840853 0.001072955086637128 0.0049555817816612051 0.0070269270452688959 -0.0018450612307207403 0.00044165926836597002 0.0051261852203345207
leaf_weight=25.240990189835429 185.33181523997337 2.0875069182366159 72.461144017055631 54.535045137628913 17.153484263457358 19.25631787721068 190.03921513073146 97.140965337865055 462.47706353105605 2.7241316363215438 51.868890441954136 507.84484761580825 535.13963963557035 2.5507123190909615
leaf_count=472 2815 16 1754 1272 321 330 3650 1341 6298 43 1065 12144 10973 62
internal_value=0.000126746 0.000986738 -0.000513038 -0.00397732 -0.000387733 -0.00861393 0.00126774 -0.000846384 0.00220565 -0.0118268 -3.96673e-05 -0.00129003 0.00107089 -0.00915462
internal_weight=2225.85 959.057 1266.79 146.7 89.6146 24.068 934.989 282.473 652.516 21.9804 1120.09 533.086 587.009 57.0858
internal_count=42556 14493 28063 3409 2075 389 14104 4156 9948 373 24654 12616 12038 1334
is_linear=0
shrinkage=0.03


Tree=176
num_leaves=15
num_cat=0
split_feature=8 18 18 2 18 17 7 17 23 18 1 20 13 2
split_gain=2.12297 2.19893 3.44287 3.78724 3.31497 2.83417 3.1122 2.32633 1.64351 1.663 1.12546 1.67489 0.99697 0.142645
threshold=0.49043032439321016 0.026817262859412331 0.0003248104072657299 0.34110482788869873 -0.0025354054350811279 -0.019056532167070758 0.58591836734693892 0.00097979283497573477 -0.1021210935001564 -0.076885382827998214 0.085260770975056702 -0.0053048337424270167 0.10657596371882087 1.3935683643295083
decision_type=2 2 2 2 2 2 2 2 2 2 2 2 2 2
left_child=8 2 4 -4 -2 6 -3 -7 9 -1 11 -10 -12 -11
right_child=1 5 3 -5 -6 7 -8 -9 10 13 12 -13 -14 -15
leaf_value=0.0075794110047384261 0.0011038046038247481 0.002660321109556647 -0.0064932892892562329 0.0015506622215811473 0.01415791286844595 0.0082856643768757648 -0.021031294623693107 0.0022146396685640141 0.0096090606874654743 -0.015725635618992786 0.0013118397277720358 0 -0.0010665486942362686 0
leaf_weight=1.5231560235843051 234.95922321919352 7.9100466892123205 119.09860551357269 87.764548653736711 17.404532015323639 70.288637800142169 7.295964602380991 352.51718472409993 21.855232981964946 10.481018519960342 179.50374743808061 52.568978143855929 1060.1383546479046 1.0038201147690404
leaf_count=52 2761 84 1558 908 177 761 94 3955 413 319 3561 1154 26728 31
internal_value=0.000146819 0.00127785 -0.00014277 -0.00302655 0.00216731 0.00279525 -0.00895863 0.00329347 -0.000607364 -0.0105291 -0.000481899 0.00301616 -0.000708512 -0.014811
internal_weight=2224.31 897.239 459.227 206.863 252.364 438.012 15.206 422.806 1327.07 13.008 1314.07 74.4242 1239.64 11.4848
internal_count=42556 10298 5404 2466 2938 4894 178 4716 32258 402 31856 1567 30289 350
is_linear=0
shrinkage=0.03


Tree=177
num_leaves=15
num_cat=0
split_feature=8 6 4 6 23 21 10 21 23 21 21 1 4 10
split_gain=1.98301 1.69166 3.27362 3.18535 2.91112 2.23274 3.85163 3.02119 1.5615 1.27201 2.05867 1.11056 0.685208 0.588377
threshold=0.49043032439321016 0.11056116577462229 -1.3629756140206499 -0.037116355364795107 0.011040914445892837 0.0065547268938380759 0.071670357235510559 0.0081780342565872643 -0.1021210935001564 0.032163462254552057 0.016308053619115446 0.75532879818594112 1.7185468698463071 -1.449532446365001
decision_type=2 2 2 2 2 2 2 2 2 2 2 2 2 2
left_child=8 2 4 -4 -2 6 -3 -7 12 10 -10 -11 13 -1
right_child=1 5 3 -5 -6 7 -8 -9 9 11 -12 -13 -14 -15
leaf_value=0 0.0089124161902244519 0.021769980923269257 0.00017811998296795133 -0.006424561682217258 -0.00035538355333005129 -0.0037351531436558717 0 0.0035265145747349399 -0.00032682197332050517 0.0094434261041099789 -0.0061911125039127287 -0.0049730586109052385 0.001972006939938948 -0.014523363363301869
leaf_weight=1.0868360456079234 62.890518106520176 12.75772285833955 359.68844450265169 77.418620625510812 51.678343390114605 60.845514232292771 15.199640450999139 256.1543987672776 1235.1670477427542 18.500575541518632 54.915406118147075 3.4088024338707319 0.99941864050924856 10.858949793502685
leaf_count=22 590 138 4192 957 599 718 161 2943 29740 471 1512 133 31 349
internal_value=0.00014644 0.00123986 0.00017781 -0.000981095 0.00466896 0.00288431 0.0108516 0.002071 -0.000582969 -0.000460433 -0.000597255 0.00634468 -0.0102747 -0.0125107
internal_weight=2221.57 896.633 551.676 437.107 114.569 344.957 27.9574 317 1324.94 1311.99 1290.08 21.9094 12.9452 11.9458
internal_count=42556 10298 6338 5149 1189 3960 299 3661 32258 31856 31252 604 402 371
is_linear=0
shrinkage=0.03


Tree=178
num_leaves=15
num_cat=0
split_feature=9 21 12 21 17 21 23 20 17 18 20 1 21 9
split_gain=1.65355 1.63909 4.09745 5.85087 3.31818 2.01677 3.02782 2.00868 1.53797 1.85967 1.19153 1.16549 1.05852 0.517215
threshold=0.74755102040816335 0.0090696638947236671 5.0518610197211116 0.011604728173246134 0.013158486594801457 0.0081780342565872643 0.061453188332085247 0.030223637590913847 -0.065635395063054255 0.016262793882509511 -0.087946134514477511 0.30806122448979595 0.013536658895111993 0.45448979591836741
decision_type=2 2 2 2 2 2 2 2 2 2 2 2 2 2
left_child=8 5 3 -3 -4 6 -2 -7 9 11 13 -1 -12 -10
right_child=1 2 4 -5 -6 7 -8 -9 10 -11 12 -13 -14 -15
leaf_value=0 -0.00070785933193360736 -0.0032828054926415072 0.021439512588598775 0.0027355187052716173 -0.0040258980625864542 0.0090212483831392278 0.007458960301537124 0.00038563613529388457 0.016102016649222391 0.0082935408222885743 -0.0001578636444543687 -0.018107454293024593 -0.0028425401842571679 0
leaf_weight=5.7667944692075279 181.67185619100928 294.2391237989068 12.179855594411494 282.4838327690959 4.689959777519106 71.336531978100538 49.813969375565648 42.110388610512018 3.5599950049072495 2.3708120472729197 1106.1360545158386 10.165312113240359 150.79717588704079 2.7090020095929503
leaf_count=130 2185 3490 105 3307 46 806 601 493 116 54 26768 348 4037 70
internal_value=0.000137295 0.00109817 0.000113822 -0.000309793 0.0138886 0.00273846 0.00103417 0.00600794 -0.000555338 -0.00878459 -0.000410549 -0.012804 -0.000495869 0.0108646
internal_weight=2220.03 938.526 593.593 576.723 16.8698 344.933 231.486 113.447 1281.51 18.3029 1263.2 15.9321 1256.93 6.269
internal_count=42556 11033 6948 6797 151 4085 2786 1299 31523 532 30991 478 30805 186
is_linear=0
shrinkage=0.03


Tree=179
num_leaves=15
num_cat=0
split_feature=8 18 18 5 18 19 13 2 23 18 1 0 13 15
split_gain=1.63394 2.01502 3.48794 3.6634 3.45758 2.35472 3.57563 1.95419 1.42262 1.57254 1.12392 1.65192 1.02434 0.480014
threshold=0.49043032439321016 0.026817262859412331 0.0003248104072657299 0.65653061224489806 -0.0025354054350811279 0.0081816851456304966 0.79795918367346952 -2.2508432230427928 -0.1021210935001564 -0.076885382827998214 0.085260770975056702 -1.9424959647950255 0.10657596371882087 0.35416666666666669
decision_type=2 2 2 2 2 2 2 2 2 2 2 2 2 2
left_child=8 2 4 -4 -2 7 -7 -3 9 -1 11 -10 -12 -11
right_child=1 5 3 -5 -6 6 -8 -9 10 13 12 -13 -14 -15
leaf_value=0.0074377905221907591 0.0010150875992755591 0.010750128305582002 -0.0062693718588076718 0.0017910886303527209 0.014357190411061196 0.002327463778578261 -0.01937823615758864 0.0025123915354338276 -0.0065486566656449878 0 0.0014164330334259525 0.0050422511624164624 -0.00099582598956781993 -0.016295356638137946
leaf_weight=1.5725313611328591 234.67078506574035 27.698989463970065 127.34308353345841 78.439110484905541 17.336390210315585 14.864336025901141 8.843170650303362 385.77017210051417 10.495089444331823 1.5715525168925513 179.98873776383698 64.193621333688498 1056.4304058132693 9.5798158906400186
leaf_count=52 2761 237 1648 818 177 162 122 4373 219 40 3561 1348 26728 310
internal_value=0.000141615 0.00113567 -0.000226122 -0.00313707 0.00209781 0.00259037 -0.00606322 0.00314945 -0.000519795 -0.00983854 -0.000403089 0.00308962 -0.000630835 -0.014176
internal_weight=2218.8 894.966 457.789 205.782 252.007 437.177 23.7075 413.469 1323.83 12.7239 1311.11 74.6887 1236.42 11.1514
internal_count=42556 10298 5404 2466 2938 4894 284 4610 32258 402 31856 1567 30289 350
is_linear=0
shrinkage=0.03


Tree=180
num_leaves=15
num_cat=0
split_feature=9 21 21 3 11 18 0 3 14 11 14 5 5 13
split_gain=1.44713 2.18692 3.93849 3.32288 3.06601 3.48874 2.60147 2.2103 1.36964 2.05154 1.70257 1.82479 1.35994 1.31833
threshold=0.76775510204081643 0.011930346318952489 0.0095703783511010779 0.35124716553287988 0.51065759637188213 -0.011667972793563573 -1.5195105063624013 0.28285714285714292 0.55000000000000016 0.26598639455782319 0.91666666666666685 0.6161224489795919 0.59591836734693893 0.080816326530612256
decision_type=2 2 2 2 2 2 2 2 2 2 2 2 2 2
left_child=8 2 7 -4 6 -6 -3 -2 9 12 11 -10 -1 -12
right_child=1 4 3 -5 5 -7 -8 -9 10 -11 13 -13 -14 -15
leaf_value=-0.00079124337308669832 -0.0013477241464910498 -0.012674008980375647 0.00087409265215612991 -0.0057713479441016714 -0.001299685733494034 0.0091178657033808459 0.0013814754201551518 0.0035046170354161676 0.0052512326975472567 -0.0035710776275833978 0.0021600814734055126 -0.00040142414349887868 0.0061621961366646553 -0.0010697797095280011
leaf_weight=77.848001363687217 112.7887610103935 11.542728856205938 122.92718121502548 139.02729930635542 35.733978098258376 105.31741479039192 89.567743878811598 287.22339264303446 107.15191882755607 242.68561644945294 134.83370449207723 88.030680923722684 33.511335243470967 627.15807555429637
leaf_count=1713 1445 124 1434 1549 391 1092 1122 3122 2622 6837 2577 2157 615 15700
internal_value=0.000202912 0.00112955 0.00020964 -0.00261303 0.00356043 0.00639255 -0.000292328 0.00209922 -0.000425359 -0.002017 0.000150706 0.0026475 0.00124073 -0.000474467
internal_weight=2215.35 904.128 661.967 261.954 242.162 141.051 101.11 400.012 1311.22 354.045 957.174 195.183 111.359 761.992
internal_count=42500 10279 7550 2983 2729 1483 1246 4567 32221 9165 23056 4779 2328 18277
is_linear=0
shrinkage=0.03


Tree=181
num_leaves=15
num_cat=0
split_feature=4 18 20 8 6 8 18 8 8 12 12 16 6 6
split_gain=1.42662 2.6387 1.43487 1.68757 1.29384 2.53436 4.09334 2.405 2.09045 3.27972 1.55254 0.365766 0.86868 0.858426
threshold=2.0109041456754317 0.0042388400440169791 -0.035332076035467057 0.69240683535004333 -0.97926953303690911 2.7796601802428795 0.042124101720839809 -0.1267333971693099 2.9588964550786105 1.0606604388239338 2.9681076460632263 0.49489795918367352 0.32478769011138559 0.29489050346868406
decision_type=2 2 2 2 2 2 2 2 2 2 2 2 2 2
left_child=4 11 -3 -4 5 7 -7 -1 10 -10 -6 12 -2 -13
right_child=1 2 3 -5 8 6 -8 -9 9 -11 -12 13 -14 -15
leaf_value=-0.0072941229297466791 0.011569625918977025 -0.013006871308496258 -0.0034417717191092688 0.0098930264974108773 -0.00017755670662989822 -0.01456077006245938 0.0081179443699534431 0.0057093644413956021 0.016972904987315775 0.00064162525357742571 -0.006021661627302723 0 -0.0059500501255461786 0.01823750793031044
leaf_weight=11.596141935326157 2.7610670942813185 4.6155292931944123 15.867527660913767 13.114935580641029 1904.0215165261179 15.715952994301917 9.459107354283331 121.65277275815606 14.186589874327181 42.352498026564717 40.097617948427796 2.4070375971496096 2.6618931423872709 12.474062336608766
leaf_count=274 54 73 344 101 38824 176 77 1369 90 357 514 34 71 142
internal_value=0.000193535 0.00492891 0 0.00235735 6.39216e-05 0.00266091 -0.00551732 0.00437569 -0.000136685 0.00543553 -0.000311864 0.012937 0.00166312 0.015473
internal_weight=2212.98 53.9021 33.598 28.9825 2159.08 158.424 25.1751 133.249 2000.66 56.5391 1944.12 20.3041 5.42296 14.8811
internal_count=42500 819 518 445 41681 1896 253 1643 39785 447 39338 301 125 176
is_linear=0
shrinkage=0.03


Tree=182
num_leaves=15
num_cat=0
split_feature=4 19 18 17 12 4 4 21 23 18 9 4 21 8
split_gain=1.59742 3.04316 2.60978 1.36881 1.20805 1.17019 1.61153 2.90987 1.44938 2.18836 1.15426 0.932833 0.745278 0.905767
threshold=2.0109041456754317 0.0050986683315357561 0.028751512355719159 -0.024341371913578932 -0.19372155846810249 -2.261718363546867 -1.4135748830847863 0.0073563936803541334 0.00042701653702481584 0.0003248104072657299 0.23224489795918371 -2.6059065592179471 0.010532008531289301 -0.31112111948866056
decision_type=2 2 2 2 2 2 2 2 2 2 2 2 2 2
left_child=5 12 3 -3 -4 8 7 -7 11 -10 -8 -1 -2 -14
right_child=1 2 4 -5 -6 6 10 -9 9 -11 -12 -13 13 -15
leaf_value=0.01249258308927172 0 0.0033058559262887891 -0.010603471388449042 0.021414861851493938 0.0053584372786409868 -0.0073773058245508536 -0.0018454289130705813 0.0044116724003806064 0.0032951906309824385 -0.01581174223036631 0.00021258472853756484 -0.0026590098162707111 0 -0.016499065111744492
leaf_weight=3.3032107651233673 8.2671923404559475 8.9130844660103303 4.4426190750673404 13.911752392537894 10.638039750978349 18.826233704574406 284.5209045810625 150.86855270527303 5.4078709855675724 14.594202985055743 1673.5429292107001 7.3871923964470643 2.3333972059190264 5.0030325446277857
leaf_count=39 135 151 104 170 122 404 8372 2490 85 268 29917 106 66 71
internal_value=0.000199518 0.00522802 0.00980394 0.0157836 0 6.31917e-05 0.000156452 0.00294572 -0.00555733 -0.0101342 -8.03847e-05 0.00207166 -0.00488698 -0.0108107
internal_weight=2211.96 53.5091 37.9055 22.8248 15.0807 2158.45 2127.76 169.695 30.6925 20.0021 1958.06 10.6904 15.6036 7.33643
internal_count=42500 819 547 321 226 41681 41183 2894 498 353 38289 145 272 137
is_linear=0
shrinkage=0.03


Tree=183
num_leaves=15
num_cat=0
split_feature=4 18 6 4 5 18 6 9 9 2 13 23 21 16
split_gain=1.46711 2.48779 1.09519 1.78591 2.66233 1.55875 1.18757 3.63616 1.3735 0.865286 2.12131 1.81733 0.499295 0.48652
threshold=2.0109041456754317 0.0042388400440169791 -0.97926953303690911 -0.78580490888700927 0.020204081632653064 0.043027925495103377 -0.62692875978881946 0.89897959183673481 0.8633333333333334 2.0351710935943772 0.75532879818594112 0.04740297701395247 0.0094324392650396802 0.51065759637188213
decision_type=2 2 2 2 2 2 2 2 2 2 2 2 2 2
left_child=2 12 3 4 -1 -5 7 -4 -8 10 -3 -11 13 -2
right_child=1 9 6 5 -6 -7 8 -9 -10 11 -12 -13 -14 -15
leaf_value=-0.0061710138336253679 0 -0.0027500137966782298 0.0016733971463102825 -0.004784666348501148 0.0072500013645669398 0.0043790245426522647 -0.00043407851836183145 -0.012305355493099792 0.0014368371864252984 -0.010786991580855394 0.016610284569628174 0.0082906991774063712 0.0026051001176024815 0.019043894690761242
leaf_weight=13.086107634007929 2.8336846483871367 10.681043322198095 36.644591375254095 41.233309087343514 79.917361113242805 24.165314606390893 1474.4610282275826 26.146965822204947 462.0413824999705 12.217685302719476 5.8320828378200522 3.9995997771620742 7.3873212235048404 10.291721120476721
leaf_count=165 55 266 732 532 952 247 34215 268 4570 153 65 34 143 103
internal_value=0.000194457 0.00502567 6.37531e-05 0.00245337 0.00511354 -0.00114659 -0.000120342 -0.00411613 5.59808e-06 0 0.00433315 -0.00486489 0.0127057 0.0163026
internal_weight=2210.94 53.2431 2157.7 158.402 93.0035 65.3986 1999.29 62.7916 1936.5 32.7304 16.5131 16.2173 20.5127 13.1254
internal_count=42500 819 41681 1896 1117 779 39785 1000 38785 518 331 187 301 158
is_linear=0
shrinkage=0.03


Tree=184
num_leaves=15
num_cat=0
split_feature=8 17 19 17 17 0 3 23 12 6 18 10 21 14
split_gain=0.850157 2.18457 3.46408 3.35489 3.52697 3.2291 2.87395 2.00985 1.59773 1.26759 1.80253 1.23151 3.44725 1.51924
threshold=0.5633137490118677 0.016729253769320333 0.0026914749444809706 0.023752065802994719 0.024445335193795218 0.56754601972430108 0.93938775510204098 0.054624680740561156 1.4148504801842436 -0.13678568348850634 0.049857185515147735 -0.79246156079685692 0.0088970123921178045 0.55000000000000016
decision_type=2 2 2 2 2 2 2 2 2 2 2 2 2 2
left_child=8 2 7 6 -5 -4 -3 -2 11 10 -10 12 -1 -13
right_child=1 3 5 4 -6 -7 -8 -9 9 -11 -12 13 -14 -15
leaf_value=-0.0030589822696306516 -0.019576843534812174 0.011484941821889642 -0.0013003828243963852 -0.014812107218126414 0.0019115591079753135 0.0036482579925016974 -0.00068592242470486605 0 -0.0083023883662544096 -0.012185613754627476 0.014572441434928281 -0.0025741724078666207 0.0034700322669121066 3.9780870468740296e-05
leaf_weight=101.44483424723148 10.783383479341866 59.278834192082286 362.74530387576669 9.8800412677228433 210.10577326826751 173.1367066251114 20.971332810819149 8.1004879809916002 5.1672873133793491 15.915663026273249 3.3169159758836031 268.63622425869107 233.29635606240481 726.60809234436601
leaf_count=2152 138 679 4217 112 2301 1811 177 103 129 405 61 7441 4187 18587
internal_value=0.000187725 0.00093127 -0.00016059 0.00298612 0.000966207 0.000278194 0.00818269 -0.0121647 -0.000271286 -0.00758862 0.000283745 -0.000114588 0.00144042 -0.000654483
internal_weight=2209.39 855.002 554.766 300.236 219.986 535.882 80.2502 18.8839 1354.39 24.3999 8.4842 1329.99 334.741 995.244
internal_count=42500 9538 6269 3269 2413 6028 856 241 32962 595 190 32367 6339 26028
is_linear=0
shrinkage=0.03


Tree=185
num_leaves=15
num_cat=0
split_feature=4 21 12 12 9 2 21 6 10 4 10 2 18 9
split_gain=2.69298 2.98893 4.1104 3.65164 2.75234 1.21871 3.34914 3.68464 1.64066 3.76064 1.78882 0.978196 0.877371 0.542373
threshold=1.6776428318284815 0.016160907238553141 -0.55492633593446261 -0.55768397459839314 0.79795918367346952 -1.5713681263556081 0.0066320278544332242 -3.7961717301312761 -0.79246156079685692 0.3264811249204394 -0.47535070374708183 0.7806069452458585 0.013998314162400606 0.57460317460317467
decision_type=2 2 2 2 2 2 2 2 2 2 2 2 2 2
left_child=5 2 11 -3 -4 6 12 -8 9 -7 -10 -2 -1 -5
right_child=1 3 4 13 -6 8 7 -9 10 -11 -12 -13 -14 -15
leaf_value=-0.021561093826787541 0.0012561291779160629 0.011082235653120612 0.0022162627136640724 -0.00056260146694293162 0.012976165971146428 -0.00083565166050730008 -0.012298225747575584 0.0049279919687845904 -0.0031534349356433775 0.0045883902472379241 -0.00031554107753234737 -0.014273021979845006 0 -0.028334022341902774
leaf_weight=4.2087973225861779 2.7212964948266736 2.4516719896346331 44.629941707476974 2.1355279330164176 50.078907622024417 295.0334691060707 9.824552549980579 137.5623682634905 241.33070181682706 182.71438109781593 1222.9800836760551 8.0867599751800281 1.7728567980229852 3.4522153437137604
leaf_count=78 57 65 992 78 417 5243 134 1602 5344 2688 25674 174 28 50
internal_value=0.00015697 0.00461779 0.00610221 -0.0107053 0.00821154 -8.17943e-05 0.00246495 0.00353004 -0.000292961 0.00121798 -0.000797143 -0.0096063 -0.0162078 -0.0226431
internal_weight=2208.98 113.556 105.517 8.03942 94.7088 2095.43 153.369 147.387 1942.06 477.748 1464.31 10.8081 5.98165 5.58774
internal_count=42624 1833 1640 193 1409 40791 1842 1736 38949 7931 31018 231 106 128
is_linear=0
shrinkage=0.03


Tree=186
num_leaves=15
num_cat=0
split_feature=4 21 8 0 9 8 17 16 21 4 21 13 16 13
split_gain=2.1901 2.3964 3.84961 3.39399 3.24112 1.63603 4.4033 2.30351 1.93149 1.46649 2.7175 1.45633 1.18607 0.481061
threshold=1.6776428318284815 0.016160907238553141 0.78855793423506759 2.7091756204965196 0.47469387755102049 3.1564045971918957 -0.0051222648858508793 0.9900000000000001 0.00944986792390963 -1.5258264539097379 0.0059542395731746718 0.06394557823129253 0.9900000000000001 0.28730158730158734
decision_type=2 2 2 2 2 2 2 2 2 2 2 2 2 2
left_child=5 2 11 -4 13 9 8 -8 -7 10 -1 -2 -11 -3
right_child=1 4 3 -5 -6 6 7 -9 -10 12 -12 -13 -14 -15
leaf_value=-0.015041156622393933 -0.014248010733898895 0.012346070771002277 0.015946988411092298 -0.0026905553003533675 -0.02494684890848077 0.0010315414383204739 0.013809930254356534 0 -0.019126488079277564 -0.00055366479253394433 0.0035191388526823013 0.0018345243988809716 0.0045425844666622511 -0.00026524596196149527
leaf_weight=5.2461001221090546 3.4988719746470442 2.1447027875110489 36.212295511737466 9.0625883974134904 3.817601727321744 5.8545851111412031 30.265179564245045 14.199604599736629 6.2301380001008511 1844.0878517013043 147.39514456409961 56.754996890202165 39.523329898715019 2.0430064732208848
leaf_count=113 82 54 269 91 63 55 210 158 53 37235 2483 1198 484 76
internal_value=0.000166814 0.00418936 0.00552453 0.0119431 -0.0094982 -4.80387e-05 0.00488657 0.00937092 -0.00953596 -0.000197099 0.00259796 0.000231945 -0.000434072 0.00567228
internal_weight=2206.34 113.534 105.529 45.2749 8.00531 2092.8 56.5495 44.4648 12.0847 2036.25 152.641 60.2539 1883.61 4.18771
internal_count=42624 1833 1640 360 193 40791 476 368 108 40315 2596 1280 37719 130
is_linear=0
shrinkage=0.03


Tree=187
num_leaves=15
num_cat=0
split_feature=2 23 14 3 23 19 16 2 19 21 11 16 19 13
split_gain=1.61898 2.20204 3.98028 4.70739 1.92215 2.24601 1.82194 1.56101 2.45503 1.94864 1.67095 1.50551 1.16206 3.18639
threshold=1.3308131038863158 -0.027732345771372898 0.77500000000000013 0.93938775510204098 -0.054641585277127473 0.0043922423869102107 0.75532879818594112 0.55227576174081794 0.0065817846364864411 0.013364882376962197 0.14920634920634923 0.21204081632653063 0.0048985038653485777 0.87877551020408173
decision_type=2 2 2 2 2 2 2 2 2 2 2 2 2 2
left_child=7 4 3 -3 5 -2 -6 12 10 -10 -9 -4 13 -1
right_child=1 2 11 -5 6 -7 -8 8 9 -11 -12 -13 -14 -15
leaf_value=-0.0019765809117592522 -0.010638044904173824 0.0076413351476142255 0.013735484017580299 -0.014035387623081225 -0.00036936414211026318 0.0093967545118166882 -0.016886307907314765 0.0048905498098356188 -0.0073666637711434372 0.0022179861085598524 -0.0014473231450251381 0.0039699860142466169 0.00085200581956533777 0.0039362752964876247
leaf_weight=438.83243338763714 4.9622518178075579 12.030682598240672 15.5704970639199 21.519009285606444 14.687048651278021 13.997117349877952 11.344666555523871 44.896317909471691 93.676948956213892 20.093396299518645 181.39035109896213 204.98231928516179 1028.4017518898472 97.71289555542171
leaf_count=9775 94 159 209 286 245 239 130 658 2072 483 3983 2254 20775 1262
internal_value=0.000177731 0.00222496 0.00333917 -0.00584774 -0.00362302 0.00292262 -0.00879382 -0.000137823 -0.00197889 -0.00553524 -9.23239e-05 0.00484405 0.000254677 -0.00086129
internal_weight=2204.1 299.094 254.103 33.5497 44.9911 18.9594 26.0317 1905 340.057 113.77 226.287 220.553 1564.95 536.545
internal_count=42624 3616 2908 445 708 333 375 39008 7196 2555 4641 2463 31812 11037
is_linear=0
shrinkage=0.03


Tree=188
num_leaves=15
num_cat=0
split_feature=4 19 9 14 4 8 6 23 23 6 3 6 19 2
split_gain=2.12314 2.44453 2.13748 3.43665 1.58264 1.4711 2.4181 3.71074 2.48748 1.46222 1.938 1.2938 1.24492 1.35106
threshold=1.6776428318284815 0.0050722237368389655 0.79795918367346952 0.91666666666666685 2.0898683336899562 3.1564045971918957 -1.0841077877576459 -0.017649347384440902 0.0047367143212333493 -1.717595181757863 0.021315192743764175 -0.47655987536503458 0.0039754967008819664 0.74981631981684971
decision_type=2 2 2 2 2 2 2 2 2 2 2 2 2 2
left_child=5 12 4 -4 -3 9 7 -7 -8 10 -1 -11 -2 -14
right_child=1 2 3 -5 -6 6 8 -9 -10 11 -12 -13 13 -15
leaf_value=-0.0079829214353598719 0.0021854802545033278 -0.0030549576769073137 -0.0094028891070577353 0.015600493594890491 0.008204241721657856 0.011295922915133394 -0.0015991519304679501 -0.017069300147140511 0.012664714863997208 -0.0028634923993504633 0.0052801017822342467 -0.00011281231076104459 0.0072025769148957646 -0.011894611522860723
leaf_weight=8.7352497112005931 22.40440780762583 21.965593562461436 3.6243865117430678 32.65372247248888 17.797912359237671 4.6663799602538338 13.464183088392017 8.1206967849284393 30.261909484863281 168.19818789418787 76.589645238593221 1778.1378042325377 1.7818831838667382 13.183412763290105
leaf_count=102 353 555 43 259 330 51 107 94 224 2745 956 36512 45 248
internal_value=0.000169907 0.00413232 0.00720055 0.0123499 0.00177698 -4.18683e-05 0.00463841 -0.00557583 0.00806669 -0.000183865 0.00359878 -0.000360914 -0.00177868 -0.00815556
internal_weight=2201.59 113.411 76.0416 36.2781 39.7635 2088.17 56.5132 12.7871 43.7261 2031.66 85.3249 1946.34 37.3697 14.9653
internal_count=42624 1833 1187 302 885 40791 476 145 331 40315 1058 39257 646 293
is_linear=0
shrinkage=0.03


Tree=189
num_leaves=15
num_cat=0
split_feature=2 14 3 16 0 1 11 19 12 12 2 0 2 0
split_gain=1.33642 1.53917 3.58531 1.83236 1.81905 2.74908 1.80985 1.60081 1.48294 2.22443 1.39172 3.38632 1.4279 1.26208
threshold=1.3308131038863158 0.70833333333333337 0.95959183673469395 0.71714285714285719 1.112258707772303 0.83836734693877568 0.69693877551020422 0.0030335910730459165 -0.73679380611816037 -0.80134167966690173 -1.5713681263556081 -1.0739938005736969 -1.414922299992895 -0.76057372887195795
decision_type=2 2 2 2 2 2 2 2 2 2 2 2 2 2
left_child=8 2 6 -4 5 -3 -2 -6 9 -1 11 -10 -12 -11
right_child=1 4 3 -5 7 -7 -8 -9 10 13 12 -13 -14 -15
leaf_value=-0.0039190303287309144 -0.0033339605648995108 0.0028193334237819252 0.0026063339609701656 -0.018838135829857671 -0.013344624938267723 0.013425191502446945 0.012242120871008859 0.00088946641210700401 -0.0018082343933380433 0.019444169940739914 -0.0060894017160463207 0.0069060055988283894 -0.00037622284201491624 0.0046044632715457959
leaf_weight=14.321377321146427 11.340672951191666 123.49511311389506 2.6927999183535567 11.988586992025374 5.6071487460285416 27.266310651786625 10.13420727662742 106.77252843230963 77.549020334146917 7.2754728086292735 38.842927594669163 75.749920052476227 1661.6372946603224 26.798080175183713
leaf_count=326 174 1475 29 158 73 345 115 1247 843 107 682 978 35543 529
internal_value=0.000164385 0.0020237 -0.00346514 -0.0141648 0.00285491 0.00498633 0.00379432 0 -0.00012211 0.00494077 -0.000267548 0.00243465 -0.000522536 0.00909125
internal_weight=2201.47 299.297 36.1563 14.6814 263.141 150.761 21.4749 112.38 1902.17 48.3949 1853.78 153.299 1700.48 34.0736
internal_count=42624 3616 476 187 3140 1820 289 1320 39008 962 38046 1821 36225 636
is_linear=0
shrinkage=0.03


Tree=190
num_leaves=15
num_cat=0
split_feature=6 17 0 12 12 19 13 7 0 2 12 10 21 17
split_gain=1.4081 1.72438 1.764 1.33898 2.72699 1.8529 1.22107 1.18896 1.16955 1.10398 1.01738 0.583988 0.461153 0.231385
threshold=1.9167497748070714 -0.019443168368988236 1.326281850866611 -0.80134167966690173 -0.73679380611816037 0.0064289518706753439 0.085260770975056702 0.97979591836734703 -0.4190778027747229 1.8763231833559144 0.11506776296499997 1.4292830511272061 0.0087406584000799641 0.042532981512136921
decision_type=2 2 2 2 2 2 2 2 2 2 2 2 2 2
left_child=3 10 7 5 6 12 -5 -3 -6 -4 -2 -12 -1 -7
right_child=1 2 9 4 8 13 -8 -9 -10 -11 11 -13 -14 -15
leaf_value=0.0095484440848694532 0 0.0042428115079693688 0.0098913175331967994 0.010436770242478494 0.0011647576711106868 -0.019499609889761134 -0.0026645695038574244 -0.0091608471305844614 -0.00030241483518779678 -0.0018168157162961746 -0.023871202199595751 0 -0.002361100715976542 0
leaf_weight=2.2178067509084922 3.2203516718000156 4.7189357969909933 12.37184917740524 32.045838474296033 766.9352645073086 5.8036063043400645 4.9235258903354397 24.110523184761405 1317.1319221621379 10.087412265129386 5.0402259230613708 1.8885371573269365 4.9783832291141152 1.1276610093191264
leaf_count=37 64 78 173 564 13121 151 122 432 27315 122 94 31 125 29
internal_value=0.000176562 -0.00421216 -0.00141665 0.000313687 0.00038557 -0.00825782 0.00825983 -0.00634741 0.000230912 0.00430086 -0.0145458 -0.0197596 0.000956573 -0.0175758
internal_weight=2196.6 61.4378 51.2887 2135.16 2121.04 14.1275 36.9694 28.8295 2084.07 22.4593 10.1491 6.92876 7.19619 6.93127
internal_count=42458 994 805 41464 41122 342 686 510 40436 295 189 125 162 180
is_linear=0
shrinkage=0.03


Tree=191
num_leaves=14
num_cat=0
split_feature=4 13 21 6 7 20 4 7 14 18 4 10 2
split_gain=1.21209 3.72521 3.05402 2.11439 1.93481 1.8386 1.38463 2.65198 2.20827 1.64763 2.07914 1.4413 1.42033
threshold=-1.4383441591976116 0.06394557823129253 0.0073742129442929934 -0.88116411303024 0.06394557823129253 0.040635204734618575 -0.1150889214184434 0.94777777777777794 0.55000000000000016 0.0032858879330409656 2.0109041456754317 -0.88873886330926244 -1.3266117231373051
decision_type=2 2 2 2 2 2 2 2 2 2 2 2 2
left_child=1 5 3 -3 -4 -1 7 8 -2 10 -8 -11 -9
right_child=6 2 4 -5 -6 -7 9 12 -10 11 -12 -13 -14
leaf_value=0.02421657320355157 -0.0027729998332201166 0.0048957858581062759 0.007310496266279231 -0.014312226353816191 0.00022993151526007027 0 -0.0018584177789671209 0.0017556523858335686 0.0005147554608083369 0.0036173384922290257 0.0075323147836495229 0.00061645060201199174 -0.016637425715300594
leaf_weight=8.0480628525838238 295.00662367139012 4.7471194230020073 52.737761655822396 15.445114779286085 108.36591157130897 3.0627732872962943 310.48922286834568 2.7507582781836382 467.24737302493304 185.798040214926 20.328885084018111 709.21234241314232 12.651802555657921
leaf_count=114 6152 75 660 356 1938 48 6415 49 9581 2650 291 13859 270
internal_value=0.000178506 0.00244131 0.00122147 -0.00908633 0.00270096 0.0179787 -3.35431e-05 -0.00102927 -0.000741968 0.000586571 -0.00119449 0.00126281 -0.0126664
internal_weight=2195.89 192.407 181.296 20.1922 161.104 11.1108 2003.49 777.657 762.254 1225.83 330.818 895.01 15.4026
internal_count=42458 3191 3029 431 2598 162 39267 16052 15733 23215 6706 16509 319
is_linear=0
shrinkage=0.03


Tree=192
num_leaves=15
num_cat=0
split_feature=0 17 13 11 8 21 20 19 6 13 13 13 19 8
split_gain=1.2498 2.0829 3.50053 4.9678 2.59395 1.91604 2.73048 1.81354 2.6303 1.94002 1.68233 2.83871 1.92489 0.834111
threshold=-0.42875545780224444 -0.019056532167070758 0.88444444444444448 0.042630385487528351 -0.22402713387966694 0.032525074872114222 -0.013999965513317779 0.0087959143494123811 -0.0093574931461705858 0.10657596371882087 0.67673469387755114 0.58591836734693892 0.0070279132975503622 0.13459250774666678
decision_type=2 2 2 2 2 2 2 2 2 2 2 2 2 2
left_child=5 2 4 -4 -2 7 -7 9 -9 -1 11 -3 -12 -8
right_child=1 10 3 -5 -6 6 13 8 -10 -11 12 -13 -14 -15
leaf_value=0.0057968369644898748 -0.00521392652518189 -6.4447423382005251e-05 0.015328477303094641 -0.014180725766318427 0.0016859409700520818 0.014715472963456338 0.0019710807518782264 0.00026961598952805592 -0.014897965658050079 0.00065393404054087795 0.0005105735543858783 -0.0061493542188674477 0.0052330189817897822 -0.015594752984617512
leaf_weight=73.2335538668558 80.209810358472168 610.5794438784942 3.7479294240474692 38.049400966614485 115.58692274615169 17.849512269720439 1.8546621128916729 24.294775730930269 13.726826148107646 652.58033488038927 386.04858281649649 76.592018492519855 98.621906150132418 2.4632431641221046
leaf_count=1218 2529 14161 37 553 2026 252 38 408 295 11156 6186 1937 1626 36
internal_value=0.000176911 -0.000349502 -0.00290163 -0.010613 -0.00108895 0.00113838 0.00952065 0.000851307 -0.00530234 0.00120796 0.000159233 -0.000780313 0.00151989 -0.00744002
internal_weight=2195.44 1409.44 237.594 41.7973 195.797 786.003 22.1674 763.835 38.0216 725.814 1171.84 687.171 484.67 4.31791
internal_count=42458 29055 5145 590 4555 13403 326 13077 703 12374 23910 16098 7812 74
is_linear=0
shrinkage=0.03


Tree=193
num_leaves=15
num_cat=0
split_feature=4 13 21 9 20 20 4 7 17 13 23 20 5 17
split_gain=1.16109 3.90405 2.55162 1.86589 1.64629 1.51343 1.40969 2.30568 2.22836 3.16342 1.61332 1.48512 1.47482 0.271104
threshold=-1.4383441591976116 0.06394557823129253 0.0073742129442929934 0.65653061224489806 0.040635204734618575 0.070377861162710068 -0.1150889214184434 0.94777777777777794 -0.019056532167070758 0.88444444444444448 -0.031412540046293284 0.060300091956254749 0.1705215419501134 0.015916841125033668
decision_type=2 2 2 2 2 2 2 2 2 2 2 2 2 2
left_child=1 4 5 -4 13 -3 7 10 9 -8 -2 -10 -9 -1
right_child=6 2 3 -5 -6 -7 8 12 11 -11 -12 -13 -14 -15
leaf_value=0.026689475910883293 0.0017118692660441452 -0.011776385725666109 -0.0021350510523959034 0.0046194852952346913 0 0.0068180697437008617 -0.00038672723485294982 0.003405930581604817 0.0015982777230569352 -0.010330672937608469 -0.0015270874473937129 -0.0018698384592994099 -0.01593728757162053 0.002024155398617512
leaf_weight=6.5840350557118636 175.54627225641161 17.378366139717404 49.358830027282238 112.33713301923126 3.1018163077533236 2.4488474838435641 160.42784278094769 2.3295353427529326 909.2899014307186 34.160876855254173 585.18567506689578 121.0550833651796 12.691582657396792 2.2640156615525484
leaf_count=79 3398 393 1332 1266 48 38 3538 45 16988 477 12335 2212 274 35
internal_value=0.000189629 0.00239716 0.00112057 0.00246509 0.017773 -0.00837828 -1.85381e-05 -0.00102493 0.000607221 -0.00229607 -0.000757472 0.00117345 -0.0120085 0.0232977
internal_weight=2194.16 193.473 181.523 161.696 11.9499 19.8272 2000.69 775.753 1224.93 194.589 760.732 1030.34 15.0211 8.84805
internal_count=42458 3191 3029 2598 162 431 39267 16052 23215 4015 15733 19200 319 114
is_linear=0
shrinkage=0.03


Tree=194
num_leaves=13
num_cat=0
split_feature=12 12 19 8 19 18 13 16 18 7 23 8
split_gain=1.13259 2.62931 1.66371 1.17526 1.80355 1.63111 1.14566 1.00219 0.691004 0.572255 0.451449 0.190732
threshold=-0.80134167966690173 -0.73679380611816037 0.0072317540913596516 -0.21102923878487156 0.0025670815866007386 0.027808457967232861 0.085260770975056702 0.042630385487528351 0.042637392946711324 0.69693877551020422 0.022968153565365749 -0.76962410029379791
decision_type=2 2 2 2 2 2 2 2 2 2 2 2
left_child=2 6 8 4 -3 -5 7 -2 9 -1 -8 -10
right_child=1 3 -4 5 -6 -7 10 -9 11 -11 -12 -13
leaf_value=-0.011219415416692025 0.0034196855123056068 0.0047107207925457901 -0.019829871783224259 -0.00036424759760422234 -0.0013014910726298894 0.0016479949722246099 -0.0086690803807283091 0.015578155743206886 0 0.0019556771127433757 0.0038581512980549368 0.011181970387449575
leaf_weight=4.0543624106794578 18.160375544801354 45.342661418020725 4.244001116603612 735.46661907061934 665.64711305126548 694.58734999597073 3.4188769534230223 15.008509880863128 1.5477198418229821 1.8321306649595497 1.413882805034518 2.253485755994916
leaf_count=102 315 931 122 11409 18421 10669 98 249 39 43 24 36
internal_value=0.000186787 0.000251499 -0.00775428 0.000101927 -0.000884892 0.000603575 0.00787712 0.0099208 0 -0.00576074 -0.00275224 0.00787956
internal_weight=2192.98 2179.05 13.9317 2141.04 710.99 1430.05 38.0016 33.1689 9.6877 5.88649 4.83276 3.80121
internal_count=42458 42116 342 41430 19352 22078 686 564 220 145 122 75
is_linear=0
shrinkage=0.03


Tree=195
num_leaves=15
num_cat=0
split_feature=10 17 0 19 13 10 19 19 13 19 6 0 11 23
split_gain=0.909367 2.52429 2.09671 2.9058 2.31668 1.21827 2.75786 3.88516 2.18583 1.41295 1.86003 1.64141 0.683767 0.454397
threshold=-0.91100865836147549 0.052990953929668912 -0.68897456542425339 0.0061338556193196369 0.9900000000000001 0.29102622118223609 0.0082924424875732584 0.0072317540913596516 0.95959183673469395 0.0081816851456304966 0.24614466481844238 1.7513423673009456 0.14920634920634923 0.063122683860837206
decision_type=2 2 2 2 2 2 2 2 2 2 2 2 2 2
left_child=1 2 3 -1 -4 9 7 -7 -8 11 -11 -2 13 -3
right_child=5 12 4 -5 -6 6 8 -9 -10 10 -12 -13 -14 -15
leaf_value=-0.0075891323737977863 -0.00087952126070304517 0.014658301299293321 0.0011534823288271885 0.0030683408196605531 0.013523285758139249 0.00094382439713278012 0.0076260410309343897 -0.0050560812904961346 -0.0072586641024492771 -0.0065292036387518664 0.0024784165354717383 0.0062286339961752256 0 0
leaf_weight=55.216623001731932 885.00295412819833 15.513538356870418 295.34413044527173 34.630088792182505 12.706617552787064 572.83548938296735 69.723347396589816 114.81162134185433 7.5087506268173447 80.394066783599555 23.523631599731743 27.845337181352079 3.524025345221161 2.7113352622836819
leaf_count=803 19230 200 5063 499 116 10554 1219 2219 95 1793 534 344 44 40
internal_value=-4.72059e-05 0.00119784 0.000587731 -0.00334068 0.00179604 -0.000349886 0.000540997 -4.79452e-05 0.00584289 -0.00103454 -0.00434025 -0.000633157 0.0107387 0.0128779
internal_weight=2201.29 419.646 397.897 89.8467 308.051 1781.65 764.879 687.647 77.2321 1016.77 103.918 912.848 21.7489 18.2249
internal_count=42753 6765 6481 1302 5179 35988 14087 12773 1314 21901 2327 19574 284 240
is_linear=0
shrinkage=0.03


Tree=196
num_leaves=12
num_cat=0
split_feature=2 11 7 17 21 6 21 0 10 8 11
split_gain=1.03491 4.90366 0.919154 5.96289 3.28672 2.86714 2.46893 2.06613 1.48265 0.834774 0.215089
threshold=-2.8204621117457882 0.65653061224489806 0.24222222222222226 -0.025660351537021061 0.011802303186200109 -0.023492705443408677 0.012331902103537283 -0.26178928956874026 1.9265870639066713 3.1564045971918957 0.35124716553287988
decision_type=2 2 2 2 2 2 2 2 2 2 2
left_child=1 10 3 5 -5 -2 7 -4 -8 -3 -1
right_child=2 9 6 4 -6 -7 8 -9 -10 -11 -12
leaf_value=0.02205246806308896 0.0075733922966032489 -0.017340908619173583 0.0027052806998404764 -0.0039323387526854336 0.0013920664359280434 -0.0085802948294167909 -0.0025594774733808815 5.2196151527146129e-05 0.0054507088494705046 0 0.0037628985505274923
leaf_weight=7.2343065943568963 83.998236569575965 3.6252588611096135 385.15922410134226 363.6108617214486 139.82329482864588 8.6552194133400899 312.08483636472374 870.06823429837823 19.331370473839343 3.204397140070796 4.0693821031600237
leaf_count=55 1211 44 7334 6443 2320 190 6956 17834 298 31 37
internal_value=-3.6213e-05 0.00672325 -0.000105337 -0.00111255 -0.00242421 0.00575651 0.000264547 0.000881219 -0.00201736 -0.0103193 0.0181512
internal_weight=2200.86 18.1333 2182.73 596.088 503.434 92.6535 1586.64 1255.23 331.416 6.82966 11.3037
internal_count=42753 167 42586 10164 8763 1401 32422 25168 7254 75 92
is_linear=0
shrinkage=0.03


Tree=197
num_leaves=15
num_cat=0
split_feature=10 1 0 16 1 6 10 16 23 10 21 10 15 21
split_gain=0.885359 2.63652 2.8077 2.68348 1.54835 1.25415 0.890012 1.56315 1.90992 1.29201 1.60831 1.15293 1.14353 0.829466
threshold=-1.6730852037824497 0.28285714285714292 -2.1491586061697272 0.71714285714285719 0.12789115646258506 0.23594692394787328 -1.3269355011230111 0.1705215419501134 0.07209441245837446 -0.92420396046557163 0.0088270018069758777 0.29102622118223609 0.55000000000000016 0.011835444081098429
decision_type=2 2 2 2 2 2 2 2 2 2 2 2 2 2
left_child=1 2 -1 13 -4 -5 7 12 -9 10 -8 -11 -2 -3
right_child=6 3 4 5 -6 -7 9 8 -10 11 -12 -13 -14 -15
leaf_value=0.014253258185325565 0.00026029952315757067 -0.0031264371695540563 -0.020726859670179055 0.018794524746443855 -0.00091764816800466483 0 -0.00139824751376618 0.0011421851697340866 -0.012771454864465367 -0.00095494481686001929 0.0036110032457976225 0.00057549507551475632 -0.01345839133692473 0.0070942524279823446
leaf_weight=2.8966189920902279 4.7874013381078848 16.779698706232015 6.129010157659649 15.258763255551459 9.7733512958511692 4.4007219411432734 79.220876809209585 62.768309209495783 8.160238607786594 1024.2499282872304 174.30403240676969 766.07851479575038 15.968939749523997 9.2095945160835964
leaf_count=21 80 337 99 149 175 60 1404 963 145 22076 2680 14087 297 180
internal_value=-2.5631e-05 0.00337603 -0.00526467 0.00732085 -0.0108529 0.0151444 -0.000138369 -0.00299781 -0.000559227 0 0.00198833 -0.000291792 -0.00989027 0.000207585
internal_weight=2199.99 64.4478 18.799 45.6488 15.9024 19.6595 2135.54 91.6849 70.9285 2043.85 253.525 1790.33 20.7563 25.9893
internal_count=42753 1021 295 726 274 209 41732 1485 1108 40247 4084 36163 377 517
is_linear=0
shrinkage=0.03


Tree=198
num_leaves=12
num_cat=0
split_feature=2 10 12 4 4 15 0 2 23 23 8
split_gain=1.07683 3.87523 1.2681 1.20481 1.76056 1.25237 3.43352 2.03909 0.954657 0.654306 0.433389
threshold=-2.8204621117457882 0.017166337649315268 1.9152867457472695 -2.261718363546867 -2.6059065592179471 0.35416666666666669 0.31070730995285428 -1.6197476715411057 0.024892746099790201 0.0010255152510306733 3.4168724943557662
decision_type=2 2 2 2 2 2 2 2 2 2 2
left_child=1 -1 -3 4 8 6 -5 -7 -2 -6 -4
right_child=3 2 10 5 9 7 -8 -9 -10 -11 -12
leaf_value=0.017980681439068311 0.013114079073455357 0.0041557623072967266 -0.020799270275608829 0.00050689357658334066 -0.00027462104584112334 0.0044890484192508023 0.009768706502344706 -0.00058225327355006435 -0.0032020801055961546 -0.015336296116429195 0
leaf_weight=10.282296091318132 3.3491252092644599 2.8750083409249774 2.4219218697398901 351.75581103749573 5.9445113111287382 72.038599122315645 38.818451708182693 1693.6451672008261 4.3309147469699383 11.405944583937524 2.5358218234032393
leaf_count=84 50 23 34 5873 91 859 709 34691 78 235 26
internal_value=-3.02572e-05 0.0068688 -0.00688289 -0.000100662 -0.00639657 -1.47675e-05 0.0015107 -0.000362017 0.00360296 -0.0115129 -0.0147946
internal_weight=2199.4 18.115 7.83275 2181.29 25.0305 2156.26 390.574 1765.68 7.68004 17.3505 4.95774
internal_count=42753 167 83 42586 454 42132 6582 35550 128 326 60
is_linear=0
shrinkage=0.03


Tree=199
num_leaves=15
num_cat=0
split_feature=4 23 12 7 23 17 16 16 0 17 16 0 7 6
split_gain=0.895666 3.27976 2.80609 2.16828 1.96188 2.10904 1.69344 1.66865 1.12259 1.38186 1.19342 1.06709 1.69699 1.04116
threshold=-1.3629756140206499 0.011040914445892837 1.2143837648767917 0.25244897959183682 -0.036226879759918333 0.048438311680519493 0.49489795918367352 0.97979591836734703 -1.5195105063624013 -0.025660351537021061 0.97979591836734703 -1.2814391050072131 0.06394557823129253 -0.047046198218214388
decision_type=2 2 2 2 2 2 2 2 2 2 2 2 2 2
left_child=1 4 3 -3 6 -6 -1 -4 9 13 -11 12 -10 -2
right_child=8 2 7 -5 5 -7 -8 -9 11 10 -12 -13 -14 -15
leaf_value=0.0087730334765604052 0.0078590273439454652 -0.0066295269576186495 0.01566894670151061 0.003107819707646516 0.0099843861484882127 -0.0056626908840106864 -0.0039088064752069397 -0.0015700624441269393 -0.0055620055359861045 -0.0064249639287813961 0.00162223341096259 -0.00020329234383555166 0.0064347697238999191 -0.0052668228519208811
leaf_weight=11.767050805501638 14.036562178283932 69.665087779983878 9.8605322465300542 25.102055919356644 64.968848128803074 6.191136270761489 28.401434425264597 5.7536733150482169 10.570870196446775 74.078098446130753 16.798462524078786 1809.3611331246793 47.073063746094704 5.1806812454015008
leaf_count=221 151 1367 88 553 999 84 340 90 128 1009 186 36717 757 63
internal_value=-3.88389e-05 0.00175225 -0.00179931 -0.00388435 0.00537556 0.00830043 0 0.00900797 -0.000248837 -0.0031678 -0.00477304 -6.54793e-05 0.00387055 0.00345061
internal_weight=2198.81 221.71 110.381 94.7671 111.328 71.16 40.1685 15.6142 1977.1 110.094 90.8766 1867.01 57.6439 19.2172
internal_count=42753 3742 2098 1920 1644 1083 561 178 39011 1409 1195 37602 885 214
is_linear=0
shrinkage=0.03


Tree=200
num_leaves=15
num_cat=0
split_feature=5 23 10 18 7 10 6 21 18 10 7 13 0 6
split_gain=1.43018 2.06445 2.60984 2.07835 2.02612 1.38993 1.06684 1.68415 1.76109 1.43507 1.35235 3.1884 1.92433 0.818527
threshold=0.040408163265306128 0.011040914445892837 -1.2565812240004519 0.065067673285473596 0.12789115646258506 0.93446374305375091 -0.38409870263309337 0.005443328536759647 -0.069051267875872055 -0.24615841655135665 0.12122448979591838 0.6161224489795919 -1.4021325753292844 -0.36169056864050736
decision_type=2 2 2 2 2 2 2 2 2 2 2 2 2 2
left_child=1 3 -3 4 -1 -4 7 9 -9 -2 11 -8 -12 -5
right_child=6 2 5 13 -6 -7 10 8 -10 -11 12 -13 -14 -15
leaf_value=0.014749156521551527 -0.0018870842217850489 0.014250320591006697 0 -0.0114643805674528 0.0013195488918126537 -0.011491105930171252 -0.003797508032124888 0.0065918425742856794 -0.0028784776611469232 0.019708510010718255 -0.0047658733734877454 0.010515811577355899 0.00012530490142315882 0.002951559280961899
leaf_weight=27.659419748932123 2.5265296027064323 6.3527729306370011 31.204261880367994 4.9070047959685326 20.02065631467849 12.694932244718073 20.482872241176665 16.124690334312618 278.40118583478034 3.9579969905316821 73.587688513100147 31.979923885315657 1653.9743319405243 3.5332724694162589
leaf_count=314 42 75 608 61 374 233 413 273 4528 41 1024 406 34127 50
internal_value=-3.18675e-05 0.00331997 -0.000839446 0.00720326 0.00969219 -0.00387572 -0.000213421 -0.00186057 -0.00226845 0.011065 5.84773e-05 0.00471786 -7.96385e-05 -0.00458348
internal_weight=2187.41 106.372 50.252 56.1204 47.6801 43.8992 2081.04 301.01 294.526 6.48453 1780.02 52.4628 1727.56 8.44028
internal_count=42569 1715 916 799 688 841 40854 4884 4801 83 35970 819 35151 111
is_linear=0
shrinkage=0.03


Tree=201
num_leaves=15
num_cat=0
split_feature=4 7 10 12 9 7 12 0 14 7 9 8 7 23
split_gain=1.95211 1.83522 2.94464 1.75517 1.63783 1.38458 1.49603 1.44698 1.21362 1.90221 4.78589 1.97169 1.29917 2.85692
threshold=-1.5258264539097379 0.06394557823129253 1.2323783088491667 0.40072700226336 0.79795918367346952 0.55328798185941053 2.4005671433730096 -0.81407213472379492 0.55000000000000016 0.67673469387755114 0.8633333333333334 0.8505059324696419 0.73734693877551039 -0.045063984797042315
decision_type=2 2 2 2 2 2 2 2 2 2 2 2 2 2
left_child=1 2 4 -4 -1 7 -7 -3 9 11 -11 -2 13 -10
right_child=8 5 3 -5 -6 6 -8 -9 12 10 -12 -13 -14 -15
leaf_value=0 -0.0011292604808595028 0.002384153070643187 0.0021781918490750077 -0.017932143609031111 0.014147680297002254 0.014749259594932333 -0.0062015211786104561 -0.0048489259143511517 -0.0033879516708743111 -0.0018081652162341257 0.0105554779856438 -0.0058576880191494127 -0.0010778695186456563 0.0014184537392375829
leaf_weight=10.666797237470744 280.10433422960341 57.59474025759846 9.0356312431395036 3.5156593173742285 33.378257827833295 9.3437943672761303 1.7752513010054816 39.885751165449619 124.52903366927058 101.45880324672908 36.231084767729044 116.3541838331148 503.41364797204733 859.30744866654277
leaf_count=223 6836 968 121 44 313 159 24 861 2647 2592 446 1392 9431 16512
internal_value=-2.10023e-05 0.00308697 0.00739374 -0.0041144 0.0110352 0.000613767 0.00982543 -0.000462582 -0.00028521 -0.00151147 0.00144231 -0.00257706 0.000146571 0.000789229
internal_weight=2186.59 165.196 56.5963 12.5513 44.0451 108.6 11.119 97.4805 2021.4 534.148 137.69 396.459 1487.25 983.836
internal_count=42569 2713 701 165 536 2012 183 1829 39856 11266 3038 8228 28590 19159
is_linear=0
shrinkage=0.03


Tree=202
num_leaves=14
num_cat=0
split_feature=4 13 16 10 20 6 20 8 0 0 16 20 11
split_gain=1.90354 3.90738 3.6831 2.99824 1.34065 1.29793 2.07856 2.40306 2.05936 0.930027 2.52475 2.22412 0.854799
threshold=-1.5258264539097379 0.060612244897959189 0.22111111111111112 -1.2565812240004519 0.040635204734618575 -0.38409870263309337 0.050085093688953315 2.0043718146671403 -2.5542908236121469 -0.32146143605479399 0.93938775510204098 -0.028849719216001542 0.59591836734693893
decision_type=2 2 2 2 2 2 2 2 2 2 2 2 2
left_child=1 4 12 -4 -1 6 8 -8 -2 10 -7 -11 -3
right_child=5 2 3 -5 -6 9 7 -9 -10 11 -12 -13 -14
leaf_value=0.023519343904916036 -0.013205165952054974 -0.014588272006500615 0.016380354288154059 0.0017781860069693985 0 0.00033196264217123453 -0.011606789624404085 0.0056664002298976134 -0.00026179663941080649 -0.0040638519826264041 0.0071014347598508717 9.0317810298959988e-07 -0.00039806092331515843
leaf_weight=8.6340226978063566 9.8447305746376497 11.214589121751489 12.830660622566937 121.94582540728152 2.2503052260726681 513.53191117662936 34.021175526082516 6.4986015651375046 220.01596832741052 133.90866968408227 53.724540329538286 1048.9108602032065 8.7806720547378045
leaf_count=108 104 251 143 1996 33 9928 720 63 3578 3405 608 21450 182
internal_value=-1.246e-05 0.00305212 0.00160272 0.00349717 0.0190499 -0.00027391 -0.00220085 -0.0083475 -0.000989968 1.74068e-05 0.00102214 -0.000452696 -0.00964159
internal_weight=2186.11 165.656 154.772 134.776 10.8843 2020.46 270.38 40.5198 229.861 1750.08 567.256 1182.82 19.9953
internal_count=42569 2713 2572 2139 141 39856 4465 783 3682 35391 10536 24855 433
is_linear=0
shrinkage=0.03


Tree=203
num_leaves=15
num_cat=0
split_feature=5 17 10 16 16 19 6 19 2 1 2 2 3 10
split_gain=1.42611 2.46257 1.42847 1.53012 1.41541 1.0208 2.26002 2.40504 1.91025 1.81154 1.85981 1.52537 0.642767 1.13863
threshold=0.040408163265306128 0.01628531783700116 -0.24615841655135665 0.69693877551020422 0.51065759637188213 0.005573244092477979 -0.26515574803183395 0.0015321555999446726 2.7679377406547556 0.44222222222222224 -2.2508432230427928 2.1479645883107144 0.06394557823129253 0.071670357235510559
decision_type=2 2 2 2 2 2 2 2 2 2 2 2 2 2
left_child=1 2 3 -1 -4 6 7 -2 -8 11 -11 -7 -3 -14
right_child=5 12 4 -5 -6 9 8 -9 -10 10 -12 -13 13 -15
leaf_value=0.0023046593905458458 0.01210999273022554 -0.0063404487482854963 0.008657172593724019 0.018821791317180914 -0.0011404181573372878 0.0014860128085787982 0.00021281288497760966 -0.0039352376335130756 -0.0081861729656482612 0.014419407129536679 -0.00087377838599171349 0.011713852126068925 -0.0058675276336784881 0.0086798050812946521
leaf_weight=12.088981315493585 6.3863658253103486 19.460125937126577 19.595374493859708 13.079866405576466 27.928892293013632 476.61165279056877 753.19565399270505 237.61055100243539 23.162112379446626 5.164211379364132 563.53032655827701 12.104565626010297 6.9747261274605972 7.7235793489962816
leaf_count=239 94 310 341 121 416 8770 15295 4487 219 46 11848 95 148 140
internal_value=0 0.00335132 0.00648151 0.0121941 0.00278295 -0.00017119 -0.000852573 -0.00335925 -3.88845e-05 0.000472524 -0.000658574 0.00181661 -0.00288529 0.00100246
internal_weight=2184.62 106.852 72.6931 25.1688 47.5243 2077.77 1020.35 243.997 776.358 1057.41 568.695 488.716 34.1584 14.6983
internal_count=42569 1715 1117 360 757 40854 20095 4581 15514 20759 11894 8865 598 288
is_linear=0
shrinkage=0.03


Tree=204
num_leaves=15
num_cat=0
split_feature=4 17 10 16 23 10 10 14 20 7 20 15 7 12
split_gain=2.11565 2.3293 1.8238 1.70692 1.69568 1.6476 1.79462 1.24701 1.87739 2.22365 1.27654 3.52817 2.30285 1.05867
threshold=-1.5258264539097379 -0.012153770222673275 -1.2565812240004519 0.73734693877551039 -0.010936834133647986 1.1780441709932594 1.9265870639066713 0.55000000000000016 -0.015033078408064114 0.71714285714285719 -1.0000000180025095e-35 0.55000000000000016 0.84222222222222232 -0.17053203456582736
decision_type=2 2 2 2 2 2 2 2 2 2 2 2 2 2
left_child=1 5 3 -3 -4 -1 -7 8 13 -10 11 -9 -12 -2
right_child=7 2 4 -5 -6 6 -8 10 9 -11 12 -13 -14 -15
leaf_value=0.012522860636180291 -0.0010998549872715416 -0.00051552115604949235 0.0049344038191187229 0.018454169649384174 -0.0026095471852013163 -0.015037808724397183 0.0088404134699483338 0.0040185717677357876 -0.0037608714286231186 0.0013530248479517177 0.0015130108388467594 -0.0024708323087350831 -0.0019306885856791151 0.0041856674279260007
leaf_weight=30.859246275387704 59.963844592683017 4.8111634897068125 37.964023179374635 7.8123108353465796 79.215104342438281 3.2430186159908763 3.7402321491390467 91.580863006412983 310.13742434792221 95.18270003516227 808.9066402874887 366.98991929646581 217.77744519338012 66.546394577249885
leaf_count=423 1443 98 513 59 1516 55 49 1620 6727 2042 15355 7926 3689 1054
internal_value=0 0.00321981 0.00112161 0.0111168 0 0.00962275 -0.00145799 -0.000268299 -0.00151482 -0.00252238 0.000169398 -0.00113045 0.000765627 0.00158556
internal_weight=2184.73 167.645 129.803 12.6235 117.179 37.8425 6.98325 2017.09 531.83 405.32 1485.25 458.571 1026.68 126.51
internal_count=42569 2713 2186 157 2029 527 104 39856 11266 8769 28590 9546 19044 2497
is_linear=0
shrinkage=0.03


Tree=205
num_leaves=15
num_cat=0
split_feature=11 19 21 21 4 7 17 19 4 2 3 10 20 7
split_gain=1.17796 3.59518 2.86291 4.9464 3.42282 2.14442 4.3993 1.73867 1.45661 1.95179 1.70976 1.3656 2.09059 1.47449
threshold=0.84222222222222232 0.0080256770953464653 0.010858242968315711 0.0096179675997721779 -0.28872327445806911 0.26598639455782319 -0.0098854211901160376 0.007998009821287403 1.8171027238819939 2.4014934454749159 0.83836734693877568 0.32219712116658344 0.047138555559392843 0.93938775510204098
decision_type=2 2 2 2 2 2 2 2 2 2 2 2 2 2
left_child=7 2 3 -2 -4 -3 -7 8 9 -1 -10 13 -13 -9
right_child=1 5 4 -5 -6 6 -8 11 10 -11 -12 12 -14 -15
leaf_value=-0.00032685849413098393 0.00044875184759040655 0.016595489339677923 0.0081775178155171508 -0.0099124331497575085 -0.00068698457829653638 -0.0048486950748452872 0.015072180695928309 -0.0053199054337239897 0.0053998192823620523 0.0066835333256102282 -0.0085818847536123684 -0.0017532575437868318 0.013303761837951187 0.0037850992820473409
leaf_weight=1485.6272082692012 146.59471233934164 17.13951744697988 65.150927267037332 54.449434437789023 86.951078252866864 21.612469238229096 14.702527454122899 156.34755510278046 7.1539932228624812 34.525292393751442 34.717669094912708 36.684782643802464 8.3145960140973312 14.417681833729146
leaf_count=30293 2542 211 985 958 1482 399 227 3421 164 311 557 738 127 249
internal_value=-0.000337827 0.0011014 0 -0.00235352 0.00306952 0.00820282 0.00319076 -0.000676291 -0.000315086 -0.000149213 -0.00571387 -0.00319544 0.00115743 -0.00442943
internal_weight=2184.39 406.601 353.146 201.044 152.102 53.4545 36.315 1777.79 1562.02 1520.15 41.8717 215.765 44.9994 170.765
internal_count=42664 6804 5967 3500 2467 837 626 35860 31325 30604 721 4535 865 3670
is_linear=0
shrinkage=0.03


Tree=206
num_leaves=15
num_cat=0
split_feature=11 19 10 1 23 7 4 19 0 19 18 4 7 20
split_gain=1.10403 3.1443 2.54088 3.51807 3.21326 1.83769 3.17453 1.6004 2.12364 1.83287 1.46994 1.32977 1.27498 2.06305
threshold=0.84222222222222232 0.0080256770953464653 2.1634275558702099 0.042630385487528351 0.066999318071193983 0.26598639455782319 -0.041201668471077771 0.007998009821287403 -1.479655029467952 0.0070180110352356896 0.045325414590138731 1.8171027238819939 0.93938775510204098 0.025454107793846829
decision_type=2 2 2 2 2 2 2 2 2 2 2 2 2 2
left_child=7 2 3 -2 -4 10 -7 8 9 -1 -3 -10 -9 -14
right_child=1 5 4 -5 -6 6 -8 12 11 -11 -12 -13 13 -15
leaf_value=-0.0063971237352172129 0.011041346046662402 0.019073963237562986 -0.0075598427521399499 0.00015220385604580754 0.0064988021170591988 -0.008651943820684271 0.0090090953985742708 -0.0038562484048910339 0.00014435483793640832 0.0034617352549775439 0 -0.0052002737752392418 0.011561867681831628 -0.0057545391971883519
leaf_weight=82.813587535172701 28.452577429823577 14.293211914598944 65.741135060787201 243.0614842902869 15.883635306730865 11.274823538959025 25.217029305174947 194.77408841624856 1420.6824500374496 17.717441795393825 3.1090450510382643 41.15949456486851 11.281505130231382 8.6605264283716661
leaf_count=1107 338 166 1010 4435 184 210 416 4197 29275 225 45 718 189 149
internal_value=-0.000323896 0.00106812 0 0.00142054 -0.00455475 0.00767972 0.00299668 -0.000652004 -0.000305794 -0.00447968 0.0154056 -2.78042e-06 -0.0030759 0.00351894
internal_weight=2184.12 407.033 353.139 271.514 81.6248 53.8941 36.4919 1777.09 1562.37 100.531 17.4023 1461.84 214.716 19.942
internal_count=42664 6804 5967 4773 1194 837 626 35860 31325 1332 211 29993 4535 338
is_linear=0
shrinkage=0.03


Tree=207
num_leaves=15
num_cat=0
split_feature=11 19 21 21 4 7 17 8 14 19 19 11 1 8
split_gain=1.12136 3.04041 2.89203 4.57537 2.84704 2.04416 4.14726 1.52183 2.34963 1.38402 1.55337 1.09997 0.835921 0.651509
threshold=0.84222222222222232 0.0080256770953464653 0.010858242968315711 0.0096179675997721779 -0.28872327445806911 0.26598639455782319 -0.0098854211901160376 3.8091541273775791 0.91666666666666685 0.007998009821287403 0.0072115767005135499 0.65653061224489806 0.26598639455782319 0.20486697231559906
decision_type=2 2 2 2 2 2 2 2 2 2 2 2 2 2
left_child=7 2 3 -2 -4 13 -7 9 -9 10 -1 -11 -10 -3
right_child=1 5 4 -5 -6 6 -8 8 12 11 -12 -13 -14 -15
leaf_value=-0.00063223484633782043 0.00035695500948600465 0.0014236948463190143 0.0077293951925335473 -0.0096879425704081805 -0.00029915902007167215 -0.0051172178551326811 0.0141250787647494 -0.02722890858013257 0.0075985894317442976 -0.0040905990665648538 0.0020466363252550439 0.00060200030648201348 -0.0082237927313646361 0.018865029192111717
leaf_weight=1328.8879041131586 146.66712289862335 4.8701969776302603 66.299416743218899 53.145366854034364 86.714200302958488 21.722751623019576 14.980205306783317 2.9469100534915906 3.7831066958606243 157.95142456516623 224.87730965204537 54.622071407735348 4.1868329048156738 13.064440714195369
leaf_count=26623 2542 105 985 958 1482 399 227 41 35 3424 4611 1091 35 106
internal_value=-0.000309287 0.00109319 1.46434e-05 -0.00230995 0.00313762 0.00754666 0.00267298 -0.000640124 -0.0109651 -0.000555498 -0.000232746 -0.00282053 0 0.0154993
internal_weight=2184.72 407.464 352.826 199.812 153.014 54.6376 36.703 1777.26 10.9168 1766.34 1553.77 212.573 7.96994 17.9346
internal_count=42664 6804 5967 3500 2467 837 626 35860 111 35749 31234 4515 70 211
is_linear=0
shrinkage=0.03


Tree=208
num_leaves=15
num_cat=0
split_feature=1 17 9 0 0 7 11 23 7 8 13 10 4 10
split_gain=1.16366 2.20701 2.00317 4.26357 1.86491 2.40813 1.84746 3.49855 2.75511 2.58553 1.79254 1.54683 2.47329 1.44706
threshold=0.46333333333333343 -0.028322671831673193 0.95959183673469395 1.8904159428497522 0.24424486228558351 0.32326530612244903 0.84222222222222232 0.052656896558085371 0.23224489795918371 1.2615255539061019 0.89897959183673481 0.47395037411575375 -0.55600098513668683 -0.98623099798185199
decision_type=2 2 2 2 2 2 2 2 2 2 2 2 2 2
left_child=6 2 10 -4 5 -3 11 9 -9 -8 -2 -1 -13 -6
right_child=1 4 3 -5 13 -7 7 8 -10 -11 -12 12 -14 -15
leaf_value=0.00028860044921083251 -0.0044356504785192912 -0.0071566148140456186 0.014422038958127633 -0.016282795781460874 0.0037676884592676529 -0.00081370507459199671 0.001843365833527491 -0.012815215869296386 0.0029920774468878619 0.01029921108977065 -0.016646494124211 -0.0075002868881932899 0.0013648902608954228 -0.00020375251986981993
leaf_weight=777.74380679335445 93.629382039420307 74.034542569890618 10.813174422830341 3.7451603282243005 92.426458707079291 211.386096207425 92.172381637617946 17.799746265634894 16.326484171673656 54.765975929796696 12.472574564628301 59.958475903607905 46.761671858839691 620.89484016690403
leaf_count=14626 2409 1625 87 39 1379 4834 1827 314 257 419 230 1202 896 12520
internal_value=-0.000309367 -0.000987854 -0.00480067 0.00460462 -0.000503557 -0.00254952 0.000389889 0.00313734 -0.00509059 0.00519167 -0.00629125 -0.000161448 -0.0035242 0.000298961
internal_weight=2184.93 1119.4 120.66 14.5583 998.742 285.421 1065.53 181.065 34.1262 146.938 106.102 884.464 106.72 713.321
internal_count=42664 23123 2765 126 20358 6459 19541 2817 571 2246 2639 16724 2098 13899
is_linear=0
shrinkage=0.03


Tree=209
num_leaves=15
num_cat=0
split_feature=10 19 19 10 9 21 7 3 19 10 5 19 10 23
split_gain=0.856029 2.17974 2.30423 2.11765 2.4259 1.9929 1.72143 1.52158 1.48032 2.36206 2.67962 2.07905 1.75508 2.13335
threshold=0.65322377640186191 0.0080256770953464653 0.0072317540913596516 1.6432104007571466 0.96888888888888902 0.013364882376962197 0.042630385487528351 0.67673469387755114 0.0080256770953464653 0.43795727892153413 0.21204081632653063 0.0072115767005135499 0.32219712116658344 0.053401101859254958
decision_type=2 2 2 2 2 2 2 2 2 2 2 2 2 2
left_child=8 2 5 7 -5 -2 -4 -3 9 11 -11 -1 -10 -14
right_child=1 3 6 4 -6 -7 -8 -9 12 10 -12 -13 13 -15
leaf_value=-0.00044909858022974363 0 0.0051546656528919923 0.009195307343142535 0.01664715315397719 -0.0041500345611259863 0.0063022571020264293 -0.0066570618875346575 -0.0058820641822520609 -0.0043304825707062271 -0.013076682671277954 -0.0016907927225600723 0.0028457938242388227 -0.00096488120404156165 0.01611601327537977
leaf_weight=1151.6665094187483 344.39169385936111 30.813666997477412 4.337783981114625 20.225236359983686 4.272013356909155 50.343900724314153 61.222588570788503 14.411545546725391 164.46422902867198 23.855784154497087 84.831890831701458 200.48527496121824 21.58648480754346 6.607783516868948
leaf_count=22889 6097 517 47 287 38 863 1155 261 3585 501 1810 4046 473 95
internal_value=-0.000300267 0.000733936 0 0.00559891 0.0124148 0.000848169 -0.00514501 0.00121989 -0.000641322 -0.000302016 -0.00451652 3.18438e-05 -0.00310752 0.00334385
internal_weight=2183.52 530.018 460.296 69.7225 24.4972 394.736 65.5604 45.2252 1653.5 1460.84 108.688 1352.15 192.658 28.1943
internal_count=42664 9265 8162 1103 325 6960 1202 778 33399 29246 2311 26935 4153 568
is_linear=0
shrinkage=0.03


Tree=210
num_leaves=11
num_cat=0
split_feature=4 8 15 2 0 13 18 21 2 21
split_gain=1.23837 1.17901 2.78185 3.6667 2.68211 1.31248 2.65835 1.15631 0.904093 0.73076
threshold=2.578238127783465 1.3772374936943625 0.77500000000000013 0.87463673311466961 1.0514178674790515 0.92666666666666686 0.034400606860593104 0.011604728173246134 1.3625540966482939 0.0070698787715411859
decision_type=2 2 2 2 2 2 2 2 2 2
left_child=1 5 3 -3 -4 8 -7 9 -1 -2
right_child=7 2 4 -5 -6 6 -8 -9 -10 -11
leaf_value=-0.00086903977591056339 0 0.0012091940304172545 0.0067121198051185377 -0.0077345952974183039 -9.1007631523371782e-05 0.0073901359830892974 -0.0033287849724877882 -0.0035150216767663341 0.0015349367600301712 0.017421796601829943
leaf_weight=1527.779151330702 2.0790736395865661 155.70900255162269 118.03038039058447 53.183208998292685 84.59217491839081 50.717670302838087 30.643315557390451 2.3972841221839181 149.1703350879252 7.0174801517277956
leaf_count=35022 25 1516 1034 480 756 781 534 51 2230 90
internal_value=-4.73471e-05 -0.000110421 0.00132198 -0.00104849 0.00382547 -0.000455303 0.00319008 0.00899977 -0.00064469 0.0136887
internal_weight=2181.32 2169.83 411.515 208.892 202.623 1758.31 81.361 11.4938 1676.95 9.09655
internal_count=42519 42353 3786 1996 1790 38567 1315 166 37252 115
is_linear=0
shrinkage=0.03


Tree=211
num_leaves=15
num_cat=0
split_feature=8 15 20 23 4 11 1 17 1 4 23 18 20 15
split_gain=1.14496 2.26155 3.46877 3.87421 2.25565 1.78585 1.75799 3.11211 2.7825 1.67491 1.6258 1.52376 1.04635 1.84802
threshold=1.3772374936943625 0.77500000000000013 -0.0053048337424270167 -0.0030432155579014348 -0.81393355613459728 0.21204081632653063 0.06394557823129253 0.0094107665434631799 0.40908163265306124 0.3264811249204394 0.038351803370990652 0.0042388400440169791 -0.031038708654647192 0.55000000000000016
decision_type=2 2 2 2 2 2 2 2 2 2 2 2 2 2
left_child=5 2 4 -4 -2 9 7 -3 -8 11 -11 -1 13 -7
right_child=1 6 3 -5 -6 12 8 -9 -10 10 -12 -13 -14 -15
leaf_value=0.0033150895199017282 0.0099421955082931827 0.0054887180401276209 -0.013908091095850538 -0.0010104492782146294 -0.00029884679013966948 0.0058066744058068685 0.011490080206054484 -0.014643239141089469 0.0024269462117250382 0.0056809047895432742 -0.00025978765687748251 -0.0017059278013036978 -0.001250891151149489 -0.0009435408904758842
leaf_weight=74.262620857916772 33.133779147639871 12.280534194782378 24.757185095921159 113.96155891381204 36.865767581388354 52.790200761519372 40.11364809051156 10.622145004570482 143.12501700036228 111.18070166185498 57.813905235379934 184.60576551686972 1183.274228150025 100.30835082847625
leaf_count=1437 273 93 221 1177 328 1126 330 105 1283 1786 877 3568 27252 2663
internal_value=-5.55185e-05 0.00135065 -0.000790737 -0.00358385 0.00448186 -0.000395825 0.00357763 -0.00367219 0.00459461 0.00127229 0.00358157 -0.000193655 -0.000942213 0.00133216
internal_weight=2179.1 414.86 208.718 138.719 69.9995 1764.24 206.141 22.9027 183.239 427.863 168.995 258.868 1336.37 153.099
internal_count=42519 3810 1999 1398 601 38709 1811 198 1613 7668 2663 5005 31041 3789
is_linear=0
shrinkage=0.03


Tree=212
num_leaves=15
num_cat=0
split_feature=13 19 2 6 13 10 20 15 3 10 10 6 2 20
split_gain=1.16021 3.14373 5.13532 4.62905 3.00396 2.67436 2.59534 4.25483 2.24722 1.69584 1.61252 1.60361 1.5116 1.43392
threshold=0.66333333333333344 0.0072115767005135499 0.17644218407417842 0.36648754823708979 0.59591836734693893 -0.40458527844300224 0.017840759613010241 0.55000000000000016 0.9900000000000001 -1.8213261780095718 0.91257871632090815 -0.25135763031628433 1.1618780440554357 0.016562147148228682
decision_type=2 2 2 2 2 2 2 2 2 2 2 2 2 2
left_child=4 6 5 -4 9 -3 8 -8 -2 12 -6 -12 -1 -11
right_child=1 2 3 -5 10 -7 7 -9 -10 13 11 -13 -14 -15
leaf_value=-0.015683448950393277 0.00075644120729878247 0.01287610998455156 -0.0062501638164172606 0.0065174330043961566 -0.0063240457273864474 0.003788062459546976 -0.0069023067579290073 0.00020182913126678455 0.010185850009028136 -0.0011237397545589562 0.01190892899781032 -0.00272331081065096 0.0051347154772682785 0.0010491774608524978
leaf_weight=9.3710508262738568 344.12003999948502 51.84790545143187 63.920429134741426 39.166863133199513 113.69818925019354 84.22733040433377 112.20886302739382 214.30516891926527 22.946055533364415 518.37167016323656 7.4028098070994046 19.582542583346367 1.9326597340404976 573.43449403531849
leaf_count=247 5290 771 1061 557 2873 1313 1949 3262 207 12386 122 402 33 12046
internal_value=-5.0543e-05 0.000740892 0.00369574 -0.0012248 -0.000656331 0.00749581 -0.000264142 -0.00222106 0.00143854 -0.000112363 -0.00475513 0.00131796 -0.0107597 3.63005e-06
internal_weight=2176.54 932.743 239.163 103.087 1243.79 136.075 693.58 326.514 367.066 1103.11 140.684 26.9854 11.3037 1091.81
internal_count=42519 14410 3702 1618 28109 2084 10708 5211 5497 24712 3397 524 280 24432
is_linear=0
shrinkage=0.03


Tree=213
num_leaves=15
num_cat=0
split_feature=8 19 18 18 19 10 18 11 10 17 4 13 19 10
split_gain=1.24505 3.52037 3.97073 3.93556 3.38685 2.45357 2.4143 1.71587 1.89678 2.20632 1.68489 1.025 1.79468 1.46974
threshold=1.3772374936943625 0.0034952148025881482 0.0003248104072657299 0.026817262859412331 0.0041842479853890493 -1.6171927947338154 0.052673958853885934 0.21204081632653063 -1.9110433274935918 0.0076708902481152927 0.3264811249204394 0.89897959183673481 0.0024546792548931938 2.3912285849922186
decision_type=2 2 2 2 2 2 2 2 2 2 2 2 2 2
left_child=7 2 -2 -4 6 -6 -3 8 9 -1 -10 13 -13 -9
right_child=1 4 3 -5 5 -7 -8 11 10 -11 -12 12 -14 -15
leaf_value=0.0010322351367963998 0.017618146302449358 0.014542983752870406 -0.017189214846768563 0 0.011097885746213619 0.00070949053612720493 -0.0040299532165691265 -0.0010204617008499825 3.7471382709190647e-05 -0.018531603174453518 0.0040021861725510329 0.015465596331395616 0.00051871601053487908 -0.0074651656330910927
leaf_weight=8.3787891240790469 3.7419088184833518 29.575254682451487 21.866342056542635 26.974176542833447 20.426321610808372 305.41556518804282 5.479607004672288 1179.3267093962058 248.55093152634799 7.2714252611622205 164.26693897042423 5.9540716074407092 116.99601528141648 31.72530372440815
leaf_count=192 30 247 244 244 168 2826 51 28331 4750 197 2529 69 1983 658
internal_value=-5.00535e-05 0.00141955 -0.00561092 -0.00830872 0.00251049 0.0014702 0.0111741 -0.000404544 0.00122824 -0.00827758 0.00166295 -0.000941259 0.00159856 -0.00121369
internal_weight=2175.95 413.479 52.5824 48.8405 360.897 325.842 35.0549 1762.47 428.468 15.6502 412.818 1334 122.95 1211.05
internal_count=42519 3810 518 488 3292 2994 298 38709 7668 389 7279 31041 2052 28989
is_linear=0
shrinkage=0.03


Tree=214
num_leaves=15
num_cat=0
split_feature=8 19 19 18 18 16 19 11 5 11 20 15 12 12
split_gain=1.18981 2.76943 4.26889 3.29353 3.12482 2.33807 1.6796 1.54954 1.27577 1.12103 1.01678 1.77395 1.56177 0.880772
threshold=1.3772374936943625 0.0035963710590311685 0.0041842479853890493 0.0003248104072657299 0.025234962739058123 0.95959183673469395 0.0072317540913596516 0.21204081632653063 0.65653061224489806 0.085260770975056702 -0.031038708654647192 0.55000000000000016 -0.73679380611816037 -0.69756942454085658
decision_type=2 2 2 2 2 2 2 2 2 2 2 2 2 2
left_child=7 3 5 -2 -5 -3 -4 8 13 -10 11 -9 -12 -1
right_child=1 2 6 4 -6 -7 -8 10 9 -11 12 -13 -14 -15
leaf_value=0.0067085784271264989 0.016864782364750162 0.020587120036318334 -4.0802574046664316e-05 -0.014614939530325501 0 0.0019239353245814085 0.0044873958443462847 0.0057189511905133073 0 0.0051968588963960142 0.005041754077522608 -0.00089455656502293688 -0.0013950724491941888 -0.00052768975246312016
leaf_weight=14.038061426952479 3.6890165396034709 15.417251456528904 222.92273836396635 23.094198467209935 31.827129583805799 12.930359296500681 103.63924308307469 52.997455758973956 61.060186699964106 99.569327698089182 32.106035510078073 99.215473498217762 1146.8915826492012 254.84528418444097
leaf_count=231 30 125 2041 259 284 118 953 1126 978 1563 609 2663 26643 4896
internal_value=-3.51197e-05 0.00140137 0.00242965 -0.00445251 -0.00669015 0.0132563 0.0013692 -0.000382207 0.00116595 0.00326549 -0.000893968 0.00135517 -0.00119884 -4.77771e-05
internal_weight=2174.24 413.52 354.91 58.6103 54.9213 28.3476 326.562 1760.72 429.513 160.63 1331.21 152.213 1179 268.883
internal_count=42519 3810 3237 573 543 243 2994 38709 7668 2541 31041 3789 27252 5127
is_linear=0
shrinkage=0.03


Tree=215
num_leaves=15
num_cat=0
split_feature=6 18 8 8 8 8 18 12 8 10 2 1 10 17
split_gain=1.2947 2.54745 2.57444 2.26749 1.6912 1.26635 2.12531 1.75353 1.17708 3.5276 1.56778 0.868232 0.611501 0.262331
threshold=-2.0127986719431417 -0.0097164870569332856 2.7796601802428795 0.67173868216696142 0.45177841584969702 2.9588964550786105 -0.031847027946740263 1.0606604388239338 2.6236473837349648 1.0007611818684239 -1.9746051302189105 0.021315192743764175 0.4255248996636814 -0.028322671831673193
decision_type=2 2 2 2 2 2 2 2 2 2 2 2 2 2
left_child=1 3 4 13 -3 8 -7 -8 10 -10 -2 -5 -4 -1
right_child=5 2 12 11 -6 6 7 -9 9 -11 -12 -13 -14 -15
leaf_value=0.0013429302170511986 0.0047615849870270505 -0.0059075209022797955 -0.017033194028712197 0 0.0058739387884484389 -0.01176405469863857 0.014859338489789289 0.0022916098945285723 0.00052951914527692308 -0.019347336616253052 -0.00039123718320963112 0.021576000297328361 0 -0.0073810651727607788
leaf_weight=2.9567119907587767 52.34834260866046 11.509836302138863 6.0753975175321084 3.3234599344432345 43.795692671090364 4.6375125125050536 12.978983093053101 45.991261685267091 21.373224982060496 9.621245760470627 1937.8060321873054 11.263813011348246 2.994671743363142 2.4974846970289972
leaf_count=52 546 229 70 33 449 43 85 397 200 90 40039 98 34 57
internal_value=-4.93983e-05 0.00353958 0.000276058 0.0123656 0.0030397 -0.000205167 0.00387867 0.0057004 -0.000344811 -0.00598475 -0.000243525 0.0180317 -0.0127251 -0.00154808
internal_weight=2169.17 84.4171 64.3756 20.0415 55.3055 2084.76 63.6078 58.9702 2021.15 30.9945 1990.15 14.5873 9.07007 5.4542
internal_count=42422 1022 782 240 678 41400 525 482 40875 290 40585 131 104 109
is_linear=0
shrinkage=0.03


Tree=216
num_leaves=15
num_cat=0
split_feature=6 9 23 8 5 8 4 21 16 16 14 13 21 10
split_gain=1.34028 2.18196 3.45742 3.3046 1.64504 1.15021 1.86973 3.91357 1.52813 1.23929 2.16646 1.08017 1.07468 0.486744
threshold=-2.0127986719431417 0.9900000000000001 -0.015078315166117793 0.63934250146862392 0.39387755102040822 2.9588964550786105 0.93848870573514043 0.0084326939160911177 0.97979591836734703 0.97979591836734703 0.77500000000000013 0.87877551020408173 0.011893920029766339 0.35734834325493187
decision_type=2 2 2 2 2 2 2 2 2 2 2 2 2 2
left_child=1 3 13 12 -5 9 7 -7 -8 11 -11 -2 -1 -3
right_child=5 2 -4 4 -6 6 8 -9 -10 10 -12 -13 -14 -15
leaf_value=-0.0091590088561051206 -0.0004734434224620059 0.01137509695357832 -0.020889874901286028 0.012165258993170747 0 0.017278750582860294 -0.017040254512643762 0 0.0016105454025839225 -0.010578932430218737 -0.00034002026153799245 0.0015437055355807911 0.0041837149301926736 0
leaf_weight=12.881686732172968 1656.3597797220573 3.8940000738948584 5.9114582631736976 41.666130749508739 12.857606891542671 16.734600447118282 4.3800339475274068 35.718534765765071 6.466397438198328 26.946724792942405 61.693587853573263 275.34559323173016 5.2895306535065165 2.5786780752241611
leaf_count=281 35980 37 85 388 117 123 36 310 56 443 665 3787 82 32
internal_value=-5.39562e-05 0.00358313 -0.00680117 0.00568773 0.00938807 -0.000212951 0.00368674 0.00616722 -0.00623378 -0.000346074 -0.00378289 -0.000176862 -0.00450167 0.00618935
internal_weight=2168.72 85.0791 12.3841 72.695 54.5237 2083.65 63.2996 52.4531 10.8464 2020.35 88.6403 1931.71 18.1712 6.47268
internal_count=42422 1022 154 868 505 41400 525 433 92 40875 1108 39767 363 69
is_linear=0
shrinkage=0.03


Tree=217
num_leaves=15
num_cat=0
split_feature=8 17 17 11 19 17 1 15 23 23 7 10 7 17
split_gain=1.14091 1.75352 2.47638 3.14155 3.04659 2.46561 2.59565 0.911549 2.04304 1.97727 3.54371 1.59809 1.51682 1.14252
threshold=1.3772374936943625 0.023752065802994719 0.011018297330093187 0.9900000000000001 0.0023983161030674701 0.024445335193795218 0.89897959183673481 0.55000000000000016 -0.040032441083718111 0.0028739411213958292 0.10657596371882087 2.3912285849922186 0.87877551020408173 0.04369150029089109
decision_type=2 2 2 2 2 2 2 2 2 2 2 2 2 2
left_child=7 2 3 -2 -4 -3 -7 9 12 10 -1 -10 -9 -11
right_child=1 5 4 -5 -6 6 -8 8 11 13 -12 -13 -14 -15
leaf_value=0.010565799102478457 -0.00027670233377899937 -0.019893367245105306 -0.0099305853532310178 0.011947051180479222 0.0085129008417683897 0.0020728881503458106 -0.0091669468947865769 -0.0052518811888969605 -0.00015884487804827081 -0.00032875045288730388 0.00086667040019858656 -0.0079716523412822916 0.0021719638494074548 -0.007162767067283738
leaf_weight=40.677632076665759 212.40098668541759 4.5775412190705529 6.5423041805624953 18.578909818083048 79.642639093101025 70.709339644759893 22.517234865576029 137.10139042139053 1024.7060828180984 289.27958050556481 189.75540744699538 22.299151787534356 25.807177716866136 22.524040888994932
leaf_count=574 2005 45 76 144 678 668 214 3464 22578 6235 4122 454 669 496
internal_value=-5.50487e-05 0.00134743 0.00244926 0.000736253 0.00674929 -0.00205281 -0.000619889 -0.000396913 -0.000859747 0.000607629 0.00271954 -0.000354423 -0.00397279 -0.000912731
internal_weight=2167.12 414.969 317.165 230.98 86.1849 97.8041 93.2266 1752.15 1209.91 542.237 230.433 1047.01 162.909 311.804
internal_count=42422 3830 2903 2149 754 927 882 38592 27165 11427 4696 23032 4133 6731
is_linear=0
shrinkage=0.03


Tree=218
num_leaves=15
num_cat=0
split_feature=6 18 21 9 20 4 4 3 10 18 4 11 21 21
split_gain=1.24772 2.94216 3.70151 2.43064 3.20747 2.09802 1.11412 1.70351 1.88442 1.28884 3.27746 1.64969 1.11694 1.07722
threshold=-2.0127986719431417 -0.0097164870569332856 0.0077487956689168387 0.9900000000000001 -0.007722013792934467 -0.43073408159972854 2.0109041456754317 0.9900000000000001 0.66723063344145772 -0.01444230807347313 0.83901478267225438 0.95959183673469395 0.0077487956689168387 0.0065131528295978664
decision_type=2 2 2 2 2 2 2 2 2 2 2 2 2 2
left_child=1 2 13 5 -5 -3 9 8 -8 10 -2 -11 -9 -1
right_child=6 3 -4 4 -6 -7 7 12 -10 11 -12 -13 -14 -15
leaf_value=0.0039701555538044324 -0.00051662119849895923 0.0060524959544551275 0.019459015686562213 0.0018512049333442822 -0.029382419611220852 -0.0060589016133592195 0.00066941376520425976 -0.013990394057469099 0.014928207003942288 0.00029294783992607118 -0.0076114948947385202 -0.0033982028598375097 0.0007625281812761865 -0.016008275696210543
leaf_weight=2.0037448201328543 319.53332666866481 42.000683950260282 15.762534871697424 4.2617430482059717 3.4353764932602635 15.343563033267854 20.888097464106977 4.0391958747059133 15.505865155719219 1520.9670190680772 71.5319550819695 115.30968676600605 12.431036638095973 2.6467707129195333
leaf_count=25 6754 494 166 48 56 184 378 52 236 30505 1516 1801 158 49
internal_value=-6.68263e-05 0.00343343 0.0128117 0 -0.013727 0.00246411 -0.00022098 0.00397648 0.00759632 -0.000341634 -0.00188467 1.98427e-05 -0.00316654 -0.00653954
internal_weight=2165.66 85.4544 20.4131 65.0414 7.69712 57.3442 2080.21 52.8642 36.394 2027.34 391.065 1636.28 16.4702 4.65052
internal_count=42422 1022 240 782 104 678 41400 824 614 40576 8270 32306 210 74
is_linear=0
shrinkage=0.03


Tree=219
num_leaves=15
num_cat=0
split_feature=15 2 20 12 2 15 11 2 9 12 3 12 18 0
split_gain=0.931049 1.57327 3.78913 2.62676 2.12588 2.06329 1.54311 2.35409 3.26236 2.11947 2.16059 1.87516 1.33015 1.20648
threshold=0.35416666666666669 -1.5713681263556081 -0.022177458733718288 -0.010922682730015428 -1.1032282286751061 0.77500000000000013 0.79795918367346952 -1.7954976160606935 0.96888888888888902 -0.43540375721665975 0.020204081632653064 -0.63377731465533405 -0.01444230807347313 -0.48559464660726276
decision_type=2 2 2 2 2 2 2 2 2 2 2 2 2 2
left_child=6 2 5 -4 13 -2 7 12 -9 11 -11 -8 -1 -3
right_child=1 4 3 -5 -6 -7 9 8 -10 10 -12 -13 -14 -15
leaf_value=0.002276187783845157 0.0024788861107903236 -0.0013063034691759546 0 0.010786026990495195 -0.00031351291049484467 -0.013962381825588959 -0.0040677897622521542 -0.00012720625665568611 0.0099766566887596088 -0.013473668128855497 0.0033907848041651368 0.015566598602197754 -0.01176056020145831 -0.0081213935990442111
leaf_weight=5.3756403662264374 9.1108987182378769 56.623030570335686 35.653035527095199 46.224974075332284 1555.6312875887379 13.403712449595332 3.1835167836397913 248.10265009943396 30.147940916009247 5.3779650870710602 68.276745482347906 19.848456805571914 19.789796132594347 48.901130779646337
leaf_count=59 99 1100 557 448 32162 151 56 4809 264 82 1017 280 243 1095
internal_value=-6.99683e-05 -0.000372841 0.00314204 0.00622118 -0.00060626 -0.00703784 0.00122443 0.000112772 0.000977391 0.004488 0.00163751 0.0121453 -0.00826314 -0.00469632
internal_weight=2165.65 1765.55 104.393 81.878 1661.16 22.5146 400.103 303.416 278.251 96.6867 73.6547 23.032 25.1654 105.524
internal_count=42422 35612 1255 1005 34357 250 6810 5375 5073 1435 1099 336 302 2195
is_linear=0
shrinkage=0.03


Tree=220
num_leaves=15
num_cat=0
split_feature=10 1 17 7 7 9 6 17 17 13 9 17 9 13
split_gain=1.52866 2.72783 2.31856 2.56612 2.27643 2.71793 2.95612 1.86774 1.57641 1.49296 1.44143 1.43972 1.36017 1.22702
threshold=-0.95929769474770321 0.93938775510204098 0.055816768844057403 0.74755102040816335 0.060612244897959189 0.9900000000000001 -0.88116411303024 0.012019979372892011 0.016469782636095557 0.4040816326530613 0.90555555555555567 -0.005433452898763679 0.39387755102040822 0.73734693877551039
decision_type=2 2 2 2 2 2 2 2 2 2 2 2 2 2
left_child=1 2 3 -1 5 7 -7 -2 10 11 -3 -6 -4 -11
right_child=4 8 12 -5 9 6 -8 -9 -10 13 -12 -13 -14 -15
leaf_value=0.0018154385353978668 0.0071071592576881937 0.0017369494217724028 0 -0.0046930800348967249 0.0027203894140982844 -0.016148260260121425 0.0098662856758727109 0 0 -0.0025298584232821791 0.02706385682613794 -0.0004109892712352857 0.01641127818447051 -0.0003874850595290911
leaf_weight=281.87984638288617 87.600426943972707 4.935488488525154 5.530532123520973 64.901495616883039 183.18259950634092 10.544212113134561 3.3844365552067748 56.688665042631328 6.459889853373169 450.26735029928386 6.0383560657501221 441.85137271787971 11.706135546788571 558.23442709352821
leaf_count=4494 1157 73 80 1174 4347 146 27 848 72 11117 38 10121 130 8777
internal_value=5.70569e-05 0.00178207 0.00114544 0.00053441 -0.000303402 0.00309377 -0.00844032 0.00440989 0.0128172 -0.00064499 0.018853 0.000488571 0.0113253 -0.00136195
internal_weight=2173.21 381.452 364.018 346.781 1791.75 158.218 13.9286 144.289 17.4337 1633.54 10.9738 625.034 17.2367 1008.5
internal_count=42601 6061 5878 5668 36540 2178 173 2005 183 34362 111 14468 210 19894
is_linear=0
shrinkage=0.03


Tree=221
num_leaves=15
num_cat=0
split_feature=0 17 19 10 19 14 4 4 10 0 7 18 21 21
split_gain=1.46018 1.75504 2.3088 2.48946 1.96403 3.62338 1.88389 1.70141 2.02093 1.65843 1.64996 1.38938 2.44421 0.972217
threshold=-0.39258026895938442 -0.019056532167070758 0.010133946936886408 -0.31916651713443739 0.0029320953457963712 0.91666666666666685 0.73580747985475237 2.0109041456754317 -0.98623099798185199 0.20071637326299738 0.085260770975056702 -0.0047477430073212803 0.0091385276157555598 0.01413757911144241
decision_type=2 2 2 2 2 2 2 2 2 2 2 2 2 2
left_child=1 2 3 -1 5 -3 -6 8 9 -2 -10 13 -13 -9
right_child=7 4 -4 -5 6 -7 -8 11 10 -11 -12 12 -14 -15
leaf_value=0.0099928005539188548 -0.00063850616707882685 -0.0014547292819103181 -0.0068744896648788864 0.0016835906797545667 0.00032140655106453661 0.01220731161554103 -0.0058174601608601152 0.014060418705058841 0.0035496485822944976 0.0043891871841267409 -0.0015778859495729468 -0.0090085059672308579 0.0067086788181760296 -0.00017373717468806903
leaf_weight=55.845193538814783 113.26595015451312 31.934932376258075 13.38013692665845 88.883972738869488 542.09773177374154 31.742722602561116 46.884920254349709 14.642786998301746 56.243659609928727 111.31641055922955 1028.4392121387646 12.063405232504008 21.705615978688002 3.0557424481958142
leaf_count=863 2012 537 289 1476 9828 409 725 177 873 1700 23088 181 364 79
internal_value=6.82841e-05 0.00108069 0.00390556 0.00508452 0.000363597 0.00529163 -0.000159919 -0.000524632 -0.000747676 0.00180406 -0.00129216 0.00468451 0.000484864 0.0110732
internal_weight=2171.5 810.77 158.109 144.729 652.66 63.6777 588.983 1360.73 1309.27 224.582 1084.68 51.4676 33.769 17.6985
internal_count=42601 14127 2628 2339 11499 946 10553 28474 27673 3712 23961 801 545 256
is_linear=0
shrinkage=0.03


Tree=222
num_leaves=15
num_cat=0
split_feature=0 23 17 6 11 11 6 17 21 13 5 1 0 14
split_gain=1.36963 1.7625 2.30613 2.71222 1.98352 2.50351 1.63767 1.31289 1.2436 1.99622 1.38129 1.23375 1.21137 1.34266
threshold=-0.39258026895938442 -0.017649347384440902 -0.0044552927282548995 0.20490506613805623 0.43428571428571433 0.80816326530612259 -0.88116411303024 0.046153579880772184 0.033262277075924142 0.59591836734693893 0.67673469387755114 0.46969387755102049 -0.35593321731484556 0.36666666666666675
decision_type=2 2 2 2 2 2 2 2 2 2 2 2 2 2
left_child=1 4 3 -3 6 -6 -1 -4 12 10 -10 -11 -2 -14
right_child=8 2 7 -5 5 -7 -8 -9 9 11 -12 -13 13 -15
leaf_value=0.016103877775903056 -0.0061071726684708023 0.0045685464923740848 -0.0016748638317356809 -0.0062631809689063468 -0.0024530821782416451 0.0052253888535790825 0.0044658219161279687 0.0040200193211664056 -0.0089285697929829232 0.00010969074010252737 0.010284310496206917 -0.022498314843255953 0.0022243243724643018 -0.00061880803659969169
leaf_weight=13.472819503396748 30.798787084408104 147.51478916686028 366.84303607605398 21.327582699246705 82.006933973170817 66.592650176025927 77.436757268384099 37.258183767087758 4.2906730184331554 1.2059732787311066 5.0130871199071407 6.2503382917493582 168.79269777890295 1141.6424860004336
leaf_count=118 671 2523 6834 358 1503 903 1256 632 135 25 118 157 3579 23789
internal_value=6.25441e-05 0.00104154 0.000107867 0.00305522 0.00319354 0.000912004 0.00666156 -0.00109565 -0.000512806 -0.00822539 8.47552e-05 -0.0180057 -0.000393159 -0.000238333
internal_weight=2170.45 812.453 572.944 168.842 239.509 148.6 90.9096 404.101 1357.99 16.7601 9.30376 7.45631 1341.23 1310.44
internal_count=42601 14127 10347 2881 3780 2406 1374 7466 28474 435 253 182 28039 27368
is_linear=0
shrinkage=0.03


Tree=223
num_leaves=15
num_cat=0
split_feature=0 23 18 10 18 11 9 1 10 13 8 8 0 20
split_gain=1.18098 1.52231 2.76906 2.08997 2.15264 2.0509 1.98935 1.62679 1.29804 2.3811 1.70223 1.57754 1.19933 1.22873
threshold=-0.39258026895938442 -0.017649347384440902 -0.095272376047376914 -0.42086167701161137 0.04126255260645207 0.80816326530612259 0.49489795918367352 0.020204081632653064 -1.6171927947338154 0.77664399092970526 0.82909413698891921 2.2692343588127688 -0.29529577028799553 -0.028849719216001542
decision_type=2 2 2 2 2 2 2 2 2 2 2 2 2 2
left_child=1 3 6 4 -1 -5 -3 -4 9 10 -2 -11 -10 -14
right_child=8 2 7 5 -6 -7 -8 -9 12 11 -12 -13 13 -15
leaf_value=0.0026762450730522407 0.001432902613262605 -0.0019903105510703685 -0.0057805454858787849 -0.0018612118158001848 0.01348438559710291 0.0048813055817853463 0.018476219107676078 0.00021256087476401942 -0.0042178701265410913 0.014365265081211335 -0.016323278403682147 -0.001788335087945383 -0.0030266452699133101 -5.8938249175015267e-05
leaf_weight=50.746154338121414 21.370493249036375 4.1256486643105736 42.00447067245841 93.921077986247838 27.956407833844423 66.716991267167032 10.404127255082129 516.74340340774506 79.226958196610212 19.084314590319995 3.8803596999496213 4.6974014714360228 141.78560243174434 1086.0638564145193
leaf_count=786 460 138 582 1722 369 903 136 9491 1797 222 65 37 3575 22318
internal_value=6.05202e-05 0.000969643 0.000100619 0.00297092 0.00694037 0.000872484 0.0122197 -0.000230238 -0.000473832 0.00418175 -0.00174303 0.0107016 -0.000666058 -0.000418195
internal_weight=2168.73 812.618 573.278 239.341 78.7026 160.638 14.5298 558.748 1356.11 49.0326 25.2509 23.7817 1307.08 1227.85
internal_count=42601 14127 10347 3780 1155 2625 274 10073 28474 784 525 259 27690 25893
is_linear=0
shrinkage=0.03


Tree=224
num_leaves=15
num_cat=0
split_feature=4 7 12 13 12 9 21 19 19 19 5 19 20 20
split_gain=1.01867 1.29561 2.98606 1.66732 3.98529 2.25982 1.53933 1.29502 1.12266 1.73981 1.31228 1.61728 1.22899 0.704702
threshold=2.0109041456754317 0.63632653061224509 -0.61844784295024879 0.84222222222222232 0.40072700226336 0.9900000000000001 0.0067547801813923258 0.0067321795170828909 0.0050986683315357561 0.0042419027806369445 0.9900000000000001 0.0060067947789383186 0.027330882527990655 -0.035332076035467057
decision_type=2 2 2 2 2 2 2 2 2 2 2 2 2 2
left_child=1 3 7 4 -1 -5 -4 -3 9 13 12 -12 -10 -2
right_child=8 2 6 5 -6 -7 -8 -9 10 -11 11 -13 -14 -15
leaf_value=0.00021425502314903491 -0.0045312745022166642 0.0077723788979990804 0.002623481245311682 0.003541813901194674 -0.01215252499479832 -0.0034187063017511042 -0.0021229123534048122 0 0.016311101570087024 -0.014762440344139503 0.012597441375527263 -0.0035984148729645326 -0.001157137646193988 0.0081409588029354388
leaf_weight=1020.2754729930311 2.9538077637553224 43.814408804289997 63.724681994877756 262.21962731238455 21.990456311963499 46.122791409492493 628.85114152170718 27.26569583080709 13.555092305876313 4.5426264433190218 5.9022497870028046 15.247857478447257 2.4084106758236876 8.9000364746898413
leaf_count=21959 39 876 1185 3530 393 443 12741 643 186 103 77 261 34 131
internal_value=5.29777e-05 -4.52956e-05 -0.00103785 0.000505529 -5.50788e-05 0.00243698 -0.0016583 0.00468219 0.00406786 -0.00164681 0.00693116 0.000971191 0.0130052 0.0037022
internal_weight=2167.77 2114.26 763.656 1350.61 1042.27 308.342 692.576 71.0801 53.5101 16.3965 37.1136 21.1501 15.9635 11.8538
internal_count=42601 41770 15445 26325 22352 3973 13926 1519 831 273 558 338 220 170
is_linear=0
shrinkage=0.03


Tree=225
num_leaves=15
num_cat=0
split_feature=13 8 8 21 21 23 21 0 21 17 4 8 23 4
split_gain=1.30199 3.38455 2.44787 2.33838 2.74557 2.1314 2.05402 2.27223 1.83066 1.7517 1.70419 1.40165 1.33447 1.33048
threshold=0.10657596371882087 -0.56753565537452133 -0.48169121743493271 0.013248734321589784 0.0072411495834906461 0.088093735146417509 0.0097388041139668292 -0.81407213472379492 0.011604728173246134 -0.036122230018977068 0.51953372225328087 -0.39757027238288545 0.0010255152510306733 -0.17046541908277765
decision_type=2 2 2 2 2 2 2 2 2 2 2 2 2 2
left_child=1 6 8 4 -3 11 9 -8 13 -1 -7 -4 -10 -2
right_child=2 3 5 -5 -6 10 7 -9 12 -11 -12 -13 -14 -15
leaf_value=-0.0043909891219429892 -0.003517622044145951 -0.0093446036703921515 0.005228345614572979 -0.011372386031869903 0.0027175426787053075 -0.0070098034559353192 0.016550298492305455 -0.00012099659329139528 -0.0017122329955624657 0.014858977367160365 0.00051921154292287365 0.00058963861920447911 -0.0089326497724170652 0.00064630208487935557
leaf_weight=2.6677424488589159 104.70580229070038 17.608775550499558 60.461294490844011 13.525425489060579 115.3488013278693 56.909187573008239 6.5889686644077292 39.775828857906163 53.127059386111796 31.212059879675508 43.216240658424795 1396.4576561832801 51.946929809637368 182.97173259872943
leaf_count=79 3616 373 1466 299 1940 1150 107 889 1931 598 682 22993 1593 4960
internal_value=0.000215194 0.00235739 -2.83808e-05 -0.000275432 0.000894089 0.000498183 0.00723569 0.00252447 -0.00214586 0.0127649 -0.00366672 0.000799327 -0.00552216 -0.00083128
internal_weight=2176.52 226.728 1949.8 146.483 132.958 1557.04 80.2446 46.3648 392.752 33.8798 100.125 1456.92 105.074 287.678
internal_count=42676 4285 38391 2612 2313 26291 1673 996 12100 677 1832 24459 3524 8576
is_linear=0
shrinkage=0.03


Tree=226
num_leaves=15
num_cat=0
split_feature=16 21 21 20 23 21 7 21 7 4 11 4 4 19
split_gain=0.916085 2.50132 2.84052 3.36181 1.66979 1.76238 2.20496 1.47229 1.77618 1.30884 1.12459 1.76201 1.63924 0.858627
threshold=0.28730158730158734 0.011604728173246134 0.0065547268938380759 -0.021803047653066839 0.062064651745643136 0.008100909476374216 0.97979591836734703 0.033262277075924142 0.6161224489795919 0.50701548864818602 0.1918367346938776 2.1863980316195808 -1.3904082460510065 0.0092023365403906474
decision_type=2 2 2 2 2 2 2 2 2 2 2 2 2 2
left_child=1 2 -1 -4 10 6 -6 8 -3 -7 12 -12 -2 -9
right_child=4 7 3 -5 5 9 -8 13 -10 -11 11 -13 -14 -15
leaf_value=-0.0053162279685864799 0.0092918152660458296 -0.0053104227134031425 -0.0046144706264040014 0.0043174848170466794 0.0026740723560115002 -0.0058500867252561269 -0.0157169584444618 0.015542007717616732 0.0014755629400881663 -0.00070951312711479281 -0.00032134690793104683 0.0074879489280929136 0.0011945617351525192 0
leaf_weight=34.844712501391768 24.104267643764615 91.528796313330531 39.551460326649249 331.9152614613995 80.746386165730655 114.59668348170817 4.1911164298653594 4.3470502300187928 49.47564456705004 85.012274128384888 1047.2491629598662 24.601673746481538 238.82516059372574 4.7908966215327382
leaf_count=830 295 2163 969 6530 1536 2488 84 74 1229 1386 20915 369 3690 118
internal_value=0.000221671 0.00127203 0.00250804 0.00330668 -0.000131138 -0.0022156 0.00125336 -0.00196325 -0.00283713 -0.00376391 0.000304654 -0.000114523 0.00205804 0.00826258
internal_weight=2175.78 556.454 406.311 371.467 1619.33 284.546 84.9375 150.142 141.004 199.609 1334.78 1071.85 262.929 9.13795
internal_count=42676 11913 8329 7499 30763 5494 1620 3584 3392 3874 25269 21284 3985 192
is_linear=0
shrinkage=0.03


Tree=227
num_leaves=15
num_cat=0
split_feature=12 12 9 18 18 12 18 12 12 21 10 3 10 18
split_gain=1.15318 1.90492 0.794489 2.3745 2.41974 2.34189 3.27639 2.0867 1.85592 0.791903 0.982631 0.781472 0.979916 0.475996
threshold=-0.73679380611816037 -0.77876419956922194 0.58591836734693892 0.017170694249955657 -0.083170437402188976 -0.50226210601730203 0.032729600328945792 -0.17053203456582736 -0.5700833779033696 0.0097388041139668292 0.3125522589536493 0.89897959183673481 1.2038640312654414 -0.019622631506003681
decision_type=2 2 2 2 2 2 2 2 2 2 2 2 2 2
left_child=1 9 5 4 -4 6 -2 -7 -5 13 -11 12 -3 -1
right_child=2 11 3 8 -6 7 -8 -9 -10 10 -12 -13 -14 -15
leaf_value=-0.0037420996720793982 0.0042012496231303076 0.012574408853252237 0.0050063555014498015 -0.0031141464638854322 -0.0016972812289270086 -0.003017614572531812 -0.0021086501248635558 0.00058227876210989861 0.0021917779390220778 -0.011484154645182858 0.0021353204172094328 -0.0025164617789421046 -0.0017303358171407255 0.007471475440690426
leaf_weight=1.6672451775521029 176.59451983962208 25.466302057728178 51.556213848292828 61.185707483440638 447.52321171760559 375.41696120705456 121.41728595457971 224.38039543945342 663.28971883654594 8.8411676809191686 4.8051131470128885 1.8158515878021706 2.4886079896241418 8.0087492726743239
leaf_count=38 4219 428 745 961 6596 10975 3153 5552 9447 218 111 34 60 139
internal_value=0.000229104 0.00452125 0.00011046 0.000613234 -0.000957624 -0.000557903 0.00158353 -0.00164853 0.00171568 -0.00133928 -0.00606985 0.0093798 0.0107697 0.00394458
internal_weight=2174.46 53.093 2121.36 1223.55 499.079 897.809 298.012 599.797 724.475 23.3223 13.6463 29.7708 27.9549 9.67599
internal_count=42676 1028 41648 17749 7341 23899 7372 16527 10408 506 329 522 488 177
is_linear=0
shrinkage=0.03


Tree=228
num_leaves=15
num_cat=0
split_feature=13 18 19 10 21 21 12 21 12 19 18 15 1 21
split_gain=1.62994 3.22696 2.39517 2.64216 2.11219 2.9312 1.38844 1.37448 1.32601 2.42315 1.16295 1.85779 1.50696 0.983569
threshold=0.10657596371882087 0.032465131591025827 0.0047150117151990144 -0.79246156079685692 0.011509420236860969 0.0071552678058345249 -0.49978868412588723 0.033262277075924142 -0.67094363537444868 0.0054824966107122827 0.017858878845004925 0.18333333333333338 0.14142857142857146 0.010101781118439457
decision_type=2 2 2 2 2 2 2 2 2 2 2 2 2 2
left_child=1 4 6 -4 5 -1 -3 -6 9 -2 12 -12 -10 -11
right_child=8 2 3 -5 7 -7 -8 -9 10 13 11 -13 -14 -15
leaf_value=-0.0013795441308220434 0.0059767205831389707 -0.010432094782326394 0.010987135263710014 -0.0018397741687761762 -0.0024128491272268587 0.01076955760079131 0.0033442659094260183 0.013349260908533589 -0.0035067887021926389 -0.0011624831701586645 0.0073104740736344327 0.00043532524888636353 -0.00016550945808210766 -0.016964792657173603
leaf_weight=20.113104121759534 7.3525745160877731 28.260594811290503 18.249466367065907 44.914983276277781 34.615026038140059 73.71558563131839 5.4712202986702314 3.7455167714506379 150.55531024374068 8.2078917613253015 35.048301827162504 1076.7616339297965 653.87067696079612 11.593303482048212
leaf_count=419 197 582 246 928 768 1163 104 75 2294 201 434 21221 13726 318
internal_value=0.000229521 0.00261264 -0.00141082 0.00185946 0.00565075 0.00803431 -0.00771569 0 -4.60862e-05 -0.00639973 4.27063e-05 0.00067826 -0.000816606 -0.0118101
internal_weight=2172.48 229.085 96.8963 63.1644 132.189 93.8287 33.7318 38.3605 1943.39 27.1538 1916.24 1111.81 804.426 19.8012
internal_count=42676 4285 1860 1174 2425 1582 686 843 38391 716 37675 21655 16020 519
is_linear=0
shrinkage=0.03


Tree=229
num_leaves=15
num_cat=0
split_feature=12 6 23 21 4 11 9 21 7 12 19 18 19 6
split_gain=1.37359 2.02269 3.86963 2.28037 1.73127 1.68953 0.742211 1.8013 2.72551 2.4872 1.74245 2.35018 0.922447 0.336599
threshold=-0.73679380611816037 -0.12807232078889283 -0.038836203262905981 0.033262277075924142 0.92408326364491222 0.43428571428571433 0.74755102040816335 0.011604728173246134 0.06394557823129253 -0.59968339212548594 0.010327835641592726 0.017170694249955657 0.011688214884429331 0.36648754823708979
decision_type=2 2 2 2 2 2 2 2 2 2 2 2 2 2
left_child=1 3 13 5 -4 -1 7 9 -9 -2 11 -8 -12 -3
right_child=6 2 4 -5 -6 -7 10 8 -10 -11 12 -13 -14 -15
leaf_value=-0.015257400569323506 0.0042541491920446688 -0.009022223013512673 0.019177446022215529 0.016170607149539638 0 0.00081291728567795625 -0.0013180879292534517 0.0085875748755737079 -0.002919873035228982 -0.00030783992622336029 0.013691363788445619 0.0017947244720694037 0 0
leaf_weight=8.3196699032560044 123.08922649081796 6.2741810856387001 19.065783831290904 2.7374298628419629 5.6636542510241261 9.58071102760732 356.36501668021083 17.170271774753928 318.92243130411953 741.69323003478348 12.117574151605369 545.76114432513714 3.8904708512127391 2.2395852152258158
leaf_count=156 2563 188 297 43 95 182 4360 323 8718 19007 137 6487 53 67
internal_value=0.000234607 0.0048834 0.0093442 -0.00183013 0.0152169 -0.00668516 0.000104834 -0.000377609 -0.00224029 0.000332505 0.000751599 0.00054829 0.0100426 -0.00593696
internal_weight=2172.89 53.881 33.2432 20.6378 24.7294 17.9004 2119.01 1200.88 336.093 864.782 918.134 902.126 16.008 8.51377
internal_count=42676 1028 647 381 392 338 41648 30611 9041 21570 11037 10847 190 255
is_linear=0
shrinkage=0.03


Tree=230
num_leaves=15
num_cat=0
split_feature=1 0 10 16 0 14 16 0 0 18 17 17 1 3
split_gain=1.16473 1.41585 1.23101 1.63971 1.04583 1.00056 1.60975 1.61696 1.33113 1.23338 2.07648 1.01875 0.976003 4.82803
threshold=0.040408163265306128 -1.5195105063624013 0.83505410580692818 0.85857142857142865 -2.1491586061697272 0.36666666666666675 0.67673469387755114 -2.03875652351894 -1.9424959647950255 0.017858878845004925 0.016729253769320333 0.010821671650603328 0.96888888888888902 0.92666666666666686
decision_type=2 2 2 2 2 2 2 2 2 2 2 2 2 2
left_child=5 2 4 -4 -2 9 7 -7 -8 11 -11 -1 -3 -14
right_child=1 12 3 -5 -6 6 8 -9 -10 10 -12 -13 13 -15
leaf_value=-0.010083187713741381 0.004893388858687433 0.00043930653756499603 0.0069252774308547734 -0.0089762252552078522 -0.0097734516356962151 -0.0084585759579688391 0.010689450892897214 0.0044051279007091809 0 0.010008289564028428 -0.0061141025800008856 0.0036865323899315798 0.0034496070308857947 -0.0080174772590585058
leaf_weight=14.127167169004681 2.3732909411191931 1850.8815456745215 13.615282959304752 7.0934178847819558 30.556735740043223 11.887435914948581 39.650372194126248 21.790340984240174 15.211682192981241 15.610526025295259 9.2788144815713149 3.7802693061530581 62.641674197278917 63.775356912054121
leaf_count=176 19 38193 197 75 457 182 359 400 192 171 132 57 966 783
internal_value=0.000303868 0.000117733 -0.0045881 0.000507101 -0.00806731 0.00302476 0.00483019 0 0.00791376 -0.000424421 0.00343227 -0.00634457 0.000257475 -0.00225332
internal_weight=2162.27 2030.94 53.6387 20.7087 32.93 131.337 88.5398 33.6778 54.8621 42.7968 24.8893 17.9074 1977.3 126.417
internal_count=42359 40690 748 272 476 1669 1133 582 551 536 303 233 39942 1749
is_linear=0
shrinkage=0.03


Tree=231
num_leaves=15
num_cat=0
split_feature=4 13 21 12 15 4 13 12 18 8 23 12 13 12
split_gain=1.02944 2.68086 2.14681 1.85092 1.7598 1.27957 1.82348 1.18648 4.09786 1.13871 1.01034 0.87426 0.679138 0.32537
threshold=-1.4383441591976116 0.06394557823129253 0.0073563936803541334 2.2133228820753392 0.35416666666666669 -1.194050685992968 0.95959183673469395 2.0437773503338463 -0.042060749623203379 1.7402479860756748 0.11956180856677269 -0.68177516978181218 0.9900000000000001 -0.76032158218042856
decision_type=2 2 2 2 2 2 2 2 2 2 2 2 2 2
left_child=1 11 4 -4 -3 6 9 10 -9 -2 -7 13 -8 -1
right_child=5 2 3 -5 -6 7 12 8 -10 -11 -12 -13 -14 -15
leaf_value=0.0082486775190896682 -0.0026311456885362737 0.003039945708441297 0.0037716689975405798 -0.0055663748258715888 -0.013963537735029912 -6.6519612882339515e-05 -0.018459752683831026 -0.011270238034254062 0.0044527526719583292 0.0091026351866980316 0.0048438836383025543 0.020230588164930268 0 -0.0024123627963413912
leaf_weight=1.9284767322242258 78.193883928470314 5.9809384010732201 138.55093419738114 19.14852203708142 12.04952394030988 1689.0111360065639 7.1045004799962026 14.324065134860573 140.10420078597963 5.8455484528094521 36.521797377616167 7.813668752089141 3.2778008077293634 3.0556156262755394
leaf_count=28 1625 106 2358 200 299 35122 78 189 1455 46 669 87 45 52
internal_value=0.000301114 0.00241024 0.00126862 0.00248837 -0.00783404 8.98953e-05 -0.00326919 0.000269872 0.00277302 -0.00144802 3.42162e-05 0.0147823 -0.0141843 0.000745803
internal_weight=2162.91 188.528 175.73 157.699 18.0305 1974.38 94.4217 1879.96 154.428 84.0394 1725.53 12.7978 10.3823 4.98409
internal_count=42359 3130 2963 2558 405 39229 1794 37435 1644 1671 35791 167 123 80
is_linear=0
shrinkage=0.03


Tree=232
num_leaves=14
num_cat=0
split_feature=2 6 8 8 11 2 19 23 6 8 2 13 16
split_gain=1.13579 1.78102 2.15412 2.0763 1.98214 1.0223 1.94842 1.40941 1.32175 1.25994 3.37659 1.11119 0.715779
threshold=-1.6197476715411057 -4.6292292241411968 0.63934250146862392 2.4988411460614226 0.81816326530612249 -1.2699443414927507 0.0061642647395349004 0.025443105518437096 -1.717595181757863 2.4988411460614226 0.42072822513330921 0.12122448979591838 0.9900000000000001
decision_type=2 2 2 2 2 2 2 2 2 2 2 2 2
left_child=1 12 4 -4 -3 6 7 -2 -8 11 -11 -7 -1
right_child=5 2 3 -5 -6 9 8 -9 -10 10 -12 -13 -14
leaf_value=-0.017041813868083702 0.0047182982308385515 -0.0083312507142817623 0.008096093186729738 -0.00086606275013520191 0.0072020205431553583 0.0019424904012900297 0.0047445033171146112 -0.0052509873586481185 -0.009432580789882487 0.011078923678261722 -0.0003833000877360716 -0.00019813359547067667 0
leaf_weight=3.3517052903771392 32.324229238554835 20.282527487725023 80.023015116341412 27.964563380926847 8.3682236075401288 250.28714048396796 4.1844617128372184 17.633371690288186 38.142467523925006 32.966496397741139 61.093691699206829 1583.326753729023 1.9762991108000276
leaf_count=50 557 414 739 257 162 4793 52 410 658 290 519 33425 33
internal_value=0.000306943 0.00288597 0.00369411 0.00566532 -0.00313105 0.00011559 -0.00292145 0.000844099 -0.0075418 0.000271635 0.00362489 8.76867e-05 -0.011144
internal_weight=2161.92 141.966 136.638 107.988 28.6508 2019.96 92.2845 49.9576 42.3269 1927.67 94.0602 1833.61 5.328
internal_count=42359 1655 1572 996 576 40704 1677 967 710 39027 809 38218 83
is_linear=0
shrinkage=0.03


Tree=233
num_leaves=15
num_cat=0
split_feature=4 13 20 21 6 9 4 13 6 20 10 7 20 2
split_gain=1.10264 2.55878 2.19979 1.90337 2.39008 1.60622 1.25908 1.9187 1.6237 0.983958 1.75878 0.86661 0.704641 0.173132
threshold=-1.4383441591976116 0.06394557823129253 0.041142465435640159 0.0073563936803541334 -1.0841077877576459 0.76775510204081643 -1.194050685992968 0.95959183673469395 -0.071038683563556401 0.07153145494751402 0.38067837885962852 0.12789115646258506 0.026322796625281367 -1.3849527567171189
decision_type=2 2 2 2 2 2 2 2 2 2 2 2 2 2
left_child=1 2 13 4 -3 -5 7 8 -2 11 -11 -8 -9 -1
right_child=6 3 -4 5 -6 -7 9 12 -10 10 -12 -13 -14 -15
leaf_value=0.0031714846237815507 -0.0041457977178979578 0.0081948201429089419 -0.0035597461804211497 -0.00096538065294961577 -0.013350008104216578 0.0049682990049465664 0.0022853739990948349 -0.019544492750680265 0.0047351036049541103 -0.0057889538684424719 0.002867985300160292 0.00017200088319834576 0 0.023610899893156612
leaf_weight=3.069308638572692 60.103701555170119 4.1076561994850662 2.7695347145199767 64.362560355104506 13.634853002615271 94.216451540589333 197.68304434511811 6.3979269396513683 23.37503941450268 58.65135115198791 28.278617498464882 1593.1991769531742 3.4808969832956791 7.2823994215577832
leaf_count=33 1155 54 43 1635 351 923 2930 81 516 1228 480 32797 42 91
internal_value=0.000297255 0.00247362 0.0144343 0.00134752 -0.00727741 0.00248455 7.8194e-05 -0.00327364 -0.00143095 0.00025612 -0.00280298 0.000415937 -0.0147195 0.0202598
internal_weight=2160.61 189.443 13.1212 176.322 17.7425 158.579 1971.17 93.3576 83.4787 1877.81 86.93 1790.88 9.87882 10.3517
internal_count=42359 3130 167 2963 405 2558 39229 1794 1671 37435 1708 35727 123 124
is_linear=0
shrinkage=0.03


Tree=234
num_leaves=15
num_cat=0
split_feature=2 19 21 23 23 17 7 13 23 6 10 12 17 23
split_gain=1.05771 1.81362 2.6897 2.52551 2.41516 2.71585 2.07693 1.03547 3.42246 2.83549 2.05634 1.03019 5.2347 2.0459
threshold=-1.6197476715411057 0.0074815012179250389 0.0077068971620017036 -0.045704887153335365 0.026983854186887982 -0.00408454457394991 0.10657596371882087 0.10657596371882087 0.067860335853537804 -0.13678568348850634 -0.58070108084521233 0.88861940513220972 0.016729253769320333 0.066019304596374853
decision_type=2 2 2 2 2 2 2 2 2 2 2 2 2 2
left_child=1 4 -3 -4 6 -6 -1 8 9 -2 -10 13 -13 -9
right_child=7 2 3 -5 5 -7 -8 11 10 -11 -12 12 -14 -15
leaf_value=0.0027663118756885842 -0.0053875147867928413 -0.010908753679526239 -0.0014125698407047951 0.016546076016450778 -0.0095465893360845155 0.01202751820460593 -0.0065565173594377101 1.9901815699721569e-05 0 0.0026462190704670311 0.012455326980471745 -0.0012968811302199344 0.006371738852952588 -0.0030161952032465916
leaf_weight=39.123813576996326 56.764141186140478 3.1813579695299259 7.4000286553055075 22.707683270797133 4.1790819354355362 24.49936322402209 40.626174947246909 1210.3062942149118 14.99346582405269 118.8558998759836 35.870647007599473 225.35846181865782 120.19557058997452 235.03287108521909
leaf_count=379 1198 58 64 238 60 326 530 27083 189 2331 465 2825 1443 5170
internal_value=0.000312537 0.00280432 0.00875667 0.0118519 0.000715526 0.00797734 -0.00184365 0.000127461 0.00203279 0 0.00872506 -0.000107128 0.00134869 -0.000466933
internal_weight=2159.09 141.718 33.2891 30.1077 108.428 28.6784 79.75 2017.38 226.484 175.62 50.8641 1790.89 345.554 1445.34
internal_count=42359 1655 360 302 1295 386 909 40704 4183 3529 654 36521 4268 32253
is_linear=0
shrinkage=0.03


Tree=235
num_leaves=15
num_cat=0
split_feature=0 1 2 19 3 9 8 8 23 19 6 21 21 21
split_gain=1.29279 2.71835 2.06094 1.96311 1.78013 1.7582 1.68729 1.34335 1.27817 2.73474 1.44093 1.05776 2.54773 1.32977
threshold=1.6407898872637681 0.9191836734693879 1.7426449071841112 0.0056106534234182824 0.92666666666666686 0.96888888888888902 1.7959404353880026 3.8091541273775791 0.01698376512907707 0.0058068902611094712 0.33330173748249275 0.008397725445763211 0.0072793963440593752 0.0097388041139668292
decision_type=2 2 2 2 2 2 2 2 2 2 2 2 2 2
left_child=1 2 7 5 11 -3 -4 -1 9 -6 -10 12 -2 -13
right_child=4 3 6 -5 8 -7 -8 -9 10 -11 -12 13 -14 -15
leaf_value=-0.00033133550633201493 0.0097932043162213614 0.0012772686390350326 0.00052220771332775408 -0.0092527252713849699 -0.0152277846519236 -0.013686461171587857 0.0087899592200191955 -0.010739206791426785 0.0079814141603067861 0.0018046449992060699 -0.0019627647475949444 0.013504952510231368 -0.0088215895334430288 0.0035331016930235781
leaf_weight=1772.8431607708335 10.070548076182606 45.771796107292175 59.70029569696635 50.720720288343728 12.819675975479187 6.1570659615099421 38.285988815128803 9.3474813122302276 19.273481421172619 15.937310063280163 28.849865856580436 19.782059309072793 12.588832589797674 46.520541151985526
leaf_count=37132 131 945 748 1058 180 60 300 102 162 216 336 252 196 688
internal_value=-0.000214345 -0.000434312 -0.000163959 -0.00514512 0.00230006 -0.000660573 0.00401388 -0.000406308 -0.00087549 -0.00579707 0.00188019 0.00516816 0 0.00703624
internal_weight=2148.67 1982.83 1880.18 102.65 165.842 51.9289 97.9863 1782.19 76.8803 28.757 48.1233 88.962 22.6594 66.3026
internal_count=42506 40345 38282 2063 2161 1005 1048 37234 894 396 498 1267 327 940
is_linear=0
shrinkage=0.03


Tree=236
num_leaves=15
num_cat=0
split_feature=10 0 3 21 19 19 21 17 18 2 20 2 18 18
split_gain=1.79694 2.43126 2.2924 2.85558 2.53556 2.16143 2.02713 4.35508 4.34077 1.92199 1.99856 1.90085 1.02704 1.85302
threshold=0.24548524494110949 1.7513423673009456 0.28285714285714292 0.0090696638947236671 0.0036177049053946002 0.0060867687101167547 0.011976795285417964 -0.030828012382771827 0.031165859958615653 -2.8204621117457882 0.0076624032368228798 -1.7954976160606935 0.021161228986097961 0.057241471096657677
decision_type=2 2 2 2 2 2 2 2 2 2 2 2 2 2
left_child=1 9 6 4 -4 -5 7 -2 -8 10 -1 -11 -3 -14
right_child=2 12 3 5 -6 -7 8 -9 -10 11 -12 -13 13 -15
leaf_value=-0.0030651872265277866 0.010259258390917233 0.011712306742760047 -0.0058163136288844636 0.0022658129778282835 0.0057406886414165404 -0.0027143699189494468 -0.0022916287309825466 -0.0048790631674736863 0.012917330339604519 -0.0072721105705513952 0.017997382350866505 -0.000975603951989511 -0.0056399293254169054 0.011343337021413385
leaf_weight=4.3621584326028806 16.772819261066616 16.603380802087486 15.837470607832072 192.24972945824265 194.78332718275487 128.74518551956862 47.355420233681798 155.2661356581375 23.006417429074645 43.700171413831413 7.5820004157721996 1282.6010346747935 11.768503921106459 7.6614286582916966
leaf_count=42 278 204 315 3785 3486 2725 780 2937 334 555 66 26763 149 87
internal_value=-0.000202976 -0.000859434 0.000942457 0.00205422 0.00475458 0.000217473 -0.00143127 -0.00321604 0.00269357 -0.00108014 0.00989301 -0.001205 0.00656866 0.000790458
internal_weight=2148.3 1374.28 774.017 531.616 210.621 320.995 242.401 172.039 70.3618 1338.25 11.9442 1326.3 36.0333 19.4299
internal_count=42506 27866 14640 10311 3801 6510 4329 3215 1114 27426 108 27318 440 236
is_linear=0
shrinkage=0.03


Tree=237
num_leaves=15
num_cat=0
split_feature=11 21 19 21 13 13 17 21 16 10 7 6 8 6
split_gain=2.20081 4.05875 3.29118 2.80981 1.97084 4.47039 2.76675 1.6662 1.56162 2.32169 2.76765 2.2194 1.87673 4.13171
threshold=0.77664399092970526 0.0093915390720556036 0.0061547045162923539 0.010764507258559536 0.67673469387755114 0.39387755102040822 0.040402321044931029 0.011976795285417964 0.8633333333333334 -1.5684471284976158 0.32993197278911568 0.31733859190630215 1.9299400855849262 0.21559813685545451
decision_type=2 2 2 2 2 2 2 2 2 2 2 2 2 2
left_child=8 4 3 -3 5 -2 -6 -4 12 10 -10 -11 -1 -14
right_child=1 2 7 -5 6 -7 -8 -9 9 11 -12 -13 13 -15
leaf_value=-0.00051892762089679771 0.0062417341457627722 -0.0037039640894295373 -0.007901221046715548 0.0038871276168584963 0.009057696184394174 -0.004897571526960783 -0.0048195217284462705 -0.00078787549487488776 0.014401912694202122 -0.0050869178849927707 -0.0051949902176927692 0.00098194799370468879 0.011317656931143553 -0.011246771001683318
leaf_weight=1246.1843986697495 77.503044424578547 59.107475134544075 63.1352767534554 144.60358486976475 97.565897110849619 51.721431540325284 12.094090046361087 64.882453496567905 12.87864479981363 205.45215556584299 8.635628726333378 67.439456700347364 29.503645490854979 7.1473051067441693
leaf_count=28037 1585 1120 1168 2455 1305 1179 156 1175 108 2901 95 924 231 67
internal_value=-0.000190198 0.00139401 -0.0007156 0.00159703 0.00436742 0.00166228 0.00733397 -0.00447895 -0.000773868 -0.00274312 0.00612517 -0.00353633 -0.000306691 0.006175
internal_weight=2147.85 570.613 331.729 203.711 238.884 129.224 109.66 128.018 1577.24 294.406 21.5143 272.892 1282.84 36.651
internal_count=42506 10143 5918 3575 4225 2764 1461 2343 32363 4028 203 3825 28335 298
is_linear=0
shrinkage=0.03


Tree=238
num_leaves=15
num_cat=0
split_feature=11 3 8 19 19 15 0 6 10 17 0 0 3 3
split_gain=1.96173 2.63693 2.52024 3.70175 2.89702 2.12196 2.07159 1.75894 2.25019 1.6172 1.57295 1.10983 3.01713 1.40949
threshold=0.77664399092970526 0.30306122448979594 0.8505059324696419 0.0050986683315357561 0.004209752414871335 0.70833333333333337 1.7513423673009456 0.35142350709609799 0.12901922445459427 0.005136956019418438 -0.073075544105749971 1.0514178674790515 0.9191836734693879 0.93938775510204098
decision_type=2 2 2 2 2 2 2 2 2 2 2 2 2 2
left_child=6 5 4 -4 -3 9 11 -8 -9 -2 -7 13 -13 -1
right_child=1 2 3 -5 -6 10 7 8 -10 -11 -12 12 -14 -15
leaf_value=-0.00099805790485716565 -0.0024858774055217256 -0.0053954578977531871 0.011229250329305702 0.0013834650964426297 0.0025427617278786299 -0.0017108101233071491 0.010200500242416817 0.0059427668427799053 -0.011602231485123312 0.0047489178493857996 -0.010697518205851842 -0.00038399579237778289 -0.011413287762819512 0.0024594730145888902
leaf_weight=1306.2829380054027 49.425217340700328 50.600889699533582 63.072309946641326 82.84252970572561 184.49820087663829 57.142898344434798 26.208772003650665 14.883851257152857 8.6336964648216945 55.463527493178844 28.061133470386267 76.521819452755153 31.519347928464413 111.45326973497868
leaf_count=28099 784 1232 525 743 4393 1044 282 193 151 908 514 1651 502 1485
internal_value=-0.000192647 0.00130132 0.00275056 0.00583505 0.000739837 -0.00152379 -0.00074467 0.00511743 -0.000314992 0.00121671 -0.00501997 -0.000951987 -0.00388689 -0.000712602
internal_weight=2146.61 571.107 381.014 145.915 235.099 190.093 1575.5 49.7263 23.5175 104.889 85.204 1525.78 108.041 1417.74
internal_count=42506 10143 6893 1268 5625 3250 32363 626 344 1692 1558 31737 2153 29584
is_linear=0
shrinkage=0.03


Tree=239
num_leaves=15
num_cat=0
split_feature=10 0 16 3 0 15 8 13 2 16 20 2 5 8
split_gain=1.47986 1.94364 2.19345 1.86113 2.44552 2.3981 2.20832 1.93705 1.67499 2.31932 1.68643 1.56018 1.27146 1.26143
threshold=0.24548524494110949 1.7513423673009456 0.89897959183673481 0.24222222222222226 0.9156186669255747 0.70833333333333337 1.6913137372352478 0.56571428571428584 -2.8204621117457882 0.8633333333333334 0.0076624032368228798 2.2813953011387933 0.75532879818594112 1.6913137372352478
decision_type=2 2 2 2 2 2 2 2 2 2 2 2 2 2
left_child=1 8 -3 5 6 7 -5 -2 10 -10 -1 -6 -4 -7
right_child=3 2 12 4 11 13 -8 -9 9 -11 -12 -13 -14 -15
leaf_value=-0.0025552943903323581 0.0057904198171092637 0.012613780698707564 0.0055669096692221526 0.0022807358463947402 0.00038916752985174359 -0.0029712291425395892 0.0095285698780923894 -0.0016962009918477692 -0.00053376634000857595 -0.0039274967839019919 0.016739122246296714 -0.0061780044942742092 -0.0086081377899588259 -0.012206984705875194
leaf_weight=4.2946889512240869 48.071934843435884 18.418736463412642 8.986985847353937 311.3722210098058 168.21827522758394 73.320019859820604 43.9613604741171 76.181171241216362 1101.5603310167789 219.29971600603312 7.5240112114697695 37.442597922869027 9.100437827408312 17.784524576738477
leaf_count=42 893 236 92 7083 3050 1548 350 1145 24236 3082 66 395 112 176
internal_value=-0.000197638 -0.000796167 0.00579562 0.000837996 0.00175887 -0.00148592 0.00326772 0.00112731 -0.000996388 -0.00111365 0.00928733 -0.000782204 -0.000965307 -0.00515874
internal_weight=2145.54 1369.18 36.5062 776.352 560.994 215.358 355.334 124.253 1332.68 1320.86 11.8187 205.661 18.0874 91.1045
internal_count=42506 27866 440 14640 10878 3762 7433 2038 27426 27318 108 3445 204 1724
is_linear=0
shrinkage=0.03


Tree=240
num_leaves=15
num_cat=0
split_feature=11 21 21 0 11 9 16 4 23 6 9 6 9 12
split_gain=1.27436 2.64423 2.66768 1.52325 1.50623 2.04301 3.4507 1.54482 1.2621 1.25878 3.0474 1.67934 1.15644 0.887499
threshold=0.95959183673469395 0.013364882376962197 0.007736451058784676 1.5502633826744512 0.79795918367346952 0.89897959183673481 0.97979591836734703 1.8756126212637512 0.01698376512907707 -1.2328883284321315 0.9900000000000001 -0.44098834675572246 0.87877551020408173 0.088448039673898513
decision_type=2 2 2 2 2 2 2 2 2 2 2 2 2 2
left_child=4 2 8 -4 9 7 -7 -6 -2 10 -1 -11 -3 -14
right_child=1 12 3 -5 5 6 -8 -9 -10 11 -12 -13 13 -15
leaf_value=0.0056261280178261479 -0.0038053646133514875 -0.0010124218554348288 -0.0087600968000792132 -0.00047109091525626365 0.00012021213784917142 0.008769730172153746 -0.0029276976432595753 0.0097440403127232178 0.0074189839934009991 -0.0033409770037189182 -0.0095675368189665974 0.00026123892407047439 0.018657091148531098 0.0027615531188361401
leaf_weight=83.421000963076949 11.145270743407307 9.8397186324000376 70.407336728647351 33.351033327169716 247.14809703361243 82.622577726840973 27.584647107869387 14.259470857679842 21.337914045900106 124.83797131292522 11.328738611191509 1413.6016598874703 5.8618200495839146 11.565435556694863
leaf_count=1016 182 232 1220 460 5598 666 279 239 319 2281 143 29916 41 94
internal_value=0.000362771 -0.00214898 -0.00392666 -0.00629689 0.000577037 0.00229885 0.00570821 0.000772125 0.00313547 0.00017375 0.00349423 -2.52866e-05 0.00588218 0.0102506
internal_weight=2168.31 163.509 136.242 103.758 2004.8 371.615 110.207 261.408 32.4832 1633.19 94.7497 1538.44 27.267 17.4273
internal_count=42686 2548 2181 1680 40138 6782 945 5837 501 33356 1159 32197 367 135
is_linear=0
shrinkage=0.03


Tree=241
num_leaves=15
num_cat=0
split_feature=6 4 21 19 5 6 9 21 19 15 8 9 18 12
split_gain=1.16014 2.88059 2.73024 2.18879 1.94533 1.76924 2.22509 3.00504 1.76575 1.69106 3.14598 1.45524 1.252 0.881981
threshold=-1.2328883284321315 -1.5258264539097379 0.012219209902583907 0.003466028208224677 0.020204081632653064 -0.38409870263309337 0.9191836734693879 0.0073742129442929934 0.0026914749444809706 0.18333333333333338 2.0043718146671403 0.41408163265306125 -0.063945338398442839 1.9152867457472695
decision_type=2 2 2 2 2 2 2 2 2 2 2 2 2 2
left_child=1 4 3 -3 13 6 11 -8 -4 10 -7 -2 -11 -1
right_child=5 2 8 -5 -6 9 7 -9 -10 12 -12 -13 -14 -15
leaf_value=0.0055363879553605756 -0.0048039988608917384 -0.0156558129297629 -0.0081376431181301757 -0.00015093008903026815 0.015194009746779162 0.0018072378715658511 -0.024197125719871732 -0.0040125713937684349 0.012639764700657068 -0.0026422111747213674 0.020354315764061204 0.0013574829175145777 0.00056630309673505984 -0.0098863041902765014
leaf_weight=6.7527134604752046 45.352515627630055 7.7786595895886412 2.1086523234844234 64.258470722474158 22.31332453340292 47.358449621126056 6.297848515212535 61.026023425161839 18.979737447574735 114.14553171209991 8.8049194365739805 121.96262857411057 1636.9959375774488 3.3765467703342438
leaf_count=75 1341 102 28 802 225 664 83 574 225 2590 51 2266 33614 46
internal_value=0.000378382 0.00316201 0.000248629 -0.00240546 0.0105892 0.000196939 -0.00223076 -0.00676074 0.00938758 0.00052253 0.00557274 -0.000261077 0.000345829 0
internal_weight=2167.51 125.568 93.1255 72.0371 32.4426 2041.94 234.639 67.3239 21.0884 1807.3 56.1634 167.315 1751.14 10.1293
internal_count=42686 1503 1157 904 346 41183 4264 657 253 36919 715 3607 36204 121
is_linear=0
shrinkage=0.03


Tree=242
num_leaves=15
num_cat=0
split_feature=0 20 19 4 7 19 20 4 3 13 3 19 20 7
split_gain=1.21189 1.936 2.23511 2.21104 1.84906 2.15833 1.99077 1.51523 1.56304 2.138 1.46636 1.9796 1.65439 1.28589
threshold=-0.39258026895938442 0.0044586395554326872 0.0034028588893099559 -1.5258264539097379 0.24222222222222226 0.0092575680133186716 0.048813543800645738 2.0109041456754317 0.83836734693877568 0.71714285714285719 0.63632653061224509 0.0048985038653485777 0.022027370660603677 0.81816326530612249
decision_type=2 2 2 2 2 2 2 2 2 2 2 2 2 2
left_child=1 2 13 -4 5 -3 -6 10 -9 -10 12 -12 -2 -1
right_child=7 4 3 -5 6 -7 -8 8 9 -11 11 -13 -14 -15
leaf_value=0.010270783395744698 -0.00071570614274004058 -0.0010779081381684678 0.0083269060737204796 0.00072264826614804913 0.00014151990309562833 -0.015036380950109713 0.0061301741065556805 0.016488486862452335 -0.0051811058784088865 0.0072431120203880995 0.00072285499383375183 -0.0026955221309910905 0.0022602374444360587 -0.0058646339002511941
leaf_weight=46.371222662739456 369.36492014210671 229.05644244235009 39.876705082133412 232.4265084406361 182.3955995477736 8.7455943655222637 69.850995328277349 6.9356681192293754 18.315589940175414 27.994887549430132 235.32874569948763 399.61892745643854 298.69289300497621 2.3954201322048894
leaf_count=667 8606 4056 525 4036 3414 146 1239 121 409 291 4514 8119 6504 39
internal_value=0.000385933 0.0013037 0.00310813 0.00194351 8.31672e-05 -0.00177493 0.00189405 -0.000153016 0.00469417 0.00200783 -0.000369477 -0.00140674 0.000595246 0.00898292
internal_weight=2167.37 811.118 321.07 272.303 490.049 237.802 252.247 1356.25 53.2461 46.3105 1303.01 634.948 668.058 48.7666
internal_count=42686 14122 5267 4561 8855 4202 4653 28564 821 700 27743 12633 15110 706
is_linear=0
shrinkage=0.03


Tree=243
num_leaves=15
num_cat=0
split_feature=6 23 9 19 15 16 17 6 20 9 0 17 10 9
split_gain=1.14928 2.2731 4.15497 2.29434 1.49505 2.49087 2.15433 1.44172 3.31136 2.24573 1.20646 2.59679 2.00192 1.20645
threshold=-1.2328883284321315 -0.016048729264473312 0.9900000000000001 0.0070180110352356896 0.55000000000000016 0.95959183673469395 -0.031355994733535002 -0.38409870263309337 0.011501270778691676 0.81816326530612249 -0.39258026895938442 -0.028322671831673193 -1.522914553785832 0.63632653061224509
decision_type=2 2 2 2 2 2 2 2 2 2 2 2 2 2
left_child=1 4 3 -3 5 -1 -6 8 13 -10 12 -12 -9 -2
right_child=7 2 -4 -5 6 -7 -8 10 9 -11 11 -13 -14 -15
leaf_value=0.016855605863949952 -0.0029663627886854053 -0.0011210007828614426 -0.018821045498309173 0.011094560140040181 -0.015791424416253148 0 0.0053422927181905871 -0.0065737003038497388 -0.0013622827396648982 -0.0093602757767907337 -0.0040215027293955064 0.00043419539497337325 0.0020314756854865968 0.0041883918232871048
leaf_weight=22.100604586303238 25.762686612084508 44.430570989847183 7.6705348156392565 16.918302115052938 3.1636919006705311 9.4752631001174432 22.184878138825297 22.822018045932055 78.029945345595479 59.125617917627096 129.564359000884 1112.5512827979401 541.57314252573997 71.148448975756764
leaf_count=204 685 608 108 195 44 95 249 394 1951 707 3122 23505 9898 921
internal_value=0.000373757 0.00313987 -0.000340302 0.00225484 0.00748237 0.0117118 0.00119424 0.000192783 -0.0020001 -0.00500286 0.000487102 -2.42368e-05 0.00163505 0.00211321
internal_weight=2166.52 125.944 69.0194 61.3489 56.9244 31.5759 25.3486 2040.58 234.067 137.156 1806.51 1242.12 564.395 96.9111
internal_count=42686 1503 911 803 592 299 293 41183 4264 2658 36919 26627 10292 1606
is_linear=0
shrinkage=0.03


Tree=244
num_leaves=13
num_cat=0
split_feature=3 21 15 21 13 19 10 19 19 5 20 19
split_gain=1.00796 1.4055 3.21537 2.41587 1.82106 1.80889 1.01847 1.64412 1.47211 1.20988 2.35509 1.14332
threshold=0.040408163265306128 0.0067547801813923258 0.35416666666666669 0.0087406584000799641 0.95959183673469395 0.0075579155506746189 -0.77232669133359411 0.011097171205597228 0.0060613379873813303 0.040408163265306128 0.0048824182906161981 0.0060485074673407623
decision_type=2 2 2 2 2 2 2 2 2 2 2 2
left_child=1 2 -1 4 -3 -5 7 8 -2 10 -8 -11
right_child=6 3 -4 5 -6 -7 9 -9 -10 11 -12 -13
leaf_value=0.010710124745187431 0.00011116705929695142 0.014869312194830286 -0.022185264571934503 -0.0008385796472458833 -0.0015953773835184386 0.0088207409459820762 0.011258681725621332 -0.014974889854028851 0.0034164789246059974 0.00039224623433380996 -0.0014696121478806308 -0.0012769991335012333
leaf_weight=2.4614135902374974 294.15020012017339 22.603345837444071 4.0708467597141862 73.564188686199486 5.4683311674743882 20.055231893435121 21.901213535107672 3.3358897361904374 217.04733927175403 821.02020058128983 24.18947621062398 656.02985774725676
leaf_count=37 4855 330 97 922 59 230 384 88 3686 17410 498 14090
internal_value=0.000374886 0.0029426 -0.00842696 0.00380057 0.0112704 0.00121499 0.000203228 0.00135788 0.00155163 -0.000178258 0.00448336 -0.00033973
internal_weight=2165.9 128.223 6.53226 121.691 28.0717 93.6194 2037.67 514.533 511.198 1523.14 46.0907 1477.05
internal_count=42686 1675 134 1541 389 1152 41011 8629 8541 32382 882 31500
is_linear=0
shrinkage=0.03


Tree=245
num_leaves=15
num_cat=0
split_feature=16 12 22 7 23 21 4 2 8 21 4 2 10 19
split_gain=2.78125 2.83052 3.07173 3.14436 2.81146 1.93478 3.73315 1.53329 1.44335 3.0253 2.65977 1.49179 1.15793 3.65086
threshold=0.97979591836734703 3.9683632740970327 1.0000000180025095e-35 0.35124716553287988 0.062064651745643136 0.0091971234596808348 0.33722717079446823 -0.043457880684719986 3.1564045971918957 0.011088361322112383 0.43171766133288386 -2.4664925740459522 2.3912285849922186 0.0076977191262629684
decision_type=2 2 2 2 2 2 2 2 2 2 2 2 2 2
left_child=8 2 3 -2 -4 7 -7 -3 12 10 -10 -11 -1 -14
right_child=1 5 4 -5 -6 6 -8 -9 9 11 -12 -13 13 -15
leaf_value=0.00053616136787578523 -0.0091738195732073233 0.0036635000302372364 -0.013224652211490119 0.014430306584968028 0.00047766711988962669 -0.0023962393390609339 0.017114329571776069 -0.010561878395869103 0.021929319331228353 0.0050651255394059186 0 -0.01450072485639935 -0.0081964260174686131 0.0094728617877968494
leaf_weight=1941.506539484486 6.8587663248181334 8.4181364802643674 52.885775475762784 9.1033982839435321 14.941649501211939 17.096357340924445 13.443634640425442 14.13889144733548 11.187285304069524 4.0885684676468372 5.9820879958569995 4.9331333041191083 41.119054100476205 11.438756254501639
leaf_count=39937 79 117 709 101 185 228 117 156 76 28 38 44 698 139
internal_value=0.00022406 -0.00387034 -0.00727123 0.00356064 -0.0100641 0.00129332 0.00625532 -0.00477624 0.000512456 0.00728606 0.0143509 -0.00496258 0.000408762 -0.00386963
internal_weight=2157.14 136.887 83.7896 15.9622 67.8274 53.097 30.54 22.557 2020.26 26.1911 17.1694 9.0217 1994.06 52.5578
internal_count=42652 1692 1074 180 894 618 345 273 40960 186 114 72 40774 837
is_linear=0
shrinkage=0.03


Tree=246
num_leaves=11
num_cat=0
split_feature=6 23 1 23 8 18 10 7 21 23
split_gain=0.848651 0.856709 0.820392 1.57971 3.47321 3.06243 1.42954 1.38691 0.96743 0.511641
threshold=-5.6538125656017995 0.010692515375035351 0.35777777777777781 -0.0059153573492063951 1.0370491807226896 -0.079961185203363747 -2.0586291658019014 0.87877551020408173 0.0096535746888395026 -0.024840015920523536
decision_type=2 2 2 2 2 2 2 2 2 2
left_child=1 9 6 4 -4 -5 8 -8 -2 -1
right_child=2 -3 3 5 -6 -7 7 -9 -10 -11
leaf_value=-0.0076215322177264049 0 -0.01604108836483947 -0.00022643210321672043 -0.0097289237379370921 -0.0068429863881584539 0.00085594976668538537 0.0014932296753703198 -0.0039730114199412522 -0.01897200550932272 0.005562893361533915
leaf_weight=2.6878321003168821 4.2717588236555448 3.7415370168164372 346.15402875933796 23.160217176191509 89.789070161059499 873.78837103769183 765.7978520616889 40.944440477527678 3.2638493869453669 4.0806818474084121
leaf_count=38 59 83 9155 538 1011 17465 13552 637 62 52
internal_value=0.000234279 -0.00751418 0.000286143 -0.000162632 -0.00164849 0.000544913 0.00103772 0.00118812 -0.0103626 0
internal_weight=2157.68 10.5101 2147.17 1332.89 435.943 896.949 814.278 806.742 7.53561 6.76851
internal_count=42652 173 42479 28169 10166 18003 14310 14189 121 90
is_linear=0
shrinkage=0.03


Tree=247
num_leaves=14
num_cat=0
split_feature=0 18 10 7 12 6 4 17 21 10 11 2 9
split_gain=1.05724 1.58157 1.41516 2.16008 2.06008 3.88673 1.83908 1.52244 1.38317 1.32694 1.07376 0.893278 0.581304
threshold=-0.39258026895938442 -0.12034497464748843 -1.6171927947338154 0.30861678004535154 1.1593454771519422 0.35142350709609799 0.58563694731960247 0.0098691045479241141 0.0082119603222016429 -2.0586291658019014 0.62111111111111128 -1.2468021665932711 0.49489795918367352
decision_type=2 2 2 2 2 2 2 2 2 2 2 2 2
left_child=1 12 3 8 6 -6 -4 -5 -2 11 -11 -3 -1
right_child=2 9 4 7 5 -7 -8 -9 -10 10 -12 -13 -14
leaf_value=0 -0.00094052109506496116 0.000763823900094445 -0.00101063652810661 0.0061645021352650063 -0.0072472132856820559 0.0016626431513205107 0.0014434132999174361 -0.005986419045157009 0.018537352866070014 0.0019834742842382387 -0.00022062723169405745 -0.015828249256147675 0.017764261160575532
leaf_weight=1.9342289529740799 2.3113910323008886 2.013657420873642 659.67027864884585 17.634209312498569 101.29870895389467 71.804434134624898 468.06468094140291 15.416655417531727 10.444067990407346 477.13547374680638 320.30418749898672 5.0621859943494192 5.0387927480041981
leaf_count=66 40 26 15711 315 1391 882 9762 269 124 8439 5471 93 63
internal_value=0.000241297 0.00109893 -0.000265252 0.00477754 -0.000461399 -0.0034889 0 5.05473e-05 0.0143422 0.00093678 0.00108106 -0.0103259 0.0137564
internal_weight=2158.13 811.489 1346.64 45.8063 1300.84 173.103 1127.73 33.0509 12.7555 804.516 797.44 7.07584 6.97302
internal_count=42652 14158 28494 748 27746 2273 25473 584 164 14029 13910 119 129
is_linear=0
shrinkage=0.03


Tree=248
num_leaves=15
num_cat=0
split_feature=0 19 21 0 19 19 6 19 23 0 4 2 0 2
split_gain=0.912875 1.51577 1.3248 1.34753 2.12773 1.58801 1.24066 1.18064 2.29474 1.06578 1.00667 0.918243 0.815153 0.337901
threshold=-0.39258026895938442 0.001597756670429469 0.027875925971240917 0.24424486228558351 0.0046137422758355711 0.007958393091731757 -0.30756407274734715 0.0024546792548931938 0.040631213741467061 -0.11432519817394558 0.70859656235017188 -0.76316606702542888 -0.57991224178956391 -0.99818047482204164
decision_type=2 2 2 2 2 2 2 2 2 2 2 2 2 2
left_child=1 12 3 4 -2 -5 11 8 -3 -8 -9 -4 13 -1
right_child=2 7 6 5 -6 -7 9 10 -10 -11 -12 -13 -14 -15
leaf_value=0 -0.0040869210961454426 -0.014473851018572776 -0.0072273038231134134 0.00021626249305347378 0 0.0044957035464146342 0.00047814867231035796 0.001346735637755909 0.0061216404253410109 -0.013188797133031045 -0.0024821558005586344 0.0084432485950968576 0 0.014731596052465752
leaf_weight=2.0803817976266155 160.67517973575741 10.379771329462526 3.1745060961693525 680.46812564134598 386.29753028322011 87.705409583635628 4.0678039016202119 717.16203652741387 5.3355208877474061 16.998266448266804 63.288067057728767 6.128082539886238 3.903046177700161 10.668560925871134
leaf_count=43 3668 166 52 13558 8815 1668 101 12651 85 503 991 129 63 159
internal_value=0.000248433 0.00104424 -0.000222013 -6.28116e-05 -0.00120883 0.000734745 -0.0062231 0.000823374 -0.00673303 -0.0100868 0.00101152 0.00143593 0.00957935 0.0128759
internal_weight=2158.33 812.817 1345.51 1315.15 546.973 768.174 30.3687 796.165 15.7153 21.0661 780.45 9.30259 16.652 12.7489
internal_count=42652 14158 28494 27709 12483 15226 785 13893 251 604 13642 181 265 202
is_linear=0
shrinkage=0.03


Tree=249
num_leaves=11
num_cat=0
split_feature=6 2 10 8 6 12 12 23 10 2
split_gain=0.848955 0.828283 1.86973 2.59206 1.29904 0.733849 0.661669 3.0316 0.89586 0.310745
threshold=-5.6538125656017995 -2.8204621117457882 -0.46678927821914651 3.1564045971918957 -0.62692875978881946 0.27087637938828607 -0.73679380611816037 -0.038836203262905981 1.259961195871558 -0.47171978553821803
decision_type=2 2 2 2 2 2 2 2 2 2
left_child=5 2 4 -4 -2 9 7 -3 -8 -1
right_child=1 6 3 -5 -6 -7 8 -9 -10 -11
leaf_value=-0.0039915998938442063 0.024347404092410107 -0.0093766415137433671 -0.017369234890289555 0.010053388631373452 0 -0.012688401257102973 -6.0961559624593805e-05 0.0072308108629416919 0.0018096457048332466 0.0073272466378159458
leaf_weight=1.917375563643873 4.1275321245193481 10.218456628732381 3.7540356852114183 4.3445437848567963 4.1869962383061665 6.4431141670793295 1818.5395528562367 42.691450977697968 259.91202219296247 2.0465940330177528
leaf_count=46 28 298 46 42 36 103 37159 695 4175 24
internal_value=0.000271595 0.000323201 0.0066929 -0.00209525 0.0154536 -0.00750505 0.00026089 0.00352554 0.000167264 0
internal_weight=2158.18 2147.77 16.4131 8.09858 8.31453 10.4071 2131.36 52.9099 2078.45 3.96397
internal_count=42652 42479 152 88 64 173 42327 993 41334 70
is_linear=0
shrinkage=0.03


Tree=250
num_leaves=15
num_cat=0
split_feature=7 5 1 20 13 5 12 11 8 2 17 21 8 11
split_gain=1.70881 2.51322 1.99237 3.17685 2.66906 1.81838 2.47632 1.74246 2.09558 2.0351 1.47376 1.95554 1.6266 1.00844
threshold=0.63632653061224509 0.79795918367346952 0.20204081632653065 0.016562147148228682 0.93938775510204098 0.1705215419501134 2.2133228820753392 0.14920634920634923 0.27827380024068066 1.109726480028294 -0.015445010803250612 0.007569570985329897 0.87210436762179089 0.12789115646258506
decision_type=2 2 2 2 2 2 2 2 2 2 2 2 2 2
left_child=1 2 4 -4 -1 6 13 8 -3 -9 11 -7 -12 -2
right_child=5 7 3 -5 -6 10 -8 9 -10 -11 12 -13 -14 -15
leaf_value=0.00076586863480972926 0 0.01786838537003561 -0.0025406465683533151 0.0012784895506493337 0.0068044638143064341 0.0039606420363625565 -0.010110646594048022 -0.00072270539273849876 0 0.0077922264467525483 -0.0016255660298497576 -0.0052743706705051119 0.0016629785192197751 0.014044799807483792
leaf_weight=376.33699566777796 4.028229125775403 15.735307903960349 385.17756695952266 390.13431889750063 80.308477602899075 20.921143889427185 3.9588136803358784 58.670182808302343 10.967772904783486 38.701766011305153 435.63771089632064 134.11781098041683 190.60799391660839 16.727290333248675
leaf_count=6489 72 207 8703 8215 868 420 54 1359 110 522 10514 2917 1913 330
internal_value=8.00959e-05 0.00073638 0.000309962 -0.000601228 0.0018856 -0.00100458 0.00660926 0.00477928 0.0114704 0.00259943 -0.00128084 -0.0038981 -0.000598661 0.0110659
internal_weight=2162.03 1356.03 1231.96 775.312 456.645 805.999 24.7143 124.075 26.7031 97.3719 781.285 155.039 626.246 20.7555
internal_count=42693 26473 24275 16918 7357 16220 456 2198 317 1881 15764 3337 12427 402
is_linear=0
shrinkage=0.03


Tree=251
num_leaves=15
num_cat=0
split_feature=0 23 14 11 23 18 4 16 15 16 16 4 4 6
split_gain=1.67305 2.13778 4.14884 2.32357 2.04798 3.64826 2.38764 1.8874 1.75535 1.6517 1.63143 2.67126 2.63485 1.16681
threshold=-0.32951744947171197 0.069976859275663009 0.91666666666666685 0.28730158730158734 -0.016048729264473312 -0.079961185203363747 0.29507369197136618 0.94777777777777794 0.35416666666666669 0.55328798185941053 0.90555555555555567 0.58563694731960247 2.0898683336899562 0.056478144289038155
decision_type=2 2 2 2 2 2 2 2 2 2 2 2 2 2
left_child=1 4 7 -4 6 -6 -1 -3 9 -2 11 -10 -12 -11
right_child=8 2 3 -5 5 -7 -8 -9 10 13 12 -13 -14 -15
leaf_value=0.0012575591002996736 -0.001652100834497711 -0.0030700369869529195 0.00079795022136518537 0.013235437493527827 0.011018732744945031 -0.0012857102394955948 0.0091420611789836039 0.013730234231979483 -0.0017860679710205633 0.001307654014921104 -0.0047134803107645598 0.0013550627767129927 0.0075652561231570091 0.0094224449614905056
leaf_weight=227.65450346376747 40.18073414079845 52.898546363227069 22.742200380191207 46.957783546298742 20.61198163498193 459.4022819455713 40.684010751545429 4.6162289585918179 573.32623158022761 37.780918278731406 166.30628394987434 416.64027309603989 14.691878210753201 35.501127095893025
leaf_count=3633 956 1152 391 757 365 8407 607 56 13740 649 2266 8885 130 699
internal_value=8.94264e-05 0.0011053 0.0046823 0.00952191 0.00046638 -0.000682706 0.00256724 -0.00105349 -0.000592053 0.0029073 -0.000948296 -0.000448894 -0.00356304 0.00558396
internal_weight=2159.99 875.568 127.215 69.7 748.353 480.014 268.339 57.5148 1284.43 113.463 1170.96 989.967 180.998 73.282
internal_count=42693 15368 2356 1148 13012 8772 4240 1208 27325 2304 25021 22625 2396 1348
is_linear=0
shrinkage=0.03


Tree=252
num_leaves=15
num_cat=0
split_feature=0 23 12 13 23 2 10 15 2 12 2 10 6 9
split_gain=1.57083 1.97383 3.96388 4.30902 1.92815 2.37588 1.62702 1.54026 1.56433 2.61235 2.02672 1.52042 1.19619 1.91203
threshold=-0.32951744947171197 0.069976859275663009 -0.43068817700698986 0.92666666666666686 -0.016048729264473312 0.26048879955186732 -0.47535070374708183 0.35416666666666669 -2.0918429289774978 2.8006303217971742 -0.52842461328356782 -1.1064439164209718 0.074964186054378226 0.23224489795918371
decision_type=2 2 2 2 2 2 2 2 2 2 2 2 2 2
left_child=1 4 11 -4 5 -1 -6 12 9 -9 -10 -3 -2 -14
right_child=7 2 3 -5 6 -7 -8 8 10 -11 -12 -13 13 -15
leaf_value=0.00096123598026238695 0 -0.0036040590464823771 -0.0035778253406605278 0.013902791068617961 -0.0029420988650058532 0.0080696766060610031 0.000627744988007007 0.014811857703195517 -0.0039531652488408627 -0.0091226203731565921 -0.00050451269769648407 0.012041259277298053 -0.0036962081374143627 0.0088960433678484802
leaf_weight=215.81779309827834 61.511335182934999 3.7903622072190037 60.611280878074467 13.917419064790009 179.23802132532001 53.132547033950686 300.55663786455989 11.601068725809453 184.18955682870001 3.4846438709646455 969.70619749138132 49.476486566476524 11.280333007685838 41.503947122953832
leaf_count=3395 1181 73 1323 156 3100 845 5672 108 4346 33 20534 804 380 743
internal_value=6.5915e-05 0.00104974 0.00447825 0 0.000434214 0.00247011 -0.000681394 -0.000595004 -0.000930718 0.00798461 -0.00107387 0.0105664 0.00266655 0.0058945
internal_weight=2159.82 876.541 127.796 74.5287 748.745 268.95 479.795 1283.28 1168.98 15.0857 1153.9 53.2668 114.296 52.7843
internal_count=42693 15368 2356 1479 13012 4240 8772 27325 25021 141 24880 877 2304 1123
is_linear=0
shrinkage=0.03


Tree=253
num_leaves=15
num_cat=0
split_feature=0 21 4 2 20 15 16 16 4 21 21 8 2 4
split_gain=1.50966 1.88577 1.76769 1.64168 2.11335 1.5888 1.4664 1.81385 2.56579 1.59235 1.47622 1.89586 1.13209 0.0216689
threshold=-0.32951744947171197 0.039347721591270805 0.6204320382832833 -2.0918429289774978 0.028628641226088439 0.35416666666666669 0.06394557823129253 0.90555555555555567 -0.74844019432725972 0.011952417332707729 0.013082309488068667 -0.84393052721163841 -0.85449567491943168 1.109468270432836
decision_type=2 2 2 2 2 2 2 2 2 2 2 2 2 2
left_child=6 3 -3 4 -2 -5 10 9 -9 -8 12 -12 -1 -4
right_child=1 2 13 5 -6 -7 7 8 -10 -11 11 -13 -14 -15
leaf_value=0.014680299479948802 0 -0.021102017888415793 0.0026710116346863057 0.0027356967238668555 0.020549914272238148 -0.00095474561248947646 -0.00087914100140433992 -0.00070433838589500258 0.0071589656913621617 0.002360199333487661 0.0098707614195742196 -0.013389739675065728 0.0037733610612234194 0
leaf_weight=14.309702873229979 11.684571871533992 5.7358207488432509 1.6472961753606798 112.01847254764289 5.5520706307142964 1142.9597778059542 489.88547899294645 61.209560648538172 81.539477008394897 187.02021198160946 2.7850629389286041 5.9135537883266789 35.218383315950632 1.5225377529859541
leaf_count=197 124 162 36 2250 45 24662 9449 721 881 3395 46 124 555 46
internal_value=6.34256e-05 -0.000585528 -0.0130608 -0.000466065 0.00818016 -0.000609577 0.00102669 0.000672088 0.00372048 0 0.00558127 -0.00408728 0.00766319 0.00112292
internal_weight=2159 1281.12 8.90565 1272.21 17.2366 1254.98 877.881 819.655 142.749 676.906 58.2267 8.69862 49.5281 3.16983
internal_count=42693 27325 244 27081 169 26912 15368 14446 1602 12844 922 170 752 82
is_linear=0
shrinkage=0.03


Tree=254
num_leaves=15
num_cat=0
split_feature=7 4 15 11 5 10 13 8 12 9 4 12 17 1
split_gain=1.49575 2.51099 2.15144 1.72738 2.00539 1.23404 1.34001 1.18563 3.37124 2.49521 1.09249 0.930764 0.766998 0.918823
threshold=0.63632653061224509 1.0274123820400973 0.29166666666666669 0.085260770975056702 0.24222222222222226 -0.92420396046557163 0.10657596371882087 2.6236473837349648 1.1119733940800434 0.9900000000000001 1.3671043258920308 -0.41851816356446886 0.026097850287892025 0.53197278911564638
decision_type=2 2 2 2 2 2 2 2 2 2 2 2 2 2
left_child=1 7 12 11 -5 10 -7 9 -9 -1 -3 -4 13 -2
right_child=2 5 3 4 -6 6 -8 8 -10 -11 -12 -13 -14 -15
leaf_value=0.0002838393062039638 0.015582950624836344 0.018255495224297629 -0.011386749496421321 0.0058528609837111027 -0.0011188397225474133 0.0138987081249761 0.00078765917143894216 0.018889741170062996 0.00073090725627336086 -0.016929255529719446 0.00055884589601730103 -0.0026793578070693522 -0.0013638760680128102 0
leaf_weight=1217.968053791672 10.602670347318051 10.765766791999342 19.368588402867317 36.750000805594027 691.32017155364156 7.0990703217685214 46.299916532821953 9.8545374833047372 51.181638207286596 5.6093927789479485 6.7781879212707272 40.591438820585608 2.0091968383640042 2.2731476929038754
leaf_count=24618 144 116 408 748 14120 116 916 68 494 64 81 706 41 53
internal_value=9.17229e-05 0.000705469 -0.000925003 -0.00116622 -0.000731321 0.00613439 0.0032403 0.000384928 0.00440699 0.00016519 0.0129427 -0.00601092 0.00958265 0.0122529
internal_weight=2158.47 1355.56 802.915 788.03 728.07 70.9429 53.399 1284.61 61.0362 1223.58 17.544 59.96 14.885 12.8758
internal_count=42693 26473 16220 15982 14868 1229 1032 25244 562 24682 197 1114 238 197
is_linear=0
shrinkage=0.03


Tree=255
num_leaves=15
num_cat=0
split_feature=2 19 19 7 10 15 6 19 2 19 0 10 20 10
split_gain=1.45856 1.52622 2.66148 2.76703 2.17929 2.15562 1.70785 1.44506 1.36293 1.91086 2.40183 1.87709 1.57457 2.08884
threshold=1.4615370804366308 0.0063708426165451941 0.003926486028400315 0.93938775510204098 -1.4817647410732435 0.55000000000000016 0.30594301879774372 0.0083377806787460953 0.55227576174081794 0.0050415936606048395 -0.80062762082279759 -0.99967861323833096 0.020782946806938932 2.8976311176554082
decision_type=2 2 2 2 2 2 2 2 2 2 2 2 2 2
left_child=8 2 3 -2 -4 7 -7 -3 12 11 -11 -10 -1 -14
right_child=1 5 4 -5 -6 6 -8 -9 9 10 -12 -13 13 -15
leaf_value=-0.00060955935992352617 0.010371419283855265 0.019528180688611729 0.010074647062917762 -0.0040537033139222186 -0.0038248828901529292 -0.0017886402495256046 0.0067507971329020229 0 0.0074934468832795883 0.0045209470590699486 -0.0048363190911954413 -0.00079144971579746151 0.0015117009116229665 -0.013047748860105702
leaf_weight=836.399239837192 35.823686774820089 12.067725131288173 8.9599624276161176 14.4200287675485 94.606772503815591 35.694032419472933 41.349435582756996 5.9229872878640881 27.842674768529832 25.159152710810304 186.77644480019808 129.44526353664696 692.33665228262544 6.8085573464632025
leaf_count=17371 390 124 87 189 1176 426 550 74 410 363 4291 2798 14214 116
internal_value=0.000146097 0.00229979 0.000331374 0.00594757 -0.0023122 0.00525854 0.00265958 0.0142584 -0.000129519 -0.00176607 -0.00362351 0.000656623 0.000256021 0.00131171
internal_weight=2153.61 248.845 153.81 50.2437 103.567 95.0342 77.0435 17.9907 1904.77 369.224 211.936 157.288 1535.54 699.145
internal_count=42579 3016 1842 579 1263 1174 976 198 39563 7862 4654 3208 31701 14330
is_linear=0
shrinkage=0.03


Tree=256
num_leaves=15
num_cat=0
split_feature=13 20 17 19 19 1 12 7 12 12 7 12 9 21
split_gain=1.13451 4.45638 2.72853 2.71049 3.1418 2.65649 1.72455 1.45412 1.04345 1.20941 2.85532 1.89913 1.0067 0.202643
threshold=0.93938775510204098 0.038900067052438321 -0.0039235323292365334 0.0051795947737093674 0.0038047855041301302 0.1918367346938776 4.4471173966164477 0.9900000000000001 1.6723811697976856 1.5375482304615888 0.39387755102040822 1.4148504801842436 0.84222222222222232 0.011353503076680503
decision_type=2 2 2 2 2 2 2 2 2 2 2 2 2 2
left_child=8 3 6 4 -2 -5 -3 -4 9 11 -11 -1 13 -10
right_child=1 2 7 5 -6 -7 -8 -9 12 10 -12 -13 -14 -15
leaf_value=-1.8251057329223114e-05 -0.0022952969091016252 -0.0087892855514359429 0.012272993200332047 0.0023092089879213416 0.0083270578887633916 -0.0066999454858503033 0.010979792855955002 -0.0021563792920785436 0.0056252465309726664 0.017807636078397603 -0.0098457337312624314 -0.011043079939250459 -0.015828788282725981 -0.0034648540701081934
leaf_weight=1832.3498553195968 42.554349318146706 11.088574727997182 55.653330989181995 43.111793022602797 51.700467966496944 75.362385679967701 3.3486703839153042 4.5153098348528138 2.5137238614261137 8.0235207676887494 2.7429132834076873 12.197898345068095 5.4316634107381105 1.2943392861634491
leaf_count=38704 494 160 646 443 563 1026 29 59 56 70 53 167 73 36
internal_value=0.000160566 0.00191117 0.00812232 -0.000252643 0.00342738 -0.00331317 -0.00251331 0.0109143 -0.000102932 -3.95569e-05 0.00914882 -0.000111163 -0.00922245 0
internal_weight=2151.89 287.335 74.6059 212.729 94.2548 118.474 14.4372 60.1686 1864.55 1855.31 10.7664 1844.55 9.23973 3.80806
internal_count=42579 3420 894 2526 1057 1469 189 705 39159 38994 123 38871 165 92
is_linear=0
shrinkage=0.03


Tree=257
num_leaves=15
num_cat=0
split_feature=2 19 19 20 15 11 11 7 2 11 10 8 20 10
split_gain=1.51421 1.57501 2.2803 2.50762 1.99834 1.95993 1.84525 1.67306 1.40847 2.45462 2.19637 2.14202 1.64013 1.75893
threshold=1.4615370804366308 0.0063708426165451941 0.003926486028400315 -0.036787254348799585 0.55000000000000016 0.69693877551020422 0.06394557823129253 0.92666666666666686 0.55227576174081794 0.92666666666666686 -0.95929769474770321 0.89291681819755808 0.020782946806938932 2.8976311176554082
decision_type=2 2 2 2 2 2 2 2 2 2 2 2 2 2
left_child=8 2 3 -2 5 -3 -4 -6 12 10 -10 -11 -1 -14
right_child=1 4 6 -5 7 -7 -8 -9 9 11 -12 -13 13 -15
leaf_value=-0.00061516914912708605 -0.011136484728611416 0.0021992795597697954 0.0084365619391176538 0.0079887428233032451 -0.00013962199120582018 0.023432267336246291 -0.003609329454182633 0.0086366065793543872 0.0017724717240755361 0 -0.0039663646410640916 0.013878870989536664 0.0015287842058680139 -0.011875417904451379
leaf_weight=835.84909077733755 4.7148052286356679 9.9152656476944703 10.526598301716147 45.465516759082675 51.202076875604689 8.303341940045355 92.753057676367462 26.701151465065777 72.759314897470176 23.863079147413373 257.18575865775347 13.501421066001056 693.1774384835735 6.7128307437524191
leaf_count=17371 68 130 106 511 639 68 1157 337 1186 597 5970 109 14214 116
internal_value=0.000159492 0.00234987 0.000341547 0.00554635 0.00533101 0.013979 -0.00210215 0.00282157 -0.000122065 -0.00179099 -0.0026526 0.00518457 0.000269154 0.00134538
internal_weight=2152.63 249.582 153.46 50.1803 96.1218 18.2186 103.28 77.9032 1903.05 367.31 329.945 37.3645 1535.74 699.89
internal_count=42579 3016 1842 579 1174 198 1263 976 39563 7862 7156 706 31701 14330
is_linear=0
shrinkage=0.03


Tree=258
num_leaves=15
num_cat=0
split_feature=13 20 11 6 17 16 11 13 23 11 0 16 6 12
split_gain=1.02545 3.53348 3.21478 2.36859 3.90776 1.93175 1.1912 1.10976 3.17826 2.241 1.76837 1.16252 2.2697 0.998437
threshold=0.93938775510204098 0.038060123721557988 0.97979591836734703 2.3601270466927353 -0.0056726743768749635 0.94777777777777794 0.69693877551020422 0.10657596371882087 0.07209441245837446 0.24222222222222226 -0.32951744947171197 0.1705215419501134 0.051824329355216657 2.6052339681885965
decision_type=2 2 2 2 2 2 2 2 2 2 2 2 2 2
left_child=7 2 5 4 -3 -2 -5 8 9 -1 -10 12 -9 -4
right_child=1 3 13 6 -6 -7 -8 11 10 -11 -12 -13 -14 -15
leaf_value=0.0052389769221830741 0.002386212625392833 -0.005643823287106926 2.3471258381334004e-05 0.0037553446959309386 0.012487918708279182 -0.0037186777252939387 -0.01217848833950429 -0.0066290378795776598 0.014709330599633825 -0.0019755192450888193 0.0018294786791646788 -0.00012382769926157772 0.00085472116734155014 0.016579435977055416
leaf_weight=52.202356537804008 70.286142432130873 10.601769836619495 7.0175848212093141 5.4586199279874545 56.729098186828196 121.55096920952201 6.006125065498054 71.981538417749107 21.813800495117903 133.60406688693911 22.269464459270239 1496.4195742947049 65.057786826975644 10.428643487393854
leaf_count=823 849 146 73 76 638 1458 81 1652 241 2824 325 31802 1492 99
internal_value=0.000155199 0.00181711 -0.000168894 0.00715125 0.00933613 -0.00140301 -0.00404707 -9.5368e-05 0.00183605 5.73171e-06 0.00889012 -0.000378277 -0.00300714 0.0113786
internal_weight=2151.43 288.079 209.283 78.7956 67.3309 191.837 11.4647 1863.35 229.89 185.806 44.0833 1633.46 137.039 17.4462
internal_count=42579 3420 2479 941 784 2307 157 39159 4213 3647 566 34946 3144 172
is_linear=0
shrinkage=0.03


Tree=259
num_leaves=15
num_cat=0
split_feature=2 21 18 8 10 19 11 2 11 10 8 5 16 19
split_gain=1.29389 1.77179 3.75846 1.71106 1.38608 3.21637 2.98288 1.31156 2.15928 2.18817 1.72817 1.24984 1.97074 1.93168
threshold=1.4615370804366308 0.0082274774711554189 0.056294619725414836 -0.19587070072903043 2.8976311176554082 0.0050986683315357561 0.95959183673469395 0.55227576174081794 0.92666666666666686 -0.95929769474770321 0.89291681819755808 0.47469387755102049 0.97979591836734703 0.0026584448182732606
decision_type=2 2 2 2 2 2 2 2 2 2 2 2 2 2
left_child=7 2 3 -2 6 -6 -3 11 9 -9 -10 13 -13 -1
right_child=1 4 -4 -5 5 -7 -8 8 10 -11 -12 12 -14 -15
leaf_value=-0.0066682013841838179 0.015236280257068859 0.0045002833306696322 -0.019943452311514981 -0.00074305455717094994 -0.0042838872177620455 0.024687785651301756 -0.0068458242684876795 0.0018679570521199079 0 -0.00385593410392783 0.012548870727823038 0.0016625501155407795 -0.0074157598948887292 -9.2051171786054298e-05
leaf_weight=40.442948359064758 4.6101993694901457 148.45761461090297 6.9653948284685603 57.218903433531523 3.6818220010027272 6.4681750386953354 21.469463935121894 73.206740060821176 23.889477371238172 254.8722116984427 13.663285339251159 598.48809917457402 19.845459828153253 877.10653987107798
leaf_count=856 71 1836 90 661 45 51 262 1186 597 5970 109 12722 286 17837
internal_value=0.000160896 0.00218863 -0.00172455 0.000653495 0.00376848 0.0139687 0.00291655 -9.86362e-05 -0.00171409 -0.0025297 0.00479976 0.000277914 0.00132403 -0.000412094
internal_weight=2150.39 248.872 68.7945 61.8291 180.077 10.15 169.927 1901.51 365.632 328.079 37.5528 1535.88 618.334 917.549
internal_count=42579 3016 822 732 2194 96 2098 39563 7862 7156 706 31701 13008 18693
is_linear=0
shrinkage=0.03


Tree=260
num_leaves=15
num_cat=0
split_feature=6 12 23 4 4 12 7 17 7 6 12 11 12 19
split_gain=1.76742 3.25977 3.02184 2.20565 2.20191 1.83377 1.62144 1.34581 3.41826 3.38833 2.53028 2.13414 1.41415 1.21318
threshold=-0.0093574931461705858 -0.73679380611816037 -0.036654283413841075 0.67161744258183886 2.0898683336899562 -0.17655131072698813 0.23224489795918371 -0.015445010803250612 0.64222222222222236 -0.59439996244406457 -0.52821443550075176 0.085260770975056702 -0.54949835928250546 0.0083377806787460953
decision_type=2 2 2 2 2 2 2 2 2 2 2 2 2 2
left_child=7 2 -2 -4 6 -6 -3 8 9 -1 11 -9 -10 -12
right_child=1 4 3 -5 5 -7 -8 10 12 -11 13 -13 -14 -15
leaf_value=-0.0023960004922002867 -0.0045893014216967379 -0.0076667953858383505 0.020540877146250407 0 -0.0020731807703581141 0.010264504271279883 -0.0012006596689745441 -0.014013968015779242 0.0050671777671283539 0.006252634585215946 0.00085008662618033936 -0.0018047688705087959 -0.010319565659602013 0.0084472483858754541
leaf_weight=50.095166725106537 8.3152442043647188 35.472697839140892 14.150228194892408 6.5102923847734919 14.242463714443145 25.066730657592416 946.14091746881604 12.879797408357261 4.2288389066234258 162.4785498669371 676.15966179594398 154.60812731646001 21.024305495433509 18.098410962149501
leaf_count=640 245 729 196 115 327 260 20064 249 99 3084 12557 3322 489 330
internal_value=4.46055e-06 -0.000868024 0.00866689 0.0145982 -0.00116972 0.00554726 -0.00146469 0.00085121 0.00284608 0.00414125 0.00027798 -0.00298645 -0.00700977 0.00109337
internal_weight=2149.47 1049.9 28.9758 20.6605 1020.92 39.3092 981.614 1099.57 237.827 212.574 861.746 167.488 25.2531 694.258
internal_count=42706 21936 556 311 21380 587 20793 20770 4312 3724 16458 3571 588 12887
is_linear=0
shrinkage=0.03


Tree=261
num_leaves=15
num_cat=0
split_feature=12 23 2 3 12 12 11 17 19 0 11 20 0 12
split_gain=1.94031 1.6844 1.38115 1.73057 4.39161 1.85398 1.23588 2.57435 1.82751 1.19229 1.02126 0.64258 0.597703 0.103848
threshold=-0.73679380611816037 -0.050747355090956452 0.070366568892178336 0.30861678004535154 0.042127576853082722 -0.67094363537444868 0.79795918367346952 0.034551093974205867 0.0027653798327476205 0.9156186669255747 0.085260770975056702 0.036313934476504335 -0.74844824425888368 -0.74800933024280158
decision_type=2 2 2 2 2 2 2 2 2 2 2 2 2 2
left_child=1 12 3 5 -5 -2 8 -8 -4 10 -3 -11 -1 -14
right_child=2 9 6 4 -6 -7 7 -9 -10 11 -12 -13 13 -15
leaf_value=0.0030416154192291979 -0.0085170743159479999 -0.0037657194481413125 0.0037052365203378646 0.0001081229849406228 0.0065131571547663442 -9.1871825844118028e-05 0.0020818046866326483 -0.0062024348883831662 -0.0020879460183620899 0.0021040339456875378 0.01039531047125382 -0.013164350133151502 -0.011486088670269781 0
leaf_weight=1.6645604893565176 22.605877773836255 2.4595575407147399 49.472847132012248 352.43974359799176 133.27166630979627 633.06859242822975 216.30393223650753 37.480863776989281 647.39292751066387 2.643878946080803 41.952792979776859 1.7789257448166607 4.8373597646132103 1.1497185006737707
leaf_count=31 492 40 820 8361 2106 12158 3767 680 13295 59 661 31 173 32
internal_value=5.47778e-06 0.00540149 -0.000138076 0.000556639 0.00191582 -0.000430175 -0.00098734 0.000760751 -0.00164578 0.00757612 0.0091594 -0.00388868 -0.00561741 -0.0100617
internal_weight=2148.52 56.4868 2092.04 1141.39 485.711 655.674 950.651 253.785 696.866 48.8352 44.4124 4.4228 7.65164 5.98708
internal_count=42706 1027 41679 23117 10467 12650 18562 4447 14115 791 701 90 236 205
is_linear=0
shrinkage=0.03


Tree=262
num_leaves=15
num_cat=0
split_feature=13 9 18 18 17 9 1 4 7 17 18 15 19 19
split_gain=1.39466 2.61916 2.86284 2.30663 3.06155 2.09574 1.89844 1.81998 1.86594 2.74034 1.85755 1.7058 1.49037 1.46037
threshold=0.10657596371882087 0.51065759637188213 0.032729600328945792 0.04708286951789132 -0.024341371913578932 0.69693877551020422 0.28730158730158734 2.0898683336899562 0.6161224489795919 -0.0067568786698848351 0.015067993765241596 0.77500000000000013 0.0024195445814382201 0.0051795947737093674
decision_type=2 2 2 2 2 2 2 2 2 2 2 2 2 2
left_child=1 2 11 4 -3 -5 -4 8 12 -10 13 -1 -2 -9
right_child=7 3 6 5 -6 -7 -8 10 9 -11 -12 -13 -14 -15
leaf_value=0.0185990118040084 0.0060509914834966979 0.0075235089306782341 0.007205289132719719 -0.0039347379630840047 -0.0081128259621263427 0.012184382412772499 -0.0044287056921576409 -0.0029063012631731105 -0.0048106259431434503 -0.00049785769519706115 -0.00013150020453854151 0.005762621629618896 0.00010683737615055389 0.014742008888740853
leaf_weight=11.339079234749077 37.576327985152602 11.624137023463843 16.204695453867316 9.5230318792164343 51.640147924423218 14.918931972235439 37.735977374948561 2.9211576413363245 179.66310623381287 530.72265595477074 20.190015901811421 79.021185413002968 1126.7471214337274 18.247295687906444
leaf_count=207 677 175 282 188 886 191 876 54 4036 10878 323 1484 22197 252
internal_value=2.39324e-07 0.00219358 0.00468336 -0.00174865 -0.00486747 0.00551421 -0.000532866 -0.000259532 -0.00040713 -0.0016201 0.00579507 0.0079037 0.000321582 0.0116185
internal_weight=2148.07 232.007 144.301 87.7062 63.2643 24.442 53.9407 1916.07 1874.71 710.386 41.3585 90.3603 1164.32 21.1685
internal_count=42706 4289 2849 1440 1061 379 1158 38417 37788 14914 629 1691 22874 306
is_linear=0
shrinkage=0.03


Tree=263
num_leaves=15
num_cat=0
split_feature=13 0 15 18 6 4 16 18 21 10 15 14 6 10
split_gain=1.56794 2.40525 4.11435 1.79029 1.65931 2.34214 2.23132 1.52889 1.46092 1.47155 1.45015 1.44846 1.40347 1.36009
threshold=0.10657596371882087 -0.50623721816353151 0.91666666666666685 0.010720372669614344 -0.0093574931461705858 2.0898683336899562 0.1918367346938776 0.015067993765241596 0.0072793963440593752 0.73063116023036923 0.18333333333333338 0.29166666666666669 -0.38409870263309337 -1.1220991537392035
decision_type=2 2 2 2 2 2 2 2 2 2 2 2 2 2
left_child=1 8 11 -4 6 10 13 -7 -1 -10 -6 -3 -8 -2
right_child=4 2 3 -5 5 7 12 -9 9 -11 -12 -13 -14 -15
leaf_value=-0.0029045829512386119 -0.011710151624212104 -0.0022979278194033355 0.00210538455618433 -0.0050686582113078655 0.0059205101038568185 0.011407723963620955 -0.00051956307657159424 0 0.010246314886946216 0 -0.0017070575998770965 0.012747275572937637 0.0019062360374373 -0.001749618341809103
leaf_weight=9.6247032312676293 15.672646169550715 4.636557916179302 46.420691304840147 77.989628929644823 20.288234107196331 19.122897373512387 324.97763649048284 18.929101828485727 55.046070179902017 14.617244040593503 869.66733439918607 24.543931130319834 583.15086654946208 62.728663408197463
leaf_count=188 346 88 948 1611 252 271 5055 291 786 226 18904 442 11796 1502
internal_value=1.76045e-05 0.00233749 2.96712e-05 -0.00228222 -0.000258898 -0.00117369 0.000587084 0.00585463 0.00651278 0.00806795 -0.00150347 0.00988158 0.00102244 -0.00416908
internal_weight=2147.42 232.879 153.591 124.41 1914.54 928.008 986.53 38.052 79.288 69.6633 889.956 29.1805 908.129 78.4013
internal_count=42706 4289 3089 2559 38417 19718 18699 562 1200 1012 19156 530 16851 1848
is_linear=0
shrinkage=0.03


Tree=264
num_leaves=15
num_cat=0
split_feature=2 4 18 19 20 3 8 21 19 7 3 18 19 4
split_gain=1.19425 1.49397 2.15795 1.92862 1.40405 1.4734 2.0892 1.35523 1.32223 1.14838 1.04997 1.0323 0.929385 0.879805
threshold=0.070366568892178336 2.1863980316195808 -0.01762577792076447 0.0098998977377340574 0.069811407020031427 0.30861678004535154 0.03499972630158333 0.013738690501982403 0.010970833561143508 0.81816326530612249 0.9900000000000001 0.068911875297431271 0.0049629467295121358 -2.4027147145446919
decision_type=2 2 2 2 2 2 2 2 2 2 2 2 2 2
left_child=4 3 10 7 5 8 -7 -2 -1 -5 -3 -4 -6 -14
right_child=1 2 11 9 12 6 -8 -9 -10 -11 -12 -13 13 -15
leaf_value=-0.00075834390945605547 -0.0012324883143288213 0.018080758695071485 -0.004844384839299427 -0.015313388736891365 -0.0011777252497940679 0 0.0039802059901354169 0.0022332840596675629 0.0094318194366978855 0 0 0.0088208063667024224 -0.0057612441296253317 0.0077282025103186658
leaf_weight=626.71069880761206 807.8061463041231 9.769912410527466 15.209167027845981 11.486859762109818 13.189726537093518 277.61960510350764 197.82383585162461 111.63983349874616 9.5101345181465131 7.4356440398842087 2.8788625653833142 4.7919511403888455 2.033480303362011 49.354601182043552
leaf_count=11997 15695 139 267 275 288 7112 3092 2411 189 133 42 65 29 972
internal_value=0 -0.000778604 0.00527423 -0.00101593 0.000641556 0.000372785 0.00164077 -0.000791459 -0.000553441 -0.0100877 0.0140769 -0.000384405 0.0048928 0.00671762
internal_weight=2147.26 971.018 32.6499 938.368 1176.24 1111.66 475.443 919.446 636.221 18.9225 12.6488 20.0011 64.5778 51.3881
internal_count=42706 19027 513 18514 23679 22390 10204 18106 12186 408 181 332 1289 1001
is_linear=0
shrinkage=0.03


Tree=265
num_leaves=14
num_cat=0
split_feature=2 19 19 1 6 18 3 2 19 16 21 23 5
split_gain=1.04401 3.69379 3.44756 2.9219 2.39644 0.905665 0.90214 1.71936 1.53421 0.957701 1.99551 1.39054 0.51956
threshold=2.7679377406547556 0.006376190171605651 0.0082565247105030899 0.9900000000000001 -0.1195252908071938 0.056294619725414836 0.9900000000000001 1.9439722505994708 0.0072317540913596516 0.32326530612244903 0.007108309953295461 -0.060456056885456404 0.87877551020408173
decision_type=2 2 2 2 2 2 2 2 2 2 2 2 2
left_child=6 4 3 -3 -2 -6 9 12 -9 10 -1 -11 -8
right_child=1 2 -4 -5 5 -7 7 8 -10 11 -12 -13 -14
leaf_value=-0.0038916070271738843 0.0030863799428502581 0.019082753302348706 -0.013851181272743127 -0.0051529323471116856 -0.0093269673024111519 -0.027804013930609328 0 0.011214702074500572 -0.0024551613866315015 0.0026197378878030425 0.0014965601228422417 -0.00080645159680412502 -0.014804311404298566
leaf_weight=66.532538266852498 6.506792105734351 11.534083589911463 4.1618365831673136 4.3897847365587941 20.488823889754716 4.0527602098882189 2.3632915373891583 23.207217857241634 7.2881065476685754 112.38610643800348 552.38438779208809 1324.5505016380921 2.3963157758116722
leaf_count=1601 56 81 54 46 210 47 36 261 86 2214 11818 26037 52
internal_value=-0.000115181 -0.00426836 0.00498027 0.0117353 -0.0106446 -0.0148086 -2.47497e-06 0.00461654 0.00753609 -9.33834e-05 0.000882514 -0.000524788 -0.0085654
internal_weight=2142.24 51.1341 20.0857 15.9239 31.0484 24.5416 2091.11 35.2549 30.4953 2055.85 618.917 1436.94 4.75961
internal_count=42599 494 181 127 313 257 42105 435 347 41670 13419 28251 88
is_linear=0
shrinkage=0.03


Tree=266
num_leaves=15
num_cat=0
split_feature=12 8 18 18 1 10 8 21 7 10 1 10 21 21
split_gain=1.94277 2.03152 2.33155 1.55458 1.10342 0.576724 1.94865 1.52046 1.07459 0.573614 1.70276 1.29865 0.436456 0.315977
threshold=-0.73679380611816037 -0.73802594034177116 0.067636554711076893 0.023815485799260076 0.20704081632653062 -1.9110433274935918 1.4196136986580175 0.00944986792390963 0.87877551020408173 -0.89953656808264715 0.22111111111111112 -0.8775569257118857 0.015612540610008769 0.0092609690009392408
decision_type=2 2 2 2 2 2 2 2 2 2 2 2 2 2
left_child=1 3 4 12 -3 6 8 -8 -2 10 -7 -11 -1 -5
right_child=5 2 -4 13 -6 9 7 -9 -10 11 -12 -13 -14 -15
leaf_value=0.02004021156401414 -0.014916157800495706 0.0042370407452274241 0.014380057865938524 0.0063463932842480215 -0.0072181010089023478 -0.0028619280608008892 0.012051317128855151 -0.005484504433344954 0.0015613887704596474 -0.0082319992681833543 0.0018986120590114275 -0.00035660122754231562 0.0029574414928879326 -0.00438372155384223
leaf_weight=10.890004968270661 12.232335766777398 8.1283106394112128 6.4826952889561644 1.9039210826158512 20.19051400013268 83.331651587039232 6.6460755094885808 6.1691837180405855 2.2243194291368118 17.291781362146139 300.92254577297717 1655.5868461346254 4.9288685563951722 4.6161400908604264
leaf_count=144 327 118 98 27 395 1169 60 60 51 335 5047 34539 123 106
internal_value=-0.000119422 0.00523001 0.000128319 0.0118979 -0.0033728 -0.00027813 -0.00448564 0.00299642 -0.0115878 -0.000210763 0.000817905 -0.000456694 0.0164887 0
internal_weight=2141.55 57.1405 34.8015 22.3389 28.3188 2084.4 27.2719 12.8153 14.4567 2057.13 384.254 1672.88 15.8189 6.52006
internal_count=42599 1011 611 400 513 41588 498 120 378 41090 6216 34874 267 133
is_linear=0
shrinkage=0.03


Tree=267
num_leaves=15
num_cat=0
split_feature=13 8 18 1 6 9 19 19 8 18 8 23 4 19
split_gain=1.65426 2.75993 3.87834 2.10157 2.6773 1.83218 1.10519 0.99367 0.875213 1.86835 1.65003 1.78151 1.54971 1.17768
threshold=0.080816326530612256 -0.50429701900999591 0.032465131591025827 0.57460317460317467 0.29863982322912241 0.39387755102040822 0.0092023365403906474 0.0053836867069834453 -0.48169121743493271 -0.083170437402188976 -0.39757027238288545 -0.061567639559007008 -0.2357722925566621 0.0078247875062488013
decision_type=2 2 2 2 2 2 2 2 2 2 2 2 2 2
left_child=1 2 6 5 -5 -3 -1 -4 9 -2 13 -12 -11 -10
right_child=8 3 7 4 -6 -7 -8 -9 10 12 11 -13 -14 -15
leaf_value=0.012547594952767251 -0.012841263537995331 -0.0088302316085021142 -0.0074372745648012143 -0.010775595455371658 0.0044979647801727789 0.0044832565780727213 -0.00078512533552759823 0.0027455390889145697 0.0059280908997379747 -0.0038554301659941954 0.003328893228453532 -0.00058500256793922543 8.1189719509059481e-05 -0.0048957674869570386
leaf_weight=49.271600101143122 11.26072838436812 8.3657899219542724 13.556878652423622 28.676647596992552 12.553872487507759 63.033183040097356 3.6924925418570629 15.058106402866541 60.831786673516035 130.29780431836843 110.69303913041949 1367.4383911117911 259.22711892984807 7.4889145260676733
leaf_count=829 487 153 293 552 215 943 108 319 1445 4511 1887 23234 7398 225
internal_value=-0.000118582 0.00249699 0.0066404 -0.000436783 -0.00578518 0.00252085 0.0113504 -0.0017595 -0.000389437 -0.00163645 -5.48708e-05 -0.000277666 -0.00121028 0.00442284
internal_weight=2141.45 194.209 81.5791 112.629 41.2305 71.399 52.9641 28.615 1947.24 400.786 1546.45 1478.13 389.525 68.3207
internal_count=42599 3412 1549 1863 767 1096 937 612 39187 12396 26791 25121 11909 1670
is_linear=0
shrinkage=0.03


Tree=268
num_leaves=15
num_cat=0
split_feature=12 16 13 10 2 0 19 0 5 2 5 9 0 11
split_gain=2.2184 1.33653 1.39818 1.62272 1.04999 3.08321 3.28709 1.08173 1.76817 0.969204 0.802794 1.01448 0.730224 0.647534
threshold=-0.73679380611816037 0.040408163265306128 0.080816326530612256 1.5105400700099079 2.7679377406547556 2.4902484427957536 0.006190981103895544 2.7091756204965196 0.97979591836734703 2.2813953011387933 0.44948979591836741 0.51065759637188213 0.55676583550025815 0.83836734693877568
decision_type=2 2 2 2 2 2 2 2 2 2 2 2 2 2
left_child=1 10 3 -3 7 6 -6 9 -9 -2 11 -1 -12 -7
right_child=4 2 -4 -5 5 13 -8 8 -10 -11 12 -13 -14 -15
leaf_value=0.011110440836478216 -0.00037533425597461743 0.016018426816522751 -0.0019249909345353834 -0.0041060743773630639 -0.006958708173013156 0 0.010118794448604569 0.0082804764716651099 -0.0079409002033864334 0.0040917678536770211 -0.0070500705554639729 -0.0030360965213357786 0.0038005154674690608 -0.01959032161533374
leaf_weight=9.642619735561313 1956.9386458415538 20.075610835105188 4.3272959962487212 2.1327170711010686 22.896519267931581 2.9785456527024499 15.118916284292935 27.727040480822325 4.9957458283752194 42.288818749599159 12.218145105987789 4.1363636599853626 5.6224070815369478 9.5043063843622786
leaf_count=170 40282 306 108 42 210 36 125 301 82 429 212 77 96 123
internal_value=-0.000116741 0.005551 0.0103193 0.0132866 -0.000287391 -0.00448808 0 -0.00017131 0.00505724 -0.000269353 0.000727381 0.00606655 -0.0028361 -0.0162669
internal_weight=2140.6 58.1552 26.5356 22.2083 2082.45 50.4983 38.0154 2031.95 32.7228 1999.23 31.6195 13.779 17.8406 12.4829
internal_count=42599 1011 456 348 41588 494 335 41094 383 40711 555 247 308 159
is_linear=0
shrinkage=0.03


Tree=269
num_leaves=15
num_cat=0
split_feature=2 19 19 1 17 7 14 10 17 19 17 4 10 17
split_gain=1.03778 2.77524 3.09107 2.4263 1.28949 1.30818 0.962604 1.49584 1.53228 1.33261 0.886387 0.7759 1.47593 0.675256
threshold=2.7679377406547556 0.006376190171605651 0.0082565247105030899 0.9900000000000001 0.0019812247559570788 0.55328798185941053 0.55000000000000016 1.9265870639066713 0.023549356228136368 0.0048985038653485777 -0.006122925755421448 -1.557877730010687 1.6432104007571466 -0.036545774203093399
decision_type=2 2 2 2 2 2 2 2 2 2 2 2 2 2
left_child=6 4 3 -3 10 -6 7 8 -1 -9 -2 12 -8 -13
right_child=1 2 -4 -5 5 -7 11 9 -10 -11 -12 13 -14 -15
leaf_value=-0.00047527700500748105 -0.0085523041392487759 0.017239995515717234 -0.013891413900054144 -0.0047507227898078977 0 -0.017384457295191016 0.0050500394698428774 -0.0018987771849982328 -0.0041165709755251849 0.0095315992168695483 0.0073586319473987914 -0.0021095542931386063 -0.0076069336161177781 0.00042202395297963866
leaf_weight=443.06625682581216 3.8489219192415476 11.198245521634819 4.2083846013993016 4.4064409583806983 5.5988140217959907 16.20312931202352 63.677913380786777 11.559980656951668 139.54047398362309 20.111411700956523 4.8319581616669911 98.977915434166789 6.838080001063644 1306.0552052864805
leaf_count=9230 46 81 54 46 46 176 1015 174 3095 290 45 2214 106 25981
internal_value=-0.000121572 -0.00429668 0.00370692 0.010344 -0.00986853 -0.0134783 -9.90705e-06 -0.00101282 -0.00138416 0.00504909 0 0.000398266 0.00343987 0.00023028
internal_weight=2140.12 50.2959 19.8131 15.6047 30.4828 21.8019 2089.83 614.278 582.607 31.6714 8.68088 1475.55 70.516 1405.03
internal_count=42599 494 181 127 313 222 42105 12789 12325 464 91 29316 1121 28195
is_linear=0
shrinkage=0.03


Tree=270
num_leaves=14
num_cat=0
split_feature=12 18 7 1 19 12 3 10 5 3 21 12 7
split_gain=1.41632 1.60286 1.61373 3.42481 1.42862 1.20139 2.02907 5.41353 1.39902 0.991846 2.90863 0.742093 0.49454
threshold=-0.73679380611816037 0.074323886498635097 0.54551020408163275 0.1705215419501134 0.0070180110352356896 1.4148504801842436 0.72666666666666668 0.65322377640186191 0.30306122448979594 0.040408163265306128 0.0066320278544332242 1.0606604388239338 0.63632653061224509
decision_type=2 2 2 2 2 2 2 2 2 2 2 2 2
left_child=1 2 3 -1 -4 9 8 -8 -7 10 -2 -11 -3
right_child=5 12 4 -5 -6 6 7 -9 -10 11 -12 -13 -14
leaf_value=0.011712880890564921 -0.015574241936888609 0.020418995641739546 0.012235202318664666 -0.0091563918387308121 -0.0021086262194420315 -0.0023868338161553309 -0.0096092433321607051 0.0036754121141250474 0.003209957270007681 -0.00015035112149074792 0.0047285929742638035 0.002922550524243631 0
leaf_weight=8.037123594433071 4.6384954974055281 5.0210277214646331 16.223052220419053 20.404328133910894 6.3010066403076044 82.95521748252213 76.145521373488009 39.349461896345019 73.607303751632571 1655.238168311771 84.609873940236866 71.831425649113953 2.8836083672940731
leaf_count=98 111 71 276 392 151 992 928 394 1002 36064 1167 944 45
internal_value=0 0.00451252 0.00194239 -0.00238422 0.00776621 -0.000129766 -0.00198506 -0.00496994 0.000157176 0.000141758 0.00319078 -1.06367e-05 0.0158308
internal_weight=2147.25 58.8701 50.9655 28.4415 22.5241 2088.38 272.058 115.495 156.563 1816.32 89.2484 1727.07 7.90464
internal_count=42635 1033 917 490 427 41602 3316 1322 1994 38286 1278 37008 116
is_linear=0
shrinkage=0.03


Tree=271
num_leaves=15
num_cat=0
split_feature=16 10 12 17 16 0 2 8 0 5 18 8 18 14
split_gain=1.71565 2.19765 2.46099 1.34037 3.33523 1.66198 1.31101 1.51189 1.49869 1.23015 1.22468 1.79223 1.61279 0.731786
threshold=0.97979591836734703 2.7109934574966501 2.6052339681885965 0.058890626892361471 0.55328798185941053 -0.4190778027747229 -2.0918429289774978 3.8091541273775791 -0.49646501450080766 0.9191836734693879 0.072214816982619348 2.4988411460614226 0.022728602462396611 0.91666666666666685
decision_type=2 2 2 2 2 2 2 2 2 2 2 2 2 2
left_child=3 10 13 6 5 -5 8 -8 -1 -6 12 -12 -2 -3
right_child=1 2 -4 4 9 -7 7 -9 -10 -11 11 -13 -14 -15
leaf_value=0.00057543411910307885 -0.0017287068771432675 -0.013354126248388578 0.018752038303853913 0.019147595666264124 -0.0064435050143316196 0.0038964067311557009 1.3574209356748906e-06 -0.015468417433580376 0.011756809353485413 0.0092477775847960141 -0.0050229370855461499 0.013013971647123391 -0.0093638425985069097 0.0021496628760969533
leaf_weight=34.639915386214852 58.375170603394508 2.3737705666571838 6.3375749941915274 12.137319551780818 20.603275096043948 20.407652475871146 1898.9444174016826 3.6977367028594008 16.289344485849142 3.1234097061678758 8.4726376961916667 6.667448464781045 52.876250048168004 3.0039256624877453
leaf_count=337 742 34 59 161 403 422 39379 33 150 54 102 55 670 34
internal_value=0 -0.00320708 0.00792514 0.000226307 0.00471483 0.0107977 8.46574e-05 -3.70435e-05 0.00474422 -0.00323649 -0.00446314 0.00263677 -0.00559131 -0.00442565
internal_weight=2147.95 138.107 11.7153 2009.84 56.2717 32.545 1953.57 1902.64 50.9293 23.7267 126.392 15.1401 111.251 5.3777
internal_count=42635 1696 127 40939 1040 583 39899 39412 487 457 1569 157 1412 68
is_linear=0
shrinkage=0.03


Tree=272
num_leaves=15
num_cat=0
split_feature=12 8 17 7 23 0 7 16 10 12 21 8 17 11
split_gain=1.52165 2.36266 1.72672 1.50288 1.67797 1.33222 1.25883 1.22645 1.83837 1.88557 1.22884 1.17811 2.17113 0.931863
threshold=-0.73679380611816037 -0.73802594034177116 0.048438311680519493 0.53197278911564638 -0.038836203262905981 -0.81407213472379492 0.30861678004535154 0.97979591836734703 2.7109934574966501 2.6052339681885965 0.011930346318952489 3.1564045971918957 0.0019812247559570788 0.95959183673469395
decision_type=2 2 2 2 2 2 2 2 2 2 2 2 2 2
left_child=1 3 5 6 -5 -3 -1 11 10 -10 -9 13 -13 -2
right_child=7 2 -4 4 -6 -7 -8 8 9 -11 -12 12 -14 -15
leaf_value=0.012188474080468309 0.00014064036777655157 0.0064075061783144616 0.013373226085512228 0 0.021968803612821119 -0.0066574129150010859 -0.0068900806578730042 -0.0057839290592935381 -0.0033369156975553097 0.016741187696862666 0.00053013786630111046 -0.0043681684157072555 0.011961119947574539 -0.0025076135274525522
leaf_weight=3.2553106304258126 1799.7808097954839 6.7884413860738304 4.8978088051080695 3.5503446375951162 11.099572319537399 24.140930791385472 5.419400685466826 92.38976769335568 5.4227526178583485 6.3554685302078724 32.968800824135542 8.6726096197962779 17.676192086189985 125.93359412718564
leaf_count=45 37536 89 55 107 144 486 107 1151 68 59 418 69 126 2175
internal_value=0 0.00466897 0 0.0116878 0.0170004 -0.00311937 0 -0.000131967 -0.00285542 0.00726591 -0.00402333 5.44121e-05 0.00612829 -2.7185e-05
internal_weight=2148.35 59.1518 35.8272 23.3246 14.6499 30.9294 8.67471 2089.2 137.137 11.7782 125.359 1952.06 26.3488 1925.71
internal_count=42635 1033 630 403 251 575 152 41602 1696 127 1569 39906 195 39711
is_linear=0
shrinkage=0.03


Tree=273
num_leaves=15
num_cat=0
split_feature=12 8 21 21 21 2 12 13 21 8 0 12 12 8
split_gain=1.50612 2.12045 1.58683 2.5414 1.45604 1.02023 1.91164 3.36351 2.67143 1.44522 2.46579 1.91232 0.939493 0.403787
threshold=-0.73679380611816037 -0.73802594034177116 0.0086698011279367805 0.012371640072186234 0.0097388041139668292 0.38970895450453286 0.064572648220449766 0.67673469387755114 0.0067547801813923258 2.7796601802428795 -2.315089747011605 2.8006303217971742 -0.80134167966690173 -0.1570848882072757
decision_type=2 2 2 2 2 2 2 2 2 2 2 2 2 2
left_child=1 4 13 -4 -1 9 7 -7 -8 11 -11 -2 -6 -3
right_child=5 2 3 -5 12 6 8 -9 -10 10 -12 -13 -14 -15
leaf_value=0.020671646458513212 0.00032820470817916268 -0.013127367352003995 0.010482871453196709 -0.007562582056026365 -0.0050567187266974756 -0.0011016293520613137 0.0053757080732209179 0.0056230758368088487 -0.0039831597126310731 -0.0055907558772082932 0.0091870302672373318 -0.0066921191132364773 0.0083475042248269161 0
leaf_weight=8.0748901199549454 1305.2206225711852 5.9869040697813034 17.164656799286607 8.4284585071727616 4.2317852051928631 340.06207495182753 27.721660410985351 81.031064588576555 253.92881603259593 10.95388166233897 36.404014189727604 33.793375797569752 11.15463152527809 3.9848786853253824
leaf_count=105 27661 107 241 214 124 7749 335 1438 3522 116 356 425 174 68
internal_value=0 0.0046451 0 0.00387903 0.0112547 -0.000136132 -0.0010707 0.000177418 -0.00297772 0.000327649 0.00537699 0.000130127 0.00364054 -0.00919848
internal_weight=2148.14 59.0262 35.5649 25.5931 23.4613 2089.12 702.744 421.093 281.65 1386.37 47.3579 1339.01 15.3864 9.97178
internal_count=42635 1033 630 455 403 41602 13044 9187 3857 28558 472 28086 298 175
is_linear=0
shrinkage=0.03


Tree=274
num_leaves=15
num_cat=0
split_feature=12 6 23 16 0 8 0 4 18 9 6 16 11 23
split_gain=1.37846 2.32365 3.0937 2.35971 1.64862 1.02458 0.939791 0.887505 2.91087 1.09882 1.45474 1.20506 0.930954 0.641362
threshold=-0.73679380611816037 -0.164929264768753 -0.038836203262905981 0.021315192743764175 -0.81407213472379492 -0.73802594034177116 -0.74844824425888368 2.1863980316195808 -0.036345448516722716 0.23224489795918371 0.33330173748249275 0.95959183673469395 0.85857142857142865 0.07209441245837446
decision_type=2 2 2 2 2 2 2 2 2 2 2 2 2 2
left_child=1 3 6 13 -5 -4 -3 9 -9 10 -2 -11 -10 -1
right_child=7 2 5 4 -6 -7 -8 8 12 11 -12 -13 -14 -15
leaf_value=-0.018253595355826858 -0.0010788674873334603 0.0065932049502698542 0.019768126240972902 0.015129652620609276 -0.0032045698551752097 0.0059045644984022216 -0.010276689876119193 0.01700908988279853 -0.0064488993780789927 0.00034551803371623668 -0.0078598604772266295 -0.0021060514561701995 0.0048078392594939796 0
leaf_weight=6.015999253839257 253.70936315506697 1.6715832278132436 13.000973664224146 5.0470702797174463 8.0746767250820959 17.154247315600518 7.0631016753613931 9.5238784682005662 12.480104120448233 1571.1953137945384 31.824656561948359 201.44889427442104 9.2640167232602817 1.6578195597976444
leaf_count=127 7639 26 161 54 152 254 237 126 221 29823 1198 2459 136 22
internal_value=0 0.00442125 0.00869915 -0.00298218 0.0039238 0.0132059 -0.00502401 -0.000129028 0.0047128 -0.00021437 -0.00193624 5.6402e-05 -0.00102026 -0.0147114
internal_weight=2149.13 59.6855 38.8899 20.7956 13.1217 30.1552 8.73468 2089.45 31.268 2058.18 285.534 1772.64 21.7441 7.67382
internal_count=42635 1033 678 355 206 415 263 41602 483 41119 8837 32282 357 149
is_linear=0
shrinkage=0.03


Tree=275
num_leaves=15
num_cat=0
split_feature=12 12 8 0 17 19 5 8 21 4 6 12 17 18
split_gain=1.20461 1.55156 1.54755 2.02392 1.24236 1.07292 0.817195 2.3205 3.18318 1.0657 0.995242 0.972232 0.971352 0.505332
threshold=-0.73679380611816037 -0.80134167966690173 -0.85464257990657388 -0.81407213472379492 0.0098691045479241141 0.007632475164479788 0.97979591836734703 0.73161575225519992 0.0091971234596808348 1.8171027238819939 1.3641009025392103 -0.40735553755972292 -0.014795559058829786 0.038511009308672468
decision_type=2 2 2 2 2 2 2 2 2 2 2 2 2 2
left_child=1 5 4 -4 -3 13 9 11 -9 10 -2 -8 -11 -1
right_child=6 2 3 -5 -6 -7 7 8 -10 12 -12 -13 -14 -15
leaf_value=-0.0029002443284435243 4.02257174510124e-05 0.020986830566010452 0.015170441204893711 -0.0013984147489434628 0 -0.014458506151071181 0.0032788718162133101 -0.00052314483632547048 0.015478258765700973 0 -0.0037377551367557787 -0.0040420395840953657 -0.014279756136634991 0.0074847764613227286
leaf_weight=6.9713943535462004 1918.3712435187772 8.5891758464276737 6.5910919476300469 22.995821389369674 3.9758488116785875 3.2978172739967695 24.761941869743168 17.919279677793384 21.365570995956659 4.8170043099671602 62.698637504130602 36.74013015627861 7.1309610698372108 4.9205240197479725
leaf_count=159 38599 104 79 411 66 98 558 169 164 87 1101 780 135 88
internal_value=0.000112514 0.0043277 0.00730732 0.0025446 0.0156029 -0.00295637 0 0.00260147 0.00814434 -0.000141328 -7.54282e-05 -0.000847849 -0.00841502 0.000775943
internal_weight=2151.15 57.3417 42.1519 29.5869 12.565 15.1897 2093.8 100.787 39.2849 1993.02 1981.07 61.5021 11.948 11.8919
internal_count=42598 1005 660 490 170 345 41593 1671 333 39922 39700 1338 222 247
is_linear=0
shrinkage=0.03


Tree=276
num_leaves=15
num_cat=0
split_feature=12 12 21 19 21 12 6 19 12 21 10 21 5 18
split_gain=1.22113 1.51782 1.06031 1.00389 0.976911 0.859526 2.00946 3.54813 2.7234 0.889203 2.12917 1.05046 0.582985 0.51473
threshold=-0.73679380611816037 -0.80134167966690173 0.0086698011279367805 0.007632475164479788 0.013272528795941303 -0.5700833779033696 -0.19622181893421342 0.0045406766802168824 -0.61844784295024879 0.033262277075924142 1.4722675606477724 0.011353503076680503 0.79795918367346952 0.038511009308672468
decision_type=2 2 2 2 2 2 2 2 2 2 2 2 2 2
left_child=1 3 12 13 -4 6 7 -2 -8 11 -11 -7 -3 -1
right_child=5 2 4 -5 -6 9 8 -9 -10 10 -12 -13 -14 -15
leaf_value=-0.0031030413517756472 -0.015263042724970413 0.0028103850711402346 0.012924158735152597 -0.014197895343174687 0 -0.00014390447017282264 0.0029609261279661169 -0.001391237333464619 -0.004330327539325305 -0.0092654124075147275 0.011121607889470293 0.0014168579473414248 -0.01059242415167095 0.0074043059097089444
leaf_weight=6.9074477385729534 21.735381050035357 8.051829054951666 23.098755018785596 3.1493533216416827 9.2161287050694209 1233.0860631871037 119.72603583149612 66.925002181902528 71.973260999657214 20.826515807770196 3.3945128479972473 555.34951573703438 1.9687720388174046 4.9954896494746208
leaf_count=159 528 130 297 98 204 24269 2485 1348 1604 448 41 10870 29 88
internal_value=0.000126284 0.00436851 0.00729414 -0.00287078 0.00982602 0 -0.00153376 -0.0052191 0.000129548 0.000245473 -0.0052058 0.000333411 0 0.000658607
internal_weight=2150.4 57.3878 42.3355 15.0523 32.3149 2093.02 280.36 88.6604 191.699 1812.66 24.221 1788.44 10.0206 11.9029
internal_count=42598 1005 660 345 501 41593 5965 1876 4089 35628 489 35139 159 247
is_linear=0
shrinkage=0.03


Tree=277
num_leaves=15
num_cat=0
split_feature=11 11 21 21 3 4 17 8 8 17 21 13 8 8
split_gain=1.32551 2.30717 2.03194 3.0753 2.19818 1.74533 2.29279 1.59406 1.65371 1.49349 1.20847 1.05619 2.27106 1.2378
threshold=0.95959183673469395 0.81816326530612249 0.013248734321589784 0.0077487956689168387 0.97979591836734703 1.1262892304467584 -0.024341371913578932 1.2615255539061019 1.9299400855849262 -0.042441048763172333 0.010742009053334277 0.080816326530612256 0.25733076252128506 -0.47369154384519857
decision_type=2 2 2 2 2 2 2 2 2 2 2 2 2 2
left_child=1 11 3 4 -2 9 -7 -4 -9 -3 -5 12 -1 -13
right_child=2 5 7 10 -6 6 -8 8 -10 -11 -12 13 -14 -15
leaf_value=0.0039481999517213262 0.0074101522094014586 0.0097574889570604742 -0.0019612461832459738 -0.0099133564567539349 -0.0099900686840191811 -0.0061301879057759356 0.0092182368875965617 0.018172312771644689 0 0.00079305926170219034 -0.0024800180623422512 -0.0019186283212694274 -0.0049793448244593135 0.00011563139649434696
leaf_weight=130.69712980557233 26.613928224891424 16.585140283219516 14.853970752097668 53.308995315805078 6.027932282537221 7.636970085091888 56.986652779392898 8.3247945383191091 6.6331056151539078 251.34301267564297 43.449806184507906 344.70239414647222 28.69460298679769 1154.4219197360799
leaf_count=2320 429 289 300 927 70 163 935 57 58 4634 702 10582 407 20725
internal_value=0.000143942 0.000362024 -0.00246094 -0.00414138 0.00337262 0.00263617 0.0070497 0.0041634 0.010644 0.00147173 -0.0068451 -8.75623e-05 0.00220628 -0.000344058
internal_weight=2150.28 1991.07 159.213 129.401 32.6419 332.552 64.6236 29.8119 14.9579 267.928 96.7588 1658.52 159.392 1499.12
internal_count=42598 40055 2543 2128 499 6021 1098 415 115 4923 1629 34034 2727 31307
is_linear=0
shrinkage=0.03


Tree=278
num_leaves=15
num_cat=0
split_feature=12 21 2 2 10 9 0 12 12 21 18 17 21 18
split_gain=1.23909 1.21631 1.95622 1.44708 2.10342 0.78726 1.87031 1.81942 2.59906 1.33872 1.26513 0.786864 0.708042 0.532363
threshold=-0.73679380611816037 0.013364882376962197 0.24048916428394115 0.76559930027645828 0.48818654169934506 0.57460317460317467 -1.479655029467952 -0.5700833779033696 -0.59968339212548594 0.033262277075924142 0.027808457967232861 0.016729253769320333 0.011173473957307589 0.0081916911378739927
decision_type=2 2 2 2 2 2 2 2 2 2 2 2 2 2
left_child=1 3 -3 4 -1 6 11 8 -7 -9 -8 -2 -5 -4
right_child=5 2 13 12 -6 7 10 9 -10 -11 -12 -13 -14 -15
leaf_value=0.012280591720920508 0.01150509391856017 -0.011816730342896986 0.012647809456744786 -0.013103526669669642 -0.0021730780357977833 -0.00049786718779271588 0.0001659243957267726 0.00099291140348183884 -0.012236792554133307 -0.0070745634855874182 -0.0021334157008717543 0 0.0031909254278180556 -0.00059349402282727628
leaf_weight=31.498291973955929 13.728060693480076 7.7447637943550927 4.1340804491192102 2.8826238736510268 9.453704175539313 77.513109425082803 437.39515694370493 1117.6671630730852 20.985666949301958 16.438631656579673 401.80990834254771 5.4585991743952027 1.3500436022877691 1.185469778254628
leaf_count=415 295 205 88 59 167 1249 11756 16614 394 255 10897 133 29 42
internal_value=0.000135354 0.0043775 -0.00261938 0.0067437 0.00864894 5.94295e-06 -0.000683396 0.000498481 -0.00334191 0.000850524 -0.000919619 0.00805221 -0.00614341 0.00829178
internal_weight=2149.25 58.249 13.0643 45.1847 40.952 2091 858.392 1232.6 98.4988 1134.11 839.205 19.1867 4.23267 5.31955
internal_count=42598 1005 335 670 582 41593 23081 18512 1643 16869 22653 428 88 130
is_linear=0
shrinkage=0.03


Tree=279
num_leaves=15
num_cat=0
split_feature=11 19 19 21 10 21 8 21 10 6 8 8 8 12
split_gain=1.21879 4.32265 2.95632 2.23796 2.15557 1.76952 1.86764 1.64205 1.57148 1.54076 2.74663 1.69721 1.5356 1.2566
threshold=0.95959183673469395 0.0080256770953464653 0.0072317540913596516 0.0075342475353372884 0.74788416122593115 0.0074197874659144769 -0.28867210378080227 0.009526330212189689 1.6958097730042447 -0.88116411303024 2.9588964550786105 2.9588964550786105 0.98735722896709655 1.6723811697976856
decision_type=2 2 2 2 2 2 2 2 2 2 2 2 2 2
left_child=4 2 3 -2 9 6 -6 -7 -3 10 -1 -11 -4 -10
right_child=1 8 12 -5 5 7 -8 -9 13 11 -12 -13 -14 -15
leaf_value=0.0048180777385826417 0.0057814612783186501 -0.0071357699686577115 -0.0028925935457957048 -0.0045032382271967793 0.0058726914048960813 0.0067914988687877145 -0.0069816063126274591 0.001708924470476421 0.014089304181780692 -0.00051316553239094318 -0.0083461426597147663 0.0059515098407047686 -0.022142939900711697 -0.0029202346337552643
leaf_weight=109.13921137433499 20.853777394630015 2.454251483082774 9.2430250830948371 93.873546799644828 12.040304355323313 91.996655740775168 29.830778878182173 181.61087630223483 19.343398053199056 1515.8120380081236 13.800878804177044 35.191139919683337 10.429705526679752 2.3634347487241021
leaf_count=1402 300 41 233 1591 306 1608 515 3256 254 32489 172 307 93 31
internal_value=0.000128958 -0.00237404 -0.00456279 -0.00243827 0.000338168 0.0026061 -0.00284414 0.00350918 0.00864593 -8.29052e-05 0.0031103 -0.000349352 -0.0148921 0.0115145
internal_weight=2147.98 158.561 134.4 114.727 1989.42 315.479 41.8711 273.608 24.1611 1673.94 122.94 1551 19.6727 21.7068
internal_count=42598 2543 2217 1891 40055 5685 821 4864 326 34370 1574 32796 326 285
is_linear=0
shrinkage=0.03


Tree=280
num_leaves=15
num_cat=0
split_feature=13 3 17 7 10 12 21 10 15 12 3 12 21 13
split_gain=1.07539 1.9018 2.93021 4.03601 2.03639 1.6698 1.72232 1.22585 1.57773 1.4122 1.20684 1.01018 1.39476 1.11892
threshold=0.95959183673469395 0.021315192743764175 0.016729253769320333 0.97979591836734703 -1.0757227788948638 1.6723811697976856 0.0073563936803541334 -0.32684606497335711 0.55000000000000016 3.5018606886281214 0.06394557823129253 -0.62526738475402199 0.013248734321589784 0.93938775510204098
decision_type=2 2 2 2 2 2 2 2 2 2 2 2 2 2
left_child=5 7 4 -4 -3 11 -7 8 -2 -9 -8 12 -1 -13
right_child=1 2 3 -5 -6 6 10 9 -10 -11 -12 13 -14 -15
leaf_value=0.002879527280898356 -0.0088353205706753601 0.0077265555574618739 0.011054079018744667 -0.008599718386168546 -0.0016311611153058674 0.0070902387739476477 0.00089491988038987145 -0.020668768942178544 0.010300295267191699 0 -0.013163956107913662 -0.00062713264732004519 -0.0028969525090507832 0.00431092822447384
leaf_weight=176.07613490894437 5.2122795041650551 24.031628852710128 56.169363592751324 8.80690925195813 103.3323040176183 3.7531952727586058 4.3884801343083408 5.4872507285326702 6.0922548212110996 6.4865869851782918 21.004741959273815 1636.4992074226029 43.563931236043572 39.74002674035728
leaf_count=3219 64 259 615 122 1271 44 45 70 57 89 361 34776 1163 539
internal_value=-0.000127535 0.00186061 0.00290415 0.00798898 0.000110702 -0.000359707 -0.00726648 -0.00571596 0.000347988 -0.0117448 -0.0102988 -0.000238076 0.00165033 -0.000496126
internal_weight=2140.64 215.619 192.34 64.9763 127.364 1925.03 29.1464 23.2784 11.3045 11.9738 25.3932 1895.88 219.64 1676.24
internal_count=42694 2547 2267 737 1530 40147 450 280 121 159 406 39697 4382 35315
is_linear=0
shrinkage=0.03


Tree=281
num_leaves=15
num_cat=0
split_feature=13 17 18 18 21 2 2 19 12 3 2 18 8 19
split_gain=0.990919 2.80892 3.16942 6.37987 2.47992 3.61715 2.31246 1.94986 1.46266 3.28461 3.45638 1.80084 1.79127 1.06382
threshold=0.93938775510204098 -0.005433452898763679 0.036200742490015154 0.046382564110417863 0.009526330212189689 0.54086916945517449 -0.84157673730095317 0.0031141833241067254 0.40072700226336 0.80500000000000016 -0.7740156697087025 -0.01762577792076447 3.4168724943557662 0.0048504852479549958
decision_type=2 2 2 2 2 2 2 2 2 2 2 2 2 2
left_child=8 4 7 -4 6 -6 -2 -3 12 10 -10 -11 13 -1
right_child=1 2 3 -5 5 -7 -8 -9 9 11 -12 -13 -14 -15
leaf_value=-0.0011966921616945782 0.013926371290224053 -0.0023882327210651851 -0.012670174515555023 0.0042543183563943229 -0.0017839306269376192 -0.022507899774202127 -0.0019232602764840162 0.0086049686326965195 -0.0062748964067879387 0.00076177829515630766 0.0025384145420048287 -0.010827137290106892 0.018004377066141056 0.00042781646460083672
leaf_weight=540.23805366968736 8.7288399096578342 13.918462128378449 25.917713902890682 68.489654933102429 26.916545426473022 9.9837346309795958 30.922033312730491 91.109708119183779 58.025174387730658 12.324677616357802 117.06772361788899 50.215603859163821 2.9269404150545588 1083.1757238525897
leaf_count=12138 87 182 338 824 351 172 391 1041 828 154 1941 693 21 23533
internal_value=-0.000117013 0.00154372 0.00344702 -0.000402841 -0.00318541 -0.00864554 0.00170696 0.00699058 -0.000372337 -0.00256159 -0.000335465 -0.00835809 -4.04888e-05 -0.000104365
internal_weight=2139.96 275.987 199.436 94.4074 76.5512 36.9003 39.6509 105.028 1863.97 237.633 175.093 62.5403 1626.34 1623.41
internal_count=42694 3386 2385 1162 1001 523 478 1223 39308 3616 2769 847 35692 35671
is_linear=0
shrinkage=0.03


Tree=282
num_leaves=15
num_cat=0
split_feature=13 8 2 6 17 5 2 2 5 9 2 9 11 3
split_gain=1.11347 2.04328 3.97598 2.16053 2.09945 1.53387 1.00943 1.69391 4.03596 2.75907 1.48782 3.07923 1.57137 0.992319
threshold=0.95959183673469395 3.8091541273775791 2.5614089875343744 3.0187237611888884 -0.005433452898763679 0.97979591836734703 -0.608775883515011 -1.6197476715411057 0.35124716553287988 0.94777777777777794 0.48343807892881935 0.97979591836734703 0.021315192743764175 0.021315192743764175
decision_type=2 2 2 2 2 2 2 2 2 2 2 2 2 2
left_child=6 3 13 4 -2 -5 7 8 -1 -9 12 -12 -8 -3
right_child=1 2 -4 5 -6 -7 10 9 -10 -11 11 -13 -14 -15
leaf_value=0.0034875876824582907 -0.0010698192094441982 -0.0024143443736299587 0.01337532763074536 -0.013054817538171235 0.0057307443956301678 0.003845897452136406 -0.0081923579221309609 -0.0017377848275011106 -0.019242639158977635 -0.012848782779813781 -0.00058933352441371768 -0.010705209268455832 0.0010343421786974869 -0.024511524783029075
leaf_weight=98.652122184634209 52.815679029561579 5.3031677510589343 3.3285996057093135 10.670870967209337 133.54370088130236 4.8356318753212681 14.648860153742133 384.52935384819284 5.4486697781831017 19.957839411683381 524.44335224293172 26.947533821687102 849.87588235642761 5.5754781756550074
leaf_count=1194 634 65 26 187 1522 44 299 8593 89 211 10624 222 18915 69
internal_value=-0.000109489 0.00191197 -0.00814741 0.00276651 0.00373288 -0.00709032 -0.000345983 -0.0014907 0.00181621 -0.00238344 5.61371e-05 -0.00114772 0.000842143 -0.016952
internal_weight=2140.58 216.073 14.2072 201.866 186.359 15.5065 1924.5 508.588 104.101 404.487 1415.92 551.391 864.525 10.8786
internal_count=42694 2547 160 2387 2156 231 40147 10087 1283 8804 30060 10846 19214 134
is_linear=0
shrinkage=0.03


Tree=283
num_leaves=15
num_cat=0
split_feature=2 19 21 20 20 19 2 10 2 3 18 19 10 7
split_gain=0.827164 1.58221 3.74488 3.23211 1.91646 1.82268 1.50129 1.30904 1.92538 1.76005 1.48525 1.34468 1.27245 0.946346
threshold=-0.608775883515011 0.006691848914444117 0.0068387524364442636 -0.047042344776062721 0.069811407020031427 0.0056267220113257925 -1.5713681263556081 0.24548524494110949 0.5294673943452709 0.30861678004535154 -0.020119984595169723 0.0097520112825253639 -0.91100865836147549 0.43428571428571433
decision_type=2 2 2 2 2 2 2 2 2 2 2 2 2 2
left_child=1 4 13 -4 5 -1 -6 11 9 -9 -10 12 -2 -3
right_child=7 2 3 -5 6 -7 -8 8 10 -11 -12 -13 -14 -15
leaf_value=-0.001336793075171836 0.0014293095099278961 -0.012907590052440214 -0.0078348747641146972 0.0041775984589434234 0.017928327200850778 -0.0062335871524354849 0 -0.0038047093392528345 0.0043297549232080837 0.0038256681270278144 -0.0015646252192224868 -0.0069201053064239619 -0.0008985343397628731 0
leaf_weight=265.57879666378722 301.21136437356472 17.341777933761481 20.525654154829681 155.40031180717051 4.9794709589332369 97.21715141646564 12.724350886419414 26.666142866015434 44.547999601811171 271.16696473304182 207.45609778724611 25.559608267620206 684.95471084676683 5.0677507519721976
leaf_count=5252 4864 402 300 2741 56 1792 294 612 746 5748 3624 645 15499 119
internal_value=-9.23544e-05 -0.00106412 0.00105079 0.00261946 -0.00220546 -0.00271707 0.00672914 0.000259162 0.00144028 0.00307164 -0.000437705 -0.000369513 -0.000170892 -0.00985513
internal_weight=2140.4 578.835 198.335 175.926 380.5 362.796 17.7038 1561.56 549.837 297.833 252.004 1011.73 986.166 22.4095
internal_count=42694 10956 3562 3041 7394 7044 350 31738 10730 6360 4370 21008 20363 521
is_linear=0
shrinkage=0.03


Tree=284
num_leaves=15
num_cat=0
split_feature=2 15 21 20 12 12 19 9 10 1 12 19 10 0
split_gain=0.767102 1.81404 2.73833 3.15003 2.33773 4.17954 1.58832 1.40751 1.31414 1.96861 2.232 1.27367 1.23959 2.04985
threshold=-0.59827810479979449 0.70833333333333337 0.007975828715318824 0.051097313081445501 -0.50477976539683056 -0.67094363537444868 0.0065817846364864411 0.39387755102040822 0.24548524494110949 0.021315192743764175 1.6004054765989111 0.0048432310391404781 -0.91100865836147549 -0.68897456542425339
decision_type=2 2 2 2 2 2 2 2 2 2 2 2 2 2
left_child=1 4 7 -4 5 -1 -6 -3 12 11 -11 -10 13 -2
right_child=8 2 3 -5 6 -7 -8 -9 9 10 -12 -13 -14 -15
leaf_value=-0.014691648298789921 -0.0037791274224221313 -0.00070934908735312415 -0.0027493448363423993 0.0073767724531071397 -0.002271480616527816 0.01064802382766772 0.002379608651216507 -0.011921259598492733 0.0015644492123509219 0.00098771303957889993 0.0072442939978462784 -0.016993848519549416 -0.0011003878211640129 0.0023755176366721978
leaf_weight=4.6524552218616 57.027217637747526 17.883024277165532 180.98584228008986 30.119589530862868 175.00386768952012 37.044910475611687 101.65592653863132 37.474461765959859 2.7711094692349416 483.00377094745636 57.192072737030685 6.5023585353046656 698.10123800579458 250.32378405891359
leaf_count=83 827 558 3521 560 3320 670 1664 754 36 9934 614 86 15916 4151
internal_value=-9.87305e-05 -0.00102796 -0.00285269 -0.00117854 0.000460783 0.00693441 -0.000503841 -0.00871184 0.000241997 0.00142497 0.00170206 -0.010824 -0.00039114 0.00116802
internal_weight=2139.74 584.82 266.463 211.105 318.357 41.6974 276.66 55.3575 1554.92 549.469 540.196 9.27347 1005.45 307.351
internal_count=42694 11130 5393 4081 5737 753 4984 1312 31564 10670 10548 122 20894 4978
is_linear=0
shrinkage=0.03


Tree=285
num_leaves=15
num_cat=0
split_feature=13 8 18 18 0 12 8 8 21 20 20 8 21 20
split_gain=1.10789 2.79123 4.00713 2.96774 2.39355 1.81783 2.17382 2.01766 2.21246 2.10777 1.80622 0.995626 0.81416 0.390269
threshold=0.080816326530612256 -0.50429701900999591 0.05536943604096279 0.094983077859798884 -0.30396259824372679 -0.67094363537444868 0.088870461353682303 -0.48978560854543146 0.011428207205324665 0.051097313081445501 -0.0065430363180146158 -1.1291548919461418 0.011730729998846388 0.038525771547500261
decision_type=2 2 2 2 2 2 2 2 2 2 2 2 2 2
left_child=1 2 10 4 -3 6 12 8 -7 -9 -1 -4 -2 -8
right_child=5 3 11 -5 -6 7 13 9 -10 -11 -12 -13 -14 -15
leaf_value=0 0.0015896201228554493 0.0022289576826204222 0.0052019872946455926 0.016669871611984924 -0.0065617801266132066 -0.00036696086704257185 -0.0212690093864501 0.0010087042977937691 -0.0055125516246014887 -0.0021617787006785487 0.011884097165981915 -0.010755503042450057 -0.0078374257284719723 0
leaf_weight=15.070758974179624 18.258162774145607 51.357825016602874 1.9749172497540701 6.0481533501297227 53.271210605278611 266.6227218080312 6.5398127343505612 1313.7667946787551 107.1234172731638 216.15414669457823 54.16039526835084 11.644401198253034 10.435447335243223 1.3100587110966442
leaf_count=376 422 732 37 71 1016 8122 148 22457 3621 3959 830 256 350 28
internal_value=0.000144588 0.00229919 0.00641291 -0.000706297 -0.00214524 -6.47469e-05 -0.00651857 5.79829e-05 -0.00190321 0.000548735 0.00940899 -0.00711138 -0.00163745 -0.0188824
internal_weight=2133.74 193.528 82.8505 110.677 104.629 1940.21 36.5435 1903.67 373.746 1529.92 69.2312 13.6193 28.6936 7.84987
internal_count=42425 3318 1499 1819 1748 39107 948 38159 11743 26416 1206 293 772 176
is_linear=0
shrinkage=0.03


Tree=286
num_leaves=15
num_cat=0
split_feature=9 17 18 8 8 1 8 19 6 7 18 19 19 9
split_gain=0.941175 2.57995 2.58404 2.46957 3.18727 2.02533 1.99428 1.7511 1.43372 1.68492 3.86575 1.45255 1.79674 1.07893
threshold=0.95959183673469395 0.0015980714634521445 -0.076885382827998214 2.9588964550786105 2.6236473837349648 0.81816326530612249 2.9588964550786105 0.0095835940259106512 -2.9281742039369143 0.060612244897959189 -0.036345448516722716 0.0062550648346461181 0.007958393091731757 0.080816326530612256
decision_type=2 2 2 2 2 2 2 2 2 2 2 2 2 2
left_child=8 2 7 4 -3 -5 -4 -2 11 10 -10 -1 -13 -11
right_child=1 3 6 5 -6 -7 -8 -9 9 13 -12 12 -14 -15
leaf_value=-0.012119017175069344 -0.016563134173125011 -0.00039000268472176515 0.0094676520895752118 0.0089032014825402832 -0.013321085875046009 -0.0037702336632271399 -4.7166824465550669e-05 0.0046971813766024887 0.015433336350025513 0.0026991621950522072 0.00056961309325986463 0.0080700147111659008 -0.013106409555360696 -0.00039316824643842967
leaf_weight=15.770782042294742 5.7745114210993034 95.445206058211625 71.697921859100461 34.150969599373639 19.717587554827332 13.239236287772654 22.856134599074721 3.5492512919008732 18.589760029688478 105.5622389735654 78.079855151474476 8.8387955091893655 3.3079249542206517 1635.4661569078453
leaf_count=246 72 915 651 315 206 118 217 36 226 3320 1246 132 56 34669
internal_value=0.000146865 0.0018104 0.00546733 -0.000473415 -0.00292162 0.00504966 0.00705899 -0.00774517 -8.43597e-05 1.35411e-05 0.00383485 -0.00660025 0.000205094 -0.000194186
internal_weight=2132.05 266.431 103.878 162.553 115.163 47.3902 94.5541 9.32376 1865.62 1837.7 96.6696 27.9175 12.1467 1741.03
internal_count=42425 2530 976 1554 1121 433 868 108 39895 39461 1472 434 188 37989
is_linear=0
shrinkage=0.03


Tree=287
num_leaves=15
num_cat=0
split_feature=13 23 6 23 2 21 1 12 21 6 23 10 5 2
split_gain=1.12138 2.76461 3.29643 3.40616 2.34875 2.00833 1.59793 1.59187 1.87853 1.29455 1.102 1.65998 1.4334 0.956037
threshold=0.080816326530612256 0.072860437626275157 -0.17691295973289911 0.037079180436868649 0.5889033688941846 0.0088270018069758777 0.43428571428571433 -0.67094363537444868 0.010013789734230798 -0.037116355364795107 0.07209441245837446 0.29102622118223609 0.040408163265306128 0.052889086643512641
decision_type=2 2 2 2 2 2 2 2 2 2 2 2 2 2
left_child=1 2 3 -1 -4 -3 -7 8 13 -10 12 -12 -9 -2
right_child=7 5 4 -5 -6 6 -8 10 9 -11 11 -13 -14 -15
leaf_value=0 0.0070676621068156446 -0.0025808208318158438 0.0056784270740925426 -0.016051799504022135 -0.0043377916614448838 0.019194402070728939 0.0030208230565243414 0.0040011815482002677 -0.01906961011293962 -0.0025905020285997811 -0.0036691889967769664 0.0013120058837836077 0.00011915481086826218 -0.0066812422683409541
leaf_weight=29.575073270127177 9.6458043344318849 6.97564380057156 87.534062149934471 16.633471835404634 24.232912113890052 15.791055057197811 12.898934671655296 89.317557259462774 9.4587989458814263 12.084864393807948 156.88026233576238 90.038982331752777 1565.6132257808931 4.8666100669652215
leaf_count=591 215 122 1521 308 479 132 165 1359 250 358 3433 1624 31743 125
internal_value=0.000152368 0.00231902 0.000471095 -0.0060001 0.00333682 0.00964623 0.0130823 -5.85646e-05 -0.00613754 -0.0114681 5.51308e-05 -0.00179659 0.0003423 0.00129788
internal_weight=2131.55 193.641 157.976 46.2085 111.767 35.6656 28.69 1937.91 36.0561 21.5437 1901.85 246.919 1654.93 14.5124
internal_count=42425 3318 2899 899 2000 419 297 39107 948 608 38159 5057 33102 340
is_linear=0
shrinkage=0.03


Tree=288
num_leaves=15
num_cat=0
split_feature=15 12 18 12 19 18 1 20 12 10 23 11 7 19
split_gain=0.821248 2.78187 2.98662 3.8472 1.92429 1.30156 1.23545 1.50603 2.44767 1.34896 1.19119 1.08353 0.939634 0.665738
threshold=0.35416666666666669 -0.42850079663608526 0.085687539332131704 -0.68177516978181218 0.0098998977377340574 -0.020119984595169723 0.040408163265306128 0.025979746330550672 -0.25240470299292656 3.7824438364167943 0.028106503555122456 0.94777777777777794 0.32993197278911568 0.0048432310391404781
decision_type=2 2 2 2 2 2 2 2 2 2 2 2 2 2
left_child=1 2 3 -1 5 -3 7 8 -2 11 -6 -8 -4 -9
right_child=6 4 12 -5 10 -7 9 13 -10 -11 -12 -13 -14 -15
leaf_value=-0.014451154611011867 -0.0014079952387790113 0.003467245813013465 -0.018488085636383336 0.0092298165313032393 9.5589351719163094e-05 -0.0015166295961216555 -0.00016159758360900019 0.0048865988376405366 0.012428562544789207 0.0098318313296868083 0.020527066183945866 -0.0032930723282835481 0 -0.0052033669288832117
leaf_weight=4.4311509290710083 15.622733286581932 55.553460526280105 3.1547065619379273 81.984512110240757 6.8927575359120947 240.99702381156385 1549.5012400159612 5.5270835263654616 26.710740547627211 9.6526430640369636 4.4658028278499842 105.57930752914399 4.2747084200382233 16.578865703195333
leaf_count=91 259 913 65 1369 127 4194 32725 96 264 124 48 1832 66 252
internal_value=0.000150298 0.00137178 0.00583518 0.00754645 0 -0.000515774 -0.000126093 0.00387014 0.00715082 -0.000294239 0.011122 -0.000374143 -0.00985749 -0.00186223
internal_weight=2130.93 401.754 93.8451 86.4157 307.909 296.55 1729.17 64.4394 42.3335 1664.73 11.3586 1655.08 7.42941 22.1059
internal_count=42425 6873 1591 1460 5282 5107 35552 871 523 34681 175 34557 131 348
is_linear=0
shrinkage=0.03


Tree=289
num_leaves=15
num_cat=0
split_feature=13 23 6 23 1 12 12 3 6 9 17 11 3 9
split_gain=1.18441 2.31071 2.91142 2.80772 1.95839 1.9037 1.452 1.40819 1.69903 1.24546 1.65485 1.55812 1.06267 1.05795
threshold=0.080816326530612256 0.072860437626275157 -0.17691295973289911 0.037079180436868649 0.43428571428571433 -0.61844784295024879 -0.67094363537444868 0.63632653061224509 -0.258122553671078 0.55328798185941053 0.023752065802994719 0.75532879818594112 0.47469387755102049 0.6161224489795919
decision_type=2 2 2 2 2 2 2 2 2 2 2 2 2 2
left_child=1 2 3 -1 13 -4 7 8 -2 11 -11 -8 -6 -3
right_child=6 4 5 -5 12 -7 9 -9 -10 10 -12 -13 -14 -15
leaf_value=0 -0.011927819914376418 0.018839247094941943 0.0055725066189427144 -0.014889243374101468 -0.0071580829030833456 -0.0030470055392241261 -0.0017353722686965199 -0.014015665952261802 0.0035723222909143045 0.0012696162049195782 -0.0012958620471141163 0.0016015914109954949 0.0065838425528697677 0
leaf_weight=29.400434549897909 7.1681815851479795 14.392119107767941 85.092267323285341 15.831489702686666 6.267533170059326 27.45046347938478 544.37495048437268 11.033950806595383 17.438877233304083 904.72986054699868 294.66820205003023 157.54174953186885 10.354783313348888 4.6135281771421424
leaf_count=591 182 136 1440 308 108 560 15314 336 430 13808 4529 4508 129 46
internal_value=0.000140424 0.00236902 0.000663762 -0.00549489 0.00908528 0.00332266 -7.6577e-05 -0.0059136 -0.000936386 3.10588e-05 0.000625736 -0.000962675 0.000384606 0.0152196
internal_weight=2130.36 193.403 157.775 45.2319 35.628 112.543 1936.96 35.641 24.6071 1901.31 1199.4 701.917 16.6223 19.0056
internal_count=42425 3318 2899 899 419 2000 39107 948 612 38159 18337 19822 237 182
is_linear=0
shrinkage=0.03


Tree=290
num_leaves=15
num_cat=0
split_feature=15 20 2 6 6 12 8 5 20 10 1 4 12 8
split_gain=1.43157 2.54106 1.76018 2.91133 1.97476 1.56591 1.70139 1.97869 1.61205 1.50814 2.20502 1.65859 1.36877 2.19582
threshold=0.35416666666666669 -0.0092946008030544407 -1.7280968801300791 -0.39814891074639958 0.31017719635732005 -0.70360708839631381 -0.63388591329038169 0.6161224489795919 -0.0065430363180146158 -0.61716249473815787 0.042630385487528351 0.38786672405045447 3.9683632740970327 2.6236473837349648
decision_type=2 2 2 2 2 2 2 2 2 2 2 2 2 2
left_child=1 2 3 -1 -4 6 8 -8 -2 11 -11 -3 -7 -14
right_child=5 9 4 -5 -6 12 7 -9 -10 10 -12 -13 13 -15
leaf_value=-0.013552195203040946 -0.00028632004657914149 -0.0059810229188551733 0.0083089284222387441 0.0093388184296823266 -0.0026727761872622244 -0.0011485885159903152 0.0031379581863462971 -0.0094625624443173597 0.011307998312856822 -0.0054509833522650049 0.0026343114610144712 0.0030281997170823111 0.011332760961865104 -0.0019180046452483357
leaf_weight=9.3901080135256034 12.992519990541039 65.336081422865391 83.074380158446729 6.4261323399841777 14.501209539361296 1601.6434707306325 33.052268226630986 14.217494557611642 27.636408844962716 34.441088553518057 163.7060972135514 21.421639980748296 18.76346824131906 20.174286296591163
leaf_count=104 348 1096 1275 62 308 33723 576 290 419 478 3164 319 206 225
internal_value=-0.000408032 0.00119454 0.00495791 -0.00340537 0.00650534 -0.000786938 0.00302974 -0.000577768 0.00740895 -0.000275114 0.00111359 -0.00356942 -0.001004 0.00434262
internal_weight=2126.78 398.297 113.392 15.8162 97.5756 1728.48 87.8987 47.2698 40.6289 284.905 198.147 86.7577 1640.58 38.9378
internal_count=42593 6806 1749 166 1583 35787 1633 866 767 5057 3642 1415 34154 431
is_linear=0
shrinkage=0.03


Tree=291
num_leaves=15
num_cat=0
split_feature=12 16 19 0 17 5 4 13 17 7 11 12 5 7
split_gain=1.13769 1.26795 2.42079 1.44943 1.18538 0.979215 1.80895 4.60875 1.90707 1.31085 1.97226 1.2312 0.721955 1.34999
threshold=-0.73679380611816037 0.042630385487528351 0.0071701010779905714 -0.7878467478069674 -0.024604646840477803 0.44222222222222224 -0.20191978291774865 0.81816326530612249 -0.0051222648858508793 0.060612244897959189 0.9900000000000001 -0.34716318635755267 0.81816326530612249 0.53197278911564638
decision_type=2 2 2 2 2 2 2 2 2 2 2 2 2 2
left_child=1 12 4 -4 -3 9 7 -7 -8 10 -2 -11 13 -1
right_child=5 2 3 -5 -6 6 8 -9 -10 11 -12 -13 -14 -15
leaf_value=-0.0034543112159074363 0.00024790757389301353 -0.00062948921372124036 0.0083541362710409517 -0.01213159990515539 0.016079387820007118 -0.0018035346020299342 -0.002110385914472396 0.020721616079943828 0.00060106189428310835 -0.00044891632773620753 0.015044262234081561 -0.0029641219556609789 -0.0093835558523031916 0.0093296328733634172
leaf_weight=15.153268307447439 146.16029281076044 2.4920913167297902 2.6750989090651274 5.6179523235186917 17.479057408869267 17.908220753073696 321.71329781971872 11.2455683555454 827.3879869831726 347.08711108006537 6.7635095529258242 390.08088504709303 4.7241185232996932 10.29106832295656
leaf_count=266 2042 56 30 126 267 428 6812 126 15967 8197 70 7954 99 153
internal_value=-0.000397906 0.00362957 0.00799698 -0.00372694 0.0134442 -0.000522327 3.29742e-05 0.00717615 -0.000147378 -0.00127264 0.00118491 -0.00180458 -0.000238672 0.00147274
internal_weight=2126.78 58.4327 28.2642 8.29305 19.9711 2068.35 1178.26 29.1538 1149.1 890.092 152.924 737.168 30.1685 25.4443
internal_count=42593 997 479 156 323 41596 23333 554 22779 18263 2112 16151 518 419
is_linear=0
shrinkage=0.03


Tree=292
num_leaves=15
num_cat=0
split_feature=15 20 0 21 11 12 23 6 2 6 6 12 21 2
split_gain=1.2863 2.60456 2.22094 2.88359 2.57584 1.55903 1.37839 2.63757 1.32427 3.05282 1.89591 1.20236 2.03224 1.01659
threshold=0.35416666666666669 -0.0092946008030544407 -1.0175777660017127 0.0082274774711554189 0.69693877551020422 -0.70360708839631381 -0.038836203262905981 -0.0093574931461705858 -1.7280968801300791 -0.43164464467370811 0.31017719635732005 3.9683632740970327 0.0090305400517861536 -1.5713681263556081
decision_type=2 2 2 2 2 2 2 2 2 2 2 2 2 2
left_child=1 8 3 -3 -4 6 -2 -8 9 -1 -10 13 -13 -7
right_child=5 2 4 -5 -6 11 7 -9 10 -11 -12 12 -14 -15
leaf_value=-0.013349889980436465 -0.0042222786938581501 0.0030444121004536994 -0.00057184395842349014 -0.007232243378019817 0.0072355693114966868 0.0018338203900160001 -0.00067919796673722443 0.010189623378217969 0.0079810828773180381 0.010049872469824216 -0.0027663327887425932 -0.004979928511611895 0.0085445775787555307 -0.0013192881890045876
leaf_weight=8.87578979693353 15.561959871090947 33.020373024046421 129.92674121912569 71.846031970344484 50.054166624322534 92.438394010998309 35.499440157786012 37.595834973268211 83.881435493938625 6.9247526861727229 14.478936404921113 12.092553764581679 27.27465018350631 1506.4460857906379
leaf_count=101 452 508 2593 1066 890 1156 619 562 1275 65 308 138 293 32567
internal_value=-0.0004112 0.00110493 -0.000387858 -0.00385955 0.00157269 -0.000771057 0.00302067 0.00483382 0.00490133 -0.0022751 0.00622597 -0.000988831 0.00398769 -0.00112556
internal_weight=2125.92 399.008 284.847 104.866 179.981 1726.91 88.6572 73.0953 114.161 15.8005 98.3604 1638.25 39.3672 1598.88
internal_count=42593 6806 5057 1574 3483 35787 1633 1181 1749 166 1583 34154 431 33723
is_linear=0
shrinkage=0.03


Tree=293
num_leaves=15
num_cat=0
split_feature=15 13 17 7 17 10 17 2 6 6 10 16 6 2
split_gain=1.15411 1.68358 2.06432 2.79475 1.64624 1.52178 2.10038 1.93382 1.23488 1.13996 1.74277 1.71868 0.669271 0.49213
threshold=0.35416666666666669 0.9900000000000001 0.039765647226320595 0.63632653061224509 -0.036122230018977068 0.29102622118223609 -0.0039235323292365334 -1.7954976160606935 0.1906097378383845 0.23947368010444656 -1.2376069268850529 0.97979591836734703 -0.54351275819850497 0.56530323944636307
decision_type=2 2 2 2 2 2 2 2 2 2 2 2 2 2
left_child=4 9 3 -3 8 7 -7 -6 12 11 -11 -2 -1 -10
right_child=1 2 -4 -5 5 6 -8 -9 13 10 -12 -13 -14 -15
leaf_value=0 -0.0012040996568760773 0.014593802304776365 -0.010683360679433115 0 -0.010396941642593154 -0.0031051534841556303 0.0052603512324755483 -0.00018801663792157247 -0.0078391139862709937 -0.0060513023556989717 0.00081947211516599546 -0.0082069164983993009 0.011621818448462343 0.003739941851204018
leaf_weight=6.8146780598908689 1158.7784232520498 19.923549333587289 4.6929038390517226 27.251145222224295 16.451469590887427 33.414452853612602 95.571578695438802 216.21072714030743 4.8409232115373007 33.643057180568576 449.87972386367619 31.419202111661434 24.192749663256109 2.792218491435051
leaf_count=78 24434 211 57 304 218 513 1513 3999 107 667 9690 424 336 42
internal_value=-0.000398236 -0.000739987 0.00443593 0.00661835 0.00103407 0.000344914 0.00296439 -0.00105627 0.00678063 -0.00091444 0.000287558 -0.001415 0.00943039 -0.00214926
internal_weight=2125.88 1725.59 51.8676 47.1747 400.289 361.648 128.986 232.662 38.6406 1673.72 483.523 1190.2 31.0074 7.63314
internal_count=42593 35787 572 515 6806 6243 2026 4217 563 35215 10357 24858 414 149
is_linear=0
shrinkage=0.03


Tree=294
num_leaves=15
num_cat=0
split_feature=15 20 0 11 18 11 12 12 20 23 6 4 4 6
split_gain=1.07978 2.36247 2.21179 2.42824 1.47475 1.68987 1.26013 1.30011 1.79041 1.26333 2.28865 1.22575 1.12187 0.885882
threshold=0.35416666666666669 -0.0092946008030544407 -1.0175777660017127 0.69693877551020422 0.078834475886060087 0.85857142857142865 -0.70360708839631381 3.9683632740970327 -0.023243951453989994 -0.038836203262905981 -0.0093574931461705858 0.56257351603980144 -0.010544997008977651 -0.023492705443408677
decision_type=2 2 2 2 2 2 2 2 2 2 2 2 2 2
left_child=1 4 11 -4 5 -1 9 12 -9 -2 -11 -3 -8 -6
right_child=6 2 3 -5 13 -7 7 8 -10 10 -12 -13 -14 -15
leaf_value=0.0033805332838611644 -0.0042617406457845742 -0.0049023400013699283 -0.00057147032065727507 0.006928416594077059 -0.012084990119789009 0.01306552236669589 -0.0019406907711597486 0.016465652621324295 0.00057001323566046279 -0.00069339127230766623 0.0094021330292042606 0.0060158346035210945 -0.00031550284038503571 0.001572710678186614
leaf_weight=81.963220907375216 15.415802938863633 96.943218807689846 130.30975400842726 51.525932702235878 5.1407906841486692 22.071482312865555 708.69396186387166 6.6853678151965132 33.36723293364048 35.383911727927625 37.836389352567494 7.328264543786644 886.94900207128376 5.9172196146100742
leaf_count=1319 452 1493 2593 890 85 250 15577 60 371 619 562 81 18146 95
internal_value=-0.000376645 0.00100646 -0.00041199 0.0015244 0.00460748 0.0057844 -0.000707934 -0.000904645 0.00423684 0.00269654 0.00443531 -0.00389508 -0.00104823 -0.00450642
internal_weight=2125.53 401.2 286.107 181.836 115.093 104.035 1724.33 1635.7 40.0526 88.6361 73.2203 104.271 1595.64 11.058
internal_count=42593 6806 5057 3483 1749 1569 35787 34154 431 1633 1181 1574 33723 180
is_linear=0
shrinkage=0.03


Tree=295
num_leaves=15
num_cat=0
split_feature=6 21 18 18 5 20 17 14 10 18 20 1 6 1
split_gain=1.38137 2.42095 3.19965 3.75949 2.07534 1.50421 0.795352 1.36828 1.64897 1.11841 0.952344 1.80348 1.48564 0.602257
threshold=-1.717595181757863 0.0088270018069758777 -0.0081945486476118195 0.032465131591025827 0.12622448979591841 0.025979746330550672 0.023443017162881222 0.55000000000000016 -1.2143504706729995 0.045325414590138731 -0.047042344776062721 0.67673469387755114 -0.6594044970402595 0.15777777777777782
decision_type=2 2 2 2 2 2 2 2 2 2 2 2 2 2
left_child=1 4 -3 -4 13 -6 10 9 -9 -8 11 -2 -12 -1
right_child=6 2 3 -5 5 -7 7 8 -10 -11 12 -13 -14 -15
leaf_value=0.0090686008147906859 0.0046836263839035172 0.017850066549490232 -0.0057091271964565312 0.0089125544492329248 -0.018617078115241766 0 0.00094178972073311051 0.0076620968667295728 0.0010397930263933901 -0.0042020106338922676 -0.005046147319563328 -0.00378912355501476 -0.00051435596945710441 -0.0026969880496646938
leaf_weight=7.2435173895210045 74.854227554984391 14.905465731397269 25.190259243361652 34.203370322473347 7.9248256273567659 5.801871906965971 68.068156682886183 37.049746544100344 350.49301906395704 73.519291340373456 67.721497226506472 28.465520555153489 1328.2807266898453 2.9164996379986405
leaf_count=89 1496 143 306 387 129 83 1514 585 6899 1632 1008 795 27464 55
internal_value=-1.65919e-06 0.00342995 0.00614942 0.00248286 -0.00427102 -0.0115173 -0.000178366 0.000808426 0.00174749 -0.00164599 -0.000537222 0.00217926 -0.000751832 0.00456957
internal_weight=2126.64 98.1858 74.2991 59.3936 23.8867 13.7267 2028.45 529.13 387.543 141.587 1499.32 103.32 1396 10.16
internal_count=42585 1192 836 693 356 212 41393 10630 7484 3146 30763 2291 28472 144
is_linear=0
shrinkage=0.03


Tree=296
num_leaves=15
num_cat=0
split_feature=4 20 11 13 8 17 11 3 17 13 1 21 11 21
split_gain=1.24705 3.07883 3.70573 3.07616 2.35712 1.71789 1.49497 0.883215 0.800945 1.78948 1.97121 1.47306 1.45099 2.17903
threshold=-1.3629756140206499 0.0035756985504212806 0.69693877551020422 0.87877551020408173 1.6345306276787073 0.041943167842953162 0.16163265306122451 0.042630385487528351 0.027457251351965754 0.95959183673469395 0.15777777777777782 0.010871389920076651 0.89897959183673481 0.007736451058784676
decision_type=2 2 2 2 2 2 2 2 2 2 2 2 2 2
left_child=1 5 4 -4 -3 6 -1 -7 12 11 -11 -10 -2 -14
right_child=8 2 3 -5 -6 7 -8 -9 9 10 -12 -13 13 -15
leaf_value=-0.0018425158096277371 -0.00094947075599754094 0 -0.0034254403552662857 -0.025215714498846357 0.010984739055733519 -0.015547239668929631 0.0096174367413197973 0.0005088508169067002 0.0016418032213861666 0.01653505666787991 0.0017641752084889576 -0.0023176680505782653 0.0075849134231315979 4.52858317853735e-05
leaf_weight=8.8779288493096811 1293.0014212094247 61.995812188833952 44.967185394838452 5.4638044852763406 22.632123153656721 2.2263547498732796 66.813180598430336 5.4107509488239884 234.90362141653895 11.240606820210813 30.186072323471308 128.52688727062196 42.862588855437934 167.54622891079634
leaf_count=134 27303 1323 882 81 213 35 953 84 4752 107 359 2843 683 2833
internal_value=0 0.0021427 -0.000566202 -0.00694415 0.00313392 0.00661946 0.00806738 -0.00487046 -0.000240522 0.000926977 0.00669441 0.000195471 -0.000565699 0.00170877
internal_weight=2126.65 218.387 135.059 50.431 84.6279 83.3282 75.6911 7.63711 1908.27 404.857 41.4267 363.431 1503.41 210.409
internal_count=42585 3705 2499 963 1536 1206 1087 119 38880 8061 466 7595 30819 3516
is_linear=0
shrinkage=0.03


Tree=297
num_leaves=15
num_cat=0
split_feature=7 23 18 13 6 8 13 7 18 13 8 13 19 18
split_gain=1.21397 5.55327 3.82583 2.35239 1.91946 1.87795 1.22964 1.93945 2.99507 2.1661 1.67503 2.23635 1.30437 1.19302
threshold=0.12789115646258506 -0.0093123201607708244 0.034400606860593104 0.45448979591836741 -0.47655987536503458 -0.23872645782435267 0.41408163265306125 0.21204081632653063 0.050821399120580819 0.66333333333333344 0.46534365641746384 0.25244897959183682 0.0046218421950400424 0.10098930372332705
decision_type=2 2 2 2 2 2 2 2 2 2 2 2 2 2
left_child=1 5 4 -4 -3 -1 10 8 -8 -9 12 -12 -2 -7
right_child=6 2 3 -5 -6 13 7 9 -10 -11 11 -13 -14 -15
leaf_value=-0.0043805089739994852 -0.0022237756738444866 -0.00064385925075293381 -0.015772345215533633 -0.0031755480912385187 0.0070899280304694036 0.0081907386042217797 -0.0076196696440551832 -0.0024189127819835335 0.0034920574447403351 0.00053067982054200884 0 0.0075843396413638638 0.00085470848020409668 -0.002414309310825093
leaf_weight=10.458422738127409 174.43613182846457 88.343534722924232 18.122675742022693 58.518882925622165 38.826517978683114 116.70763939339668 81.395927887409925 345.56022770516574 26.137982220388949 615.04945962782949 68.852352928370237 64.130073195323348 411.90233075711876 7.2098275404423466
leaf_count=283 4225 1389 377 949 671 1329 1607 8861 502 10521 935 908 9938 90
internal_value=0 0.00163798 -0.00142496 -0.0066703 0.00167445 0.00634638 -0.000317036 -0.000967582 -0.00476738 -0.000517616 0.000628192 0.00364282 -4.00935e-05 0.00742604
internal_weight=2125.65 338.188 203.812 76.6416 127.17 134.376 1787.46 1068.14 107.534 960.61 719.321 132.982 586.338 123.917
internal_count=42585 5088 3386 1326 2060 1702 37497 21491 2109 19382 16006 1843 14163 1419
is_linear=0
shrinkage=0.03


Tree=298
num_leaves=13
num_cat=0
split_feature=9 13 0 24 19 19 0 19 8 12 19 12
split_gain=0.991205 1.41362 2.08559 1.41445 1.3792 1.67297 2.44278 1.59974 1.23433 1.07636 1.15551 1.1188
threshold=0.76775510204081643 0.080816326530612256 -0.49646501450080766 1.0000000180025095e-35 0.0013811796875129181 0.0026914749444809706 -2.1491586061697272 0.0046218421950400424 -0.49689922815193605 1.3442669005715753 0.0067321795170828909 -0.17053203456582736
decision_type=2 2 2 2 2 2 2 2 2 2 2 2
left_child=1 2 3 -1 -2 6 -6 -7 -4 11 -11 -3
right_child=4 9 8 -5 5 7 -8 -9 -10 10 -12 -13
leaf_value=-0.0014626061414192133 0.015679085992807575 -0.0013844521607524593 0.0024780031585304226 0.0089998787533975277 0.010479518633013494 0.003246692731346864 -0.009288721971152377 0.00016184198335654601 -0.0036666774835145029 -0.00073228190974612174 -0.013733783448164852 0.00068935981865264932
leaf_weight=11.730694643221794 3.6691016759723416 756.84440280124545 60.661436416208744 44.802622653543949 4.5025538839399806 205.91852898895741 28.302767175249755 599.81321304198354 52.584477652795613 18.182246952317659 10.38556266762316 326.27393751312047
leaf_count=202 39 20971 1168 623 42 2502 415 7174 1045 439 277 7688
internal_value=0 -0.000520386 0.00198666 0.00659685 0.000803124 0.000683035 -0.00569828 0.000974886 -0.000259171 -0.000919617 -0.0065389 -0.000745803
internal_weight=2123.67 1281.47 169.779 56.5333 842.206 838.537 32.8053 805.732 113.246 1111.69 28.5678 1083.12
internal_count=42585 32413 3038 825 10172 10133 457 9676 2213 29375 716 28659
is_linear=0
shrinkage=0.03


Tree=299
num_leaves=15
num_cat=0
split_feature=4 20 10 12 19 18 12 4 10 19 21 17 18 19
split_gain=1.16064 2.59914 2.69265 3.5234 2.07291 1.95849 1.7067 1.58783 0.861458 2.74519 1.74405 1.20435 1.40326 1.1976
threshold=-1.3629756140206499 0.0035756985504212806 0.50091583400935846 0.35352955357019905 0.0075715717802116661 0.011424498040258248 2.8006303217971742 -1.9225849811391995 1.7425324923322345 0.0080256770953464653 0.0075342475353372884 0.027457251351965754 0.040600317690160266 0.010033660931408553
decision_type=2 2 2 2 2 2 2 2 2 2 2 2 2 2
left_child=1 5 4 -4 -3 6 -1 -7 11 10 -10 -2 -13 -11
right_child=8 2 3 -5 -6 7 -8 -9 9 13 -12 12 -14 -15
leaf_value=0.01397721398177996 -0.00082035495225090175 0.0044415081089775798 -0.0022765444927154233 -0.025911234436624263 -0.0070746931358248062 0.0098292238216295871 -0.0058167313458637043 -0.00099482262022777086 0.0071759116607436708 0.015089916333872603 -0.0019048708469460609 0.0033448430030452248 -0.00033689751992922501 0
leaf_weight=29.67275456618518 1398.7143333368003 77.335071380250156 37.526891279965639 5.2868007896468034 14.42702335398644 14.739732372574506 2.2232062537223092 37.146050556562841 22.405803514644504 16.127070674672726 84.232636982575059 147.68749175034463 229.64757501706481 4.5087852980941525
leaf_count=393 29241 1377 730 88 304 199 27 587 304 221 1415 2996 4649 54
internal_value=1.53334e-06 0.00206974 -0.000422062 -0.00655591 0.00235864 0.00616363 0.0118932 0.0020524 -0.000229791 0.00211656 0 -0.000408562 0.00107462 0.0116074
internal_weight=2121.68 218.358 134.576 42.8137 91.7621 83.7817 31.896 51.8858 1903.32 127.274 106.638 1776.05 377.335 20.6359
internal_count=42585 3705 2499 818 1681 1206 420 786 38880 1994 1719 36886 7645 275
is_linear=0
shrinkage=0.03


end of trees

feature_importances:
macro_topix_vol_20=340
macro_usdjpy_vol_20=337
cs_z_atr_pct=300
cs_z_adv20=260
macro_usdjpy_ret_60=246
cs_z_vol_ratio=226
macro_usdjpy_ret_20=205
cs_z_return_20d=203
cs_z_macd_hist=196
cs_rank_adv20=188
cs_z_rsi=183
macro_topix_ret_20=179
cs_z_return_5d=176
macro_nikkei_ret_20=172
cs_rank_macd_hist=148
cs_rank_atr_pct=136
cs_rank_vol_ratio=130
cs_rank_turnover=106
cs_rank_return_5d=88
cs_rank_rsi=83
cs_rank_return_20d=82
sect_rank_return_5d=66
sect_rank_return_20d=48
macro_topix_above_200dma=21
macro_nikkei_above_200dma=4

parameters:
[boosting: gbdt]
[objective: lambdarank]
[metric: ndcg]
[tree_learner: serial]
[device_type: cpu]
[data_sample_strategy: bagging]
[data: ]
[valid: ]
[num_iterations: 300]
[learning_rate: 0.03]
[num_leaves: 15]
[num_threads: 1]
[seed: 42]
[deterministic: 1]
[force_col_wise: 0]
[force_row_wise: 0]
[histogram_pool_size: -1]
[max_depth: 4]
[min_data_in_leaf: 30]
[min_sum_hessian_in_leaf: 0.001]
[bagging_fraction: 0.7]
[pos_bagging_fraction: 1]
[neg_bagging_fraction: 1]
[bagging_freq: 5]
[bagging_seed: 42]
[bagging_by_query: 0]
[feature_fraction: 0.6]
[feature_fraction_bynode: 1]
[feature_fraction_seed: 42]
[extra_trees: 0]
[extra_seed: 12879]
[early_stopping_round: 0]
[early_stopping_min_delta: 0]
[first_metric_only: 0]
[max_delta_step: 0]
[lambda_l1: 0.5]
[lambda_l2: 2]
[linear_lambda: 0]
[min_gain_to_split: 0]
[drop_rate: 0.1]
[max_drop: 50]
[skip_drop: 0.5]
[xgboost_dart_mode: 0]
[uniform_drop: 0]
[drop_seed: 17869]
[top_rate: 0.2]
[other_rate: 0.1]
[min_data_per_group: 100]
[max_cat_threshold: 32]
[cat_l2: 10]
[cat_smooth: 10]
[max_cat_to_onehot: 4]
[top_k: 20]
[monotone_constraints: ]
[monotone_constraints_method: basic]
[monotone_penalty: 0]
[feature_contri: ]
[forcedsplits_filename: ]
[refit_decay_rate: 0.9]
[cegb_tradeoff: 1]
[cegb_penalty_split: 0]
[cegb_penalty_feature_lazy: ]
[cegb_penalty_feature_coupled: ]
[path_smooth: 0]
[interaction_constraints: ]
[verbosity: -1]
[saved_feature_importance_type: 0]
[use_quantized_grad: 0]
[num_grad_quant_bins: 4]
[quant_train_renew_leaf: 0]
[stochastic_rounding: 1]
[linear_tree: 0]
[max_bin: 255]
[max_bin_by_feature: ]
[min_data_in_bin: 5]
[bin_construct_sample_cnt: 200000]
[data_random_seed: 42]
[is_enable_sparse: 1]
[enable_bundle: 1]
[use_missing: 1]
[zero_as_missing: 0]
[feature_pre_filter: 1]
[pre_partition: 0]
[two_round: 0]
[header: 0]
[label_column: ]
[weight_column: ]
[group_column: ]
[ignore_column: ]
[categorical_feature: ]
[forcedbins_filename: ]
[precise_float_parser: 0]
[parser_config_file: ]
[objective_seed: 16083]
[num_class: 1]
[is_unbalance: 0]
[scale_pos_weight: 1]
[sigmoid: 1]
[boost_from_average: 1]
[reg_sqrt: 0]
[alpha: 0.9]
[fair_c: 1]
[poisson_max_delta_step: 0.7]
[tweedie_variance_power: 1.5]
[lambdarank_truncation_level: 30]
[lambdarank_norm: 1]
[label_gain: 0,1,3,7,15]
[lambdarank_position_bias_regularization: 0]
[eval_at: ]
[multi_error_top_k: 1]
[auc_mu_weights: ]
[num_machines: 1]
[local_listen_port: 12400]
[time_out: 120]
[machine_list_filename: ]
[machines: ]
[gpu_platform_id: -1]
[gpu_device_id: -1]
[gpu_use_dp: 0]
[num_gpu: 1]

end of parameters

pandas_categorical:[]
