tree
version=v4
num_class=1
num_tree_per_iteration=1
label_index=0
max_feature_idx=44
objective=binary sigmoid:1
feature_names=return_1d return_2d return_3d return_5d return_10d return_20d div_ma_5 div_ma_10 div_ma_20 div_ma_60 ma_5_20_cross ma_20_60_cross rsi rsi_change macd macd_signal macd_hist macd_hist_change bb_pct_b bb_bandwidth atr_pct volatility vol_change vol_ratio candle_body_pct upper_shadow_pct lower_shadow_pct day_of_week month is_month_end is_month_start streak gap price_position_20d macro_usdjpy_ret_20 macro_usdjpy_ret_60 macro_usdjpy_vol_20 macro_topix_ret_20 macro_topix_vol_20 macro_topix_above_200dma macro_nikkei_ret_20 macro_nikkei_above_200dma macro_nikkei_vi macro_jgb10y macro_bias_score
feature_infos=[-0.17675111773472429:0.17123287671232879] [-0.23827909542195258:0.26712328767123283] [-0.26892535733192169:0.27564213066712639] [-0.28389940368161781:0.28005535374502677] [-0.2984505969011938:0.33802572123740005] [-0.32879708383961115:0.26574768801256332] [-0.2048137271837393:0.17185025654019126] [-0.24659028914348063:0.21470781352593565] [-0.28272781572181677:0.21539611237486755] [-0.30525627373875419:0.2469968308129207] [-0.16954755832624924:0.16452142090983668] [-0.12032035511819439:0.12994035859049635] [9.2673763306199106:88.879003558718864] [-23.79337319702524:44.371219043103238] [-60.111930750563715:104.01485261390326] [-47.756983053522504:80.520066233887178] [-29.949119346757552:46.462356700909922] [-11.862081632049899:19.406886056669155] [-0.36622335903032688:1.3346421655024872] [0.033851282131718487:0.46562211723856611] [0.013029957091682084:0.062387997978219915] [0.0081498326598747131:0.05352207553930996] [-0.84521095706117566:5.4479299363057327] [0.44628194055592812:2.2704812658725801] [-1:0.98999999999999999] [0:0.92156862745098034] [0:0.98750000000000004] [0:4] [1:12] [0:1] [0:1] [-8:7] [-0.1156998738965952:0.11585807385952207] [0:1] [-0.10288784967882303:0.08505611680078462] [-0.13986255140503889:0.13160084488587853] [0.0024251968629527628:0.011841457708833433] [-0.21871130063915301:0.21255316252998058] [0.0039190425134663694:0.040640975235326539] [0:1] [-0.22859537662338159:0.23022297972565586] [0:1] none none none
tree_sizes=1192 1307 1412 1309 1189 1172 1079 1421 1204 1183 1206 1304 1169 1305 1072 1407 1414 1307 1416 1084 1320 1482 1318 1320 1695 1693 1614 1266 1301 1288 1470 1501 1605 1317 1604 1395 1409 1190 1408 1310 1199 1202 1190 1393 1314 1103 1176 1103 1269 1304 1185 1202 1203 1289 1096 1287 998 892 1207 887 844 848 897 893 849 996 968 974 1097 1518 1101 1416 999 1000 1100 1262 1304 1405 1306 1267 1203 1103 1084 1298 890 1100 1098 1183 1091 992 1410 1422 1204 1302 1367 972 1172 971 1459 1099 1102 995 1095 991 1099 1154 1190 1092 1180 1177 1208 1204 1294 1268 1182 1173 1453 1273 1272 1475 1289 1505 1171 1105 1211 1211 975 886 1189 1184 1087 1075 1107 1206 1058 1421 881 1403 1204 1187 1221 1320 1089 1318 992 1508 1314 1290 1477 1378 1398 1249 1185 1292 1208 1001 1005 871 1447 1084 1054 888 888 990 997 1369 1182 1218 1213 1298 974 1101 995 1319 1197 1424 885 1105 997 991 1041 1078 1080 1290 1309 1295 996 1319 1208 893 1287 856 1314 1374 1291 1524 1186 1293 1271 1292 1090 986 1421 1070 1390 989 1004 1307 1194 1059 1480 1305 1403 1308 1297

Tree=0
num_leaves=10
num_cat=0
split_feature=37 23 4 16 32 32 33 16 15
split_gain=17.0972 20.3798 9.57309 19.0508 9.41346 9.19209 6.36325 3.85401 2.81977
threshold=0.011389003375143593 1.1647258713112458 -0.00046977606393677757 3.5502002309657348 -0.0083327703633918598 0.0059569773584717831 0.82603818302747578 0.13669466159881075 6.7148236955793648
decision_type=2 2 2 2 2 2 2 2 2
left_child=4 2 -2 -4 -1 8 -3 -7 -6
right_child=1 6 3 -5 5 7 -8 -9 -10
leaf_value=-0.10831982702154773 -0.13447730877351649 -0.067052570712425152 -0.097317627507809326 -0.1356536647202802 -0.067802534261536429 -0.088973787645284214 -0.10065684512944695 -0.11396825081280423 -0.092901499808845142
leaf_weight=14.463111340999601 17.455479204654694 8.9771035909652728 37.155234307050705 14.463111340999601 23.689578920602798 10.722651511430742 11.221379488706587 7.7302836477756491 8.727739602327345
leaf_count=58 70 36 149 58 95 43 45 31 35
internal_value=-0.099979 -0.108349 -0.116164 -0.108673 -0.0884398 -0.0824394 -0.0833363 -0.100426 -0.073263
internal_weight=154.606 89.2723 69.0738 51.6183 65.3334 50.8703 20.1985 18.4529 32.4173
internal_count=620 358 277 207 262 204 81 74 130
is_linear=0
shrinkage=1


Tree=1
num_leaves=11
num_cat=0
split_feature=37 23 15 35 18 40 33 15 33 3
split_gain=16.1509 19.3905 9.07882 10.3318 8.58321 8.87883 7.16346 7.42898 6.02942 1.24558
threshold=0.011389003375143593 1.1647258713112458 2.9756899377715063 0.042089924928486074 0.58254546181826272 0.04303580383656281 0.56456934739918718 -5.1871039669125016 0.82603818302747578 -0.0052476070743770467
decision_type=2 2 2 2 2 2 2 2 2 2
left_child=2 4 6 9 -2 -6 7 -1 -3 -4
right_child=1 8 3 -5 5 -7 -8 -9 -10 -11
leaf_value=0.0046614617910495024 -0.033556831440667047 0.03303922018997961 -0.0039460382963230978 0.018908750164096117 0.0035376880070509338 -0.019857893582570292 -0.0024020163128394196 0.037295911866363114 0.00029822722880116018 -0.024632222966182695
leaf_weight=11.22455979883671 15.434957832098005 8.9898912906646746 7.7328329533338547 10.725311458110808 26.919624030590057 26.66197943687439 7.9836479127407065 20.216210335493088 11.221552491188048 7.4825024008750933
leaf_count=45 62 36 31 43 108 107 32 81 45 30
internal_value=0.000957883 -0.00717849 0.0121707 -0.00112243 -0.0148123 -0.00812963 0.0209113 0.0270693 0.0172002 -0.0166701
internal_weight=154.593 89.228 65.3651 25.9406 69.0166 53.5816 39.4244 31.4408 20.2114 15.2153
internal_count=620 358 262 104 277 215 158 126 81 61
is_linear=0
shrinkage=0.03


Tree=2
num_leaves=12
num_cat=0
split_feature=40 11 19 11 7 0 17 9 0 25 24
split_gain=12.8024 14.39 11.3052 10.3187 7.82311 7.76682 6.42578 4.28648 4.00686 2.78344 0.634212
threshold=0.031369558146411076 0.038457335616004291 0.056984045110770674 0.049986410004445266 0.018668766377788411 -0.015202685043895823 1.0743031260346025 0.022940373143498009 -0.0076060187237443335 0.13453458306399485 0.35300925925925936
decision_type=2 2 2 2 2 2 2 2 2 2 2
left_child=2 8 7 -3 5 -4 -6 -1 -2 -5 -10
right_child=1 3 4 9 6 -7 -8 -9 10 -11 -12
leaf_value=0.00055886649692653745 -0.0031141936208167096 0.030235596499823634 -0.0016713698993051048 -0.018769021505121199 -0.014547683136523328 0.02387050958605013 0.01402772195782977 -0.026571358574137685 -0.038408354834587523 0.0012050904513871436 -0.014811466203051129
leaf_weight=8.4797438383102435 7.7143136858940151 7.727146282792094 12.217585712671278 7.720187813043597 13.712203383445742 44.418729618191719 10.727085977792738 8.2197943329811078 11.70107837021351 13.698787420988081 8.2209197580814344
leaf_count=34 31 31 49 31 55 178 43 33 47 55 33
internal_value=0.000934135 -0.0100759 0.00755233 0.00419269 0.0122687 0.0182357 -0.00132546 -0.0134066 -0.0248977 -0.00634186 -0.0315949
internal_weight=154.558 56.7824 97.7751 29.1461 81.0756 56.6363 24.4393 16.6995 27.6363 21.419 19.922
internal_count=620 228 392 117 325 227 98 67 111 86 80
is_linear=0
shrinkage=0.03


Tree=3
num_leaves=11
num_cat=0
split_feature=37 23 20 14 15 35 38 33 1 22
split_gain=14.5849 18.3975 10.0096 9.48967 8.43015 9.73897 7.78271 5.63027 5.32049 0.424339
threshold=0.011389003375143593 1.1647258713112458 0.023247622665385735 17.841713609890295 2.9756899377715063 0.042089924928486074 0.0096610149839982794 0.82603818302747578 0.0015093404062042073 -0.017701237612694761
decision_type=2 2 2 2 2 2 2 2 2 2
left_child=4 2 3 -2 6 9 -1 -3 -8 -6
right_child=1 7 -4 -5 5 -7 8 -9 -10 -11
leaf_value=0.037061051707993058 -0.016165151906141022 0.03218377169396542 -0.035243087541532707 0.0090835438941462079 -0.0055748137438997643 0.018171136106590137 0.020646467744999189 0.00044952654721860881 -0.0044450128180178131 -0.021963293297227963
leaf_weight=13.742600247263907 36.326161339879036 8.9965579509735125 14.410967305302618 18.183006837964058 7.4799042642116547 10.736541569232939 12.983211219310762 11.216956481337546 12.733889192342756 7.7238765954971331
leaf_count=55 146 36 58 73 30 43 52 45 51 31
internal_value=0.000878914 -0.00685516 -0.0143061 -0.00745392 0.0115329 -0.00125194 0.0199542 0.016875 0.00825693 -0.0163579
internal_weight=154.534 89.1336 68.9201 54.5092 65.4 25.9403 39.4597 20.2135 25.7171 15.2038
internal_count=620 358 277 219 262 104 158 81 103 61
is_linear=0
shrinkage=0.03


Tree=4
num_leaves=10
num_cat=0
split_feature=37 23 4 16 32 32 16 38 15
split_gain=13.7723 17.4935 8.55201 17.827 8.45616 8.65322 5.22347 4.26778 2.36719
threshold=0.011389003375143593 1.1647258713112458 -0.00046977606393677757 3.5502002309657348 -0.0083327703633918598 0.0059569773584717831 4.3914873025031422 0.011108817459501435 6.7148236955793648
decision_type=2 2 2 2 2 2 2 2 2
left_child=4 2 -2 -4 -1 8 -3 -7 -6
right_child=1 6 3 -5 5 7 -8 -9 -10
leaf_value=-0.0075605415767862451 -0.031284148666236307 0.027692802026862855 0.0040908518621616792 -0.033047153432394172 0.030831148139900646 0.01557551718191792 -0.00062112090696107868 -0.010888671852302381 0.0075248184916088447
leaf_weight=14.463083714246748 17.337968692183495 11.987965777516367 37.11329747736454 14.393484473228453 23.735931351780891 7.4878905266523388 8.2282647490501386 10.982696697115896 8.7320323437452299
leaf_count=58 70 48 149 58 95 30 33 44 35
internal_value=0.000865762 -0.0066517 -0.013928 -0.0068543 0.0112189 0.0169185 0.016475 0 0.0257986
internal_weight=154.463 89.061 68.8448 51.5068 65.4016 50.9386 20.2162 18.4706 32.468
internal_count=620 358 277 207 262 204 81 74 130
is_linear=0
shrinkage=0.03


Tree=5
num_leaves=10
num_cat=0
split_feature=14 23 6 33 36 40 33 33 38
split_gain=20.1673 15.0931 8.9999 8.86 8.0775 4.87052 5.35737 4.67612 1.54443
threshold=-1.9271122185480463 1.1509241142342395 -0.0075226857690804741 0.48839475725451981 0.0047150117151990144 0.0026908063712992596 0.92044015970396342 0.46864020542490087 0.013727120279550404
decision_type=2 2 2 2 2 2 2 2 2
left_child=7 2 3 -2 -4 -3 -7 8 -1
right_child=1 5 4 -5 -6 6 -8 -9 -10
leaf_value=0.034270060007311802 -0.014879814966953673 -0.0063112889852228165 0.00042530456182027178 0.02140172677637768 -0.022000207387388289 0.029599619371186856 0 0.0016183004361209543 0.010612830219685071
leaf_weight=12.738343179225923 8.951044902205469 7.4849032610654858 17.15704408288002 11.18846572935581 58.885363712906837 12.984625920653345 7.9786323308944693 11.224321112036703 8.7210165411233884
leaf_count=51 36 30 69 45 237 52 32 45 35
internal_value=-0.000846622 -0.00647669 -0.012192 0.00471132 -0.016867 0.0118855 0.0190197 0.0193251 0.0270197
internal_weight=157.314 124.63 96.1819 20.1395 76.0424 28.4482 20.9633 32.6837 21.4594
internal_count=632 501 387 81 306 114 84 131 86
is_linear=0
shrinkage=0.03


Tree=6
num_leaves=9
num_cat=0
split_feature=14 20 14 38 4 24 7 38
split_gain=19.1333 7.73848 10.2116 6.88654 6.18818 6.0047 5.17924 0.47584
threshold=-1.9271122185480463 0.024458779149250241 11.166368913475141 0.0077744089938317851 0.024548051171006894 -0.65255952380952376 0.015057460955726149 0.011973613661846742
decision_type=2 2 2 2 2 2 2 2
left_child=6 2 5 -4 -3 -2 7 -1
right_child=1 4 3 -5 -6 -7 -8 -9
leaf_value=0.033335009417404471 0.010484511285904019 -0.035998276039999708 -0.0085108894994231597 0.015671281212078746 -0.0043949249650734792 -0.014799234881803838 0 0.015015192589094542
leaf_weight=10.485290214419367 7.9560599774122229 10.885481715202333 13.178003117442129 31.112802356481552 13.170364081859587 48.234785601496696 8.4833343774080259 13.713009461760519
leaf_count=42 32 44 53 125 53 194 34 55
internal_value=-0.000791291 -0.00628144 -0.00228636 0.00809538 -0.0209369 -0.0107242 0.0188529 0.0254647
internal_weight=157.219 124.537 100.482 44.2908 24.0558 56.1908 32.6816 24.1983
internal_count=632 501 404 178 97 226 131 97
is_linear=0
shrinkage=0.03


Tree=7
num_leaves=12
num_cat=0
split_feature=23 37 9 32 23 20 16 38 38 1 9
split_gain=14.6475 16.1309 8.31544 11.9663 6.02963 4.36907 5.02373 2.53143 3.99999 2.04898 1.16644
threshold=1.1509241142342395 0.015780802731200087 -0.0098111908746514962 -0.0053398889726055101 1.5629268841939881 0.023247622665385735 2.9258480981348849 0.011586685929200726 0.008608071294514354 -0.0043352830963354618 -0.029662452833739531
decision_type=2 2 2 2 2 2 2 2 2 2 2
left_child=1 2 10 -4 7 6 -3 8 -2 -7 -1
right_child=4 5 3 -5 -6 9 -8 -9 -10 -11 -12
leaf_value=0.008308937784186711 0.0070085098622640375 -0.0031630244326573687 -0.030941805970142334 0.0071962022061679513 -0.0056420956394136025 -0.010439256730709386 -0.023950875385061098 0.0026722392670865732 0.036474782479236099 -0.039039282389037068 0.030924355482806528
leaf_weight=7.9911955744028118 9.4879218488931709 36.261580273509026 7.7060814797878256 28.640625834465027 7.9805292785167685 7.6573955118656185 14.613111332058905 7.4867207258939734 12.478334769606588 8.6075210869312269 8.2336381524801237
leaf_count=32 38 146 31 115 32 31 59 30 50 35 33
internal_value=-0.000763724 -0.00599115 0.00613245 -0.00169056 0.015029 -0.0156039 -0.0100979 0.0211095 0.0260202 -0.0290133 0.0227429
internal_weight=157.145 119.711 52.5715 36.3467 37.4335 67.1396 50.8747 29.453 21.9663 16.2649 16.2248
internal_count=632 482 211 146 150 271 205 118 88 66 65
is_linear=0
shrinkage=0.03


Tree=8
num_leaves=10
num_cat=0
split_feature=14 16 16 5 1 15 27 32 1
split_gain=17.5659 7.4406 8.46667 8.21097 6.10186 6.03123 2.03217 2.75841 0.533935
threshold=-1.9271122185480463 -2.0140280774901944 2.9258480981348849 0.12471562380663261 0.0037496264806787809 6.2675514914099404 1.5000000000000002 -1.0000000180025095e-35 -0.00850121515426072
decision_type=2 2 2 2 2 2 2 2 2
left_child=4 6 5 -4 8 -3 -2 -8 -1
right_child=1 2 3 -5 -6 -7 7 -9 -10
leaf_value=0.015519757532813427 -0.029575638023041084 -0.0059505949042115243 -0.022845312192222408 0.0054337475677927747 0.00095818020782626736 0.012303627436232228 -0.020065762738375379 0.0020829068684008675 0.037222646232321681
leaf_weight=10.967979565262793 10.905759528279306 25.333384200930595 24.001314967870712 12.179924190044401 13.468566462397574 36.586680874228477 7.6615957915782928 7.7029444277286512 8.2195086777210253
leaf_count=44 44 102 97 49 54 147 31 31 33
internal_value=-0.000746575 -0.00601563 -0.0018966 -0.0131467 0.018077 0.00464809 -0.0196444 -0.00913684 0.0281608
internal_weight=157.028 124.372 98.1013 36.1812 32.6561 61.9201 26.2703 15.3645 19.1875
internal_count=632 501 395 146 131 249 106 62 77
is_linear=0
shrinkage=0.03


Tree=9
num_leaves=10
num_cat=0
split_feature=14 23 6 33 20 7 40 33 11
split_gain=16.7426 13.3516 8.46747 8.26418 6.27174 4.76318 4.49833 5.07527 1.20487
threshold=-1.9271122185480463 1.1509241142342395 -0.0075226857690804741 0.48839475725451981 0.025390993520416027 0.015057460955726149 0.0026908063712992596 0.92044015970396342 -0.0040953925999422927
decision_type=2 2 2 2 2 2 2 2 2
left_child=5 2 3 -2 -4 8 -3 -8 -1
right_child=1 6 4 -5 -6 -7 7 -9 -10
leaf_value=0.010351763210594151 -0.013872952630131722 -0.0060622690872260869 -0.011494353383023065 0.021173009158521858 -0.037320852690719816 -0.00014708790070438508 0.028550058340864305 0 0.03053176669514476
leaf_weight=10.218871578574181 8.9168396741151827 7.4791253358125713 66.189891323447227 11.188006252050398 9.5594788789749128 8.4831636250019056 12.981383547186853 7.9799130856990805 13.946197465062141
leaf_count=41 36 30 267 45 39 34 52 32 56
internal_value=-0.000718147 -0.00586687 -0.011266 0.00510209 -0.0158227 0.0176578 0.011382 0.0182454 0.0240149
internal_weight=156.943 124.295 95.8542 20.1048 75.7494 32.6482 28.4404 20.9613 24.1651
internal_count=632 501 387 81 306 131 114 84 97
is_linear=0
shrinkage=0.03


Tree=10
num_leaves=10
num_cat=0
split_feature=5 11 20 7 23 37 32 3 4
split_gain=16.8107 11.9302 18.0394 10.7702 8.04331 9.56255 2.58166 2.73288 2.46854
threshold=-0.034757597845366188 0.041628441730638073 0.01677635976088063 0.025228459241613668 1.1867040826536834 0.011896832345453469 0.0059569773584717831 -0.027821620020469558 0.045467402640370642
decision_type=2 2 2 2 2 2 2 2 2
left_child=6 4 -3 -4 5 -2 7 -1 -6
right_child=1 2 3 -5 8 -7 -8 -9 -10
leaf_value=0.0069424889892859623 -0.00013602189424793466 -0.029883801362299869 0.023763440937713473 -0.0086882544372296946 -0.0040128756865057654 -0.025834956318378337 0.0035061590087111603 0.035045658088945629 0.015981887870355538
leaf_weight=7.4686543047428158 21.667736202478409 7.6725007295608512 31.534758031368256 10.687426716089247 8.981108486652376 36.008135199546814 8.2320133894681913 12.216743379831316 8.2260395437479001
leaf_count=30 87 31 127 43 36 146 33 49 33
internal_value=0.00075421 -0.00392951 0.00708393 0.0151885 -0.0114563 -0.0167598 0.0210528 0.0266987 0.00543369
internal_weight=152.695 124.778 49.8947 42.2222 74.883 57.6759 27.9174 19.6854 17.2071
internal_count=615 503 201 170 302 233 112 79 69
is_linear=0
shrinkage=0.03


Tree=11
num_leaves=11
num_cat=0
split_feature=5 14 16 16 5 19 40 3 9 3
split_gain=16.0115 12.7168 6.95857 10.759 10.3959 6.8935 9.19817 1.45496 0.988384 0.10512
threshold=-0.034757597845366188 10.089492016959243 3.2195233382754949 -1.3382301051424645 0.12471562380663261 0.058751018058597233 0.034040450925584394 -0.029197596521280064 0.021322297532142927 -0.0062581865570914821
decision_type=2 2 2 2 2 2 2 2 2 2
left_child=7 5 3 -3 -4 8 -7 -1 -2 -9
right_child=1 2 4 -5 -6 6 -8 9 -10 -11
leaf_value=0.006778327289307432 -0.011600718419873465 -0.0070848646731100674 -0.028384253336652301 0.022754115276202403 0.013354635336719376 0.0027720799144142806 -0.023947059601606278 0.033265380742608167 -0.036113573800274183 0.014201026063313756
leaf_weight=9.7151824086904544 7.4361067116260555 14.822165206074713 9.3832607418298739 28.153580904006958 7.9476952105760565 32.083973497152328 15.226681172847746 7.9684960395097777 9.6324404478073102 10.222377821803089
leaf_count=39 30 60 38 113 32 129 62 32 39 41
internal_value=0.00073525 -0.00383564 0.0058048 0.0122718 -0.00906616 -0.012995 -0.00614563 0.0205505 -0.0285577 0.0257629
internal_weight=152.592 124.686 60.3067 42.9757 17.331 64.3792 47.3107 27.9061 17.0685 18.1909
internal_count=615 503 243 173 70 260 191 112 69 73
is_linear=0
shrinkage=0.03


Tree=12
num_leaves=10
num_cat=0
split_feature=19 7 13 1 14 34 34 36 19
split_gain=11.4651 10.4109 7.60451 6.83569 6.49184 5.65533 5.36968 5.28679 3.71188
threshold=0.058751018058597233 0.019085463470536333 -1.0000000180025095e-35 0.017484861649691322 -3.7514779561288374 0.016536368096459756 0.012675188907158576 0.0062727771891288196 0.074962743910666957
decision_type=2 2 2 2 2 2 2 2 2
left_child=7 2 4 6 -2 -5 -3 -1 -4
right_child=1 3 8 5 -6 -7 -8 -9 -10
leaf_value=0 0.020668897451898895 -0.0021484192440187721 0 -0.0067670294569152157 -0.0035769911689548552 0.022059431759216236 -0.03166290129840553 -0.029186449457591742 0.024659924158994768
leaf_weight=7.9142175316810635 10.943629205226896 12.392700701951982 7.4253741502761832 13.167474642395975 39.136891022324562 7.9568396955728522 10.879464924335478 13.0761811286211 29.588156819343567
leaf_count=32 44 50 30 53 158 32 44 53 119
internal_value=0.00070793 0.00416122 0.0101825 -0.00725743 0.00202349 0.00441109 -0.0179535 -0.0187523 0.0201678
internal_weight=152.481 131.491 87.0941 44.3965 50.0805 21.1243 23.2722 20.9904 37.0135
internal_count=615 530 351 179 202 85 94 85 149
is_linear=0
shrinkage=0.03


Tree=13
num_leaves=11
num_cat=0
split_feature=5 14 13 5 14 38 32 3 19 15
split_gain=14.7275 11.8951 6.91352 7.42655 6.37774 7.67304 2.5586 2.5127 2.15318 0.776694
threshold=-0.034757597845366188 10.089492016959243 2.5085572888230279 0.066684559102845778 5.8384813804860878 0.0094531622467390591 0.0059569773584717831 -0.027821620020469558 0.10023484895274794 19.225928545547671
decision_type=2 2 2 2 2 2 2 2 2 2
left_child=6 4 3 -3 5 -2 7 -1 -6 -4
right_child=1 2 9 -5 8 -7 -8 -9 -10 -11
leaf_value=0.0063473615592877152 0.0063600339140225679 0.015171748972406153 0.027601592119362389 -0.0095159480944452569 -0.032788148796509056 -0.017643646582934672 0.002580439083934558 0.033273290165004195 -0.0072955681945800783 0.0074536374804722366
leaf_weight=7.4620552062988308 22.535992980003357 14.904769659042357 8.9560023844242114 28.970624819397926 13.320108249783518 20.767992585897446 8.2293783426284772 12.185722738504412 7.625376120209693 7.4474776536226264
leaf_count=30 91 60 36 117 54 84 33 49 31 30
internal_value=0.000678998 -0.00370368 0.00561316 -0.000506588 -0.0125767 -0.0050914 0.019696 0.0252712 -0.0256059 0.0210733
internal_weight=152.406 124.528 60.2789 43.8754 64.2495 43.304 27.8772 19.6478 20.9455 16.4035
internal_count=615 503 243 177 260 175 112 79 85 66
is_linear=0
shrinkage=0.03


Tree=14
num_leaves=9
num_cat=0
split_feature=19 37 7 3 11 23 16 25
split_gain=10.7808 10.2757 12.6031 9.61952 9.48513 9.09462 7.0023 4.17643
threshold=0.058751018058597233 0.0057400889185025292 0.018668766377788411 -0.027821620020469558 0.040251924530567369 1.2924993648579026 -1.2359455289932841 0.22391107078039932
decision_type=2 2 2 2 2 2 2 2
left_child=7 2 3 -2 5 -3 -6 -1
right_child=1 4 -4 -5 6 -7 -8 -9
leaf_value=-0.0038871649386508756 0 -0.019119685334913837 -0.012037177425403828 0.031461624701175306 -0.0099185683956199838 0.011690599535547505 0.016353481470198866 -0.032050988940787582
leaf_weight=12.077720403671266 12.690690845251082 33.897316291928291 10.70485472679138 27.356602072715759 11.109855785965918 9.2135697007179242 26.390173509716988 8.859277740120886
leaf_count=49 51 138 43 110 45 37 106 36
internal_value=0.000676999 0.00402836 0.0143736 0.0220268 -0.00249368 -0.0119761 0.0080822 -0.0182139
internal_weight=152.3 131.363 50.7521 40.0473 80.6109 43.1109 37.5 20.937
internal_count=615 530 204 161 326 175 151 85
is_linear=0
shrinkage=0.03


Tree=15
num_leaves=12
num_cat=0
split_feature=37 12 40 23 15 19 19 25 32 28 35
split_gain=13.9201 14.1767 8.58359 7.47368 5.53974 6.33175 8.3529 5.68676 5.67804 5.9334 1.5793
threshold=0.026809888263622742 61.662073087480074 0.04303580383656281 1.0905305432661472 2.9756899377715063 0.078242647996951839 0.11454394939195407 0.17165178571428574 0.0072156759705307447 6.5000000000000009 -0.015157193110803433
decision_type=2 2 2 2 2 2 2 2 2 2 2
left_child=4 10 -3 -4 8 7 -7 -6 9 -1 -2
right_child=1 2 3 -5 5 6 -8 -9 -10 -11 -12
leaf_value=0.03709796426286769 -0.0087130821471112698 0.019375868751037355 -0.018620318002422778 0.0097445308122329159 0.005239973505162988 0.027319159482254038 -0.0066505320766288619 -0.023339186139791399 -0.00046653788168369778 0.0092873503051161474 -0.032594505791178507
leaf_weight=12.908997520804403 7.3499059230089214 13.634654864668844 19.169796586036686 11.438763469457625 9.394646957516672 11.702554717659952 10.1682763248682 11.35053765773773 12.172448441386221 20.089323744177818 15.97958931326866
leaf_count=52 30 55 78 46 38 47 41 46 49 81 65
internal_value=0.000955553 -0.00902367 0.000858529 -0.00761254 0.00883389 0.000594713 0.0116635 -0.0104146 0.0159343 0.0220938 -0.026945
internal_weight=155.359 67.5727 44.2432 30.6086 87.7868 42.616 21.8708 20.7452 45.1708 32.9983 23.3295
internal_count=628 274 179 124 354 172 88 84 182 133 95
is_linear=0
shrinkage=0.03


Tree=16
num_leaves=12
num_cat=0
split_feature=37 12 40 23 15 19 19 25 32 28 35
split_gain=13.2009 13.5185 8.12386 7.10047 5.25539 5.99477 7.9386 5.42294 5.40943 5.63815 1.479
threshold=0.026809888263622742 61.662073087480074 0.04303580383656281 1.0905305432661472 2.9756899377715063 0.078242647996951839 0.11454394939195407 0.17165178571428574 0.0072156759705307447 6.5000000000000009 -0.015157193110803433
decision_type=2 2 2 2 2 2 2 2 2 2 2
left_child=4 10 -3 -4 8 7 -7 -6 9 -1 -2
right_child=1 2 3 -5 5 6 -8 -9 -10 -11 -12
leaf_value=0.036192762576853263 -0.008514693108333837 0.018857740177219182 -0.018150283637730285 0.0094929201289961056 0.0051086522061377414 0.026610747771648551 -0.0064861701029002954 -0.022788308563618867 -0.00045452256871977858 0.0090363616517615177 -0.031831810384220963
leaf_weight=12.885266974568365 7.3422376066446331 13.643800988793371 19.12866443395615 11.442639261484144 9.3984114676713961 11.706834301352503 10.163913235068319 11.324907898902891 12.172269672155378 20.083531990647316 15.920397996902464
leaf_count=52 30 55 78 46 38 47 41 46 49 81 65
internal_value=0.000931366 -0.00879216 0.000846593 -0.00739551 0.00860624 0.000570262 0.0113466 -0.0101403 0.0155247 0.0215419 -0.0263229
internal_weight=155.213 67.4777 44.2151 30.5713 87.7351 42.5941 21.8707 20.7233 45.1411 32.9688 23.2626
internal_count=628 274 179 124 354 172 88 84 182 133 95
is_linear=0
shrinkage=0.03


Tree=17
num_leaves=11
num_cat=0
split_feature=37 12 40 23 27 7 23 17 19 23
split_gain=12.5214 12.8955 7.68977 6.7467 5.50883 5.05834 5.08977 4.51174 2.45574 1.42687
threshold=0.026809888263622742 61.662073087480074 0.04303580383656281 1.0905305432661472 1.0000000180025095e-35 0.018192019066681088 0.87232840178412396 1.1648148176334077 0.084354783897555394 1.0358952469251912
decision_type=2 2 2 2 2 2 2 2 2 2
left_child=4 9 -3 -4 8 6 -6 -7 -1 -2
right_child=1 2 3 -5 5 7 -8 -9 -10 -11
leaf_value=-0.017410082464161356 -0.031348967420045816 0.018356585053765941 -0.017693964816481458 0.0092482242498869004 0.0031936310351939161 -0.017367724136785972 0.02313495637672586 0.010480558826024021 0.0032127386268955933 -0.0086185475622767693
leaf_weight=7.3760490864515296 15.53617584705353 13.650299549102781 19.085558682680134 11.445900306105612 20.759999811649323 7.4343403875827816 34.212217539548874 9.4582780003547651 8.4273891448974592 7.6532371491193762
leaf_count=30 64 55 78 46 84 30 138 38 34 31
internal_value=0.000907834 -0.00856823 0.000834737 -0.00718494 0.00838595 0.0119365 0.016244 -0.00152249 -0.00644467 -0.0257226
internal_weight=155.039 67.3712 44.1818 30.5315 87.6683 71.8648 54.9722 16.8926 15.8034 23.1894
internal_count=628 274 179 124 354 290 222 68 64 95
is_linear=0
shrinkage=0.03


Tree=18
num_leaves=12
num_cat=0
split_feature=37 23 27 7 23 13 7 17 26 34 23
split_gain=11.8441 9.64133 5.21771 4.78912 4.79201 4.67169 4.52763 4.30139 3.05243 2.68735 0.487436
threshold=0.026809888263622742 1.0875110787454916 1.0000000180025095e-35 0.018192019066681088 0.87232840178412396 -0.38036179618802629 0.028865784149423538 1.1648148176334077 0.27780112044817934 -1.0000000180025095e-35 0.93094611087953394
decision_type=2 2 2 2 2 2 2 2 2 2 2
left_child=2 5 9 4 -4 10 -3 -5 -7 -1 -2
right_child=1 6 3 7 -6 8 -8 -9 -10 -11 -12
leaf_value=0.0049382361909411799 -0.029805792662203109 0.018771076763910585 0.0031060518655854435 -0.016974342727533617 0.022486263289003341 -0.013022713767595484 -0.0053136760924293088 0.010218889527346921 0.0082690879749859787 -0.016687890122991926 -0.010609285673550272
leaf_weight=7.4149711281061181 15.507945820689203 11.419297456741335 20.761368647217751 7.4249241501092937 34.201056525111198 12.943871691823007 11.92803420126438 9.4606317877769452 7.612414985895156 8.3783517181873286 7.8343617618083945
leaf_count=30 64 46 84 30 138 53 48 38 31 34 32
internal_value=0.00087162 -0.00835301 0.00814533 0.011603 0.0157951 -0.0164776 0.00642614 -0.00147557 -0.00443884 -0.0062776 -0.0253005
internal_weight=154.887 67.2459 87.6413 71.848 54.9624 43.8986 23.3473 16.8856 20.5563 15.7933 23.3423
internal_count=628 274 354 290 222 180 94 68 84 64 96
is_linear=0
shrinkage=0.03


Tree=19
num_leaves=9
num_cat=0
split_feature=5 20 21 0 16 12 36 3
split_gain=10.6969 7.91332 4.57144 3.96588 3.69328 3.6605 3.35993 0.671296
threshold=-0.032085208257314861 0.024458779149250241 0.010568344171992329 -0.005396012867776522 1.0000000180025095e-35 42.829276509727954 0.0055852855331987817 -0.027165324918460684
decision_type=2 2 2 2 2 2 2 2
left_child=6 2 4 -3 -2 -4 -1 -8
right_child=1 3 5 -5 -6 -7 7 -9
leaf_value=0.00080753580064784464 0 -0.00097988279250861717 -0.010705536261307956 -0.027189455894367959 -0.025627420048812858 0.0062617641669432218 0.0091082697203331477 0.0289864811505403
leaf_weight=10.41202434897423 9.0757923871278781 9.7886383533477801 11.082349002361296 13.901149064302443 7.6121057122945777 73.588061586022377 7.6770153790712383 11.609394520521162
leaf_count=42 37 40 45 57 31 298 31 47
internal_value=0.000833687 -0.00296718 0.000647458 -0.0178629 -0.0126467 0.00367208 0.0164883 0.0233778
internal_weight=154.747 125.048 101.358 23.6898 16.6879 84.6704 29.6984 19.2864
internal_count=628 508 411 97 68 343 120 78
is_linear=0
shrinkage=0.03


Tree=20
num_leaves=11
num_cat=0
split_feature=3 4 2 10 35 36 34 10 15 2
split_gain=9.80274 11.4415 11.0266 9.60701 5.21677 5.89383 4.68677 3.77931 2.61745 2.4788
threshold=-0.0040129218618350495 0.0064413741598207128 0.0012215962124311199 -0.019106301739011285 0.030455473331006958 0.0072871215229682916 0.0290203328904769 0.023018954500366399 7.6591854558107206 -0.009132406766942323
decision_type=2 2 2 2 2 2 2 2 2 2
left_child=1 3 9 -1 5 -4 -6 -3 -5 -2
right_child=2 7 4 8 6 -7 -8 -9 -10 -11
leaf_value=0.018178770225750627 -0.0085143435670459143 0.037751211071588242 -0.018289101777605538 -0.0007672750527815918 0.012375532251029553 0.0038414024764273566 -0.0098958715276506026 0.0058350876886307237 -0.020298633626050677 -0.032952008883493429
leaf_weight=12.559348329901693 9.8682132214307803 9.6576453000307101 23.816291987895966 13.544402435421945 27.013397112488747 16.022401556372643 9.5994140654802305 7.6599114239215842 13.183064505457876 13.910234943032263
leaf_count=51 40 39 97 55 109 65 39 31 54 57
internal_value=-0.00215932 0.00752513 -0.00781552 -0.00134307 -0.00183114 -0.00927193 0.00593766 0.0264763 -0.0116656 -0.0248395
internal_weight=156.834 56.6044 100.23 39.2868 76.4515 39.8387 36.6128 17.3176 26.7275 23.7784
internal_count=637 230 407 160 310 162 148 70 109 97
is_linear=0
shrinkage=0.03


Tree=21
num_leaves=13
num_cat=0
split_feature=37 35 7 35 15 24 22 13 8 20 27 3
split_gain=9.82914 6.34225 6.10082 8.64774 4.47925 6.24868 5.05196 3.34116 3.14777 2.82392 2.49437 2.10178
threshold=0.012207899971968585 0.010025867013824021 0.014524082350087118 0.013763107261345555 16.023732967059022 0.40138888888888896 -0.10365255106334269 3.4169247139835943 -0.013830212553376421 0.025064534367906444 1.5000000000000002 -0.0033064033431777769
decision_type=2 2 2 2 2 2 2 2 2 2 2 2
left_child=2 7 3 8 6 -6 -3 11 -1 -4 -5 -2
right_child=1 4 9 10 5 -7 -8 -9 -10 -11 -12 -13
leaf_value=-0.01064457387172983 -0.0066604353515878137 -0.022854761666006747 -0.019575207521273463 0.0073594614458325595 0.015864824156602578 -0.010100272428365333 0 0 0.010560589670640243 0.0029607540395988011 0.030020397269830461 -0.031398257177812416
leaf_weight=13.316351473331453 7.5518843382597032 13.393299028277395 7.7037651836872083 10.648969516158106 18.548625439405445 11.609518989920614 19.628441333770752 7.5506039708852759 8.3947710990905744 7.4469538927078247 16.283892750740051 14.600256800651549
leaf_count=54 31 55 31 43 75 47 80 31 34 30 66 60
internal_value=-0.0021017 -0.00832847 0.00671384 0.0119208 -0.00247402 0.00539647 -0.009988 -0.0193665 -0.00161364 -0.00857008 0.022707 -0.0248358
internal_weight=156.677 92.8826 63.7947 48.644 63.1799 30.1581 33.0217 29.7027 21.7111 15.1507 26.9329 22.1521
internal_count=637 379 258 197 257 122 135 122 88 61 109 91
is_linear=0
shrinkage=0.03


Tree=22
num_leaves=11
num_cat=0
split_feature=3 4 2 10 7 24 25 16 10 2
split_gain=9.01922 10.8708 10.4973 9.11474 6.91553 8.15858 7.46921 5.86557 3.55914 2.30981
threshold=-0.0040129218618350495 0.0064413741598207128 0.0012215962124311199 -0.019106301739011285 0.019085463470536333 0.036849222447599736 0.020204081632653064 -1.6895609346216507 0.023018954500366399 -0.009132406766942323
decision_type=2 2 2 2 2 2 2 2 2 2
left_child=1 3 9 -1 5 -4 -6 -5 -3 -2
right_child=2 8 4 7 6 -7 -8 -9 -10 -11
leaf_value=0.017620326771602104 -0.0082724404778374682 0.036686529331938098 0.023449883098187029 -0.020827749250301331 0.014278760471052377 -0.0056126324782778464 -0.014612360136635876 0.0064027390533854542 0.0056301528576912932 -0.032021758131817353
leaf_weight=12.528533115983008 9.8575925529003161 9.6368329375982302 15.020839154720308 17.845924332737923 7.8678145110607138 15.239124462008474 38.221964880824089 8.8321790248155612 7.6589204519987097 13.82383058965206
leaf_count=51 40 39 61 73 32 62 155 36 31 57
internal_value=-0.00205605 0.00723566 -0.00749042 -0.00140737 -0.00165231 0.00890825 -0.00897982 -0.0114718 0.0257205 -0.0241341
internal_weight=156.534 56.5024 100.031 39.2066 76.3497 30.26 46.0898 26.6781 17.2958 23.6814
internal_count=637 230 407 160 310 123 187 109 70 97
is_linear=0
shrinkage=0.03


Tree=23
num_leaves=11
num_cat=0
split_feature=37 23 32 0 11 11 4 16 26 40
split_gain=9.04597 10.6501 8.76378 8.90565 7.24821 7.34895 6.54236 9.86447 5.60252 2.42155
threshold=0.012207899971968585 1.0651927371863812 -0.0083327703633918598 0.0082868668909996685 0.044733044123784323 0.0038083253326671733 -0.00046977606393677757 2.845875789417859 0.15986111111111115 -0.023458395231907733
decision_type=2 2 2 2 2 2 2 2 2 2
left_child=2 6 -1 8 5 -3 -2 -8 -4 -5
right_child=1 4 3 9 -6 -7 7 -9 -10 -11
leaf_value=-0.014379237588466747 -0.031502416565920122 0.013477223607863279 0.00012045016684225926 0.0044418979798817081 0.019801324322806818 -0.020840923870330468 0.0018366004174011816 -0.026425789277076811 0.027647389973889436 -0.015655042994958318
leaf_weight=12.111061096191404 15.531824722886084 7.4219772368669537 10.378442406654356 8.6756828278303164 14.674588173627852 11.33936659991741 28.591040566563606 15.116782560944555 24.578276768326759 7.9327278882265082
leaf_count=49 65 30 42 35 59 46 116 63 100 32
internal_value=-0.00198262 -0.00796699 0.00647613 0.0120084 0.00505578 -0.00655173 -0.0154873 -0.00833864 0.0203295 -0.00500188
internal_weight=156.352 92.6756 63.6762 51.5651 33.4359 18.7613 59.2396 43.7078 34.9567 16.6084
internal_count=637 379 258 209 135 76 244 179 142 67
is_linear=0
shrinkage=0.03


Tree=24
num_leaves=15
num_cat=0
split_feature=37 11 28 19 2 25 5 16 16 21 2 24 14 13
split_gain=8.55865 5.31778 4.93576 6.1455 4.12101 4.01466 5.4656 3.86481 9.91584 3.62594 3.11772 2.58845 1.6077 1.43497
threshold=0.012207899971968585 0.041628441730638073 8.5000000000000018 0.097093728277790045 -0.014442751500349403 0.12078438802576735 0.055195877014515345 -1.2359455289932841 1.2410480748763397 0.028062630593699598 0.0097643714988399095 -0.26589011580931854 4.661797207122107 -1.355694467817752
decision_type=2 2 2 2 2 2 2 2 2 2 2 2 2 2
left_child=2 5 3 12 -4 6 -2 13 -9 -5 -7 -6 -1 -3
right_child=1 7 4 9 11 10 -8 8 -10 -11 -12 -13 -14 -15
leaf_value=0.029082267056652969 0.01160151889391693 -0.018999570656733862 0.012483514226323196 -0.013868160005159079 0.00041630056559252755 -0.028710862890684363 -0.018016037620116457 0.030357950142291045 -0.0050128173039803619 0.011415296934670043 -0.0067979859500109643 -0.019762553601714968 0.0065424156088645293 0
leaf_weight=13.739245623350145 9.7867685854434985 7.7091429382562637 7.623874798417094 7.8989003151655224 7.9191880524158522 17.547444626688961 8.4754411131143552 8.46864001452923 19.539776265621185 8.4372433722019178 13.679086163640021 10.35997179150581 7.6467661261558524 7.284768417477606
leaf_count=56 40 32 31 32 32 73 35 34 79 34 56 42 31 30
internal_value=-0.00193647 -0.0077669 0.00628898 0.0130333 -0.00322529 -0.0142709 -0.00182515 0 0.00649256 -0.00017099 -0.0205502 -0.0111018 0.0229131 -0.0114125
internal_weight=156.116 92.4911 63.6252 37.7222 25.903 49.4887 18.2622 43.0023 28.0084 16.3361 31.2265 18.2792 21.386 14.9939
internal_count=637 379 258 153 105 204 75 175 113 66 129 74 87 62
is_linear=0
shrinkage=0.03


Tree=25
num_leaves=15
num_cat=0
split_feature=37 23 12 15 15 38 40 40 33 17 36 15 35 15
split_gain=10.9018 10.5351 7.73141 6.62041 14.977 5.98778 7.51024 5.95535 4.15861 9.05639 3.88984 2.70499 2.62217 1.49943
threshold=0.023542560292893592 1.0875110787454916 66.167002934702879 3.1781555010688667 14.613885869272428 0.01137442252880839 -0.04370306475304097 0.044025637309029537 0.7908566545609913 0.59337528948079454 0.0061140619164536383 21.25754575768385 0.040090918997515053 0.66290619986884614
decision_type=2 2 2 2 2 2 2 2 2 2 2 2 2 2
left_child=3 2 10 5 12 13 -7 -4 -3 -10 -2 -6 -5 -1
right_child=1 8 7 4 11 6 -8 -9 9 -11 -12 -13 -14 -15
leaf_value=0.03421548970368786 -0.033540585608940292 0.022149908411136992 0.018081820368673014 -0.021354795373170869 0.031311058559460453 0.025020206457433462 -0.0077604462043528192 -0.012789358607892293 -0.022031935104983417 0.017947486469046519 -0.0075895899760806641 0.0035688485624858347 0 0.0095608301459068172
leaf_weight=12.962880417704584 17.009527236223224 8.9300373643636721 7.3884104490280178 15.93237115442753 8.175924211740492 7.9112012088298824 14.583191573619841 12.001843497157095 7.9025778621435192 8.4251303821802122 11.581932619214056 7.4289534687995902 7.6672629117965689 7.360969439148902
leaf_count=53 71 36 30 65 33 32 59 50 32 34 48 30 31 30
internal_value=0.00103742 -0.00716321 -0.0153053 0.00853462 -8.84899e-05 0.0164163 0.0042576 0 0.00774207 -0.000876709 -0.0247021 0.0208618 -0.015075 0.0276145
internal_weight=155.262 73.2395 47.9817 82.0228 39.2045 42.8182 22.4944 19.3903 25.2577 16.3277 28.5915 15.6049 23.5996 20.3238
internal_count=634 301 199 333 159 174 91 80 102 66 119 63 96 83
is_linear=0
shrinkage=0.03


Tree=26
num_leaves=14
num_cat=0
split_feature=15 28 15 20 20 1 25 2 24 22 35 20 11
split_gain=10.1815 12.8302 7.97628 8.12435 7.33267 5.3378 5.06964 3.22198 2.98179 2.78287 2.33407 2.09421 1.01342
threshold=2.9756899377715063 6.5000000000000009 11.337248456282007 0.023880624459322462 0.017259299739480167 0.0011166417637730188 0.25658350658350665 -0.0078515613685841128 -0.11483516483516483 -0.058700687240372633 1.0000000180025095e-35 0.020961076541794323 0.018272841998128623
decision_type=2 2 2 2 2 2 2 2 2 2 2 2 2
left_child=1 10 8 4 -4 6 -3 -5 9 -2 -1 -7 -10
right_child=2 5 3 7 -6 11 -8 -9 12 -11 -12 -13 -14
leaf_value=0.038460073620775505 -0.015615097237739588 0.022883428118059979 -0.014736952243984859 0 0.014693264577884509 -5.4586091560559694e-05 -0.0065520969790316703 -0.024080419480579329 -0.0079210016901808504 0.0043124136536824556 0.013302611425752849 -0.022694211895776407 -0.029450341400035624
leaf_weight=10.316888347268106 9.7191660553216952 9.5264040976762789 7.3116782605648032 7.3253344595432308 36.404322445392609 8.3268591910600644 7.3057079762220374 9.646721273660658 7.2833028882741955 10.505051508545874 12.680522143840788 7.3887660652399054 11.250816926360129
leaf_count=42 40 39 30 30 148 34 30 40 30 43 52 30 46
internal_value=0.00103175 0.0111765 -0.00459533 0.00202054 0.00901345 -0.000748026 0.00997189 -0.0142523 -0.0149133 -0.00513264 0.0273627 -0.0129058 -0.023316
internal_weight=154.992 55.5451 99.4464 60.6881 43.716 32.5477 16.8321 16.9721 38.7583 20.2242 22.9974 15.7156 18.5341
internal_count=634 227 407 248 178 133 69 70 159 83 94 64 76
is_linear=0
shrinkage=0.03


Tree=27
num_leaves=11
num_cat=0
split_feature=37 12 19 40 6 27 16 16 12 20
split_gain=10.2823 7.16724 6.73342 6.55169 4.23723 3.46075 4.94619 4.5524 3.29185 1.67282
threshold=0.023542560292893592 63.685824625170383 0.056984045110770674 0.04303580383656281 -0.0082364095707130602 1.5000000000000002 -1.5164654627034844 1.690615731896487 74.516737103668518 0.018239208572240678
decision_type=2 2 2 2 2 2 2 2 2 2
left_child=2 4 -1 -3 -2 6 -4 -7 -5 -6
right_child=1 3 5 8 9 7 -8 -9 -10 -11
leaf_value=-0.0092154834270347132 0 0.016854477928036803 -0.010896529605715874 -0.016951745978810794 -0.0076963765409219188 0.022529450875370755 0.013639966609380619 0 0.0028652222990194066 -0.028723335976959811
leaf_weight=13.879818528890608 8.7052813470363599 14.089740946888922 11.008897453546526 12.827883794903757 9.4282019585371035 32.45595420897007 14.55455721914768 9.9080631732940656 12.216858416795729 15.781051322817801
leaf_count=57 36 57 45 53 39 132 59 40 50 66
internal_value=0.000981418 -0.00698956 0.00827495 0.00147225 -0.0167097 0.0122247 0.00250519 0.0173742 -0.00723335 -0.0225543
internal_weight=154.856 73.049 81.8073 39.1345 33.9145 67.9275 25.5635 42.364 25.0447 25.2093
internal_count=634 301 333 160 141 276 104 172 103 105
is_linear=0
shrinkage=0.03


Tree=28
num_leaves=11
num_cat=0
split_feature=14 23 12 40 19 20 40 19 21 40
split_gain=8.93941 6.08463 7.09183 13.133 6.03371 6.72271 5.51143 3.42513 3.7056 2.08707
threshold=-3.7514779561288374 1.0844670985105609 66.167002934702879 0.04303580383656281 0.10125992838209658 0.032898172749677067 -0.00091713069127991032 0.11454394939195407 0.013269474818249761 0.04303580383656281
decision_type=2 2 2 2 2 2 2 2 2 2
left_child=4 2 6 -4 -1 -6 -2 8 -3 -9
right_child=1 7 3 -5 5 -7 -8 9 -10 -11
leaf_value=0.032973225984578178 1.5198281803531891e-05 0.0021859104819583175 0.028230864432535349 -0.01290583530174595 -0.011599880904106314 0.021839937754457545 -0.018402805877014747 -0.013595304490193272 0.02634203648069269 0.0047186792438292918
leaf_weight=9.652966260910036 19.629578605294228 15.038257896900179 10.91158774495125 12.914262950420378 9.5650510638952273 7.9094431847333899 41.346049144864082 7.3983412384986904 9.6635758578777295 10.652364939451216
leaf_count=40 80 61 44 54 39 32 172 30 39 43
internal_value=0.000941936 -0.0023459 -0.0070314 0.00608012 0.016016 0.00345418 -0.0124232 0.00651171 0.013463 -0.00264683
internal_weight=154.681 127.554 84.8015 23.8259 27.1275 17.4745 60.9756 42.7525 24.7018 18.0507
internal_count=634 523 350 98 111 71 252 173 100 73
is_linear=0
shrinkage=0.03


Tree=29
num_leaves=11
num_cat=0
split_feature=37 12 1 19 6 26 26 26 6 7
split_gain=9.4383 6.60117 7.09067 6.20911 4.024 4.1911 4.00319 7.88164 3.84647 3.05809
threshold=0.023542560292893592 63.685824625170383 -0.0043352830963354618 0.056984045110770674 -0.0082364095707130602 0.42052631578947369 0.25574788583509517 0.55872210953346868 0.022601897230487427 0.019085463470536333
decision_type=2 2 2 2 2 2 2 2 2 2
left_child=3 4 -3 -1 -2 -6 9 -8 -4 -5
right_child=1 2 8 6 5 -7 7 -9 -10 -11
leaf_value=-0.0088501124206709931 2.9349973506708399e-05 0.024290026672396044 -0.011990494652722719 0.023994648087809753 -0.028926066189517888 0 -0.0066739910904907301 0.023836276095560875 0.0085469371319166609 0.0035009627861429552
leaf_weight=13.849958539009092 8.6886658817529661 7.6326598823070517 21.344195112586025 24.993261575698853 17.857452303171161 7.185317635536193 21.567007780075077 9.0951400250196439 10.108161538839338 12.136635452508925
leaf_count=57 36 31 88 102 75 30 88 37 41 49
internal_value=0.000943578 -0.00670256 0.00140092 0.0079397 -0.0160648 -0.0217926 0.0117401 0.00282225 -0.00482539 0.0182005
internal_weight=154.458 72.8165 39.085 81.642 33.7314 25.0428 67.792 30.6621 31.4524 37.1299
internal_count=634 301 160 333 141 105 276 125 129 151
is_linear=0
shrinkage=0.03


Tree=30
num_leaves=13
num_cat=0
split_feature=37 14 15 36 38 35 5 6 8 36 38 35
split_gain=10.4733 8.72029 4.74341 4.33449 3.81281 4.09945 3.84976 3.15167 3.71308 2.98921 3.71631 2.93876
threshold=0.011389003375143593 10.089492016959243 2.9756899377715063 0.0070206666090433158 0.008124993718285102 0.017234396400650057 0.072280753791944888 0.01255648242070421 -0.036807334159248493 0.0064890285127842543 0.0086890867213879324 0.042408035260016803
decision_type=2 2 2 2 2 2 2 2 2 2 2 2
left_child=2 9 7 11 5 -3 -6 8 -1 -2 -11 -4
right_child=1 4 3 -5 6 -7 -8 -9 -10 10 -12 -13
leaf_value=0.00083068265454929878 -0.024667413165806281 0.0035204636818822071 -0.0028589000062147424 -0.016074123057686768 0.0193625888759166 -0.023501155412999488 0 0 0.027101304948459238 0.0079006582144732912 -0.018068527948580014 0.019751040023506628
leaf_weight=7.8031980842351905 19.123662933707237 8.3202977031469327 7.9322793483734149 8.077005594968794 12.551271855831144 7.362773746252059 24.85590885579586 9.1860995441675168 21.259685546159748 7.577043265104292 7.6675517708063126 7.897564560174942
leaf_count=32 80 34 32 33 51 30 102 37 87 31 32 32
internal_value=0.000851754 -0.00568646 0.0101759 0 0.00174944 -0.00954041 0.00710736 0.0164657 0.0210383 -0.01705 -0.00487187 0.00853018
internal_weight=149.614 87.4585 62.1558 23.9068 53.0903 15.6831 37.4072 38.249 29.0629 34.3683 15.2446 15.8298
internal_count=613 360 253 97 217 64 153 156 119 143 63 64
is_linear=0
shrinkage=0.03


Tree=31
num_leaves=13
num_cat=0
split_feature=37 15 26 5 25 24 9 3 28 18 15 1
split_gain=9.93479 7.32297 4.99009 4.62465 5.31113 4.46013 4.4267 3.1176 2.98635 2.63733 2.40633 2.10845
threshold=0.011389003375143593 6.7968849589469764 0.3120941558441559 -0.020949521999845896 0.12662447257383971 0.036849222447599736 -0.037213770835597251 0.00094452517070953157 5.5000000000000009 0.65998015809838828 1.1412907967894117 -0.0052374387747867171
decision_type=2 2 2 2 2 2 2 2 2 2 2 2
left_child=3 8 7 6 -5 -6 -1 -3 -2 -10 -8 -4
right_child=1 2 11 4 5 -7 10 -9 9 -11 -12 -13
leaf_value=0.00053839196140086077 -0.0017802799656844311 0.0044355634971403679 0 0.018477086600370243 0.0038712829250821231 -0.021386433022280205 0.032075048904088035 -0.012082369205299774 -0.005718157230629654 -0.032882332620090528 0.0060398900415354053 0.018233154524610194
leaf_weight=11.333720475435255 9.8441664576530474 13.896687164902685 7.5538072735071209 8.6630051136016863 12.044796481728556 8.8346440792083722 13.798031583428385 24.191553190350533 7.6392271667718914 10.980795532464979 7.3883179724216452 13.240855276584623
leaf_count=46 41 57 31 35 49 36 57 99 32 46 30 54
internal_value=0.000826047 -0.00554257 0.000374996 0.00991663 0.000623866 -0.00709558 0.0173987 -0.00576092 -0.0174974 -0.0241007 0.0249469 0.0117912
internal_weight=149.41 87.3471 58.8829 62.0625 29.5424 20.8794 32.5201 38.0882 28.4642 18.62 21.1863 20.7947
internal_count=613 360 241 253 120 85 133 156 119 78 87 85
is_linear=0
shrinkage=0.03


Tree=32
num_leaves=14
num_cat=0
split_feature=37 14 27 7 10 10 8 36 26 26 34 36 28
split_gain=9.46867 8.02977 4.60833 4.38095 4.37183 6.34406 4.3464 3.6602 3.56941 3.28213 2.46051 2.11255 1.90971
threshold=0.011389003375143593 10.089492016959243 1.5000000000000002 0.029776514650620277 0.015786281607721889 -0.00055900110010081983 0.066036954276259399 0.0070206666090433158 0.3120941558441559 0.14962686567164182 0.016094283754476416 0.006966976177447611 7.5000000000000009
decision_type=2 2 2 2 2 2 2 2 2 2 2 2 2
left_child=2 4 10 8 5 -2 -5 9 -3 -4 11 -1 -9
right_child=1 3 7 6 -6 -7 -8 12 -10 -11 -12 -13 -14
leaf_value=-0.016457333573062619 -0.023718974708260902 0 0.0037982124888284331 -0.023800493809426455 -0.02931403895182098 0.0064151359182812798 0.0042200676264765816 0.013792756120815061 0.018220811437879986 0.031469267023826138 0.011364239513743629 0.0026179511670421638 -0.0040197182401480319
leaf_weight=8.39220178127289 8.601281613111496 23.414495006203651 7.6241742968559292 8.0299798995256406 12.840035632252691 12.749226927757263 7.4283807575702658 7.2930317223072079 14.198342397809027 14.183028519153593 7.5968411117792121 7.3294580727815619 9.5614825934171659
leaf_count=34 36 96 31 33 54 53 30 30 58 58 31 30 39
internal_value=0.000807131 -0.00541005 0.00969022 0.00170587 -0.0163538 -0.0060741 -0.0105354 0.0158017 0.00739342 0.0235568 -0.000297927 -0.00742616 0.00353775
internal_weight=149.242 87.2617 61.9802 53.0712 34.1905 21.3505 15.4584 38.6617 37.6128 21.8072 23.3185 15.7217 16.8545
internal_count=613 360 253 217 143 89 63 158 154 89 95 64 69
is_linear=0
shrinkage=0.03


Tree=33
num_leaves=11
num_cat=0
split_feature=37 10 2 20 5 9 21 38 13 24
split_gain=9.01977 5.63222 4.86069 4.53328 4.39528 4.16141 3.4006 3.73661 1.86274 0.343714
threshold=0.011389003375143593 0.063954266827791054 -0.025156725419051281 0.023985830644875063 -0.020949521999845896 -0.037213770835597251 0.015669980035522623 0.010963069269763493 -1.4675629191965027 -0.36994989038521758
decision_type=2 2 2 2 2 2 2 2 2 2
left_child=4 2 -2 -4 5 -1 8 -8 -6 -7
right_child=1 -3 3 -5 6 9 7 -9 -10 -11
leaf_value=0.00040858329172789695 0.012073518925894431 0.016387933539592309 -0.0061575035771918984 -0.025936228630302226 0.00054501919814097194 0.0098786745688564138 0.023288533694549213 -0.0030869560353430155 -0.017739381071176227 0.028521219445230547
leaf_weight=11.325723409652708 7.5328336656093589 7.4376560002565375 59.693965032696724 12.491436034440992 7.3949353992938995 7.3252553939819345 7.3497513234615308 7.4238556176424026 7.3483234643936175 13.755121365189552
leaf_count=46 31 30 246 53 30 30 30 30 30 57
internal_value=0.000786897 -0.00528261 -0.00783961 -0.0103893 0.00946231 0.016768 0.000410508 0.0103526 -0.00870279 0.0241104
internal_weight=149.079 87.1559 79.7182 72.1854 61.923 32.4061 29.5169 14.7736 14.7433 21.0804
internal_count=613 360 330 299 253 133 120 60 60 87
is_linear=0
shrinkage=0.03


Tree=34
num_leaves=14
num_cat=0
split_feature=37 14 20 27 17 11 26 21 36 17 26 22 8
split_gain=8.56037 7.60424 4.96003 4.34523 5.80998 4.80411 4.00906 3.92637 3.41984 5.77153 3.08334 2.99218 1.63125
threshold=0.011389003375143593 10.089492016959243 0.016512540497932108 1.5000000000000002 0.72816281183211695 0.022328909294700331 0.3120941558441559 0.015790423757853288 0.0070206666090433158 0.19851171705420703 0.14962686567164182 0.10147091700792289 0.037526548789250928
decision_type=2 2 2 2 2 2 2 2 2 2 2 2 2
left_child=3 2 -2 4 5 -1 7 -3 10 -10 -5 -4 -8
right_child=1 6 11 8 -6 -7 12 -9 9 -11 -12 -13 -14
leaf_value=0.023470819915657103 0 -0.015050420127447268 -0.030975756369579142 0.0035349944123765184 -0.019590343505363903 -0.0058669465564484312 0.020622390493311445 0.0040087915741007611 -0.011428524685453367 0.01993048781627961 0.030398043779825159 -0.0046983936935146011 0.0011455176279569579
leaf_weight=8.0079866945743579 11.319044873118399 14.415468677878378 14.616615965962412 7.6156968325376537 7.6770924329757682 7.5983095318078986 9.0309460312128085 20.483009293675423 8.7668486088514346 8.0570653378963453 14.111564695835112 8.1115097850561124 9.0808290839195234
leaf_count=33 47 59 62 31 31 31 37 84 36 33 58 34 37
internal_value=0.000785357 -0.00512754 -0.0158097 0.00924499 -0.000434858 0.00929116 0.00178599 -0.0038465 0.0151942 0.00331456 0.022706 -0.0233427 0.012688
internal_weight=148.892 87.0574 34.0472 61.8346 23.2834 15.6063 53.0103 34.8985 38.5512 16.8239 21.7273 22.7281 18.1118
internal_count=613 360 143 253 95 64 217 143 158 69 89 96 74
is_linear=0
shrinkage=0.03


Tree=35
num_leaves=12
num_cat=0
split_feature=27 14 24 12 33 33 5 5 26 22 20
split_gain=7.18677 7.47204 6.1436 7.85153 5.06793 5.02038 5.87812 5.51631 3.62468 1.53974 1.13424
threshold=1.5000000000000002 2.713329287819477 -0.45521390374331544 75.652837615844788 0.57267847557702634 0.47608530083777617 -0.032085208257314861 0.084998952122987928 0.23557158712541623 -0.052988435993191245 0.019337461681409786
decision_type=2 2 2 2 2 2 2 2 2 2 2
left_child=5 4 10 -4 9 6 -1 8 -7 -2 -3
right_child=1 2 3 -5 -6 7 -8 -9 -10 -11 -12
leaf_value=0 0.032489270424074977 0.0026410240584916985 -0.012326631895318425 0.015383935193515325 -0.00056955356345821508 0.016787996794070375 -0.031238919571194967 -0.01562945871028662 -0.0034318469738739534 0.011341822359114176 0.022105357707778384
leaf_weight=8.9669972509145754 11.464286774396896 7.2868452519178373 36.768229633569717 9.8287708759307844 9.0645323395729047 13.877475365996363 11.294676721096037 12.656842932105063 12.970859646797178 12.278819546103477 7.9502668827772141
leaf_count=37 48 30 152 40 37 57 47 52 54 51 33
internal_value=0.000729992 0.00591528 -0.000100693 -0.00578037 0.0170391 -0.00716381 -0.0185782 -0.000335024 0.00693882 0.0238663 0.0150536
internal_weight=154.409 94.6418 61.8341 46.597 32.8076 59.7669 20.2617 39.5052 26.8483 23.7431 15.2371
internal_count=638 391 255 192 136 247 84 163 111 99 63
is_linear=0
shrinkage=0.03


Tree=36
num_leaves=12
num_cat=0
split_feature=23 37 16 16 28 16 16 16 1 13 16
split_gain=9.62237 8.65649 8.4721 8.06124 4.93642 5.2452 3.98524 2.97098 2.58814 0.504106 0.219581
threshold=1.13933370224596 0.011896832345453469 3.4183926829578515 -1.6445233307499494 8.5000000000000018 -4.0300043803859706 5.8424774661584822 -0.31421781933383647 -0.010148791041234338 -1.0000000180025095e-35 5.5645998806850328
decision_type=2 2 2 2 2 2 2 2 2 2 2
left_child=1 4 3 -3 5 -1 8 -6 -2 -10 -4
right_child=6 2 10 -5 7 -7 -8 -9 9 -11 -12
leaf_value=-0.0044427593735054784 0.0011105174677113986 -0.022272042988763164 -0.035336247531075893 0.0029606815170128225 -0.015951812372497393 0.02082772046818426 -0.0028484880607247123 0.0061247256114208559 0.0087705373896912932 0.0272383370007395 -0.012879709821130852
leaf_weight=8.6899073123931903 8.1391831487417239 13.551661118865011 8.4730499386787397 38.778001338243484 9.6670425981283206 21.13021482527256 8.6727733314037305 7.5977057516574851 7.3446971625089672 15.237817168235777 6.9689872860908499
leaf_count=36 33 58 36 160 40 87 35 31 30 62 30
internal_value=0.00072347 -0.00358819 -0.0104087 -0.00387701 0.00594745 0.0131758 0.0132227 -0.00583071 0.0181148 0.0230443 -0.0287006
internal_weight=154.251 114.857 67.7717 52.3297 47.0849 29.8201 39.3945 17.2647 30.7217 22.5825 15.442
internal_count=638 478 284 218 194 123 160 71 125 92 66
is_linear=0
shrinkage=0.03


Tree=37
num_leaves=10
num_cat=0
split_feature=27 8 0 14 33 5 3 5 37
split_gain=6.84772 7.19588 4.79438 4.98244 4.76991 5.53331 5.19141 4.2003 0.907237
threshold=1.5000000000000002 -0.018001543025787509 0.018049265281423369 -0.76194705610555491 0.47608530083777617 -0.032085208257314861 -0.0071281350250971256 0.084998952122987928 -0.011904226575746078
decision_type=2 2 2 2 2 2 2 2 2
left_child=4 8 3 -3 5 -1 -6 -8 -2
right_child=1 2 -4 -5 6 -7 7 -9 -10
leaf_value=0 0.030004907827995961 0.020497942833961832 -0.015770823552582074 0.00033988171200729985 0.019128148229922797 -0.030506450570717027 0.0014531066007026471 -0.019503798822838182 0.0084039245398994759
leaf_weight=8.9531434178352374 8.687676817178728 12.300367355346678 9.9655601829290372 55.884761482477188 7.3207357674837104 11.224020525813101 20.975301936268806 11.141136512160299 7.5798414796590796
leaf_count=37 36 51 41 231 30 47 87 46 32
internal_value=0.000689335 0.00575914 0.00154828 0.00467053 -0.00702316 -0.0181763 -0.000353019 -0.00609432 0.0227831
internal_weight=154.033 94.4182 78.1507 68.1851 59.6143 20.1772 39.4372 32.1164 16.2675
internal_count=638 391 323 282 247 84 163 133 68
is_linear=0
shrinkage=0.03


Tree=38
num_leaves=12
num_cat=0
split_feature=23 37 16 18 28 16 16 16 38 2 16
split_gain=9.17766 7.9998 8.17544 8.26437 4.68874 4.96589 3.72191 2.83318 2.24568 3.64933 0.195158
threshold=1.13933370224596 0.011896832345453469 3.4183926829578515 0.5911840037839412 8.5000000000000018 -4.0300043803859706 5.8424774661584822 -0.31421781933383647 0.011869100575151845 0.0014836491990538605 5.5645998806850328
decision_type=2 2 2 2 2 2 2 2 2 2 2
left_child=1 4 3 -3 5 -1 8 -6 9 -2 -4
right_child=6 2 10 -5 7 -7 -8 -9 -10 -11 -12
leaf_value=-0.004405469851136364 0.0052239457126165602 -0.020972265430816879 -0.034647366336294429 0.0038022442522519292 -0.015716531778068806 0.02016647913666662 -0.0026049213558430374 0.0058331951889238629 0.0009332150349639389 0.031962729917271934 -0.012588589009903535
leaf_weight=8.6799468845129031 10.236572459340101 15.310341000556944 8.3960209488868696 36.911834433674812 9.6530652195215243 21.067240670323372 8.666702598333357 7.5855611860752097 7.6263080090284339 12.796483576297758 6.9450804144144049
leaf_count=36 42 66 36 152 40 87 35 31 31 52 30
internal_value=0.000680511 -0.00353484 -0.0101043 -0.00369009 0.00563231 0.0126983 0.0128988 -0.00583365 0.0176318 0.0220452 -0.0281297
internal_weight=153.875 114.549 67.5633 52.2222 46.9858 29.7472 39.3261 17.2386 30.6594 23.0331 15.3411
internal_count=638 478 284 218 194 123 160 71 125 94 66
is_linear=0
shrinkage=0.03


Tree=39
num_leaves=11
num_cat=0
split_feature=27 12 12 5 22 19 14 10 26 22
split_gain=6.47962 6.78284 4.52755 4.39894 3.61263 5.35373 5.14162 3.10056 2.93038 1.07729
threshold=1.5000000000000002 40.898989898989903 45.682918615869092 0.084998952122987928 -0.17995842003065357 0.093068345271227371 10.216690406125965 -0.017805117658493349 0.23557158712541623 -0.052988435993191245
decision_type=2 2 2 2 2 2 2 2 2 2
left_child=2 9 7 8 6 -6 -3 -1 -4 -2
right_child=1 4 3 -5 5 -7 -8 -9 -10 -11
leaf_value=-0.0013270018863263309 0.028973912400296276 -0.0044778675603864464 0.013291178568664233 -0.014802393337472772 0.0070818938318235507 -0.010901722602653964 0.023371765591021578 -0.028739752164151054 -0.004124691184771467 0.0088797792100748976
leaf_weight=7.5031237751245525 8.7353900969028491 8.3618150502443331 15.974057361483576 12.576580390334128 24.732296288013458 30.619654729962349 11.495149716734884 9.7471084743738157 13.635296538472174 10.257768601179121
leaf_count=31 37 35 66 52 102 127 47 41 57 43
internal_value=0.00064908 0.00558828 -0.00686212 -0.000936104 0.00113603 -0.00263801 0.0116213 -0.0189722 0.00504299 0.0207159
internal_weight=153.638 94.2021 59.4362 42.1859 75.2089 55.352 19.857 17.2502 29.6094 18.9932
internal_count=638 391 247 175 311 229 82 72 123 80
is_linear=0
shrinkage=0.03


Tree=40
num_leaves=10
num_cat=0
split_feature=16 12 11 5 14 4 40 5 22
split_gain=5.49873 11.2783 8.18416 7.12227 4.56151 3.89271 3.71525 3.64934 0.938457
threshold=2.9258480981348849 67.836897633304844 0.0021499408597129848 0.049579615707954668 10.089492016959243 0.055392234656743373 0.04303580383656281 0.13115065884070168 0.12925181020974355
decision_type=2 2 2 2 2 2 2 2 2
left_child=1 3 5 4 -1 -2 -3 -4 -5
right_child=2 6 7 8 -6 -7 -8 -9 -10
leaf_value=-0.00093782225097152703 -0.009496152777492094 0.036150922044783346 -0.032100548140999684 -0.021792698042189133 0.017450429021117837 0.016385385965058973 0.005225437058516769 -0.0037547376650643688 -0.0049478957483030661
leaf_weight=61.657664075493813 7.534473821520808 8.1874363571405429 12.457432866096498 12.563556700944902 12.726049289107321 8.9439384490251523 8.5490622073411924 8.3598188012838346 9.0636969655752164
leaf_count=256 32 33 53 53 52 37 35 34 37
internal_value=-0.00118813 0.00203546 -0.0109226 -0.00193698 0.00238632 0.00399276 0.0233986 -0.0227017 -0.0163845
internal_weight=150.043 112.747 37.2957 96.011 74.3837 16.4784 16.7365 20.8173 21.6273
internal_count=622 466 156 398 308 69 68 87 90
is_linear=0
shrinkage=0.03


Tree=41
num_leaves=10
num_cat=0
split_feature=16 12 21 23 8 10 1 23 15
split_gain=5.24315 10.7651 7.0927 5.18389 4.7341 4.29647 4.26583 3.59784 0.918208
threshold=2.9258480981348849 67.836897633304844 0.018116433365870117 0.86875858632068481 0.027369837115222884 -0.013755442888524426 0.0065990098058875688 1.1647258713112458 3.9605014534953371
decision_type=2 2 2 2 2 2 2 2 2
left_child=1 3 7 5 -5 -1 -3 -2 -4
right_child=2 6 8 4 -6 -7 -8 -9 -10
leaf_value=0.0066384242152576611 -0.029571453707470059 0.03604220042951433 0.010259463148596748 0.0068410494076351349 -0.014900779209542378 -0.016332096604843041 0.0037799367567240968 -0.0019599921419013386 -0.0020379583472955524
leaf_weight=7.4662314206361762 13.773683711886408 8.3791534155607241 7.9283958375453931 52.595375150442123 8.5647002011537534 27.337092265486717 8.3464684486389142 7.9075359404087058 7.5956782251596451
leaf_count=31 60 34 33 217 35 115 34 32 31
internal_value=-0.00115604 0.00198771 -0.0106762 -0.00189079 0.00318346 -0.0109038 0.0228669 -0.0211505 0.00384068
internal_weight=149.894 112.689 37.2053 95.9634 61.1601 34.8033 16.7256 21.6812 15.5241
internal_count=622 466 156 398 252 146 68 92 64
is_linear=0
shrinkage=0.03


Tree=42
num_leaves=10
num_cat=0
split_feature=7 12 40 10 34 22 27 19 21
split_gain=6.36698 5.33499 4.72841 4.4457 3.97166 3.79019 1.95936 1.87603 1.53443
threshold=0.018668766377788411 66.386994588411298 0.05035808735571768 0.021182956916859789 0.0012352704006407535 1.0000000180025095e-35 1.5000000000000002 0.084952262853730823 0.017790915845290689
decision_type=2 2 2 2 2 2 2 2 2
left_child=1 3 -3 4 -1 6 -2 -7 -9
right_child=5 2 -4 -5 -6 7 -8 8 -10
leaf_value=0.01009284517183357 -0.027291778907329495 0.027452015605040764 0 -0.016055603789222859 -0.0036853438082126416 0.0097872262734019482 -0.0070330601042635872 -0.0139161967428985 0.0017724556691969266
leaf_weight=32.32623502612114 10.571674168109896 11.275323405861856 8.1401313096284849 11.733722656965254 38.073370933532715 7.3116416633129147 13.516582950949667 9.1444731950759905 7.6094706505537024
leaf_count=135 44 46 34 49 159 30 56 38 31
internal_value=-0.00112071 0.00303374 0.0163843 -0.000258375 0.00253821 -0.00995245 -0.0179097 -0.000649177 -0.00656162
internal_weight=149.703 101.549 19.4155 82.1333 70.3996 48.1538 24.0883 24.0656 16.7539
internal_count=622 423 80 343 294 199 100 99 69
is_linear=0
shrinkage=0.03


Tree=43
num_leaves=12
num_cat=0
split_feature=7 16 10 23 34 25 10 15 9 14 28
split_gain=6.04233 6.74416 10.6861 6.44683 6.04861 5.4847 3.76854 3.7321 3.46714 2.83402 1.82294
threshold=0.018668766377788411 -1.7492099058566228 -0.019106301739011285 1.2142880398327849 0.023104237556049404 0.026846846846846854 0.029830363798677987 6.5122877256608076 -0.032508165417933638 10.089492016959243 6.5000000000000009
decision_type=2 2 2 2 2 2 2 2 2 2 2
left_child=1 2 8 5 6 -2 -3 -6 -1 -4 -7
right_child=3 4 9 -5 7 10 -8 -9 -10 -11 -12
leaf_value=-0.00079322393663259041 0.0027504039818604074 0.020626774435719298 -0.026527552025334918 0.0063769101625916879 -0.01449570234023816 -0.010824407112610904 0 0.0085214652832351859 0.024819298498958749 -0.0042639715894850164 -0.031609668626020306
leaf_weight=7.3033043295145035 8.3525670766830427 30.739370912313461 13.528356432914736 13.594995245337484 11.047932147979738 13.571997538208963 9.9551324993371946 9.7805866599082929 7.3171412348747236 11.838550388813017 12.576718479394911
leaf_count=30 35 127 57 55 47 56 41 40 31 50 53
internal_value=-0.00109807 0.00294585 -0.00624167 -0.00970933 0.00916199 -0.016461 0.0157104 -0.00323066 0.0125668 -0.0177564 -0.02289
internal_weight=149.607 101.51 39.9874 48.0963 61.523 34.5013 40.6945 20.8285 14.6204 25.3669 26.1487
internal_count=622 423 168 199 255 144 168 87 61 107 109
is_linear=0
shrinkage=0.03


Tree=44
num_leaves=11
num_cat=0
split_feature=7 11 17 12 6 28 0 11 34 17
split_gain=5.71937 11.3724 5.13206 7.10102 5.20025 2.93213 2.82198 2.5999 4.00849 1.42496
threshold=0.018668766377788411 0.0021499408597129848 0.24849882210649568 67.836897633304844 -0.0084449806128092438 6.5000000000000009 0.005743472933753214 0.028119375353123036 0.011900313398034325 -0.67061277025286614
decision_type=2 2 2 2 2 2 2 2 2 2
left_child=2 5 3 4 -1 -2 -4 -3 -9 -5
right_child=1 7 6 9 -6 -7 -8 8 -10 -11
leaf_value=0.0029493401981338769 0.021540575929083535 -0.030107577184836278 0.024887431002587571 0.0032077581534641695 -0.013672394537092543 -0.0016395178510873545 0.0030491328034562312 -0.022929432880829964 0.00095463582535199271 0.024640626677661568
leaf_weight=30.200814634561539 7.7982215732336027 12.197637766599653 10.597644150257112 7.6550162136554718 32.092420250177383 7.1646313220262527 13.530193164944647 9.124589681625368 11.733291074633597 7.3146881312131864
leaf_count=125 32 51 45 32 135 30 56 38 48 30
internal_value=-0.00107774 -0.00946438 0.00285532 -0.000828422 -0.00553952 0.0106724 0.0143861 -0.0190962 -0.00992963 0.0162343
internal_weight=149.409 48.0184 101.391 77.2629 62.2932 14.9629 24.1278 33.0555 20.8579 14.9697
internal_count=622 199 423 322 260 62 101 137 86 62
is_linear=0
shrinkage=0.03


Tree=45
num_leaves=9
num_cat=0
split_feature=38 11 38 19 19 13 1 26
split_gain=4.90416 8.61425 6.3714 5.79447 10.7745 6.07687 4.98215 3.96022
threshold=0.012341781549661974 1.0000000180025095e-35 0.018027785906072933 0.074325501656212239 0.093068345271227371 -4.5656118509791837 -0.011261610538103426 0.21816976127320958
decision_type=2 2 2 2 2 2 2 2
left_child=1 7 6 5 -5 -3 -2 -1
right_child=2 3 -4 4 -6 -7 -8 -9
leaf_value=0.035771962913919542 -1.0871811860781712e-05 0.010480470447061043 0.0073975428256717775 0.025656791911603291 -0.0008057663224069686 -0.016525607496198573 -0.032362641489589589 0.002912579638525602
leaf_weight=7.9796097725629789 8.1443959623575228 7.9685865789651862 9.9474140107631666 15.605567365884779 59.847427815198898 26.062411516904831 9.9775842130184191 7.1343315988779068
leaf_count=33 34 33 42 65 249 109 42 30
internal_value=0.000820047 0.00348497 -0.00995547 0.000247523 0.00499487 -0.00955491 -0.0200148 0.0232906
internal_weight=152.667 124.598 28.0694 109.484 75.453 34.031 18.122 15.1139
internal_count=637 519 118 456 314 142 76 63
is_linear=0
shrinkage=0.03


Tree=46
num_leaves=10
num_cat=0
split_feature=23 6 35 19 38 17 12 38 38
split_gain=7.9199 7.57885 8.20062 8.58165 5.15618 4.6627 4.57255 3.94506 2.66844
threshold=1.1509241142342395 -0.0062839489405293924 0.015237241563145877 0.063929313423065418 0.0084745597417209672 -0.86316090570920234 51.410574797671579 0.011973613661846742 0.0085646194567257517
decision_type=2 2 2 2 2 2 2 2 2
left_child=1 5 8 -4 -2 6 -1 -6 -3
right_child=4 2 3 -5 7 -7 -8 -9 -10
leaf_value=-0.015102752857868464 -0.0027890697322921995 -0.0073940034391186977 -0.020568724533498593 0.0073637627674880586 0.026712418110165559 0.022729756134976506 0.011450395087899867 0 -0.026255924379065685
leaf_weight=8.3703519850969368 11.347929313778875 17.776897668838501 11.169459640979765 37.698885336518288 18.01108850538731 11.428207933902739 11.346542686223982 7.3498272597789756 18.043096587061882
leaf_count=35 46 75 47 158 74 48 47 30 77
internal_value=0.000808584 -0.00296693 -0.007683 0.00012688 0.0126474 0.00909402 0 0.0198017 -0.0181777
internal_weight=152.542 115.833 84.6883 48.8683 36.7088 31.1451 19.7169 25.3609 35.82
internal_count=637 487 357 205 150 130 82 104 152
is_linear=0
shrinkage=0.03


Tree=47
num_leaves=9
num_cat=0
split_feature=38 11 38 19 19 0 1 26
split_gain=4.52396 8.20642 6.15152 5.27714 10.2065 6.52511 4.6725 3.71846
threshold=0.012341781549661974 1.0000000180025095e-35 0.018027785906072933 0.074325501656212239 0.093068345271227371 -0.0094425838794413557 -0.011261610538103426 0.21816976127320958
decision_type=2 2 2 2 2 2 2 2
left_child=1 7 6 5 -5 -3 -2 -1
right_child=2 3 -4 4 -6 -7 -8 -9
leaf_value=0.034796265554601434 -5.844219309988189e-05 0.011775144749807237 0.0074429551074783858 0.024873929477989033 -0.00091429339266911906 -0.016375838083236706 -0.031504579950906601 0.0028462054855543364
leaf_weight=7.967041462659834 8.14019623398781 7.8132306784391394 9.9361445158719999 15.545366793870924 59.812029227614403 26.130009219050407 9.921556159853937 7.1326053589582443
leaf_count=33 34 32 42 65 249 110 42 30
internal_value=0.000779029 0.00334348 -0.00957854 0.000177965 0.00471717 -0.00918393 -0.0194986 0.0226794
internal_weight=152.398 124.4 27.9979 109.301 75.3574 33.9432 18.0618 15.0996
internal_count=637 519 118 456 314 142 76 63
is_linear=0
shrinkage=0.03


Tree=48
num_leaves=11
num_cat=0
split_feature=23 6 20 16 37 38 16 38 25 10
split_gain=7.40614 6.99425 6.30343 8.81508 4.9417 4.92582 4.4709 3.64891 2.59761 0.021431
threshold=1.1509241142342395 -0.0062839489405293924 0.023247622665385735 3.0697153521874307 0.012207899971968585 0.0084745597417209672 -3.9399160126867647 0.011973613661846742 0.40890090976149501 0.032906594059173851
decision_type=2 2 2 2 2 2 2 2 2 2
left_child=1 6 3 -3 -4 -2 -1 9 -8 -7
right_child=5 2 4 -5 -6 7 8 -9 -10 -11
leaf_value=-0.0079914428552118107 -0.0028208793181486377 0.0024221797541178029 -0.0017532575829392464 -0.023141331159562444 -0.036181322109914649 0.031018285539185651 0.021468028449279083 0 0 0.012054113581872803
leaf_weight=8.0880669355392474 11.344743922352789 54.820781081914902 7.5262493491172817 13.264418900012968 8.9092912673950178 10.512157693505292 15.846258848905565 7.3391965031623831 7.161203905940055 7.442089080810546
leaf_count=34 46 228 31 58 40 44 66 30 30 30
internal_value=0.000769035 -0.00288181 -0.00742046 -0.00286236 -0.02313 0.0122308 0.00870435 0.0192434 0.0153432 0.0259053
internal_weight=152.254 115.616 84.5207 68.0852 16.4355 36.6382 31.0955 25.2934 23.0075 17.9542
internal_count=637 487 357 286 71 150 130 104 96 74
is_linear=0
shrinkage=0.03


Tree=49
num_leaves=11
num_cat=0
split_feature=23 6 35 19 4 37 9 13 10 27
split_gain=7.07108 6.64239 7.66389 8.0839 3.95165 2.59695 3.22538 2.35558 1.61509 1.03788
threshold=1.1509241142342395 -0.0062839489405293924 0.015237241563145877 0.063929313423065418 -0.01790876702798427 0.017154546270167662 0.022005510674571856 4.0422916584163717 0.021350665125339566 1.5000000000000002
decision_type=2 2 2 2 2 2 2 2 2 2
left_child=1 4 7 -4 -1 6 -2 -3 -6 -7
right_child=5 2 3 -5 8 9 -8 -9 -10 -11
leaf_value=-0.003484218127283781 0.012442093410017355 -0.022873179021185852 -0.019864580140307137 0.007304519280662166 0.02427282658673172 0.0056537813601432703 -0.010281263942930116 -0.0041591886751703999 0.0036489542768666167 0.025721486723926983
leaf_weight=12.385754823684694 11.273426771163942 23.456689983606339 11.090083971619604 37.625137060880661 9.9817740917205828 7.3472743183374432 7.3572237491607657 12.174295693635939 8.7160333991050702 10.60789619386196
leaf_count=52 47 101 47 158 42 30 30 51 36 43
internal_value=0.000740715 -0.00282726 -0.00725933 0.000284206 0.0084577 0.0119496 0.00261481 -0.0174385 0.0166652 0.0196511
internal_weight=152.016 115.43 84.3462 48.7152 31.0836 36.5858 18.6307 35.631 18.6978 17.9552
internal_count=637 487 357 205 130 150 77 152 78 73
is_linear=0
shrinkage=0.03


Tree=50
num_leaves=10
num_cat=0
split_feature=5 20 38 10 25 16 1 17 24
split_gain=5.19321 5.81385 4.93484 7.11907 4.14689 3.49211 2.76799 3.7746 0.805917
threshold=-0.034757597845366188 0.024458779149250241 0.0072670195640974775 0.02538816385736065 0.20112359550561801 5.6915526611677736 0.0065990098058875688 -0.71123928908353939 -0.29603547209181008
decision_type=2 2 2 2 2 2 2 2 2
left_child=6 2 3 -2 -4 8 7 -1 -3
right_child=1 5 4 -5 -6 -7 -8 -9 -10
leaf_value=0 -0.019993680340682916 -0.0088490290730498921 0.011821241968364675 0.010528852687948769 -0.001725814136601672 0.00058912566794234881 -0.0013836438947039855 0.026486511970766884 -0.028917237490786948
leaf_weight=7.2473528236150768 18.17466622591019 8.6365323960781133 35.96857513487339 8.1853789389133436 39.411822021007538 7.3732071369886389 8.187891483306883 11.898945674300196 8.7801373451948166
leaf_count=30 76 37 149 34 165 31 34 51 38
internal_value=2.15108e-05 -0.00248262 0.000638528 -0.00991273 0.00468293 -0.0149434 0.0115035 0.0173336 -0.0216749
internal_weight=153.865 126.53 101.74 26.36 75.3804 24.7899 27.3342 19.1463 17.4167
internal_count=645 530 424 110 314 106 115 81 75
is_linear=0
shrinkage=0.03


Tree=51
num_leaves=10
num_cat=0
split_feature=23 37 15 28 15 22 17 23 32
split_gain=5.4884 8.71742 5.01646 5.70111 4.68902 4.37651 3.98165 3.26446 3.00843
threshold=1.1253665470211967 0.026809888263622742 15.055991525294246 5.5000000000000009 21.25754575768385 0.2645291116613761 -0.77946342526237611 1.2421280810784066 0.0010371262701905917
decision_type=2 2 2 2 2 2 2 2 2
left_child=1 2 3 -1 6 8 -2 -8 -3
right_child=4 5 -4 -5 -6 -7 7 -9 -10
leaf_value=0.010546161227208872 -0.0025324547862000612 -0.028913062686358848 0.018201451203302996 -0.0083982393214439566 -0.0081199960197720529 0.0010881128502881283 0.033812986847012713 0.0086339659709639121 -0.0080904806977069518
leaf_weight=21.382673844695091 7.3669095933437374 14.359744459390638 13.712756112217901 34.343300804495811 8.3909804821014387 11.630755722522734 8.8328238576650637 15.586761891841887 18.101455450057983
leaf_count=89 30 63 56 145 34 49 37 64 78
internal_value=1.02844e-05 -0.00327563 0.00318276 -0.000755679 0.00936608 -0.0134689 0.0146334 0.0201795 -0.0188804
internal_weight=153.708 113.531 69.4387 55.726 40.1775 44.092 31.7865 24.4196 32.4612
internal_count=645 480 290 234 165 190 131 101 141
is_linear=0
shrinkage=0.03


Tree=52
num_leaves=10
num_cat=0
split_feature=26 40 32 13 9 22 23 20 37
split_gain=7.98072 4.68951 4.15489 5.8351 5.40641 3.79492 2.98737 2.65872 2.03901
threshold=0.49121725731895233 0.045632713431428724 -0.00044532387163664916 7.226283409643071 -0.015116626297025376 0.35370875343731317 1.1206031567578545 0.024458779149250241 0.012207899971968585
decision_type=2 2 2 2 2 2 2 2 2
left_child=1 2 4 -4 -1 7 8 -3 -2
right_child=6 5 3 -5 -6 -7 -8 -9 -10
leaf_value=0.0084045664344191504 0.014248020486488757 -0.0076712113465335951 0.010223420840759199 -0.013907980513645366 -0.01510189905973186 0.00497395737351824 0.025917083866440246 -0.028763707692877748 -0.0035548934347702735
leaf_weight=10.896239101886747 8.3856244385242515 19.136341735720638 45.549862623214722 8.8529438674449903 23.838075429201126 7.1985821723937979 10.156254485249518 9.877952575683592 9.6191450804471952
leaf_count=46 35 81 190 37 99 30 42 44 41
internal_value=1.31534e-05 -0.00317769 0.000420937 0.00567666 -0.00726342 -0.0119866 0.0139824 -0.0167276 0.0045824
internal_weight=153.511 125.35 89.1371 54.4028 34.7343 36.2129 28.161 29.0143 18.0048
internal_count=645 527 372 227 145 155 118 125 76
is_linear=0
shrinkage=0.03


Tree=53
num_leaves=11
num_cat=0
split_feature=26 3 13 35 15 28 21 21 35 22
split_gain=7.60414 4.13862 7.06925 3.53884 6.52438 5.42865 3.38331 2.76632 3.2057 2.62829
threshold=0.49121725731895233 -0.0040129218618350495 -0.15612971606451606 0.037827511716566738 2.4910796073939907 9.5000000000000018 0.013337964843237304 0.017632844967138326 0.036955013395850507 -0.061646912192173269
decision_type=2 2 2 2 2 2 2 2 2 2
left_child=1 2 6 4 -3 -5 -1 8 -2 -4
right_child=7 3 9 5 -6 -7 -8 -9 -10 -11
leaf_value=0.0062469533081116113 -0.0027094733036695179 0.002152397468859364 0.023845666405458113 0.011795427196104295 -0.01969262472154764 -0.012547848856157682 -0.013679014103117003 0.02699766188894983 0.019545674548883913 0
leaf_weight=10.109591692686083 12.90108054876328 16.852226600050926 12.750240698456766 16.362854614853863 32.212745204567909 12.851593434810637 17.021234154701233 8.2105899006128293 7.0042249560356131 7.0562925189733496
leaf_count=42 54 70 54 68 137 54 72 34 30 30
internal_value=7.66905e-06 -0.00310565 0.0036338 -0.00732341 -0.0121054 0.000488305 -0.00582008 0.0136566 0.00550641 0.0166176
internal_weight=153.333 125.217 46.9374 78.2794 49.065 29.2144 27.1308 28.1159 19.9053 19.8065
internal_count=645 527 198 329 207 122 114 118 84 84
is_linear=0
shrinkage=0.03


Tree=54
num_leaves=9
num_cat=0
split_feature=26 40 38 23 22 23 23 27
split_gain=7.23204 4.3515 5.91209 4.99746 3.63579 2.87106 2.61718 1.34477
threshold=0.49121725731895233 0.045632713431428724 0.0071228810890781764 0.99439910987400493 0.35370875343731317 1.1206031567578545 0.95458961102997397 1.5000000000000002
decision_type=2 2 2 2 2 2 2 2
left_child=1 2 -1 -4 6 7 -3 -2
right_child=5 4 3 -5 -6 -7 -8 -9
leaf_value=-0.017436811489770512 -0.0040307596239858787 -0.026215042150323716 0.010409109321428071 -0.0044409531950010701 0.0050378926453565238 0.025044468057301213 -0.0059962758068668708 0.010454122698723544
leaf_weight=11.873038724064825 7.078708350658423 12.218895211815836 43.342124775052071 33.81240738928318 7.1895896047353736 10.111413508653639 16.634792283177376 10.899448618292807
leaf_count=50 30 55 181 141 30 42 70 46
internal_value=2.84767e-05 -0.00300749 0.000450724 0.0037639 -0.0115183 0.0133462 -0.0161889 0.00416747
internal_weight=153.16 125.071 89.0276 77.1545 36.0433 28.0896 28.8537 17.9782
internal_count=645 527 372 322 155 118 125 76
is_linear=0
shrinkage=0.03


Tree=55
num_leaves=11
num_cat=0
split_feature=26 16 10 38 4 3 38 4 27 23
split_gain=6.47575 6.18616 5.26172 4.37529 3.65734 3.65479 4.30274 3.00601 2.86206 1.56921
threshold=0.50362318840579723 -1.7492099058566228 -0.019106301739011285 0.0097630637041949513 0.015215925118672426 -0.0040129218618350495 0.011705065783176871 0.0069021349235380844 1.5000000000000002 1.0234751270872964
decision_type=2 2 2 2 2 2 2 2 2 2
left_child=1 2 9 4 -2 7 -7 -3 -4 -1
right_child=3 5 8 -5 -6 6 -8 -9 -10 -11
leaf_value=0.01025656600435303 0.014666380274460005 0 -0.032916988492641505 0.027341413214254286 -0.01071049288908821 0.0023137631868754205 -0.014573754491910737 0.022142175878136196 -0.0078804350397993026 -0.0071768238768951526
leaf_weight=7.0439719259738904 8.5029682964086586 9.4457340240478533 9.490246385335924 10.026019215583799 7.6222827881574622 56.998744264245033 15.405757173895834 10.468084841966627 12.279877319931982 7.1282608956098557
leaf_count=30 36 40 41 42 32 238 65 44 52 30
internal_value=0.00036685 -0.00235996 -0.0126114 0.013491 0.00198514 0.00165501 -0.00137301 0.0124696 -0.021277 0.000757358
internal_weight=154.412 128.261 35.9424 26.1513 16.1253 92.3183 72.4045 19.9138 21.7701 14.1722
internal_count=650 540 153 110 68 387 303 84 93 60
is_linear=0
shrinkage=0.03


Tree=56
num_leaves=8
num_cat=0
split_feature=20 26 22 13 32 33 15
split_gain=6.35169 8.67006 5.99461 6.31754 5.30172 3.26542 0.483918
threshold=0.015359229590760023 0.50362318840579723 -0.17995842003065357 -1.6050894626571546 -0.0080977520843994438 0.63929136145083754 6.5122877256608076
decision_type=2 2 2 2 2 2 2
left_child=6 2 3 -2 -4 -3 -1
right_child=1 5 4 -5 -6 -7 -8
leaf_value=-0.0054304056673042866 -0.0072509413374133207 0.028685225570909748 -0.020456501637183405 0.017965127992539558 -0.0012834681441749882 0.0043752176026470172 -0.022737157927868526
leaf_weight=6.9957016557455045 11.539469331502913 11.713183030486109 14.886298611760138 22.924086585640907 66.681360214948654 11.815163463354109 7.7044955492019653
leaf_count=30 49 50 63 96 280 49 33
internal_value=0.000353979 0.00250648 -0.000838714 0.00917603 -0.00536793 0.0183643 -0.0170359
internal_weight=154.26 139.56 116.031 34.4636 81.5677 23.5283 14.7002
internal_count=650 587 488 145 343 99 63
is_linear=0
shrinkage=0.03


Tree=57
num_leaves=7
num_cat=0
split_feature=20 36 20 4 27 15
split_gain=6.07565 6.25009 5.70468 5.36808 5.13285 0.455452
threshold=0.015359229590760023 0.0092023365403906474 0.024458779149250241 0.024548051171006894 1.5000000000000002 6.5122877256608076
decision_type=2 2 2 2 2 2
left_child=5 2 4 -4 -2 -1
right_child=1 -3 3 -5 -6 -7
leaf_value=-0.00530642132195053 -0.0037400573211139737 0.023966585745218479 -0.019560979974832707 0.0034137349672578739 0.0098350717873040006 -0.02228499884598802
leaf_weight=6.9911799728870374 39.615727171301842 9.2086755484342557 19.027699336409569 13.614073872566221 57.999030575156212 7.6661563813686371
leaf_count=30 166 38 82 57 244 33
internal_value=0.000332699 0.00243921 0.000464472 -0.00990192 0.00421072 -0.0166966
internal_weight=154.123 139.465 130.257 32.6418 97.6148 14.6573
internal_count=650 587 549 139 410 63
is_linear=0
shrinkage=0.03


Tree=58
num_leaves=10
num_cat=0
split_feature=20 22 11 7 34 20 11 11 3
split_gain=5.81205 5.54574 7.43672 7.44319 6.10928 5.59343 2.79517 2.37395 0.381119
threshold=0.015359229590760023 -0.17995842003065357 0.036462321543142114 0.025228459241613668 0.0085365384170701403 0.01677635976088063 0.048027889658030072 0.030074233923120145 0.015081098214212553
decision_type=2 2 2 2 2 2 2 2 2
left_child=7 4 5 -4 8 -3 -6 -1 -2
right_child=1 2 3 -5 6 -7 -8 -9 -10
leaf_value=-0.0015523942828953633 0.026079382064214753 0.010722578688924341 0.015495940252528722 -0.013520857837314703 0.0072604131461294751 -0.012191175890817552 -0.0138531502352833 -0.027138269008629413 0.0091676015482157289
leaf_weight=7.7025369405746442 13.505697444081308 9.431489095091818 29.965144127607346 8.3606167882680875 12.436163082718851 50.113461822271347 7.1550638526678076 6.911191388964653 8.4370091408491117
leaf_count=33 57 39 125 35 53 213 30 30 35
internal_value=0.000311804 0.00237293 -0.00142688 0.00843742 0.0113256 -0.00808757 -0.000324853 -0.0163658 0.0215122
internal_weight=154.018 139.405 97.8707 38.3258 41.5339 59.545 19.5912 14.6137 21.9427
internal_count=650 587 412 160 175 252 83 63 92
is_linear=0
shrinkage=0.03


Tree=59
num_leaves=7
num_cat=0
split_feature=26 28 20 19 35 36
split_gain=5.77874 4.8168 4.39225 4.21785 4.79384 2.78674
threshold=0.50362318840579723 1.5000000000000002 0.017522732725160851 0.21937856680939347 -0.010404232273945989 0.0061140619164536383
decision_type=2 2 2 2 2 2
left_child=1 -1 -2 4 -3 -4
right_child=2 3 5 -5 -6 -7
leaf_value=0.014741894992835214 -0.004526018405494053 -0.017315778864402474 0.0047695153910476485 0.011269509767483085 -0.0023100307687114029 0.030609495122026265
leaf_weight=11.176314398646353 7.3584892600774792 24.984467148780823 9.3810725063085574 11.563424259424208 80.188769802451134 9.26582422852516
leaf_count=47 31 107 40 48 338 39
internal_value=0.000299824 -0.00227089 0.0127392 -0.0042469 -0.0062713 0.0200574
internal_weight=153.918 127.913 26.0054 116.737 105.173 18.6469
internal_count=650 540 110 493 445 79
is_linear=0
shrinkage=0.03


Tree=60
num_leaves=7
num_cat=0
split_feature=36 38 27 16 40 0
split_gain=8.5204 8.18049 7.10034 4.96448 3.90773 2.98165
threshold=0.0087855988406358894 0.01237604918037395 1.5000000000000002 -1.6445233307499494 0.056446742234636312 -0.0080365979197055664
decision_type=2 2 2 2 2 2
left_child=1 2 3 -1 -4 -3
right_child=-2 5 4 -5 -6 -7
leaf_value=-0.020624074821955 0.024045156035803792 0 0.012104076953728268 0 -0.0026717733087317746 -0.02484309226901793
leaf_weight=13.550526753067968 11.575299516320227 7.582186400890353 54.087199047207832 31.91121107339859 19.60271430015564 13.424677014350889
leaf_count=59 49 32 228 133 83 58
internal_value=0.00131281 -0.00077095 0.00224504 -0.0067249 0.00800855 -0.0172378
internal_weight=151.734 140.159 119.152 45.4617 73.6899 21.0069
internal_count=642 593 503 192 311 90
is_linear=0
shrinkage=0.03


Tree=61
num_leaves=7
num_cat=0
split_feature=36 38 23 32 0 0
split_gain=8.1246 7.76817 4.35548 4.68844 3.08329 2.82843
threshold=0.0087855988406358894 0.01237604918037395 1.210829950013173 -0.0083327703633918598 0.0035951684874595551 -0.0080365979197055664
decision_type=2 2 2 2 2 2
left_child=1 2 3 -1 -4 -3
right_child=-2 5 4 -5 -6 -7
leaf_value=-0.01624070459106771 0.023492360525765955 0 0 0.0020697552638923901 0.023712119790581871 -0.024257105142955818
leaf_weight=12.634895518422125 11.539845004677771 7.582186400890353 9.7607690244913119 85.810211434960365 10.88780803978443 13.385421454906462
leaf_count=53 49 32 40 365 45 58
internal_value=0.00126159 -0.000769397 0.00216605 -0.00040754 0.0140508 -0.0168323
internal_weight=151.601 140.061 119.094 98.4451 20.6486 20.9676
internal_count=642 593 503 418 85 90
is_linear=0
shrinkage=0.03


Tree=62
num_leaves=7
num_cat=0
split_feature=36 38 35 15 32 1
split_gain=7.73771 7.39337 4.48968 5.48873 4.39974 2.78663
threshold=0.0087855988406358894 0.01237604918037395 0.016373137931532503 2.1625050805257016 -0.00044532387163664916 -0.0023673779008034908
decision_type=2 2 2 2 2 2
left_child=1 2 3 -1 -4 -3
right_child=-2 5 4 -5 -6 -7
leaf_value=0.013269328106710393 0.022955942709869372 -0.0033086577336211313 -0.0021519177649265879 -0.010711831489253153 0.012163917955082907 -0.026864276639391373
leaf_weight=8.8805540055036527 11.502515584230421 11.064871639013292 28.672959879040718 35.077928781509399 46.436829805374146 9.8612512946128827
leaf_count=37 49 47 121 150 195 43
internal_value=0.00122786 -0.00074996 0.0021094 -0.00517412 0.00659029 -0.0164385
internal_weight=151.497 139.994 119.068 43.9585 75.1098 20.9261
internal_count=642 593 503 187 316 90
is_linear=0
shrinkage=0.03


Tree=63
num_leaves=7
num_cat=0
split_feature=36 38 35 15 34 1
split_gain=7.37502 7.04786 4.2199 5.21659 4.16303 2.65446
threshold=0.0087855988406358894 0.01237604918037395 0.016373137931532503 2.1625050805257016 0.034551093974205867 -0.0023673779008034908
decision_type=2 2 2 2 2 2
left_child=1 2 3 -1 -4 -3
right_child=-2 5 4 -5 -6 -7
leaf_value=0.012960866174472648 0.022435075568255448 -0.0032251235536704206 0.0093336968942749239 -0.01042460617403165 -0.0093645200609167416 -0.026279390094737929
leaf_weight=8.8669557571411115 11.463504031300543 11.062753185629846 64.795715227723122 35.019092738628387 10.320005640387533 9.8233925551176053
leaf_count=37 49 47 272 150 44 43
internal_value=0.00118832 -0.000738786 0.00204969 -0.00501382 0.00639403 -0.0160726
internal_weight=151.351 139.888 119.002 43.886 75.1157 20.8861
internal_count=642 593 503 187 316 90
is_linear=0
shrinkage=0.03


Tree=64
num_leaves=7
num_cat=0
split_feature=36 38 23 32 0 0
split_gain=7.03286 6.71604 4.15232 4.37637 2.85984 2.59124
threshold=0.0087855988406358894 0.01237604918037395 1.210829950013173 -0.0083327703633918598 0.0035951684874595551 -0.0080365979197055664
decision_type=2 2 2 2 2 2
left_child=1 2 3 -1 -4 -3
right_child=-2 5 4 -5 -6 -7
leaf_value=-0.015832471641106172 0.021928994827384141 0 0 0.0018669551046494679 0.022929166584168152 -0.022859953962203732
leaf_weight=12.603007420897482 11.422990873456 7.5832513570785549 9.7580058127641696 85.701182976365089 10.859632506966589 13.261105462908743
leaf_count=53 49 32 40 365 45 58
internal_value=0.00114616 -0.000732002 0.00198697 -0.000523084 0.013606 -0.0157168
internal_weight=151.189 139.766 118.922 98.3042 20.6176 20.8444
internal_count=642 593 503 418 85 90
is_linear=0
shrinkage=0.03


Tree=65
num_leaves=8
num_cat=0
split_feature=28 23 37 15 12 11 5
split_gain=6.76323 5.81376 6.20962 4.87239 4.18941 3.61647 2.24909
threshold=1.5000000000000002 1.2189276378023981 0.015780802731200087 6.5122877256608076 45.682918615869092 0.023006403596804174 0.02436299269340159
decision_type=2 2 2 2 2 2 2
left_child=-1 2 4 -4 -2 6 -3
right_child=1 5 3 -5 -6 -7 -8
leaf_value=0.018364453747781985 -0.0082155450189998151 -0.011756378623571746 -0.02701054778394308 -0.0072680127483710092 0.0081952227973928257 0.020910204950495486 0.0084771553307020509
leaf_weight=11.180771410465239 23.546594679355621 7.1650761663913753 15.803438007831572 47.287655904889107 28.657643288373947 9.7441689372062665 8.5490904301404935
leaf_count=47 100 30 72 201 119 40 35
internal_value=-0.00203611 -0.00399629 -0.00692898 -0.0131217 0.000486438 0.00827622 -0.000187524
internal_weight=151.934 140.754 115.295 63.0911 52.2042 25.4583 15.7142
internal_count=644 597 492 273 219 105 65
is_linear=0
shrinkage=0.03


Tree=66
num_leaves=8
num_cat=0
split_feature=28 23 7 16 37 13 10
split_gain=6.42059 5.52513 6.69608 6.94675 5.55607 4.57395 1.96501
threshold=1.5000000000000002 1.2189276378023981 0.022606661764163743 -1.7492099058566228 0.023542560292893592 -1.6050894626571546 0.016658013034240086
decision_type=2 2 2 2 2 2 2
left_child=-1 2 3 -2 -4 -3 -7
right_child=1 5 4 -5 -6 6 -8
leaf_value=0.017896140247396657 -0.013256692632284737 -0.0087421494983841719 0 0.0036396645016728468 -0.029231481241971394 0.025900176844168094 0.00372317867107517
leaf_weight=11.181475490331648 32.333933502435684 7.595198422670367 9.474324047565462 56.812240660190582 16.499220445752144 8.1017447710037249 9.7488146871328336
leaf_count=47 140 31 39 241 72 34 40
internal_value=-0.00197418 -0.00388889 -0.00675308 -0.0024806 -0.019655 0.00807036 0.0161396
internal_weight=151.747 140.565 115.12 89.1462 25.9735 25.4458 17.8506
internal_count=644 597 492 381 111 105 74
is_linear=0
shrinkage=0.03


Tree=67
num_leaves=8
num_cat=0
split_feature=28 32 32 27 2 26 28
split_gain=6.09507 4.76467 5.47625 5.84851 3.84384 2.55857 1.59212
threshold=1.5000000000000002 0.0059569773584717831 -0.00066544669950174818 1.0000000180025095e-35 -0.0063960549035175776 0.37110754414125208 6.5000000000000009
decision_type=2 2 2 2 2 2 2
left_child=-1 2 4 -4 -2 6 -3
right_child=1 5 3 -5 -6 -7 -8
leaf_value=0.017441902163839392 0.00081571419830810392 -0.0062459865366233632 -0.012061161285895275 0.012432379054956227 -0.014826559993534986 0 -0.022678156853744351
leaf_weight=11.180589124560354 26.11390632390976 14.923688337206842 8.9336633086204511 37.999919638037682 24.657098144292831 11.510858684778212 16.280159011483192
leaf_count=47 110 63 39 160 106 49 70
internal_value=-0.00191301 -0.00378272 0 0.00716117 -0.00677077 -0.0118944 -0.0161206
internal_weight=151.6 140.419 97.7046 46.9336 50.771 42.7147 31.2038
internal_count=644 597 415 199 216 182 133
is_linear=0
shrinkage=0.03


Tree=68
num_leaves=9
num_cat=0
split_feature=38 21 23 7 16 10 6 14
split_gain=4.17645 9.97402 6.25533 5.21122 7.50793 4.61204 3.74615 3.10341
threshold=0.012341781549661974 0.030549644404176585 1.2142880398327849 0.019085463470536333 -2.3671818809532028 0.016359382598911679 -0.0084449806128092438 22.579166745856927
decision_type=2 2 2 2 2 2 2 2
left_child=2 6 3 4 -1 -4 -2 -5
right_child=1 -3 5 7 -6 -7 -8 -9
leaf_value=-0.01127887168674797 -0.002563634523500947 0.011854896550214435 0.030071571298822448 -0.017963656883653072 0.0085644576837519241 0.00086599034346992749 -0.032142003424941674 0.0017101308337996834
leaf_weight=23.579344287514687 7.3494960814714476 8.8858768194913846 8.1446334570646304 22.301204770803455 49.009808033704758 11.750952109694479 12.539230063557625 7.930431753396987
leaf_count=103 31 38 34 95 206 48 56 33
internal_value=-0.00186627 -0.0117707 0.000487364 -0.00244409 0.001788 0.0151617 -0.0231301 -0.0125515
internal_weight=151.491 28.7746 122.716 102.821 72.5892 19.8956 19.8887 30.2316
internal_count=644 125 519 437 309 82 87 128
is_linear=0
shrinkage=0.03


Tree=69
num_leaves=13
num_cat=0
split_feature=13 21 25 13 40 9 27 7 28 40 37 32
split_gain=5.8771 5.2542 3.75647 5.80249 3.64534 4.08599 3.12433 3.12427 2.39982 2.11201 2.00606 1.30669
threshold=0.64983219906921985 0.011945068802757424 0.20112359550561801 4.8590197326182833 0.056446742234636312 0.014239277025318327 2.5000000000000004 0.021644890375510862 8.5000000000000018 0.051716408652652264 0.021991225114901484 0.002427056105693604
decision_type=2 2 2 2 2 2 2 2 2 2 2 2
left_child=1 6 3 9 5 -3 -1 8 -4 -2 -5 -6
right_child=2 4 7 10 11 -7 -8 -9 -10 -11 -12 -13
leaf_value=-0.0045349257585510575 0.028339899146249691 -0.016346867308681113 0.01096054691330964 0.0063713746079232126 -0.033257194811444429 0.0004123904526203918 0.016685286851515532 -0.013688749803888603 -0.007793187255538586 0.0038426237046251697 -0.012471070199166441 -0.0079837637298948595
leaf_weight=10.838523879647257 12.364684626460077 19.947387844324112 14.46056914329529 8.9561706334352476 7.23781570792198 28.127808094024658 9.3203926086425763 12.046909585595129 7.1627271473407736 6.9757989495992652 7.0239205062389365 6.8094904273748398
leaf_count=46 53 85 62 37 33 118 39 51 30 30 30 30
internal_value=-0.00181157 -0.00721679 0.00444533 0.0110891 -0.0115233 -0.00661698 0.00521967 -0.00233457 0.00397955 0.0213952 -0.00154238 -0.0244625
internal_weight=151.272 82.2814 68.9908 35.3206 62.1225 48.0752 20.1589 33.6702 21.6233 19.3405 15.9801 14.0473
internal_count=644 351 293 150 266 203 85 143 92 83 67 63
is_linear=0
shrinkage=0.03


Tree=70
num_leaves=9
num_cat=0
split_feature=36 16 16 4 23 15 22 3
split_gain=5.41417 5.19946 8.57006 5.65108 5.03039 5.00676 4.21381 1.07149
threshold=0.0092023365403906474 -2.0140280774901944 3.0697153521874307 -0.030890701626446412 1.1741562915568609 11.337248456282007 -0.04577843316789048 -0.013535035614234634
decision_type=2 2 2 2 2 2 2 2
left_child=1 3 5 6 -4 -3 -1 -5
right_child=-2 2 4 7 -6 -7 -8 -9
leaf_value=0.017614591069513932 0.020302336359610835 0.0021696123333825672 -0.018162020360002511 -0.0055762792859783321 0.0046138816775076353 0.019027457217771545 -0.009343328803335358 -0.025116596733874692
leaf_weight=7.3811062872409847 10.314736202359198 43.982331931591034 19.631415814161304 7.4997128993272808 12.062811419367788 25.776334345340729 9.3148109167814237 12.879510596394537
leaf_count=32 44 186 88 32 49 107 40 57
internal_value=0.00121411 -0.000369169 0.00304767 -0.00978037 -0.00928901 0.00896445 0.00238161 -0.0197369
internal_weight=148.843 138.528 101.453 37.0751 31.6942 69.7587 16.6959 20.3792
internal_count=635 591 430 161 137 293 72 89
is_linear=0
shrinkage=0.03


Tree=71
num_leaves=12
num_cat=0
split_feature=16 4 1 3 38 38 11 5 33 5 3
split_gain=4.14641 7.0231 5.32333 5.31262 3.74316 4.22288 3.35975 4.36806 3.19744 1.84576 1.94364
threshold=-1.8335386051572395 -0.030890701626446412 -0.01514371370409223 0.013173692436513231 0.008124993718285102 0.010963069269763493 0.039693784453670451 -0.0044637441411635162 0.84811819563271518 0.032854029835353689 -0.0065075820204585346
decision_type=2 2 2 2 2 2 2 2 2 2 2
left_child=1 2 -1 6 8 -6 7 -2 -5 10 -3
right_child=3 9 -4 4 5 -7 -8 -9 -10 -11 -12
leaf_value=-0.010364013017681684 0.019646905834367234 0.00115758455095818 0.018422350613792292 0.0015092243184520115 0.012267907647667421 -0.0066916637181506549 0.023143863510395272 -0.0014741385356414904 -0.020911438290990878 -0.028805910408186534 -0.016983797134295049
leaf_weight=7.7590363323688534 10.731683999300001 7.857706531882287 11.417101904749869 7.5261778086423901 21.001971885561943 16.791819632053375 14.289871260523794 24.320683032274246 11.438202470540999 7.4447263032197943 8.0441473573446274
leaf_count=33 46 33 50 32 88 71 59 105 49 34 35
internal_value=0.00118137 -0.00640592 0.00618771 0.00442321 -0.00162016 0.00355426 0.0114593 0.00529893 -0.012003 -0.0170138 -0.00805373
internal_weight=148.623 42.5227 19.1761 106.1 56.7582 37.7938 49.3422 35.0524 18.9644 23.3466 15.9019
internal_count=635 185 83 450 240 159 210 151 81 102 68
is_linear=0
shrinkage=0.03


Tree=72
num_leaves=8
num_cat=0
split_feature=0 34 7 37 4 4 23
split_gain=3.6296 3.886 3.77402 4.49422 3.13182 4.13387 1.47518
threshold=-0.0083731909476399951 -0.044629391925656063 -0.024266841725600782 0.038060171056649168 -0.036721641231818973 -0.0046808035267257844 0.90271662849909184
decision_type=2 2 2 2 2 2 2
left_child=2 -2 -1 6 -3 -6 -4
right_child=1 4 3 -5 5 -7 -8
leaf_value=-0.0061179739185718927 0.016762922433011185 0.012565166348113685 0.0064524572174765567 -0.0030268783864371195 -0.016721417486636962 -0.0014083046091432725 0.027930776424473804
leaf_weight=8.5979174226522428 7.4446983933448783 7.9221095889806739 8.2053750455379539 7.7394663840532294 19.112036377191544 77.168798968195915 12.198543041944502
leaf_count=36 32 35 35 34 85 327 51
internal_value=0.00114094 -0.00146526 0.00911451 0.0143629 -0.00319995 -0.00487905 0.0213099
internal_weight=148.389 111.648 36.7413 28.1434 104.203 96.2808 20.4039
internal_count=635 479 156 120 447 412 86
is_linear=0
shrinkage=0.03


Tree=73
num_leaves=8
num_cat=0
split_feature=36 13 16 16 5 14 11
split_gain=5.02803 5.05314 5.80513 6.45944 4.40092 1.88256 2.48646
threshold=0.0092023365403906474 4.6693900244265238 -1.6445233307499494 2.9258480981348849 0.026002863183025474 3.0890194765049448 0.041628441730638073
decision_type=2 2 2 2 2 2 2
left_child=1 2 4 -4 -1 -3 -7
right_child=-2 5 3 -5 -6 6 -8
leaf_value=-0.00019942377610189871 0.019568762060513261 -0.00092411824466939231 0.013016338620766925 -0.0045951546490553075 -0.025103133562893131 -0.029096433095319847 -0.0038435583418021824
leaf_weight=23.130523785948757 10.249173775315283 13.130281016230585 51.596316754817963 25.978330045938492 7.5711202323436728 6.9928843080997494 9.6194857209920865
leaf_count=99 44 56 217 113 35 30 41
internal_value=0.00111923 -0.000403637 0.00252807 0.00696281 -0.00795913 -0.0110357 -0.0172638
internal_weight=148.268 138.019 108.276 77.5746 30.7016 29.7427 16.6124
internal_count=635 591 464 330 134 127 71
is_linear=0
shrinkage=0.03


Tree=74
num_leaves=9
num_cat=0
split_feature=13 13 0 35 0 34 35 34
split_gain=3.70775 5.95722 4.18438 5.84478 3.91321 3.31548 2.3695 2.33553
threshold=4.6693900244265238 2.7174080937477432 -0.0083731909476399951 0.046194922145479052 -0.015202685043895823 -0.002991407225890141 0.037827511716566738 0.0065712545350116178
decision_type=2 2 2 2 2 2 2 2
left_child=1 2 4 -4 -1 -2 -7 -3
right_child=5 7 3 -5 -6 6 -8 -9
leaf_value=-0.00061216544509795883 0.0032645149127191082 0.0034281775744805089 0.0011319346919757564 -0.018857625683561984 0.018181184357293715 -0.024423009449252527 -0.0019932838751369987 0.02821514703069106
leaf_weight=17.517577201128006 12.600927457213404 8.087175205349924 48.855739533901215 15.369995713233946 17.13269005715847 9.4839513003826159 9.8987731188535673 9.164764925837515
leaf_count=74 54 35 212 66 73 41 42 38
internal_value=0.00105912 0.00364445 0.000504733 -0.00385034 0.00875592 -0.00754849 -0.0149275 0.0189381
internal_weight=148.112 116.128 98.876 64.2257 34.6503 31.9837 19.3827 17.2519
internal_count=635 498 425 278 147 137 83 73
is_linear=0
shrinkage=0.03


Tree=75
num_leaves=11
num_cat=0
split_feature=40 19 9 12 15 7 16 24 5 4
split_gain=5.01528 8.01394 4.64966 3.50516 6.9911 4.97512 3.27365 5.98519 4.46411 3.54844
threshold=0.05035808735571768 0.058751018058597233 0.019996392655442861 66.386994588411298 2.9756899377715063 0.025918447330217538 3.6445404982637686 0.43869027731373206 0.11002823635377214 0.014630122816436943
decision_type=2 2 2 2 2 2 2 2 2 2
left_child=1 2 -1 4 -3 -5 7 9 -8 -2
right_child=6 3 -4 5 -6 -7 8 -9 -10 -11
leaf_value=0.0026071737349339205 -0.0047045136080467202 0.012127764935372792 -0.026125529496162571 0.026649891954016281 -0.006083966024079809 0 -0.031549348533913203 -0.020569564848084816 0 0.019739801306711432
leaf_weight=7.0050375461578396 7.4479750096798005 38.003601416945457 9.3803588896989805 15.000684767961504 33.205328598618507 10.023434117436407 7.8084354251623136 7.3206275999546042 7.2971744388341904 9.3758212029933912
leaf_count=30 33 163 41 63 140 42 37 32 30 39
internal_value=0.000618147 0.00392795 -0.0140786 0.0073708 0.00349638 0.0167661 -0.00824491 -0.000444184 -0.0183267 0.00877126
internal_weight=151.868 112.618 16.3854 96.233 71.2089 25.0241 39.25 24.1444 15.1056 16.8238
internal_count=650 479 71 408 303 105 171 104 67 72
is_linear=0
shrinkage=0.03


Tree=76
num_leaves=11
num_cat=0
split_feature=3 34 16 16 25 34 34 16 37 26
split_gain=5.5256 4.42608 5.57583 5.03395 4.18606 4.03283 5.92382 3.54564 1.32474 0.392011
threshold=0.0022443157983051969 0.015569977603789422 -1.7492099058566228 -4.986190693661567 0.013475499092558985 0.023504097708541564 0.01529634996755991 -0.91206985089727943 0.038060171056649168 0.23557158712541623
decision_type=2 2 2 2 2 2 2 2 2 2
left_child=1 2 3 -1 -2 6 -6 -3 -4 -7
right_child=4 7 8 -5 5 9 -8 -9 -10 -11
leaf_value=0.014328614617380331 0.010992963707958745 0.0084336155065840926 0.029606441761788192 -0.010737924627922316 -0.007723796990315915 -0.024342312231033222 0.01499314401659386 -0.013202115179155814 0.006978198470259437 -0.0071816137653586843
leaf_weight=12.738149225711824 11.14367640018463 10.180407270789148 12.616025909781458 11.801829874515532 45.395945325493813 9.6603769510984439 10.997556269168852 12.669388115406035 7.0011926591396323 7.4000505656003943
leaf_count=54 47 44 54 52 194 42 46 55 30 32
internal_value=0.000582732 0.0069931 0.0124253 0.00180762 -0.00436574 -0.00712422 -0.002675 -0.00305604 0.0236173 -0.0192203
internal_weight=151.605 67.007 44.1572 24.54 84.5976 73.4539 56.3935 22.8498 19.6172 17.0604
internal_count=650 289 190 106 361 314 240 99 84 74
is_linear=0
shrinkage=0.03


Tree=77
num_leaves=12
num_cat=0
split_feature=3 23 34 35 21 17 17 7 21 13 23
split_gain=5.25062 6.2356 4.20905 6.08712 3.1838 2.78881 3.50056 2.60479 2.46807 2.39206 2.35699
threshold=0.0022443157983051969 1.1340052143611083 0.015569977603789422 0.0041031716176090924 0.019760244517988967 0.32711997563705891 0.65548339645288978 -0.010872773550733326 0.012331974026476244 1.1392003138697364 0.98908393751679591
decision_type=2 2 2 2 2 2 2 2 2 2 2
left_child=2 5 3 10 -5 8 -7 -4 -2 -3 -1
right_child=1 9 7 4 -6 6 -8 -9 -10 -11 -12
leaf_value=0.0088762929400972926 -0.0011196287247732652 -0.001138420522496965 0.0064931946706597177 0.028205284327090924 0.001477404990793901 0.010913879008556096 -0.0092607637050596287 -0.011939751856623475 -0.022880340301334075 0.01517136256073684 -0.0098726415794065433
leaf_weight=10.466473549604418 8.463446721434595 13.168429821729662 10.57616847753525 16.993364900350574 6.9361979961395255 8.8066143393516558 23.167066439986229 12.25164559483528 17.401346161961555 13.521437913179396 9.6865256726741773
leaf_count=47 36 54 46 72 30 38 100 53 77 56 41
internal_value=0.000574547 -0.00424757 0.00683051 0.0121346 0.021748 -0.00978883 -0.00294711 -0.00296045 -0.0168896 0.0070831 0
internal_weight=151.439 84.5283 66.9104 44.0826 23.9296 57.8385 31.9737 22.8278 25.8648 26.6899 20.153
internal_count=650 361 289 190 102 251 138 99 113 110 88
is_linear=0
shrinkage=0.03


Tree=78
num_leaves=11
num_cat=0
split_feature=23 7 12 37 14 20 32 14 21 35
split_gain=3.64528 5.57336 6.72075 7.72248 2.33401 2.19043 2.05722 1.19513 3.39038 0.687411
threshold=1.13933370224596 0.02313292533383839 66.386994588411298 0.011896832345453469 5.6331959338239139 0.022948633651547205 0.002519950045509423 3.3394973265375545 0.013187794006559369 0.025682253657166591
decision_type=2 2 2 2 2 2 2 2 2 2
left_child=1 2 3 -1 -3 7 -4 -2 -9 -6
right_child=5 4 6 -5 9 -7 -8 8 -10 -11
leaf_value=0.005804550467299067 0.022046441543524312 -7.9231429303086868e-05 0.0042576081775406466 -0.013743652088084826 -0.028907584834950519 -0.00042877666027777881 0.025824136979073296 -0.0073103556509034858 0.016345085072490408 -0.0081394033358658628
leaf_weight=36.756084352731705 8.5694793611764926 8.5076060295104998 11.177136212587358 31.574879437685013 6.968913331627844 14.118088632822035 8.6415296792983991 7.2142588794231441 10.249496802687643 7.5034270435571671
leaf_count=157 37 36 48 142 31 58 36 30 42 33
internal_value=0.000560703 -0.00214818 0.00121389 -0.00314911 -0.01471 0.00816031 0.0158539 0.0130516 0.00605533 -0.0213462
internal_weight=151.281 111.13 88.1496 68.331 22.9799 40.1513 19.8187 26.0332 17.4638 14.4723
internal_count=650 483 383 299 100 167 84 109 72 64
is_linear=0
shrinkage=0.03


Tree=79
num_leaves=11
num_cat=0
split_feature=3 25 28 12 22 18 25 37 17 15
split_gain=4.91362 3.95863 3.92189 3.69829 3.42597 5.89484 4.3704 3.37936 3.3765 2.35713
threshold=0.0022443157983051969 0.013475499092558985 1.5000000000000002 66.386994588411298 -0.017701237612694761 0.43928630505579386 0.16784037558685447 0.025015769212081155 -0.86316090570920234 3.1781555010688667
decision_type=2 2 2 2 2 2 2 2 2 2
left_child=4 -2 -3 -4 7 8 -7 9 -6 -1
right_child=1 2 3 -5 5 6 -8 -9 -10 -11
leaf_value=0.028467622682454525 0.010809039635959684 0.011155480455831649 -0.014521026475132606 0 -0.024737763827816166 0.024240389949933043 -0.0027666542227138442 0 0.00018399227912952772 0.0065645598258657709
leaf_weight=11.107751041650774 11.122709900140761 7.2858804613351813 41.628317520022392 24.240845024585724 7.8492305874824524 8.498789459466936 8.5784994512796384 10.860688626766203 7.3797869682311994 12.477686092257498
leaf_count=50 47 31 180 103 33 36 37 48 32 53
internal_value=0.000544844 -0.00412395 -0.00682122 -0.0093008 0.00660606 -4.93913e-05 0.0110198 0.0129198 -0.0131709 0.0188852
internal_weight=151.03 84.2778 73.155 65.8692 66.7524 32.3063 17.0773 34.4461 15.229 23.5854
internal_count=650 361 314 283 289 138 73 151 65 103
is_linear=0
shrinkage=0.03


Tree=80
num_leaves=10
num_cat=0
split_feature=28 14 16 23 23 23 16 34 10
split_gain=4.8729 6.5989 6.4701 4.6024 8.53003 6.44772 4.39938 4.27135 3.14961
threshold=8.5000000000000018 -1.006740483367025 -2.0140280774901944 0.80795880235271689 0.99439910987400493 1.2421280810784066 3.5502002309657348 -0.0019642055284313504 -0.030285265400253166
decision_type=2 2 2 2 2 2 2 2 2
left_child=1 8 7 -2 -5 -6 -4 -3 -1
right_child=3 2 6 4 5 -7 -8 -9 -10
leaf_value=0.00045143769409254869 -0.022352161585573405 0.00023532200833419005 0.0093897320846112638 0.017617435263084114 -0.020128531029653073 0.0078021566796101192 -0.0080086484320803231 -0.026538345887929009 0.02730561121611615
leaf_weight=7.4874944090843227 13.406576484441755 7.3939146548509624 39.253599256277084 11.109484329819677 20.167467102408413 8.9417842179536802 16.542610630393028 10.610252156853674 10.718666210770605
leaf_count=32 60 33 165 47 85 38 72 47 48
internal_value=-0.00116002 0.00290393 -0.00103674 -0.00825602 -0.00236562 -0.0111166 0.00387325 -0.0158689 0.0181417
internal_weight=145.632 92.0065 73.8004 53.6253 40.2187 29.1093 55.7962 18.0042 18.2062
internal_count=627 397 317 230 170 123 237 80 80
is_linear=0
shrinkage=0.03


Tree=81
num_leaves=9
num_cat=0
split_feature=13 26 21 38 38 21 12 36
split_gain=6.51818 6.2931 6.60405 5.41187 4.78778 4.66638 2.9932 1.9385
threshold=-1.0369899148332491 0.39827586206896559 0.011818073413493764 0.018027785906072933 0.012594481631924852 0.012053389944035365 65.467247404535371 0.0068964458782112088
decision_type=2 2 2 2 2 2 2 2
left_child=1 2 -1 4 5 -2 -4 -3
right_child=3 7 6 -5 -6 -7 -8 -9
leaf_value=0.0044813055496181744 -0.0063087288439870205 0.014275650157071065 -0.025357970392904768 0.026278371363074916 -0.016851737099374802 0.0096432623141935007 -0.00084987344966437357 -0.0034849966783008688
leaf_weight=10.469193980097769 22.067050114274025 9.1727921813726443 25.988927081227303 6.9529511928558341 9.0263326913118345 47.004286035895348 7.0502265691757193 7.6902657449245444
leaf_count=45 96 39 115 31 39 199 30 33
internal_value=-0.00112359 -0.00859091 -0.014537 0.00408021 0.00130985 0.00430172 -0.0209033 0.00587012
internal_weight=145.422 60.3714 43.5083 85.0506 78.0977 69.0713 33.0392 16.8631
internal_count=627 262 190 365 334 295 145 72
is_linear=0
shrinkage=0.03


Tree=82
num_leaves=9
num_cat=0
split_feature=26 17 28 7 9 38 32 3
split_gain=5.39403 6.40746 9.66081 4.9574 3.19025 2.95649 2.44731 1.89961
threshold=0.52768130745658837 -0.82638887154047314 8.5000000000000018 0.0050068327345233954 0.040786695811856739 0.0095534154607300175 0.004843788126208338 -0.0093848729586615259
decision_type=2 2 2 2 2 2 2 2
left_child=1 6 4 -4 -3 -2 7 -1
right_child=5 2 3 -5 -6 -7 -8 -9
leaf_value=-0.025253275082914309 0.00092319802606169498 0.015594681499843076 0.0024128907289493046 -0.01954496948977626 0.00093419282367453909 0.023172633373609225 0 -0.0036803522815421078
leaf_weight=15.655508935451511 13.716225042939188 24.749020576477051 12.400318890810011 22.638413161039352 31.990112692117691 9.0990932881832105 7.1433597803115836 7.8727315366268167
leaf_count=67 58 108 54 97 137 40 32 34
internal_value=-0.0010905 -0.00371473 0.000182187 -0.0116584 0.00789756 0.0115535 -0.0151318 -0.0194763
internal_weight=145.265 122.449 91.7779 35.0387 56.7391 22.8153 30.6716 23.5282
internal_count=627 529 396 151 245 98 133 101
is_linear=0
shrinkage=0.03


Tree=83
num_leaves=11
num_cat=0
split_feature=13 26 36 17 19 20 40 36 36 32
split_gain=5.98751 5.82466 4.72836 4.41235 5.50312 4.36829 3.49458 3.48626 1.84155 1.19246
threshold=-1.0369899148332491 0.39827586206896559 0.0085990054719249139 -0.82638887154047314 0.11630414046963126 0.024458779149250241 0.038912761240036405 0.0070293319990320227 0.0068964458782112088 0.0059569773584717831
decision_type=2 2 2 2 2 2 2 2 2 2
left_child=1 3 5 6 -5 7 -1 -2 -3 -7
right_child=2 8 -4 4 -6 9 -8 -9 -10 -11
leaf_value=-0.034185392834215386 0.0089453480020513076 0.013868470340518101 0.022484251863149507 0.0045973046846293575 -0.023866374005814855 0 -0.0051090116733378439 -0.0070887330025694584 -0.0034235828189628707 -0.017964865645364012
leaf_weight=11.071876168251039 46.46660390496254 9.1716878861188906 8.9091320782899839 17.314748123288158 6.7089479416608802 6.8632301539182654 8.2594225406646711 13.624495714902876 7.6825980246067038 9.0438527166843397
leaf_count=46 197 39 40 76 30 30 38 59 33 39
internal_value=-0.00105142 -0.0082231 0.00393376 -0.013964 -0.00399848 0.00104603 -0.0241093 0.00495712 0.0056637 -0.0117945
internal_weight=145.117 60.2093 84.9073 43.355 24.0237 75.9982 19.3313 60.0911 16.8543 15.9071
internal_count=627 262 365 190 106 325 84 256 72 69
is_linear=0
shrinkage=0.03


Tree=84
num_leaves=7
num_cat=0
split_feature=40 26 16 27 16 22
split_gain=5.82926 5.20524 6.52321 5.21764 3.65729 3.17198
threshold=-0.060908792986144315 0.52768130745658837 -2.0140280774901944 1.5000000000000002 2.4956527344364496 -0.1964834160694455
decision_type=2 2 2 2 2 2
left_child=-1 2 3 -2 -3 -4
right_child=1 4 5 -5 -6 -7
leaf_value=0.020170543116753172 -0.031576723479505936 0.018133278292319002 0.0075864377842276842 -0.0042369009754017733 -0.0053665682294060987 -0.0047216291538009778
leaf_weight=8.6726432591676694 11.592374473810198 14.335457891225817 24.033035576343536 15.853967830538748 6.9398354291915885 63.562270119786263
leaf_count=38 52 61 103 70 30 273
internal_value=-0.0010436 -0.00277386 -0.00539903 -0.0176541 0.0100209 -0.00108335
internal_weight=144.99 136.317 115.042 27.4463 21.2753 87.5953
internal_count=627 589 498 122 91 376
is_linear=0
shrinkage=0.03


Tree=85
num_leaves=9
num_cat=0
split_feature=28 3 2 28 13 36 25 2
split_gain=6.66141 8.57803 7.87616 5.49514 5.05191 3.88694 3.28923 2.90879
threshold=1.5000000000000002 -0.0033064033431777769 0.0012215962124311199 3.5000000000000004 -1.273377894109984 0.0068240004911848404 0.10859950859950861 -0.010014380496011664
decision_type=2 2 2 2 2 2 2 2
left_child=-1 4 7 -4 6 -6 -2 -3
right_child=1 2 3 -5 5 -7 -8 -9
leaf_value=0.021365668795233276 0.012916882174211291 -0.0051172557603150585 -0.017844089811920472 0.0034519078484958831 0.028163212513612104 0.0029686883643047107 -0.007676932408193152 -0.030676604735472342
leaf_weight=11.49027545750141 8.6403300315141696 9.2092122435569781 11.721964746713637 49.810019299387932 12.99953129887581 11.888539701700209 18.109198525547981 12.004024729132651
leaf_count=50 37 39 50 214 56 53 78 53
internal_value=0.00123071 -0.000669001 -0.00670208 -0.000802943 0.0086083 0.0178022 -6.73774e-05 -0.0216237
internal_weight=145.873 134.383 82.7452 61.532 51.6376 24.8881 26.7495 21.2132
internal_count=630 580 356 264 224 109 115 92
is_linear=0
shrinkage=0.03


Tree=86
num_leaves=9
num_cat=0
split_feature=28 3 23 13 5 25 38 22
split_gain=6.3344 8.17764 6.10784 4.80169 3.83137 3.1246 2.51553 2.08749
threshold=1.5000000000000002 -0.0033064033431777769 1.0972685655844328 -1.273377894109984 -0.031043757991427109 0.10859950859950861 0.0083977319703985847 -0.048855525813472349
decision_type=2 2 2 2 2 2 2 2
left_child=-1 3 4 5 -3 -2 -4 -5
right_child=1 2 6 7 -6 -7 -8 -9
leaf_value=0.020845720429315668 0.012600399323902604 0.0051558223726387836 -0.0052843150070161519 0.023547096828682286 -0.015425720595316886 -0.0074735262319847538 0.011505298763426181 0.002842017860127661
leaf_weight=11.473702505230902 8.6418372243642825 7.5138281732797614 11.15408691763878 15.852270483970644 47.432865977287292 18.098608374595642 16.562402933835983 9.0019626170396787
leaf_count=50 37 32 46 70 209 78 69 39
internal_value=0.00119785 -0.000652509 -0.00654866 0.00840607 -0.0122656 -3.8833e-05 0.0043429 0.0173767
internal_weight=145.732 134.258 82.6632 51.5947 54.9467 26.7404 27.7165 24.8542
internal_count=630 580 356 224 241 115 115 109
is_linear=0
shrinkage=0.03


Tree=87
num_leaves=10
num_cat=0
split_feature=3 2 0 16 4 24 20 2 26
split_gain=5.8549 11.7342 5.75152 4.28381 4.93917 4.5801 3.5444 2.89752 1.49636
threshold=-0.0033064033431777769 0.0012215962124311199 -0.015202685043895823 3.0697153521874307 0.076896560867605337 0.43297872340425542 0.024381820361906149 -0.010014380496011664 0.44504830917874399
decision_type=2 2 2 2 2 2 2 2 2
left_child=2 7 -1 5 -5 -3 8 -2 -4
right_child=1 3 6 4 -6 -7 -8 -9 -10
leaf_value=-0.0081901624966603959 -0.0048059184976525591 0.015834483784701391 0.023363064786943152 -0.016933039134123185 0.0078075341728081823 -0.0027989030181056651 0 -0.029895881260689618 0.0046886852922542301
leaf_weight=11.419719621539114 9.1939772814512271 26.683055147528648 21.871161371469501 14.954338878393175 10.160559117794035 17.342961028218269 12.208675235509871 13.008114054799078 8.6678382605314237
leaf_count=48 39 114 94 67 42 74 56 58 38
internal_value=0.00118933 -0.00331659 0.00890229 0.00271149 -0.00653311 0.00836575 0.0139656 -0.0213815 0.0191377
internal_weight=145.51 91.343 54.1674 69.1409 25.1149 44.026 42.7477 22.2021 30.539
internal_count=630 394 236 297 109 188 188 97 132
is_linear=0
shrinkage=0.03


Tree=88
num_leaves=9
num_cat=0
split_feature=28 3 2 28 22 22 2 36
split_gain=6.00403 7.42254 7.07104 5.18294 4.00505 5.84115 2.66674 1.36907
threshold=1.5000000000000002 -0.0033064033431777769 0.0012215962124311199 3.5000000000000004 -0.052988435993191245 0.11703004556236397 -0.010014380496011664 0.0068240004911848404
decision_type=2 2 2 2 2 2 2 2
left_child=-1 4 6 -4 7 -6 -3 -2
right_child=1 2 3 -5 5 -7 -8 -9
leaf_value=0.020306602734314002 0.022277146672963703 -0.0046885885505794046 -0.017285996250682244 0.003432487811938546 -0.01701337506187018 0.010006402672785289 -0.029247285898438051 0.0049108686369201404
leaf_weight=11.430801287293432 13.969994828104975 9.1914190649986285 11.674148187041281 49.70162758231163 9.6074628978967684 16.947691187262535 11.823450267314909 10.973447516560553
leaf_count=50 61 39 50 214 42 72 53 49
internal_value=0.00114479 -0.00065556 -0.00628833 -0.000692789 0.00797391 0 -0.0204985 0.0161255
internal_weight=145.32 133.889 82.3906 61.3758 51.4986 26.5552 21.0149 24.9434
internal_count=630 580 356 264 224 114 92 110
is_linear=0
shrinkage=0.03


Tree=89
num_leaves=8
num_cat=0
split_feature=28 5 25 35 26 28 5
split_gain=5.71431 4.22283 4.90379 4.78543 3.70272 1.66268 2.93366
threshold=1.5000000000000002 -0.032085208257314861 0.052435192458758842 0.016373137931532503 0.23463088939279417 5.5000000000000009 -0.052472721317119046
decision_type=2 2 2 2 2 2 2
left_child=-1 5 4 -4 -3 -2 -7
right_child=1 2 3 -5 -6 6 -8
leaf_value=0.019817756423134783 0.019769472803852689 0.021084922481925335 -0.015412275688427388 -0.00080879707764620781 -0.0017928992889586664 -0.0098080118622626122 0.012763146078065309
leaf_weight=11.411016523838041 8.243769586086275 9.4863481074571627 32.057299822568893 56.082234531641006 11.280708357691763 6.8426974713802364 9.7572668641805631
leaf_count=50 36 40 142 241 49 30 42
internal_value=0.00110845 -0.000645708 -0.00332261 -0.00651076 0.00893299 0.0099034 0.00259842
internal_weight=145.161 133.75 108.907 88.1395 20.7671 24.8437 16.6
internal_count=630 580 472 383 89 108 72
is_linear=0
shrinkage=0.03


Tree=90
num_leaves=12
num_cat=0
split_feature=16 10 16 20 32 11 40 17 22 7 36
split_gain=4.55371 7.56114 3.92004 3.77297 4.58047 3.32788 3.391 2.57435 2.74127 2.08917 1.67091
threshold=-1.7492099058566228 -0.01975609436463804 0.51517049344443422 0.021516908352304354 -0.00081804176268313034 0.079676866700009522 0.031369558146411076 -0.45815837949745125 0.022094219881838132 -0.0020579155866024272 0.0067413407459995852
decision_type=2 2 2 2 2 2 2 2 2 2 2
left_child=1 10 3 4 -2 6 -4 8 -3 -9 -1
right_child=2 7 5 -5 -6 -7 -8 9 -10 -11 -12
leaf_value=0.018023925607453996 0.00082090350659253311 0.0068144646381240442 0.0033898724368158898 -0.0044359423415096782 0.026267290109050438 0.015941870658831781 -0.010028888711581923 -0.032589542246020391 -0.016145922273656597 -0.0057260626172269402 0
leaf_weight=6.7336524575948697 12.154024690389633 7.0050902217626572 31.482812866568565 8.1921380460262281 15.635972157120705 7.4183527380228034 30.657632306218147 9.1435103565454465 6.9984414726495743 6.7748081386089334 6.7750609219074249
leaf_count=30 52 30 134 36 66 31 136 40 31 31 30
internal_value=8.11987e-05 -0.00778169 0.00354084 0.0113121 0.0164441 -0.000473333 -0.00310284 -0.0160495 -0.00430675 -0.0239089 0.00927244
internal_weight=148.971 43.4306 105.541 35.9821 27.79 69.5588 62.1404 29.9219 14.0035 15.9183 13.5087
internal_count=647 192 455 154 118 301 270 132 61 71 60
is_linear=0
shrinkage=0.03


Tree=91
num_leaves=12
num_cat=0
split_feature=16 14 40 32 20 9 1 9 17 38 6
split_gain=4.34792 4.89926 3.71565 5.21261 5.21903 5.0658 4.57158 3.87565 2.04652 1.0719 0.716424
threshold=-1.7492099058566228 -1.1631675214506456 0.031369558146411076 -0.00044532387163664916 0.017538467336244697 0.033223347592743979 -0.0048711838334627435 0.030637925226223835 -0.45815837949745125 0.013255379395719951 0.0020300576139735634
decision_type=2 2 2 2 2 2 2 2 2 2 2
left_child=1 9 3 7 -5 -4 -7 -2 -3 -1 -10
right_child=2 8 5 4 -6 6 -8 -9 10 -11 -12
leaf_value=0.013266623357735954 0.0073850858585931788 -0.0033403869138094928 -0.020126170832852997 0.030883196594355962 0.0058072752501979489 0.021185762332139785 -0.0026148146639977067 -0.015681976261413943 -0.028332980561846993 -0.00067825958508077665 -0.0085013309581231412
leaf_weight=6.6137558966875059 12.727332606911661 13.317807689309122 9.4732396751642209 11.304769203066824 24.560860052704811 7.1507069766521445 30.797425553202629 9.437673941254614 8.0269237905740756 7.0111669301986694 8.3553173691034299
leaf_count=31 55 58 44 48 105 30 133 40 35 30 38
internal_value=7.69346e-05 -0.00761458 0.0034595 0.00848795 0.015321 -0.00248489 0.00233066 -0.00230096 -0.0142995 0.0059625 -0.0210598
internal_weight=148.777 43.325 105.452 58.0306 35.8656 47.4214 37.9481 22.165 29.7 13.6249 16.3822
internal_count=647 192 455 248 153 207 163 95 131 61 73
is_linear=0
shrinkage=0.03


Tree=92
num_leaves=10
num_cat=0
split_feature=23 40 19 15 28 19 15 15 4
split_gain=7.26536 5.37562 6.44725 4.28826 3.06464 2.61559 1.96218 7.78697 0.0351752
threshold=1.0844670985105609 0.069433268222667502 0.072755666930837543 5.4257688734234373 10.500000000000002 0.19110996585824036 11.969984403738708 4.4575379442924641 0.023926747752227365
decision_type=2 2 2 2 2 2 2 2 2
left_child=1 2 4 -4 -1 6 7 -2 -3
right_child=5 8 3 -5 -6 -7 -8 -9 -10
leaf_value=-0.0037183687772614879 0.01719030209346081 -0.025486559121842323 -0.0048654382040386798 0.011218561476728011 -0.025038363749035508 -0.0045390460857518567 0.021765067457104197 -0.013027831315209635 -0.0085191306276858596
leaf_weight=19.0702547878027 19.236407846212391 7.4858868271112424 22.852326810359955 33.118889436125755 9.5819473713636381 7.7101492434740058 13.065982446074484 9.7254084199666959 6.7178065627813339
leaf_count=84 83 35 102 143 42 32 55 41 30
internal_value=6.53283e-05 -0.00452562 -0.00127303 0.00445162 -0.0125061 0.00929958 0.0122699 0.00637248 -0.0204293
internal_weight=148.565 98.8271 84.6234 55.9712 28.6522 49.7379 42.0278 28.9618 14.2037
internal_count=647 436 371 245 126 211 179 124 65
is_linear=0
shrinkage=0.03


Tree=93
num_leaves=11
num_cat=0
split_feature=23 35 12 14 5 16 12 19 9 22
split_gain=6.90761 5.27221 4.92333 6.05185 4.80315 4.40157 2.95566 2.70813 2.56466 1.72426
threshold=1.0844670985105609 0.039027212967684639 67.836897633304844 -1.8035311502548266 0.080062610067427889 3.5502002309657348 48.667903525046391 0.10170179216608766 0.018076424058584832 0.036845298709093151
decision_type=2 2 2 2 2 2 2 2 2 2
left_child=2 4 3 7 8 -4 -5 -1 -2 -3
right_child=1 9 5 6 -6 -7 -8 -9 -10 -11
leaf_value=0.016265947857451637 -0.0022605581147589001 0.0071612871373808252 0.017102825813421069 -0.022586885097547686 -0.016975415018870732 -0.00779740735921101 -0.0069974298281803814 -0.0039965074050704909 0.016131886297489521 0.029131110828268966
leaf_weight=9.1121324598789233 9.7714122086763435 10.01827345788479 13.746476560831072 18.669256404042244 7.7459566444158545 8.2480339258909208 39.347273826599121 9.6018290221691114 12.473386153578756 9.6732956767082197
leaf_count=41 42 42 58 83 33 38 174 42 53 41
internal_value=3.42984e-05 0.00904669 -0.00444175 -0.0080883 0.000357334 0.00726838 -0.0128494 0.00576339 0.00791399 0.0203361
internal_weight=148.407 49.6823 98.725 76.7305 29.9908 21.9945 58.0165 18.714 22.2448 19.6916
internal_count=647 211 436 340 128 96 257 83 95 83
is_linear=0
shrinkage=0.03


Tree=94
num_leaves=12
num_cat=0
split_feature=23 40 12 3 17 28 13 36 16 38 17
split_gain=6.55799 5.24453 7.01886 4.34332 3.57919 3.19985 3.14703 2.89954 2.67888 1.47025 0.831586
threshold=1.0844670985105609 0.069433268222667502 67.836897633304844 -0.025833530177792271 0.024065702966833417 5.5000000000000009 -2.2380420943450363 0.0070206666090433158 2.9258480981348849 0.010237925226839627 -0.55331943133899342
decision_type=2 2 2 2 2 2 2 2 2 2 2
left_child=1 2 3 -1 5 -2 -7 9 -4 -6 -3
right_child=4 10 8 -5 7 6 -8 -9 -10 -11 -12
leaf_value=0.010105187855890025 -0.012138193490745471 -0.0059957653445593482 0.025013519826552404 -0.0088620848391566115 0.029158946686851119 0.020011067733412487 -0.0039749702885757661 0 0 0.006553412614569828 -0.026982707974156292
leaf_weight=10.838216230273245 9.1591950356960314 6.587673157453537 8.7429437190294248 57.998520165681839 10.656143903732305 7.7979245036840439 7.1475252807140333 7.1930827498435965 6.8639580011367789 7.6506168544292441 7.5228980481624586
leaf_count=47 39 31 37 256 45 33 30 32 31 32 34
internal_value=3.73244e-05 -0.00432532 -0.00111618 -0.00546298 0.00882741 0 0.00853951 0.0162285 0.0156469 0.0220264 -0.0200765
internal_weight=148.159 98.5542 84.4436 68.8367 49.6045 24.1046 14.9454 25.4998 15.6069 18.3068 14.1106
internal_count=647 436 371 303 211 102 63 109 68 77 65
is_linear=0
shrinkage=0.03


Tree=95
num_leaves=8
num_cat=0
split_feature=28 8 19 28 16 16 25
split_gain=4.92634 4.24222 4.04321 4.55513 3.89011 4.64856 2.80497
threshold=1.5000000000000002 0.0081879970057186658 0.070401140521856004 3.5000000000000004 -1.7492099058566228 -4.986190693661567 0.1895777178796047
decision_type=2 2 2 2 2 2 2
left_child=-1 4 -3 -4 5 -2 -6
right_child=1 2 3 -5 6 -7 -8
leaf_value=0.01343633191281883 0.0046887162636177282 -0.027668873995119924 -0.021350647010191195 -0.0019638023506549393 0.019528425915444823 -0.015270454324950817 0
leaf_weight=12.061422958970068 18.58982415497303 8.5691276192665082 12.73601560294628 52.88027086853981 11.174450352787973 18.397289887070656 12.574973717331885
leaf_count=52 80 38 56 229 48 83 56
internal_value=-0.00326969 -0.00504714 -0.00977659 -0.00646882 0.000617976 -0.00512826 0.00985287
internal_weight=146.983 134.922 74.1854 65.6163 60.7365 36.9871 23.7494
internal_count=642 590 323 285 267 163 104
is_linear=0
shrinkage=0.03


Tree=96
num_leaves=10
num_cat=0
split_feature=34 4 35 21 17 27 18 19 21
split_gain=3.73348 4.67212 3.61657 5.17139 3.07456 2.94938 2.31401 2.19332 0.506996
threshold=0.0290203328904769 0.0045696776065290443 0.037607981997207725 0.019420679757184301 0.21176013602759428 1.5000000000000002 0.78854663963496618 0.093068345271227371 0.013269474818249761
decision_type=2 2 2 2 2 2 2 2 2
left_child=2 -2 4 6 7 -6 -4 -1 -3
right_child=1 8 3 -5 5 -7 -8 -9 -10
leaf_value=0 0.00081324833221111531 -0.029454494306441453 0.017738527495864752 -0.013246882370531779 -0.0077280512287367688 0.0086210522868895752 0 -0.014110294828229968 -0.0095238979403516871
leaf_weight=15.915919557213781 11.335035547614099 7.8755733519792539 19.872988075017933 7.0421928018331519 14.311681553721426 22.204638749361038 11.187773823738096 29.162687852978706 7.8953319638967514
leaf_count=70 51 34 86 30 62 98 48 128 35
internal_value=-0.0031879 -0.0128591 -0.000699231 0.00657243 -0.00435037 0.00175541 0.0120492 -0.00947948 -0.0225156
internal_weight=146.804 27.1059 119.698 38.103 81.5949 36.5163 31.0608 45.0786 15.7709
internal_count=642 120 522 164 358 160 134 198 69
is_linear=0
shrinkage=0.03


Tree=97
num_leaves=8
num_cat=0
split_feature=28 5 12 7 1 7 35
split_gain=4.7276 4.00118 4.86463 5.2795 3.8543 3.31458 4.18101
threshold=1.5000000000000002 0.026002863183025474 66.386994588411298 0.02225487691892877 0.014354087441422083 0.019085463470536333 -0.012286424978227016
decision_type=2 2 2 2 2 2 2
left_child=-1 5 4 -4 -3 6 -2
right_child=1 2 3 -5 -6 -7 -8
leaf_value=0.013259776589910776 -0.008012089351468011 -0.022464746868701389 0.01227290601771704 -0.010884163812403716 0 -0.012783443424493651 0.0092003206198138059
leaf_weight=12.035223439335821 16.044154196977615 27.054264903068542 13.416171222925184 18.608415603637695 10.09537400305271 11.605548009276388 37.800744876265526
leaf_count=52 71 123 57 79 45 50 165
internal_value=-0.00311657 -0.00486306 -0.00979422 -0.000590871 -0.0169093 0.000262155 0.00369968
internal_weight=146.66 134.625 69.1742 32.0246 37.1496 65.4504 53.8449
internal_count=642 590 304 136 168 286 236
is_linear=0
shrinkage=0.03


Tree=98
num_leaves=13
num_cat=0
split_feature=5 12 16 7 16 19 11 25 25 37 6 40
split_gain=3.2615 8.27887 4.28789 4.14751 3.92484 2.91569 2.83822 2.82569 2.8079 2.72846 2.45491 2.449
threshold=0.02694931488859487 66.386994588411298 2.6263122333369533 0.015057460955726149 -2.1102300673221959 0.072542634961254723 0.057064279415807613 0.05630754222303519 0.20766968880176431 0.011896832345453469 0.0045173106622742034 0.066210996742763109
decision_type=2 2 2 2 2 2 2 2 2 2 2 2
left_child=3 7 6 4 5 -1 -3 -2 -5 -6 -9 -4
right_child=1 2 11 8 9 -7 -8 10 -10 -11 -12 -13
leaf_value=-0.012838791068116685 -0.0005198013801886313 0.024999164670592638 -0.012259492223217691 0 0.020677747370310685 0.0048313486899628829 0 -0.028832249242800825 -0.022875181251738749 0 -0.0073046648539472183 0.00573824030448332
leaf_weight=10.718107029795645 9.1646309792995435 7.4231854230165464 15.124000132083895 7.9353140443563444 15.877176582813265 21.929233253002167 7.4861717075109482 16.563862234354023 7.022432953119278 6.9772514700889579 11.800961568951605 8.4388425499200803
leaf_count=47 41 31 64 34 70 97 32 76 30 31 53 36
internal_value=-0.00303713 -0.00730014 0.00216024 0.00142876 0.0054158 -0.000943064 0.0140432 -0.0169963 -0.0113748 0.0144478 -0.0214409 -0.00528231
internal_weight=146.461 76.0017 38.4722 70.4595 55.5018 32.6473 14.9094 37.5295 14.9577 22.8544 28.3648 23.5628
internal_count=642 333 163 309 245 144 63 170 64 101 129 100
is_linear=0
shrinkage=0.03


Tree=99
num_leaves=9
num_cat=0
split_feature=28 37 36 36 35 23 33 27
split_gain=4.47395 4.04874 6.1848 5.20546 4.52195 4.32964 3.27276 2.10769
threshold=1.5000000000000002 0.026809888263622742 0.0063903117896531372 0.0064161386158476689 0.010637926901307939 1.0696974073543903 0.57917325502597705 1.5000000000000002
decision_type=2 2 2 2 2 2 2 2
left_child=-1 3 5 7 -4 -3 -5 -2
right_child=1 2 4 6 -6 -7 -8 -9
leaf_value=0.012972066466502162 -0.001265380490200088 -0.028261187964979697 -0.010207370942880736 -0.0014528867485812647 0.014823519996466744 -0.0042803142215177437 -0.021240491998222477 0.011009391094856377
leaf_weight=12.010821148753164 17.464450150728226 17.738925650715831 12.000569999217989 23.72530609369278 9.9531357586383802 14.134111434221266 10.766815871000288 28.396059334278107
leaf_count=52 75 85 56 105 42 60 45 122
internal_value=-0.0029652 -0.00467151 -0.0108841 -0.000164381 0.000804825 -0.0189503 -0.00886628 0.006164
internal_weight=146.19 134.179 53.8267 80.3526 21.9537 31.873 34.4921 45.8605
internal_count=642 590 243 347 98 145 150 197
is_linear=0
shrinkage=0.03


Tree=100
num_leaves=9
num_cat=0
split_feature=23 38 38 26 15 19 21 32
split_gain=5.59157 4.07298 5.67617 4.40879 2.94337 2.85704 2.67346 1.46204
threshold=1.3213792857543665 0.008124993718285102 0.0094531622467390591 0.54823747680890544 3.6383401737873373 0.071577558233043251 0.012634464907884736 0.00049557897680518892
decision_type=2 2 2 2 2 2 2 2
left_child=1 4 5 -4 -1 -3 -6 -2
right_child=7 2 3 -5 6 -7 -8 -9
leaf_value=0.0031607238494701295 0.0028380710125641799 -0.0012706513678650071 -0.0066540482426918346 0.015923229105026367 -0.019860530855305737 0.018589349502868582 -0.0010091034068904763 0.02311378291434003
leaf_weight=10.416671484708784 8.1594034880399722 7.1147224754095104 50.663773626089096 6.9259624630212775 20.140836015343666 19.226041555404663 12.612516045570372 8.9116546213626844
leaf_count=47 34 31 224 31 88 84 55 38
internal_value=0.000277165 -0.00186311 0.00185847 -0.0032438 -0.00919257 0.0129847 -0.0135087 0.0155231
internal_weight=144.172 127.101 83.9305 57.5897 43.17 26.3408 32.7534 17.0711
internal_count=632 560 370 255 190 115 143 72
is_linear=0
shrinkage=0.03


Tree=101
num_leaves=8
num_cat=0
split_feature=23 34 23 11 14 27 0
split_gain=5.33168 5.01743 4.1932 3.53411 5.19078 3.99629 2.05232
threshold=1.3213792857543665 -0.025546109284758142 0.94545265950725887 0.041628441730638073 -3.277435912830867 1.0000000180025095e-35 0.0023049187711491341
decision_type=2 2 2 2 2 2 2
left_child=1 2 -1 4 -3 -5 -2
right_child=6 3 -4 5 -6 -7 -8
leaf_value=0.021111644081917149 0.00087015530966204531 0.0051224006935706229 -0.0040853553247965531 -0.01489858443675208 -0.013730011788473412 0.0064297893231750223 0.023444671037235382
leaf_weight=12.18639048933983 7.7141477018594768 15.24063467979431 7.8239445835351935 7.8387913256883612 48.296971008181572 35.589465618133545 9.3340622037649137
leaf_count=53 32 67 34 35 217 154 40
internal_value=0.000283402 -0.00180493 0.0111022 -0.00451661 -0.00896073 0.0017634 0.0151813
internal_weight=144.024 126.976 20.0103 106.966 63.5376 43.4283 17.0482
internal_count=632 560 87 473 284 189 72
is_linear=0
shrinkage=0.03


Tree=102
num_leaves=9
num_cat=0
split_feature=23 34 37 34 22 15 28 16
split_gain=5.08412 4.76465 4.38958 3.7658 3.13009 3.40268 2.72466 2.01767
threshold=1.3213792857543665 1.0000000180025095e-35 -0.003508037666279384 -0.0090341993261263669 0.66073702983742766 16.023732967059022 6.5000000000000009 4.0404457298302061
decision_type=2 2 2 2 2 2 2 2
left_child=1 2 6 -4 5 -3 -1 -2
right_child=7 4 3 -5 -6 -7 -8 -9
leaf_value=0.027271281159829321 0.022883661852226306 -0.0125293578217215 -0.0098215637881507202 0.010527950216981448 0.0097828334483265715 0.00096633968043149943 0.0025400195263890249 0.0005156572386540067
leaf_weight=8.3953761011362094 9.4708627611398715 50.178136453032494 18.316792562603954 11.426486298441885 7.2574479281902304 21.503562569618225 9.731939032673834 7.5492860078811637
leaf_count=38 41 223 80 52 31 93 43 31
internal_value=0.0002883 -0.00174969 0.00541612 -0.00136058 -0.00630699 -0.00836091 0.0163109 0.0148484
internal_weight=143.83 126.81 47.8706 29.7433 78.9391 71.6817 18.1273 17.0201
internal_count=632 560 213 132 347 316 81 72
is_linear=0
shrinkage=0.03


Tree=103
num_leaves=8
num_cat=0
split_feature=23 34 3 13 14 23 10
split_gain=4.83511 4.59626 4.24363 4.72116 4.15219 3.97066 2.36218
threshold=1.3213792857543665 -0.025546109284758142 -0.013535035614234634 -1.010020643062006 9.5694553588191997 0.94545265950725887 0.01214243534639148
decision_type=2 2 2 2 2 2 2
left_child=1 5 3 -3 -4 -1 -2
right_child=6 2 4 -5 -6 -7 -8
leaf_value=0.020480225440227474 0.026145236750519538 -0.0052048510786981556 -0.014702276280116059 0.017907917061080868 -0.00071135082744213003 -0.0040396842154447896 0.0023847806288633078
leaf_weight=12.12298694252968 6.8702496737241772 14.756447926163675 38.159862652420998 12.451650664210318 41.371706709265709 7.8070744276046744 10.11733230948448
leaf_count=53 30 66 172 54 181 34 42
internal_value=0.000313933 -0.00167161 -0.0042736 0.00536098 -0.00780426 0.0106988 0.0145259
internal_weight=143.657 126.67 106.74 27.2081 79.5316 19.9301 16.9876
internal_count=632 560 473 120 353 87 72
is_linear=0
shrinkage=0.03


Tree=104
num_leaves=9
num_cat=0
split_feature=23 34 27 10 22 15 15 10
split_gain=4.62263 4.38596 3.79099 3.17805 2.97174 3.13877 2.39541 2.26029
threshold=1.3213792857543665 1.0000000180025095e-35 1.5000000000000002 0.0026923517072847685 0.66073702983742766 16.023732967059022 2.9756899377715063 0.01214243534639148
decision_type=2 2 2 2 2 2 2 2
left_child=1 2 6 -4 5 -3 -1 -2
right_child=7 4 3 -5 -6 -7 -8 -9
leaf_value=0.0062003320390888739 0.025631270588689067 -0.012026768948878974 0.021240221791062889 0.00082657658096461548 0.0096555247701546037 0.00091914644940725796 -0.013091526660250733 0.0023251506825077675
leaf_weight=7.7352904677391079 6.838361635804179 50.03105653822422 14.002387747168543 15.162854492664335 7.2562668323516837 21.497144415974617 10.825553908944128 10.116792082786558
leaf_count=34 30 223 63 67 31 93 49 42
internal_value=0.000319349 -0.00162055 0.00525955 0.0118427 -0.00600108 -0.00801282 -0.00450098 0.0142289
internal_weight=143.466 126.511 47.7261 29.1652 78.7845 71.5282 18.5608 16.9552
internal_count=632 560 213 130 347 316 83 72
is_linear=0
shrinkage=0.03


Tree=105
num_leaves=10
num_cat=0
split_feature=26 26 15 33 6 26 6 21 33
split_gain=4.98524 3.82359 4.87285 3.45562 3.4099 2.71763 2.55033 2.28544 1.3695
threshold=0.49121725731895233 0.27207792207792209 2.9756899377715063 0.55613001932220618 0.0078609276576735946 0.60787638967401558 0.011431507809732245 0.012417541516679498 0.6473280387669943
decision_type=2 2 2 2 2 2 2 2 2
left_child=1 2 4 -4 -1 -2 7 -3 -7
right_child=5 6 3 -5 -6 8 -8 -9 -10
leaf_value=0.018640418552714182 0.019468585808654949 0 -0.017867526788439933 0 -0.0010283137012593716 0.0092898198933842949 0.0012084509662787619 -0.020771271466127377 -0.0073862004908057189
leaf_weight=16.491748690605167 14.016467303037645 7.1247979253530529 11.059436768293379 41.789425283670425 11.166036888957022 6.6936948895454389 9.0604275912046415 17.922233104705811 6.8403660953044891
leaf_count=78 62 33 48 184 48 30 39 79 30
internal_value=0 -0.00271866 0.000728797 -0.00439434 0.0106601 0.0110754 -0.010861 -0.0155481 3.00078e-05
internal_weight=142.165 114.614 80.5066 52.8489 27.6578 27.5505 34.1075 25.047 13.5341
internal_count=631 509 358 232 126 122 151 112 60
is_linear=0
shrinkage=0.03


Tree=106
num_leaves=10
num_cat=0
split_feature=26 26 15 13 6 19 35 14 15
split_gain=4.73543 3.61185 4.61703 3.36627 3.24694 3.04968 3.09205 2.61529 6.60144
threshold=0.49121725731895233 0.27207792207792209 2.9756899377715063 4.9153625755891577 0.0078609276576735946 0.093570059204105202 0.027652749408380698 -1.5017278460398413 11.969984403738708
decision_type=2 2 2 2 2 2 2 2 2
left_child=1 2 4 -4 -1 -3 -7 -2 -9
right_child=7 5 3 -5 -6 6 -8 8 -10
leaf_value=0.018170648492023735 0.024914948851105709 6.8328108957650955e-06 -0.00021590302554370643 -0.019199287431909767 -0.0010021118527848744 -0.02688247867949143 -0.002350009424355442 -0.011799392416425606 0.019016532606684591
leaf_weight=16.462719157338146 6.8412379622459438 12.878631323575972 43.87947815656662 8.9481387585401517 11.166531115770338 11.13486108183861 10.059540018439291 10.034567862749102 10.645595848560331
leaf_count=78 32 58 192 40 48 50 43 44 46
internal_value=0 -0.00265299 0.000693493 -0.00428802 0.010371 -0.0105712 -0.017092 0.0107974 0.00368052
internal_weight=142.051 114.53 80.4569 52.8276 27.6293 34.073 21.1944 27.5214 20.6802
internal_count=631 509 358 232 126 151 93 122 90
is_linear=0
shrinkage=0.03


Tree=107
num_leaves=9
num_cat=0
split_feature=16 6 25 20 6 32 25 16
split_gain=3.59149 4.16213 3.69883 4.75395 3.94628 3.66406 2.8237 2.45658
threshold=3.4183926829578515 0.024216109827909577 0.40890090976149501 0.024458779149250241 -0.0075226857690804741 -0.009193114085231156 0.54196652719665284 6.5642115589160648
decision_type=2 2 2 2 2 2 2 2
left_child=2 7 3 5 -5 -1 -4 -2
right_child=1 -3 6 4 -6 -7 -8 -9
leaf_value=-0.0059084348039112047 -0.022541241203342992 0.0069117020413173857 -0.017068794054672803 0.0075032583586399394 -0.016687218383331228 0.012034524860932424 0.0022151098807992389 -0.00035421299225884428
leaf_weight=9.8226280659437162 13.620810151100164 8.4370258897542936 11.395587638020517 8.0769672840833682 12.118107140064238 59.269736915826797 10.74682070314884 8.383958160877226
leaf_count=42 64 36 51 35 57 261 47 38
internal_value=0 -0.00874344 0.00257521 0.00539523 -0.00653216 0.00917819 -0.00767988 -0.0154465
internal_weight=141.872 30.4418 111.43 89.2874 20.1951 69.0924 22.1424 22.0048
internal_count=631 138 493 395 92 303 98 102
is_linear=0
shrinkage=0.03


Tree=108
num_leaves=10
num_cat=0
split_feature=14 38 2 15 8 21 7 38 21
split_gain=4.4949 5.59798 3.9738 5.37701 5.3124 4.82692 3.58788 3.32699 2.43826
threshold=-1.6893539244898077 0.0096610149839982794 0.01184550381101235 13.773853030865867 0.026634158256356739 0.013337964843237304 -0.0028854902331584575 0.0088163666733106875 0.017440998622592165
decision_type=2 2 2 2 2 2 2 2 2
left_child=1 -1 3 8 -4 -5 -3 -6 -2
right_child=2 6 4 5 7 -7 -8 -9 -10
leaf_value=0.028317085988466793 -0.018552471647396731 0.011687626779368366 0.021190189298479836 0.018149047108984732 -0.011727250511598786 -0.0058881397191144977 -0.0091402652775999533 0.0064351607980275439 0
leaf_weight=8.0873241573572141 29.435365170240402 13.111074224114418 9.9077323973178846 8.9211490005254763 15.019425168633463 21.390478357672691 12.348241552710533 16.724236518144608 6.7815710604190818
leaf_count=39 132 59 43 38 65 95 54 74 32
internal_value=0 0.00931479 -0.00295362 -0.00749555 0.00396848 0.00140761 0.00110949 -0.00189954 -0.0150232
internal_weight=141.727 33.5466 108.18 66.5286 41.6514 30.3116 25.4593 31.7437 36.2169
internal_count=631 152 479 297 182 133 113 139 164
is_linear=0
shrinkage=0.03


Tree=109
num_leaves=10
num_cat=0
split_feature=26 26 34 33 34 17 2 2 7
split_gain=4.4958 3.38617 5.62417 3.94063 3.78319 2.82653 2.73182 3.7011 2.12094
threshold=0.49121725731895233 0.27207792207792209 0.016094283754476416 0.44722719141323802 0.034551093974205867 1.8277958675117036 0.010165482100551128 -0.012367906456749954 0.00097027996353478212
decision_type=2 2 2 2 2 2 2 2 2
left_child=1 4 3 -3 5 -1 7 -2 -6
right_child=6 2 -4 -5 8 -7 -8 -9 -10
leaf_value=0.0063592810315208116 0.015634730545091621 -0.00026189038613007678 0.0057914320662532763 -0.027119141221397743 0 -0.010231715277372759 0.021993666385448314 -0.0090066162188239991 -0.022444778387972649
leaf_weight=58.380303561687469 8.0661850571632403 8.7561212629079836 10.920737475156782 14.272635877132414 6.6778775602579099 8.4793645143508893 9.6847788393497449 9.6204470247030276 6.6413188874721527
leaf_count=261 35 39 48 64 30 37 42 45 30
internal_value=0 -0.00259233 -0.0102724 -0.0183436 0.000647904 0.00380126 0.0105447 0.00191608 -0.0126318
internal_weight=141.5 114.128 33.9495 23.0288 80.1789 66.8597 27.3714 17.6866 13.3192
internal_count=631 509 151 103 358 298 122 80 60
is_linear=0
shrinkage=0.03


Tree=110
num_leaves=10
num_cat=0
split_feature=13 36 35 0 13 22 28 34 13
split_gain=4.86358 3.75641 6.14918 3.88469 3.60118 4.02197 2.37997 2.30731 1.69083
threshold=2.5085572888230279 0.0040818363914340346 -0.0098409722541758487 -0.0011300521653675453 4.6693900244265238 0.41556150844733458 4.5000000000000009 0.015885957688813627 3.47506925040171
decision_type=2 2 2 2 2 2 2 2 2
left_child=1 -1 6 -4 8 7 -3 -6 -2
right_child=4 2 3 -5 5 -7 -8 -9 -10
leaf_value=-0.01874120233951004 0.003861644308478691 -0.00052010394046731519 0.010350645551987406 -0.0044935041434664797 0.013194024350042289 -0.015786346213232355 -0.019086770796115558 -0.0038960235955853304 0.025478233622086777
leaf_weight=11.057307630777357 8.2798708677291888 12.11366727948189 35.365927591919899 24.363942131400108 16.747345373034481 7.2330204397439948 16.564087837934494 8.4895004630088788 9.7476480603218061
leaf_count=49 37 54 155 108 75 31 76 37 42
internal_value=0.000109585 -0.00362769 -0.00119873 0.00410328 0.00761441 0.000891501 -0.0122782 0.00703039 0.017676
internal_weight=149.962 99.4649 88.4076 59.7299 50.4974 32.4699 28.6778 25.2368 18.0275
internal_count=664 442 393 263 222 143 130 112 79
is_linear=0
shrinkage=0.03


Tree=111
num_leaves=10
num_cat=0
split_feature=13 36 35 7 13 24 28 24 13
split_gain=4.62657 3.57652 5.69713 4.57516 3.45456 3.17465 2.25628 2.20584 1.60242
threshold=2.5085572888230279 0.0039508120275769864 -0.0098409722541758487 0.032725078880418902 4.6693900244265238 0.23425659785732952 4.5000000000000009 0.70227272727272738 3.47506925040171
decision_type=2 2 2 2 2 2 2 2 2
left_child=1 -1 6 -4 8 -6 -3 -7 -2
right_child=4 2 3 -5 5 7 -8 -9 -10
leaf_value=-0.019079776739136228 0.0037688490819690456 -0.00050672310316083441 0.0071572917475952302 -0.014989032644467477 0.012322224384333808 -0.013092433729695985 -0.01863329141709457 0.0048125686089108546 0.02490539852619687
leaf_weight=9.9402410537004453 8.2784865945577639 12.113364070653917 53.152851268649101 7.6624179035425177 12.04188512265682 12.629421651363375 16.507727384567261 7.7717664092779151 9.7191246896982175
leaf_count=44 37 54 235 33 54 56 76 33 42
internal_value=9.36226e-05 -0.00355027 -0.00128064 0.00373977 0.00742033 0.000828028 -0.0119856 -0.00578128 0.0172824
internal_weight=149.817 99.3766 89.4364 60.8153 50.4407 32.4431 28.6211 20.4012 17.9976
internal_count=664 442 398 268 222 143 130 89 79
is_linear=0
shrinkage=0.03


Tree=112
num_leaves=11
num_cat=0
split_feature=13 1 33 36 35 27 24 28 36 18
split_gain=4.43117 5.32716 4.26816 3.40845 5.53282 3.72533 3.29082 2.13897 2.05243 1.25779
threshold=2.5085572888230279 0.010195809423007686 0.496441969175205 0.0040818363914340346 -0.0098409722541758487 1.5000000000000002 0.68975221871463466 4.5000000000000009 0.0065773210564176636 0.73583654753202399
decision_type=2 2 2 2 2 2 2 2 2 2
left_child=3 2 -2 -1 7 -6 8 -5 -3 -4
right_child=1 6 9 4 5 -7 -8 -9 -10 -11
leaf_value=-0.01791433810067564 0 -0.016297678498310032 0.034266442998508721 -0.00049368570668139342 -0.0046262269524256425 0.0099328285248989866 0.011207956454325657 -0.018191515482588863 0.0017123036862227907 0.0095919196402678118
leaf_weight=11.009216427803038 7.6220110058784512 10.897978082299238 7.8702768236398679 12.113067463040354 24.100338131189346 35.61335414648056 9.2071586549282056 16.450794368982315 7.1705864965915671 7.6378035247325897
leaf_count=49 36 47 35 54 107 156 39 76 32 33
internal_value=8.25505e-05 0.00725737 0.017279 -0.00348324 -0.00116036 0.00385426 -0.00132857 -0.0117006 -0.00894455 0.0254548
internal_weight=149.693 50.4058 23.1301 99.2868 88.2776 59.7137 27.2757 28.5639 18.0686 15.5081
internal_count=664 222 104 442 393 263 118 130 79 68
is_linear=0
shrinkage=0.03


Tree=113
num_leaves=11
num_cat=0
split_feature=13 1 33 26 23 37 33 24 38 4
split_gain=4.24283 5.07845 4.10245 3.45876 4.12688 4.94032 3.23359 3.12471 1.61415 0.130104
threshold=2.5085572888230279 0.010195809423007686 0.496441969175205 0.017246506095747845 0.95458961102997397 0.012207899971968585 0.85204251632680272 0.68975221871463466 0.011267066282458391 0.039788931617303465
decision_type=2 2 2 2 2 2 2 2 2 2
left_child=3 2 -2 -1 5 -5 -6 8 -3 -4
right_child=1 7 9 4 6 -7 -8 -9 -10 -11
leaf_value=0.014197123203839791 0 -0.014968427120670542 0.031175783896534026 0 0.0055585795353972536 -0.019710916614530973 -0.011460600774674401 0.010936755308800861 0.00095836937376942203 0.011439968809700996
leaf_weight=6.8641733080148688 7.6220110058784512 11.228256359696394 8.0226738750934583 19.776318177580833 35.649926945567131 25.365235760807991 11.53735691308975 9.20207831263542 6.8261471539735785 7.4351776689290991
leaf_count=30 36 49 35 87 154 121 50 39 30 33
internal_value=7.85774e-05 0.00710651 0.0169045 -0.00340954 -0.00515079 -0.0114549 0.000795609 -0.00126581 -0.0087037 0.0249402
internal_weight=149.529 50.3363 23.0799 99.193 92.3288 45.1416 47.1873 27.2565 18.0544 15.4579
internal_count=664 222 104 442 412 208 204 118 79 68
is_linear=0
shrinkage=0.03


Tree=114
num_leaves=10
num_cat=0
split_feature=13 26 23 14 11 13 22 23 13
split_gain=4.04412 3.29949 3.90963 5.51697 3.57353 3.24474 3.68779 2.35282 1.53677
threshold=2.5085572888230279 0.017246506095747845 0.95458961102997397 -1.5017278460398413 0.019768731543290289 4.6693900244265238 0.41556150844733458 1.1509241142342395 3.47506925040171
decision_type=2 2 2 2 2 2 2 2 2
left_child=1 -1 3 -3 -4 8 7 -7 -2
right_child=5 2 4 -5 -6 6 -8 -9 -10
leaf_value=0.013872805646476916 0.0033615186378372439 0.0053501478212834236 -0.0089731866548147417 -0.017103277897327008 0.0072612749283878595 0 -0.015400040690700155 0.018689683073797154 0.023993029342478787
leaf_weight=6.8607118725776663 8.2451826483011263 11.271459534764288 17.670966774225235 33.726994842290878 29.490840151906013 17.835533335804943 7.2072137743234626 7.3451486080884925 9.6499756872653943
leaf_count=30 37 51 77 157 127 80 31 32 42
internal_value=9.08561e-05 -0.00331584 -0.0050222 -0.0111715 0.000755717 0.00695667 0.000574575 0.00649542 0.0165346
internal_weight=149.304 99.021 92.1603 44.9985 47.1618 50.2831 32.3879 25.1807 17.8952
internal_count=664 442 412 208 204 222 143 112 79
is_linear=0
shrinkage=0.03


Tree=115
num_leaves=10
num_cat=0
split_feature=23 16 12 19 40 19 40 33 23
split_gain=2.69692 3.08571 6.83207 3.90651 4.84742 3.34287 2.66588 3.76342 1.06703
threshold=1.13933370224596 2.6263122333369533 67.836897633304844 0.121123457470292 0.031369558146411076 0.11454394939195407 -0.0093123201607708244 0.93297072468405073 1.2924993648579026
decision_type=2 2 2 2 2 2 2 2 2
left_child=1 2 5 -3 -5 -1 -2 8 -8
right_child=6 3 -4 4 -6 -7 7 -9 -10
leaf_value=0 -0.0044745210571602292 -0.025641516916092146 0.018596828849269408 0.014791011018892334 -0.016502381061522804 -0.014598510511885222 0.0074278128592793254 -0.0038593120942328643 0.026932303546138216
leaf_weight=57.425631001591682 11.099371224641798 8.8747436255216616 12.72010527551174 6.7053234130144101 7.0330995917320251 17.081649899482727 10.146293416619306 7.7234302312135688 7.9985806494951239
leaf_count=257 49 45 54 30 33 77 43 32 34
internal_value=-0.000312822 -0.00277106 0 -0.0121541 -0.000337208 -0.00371875 0.00637364 0.0115536 0.0185906
internal_weight=146.808 109.841 87.2274 22.6132 13.7384 74.5073 36.9677 25.8683 18.1449
internal_count=654 496 388 108 63 334 158 109 77
is_linear=0
shrinkage=0.03


Tree=116
num_leaves=13
num_cat=0
split_feature=7 16 10 15 15 10 28 2 32 2 37 37
split_gain=2.90802 5.70013 5.74794 5.32918 4.68028 9.43149 4.02735 4.70255 3.39606 2.85361 2.77826 2.16899
threshold=0.018668766377788411 -1.6445233307499494 -0.019106301739011285 -2.073499565371431 6.2675514914099404 0.010126465135694597 6.5000000000000009 0.013475519499438706 0.0059569773584717831 -0.015260775791042512 0.054937715430521068 0.04119494004528091
decision_type=2 2 2 2 2 2 2 2 2 2 2 2
left_child=1 2 3 -1 5 -3 7 -2 -8 -4 -6 -9
right_child=6 4 9 -5 10 -7 8 11 -10 -11 -12 -13
leaf_value=-0.0090241395450252979 -0.016010887431236243 0.012119225193588712 0 0.022345200831624161 0.02266450934206542 -0.021718274931483574 -0.0035770029357151934 0 -0.02919747382333663 -0.020995708700901314 0 0.017966176444898115
leaf_weight=6.837821200489997 8.0121955275535601 19.059756860136989 9.5873782336711901 8.3165718764066678 19.866626203060154 9.4381186068057996 13.119313865900041 12.115841612219812 7.8745342642068854 16.059302777051926 7.074809417128562 9.2603508383035642
leaf_count=30 37 86 42 39 84 44 58 52 36 76 31 39
internal_value=-0.000304136 0.00263815 -0.00549865 0.00791472 0.0088706 0 -0.00609701 0.000733345 -0.015543 -0.0139662 0.0173699 0.00848396
internal_weight=146.623 96.2404 40.8011 15.1544 55.4393 28.4979 50.3822 29.3884 20.9938 25.6467 26.9414 21.3762
internal_count=654 432 187 69 245 130 222 128 94 118 115 91
is_linear=0
shrinkage=0.03


Tree=117
num_leaves=11
num_cat=0
split_feature=7 2 28 19 2 2 0 19 22 10
split_gain=2.77126 5.33898 3.85114 4.78332 4.48252 3.61243 5.1453 4.81599 2.13643 2.0449
threshold=0.018668766377788411 0.0077365404225717702 6.5000000000000009 0.11630414046963126 0.013475519499438706 -0.016308975756793794 -0.017476690601221753 0.14415206284814627 0.058819432948923674 0.027144079656840295
decision_type=2 2 2 2 2 2 2 2 2 2
left_child=1 5 4 -4 -2 6 -1 -7 -3 -6
right_child=2 8 3 -5 9 7 -8 -9 -10 -11
leaf_value=-0.010788408017886409 -0.015664602959113733 0.021005401635890868 0 -0.028685837158825223 -0.00081664703532342267 -0.01149453085493746 0.014139603959698901 0.011945135691514366 0 0.015756541333445496
leaf_weight=8.5608564168214816 7.9882134050130871 14.44960740208626 11.240982331335546 9.6905969679355604 9.5597798377275485 36.246781468391418 21.385244682431221 7.6194064915180197 7.7436999231576911 11.820955097675322
leaf_count=36 37 66 51 43 41 164 96 35 35 50
internal_value=-0.000309982 0.00256385 -0.00597019 -0.0152241 0.000697148 -0.00122672 0.00631449 -0.00675277 0.0148501 0.00826878
internal_weight=146.306 96.0056 50.3005 20.9316 29.3689 73.8123 29.9461 43.8662 22.1933 21.3807
internal_count=654 432 222 94 128 331 132 199 101 91
is_linear=0
shrinkage=0.03


Tree=118
num_leaves=11
num_cat=0
split_feature=7 6 21 20 40 23 26 24 7 37
split_gain=2.65601 5.08348 5.79133 3.4763 3.29054 3.18399 3.0579 2.48696 2.06213 1.93752
threshold=0.018668766377788411 0.0058482785632522896 0.017656658183317114 0.02286725230543046 0.0044180028030598182 1.132283266261372 0.25574788583509517 0.43297872340425542 0.040107722138612682 0.036567631027038756
decision_type=2 2 2 2 2 2 2 2 2 2
left_child=1 2 3 -1 -2 9 -4 -3 -7 -6
right_child=4 7 6 -5 5 8 -8 -9 -10 -11
leaf_value=-0.0022573708430843635 -0.017522439470227212 0.023126328556676585 0.021065935641128047 -0.022418615280738925 0.0019666920330345793 0.017333939531378569 0 0 -0.00099619885112953339 -0.014989485248125305
leaf_weight=47.973684757947922 13.433599606156347 11.792064085602762 11.280437499284746 7.9449142962694159 7.219208329916003 8.3296041190624255 10.043500833213328 6.856443762779235 8.4364688247442228 12.802931137382982
leaf_count=214 58 54 51 37 33 35 45 31 35 61
internal_value=-0.000303084 0.00250937 -0.00082123 -0.00605609 -0.00585072 -0.000518225 0.0116054 0.0157746 0.00818796 -0.00857124
internal_weight=146.113 95.891 77.2425 55.9186 50.2218 36.7882 21.3239 18.6485 16.7661 20.0221
internal_count=654 432 347 251 222 164 96 85 70 94
is_linear=0
shrinkage=0.03


Tree=119
num_leaves=13
num_cat=0
split_feature=7 16 15 8 4 17 40 28 19 17 28 19
split_gain=2.51758 5.39643 4.41132 8.80583 4.32647 4.04429 3.90396 3.67901 4.52937 4.23921 3.01631 1.18699
threshold=0.018668766377788411 -1.6445233307499494 6.2675514914099404 0.0081879970057186658 -0.019007884400413896 1.0000000180025095e-35 0.062383162973826518 6.5000000000000009 0.11630414046963126 1.0568763465092235 3.5000000000000004 0.072074293856712116
decision_type=2 2 2 2 2 2 2 2 2 2 2 2
left_child=1 4 3 -3 5 -1 -4 9 -9 10 -2 -6
right_child=7 2 6 -5 11 -7 -8 8 -10 -11 -12 -13
leaf_value=-0.0062777482904797779 -0.018218058976964734 0.011171440884527562 0.024361328120357083 -0.022014651959253641 -0.024217168011880348 0.017041940898524819 0 0 -0.027938731212764731 0.014026855195739599 0.0037018209103170099 -0.0045993965304517177
leaf_weight=15.218872591853144 9.2314189672470146 19.58719024062157 17.613950744271282 8.7937621995806676 8.040771812200548 8.6502375155687314 9.2332756817340833 11.215052276849748 9.6096483618020994 11.61644923686981 8.4595288783311826 8.6614286750555021
leaf_count=68 42 88 75 42 38 40 40 51 43 50 36 41
internal_value=-0.000292732 0.00244311 0.00852246 0 -0.00549173 0.00225771 0.0167845 -0.00570165 -0.0147796 0.000801747 -0.00766318 -0.0164256
internal_weight=145.932 95.7995 55.2282 28.381 40.5713 23.8691 26.8472 50.1321 20.8247 29.3074 17.6909 16.7022
internal_count=654 432 245 130 187 108 115 222 94 128 78 79
is_linear=0
shrinkage=0.03


Tree=120
num_leaves=11
num_cat=0
split_feature=27 12 14 26 26 38 36 13 16 13
split_gain=4.62371 3.48009 4.35075 3.28876 3.20931 3.04566 3.81348 3.45307 2.36419 2.3265
threshold=1.5000000000000002 40.898989898989903 10.089492016959243 0.27207792207792209 0.41588050314465413 0.0083505237611272189 0.0064890285127842543 0.37196644021515374 -4.986190693661567 -2.4547619822012154
decision_type=2 2 2 2 2 2 2 2 2 2
left_child=5 8 3 -3 -4 9 7 -7 -2 -1
right_child=1 2 4 -5 -6 6 -8 -9 -10 -11
leaf_value=0 0.027378476899574924 0.0011984751915283148 0.0018242300232806849 -0.01599876743657434 0.022046021739821356 -0.0040111034484336368 -0.012706768170784552 0.018445569116472139 0.002239528874139475 -0.022002426946785072
leaf_weight=6.4880119115114239 6.7121419161558142 19.726874649524689 27.559724852442741 15.315576061606405 8.7910298109054548 10.232270866632463 13.079535603523253 9.5512479543685895 8.519759997725485 13.729794532060621
leaf_count=30 31 89 121 70 38 47 59 42 40 61
internal_value=-0.000211181 0.00392574 0.000760755 -0.00637077 0.00800044 -0.00713214 -0.000791891 0.00684024 0.0160797 -0.0157638
internal_weight=139.706 86.6251 71.3932 35.0425 36.3508 53.0809 32.8631 19.7835 15.2319 20.2178
internal_count=628 389 318 159 159 239 148 89 71 91
is_linear=0
shrinkage=0.03


Tree=121
num_leaves=13
num_cat=0
split_feature=27 22 16 12 38 36 22 13 24 13 24 12
split_gain=4.41575 6.22157 4.15029 3.77891 2.89659 3.61811 3.33174 3.29062 2.77708 5.38737 2.46885 0.121827
threshold=1.5000000000000002 -0.052988435993191245 0.10498271147223993 69.251054106339424 0.0083505237611272189 0.0064890285127842543 -0.14463887149774854 0.37196644021515374 -0.06356046323727442 2.2688466759331942 -0.36266924564796904 47.227190514469463
decision_type=2 2 2 2 2 2 2 2 2 2 2 2
left_child=4 2 11 -4 6 7 -1 -6 10 -10 -3 -2
right_child=1 8 3 -5 5 -7 -8 -9 9 -11 -12 -13
leaf_value=0 0.012558452811202575 -0.0024950452287955025 -0.0075924214776191719 0.015947576982891492 -0.0039119651329211332 -0.01238688379231534 -0.024713710389184396 0.017996512702304245 -0.023912196808581431 0.0016422684826603096 0.015729802106941537 0.030805518332334771
leaf_weight=8.6603466272354144 10.163363531231882 15.524642422795297 11.649042680859568 8.775596544146536 10.227589905261995 13.066633395850657 11.507453322410582 9.5458715409040433 10.834697887301447 14.741287827491758 8.1376381367444974 6.7279653400182715
leaf_count=40 48 69 54 38 47 59 51 42 49 65 36 30
internal_value=-0.000188634 0.0038526 0.0128405 0.00237308 -0.00696023 -0.000765702 -0.0153913 0.00665726 -0.00290162 -0.00958849 0.00392554 0.0231123
internal_weight=139.562 86.5542 37.316 20.4246 53.0079 32.8401 20.1678 19.7735 49.2383 25.576 23.6623 16.8913
internal_count=628 389 170 92 239 148 91 89 219 114 105 78
is_linear=0
shrinkage=0.03


Tree=122
num_leaves=10
num_cat=0
split_feature=27 3 38 38 4 18 37 0 5
split_gain=4.23463 3.14392 3.57117 7.51458 3.05584 3.72604 2.78321 2.7395 2.8565
threshold=1.0000000180025095e-35 -0.0028783004496481519 0.010963069269763493 0.008897011324852034 0.0051672617002690444 0.7934018622799589 0.00051342845751412025 -0.015468988454724884 0.034008067748647848
decision_type=2 2 2 2 2 2 2 2 2
left_child=4 7 3 -3 -1 -6 -4 -2 -9
right_child=1 2 6 -5 5 -7 -8 8 -10
leaf_value=-0.022647100818344413 -0.0051863191981505003 -0.0059120128657077853 0 0.016994894626953461 0.011940487949514486 -0.013172630874661055 -0.020518285439613683 0.017918294484356261 0
leaf_weight=9.5370935201644915 7.7464734464883795 30.967491284012794 9.9103880226612109 18.807599365711212 7.448945194482806 9.7879999950528127 10.972654119133948 23.139737844467163 11.047810681164263
leaf_count=44 33 141 42 83 33 44 52 106 50
internal_value=-0.000173429 0.00230573 -0.00139542 0.00277583 -0.0105559 -0.00142715 -0.0113668 0.00866316 0.012329
internal_weight=139.366 112.592 70.6581 49.7751 26.774 17.2369 20.883 41.934 34.1875
internal_count=628 507 318 224 121 77 94 189 156
is_linear=0
shrinkage=0.03


Tree=123
num_leaves=9
num_cat=0
split_feature=14 1 14 34 27 22 38 34
split_gain=4.38554 5.99453 5.30536 3.7487 3.59892 4.55212 4.08801 2.61628
threshold=-3.7514779561288374 0.0043166501475819805 10.089492016959243 0.023728104522042329 1.5000000000000002 -0.17995842003065357 0.0096037247704913696 0.016094283754476416
decision_type=2 2 2 2 2 2 2 2
left_child=1 -1 3 7 6 -6 -4 -2
right_child=2 -3 4 -5 5 -7 -8 -9
leaf_value=0.024738016482220015 -0.0071767731151481905 -0.0036312962102979015 -0.016262719521654621 -0.021065559406878633 0.023620326015897895 0.0012034039981115351 0.0077717366539765435 0.010624888170557829
leaf_weight=11.623461067676546 35.687935307621956 10.789471581578253 12.264462113380434 15.306703165173529 11.022652536630629 26.711287900805473 8.9191215336322767 6.8483997583389273
leaf_count=55 164 48 55 71 48 117 40 30
internal_value=-0.000180152 0.0112881 -0.00266088 -0.00904098 0.00344781 0.00898855 -0.00569879 -0.00362546
internal_weight=139.173 22.4129 116.761 57.843 58.9175 37.7339 21.1836 42.5363
internal_count=628 103 525 265 260 165 95 194
is_linear=0
shrinkage=0.03


Tree=124
num_leaves=10
num_cat=0
split_feature=14 14 5 16 0 34 35 37 32
split_gain=4.15069 5.03531 7.09002 6.35291 4.30711 3.58488 3.43604 1.34067 1.11133
threshold=-3.7514779561288374 10.089492016959243 0.03575488532515881 -1.2359455289932841 0.0094489610457857438 0.023728104522042329 0.025682253657166591 -0.019764695075917379 0.00027651134181883036
decision_type=2 2 2 2 2 2 2 2 2
left_child=4 5 -3 -4 7 6 -2 -1 -7
right_child=1 2 3 -5 -6 8 -8 -9 -10
leaf_value=0.0053937091603006009 -0.010959654913720664 0.024470174187039138 -0.022984146095727378 0.0034595425551065939 -0.0054387894606420881 -0.029496278224134784 0.0052092329127530462 0.027907858689460711 -0.007552079540111954
leaf_weight=7.4128763079643258 23.560531139373779 9.671482637524603 8.0028290599584562 41.202399834990501 7.3403946012258521 6.8700670078396788 18.956690177321434 7.6092874109745035 8.3666914030909521
leaf_count=33 110 43 38 179 32 31 84 38 40
internal_value=-0.00016021 -0.00257718 0.00337005 -0.00127811 0.0110064 -0.00880093 -0.00350351 0.0196182 -0.0205911
internal_weight=138.993 116.631 58.8767 49.2052 22.3626 57.754 42.5172 15.0222 15.2368
internal_count=628 525 260 217 103 265 194 71 71
is_linear=0
shrinkage=0.03


Tree=125
num_leaves=10
num_cat=0
split_feature=3 7 28 24 27 24 35 3 28
split_gain=3.63321 4.69493 3.48556 4.11211 4.24853 3.66794 3.25491 5.7204 1.77983
threshold=-0.0040129218618350495 -0.0024101947196197909 1.5000000000000002 0.4707779886148008 1.0000000180025095e-35 0.67153518123667388 0.0061985279760172771 -0.015486125207164357 6.5000000000000009
decision_type=2 2 2 2 2 2 2 2 2
left_child=1 6 -2 4 -4 -5 8 -8 -1
right_child=2 -3 3 5 -6 -7 7 -9 -10
leaf_value=0.001511199799793286 0.013556277767102148 0.024830464925525732 -0.014476606740857403 -0.024901136304647593 0.0045956775535557874 -0.0012043441786596264 0.01880292059345608 -0.0099583958988020676 -0.015517715800028756
leaf_weight=8.3350154757499713 8.8254455626010877 9.4565486386418325 11.596573732793329 11.815192565321924 44.127217516303062 13.094625949859617 16.445707440376282 7.1054526716470745 8.2185836881399137
leaf_count=39 39 43 54 53 199 59 76 32 38
internal_value=0.00129337 0.00771272 -0.00218991 -0.00438126 2.66038e-06 -0.0140169 0.00233244 0.00943822 -0.00689628
internal_weight=139.02 49.5613 89.4591 80.6336 55.7238 24.9098 40.1048 23.5512 16.5536
internal_count=632 228 404 365 253 112 185 108 77
is_linear=0
shrinkage=0.03


Tree=126
num_leaves=8
num_cat=0
split_feature=38 38 10 23 7 3 20
split_gain=3.68963 6.7956 4.81666 4.37813 4.71559 1.89508 1.73201
threshold=0.012341781549661974 0.018027785906072933 -0.019106301739011285 1.160120873348337 0.022418546834467864 -0.013329319778695668 0.022948633651547205
decision_type=2 2 2 2 2 2 2
left_child=2 5 -1 4 -4 -2 -5
right_child=1 -3 3 6 -6 -7 -8
leaf_value=0.023616822242246958 -0.0029905802954591984 0.0086628840310741754 0.0021912969070335764 0.017616338787156183 -0.014680695191332282 -0.026244575643914414 0
leaf_weight=8.2291807830333692 7.1346745938062694 11.271838486194609 61.054349735379219 16.003010720014576 17.256222769618034 10.512187615036966 7.4123662114143363
leaf_count=41 31 53 277 68 80 51 31
internal_value=0.00125146 -0.00778566 0.00385888 0.00169138 -0.00161279 -0.0188679 0.0125894
internal_weight=138.874 28.9187 109.955 101.726 78.3106 17.6469 23.4154
internal_count=632 135 497 456 357 82 99
is_linear=0
shrinkage=0.03


Tree=127
num_leaves=7
num_cat=0
split_feature=26 28 3 35 37 26
split_gain=4.55412 3.74587 4.29138 4.13173 3.36975 1.73009
threshold=0.50362318840579723 1.5000000000000002 -0.01197448197447709 0.0044015975231263002 1.0000000180025095e-35 0.62605932203389847
decision_type=2 2 2 2 2 2
left_child=1 -1 3 -3 -4 -2
right_child=5 2 4 -5 -6 -7
leaf_value=0.01439188142737749 0.021082838489151528 -0.0062153747580236405 0.0031276130039396273 0.015247656607076349 -0.010322670423340513 0.0025048724197776684
leaf_weight=10.341784387826918 10.692507252097132 11.213186889886858 20.126808106899261 17.234284788370132 57.783503115177155 11.225927248597143
leaf_count=46 51 52 88 78 267 50
internal_value=0.00122016 -0.00108802 -0.0029695 0.00644234 -0.00666899 0.0132
internal_weight=138.618 116.7 106.358 28.4475 77.9103 21.9184
internal_count=632 531 485 130 355 101
is_linear=0
shrinkage=0.03


Tree=128
num_leaves=10
num_cat=0
split_feature=26 38 37 2 7 26 4 25 11
split_gain=4.33147 4.44084 4.51266 4.32085 4.57202 2.43348 2.37558 2.04698 0.367579
threshold=0.50362318840579723 0.011802308429998692 -0.003508037666279384 0.043108360987050516 0.022418546834467864 0.20156250000000003 0.00078722030688938027 0.057623132263420043 0.012398482738447016
decision_type=2 2 2 2 2 2 2 2 2
left_child=1 3 6 4 -1 -4 -3 -2 -9
right_child=7 2 5 -5 -6 -7 -8 8 -10
leaf_value=0.0037468514402658965 0 -0.0086547338190120452 -0.0050817684999306155 0.019596320055462205 -0.013009067310846709 -0.031882557896737662 0.012711911490623871 0.0061496211040526659 0.023572052638258779
leaf_weight=59.795306116342545 6.8737579882144955 7.8157169520854968 8.1819833070039731 9.3590801805257779 17.188589811325073 7.4767556339502326 6.7260360419750214 6.5267468243837348 8.4844947010278684
leaf_count=272 31 34 39 40 78 38 30 31 39
internal_value=0.0012086 -0.00104101 -0.0106493 0.00231494 -3.90944e-05 -0.0208897 0.000663302 0.0129005 0.0184923
internal_weight=138.428 116.543 30.2005 86.343 76.9839 15.6587 14.5418 21.885 15.0112
internal_count=632 531 141 390 350 77 64 101 70
is_linear=0
shrinkage=0.03


Tree=129
num_leaves=10
num_cat=0
split_feature=23 40 12 37 20 33 5 37 10
split_gain=3.09211 4.82848 3.73835 3.92879 2.92626 2.89605 2.84298 1.64861 0.515903
threshold=1.160120873348337 0.055720254517305896 67.836897633304844 0.011896832345453469 0.02286725230543046 0.85875769356654197 0.041513635964247071 0.017154546270167662 0.033471508815924651
decision_type=2 2 2 2 2 2 2 2 2
left_child=1 2 3 -1 7 -4 -3 -2 -8
right_child=4 6 5 -5 -6 -7 8 -9 -10
leaf_value=0.0043282868363979958 0.0010239001682400578 0.00021183983582411618 0.025177960823942754 -0.0096736341134624031 -0.0011232246582871159 0 -0.027528929792422809 0.021893337477286386 -0.0072323273368869795
leaf_weight=43.510452479124069 6.8047816604375901 6.8343428671360043 7.7709687799215299 27.4534712433815 12.48224878311157 7.6025785803794861 6.9527120143175107 12.424372375011442 6.4131137430667877
leaf_count=196 31 33 35 130 54 34 36 53 30
internal_value=0.00117529 -0.00118588 0.00183072 -0.00099967 0.00915257 0.0143702 -0.0137582 0.0160069 -0.0209754
internal_weight=138.249 106.538 86.3375 70.9639 31.7114 15.3735 20.2002 19.2292 13.3658
internal_count=632 494 395 326 138 69 99 84 66
is_linear=0
shrinkage=0.03


Tree=130
num_leaves=9
num_cat=0
split_feature=11 20 38 36 34 40 35 18
split_gain=2.37421 4.22759 6.75852 3.67343 3.54068 2.40126 3.11256 1.48024
threshold=0.0021499408597129848 0.024719492277158573 0.0080805244063979504 0.0063903117896531372 0.0290203328904769 0.031947984421408789 0.018663463135334072 0.65324811216024725
decision_type=2 2 2 2 2 2 2 2
left_child=5 2 3 -2 -4 6 -1 -3
right_child=1 7 4 -5 -6 -7 -8 -9
leaf_value=0 -0.01621798696578438 -0.0042797448609817558 0.011949022303430517 0.0013315797138260233 -0.0068865086287342499 -0.0038537747113846469 0.020916708159513922 -0.024047485415166766
leaf_weight=11.164804711937906 20.897490441799164 11.069502860307695 40.437198176980019 16.964870318770409 8.8913996964693052 9.8989755660295469 12.972323000431059 7.0299757793545714
leaf_count=49 94 51 182 77 38 50 58 33
internal_value=0.000248237 -0.00188368 0.000795836 -0.00830603 0.00812567 0.00699808 0.0119768 -0.0143328
internal_weight=139.327 105.29 87.191 37.8624 49.3286 34.0361 24.1371 18.0995
internal_count=632 475 391 171 220 157 107 84
is_linear=0
shrinkage=0.03


Tree=131
num_leaves=9
num_cat=0
split_feature=14 33 16 2 14 16 37 9
split_gain=4.33542 5.37167 5.0333 5.21003 3.45181 2.3361 1.92408 2.80858
threshold=-3.7514779561288374 0.47608530083777617 2.5158410827561233 0.045909563033396002 -10.660280983953156 -2.2540420387814106 0.011896832345453469 0.0094114170383842056
decision_type=2 2 2 2 2 2 2 2
left_child=4 6 5 -4 -1 -3 7 -2
right_child=1 2 3 -5 -6 -7 -8 -9
leaf_value=0 -0.01604896027693796 -0.006271466193907619 -0.013797955110748474 0.011566999104337639 0.022544167413063757 0.0090856086332428178 -0.024448172586947887 0.0062750423719497963
leaf_weight=11.288632705807688 8.2073241174221057 8.0612564012408239 26.662877067923546 7.4612458050250998 10.844016522169111 50.558727353811264 8.7921949177980405 7.2986510545015326
leaf_count=51 36 40 124 31 51 223 43 33
internal_value=0.000222411 -0.00202398 0.00119668 -0.00750332 0.0119066 0.00658907 -0.0140434 -0.00516781
internal_weight=139.175 117.042 92.7441 34.1241 22.1326 58.62 24.2982 15.506
internal_count=632 530 418 155 102 263 112 69
is_linear=0
shrinkage=0.03


Tree=132
num_leaves=9
num_cat=0
split_feature=27 15 20 15 18 38 10 0
split_gain=4.04222 4.26892 4.40809 6.5317 3.32979 2.70291 2.08852 1.90046
threshold=1.0000000180025095e-35 1.1412907967894117 0.024847110574704141 10.58727400601075 0.43928630505579386 0.010421466660105084 -0.00074821431851029841 -0.0022221513167729463
decision_type=2 2 2 2 2 2 2 2
left_child=6 4 3 -3 -2 -6 -1 -8
right_child=1 2 -4 -5 5 -7 7 -9
leaf_value=-0.021564949916651498 0.020757465909467282 -0.0079127151758062262 -0.016180922529194171 0.010208947235609462 0.014266269232302474 -0.0073820791486552051 -0.012768659451989428 0.0044910310064179958
leaf_weight=7.6327424049377468 15.781544640660284 29.611913353204727 12.183116033673285 38.37890636920929 6.7725981622934368 10.250689975917338 7.8364759087562623 10.508045151829714
leaf_count=36 75 132 58 169 30 48 37 47
internal_value=0.000207557 0.00279539 -0.000820283 0.00210156 0.0116023 0.00103645 -0.00990641 -0.00267515
internal_weight=138.956 112.979 80.1739 67.9908 32.8048 17.0233 25.9773 18.3445
internal_count=632 512 359 301 153 78 120 84
is_linear=0
shrinkage=0.03


Tree=133
num_leaves=10
num_cat=0
split_feature=14 33 16 2 19 19 37 23 36
split_gain=4.0125 5.03164 4.71649 4.96671 3.96758 3.51657 1.85557 1.76356 1.60592
threshold=-3.7514779561288374 0.47608530083777617 2.5158410827561233 0.045909563033396002 0.098098275389883666 0.11454394939195407 0.011896832345453469 0.98322099177866795 0.0061623745756878541
decision_type=2 2 2 2 2 2 2 2 2
left_child=4 6 5 -4 -1 -3 8 -6 -2
right_child=1 2 3 -5 7 -7 -8 -9 -10
leaf_value=0.027374632522529141 -0.014471388058365653 0.011350444279452691 -0.013455587569350355 0.011310401210366017 -0.007356965765563989 -0.0034734358398379895 -0.023897714405103795 0.010704527766750719 0.0022466306185795273
leaf_weight=6.9591881632804897 6.670725122094157 39.677369624376297 26.570071920752525 7.4560322016477576 7.6273507475852949 18.859730094671249 8.6984689086675626 7.4193107634782791 8.8082816898822767
leaf_count=34 29 177 124 31 35 86 43 33 40
internal_value=0.000188407 -0.00196847 0.00114343 -0.00728571 0.0114662 0.00636968 -0.0136325 0.000880007 -0.00493136
internal_weight=138.747 116.741 92.5632 34.0261 22.0058 58.5371 24.1775 15.0467 15.479
internal_count=632 530 418 155 102 263 112 68 69
is_linear=0
shrinkage=0.03


Tree=134
num_leaves=9
num_cat=0
split_feature=14 33 16 2 14 16 26 37
split_gain=3.84043 4.80315 4.43749 6.18227 3.25928 2.14747 1.83997 1.17967
threshold=-3.7514779561288374 0.47608530083777617 2.5158410827561233 0.050155097836321112 -10.660280983953156 -2.2540420387814106 0.39012195121951226 0.011896832345453469
decision_type=2 2 2 2 2 2 2 2
left_child=4 6 5 -4 -1 -3 7 -2
right_child=1 2 3 -5 -6 -7 -8 -9
leaf_value=0 -0.0079531130041658148 -0.0061346956318423674 -0.013763898178137094 0.014452289280285895 0.021676259575136927 0.0085802764333370966 0 -0.02872399974385054
leaf_weight=11.263469785451891 11.280186682939535 8.0305849462747556 26.980256110429764 6.9664846658706656 10.671246871352194 50.514449834823608 6.922889679670333 5.9083652198314658
leaf_count=51 50 40 126 29 51 223 32 30
internal_value=0.000179888 -0.00192735 0.00110866 -0.00707422 0.0112335 0.00617811 -0.0133408 -0.0181243
internal_weight=138.538 116.603 92.4918 33.9467 21.9347 58.545 24.1114 17.1886
internal_count=632 530 418 155 102 263 112 80
is_linear=0
shrinkage=0.03


Tree=135
num_leaves=12
num_cat=0
split_feature=16 4 38 38 10 19 11 22 17 3 40
split_gain=2.76583 6.69454 9.66379 4.49433 4.38664 4.04718 3.92133 3.4161 3.4005 3.09967 1.11084
threshold=-1.7492099058566228 0.015215925118672426 0.011802308429998692 0.0088531095340254867 -0.019106301739011285 0.098098275389883666 0.036462321543142114 0.25693613868131254 1.1648148176334077 -0.010319295442514862 0.029789598000343202
decision_type=2 2 2 2 2 2 2 2 2 2 2
left_child=4 2 10 7 5 -1 -6 -3 -5 -8 -2
right_child=1 3 -4 8 6 -7 9 -9 -10 -11 -12
leaf_value=0.020647897843218011 0.028642704940820617 -0.003997119349447166 -0.0094729243903993315 -0.0015348330834807915 -0.030378597331488916 -0.0060145020687776387 0.0061829698768249798 -0.027119312774001723 0.018197382438238801 -0.015926538057107198 0.00713748674847638
leaf_weight=6.0695118606090572 14.764763876795774 21.464918404817585 9.8159552216529828 28.469075687229633 7.7643427997827557 11.151479318737982 8.9300591796636617 7.7105979472398749 8.2340718656778318 9.0947846025228465 6.8387601226568213
leaf_count=31 67 97 47 130 36 50 40 34 36 45 30
internal_value=-0.000840111 0.00184973 0.0129069 -0.00342771 -0.00707017 0.0037729 -0.0146009 -0.0119368 0.00321598 -0.00470023 0.0236522
internal_weight=140.308 97.2981 31.4195 65.8787 43.0102 17.221 25.7892 29.1755 36.7031 18.0248 21.6035
internal_count=643 441 144 297 202 81 121 131 166 85 97
is_linear=0
shrinkage=0.03


Tree=136
num_leaves=7
num_cat=0
split_feature=36 20 30 21 3 21
split_gain=2.68724 3.40261 3.57172 3.60884 2.10803 0.563421
threshold=0.0092023365403906474 0.025140499675724726 1.0000000180025095e-35 0.016090727122106324 -0.012992635603147838 0.024894176056400461
decision_type=2 2 2 2 2 2
left_child=1 2 3 -1 -3 -6
right_child=-2 4 -4 -5 5 -7
leaf_value=-0.0057289885456212799 0.011970031117250987 0 0.016921309682253263 0.0061487730009924958 -0.023409479344939019 -0.0052843727197080855
leaf_weight=65.247335575520992 11.100771903991697 7.8024154305458095 8.3346365541219694 32.285323478281498 8.7046700567007047 6.546363800764083
leaf_count=303 51 35 38 143 43 30
internal_value=-0.000825508 -0.00220787 3.9775e-06 -0.00160195 -0.0121534 -0.0180136
internal_weight=140.022 128.921 105.867 97.5327 23.0534 15.251
internal_count=643 592 484 446 108 73
is_linear=0
shrinkage=0.03


Tree=137
num_leaves=12
num_cat=0
split_feature=16 4 38 34 10 11 38 17 33 37 37
split_gain=2.62427 6.36386 9.21926 4.73586 6.42443 5.4793 4.29816 3.21484 2.73904 1.37213 1.07646
threshold=-1.7492099058566228 0.015215925118672426 0.011802308429998692 0.0027450632150273217 -0.016795460867405517 0.042500518310935605 0.0088531095340254867 1.1648148176334077 0.86368341327947495 -0.017821925601194607 0.015780802731200087
decision_type=2 2 2 2 2 2 2 2 2 2 2
left_child=3 2 10 5 -5 9 8 -8 -3 -1 -2
right_child=1 6 -4 4 -6 -7 7 -9 -10 -11 -12
leaf_value=0 0.030258066434399832 -0.0017098032179439792 -0.0092275068423861954 0.0033548446119808723 -0.029088518039873393 0.016582234028102608 -0.0014403319992972359 0.017746249104711221 -0.020955187401468744 -0.018232947100290307 0.010082688506542257
leaf_weight=6.6118716597557068 11.487282946705824 15.983615994453432 9.7948926389217359 7.1232160702347782 12.172536879777907 10.624942988157271 28.42082267254591 8.2216248363256437 13.119757786393164 6.3243129104375857 10.02729059755802
leaf_count=30 53 71 47 35 57 49 130 36 60 31 44
internal_value=-0.000796747 0.00182244 0.0126249 -0.00687945 -0.0172171 0.0016846 -0.00332133 0.00317214 -0.0116574 -0.0101291 0.0231502
internal_weight=139.912 97.0553 31.3095 42.8569 19.2958 23.5611 65.7458 36.6424 29.1034 12.9362 21.5146
internal_count=643 441 144 202 92 110 297 166 131 61 97
is_linear=0
shrinkage=0.03


Tree=138
num_leaves=10
num_cat=0
split_feature=27 15 15 0 2 10 3 20 5
split_gain=2.55769 3.04466 4.14654 3.03238 2.72688 1.88684 4.06135 2.80627 2.01876
threshold=1.5000000000000002 23.421107557565961 13.535316965639643 0.0016694248104368594 0.034978926693890029 -0.0015772556767004173 0.0025701178134079909 0.02009014156120522 -0.016286842281142296
decision_type=2 2 2 2 2 2 2 2 2
left_child=5 2 4 -4 -2 8 -7 -8 -1
right_child=1 -3 3 -5 -6 6 7 -9 -10
leaf_value=-0.0029859982583924877 -0.0023192316924712983 -0.011592259445809258 0.026332088187495762 0.00031360827227704249 0.01422789041857735 0.012111274422906392 -0.016965404861921732 0.0015832622082090364 -0.025242581701385686
leaf_weight=11.06635230779648 50.768697589635849 9.9703199714422208 9.5903174579143542 8.1082287579774839 8.740475580096243 10.91914516687393 12.980379715561869 11.202388286590574 6.2832417488098136
leaf_count=52 238 45 42 37 39 49 59 52 30
internal_value=-0.000775607 0.0022431 0.00446672 0.0164158 0.000250881 -0.00596649 -0.0012608 -0.00833546 -0.0135975
internal_weight=139.63 87.178 77.2077 17.6985 59.5092 52.4515 35.1019 24.1828 17.3496
internal_count=643 401 356 79 277 242 160 111 82
is_linear=0
shrinkage=0.03


Tree=139
num_leaves=10
num_cat=0
split_feature=23 5 0 23 0 12 21 12 33
split_gain=2.50806 4.67889 4.42133 3.9367 2.76658 3.29048 2.71865 2.60947 1.91832
threshold=0.79598481638977259 -0.018835546361037622 -0.003019805966896882 1.3082656581317813 -0.015202685043895823 57.632050205478592 0.013757479562302019 60.238592163931322 0.36226951887064252
decision_type=2 2 2 2 2 2 2 2 2
left_child=1 -1 4 6 8 -6 -4 -3 -2
right_child=2 7 3 -5 5 -7 -8 -9 -10
leaf_value=0.0081189112706344414 -0.011518259163144171 -0.023759576740695745 -0.012685601698862677 0.01277812242526145 0.022559396466049094 0.00044851451254341039 0 -0.00023560849093836022 0.0074052203337540657
leaf_weight=8.3007417321205157 6.8574235737323752 12.265105098485948 28.664861887693405 9.1886710673570615 15.315989479422571 11.646967798471449 31.086872614920139 7.985724762082099 8.1964062154293043
leaf_count=40 30 63 134 41 70 52 141 36 36
internal_value=-0.000751925 -0.00843344 0.00120622 -0.00329844 0.0087522 0.0142168 -0.0063474 -0.0160122 -0.000675242
internal_weight=139.509 28.5516 110.957 68.9404 42.0168 26.963 59.7517 20.2508 15.0538
internal_count=643 139 504 316 188 122 275 99 66
is_linear=0
shrinkage=0.03


Tree=140
num_leaves=10
num_cat=0
split_feature=27 32 35 35 36 19 0 4 10
split_gain=3.41276 3.47312 4.05273 4.57866 2.75558 2.61549 1.93839 1.66485 3.34331
threshold=1.0000000180025095e-35 -0.00066544669950174818 0.029725541754420885 0.047987675578263785 0.0042652297507943379 0.092474886719218538 -0.003382774659071885 0.0051672617002690444 0.021350665125339566
decision_type=2 2 2 2 2 2 2 2 2
left_child=7 4 5 -4 -2 -3 -6 -1 -9
right_child=1 2 3 -5 6 -7 -8 8 -10
leaf_value=-0.020217483131257666 -0.021426455153440573 0.0075566719021696975 0.026272724447543919 0.0017026922865294263 0.0035887871701314774 -0.007336445726773333 -0.0099953259683208378 0.010724925004013966 -0.014865251421522412
leaf_weight=9.5343796387314814 6.5082193315029135 15.391357019543646 11.497681915760042 17.361072719097137 20.81391204148531 24.228030011057854 13.428893752396105 6.194870248436926 7.9035143479704857
leaf_count=45 31 71 52 78 94 111 63 29 36
internal_value=-0.00152438 0.000646805 0.00484671 0.0130461 -0.00595643 -0.00110525 -0.00158218 -0.0114122 -0.00275362
internal_weight=132.862 109.229 68.4781 28.8588 40.751 39.6194 34.2428 23.6328 14.0984
internal_count=610 500 312 130 188 182 157 110 65
is_linear=0
shrinkage=0.03


Tree=141
num_leaves=11
num_cat=0
split_feature=27 25 22 3 22 33 25 27 17 25
split_gain=3.25107 2.64538 1.97346 4.6712 4.17603 3.99033 2.33515 1.82066 1.77804 0.359455
threshold=1.0000000180025095e-35 0.24417344173441738 -0.052988435993191245 -0.0062581865570914821 0.083500848647597894 0.67778331671651726 0.17165178571428574 1.5000000000000002 -0.84668201837053292 0.1181455633100698
decision_type=2 2 2 2 2 2 2 2 2 2
left_child=1 9 3 8 5 -4 -6 -5 -2 -1
right_child=2 -3 4 7 6 -7 -8 -9 -10 -11
leaf_value=-0.0076802359355715331 0.0014623804028831675 0.00063076392852659535 -0.025935082720067955 -0.013683782438940658 0.0085813637089055018 0.00044433136175380829 -0.0041197783610167262 0.0020362791099839471 0.023007435432604782 -0.024857420684124335
leaf_weight=8.4322540909051913 7.1921791732311275 8.6280977278947812 9.3442305549979228 6.9895643144845989 22.709840469062328 7.3765915855765334 24.19038599729538 20.110258616507053 11.267714977264403 6.5208343118429175
leaf_count=40 32 40 44 34 101 35 108 92 54 30
internal_value=-0.00148719 -0.0111498 0.000627881 0.00537661 -0.00260437 -0.014692 0.00182301 -0.00216457 0.0163099 -0.0181046
internal_weight=132.762 23.5812 109.181 45.5597 63.621 16.7208 46.9002 27.0998 18.4599 14.9531
internal_count=610 110 500 212 288 79 209 126 86 70
is_linear=0
shrinkage=0.03


Tree=142
num_leaves=9
num_cat=0
split_feature=27 13 35 34 13 36 3 22
split_gain=3.10421 3.20577 2.09106 4.80773 3.94388 3.67792 3.41929 2.49544
threshold=1.0000000180025095e-35 0.95883744925355086 0.015237241563145877 0.0019374159936879078 4.2283542173237381 0.0068601079835472244 0.0090396138053568959 -0.048855525813472349
decision_type=2 2 2 2 2 2 2 2
left_child=1 -1 4 6 7 -5 -4 -2
right_child=2 -3 3 5 -6 -7 -8 -9
leaf_value=-0.019225758908090477 0 0.0011789934004060544 0.030585685365893626 0.0029006029156284784 0.0090792962987407098 -0.018099061930618734 0.001798926893924836 -0.016226894084758761
leaf_weight=13.980269379913809 14.301849655807017 9.5700004696845991 7.0834123045206061 41.299179203808308 11.951270103454588 7.0241731256246558 8.7878963947296125 18.622889995574951
leaf_count=66 67 44 32 189 56 32 38 86
internal_value=-0.00145532 -0.0109037 0.000609298 0.00414676 -0.00409204 -0.000451785 0.017471 -0.00954871
internal_weight=132.621 23.5503 109.071 64.1947 44.876 48.3234 15.8713 32.9247
internal_count=610 110 500 291 209 221 70 153
is_linear=0
shrinkage=0.03


Tree=143
num_leaves=11
num_cat=0
split_feature=32 21 20 16 41 19 24 21 11 21
split_gain=2.9188 3.59566 3.70034 4.34541 3.16683 2.93821 5.60935 2.90183 2.31977 1.89696
threshold=-0.00066544669950174818 0.01157513575420965 0.024381820361906149 2.130564048055593 1.0000000180025095e-35 0.1036121841595285 -0.29603547209181008 0.011707853814244355 0.018272841998128623 0.030195390944408484
decision_type=2 2 2 2 2 2 2 2 2 2
left_child=4 8 3 -3 -1 7 -7 -6 -2 -4
right_child=1 2 9 -5 5 6 -8 -9 -10 -11
leaf_value=0.0055306055940680604 0.0025261054119221412 0.016939610984296093 -0.012112516383187059 -0.0013151724639671809 -0.00094626987807574364 0.017513231167430917 -0.013276562139619056 -0.026776717854432398 -0.015880023981064393 0.0051496135383772863
leaf_weight=10.942822523415087 7.9240110516548183 28.357128530740738 11.341704390943052 16.356802582740784 7.326223477721217 6.3467886596918133 12.353566527366636 12.297873407602308 12.159029066562651 7.0523962080478659
leaf_count=50 37 127 54 74 34 29 57 58 58 32
internal_value=-0.00140673 0.00188205 0.00553097 0.0101703 -0.00710942 -0.0111858 -0.00141963 -0.0188066 -0.00836735 -0.00490266
internal_weight=132.458 83.1911 63.108 44.7139 49.2673 38.3245 18.7004 19.6241 20.083 18.3941
internal_count=610 382 287 201 228 178 86 92 95 86
is_linear=0
shrinkage=0.03


Tree=144
num_leaves=8
num_cat=0
split_feature=14 9 1 21 38 36 9
split_gain=2.15994 4.52088 4.25088 3.09673 2.56941 2.5064 2.39872
threshold=-3.7514779561288374 0.01707383309229368 0.0043166501475819805 0.012008682833448013 0.008897011324852034 0.0047150117151990144 0.030637925226223835
decision_type=2 2 2 2 2 2 2
left_child=2 3 -1 -2 6 -6 -3
right_child=1 4 -4 -5 5 -7 -8
leaf_value=0.018045006534245515 0.00081684291967644115 0.0092381025035526559 -0.0054374874857015427 -0.021306811005128025 0.016485991082066706 0.00011663681750654961 -0.0079304916198068235
leaf_weight=11.71624977886677 6.3380274623632458 6.4196783602237693 11.243234053254126 15.658459991216658 10.609277129173277 31.273115858435631 39.038420259952545
leaf_count=56 29 29 51 77 47 143 178
internal_value=-0.00137644 -0.00323657 0.00643042 -0.0147703 0 0.00516739 -0.0049027
internal_weight=132.296 109.337 22.9595 21.9965 87.3405 41.8824 45.4581
internal_count=610 503 107 106 397 190 207
is_linear=0
shrinkage=0.03


Tree=145
num_leaves=13
num_cat=0
split_feature=22 32 22 11 35 18 32 38 16 32 19 1
split_gain=3.9793 5.33157 3.48819 3.50429 4.11179 3.31965 3.02015 2.22129 2.21485 2.20992 1.71571 1.02913
threshold=-0.17995842003065357 0.005386257876597079 0.088274932636587825 0.044733044123784323 -0.045350674663298611 0.6467717105228995 0.010206893858310308 0.0088531095340254867 -3.3235707709421707 0.00089914918803768462 0.080480874591916093 0.0082288712319671404
decision_type=2 2 2 2 2 2 2 2 2 2 2 2
left_child=1 10 3 4 -2 8 -3 -7 -4 -5 -1 -12
right_child=2 6 5 9 -6 7 -8 -9 -10 -11 11 -13
leaf_value=0.0026285991029724237 0.0049295734622515396 -0.013301881456654348 0 -0.0066073356063705881 -0.019124188298287915 -0.010576115769050203 0.0095264643388125562 0.0052440549554872689 0.017937604228932792 0.013220600901535847 0.029522394180936044 0.0077087923944054075
leaf_weight=7.516396343708041 6.5283910334110287 9.3561835289001483 7.3495628088712719 7.2887452095746985 22.218365430831909 13.968014031648638 7.20106516778469 12.93313481658697 15.530242808163164 8.160435810685156 10.217476069927217 7.2141905948519698
leaf_count=36 31 43 34 35 105 61 33 58 70 37 48 32
internal_value=0.00218812 0.00973052 -0.00112007 -0.00721193 -0.0132084 0.00406831 -0.00260841 -0.00261475 0.0121074 0.00332126 0.0180619 0.0229892
internal_weight=135.482 41.5053 93.9769 44.1959 28.7468 49.781 16.5572 26.9011 22.8798 15.4492 24.9481 17.4317
internal_count=623 192 431 208 136 223 76 119 104 72 116 80
is_linear=0
shrinkage=0.03


Tree=146
num_leaves=11
num_cat=0
split_feature=22 32 34 26 32 0 37 35 26 27
split_gain=3.79823 5.09365 3.29755 3.20882 3.91982 3.60696 3.17017 1.69914 0.830495 0.766338
threshold=-0.17995842003065357 0.005386257876597079 0.034551093974205867 0.11180555555555556 0.0070696932962914802 0.013843428956179739 0.013197045947044074 -0.010404232273945989 0.17555713608345189 1.5000000000000002
decision_type=2 2 2 2 2 2 2 2 2 2
left_child=1 7 3 5 -5 -2 -3 -1 -4 -9
right_child=2 6 8 4 -6 -7 -8 9 -10 -11
leaf_value=0.0013119113765344863 0.01900815156561611 0.0095790142328357683 -0.020260141388782796 -0.0069188650721077058 0.0098973937058185243 -0.0040230357743718083 -0.013781172546986622 0.0074174441687993153 -0.002123893159173355 0.027524042662267358
leaf_weight=6.546347692608836 13.979988873004915 7.4750555455684689 6.9554778933525068 44.212632566690445 14.693032935261725 7.4627621471881858 9.0652869790792447 6.9832913130521801 6.5716961100697517 11.355849921703337
leaf_count=31 66 34 31 202 66 33 42 33 33 52
internal_value=0.00215028 0.00952708 -0.00107937 0.00116772 -0.00229078 0.0106933 -0.0025205 0.0176843 -0.0138238 0.0220875
internal_weight=135.301 41.4258 93.8756 80.3484 58.9057 21.4428 16.5403 24.8855 13.5272 18.3391
internal_count=623 192 431 367 268 99 76 116 64 85
is_linear=0
shrinkage=0.03


Tree=147
num_leaves=11
num_cat=0
split_feature=34 13 0 7 16 0 19 1 35 7
split_gain=3.30235 3.59384 5.4557 4.66312 3.47123 3.34577 3.32767 2.482 2.13692 2.12211
threshold=0.023728104522042329 -1.0369899148332491 0.0012215708255536308 0.03246228539781177 4.8689221448484163 -0.0011300521653675453 0.068894419827920536 -0.0095573893833990047 0.035920908882282949 0.010411157904209531
decision_type=2 2 2 2 2 2 2 2 2 2
left_child=1 2 7 6 -5 8 -3 -1 -2 -7
right_child=5 3 -4 4 -6 9 -8 -9 -10 -11
leaf_value=-0.0037004938179480066 0.01418339426941348 0 -0.021460569330805646 -0.01820016924359983 0.0069167714703345425 -3.5895285184534463e-05 0.01781283001717842 0.011769362544395139 -0.0060348567656614066 -0.022104608591458359
leaf_weight=16.617578864097595 7.3015775829553622 10.87035012245178 8.0664026066660863 6.7733078747987738 8.6325353384017927 7.9353092089295414 37.017887130379677 15.374519601464273 6.6465636789798737 9.9450659751892072
leaf_count=75 34 52 39 30 37 37 171 71 31 46
internal_value=0.00209973 0.00477154 -0.00191253 0.00916059 -0.00408672 -0.00590184 0.013716 0.00354767 0.00405986 -0.0140539
internal_weight=135.181 103.353 40.0585 63.2941 15.4058 31.8285 47.8882 31.9921 13.9481 17.8804
internal_count=623 475 185 290 67 148 223 146 65 83
is_linear=0
shrinkage=0.03


Tree=148
num_leaves=13
num_cat=0
split_feature=22 22 11 20 20 18 16 23 16 38 16 22
split_gain=3.58255 3.36691 3.32854 3.17956 3.1035 3.10024 2.11401 2.08521 2.0828 2.06323 1.43972 1.0122
threshold=-0.17995842003065357 0.088274932636587825 0.044733044123784323 0.016691255691973422 0.018721233531090429 0.6467717105228995 -3.3235707709421707 0.97175386208633896 4.7953109743494782 0.0088531095340254867 -1.3382301051424645 -0.32945791445149886
decision_type=2 2 2 2 2 2 2 2 2 2 2 2
left_child=4 2 3 -2 11 6 -3 -4 10 -7 -6 -1
right_child=1 5 7 -5 8 9 -8 -9 -10 -11 -12 -13
leaf_value=-0.0093057664770839627 0.0034253634796080064 0 -0.005240624006240798 -0.017985451054788125 0.0055034607266219249 -0.010178478940377532 0.017461376618741545 0.014074696904184926 0 0.0050781711676408468 0.026638995611284976 0.0045473780316906539
leaf_weight=6.4476725310087204 6.1590012907981899 7.3453624248504665 8.5381863638758642 22.47827135771513 8.083366237580778 13.913278117775919 15.503327891230581 6.8824990838766089 7.8591773808002463 12.908806547522543 11.103544741868975 7.7728611230850202
leaf_count=30 29 34 42 107 39 61 70 30 35 58 52 36
internal_value=0.00201808 -0.00111416 -0.0071109 -0.012968 0.00920165 0.003984 0.011756 0.00314522 0.0148831 -0.00247253 0.0198027 -0.00118191
internal_weight=134.995 93.7287 44.058 28.6373 41.2666 49.6708 22.8487 15.4207 27.0461 26.8221 19.1869 14.2205
internal_count=623 431 208 136 192 223 104 72 126 119 91 66
is_linear=0
shrinkage=0.03


Tree=149
num_leaves=12
num_cat=0
split_feature=22 32 22 27 11 35 36 32 34 4 14
split_gain=3.41074 4.7667 3.17447 3.18498 2.94345 2.78381 4.08111 2.78312 2.2872 2.27822 2.01326
threshold=-0.17995842003065357 0.005386257876597079 0.088274932636587825 2.5000000000000004 0.044733044123784323 0.038397542527518043 0.0049522727424689333 0.010206893858310308 0.022156242454843603 0.031789914008449001 9.5694553588191997
decision_type=2 2 2 2 2 2 2 2 2 2 2
left_child=1 10 3 9 -5 6 -4 -3 -7 -2 -1
right_child=2 7 5 4 -6 8 -8 -9 -10 -11 -12
leaf_value=0.0048787421035643742 -0.019919076646780474 -0.012951288319523928 -0.018437261393257326 -0.006317410222764286 0.014957168746550195 0.021362967277177305 0.0044789539639430278 0.0089870844135560499 0 0 0.024670021573459027
leaf_weight=11.723763607442381 15.852574937045576 9.2916565537452716 7.231347292661666 13.546305119991304 7.1824927031993857 9.6421258896589297 25.945168443024158 7.1648536920547476 6.8085778951644889 7.4307000637054434 13.022161722183226
leaf_count=58 76 43 33 65 33 43 117 33 30 34 58
internal_value=0.00198116 0.00899661 -0.00107247 -0.0069023 0.00106172 0.00387429 -0.000853855 -0.00264818 0.0132816 -0.014109 0.0169204
internal_weight=134.842 41.2024 93.6393 44.0121 20.7288 49.6272 33.1765 16.4565 16.4507 23.2833 24.7459
internal_count=623 192 431 208 98 223 150 76 73 110 116
is_linear=0
shrinkage=0.03


Tree=150
num_leaves=12
num_cat=0
split_feature=14 15 38 20 20 7 3 4 7 20 2
split_gain=3.65235 4.47967 5.63013 4.24739 4.01237 4.15717 3.91668 3.36914 3.61937 1.8235 1.10559
threshold=10.089492016959243 1.8350906106479354 0.011758540535303582 0.024458779149250241 0.016896572027685377 0.029776514650620277 -0.0010465138392528048 0.01727961358606989 -0.00077587509934608581 0.019008384361287611 0.0025657475376378307
decision_type=2 2 2 2 2 2 2 2 2 2 2
left_child=1 2 9 4 -2 -6 -4 8 -3 -1 -5
right_child=3 7 6 10 5 -7 -8 -9 -10 -11 -12
leaf_value=0.022484697180775216 -0.0076529630880048227 -0.010634735859241705 0.0066792763339825383 0.00067657730367239207 0.020947538567058978 0 -0.015984120352112986 -0.024717676716172841 0.012253004895614587 0.0012926789566003352 -0.013367112746196133
leaf_weight=10.524988755583765 6.3315728753805152 18.460713341832161 9.8985563144087809 6.7808647900819761 27.348765164613724 11.77149051427841 13.09339617192745 9.2659797072410566 6.6058484613895443 7.7954586893320075 7.1724975928664207
leaf_count=51 30 85 48 32 122 52 60 44 32 37 34
internal_value=0.00127256 -0.00293791 0.00340554 0.0067994 0.0112575 0.0149063 -0.00587313 -0.0107511 -0.00358918 0.0152203 -0.00637288
internal_weight=135.05 75.6449 41.3124 59.4052 45.4518 39.1203 22.992 34.3325 25.0666 18.3204 13.9534
internal_count=627 357 196 270 204 174 108 161 117 88 66
is_linear=0
shrinkage=0.03


Tree=151
num_leaves=11
num_cat=0
split_feature=16 7 34 34 23 4 4 1 19 9
split_gain=3.6801 2.59897 2.95666 4.18833 2.29525 2.30607 1.98562 1.87134 1.54233 0.720568
threshold=-2.2540420387814106 0.0022112388416658433 0.0290203328904769 0.016094283754476416 1.1509241142342395 -0.036721641231818973 0.0064413741598207128 0.011691892737207723 0.076656126032545166 0.048201185549348956
decision_type=2 2 2 2 2 2 2 2 2 2
left_child=4 6 3 -3 5 -1 8 -4 -2 -7
right_child=1 2 7 -5 -6 9 -8 -9 -10 -11
leaf_value=0 0.011731836713252484 0 -0.019232568083456875 0.01809988949453626 0.0042692685120839678 -0.024523368708442465 0.020414064504086955 0 -0.0046983433339179851 -0.0063637624543637205
leaf_weight=9.2554558962583524 7.5318931490182894 46.251895129680634 7.1530966162681562 12.640388429164885 9.2978871017694456 7.7139811962843003 11.798799484968184 6.6856295317411423 7.9495755508542061 8.5380476266145688
leaf_count=44 35 209 33 57 43 39 55 31 38 43
internal_value=0.00123251 0.00424125 0.000948546 0.00410637 -0.00676605 -0.0113518 0.0118431 -0.0103645 0.00286475 -0.0175477
internal_weight=134.817 100.011 72.731 58.8923 34.8054 25.5075 27.2803 13.8387 15.4815 16.252
internal_count=627 458 330 266 169 126 128 64 73 82
is_linear=0
shrinkage=0.03


Tree=152
num_leaves=10
num_cat=0
split_feature=16 38 38 21 15 5 23 7 1
split_gain=3.50161 2.59518 4.35277 3.78315 4.99054 4.45044 2.19783 1.71877 1.37887
threshold=-2.2540420387814106 0.011705065783176871 0.01353193648870994 0.017271521155440981 17.65037953291657 0.11719352962483111 1.1509241142342395 -0.016885646136836584 0.0071922248944406028
decision_type=2 2 2 2 2 2 2 2 2
left_child=6 3 -3 4 -2 -5 7 -1 -9
right_child=1 2 -4 5 -6 -7 -8 8 -10
leaf_value=0 -0.0025744325739769404 -0.015265520866452236 0.0093535269566117334 0.027638092231920423 0.018028026370863523 0.00049145384551184011 0.0041670474170963333 -0.024435748887473217 -0.0031233535380554987
leaf_weight=10.086135774850844 43.69701524078846 12.563736945390703 9.1274624019861204 12.157805606722834 11.559411495923994 10.832087993621824 9.2893861532211286 8.1937863677740115 7.1696157976984969
leaf_count=47 203 58 47 54 50 46 43 43 36
internal_value=0.00119432 0.0041316 -0.00435782 0.00672189 0.00195272 0.0165107 -0.00661231 -0.0111103 -0.0168592
internal_weight=134.676 99.9375 21.6912 78.2463 55.2564 22.9899 34.7389 25.4495 15.3634
internal_count=627 458 105 353 253 100 169 126 79
is_linear=0
shrinkage=0.03


Tree=153
num_leaves=11
num_cat=0
split_feature=16 3 21 38 4 16 21 23 10 28
split_gain=3.34833 2.90205 3.74096 3.49832 6.48793 2.89859 2.45095 2.10999 2.54612 0.808049
threshold=-2.2540420387814106 0.00094452517070953157 0.017699969459517042 0.011705065783176871 0.015215925118672426 2.3142480809168062 0.01363473812577652 1.1509241142342395 -0.014543976274446478 6.5000000000000009
decision_type=2 2 2 2 2 2 2 2 2 2
left_child=7 2 6 4 -3 -5 -2 8 -1 -10
right_child=1 3 -4 5 -6 -7 -8 -9 9 -11
leaf_value=0 0.010243668820006411 0.02264305277671114 0.02553059652134354 -0.023249193404474573 -0.0011343809730773578 0.00078970788902192623 -0.0088633973536599558 0.0040672371559323578 -0.023781388955856898 -0.0042040650786865858
leaf_weight=10.391849949955938 13.909198105335241 11.003333151340483 9.4182854369282705 7.0131002962589246 44.734550788998604 6.5358864143490791 7.2337150871753684 9.2810346931219083 8.8292382434010523 6.1614070534706107
leaf_count=49 61 51 46 32 202 31 35 43 47 30
internal_value=0.00116342 0.00403794 0.0114444 0.000331252 0.00392152 -0.0120784 0.00285731 -0.00647607 -0.0108945 -0.0180597
internal_weight=134.512 99.8481 30.5612 69.2869 55.7379 13.549 21.1429 34.6635 25.3825 14.9906
internal_count=627 458 142 316 253 63 96 169 126 77
is_linear=0
shrinkage=0.03


Tree=154
num_leaves=10
num_cat=0
split_feature=14 20 20 7 25 14 20 5 5
split_gain=3.299 3.88722 3.49604 3.70861 2.4941 2.54845 3.41855 1.94373 1.65838
threshold=10.089492016959243 0.025390993520416027 0.016896572027685377 0.025228459241613668 0.098402323892519974 3.4606483964169574 0.019091954209834269 -0.020949521999845896 0.043872531158383084
decision_type=2 2 2 2 2 2 2 2 2
left_child=4 2 -2 -4 7 6 -6 -1 -7
right_child=1 -3 3 -5 5 8 -8 -9 -10
leaf_value=-0.0044176226837848755 -0.0075411901223614427 -0.0080469159378562249 0.019637016782695447 0.00014692531748631071 0.01085424673062081 -0.021028644197312422 -0.0076737281794365909 0.012082728741191826 -0.00082526846371602021
leaf_weight=8.1990289911627787 6.2871156334877005 10.854656375944613 27.001027137041092 14.913595303893088 11.619921907782553 11.601360224187376 23.490039773285389 12.862171865999697 7.4592908769845954
leaf_count=39 30 53 121 66 58 55 110 58 37
internal_value=0.00112973 0.00640463 0.0101487 0.0133664 -0.00287542 -0.00634841 -0.000883042 0.00518274 -0.0146636
internal_weight=134.288 59.0564 48.2017 41.9146 75.2318 54.1706 35.11 21.0612 19.0607
internal_count=627 270 217 187 357 260 168 97 92
is_linear=0
shrinkage=0.03


Tree=155
num_leaves=8
num_cat=0
split_feature=24 34 17 34 26 25 36
split_gain=6.09346 2.62702 3.63107 3.87854 2.90031 3.70881 2.44114
threshold=-0.75171232876712313 0.0012352704006407535 0.98369815806745564 -0.015636197896358558 0.35917467948717957 0.52369007803790424 0.0051654468368362129
decision_type=2 2 2 2 2 2 2
left_child=-1 2 3 -2 5 -3 -6
right_child=1 4 -4 -5 6 -7 -8
leaf_value=0.016450624933534434 -0.011098896299066645 -0.016396236760941766 0.014925764537693807 0.0074231448933465777 -0.0073095605187803907 0.0022119565767379917 0.010570454037214221
leaf_weight=11.98513328284025 22.677829042077061 37.141663193702698 10.71605810523033 14.63939815759659 13.4898978471756 10.426235422492026 10.256526753306387
leaf_count=55 105 178 49 70 62 47 47
internal_value=-0.00212608 -0.00435559 0.000787813 -0.00344327 -0.00795147 -0.0120903 5.17628e-05
internal_weight=131.333 119.348 48.0333 37.3172 71.3143 47.5679 23.7464
internal_count=613 558 224 175 334 225 109
is_linear=0
shrinkage=0.03


Tree=156
num_leaves=8
num_cat=0
split_feature=24 38 26 38 11 26 8
split_gain=5.77276 2.87235 3.48752 3.34455 2.6212 2.89691 0.151374
threshold=-0.75171232876712313 0.0081780350410398297 0.51003613006824577 0.011228123179471115 0.00072715884503316019 0.22767145135566189 0.0026973625075697085
decision_type=2 2 2 2 2 2 2
left_child=-1 4 3 -3 -2 -6 -4
right_child=1 2 6 -5 5 -7 -8
leaf_value=0.016028969934098875 0.0043249227219853423 0.0019632003521786053 0.016462232684797337 -0.010893428325950085 -0.023861725093706557 -0.0044192870453776505 0.0037119372203950575
leaf_weight=11.984025247395037 6.1935304850339881 37.227316200733185 6.2186183929443342 30.243545025587082 14.014295846223829 18.296260297298431 7.0350082814693451
leaf_count=55 29 170 31 143 68 85 32
internal_value=-0.00204662 -0.00422165 -0.000730104 -0.00373152 -0.0107739 -0.0141887 0.0120518
internal_weight=131.213 119.229 80.7245 67.4709 38.5041 32.3106 13.2536
internal_count=613 558 376 313 182 153 63
is_linear=0
shrinkage=0.03


Tree=157
num_leaves=7
num_cat=0
split_feature=21 20 3 21 13 21
split_gain=2.52503 2.92702 5.02809 3.69569 3.05903 2.05904
threshold=0.030549644404176585 0.025303101000520151 -0.0093848729586615259 0.017632844967138326 -2.5278262264891498 0.019546366808286378
decision_type=2 2 2 2 2 2
left_child=1 3 -3 4 -1 -5
right_child=-2 2 -4 5 -6 -7
leaf_value=0.002995549292459872 0.01092188877752504 0.0037005732538300043 -0.027317221338372451 0.017285812795233588 -0.0084143612865092803 0
leaf_weight=29.982758700847626 10.0066881775856 6.1551021412014952 9.0306583121418935 10.748899482190611 54.670702919363976 10.469611227512358
leaf_count=142 46 30 45 49 254 47
internal_value=-0.00197599 -0.0033242 -0.0149047 -0.00127856 -0.0042242 0.00917893
internal_weight=131.064 121.058 15.1858 105.872 84.6535 21.2185
internal_count=613 567 75 492 396 96
is_linear=0
shrinkage=0.03


Tree=158
num_leaves=13
num_cat=0
split_feature=1 18 5 21 40 37 16 7 4 40 5 38
split_gain=2.58822 3.61677 4.08941 3.3807 2.69779 3.49482 1.81998 1.7027 1.67112 1.56031 1.50633 1.44414
threshold=0.0015093404062042073 0.70036821867383769 -0.033083671184812695 0.017656658183317114 0.031369558146411076 0.0011948252401839945 3.4183926829578515 -0.024775924239263312 0.070981358006785636 -0.037616208609373918 0.041513635964247071 0.010346793732514506
decision_type=2 2 2 2 2 2 2 2 2 2 2 2
left_child=1 2 7 -4 5 9 -3 -1 10 -2 -6 -7
right_child=4 6 3 -5 8 11 -8 -9 -10 -11 -12 -13
leaf_value=0 0 0.022012809214854882 -0.013879309913395683 0.0058176485555934106 -0.0016211434259225778 0.01231690394748635 0 0.019135459971337032 0 -0.016031278010179645 -0.022163831783257728 -0.0016063633671234332
leaf_weight=7.3435600399971008 7.0549110025167492 8.553490996360777 22.674434468150142 8.8852181583642942 6.5613471716642442 14.2999439612031 6.9130790755152693 6.9327375516295415 9.1088444292545301 11.055406257510183 13.711904034018515 7.8149735480546942
leaf_count=35 32 39 106 43 32 67 33 34 41 49 67 35
internal_value=-0.00191098 0.00237701 -0.00169174 -0.00787069 -0.00585776 -0.000309761 0.0141068 0.0103348 -0.0124714 -0.00984958 -0.0169313 0.00704951
internal_weight=130.91 61.3025 45.836 31.5597 69.6073 40.2252 15.4666 14.2763 29.3821 18.1103 20.2733 22.1149
internal_count=613 290 218 149 323 183 72 69 140 81 99 102
is_linear=0
shrinkage=0.03


Tree=159
num_leaves=9
num_cat=0
split_feature=24 38 3 32 38 41 32 34
split_gain=5.42991 2.69707 2.8865 3.88053 2.44945 2.80834 2.56622 2.26555
threshold=-0.75171232876712313 0.0081780350410398297 0.0025701178134079909 0.005114349720587886 0.011228123179471115 1.0000000180025095e-35 -0.0055626429449827089 0.0085365384170701403
decision_type=2 2 2 2 2 2 2 2
left_child=-1 2 7 -4 6 -6 -3 -2
right_child=1 4 3 -5 5 -7 -8 -9
leaf_value=0.015693972195972294 0.011353702065503282 -0.0079571499909997911 -0.02427395089024573 0 0.0051424381859345048 -0.011773416445464391 0.0077478147767679455 -0.0098643375587201074
leaf_weight=11.95127812027931 6.8296248465776426 9.9026075899600965 15.643179044127466 8.599235385656355 10.265592396259306 25.132636435329914 35.162130564451218 7.2574373781681061
leaf_count=55 32 45 75 42 47 121 163 33
internal_value=-0.00185245 -0.00397254 -0.0103323 -0.0162191 -0.000583951 -0.00645402 0.00378658 0
internal_weight=130.744 118.792 38.3295 24.2424 80.463 35.3982 45.0647 14.0871
internal_count=613 558 182 117 376 168 208 65
is_linear=0
shrinkage=0.03


Tree=160
num_leaves=9
num_cat=0
split_feature=34 34 37 37 22 6 28 4
split_gain=3.26682 2.51589 3.42187 3.48809 2.34842 2.30211 3.66547 1.97377
threshold=0.031812240001508292 0.018868269770030869 0.05134275875783368 0.040539001842663465 0.12925181020974355 -0.0046612348547794063 7.5000000000000009 0.028783494073958086
decision_type=2 2 2 2 2 2 2 2
left_child=1 2 3 -1 -2 -3 -7 -4
right_child=4 5 7 -5 -6 6 -8 -9
leaf_value=0.00088607329265912938 -0.016459034871031349 -0.001300858468591206 -0.02170902016301814 0.01950326244878035 0.001627403345940352 0.027120064818178729 0 0
leaf_weight=71.987542167305946 12.256667278707029 6.4142133593559292 6.3362938910722715 8.7896446138620359 8.7435199171304685 10.19246254861355 7.0697372555732718 6.7588785439729691
leaf_count=336 59 31 32 40 39 46 33 31
internal_value=0.00140924 0.00347335 0.000998635 0.00351536 -0.0087898 0.0118589 0.0171548 -0.0119409
internal_weight=138.549 117.549 93.8724 80.7772 21.0002 23.6764 17.2622 13.0952
internal_count=647 549 439 376 98 110 79 63
is_linear=0
shrinkage=0.03


Tree=161
num_leaves=7
num_cat=0
split_feature=34 7 32 4 21 22
split_gain=3.09475 2.90738 2.74695 3.0546 2.68718 2.24384
threshold=0.031812240001508292 0.055379955436453972 -0.0083327703633918598 -0.03783648343908929 0.018580574183559382 0.12925181020974355
decision_type=2 2 2 2 2 2
left_child=1 2 4 -4 -1 -2
right_child=5 -3 3 -5 -6 -7
leaf_value=-0.015608805118136506 -0.016073031741302587 -0.01290968403813543 0.021880048115851099 0.0044832926299908822 0.0054952966608983449 0.0015875451054341403
leaf_weight=9.0385975837707537 12.223032861948015 6.7938422560691825 9.3512600734829885 84.500296972692013 7.8096724078059188 8.7443548291921598
leaf_count=41 59 29 46 396 37 39
internal_value=0.00137194 0.00338306 0.00472743 0.00679355 -0.0054855 -0.00855779
internal_weight=138.461 117.494 110.7 93.8516 16.8483 20.9674
internal_count=647 549 520 442 78 98
is_linear=0
shrinkage=0.03


Tree=162
num_leaves=7
num_cat=0
split_feature=34 7 23 40 40 1
split_gain=2.9264 2.77134 3.84764 4.48604 4.0176 2.05328
threshold=0.031812240001508292 0.055379955436453972 1.13933370224596 0.069433268222667502 0.025781435332291717 -0.0035943727787972608
decision_type=2 2 2 2 2 2
left_child=1 2 3 -1 -4 -2
right_child=5 -3 4 -5 -6 -7
leaf_value=0.0038758906506913488 0.00066753430543784137 -0.012612902420875875 0.0026986393883073299 -0.015747959290733023 0.025786929756414684 -0.016062526771077775
leaf_weight=70.992882631719112 9.6215161830186862 6.7921746522188178 17.588715158402923 10.143670156598089 11.910127505660055 11.31288895010948
leaf_count=336 44 29 80 52 52 54
internal_value=0.00132701 0.00328519 0.00460101 0.000922271 0.0135422 -0.00833163
internal_weight=138.362 117.428 110.635 81.1366 29.4988 20.9344
internal_count=647 549 520 388 132 98
is_linear=0
shrinkage=0.03


Tree=163
num_leaves=8
num_cat=0
split_feature=34 34 23 40 36 26 23
split_gain=2.7696 2.41376 3.66721 2.92953 5.032 2.1718 1.21838
threshold=0.031812240001508292 0.018868269770030869 0.88077839479819064 0.068238128596435424 0.0048054974366338737 0.23845060412224592 1.1972941201020431
decision_type=2 2 2 2 2 2 2
left_child=1 3 -3 4 -1 -2 -4
right_child=5 2 6 -5 -6 -7 -8
leaf_value=0.016054977888818042 -0.015272989740476988 -0.0044016943631736321 0.024934116863902855 -0.012441146029367026 -0.00091581645532698018 0.002206202639304568 0.0039490473752813249
leaf_weight=18.143684022128582 12.631842851638796 7.0041695833206203 9.9314486384391802 10.751185640692709 64.804120928049088 8.2620172500610334 6.7014344632625571
leaf_count=84 57 34 46 53 302 41 30
internal_value=0.00128349 0.00319112 0.0113987 0.000768939 0.00291033 -0.00811711 0.0186156
internal_weight=138.23 117.336 23.6371 93.699 82.9478 20.8939 16.6329
internal_count=647 549 110 439 386 98 76
is_linear=0
shrinkage=0.03


Tree=164
num_leaves=8
num_cat=0
split_feature=32 21 16 13 11 4 40
split_gain=2.84611 4.30267 3.13164 2.19858 2.18573 1.94837 4.40565
threshold=-0.0084888355048016156 0.018580574183559382 2.5158410827561233 6.9401745498704779 0.068652282815690482 0.08011067281986485 0.04303580383656281
decision_type=2 2 2 2 2 2 2
left_child=1 -1 3 4 -2 6 -4
right_child=2 -3 5 -5 -6 -7 -8
leaf_value=-0.019888019608323999 0.010819313324880954 0.0055551665360784241 0.0014765725393411195 -0.0040116646095687131 -0.0021631327805341711 0.004591275624012744 -0.022297965415702177
leaf_weight=11.036896228790285 58.487657994031906 8.4867044761776906 13.896221950650217 12.361973315477369 11.467681631445883 12.441552281379698 9.9498644396662694
leaf_count=51 274 40 63 58 53 54 54
internal_value=0.00124874 -0.00864273 0.00311767 0.00637695 0.00848169 -0.00383102 -0.0088209
internal_weight=138.129 19.5236 118.605 82.3173 69.9553 36.2876 23.8461
internal_count=647 91 556 385 327 171 117
is_linear=0
shrinkage=0.03


Tree=165
num_leaves=12
num_cat=0
split_feature=34 35 16 21 28 16 35 15 23 36 27
split_gain=4.55898 6.81838 3.41762 3.57778 4.6263 4.60904 3.411 2.99548 2.87022 2.33234 1.18468
threshold=0.0019374159936879078 0.015237241563145877 -2.5273084332192322 0.016241424299752023 9.5000000000000018 -0.3676369043771634 -0.03204124251137596 3.6383401737873373 0.98104194571945225 0.0066233793275400849 1.5000000000000002
decision_type=2 2 2 2 2 2 2 2 2 2 2
left_child=1 6 7 5 -5 -4 8 -2 -1 -8 -3
right_child=2 10 3 4 -6 -7 9 -9 -10 -11 -12
leaf_value=0.017639357164071261 0 0.0057121986791048452 0.0091729651086048629 0.016475766162647731 -0.0058808346880444996 -0.013325946404687351 0 -0.027901983320800391 -0.0020762912468352606 -0.019483334764286521 0.026870157172504464
leaf_weight=9.6564091145992297 5.7572009786963445 7.1321699321270016 8.8064618557691556 15.747075587511064 12.941278249025343 28.39968453347683 8.6907784417271632 7.3952988535165787 11.988984040915964 8.7326234728097898 10.944613166153429
leaf_count=45 29 31 41 70 63 135 43 36 56 42 51
internal_value=0 0.00643657 -0.00451576 -0.00127327 0.00617594 -0.00742173 -0.000469796 -0.0174586 0.00683289 -0.0100837 0.0206701
internal_weight=136.193 57.1456 79.047 65.8945 28.6884 37.2061 39.0688 13.1525 21.6454 17.4234 18.0768
internal_count=642 268 374 309 133 176 186 65 101 85 82
is_linear=0
shrinkage=0.03


Tree=166
num_leaves=10
num_cat=0
split_feature=25 26 1 2 25 28 19 26 19
split_gain=2.80106 4.12859 3.924 5.07885 2.78349 3.41186 2.514 1.73606 0.755623
threshold=0.017862838915470497 0.35160160160160164 -0.0037905478254225407 0.0073690398885603034 0.52369007803790424 1.5000000000000002 0.10625786685429735 0.33981132075471704 0.098098275389883666
decision_type=2 2 2 2 2 2 2 2 2
left_child=7 4 8 -4 5 -2 -6 -1 -3
right_child=1 2 3 -5 6 -7 -8 -9 -10
leaf_value=0.01799974554624767 0.0088710346930986703 0.025052085423036132 -0.017425694233185712 0.0098640049123655833 -0.0052063297938680017 -0.010205493928097642 0.016923249412611946 0 0.0062518753647932673
leaf_weight=9.6854535639286059 7.3052292019128791 6.5552361682057372 8.7030689567327517 12.061802960932253 6.6335101723670942 62.325498059391975 6.9725384712219238 7.1739305555820456 8.5153824836015684
leaf_count=42 33 31 42 56 31 301 33 34 39
internal_value=8.95274e-08 -0.00156738 0.00653526 -0.00144094 -0.00530324 -0.00780289 0.00588846 0.0108582 0.0172851
internal_weight=135.932 119.072 35.8355 20.7649 83.2368 69.6307 13.606 16.8594 15.0706
internal_count=642 566 168 98 398 334 64 76 70
is_linear=0
shrinkage=0.03


Tree=167
num_leaves=10
num_cat=0
split_feature=34 35 38 36 35 38 28 35 32
split_gain=4.32885 6.49423 4.00887 6.97348 3.23387 2.78567 2.72845 2.18706 1.32796
threshold=0.0019374159936879078 0.015237241563145877 0.0067703780903215806 0.0069202829666989612 -0.03204124251137596 0.0078394090411751955 7.5000000000000009 0.037607981997207725 0.0039219398588385976
decision_type=2 2 2 2 2 2 2 2 2
left_child=1 4 -2 7 6 -6 -1 -4 -3
right_child=2 8 3 -5 5 -7 -8 -9 -10
leaf_value=0.016459341702152738 0.01075412998312119 0.027579449520527832 -0.0096385712316400061 -0.028497821163161133 0.0041467295988743529 -0.017781368874721634 -0.0026784475076403681 0.001683482186185745 0.006290976643068328
leaf_weight=10.605984911322595 10.845013551414011 9.8041390776634234 22.440955467522144 9.7413495332002622 5.9785716831684139 11.394490867853163 11.003718137741087 35.771505743265152 8.2059574574232084
leaf_count=50 50 45 105 50 30 55 51 169 37
internal_value=2.81001e-05 0.00631138 -0.0043745 -0.00724179 -0.000425324 -0.00981194 0.00667761 -0.00260724 0.0202276
internal_weight=135.792 56.9929 78.7988 67.9538 38.9828 17.3731 21.6097 58.2125 18.0101
internal_count=642 268 374 324 186 85 101 274 82
is_linear=0
shrinkage=0.03


Tree=168
num_leaves=10
num_cat=0
split_feature=34 35 38 35 14 1 32 38 32
split_gain=4.12359 6.20183 3.81308 3.06039 2.76268 3.65345 2.66596 2.664 1.2611
threshold=0.0019374159936879078 0.015237241563145877 0.0067703780903215806 -0.03204124251137596 -4.1864729730527861 0.0079801409231831117 0.0028584595829354025 0.0078394090411751955 0.0039219398588385976
decision_type=2 2 2 2 2 2 2 2 2
left_child=1 3 -2 6 -4 -6 -1 -5 -3
right_child=2 8 4 7 5 -7 -8 -9 -10
leaf_value=-0.001651328132582598 0.010469011062076221 0.026997730705331197 0.0054886344802856585 0.0040526433914877154 -0.015974389507597091 -0.00020732837847604286 0.017445543122072301 -0.017368567815744959 0.0061404552724828093
leaf_weight=12.566273272037508 10.86039277166128 9.7587103620171565 10.431670568883417 5.9802562147378948 32.826817736029625 24.59197373688221 9.0264147222042066 11.36335579305887 8.2039546221494657
leaf_count=59 50 45 51 30 159 114 42 55 37
internal_value=3.40119e-05 0.00617434 -0.0042619 -0.00040192 -0.00706678 -0.00970822 0.00649812 -0.00955154 0.0197927
internal_weight=135.61 56.899 78.7109 38.9363 67.8505 57.4188 21.5927 17.3436 17.9627
internal_count=642 268 374 186 324 273 101 85 82
is_linear=0
shrinkage=0.03


Tree=169
num_leaves=11
num_cat=0
split_feature=21 38 15 13 13 21 38 1 3 7
split_gain=2.78259 4.35357 3.94423 3.77158 3.95101 3.41305 2.52067 1.93736 1.32777 0.475504
threshold=0.017699969459517042 0.012341781549661974 18.806501591307946 -2.5278262264891498 0.64983219906921985 0.011707853814244355 0.011869100575151845 -0.0043352830963354618 0.00094452517070953157 0.022606661764163743
decision_type=2 2 2 2 2 2 2 2 2 2
left_child=1 3 6 5 -5 -1 9 -8 -4 -2
right_child=2 -3 8 4 -6 -7 7 -9 -10 -11
leaf_value=0.020130744393334375 0.028153425490556373 -0.020903744224333713 0.0016616203803280234 -0.016565477876274749 8.4394018314780294e-05 0 0.013088368674938308 -0.0045860734057036733 -0.014102389109330381 0.0080859855898945468
leaf_weight=10.344458669424059 6.4192545413970965 8.6652867719531042 6.677765488624571 16.319856621325016 36.948419399559498 18.552560843527317 7.6120411977171925 10.059056870639322 6.8016756922006607 7.0491142570972443
leaf_count=49 31 43 30 78 177 88 36 48 32 30
internal_value=5.17278e-05 -0.00284269 0.00613482 -0.000308253 -0.00516011 0.00790516 0.0119406 0.00282151 -0.00611815 0.0210237
internal_weight=135.449 90.8306 44.6189 82.1653 53.2683 28.897 31.1395 17.6711 13.4794 13.4684
internal_count=642 435 207 392 255 137 145 84 62 61
is_linear=0
shrinkage=0.03


Tree=170
num_leaves=8
num_cat=0
split_feature=6 33 13 5 28 15 14
split_gain=1.64045 4.39129 5.09488 2.69966 2.44083 2.78538 3.28187
threshold=-0.0073895060331626338 0.55294143204727153 -1.010020643062006 -0.010212359978346129 1.5000000000000002 23.421107557565961 10.089492016959243
decision_type=2 2 2 2 2 2 2
left_child=1 2 3 -1 -2 6 -6
right_child=4 -3 -4 -5 5 -7 -8
leaf_value=0 0.010845021395473423 0.020351280137794088 0.014236990470983889 -0.023742277835538464 -0.0063180398094264323 -0.017203984830683066 0.0058674996397712906
leaf_weight=9.6146517992019671 9.0447024405002576 9.828932508826254 9.1223836839199084 6.5212994664907447 49.752250500023365 10.483324743807314 29.542534701526165
leaf_count=43 43 45 44 31 237 50 138
internal_value=-0.000112435 0.00516616 -0.00125228 -0.0114405 -0.00220069 -0.00388611 -0.00156095
internal_weight=133.91 35.0873 25.2583 16.136 98.8228 89.7781 79.2948
internal_count=631 163 118 74 468 425 375
is_linear=0
shrinkage=0.03


Tree=171
num_leaves=9
num_cat=0
split_feature=7 23 34 13 6 26 40 36
split_gain=2.22721 3.33664 3.50797 2.98852 2.90045 2.56029 2.53063 1.88281
threshold=0.03246228539781177 0.86875858632068481 -0.028949107309786056 6.9401745498704779 0.0231728886402922 0.24258936355710553 0.00059720521097250689 0.0054101259058263402
decision_type=2 2 2 2 2 2 2 2
left_child=1 5 -3 -4 -2 7 -7 -1
right_child=4 2 3 -5 -6 6 -8 -9
leaf_value=0.011901994985808908 -0.019757950503490183 -0.009415473125057066 0.0107023964064102 -0.0071712946112043631 0.00010363888821682835 0.00065408002837388259 -0.019530725267132107 -0.0046801468684651067
leaf_weight=8.1618153378367442 9.1387639790773409 9.6287065297365171 54.95205806940794 7.4022114425897589 12.700883612036703 6.6116400063037899 12.666828282177446 12.535379864275454
leaf_count=39 43 44 255 35 55 32 66 62
internal_value=-0.000101995 0.00153305 0.0054419 0.00819056 -0.00853853 -0.00507206 -0.0124925 0.00167061
internal_weight=133.798 111.959 71.983 62.3543 21.8396 39.9757 19.2785 20.6972
internal_count=631 533 334 290 98 199 98 101
is_linear=0
shrinkage=0.03


Tree=172
num_leaves=8
num_cat=0
split_feature=7 4 4 40 40 14 28
split_gain=2.10564 3.15967 3.04202 3.90034 2.57598 2.50347 2.44052
threshold=0.03246228539781177 0.08011067281986485 0.027762388184336299 0.068238128596435424 0.015825489144768338 10.529275784335995 4.5000000000000009
decision_type=2 2 2 2 2 2 2
left_child=2 -2 3 6 -4 -6 -1
right_child=1 -3 4 -5 5 -7 -8
leaf_value=0.0087806609371144616 -0.018251314193984122 0.0023412609208908726 -0.0018940689147720644 -0.018917747771681773 -0.00026507078071881843 0.019943898629001089 -0.0027903912130232264
leaf_weight=21.791099339723587 11.28585994243622 10.512031495571135 10.537788763642309 8.2729844972491247 5.7710403278470066 16.372868679463863 49.134275481104851
leaf_count=103 53 45 48 44 30 74 234
internal_value=-0.000115685 -0.00832807 0.0014708 -0.00157792 0.00895629 0.0144702 0.00070232
internal_weight=133.678 21.7979 111.88 79.1984 32.6817 22.1439 70.9254
internal_count=631 98 533 381 152 104 337
is_linear=0
shrinkage=0.03


Tree=173
num_leaves=11
num_cat=0
split_feature=23 7 21 21 2 40 40 12 7 25
split_gain=2.04883 2.89792 5.00181 3.68329 3.04177 3.03691 2.02008 3.79038 2.19424 1.35454
threshold=0.86875858632068481 0.03246228539781177 0.016295121034735471 0.012331974026476244 0.037126739277711159 0.038435842747146183 0.00059720521097250689 63.685824625170383 -0.006101569860320637 0.23582887700534763
decision_type=2 2 2 2 2 2 2 2 2 2
left_child=6 2 3 -2 -3 -4 9 8 -8 -1
right_child=1 4 5 -5 -6 -7 7 -9 -10 -11
leaf_value=0.011202559079517373 0.0074018873997603683 -0.018985987970495617 0.0056622345092730494 -0.0086305196364653246 0.0024458458747314326 0.029177483367726888 -0.0026051986702579914 0.0043254440197949594 -0.025216280197250484 -0.0046604241729074633
leaf_weight=7.0630867630243284 23.64916106313467 8.4943057149648684 16.445260517299179 23.717897027730942 10.550318792462347 8.1238241866230947 8.5993563160300273 8.8861402571201307 10.838442742824556 7.1824599802494049
leaf_count=35 112 39 76 108 46 38 45 42 57 33
internal_value=-0.000120651 0.00230342 0.00517639 -0.000346519 -0.00729633 0.0156132 -0.00550889 -0.0100338 -0.017089 0.00269216
internal_weight=133.55 90.9808 71.9361 47.3671 19.0446 24.5691 42.5695 28.3239 19.4378 14.2455
internal_count=631 419 334 220 85 114 212 144 102 68
is_linear=0
shrinkage=0.03


Tree=174
num_leaves=10
num_cat=0
split_feature=22 22 28 35 24 35 0 19 0
split_gain=1.80121 3.22828 3.68866 2.84259 3.72904 5.01757 2.49308 2.34255 0.503683
threshold=-0.17995842003065357 -0.33509475739374173 8.5000000000000018 -0.073896169488852623 -0.17492860057119539 -0.0098409722541758487 0.005743472933753214 0.093068345271227371 -0.0063065915432382593
decision_type=2 2 2 2 2 2 2 2 2
left_child=1 2 -1 -2 5 -5 8 -6 -3
right_child=3 6 -4 4 7 -7 -8 -9 -10
leaf_value=0.0071294960553500873 0.013634255850813015 0.0064440579677514792 -0.018619637026857271 -0.013400293967909829 -0.0011770191859513163 0.0092093193706167878 0 -0.01483771311021371 0.02631025557514281
leaf_weight=8.8344682753086072 6.7929523438215247 6.1962100192904455 6.8424712717533103 10.11298595368862 22.817002899944782 28.911385133862495 8.0781887397170049 28.092054978013039 6.7200998514890706
leaf_count=43 32 30 32 48 107 136 40 131 32
internal_value=-0.000110696 0.00526173 -0.00409569 -0.00236479 -0.00400673 0.00261687 0.0126499 -0.00927454 0.0199275
internal_weight=133.398 36.6714 15.6769 96.7264 89.9334 39.0244 20.9945 50.9091 12.9163
internal_count=631 177 75 454 422 184 102 238 62
is_linear=0
shrinkage=0.03


Tree=175
num_leaves=12
num_cat=0
split_feature=11 21 21 11 38 32 38 21 10 23 1
split_gain=2.67843 3.47104 4.29361 4.1082 3.08761 2.92375 2.47106 3.32451 1.74876 0.319477 0.180241
threshold=0.052873591149294137 0.017656658183317114 0.01284754831361655 -0.010745092903348961 0.0076924031309837547 -0.0011045807929764282 0.0077870940183583119 0.018902076353221976 0.018830187309587635 0.83675911757739652 -0.0016351451162113782
decision_type=2 2 2 2 2 2 2 2 2 2 2
left_child=1 2 5 9 -4 -1 -2 8 -8 -3 -5
right_child=6 3 4 10 -6 -7 7 -9 -10 -11 -12
leaf_value=-0.0033002988003024147 -0.018811296277728231 -0.0053019014674426284 0.0084971204387952071 0.028383857194990276 -0.011746701103190595 0.012724513189794959 -0.002745169181593917 -0.014162392983725651 0.014262100302308808 0.0027803722657889132 0.011045922766682661
leaf_weight=13.564381763339041 7.7949994951486579 5.8690696433186549 6.2707863003015509 6.4553084373474166 28.497369952499866 24.555025979876518 6.9441598206758561 8.6533104926347715 9.6276637613773328 6.6444396376609802 10.247747398912903
leaf_count=65 36 29 28 31 140 116 33 41 43 31 45
internal_value=0.00107429 0.0035653 0 0.0119358 -0.00742397 0.00676811 -0.00596375 -0.00035242 0.00679964 -0.000185088 0.0208673
internal_weight=135.124 102.104 72.8876 29.2166 34.7682 38.1194 33.0201 25.2251 16.5718 12.5135 16.7031
internal_count=638 485 349 136 168 181 153 117 76 60 76
is_linear=0
shrinkage=0.03


Tree=176
num_leaves=7
num_cat=0
split_feature=19 18 16 6 12 3
split_gain=2.17222 3.10215 4.55413 4.39625 2.75164 2.08239
threshold=0.058751018058597233 0.1043218367824852 2.9258480981348849 0.0231728886402922 67.836897633304844 -0.001458888864960983
decision_type=2 2 2 2 2 2
left_child=5 -2 4 -4 -3 -1
right_child=1 2 3 -5 -6 -7
leaf_value=0.0022030896041784192 -0.011193354250463214 0.0050848583136933537 -0.011146452583248869 0.011272319171296693 0.020362555330481036 -0.015951970907899533
leaf_weight=7.5434930771589306 10.592159345746039 60.297550715506077 24.256831936538219 8.8634199500083906 13.274205468595026 10.155675023794172
leaf_count=34 49 285 121 38 60 51
internal_value=0.00104941 0.00265444 0.0043479 -0.00441952 0.00850577 -0.00801464
internal_weight=134.983 117.284 106.692 33.1203 73.5718 17.6992
internal_count=638 553 504 159 345 85
is_linear=0
shrinkage=0.03


Tree=177
num_leaves=9
num_cat=0
split_feature=11 36 17 6 32 40 20 20
split_gain=2.60142 4.17492 3.54395 3.07447 2.1499 1.57747 1.73309 1.4743
threshold=0.052873591149294137 0.0075713970907196277 -1.5736924675616188 -0.0061921883234336223 -0.0011045807929764282 0.056446742234636312 0.019337461681409786 0.019380813446349131
decision_type=2 2 2 2 2 2 2 2
left_child=2 5 -1 7 -5 6 -2 -4
right_child=1 -3 3 4 -6 -7 -8 -9
leaf_value=-0.012717639089691904 0.015771004505236729 -0.02196380203707202 0.0031984278651387894 -0.0055235629172681634 0.0053740530010374377 -0.008231213286578578 -0.0014679162124924784 0.022326945106929869
leaf_weight=8.5682292580604535 6.9143687188625362 8.3281907290220243 9.0764630287885684 20.164761282503605 53.279418088495731 8.9210441708564741 8.7839968204498273 10.799741789698599
leaf_count=40 31 41 41 99 251 41 40 54
internal_value=0.00101924 -0.00592262 0.0034792 0.00535932 0.00211608 0.000182765 0.00620162 0.0153686
internal_weight=134.836 32.9476 101.889 93.3204 73.4442 24.6194 15.6984 19.8762
internal_count=638 153 485 445 350 112 71 95
is_linear=0
shrinkage=0.03


Tree=178
num_leaves=8
num_cat=0
split_feature=22 37 12 25 26 27 26
split_gain=2.56732 2.86078 4.25239 2.86909 2.69437 2.28524 2.57009
threshold=0.90615078865607923 0.026809888263622742 65.156023019331784 0.39525506376594149 0.41588050314465413 1.0000000180025095e-35 0.25574788583509517
decision_type=2 2 2 2 2 2 2
left_child=1 5 4 -4 -3 -1 -7
right_child=-2 2 3 -5 -6 6 -8
leaf_value=-0.0048561479772905617 -0.01440357575840167 -0.018652762406206252 -0.0008214399631784943 0.018455633613974412 0.0018827034937370641 0.014058630949844128 0.0012983340136922717
leaf_weight=11.577399626374243 6.9116714894771567 15.840614393353464 25.258507877588272 6.9162297621369353 6.1566605493426314 31.931646399199963 30.121398024260998
leaf_count=54 31 85 117 32 30 149 140
internal_value=0.00098151 0.00213822 -0.00285296 0.00372098 -0.0126023 0.00598705 0.00833273
internal_weight=134.714 127.802 54.172 32.1747 21.9973 73.6304 62.053
internal_count=638 607 264 149 115 343 289
is_linear=0
shrinkage=0.03


Tree=179
num_leaves=8
num_cat=0
split_feature=22 37 12 16 23 2 13
split_gain=2.44983 2.69622 4.04064 3.96264 2.82057 2.61184 2.7394
threshold=0.90615078865607923 0.026809888263622742 65.156023019331784 3.7902138549201987 1.0514708167221574 -0.043142628054579295 6.9401745498704779
decision_type=2 2 2 2 2 2 2
left_child=1 5 4 -4 -3 -1 -7
right_child=-2 2 3 -5 -6 6 -8
leaf_value=-0.0096368928187661289 -0.014084723115438822 -0.018961823359151225 0.012905642836111259 -0.006777380283194503 0.0016249281650575324 0.010029044804994263 -0.0066004208688171277
leaf_weight=6.3349697738885871 6.9015257507562628 15.050442613661291 17.516725771129131 14.661410100758074 6.8466575294733039 59.360502801835537 7.8788953870534888
leaf_count=28 31 83 79 70 32 279 36
internal_value=0.00094841 0.00208163 -0.00276374 0.00362674 -0.0122999 0.00582022 0.00772945
internal_weight=134.551 127.65 54.0752 32.1781 21.8971 73.5744 67.2394
internal_count=638 607 264 149 115 343 315
is_linear=0
shrinkage=0.03


Tree=180
num_leaves=9
num_cat=0
split_feature=13 13 2 3 3 32 4 12
split_gain=3.41387 7.05426 5.74541 5.26907 3.93269 2.2855 2.14599 1.4356
threshold=-2.5278262264891498 -1.273377894109984 -0.03223838211027668 0.00094452517070953157 0.018131137338613049 -0.0072708328637670619 0.028783494073958086 41.977396469229504
decision_type=2 2 2 2 2 2 2 2
left_child=2 -2 -1 7 -5 -4 -7 -3
right_child=1 3 5 4 -6 6 -8 -9
leaf_value=-0.015452007934861784 -0.024401250385198515 0.019223138150166255 0 -0.016670737666718626 0 0.021370109925994217 3.6940405800786944e-05 0.0038238437267277474
leaf_weight=6.2594847530126563 10.351967081427572 8.5370253175497073 9.6427778676152212 17.194032609462738 37.699038863182068 18.263183653354648 7.1910393312573424 21.636385850608349
leaf_count=28 50 43 48 81 174 91 34 106
internal_value=0 -0.00321316 0.00690417 0 -0.00561676 0.0119138 0.0163314 0.00957115
internal_weight=136.775 95.4184 41.3565 85.0665 54.8931 35.097 25.4542 30.1734
internal_count=655 454 201 404 255 173 125 149
is_linear=0
shrinkage=0.03


Tree=181
num_leaves=9
num_cat=0
split_feature=13 13 2 5 6 8 20 24
split_gain=3.22239 6.74483 5.47871 4.15308 3.30163 2.90921 2.07398 0.0806542
threshold=-2.5278262264891498 -1.273377894109984 -0.03223838211027668 0.02522672525267378 -0.011540471192381586 0.018344205986804765 0.024458779149250241 -0.43109896432681238
decision_type=2 2 2 2 2 2 2 2
left_child=2 -2 -1 7 -3 -5 -6 -4
right_child=1 4 3 5 6 -7 -8 -9
leaf_value=-0.015114837717694432 -0.023896832764378161 0.01818266852908677 0.0089409609384979733 -0.012057623568243239 0.00041286755198858654 0.0097379763311190096 -0.010869726399673528 0.02667207811051802
leaf_weight=6.2518727481365195 10.296425819396971 6.065619818866252 6.5140614360570899 6.7296292409300831 62.634930185973644 12.431956410408018 16.285593114793301 9.3922622278332693
leaf_count=28 50 30 31 35 294 61 80 46
internal_value=0 -0.00312764 0.0067067 0.0116073 0 0.000958315 -0.00194109 0.0220581
internal_weight=136.602 95.2826 41.3198 35.0679 84.9861 19.1616 78.9205 15.9063
internal_count=655 454 201 173 404 96 374 77
is_linear=0
shrinkage=0.03


Tree=182
num_leaves=9
num_cat=0
split_feature=13 13 17 6 4 14 20 31
split_gain=3.05613 6.45063 3.62998 3.16386 2.79165 2.55482 1.96721 1.31972
threshold=-2.5278262264891498 -1.273377894109984 0.043036352496411474 -0.011540471192381586 1.0000000180025095e-35 -1.1631675214506456 0.024458779149250241 -1.4999999999999998
decision_type=2 2 2 2 2 2 2 2
left_child=2 -2 4 -3 5 -1 -5 -6
right_child=1 3 -4 6 7 -7 -8 -9
leaf_value=0.0058226009128262085 -0.02340493108779898 0.01785688033327509 0.021655134238080399 0.00040086070341608694 0.018332019909740031 -0.015660491115895295 -0.010585071876934317 0.00044965896877184234
leaf_weight=5.8463461697101566 10.240330189466475 6.0280562490224829 8.8460042327642423 62.635579116642475 6.4158546328544643 9.9656784385442734 16.275774069130421 10.17148334532976
leaf_count=28 50 30 44 294 29 51 80 49
internal_value=0 -0.00304249 0.00654225 0 0.000960784 -0.0071133 -0.00188528 0.0094017
internal_weight=136.425 95.1797 41.2454 84.9394 32.3994 15.812 78.9114 16.5873
internal_count=655 454 201 404 157 79 374 78
is_linear=0
shrinkage=0.03


Tree=183
num_leaves=11
num_cat=0
split_feature=40 18 7 2 38 36 6 2 18 24
split_gain=2.40726 5.72146 4.15845 4.07322 2.77631 2.0452 2.20787 1.87118 0.98622 0.902539
threshold=0.056446742234636312 0.84292592965310575 0.0088694549046056947 -0.043142628054579295 0.010279455518241611 0.0048708526735336656 0.012709768086747989 -0.0042696515722122621 0.94559631034440261 0.32129032258064522
decision_type=2 2 2 2 2 2 2 2 2 2
left_child=2 7 3 -1 -5 9 -7 -2 -3 -4
right_child=1 8 5 4 -6 6 -8 -9 -10 -11
leaf_value=-0.011667460706188817 -0.0025508420242202007 -0.00078950598266130034 0.0094566074452941441 0.0037384068183691915 0.018098455767219464 0 -0.01678784176339267 -0.026498200323162885 0.012681663906544481 -0.002917162864702371
leaf_weight=6.9512612521648398 6.6495792791247359 6.330857686698435 7.9734257012605649 36.076141707599163 21.03321834653616 12.996952176094057 14.782758340239523 9.3255602493882197 6.8605346530675888 7.2689548581838608
leaf_count=31 35 29 39 179 102 60 67 47 33 33
internal_value=0 -0.00742404 0.00202827 0.00688415 0.00971436 -0.00485367 -0.00959708 -0.0187576 0.00597635 0.00303182
internal_weight=136.249 29.1665 107.083 64.0606 57.1094 43.0221 27.7797 15.9751 13.1914 15.2424
internal_count=655 144 511 312 281 199 127 82 62 72
is_linear=0
shrinkage=0.03


Tree=184
num_leaves=11
num_cat=0
split_feature=20 21 21 20 38 0 4 38 14 37
split_gain=2.25504 4.62204 3.85255 2.99539 3.06219 2.86135 2.85182 3.30885 2.29104 0.823126
threshold=0.024381820361906149 0.030549644404176585 0.013757479562302019 0.014457383797157296 0.0077377874997909112 -0.015202685043895823 0.027762388184336299 0.0088531095340254867 -1.006740483367025 0.016562147148228682
decision_type=2 2 2 2 2 2 2 2 2 2
left_child=2 5 3 -1 -5 -2 8 -8 -4 -7
right_child=1 -3 6 4 -6 9 7 -9 -10 -11
leaf_value=0.013886262756978296 0.0030729572721046438 0.010224169863386532 0.0015092706817832425 -0.012999789323687888 0.00052283346759879454 -0.0071972311848626262 -0.0117840620257137 0.010143362490120883 0.023745070261318977 -0.025382790846788635
leaf_weight=6.4073406755924216 5.2297325655818048 8.0117511153221113 8.4379659146070498 22.965045213699341 32.701455406844616 9.2727077156305331 8.7055658027529734 12.510059267282484 12.412257254123686 9.4131412580609304
leaf_count=31 24 38 42 111 158 42 40 55 58 56
internal_value=0 -0.00681607 0.0020666 -0.00249167 -0.00505315 -0.0134519 0.00894115 0.000259555 0.0163225 -0.0186519
internal_weight=136.067 31.9273 104.14 62.0738 55.6665 23.9156 42.0658 21.2156 20.8502 18.6858
internal_count=655 160 495 300 269 122 195 95 100 98
is_linear=0
shrinkage=0.03


Tree=185
num_leaves=11
num_cat=0
split_feature=15 9 25 35 26 26 9 2 4 15
split_gain=3.17659 3.46898 3.69476 3.40841 3.31615 4.90234 2.42296 2.22079 2.37089 0.281945
threshold=3.6383401737873373 0.0094114170383842056 0.052435192458758842 -0.0028213129801106236 0.27207792207792209 0.50362318840579723 0.079249255119871173 0.021296397957025984 -0.019007884400413896 -2.3132882818599954
decision_type=2 2 2 2 2 2 2 2 2 2
left_child=4 -2 6 -4 7 9 -3 8 -1 -6
right_child=1 2 3 -5 5 -7 -8 -9 -10 -11
leaf_value=0.0017683619721446111 -0.023686665589854099 0.019332227587615738 -0.01657464946963428 -0.00074529015922553371 -0.019255399810207574 0.013107737917705878 -0.00092752388899412298 0 0.024758189743421314 -0.0038987237492430419
leaf_weight=8.3536384254694021 5.4941301494836798 8.5314614474773425 15.783925160765646 47.270713150501251 6.5494940280914316 7.3977938815951338 7.7482944577932349 9.9696774333715421 11.625917673110962 6.15151470899582
leaf_count=40 26 39 77 220 30 36 37 46 59 31
internal_value=-0.000358568 -0.00396689 -0.00186795 -0.00532604 0.00538656 -0.00331333 0.00982261 0.0115364 0.0168639 -0.0143803
internal_weight=134.877 84.8285 79.3344 63.0546 50.048 20.0988 16.2798 29.9492 19.9796 12.701
internal_count=641 399 373 297 242 97 76 145 99 61
is_linear=0
shrinkage=0.03


Tree=186
num_leaves=8
num_cat=0
split_feature=24 17 28 26 1 26 17
split_gain=2.69293 3.49667 2.71172 2.54236 3.06908 2.74323 0.208978
threshold=-0.75171232876712313 1.1320576779554166 4.5000000000000009 0.51818783068783081 0.00066726047935494759 0.26892967312128996 -0.69790638485357614
decision_type=2 2 2 2 2 2 2
left_child=6 3 -3 5 -5 -2 -1
right_child=1 2 -4 4 -6 -7 -8
leaf_value=0.002879564386802981 -0.0019337673438091735 0.019152259742800281 -0.00023602857501034077 0.015440987183663692 -0.0053345606013743344 -0.013703302717587773 0.015927431351084719
leaf_weight=6.5401098728179932 49.574136927723885 9.1701865419745463 11.923028811812399 9.7822050154209155 11.010903283953665 30.401719830930233 6.3177604526281339
leaf_count=30 239 42 55 46 51 148 30
internal_value=-0.000354748 -0.0019019 0.0084721 -0.00434199 0.00427855 -0.00681595 0.0115812
internal_weight=134.72 121.862 21.0932 100.769 20.7931 79.9759 12.8579
internal_count=641 581 97 484 97 387 60
is_linear=0
shrinkage=0.03


Tree=187
num_leaves=11
num_cat=0
split_feature=11 4 23 4 40 12 10 34 34 26
split_gain=2.43466 4.94578 3.10494 2.80077 3.71454 4.38978 2.96594 2.8922 2.10834 1.82102
threshold=0.0021499408597129848 0.028310108556128814 0.77901853588096459 -0.022167031600573091 0.02392553839637768 57.632050205478592 -0.0027649870127591787 -0.0019642055284313504 -0.016595833261163814 0.23145604395604399
decision_type=2 2 2 2 2 2 2 2 2 2
left_child=1 2 -1 7 6 -6 -5 -2 -4 -3
right_child=3 9 8 4 5 -7 -8 -9 -10 -11
leaf_value=-0.017678786084411684 0.019027234455190639 0.028999786905015774 -0.0056145751012872556 -0.025356228170933186 0.017512284317319479 -0.0040665086493148692 -0.0053918023429283292 -0.0028598677199690886 0.013955171052154651 0.00337450468582432
leaf_weight=6.2225076183676746 7.822554454207423 6.6542750746011716 6.7876954451203337 9.5929786711931211 8.6979406997561437 38.579601056873798 26.621759057044983 9.0443904623389226 8.1119552403688413 6.4736534357070923
leaf_count=33 38 30 31 46 42 182 124 44 40 31
internal_value=-0.000326925 0.00623385 -0.00231765 -0.00279055 -0.00515776 0.00014871 -0.012123 0.00743685 0.00454299 0.0194717
internal_weight=134.609 34.2501 21.1222 100.359 83.4923 47.2775 36.2147 16.8669 14.8997 13.1279
internal_count=641 165 104 476 394 224 170 82 71 61
is_linear=0
shrinkage=0.03


Tree=188
num_leaves=10
num_cat=0
split_feature=15 28 20 15 2 7 16 23 11
split_gain=2.93317 5.35684 4.29464 4.29442 3.75787 2.25349 4.88179 2.52422 1.27089
threshold=3.7566587736783785 6.5000000000000009 0.017188597436172095 5.1380683486461143 0.0071422336695343711 0.022834129308494589 -1.6445233307499494 1.1509241142342395 0.0049598695696458925
decision_type=2 2 2 2 2 2 2 2 2
left_child=1 8 -3 -2 -4 6 -5 -7 -1
right_child=3 2 4 5 -6 7 -8 -9 -10
leaf_value=0.024773118794553753 -0.022015352589133313 0.016378902983473637 0.00049858326516066961 -0.0081822433909850972 -0.020877519582459193 -0.01751166048596102 0.0095263594899489164 0.001088302690912045 0.0059737490826079357
leaf_weight=8.9268181994557398 8.4201834574341756 6.2154376208782187 15.842552632093431 21.612472720444202 9.9505811631679517 11.563804537057878 31.427115447819233 9.6061285287141782 10.956520676612852
leaf_count=42 41 29 78 108 47 57 143 41 55
internal_value=-0.000307748 0.00504803 -0.00223598 -0.00388826 -0.0081172 -0.00111086 0.00200284 -0.00905888 0.0165921
internal_weight=134.522 51.8919 32.0086 82.6297 25.7931 74.2095 53.0396 21.1699 19.8833
internal_count=641 251 154 390 125 349 251 98 97
is_linear=0
shrinkage=0.03


Tree=189
num_leaves=7
num_cat=0
split_feature=32 26 26 35 26 33
split_gain=2.73419 3.48065 3.07358 2.74396 2.69906 1.8443
threshold=0.011802858936161511 0.033908045977011504 0.51818783068783081 0.018663463135334072 0.26892967312128996 0.64857530888734327
decision_type=2 2 2 2 2 2
left_child=1 -1 4 -2 -3 -4
right_child=3 2 5 -5 -6 -7
leaf_value=0.012309725092272586 -0.0005007860629171895 -0.0020327057107358331 0.014701902301210063 0.020760658042062084 -0.013436963635000562 -0.0013331423302950906
leaf_weight=11.101160332560537 8.7133000865578669 55.306046776473522 9.0328153148293513 8.2659430801868421 30.523454196751118 11.342126265168188
leaf_count=52 43 266 43 37 148 52
internal_value=-0.000293885 -0.00207714 -0.00391931 0.0101565 -0.0064728 0.00578399
internal_weight=134.285 117.306 106.204 16.9792 85.8295 20.3749
internal_count=641 561 509 80 414 95
is_linear=0
shrinkage=0.03


Tree=190
num_leaves=11
num_cat=0
split_feature=28 15 35 11 22 20 35 15 19 4
split_gain=2.73265 5.94917 4.02041 3.37258 3.65858 3.11912 2.64817 2.95853 3.9569 2.22731
threshold=6.5000000000000009 3.1781555010688667 -0.0037483113032670819 0.0665087900946887 0.18127369220392445 0.023985830644875063 0.06899384704544477 14.373506231067887 0.090758301924214455 0.028310108556128814
decision_type=2 2 2 2 2 2 2 2 2 2
left_child=1 2 -1 4 -3 -5 7 9 -9 -2
right_child=6 3 -4 5 -6 -7 -8 8 -10 -11
leaf_value=0.031393294789016292 -0.016611696101483414 -0.014627800467677948 0.0021130181067271327 0.022040556629849894 0.0043739522807969946 -0.0022340407016251643 0.0076556737692024569 0.015161330916217873 -0.010022004130714591 0
leaf_weight=6.8768486604094532 31.043481729924679 23.838512659072876 11.002173401415346 5.7705233097076407 11.368700742721556 9.1150473430752736 8.1746381744742376 8.167083606123926 10.308902956545351 10.664499849081038
leaf_count=34 152 116 54 26 53 46 39 37 47 52
internal_value=-0.00195786 0.00211651 0.0161551 -0.00303404 -0.00818354 0.00778388 -0.00616736 -0.00847197 0.000770983 -0.0127576
internal_weight=136.33 67.9718 17.879 50.0928 35.2072 14.8856 68.3586 60.184 18.476 41.708
internal_count=656 329 88 241 169 72 327 288 84 204
is_linear=0
shrinkage=0.03


Tree=191
num_leaves=7
num_cat=0
split_feature=37 40 6 2 13 37
split_gain=2.55122 3.02139 2.78534 4.12797 2.57485 2.19338
threshold=-0.059395534036933643 -0.020207627171844097 -0.0075226857690804741 0.0012215962124311199 1.396247646982179 0.013197045947044074
decision_type=2 2 2 2 2 2
left_child=-1 4 5 -4 -2 -3
right_child=1 2 3 -5 -6 -7
leaf_value=0.015086525612198358 -0.01949312958006566 0.018106272638377465 -0.013932430842555247 0.00050350173025852276 0 0
leaf_weight=5.3271113187074652 14.084847964346411 9.068066708743574 21.647509917616844 64.773673377931118 8.1954824775457364 13.011884078383444
leaf_count=25 65 43 111 310 41 61
internal_value=-0.00187709 -0.00289787 -0.000599517 -0.00317624 -0.0125013 0.00828903
internal_weight=136.109 130.781 108.501 86.4212 22.2803 22.08
internal_count=656 631 525 421 106 104
is_linear=0
shrinkage=0.03


Tree=192
num_leaves=11
num_cat=0
split_feature=28 15 21 34 0 23 23 21 21 0
split_gain=2.57943 5.60515 5.14152 2.53682 2.32971 2.26056 3.90026 5.53635 1.90662 1.86854
threshold=6.5000000000000009 3.1781555010688667 0.013018796228482456 0.021364884549000877 0.010853972917908352 1.3082656581317813 0.99252598085496291 0.013471025763921445 0.015592417851527643 0.00036704501637074843
decision_type=2 2 2 2 2 2 2 2 2 2
left_child=1 4 9 -4 -1 6 7 -2 -8 -3
right_child=5 2 3 -5 -6 -7 8 -9 -10 -11
leaf_value=0.024052412147355522 0.010900981736314813 -0.0026329325918904778 -0.001927073131548788 0.014081413741773435 0.00053625397320733025 0.0073583383005065388 -0.020637035684558852 -0.012012857553966182 -0.00052014102099925128 -0.027900821971241059
leaf_weight=10.167484343051912 16.332307599484921 6.7449553310871107 26.63787630200386 10.37972719222307 7.6204234957694998 7.4496602043509474 19.577254004776481 17.505712553858757 7.3652067258954039 6.2108869105577469
leaf_count=53 78 31 127 50 35 35 90 91 33 33
internal_value=-0.00181366 0.00214786 -0.0028472 0.00266897 0.0158085 -0.00591067 -0.00795854 -0.000543534 -0.016072 -0.0178603
internal_weight=135.991 67.7614 49.9734 37.0176 17.7879 68.2301 60.7805 33.838 26.9425 12.9558
internal_count=656 329 241 177 88 327 292 169 123 64
is_linear=0
shrinkage=0.03


Tree=193
num_leaves=12
num_cat=0
split_feature=28 15 37 25 33 12 32 37 40 4 4
split_gain=2.4385 5.37125 4.04956 2.15435 2.13343 1.99499 1.91685 1.76279 3.90425 2.28248 1.21877
threshold=6.5000000000000009 3.1781555010688667 0.040539001842663465 0.11506935687263557 0.84373920829464699 61.027817042691971 0.0068854894276051412 0.018179489540224195 -0.018785568013769124 0.019922312368284237 0.02356011460345642
decision_type=2 2 2 2 2 2 2 2 2 2 2
left_child=1 6 5 10 -4 -3 -1 8 -5 -9 -2
right_child=3 2 4 7 -6 -7 -8 9 -10 -11 -12
leaf_value=0.02215597053387704 -0.0037134565589190894 -0.016649989502988235 0.013632448184915182 -0.015666748167748629 -0.0030525042328281922 0 0 -0.026836640983229507 0.00573512276572926 -0.0046434249044179981 0.009358453838097228
leaf_weight=11.152969397604467 11.862774483859541 15.914484687149526 12.472232319414617 11.017896026372911 9.8249104171991331 11.677330181002615 6.5576548874378195 8.0888866186141986 15.73442519456148 12.454164795577524 9.0082129240035993
leaf_count=58 56 79 60 52 47 55 30 44 73 61 41
internal_value=-0.00176605 0.00208715 -0.00279674 -0.00575157 0.00601702 -0.0103514 0.0154934 -0.00923226 -0.00303415 -0.0156531 0.0015977
internal_weight=135.766 67.5996 49.889 68.1664 22.2971 27.5918 17.7106 47.2954 26.7523 20.5431 20.871
internal_count=656 329 241 327 107 134 88 230 125 105 97
is_linear=0
shrinkage=0.03


Tree=194
num_leaves=11
num_cat=0
split_feature=28 15 35 37 35 15 19 23 4 33
split_gain=2.32751 5.13438 3.93556 3.84149 2.47675 2.78394 3.72954 2.36864 2.01186 1.56636
threshold=6.5000000000000009 3.1781555010688667 -0.0037483113032670819 0.040539001842663465 0.06899384704544477 14.373506231067887 0.090758301924214455 0.97548772900568947 0.028310108556128814 0.55294143204727153
decision_type=2 2 2 2 2 2 2 2 2 2
left_child=1 2 -1 9 5 8 -7 -5 -2 -3
right_child=4 3 -4 7 -6 6 -8 -9 -10 -11
leaf_value=0.030372771309836684 -0.015733122110606308 -0.017944117058231925 0.001415767694194524 -0.0047594103898099442 0.0077443760817756929 0.015044518713453494 -0.0093875288361966232 0.013142139301817001 0 -0.0023416660390206483
leaf_weight=6.7155704945325878 30.846921883523464 11.428013160824777 10.913614220917223 8.5411524847149867 8.1332635134458524 8.1314356327056903 10.328487455844877 13.763202235102652 10.640643015503882 16.117416709661484
leaf_count=34 152 56 54 45 39 37 47 62 52 78
internal_value=-0.00172634 0.00203821 0.0151814 -0.00272684 -0.00562333 -0.00787059 0.00106005 0.00584227 -0.0120552 -0.010099
internal_weight=135.56 67.479 17.6292 49.8498 68.0808 59.9475 18.4599 22.3044 41.4876 27.5454
internal_count=656 329 88 241 327 288 84 107 204 134
is_linear=0
shrinkage=0.03


Tree=195
num_leaves=13
num_cat=0
split_feature=14 7 15 38 2 24 13 40 5 15 20 13
split_gain=2.65882 6.65523 2.96211 3.68511 4.18531 2.76973 2.76969 2.21167 1.99816 1.74483 1.46079 0.24448
threshold=10.089492016959243 0.026596879979570841 2.1625050805257016 0.0096610149839982794 -0.011816534388331799 0.14048793859649125 -6.9557950544637235 0.0076099193446168565 -0.0054967683255756619 13.334185138707776 0.024381820361906149 1.0122974928976627
decision_type=2 2 2 2 2 2 2 2 2 2 2 2
left_child=2 6 3 8 -5 7 -2 -4 -1 -3 -8 -7
right_child=1 9 5 4 -6 11 10 -9 -10 -11 -12 -13
leaf_value=0.023527950571411584 -0.0032867175737971927 0.0019466763366137521 0.0068800318726476642 0.01139093129608219 -0.011641890660816768 -0.0069580422445809659 0.019201404665928883 -0.011142062123741314 0.0010589339801356152 -0.014744936938393032 0.0002778392451222877 -0.02498528039389622
leaf_weight=6.5098268017172805 5.9827345609664908 6.5186824500560787 10.412669375538828 8.0731076598167437 20.165625408291817 6.2660829126834852 25.102278746664528 9.6068900525569898 9.1043853983283025 11.599871300160883 6.2108007892966262 6.820101223886013
leaf_count=36 29 29 47 39 98 30 116 50 42 54 32 34
internal_value=0.000441728 0.00544289 -0.00301605 0.00182474 -0.00424316 -0.00959426 0.0126336 -0.00131361 0.012886 -0.00839753 0.0161403 -0.0194143
internal_weight=132.373 55.4144 76.9587 43.8529 28.2387 33.1057 37.2958 20.0196 15.6142 18.1186 31.3131 13.0862
internal_count=636 260 376 215 137 161 177 97 78 83 148 64
is_linear=0
shrinkage=0.03


Tree=196
num_leaves=10
num_cat=0
split_feature=40 39 28 6 20 20 28 34 33
split_gain=2.31779 4.34217 2.493 2.11747 3.88614 3.16838 1.91912 2.60169 1.27577
threshold=-0.01725763975552624 1.0000000180025095e-35 4.5000000000000009 0.0090347533146860875 0.015901355094671138 0.024458779149250241 9.5000000000000018 0.01529634996755991 0.48839475725451981
decision_type=2 2 2 2 2 2 2 2 2
left_child=1 -1 -3 4 -2 -6 7 -5 -4
right_child=3 2 8 6 5 -7 -8 -9 -10
leaf_value=0.0094133076119390247 -0.01093818219542694 0 -0.0053412327779775821 -0.0053967618065137299 0.013066387747997746 -0.0033627701985670206 -0.012752742345677028 0.012039060630383262 -0.027515907793198121
leaf_weight=9.2143504992127401 7.6685808375477782 9.8528016880154627 7.3385251015424711 16.472641132771972 42.184814341366291 11.214352063834665 9.7078960165381414 10.811704047024248 7.6742372512817383
leaf_count=45 39 47 35 76 204 60 46 50 34
internal_value=0.000425465 -0.00596762 -0.0125021 0.00287211 0.00629708 0.0093485 -0.00243021 0.0013505 -0.0194604
internal_weight=132.14 34.0799 24.8656 98.06 61.0677 53.3992 36.9922 27.2843 15.0128
internal_count=636 161 116 475 303 264 172 126 69
is_linear=0
shrinkage=0.03


Tree=197
num_leaves=11
num_cat=0
split_feature=14 7 41 35 28 26 3 12 40 38
split_gain=2.48294 6.20547 3.39204 3.5748 3.44553 2.97133 2.08822 1.91749 1.87164 1.4757
threshold=10.089492016959243 0.026596879979570841 1.0000000180025095e-35 0.031891721255214008 5.5000000000000009 0.26108936725375087 0.047891337939881658 51.227151806401785 -0.018785568013769124 0.0078394090411751955
decision_type=2 2 2 2 2 2 2 2 2 2
left_child=2 7 4 5 -1 -4 -3 -2 -5 -9
right_child=1 6 3 8 -6 -7 -8 9 -10 -11
leaf_value=0.019627426077726173 -0.0014119061392999454 -0.018252096203111079 -0.0023952963836100408 -0.010154648606153479 -0.002914477490673245 -0.022285914312547055 0 0.0024154185500280751 0.0060063003726855595 0.019084013153826788
leaf_weight=8.4477647691965121 5.5647017434239379 7.6313877105712917 15.240633480250837 6.9883318468928364 11.46288652718067 15.070161767303942 10.449642188847063 9.5268653631210345 19.51300261169672 22.141651310026646
leaf_count=42 28 36 77 33 55 76 47 44 93 105
internal_value=0.000384598 0.00522567 -0.00295918 -0.00678058 0.00688366 -0.0135162 -0.00813583 0.0121805 0.000804882 0.0149565
internal_weight=132.037 55.3142 76.7228 56.8121 19.9107 30.3108 18.081 37.2332 26.5013 31.6685
internal_count=636 260 376 279 97 153 83 177 126 149
is_linear=0
shrinkage=0.03


Tree=198
num_leaves=11
num_cat=0
split_feature=27 12 7 23 38 15 15 10 32 34
split_gain=2.44157 4.90268 5.77504 2.40052 2.37852 2.99431 3.30134 2.14006 1.79595 0.00575615
threshold=1.5000000000000002 50.978467976315386 0.025228459241613668 1.0338255647469479 0.012341781549661974 1.1412907967894117 11.000512036445906 0.021182956916859789 -0.0019833038822982259 0.00069351476217072172
decision_type=2 2 2 2 2 2 2 2 2 2
left_child=1 3 7 -1 5 9 -7 -3 -6 -2
right_child=4 2 -4 -5 8 6 -8 -9 -10 -11
leaf_value=-0.024087282358004856 0.02314933914806367 0.018453825529215637 -0.014487380290915189 0 0.0050975259873057505 -0.0054510182466719929 0.0089049012764613571 0 -0.012504429783016684 0.0069179433271602149
leaf_weight=11.040930204093458 6.6021230369806272 11.82953403145075 10.132446169853209 6.1736084148287764 5.8716793060302761 22.856550179421902 30.599821195006371 10.062027990818022 10.801636897027491 5.892689622938633
leaf_count=56 35 57 47 30 29 108 144 48 52 30
internal_value=0.00036165 -0.00468742 0.00197252 -0.0167732 0.00358747 0.00623299 0.00252099 0.0107938 -0.00562038 0.0185401
internal_weight=131.863 49.2385 32.024 17.2145 82.6245 65.9512 53.4564 21.8916 16.6733 12.4948
internal_count=636 238 152 86 398 317 252 105 81 65
is_linear=0
shrinkage=0.03


Tree=199
num_leaves=11
num_cat=0
split_feature=27 12 5 13 38 41 11 4 3 11
split_gain=2.33028 4.6728 3.77592 2.38177 2.25816 4.4559 2.41848 2.77282 2.06401 0.529378
threshold=1.5000000000000002 50.978467976315386 0.060847546949537874 -2.4547619822012154 0.012341781549661974 1.0000000180025095e-35 0.0021499408597129848 0.055392234656743373 0.025780965320212238 0.0077693671699539122
decision_type=2 2 2 2 2 2 2 2 2 2
left_child=1 3 9 -1 6 -6 -2 -8 -4 -3
right_child=4 2 8 -5 5 -7 7 -9 -10 -11
leaf_value=0 0.018906445495368775 0.0004730813006448644 0.0020696755704831958 -0.024330214811425385 0.0099419210534355505 -0.017774826809648234 0.0067305899580451852 -0.0082243515963156353 -0.017071777280067736 0.014880108932904023
leaf_weight=6.8364200517535236 9.5895835906267148 5.6913621276617112 7.168889254331587 10.329669006168841 7.0347984507679948 9.6244760006666183 44.134491555392742 12.142806723713873 7.915367878973484 11.213756166398523
leaf_count=35 46 29 34 51 33 48 214 57 36 53
internal_value=0.000352708 -0.00458141 0.00191132 -0.0164003 0.00350797 -0.00545572 0.00609008 0.0030749 -0.00791936 0.0113864
internal_weight=131.682 49.1555 31.9894 17.1661 82.5262 16.6593 65.8669 56.2773 15.0843 16.9051
internal_count=636 238 152 86 398 81 317 271 70 82
is_linear=0
shrinkage=0.03


Tree=200
num_leaves=9
num_cat=0
split_feature=1 35 32 21 25 25 25 0
split_gain=2.37198 4.86825 3.44875 4.67291 3.07739 2.88028 5.22347 2.45281
threshold=0.0035028541774778659 0.053387747164957096 -0.0083327703633918598 0.018580574183559382 0.017862838915470497 0.021507863089731735 0.24885321100917435 0.00081103480937716476
decision_type=2 2 2 2 2 2 2 2
left_child=2 4 3 -1 -2 -4 -7 -6
right_child=1 -3 5 -5 7 6 -8 -9
leaf_value=-0.020171783558148262 0.0082443967733268776 0.014226222187185703 -0.0077209636950205697 0.0090748411299740022 0.00092449082324130426 0.020677247042435516 0 -0.013808656089771854
leaf_weight=8.261623300611971 7.6703952401876441 9.7855437919497472 5.8453845456242552 6.9752070009708396 11.271667852997778 23.501324631273746 21.397120036184788 34.106753170490265
leaf_count=39 36 45 28 33 56 117 107 166
internal_value=0.00098818 -0.0029911 0.00497487 -0.0064134 -0.00684101 0.00879233 0.0114996 -0.00994791
internal_weight=128.815 62.8344 65.9807 15.2368 53.0488 50.7438 44.8984 45.3784
internal_count=627 303 324 72 258 252 224 222
is_linear=0
shrinkage=0.03


Tree=201
num_leaves=8
num_cat=0
split_feature=11 36 7 36 7 32 34
split_gain=2.72366 4.99718 3.87523 5.38183 3.16445 4.66312 3.93108
threshold=0.057064279415807613 0.0092023365403906474 -0.010457919891672262 0.0061335412762187442 0.014524082350087118 -0.0083327703633918598 0.0069419103431511706
decision_type=2 2 2 2 2 2 2
left_child=1 4 -2 -4 5 -1 -6
right_child=2 -3 3 -5 6 -7 -8
leaf_value=-0.0092878070799185027 0.0078237114918105789 0.026134497713872828 0 -0.031579447828557254 -0.016635215850092009 0.0099420965484949136 0.0023133500360620366
leaf_weight=12.289270162582396 8.4692791253328341 6.0774857699871054 12.306323327124121 7.119823344051837 14.371355175971983 47.038933008909225 20.991304829716682
leaf_count=58 40 31 57 35 69 236 101
internal_value=0.000971067 0.00337439 -0.00685381 -0.0140859 0.0012481 0.00554123 -0.00546412
internal_weight=128.664 100.768 27.8954 19.4261 94.6909 59.3282 35.3627
internal_count=627 495 132 92 464 294 170
is_linear=0
shrinkage=0.03


Tree=202
num_leaves=12
num_cat=0
split_feature=24 26 26 10 22 11 33 22 17 12 23
split_gain=3.14896 3.97871 4.15783 2.66436 2.57593 4.63892 4.40973 2.32638 1.28717 1.28176 0.897243
threshold=0.11550180917920398 0.35160160160160164 0.25574788583509517 0.03503068834133994 -0.052988435993191245 0.007040092872769633 0.82343866517524245 -0.041814694114337518 1.1648148176334077 49.870716510903428 0.93094611087953394
decision_type=2 2 2 2 2 2 2 2 2 2 2
left_child=1 2 7 10 6 -6 9 -1 -7 -2 -3
right_child=4 3 -4 -5 5 8 -8 -9 -10 -11 -12
leaf_value=0.012013895107575142 0.0015945566424967622 0.0067628316278326196 -0.017458858927753413 -0.00070155113497975927 0.0064444966315584063 -0.021158010988117332 -0.012349282439190911 -0.0020247360399574198 -0.0019404887581502719 0.020043917913447132 0.024876071201466621
leaf_weight=16.292340479791164 9.2518108338117653 8.9598104208707863 8.1771626472473127 6.5340688675642005 8.9243154078722018 15.883646205067636 8.6843449100851995 20.895103216171265 6.5473385304212561 7.0393408238887778 11.285486131906508
leaf_count=79 50 46 45 30 41 80 40 100 30 34 52
internal_value=0.000934754 0.00511636 -9.02769e-05 0.013851 -0.00415536 -0.00973059 0.00249046 0.00404226 -0.0167807 0.0117065 0.0188629
internal_weight=128.475 72.144 45.3646 26.7794 56.3308 31.3553 24.9755 37.1874 22.431 16.2912 20.2453
internal_count=627 352 224 128 275 151 124 179 110 84 98
is_linear=0
shrinkage=0.03


Tree=203
num_leaves=9
num_cat=0
split_feature=5 23 11 7 17 14 14 6
split_gain=2.62566 4.10037 2.3122 4.3017 2.98557 2.93571 2.84826 1.61285
threshold=-0.032085208257314861 0.81607192070534951 0.057064279415807613 -0.011133677534407025 -1.6005654990815559 9.5694553588191997 36.756327483274625 -0.0084449806128092438
decision_type=2 2 2 2 2 2 2 2
left_child=1 -1 4 -4 -2 -6 -5 -3
right_child=2 7 3 6 5 -7 -8 -9
leaf_value=0.025580267099842215 -0.015812508698422441 0.0091483392642355242 0.009561487110543521 -0.022973216360862008 -0.0012913217164065259 0.010399532654572583 0 -0.0078741328935951621
leaf_weight=7.2430389821529415 6.0059016048908225 7.7056980356574103 6.1730364784598377 12.655890062451364 44.569084174931049 29.411393962800503 6.188777618110179 8.310496069490906
leaf_count=38 29 38 29 59 222 141 31 40
internal_value=0.000911995 0.00966158 -0.00103028 -0.00870464 0.00134089 0.00331043 -0.0157511 0
internal_weight=128.263 23.2592 105.004 25.0177 79.9864 73.9805 18.8447 16.0162
internal_count=627 116 511 119 392 363 90 78
is_linear=0
shrinkage=0.03


Tree=204
num_leaves=12
num_cat=0
split_feature=33 22 16 28 27 35 11 7 17 11 21
split_gain=2.5326 4.26037 3.1871 3.82554 3.0636 2.62163 2.3707 3.17086 2.11118 2.08203 1.8908
threshold=0.86734412866270116 -0.052988435993191245 -0.75925573960632231 4.5000000000000009 1.5000000000000002 0.040090918997515053 0.0088048152692775678 0.025228459241613668 -0.84668201837053292 0.027423385815604443 0.015467752176178679
decision_type=2 2 2 2 2 2 2 2 2 2 2
left_child=1 4 3 -3 9 6 -2 -8 -6 -1 -4
right_child=5 2 10 -5 8 -7 7 -9 -10 -11 -12
leaf_value=0.0081824783877337045 0.0011471392201022246 0.0051876514527539955 -0.0017697026006547171 -0.017314973341031169 0 0.0055500828070000306 -0.0015306563397351196 -0.031623776687844322 0.020515894189164708 -0.0098666125592520477 0.012183474068754536
leaf_weight=11.588759735226633 5.8005147576332154 8.0105148479342478 17.236333131790165 17.343339912593365 6.0613010004162815 8.0611450150608999 7.2337809056043607 6.3360787183046341 20.020580224692822 7.9025623425841323 12.53473064303398
leaf_count=58 28 40 80 88 29 37 35 32 101 40 59
internal_value=0.00088718 0.00319784 -0.00218744 -0.00979746 0.00984524 -0.00672624 -0.0125783 -0.0188025 0.0161985 0 0.00403011
internal_weight=128.13 100.698 55.1249 25.3539 45.5732 27.4315 19.3704 13.5699 26.0819 19.4913 29.7711
internal_count=627 495 267 128 228 132 95 67 130 98 139
is_linear=0
shrinkage=0.03


Tree=205
num_leaves=8
num_cat=0
split_feature=11 36 34 7 36 34 10
split_gain=2.30417 3.34407 3.50325 2.70277 2.58704 3.27759 1.54061
threshold=0.057064279415807613 0.0091068663335226573 -0.031681002275921792 0.014524082350087118 0.0066233793275400849 0.0055866495707107564 0.02538816385736065
decision_type=2 2 2 2 2 2 2
left_child=1 2 -1 -4 5 -2 -7
right_child=4 -3 3 -5 -6 6 -8
leaf_value=-0.017741917182536388 0.0094196193453621475 0.019374181348337918 0.0057709853085103052 -0.0048797189320663632 -0.019792893418702152 -0.020153972193386684 0
leaf_weight=7.4692823588848105 10.624118171632292 6.3729216307401648 51.621253803372383 32.744285739958286 9.1123939678072912 6.0136276483535749 6.5891375094652176
leaf_count=35 50 35 257 157 45 31 29
internal_value=-0.000996567 0.00118873 -0.000299442 0.00144624 -0.00775242 -0.00123939 -0.0113116
internal_weight=130.547 98.2077 91.8348 84.3655 32.3393 23.2269 12.6028
internal_count=639 484 449 414 155 110 60
is_linear=0
shrinkage=0.03


Tree=206
num_leaves=8
num_cat=0
split_feature=11 36 34 26 7 26 40
split_gain=2.20218 3.21652 3.33308 2.81788 2.5523 1.17985 1.40998
threshold=0.057064279415807613 0.0091068663335226573 -0.031681002275921792 0.40824915824915831 0.014524082350087118 0.13589015151515152 0.036788652824195307
decision_type=2 2 2 2 2 2 2
left_child=1 2 -1 5 -4 -2 -7
right_child=3 -3 4 -5 -6 6 -8
leaf_value=-0.017310586104145986 -0.002230066836005796 0.019044002574785137 0.0056044838815410185 0.0040532284743852835 -0.0047451620858942403 -0.0036792738280924508 -0.027221623843129383
leaf_weight=7.4754712879657736 9.1380841732025164 6.3243269920349112 51.619643419981003 9.9697362035512906 32.719710998237133 6.3970713019371015 6.7421000376343727
leaf_count=35 43 35 257 46 157 30 36
internal_value=-0.000981444 0.00115102 -0.000301298 -0.00759751 0.00139866 -0.0133338 -0.0187506
internal_weight=130.386 98.1392 91.8148 32.247 84.3394 22.2773 13.1392
internal_count=639 484 449 155 414 109 66
is_linear=0
shrinkage=0.03


Tree=207
num_leaves=11
num_cat=0
split_feature=33 16 27 35 23 27 12 12 12 10
split_gain=1.90868 3.07877 2.45247 2.70583 2.11445 2.40748 1.79247 2.41489 1.59759 0.838592
threshold=0.83631593541368943 -1.7492099058566228 3.5000000000000004 0.02134330473173918 1.1647258713112458 1.5000000000000002 65.156023019331784 69.673349184048433 76.522432039442648 0.012451068174920145
decision_type=2 2 2 2 2 2 2 2 2 2
left_child=1 4 3 -3 5 -1 -2 -8 -9 -4
right_child=6 2 9 -5 -6 -7 7 8 -10 -11
leaf_value=-0.019841783500294717 -0.01653935053406129 0.016991415416129151 0.00090725310664270173 0.001717353976240184 0.0055198431622113884 -0.0013683617484911512 0.012367398211879967 -0.014579204662910608 0.00055166330560617186 -0.01186627994747186
leaf_weight=10.104531317949297 9.9837254211306554 18.76033466309309 5.951207831501959 27.132722817361355 9.188261963427065 18.243851408362389 5.7130249887704876 9.6842273473739642 9.4799942150711995 6.0165526792407036
leaf_count=57 51 93 30 127 44 90 26 47 43 31
internal_value=-0.000968406 0.00111653 0.00551055 0.00872316 -0.00521336 -0.00932097 -0.0068318 -0.00143704 -0.00704083 -0.00522009
internal_weight=130.258 95.3975 57.8608 45.8931 37.5366 28.3484 34.861 24.8772 19.1642 11.9678
internal_count=639 472 281 220 191 147 167 116 90 61
is_linear=0
shrinkage=0.03


Tree=208
num_leaves=10
num_cat=0
split_feature=11 26 20 21 22 22 7 32 20
split_gain=2.06605 2.6839 2.73868 1.90358 2.62066 2.60648 2.55929 4.12243 2.93159
threshold=0.057064279415807613 0.40824915824915831 0.019279407153326118 0.017656658183317114 -0.12200365551213103 0.21651288623260115 0.015057460955726149 -0.0084888355048016156 0.015901355094671138
decision_type=2 2 2 2 2 2 2 2 2
left_child=3 2 -2 6 -5 -6 7 -1 -8
right_child=1 -3 -4 4 5 -7 8 -9 -10
leaf_value=-0.015975928341674626 0 0.0039777935841529728 -0.020367327193638967 0.017697385887889865 -0.01298515288971153 0.010005343757360315 0.0056422797924208495 0.0064386409815350249 -0.014946169863585759
leaf_weight=6.6821109801530829 8.4030540436506289 9.9559669792652112 13.775711089372633 11.063776269555094 6.389558903872965 7.3028291761875153 6.5263921245932606 42.103878706693649 17.880241923034191
leaf_count=30 40 46 69 55 33 34 31 213 88
internal_value=-0.000945851 -0.00736796 -0.0129892 0.00111629 0.00804798 -5.49121e-05 -0.00118045 0.00256496 -0.00886236
internal_weight=130.084 32.1347 22.1788 97.9488 24.7562 13.6924 73.1926 48.786 24.4066
internal_count=639 155 109 484 122 67 362 243 119
is_linear=0
shrinkage=0.03


Tree=209
num_leaves=9
num_cat=0
split_feature=11 20 3 23 9 10 13 11
split_gain=1.95143 2.53384 2.28696 1.82255 1.76031 2.95173 3.70205 1.9226
threshold=0.057064279415807613 0.019279407153326118 -0.013329319778695668 1.0905305432661472 0.086229624316426765 0.020819748374359185 6.9401745498704779 0.012732859377839969
decision_type=2 2 2 2 2 2 2 2
left_child=4 -2 -3 -4 5 6 -1 -7
right_child=1 2 3 -5 -6 7 -8 -9
leaf_value=0.006180654682547298 0.002536860095059552 0 -0.029811767789667043 -0.004539934214467062 0.012382834399477393 0 -0.011154295043776925 -0.017624531627731088
leaf_weight=55.887932457029819 12.021130815148352 6.320002719759942 6.3792054057121277 7.3600981459021568 9.0793484374880773 11.099471613764765 11.362299434840677 10.38510851562023
leaf_count=279 57 31 34 33 43 56 56 50
internal_value=-0.000919821 -0.00716806 -0.0133667 -0.0195239 0.00108172 -0.00015675 0.00279766 -0.00949393
internal_weight=129.895 32.0804 20.0593 13.7393 97.8142 88.7348 67.2502 21.4846
internal_count=639 155 98 67 484 441 335 106
is_linear=0
shrinkage=0.03


Tree=210
num_leaves=13
num_cat=0
split_feature=2 20 20 13 20 4 26 13 12 18 4 4
split_gain=3.81605 4.73497 2.97586 3.1548 2.86938 2.87421 2.86297 2.36989 2.05391 2.43452 1.97532 1.25733
threshold=0.0044652690744749765 0.02009014156120522 0.018239208572240678 1.1392003138697364 0.022451230431055905 0.0069021349235380844 0.1457322006472492 -3.9682080527031292 61.662073087480074 0.14494184240768851 0.016027011856013965 0.0377535887401187
decision_type=2 2 2 2 2 2 2 2 2 2 2 2
left_child=1 8 10 7 -3 -6 -5 -4 9 -1 -2 -12
right_child=2 4 3 6 5 -7 -8 -9 -10 -11 11 -13
leaf_value=0 0.023939085617059711 0.014641259540413405 0.0052533103072052879 -0.0049354100838434655 -0.012810896250520039 0.0064703002890959841 0.015090784256838893 -0.014596054465295483 0 -0.022380814932990295 -0.0043916578714211143 0.011095016293735046
leaf_weight=5.8700819611549404 7.612778119742873 9.3727393820881826 5.4390631914138821 8.1058876663446444 12.18229800462723 10.850695595145224 13.676511414349077 14.557163961231707 8.0651956498622877 18.748075403273106 5.9348303452134115 7.6633781790733337
leaf_count=29 38 47 28 37 62 54 68 71 38 95 31 35
internal_value=-0.000652278 -0.00576012 0.00440984 -2.04531e-05 0.00197558 -0.0033372 0.00721938 -0.00852826 -0.0135342 -0.0175534 0.0130322 0.00367788
internal_weight=128.079 65.0891 62.9896 41.7786 32.4057 23.033 21.7824 19.9962 32.6834 24.6182 21.211 13.5982
internal_count=633 325 308 204 163 116 105 99 162 124 104 66
is_linear=0
shrinkage=0.03


Tree=211
num_leaves=11
num_cat=0
split_feature=17 14 12 3 2 38 15 34 16 15
split_gain=4.3903 2.92539 3.22766 2.86287 1.91074 1.55774 3.29206 1.84348 1.62689 1.52452
threshold=0.24849882210649568 -1.8035311502548266 74.516737103668518 -0.029197596521280064 0.0033096292320765612 0.0081780350410398297 -1.5031287493971517 -0.038408734281792027 2.3768914165564494 2.3323475681963743
decision_type=2 2 2 2 2 2 2 2 2 2
left_child=1 3 4 -1 -3 9 7 -7 -8 -2
right_child=5 2 -4 -5 -6 6 8 -9 -10 -11
leaf_value=-0.0054535324288470643 0.0072037502304187267 -0.013770748283921807 0.0071880050691520044 0.018258851467978062 -0.00019634546927555326 0.011127205960292312 0.024001126526021724 -0.0072653428233215812 0.0032813694287348507 -0.010256233031101568
leaf_weight=6.7379593998193741 5.9827744215726835 41.194384686648846 8.4686792790889722 6.8093228265643102 14.891198620200155 5.7368334680795696 11.16910792887211 11.284015908837317 8.1324220448732358 7.4817811399698257
leaf_count=33 30 204 38 36 75 29 56 55 38 39
internal_value=-0.000620029 -0.00511465 -0.00785655 0.00631592 -0.0105557 0.00606633 0.00923476 0 0.0171031 -0.00159988
internal_weight=127.888 78.1015 64.5543 13.5473 56.0856 49.7869 36.3224 17.0208 19.3015 13.4646
internal_count=633 386 317 69 279 247 178 84 94 69
is_linear=0
shrinkage=0.03


Tree=212
num_leaves=12
num_cat=0
split_feature=2 14 12 19 21 26 32 8 19 19 9
split_gain=3.39836 4.6052 3.84692 2.85168 2.57938 2.52868 2.33428 1.88155 1.70639 1.52839 1.45224
threshold=0.0044652690744749765 -1.1631675214506456 70.090781851405481 0.093068345271227371 0.019049062662967232 0.15415884928080054 -0.00030506431896809566 -0.034628193527114756 0.071577558233043251 0.054836148305829148 0.07336227716699123
decision_type=2 2 2 2 2 2 2 2 2 2 2
left_child=1 7 4 8 -3 10 -7 -1 9 -2 -5
right_child=3 2 -4 5 -6 6 -8 -9 -10 -11 -12
leaf_value=-0.0034895772703698556 0.011983432195691741 -0.017728426025357982 0.0059427381641098832 -0.018514439897608467 0.00038631894048056509 -0.008095007544001975 0.010121323942368662 0.013808560337029319 0.020133699617208324 -0.0055197665414706979 0
leaf_weight=7.013105288147929 6.4274185150861758 31.947049409151077 8.2705482244491559 6.7585560083389264 6.8202117383480063 6.4990224093198803 18.846702970564365 10.797386974096296 10.664966151118277 6.631706140935421 7.0248403027653694
leaf_count=35 31 159 39 32 35 33 92 57 54 33 33
internal_value=-0.000579536 -0.00541709 -0.0103468 0.00419342 -0.014311 -0.000519829 0.00465142 0.00657538 0.0119863 0.00254626 -0.0103638
internal_weight=127.702 64.8483 47.0378 62.8532 38.7673 39.1291 25.3457 17.8105 23.7241 13.0591 13.7834
internal_count=633 325 233 308 194 190 125 92 118 64 65
is_linear=0
shrinkage=0.03


Tree=213
num_leaves=11
num_cat=0
split_feature=2 14 12 19 21 16 3 4 19 25
split_gain=3.19539 4.34902 3.65752 2.7291 2.46093 2.06825 1.76163 2.72433 1.62639 1.63378
threshold=0.0044652690744749765 -1.1631675214506456 70.090781851405481 0.093068345271227371 0.019049062662967232 -4.0300043803859706 0.003060507880717656 0.025620544515893354 0.071577558233043251 0.21322404371584702
decision_type=2 2 2 2 2 2 2 2 2 2
left_child=1 5 4 8 -3 -1 -5 -8 9 -2
right_child=3 2 -4 6 -6 -7 7 -9 -10 -11
leaf_value=-0.0047932899969576398 0.01177112267693874 -0.017278304731837474 0.0057985173744758362 0.010971476859995086 0.0003773493349791955 0.013616589695018482 -0.015023141262389366 0.0018635379170750179 0.019680028739476316 -0.0063780598812100226
leaf_weight=6.4251451417803791 6.8675928115844744 31.849527008831501 8.271692290902136 6.8890932798385611 6.820391356945037 11.359691336750982 10.838882870972155 21.386193811893463 10.630130834877489 6.1922733932733536
leaf_count=33 33 159 39 36 35 59 53 101 54 31
internal_value=-0.000552186 -0.00525195 -0.0100523 0.00407257 -0.0139301 0.00639526 -0.00052957 -0.003924 0.0117046 0.00246554
internal_weight=127.531 64.7264 46.9416 62.8042 38.6699 17.7848 39.1142 32.2251 23.69 13.0599
internal_count=633 325 233 308 194 92 190 154 118 64
is_linear=0
shrinkage=0.03


Tree=214
num_leaves=11
num_cat=0
split_feature=27 4 10 32 10 4 32 16 36 20
split_gain=2.28886 3.19481 2.47253 2.07376 4.45472 3.36946 2.69529 2.56512 2.2438 1.72164
threshold=1.0000000180025095e-35 0.0028091157833228801 0.021350665125339566 0.00049557897680518892 0.011706701431429935 -0.0065141228184706348 0.0052825521712703835 -3.6323022808682031 0.0048054974366338737 0.017538467336244697
decision_type=2 2 2 2 2 2 2 2 2 2
left_child=1 -1 -3 4 9 7 -7 -5 -6 -2
right_child=3 2 -4 5 8 6 -8 -9 -10 -11
leaf_value=-0.020653283098346902 -0.0047760639013893647 0.011399249879697412 -0.0097014759834440009 0.0052791133828696581 0 0.018032780383314437 0.0020593991421938591 -0.017720711615140151 -0.01900261062342401 0.0097079125052514457
leaf_weight=9.1727523878216761 8.4819652512669581 7.4064346626400974 8.6565723940730077 5.8601484745740891 6.2723533511161831 17.414596810936928 24.69207239151001 6.8062812164425832 14.178656749427317 18.402655988931656
leaf_count=50 42 36 42 31 31 83 120 37 69 92
internal_value=-0.000512997 -0.00833141 0 0.00139814 -0.00293806 0.00538124 0.00952393 -0.00678822 -0.0130487 0.00460469
internal_weight=127.344 25.2358 16.063 102.109 47.3356 54.7731 42.1067 12.6664 20.451 26.8846
internal_count=633 128 78 505 234 271 203 68 100 134
is_linear=0
shrinkage=0.03


end of trees

feature_importances:
macd_hist=99
vol_ratio=94
macro_topix_vol_20=87
lower_shadow_pct=73
macd_signal=72
div_ma_10=67
macro_topix_ret_20=66
atr_pct=65
rsi_change=64
month=63
macro_usdjpy_ret_20=61
macro_usdjpy_ret_60=61
bb_bandwidth=60
macd=59
volatility=57
gap=57
macro_nikkei_ret_20=57
return_10d=55
vol_change=55
macro_usdjpy_vol_20=55
ma_20_60_cross=53
rsi=52
return_5d=51
return_3d=45
return_20d=45
day_of_week=45
ma_5_20_cross=43
upper_shadow_pct=39
price_position_20d=38
macd_hist_change=36
return_1d=35
return_2d=34
candle_body_pct=31
div_ma_5=30
div_ma_60=23
bb_pct_b=16
div_ma_20=12
macro_nikkei_above_200dma=4
is_month_start=1
streak=1
macro_topix_above_200dma=1

parameters:
[boosting: gbdt]
[objective: binary]
[metric: binary_logloss]
[tree_learner: serial]
[device_type: cpu]
[data_sample_strategy: bagging]
[data: ]
[valid: ]
[num_iterations: 215]
[learning_rate: 0.03]
[num_leaves: 15]
[num_threads: 0]
[seed: 42]
[deterministic: 0]
[force_col_wise: 0]
[force_row_wise: 0]
[histogram_pool_size: -1]
[max_depth: 4]
[min_data_in_leaf: 30]
[min_sum_hessian_in_leaf: 0.001]
[bagging_fraction: 0.7]
[pos_bagging_fraction: 1]
[neg_bagging_fraction: 1]
[bagging_freq: 5]
[bagging_seed: 400]
[bagging_by_query: 0]
[feature_fraction: 0.6]
[feature_fraction_bynode: 1]
[feature_fraction_seed: 30056]
[extra_trees: 0]
[extra_seed: 12879]
[early_stopping_round: 0]
[early_stopping_min_delta: 0]
[first_metric_only: 0]
[max_delta_step: 0]
[lambda_l1: 0.5]
[lambda_l2: 2]
[linear_lambda: 0]
[min_gain_to_split: 0]
[drop_rate: 0.1]
[max_drop: 50]
[skip_drop: 0.5]
[xgboost_dart_mode: 0]
[uniform_drop: 0]
[drop_seed: 17869]
[top_rate: 0.2]
[other_rate: 0.1]
[min_data_per_group: 100]
[max_cat_threshold: 32]
[cat_l2: 10]
[cat_smooth: 10]
[max_cat_to_onehot: 4]
[top_k: 20]
[monotone_constraints: ]
[monotone_constraints_method: basic]
[monotone_penalty: 0]
[feature_contri: ]
[forcedsplits_filename: ]
[refit_decay_rate: 0.9]
[cegb_tradeoff: 1]
[cegb_penalty_split: 0]
[cegb_penalty_feature_lazy: ]
[cegb_penalty_feature_coupled: ]
[path_smooth: 0]
[interaction_constraints: ]
[verbosity: -1]
[saved_feature_importance_type: 0]
[use_quantized_grad: 0]
[num_grad_quant_bins: 4]
[quant_train_renew_leaf: 0]
[stochastic_rounding: 1]
[linear_tree: 0]
[max_bin: 255]
[max_bin_by_feature: ]
[min_data_in_bin: 5]
[bin_construct_sample_cnt: 200000]
[data_random_seed: 175]
[is_enable_sparse: 1]
[enable_bundle: 1]
[use_missing: 1]
[zero_as_missing: 0]
[feature_pre_filter: 1]
[pre_partition: 0]
[two_round: 0]
[header: 0]
[label_column: ]
[weight_column: ]
[group_column: ]
[ignore_column: ]
[categorical_feature: ]
[forcedbins_filename: ]
[precise_float_parser: 0]
[parser_config_file: ]
[objective_seed: 16083]
[num_class: 1]
[is_unbalance: 0]
[scale_pos_weight: 1]
[sigmoid: 1]
[boost_from_average: 1]
[reg_sqrt: 0]
[alpha: 0.9]
[fair_c: 1]
[poisson_max_delta_step: 0.7]
[tweedie_variance_power: 1.5]
[lambdarank_truncation_level: 30]
[lambdarank_norm: 1]
[label_gain: ]
[lambdarank_position_bias_regularization: 0]
[eval_at: ]
[multi_error_top_k: 1]
[auc_mu_weights: ]
[num_machines: 1]
[local_listen_port: 12400]
[time_out: 120]
[machine_list_filename: ]
[machines: ]
[gpu_platform_id: -1]
[gpu_device_id: -1]
[gpu_use_dp: 0]
[num_gpu: 1]

end of parameters

pandas_categorical:[]
