tree
version=v4
num_class=1
num_tree_per_iteration=1
label_index=0
max_feature_idx=44
objective=binary sigmoid:1
feature_names=return_1d return_2d return_3d return_5d return_10d return_20d div_ma_5 div_ma_10 div_ma_20 div_ma_60 ma_5_20_cross ma_20_60_cross rsi rsi_change macd macd_signal macd_hist macd_hist_change bb_pct_b bb_bandwidth atr_pct volatility vol_change vol_ratio candle_body_pct upper_shadow_pct lower_shadow_pct day_of_week month is_month_end is_month_start streak gap price_position_20d macro_usdjpy_ret_20 macro_usdjpy_ret_60 macro_usdjpy_vol_20 macro_topix_ret_20 macro_topix_vol_20 macro_topix_above_200dma macro_nikkei_ret_20 macro_nikkei_above_200dma macro_nikkei_vi macro_jgb10y macro_bias_score
feature_infos=[-0.17675675675675673:0.17544107268877918] [-0.17820045865371648:0.233229675699689] [-0.17205762435444416:0.25459475745706528] [-0.172939430729799:0.32484887050588607] [-0.17215770996489332:0.31727158948685852] [-0.19087360344595505:0.30334244271599742] [-0.14356407805207219:0.17607185222843588] [-0.15944588553452183:0.23007843079331783] [-0.16998710122146726:0.22219399789527161] [-0.16734057893429982:0.24076780794453573] [-0.1151519490281705:0.1743352879181197] [-0.10627540309973649:0.1413754602245989] [1.5116279069767558:93.992932862190813] [-37.270598983612174:32.061285097192226] [-264.8917336463046:460.93225484325194] [-226.51973590992409:377.5487387039343] [-209.98596039308416:225.72618332181179] [-88.719006654349698:98.867413794174666] [-0.2824926847510581:1.3759687022744393] [0.032618589898010177:0.48063330293504058] [0.013718940019518054:0.053414958535440468] [0.0086600529077460204:0.055465657050330922] [-0.9475167131989447:9.4496523615439951] [0.49426840935166805:2.196093232418542] [-1:1] [0:0.89473684210526316] [0:0.9213483146067416] [0:4] [1:12] none [0:1] [-7:8] [-0.1216216216216216:0.13832039520112915] [0:1] [-0.10288784967882303:0.08505611680078462] [-0.13986255140503889:0.13160084488587853] [0.0024251968629527628:0.011841457708833433] [-0.21871130063915301:0.21255327098343968] [0.0039190675958463003:0.04064098432711951] [0:1] [-0.22859537662338159:0.23022297972565586] [0:1] none none none
tree_sizes=1072 779 780 785 969 1272 994 1270 1090 1185 1387 1203 1515 1524 1073 890 1284 896 1098 892 892 1102 994 967 1102 1204 1294 1106 1187 1204 892 1511 1285 874 1529 1313 1202 1293 1083 1166 1198 1184 1312 998 1207 1206 790 1206 1194 886 857 864 858 1289 955 1101 981 1102 897 1300 1212 1422 1094 1101 1083 1101 1183 1099 982 982 1208 1183 869 1074 1100 1529 877 1068 866 977 794 1422 680 1109 687 975 756 963 1082 1207 680 893

Tree=0
num_leaves=9
num_cat=0
split_feature=9 34 36 4 15 35 5 24
split_gain=10.4717 13.6802 7.6246 9.11964 7.00426 12.6078 8.69698 1.7257
threshold=0.14002934051294855 0.026408176255276809 0.0073095840377121911 0.0059572640152196774 28.886024020044157 0.053985687629103836 -0.011988410650040636 0.18743254910425214
decision_type=2 2 2 2 2 2 2 2
left_child=1 4 3 -3 6 -6 -1 -2
right_child=7 2 -4 -5 5 -7 -8 -9
leaf_value=-0.12935630771167647 -0.14486902135155955 -0.17715220675165769 -0.13074282656431591 -0.1402733205504553 -0.11555672467455196 -0.15188245471728701 -0.15190283417801945 -0.16831199999818386
leaf_weight=37.06736034154892 7.4632269144058254 12.43871152400971 7.712001144886016 9.4534207582473737 39.306328415870667 8.9558722972869855 23.136003434658051 8.9558722972869855
leaf_count=149 30 50 31 38 158 36 93 36
internal_value=-0.138981 -0.136112 -0.153405 -0.162145 -0.131104 -0.12279 -0.138357 -0.160127
internal_weight=154.489 138.07 29.6041 21.8921 108.466 48.2622 60.2034 16.4191
internal_count=621 555 119 88 436 194 242 66
is_linear=0
shrinkage=1


Tree=1
num_leaves=6
num_cat=0
split_feature=3 35 9 9 34
split_gain=10.2633 10.8097 11.1965 14.2301 3.34721
threshold=-0.064308409379480222 0.056583047709623642 0.14002934051294855 0.028976539698238324 0.012738159111859939
decision_type=2 2 2 2 2
left_child=-1 2 3 -2 -3
right_child=1 4 -4 -5 -6
leaf_value=0.029264057582667841 -0.00376604959546852 -0.001258047331418281 -0.021566968681526643 0.017219519280268016 -0.028622142716315149
leaf_weight=8.9597160220146161 61.19773431122303 7.4592715054750469 13.166614457964895 51.044136837124825 12.67043289542198
leaf_count=36 246 30 53 205 51
internal_value=0.00122824 -0.000769351 0.00249819 0.00578062 -0.02019
internal_weight=154.498 145.538 125.408 112.242 20.1297
internal_count=621 585 504 451 81
is_linear=0
shrinkage=0.03


Tree=2
num_leaves=6
num_cat=0
split_feature=3 15 35 15 3
split_gain=9.76387 11.564 10.8509 14.4495 2.85878
threshold=-0.064308409379480222 209.29870628426104 0.053985687629103836 40.901326520171999 -0.0052376191896996707
decision_type=2 2 2 2 2
left_child=-1 2 3 -2 -4
right_child=1 -3 4 -5 -6
leaf_value=0.028505528242518192 -0.003087369690701666 -0.025661504072968095 -0.025773811012195072 0.018382583372087015 -0.002144093523053532
leaf_weight=8.9751617908477765 64.92698161303997 13.167437493801115 11.41319662332535 46.079202711582184 9.9309510886669141
leaf_count=36 261 53 46 185 40
internal_value=0.00117919 -0.000768164 0.00194195 0.00585978 -0.0165476
internal_weight=154.493 145.518 132.35 111.006 21.3441
internal_count=621 585 532 446 86
is_linear=0
shrinkage=0.03


Tree=3
num_leaves=6
num_cat=0
split_feature=3 35 10 9 0
split_gain=9.29255 9.83584 10.9982 12.0885 2.81827
threshold=-0.064308409379480222 0.056583047709623642 0.065289090567149169 0.028976539698238324 0.0016073192461024679
decision_type=2 2 2 2 2
left_child=-1 2 3 -2 -3
right_child=1 4 -4 -5 -6
leaf_value=0.027776925198171362 -0.0036059387598674445 -0.027329365107314083 -0.02404964165981913 0.015485247539048761 -0.0018989574287325548
leaf_weight=8.9865436255931836 61.172335594892502 12.38249656558037 10.666789427399634 53.584320232272148 7.686992183327674
leaf_count=36 246 50 43 215 31
internal_value=0.00113128 -0.000767156 0.00234109 0.00529256 -0.0193235
internal_weight=154.479 145.493 125.423 114.757 20.0695
internal_count=621 585 504 461 81
is_linear=0
shrinkage=0.03


Tree=4
num_leaves=8
num_cat=0
split_feature=9 35 11 33 28 5 1
split_gain=8.87012 9.53575 14.2882 10.3548 9.81172 6.74766 1.84143
threshold=0.14002934051294855 0.056583047709623642 0.014450693621081092 0.087994975578459908 4.5000000000000009 0.0025013606632728895 0.024940637001751868
decision_type=2 2 2 2 2 2 2
left_child=1 2 3 -1 -4 -3 -2
right_child=6 5 4 -5 -6 -7 -8
leaf_value=0.024867390366553624 -0.02669391737608464 0.0040984869538558556 0 -0.0086978557627144463 0.025284873640840172 -0.02853533306665075 -0.0033482218718545215
leaf_weight=7.7121982872486106 8.9069978445768374 8.1827569305896777 20.443519726395607 50.734222277998924 40.162193164229393 10.881508499383925 7.428717002272605
leaf_count=31 36 33 82 204 161 44 30
internal_value=0.00108345 0.0037271 0.00700584 -0.00334441 0.0170149 -0.0147569 -0.0184187
internal_weight=154.452 138.116 119.052 58.4464 60.6057 19.0643 16.3357
internal_count=621 555 478 235 243 77 66
is_linear=0
shrinkage=0.03


Tree=5
num_leaves=11
num_cat=0
split_feature=23 34 36 15 36 36 23 4 36 23
split_gain=17.8623 9.71729 10.7513 7.9504 8.66479 11.243 6.14337 5.21518 4.92824 3.9483
threshold=0.96317571166387217 -0.0006112377013928193 0.0080627815361906854 -98.408525300939019 0.0049697164482635668 0.0068094986502908574 0.75142275893443444 0.0065556349979571946 0.0062086792255458163 1.0579608050992384
decision_type=2 2 2 2 2 2 2 2 2 2
left_child=1 2 7 -2 9 -6 -3 -1 -8 -5
right_child=3 6 -4 4 5 -7 8 -9 -10 -11
leaf_value=0.031929423247569574 -0.011996678485078209 0 -0.017958771810821898 0.0059856408746269095 -0.0081712244113555099 0.018467220388195163 -0.034037530971552203 0 -0.0057531535017279114 0.035568245762297737
leaf_weight=8.2204289287328773 11.180705383419989 11.188274994492529 10.919542402029036 8.2066324204206484 25.607068836688995 26.874952271580696 20.589054673910145 8.4647564738988859 10.461860030889509 15.935815796256064
leaf_count=33 45 45 44 33 103 108 83 34 42 64
internal_value=0.00044604 -0.0106113 0.00270479 0.00944902 0.0129946 0.00537162 -0.0193818 0.0175055 -0.0258864 0.0273134
internal_weight=157.649 69.8439 27.6047 87.8052 76.6245 52.482 42.2392 16.6852 31.0509 24.1424
internal_count=634 281 111 353 308 211 170 67 125 97
is_linear=0
shrinkage=0.03


Tree=6
num_leaves=8
num_cat=0
split_feature=34 21 20 35 17 34 16
split_gain=11.3958 8.54437 11.1794 8.90787 11.111 8.64801 1.3473
threshold=0.036878931604569794 0.016239047173764082 0.022293757310011281 -0.023040564360045864 2.6314284064377742 -0.0006112377013928193 -14.155636753071516
decision_type=2 2 2 2 2 2 2
left_child=1 3 -3 -1 -5 -4 -2
right_child=6 2 5 4 -6 -7 -8
leaf_value=-0.0057778922335679868 -0.0066103479955993 -0.029113659940832051 0.013339923209099522 0.033926477062093924 -0.0019759604383515726 -0.0054495942254787835 -0.028646002904283638
leaf_weight=12.433830261230467 7.9361587017774609 9.6690090447664243 34.848771467804909 21.171718209981922 10.206269502639769 51.930930852890015 9.4135851860046369
leaf_count=50 32 39 140 85 41 209 38
internal_value=0.000431764 0.00345527 -0.00144308 0.0141583 0.0223805 0.00205743 -0.0210667
internal_weight=157.61 140.261 96.4487 43.8118 31.378 86.7797 17.3497
internal_count=634 564 388 176 126 349 70
is_linear=0
shrinkage=0.03


Tree=7
num_leaves=11
num_cat=0
split_feature=23 34 36 15 36 36 23 36 3 23
split_gain=16.7722 9.01876 10.1225 7.51693 8.09216 10.5869 5.8344 4.61155 4.20734 3.79448
threshold=0.96317571166387217 -0.0006112377013928193 0.0080627815361906854 -98.408525300939019 0.0049697164482635668 0.0068094986502908574 0.75142275893443444 0.0062086792255458163 0.009462676171451247 1.0579608050992384
decision_type=2 2 2 2 2 2 2 2 2 2
left_child=1 2 8 -2 9 -6 -3 -8 -1 -5
right_child=3 6 -4 4 5 -7 7 -9 -10 -11
leaf_value=0.02846115186417408 -0.011728996709124851 0 -0.01756647767692093 0.0055661510595019304 -0.0079560633960788878 0.017886506599640247 -0.033059383992292517 -0.0055977519061789164 0 0.034466246766592976
leaf_weight=9.2308283746242576 11.169684946537016 11.18436039984226 10.903823196887968 8.2116986215114611 25.58600053191185 26.901685491204262 20.508910760283474 10.456023648381231 7.4712908565998069 15.960229098796843
leaf_count=37 45 45 44 33 103 108 83 42 30 64
internal_value=0.000393099 -0.0103287 0.00248195 0.00911583 0.0125647 0.00518418 -0.0187912 -0.0251436 0.0168513 0.026397
internal_weight=157.585 69.7552 27.6059 87.8293 76.6596 52.4877 42.1493 30.9649 16.7021 24.1719
internal_count=634 281 111 353 308 211 170 125 67 97
is_linear=0
shrinkage=0.03


Tree=8
num_leaves=9
num_cat=0
split_feature=23 15 18 15 28 11 38 14
split_gain=15.8865 7.13761 6.6308 8.02253 5.03432 6.04736 5.33564 3.81797
threshold=0.96317571166387217 -98.408525300939019 1.0251321286915596 144.41698996179358 6.5000000000000009 0.044938681622247574 0.0080805150903940377 5.5804586867548105
decision_type=2 2 2 2 2 2 2 2
left_child=4 -2 3 -3 6 7 -1 -6
right_child=1 2 -4 -5 5 -7 -8 -9
leaf_value=-0.0039352030558132533 -0.01144039209785545 0.019778639235170675 -0.01134166970223764 -0.0057028836669078906 0.0048550620161703362 0.012823472099845679 -0.032470312959271913 -0.016453018343418193
leaf_weight=12.937001973390581 11.158539891242979 57.534700617194176 7.4667163491249076 11.682563722133635 8.4548120498657244 12.400756627321242 13.095983192324637 22.779294386506081
leaf_count=52 45 231 30 47 34 50 53 92
internal_value=0.000378401 0.00886638 0.0122276 0.0152278 -0.0100634 -0.00311752 -0.0201174 -0.0102887
internal_weight=157.51 87.8425 76.684 69.2173 69.6678 43.6349 26.033 31.2341
internal_count=634 353 308 278 281 176 105 126
is_linear=0
shrinkage=0.03


Tree=9
num_leaves=10
num_cat=0
split_feature=23 34 3 20 15 3 17 21 21
split_gain=14.9669 8.35408 7.54058 6.90524 6.74701 5.88941 6.9763 5.63169 9.94317
threshold=0.96317571166387217 -0.0006112377013928193 0.021681463732719067 0.022085527667157701 -98.408525300939019 0.054700880937579306 -10.07733741293463 0.023520568092933503 0.016072558863475795
decision_type=2 2 2 2 2 2 2 2 2
left_child=1 2 3 -1 -2 6 -6 8 -3
right_child=4 7 -4 -5 5 -7 -8 -9 -10
leaf_value=-0.002921928293071873 -0.011159326508438998 0 -0.015604506893986002 0.031081206273588437 -0.0032911153454239896 -0.0040285985455526729 0.020643618098319324 -0.001443826776306064 -0.037147722235155313
leaf_weight=8.9293596595525795 11.146947503089903 8.9420692622661608 10.168028920888899 8.4868967831134778 11.942766651511191 14.675897657871245 50.101805448532104 14.641673132777212 18.430467396974564
leaf_count=36 45 36 41 34 48 59 201 59 75
internal_value=0.00033904 -0.00980084 0.00250587 0.0143699 0.00857698 0.0118457 0.0158434 -0.0179683 -0.0255964
internal_weight=157.466 69.5985 27.5843 17.4163 87.8674 76.7205 62.0446 42.0142 27.3725
internal_count=634 281 111 70 353 308 249 170 111
is_linear=0
shrinkage=0.03


Tree=10
num_leaves=12
num_cat=0
split_feature=9 9 19 28 35 11 0 14 20 19 22
split_gain=9.76704 16.4282 11.9195 10.1041 8.07095 5.55056 8.20288 5.13745 4.85369 6.28559 1.00908
threshold=-0.028829727428587752 0.034124716096504255 0.16007549995237927 6.5000000000000009 0.050491513572546338 -0.019306979358149897 0.0039316570629517331 -65.859044646007746 0.019877044655961459 0.13391570942960326 -0.032033773580744711
decision_type=2 2 2 2 2 2 2 2 2 2 2
left_child=5 8 4 -4 -3 6 -1 -7 10 -10 -2
right_child=1 2 3 -5 -6 7 -8 -9 9 -11 -12
leaf_value=0.035219923405099052 -0.013587986056111449 0.020732157932888219 -0.026691786476779677 0.0069900824291423014 -0.0084588574144009495 0.015021050023827811 0 -0.015262815804408112 0.0022223650045572383 -0.023932215818283999 -0.040415137785716065
leaf_weight=13.16458283364773 7.4385889172554007 33.937875211238861 14.075464949011804 13.646864727139471 9.1175381094217283 7.7088742107152965 8.420776963233946 8.4444735050201398 16.629219785332683 12.375027954578398 8.183724105358122
leaf_count=53 30 136 57 55 37 31 34 34 67 50 33
internal_value=-3.57021e-05 -0.0044814 0.00434636 -0.0102519 0.0141166 0.012723 0.0220124 0 -0.0183898 -0.00927697 -0.0314844
internal_weight=153.143 115.404 70.7777 27.7223 43.0554 37.7387 21.5854 16.1533 44.6266 29.0042 15.6223
internal_count=617 465 285 112 173 152 87 65 180 117 63
is_linear=0
shrinkage=0.03


Tree=11
num_leaves=10
num_cat=0
split_feature=23 5 34 15 3 2 34 36 36
split_gain=14.3713 8.7545 8.11626 9.7343 7.19203 6.81506 4.15243 7.54181 0.86949
threshold=0.96317571166387217 0.052756327952040667 0.036878931604569794 147.13152084415171 0.05113779179238221 0.013133088527862659 0.013158486594801457 0.0080627815361906854 0.0065073011054223176
decision_type=2 2 2 2 2 2 2 2 2
left_child=1 6 3 4 -2 8 7 -1 -3
right_child=2 5 -4 -5 -6 -7 -8 -9 -10
leaf_value=0.00040275172502194701 0.020072216633649803 0.0037038107161889633 -0.017989441555867874 -0.012277033972139842 -0.0029145720896928814 -0.013593784686942135 -0.031646282715416273 -0.031710439968281101 0.022187296210885155
leaf_weight=18.843459650874141 54.072097212076187 7.3787456154823321 7.6899086833000174 11.671353384852408 13.688880592584608 10.591683715581892 14.272112056612967 7.4072623848915091 7.4610610008239746
leaf_count=76 217 30 31 47 55 43 58 30 30
internal_value=-5.65948e-05 -0.0105421 0.00777141 0.0108301 0.015263 0.00267881 -0.0189278 -0.00973121 0.015419
internal_weight=153.077 65.9543 87.1222 79.4323 67.761 25.4315 40.5228 26.2507 14.8398
internal_count=617 267 350 319 272 103 164 106 60
is_linear=0
shrinkage=0.03


Tree=12
num_leaves=13
num_cat=0
split_feature=23 9 9 3 14 9 9 38 40 40 0 20
split_gain=13.5552 8.25834 7.51082 6.44298 5.85092 5.66002 4.16289 4.98349 2.67991 2.70818 2.14694 1.50298
threshold=0.96317571166387217 -0.028829727428587752 0.010961544574210049 0.054700880937579306 53.442765372938545 0.13162227365948154 -0.025200242634856967 0.0094531635437278723 0.028156509723856419 -0.024840015920523536 -0.0019863936303310399 0.022639186983874231
decision_type=2 2 2 2 2 2 2 2 2 2 2 2
left_child=4 8 11 -4 6 10 -1 -8 9 -2 -6 -3
right_child=1 2 3 -5 5 -7 7 -9 -10 -11 -12 -13
leaf_value=-0.0035286994815310301 0.0091727222129180802 -0.023143649859906443 0.014126163880134358 -0.0095056153025604839 -0.00092630521425394801 -0.018521234814087375 -0.035400763612886903 -0.0024970073434624571 0.0048345107983292545 0.039732919837814462 0.016051122806996245 -0.0020846683281512913
leaf_weight=14.35517707467079 7.708046928048133 8.2015104591846448 34.14674000442028 12.174598067998884 10.119848743081096 8.5503337830305082 14.281827524304392 7.3742571324110022 9.2103028148412687 8.2277105152606982 11.184047356247902 7.4606463015079489
leaf_count=58 31 33 137 49 41 35 58 30 37 33 45 30
internal_value=-8.288e-05 0.00751352 0.00117302 0.00746826 -0.010278 0 -0.018087 -0.0259889 0.021352 0.0284586 0.00795541 -0.0153335
internal_weight=152.995 87.1296 61.9835 46.3213 65.8655 29.8542 36.0113 21.6561 25.1461 15.9358 21.3039 15.6622
internal_count=617 350 249 186 267 121 146 88 101 64 86 63
is_linear=0
shrinkage=0.03


Tree=13
num_leaves=13
num_cat=0
split_feature=23 5 9 9 9 13 34 36 17 40 40 38
split_gain=12.8861 8.29579 7.91527 7.4305 7.13967 6.73689 4.03517 7.11305 2.71581 2.53871 2.55256 1.35304
threshold=0.96317571166387217 0.052756327952040667 -0.028829727428587752 0.13162227365948154 0.010961544574210049 -2.888687753651261 0.013158486594801457 0.0080627815361906854 -3.7408535309310973 0.028156509723856419 -0.024840015920523536 0.009059780369120413
decision_type=2 2 2 2 2 2 2 2 2 2 2 2
left_child=1 6 9 8 11 -6 7 -1 -3 10 -2 -4
right_child=2 3 4 -5 5 -7 -8 -9 -10 -11 -12 -13
leaf_value=0.0005927365386371947 0.0089502570233348563 0.025108232367344347 -0.0029708976873753811 -0.017317497705207914 -0.0094780142656476427 0.014320330618242026 -0.030760773127657935 -0.03062588270994171 0.00051636001332355341 0.0047145473236526684 0.038744897684158952 -0.023238087674340983
leaf_weight=18.830828800797466 7.7122922241687766 7.9321136772632626 8.2085134536027891 8.2838042080402357 12.947052761912344 33.372333943843842 14.202043697237967 7.3611266314983359 9.1714137643575686 9.2121852636337263 8.2352659255266207 7.4387218952178946
leaf_count=76 31 32 33 34 52 134 58 30 37 37 33 30
internal_value=-9.11211e-05 -0.0100422 0.00731053 0.00281358 0.00109759 0.00724089 -0.0182274 -0.00919928 0.0141412 0.0208526 0.0277749 -0.0149976
internal_weight=152.908 65.7813 87.1264 25.3873 61.9666 46.3194 40.394 26.192 17.1035 25.1597 15.9476 15.6472
internal_count=617 267 350 103 249 186 164 106 69 101 64 63
is_linear=0
shrinkage=0.03


Tree=14
num_leaves=9
num_cat=0
split_feature=23 5 5 0 25 25 31 25
split_gain=12.2468 9.14509 8.42686 6.47455 5.85236 6.51271 4.4009 3.12269
threshold=0.95353498862063846 -0.082995791710539543 0.052756327952040667 0.0072027295563201763 0.54153126733771906 0.42736756572566909 1.5000000000000002 0.11654576323506716
decision_type=2 2 2 2 2 2 2 2
left_child=2 -2 6 -4 5 -3 7 -1
right_child=1 4 3 -5 -6 -7 -8 -9
leaf_value=-0.0032541535846638066 0.027933797273409125 0.002436838176157744 0.015891775161603571 -0.013253148263561569 0.02080536701264421 -0.023669676167048469 0 -0.029096105673330555
leaf_weight=7.401182726025584 13.453545063734053 58.700557351112366 13.829118311405184 9.8283518850803357 10.947415485978125 7.9563246667385092 8.1253855824470502 22.55622573196888
leaf_count=30 54 236 56 40 44 32 33 92
internal_value=-9.13368e-05 0.00675178 -0.0103144 0.00310981 0.00228166 -0.00105955 -0.018767 -0.0237843
internal_weight=152.798 91.0578 61.7403 23.6575 77.6043 66.6569 38.0828 29.9574
internal_count=617 366 251 96 312 268 155 122
is_linear=0
shrinkage=0.03


Tree=15
num_leaves=7
num_cat=0
split_feature=5 16 36 36 28 18
split_gain=9.90218 6.12372 8.90585 7.9371 7.29688 5.33227
threshold=-0.099955742321292715 -32.495200670195885 0.0048865997776431375 0.0054006551830283649 5.5000000000000009 0.81733355642706151
decision_type=2 2 2 2 2 2
left_child=-1 3 4 -2 -3 -4
right_child=1 2 5 -5 -6 -7
leaf_value=0.02336127222021411 -0.0068723098622259877 -0.012876956219391108 -0.016142304469380638 0.025091864303076361 0.01637859349329256 -7.3940316848228956e-05
leaf_weight=11.161021187901495 11.596741303801538 9.155657038092615 61.552691236138344 11.962121695280073 21.286615937948227 28.972622066736221
leaf_count=45 47 37 249 48 86 117
internal_value=-0.00143368 -0.00374356 -0.0065499 0.00946422 0.00686608 -0.0112745
internal_weight=155.687 144.526 120.968 23.5589 30.4423 90.5253
internal_count=629 584 489 95 123 366
is_linear=0
shrinkage=0.03


Tree=16
num_leaves=11
num_cat=0
split_feature=23 28 15 3 16 15 15 36 23 21
split_gain=9.45181 7.1893 8.14462 7.20275 5.92332 5.83599 6.58593 6.47946 5.55621 0.0259768
threshold=0.94164069516237503 5.5000000000000009 110.74457039430011 0.054700880937579306 14.334315703395399 -47.155103743925707 32.303181743197108 0.0068774530163991298 1.006736722626977 0.016072558863475795
decision_type=2 2 2 2 2 2 2 2 2 2
left_child=5 2 4 8 -2 -1 9 -8 -3 -7
right_child=1 3 -4 -5 -6 6 7 -9 -10 -11
leaf_value=0.0078064716436548574 0.012085348385973197 0 -0.026679490553950767 -0.010358765020519162 -0.012374352497979694 -0.015061664780683118 -0.017627445321438947 0.0074735793997293496 0.022666797370230907 -0.037751833630230928
leaf_weight=10.116874992847441 20.663057297468185 13.628035947680472 9.41732110083103 9.1969228982925397 12.407706573605536 7.5767395943403226 18.114764213562012 14.557501405477522 32.12329863011837 7.8188020884990692
leaf_count=41 83 55 38 37 50 31 74 59 129 32
internal_value=-0.00138046 0.00420941 -0.00469796 0.0112834 0.00229835 -0.0108193 -0.0151943 -0.00622481 0.0161997 -0.0304629
internal_weight=155.621 97.4363 42.4881 54.9483 33.0708 58.1847 48.0678 32.6723 45.7513 15.3955
internal_count=629 392 171 221 133 237 196 133 184 63
is_linear=0
shrinkage=0.03


Tree=17
num_leaves=7
num_cat=0
split_feature=34 10 34 36 16 24
split_gain=13.2901 11.2746 6.18337 10.9346 7.06847 4.19581
threshold=0.034551093974205867 0.066350385896099109 0.0032294316815292272 0.0048661564967369562 -33.643617069630025 -0.011191268960414353
decision_type=2 2 2 2 2 2
left_child=1 2 4 -4 -1 -2
right_child=5 -3 3 -5 -6 -7
leaf_value=0.030644889759450865 -0.034260216022451245 -0.025546607891269026 0.013299053343037152 -0.011272276006355117 0.0054611433859896742 -0.0045160458945617309
leaf_weight=11.957524701952932 10.974971622228624 10.045218601822851 24.539873957633972 39.762839451432228 48.877180308103561 9.3548081964254362
leaf_count=48 45 41 99 161 197 38
internal_value=-0.00136974 0.00204146 0.00474107 -0.00155057 0.0114678 -0.0228755
internal_weight=155.512 135.183 125.137 64.3027 60.8347 20.3298
internal_count=629 546 505 260 245 83
is_linear=0
shrinkage=0.03


Tree=18
num_leaves=9
num_cat=0
split_feature=5 9 9 9 13 13 13 5
split_gain=9.13231 6.77681 12.6808 11.6306 10.5251 6.69923 5.81766 2.55918
threshold=-0.099955742321292715 0.03532125042376752 -0.025200242634856967 0.14242815889815916 -4.969045699068924 -5.4551394330095162 -0.27143945821825349 0.17521059734216152
decision_type=2 2 2 2 2 2 2 2
left_child=-1 2 6 4 -3 -4 -2 -5
right_child=1 3 5 7 -6 -7 -8 -9
leaf_value=0.022457513768046354 0.018405549333943259 -0.011675066797318889 0.00088204302690335248 -0.0034092059824318765 0.017047892767203223 -0.026016157679075946 -0.0062652265596719013 -0.029305492819197167
leaf_weight=11.167771860957144 13.139759987592699 13.368688523769377 9.3235039561986905 8.8250331431627291 41.49261449277401 33.691343441605568 17.103840842843056 7.2862535715103141
leaf_count=45 53 54 38 36 167 137 69 30
internal_value=-0.0013399 -0.00356705 -0.00989388 0.00285017 0.00962037 -0.0200726 0.00446494 -0.0178918
internal_weight=155.399 144.231 73.2584 70.9726 54.8613 43.0148 30.2436 16.1113
internal_count=629 584 297 287 221 175 122 66
is_linear=0
shrinkage=0.03


Tree=19
num_leaves=7
num_cat=0
split_feature=34 5 23 19 2 20
split_gain=12.5312 10.9022 7.61927 6.11079 4.35459 3.78553
threshold=0.034551093974205867 0.17521059734216152 0.92362555942943936 0.15007976314931978 -0.0023535200680473984 0.027343217841880468
decision_type=2 2 2 2 2 2
left_child=1 2 5 -4 -2 -1
right_child=4 -3 3 -5 -6 -7
leaf_value=0.0015549225348325676 -0.032493185598273841 -0.026881494263642575 0.0032827694846232964 0.020526689653508002 -0.0021634209713035984 -0.015616991268282096
leaf_weight=24.794470906257629 12.085053145885469 8.7378854453563672 55.439404591917992 28.827294945716858 8.1591399013996107 17.236506894230843
leaf_count=101 50 36 223 116 33 70
internal_value=-0.00130791 0.00199904 0.00450195 0.00969485 -0.0222371 -0.00553594
internal_weight=155.28 135.036 126.298 84.2667 20.2442 42.031
internal_count=629 546 510 339 83 171
is_linear=0
shrinkage=0.03


Tree=20
num_leaves=7
num_cat=0
split_feature=22 13 23 11 15 0
split_gain=9.14875 6.63128 6.25957 8.06758 6.81065 0.91691
threshold=-0.35500729748937609 9.4443501132098771 0.9448848108259178 0.048260685815590072 -42.654217290992293 -1.0000000180025095e-35
decision_type=2 2 2 2 2 2
left_child=5 2 4 -4 -2 -1
right_child=1 -3 3 -5 -6 -7
leaf_value=-0.025592998766026793 0.016639422890312425 -0.018864613624122801 0.0155845042093839 -0.0052659865034299022 -0.0092125703081995386 -0.0076542009319560227
leaf_weight=10.097409382462503 9.3861489146947843 10.374373808503149 53.921062126755714 21.326866388320923 41.957119196653366 10.38306552171707
leaf_count=41 38 42 217 86 172 42
internal_value=-0.000844582 0.00194096 0.00402954 0.00949751 -0.00375866 -0.0186558
internal_weight=157.446 136.966 126.591 75.2479 51.3433 20.4805
internal_count=638 555 513 303 210 83
is_linear=0
shrinkage=0.03


Tree=21
num_leaves=9
num_cat=0
split_feature=26 21 21 36 19 16 18 25
split_gain=7.12027 6.05361 9.75858 15.2422 8.67886 6.23331 4.87819 1.82299
threshold=0.51042118975249684 0.024842541932467047 0.016396807495969161 0.0078623172955767425 0.12377885876255841 -9.2316119143713653 0.83653170355761108 0.15880991084183047
decision_type=2 2 2 2 2 2 2 2
left_child=1 2 3 -1 -4 -3 -7 -2
right_child=7 5 4 -5 -6 6 -8 -9
leaf_value=0.011729186417269818 0.0025391048207732535 0.021077294551290524 -0.0024598306667018674 -0.028835300046289061 -0.026562809418057772 -0.015312497493906741 0.012545536967486436 0.021051390897678709
leaf_weight=36.385004907846451 11.348731338977815 13.892050251364706 27.473121970891953 8.5808432698249799 28.597383305430412 11.57539811730385 7.3831512778997412 12.146951854228972
leaf_count=147 46 56 111 35 117 47 30 49
internal_value=-0.000838338 -0.00364511 -0.00732876 0.00277059 -0.0155027 0.00702441 -0.00358596 0.0135986
internal_weight=157.383 133.887 101.036 44.9658 56.0705 32.8506 18.9585 23.4957
internal_count=638 543 410 182 228 133 77 95
is_linear=0
shrinkage=0.03


Tree=22
num_leaves=8
num_cat=0
split_feature=34 10 36 36 20 5 26
split_gain=9.58729 9.29674 8.40648 7.73436 6.94656 6.26107 5.2389
threshold=0.026408176255276809 0.059402996667440318 0.0080627815361906854 0.0074077736295704681 0.022950169158050728 0.051807793822015953 0.49836601307189549
decision_type=2 2 2 2 2 2 2
left_child=1 2 6 5 -4 -2 -1
right_child=3 -3 4 -5 -6 -7 -8
leaf_value=0.00603846529457983 -0.033455792905205145 -0.019344994680218719 -0.026442631504565127 0.0077639135649796064 0.0072433760257462265 -0.0014878789904585667 0.02553487731577617
leaf_weight=78.607714086771011 15.460922762751581 12.614270448684691 10.021517977118494 8.407119542360304 7.9265559911727896 9.8386651277542096 14.405247434973715
leaf_count=317 64 52 41 34 32 40 58
internal_value=-0.000810025 0.00300187 0.00597263 -0.0145906 -0.011579 -0.0225931 0.00968976
internal_weight=157.282 123.575 110.961 33.7067 17.9481 25.2996 93.013
internal_count=638 500 448 138 73 104 375
is_linear=0
shrinkage=0.03


Tree=23
num_leaves=8
num_cat=0
split_feature=34 36 21 28 36 5 21
split_gain=9.08604 8.07973 9.08694 10.6314 7.38624 5.96624 5.20859
threshold=0.026408176255276809 0.0096139401308158283 0.016396807495969161 6.5000000000000009 0.0074077736295704681 0.051807793822015953 0.012550553599363853
decision_type=2 2 2 2 2 2 2
left_child=1 2 6 -4 5 -2 -1
right_child=4 -3 3 -5 -6 -7 -8
leaf_value=0 -0.032726395271747991 -0.023057801969576845 -0.010813866398984354 0.01004665326230404 0.0075725035637082584 -0.0014509560443435156 0.025496054726172484
leaf_weight=9.1378345042467135 15.377186179161074 7.8035737723112097 40.912360787391663 43.079187959432602 8.4115230292081815 9.8372778594493848 22.595169335603714
leaf_count=37 64 32 166 174 34 40 91
internal_value=-0.000796838 0.00290936 0.00514978 0 -0.0142319 -0.022079 0.0183028
internal_weight=157.154 123.528 115.725 83.9915 33.626 25.2145 31.733
internal_count=638 500 468 340 138 104 128
is_linear=0
shrinkage=0.03


Tree=24
num_leaves=9
num_cat=0
split_feature=34 10 23 11 11 15 9 9
split_gain=8.61086 8.6384 7.33716 6.27934 10.3208 5.44941 3.70024 0.948504
threshold=0.026408176255276809 0.059402996667440318 0.87428564927935359 0.025393418056338771 0.069132866212888514 -21.837743257238067 0.028976539698238324 -0.0049693401449768275
decision_type=2 2 2 2 2 2 2 2
left_child=1 2 6 7 -5 -4 -1 -2
right_child=3 -3 5 4 -6 -7 -8 -9
leaf_value=-0.015189576310483441 -0.011171385297312854 -0.01876159340095488 0.00038307096882411301 0.015329692281720302 -0.025845345906362154 0.016588750528579731 0.0044924954615981382 -0.03586885774079282
leaf_weight=16.877400159835819 7.4949379712343216 12.558022886514662 32.970186308026314 11.370071411132814 7.2268328517675391 48.23611968755722 12.849614694714544 7.4475479573011381
leaf_count=69 31 52 133 46 30 194 52 31
internal_value=-0.000785163 0.00281765 0.00568231 -0.0138848 -0.000898757 0.0103568 -0.00646225 -0.0271474
internal_weight=157.031 123.491 110.933 33.5394 18.5969 81.2063 29.727 14.9425
internal_count=638 500 448 138 76 327 121 62
is_linear=0
shrinkage=0.03


Tree=25
num_leaves=10
num_cat=0
split_feature=34 23 11 15 38 15 36 36 21
split_gain=11.9355 9.89575 9.6232 13.2004 5.41143 4.6158 6.96124 5.33359 2.0163
threshold=0.036878931604569794 0.96317571166387217 0.0055800507228300775 147.13152084415171 0.0083668391298453212 32.303181743197108 0.0055349937015149574 0.0071701010779905714 0.015568156119563985
decision_type=2 2 2 2 2 2 2 2 2
left_child=1 5 4 -4 -3 7 -7 -1 -2
right_child=8 2 3 -5 -6 6 -8 -9 -10
leaf_value=-0.0013985998670353141 -0.00507621772953045 0.012620604215646005 0.028679629425664245 -0.0087984270806256565 -0.010518661028830768 -0.01256851122667044 0.012853703318870088 -0.028335850857931069 -0.030191375629915057
leaf_weight=16.676293209195141 7.3250440061092403 13.195328295230864 33.065341472625732 9.380940228700636 20.346662223339081 14.541648492217062 20.941145822405815 10.886936917901037 9.5188497304916364
leaf_count=68 30 53 133 38 82 60 85 45 40
internal_value=0.000556314 0.00363696 0.0108637 0.020036 -0.000795756 -0.00490896 0.00192021 -0.0137428 -0.0217633
internal_weight=155.878 139.034 75.9883 42.4463 33.542 63.046 35.4828 27.5632 16.8439
internal_count=634 564 306 171 135 258 145 113 70
is_linear=0
shrinkage=0.03


Tree=26
num_leaves=11
num_cat=0
split_feature=23 3 3 21 9 40 40 22 35 23
split_gain=10.4819 5.15172 7.86229 9.02068 5.74587 4.59214 5.05435 5.33588 3.7177 1.24902
threshold=0.96317571166387217 0.021045204841044444 -0.015874182483276929 0.023520568092933503 0.084294555726143958 0.048371067203485836 0.029157156148791333 -0.044254815517973493 -0.019946893251553795 1.0528075503551806
decision_type=2 2 2 2 2 2 2 2 2 2
left_child=1 2 3 -1 -3 6 7 -2 -4 -7
right_child=5 4 8 -5 -6 9 -8 -9 -10 -11
leaf_value=-0.025618290152916237 0.016965386736670522 -0.030655713892422651 -0.0052409382950685292 0.0094900764447197021 0 0.0047511591533777459 -0.011780900647714917 -0.0018892787302800841 0.016741203867195142 0.024319343230617053
leaf_weight=16.513067439198498 24.772977352142334 12.894983321428301 8.3061990886926669 8.1406998783349973 8.6807162761688215 7.6476558446884182 13.397297993302343 24.007478162646294 17.166143283247948 14.1672176271677
leaf_count=69 100 53 34 33 36 31 54 97 70 57
internal_value=0.000509456 -0.00769804 -0.00184527 -0.0136205 -0.0193493 0.00770645 0.00301794 0.00768167 0.00916741 0.0190643
internal_weight=155.694 71.7018 50.1261 24.6538 21.5757 83.9926 62.1778 48.7805 25.4723 21.8149
internal_count=634 295 206 102 89 339 251 197 104 88
is_linear=0
shrinkage=0.03


Tree=27
num_leaves=9
num_cat=0
split_feature=34 11 13 35 14 38 22 21
split_gain=11.258 8.73554 8.11316 8.0242 7.23863 4.65163 4.21041 1.90524
threshold=0.036878931604569794 0.0079758456964365027 -0.27143945821825349 0.061918847845922616 176.21670057568102 0.0085487765347508401 -0.14138511361946307 0.015568156119563985
decision_type=2 2 2 2 2 2 2 2
left_child=1 2 6 4 -3 -4 -1 -2
right_child=7 3 5 -5 -6 -7 -8 -9
leaf_value=-0.0060574594089737544 -0.0049347874771289765 0.017756126668851797 -0.00026903263747480997 -0.016430738149049284 -0.0028538792137634277 -0.023377469288692915 0.018399432993823465 -0.029482026709052561
leaf_weight=8.6174495220184344 7.3157902657985714 57.854919359087944 14.589181646704672 7.4292091578245154 18.363362491130829 19.348938688635826 12.607835516333578 9.4454249888658506
leaf_count=35 30 234 59 31 75 79 51 40
internal_value=0.000490291 0.00348455 -0.00549453 0.00957119 0.0126528 -0.0144289 0.00815754 -0.0212356
internal_weight=155.572 138.811 55.1634 83.6475 76.2183 33.9381 21.2253 16.7612
internal_count=634 564 224 340 309 138 86 70
is_linear=0
shrinkage=0.03


Tree=28
num_leaves=10
num_cat=0
split_feature=34 11 24 18 12 9 38 22 21
split_gain=10.7275 8.23552 8.20988 5.58257 10.0811 6.50767 4.06083 3.98188 1.81784
threshold=0.036878931604569794 0.0079758456964365027 -0.1350731707317073 0.73454543839385833 52.408190178423283 0.13694843093114076 0.0084647347798368234 -0.045759799262063132 0.015568156119563985
decision_type=2 2 2 2 2 2 2 2 2
left_child=1 2 6 4 -3 -5 -1 -4 -2
right_child=8 3 7 5 -6 -7 -8 -9 -10
leaf_value=0.020949550576896608 -0.0048210036228531206 0.013166652968529162 -0.0025590930200810693 0.02772345209470738 -0.012849076727528233 0 -0.0022628837921305732 -0.024661127051019371 -0.028905069136836013
leaf_weight=9.4050887227058428 7.3110778778791454 31.26112188398838 16.002247273921967 21.279193535447121 20.184065923094749 10.889011442661284 13.520456597208975 16.188667073845863 9.3857657462358457
leaf_count=38 30 127 65 86 82 45 55 66 40
internal_value=0.000440537 0.00336352 -0.00535418 0.00927611 0.00258008 0.0187679 0.00757498 -0.0149052 -0.0208054
internal_weight=155.427 138.73 55.1165 83.6134 51.4452 32.1682 22.9255 32.1909 16.6968
internal_count=634 564 224 340 209 131 93 131 70
is_linear=0
shrinkage=0.03


Tree=29
num_leaves=10
num_cat=0
split_feature=34 11 15 16 24 34 38 11 20
split_gain=10.2409 7.79303 9.01945 9.26284 7.80159 3.98795 3.8658 3.80061 1.12218
threshold=0.036878931604569794 0.0079758456964365027 147.13152084415171 12.892313845502342 -0.1350731707317073 0.012738159111859939 0.0084647347798368234 0.089525987500072693 0.023790443612724577
decision_type=2 2 2 2 2 2 2 2 2
left_child=1 4 3 -3 6 -6 -1 -4 -2
right_child=8 2 7 -5 5 -7 -8 -9 -10
leaf_value=0.020424557445164027 -0.0067174490517572169 0.0068376759918881581 -0.017387975021321337 0.03344791815424504 -0.0062382181121195326 -0.030488162713515492 -0.0022040318766600436 0.0044177738744486557 -0.027859218764338389
leaf_weight=9.4087782651186007 7.9292296320199993 43.359578549861908 11.198175802826883 16.26715162396431 23.588061690330505 8.5552244633436185 13.51846858859062 12.766154706478117 8.7011824995279294
leaf_count=38 33 176 46 66 96 35 55 52 37
internal_value=0.000409769 0.00326513 0.00901842 0.0151907 -0.0052149 -0.0145397 0.0073741 -0.0057485 -0.0203874
internal_weight=155.292 138.662 83.5911 59.6267 55.0705 32.1433 22.9272 23.9643 16.6304
internal_count=634 564 340 242 224 131 93 98 70
is_linear=0
shrinkage=0.03


Tree=30
num_leaves=7
num_cat=0
split_feature=34 10 15 36 24 11
split_gain=6.14861 6.87431 7.39133 7.89949 6.55138 6.48563
threshold=0.036878931604569794 0.059402996667440318 41.505982903711548 0.00452127651180798 -0.27125572269457154 -0.010226987077238679
decision_type=2 2 2 2 2 2
left_child=1 2 5 -4 -2 -1
right_child=4 -3 3 -5 -6 -7
leaf_value=0.006450565262660731 -0.033135550755954299 -0.016062198214208422 -0.009408615357082914 0.019426409029769026 0.0012225433249043473 -0.011341588737077376
leaf_weight=42.45529992878437 7.4048834294080761 13.049347624182699 8.6112694740295392 41.028979480266571 8.6824536621570569 29.295882731676102
leaf_count=172 32 54 35 166 36 119
internal_value=0.000639726 0.00290347 0.00529111 0.0139632 -0.0156782 -0.000721117
internal_weight=150.528 134.441 121.391 49.6402 16.0873 71.7512
internal_count=614 546 492 201 68 291
is_linear=0
shrinkage=0.03


Tree=31
num_leaves=13
num_cat=0
split_feature=28 21 21 40 34 36 17 21 36 3 4 24
split_gain=5.85006 9.14802 8.24371 7.4993 5.27555 5.09727 4.64981 4.69526 4.11615 3.52051 2.71587 1.4314
threshold=5.5000000000000009 0.018512641807684513 0.016396807495969161 0.057408125672004047 0.0055187001706930036 0.0064025124615287952 10.421277060877197 0.018121852691709805 0.0052773244374196317 0.025616162734161566 0.0044177061391229575 0.26631642756112356
decision_type=2 2 2 2 2 2 2 2 2 2 2 2
left_child=3 2 5 6 11 -2 7 -1 -6 -5 -4 -3
right_child=1 4 10 9 8 -7 -8 -9 -10 -11 -12 -13
leaf_value=-0.0054878553557606447 0.017543512630463401 0.032647377504036845 -0.00050202833570742037 0.020920220395390047 0.015720811890640986 -0.0063235443615486117 0.0058865216964038456 -0.02840529485206358 -0.0074884472938117593 -0.0036175688787454729 -0.02551075635493847 0.0090303884404766693
leaf_weight=19.862214356660843 15.27289140224457 12.362859606742861 7.2899423688650158 8.8571806848049182 11.561405986547472 12.41810058057308 7.6484149992465964 16.593330085277557 11.285820066928862 7.5789023190736762 12.001029789447783 7.6737418770790091
leaf_count=81 62 50 30 36 47 51 31 68 46 31 50 31
internal_value=0.000598 0.005497 -0.00336832 -0.00637748 0.015261 0.00663008 -0.012826 -0.017244 0.00397252 0.0096269 -0.0176996 0.0259236
internal_weight=150.406 89.8658 46.982 60.54 42.8838 27.691 44.104 36.4555 22.8472 16.4361 19.291 20.0366
internal_count=614 367 193 247 174 113 180 149 93 67 80 81
is_linear=0
shrinkage=0.03


Tree=32
num_leaves=11
num_cat=0
split_feature=28 21 21 20 21 20 16 25 19 22
split_gain=5.53741 8.71416 7.84198 6.8949 10.8806 6.36418 4.84917 4.27947 3.97562 2.11334
threshold=5.5000000000000009 0.018512641807684513 0.016396807495969161 0.035392896432500397 0.0195663616130635 0.020468919965770792 4.6793978766784621 0.082744111935467823 0.098530261018752549 0.34006190923471563
decision_type=2 2 2 2 2 2 2 2 2 2
left_child=3 2 5 4 8 -2 -4 -3 -1 -9
right_child=1 7 6 -5 -6 -7 -8 9 -10 -11
leaf_value=0.012015998743180109 -0.0046718981139817909 -0.0019152958762131251 0 0.01217150731361726 -0.029459957373260022 0.022369453177612533 -0.029018541051152549 0.023368347506272501 -0.0085231592992477279 0.0021952699176200872
leaf_weight=11.819446399807932 16.579998716712002 8.8633904904127103 8.5128796249628085 12.05767799913883 16.802760437130928 11.097121998667715 10.733956664800642 26.586053118109703 19.79683119058609 7.416538178920745
leaf_count=48 68 36 35 49 69 45 45 108 81 30
internal_value=0.000584068 0.00535443 -0.00329882 -0.00620309 -0.0113777 0.00644172 -0.0172996 0.014886 -0.00014051 0.0195453
internal_weight=150.267 89.7899 46.924 60.4767 48.419 27.6771 19.2468 42.866 31.6163 34.0026
internal_count=614 367 193 247 198 113 80 174 129 138
is_linear=0
shrinkage=0.03


Tree=33
num_leaves=7
num_cat=0
split_feature=34 10 21 36 34 0
split_gain=5.7325 6.2055 6.20534 7.76103 4.54303 4.06974
threshold=0.036878931604569794 0.059402996667440318 0.025498880382915402 0.0078623172955767425 -0.0014976955837296411 -0.0025406149073728397
decision_type=2 2 2 2 2 2
left_child=1 2 3 -1 -4 -2
right_child=5 -3 4 -5 -6 -7
leaf_value=0.0049891334152729512 -0.027931046636335811 -0.015308927027741949 0.028106449565121643 -0.017268522281575722 0.0036306403309335307 0
leaf_weight=76.154318392276764 8.0478717684745771 12.965758383274077 13.793634071946146 15.125273257493971 16.118440762162209 7.9349782466888419
leaf_count=309 35 54 56 62 65 33
internal_value=0.000563501 0.00275247 0.00502371 0.000848998 0.0164416 -0.0152388
internal_weight=150.14 134.157 121.192 91.2796 29.9121 15.9829
internal_count=614 546 492 371 121 68
is_linear=0
shrinkage=0.03


Tree=34
num_leaves=13
num_cat=0
split_feature=28 21 21 40 6 17 21 37 36 41 40 4
split_gain=5.18072 7.99767 7.47726 7.02002 5.83286 4.36558 4.32256 3.70701 2.94297 5.42297 4.25124 2.44398
threshold=5.5000000000000009 0.018512641807684513 0.016396807495969161 0.057408125672004047 -0.0041239095171525719 10.421277060877197 0.018121852691709805 0.067332747449474831 0.0052773244374196317 1.0000000180025095e-35 0.023289944971519042 0.0044177061391229575
decision_type=2 2 2 2 2 2 2 2 2 2 2 2
left_child=3 2 4 5 -2 6 -1 -5 10 -10 -3 -4
right_child=1 8 11 7 -6 -7 -8 -9 9 -11 -12 -13
leaf_value=-0.0052761496622371444 -0.0091363765507386768 0.0053846415313301352 -0.00044019318803075375 0.021296920878943561 0.016868552082232906 0.0057902540874481727 -0.02736037793020462 -0.0038969800016534564 0.023619937204272922 -0.0024901664290242708 0.03863612217303513 -0.024308412807769759
leaf_weight=19.834295928478241 10.690751984715464 8.6142740547657031 7.2852481454610851 8.649511858820917 16.945478990674019 7.6436370462179175 16.479186803102493 7.7493170201778403 8.751511216163637 18.032916054129601 7.4325239211320868 11.888316646218298
leaf_count=81 44 35 30 35 69 31 68 32 36 73 30 50
internal_value=0.000535863 0.00515708 -0.00313574 -0.00603231 0.00636502 -0.0122932 -0.0165946 0.00944674 0.0142904 0.0065683 0.0241921 -0.016846
internal_weight=149.997 89.641 46.8098 60.3559 27.6362 43.9571 36.3135 16.3988 42.8312 26.7844 16.0468 19.1736
internal_count=614 367 193 247 113 180 149 67 174 109 65 80
is_linear=0
shrinkage=0.03


Tree=35
num_leaves=11
num_cat=0
split_feature=21 19 20 15 19 22 11 22 19 35
split_gain=10.7829 10.0274 9.21413 8.26755 5.53607 5.16233 4.10053 3.71185 3.24063 1.17101
threshold=0.024842541932467047 0.12438412337277494 0.026676144960373734 209.29870628426104 0.13989114475500561 -0.35500729748937609 0.027708328799751495 -0.13365624945490431 0.21561791375069997 0.0080218416393882403
decision_type=2 2 2 2 2 2 2 2 2 2
left_child=1 5 4 6 -3 -1 8 -7 -2 -4
right_child=3 2 9 -5 -6 7 -8 -9 -10 -11
leaf_value=-0.01637459581521352 -0.0028855852112152961 -0.021557157210814474 -0.011531662124841505 -0.010796768175713895 0.0061452627831445304 0.019551093621544807 0.03128879029728502 0.0013215857056189128 0.020253616576308853 -0.034229830718285115
leaf_weight=9.0726532489061338 9.8331173658371025 7.2490961998701122 8.3611786365509051 8.4493434727191907 18.994568809866905 11.779011204838751 13.788165882229803 46.688189223408699 7.3955586701631537 14.824073284864424
leaf_count=37 40 30 34 35 78 48 56 191 30 62
internal_value=-0.000479577 -0.00515517 -0.0151808 0.0125963 -0.00196034 0.00219198 0.0196912 0.00576743 0.00734052 -0.0282057
internal_weight=156.435 116.969 49.4289 39.4662 26.2437 67.5399 31.0168 58.4672 17.2287 23.1853
internal_count=641 480 204 161 108 276 126 239 70 96
is_linear=0
shrinkage=0.03


Tree=36
num_leaves=10
num_cat=0
split_feature=21 19 36 20 15 25 17 37 37
split_gain=10.2415 9.55779 10.431 8.78729 7.87402 6.81154 5.82249 4.23746 6.03293
threshold=0.024842541932467047 0.12438412337277494 0.0078623172955767425 0.026676144960373734 209.29870628426104 0.28513356562137054 -0.20154193942145679 -0.016029189049153954 0.018550019337562954
decision_type=2 2 2 2 2 2 2 2 2
left_child=1 2 6 5 7 -3 -1 -2 -9
right_child=4 3 -4 -5 -6 -7 -8 8 -10
leaf_value=0.018579921405773751 0.03755539319393731 0.010139166263168724 -0.01961535696690183 -0.027594107791531378 -0.010546723799669318 -0.01846054022344509 -0.00028217194270211565 -0.007762951818347864 0.020946363727002263
leaf_weight=24.226768299937248 7.3550345003604916 15.094968989491464 13.301009491086004 23.088598027825356 8.4377656877040845 11.137016266584395 30.010300204157829 8.334562152624132 15.304194852709768
leaf_count=99 30 62 55 96 35 46 122 34 62
internal_value=-0.000473055 -0.00503422 0.00213012 -0.0148378 0.0122728 -0.00191937 0.00823761 0.0192026 0.010423
internal_weight=156.29 116.859 67.5381 49.3206 39.4316 26.232 54.2371 30.9938 23.6388
internal_count=641 480 276 204 161 108 221 126 96
is_linear=0
shrinkage=0.03


Tree=37
num_leaves=11
num_cat=0
split_feature=21 19 36 20 18 17 19 19 36 26
split_gain=9.72763 9.05108 9.89571 8.35282 7.51496 5.50912 5.47596 5.24531 1.59078 1.31884
threshold=0.024842541932467047 0.12438412337277494 0.0078623172955767425 0.026676144960373734 0.38420027242545457 -0.20154193942145679 0.18922506875572689 0.13989114475500561 0.006173882116836441 0.14733398556927971
decision_type=2 2 2 2 2 2 2 2 2 2
left_child=1 2 5 7 -2 -1 -6 -3 -8 -5
right_child=4 3 -4 9 6 -7 8 -9 -10 -11
leaf_value=0.018059299183076822 0.030906685991408923 -0.020987296156991266 -0.019152508499457752 -0.0096926108408008898 0.015415048882558461 -0.00027423721667387376 0 0.0059999059618583558 -0.017407164657063906 -0.032635263033792071
leaf_weight=24.234954312443733 11.08362792432308 7.2244019508361843 13.262690365314482 7.7015191763639477 13.718605175614359 30.010144755244255 7.3030359148979169 18.99641090631485 7.2889400273561478 15.287794098258017
leaf_count=99 45 30 55 32 56 122 30 78 30 64
internal_value=-0.00046144 -0.00491211 0.00205283 -0.0144667 0.0119629 0.00800081 0.0025016 -0.00186454 -0.0091296 -0.0269405
internal_weight=156.112 116.718 67.5078 49.2101 39.3942 54.2451 28.3106 26.2208 14.592 22.9893
internal_count=641 480 276 204 161 221 116 108 60 96
is_linear=0
shrinkage=0.03


Tree=38
num_leaves=9
num_cat=0
split_feature=14 2 17 35 22 36 36 24
split_gain=4.51214 5.17237 6.44323 4.40209 4.10017 3.98026 5.72566 1.70155
threshold=208.54548267361272 0.032548035751008182 -0.20154193942145679 0.056583047709623642 -0.048700434372764771 0.0050177200738143321 0.0069995519183116096 -0.10743575724439583
decision_type=2 2 2 2 2 2 2 2
left_child=1 2 3 -1 -4 -3 -7 -2
right_child=7 5 4 -5 -6 6 -8 -9
leaf_value=0.0087396351371723073 -0.00069872148244480548 0.028183402803350469 0 -0.01000215497102006 -0.016369366386849979 -0.0099830700579706128 0.02093602659052466 -0.022044055450126325
leaf_weight=51.07851642370224 7.2132550477981594 8.1366373449563998 22.095523044466972 11.875553235411642 28.77174486219883 10.277040973305704 7.3617480397224417 9.1050165742635709
leaf_count=210 30 33 90 50 118 42 30 38
internal_value=-0.000460737 0.00126048 -0.00143014 0.00477416 -0.00928253 0.0129294 0.0029755 -0.014534
internal_weight=155.915 139.597 113.821 62.9541 50.8673 25.7754 17.6388 16.3183
internal_count=641 573 468 260 208 105 72 68
is_linear=0
shrinkage=0.03


Tree=39
num_leaves=10
num_cat=0
split_feature=21 19 36 14 17 21 2 11 10
split_gain=9.21246 8.5079 9.37475 7.00324 5.11154 4.71087 4.68046 3.65196 3.8291
threshold=0.024842541932467047 0.12438412337277494 0.0078623172955767425 293.43828919195136 1.4587921631672496 0.016396807495969161 0.033488307282755099 0.027708328799751495 -0.0093751986408138182
decision_type=2 2 2 2 2 2 2 2 2
left_child=1 2 4 7 -1 -3 -7 8 -2
right_child=3 5 -4 -5 -6 6 -8 -9 -10
leaf_value=0.015588002101042771 0.019573065213801373 0 -0.018703620310258424 -0.011698096007523331 -0.0020826928028124785 -0.024944412768947242 0 0.027510081190519425 -0.0060581998237677747
leaf_weight=30.377684623003006 7.4025164842605582 13.729679599404333 13.222410276532171 7.1522033661603919 23.846718847751617 27.822527453303337 7.5081976503133765 15.684610292315481 9.0748991370201129
leaf_count=124 30 56 55 30 97 117 31 64 37
internal_value=-0.000448183 -0.0047855 0.00196061 0.0116518 0.00775237 -0.0140672 -0.019602 0.0176643 0.00551712
internal_weight=155.821 116.507 67.4468 39.3142 54.2244 49.0604 35.3307 32.162 16.4774
internal_count=641 480 276 161 221 204 148 131 67
is_linear=0
shrinkage=0.03


Tree=40
num_leaves=10
num_cat=0
split_feature=21 21 21 21 40 11 10 5 5
split_gain=6.96346 6.76287 7.98783 6.79523 6.14887 6.87183 3.67249 2.89157 0.00968309
threshold=0.024566045606210025 0.019822382813922561 0.018615619777707305 0.016347563864838138 -0.0095946939407464665 0.036828912566368895 0.0070692271624636102 -0.011988410650040636 0.049833552870593441
decision_type=2 2 2 2 2 2 2 2 2
left_child=1 2 3 -1 -2 6 -6 -3 -9
right_child=4 7 -4 -5 5 -7 -8 8 -10
leaf_value=0.0013016653143996366 0.027925811858265061 -0.0025024413662231011 0.019877176654683158 -0.016857953701082267 0 -0.014299504213859076 0.026059056313066667 -0.032346054818637962 -0.012249285937728721
leaf_weight=51.599096566438675 9.4959439039230329 9.1656341105699557 11.784009113907812 25.664750263094902 8.8122311383485847 11.920174494385718 7.8500104695558539 7.7632550597190839 7.2432199865579605
leaf_count=211 39 38 48 107 36 49 32 32 30
internal_value=-0.00134582 -0.00516041 -0.00101722 -0.00481434 0.00931354 0.00121763 0.0134651 -0.0186063 -0.0261092
internal_weight=151.298 113.22 89.0479 77.2638 38.0784 28.5824 16.6622 24.1721 15.0065
internal_count=622 466 366 318 156 117 68 100 62
is_linear=0
shrinkage=0.03


Tree=41
num_leaves=10
num_cat=0
split_feature=21 21 21 21 14 37 17 8 5
split_gain=6.63488 6.49135 7.58436 8.2154 5.96212 4.89371 4.51603 3.33825 2.76224
threshold=0.024566045606210025 0.019822382813922561 0.018346272759051482 0.016347563864838138 250.12190396831105 -0.01249855525546034 3.057028074016984 0.011350878994837393 -0.011988410650040636
decision_type=2 2 2 2 2 2 2 2 2
left_child=1 2 3 -1 5 -2 -7 -4 -3
right_child=4 8 7 -5 -6 6 -8 -9 -10
leaf_value=0.0012640256801121927 0.034160899694888981 -0.0024414862249174767 0 -0.019642305025531916 -0.011421940140573125 0.017876752509165608 -0.0063193862213112208 0.028289312669397375 -0.025574143336865321
leaf_weight=51.601053059101105 7.2762658596038845 9.1626141965389269 7.3261974155902845 22.222408205270767 7.6847402453422538 12.22580060362816 10.861950024962423 7.8458924889564514 14.964310094714163
leaf_count=211 30 38 30 93 32 50 44 32 62
internal_value=-0.00130897 -0.00503634 -0.000974711 -0.0051835 0.00909638 0.0151377 0.00629915 0.0168492 -0.0182226
internal_weight=151.171 113.122 88.9956 73.8235 38.0488 30.364 23.0878 15.1721 24.1269
internal_count=622 466 366 304 156 124 94 62 100
is_linear=0
shrinkage=0.03


Tree=42
num_leaves=11
num_cat=0
split_feature=34 38 38 28 20 11 9 17 11 7
split_gain=5.74502 9.56263 13.4113 10.7615 6.51009 6.27947 5.30742 4.2021 3.99708 3.06238
threshold=-0.0006112377013928193 0.0085487765347508401 0.0077355773129733577 10.500000000000002 0.022736811512062628 -0.020881716310452599 0.13162227365948154 -2.663501893832247 0.04254854443449186 -0.0073029500279661068
decision_type=2 2 2 2 2 2 2 2 2 2
left_child=4 2 8 7 5 -1 9 -3 -2 -6
right_child=1 3 -4 -5 6 -7 -8 -9 -10 -11
leaf_value=0.011873731868316586 0.0016854436691098613 -0.0055438136814420069 0.029291564330938349 0.011926058048784029 0.0048549700546393314 -0.019598488516747913 -0.0056374440571238978 -0.026423619009036069 -0.020185571144869359 0.027434250609398417
leaf_weight=7.3233848959207561 18.026515498757366 16.607563093304634 12.022222697734831 10.021657466888426 11.703740462660791 11.976653411984442 7.9721939712762824 29.416811153292656 9.4674925655126554 16.466533184051514
leaf_count=30 74 70 49 41 48 49 33 122 39 67
internal_value=-0.00126278 -0.00575964 0.00513073 -0.0136087 0.00615766 -0.00695857 0.0135526 -0.0197463 -0.0061953 0.0194942
internal_weight=151.005 95.5623 39.5162 56.046 55.4425 19.3 36.1425 46.0244 27.494 28.1703
internal_count=622 395 162 233 227 79 148 192 113 115
is_linear=0
shrinkage=0.03


Tree=43
num_leaves=8
num_cat=0
split_feature=21 20 36 34 14 21 9
split_gain=6.14215 6.79886 5.92084 5.88051 5.65071 2.98993 0.45118
threshold=0.024566045606210025 0.029697870147686344 0.0078203090662380126 0.00086294564608435664 250.12190396831105 0.02938583618889538 0.038953266219843387
decision_type=2 2 2 2 2 2 2
left_child=1 2 3 -1 5 6 -2
right_child=4 -3 -4 -5 -6 -7 -8
leaf_value=0.012492144070861287 0.0097774508529868201 -0.02319322231024936 -0.019011682034842714 -0.0039215953272677823 -0.011168503980051892 0.0022760102168430545 0.029062875369357623
leaf_weight=26.642605200409889 8.0908981412649208 13.774091407656668 13.219747066497801 59.269504189491272 7.6626293361186972 13.508466050028799 8.6888410001993162
leaf_count=108 33 58 55 245 32 55 36
internal_value=-0.00121669 -0.00480977 -0.00169897 0.00116632 0.00880312 0.0146991 0.0225941
internal_weight=150.857 112.906 99.1319 85.9121 37.9508 30.2882 16.7797
internal_count=622 466 408 353 156 124 69
is_linear=0
shrinkage=0.03


Tree=44
num_leaves=10
num_cat=0
split_feature=21 21 21 38 15 37 17 13 21
split_gain=5.85533 6.02035 6.97583 6.86167 5.1101 3.90405 4.94354 2.17962 1.38898
threshold=0.024566045606210025 0.019822382813922561 0.018615619777707305 0.009059780369120413 211.82063334807677 -0.015033077603841092 3.057028074016984 3.9450985262848133 0.021395993252654063
decision_type=2 2 2 2 2 2 2 2 2
left_child=1 2 3 -1 5 -2 -7 8 -3
right_child=4 7 -4 -5 -6 6 -8 -9 -10
leaf_value=0.0025844500290152397 0.030310785676285496 -0.032595225860771827 0.018733132130449952 -0.015129829863021629 -0.011016892449675006 0.018792814006337609 -0.0066660914615076202 -0.0012129528625740679 -0.0090480497406652972
leaf_weight=46.946301564574242 7.9395239651203182 7.5989912897348466 11.78056228160858 30.091555312275887 7.1584525257349005 11.224759459495546 11.577412858605383 7.5134950727224341 8.8624525070190412
leaf_count=193 33 32 48 125 30 46 47 31 37
internal_value=-0.0011801 -0.00469184 -0.00078054 -0.00435286 0.00860647 0.0140279 0.00576652 -0.0174285 -0.0230841
internal_weight=150.694 112.793 88.8184 77.0379 37.9001 30.7417 22.8022 23.9749 16.4614
internal_count=622 466 366 318 156 126 93 100 69
is_linear=0
shrinkage=0.03


Tree=45
num_leaves=10
num_cat=0
split_feature=11 11 4 21 15 33 37 3 19
split_gain=6.33081 13.639 8.76817 7.74422 5.59743 5.41511 5.2462 3.32377 0.899222
threshold=0.0055800507228300775 -0.010226987077238679 0.048920508029087879 0.016488347761065454 237.58649452913588 0.89719323788724437 0.0030519384751245275 0.0493605706326763 0.11744713973195371
decision_type=2 2 2 2 2 2 2 2 2
left_child=1 2 3 -1 5 6 -2 -7 -3
right_child=4 8 -4 -5 -6 7 -8 -9 -10
leaf_value=0.021483061531842575 0.014394823671068424 -0.039525042591742707 -0.022292389745013057 -0.0042701293835116444 -0.014990649436247666 0.031816608585155164 -0.0028756101419197544 0.0025019891161858461 -0.013563125623151984
leaf_weight=16.777302712202072 21.447739496827126 7.6832243204116804 9.6320190429687482 21.008877202868462 9.4289398044347745 9.4945219457149523 44.596867457032204 7.2472073733806601 7.7478816658258438
leaf_count=68 89 32 40 87 40 39 184 30 32
internal_value=-0.000401405 -0.00769637 0.00032048 0.00729256 0.0044691 0.00716371 0.00277071 0.0215483 -0.0304021
internal_weight=155.065 62.8493 47.4182 37.7862 92.2153 82.7863 66.0446 16.7417 15.4311
internal_count=641 259 195 155 382 342 273 69 64
is_linear=0
shrinkage=0.03


Tree=46
num_leaves=6
num_cat=0
split_feature=18 39 21 21 6
split_gain=5.88768 5.29978 7.76219 10.4849 6.00088
threshold=0.99183718895299344 1.0000000180025095e-35 0.016396807495969161 0.012550553599363853 0.029730913916326814
decision_type=2 2 2 2 2
left_child=1 -1 3 -3 -4
right_child=-2 2 4 -5 -6
leaf_value=0.018837792621769763 -0.01948493862285328 -0.0086662694907385634 -0.0088334023988755599 0.018977266829992314 0.016332947479117614
leaf_weight=12.000020816922186 11.416992694139479 17.429885730147362 75.888530105352402 30.825524672865868 7.3599458634853354
leaf_count=50 47 72 316 126 30
internal_value=-0.00040333 0.00125865 -0.000491305 0.0087464 -0.00610152
internal_weight=154.921 143.504 131.504 48.2554 83.2485
internal_count=641 594 544 198 346
is_linear=0
shrinkage=0.03


Tree=47
num_leaves=10
num_cat=0
split_feature=36 21 21 15 11 11 38 38 23
split_gain=6.19398 10.37 8.05536 7.90607 5.913 7.17886 5.74655 3.24388 2.04607
threshold=0.0078203090662380126 0.016396807495969161 0.012550553599363853 68.443020193879306 0.0055800507228300775 0.053604371319346596 0.010831178598062695 0.0093915360789673403 0.99270622815644838
decision_type=2 2 2 2 2 2 2 2 2
left_child=1 2 -1 8 6 -6 -3 -4 -2
right_child=3 4 7 -5 5 -7 -8 -9 -10
leaf_value=-0.003183099590866312 -0.02979639821883049 -0.0026067336381207671 0.029403250116392748 0.0064532689521402354 0.011844071465973721 -0.010261493305072783 -0.029626490236136449 0.0038923492696108738 -0.0055702128702880349
leaf_weight=13.912295714020727 12.48664970695973 20.508160650730137 19.944638356566433 11.353526040911673 29.929215610027313 20.174464285373688 10.575782120227812 8.3213183134794217 7.6228519529104224
leaf_count=57 53 84 81 47 123 86 45 34 31
internal_value=-0.000382138 0.00258561 0.0143683 -0.0119259 -0.00355366 0.00260306 -0.0134884 0.0231421 -0.0226261
internal_weight=154.829 123.366 42.1783 31.463 81.1876 50.1037 31.0839 28.266 20.1095
internal_count=641 510 172 131 338 209 129 115 84
is_linear=0
shrinkage=0.03


Tree=48
num_leaves=10
num_cat=0
split_feature=36 21 21 11 11 5 34 34 20
split_gain=5.87921 9.84271 7.65507 6.33703 5.62565 7.25066 7.04403 5.34388 2.47666
threshold=0.0078203090662380126 0.016396807495969161 0.012550553599363853 0.08080112195278201 0.0055800507228300775 0.025233327968238631 -0.0006112377013928193 0.031231176503199291 0.024295805526854734
decision_type=2 2 2 2 2 2 2 2 2
left_child=1 2 -1 8 6 -6 -3 -4 -2
right_child=3 4 7 -5 5 -7 -8 -9 -10
leaf_value=-0.0030999968473143791 -0.026015631291247534 0.0055471427536819152 0.029980021826530107 0.0097182263480163102 0.015041685489777567 -0.0069796898402492667 -0.022614441394279566 0 -0.003492654394255194
leaf_weight=13.910336405038832 14.915918469429021 10.131387993693354 20.456022009253505 7.2866950482130042 21.779105171561241 28.298994138836861 20.886609822511673 7.7857835590839377 9.1799183040857297
leaf_count=57 63 41 83 30 91 118 88 32 38
internal_value=-0.000385666 0.00250278 0.0139867 -0.0116491 -0.00347878 0.0025193 -0.0131829 0.0225471 -0.018935
internal_weight=154.631 123.248 42.1521 31.3825 81.0961 50.0781 31.018 28.2418 24.0958
internal_count=641 510 172 131 338 209 129 115 101
is_linear=0
shrinkage=0.03


Tree=49
num_leaves=7
num_cat=0
split_feature=18 2 15 20 9 13
split_gain=5.64956 5.25332 4.9328 8.28253 8.05643 1.69934
threshold=0.99183718895299344 0.032548035751008182 57.949359126405831 0.024871842580784693 -0.025200242634856967 2.6411928188074119
decision_type=2 2 2 2 2 2
left_child=1 2 4 -4 -1 -3
right_child=-2 5 3 -5 -6 -7
leaf_value=0.0039729006647649997 -0.019106042392740077 0.024418543398630185 0.021742905223037609 -0.0028215963786398434 -0.015042581844860554 0.0043229821417050214
leaf_weight=36.056106224656105 11.364209428429602 8.2463700771331805 17.27220830321312 31.043319404125214 39.083760753273964 11.337854295969008
leaf_count=148 47 34 71 130 164 47
internal_value=-0.000373969 0.00125377 -0.00100445 0.006177 -0.00585706 0.0149582
internal_weight=154.404 143.04 123.455 48.3155 75.1399 19.5842
internal_count=641 594 513 201 312 81
is_linear=0
shrinkage=0.03


Tree=50
num_leaves=7
num_cat=0
split_feature=5 35 5 28 8 4
split_gain=8.80163 6.19535 5.77992 5.62271 3.52533 1.62397
threshold=-0.071378923780718403 0.070933477916663504 -0.05026752009961765 3.5000000000000004 -0.033406531752365527 -0.080348551508683794
decision_type=2 2 2 2 2 2
left_child=4 2 -2 -4 5 -1
right_child=1 -3 3 -5 -6 -7
leaf_value=0.007850418174277873 -0.02057327491292588 -0.025482185379166425 -0.0086941592477197387 0.0059280076084912443 0 0.032446547157460856
leaf_weight=7.746662631630902 9.3262421041727048 7.3235208392143241 30.144711658358574 84.469803676009178 7.2456979602575293 9.0952432006597519
leaf_count=32 39 33 126 349 30 37
internal_value=0.00113866 -0.00189457 0 0.00187046 0.0171211 0.0239635
internal_weight=155.352 131.264 123.941 114.615 24.0876 16.8419
internal_count=646 547 514 475 99 69
is_linear=0
shrinkage=0.03


Tree=51
num_leaves=7
num_cat=0
split_feature=5 35 5 5 8 5
split_gain=8.4 5.93924 5.50089 4.56283 3.36553 1.3807
threshold=-0.071378923780718403 0.070933477916663504 -0.05026752009961765 -0.012717262458954602 -0.033406531752365527 -0.093758807342223846
decision_type=2 2 2 2 2 2
left_child=4 2 -2 -4 5 -1
right_child=1 -3 3 -5 -6 -7
leaf_value=0.0096102693793677137 -0.020104635747813907 -0.025035126605002837 0.014924993822145575 -0.00072257533785445908 0 0.033097601523357417
leaf_weight=9.2358736395835912 9.3042803108692151 7.267239734530448 17.917325675487518 96.685256406664848 7.2456979602575293 7.6037449836730966
leaf_count=38 39 33 74 401 30 31
internal_value=0.0010979 -0.0018646 -1.04046e-05 0.00180921 0.0167133 0.0233997
internal_weight=155.259 131.174 123.907 114.603 24.0853 16.8396
internal_count=646 547 514 475 99 69
is_linear=0
shrinkage=0.03


Tree=52
num_leaves=7
num_cat=0
split_feature=5 5 9 9 8 4
split_gain=8.01919 5.33311 6.3127 9.04188 3.2179 1.54764
threshold=-0.071378923780718403 -0.049114204056064474 -0.028829727428587752 0.034124716096504255 -0.033406531752365527 -0.080348551508683794
decision_type=2 2 2 2 2 2
left_child=4 -2 -3 -4 5 -1
right_child=1 2 3 -5 -6 -7
leaf_value=0.0072608945448095893 -0.020505004508493505 0.019073132149071321 -0.014882519436231515 0.0033503504490832964 0 0.031101816612928396
leaf_weight=7.7421167194843337 10.472721204161642 12.006613075733183 33.477957248687744 75.127551212906837 7.2456979602575293 9.0892321914434433
leaf_count=32 44 49 142 312 30 37
internal_value=0.00106618 -0.00182741 0 -0.00230185 0.0163271 0.0228678
internal_weight=155.162 131.085 120.612 108.606 24.077 16.8313
internal_count=646 547 503 454 99 69
is_linear=0
shrinkage=0.03


Tree=53
num_leaves=11
num_cat=0
split_feature=9 11 3 9 21 1 34 16 26 11
split_gain=7.61342 10.5538 7.34606 8.55539 4.72254 3.38477 3.34208 2.4249 1.65173 0.703512
threshold=-0.028829727428587752 0.0091684467886755678 -0.017877310756688188 0.1297829140142098 0.024566045606210025 -0.0090118134649990727 -0.007970514874660382 -18.573917614351227 0.19006568144499181 -0.010819184675283753
decision_type=2 2 2 2 2 2 2 2 2 2
left_child=5 6 4 -4 -3 9 -2 -7 -8 -1
right_child=1 2 3 -5 -6 7 8 -9 -10 -11
leaf_value=0.027048749594114931 0 -0.020799684833994306 0.013759988078538791 -0.0097490693055518694 0.0048715248404235479 -0.00841587672368041 -0.0070234695113928431 0.011480641986194246 -0.029817238991725468 0.007485585254103257
leaf_weight=10.750571295619013 8.1679683476686495 14.608832851052286 50.54365399479866 16.58403392136097 8.2012845873832685 7.6847907006740597 7.8785612732172039 10.014703482389448 13.404912546277044 7.2161972820758811
leaf_count=44 34 62 208 70 34 32 34 41 57 30
internal_value=0.0010464 -0.00252051 0.00251322 0.00762101 -0.0113165 0.0128844 -0.0175516 0.00210313 -0.0233519 0.0214795
internal_weight=155.056 119.389 89.9378 67.1277 22.8101 35.6663 29.4514 17.6995 21.2835 17.9668
internal_count=646 499 374 278 96 147 125 73 91 74
is_linear=0
shrinkage=0.03


Tree=54
num_leaves=8
num_cat=0
split_feature=3 21 36 21 0 36 5
split_gain=7.575 6.72549 8.83733 6.25057 4.662 4.47708 2.73359
threshold=-0.064308409379480222 0.015870797564926067 0.0078203090662380126 0.018566611273744139 0.0066052047231713882 0.0047830276007413833 -0.01831196428700332
decision_type=2 2 2 2 2 2 2
left_child=-1 2 4 6 -2 -5 -3
right_child=1 3 -4 5 -6 -7 -8
leaf_value=0.026771115417490294 0.022764980114231496 0 -0.015712900567958047 0.012616575082916909 0 -0.0041472903264849949 -0.019141780144259348
leaf_weight=7.6657244414091101 23.414227768778801 10.155526146292685 8.3922890573739988 18.150150716304779 13.27160608768463 46.927971377968788 26.878072917461395
leaf_count=32 96 42 36 75 54 195 116
internal_value=0.0010073 -0.000574854 0.00872906 -0.00491501 0.0152314 0.00054127 -0.0144239
internal_weight=154.856 147.19 45.0781 102.112 36.6858 65.0781 37.0336
internal_count=646 614 186 428 150 270 158
is_linear=0
shrinkage=0.03


Tree=55
num_leaves=9
num_cat=0
split_feature=37 11 36 21 17 36 20 37
split_gain=4.46369 15.059 5.86543 6.56964 10.118 5.11745 4.12803 2.06115
threshold=0.052941756857457396 0.054947493749913708 0.0079486835275702928 0.016239047173764082 2.0341895913392674 0.0050177200738143321 0.023508248450887118 0.062189582244190918
decision_type=2 2 2 2 2 2 2 2
left_child=2 7 3 4 -1 -5 -4 -2
right_child=1 -3 6 5 -6 -7 -8 -9
leaf_value=0.021145767104903995 0.036299568254715087 -0.019183555560292578 -0.029875313464863232 0.0016202200371062676 -0.010545596443655122 -0.013452868016431637 -0.0016481047581850161 0.009010312140180483
leaf_weight=20.414591208100319 7.3132428973913219 9.090967193245886 11.41852016746998 32.684951260685921 12.918152242898939 44.024594649672508 9.3598794192075712 8.4298329353332502
leaf_count=84 30 39 49 136 53 184 39 35
internal_value=-0.00283302 0.00817166 -0.00512659 -0.00206451 0.00853749 -0.00696187 -0.0190797 0.0251953
internal_weight=155.655 24.834 130.821 110.042 33.3327 76.7095 20.7784 15.7431
internal_count=649 104 545 457 137 320 88 65
is_linear=0
shrinkage=0.03


Tree=56
num_leaves=8
num_cat=0
split_feature=22 3 3 9 15 19 24
split_gain=6.67491 7.35227 6.87727 4.72156 10.0774 3.71728 1.16967
threshold=-0.35500729748937609 -0.013443288151804232 -0.057437084756334349 0.14002934051294855 57.949359126405831 0.12377885876255841 -0.052668052668052662
decision_type=2 2 2 2 2 2 2
left_child=6 2 -2 4 -3 -4 -1
right_child=1 3 5 -5 -6 -7 -8
leaf_value=-0.0072066697017905629 0.0087728575713596768 0 -0.0045802033348511786 -0.010161495212585567 0.022652267261196256 -0.025195503713690625 -0.026112876363677314
leaf_weight=10.955249309539797 11.574904873967169 49.343883380293846 18.451399400830269 13.182534590363501 25.063967525959015 17.762481704354286 9.1145913600921613
leaf_count=46 48 205 77 56 103 76 38
internal_value=-0.00275438 -0.000146132 -0.00949022 0.00488257 0.00794039 -0.0158737 -0.0180608
internal_weight=155.449 135.379 47.7888 87.5904 74.4079 36.2139 20.0698
internal_count=649 565 201 364 308 153 84
is_linear=0
shrinkage=0.03


Tree=57
num_leaves=9
num_cat=0
split_feature=23 40 11 11 21 23 22 5
split_gain=6.65685 6.30172 6.37603 8.55953 4.29793 3.30101 4.90358 3.07154
threshold=0.94164069516237503 -0.018785568013769124 0.070680134629991689 0.0055800507228300775 0.023122566901945713 0.75142275893443444 -0.11456513515750448 0.063969773417749579
decision_type=2 2 2 2 2 2 2 2
left_child=5 4 3 -3 -2 -1 -7 -8
right_child=1 2 -4 -5 -6 6 7 -9
leaf_value=0.0013904251546348685 -0.020004043633385052 -0.0012523098076324412 -0.014561066400360981 0.020024940885988794 0.0054359819101915171 -0.02866162849765511 -0.012430799040940679 0.0053600538876910639
leaf_weight=14.236042365431784 14.301115185022356 29.703610762953758 8.780205085873602 33.722227528691292 7.1037322282791129 13.125906392931936 23.890842646360397 10.39690364897251
leaf_count=59 59 123 37 139 30 57 101 44
internal_value=-0.00269802 0.00221796 0.0065852 0.0100974 -0.0111772 -0.0102334 -0.0139421 -0.00662471
internal_weight=155.261 93.6109 72.206 63.4258 21.4048 61.6497 47.4137 34.2877
internal_count=649 388 299 262 89 261 202 145
is_linear=0
shrinkage=0.03


Tree=58
num_leaves=7
num_cat=0
split_feature=22 22 3 36 21 23
split_gain=6.31168 7.20289 5.40714 11.2324 6.14708 2.05731
threshold=-0.35500729748937609 -0.27407569073538685 -0.013443288151804232 0.0050177200738143321 0.027068803932789858 0.95353498862063846
decision_type=2 2 2 2 2 2
left_child=5 -2 4 -4 -3 -1
right_child=1 2 3 -5 -6 -7
leaf_value=-0.028793848933590018 0.019527262784272369 -0.016143933733359352 0.017820163878651908 -0.0056378603832418763 0.010195918233120238 -0.0064273219791643899
leaf_weight=7.6890058964490917 12.86075137555599 35.844915494322777 25.339607566595078 53.105204105377197 7.8925588130950919 12.300403878092764
leaf_count=33 54 151 105 222 33 51
internal_value=-0.00263824 -9.77171e-05 -0.00256543 0.00200785 -0.0108249 -0.0175492
internal_weight=155.032 135.043 122.182 78.4448 43.7375 19.9894
internal_count=649 565 511 327 184 84
is_linear=0
shrinkage=0.03


Tree=59
num_leaves=11
num_cat=0
split_feature=23 11 15 34 38 34 3 23 34 37
split_gain=6.17954 5.12769 9.53292 6.20411 5.34137 3.84127 3.71034 3.11771 5.52757 2.39435
threshold=0.94164069516237503 0.004549691462637174 110.74457039430011 0.022208184747143148 0.0085487765347508401 -0.0055182736971171589 -0.010072661623621691 0.75142275893443444 -0.024522307203724499 0.0427442779106132
decision_type=2 2 2 2 2 2 2 2 2 2
left_child=7 3 5 4 -2 -3 -4 -1 -9 -10
right_child=1 2 6 -5 -6 -7 -8 8 9 -11
leaf_value=0.0014286382746776845 0.014843463693227107 0 -0.021596005647818155 -0.023268071794829467 -0.0091976726428872405 0.022214452609572971 0.0027098679518218001 0.0061063471732294514 -0.022707906163943498 -0.0034613451738554277
leaf_weight=14.218834191560743 13.172798544168474 8.4421731531620008 8.0107366442680377 10.626570180058478 16.048441797494888 27.114557281136513 10.032940000295637 8.4903095960617048 28.068613231182098 10.670381933450697
leaf_count=59 54 35 34 45 66 112 42 36 120 46
internal_value=-0.00256518 0.00216825 0.00821107 -0.00560562 0.00141613 0.0170442 -0.00841084 -0.00984148 -0.0134593 -0.018205
internal_weight=154.896 93.4482 53.6004 39.8478 29.2212 35.5567 18.0437 61.4481 47.2293 38.739
internal_count=649 388 223 165 120 147 76 261 202 166
is_linear=0
shrinkage=0.03


Tree=60
num_leaves=10
num_cat=0
split_feature=10 4 36 19 34 31 11 9 10
split_gain=6.59007 8.98217 11.9223 7.52878 7.02338 8.08558 4.8451 2.13246 0.56291
threshold=-0.042392359073523393 0.025191752525397407 0.0048661564967369562 0.17997067113918422 0.0039460409419187501 -1.4999999999999998 0.070680134629991689 0.091356550244220541 -0.057602945372594742
decision_type=2 2 2 2 2 2 2 2 2
left_child=8 4 7 -4 6 -6 -2 -3 -1
right_child=1 2 3 -5 5 -7 -8 -9 -10
leaf_value=0.0061175539398337338 -0.0056410449088047151 0.032756555352473439 0.0040346252797123869 -0.023295556535554703 0.0014468379865085338 -0.025137396487674515 0.018810258019838925 0.0066279522861653842 0.023062074722895971
leaf_weight=8.6338725537061674 25.426944583654404 10.816869691014292 31.423144295811653 10.261030748486517 13.164429038763044 31.014619261026382 7.8781939446926108 7.3341766893863669 7.2881926894187918
leaf_count=36 106 45 132 44 56 130 33 31 30
internal_value=-0.000590582 -0.00287785 0.00559431 -0.00310817 -0.00958513 -0.0171714 0.000455876 0.024649 0.0164188
internal_weight=153.241 137.319 59.8352 41.6842 77.4842 44.179 33.3051 18.151 15.9221
internal_count=643 577 252 176 325 186 139 76 66
is_linear=0
shrinkage=0.03


Tree=61
num_leaves=12
num_cat=0
split_feature=23 28 11 11 3 6 38 38 6 2 14
split_gain=6.2253 5.97129 6.65697 5.44545 4.23307 9.01044 4.19729 5.72184 3.0532 2.40941 1.55226
threshold=0.95353498862063846 5.5000000000000009 0.054947493749913708 0.0027540631408131682 0.021681463732719067 -0.0098823650322419684 0.0071023109631760577 0.0090968537888961847 -0.019389254949924942 0.0098637526025682227 140.1372704982023
decision_type=2 2 2 2 2 2 2 2 2 2 2
left_child=4 2 3 -2 5 8 -3 -8 -1 -7 -6
right_child=1 6 -4 -5 10 9 7 -9 -10 -11 -12
leaf_value=-0.0013156875332291532 -0.0064548893106050722 -0.0072803543445625358 -0.024609549652166315 0.017532860633472903 -0.026144690441753125 0.013557077319486223 0.027712276128972285 0.0047743870191969103 -0.028445860119162173 -0.0043030288128291811 -0.0039095437360423682
leaf_weight=7.7286870330572155 20.175043478608135 7.3221917450428 8.6941527575254423 11.544668808579443 10.866791367530825 19.3787956237793 16.459429249167442 27.421111613512039 9.2715924531221372 7.2334126830101004 6.9460369795560828
leaf_count=33 83 30 37 48 46 82 68 115 41 30 30
internal_value=-0.000544292 0.00427609 -0.00398075 0.00235291 -0.00787857 -0.00215572 0.0109797 0.0145382 -0.0183382 0.00821685 -0.0195012
internal_weight=153.042 91.6166 40.4139 31.7197 61.4253 43.6125 51.2027 43.8805 17.0003 26.6122 17.8128
internal_count=643 381 168 131 262 186 213 183 74 112 76
is_linear=0
shrinkage=0.03


Tree=62
num_leaves=9
num_cat=0
split_feature=3 4 36 25 31 17 36 9
split_gain=5.12679 7.48161 10.0326 5.7625 4.31252 6.36515 4.42195 1.90444
threshold=-0.064308409379480222 0.02698858674704219 0.0048661564967369562 0.21426894482848574 -1.4999999999999998 13.77543368244441 0.0075240820502567559 0.091356550244220541
decision_type=2 2 2 2 2 2 2 2
left_child=-1 4 7 -4 6 -6 -2 -3
right_child=1 2 3 -5 5 -7 -8 -9
leaf_value=0.020280920986831413 0.012384322338986897 0.031409467438669611 0.0080802638847820591 -0.013343582781069533 -0.015220407962268753 0.010241753578362876 -0.013358158072980526 0.0063637893763110439
leaf_weight=7.8425547629594794 14.943772464990618 10.505215123295786 20.946414679288864 19.784544050693512 56.229453235864639 8.2436468601226789 7.0280674844980231 7.3349856734275809
leaf_count=33 63 44 88 84 236 34 30 31
internal_value=-0.000552704 -0.002042 0.00597508 -0.00211254 -0.00765589 -0.0115289 0.00309692 0.0235475
internal_weight=152.859 145.016 58.5712 40.731 86.4449 64.4731 21.9718 17.8402
internal_count=643 610 247 172 363 270 93 75
is_linear=0
shrinkage=0.03


Tree=63
num_leaves=9
num_cat=0
split_feature=10 12 38 20 38 9 21 26
split_gain=6.1599 8.17682 7.73646 7.00031 4.63942 3.44953 4.01684 2.25033
threshold=-0.042392359073523393 42.241379310344833 0.011275305711480789 0.038861932504665797 0.0068034675724538115 -0.035416487077598743 0.016488347761065454 0.21548202614379089
decision_type=2 2 2 2 2 2 2 2
left_child=7 5 4 -4 -3 6 -2 -1
right_child=1 2 3 -5 -6 -7 -8 -9
leaf_value=0.024852496938028937 0.010193141315994522 -0.0082410520549883771 -0.018287569368806701 0.011778971612966141 0.010120145148197368 -0.024758263148040246 -0.017167611289122562 0.0006240555740530785
leaf_weight=8.6412913203239423 7.2356372773647326 12.89985431730747 24.378929883241657 7.2809882313013068 61.173659443855286 16.196201831102371 7.6536385416984558 7.2353026270866385
leaf_count=36 30 55 103 31 256 70 32 30
internal_value=-0.000506931 -0.00272763 0.0011923 -0.0106384 0.00659278 -0.0157802 -0.00335063 0.0159553
internal_weight=152.696 136.819 105.733 31.6599 74.0735 31.0855 14.8893 15.8766
internal_count=643 577 445 134 311 132 62 66
is_linear=0
shrinkage=0.03


Tree=64
num_leaves=9
num_cat=0
split_feature=10 12 38 20 35 38 5 24
split_gain=5.88114 7.7674 7.28062 6.66102 5.61452 1.8885 2.08347 1.73456
threshold=-0.042392359073523393 42.241379310344833 0.011275305711480789 0.038861932504665797 -0.0037483113032670819 0.011194500446605709 -0.070820910146063551 -0.15894736842105259
decision_type=2 2 2 2 2 2 2 2
left_child=7 5 4 -4 -3 6 -2 -1
right_child=1 2 3 -5 -6 -7 -8 -9
leaf_value=0.023774081131602447 -0.0025418211607881516 -0.0070733504501721859 -0.017814181434313736 0.011504383380142357 0.011109849357095273 0 -0.02476681161403442 0.0017309941029283221
leaf_weight=8.4005898237228376 7.424209773540503 18.149678513407707 24.329858362674717 7.2788959145545951 55.937202081084251 7.0722627788782111 16.498075783252716 7.4666227102279654
leaf_count=35 31 76 103 31 235 30 71 31
internal_value=-0.000490858 -0.00266433 0.00115001 -0.0103335 0.00638938 -0.0154076 -0.0191763 0.0155957
internal_weight=152.557 136.69 105.696 31.6088 74.0869 30.9945 23.9223 15.8672
internal_count=643 577 445 134 311 132 102 66
is_linear=0
shrinkage=0.03


Tree=65
num_leaves=9
num_cat=0
split_feature=34 2 22 23 22 26 25 22
split_gain=6.87906 6.00413 6.50968 7.55209 4.59359 3.98148 2.74052 1.67304
threshold=0.036878931604569794 0.01024204693127906 -0.34317657821539449 1.0230474192635677 -0.13365624945490431 0.14733398556927971 0.22378240377062061 -0.37748972268003328
decision_type=2 2 2 2 2 2 2 2
left_child=1 4 -3 -4 7 -6 -2 -1
right_child=6 2 3 -5 5 -7 -8 -9
leaf_value=0.0015628946292757485 -0.00032321583057925854 -0.027445200441728292 -0.011749627096612723 0.011078079238150762 0.012143627947157879 -0.0041030395540243856 -0.026511849095697402 0.021625385597129711
leaf_weight=7.1125725805759457 6.9022239893674877 8.3399406373500806 25.733130753040314 22.446433186531067 18.725909352302551 36.072546601295471 10.056869283318518 17.733379617333412
leaf_count=30 31 35 108 93 78 151 45 74
internal_value=-0.00080507 0.00143049 -0.0057898 -0.000797823 0.00675439 0.00141684 -0.0178029 0.0169852
internal_weight=153.123 136.164 56.5195 48.1796 79.6444 54.7985 16.9591 24.846
internal_count=645 569 236 201 333 229 76 104
is_linear=0
shrinkage=0.03


Tree=66
num_leaves=10
num_cat=0
split_feature=5 23 9 19 11 36 28 36 28
split_gain=5.17951 5.40445 5.73041 5.02139 4.69808 4.46393 6.15903 3.34907 3.29378
threshold=-0.071378923780718403 1.0579608050992384 0.036965775677842622 0.1591045093417871 -0.012655801762918637 0.0055098258172676584 5.5000000000000009 0.0075713970907196277 5.5000000000000009
decision_type=2 2 2 2 2 2 2 2 2
left_child=8 2 4 -4 -2 6 -3 -7 -1
right_child=1 5 3 -5 -6 7 -8 -9 -10
leaf_value=0 -0.002950028799893679 -0.004018641582214654 0.0082198649726485783 -0.010872103891293059 -0.024901770187484309 -0.011080434562956116 0.02727575133438306 0.010454925628697192 0.021649583751108578
leaf_weight=13.363052263855936 17.83403617143631 7.5894614458084133 25.361564859747887 20.598750084638596 21.25874400138855 16.074261367321018 11.767327874898909 7.7407526969909659 11.377984911203383
leaf_count=56 76 32 105 88 93 67 49 32 47
internal_value=-0.000791199 -0.00333989 -0.00773646 -0.000120675 -0.0158834 0.00494879 0.0150761 -0.00323191 0.0111188
internal_weight=152.966 128.225 85.0531 45.9603 39.0928 43.1718 19.3568 23.815 24.741
internal_count=645 542 362 193 169 180 81 99 103
is_linear=0
shrinkage=0.03


Tree=67
num_leaves=9
num_cat=0
split_feature=34 2 22 23 22 32 23 22
split_gain=6.51682 5.80777 6.25266 6.99663 4.35282 2.9629 2.58771 1.19131
threshold=0.036878931604569794 0.01024204693127906 -0.34317657821539449 1.0230474192635677 -0.13365624945490431 0.0014115296569710003 0.80604904495053786 0.07165641789037859
decision_type=2 2 2 2 2 2 2 2
left_child=1 4 -3 -4 5 -1 -6 -2
right_child=7 2 3 -5 6 -7 -8 -9
leaf_value=0.025459031096757533 -0.024175253011610401 -0.026959859559168815 -0.011360339595995694 0.010626309822880153 -0.011004958421903582 0.0029351406128121796 0.0047240414270151142 -0.004135328328413769
leaf_weight=13.358890876173975 9.2759333252906817 8.3079265356063825 25.67348513007164 22.418377801775932 9.4969836473464948 11.443818181753157 45.220555812120438 7.5600578635931006
leaf_count=56 43 35 108 93 41 48 188 33
internal_value=-0.000761881 0.00140826 -0.00569871 -0.000796595 0.00664902 0.0166208 0.00143779 -0.0173674
internal_weight=152.756 135.92 56.3998 48.0919 79.5202 24.8027 54.7175 16.836
internal_count=645 569 236 201 333 104 229 76
is_linear=0
shrinkage=0.03


Tree=68
num_leaves=8
num_cat=0
split_feature=34 22 22 0 38 25 34
split_gain=6.23275 4.37716 8.33734 5.38594 3.28649 2.64735 1.33801
threshold=0.036878931604569794 -0.34317657821539449 -0.19229128939182114 -0.00049175546283203298 0.009175126154180837 0.22378240377062061 0.004812674851750077
decision_type=2 2 2 2 2 2 2
left_child=1 6 4 -4 -3 -2 -1
right_child=5 2 3 -5 -6 -7 -8
leaf_value=-2.112264713637214e-05 0 0.030139492830425732 0.0065770569909311006 -0.0070633788081361018 0.0032853653081543898 -0.025628969771040643 -0.019136876998452009
leaf_weight=7.1153201907873145 6.8514119684696224 11.007010847330095 50.537109315395355 49.609607294201851 8.8178589791059476 9.9103156477212888 8.7294199168682081
leaf_count=30 31 46 211 208 37 45 37
internal_value=-0.000753312 0.00136447 0.00347267 -3.91461e-05 0.020278 -0.0170289 -0.0123577
internal_weight=152.578 135.816 119.972 100.147 19.8249 16.7617 15.8447
internal_count=645 569 502 419 83 76 67
is_linear=0
shrinkage=0.03


Tree=69
num_leaves=8
num_cat=0
split_feature=34 22 22 0 11 32 11
split_gain=5.95964 4.18206 7.94364 5.08158 2.37466 1.62707 1.32137
threshold=0.036878931604569794 -0.34317657821539449 -0.19229128939182114 -0.00030266388186578336 0.029809473495419073 0.0029723310101155147 0.021684200448781613
decision_type=2 2 2 2 2 2 2
left_child=1 5 6 -4 -2 -1 -3
right_child=4 2 3 -5 -6 -7 -8
leaf_value=-0.019909416319700297 -0.024819837202736186 0.027896020403733932 0.006326642624665914 -0.0069251303265549357 -0.00012163746754810539 0 0.0076304355402925152
leaf_weight=8.2676410228013975 9.919245585799219 9.6023981273174304 51.026369050145149 49.10957558453083 6.7691141217946997 7.5573745220899573 10.200211644172667
leaf_count=35 46 40 213 206 30 32 43
internal_value=-0.000738857 0.00132678 0.00338935 -3.38919e-05 -0.0166896 -0.0120903 0.0198028
internal_weight=152.452 135.764 119.939 100.136 16.6884 15.825 19.8026
internal_count=645 569 502 419 76 67 83
is_linear=0
shrinkage=0.03


Tree=70
num_leaves=10
num_cat=0
split_feature=34 21 21 17 14 7 5 21 35
split_gain=5.32837 7.42048 7.27092 4.63913 4.60641 4.32552 4.28756 3.20263 4.96203
threshold=0.003435265100630636 0.015870797564926067 0.024214998187820639 0.97172636602613249 223.59497621272706 -0.013377608891845744 0.023049105857250066 0.013353021236327582 0.039027212967684639
decision_type=2 2 2 2 2 2 2 2 2
left_child=4 3 6 -2 7 -4 -3 -1 -9
right_child=1 2 5 -5 -6 -7 -8 8 -10
leaf_value=-0.0040361490505387062 0.018749112000423635 -0.0069673891989230092 0.018650909266686472 -0.0055384460809318201 -0.013435226895345926 -0.0062716711516049703 -0.02841298492158072 0.017628577424302499 -0.0040880342764201541
leaf_weight=10.567012280225752 14.030963808298113 21.686265587806702 7.7356295883655575 10.082414224743841 6.9945250600576392 14.777625933289526 17.956609383225441 36.90999348461628 10.28574116528034
leaf_count=45 59 94 32 42 30 62 79 154 43
internal_value=-1.90664e-05 -0.00495137 -0.0104542 0.00837305 0.00627853 0.00250291 -0.0179396 0.0092864 0.012617
internal_weight=151.027 86.2695 62.1561 24.1134 64.7573 22.5133 39.6429 57.7627 47.1957
internal_count=640 368 267 101 272 94 173 242 197
is_linear=0
shrinkage=0.03


Tree=71
num_leaves=10
num_cat=0
split_feature=9 34 20 20 28 15 28 3 15
split_gain=6.00782 6.7104 7.81218 5.83411 6.15137 4.47802 4.10548 3.40365 2.67107
threshold=0.14242815889815916 1.0000000180025095e-35 0.021216874116071264 0.020829882344906795 10.500000000000002 -29.816447680547935 6.5000000000000009 -0.013912854629880065 41.505982903711548
decision_type=2 2 2 2 2 2 2 2 2
left_child=1 2 5 8 -5 -1 -2 -4 -3
right_child=6 3 7 4 -6 -7 -8 -9 -10
leaf_value=0.0090975909162371721 -0.031306305070671718 0 0.0028296009308422547 -0.011817920146311403 0.012113460399718435 -0.018680475897918498 -0.00030806752251693562 0.024435505998464127 0.021430999725171124
leaf_weight=7.4792652279138592 6.7371772527694693 12.545556247234346 11.911699607968329 53.675670847296715 9.4116433411836606 8.9716649502515775 8.7545254379510862 23.349970504641533 7.9749756306409827
leaf_count=31 30 53 50 229 40 39 37 97 34
internal_value=-3.30422e-05 0.00197926 0.0103344 -0.00313399 -0.00775475 -0.00562126 -0.0166846 0.018083 0.00983291
internal_weight=150.812 135.32 51.7126 83.6078 63.0873 16.4509 15.4917 35.2617 20.5205
internal_count=640 573 217 356 269 70 67 147 87
is_linear=0
shrinkage=0.03


Tree=72
num_leaves=7
num_cat=0
split_feature=9 5 5 14 39 4
split_gain=5.77257 4.04472 5.90646 4.61135 3.45248 2.82947
threshold=0.14242815889815916 -0.099955742321292715 0.05729864611341174 56.259447727248023 1.0000000180025095e-35 0.1131436679036676
decision_type=2 2 2 2 2 2
left_child=1 -1 4 -4 -3 -2
right_child=5 2 3 -5 -6 -7
leaf_value=0.019100261435054961 -0.026371544958897163 0.011319695293126994 -0.0060234115183470348 0.016270345383759831 -0.0059960656701452935 0
leaf_weight=9.3784977346658689 8.3839134573936445 9.4975431412458402 9.2899278700351697 27.330343678593636 79.646782755851746 7.0465669333934775
leaf_count=39 37 41 40 114 339 30
internal_value=-2.18217e-05 0.00194784 0.000272377 0.0102074 -0.00377874 -0.0163772
internal_weight=150.574 135.143 125.765 36.6203 89.1443 15.4305
internal_count=640 573 534 154 380 67
is_linear=0
shrinkage=0.03


Tree=73
num_leaves=9
num_cat=0
split_feature=9 23 31 6 15 38 15 4
split_gain=5.52605 4.07062 4.56444 7.99683 3.98757 5.33694 4.90898 2.71056
threshold=0.14242815889815916 0.9448848108259178 -2.4999999999999996 0.0080161355380999316 57.949359126405831 0.0096610149839983523 -47.155103743925707 0.1131436679036676
decision_type=2 2 2 2 2 2 2 2
left_child=1 4 -3 -4 6 -6 -1 -2
right_child=7 2 3 -5 5 -7 -8 -9
leaf_value=0.0054470050334588429 -0.025877555297741946 0.023533311538781534 -0.0055538980038887823 0.013703273490516156 0.021397944459024813 -0.0066773995012296252 -0.018455638380033383 0
leaf_weight=9.0813175886869448 8.3266879022121412 9.8428208976984006 41.073576599359512 32.689133405685425 8.382620573043825 12.018224656581877 21.979153543710709 7.0465669333934775
leaf_count=38 37 41 173 137 35 52 97 30
internal_value=-1.73928e-05 0.00190564 0.00601397 0.0029187 -0.00446359 0.00506952 -0.0111066 -0.0160506
internal_weight=150.44 135.067 83.6055 73.7627 51.4613 20.4008 31.0605 15.3733
internal_count=640 573 351 310 222 87 135 67
is_linear=0
shrinkage=0.03


Tree=74
num_leaves=9
num_cat=0
split_feature=9 34 12 20 12 9 2 24
split_gain=5.29098 6.31921 9.41626 7.12432 6.06665 3.66835 3.17828 2.06492
threshold=0.14242815889815916 1.0000000180025095e-35 70.906432748538023 0.021216874116071264 57.493693205832635 -0.022929425647746259 0.028308520776853533 0.17473260616329558
decision_type=2 2 2 2 2 2 2 2
left_child=1 3 4 5 -3 -1 -5 -2
right_child=7 2 -4 6 -6 -7 -8 -9
leaf_value=0.0068677011243434604 -0.00067361426125000091 -0.0012079126846025368 0.020917017408783239 0.010580439590374687 -0.020191734754223711 -0.01818963490410775 0.034196947134856256 -0.024430241302480834
leaf_weight=8.339764282107355 7.0274849236011496 52.298300176858902 10.395049601793287 27.955852136015892 20.692110493779182 8.0389636158943159 7.1970446854829779 8.2876028120517713
leaf_count=35 31 223 44 117 89 35 30 36
internal_value=-1.3536e-05 0.00186499 -0.00309787 0.00999152 -0.00718466 -0.00525579 0.0173999 -0.0157325
internal_weight=150.232 134.917 83.3855 51.5316 72.9904 16.3787 35.1529 15.3151
internal_count=640 573 356 217 312 70 147 67
is_linear=0
shrinkage=0.03


Tree=75
num_leaves=13
num_cat=0
split_feature=26 36 36 21 36 11 9 7 21 9 10 3
split_gain=4.73942 7.57352 5.29158 5.28309 4.46947 3.95213 6.7405 3.71699 3.59019 2.80706 2.72767 1.2606
threshold=0.15657376331533637 0.0069995519183116096 0.0078203090662380126 0.024842541932467047 0.0056106534234182824 0.050949658550739858 0.028976539698238324 -0.021498734427787686 0.016439940753496775 0.080427363303239921 0.0036278285079228705 -0.00057159211034540902
decision_type=2 2 2 2 2 2 2 2 2 2 2 2
left_child=4 5 10 -4 11 6 -2 -6 -9 -7 -3 -1
right_child=1 2 3 -5 7 9 -8 8 -10 -11 -12 -13
leaf_value=0.0062136694022185265 -0.011996706091513163 0.026697960965290347 -0.014948272723483064 0.013784914765116476 0.017589089630832128 -0.031779501654848399 0.01123273803226099 0.0082926442149443402 -0.013168688521479899 -0.0055221772167140561 0.0021366445686691877 0.026035010425342387
leaf_weight=8.7204400300979632 26.125922441482544 11.75298883020878 11.491250306367876 7.8109031468629828 7.6186185628175762 7.6439919918775585 16.388300999999046 9.5952467322349566 14.54923854768276 10.374315470457075 8.3490862250328046 11.761367157101629
leaf_count=37 111 49 50 33 32 34 69 40 61 46 35 49
internal_value=0.00207207 -0.00164633 0.00816005 -0.00241424 0.0092598 -0.00832658 -0.00260293 0.00140408 -0.00408409 -0.0194729 0.0182919 0.0195665
internal_weight=152.182 99.9368 39.4042 19.3022 52.2449 60.5325 42.5142 31.7631 24.1445 18.0183 20.1021 20.4818
internal_count=646 427 167 83 219 260 180 133 101 80 84 86
is_linear=0
shrinkage=0.03


Tree=76
num_leaves=7
num_cat=0
split_feature=20 38 38 28 35 6
split_gain=7.1279 5.9144 6.94174 4.28128 8.15071 6.97644
threshold=0.040001659918621708 0.0068034675724538115 0.0059336496484040336 5.5000000000000009 -0.010404232273945989 0.017432894231071364
decision_type=2 2 2 2 2 2
left_child=1 2 -1 4 -3 -5
right_child=-2 3 -4 5 -6 -7
leaf_value=0.0046027562664972361 0.022761563919980219 0.012365669879238135 -0.030224186353250179 0.011942611782170114 -0.01321944732647457 -0.0077050002823006699
leaf_weight=7.2352932840585735 11.608819305896757 14.579398304224013 9.674997463822363 57.904051527380943 31.217025682330132 19.788211837410927
leaf_count=31 49 61 41 247 133 84
internal_value=0.0020313 0 -0.015619 0.0023782 -0.00458393 0.00668236
internal_weight=152.008 140.399 16.9103 123.489 45.7964 77.6923
internal_count=646 597 72 525 194 331
is_linear=0
shrinkage=0.03


Tree=77
num_leaves=9
num_cat=0
split_feature=25 23 3 26 7 25 18 1
split_gain=6.69339 5.43544 4.08827 6.20953 4.77319 4.47944 2.07591 0.720948
threshold=0.50624156545209187 0.92134141325989272 0.054700880937579306 0.15657376331533637 -0.016656003330033534 0.15569985569985573 0.95297146814823441 0.003366362950098623
decision_type=2 2 2 2 2 2 2 2
left_child=2 -2 3 5 -5 -1 -4 -3
right_child=1 7 6 4 -6 -7 -8 -9
leaf_value=0.023896204865396543 -0.0036807630765756921 0.01040461064874958 0 -0.013686911659349092 0.0017300223138537699 0.0016997445205328306 -0.020946194921244447 0.032512221270150556
leaf_weight=13.698912784457205 6.885293677449229 7.6939195692539242 7.3771938085556057 24.434555426239967 52.032616347074509 21.211249142885208 10.250768810510634 8.346467122435568
leaf_count=57 30 33 31 106 221 89 44 35
internal_value=0.00197141 0.01623 -0.000657093 0.0014224 -0.00322848 0.011639 -0.0133662 0.0250686
internal_weight=151.931 22.9257 129.005 111.377 76.4672 34.9102 17.628 16.0404
internal_count=646 98 548 473 327 146 75 68
is_linear=0
shrinkage=0.03


Tree=78
num_leaves=7
num_cat=0
split_feature=20 38 38 16 36 38
split_gain=6.77128 5.57142 6.61622 5.23437 7.26732 5.78533
threshold=0.040001659918621708 0.0068034675724538115 0.0059336496484040336 -33.643617069630025 0.0054824966107122827 0.009059780369120413
decision_type=2 2 2 2 2 2
left_child=1 2 -1 4 -3 -5
right_child=-2 3 -4 5 -6 -7
leaf_value=0.0044838849400294697 0.022164755025235537 0 -0.029516302311723211 0.0072449844525953799 0.033968747100756237 -0.0068543258672941702
leaf_weight=7.2249463051557568 11.568497046828268 13.119670242071154 9.6436486393213254 44.574184909462929 8.2801465243101102 57.405174672603607
leaf_count=31 49 57 41 188 35 245
internal_value=0.00192795 0 -0.0152271 0.00225812 0.0150802 -0.000526577
internal_weight=151.816 140.248 16.8686 123.379 21.3998 101.979
internal_count=646 597 72 525 92 433
is_linear=0
shrinkage=0.03


Tree=79
num_leaves=8
num_cat=0
split_feature=25 1 38 16 36 15 35
split_gain=6.36971 5.10416 4.94431 4.63797 5.21589 4.50894 3.87808
threshold=0.50624156545209187 0.0045347386352102568 0.0067752642119069447 -33.643617069630025 0.0048865997776431375 204.75000047300185 -0.0028213129801106236
decision_type=2 2 2 2 2 2 2
left_child=2 -2 6 4 -4 -5 -1
right_child=1 -3 3 5 -6 -7 -8
leaf_value=-0.029304808978812755 0.00077523851528893612 0.029442194071407891 -0.0036903618822287441 0.00071652418012847806 0.02327902166902884 -0.019656940645685728 0
leaf_weight=7.0321089178323737 12.383454695343973 10.466143161058424 8.5353410243988055 82.034431114792824 14.161149799823759 8.9340744614601117 8.1427919566631299
leaf_count=30 54 44 37 347 60 39 35
internal_value=0.00188764 0.0158224 -0.000673113 0.00144917 0.0130519 -0.00150285 -0.0157607
internal_weight=151.689 22.8496 128.84 113.665 22.6965 90.9685 15.1749
internal_count=646 98 548 483 97 386 65
is_linear=0
shrinkage=0.03


Tree=80
num_leaves=6
num_cat=0
split_feature=39 33 11 11 35
split_gain=4.83475 5.16746 5.04871 8.52858 5.19592
threshold=1.0000000180025095e-35 0.051797967290925041 0.004549691462637174 -0.013005097639320449 0.059668155099839144
decision_type=2 2 2 2 2
left_child=-1 -2 3 -3 -4
right_child=1 2 4 -5 -6
leaf_value=0.015312343240008634 0.019247898104765647 -0.0032274220316123262 0.003188408475938858 -0.032318025185528843 -0.019063121975174912
leaf_weight=13.180600389838217 7.0168765634298316 34.282692208886147 73.48135544359684 11.401659071445463 8.7701722383499128
leaf_count=57 30 145 312 50 39
internal_value=-0.000625151 -0.00249215 -0.00407788 -0.0118533 0.000241566
internal_weight=148.133 134.953 127.936 45.6844 82.2515
internal_count=633 576 546 195 351
is_linear=0
shrinkage=0.03


Tree=81
num_leaves=12
num_cat=0
split_feature=16 36 36 34 28 36 24 28 34 33 24
split_gain=4.06803 12.6833 8.21931 5.81404 4.42652 3.16306 3.12197 3.45873 2.40091 2.32571 1.48186
threshold=-11.052063323510493 0.0070260705870346567 0.0063686658033927151 0.025455770057296493 10.500000000000002 0.0078623172955767425 1.0000000180025095e-35 5.5000000000000009 -0.0052016892422453434 0.89719323788724437 0.51476007121268585
decision_type=2 2 2 2 2 2 2 2 2 2 2
left_child=1 3 4 8 9 -3 7 -4 -1 -2 -8
right_child=2 5 6 -5 -6 -7 10 -9 -10 -11 -12
leaf_value=0.015023046031487115 -0.0055626527322980204 0.035457506963424507 0.0063465318003037346 -0.023615587737901247 0.020865579246342646 0.0078132695937710196 -0.02867549589990533 -0.0158373077103535 -0.0027794445370857043 0.0094329432710043067 -0.0077143332612764227
leaf_weight=7.1902524232864407 28.00155682861805 9.4720872193574923 10.717131868004801 8.673450291156767 8.5942827612161619 10.264907225966452 12.383962333202364 9.8728817701339704 22.147126957774162 11.282934814691542 9.3833541572093946
leaf_count=30 120 40 45 40 37 44 53 42 93 49 40
internal_value=-0.000611075 0.0053808 -0.00464181 -0.00452652 0.00359802 0.023812 -0.0140362 -0.00408697 0.00178541 -0.000644093 -0.0216803
internal_weight=147.984 57.7478 90.2361 38.0108 47.8788 19.737 42.3573 20.59 29.3374 39.2845 21.7673
internal_count=633 247 386 163 206 84 180 87 123 169 93
is_linear=0
shrinkage=0.03


Tree=82
num_leaves=5
num_cat=0
split_feature=3 9 9 28
split_gain=4.56763 3.43109 9.586 4.30192
threshold=-0.066174965992451137 -0.081031978192718401 -0.041441886391467515 4.5000000000000009
decision_type=2 2 2 2
left_child=-1 -2 -3 -4
right_child=1 2 3 -5
leaf_value=0.020454632429830324 -0.016781701743271784 0.023183866053135799 -0.01107814317662688 0.00070439080243636816
leaf_weight=6.6427931487560263 10.839813470840452 11.80553852021694 39.203441336750984 79.27155390381813
leaf_count=29 46 49 169 340
internal_value=-0.000586484 -0.00195373 -0.000371521 -0.00318913
internal_weight=147.763 141.12 130.281 118.475
internal_count=633 604 558 509
is_linear=0
shrinkage=0.03


Tree=83
num_leaves=9
num_cat=0
split_feature=39 13 11 38 11 21 21 28
split_gain=4.37362 4.7474 4.94004 6.16624 4.32192 4.13513 3.89232 1.90602
threshold=1.0000000180025095e-35 -0.56577607416868136 0.004549691462637174 0.008951969237125882 0.054947493749913708 0.016396807495969161 0.018162323162949547 7.5000000000000009
decision_type=2 2 2 2 2 2 2 2
left_child=-1 5 3 -3 -4 7 -7 -2
right_child=1 2 4 -5 -6 6 -8 -9
leaf_value=0.014621452401256197 0.022289435878436917 -0.0017952363665516115 0.0064304780581279572 -0.028388841146651193 -0.012132031203062731 -0.016624954457844565 0.003689032803123085 0.00054378320176724435
leaf_weight=13.130433723330496 10.644106611609461 17.184317037463188 28.111580953001976 15.418310135602949 15.980939045548437 9.3139908015727979 30.557783022522926 7.3018689155578604
leaf_count=57 45 73 119 67 68 42 130 32
internal_value=-0.000556725 -0.00234072 -0.00722331 -0.0157192 -0.000206399 0.00391022 -0.00126548 0.0151353
internal_weight=147.643 134.513 76.6951 32.6026 44.0925 57.8177 39.8718 17.946
internal_count=633 576 327 140 187 249 172 77
is_linear=0
shrinkage=0.03


Tree=84
num_leaves=5
num_cat=0
split_feature=3 9 9 11
split_gain=4.32351 3.20199 9.07945 5.38819
threshold=-0.066174965992451137 -0.081031978192718401 -0.041441886391467515 0.004549691462637174
decision_type=2 2 2 2
left_child=-1 -2 -3 -4
right_child=1 2 3 -5
leaf_value=0.019973599778968482 -0.016228630411639685 0.022607976993186705 -0.013036854949000327 0.00079302040589187932
leaf_weight=6.6068160682916632 10.786065801978109 11.773828849196432 32.956619545817375 85.357251212000847
leaf_count=29 46 49 143 366
internal_value=-0.000539476 -0.00187263 -0.00034106 -0.00308733
internal_weight=147.481 140.874 130.088 118.314
internal_count=633 604 558 509
is_linear=0
shrinkage=0.03


Tree=85
num_leaves=8
num_cat=0
split_feature=22 34 36 21 21 16 33
split_gain=6.23603 3.70618 7.92459 5.06716 7.60592 4.14403 0.790075
threshold=-0.37748972268003328 0.025455770057296493 0.0071034741981649404 0.012550553599363853 0.016396807495969161 -1.3475480937265301 0.67902903869679998
decision_type=2 2 2 2 2 2 2
left_child=6 3 5 -2 -5 -3 -1
right_child=1 2 -4 4 -6 -7 -8
leaf_value=-0.0042558545878081692 -0.01171617977197956 -0.025064562916569142 0.017812532669830197 0.024266992532073726 0.0037375610960082867 0 -0.022036412839687314
leaf_weight=7.9456333518028242 9.7517825663089734 11.684118002653127 7.5959221869707099 20.553860425949097 70.975406378507614 10.555119544267653 7.3703471273183823
leaf_count=34 42 54 32 86 302 48 32
internal_value=0.00155635 0.00382995 -0.00494892 0.006607 0.00892838 -0.0141703 -0.0152354
internal_weight=146.432 131.116 29.8352 101.281 91.5293 22.2392 15.316
internal_count=630 564 134 430 388 102 66
is_linear=0
shrinkage=0.03


Tree=86
num_leaves=6
num_cat=0
split_feature=3 35 25 35 3
split_gain=5.54106 4.01866 3.40696 3.77801 3.1623
threshold=-0.064308409379480222 0.070933477916663504 0.23681527219169549 0.004257431469596896 -0.024918415746815189
decision_type=2 2 2 2 2
left_child=-1 2 3 -2 -4
right_child=1 -3 4 -5 -6
leaf_value=0.024079409534398938 -0.002875365487868156 -0.01778467830314891 -0.015936959437062206 0.011090736696047515 0
leaf_weight=7.1745664477348319 24.44123001396656 8.5797795504331571 12.269594699144362 44.665881112217903 49.169583335518837
leaf_count=31 104 41 53 190 211
internal_value=0.00149763 0 0.00142847 0.00599843 -0.00350244
internal_weight=146.301 139.126 130.546 69.1071 61.4392
internal_count=630 599 558 294 264
is_linear=0
shrinkage=0.03


Tree=87
num_leaves=8
num_cat=0
split_feature=3 15 19 4 40 15 28
split_gain=5.3091 3.36423 4.97836 3.66313 6.18191 4.12085 0.802378
threshold=-0.064308409379480222 144.41698996179358 0.16007549995237927 -0.056642698978108912 0.0090747160836608404 56.150657594799441 6.5000000000000009
decision_type=2 2 2 2 2 2 2
left_child=-1 3 -3 4 -2 -5 -4
right_child=1 2 6 5 -6 -7 -8
leaf_value=0.023587600877636155 0.0079553341988014593 0.0058981244342779264 -0.027522609414031816 0 -0.026038236997316288 0.012641495663423158 -0.0068682526644928297
leaf_weight=7.1465590298175803 6.8356092274188986 8.7594427913427371 7.0926065444946271 67.625077292323112 8.1886148303747159 33.23699489235878 7.3228055834770203
leaf_count=31 30 37 33 291 36 141 31
internal_value=0.00144795 0 -0.00996324 0.00211793 -0.0105734 0.00432306 -0.0200594
internal_weight=146.208 139.061 23.1749 115.886 15.0242 100.862 14.4154
internal_count=630 599 101 498 66 432 64
is_linear=0
shrinkage=0.03


Tree=88
num_leaves=9
num_cat=0
split_feature=22 34 9 21 20 21 0 27
split_gain=5.97399 3.53248 5.38746 6.49586 3.13024 6.06379 0.913155 0.876494
threshold=-0.37748972268003328 0.025455770057296493 0.13162227365948154 0.012550553599363853 0.021943757174970175 0.018890529376974958 -1.0000000180025095e-35 2.5000000000000004
decision_type=2 2 2 2 2 2 2 2
left_child=6 2 3 -2 -3 -6 -1 -4
right_child=1 4 7 -5 5 -7 -8 -9
leaf_value=-0.022487639140470521 -0.011449002225078777 0.0064215193483087383 0 0.012244092687751309 -0.026465752205167985 0.0041746159933567888 -0.0040999991609941572 -0.015555769567357807
leaf_weight=7.0261304676532736 9.7387325614690763 10.726429075002672 6.9270710647106153 77.256731569766998 9.8991371095180529 9.0681485235691053 8.2335986793041211 7.1637861132621765
leaf_count=31 42 46 30 327 49 39 35 31
internal_value=0.00140156 0.00363324 0.0063482 0.00922553 -0.00495339 -0.0121005 -0.0150602 -0.00942258
internal_weight=146.04 130.78 101.086 86.9955 29.6937 18.9673 15.2597 14.0909
internal_count=630 564 430 369 134 88 66 61
is_linear=0
shrinkage=0.03


Tree=89
num_leaves=10
num_cat=0
split_feature=22 23 19 36 8 13 20 15 33
split_gain=5.69282 2.88463 3.68334 7.09557 3.90952 2.95405 4.66397 3.85877 0.750039
threshold=-0.37748972268003328 0.94164069516237503 0.12549154866601867 0.0068774530163991298 -0.012346012981099145 0.21804544751424262 0.026253127588755861 130.05556959069938 0.67902903869679998
decision_type=2 2 2 2 2 2 2 2 2
left_child=8 2 4 -4 -2 7 -7 -3 -1
right_child=1 5 3 -5 -6 6 -8 -9 -10
leaf_value=-0.0040176831677092651 -0.0090474072661318912 0.017741785018552329 -0.020123036964266854 0.0092735555195688126 0.014106750804327583 -0.0081757373516610915 0.011131572544827439 -0.0030069782130630841 -0.02139631105614621
leaf_weight=7.9060763269662839 7.6562792062759426 29.968033939599991 17.488400861620907 9.5867926329374296 16.631231635808945 21.000123903155327 19.75765685737133 8.5496935993432981 7.3190226703882217
leaf_count=34 34 129 80 41 71 88 84 37 32
internal_value=0.0013266 0.0035084 -0.00176627 -0.00927647 0.00610411 0.0070698 0.000915716 0.0128449 -0.0147571
internal_weight=145.863 130.638 51.3627 27.0752 24.2875 79.2755 40.7578 38.5177 15.2251
internal_count=630 564 226 121 105 338 172 166 66
is_linear=0
shrinkage=0.03


Tree=90
num_leaves=5
num_cat=0
split_feature=18 37 37 28
split_gain=5.02015 4.07433 5.13174 4.82943
threshold=0.99757942803975996 0.071311259694876741 0.052941756857457396 5.5000000000000009
decision_type=2 2 2 2
left_child=1 2 3 -1
right_child=-2 -3 -4 -5
leaf_value=-0.0055348488520871302 -0.017341271052989261 -0.015251549050588935 0.020230865343920237 0.0066089936776908276
leaf_weight=46.217476457357407 10.31949423253536 8.4472222179174405 13.728395059704779 71.758236840367317
leaf_count=197 44 37 60 309
internal_value=0.000890782 0.00256385 0.00402972 0.00171361
internal_weight=150.471 140.151 131.704 117.976
internal_count=647 603 566 506
is_linear=0
shrinkage=0.03


Tree=91
num_leaves=7
num_cat=0
split_feature=37 37 37 23 21 37
split_gain=3.61245 4.32178 3.83982 4.63144 3.99363 1.54251
threshold=0.071311259694876741 0.052941756857457396 0.030673746043742959 0.95570781186915688 0.016396807495969161 0.060805826838116313
decision_type=2 2 2 2 2 2
left_child=1 2 4 -4 -1 -3
right_child=-2 5 3 -5 -6 -7
leaf_value=0.011754360180398073 -0.015823776334457296 0.02471295726585266 -0.020518068543589327 0.00058253595903657554 -0.00090693547595838728 0.0029823386046070092
leaf_weight=31.577759698033333 8.6846590191125852 7.6210402995347959 13.492061227560042 20.120370879769325 61.17153312265873 7.7415394335985184
leaf_count=134 38 33 59 86 263 34
internal_value=0.000853996 0.00218633 0.000135643 -0.0081427 0.00340259 0.0162313
internal_weight=150.409 141.724 126.362 33.6124 92.7493 15.3626
internal_count=647 609 542 145 397 67
is_linear=0
shrinkage=0.03


end of trees

feature_importances:
volatility=67
macro_usdjpy_vol_20=57
macro_usdjpy_ret_20=46
div_ma_60=45
ma_20_60_cross=41
vol_ratio=35
macd_signal=34
return_20d=31
return_5d=30
macro_topix_vol_20=28
atr_pct=26
vol_change=26
month=23
macro_usdjpy_ret_60=20
bb_bandwidth=19
macd_hist_change=15
macro_topix_ret_20=15
ma_5_20_cross=13
upper_shadow_pct=13
return_10d=12
macd_hist=12
candle_body_pct=12
macro_nikkei_ret_20=12
macd=11
return_1d=10
rsi_change=10
return_3d=9
bb_pct_b=9
lower_shadow_pct=8
div_ma_5=6
price_position_20d=6
div_ma_20=5
rsi=5
return_2d=4
div_ma_10=4
streak=4
macro_topix_above_200dma=4
gap=2
day_of_week=1
macro_nikkei_above_200dma=1

parameters:
[boosting: gbdt]
[objective: binary]
[metric: binary_logloss]
[tree_learner: serial]
[device_type: cpu]
[data_sample_strategy: bagging]
[data: ]
[valid: ]
[num_iterations: 92]
[learning_rate: 0.03]
[num_leaves: 15]
[num_threads: 0]
[seed: 42]
[deterministic: 0]
[force_col_wise: 0]
[force_row_wise: 0]
[histogram_pool_size: -1]
[max_depth: 4]
[min_data_in_leaf: 30]
[min_sum_hessian_in_leaf: 0.001]
[bagging_fraction: 0.7]
[pos_bagging_fraction: 1]
[neg_bagging_fraction: 1]
[bagging_freq: 5]
[bagging_seed: 400]
[bagging_by_query: 0]
[feature_fraction: 0.6]
[feature_fraction_bynode: 1]
[feature_fraction_seed: 30056]
[extra_trees: 0]
[extra_seed: 12879]
[early_stopping_round: 0]
[early_stopping_min_delta: 0]
[first_metric_only: 0]
[max_delta_step: 0]
[lambda_l1: 0.5]
[lambda_l2: 2]
[linear_lambda: 0]
[min_gain_to_split: 0]
[drop_rate: 0.1]
[max_drop: 50]
[skip_drop: 0.5]
[xgboost_dart_mode: 0]
[uniform_drop: 0]
[drop_seed: 17869]
[top_rate: 0.2]
[other_rate: 0.1]
[min_data_per_group: 100]
[max_cat_threshold: 32]
[cat_l2: 10]
[cat_smooth: 10]
[max_cat_to_onehot: 4]
[top_k: 20]
[monotone_constraints: ]
[monotone_constraints_method: basic]
[monotone_penalty: 0]
[feature_contri: ]
[forcedsplits_filename: ]
[refit_decay_rate: 0.9]
[cegb_tradeoff: 1]
[cegb_penalty_split: 0]
[cegb_penalty_feature_lazy: ]
[cegb_penalty_feature_coupled: ]
[path_smooth: 0]
[interaction_constraints: ]
[verbosity: -1]
[saved_feature_importance_type: 0]
[use_quantized_grad: 0]
[num_grad_quant_bins: 4]
[quant_train_renew_leaf: 0]
[stochastic_rounding: 1]
[linear_tree: 0]
[max_bin: 255]
[max_bin_by_feature: ]
[min_data_in_bin: 5]
[bin_construct_sample_cnt: 200000]
[data_random_seed: 175]
[is_enable_sparse: 1]
[enable_bundle: 1]
[use_missing: 1]
[zero_as_missing: 0]
[feature_pre_filter: 1]
[pre_partition: 0]
[two_round: 0]
[header: 0]
[label_column: ]
[weight_column: ]
[group_column: ]
[ignore_column: ]
[categorical_feature: ]
[forcedbins_filename: ]
[precise_float_parser: 0]
[parser_config_file: ]
[objective_seed: 16083]
[num_class: 1]
[is_unbalance: 0]
[scale_pos_weight: 1]
[sigmoid: 1]
[boost_from_average: 1]
[reg_sqrt: 0]
[alpha: 0.9]
[fair_c: 1]
[poisson_max_delta_step: 0.7]
[tweedie_variance_power: 1.5]
[lambdarank_truncation_level: 30]
[lambdarank_norm: 1]
[label_gain: ]
[lambdarank_position_bias_regularization: 0]
[eval_at: ]
[multi_error_top_k: 1]
[auc_mu_weights: ]
[num_machines: 1]
[local_listen_port: 12400]
[time_out: 120]
[machine_list_filename: ]
[machines: ]
[gpu_platform_id: -1]
[gpu_device_id: -1]
[gpu_use_dp: 0]
[num_gpu: 1]

end of parameters

pandas_categorical:[]
