{
  "feature_cols": [
    "return_1d",
    "return_2d",
    "return_3d",
    "return_5d",
    "return_10d",
    "return_20d",
    "div_ma_5",
    "div_ma_10",
    "div_ma_20",
    "div_ma_60",
    "ma_5_20_cross",
    "ma_20_60_cross",
    "rsi",
    "rsi_change",
    "macd",
    "macd_signal",
    "macd_hist",
    "macd_hist_change",
    "bb_pct_b",
    "bb_bandwidth",
    "atr_pct",
    "volatility",
    "vol_change",
    "vol_ratio",
    "candle_body_pct",
    "upper_shadow_pct",
    "lower_shadow_pct",
    "day_of_week",
    "month",
    "is_month_end",
    "is_month_start",
    "streak",
    "gap",
    "price_position_20d",
    "macro_usdjpy_ret_20",
    "macro_usdjpy_ret_60",
    "macro_usdjpy_vol_20",
    "macro_topix_ret_20",
    "macro_topix_vol_20",
    "macro_topix_above_200dma",
    "macro_nikkei_ret_20",
    "macro_nikkei_above_200dma",
    "macro_nikkei_vi",
    "macro_jgb10y",
    "macro_bias_score"
  ],
  "avg_up_ret": 0.03511913798110398,
  "avg_dn_ret": -0.021330170446910303,
  "n_bins": 10,
  "psi_ref_rows": 250,
  "psi": {
    "return_1d": {
      "edges": [
        -0.10137216465975918,
        -0.025601268740664283,
        -0.015438971522003552,
        -0.007505651744256861,
        -0.0028728624485342847,
        0.0009584895146238503,
        0.006684346673043091,
        0.013125847763805166,
        0.021111796045207187,
        0.033026317542673995,
        0.07914110429447851
      ],
      "ref_props": [
        0.1,
        0.1,
        0.1,
        0.1,
        0.1,
        0.1,
        0.1,
        0.1,
        0.1,
        0.1
      ]
    },
    "return_2d": {
      "edges": [
        -0.1769812377485298,
        -0.035027914047079785,
        -0.019360154422627528,
        -0.009041103033192284,
        -0.0020781838434201535,
        0.002809707923646987,
        0.009461442875174567,
        0.018131945237918237,
        0.03405157879399698,
        0.05458525090010093,
        0.12145361810647115
      ],
      "ref_props": [
        0.1,
        0.1,
        0.1,
        0.1,
        0.1,
        0.1,
        0.1,
        0.1,
        0.1,
        0.1
      ]
    },
    "return_3d": {
      "edges": [
        -0.20845677349851877,
        -0.0456063056849233,
        -0.01713362118728207,
        -0.009038764743655215,
        -0.0010532583906259984,
        0.008082727349520313,
        0.015865834107559842,
        0.02858782578203836,
        0.03956413787347683,
        0.06748006188325996,
        0.1153724247226624
      ],
      "ref_props": [
        0.1,
        0.1,
        0.1,
        0.1,
        0.1,
        0.1,
        0.1,
        0.1,
        0.1,
        0.1
      ]
    },
    "return_5d": {
      "edges": [
        -0.23522822738728644,
        -0.04939375048208935,
        -0.02338520577039557,
        -0.009390135666286286,
        0.0019280051767993198,
        0.011235577150423226,
        0.023485498542852406,
        0.0415292177191329,
        0.05354663360671369,
        0.0846223611238779,
        0.1768621236133121
      ],
      "ref_props": [
        0.1,
        0.1,
        0.1,
        0.1,
        0.1,
        0.1,
        0.1,
        0.1,
        0.1,
        0.1
      ]
    },
    "return_10d": {
      "edges": [
        -0.22306128376415912,
        -0.07759576579096553,
        -0.02719371968404879,
        0.002472942573461966,
        0.01651994827650874,
        0.028966933323640864,
        0.04402498943404931,
        0.059796364237710654,
        0.08082809296685282,
        0.11093539019912324,
        0.22808174027686223
      ],
      "ref_props": [
        0.1,
        0.1,
        0.1,
        0.1,
        0.1,
        0.1,
        0.1,
        0.1,
        0.1,
        0.1
      ]
    },
    "return_20d": {
      "edges": [
        -0.28305952060328576,
        -0.10817131999574339,
        -0.0209644453897412,
        0.0241484433917976,
        0.04185554713166551,
        0.05933504069828488,
        0.08078814581069618,
        0.11212373045418778,
        0.136925504921489,
        0.17061814235762224,
        0.3408042188529994
      ],
      "ref_props": [
        0.1,
        0.1,
        0.1,
        0.1,
        0.1,
        0.1,
        0.1,
        0.1,
        0.1,
        0.1
      ]
    },
    "div_ma_5": {
      "edges": [
        -0.13416214942257837,
        -0.027722331924297114,
        -0.012054102362253911,
        -0.0057977267793162795,
        8.911305635436742e-05,
        0.005755827684561631,
        0.009812268444805669,
        0.016272596187662663,
        0.02318098584430805,
        0.03777605901997664,
        0.07894252591547568
      ],
      "ref_props": [
        0.1,
        0.1,
        0.1,
        0.1,
        0.1,
        0.1,
        0.1,
        0.1,
        0.1,
        0.1
      ]
    },
    "div_ma_10": {
      "edges": [
        -0.15545659770541484,
        -0.03645069232993976,
        -0.016328247436599063,
        -0.0030717416315445057,
        0.004602250289011876,
        0.011555452339665314,
        0.017800347035353072,
        0.026957341721928693,
        0.04110061043628703,
        0.05430806194842792,
        0.12812566463099687
      ],
      "ref_props": [
        0.1,
        0.1,
        0.1,
        0.1,
        0.1,
        0.1,
        0.1,
        0.1,
        0.1,
        0.1
      ]
    },
    "div_ma_20": {
      "edges": [
        -0.16281981065644316,
        -0.06394120150342016,
        -0.021509391579620986,
        0.003420694536117332,
        0.01831922856919009,
        0.026631633199647894,
        0.04063972974565581,
        0.05229852382393317,
        0.0671171911627004,
        0.09128985116788636,
        0.1433389544688027
      ],
      "ref_props": [
        0.1,
        0.1,
        0.1,
        0.1,
        0.1,
        0.1,
        0.1,
        0.1,
        0.1,
        0.1
      ]
    },
    "div_ma_60": {
      "edges": [
        -0.2046974877359893,
        -0.07233580774796887,
        -0.002256253584952545,
        0.06880865414456248,
        0.08504372228237163,
        0.10125796580428278,
        0.11745879104898789,
        0.1418954854227785,
        0.18527859267857288,
        0.21594350874154788,
        0.3074126194736474
      ],
      "ref_props": [
        0.1,
        0.1,
        0.1,
        0.1,
        0.1,
        0.1,
        0.1,
        0.1,
        0.1,
        0.1
      ]
    },
    "ma_5_20_cross": {
      "edges": [
        -0.1322118770049292,
        -0.05315976581242101,
        -0.014675883969278498,
        0.0037883601060547042,
        0.014692881500679805,
        0.020127020758526126,
        0.030788996453952975,
        0.04162922488059808,
        0.05274613167644696,
        0.07193282272682497,
        0.10513565891472876
      ],
      "ref_props": [
        0.1,
        0.1,
        0.1,
        0.1,
        0.1,
        0.1,
        0.1,
        0.1,
        0.1,
        0.1
      ]
    },
    "ma_20_60_cross": {
      "edges": [
        -0.12150443757665996,
        -0.04731025989689319,
        0.022786475359711848,
        0.04958981463374005,
        0.05899992587076169,
        0.0749454683951587,
        0.08636819271159402,
        0.09770479375016568,
        0.11800801787654149,
        0.13918406781818568,
        0.1468954191271532
      ],
      "ref_props": [
        0.1,
        0.1,
        0.1,
        0.1,
        0.1,
        0.1,
        0.1,
        0.1,
        0.1,
        0.1
      ]
    },
    "rsi": {
      "edges": [
        20.614525139664806,
        39.952139231327045,
        47.38824064006232,
        51.79211707966075,
        56.54107750134241,
        60.032822757111596,
        63.19942961142279,
        67.72225050689104,
        72.0080604534005,
        76.56266025641025,
        84.37314319667261
      ],
      "ref_props": [
        0.1,
        0.1,
        0.1,
        0.1,
        0.1,
        0.1,
        0.1,
        0.1,
        0.1,
        0.1
      ]
    },