{
  "feature_cols": [
    "return_1d",
    "return_2d",
    "return_3d",
    "return_5d",
    "return_10d",
    "return_20d",
    "div_ma_5",
    "div_ma_10",
    "div_ma_20",
    "div_ma_60",
    "ma_5_20_cross",
    "ma_20_60_cross",
    "rsi",
    "rsi_change",
    "macd",
    "macd_signal",
    "macd_hist",
    "macd_hist_change",
    "bb_pct_b",
    "bb_bandwidth",
    "atr_pct",
    "volatility",
    "vol_change",
    "vol_ratio",
    "candle_body_pct",
    "upper_shadow_pct",
    "lower_shadow_pct",
    "day_of_week",
    "month",
    "is_month_end",
    "is_month_start",
    "streak",
    "gap",
    "price_position_20d",
    "macro_usdjpy_ret_20",
    "macro_usdjpy_ret_60",
    "macro_usdjpy_vol_20",
    "macro_topix_ret_20",
    "macro_topix_vol_20",
    "macro_topix_above_200dma",
    "macro_nikkei_ret_20",
    "macro_nikkei_above_200dma",
    "macro_nikkei_vi",
    "macro_jgb10y",
    "macro_bias_score"
  ],
  "avg_up_ret": 0.022785521167349578,
  "avg_dn_ret": -0.016824464849402677,
  "n_bins": 10,
  "psi_ref_rows": 250,
  "psi": {
    "return_1d": {
      "edges": [
        -0.07896543831540404,
        -0.01738360944647298,
        -0.009885415928289131,
        -0.005526123196343154,
        -0.0022881839104320167,
        0.0006858853964012424,
        0.003008624719898069,
        0.006438535581380856,
        0.010067421252284436,
        0.01657430954580778,
        0.049425006116956105
      ],
      "ref_props": [
        0.1,
        0.1,
        0.1,
        0.1,
        0.1,
        0.1,
        0.1,
        0.1,
        0.1,
        0.1
      ]
    },
    "return_2d": {
      "edges": [
        -0.09593349809031682,
        -0.02306782861163311,
        -0.016263573020195966,
        -0.010083803758893735,
        -0.003204251375549602,
        0.0009305544093508589,
        0.005658163474094209,
        0.009934987114420804,
        0.013312162780702705,
        0.023302025445420968,
        0.07355915065722951
      ],
      "ref_props": [
        0.1,
        0.1,
        0.1,
        0.1,
        0.1,
        0.1,
        0.1,
        0.1,
        0.1,
        0.1
      ]
    },
    "return_3d": {
      "edges": [
        -0.10258697591436217,
        -0.026912649720837033,
        -0.018196361297194128,
        -0.011624189468584343,
        -0.006428742490332073,
        -0.0007943901922528029,
        0.005093160330709273,
        0.012139037416304644,
        0.018877854105411054,
        0.026292385694472786,
        0.07690493040811508
      ],
      "ref_props": [
        0.1,
        0.1,
        0.1,
        0.1,
        0.1,
        0.1,
        0.1,
        0.1,
        0.1,
        0.1
      ]
    },
    "return_5d": {
      "edges": [
        -0.10801781737193761,
        -0.030984119375099883,
        -0.023338338333284556,
        -0.01490036935202097,
        -0.006997521216693117,
        -0.0004736554467066889,
        0.005812839950534395,
        0.012163579318859256,
        0.023755723294504642,
        0.03470888106386398,
        0.08639212175470012
      ],
      "ref_props": [
        0.1,
        0.1,
        0.1,
        0.1,
        0.1,
        0.1,
        0.1,
        0.1,
        0.1,
        0.1
      ]
    },
    "return_10d": {
      "edges": [
        -0.10514591222989533,
        -0.04582102722082234,
        -0.02896881156193518,
        -0.01665585784350693,
        -0.005604296390420304,
        0.0015272796576398795,
        0.009602056881880264,
        0.019304358599615882,
        0.027427134773780365,
        0.04256697321071572,
        0.09691136974037606
      ],
      "ref_props": [
        0.1,
        0.1,
        0.1,
        0.1,
        0.1,
        0.1,
        0.1,
        0.1,
        0.1,
        0.1
      ]
    },
    "return_20d": {
      "edges": [
        -0.10480349344978168,
        -0.07019077918623086,
        -0.05348055194979446,
        -0.031531738730450745,
        -0.011835903227342067,
        0.003203711047488067,
        0.014316787335869392,
        0.028453225998334396,
        0.04180808747688678,
        0.05852573412527535,
        0.10673316708229419
      ],
      "ref_props": [
        0.1,
        0.1,
        0.1,
        0.1,
        0.1,
        0.1,
        0.1,
        0.1,
        0.1,
        0.1
      ]
    },
    "div_ma_5": {
      "edges": [
        -0.0778256485470713,
        -0.016660695730896277,
        -0.012504456138402448,
        -0.007962099110903563,
        -0.0033274549103493095,
        0.0004048154038859551,
        0.0029234631277992988,
        0.006971031979895012,
        0.01154280021553987,
        0.017309490453806788,
        0.041748430141287235
      ],
      "ref_props": [
        0.1,
        0.1,
        0.1,
        0.1,
        0.1,
        0.1,
        0.1,
        0.1,
        0.1,
        0.1
      ]
    },
    "div_ma_10": {
      "edges": [
        -0.08424741704974735,
        -0.024517907008827257,
        -0.016001016426111136,
        -0.009698586139815262,
        -0.004976505836827195,
        2.3084456212125055e-05,
        0.0041851287367748605,
        0.008504297572965188,
        0.017796739159645372,
        0.026728339045726687,
        0.05151610028660187
      ],
      "ref_props": [
        0.1,
        0.1,
        0.1,
        0.1,
        0.1,
        0.1,
        0.1,
        0.1,
        0.1,
        0.1
      ]
    },
    "div_ma_20": {
      "edges": [
        -0.08976238366345068,
        -0.03751445834213971,
        -0.021951045703736745,
        -0.013280894744877751,
        -0.00756033003130747,
        0.0010152895068003243,
        0.007367944979428179,
        0.01456357954193337,
        0.02173884331739415,
        0.03360763000808899,
        0.06489103525652756
      ],
      "ref_props": [
        0.1,
        0.1,
        0.1,
        0.1,
        0.1,
        0.1,
        0.1,
        0.1,
        0.1,
        0.1
      ]
    },
    "div_ma_60": {
      "edges": [
        -0.11789969825782441,
        -0.060560908489643406,
        -0.04399105250346606,
        -0.03424116967891479,
        -0.016277502965369766,
        0.005231770536469584,
        0.017399578391239255,
        0.027366526639396396,
        0.03459856842855689,
        0.04370986015072005,
        0.06992609014250058
      ],
      "ref_props": [
        0.1,
        0.1,
        0.1,
        0.1,
        0.1,
        0.1,
        0.1,
        0.1,
        0.1,
        0.1
      ]
    },
    "ma_5_20_cross": {
      "edges": [
        -0.0709837820416902,
        -0.02816839277618428,
        -0.01703825811923942,
        -0.012730182047403884,
        -0.0028016085096259856,
        0.0022397363575225038,
        0.004780336380336172,
        0.010263107921434372,
        0.01673427098494518,
        0.025439829420485366,
        0.04548876745598052
      ],
      "ref_props": [
        0.1,
        0.1,
        0.1,
        0.1,
        0.1,
        0.1,
        0.1,
        0.1,
        0.1,
        0.1
      ]
    },
    "ma_20_60_cross": {
      "edges": [
        -0.049294884319652565,
        -0.04260432344104763,
        -0.03494908060289457,
        -0.022495930143432038,
        -0.01282703232038002,
        0.0075177578379354015,
        0.011568089468249637,
        0.014807761147254019,
        0.022805740850604387,
        0.030157535447431848,
        0.0335583230345089
      ],
      "ref_props": [
        0.1,
        0.1,
        0.1,
        0.1,
        0.1,
        0.1,
        0.1,
        0.1,
        0.1,
        0.1
      ]
    },
    "rsi": {
      "edges": [
        17.891816920943143,
        29.8999155750429,
        35.98235710857691,
        41.01356862419819,
        45.34044977904584,
        50.722764496649845,
        53.752062015503874,
        57.58762303497545,
        61.88278560776796,
        66.68579626972739,
        76.68231611893583
      ],