{
  "feature_cols": [
    "return_1d",
    "return_2d",
    "return_3d",
    "return_5d",
    "return_10d",
    "return_20d",
    "div_ma_5",
    "div_ma_10",
    "div_ma_20",
    "div_ma_60",
    "ma_5_20_cross",
    "ma_20_60_cross",
    "rsi",
    "rsi_change",
    "macd",
    "macd_signal",
    "macd_hist",
    "macd_hist_change",
    "bb_pct_b",
    "bb_bandwidth",
    "atr_pct",
    "volatility",
    "vol_change",
    "vol_ratio",
    "candle_body_pct",
    "upper_shadow_pct",
    "lower_shadow_pct",
    "day_of_week",
    "month",
    "is_month_end",
    "is_month_start",
    "streak",
    "gap",
    "price_position_20d",
    "macro_usdjpy_ret_20",
    "macro_usdjpy_ret_60",
    "macro_usdjpy_vol_20",
    "macro_topix_ret_20",
    "macro_topix_vol_20",
    "macro_topix_above_200dma",
    "macro_nikkei_ret_20",
    "macro_nikkei_above_200dma",
    "macro_nikkei_vi",
    "macro_jgb10y",
    "macro_bias_score"
  ],
  "avg_up_ret": 0.020226397397479376,
  "avg_dn_ret": -0.013971777193894716,
  "n_bins": 10,
  "psi_ref_rows": 250,
  "psi": {
    "return_1d": {
      "edges": [
        -0.09217577706323687,
        -0.014680959582014408,
        -0.009091252604850619,
        -0.005315155520113736,
        -0.0023066759939009964,
        0.0012392791398533332,
        0.0038660131595140293,
        0.006534829708955961,
        0.009584651621352308,
        0.01523193348461631,
        0.045159983799109016
      ],
      "ref_props": [
        0.1,
        0.1,
        0.1,
        0.1,
        0.1,
        0.1,
        0.1,
        0.1,
        0.1,
        0.1
      ]
    },
    "return_2d": {
      "edges": [
        -0.08761220825852778,
        -0.02035936722280993,
        -0.012842737536315417,
        -0.007860964375776778,
        -0.004301706045005948,
        9.181050312156991e-05,
        0.0038956500551437425,
        0.007957781040927217,
        0.012244082928750198,
        0.022599914545391005,
        0.07222987600865971
      ],
      "ref_props": [
        0.1,
        0.1,
        0.1,
        0.1,
        0.1,
        0.1,
        0.1,
        0.1,
        0.1,
        0.1
      ]
    },
    "return_3d": {
      "edges": [
        -0.07599999999999996,
        -0.022413404674739467,
        -0.015156470919790575,
        -0.008867437704263292,
        -0.004038995702215991,
        0.0006544737446171345,
        0.0034295670953896212,
        0.008171612702978505,
        0.012906399854512567,
        0.02822568775328763,
        0.07689266653488835
      ],
      "ref_props": [
        0.1,
        0.1,
        0.1,
        0.1,
        0.1,
        0.1,
        0.1,
        0.1,
        0.1,
        0.1
      ]
    },
    "return_5d": {
      "edges": [
        -0.059380692167577465,
        -0.03025010186337569,
        -0.02025174650768735,
        -0.011337543053960933,
        -0.0064071367744907145,
        0.00036792077385194855,
        0.0062811103765071175,
        0.010881639558187401,
        0.017119608584627067,
        0.03183767784454356,
        0.09427278094863212
      ],
      "ref_props": [
        0.1,
        0.1,
        0.1,
        0.1,
        0.1,
        0.1,
        0.1,
        0.1,
        0.1,
        0.1
      ]
    },
    "return_10d": {
      "edges": [
        -0.07952286282306165,
        -0.039128561189658725,
        -0.02925052397434271,
        -0.018536075433286378,
        -0.008584209918878382,
        -0.00046331993170678487,
        0.006133920741857115,
        0.01662815516633583,
        0.030483058804781457,
        0.04981588471921001,
        0.09105180533751955
      ],
      "ref_props": [
        0.1,
        0.1,
        0.1,
        0.1,
        0.1,
        0.1,
        0.1,
        0.1,
        0.1,
        0.1
      ]
    },
    "return_20d": {
      "edges": [
        -0.10703953712632597,
        -0.06008230893946283,
        -0.04130214502022244,
        -0.02139862177581063,
        -0.007872164265606874,
        0.003984742354470661,
        0.016338590624348285,
        0.024894284630994443,
        0.04081206077819324,
        0.07951283626773058,
        0.12816691505216093
      ],
      "ref_props": [
        0.1,
        0.1,
        0.1,
        0.1,
        0.1,
        0.1,
        0.1,
        0.1,
        0.1,
        0.1
      ]
    },
    "div_ma_5": {
      "edges": [
        -0.065087015710659,
        -0.014498820177279116,
        -0.00950444111924216,
        -0.006160053539433719,
        -0.002757965411889478,
        0.000800248606881556,
        0.0028527466139235875,
        0.004776279249377299,
        0.009139894657479334,
        0.017230769528116023,
        0.05100702214677051
      ],
      "ref_props": [
        0.1,
        0.1,
        0.1,
        0.1,
        0.1,
        0.1,
        0.1,
        0.1,
        0.1,
        0.1
      ]
    },
    "div_ma_10": {
      "edges": [
        -0.04786885245901639,
        -0.021188170266142822,
        -0.013993237361398325,
        -0.009540010645865314,
        -0.00414278939904038,
        0.00019549014201940973,
        0.0037035336394220858,
        0.0070165915152132705,
        0.01405839590468075,
        0.025027757268602124,
        0.0625456502517971
      ],
      "ref_props": [
        0.1,
        0.1,
        0.1,
        0.1,
        0.1,
        0.1,
        0.1,
        0.1,
        0.1,
        0.1
      ]
    },
    "div_ma_20": {
      "edges": [
        -0.05876134619489539,
        -0.03043037855098144,
        -0.022445991747297625,
        -0.014782465092776326,
        -0.006826172067171215,
        0.0018682678778093155,
        0.0070444965277935406,
        0.013371941659831143,
        0.02334348288433256,
        0.040867964849537634,
        0.07874865156418547
      ],
      "ref_props": [
        0.1,
        0.1,
        0.1,
        0.1,
        0.1,
        0.1,
        0.1,
        0.1,
        0.1,
        0.1
      ]
    },
    "div_ma_60": {
      "edges": [
        -0.07596204060045839,
        -0.03664200464851205,
        -0.02324089219870325,
        -0.016596878415867017,
        -0.009572546687141765,
        -0.003096434106177733,
        0.009901326249025458,
        0.022483456482892825,
        0.044435531786007815,
        0.06770686783287051,
        0.09253491409625239
      ],
      "ref_props": [
        0.1,
        0.1,
        0.1,
        0.1,
        0.1,
        0.1,
        0.1,
        0.1,
        0.1,
        0.1
      ]
    },
    "ma_5_20_cross": {
      "edges": [
        -0.04147747563899806,
        -0.02410598905337171,
        -0.017796493244759404,
        -0.009650833090120773,
        -0.00467044139137149,
        0.0009150704663264397,
        0.006163553481811111,
        0.008964668777640418,
        0.016192492034453297,
        0.03203229985289302,
        0.058840101420694735
      ],
      "ref_props": [
        0.1,
        0.1,
        0.1,
        0.1,
        0.1,
        0.1,
        0.1,
        0.1,
        0.1,
        0.1
      ]
    },
    "ma_20_60_cross": {
      "edges": [
        -0.04295931543417619,
        -0.024583924314723248,
        -0.017864098667614424,
        -0.009046946950483513,
        -0.006015475414253291,
        -0.001973406400495814,
        0.003626967189548506,
        0.014756602504272721,
        0.030765830016995736,
        0.04344112467324309,
        0.06361235236465723
      ],
      "ref_props": [
        0.1,
        0.1,
        0.1,
        0.1,
        0.1,
        0.1,
        0.1,
        0.1,
        0.1,
        0.1
      ]
    },
    "rsi": {
      "edges": [
        13.078470824949704,
        28.99732742900028,
        36.997953027364794,
        42.39869901070607,
        46.607483001050525,
        51.51473068148002,
        54.374801534564156,
        57.64852784202099,
        62.22130408320117,
        68.57313550871643,
        84.82384823848238
      ],