{
  "feature_cols": [
    "return_1d",
    "return_2d",
    "return_3d",
    "return_5d",
    "return_10d",
    "return_20d",
    "div_ma_5",
    "div_ma_10",
    "div_ma_20",
    "div_ma_60",
    "ma_5_20_cross",
    "ma_20_60_cross",
    "rsi",
    "rsi_change",
    "macd",
    "macd_signal",
    "macd_hist",
    "macd_hist_change",
    "bb_pct_b",
    "bb_bandwidth",
    "atr_pct",
    "volatility",
    "vol_change",
    "vol_ratio",
    "candle_body_pct",
    "upper_shadow_pct",
    "lower_shadow_pct",
    "day_of_week",
    "month",
    "is_month_end",
    "is_month_start",
    "streak",
    "gap",
    "price_position_20d",
    "macro_usdjpy_ret_20",
    "macro_usdjpy_ret_60",
    "macro_usdjpy_vol_20",
    "macro_topix_ret_20",
    "macro_topix_vol_20",
    "macro_topix_above_200dma",
    "macro_nikkei_ret_20",
    "macro_nikkei_above_200dma",
    "macro_nikkei_vi",
    "macro_jgb10y",
    "macro_bias_score"
  ],
  "avg_up_ret": 0.035604588937790387,
  "avg_dn_ret": -0.022773115965705408,
  "n_bins": 10,
  "psi_ref_rows": 250,
  "psi": {
    "return_1d": {
      "edges": [
        -0.08759124087591241,
        -0.019372335422768925,
        -0.011521014665546314,
        -0.0070037445001530745,
        -0.0020713361080896267,
        0.0015631175630873573,
        0.0055984237389106305,
        0.009410912815059149,
        0.015151980037026206,
        0.027298705581965062,
        0.05847826086956531
      ],
      "ref_props": [
        0.1,
        0.1,
        0.1,
        0.1,
        0.1,
        0.1,
        0.1,
        0.1,
        0.1,
        0.1
      ]
    },
    "return_2d": {
      "edges": [
        -0.07554146856840993,
        -0.028704978309163597,
        -0.01675000690036998,
        -0.01139809300220299,
        -0.0029993055438531694,
        0.0034413429700212994,
        0.011963636841820932,
        0.01887565858905973,
        0.026168304036335886,
        0.039814342238699355,
        0.08152476349471338
      ],
      "ref_props": [
        0.1,
        0.1,
        0.1,
        0.1,
        0.1,
        0.1,
        0.1,
        0.1,
        0.1,
        0.1
      ]
    },
    "return_3d": {
      "edges": [
        -0.08088235294117652,
        -0.03211300842951471,
        -0.023101598524586615,
        -0.011404232727623746,
        -0.002023636115347015,
        0.0068576486490031785,
        0.01422492401215805,
        0.022851114259469466,
        0.0354355755869725,
        0.04963072062409574,
        0.09645286686103005
      ],
      "ref_props": [
        0.1,
        0.1,
        0.1,
        0.1,
        0.1,
        0.1,
        0.1,
        0.1,
        0.1,
        0.1
      ]
    },
    "return_5d": {
      "edges": [
        -0.09490561158520816,
        -0.03953440678030953,
        -0.024208206599804025,
        -0.01198055242039216,
        -0.0003330457103473545,
        0.010411150439383121,
        0.019114798416963112,
        0.031506498827748905,
        0.04394390828136632,
        0.06456693216064957,
        0.11169590643274852
      ],
      "ref_props": [
        0.1,
        0.1,
        0.1,
        0.1,
        0.1,
        0.1,
        0.1,
        0.1,
        0.1,
        0.1
      ]
    },
    "return_10d": {
      "edges": [
        -0.0995121951219512,
        -0.04509509581350094,
        -0.02543353257097247,
        -0.008961723240095924,
        0.00108611326609777,
        0.014676627560260114,
        0.02775624362130282,
        0.0433039503587427,
        0.06928233069797662,
        0.09348816219502921,
        0.1330171635049684
      ],
      "ref_props": [
        0.1,
        0.1,
        0.1,
        0.1,
        0.1,
        0.1,
        0.1,
        0.1,
        0.1,
        0.1
      ]
    },
    "return_20d": {
      "edges": [
        -0.1166666666666667,
        -0.056677537714896295,
        -0.025344672062833168,
        -0.0005591707413377229,
        0.020206498596524614,
        0.043274983973217496,
        0.06124510654856619,
        0.07611750541312635,
        0.0957027969994542,
        0.11422618555483381,
        0.19338235294117645
      ],
      "ref_props": [
        0.1,
        0.1,
        0.1,
        0.1,
        0.1,
        0.1,
        0.1,
        0.1,
        0.1,
        0.1
      ]
    },
    "div_ma_5": {
      "edges": [
        -0.07068132334979554,
        -0.02075442447788438,
        -0.012014528554046956,
        -0.006989442255662429,
        -0.0007318467220286145,
        0.004520518675226407,
        0.008539448199599299,
        0.013463061745628176,
        0.02045196104458414,
        0.0309262520370803,
        0.06113331765812368
      ],
      "ref_props": [
        0.1,
        0.1,
        0.1,
        0.1,
        0.1,
        0.1,
        0.1,
        0.1,
        0.1,
        0.1
      ]
    },
    "div_ma_10": {
      "edges": [
        -0.06818242325816672,
        -0.026541830458474355,
        -0.013657442612962362,
        -0.0061492228904616465,
        -0.0006484644976002875,
        0.0059082504767201775,
        0.013114490199858563,
        0.021204204741831843,
        0.03628374124020496,
        0.04799909283901647,
        0.07802329185670637
      ],
      "ref_props": [
        0.1,
        0.1,
        0.1,
        0.1,
        0.1,
        0.1,
        0.1,
        0.1,
        0.1,
        0.1
      ]
    },
    "div_ma_20": {
      "edges": [
        -0.05805558711436568,
        -0.03349345670641645,
        -0.013066147079810048,
        -0.0021759001548094224,
        0.007027276434049247,
        0.013811467320638978,
        0.02337089194857754,
        0.03768251441035894,
        0.05399121110741019,
        0.06701112321686853,
        0.1063672330857029
      ],
      "ref_props": [
        0.1,
        0.1,
        0.1,
        0.1,
        0.1,
        0.1,
        0.1,
        0.1,
        0.1,
        0.1
      ]
    },
    "div_ma_60": {
      "edges": [
        -0.08965144717691716,
        -0.020215838497759854,
        0.011775103484522131,
        0.02936698532601502,
        0.044727743765220915,
        0.05751363793825024,
        0.06722697438097518,
        0.08630152820679886,
        0.10793988686425678,
        0.13128230486950734,
        0.20614250132381487
      ],
      "ref_props": [
        0.1,
        0.1,
        0.1,
        0.1,
        0.1,
        0.1,
        0.1,
        0.1,
        0.1,
        0.1
      ]
    },
    "ma_5_20_cross": {
      "edges": [
        -0.04862365436023408,
        -0.02441917307888204,
        -0.011436573041885166,
        -0.003395123494807994,
        0.0032433452089071736,
        0.010625869129052612,
        0.018907811320130332,
        0.030771376421877255,
        0.04178471192387541,
        0.05201827614484415,
        0.0780608755129959
      ],
      "ref_props": [
        0.1,
        0.1,
        0.1,
        0.1,
        0.1,
        0.1,
        0.1,
        0.1,
        0.1,
        0.1
      ]
    },
    "ma_20_60_cross": {
      "edges": [
        -0.04455556024681384,
        -0.0029072924601806424,
        0.010269158901834175,
        0.01917811578157816,
        0.02451106524422433,
        0.035131746502398586,
        0.06001774394578802,
        0.06476988806132408,
        0.06867760412367936,
        0.08320775336148242,
        0.1077254234441909
      ],
      "ref_props": [
        0.1,
        0.1,
        0.1,
        0.1,
        0.1,
        0.1,
        0.1,
        0.1,
        0.1,
        0.1
      ]
    },
    "rsi": {
      "edges": [
        17.91666666666667,
        37.21707317073171,
        44.334741820658536,
        48.91893683303507,
        52.97619405452524,
        57.08977924561099,
        60.003881720347884,
        63.67161635832522,
        68.36333892802908,
        72.18162423093085,
        91.97207678883072
      ],