{
  "feature_cols": [
    "return_1d",
    "return_2d",
    "return_3d",
    "return_5d",
    "return_10d",
    "return_20d",
    "div_ma_5",
    "div_ma_10",
    "div_ma_20",
    "div_ma_60",
    "ma_5_20_cross",
    "ma_20_60_cross",
    "rsi",
    "rsi_change",
    "macd",
    "macd_signal",
    "macd_hist",
    "macd_hist_change",
    "bb_pct_b",
    "bb_bandwidth",
    "atr_pct",
    "volatility",
    "vol_change",
    "vol_ratio",
    "candle_body_pct",
    "upper_shadow_pct",
    "lower_shadow_pct",
    "day_of_week",
    "month",
    "is_month_end",
    "is_month_start",
    "streak",
    "gap",
    "price_position_20d",
    "macro_usdjpy_ret_20",
    "macro_usdjpy_ret_60",
    "macro_usdjpy_vol_20",
    "macro_topix_ret_20",
    "macro_topix_vol_20",
    "macro_topix_above_200dma",
    "macro_nikkei_ret_20",
    "macro_nikkei_above_200dma",
    "macro_nikkei_vi",
    "macro_jgb10y",
    "macro_bias_score"
  ],
  "avg_up_ret": 0.03589311553265204,
  "avg_dn_ret": -0.021215019245522212,
  "n_bins": 10,
  "psi_ref_rows": 250,
  "psi": {
    "return_1d": {
      "edges": [
        -0.06628628964591377,
        -0.02002419115058931,
        -0.013426175842614962,
        -0.0061764334810403216,
        -0.0011925284055779063,
        0.002174916990576703,
        0.006009087242243409,
        0.010721394360022663,
        0.016130355531233587,
        0.025156589097482078,
        0.07316680096696215
      ],
      "ref_props": [
        0.1,
        0.1,
        0.1,
        0.1,
        0.1,
        0.1,
        0.1,
        0.1,
        0.1,
        0.1
      ]
    },
    "return_2d": {
      "edges": [
        -0.11788556840366426,
        -0.027767307752461074,
        -0.016464165620227435,
        -0.009269966751473145,
        -0.002965562823347072,
        0.0030381324067001447,
        0.010236366769707995,
        0.017243307646169156,
        0.02602524135424718,
        0.03982400969828721,
        0.11466354201540008
      ],
      "ref_props": [
        0.1,
        0.1,
        0.1,
        0.1,
        0.1,
        0.1,
        0.1,
        0.1,
        0.1,
        0.1
      ]
    },
    "return_3d": {
      "edges": [
        -0.0768884216849377,
        -0.033486316505184445,
        -0.01945973445138098,
        -0.008458401858027376,
        -0.00028332654883052625,
        0.006199497399705711,
        0.012803788486002853,
        0.02114017121422065,
        0.03262559051046479,
        0.048401811218212756,
        0.1425875085792725
      ],
      "ref_props": [
        0.1,
        0.1,
        0.1,
        0.1,
        0.1,
        0.1,
        0.1,
        0.1,
        0.1,
        0.1
      ]
    },
    "return_5d": {
      "edges": [
        -0.08614477563052736,
        -0.037657567921526726,
        -0.022323286881147993,
        -0.008352351486103887,
        0.0019159155469598735,
        0.010060471998482923,
        0.020100748808713407,
        0.033247775848770235,
        0.04419994818574868,
        0.06428599838536489,
        0.11578418230563003
      ],
      "ref_props": [
        0.1,
        0.1,
        0.1,
        0.1,
        0.1,
        0.1,
        0.1,
        0.1,
        0.1,
        0.1
      ]
    },
    "return_10d": {
      "edges": [
        -0.14448410674825773,
        -0.03270020873344726,
        -0.008376882552050666,
        0.0010439534906340772,
        0.012651526096743738,
        0.025737949893995804,
        0.03988231281553473,
        0.0562530186824732,
        0.06915012028676681,
        0.0857925633393509,
        0.19680086268871322
      ],
      "ref_props": [
        0.1,
        0.1,
        0.1,
        0.1,
        0.1,
        0.1,
        0.1,
        0.1,
        0.1,
        0.1
      ]
    },
    "return_20d": {
      "edges": [
        -0.14077340569877883,
        -0.041739612097729764,
        -0.0028471855211282086,
        0.02184770296991686,
        0.046545238902067125,
        0.06854553142011521,
        0.08308787616957336,
        0.1022530293955207,
        0.11695562816777838,
        0.13652312599681027,
        0.2263351749539595
      ],
      "ref_props": [
        0.1,
        0.1,
        0.1,
        0.1,
        0.1,
        0.1,
        0.1,
        0.1,
        0.1,
        0.1
      ]
    },
    "div_ma_5": {
      "edges": [
        -0.05205052336864876,
        -0.020084600977972288,
        -0.012040180741402581,
        -0.005408734910783083,
        -0.0004994685413812344,
        0.0038302629186830403,
        0.008916390192388504,
        0.012876838187130738,
        0.01884685205089297,
        0.032106413423502164,
        0.09314465821787372
      ],
      "ref_props": [
        0.1,
        0.1,
        0.1,
        0.1,
        0.1,
        0.1,
        0.1,
        0.1,
        0.1,
        0.1
      ]
    },
    "div_ma_10": {
      "edges": [
        -0.08116693442383532,
        -0.02327908421513613,
        -0.01029948342710923,
        -0.0014934763160943804,
        0.005184156279396603,
        0.010955578546341384,
        0.01716564898682308,
        0.022287641653055138,
        0.030542609868435544,
        0.047808927256092815,
        0.11215031315240083
      ],
      "ref_props": [
        0.1,
        0.1,
        0.1,
        0.1,
        0.1,
        0.1,
        0.1,
        0.1,
        0.1,
        0.1
      ]
    },
    "div_ma_20": {
      "edges": [
        -0.1119071146245059,
        -0.03000027654216931,
        -0.002301189132929033,
        0.006323327713190039,
        0.017447394694295428,
        0.026459733248055492,
        0.03871187173530724,
        0.046409742064778214,
        0.05532686025444553,
        0.06964383209903546,
        0.14005427199342577
      ],
      "ref_props": [
        0.1,
        0.1,
        0.1,
        0.1,
        0.1,
        0.1,
        0.1,
        0.1,
        0.1,
        0.1
      ]
    },
    "div_ma_60": {
      "edges": [
        -0.1503525426399338,
        -0.004051622794407676,
        0.03371887555017913,
        0.051645695881082705,
        0.07207055994412881,
        0.09174056103050626,
        0.11191789946633557,
        0.1333532742134827,
        0.14880312311653918,
        0.17268247846205143,
        0.26248534620865743
      ],
      "ref_props": [
        0.1,
        0.1,
        0.1,
        0.1,
        0.1,
        0.1,
        0.1,
        0.1,
        0.1,
        0.1
      ]
    },
    "ma_5_20_cross": {
      "edges": [
        -0.08846952595936786,
        -0.017297691665320056,
        -0.00137539198237726,
        0.009007433925064558,
        0.016487061659802342,
        0.021983257275682733,
        0.030193346954405485,
        0.03544546603765926,
        0.0427517301795727,
        0.05164164604040624,
        0.07273930685186447
      ],
      "ref_props": [
        0.1,
        0.1,
        0.1,
        0.1,
        0.1,
        0.1,
        0.1,
        0.1,
        0.1,
        0.1
      ]
    },
    "ma_20_60_cross": {
      "edges": [
        -0.05681802052432117,
        0.01364648135682496,
        0.028017554058595903,
        0.039667987579263694,
        0.04816909079016148,
        0.0603269809992254,
        0.0806670595719199,
        0.09599582690169159,
        0.1027376938300245,
        0.10816912771076762,
        0.1136696727333637
      ],
      "ref_props": [
        0.1,
        0.1,
        0.1,
        0.1,
        0.1,
        0.1,
        0.1,
        0.1,
        0.1,
        0.1
      ]
    },
    "rsi": {
      "edges": [
        2.8998242530755647,
        38.803753644314874,
        48.447731474896884,
        52.84472823693654,
        56.32308208113628,
        60.60883737173837,
        63.64633720006356,
        66.64926923174346,
        70.66235559202386,
        76.48111419423022,
        85.52412645590682
      ],