{
  "feature_cols": [
    "return_1d",
    "return_2d",
    "return_3d",
    "return_5d",
    "return_10d",
    "return_20d",
    "div_ma_5",
    "div_ma_10",
    "div_ma_20",
    "div_ma_60",
    "ma_5_20_cross",
    "ma_20_60_cross",
    "rsi",
    "rsi_change",
    "macd",
    "macd_signal",
    "macd_hist",
    "macd_hist_change",
    "bb_pct_b",
    "bb_bandwidth",
    "atr_pct",
    "volatility",
    "vol_change",
    "vol_ratio",
    "candle_body_pct",
    "upper_shadow_pct",
    "lower_shadow_pct",
    "day_of_week",
    "month",
    "is_month_end",
    "is_month_start",
    "streak",
    "gap",
    "price_position_20d",
    "macro_usdjpy_ret_20",
    "macro_usdjpy_ret_60",
    "macro_usdjpy_vol_20",
    "macro_topix_ret_20",
    "macro_topix_vol_20",
    "macro_topix_above_200dma",
    "macro_nikkei_ret_20",
    "macro_nikkei_above_200dma",
    "macro_nikkei_vi",
    "macro_jgb10y",
    "macro_bias_score"
  ],
  "avg_up_ret": 0.02282482693468809,
  "avg_dn_ret": -0.017035618073349516,
  "n_bins": 10,
  "psi_ref_rows": 250,
  "psi": {
    "return_1d": {
      "edges": [
        -0.07896543831540404,
        -0.017511422670776,
        -0.00959175899759883,
        -0.005144694894317011,
        -0.0022881839104320167,
        0.0006995403804703759,
        0.003008624719898069,
        0.006438535581380856,
        0.010085824985729543,
        0.0176474811521961,
        0.049425006116956105
      ],
      "ref_props": [
        0.1,
        0.1,
        0.1,
        0.1,
        0.1,
        0.1,
        0.1,
        0.1,
        0.1,
        0.1
      ]
    },
    "return_2d": {
      "edges": [
        -0.09593349809031682,
        -0.023343660143190993,
        -0.016263573020195966,
        -0.009884209444764711,
        -0.0029935610839639127,
        0.0015445378017431288,
        0.00610343431121914,
        0.01017620043020111,
        0.014253285874843473,
        0.023302025445420968,
        0.07355915065722951
      ],
      "ref_props": [
        0.1,
        0.1,
        0.1,
        0.1,
        0.1,
        0.1,
        0.1,
        0.1,
        0.1,
        0.1
      ]
    },
    "return_3d": {
      "edges": [
        -0.10258697591436217,
        -0.027136287619541174,
        -0.017307750749381862,
        -0.011529395975952672,
        -0.005801916932907301,
        -0.00010924186148131287,
        0.005913349947767913,
        0.012645588575762482,
        0.019098393132291402,
        0.026292385694472786,
        0.07690493040811508
      ],
      "ref_props": [
        0.1,
        0.1,
        0.1,
        0.1,
        0.1,
        0.1,
        0.1,
        0.1,
        0.1,
        0.1
      ]
    },
    "return_5d": {
      "edges": [
        -0.10801781737193761,
        -0.030740920499864766,
        -0.023221010087268047,
        -0.013760188072651945,
        -0.006603472131087318,
        -0.0004736554467066889,
        0.005947413939287527,
        0.01250746849066129,
        0.023755723294504642,
        0.03470888106386398,
        0.08639212175470012
      ],
      "ref_props": [
        0.1,
        0.1,
        0.1,
        0.1,
        0.1,
        0.1,
        0.1,
        0.1,
        0.1,
        0.1
      ]
    },
    "return_10d": {
      "edges": [
        -0.10514591222989533,
        -0.0463250254552339,
        -0.030303048846293732,
        -0.019777006382200608,
        -0.00814482425697304,
        -3.516419076921018e-06,
        0.007894645952324565,
        0.017659802120763905,
        0.02679680650406016,
        0.04256697321071572,
        0.09691136974037606
      ],
      "ref_props": [
        0.1,
        0.1,
        0.1,
        0.1,
        0.1,
        0.1,
        0.1,
        0.1,
        0.1,
        0.1
      ]
    },
    "return_20d": {
      "edges": [
        -0.10480349344978168,
        -0.07019077918623086,
        -0.05348055194979446,
        -0.03266904166083016,
        -0.012548075030895542,
        0.00254921061564517,
        0.013855618855193798,
        0.026140028215703614,
        0.040989497385913204,
        0.05565235698210282,
        0.10673316708229419
      ],
      "ref_props": [
        0.1,
        0.1,
        0.1,
        0.1,
        0.1,
        0.1,
        0.1,
        0.1,
        0.1,
        0.1
      ]
    },
    "div_ma_5": {
      "edges": [
        -0.0778256485470713,
        -0.016660695730896277,
        -0.012504456138402448,
        -0.007483157025129942,
        -0.002949538024164888,
        0.0008600620617822032,
        0.0030148464622096155,
        0.007336008277513158,
        0.0116854108272114,
        0.017309490453806788,
        0.041748430141287235
      ],
      "ref_props": [
        0.1,
        0.1,
        0.1,
        0.1,
        0.1,
        0.1,
        0.1,
        0.1,
        0.1,
        0.1
      ]
    },
    "div_ma_10": {
      "edges": [
        -0.08424741704974735,
        -0.024517907008827257,
        -0.01591646965234379,
        -0.010183116324271234,
        -0.005218152359733484,
        2.3084456212125055e-05,
        0.0041851287367748605,
        0.00849104569549967,
        0.017796739159645372,
        0.026728339045726687,
        0.05151610028660187
      ],
      "ref_props": [
        0.1,
        0.1,
        0.1,
        0.1,
        0.1,
        0.1,
        0.1,
        0.1,
        0.1,
        0.1
      ]
    },
    "div_ma_20": {
      "edges": [
        -0.08976238366345068,
        -0.03779855091435815,
        -0.0233027335187307,
        -0.014890470825101056,
        -0.008513419010361567,
        0.0005101522992428433,
        0.006502116275438056,
        0.013407139717605494,
        0.021596987364789197,
        0.03360763000808899,
        0.06489103525652756
      ],
      "ref_props": [
        0.1,
        0.1,
        0.1,
        0.1,
        0.1,
        0.1,
        0.1,
        0.1,
        0.1,
        0.1
      ]
    },
    "div_ma_60": {
      "edges": [
        -0.11789969825782441,
        -0.060560908489643406,
        -0.0457885691686398,
        -0.034758556430363206,
        -0.018905089687488323,
        0.004771799182507185,
        0.017399578391239255,
        0.027366526639396396,
        0.03459856842855689,
        0.04370986015072005,
        0.06992609014250058
      ],
      "ref_props": [
        0.1,
        0.1,
        0.1,
        0.1,
        0.1,
        0.1,
        0.1,
        0.1,
        0.1,
        0.1
      ]
    },
    "ma_5_20_cross": {
      "edges": [
        -0.0709837820416902,
        -0.028531804618224996,
        -0.019426923335590728,
        -0.013801383404397337,
        -0.003850683982709557,
        0.0006006720145268485,
        0.004335053289222837,
        0.009363991467440162,
        0.016216883366076924,
        0.024583956481403702,
        0.04548876745598052
      ],
      "ref_props": [
        0.1,
        0.1,
        0.1,
        0.1,
        0.1,
        0.1,
        0.1,
        0.1,
        0.1,
        0.1
      ]
    },
    "ma_20_60_cross": {
      "edges": [
        -0.049294884319652565,
        -0.04260432344104763,
        -0.03494908060289457,
        -0.022495930143432038,
        -0.013554919768003267,
        0.0075177578379354015,
        0.011568089468249637,
        0.014807761147254019,
        0.022805740850604387,
        0.030157535447431848,
        0.0335583230345089
      ],
      "ref_props": [
        0.1,
        0.1,
        0.1,
        0.1,
        0.1,
        0.1,
        0.1,
        0.1,
        0.1,
        0.1
      ]
    },
    "rsi": {
      "edges": [
        17.17325227963525,
        29.68505471142909,
        34.69699570815451,
        40.08052551613192,
        44.35447531917799,
        50.09780537693159,
        53.35379336637438,
        57.01781371773461,
        61.58997775436132,
        66.3861758603286,
        76.68231611893583
      ],