{
  "feature_cols": [
    "return_1d",
    "return_2d",
    "return_3d",
    "return_5d",
    "return_10d",
    "return_20d",
    "div_ma_5",
    "div_ma_10",
    "div_ma_20",
    "div_ma_60",
    "ma_5_20_cross",
    "ma_20_60_cross",
    "rsi",
    "rsi_change",
    "macd",
    "macd_signal",
    "macd_hist",
    "macd_hist_change",
    "bb_pct_b",
    "bb_bandwidth",
    "atr_pct",
    "volatility",
    "vol_change",
    "vol_ratio",
    "candle_body_pct",
    "upper_shadow_pct",
    "lower_shadow_pct",
    "day_of_week",
    "month",
    "is_month_end",
    "is_month_start",
    "streak",
    "gap",
    "price_position_20d",
    "macro_usdjpy_ret_20",
    "macro_usdjpy_ret_60",
    "macro_usdjpy_vol_20",
    "macro_topix_ret_20",
    "macro_topix_vol_20",
    "macro_topix_above_200dma",
    "macro_nikkei_ret_20",
    "macro_nikkei_above_200dma",
    "macro_nikkei_vi",
    "macro_jgb10y",
    "macro_bias_score"
  ],
  "avg_up_ret": 0.015389317206540017,
  "avg_dn_ret": -0.009570864419226431,
  "n_bins": 10,
  "psi_ref_rows": 250,
  "psi": {
    "return_1d": {
      "edges": [
        -0.038344239876940356,
        -0.01194028355365485,
        -0.007880236606609858,
        -0.004784508629178706,
        -0.0027576014025976867,
        0.0,
        0.0024791169450440026,
        0.005448169534497094,
        0.007218964814512725,
        0.012543211872064017,
        0.039299257441712365
      ],
      "ref_props": [
        0.1,
        0.1,
        0.1,
        0.1,
        0.088,
        0.112,
        0.1,
        0.1,
        0.1,
        0.1
      ]
    },
    "return_2d": {
      "edges": [
        -0.05141613530177691,
        -0.01650357138413284,
        -0.010455496352985639,
        -0.0063064196418899125,
        -0.004093127048311107,
        -0.0004605244366254757,
        0.00224303626666691,
        0.005944334471437785,
        0.011322722058946695,
        0.017903940703585117,
        0.04409796835850499
      ],
      "ref_props": [
        0.1,
        0.1,
        0.1,
        0.1,
        0.1,
        0.1,
        0.1,
        0.1,
        0.1,
        0.1
      ]
    },
    "return_3d": {
      "edges": [
        -0.05751632657186134,
        -0.02031344617209301,
        -0.012766225017337662,
        -0.007433606201073639,
        -0.003705605399134004,
        -0.000926686816280331,
        0.0023202938690856556,
        0.0062698608980442236,
        0.011460137811529198,
        0.022442875854023044,
        0.060579091775125216
      ],
      "ref_props": [
        0.1,
        0.1,
        0.1,
        0.1,
        0.1,
        0.1,
        0.1,
        0.1,
        0.1,
        0.1
      ]
    },
    "return_5d": {
      "edges": [
        -0.07139707970037623,
        -0.02791959061959056,
        -0.01558973986737131,
        -0.010367239697717643,
        -0.005076196122403442,
        0.0004499315685516647,
        0.004155229517680638,
        0.009626082437115427,
        0.014459097613439689,
        0.023727343532167895,
        0.06294645581926628
      ],
      "ref_props": [
        0.1,
        0.1,
        0.1,
        0.1,
        0.1,
        0.1,
        0.1,
        0.1,
        0.1,
        0.1
      ]
    },
    "return_10d": {
      "edges": [
        -0.08311577828488426,
        -0.03730598921625932,
        -0.020337590962964433,
        -0.0131481352128863,
        -0.00782840548741257,
        -0.0018532432673718513,
        0.0046185119120599975,
        0.011988728079764373,
        0.02011785794929915,
        0.030904233242208746,
        0.11742775503970204
      ],
      "ref_props": [
        0.1,
        0.1,
        0.1,
        0.1,
        0.1,
        0.1,
        0.1,
        0.1,
        0.1,
        0.1
      ]
    },
    "return_20d": {
      "edges": [
        -0.09259259380951834,
        -0.044168935776007466,
        -0.028022068494997197,
        -0.01518355129914597,
        -0.008019713307415684,
        -0.0029883039233774,
        0.004178014620818617,
        0.0133057215821905,
        0.023872906992905698,
        0.03864478083211207,
        0.13003667559045007
      ],
      "ref_props": [
        0.1,
        0.1,
        0.1,
        0.1,
        0.1,
        0.1,
        0.1,
        0.1,
        0.1,
        0.1
      ]
    },
    "div_ma_5": {
      "edges": [
        -0.03781168087136503,
        -0.012263323355822794,
        -0.007745243610102107,
        -0.0051486234183586894,
        -0.002507857551304005,
        -0.0005073135084694492,
        0.0016396441393086716,
        0.004391020197464454,
        0.0076154614632463515,
        0.014021873899505237,
        0.03136102171888943
      ],
      "ref_props": [
        0.1,
        0.1,
        0.1,
        0.1,
        0.1,
        0.1,
        0.1,
        0.1,
        0.1,
        0.1
      ]
    },
    "div_ma_10": {
      "edges": [
        -0.05621501281816893,
        -0.018940785515496515,
        -0.011585049534690264,
        -0.00673081364197646,
        -0.0039739371808112135,
        -0.0005063626009551515,
        0.002298373999425464,
        0.005141615124111016,
        0.010238386471389237,
        0.0188872691785395,
        0.057611183675024734
      ],
      "ref_props": [
        0.1,
        0.1,
        0.1,
        0.1,
        0.1,
        0.1,
        0.1,
        0.1,
        0.1,
        0.1
      ]
    },
    "div_ma_20": {
      "edges": [
        -0.06697665156611311,
        -0.026515244615931133,
        -0.017735693606298623,
        -0.011570311968510764,
        -0.007068401993399978,
        -0.001440798268426204,
        0.002699437450914042,
        0.006599616311612496,
        0.014124622047964228,
        0.02293643877318468,
        0.09138347617852255
      ],
      "ref_props": [
        0.1,
        0.1,
        0.1,
        0.1,
        0.1,
        0.1,
        0.1,
        0.1,
        0.1,
        0.1
      ]
    },
    "div_ma_60": {
      "edges": [
        -0.07055053526157454,
        -0.03129077419854351,
        -0.02070555312248379,
        -0.015095489571445395,
        -0.009272091147711882,
        -0.0032881865381724634,
        0.005634149103950256,
        0.015700258356619794,
        0.02150850933182074,
        0.033018705839609204,
        0.11227120095777054
      ],
      "ref_props": [
        0.1,
        0.1,
        0.1,
        0.1,
        0.1,
        0.1,
        0.1,
        0.1,
        0.1,
        0.1
      ]
    },
    "ma_5_20_cross": {
      "edges": [
        -0.041443037737338595,
        -0.020878703004985854,
        -0.013523246552936505,
        -0.007314875928996166,
        -0.004131006249174773,
        -0.0009857412247946118,
        0.001441469513686848,
        0.004208867697391639,
        0.01031180749378553,
        0.016454865014637436,
        0.06255113619088126
      ],
      "ref_props": [
        0.1,
        0.1,
        0.1,
        0.1,
        0.1,
        0.1,
        0.1,
        0.1,
        0.1,
        0.1
      ]
    },
    "ma_20_60_cross": {
      "edges": [
        -0.042748625708304955,
        -0.016469505256401493,
        -0.01237669980528533,
        -0.008955942303907415,
        -0.002703767867020334,
        0.0020654766447725237,
        0.005846363298124628,
        0.011618273427676322,
        0.016487905220949405,
        0.021592011634163886,
        0.048528567721383364
      ],
      "ref_props": [
        0.1,
        0.1,
        0.1,
        0.1,
        0.1,
        0.1,
        0.1,
        0.1,
        0.1,
        0.1
      ]
    },
    "rsi": {
      "edges": [
        21.580559658833977,
        32.39235856193758,
        37.722219690306495,
        41.78982113986758,
        44.92262644036479,
        49.05316786583048,
        52.39402007324327,
        55.319818852364826,
        60.101446137195694,
        65.55517279306352,
        84.36122318999374
      ],