{
  "feature_cols": [
    "return_1d",
    "return_2d",
    "return_3d",
    "return_5d",
    "return_10d",
    "return_20d",
    "div_ma_5",
    "div_ma_10",
    "div_ma_20",
    "div_ma_60",
    "ma_5_20_cross",
    "ma_20_60_cross",
    "rsi",
    "rsi_change",
    "macd",
    "macd_signal",
    "macd_hist",
    "macd_hist_change",
    "bb_pct_b",
    "bb_bandwidth",
    "atr_pct",
    "volatility",
    "vol_change",
    "vol_ratio",
    "candle_body_pct",
    "upper_shadow_pct",
    "lower_shadow_pct",
    "day_of_week",
    "month",
    "is_month_end",
    "is_month_start",
    "streak",
    "gap",
    "price_position_20d",
    "macro_usdjpy_ret_20",
    "macro_usdjpy_ret_60",
    "macro_usdjpy_vol_20",
    "macro_topix_ret_20",
    "macro_topix_vol_20",
    "macro_topix_above_200dma",
    "macro_nikkei_ret_20",
    "macro_nikkei_above_200dma",
    "macro_nikkei_vi",
    "macro_jgb10y",
    "macro_bias_score"
  ],
  "avg_up_ret": 0.05421875360847355,
  "avg_dn_ret": -0.03220155702810187,
  "n_bins": 10,
  "psi_ref_rows": 250,
  "psi": {
    "return_1d": {
      "edges": [
        -0.11970580776058837,
        -0.03933622177842472,
        -0.023758199810742765,
        -0.014417401182656341,
        -0.0066564951540562835,
        -1.3393089530078228e-05,
        0.011240292401582737,
        0.018615270534223544,
        0.03047958619618268,
        0.05047935277136325,
        0.13042121684867403
      ],
      "ref_props": [
        0.1,
        0.1,
        0.1,
        0.1,
        0.1,
        0.1,
        0.1,
        0.1,
        0.1,
        0.1
      ]
    },
    "return_2d": {
      "edges": [
        -0.1444811905746176,
        -0.050028411789254316,
        -0.030409221887998945,
        -0.017683896740701407,
        -0.005764613537722751,
        0.0063796779947591364,
        0.01515175300889582,
        0.027451832797427717,
        0.04471968617702485,
        0.07337305960009835,
        0.17544827586206901
      ],
      "ref_props": [
        0.1,
        0.1,
        0.1,
        0.1,
        0.1,
        0.1,
        0.1,
        0.1,
        0.1,
        0.1
      ]
    },
    "return_3d": {
      "edges": [
        -0.1419983416252073,
        -0.057396216836631216,
        -0.032618494630960844,
        -0.019032734053286027,
        -0.006780342879708233,
        0.009995721217151421,
        0.0190042834112955,
        0.03362447887394838,
        0.0559691929291868,
        0.09268833901482083,
        0.24373498111912117
      ],
      "ref_props": [
        0.1,
        0.1,
        0.1,
        0.1,
        0.1,
        0.1,
        0.1,
        0.1,
        0.1,
        0.1
      ]
    },
    "return_5d": {
      "edges": [
        -0.17198550974642057,
        -0.06431468818782102,
        -0.03834989282446133,
        -0.02145099125297138,
        -0.0077694596410404215,
        0.008661774298760583,
        0.02493349974833508,
        0.05204750024361498,
        0.0725193195627728,
        0.12374141779969987,
        0.3077799943003705
      ],
      "ref_props": [
        0.1,
        0.1,
        0.1,
        0.1,
        0.1,
        0.1,
        0.1,
        0.1,
        0.1,
        0.1
      ]
    },
    "return_10d": {
      "edges": [
        -0.1746905089408528,
        -0.06429891739279296,
        -0.037390218360615755,
        -0.019971984908948047,
        -0.00720970206264321,
        0.014277858461166026,
        0.05624500049133837,
        0.08607371121488885,
        0.12852695524427726,
        0.19381652863332244,
        0.37828571428571434
      ],
      "ref_props": [
        0.1,
        0.1,
        0.1,
        0.1,
        0.1,
        0.1,
        0.1,
        0.1,
        0.1,
        0.1
      ]
    },
    "return_20d": {
      "edges": [
        -0.2577195100914266,
        -0.08578461810288249,
        -0.03425129644387468,
        -0.014518668906745321,
        0.01959724547353923,
        0.05845797252572882,
        0.09446093700068642,
        0.12965757956679333,
        0.19053307093351599,
        0.315548982207485,
        0.5949812898965441
      ],
      "ref_props": [
        0.1,
        0.1,
        0.1,
        0.1,
        0.1,
        0.1,
        0.1,
        0.1,
        0.1,
        0.1
      ]
    },
    "div_ma_5": {
      "edges": [
        -0.09327900455660712,
        -0.03378297818283817,
        -0.019967142304200932,
        -0.01237616268460488,
        -0.001421201370585707,
        0.005117816785629444,
        0.011163052270745634,
        0.019858036913938205,
        0.032798483204223156,
        0.05342459058317625,
        0.13504823151125403
      ],
      "ref_props": [
        0.1,
        0.1,
        0.1,
        0.1,
        0.1,
        0.1,
        0.1,
        0.1,
        0.1,
        0.1
      ]
    },
    "div_ma_10": {
      "edges": [
        -0.1287617526409409,
        -0.04242676403414879,
        -0.023988596444386116,
        -0.014931233883430576,
        -0.0022818522488340085,
        0.008945461201195735,
        0.0198334062869153,
        0.039426881235539536,
        0.059200229340167734,
        0.09560972691203803,
        0.19194805194805195
      ],
      "ref_props": [
        0.1,
        0.1,
        0.1,
        0.1,
        0.1,
        0.1,
        0.1,
        0.1,
        0.1,
        0.1
      ]
    },
    "div_ma_20": {
      "edges": [
        -0.1624352195990158,
        -0.05702448679692058,
        -0.029694886478443695,
        -0.010697838806692245,
        0.011664771196216837,
        0.02523440944323039,
        0.04380689580638771,
        0.06255450107700443,
        0.10034324012688492,
        0.14732570345014026,
        0.27830858798295216
      ],
      "ref_props": [
        0.1,
        0.1,
        0.1,
        0.1,
        0.1,
        0.1,
        0.1,
        0.1,
        0.1,
        0.1
      ]
    },
    "div_ma_60": {
      "edges": [
        -0.16277802819276407,
        -0.05476033898696639,
        -0.020351262570410616,
        0.0071252117023516085,
        0.026261414243176476,
        0.056015020782977945,
        0.07694585588972612,
        0.1425362447732821,
        0.19961852982077166,
        0.3026659256102996,
        0.5732320851581716
      ],
      "ref_props": [
        0.1,
        0.1,
        0.1,
        0.1,
        0.1,
        0.1,
        0.1,
        0.1,
        0.1,
        0.1
      ]
    },
    "ma_5_20_cross": {
      "edges": [
        -0.0995940317393369,
        -0.04148708763089135,
        -0.020032102066079593,
        -0.006319210308403846,
        0.007937041410433176,
        0.018025047919022263,
        0.03062358519740526,
        0.05287179710059827,
        0.07620107493155107,
        0.1245234496371955,
        0.1802055922609469
      ],
      "ref_props": [
        0.1,
        0.1,
        0.1,
        0.1,
        0.1,
        0.1,
        0.1,
        0.1,
        0.1,
        0.1
      ]
    },
    "ma_20_60_cross": {
      "edges": [
        -0.07133221507841192,
        -0.03924005936416856,
        -0.02374055864367779,
        0.001162540516720247,
        0.01814261270585185,
        0.03560642456492635,
        0.047290023909433446,
        0.07962373462512227,
        0.12124216934554569,
        0.17388011597857106,
        0.3030654795744874
      ],
      "ref_props": [
        0.1,
        0.1,
        0.1,
        0.1,
        0.1,
        0.1,
        0.1,
        0.1,
        0.1,
        0.1
      ]
    },
    "rsi": {
      "edges": [
        21.36279926335176,
        36.96231532757561,
        42.712842712842715,
        46.98860182370821,
        51.201358288836595,
        55.97165775401069,
        59.89563314808083,
        63.37209093359691,
        67.42264710207178,
        70.95231336361124,
        85.87373561213812
      ],
      "ref_props": [
        0.1,
        0.1,
        0.1,
        0.1,
        0.1,
        0.1,
        0.1,
        0.1,
        0.1,
        0.1
      ]
    },