{
  "feature_cols": [
    "return_1d",
    "return_2d",
    "return_3d",
    "return_5d",
    "return_10d",
    "return_20d",
    "div_ma_5",
    "div_ma_10",
    "div_ma_20",
    "div_ma_60",
    "ma_5_20_cross",
    "ma_20_60_cross",
    "rsi",
    "rsi_change",
    "macd",
    "macd_signal",
    "macd_hist",
    "macd_hist_change",
    "bb_pct_b",
    "bb_bandwidth",
    "atr_pct",
    "volatility",
    "vol_change",
    "vol_ratio",
    "candle_body_pct",
    "upper_shadow_pct",
    "lower_shadow_pct",
    "day_of_week",
    "month",
    "is_month_end",
    "is_month_start",
    "streak",
    "gap",
    "price_position_20d",
    "macro_usdjpy_ret_20",
    "macro_usdjpy_ret_60",
    "macro_usdjpy_vol_20",
    "macro_topix_ret_20",
    "macro_topix_vol_20",
    "macro_topix_above_200dma",
    "macro_nikkei_ret_20",
    "macro_nikkei_above_200dma",
    "macro_nikkei_vi",
    "macro_jgb10y",
    "macro_bias_score"
  ],
  "avg_up_ret": 0.020074989633705784,
  "avg_dn_ret": -0.014577477213337265,
  "n_bins": 10,
  "psi_ref_rows": 250,
  "psi": {
    "return_1d": {
      "edges": [
        -0.04630715123094964,
        -0.015823960778884937,
        -0.009108657950108134,
        -0.005184252298147994,
        -0.002338539374848203,
        0.00047636985407673027,
        0.004016307893020256,
        0.007654270166320854,
        0.010695780919864986,
        0.017020445322841724,
        0.04534820946553886
      ],
      "ref_props": [
        0.1,
        0.1,
        0.1,
        0.1,
        0.1,
        0.1,
        0.1,
        0.1,
        0.1,
        0.1
      ]
    },
    "return_2d": {
      "edges": [
        -0.052364204767487266,
        -0.02126030577270197,
        -0.012198245513433337,
        -0.0073401034034092354,
        -0.0021558121857530033,
        0.0014846641706276476,
        0.004177806976996487,
        0.006979417734218246,
        0.015633137281774314,
        0.025435593726500526,
        0.049503161698283726
      ],
      "ref_props": [
        0.1,
        0.1,
        0.1,
        0.1,
        0.1,
        0.1,
        0.1,
        0.1,
        0.1,
        0.1
      ]
    },
    "return_3d": {
      "edges": [
        -0.07229386479093391,
        -0.02746402066059539,
        -0.01480728629339003,
        -0.008346938864003978,
        -0.003732666155352503,
        0.0014880721587184897,
        0.00815524460438706,
        0.01244200006157359,
        0.018072530203190374,
        0.029649139370302266,
        0.07536231884057965
      ],
      "ref_props": [
        0.1,
        0.1,
        0.1,
        0.1,
        0.1,
        0.1,
        0.1,
        0.1,
        0.1,
        0.1
      ]
    },
    "return_5d": {
      "edges": [
        -0.07410296411856476,
        -0.03328684252376481,
        -0.02054587852115164,
        -0.012169968633840738,
        -0.0038304104193839566,
        0.002809684249402644,
        0.009057575520141992,
        0.017098471384946894,
        0.025055879353851472,
        0.04082831500405855,
        0.08519309140306608
      ],
      "ref_props": [
        0.1,
        0.1,
        0.1,
        0.1,
        0.1,
        0.1,
        0.1,
        0.1,
        0.1,
        0.1
      ]
    },
    "return_10d": {
      "edges": [
        -0.09647954329210273,
        -0.03746740592225391,
        -0.024068738298897573,
        -0.014235498764634666,
        -0.008345675006545282,
        0.002702234424160399,
        0.011426903092530348,
        0.02448585393967045,
        0.03766320328338299,
        0.06401019444082484,
        0.11239307738213644
      ],
      "ref_props": [
        0.1,
        0.1,
        0.1,
        0.1,
        0.1,
        0.1,
        0.1,
        0.1,
        0.1,
        0.1
      ]
    },
    "return_20d": {
      "edges": [
        -0.1105263157894737,
        -0.0633826137570801,
        -0.03943600607305235,
        -0.02327730035052114,
        -0.0017226889559313655,
        0.015288090136217125,
        0.03323808076244715,
        0.045498761843238644,
        0.06882181407715596,
        0.09310654294156978,
        0.1690792119018898
      ],
      "ref_props": [
        0.1,
        0.1,
        0.1,
        0.1,
        0.1,
        0.1,
        0.1,
        0.1,
        0.1,
        0.1
      ]
    },
    "div_ma_5": {
      "edges": [
        -0.03952745074240394,
        -0.016209195912187155,
        -0.008549899947559749,
        -0.005710902392774635,
        -0.0023439719990368067,
        0.0007905681692245319,
        0.004325935549106395,
        0.008137422820061913,
        0.011939933630323024,
        0.018296008353169444,
        0.044572468162522784
      ],
      "ref_props": [
        0.1,
        0.1,
        0.1,
        0.1,
        0.1,
        0.1,
        0.1,
        0.1,
        0.1,
        0.1
      ]
    },
    "div_ma_10": {
      "edges": [
        -0.05602608453616449,
        -0.021350211745864073,
        -0.014852532193244583,
        -0.009263986104967798,
        -0.004283897722032887,
        0.0027391036315287986,
        0.006469163268192965,
        0.012331241856709283,
        0.02214201122272062,
        0.030245028567885916,
        0.062047746567147136
      ],
      "ref_props": [
        0.1,
        0.1,
        0.1,
        0.1,
        0.1,
        0.1,
        0.1,
        0.1,
        0.1,
        0.1
      ]
    },
    "div_ma_20": {
      "edges": [
        -0.07477955863009694,
        -0.0332817331485458,
        -0.017403770666791874,
        -0.010460690003168453,
        -0.0027606420660999244,
        0.005151870075178231,
        0.011295183264082905,
        0.018903521965354816,
        0.033551582701299945,
        0.05473104664400787,
        0.08195194635872602
      ],
      "ref_props": [
        0.1,
        0.1,
        0.1,
        0.1,
        0.1,
        0.1,
        0.1,
        0.1,
        0.1,
        0.1
      ]
    },
    "div_ma_60": {
      "edges": [
        -0.1322650112853065,
        -0.06427229423193007,
        -0.0363093004645248,
        -0.008960719922795466,
        0.010284306846671946,
        0.020164032165741017,
        0.02965421952002742,
        0.04345561341699574,
        0.09578436299578527,
        0.1237192656941099,
        0.18035518348437446
      ],
      "ref_props": [
        0.1,
        0.1,
        0.1,
        0.1,
        0.1,
        0.1,
        0.1,
        0.1,
        0.1,
        0.1
      ]
    },
    "ma_5_20_cross": {
      "edges": [
        -0.05519196818660055,
        -0.026002473316493455,
        -0.015399279575425416,
        -0.0077716105657641725,
        3.768989524624053e-05,
        0.0035312095784001407,
        0.008484662223365773,
        0.01371834618439181,
        0.02591641250464352,
        0.046263816328303606,
        0.06027510736162878
      ],
      "ref_props": [
        0.1,
        0.1,
        0.1,
        0.1,
        0.1,
        0.1,
        0.1,
        0.1,
        0.1,
        0.1
      ]
    },
    "ma_20_60_cross": {
      "edges": [
        -0.06456400855671274,
        -0.04557567167896382,
        -0.01875995543757471,
        -0.0038722280606697437,
        0.006311458843719557,
        0.016827728548407528,
        0.021018490684784702,
        0.029610406141355062,
        0.057635809972929414,
        0.08641369724796188,
        0.1072526423189617
      ],
      "ref_props": [
        0.1,
        0.1,
        0.1,
        0.1,
        0.1,
        0.1,
        0.1,
        0.1,
        0.1,
        0.1
      ]
    },
    "rsi": {
      "edges": [
        12.724935732647808,
        30.363722759425308,
        39.97619047619047,
        44.43363947415811,
        48.437729469875066,
        52.30485365276759,
        57.158258321122055,
        60.714190257700956,
        66.79352842574748,
        77.8258051344868,
        90.43478260869566
      ],