{
  "feature_cols": [
    "return_1d",
    "return_2d",
    "return_3d",
    "return_5d",
    "return_10d",
    "return_20d",
    "div_ma_5",
    "div_ma_10",
    "div_ma_20",
    "div_ma_60",
    "ma_5_20_cross",
    "ma_20_60_cross",
    "rsi",
    "rsi_change",
    "macd",
    "macd_signal",
    "macd_hist",
    "macd_hist_change",
    "bb_pct_b",
    "bb_bandwidth",
    "atr_pct",
    "volatility",
    "vol_change",
    "vol_ratio",
    "candle_body_pct",
    "upper_shadow_pct",
    "lower_shadow_pct",
    "day_of_week",
    "month",
    "is_month_end",
    "is_month_start",
    "streak",
    "gap",
    "price_position_20d",
    "macro_usdjpy_ret_20",
    "macro_usdjpy_ret_60",
    "macro_usdjpy_vol_20",
    "macro_topix_ret_20",
    "macro_topix_vol_20",
    "macro_topix_above_200dma",
    "macro_nikkei_ret_20",
    "macro_nikkei_above_200dma",
    "macro_nikkei_vi",
    "macro_jgb10y",
    "macro_bias_score"
  ],
  "avg_up_ret": 0.035544183642813046,
  "avg_dn_ret": -0.018796035913231673,
  "n_bins": 10,
  "psi_ref_rows": 250,
  "psi": {
    "return_1d": {
      "edges": [
        -0.11787782551840087,
        -0.031121538730204675,
        -0.017386826067838368,
        -0.012214398094618113,
        -0.006183629554298297,
        -0.000997885788931896,
        0.005627740135512175,
        0.012055042075214906,
        0.021067342395707872,
        0.03129100507316979,
        0.13146551724137923
      ],
      "ref_props": [
        0.1,
        0.1,
        0.1,
        0.1,
        0.1,
        0.1,
        0.1,
        0.1,
        0.1,
        0.1
      ]
    },
    "return_2d": {
      "edges": [
        -0.17859144405006533,
        -0.038857303002031794,
        -0.02501053103652628,
        -0.018122534755900397,
        -0.008293575035024434,
        -0.003300151418513808,
        0.005367475006312773,
        0.014050809617713237,
        0.02797565795222599,
        0.0460361340589988,
        0.1526595744680852
      ],
      "ref_props": [
        0.1,
        0.1,
        0.1,
        0.1,
        0.1,
        0.1,
        0.1,
        0.1,
        0.1,
        0.1
      ]
    },
    "return_3d": {
      "edges": [
        -0.1946572015692135,
        -0.04847435183067191,
        -0.032481461477213515,
        -0.01884542169924316,
        -0.012645566213282944,
        -0.002590657670799912,
        0.008696518965397719,
        0.022626600811829153,
        0.03564274650559256,
        0.054676419778440774,
        0.17996188401851354
      ],
      "ref_props": [
        0.1,
        0.1,
        0.1,
        0.1,
        0.1,
        0.1,
        0.1,
        0.1,
        0.1,
        0.1
      ]
    },
    "return_5d": {
      "edges": [
        -0.2058876648004334,
        -0.061000081126456086,
        -0.04183863665164242,
        -0.029774558397409646,
        -0.013306306981935532,
        0.0015554979765077803,
        0.020321427821768268,
        0.032963857150138165,
        0.046300987892854556,
        0.06921249058679854,
        0.14447086801426878
      ],
      "ref_props": [
        0.1,
        0.1,
        0.1,
        0.1,
        0.1,
        0.1,
        0.1,
        0.1,
        0.1,
        0.1
      ]
    },
    "return_10d": {
      "edges": [
        -0.26118251928020564,
        -0.09897552795354526,
        -0.05555982919002358,
        -0.03176330042080252,
        -0.009315917473801004,
        0.00949949715229903,
        0.030005678361387168,
        0.04720509921680375,
        0.06975952682651583,
        0.10789100766266306,
        0.22515654778110528
      ],
      "ref_props": [
        0.1,
        0.1,
        0.1,
        0.1,
        0.1,
        0.1,
        0.1,
        0.1,
        0.1,
        0.1
      ]
    },
    "return_20d": {
      "edges": [
        -0.3705227077977721,
        -0.10163905874955313,
        -0.0615282731482646,
        -0.03043645926242938,
        -0.0051371693392312364,
        0.020497007941328693,
        0.04274794666081115,
        0.07217356163667725,
        0.10711658475348106,
        0.15183704133871584,
        0.26833477135461603
      ],
      "ref_props": [
        0.1,
        0.1,
        0.1,
        0.1,
        0.1,
        0.1,
        0.1,
        0.1,
        0.1,
        0.1
      ]
    },
    "div_ma_5": {
      "edges": [
        -0.11721008673305497,
        -0.03203950224029178,
        -0.019631107577742012,
        -0.012594132025270315,
        -0.005972007706411605,
        -0.001145947337356843,
        0.004801700352537973,
        0.013418704572275371,
        0.022842663023410453,
        0.03547589708526655,
        0.10155266470835074
      ],
      "ref_props": [
        0.1,
        0.1,
        0.1,
        0.1,
        0.1,
        0.1,
        0.1,
        0.1,
        0.1,
        0.1
      ]
    },
    "div_ma_10": {
      "edges": [
        -0.174349826307389,
        -0.04385526323112444,
        -0.030390272997908592,
        -0.023408258466268303,
        -0.007862395922207792,
        0.003352245679912988,
        0.013268356034744862,
        0.024011076045162807,
        0.03769898861984569,
        0.052547175130389,
        0.1343993085566119
      ],
      "ref_props": [
        0.1,
        0.1,
        0.1,
        0.1,
        0.1,
        0.1,
        0.1,
        0.1,
        0.1,
        0.1
      ]
    },
    "div_ma_20": {
      "edges": [
        -0.21783018957933808,
        -0.06303249557614145,
        -0.03746020711914892,
        -0.026115969732964726,
        -0.012585748812984616,
        0.008009228196072367,
        0.02354846690615617,
        0.03957080280673142,
        0.05771213157477963,
        0.07852770049722776,
        0.1669024045261669
      ],
      "ref_props": [
        0.1,
        0.1,
        0.1,
        0.1,
        0.1,
        0.1,
        0.1,
        0.1,
        0.1,
        0.1
      ]
    },
    "div_ma_60": {
      "edges": [
        -0.31073739651521737,
        -0.16388108291425144,
        -0.07134017395907813,
        -0.011969257258571758,
        0.01639548789565981,
        0.03994562411261806,
        0.061855643042856456,
        0.08754902486944609,
        0.12074250488092343,
        0.16129078065321226,
        0.23108331221012685
      ],
      "ref_props": [
        0.1,
        0.1,
        0.1,
        0.1,
        0.1,
        0.1,
        0.1,
        0.1,
        0.1,
        0.1
      ]
    },
    "ma_5_20_cross": {
      "edges": [
        -0.16330967715469502,
        -0.04936441238836725,
        -0.03205302306955031,
        -0.01944138844333332,
        -0.004234531221577901,
        0.008636415036000988,
        0.021494739979263707,
        0.03360957243856137,
        0.04265705850967057,
        0.06262686571156312,
        0.1024729460483651
      ],
      "ref_props": [
        0.1,
        0.1,
        0.1,
        0.1,
        0.1,
        0.1,
        0.1,
        0.1,
        0.1,
        0.1
      ]
    },
    "ma_20_60_cross": {
      "edges": [
        -0.17739858757429539,
        -0.12165719623095281,
        -0.030948609999058185,
        -0.0013354090447977056,
        0.009105592296619782,
        0.03644286316724643,
        0.04417724054714057,
        0.061982827797623395,
        0.08354956799184908,
        0.11131870717549967,
        0.14127699727406173
      ],
      "ref_props": [
        0.1,
        0.1,
        0.1,
        0.1,
        0.1,
        0.1,
        0.1,
        0.1,
        0.1,
        0.1
      ]
    },
    "rsi": {
      "edges": [
        14.774624373956584,
        30.34096355290713,
        38.25033743222147,
        42.45236150809855,
        46.95199935024502,
        52.76700119281714,
        57.486033519553075,
        62.46182378886694,
        68.20909725306097,
        73.1225691159466,
        82.83917340521114
      ],