{
  "feature_cols": [
    "return_1d",
    "return_2d",
    "return_3d",
    "return_5d",
    "return_10d",
    "return_20d",
    "div_ma_5",
    "div_ma_10",
    "div_ma_20",
    "div_ma_60",
    "ma_5_20_cross",
    "ma_20_60_cross",
    "rsi",
    "rsi_change",
    "macd",
    "macd_signal",
    "macd_hist",
    "macd_hist_change",
    "bb_pct_b",
    "bb_bandwidth",
    "atr_pct",
    "volatility",
    "vol_change",
    "vol_ratio",
    "candle_body_pct",
    "upper_shadow_pct",
    "lower_shadow_pct",
    "day_of_week",
    "month",
    "is_month_end",
    "is_month_start",
    "streak",
    "gap",
    "price_position_20d",
    "macro_usdjpy_ret_20",
    "macro_usdjpy_ret_60",
    "macro_usdjpy_vol_20",
    "macro_topix_ret_20",
    "macro_topix_vol_20",
    "macro_topix_above_200dma",
    "macro_nikkei_ret_20",
    "macro_nikkei_above_200dma",
    "macro_nikkei_vi",
    "macro_jgb10y",
    "macro_bias_score"
  ],
  "avg_up_ret": 0.03736922933203733,
  "avg_dn_ret": -0.025082743395875934,
  "n_bins": 10,
  "psi_ref_rows": 250,
  "psi": {
    "return_1d": {
      "edges": [
        -0.14584119793632822,
        -0.03175104746707404,
        -0.018244329144087044,
        -0.010166673603239461,
        -0.003711908905076088,
        0.0007804945687087672,
        0.00529927119522502,
        0.01245062078901478,
        0.019642823450038413,
        0.03210158246820855,
        0.09212097095105443
      ],
      "ref_props": [
        0.1,
        0.1,
        0.1,
        0.1,
        0.1,
        0.1,
        0.1,
        0.1,
        0.1,
        0.1
      ]
    },
    "return_2d": {
      "edges": [
        -0.19430267062314543,
        -0.03820509693414813,
        -0.025892878456674984,
        -0.01460680197839643,
        -0.005918524943368041,
        0.0012545517271256301,
        0.0072264128284017706,
        0.015106639218600004,
        0.029503993922087156,
        0.05247364311724041,
        0.11400716275368095
      ],
      "ref_props": [
        0.1,
        0.1,
        0.1,
        0.1,
        0.1,
        0.1,
        0.1,
        0.1,
        0.1,
        0.1
      ]
    },
    "return_3d": {
      "edges": [
        -0.20735905044510383,
        -0.04397513954256139,
        -0.030153139662573644,
        -0.01940275665311294,
        -0.006096037566833669,
        0.0014716855751489843,
        0.009396316607049697,
        0.01782258634180054,
        0.03216730487687887,
        0.06809326204736837,
        0.13471752776436507
      ],
      "ref_props": [
        0.1,
        0.1,
        0.1,
        0.1,
        0.1,
        0.1,
        0.1,
        0.1,
        0.1,
        0.1
      ]
    },
    "return_5d": {
      "edges": [
        -0.23062314540059348,
        -0.05885801193259027,
        -0.03948763364456193,
        -0.026073733589396443,
        -0.010036716214572316,
        0.0018895210963740805,
        0.013100581500397125,
        0.025607036052500438,
        0.05185227297384301,
        0.08195617833266493,
        0.1694855532064834
      ],
      "ref_props": [
        0.1,
        0.1,
        0.1,
        0.1,
        0.1,
        0.1,
        0.1,
        0.1,
        0.1,
        0.1
      ]
    },
    "return_10d": {
      "edges": [
        -0.21103857566765583,
        -0.09387316539394158,
        -0.058898487684189454,
        -0.03723469535533256,
        -0.018452639985394367,
        -0.003837680614812433,
        0.020809003873327132,
        0.048522385873803184,
        0.08317158625966317,
        0.1405080373787674,
        0.2385702410640067
      ],
      "ref_props": [
        0.1,
        0.1,
        0.1,
        0.1,
        0.1,
        0.1,
        0.1,
        0.1,
        0.1,
        0.1
      ]
    },
    "return_20d": {
      "edges": [
        -0.26599406528189906,
        -0.13486276152689816,
        -0.06955310757709471,
        -0.04279942521340018,
        -0.0060669903287702475,
        0.01883755398938991,
        0.04932654278878147,
        0.09028005480096639,
        0.1304438586838165,
        0.17020255687058453,
        0.33386992916934966
      ],
      "ref_props": [
        0.1,
        0.1,
        0.1,
        0.1,
        0.1,
        0.1,
        0.1,
        0.1,
        0.1,
        0.1
      ]
    },
    "div_ma_5": {
      "edges": [
        -0.14826340092350934,
        -0.02990235492811474,
        -0.01836518664222457,
        -0.011521374248489674,
        -0.004018142631733954,
        0.0016490569524443737,
        0.005695253746479028,
        0.01185065679190733,
        0.01901699297291817,
        0.041714331215762686,
        0.08436274716472027
      ],
      "ref_props": [
        0.1,
        0.1,
        0.1,
        0.1,
        0.1,
        0.1,
        0.1,
        0.1,
        0.1,
        0.1
      ]
    },
    "div_ma_10": {
      "edges": [
        -0.145869020951377,
        -0.045842130195219176,
        -0.03096311900205886,
        -0.018957435738713564,
        -0.010154123773134361,
        -0.002447187306877208,
        0.008926404682493923,
        0.019457940627182344,
        0.03608431390322073,
        0.06969354803593726,
        0.12165020387693247
      ],
      "ref_props": [
        0.1,
        0.1,
        0.1,
        0.1,
        0.1,
        0.1,
        0.1,
        0.1,
        0.1,
        0.1
      ]
    },
    "div_ma_20": {
      "edges": [
        -0.12977627764074604,
        -0.07620589155130986,
        -0.049750417759196607,
        -0.030004838712391818,
        -0.01626583518191651,
        -0.000510674477827627,
        0.024060246021191087,
        0.04009304941358944,
        0.0700455428208035,
        0.10261105282637766,
        0.16778818665611117
      ],
      "ref_props": [
        0.1,
        0.1,
        0.1,
        0.1,
        0.1,
        0.1,
        0.1,
        0.1,
        0.1,
        0.1
      ]
    },
    "div_ma_60": {
      "edges": [
        -0.12384451599501459,
        -0.08614666678546275,
        -0.04957140201670773,
        -0.014634189046118181,
        0.015413309585199446,
        0.039612382642091534,
        0.06274682584119444,
        0.08460535292510732,
        0.11196846262091101,
        0.15348781893850474,
        0.26453365017397945
      ],
      "ref_props": [
        0.1,
        0.1,
        0.1,
        0.1,
        0.1,
        0.1,
        0.1,
        0.1,
        0.1,
        0.1
      ]
    },
    "ma_5_20_cross": {
      "edges": [
        -0.10640200528419486,
        -0.05974877371492841,
        -0.03945159546580232,
        -0.02236568957987025,
        -0.010567099335783214,
        0.0006667350719368192,
        0.019748591997177253,
        0.03190969203340084,
        0.05368155351378936,
        0.08310160908698609,
        0.12027734418793168
      ],
      "ref_props": [
        0.1,
        0.1,
        0.1,
        0.1,
        0.1,
        0.1,
        0.1,
        0.1,
        0.1,
        0.1
      ]
    },
    "ma_20_60_cross": {
      "edges": [
        -0.08217493929256736,
        -0.047053029594144334,
        -0.015844015797810848,
        -0.005661988109233693,
        0.021864866693181505,
        0.039091495895141826,
        0.053035655516310384,
        0.06258725258877176,
        0.08053156607954302,
        0.09334928832633477,
        0.13298379914330538
      ],
      "ref_props": [
        0.1,
        0.1,
        0.1,
        0.1,
        0.1,
        0.1,
        0.1,
        0.1,
        0.1,
        0.1
      ]
    },
    "rsi": {
      "edges": [
        7.097457627118658,
        29.42503926906091,
        37.51284946999665,
        42.33812181869644,
        46.36490490796548,
        49.95920682621867,
        54.97889475803587,
        62.49547795728664,
        68.27814056363884,
        73.52559013505578,
        89.70959595959596
      ],