{
  "feature_cols": [
    "return_1d",
    "return_2d",
    "return_3d",
    "return_5d",
    "return_10d",
    "return_20d",
    "div_ma_5",
    "div_ma_10",
    "div_ma_20",
    "div_ma_60",
    "ma_5_20_cross",
    "ma_20_60_cross",
    "rsi",
    "rsi_change",
    "macd",
    "macd_signal",
    "macd_hist",
    "macd_hist_change",
    "bb_pct_b",
    "bb_bandwidth",
    "atr_pct",
    "volatility",
    "vol_change",
    "vol_ratio",
    "candle_body_pct",
    "upper_shadow_pct",
    "lower_shadow_pct",
    "day_of_week",
    "month",
    "is_month_end",
    "is_month_start",
    "streak",
    "gap",
    "price_position_20d",
    "macro_usdjpy_ret_20",
    "macro_usdjpy_ret_60",
    "macro_usdjpy_vol_20",
    "macro_topix_ret_20",
    "macro_topix_vol_20",
    "macro_topix_above_200dma",
    "macro_nikkei_ret_20",
    "macro_nikkei_above_200dma",
    "macro_nikkei_vi",
    "macro_jgb10y",
    "macro_bias_score"
  ],
  "avg_up_ret": 0.06663351937786882,
  "avg_dn_ret": -0.04199894723512256,
  "n_bins": 10,
  "psi_ref_rows": 250,
  "psi": {
    "return_1d": {
      "edges": [
        -0.13959879087661442,
        -0.04227315744308545,
        -0.025634229086200944,
        -0.016555587120504162,
        -0.007005683319360443,
        0.0023226947807892806,
        0.010139085888139047,
        0.019798301875715546,
        0.0332127553007958,
        0.05829810181190675,
        0.21208907741251326
      ],
      "ref_props": [
        0.1,
        0.1,
        0.1,
        0.1,
        0.1,
        0.1,
        0.1,
        0.1,
        0.1,
        0.1
      ]
    },
    "return_2d": {
      "edges": [
        -0.16417512012813673,
        -0.05622025404917665,
        -0.03438652241617222,
        -0.018897774520775484,
        -0.008308846291755467,
        0.006837370074617266,
        0.015685866412657,
        0.03329077922712848,
        0.05135945900209587,
        0.0783675649415503,
        0.30539058931018737
      ],
      "ref_props": [
        0.1,
        0.1,
        0.1,
        0.1,
        0.1,
        0.1,
        0.1,
        0.1,
        0.1,
        0.1
      ]
    },
    "return_3d": {
      "edges": [
        -0.2016828148903621,
        -0.06779066863681632,
        -0.04093244409327234,
        -0.023581762794911924,
        -0.0065291418810292864,
        0.008124078768872112,
        0.024006027867011028,
        0.042832874027049904,
        0.06354120678696347,
        0.10595947807991893,
        0.3051961823966065
      ],
      "ref_props": [
        0.1,
        0.1,
        0.1,
        0.1,
        0.1,
        0.1,
        0.1,
        0.1,
        0.1,
        0.1
      ]
    },
    "return_5d": {
      "edges": [
        -0.24005609382967874,
        -0.08262184016900996,
        -0.0466864767646034,
        -0.021773324297285953,
        -0.0026773532778257216,
        0.017063260281686587,
        0.03960883526258201,
        0.0602283104494334,
        0.085961924954173,
        0.15588561254880412,
        0.3792021515015689
      ],
      "ref_props": [
        0.1,
        0.1,
        0.1,
        0.1,
        0.1,
        0.1,
        0.1,
        0.1,
        0.1,
        0.1
      ]
    },
    "return_10d": {
      "edges": [
        -0.2540666150271108,
        -0.1251250221811939,
        -0.05702371316506304,
        -0.02308111099670506,
        0.0043783615173027665,
        0.04077616714174426,
        0.08437590079871354,
        0.11456185785356775,
        0.15912853126002538,
        0.21806238606561135,
        0.4156889809063722
      ],
      "ref_props": [
        0.1,
        0.1,
        0.1,
        0.1,
        0.1,
        0.1,
        0.1,
        0.1,
        0.1,
        0.1
      ]
    },
    "return_20d": {
      "edges": [
        -0.2403410604849454,
        -0.12342631694821171,
        -0.041711450044150125,
        0.009710267387027252,
        0.049995553471124415,
        0.0860125713554708,
        0.13490209772831382,
        0.20567420339014295,
        0.2520773467711964,
        0.32382942473070836,
        0.5377311344327835
      ],
      "ref_props": [
        0.1,
        0.1,
        0.1,
        0.1,
        0.1,
        0.1,
        0.1,
        0.1,
        0.1,
        0.1
      ]
    },
    "div_ma_5": {
      "edges": [
        -0.136418799646955,
        -0.03785173416278704,
        -0.02549252549252549,
        -0.01308131326760388,
        -0.006331210113152467,
        0.005240752251405773,
        0.016691883369014407,
        0.026506591385615903,
        0.040520826802098356,
        0.06287596436640334,
        0.21049733118698635
      ],
      "ref_props": [
        0.1,
        0.1,
        0.1,
        0.1,
        0.1,
        0.1,
        0.1,
        0.1,
        0.1,
        0.1
      ]
    },
    "div_ma_10": {
      "edges": [
        -0.16082087926452007,
        -0.06346161235512741,
        -0.0314282815949218,
        -0.010906739849084171,
        0.001277264531268645,
        0.018423135080190937,
        0.03302127753834859,
        0.0496231562466578,
        0.06453638665704681,
        0.1032909838895342,
        0.2773995350381933
      ],
      "ref_props": [
        0.1,
        0.1,
        0.1,
        0.1,
        0.1,
        0.1,
        0.1,
        0.1,
        0.1,
        0.1
      ]
    },
    "div_ma_20": {
      "edges": [
        -0.17174449572625738,
        -0.08970890436262915,
        -0.032094557473335145,
        -0.0009780867265597782,
        0.017056091093824916,
        0.03691335178363507,
        0.057153369801848895,
        0.07985608909449372,
        0.12352041040156828,
        0.1582012429044493,
        0.3758411768651211
      ],
      "ref_props": [
        0.1,
        0.1,
        0.1,
        0.1,
        0.1,
        0.1,
        0.1,
        0.1,
        0.1,
        0.1
      ]
    },
    "div_ma_60": {
      "edges": [
        -0.12212095085601675,
        -0.037797937202533785,
        0.0011694270092787716,
        0.046273643902650784,
        0.09025480798060027,
        0.13341836592117662,
        0.18041299164755734,
        0.21210954641610535,
        0.2528094322011028,
        0.30218079547919574,
        0.6372609445599785
      ],
      "ref_props": [
        0.1,
        0.1,
        0.1,
        0.1,
        0.1,
        0.1,
        0.1,
        0.1,
        0.1,
        0.1
      ]
    },
    "ma_5_20_cross": {
      "edges": [
        -0.1321761182283241,
        -0.07135287870849792,
        -0.02440145948236432,
        -0.005201244134315625,
        0.015503236182515812,
        0.027666017657176467,
        0.04480804882783485,
        0.06549772899574728,
        0.09482433316438593,
        0.12729237727213846,
        0.259912464155581
      ],
      "ref_props": [
        0.1,
        0.1,
        0.1,
        0.1,
        0.1,
        0.1,
        0.1,
        0.1,
        0.1,
        0.1
      ]
    },
    "ma_20_60_cross": {
      "edges": [
        -0.06190129744149386,
        -0.02969049520001409,
        0.025462229581380016,
        0.04495673968965808,
        0.0763267473784878,
        0.09412215297327597,
        0.11403534259495578,
        0.14636670513193112,
        0.1642119749178672,
        0.19008528096603977,
        0.2694420429104831
      ],
      "ref_props": [
        0.1,
        0.1,
        0.1,
        0.1,
        0.1,
        0.1,
        0.1,
        0.1,
        0.1,
        0.1
      ]
    },
    "rsi": {
      "edges": [
        16.654438738077758,
        31.487903901850498,
        40.32025573495783,
        47.187478200209284,
        53.74128800749169,
        58.35385068806819,
        61.39616430513812,
        66.93766368755811,
        71.22480676495829,
        75.56680121157578,
        96.3804116394606
      ],
      "ref_props": [
        0.1,
        0.1,
        0.1,
        0.1,
        0.1,
        0.1,
        0.1,
        0.1,
        0.1,
        0.1
      ]
    },