tree
version=v4
num_class=1
num_tree_per_iteration=1
label_index=0
max_feature_idx=44
objective=binary sigmoid:1
feature_names=return_1d return_2d return_3d return_5d return_10d return_20d div_ma_5 div_ma_10 div_ma_20 div_ma_60 ma_5_20_cross ma_20_60_cross rsi rsi_change macd macd_signal macd_hist macd_hist_change bb_pct_b bb_bandwidth atr_pct volatility vol_change vol_ratio candle_body_pct upper_shadow_pct lower_shadow_pct day_of_week month is_month_end is_month_start streak gap price_position_20d macro_usdjpy_ret_20 macro_usdjpy_ret_60 macro_usdjpy_vol_20 macro_topix_ret_20 macro_topix_vol_20 macro_topix_above_200dma macro_nikkei_ret_20 macro_nikkei_above_200dma macro_nikkei_vi macro_jgb10y macro_bias_score
feature_infos=[-0.1059670781893004:0.11846129084178325] [-0.15053763440860213:0.18461290841783362] [-0.20220335092953867:0.24135604655085174] [-0.23148352863143928:0.30334690986364432] [-0.29162421031179953:0.38108730299273952] [-0.30088495575221241:0.44452676421559545] [-0.1360540836108764:0.14037806011775644] [-0.19667205916339264:0.21697146069645157] [-0.24655901159640187:0.2852752165409333] [-0.24779271741012174:0.42463534705583278] [-0.16364045449431885:0.19289529251024717] [-0.10415090381979042:0.24328604530981712] [6.7901234567901128:94.302554027504911] [-30.659676541305629:22.979703147353362] [-270.62830270575751:635.43018573191148] [-205.49235406505798:558.34734226277476] [-175.68024789078913:172.62051540659206] [-34.643431793029976:54.677536982612907] [-0.31014250366346791:1.3020480851228637] [0.040388358350416258:0.55514328712586158] [0.013249310978410657:0.062248328346078539] [0.0089203576002466183:0.044052874194577443] [-0.84947091148553522:3.8261405672009863] [0.49297673454400598:1.923386504367764] [-0.97802197802197799:0.98969072164948457] [0:0.96638655462184875] [0:0.97560975609756095] [0:4] [1:12] none [0:1] [-12:8] [-0.10620347394540941:0.1082169709989258] [0:1] [-0.10288784967882303:0.08505611680078462] [-0.13986255140503889:0.13160084488587853] [0.0024251968629528543:0.011841457708833452] [-0.21871130063915301:0.21255327098343968] [0.0039190661917629455:0.040640984327119482] [0:1] [-0.22859537662338159:0.23022297972565586] [0:1] none none none
tree_sizes=871 880 1089 1195 978 785 871 883 889 886 889 992 1305 1103 1001 1102 1413 882 1089 966 1100 785 894 1208 1097 1514 1201 1106 1196 1210 891 789 783 786 789 878 1313 1074 1491 1313 660 770 785 1305 683 1001 840 1288 1092 875 992 994 867 780 1068 1102 1212 1301 1091 1171 894 1196 1095 871 871 1168 1077 1101 1313 1310 1089 1100 886 1099 1310 793 1281 764 872 871 1173 889 1483 1176 1314 1079 1079 929 1100 998 992 1063 1314 787 789 886 994 864 1307 872 1292 1567 1098 1399

Tree=0
num_leaves=7
num_cat=0
split_feature=34 9 34 36 36 28
split_gain=16.8459 15.6567 11.5393 20.0833 14.559 3.87203
threshold=0.037058102974630087 0.11923389406131173 0.011476410558069696 0.0043669078097858258 0.0049163632595776476 7.5000000000000009
decision_type=2 2 2 2 2 2
left_child=1 2 4 -4 -1 -2
right_child=5 -3 3 -5 -6 -7
leaf_value=0.061807199308820976 0.035637087125322403 0.008851686020417103 0.026711727159369224 0.069609538974139268 0.033712779293392288 0.002988416977870452
leaf_weight=20.241344645619392 7.4967943131923702 7.9965806007385245 11.24519146978855 36.734292134642601 63.222965374588966 9.2460463196039182
leaf_count=81 30 32 45 147 253 37
internal_value=0.0413552 0.0449041 0.047664 0.0590716 0.0410208 0.0146368
internal_weight=156.183 139.44 131.444 47.9795 83.4643 16.7428
internal_count=625 558 526 192 334 67
is_linear=0
shrinkage=1


Tree=1
num_leaves=7
num_cat=0
split_feature=34 9 34 36 23 28
split_gain=16.0162 14.8907 10.8627 19.0287 16.417 3.65689
threshold=0.037058102974630087 0.11923389406131173 0.011476410558069696 0.0043669078097858258 0.95165590353719376 7.5000000000000009
decision_type=2 2 2 2 2 2
left_child=1 2 4 -4 -1 -2
right_child=5 -3 3 -5 -6 -7
leaf_value=-0.014879163310900461 -0.0055821883083141182 -0.031712934633755421 -0.014267416995678642 0.027471185989518972 0.011244005589093787 -0.037407113830697315
leaf_weight=37.234557971358299 7.4976190924644497 7.9998431205749503 11.247993707656859 36.705518111586571 46.228146642446518 9.2499796003103238
leaf_count=149 30 32 45 147 185 37
internal_value=0 0.00343418 0.00612948 0.0172014 -0.000310075 -0.0260752
internal_weight=156.164 139.416 131.416 47.9535 83.4627 16.7476
internal_count=625 558 526 192 334 67
is_linear=0
shrinkage=0.03


Tree=2
num_leaves=9
num_cat=0
split_feature=11 28 36 36 38 10 12 10
split_gain=13.7048 16.1143 9.41179 18.2448 8.35138 4.74709 3.62428 2.68526
threshold=0.052434952518242935 2.5000000000000004 0.0051944971243864232 0.0043669078097858258 0.007440506440413064 0.017218023454553037 68.59530861528485 0.03602307059939492
decision_type=2 2 2 2 2 2 2 2
left_child=1 6 3 -3 -4 -2 -1 -7
right_child=5 2 4 -5 -6 7 -8 -9
leaf_value=0.037991676629731373 -0.0019418223542992613 -0.011617478176708919 0.012160832761127451 0.029963321655178357 -0.011826788410946653 -0.037639441128910212 0.0067166399920951499 -0.0090983443465253132
leaf_weight=11.740185782313349 13.491031393408777 14.743354499340056 14.483686715364454 19.722839221358299 56.707904011011124 8.9939367473125476 7.4925878494977942 8.7413336783647519
leaf_count=47 54 59 58 79 227 36 30 35
internal_value=0 0.00443905 -0.000208975 0.0121036 -0.0065427 -0.0172037 0.0282945 -0.0266798
internal_weight=156.117 124.891 105.658 34.4662 71.1916 31.2263 19.2328 17.7353
internal_count=625 500 423 138 285 125 77 71
is_linear=0
shrinkage=0.03


Tree=3
num_leaves=10
num_cat=0
split_feature=9 23 2 17 38 26 36 20 20
split_gain=14.814 13.0991 12.2801 10.3226 6.39714 5.6196 6.8194 5.04283 0.74192
threshold=0.10537253847678443 0.98720409081141203 -0.011384379581056701 5.2009912854048261 0.0091592983718854649 0.21778656126482215 0.0051944971243864232 0.018171123245153579 0.023631656770307249
decision_type=2 2 2 2 2 2 2 2 2
left_child=1 5 4 -4 -3 7 -7 -1 -2
right_child=8 2 3 -5 -6 6 -8 -9 -10
leaf_value=0.0031790928903262785 -0.034287773712195158 0.011470551911360965 0.029839377941305926 -0.00038457040517459005 -0.017847221637291084 0.017496110649983482 -0.0066550132754357632 -0.022222239551136884 -0.011014920121266513
leaf_weight=7.9892242103815105 7.7439180612564069 9.7396920472383517 32.449604228138924 12.986207216978071 12.989601507782934 13.731148928403853 29.227487176656723 21.735194653272629 7.4952383637428284
leaf_count=32 31 39 130 52 52 55 117 87 30
internal_value=0 0.00312256 0.012461 0.0212327 -0.00476609 -0.00553376 0.00116584 -0.0151521 -0.0263172
internal_weight=156.087 140.848 68.1651 45.4358 22.7293 72.6831 42.9586 29.7244 15.2392
internal_count=625 564 273 182 91 291 172 119 61
is_linear=0
shrinkage=0.03


Tree=4
num_leaves=8
num_cat=0
split_feature=9 28 21 14 40 21 36
split_gain=14.2108 10.1351 11.8605 9.32254 8.19001 9.91442 0.162624
threshold=0.11923389406131173 7.5000000000000009 0.011443732925364885 46.620360154684938 0.068238128596435424 0.013354947291267402 0.0053836867069834869
decision_type=2 2 2 2 2 2 2
left_child=1 2 6 -4 5 -3 -1
right_child=-2 4 3 -5 -6 -7 -8
leaf_value=0.040248584112739488 -0.03297741263087034 -0.01828177674515177 0.0134741049003582 -0.0090417753743481134 -0.031374952358878994 0.0064877602036859635 0.015735828803972327
leaf_weight=7.4784851223230344 8.9941796809434873 19.472177729010582 34.953752115368843 27.465261071920395 7.7427264004945746 42.448645815253258 7.4885261952877045
leaf_count=30 36 78 140 110 31 170 30
internal_value=0 0.00236466 0.00979147 0.00336082 -0.00571916 -0.00139512 0.0321686
internal_weight=156.044 147.05 77.386 62.419 69.6635 61.9208 14.967
internal_count=625 589 310 250 279 248 60
is_linear=0
shrinkage=0.03


Tree=5
num_leaves=6
num_cat=0
split_feature=34 28 14 36 19
split_gain=11.2385 9.51269 9.93435 7.49561 5.27946
threshold=0.034649501004426438 1.5000000000000002 112.33265448925614 0.0037357669776731041 0.10185385741490634
decision_type=2 2 2 2 2
left_child=1 -1 3 -3 -2
right_child=4 2 -4 -5 -6
leaf_value=0.026575997480665366 -0.0051120758736493419 -0.01881011235595724 -0.027474906192761793 0.0049879705901316376 -0.037174009537363696
leaf_weight=11.206861987709997 12.482558012008669 11.242136865854262 8.9870468229055387 106.85600614547729 7.9909905344247809
leaf_count=45 50 45 36 428 32
internal_value=-0.000730499 0.00233799 -6.18476e-05 0.00232214 -0.0204881
internal_weight=158.766 138.292 127.085 118.098 20.4735
internal_count=636 554 509 473 82
is_linear=0
shrinkage=0.03


Tree=6
num_leaves=7
num_cat=0
split_feature=9 34 11 40 10 9
split_gain=18.1652 8.84545 7.68863 5.20161 8.60393 5.43378
threshold=0.10796317918839309 0.034649501004426438 0.018961780791501574 -0.026855792150539345 0.0099472143646593975 -0.066997285472278303
decision_type=2 2 2 2 2 2
left_child=1 3 -3 5 -5 -1
right_child=-2 2 -4 4 -6 -7
leaf_value=0.009692048083046927 -0.031179334756827281 -0.032925043993004596 0.0024035176558316542 0.01719278895124101 0 -0.016814977283541817
leaf_weight=9.2436615526676196 13.971000224351881 8.9886187165975588 9.2335824370384199 49.419005557894707 52.633031502366066 15.232475370168684
leaf_count=37 56 36 37 198 211 61
internal_value=-0.000732837 0.00248846 -0.0158143 0.00544615 0.00846473 -0.00626185
internal_weight=158.721 144.75 18.2222 126.528 102.052 24.4761
internal_count=636 580 73 507 409 98
is_linear=0
shrinkage=0.03


Tree=7
num_leaves=7
num_cat=0
split_feature=9 28 10 10 37 33
split_gain=17.2247 9.80669 11.0736 11.8197 11.5131 1.85066
threshold=0.10796317918839309 2.5000000000000004 0.0099472143646593975 0.032864309397890319 -0.017821967987405481 0.84225885725988137
decision_type=2 2 2 2 2 2
left_child=1 5 4 -4 -3 -1
right_child=-2 2 3 -5 -6 -7
leaf_value=0.028909794763741115 -0.030394637303764491 -0.010620597020542851 -0.020798636524500223 0.0088894044507032543 0.014056597790390911 0.0052165224278023
leaf_weight=11.203449979424478 13.95362278819084 22.230101704597473 34.950280487537384 15.713797241449354 53.1484245210886 7.4673808813095084
leaf_count=45 56 89 140 63 213 30
internal_value=-0.000728202 0.00240541 -0.00061065 -0.011318 0.00649872 0.0215809
internal_weight=158.667 144.713 126.043 50.6641 75.3785 18.6708
internal_count=636 580 505 203 302 75
is_linear=0
shrinkage=0.03


Tree=8
num_leaves=7
num_cat=0
split_feature=9 28 10 4 40 18
split_gain=16.3615 9.34474 10.4226 13.5038 11.0523 1.97835
threshold=0.10796317918839309 2.5000000000000004 0.0099472143646593975 0.030319928986014547 -0.026855792150539345 0.85680816080773903
decision_type=2 2 2 2 2 2
left_child=1 5 4 -4 -3 -1
right_child=-2 2 3 -5 -6 -7
leaf_value=0.029242529135101225 -0.029641230328886041 -0.0097404969808181727 -0.0263327333353101 0.0034030276445948166 0.014045221065624515 0.0055115913048579554
leaf_weight=10.447602242231371 13.930219411849974 23.731358826160431 24.213141217827797 26.455121979117393 51.624863862991333 8.2003138363361341
leaf_count=42 56 95 97 106 207 33
internal_value=-0.000702761 0.00234759 -0.000592803 -0.0109825 0.00630249 0.0210781
internal_weight=158.603 144.672 126.024 50.6683 75.3562 18.6479
internal_count=636 580 505 203 302 75
is_linear=0
shrinkage=0.03


Tree=9
num_leaves=7
num_cat=0
split_feature=34 8 16 7 23 19
split_gain=10.0306 6.31019 5.19144 9.05376 8.7354 4.76848
threshold=0.034649501004426438 0.062162782381863589 17.523356520155481 0.0095096057020234732 0.88567803406352852 0.10185385741490634
decision_type=2 2 2 2 2 2
left_child=1 2 3 -1 -4 -2
right_child=5 -3 4 -5 -6 -7
leaf_value=0.0075316448908248693 -0.0047116714456025824 -0.018243302426477068 -0.0052022515500023759 -0.010487106805173282 0.031310844416351957 -0.03525928619887634
leaf_weight=71.323663920164108 12.463508158922197 10.192417860031126 7.9922803640365627 35.898045942187309 12.680526599287985 7.9631754159927359
leaf_count=286 50 41 32 144 51 32
internal_value=-0.000681484 0.0022133 0.00421484 0.00128003 0.0173193 -0.0193716
internal_weight=158.514 138.087 127.895 107.222 20.6728 20.4267
internal_count=636 554 513 430 83 82
is_linear=0
shrinkage=0.03


Tree=10
num_leaves=7
num_cat=0
split_feature=28 8 35 33 18 4
split_gain=8.32266 8.56121 7.09889 7.28194 9.09143 8.37807
threshold=2.5000000000000004 0.036985108586467481 0.074884704637423374 0.43281535648994524 0.18641759277343242 -0.0061068805123292704
decision_type=2 2 2 2 2 2
left_child=1 -1 3 4 -2 -5
right_child=2 -3 -4 5 -6 -7
leaf_value=0.031998496076180244 -0.011894219064685284 -0.0010703119596252224 0.018427042873137948 -0.033436775292442357 0.014023882371573645 -0.0066185696946153118
leaf_weight=10.92122942209244 18.715771183371544 13.402698636054991 9.4669938534498197 11.725420892238615 26.92204624414444 63.080117583274841
leaf_count=44 75 54 38 47 108 253
internal_value=-0.000782112 0.0145105 -0.00393576 -0.00608828 0.00302704 -0.0117787
internal_weight=154.234 24.3239 129.91 120.443 45.6378 74.8055
internal_count=619 98 521 483 183 300
is_linear=0
shrinkage=0.03


Tree=11
num_leaves=8
num_cat=0
split_feature=34 23 11 36 34 11 7
split_gain=10.5227 10.1819 7.93671 7.6 10.3232 2.94288 2.61843
threshold=0.037058102974630087 1.0449920368039969 0.051780938415623264 0.0038756773047146044 0.0065176981779482288 0.018961780791501574 0.019860215806903146
decision_type=2 2 2 2 2 2 2
left_child=1 3 6 -1 -5 -2 -3
right_child=5 2 -4 4 -6 -7 -8
leaf_value=-0.028515599234995598 -0.033039346226983395 0.01029740431643225 -0.0093096018289610793 -0.0097221736008003719 0.011156930217657587 -0.004848921234079275 0.029283185575005945
leaf_weight=7.9858710020780554 8.4590630382299441 22.921568840742111 9.2009124606847745 47.395387217402458 35.353898197412491 8.2053124606609327 14.668333187699316
leaf_count=32 34 92 37 190 142 33 59
internal_value=-0.000754341 0.0019869 0.0131265 -0.00375509 -0.000571989 -0.0219694 0.01919
internal_weight=154.19 137.526 46.7908 90.7352 82.7493 16.6644 37.5899
internal_count=619 552 188 364 332 67 151
is_linear=0
shrinkage=0.03


Tree=12
num_leaves=11
num_cat=0
split_feature=23 20 2 2 16 28 9 9 9 40
split_gain=10.0323 7.76544 7.21896 6.23247 5.78311 5.65553 5.09199 5.23226 3.8292 0.50978
threshold=1.0153320934959367 0.017079212288917869 -0.010408189592198967 0.017514208601662643 15.343731217402686 7.5000000000000009 -0.052482072793786451 0.0036297180809993826 0.0235001997977561 0.013356496258321695
decision_type=2 2 2 2 2 2 2 2 2 2
left_child=1 5 8 9 -5 -1 -3 -8 -2 -4
right_child=2 6 3 4 -6 -7 7 -9 -10 -11
leaf_value=0.020007399664641927 0.0030921894835620849 0.0056500315814473718 0.012883149645627623 -0.0082852851686272162 0.018097693473713237 -0.0093712162283723713 -0.030089720483242929 -0.0089260359602351715 -0.020677120471693799 0.033693307000697802
leaf_weight=12.161738827824594 13.702177599072458 9.9866043478250486 8.9483232945203799 13.942541033029558 11.65805810689926 7.7307939976453772 15.457109585404394 42.870229005813599 7.4797727167606345 10.181286439299582
leaf_count=49 55 40 36 56 47 31 62 172 30 41
internal_value=-0.000748217 -0.00738215 0.00786468 0.0145852 0.0036264 0.00809181 -0.0122034 -0.0155948 -0.00571394 0.0268096
internal_weight=154.119 88.2065 65.9122 44.7302 25.6006 19.8925 68.3139 58.3273 21.182 19.1296
internal_count=619 354 265 180 103 80 274 234 85 77
is_linear=0
shrinkage=0.03


Tree=13
num_leaves=9
num_cat=0
split_feature=34 23 36 34 24 13 10 28
split_gain=9.97165 9.28699 7.20296 9.67165 6.07197 5.22803 2.13996 1.48083
threshold=0.037058102974630087 1.0449920368039969 0.0038756773047146044 0.0065176981779482288 -0.27495155038759683 -4.7500859085497096 -0.025495877691663001 8.5000000000000018
decision_type=2 2 2 2 2 2 2 2
left_child=1 2 -1 -4 5 -3 -6 -2
right_child=7 4 3 -5 6 -7 -8 -9
leaf_value=-0.027628671464834959 -0.0066808990156733902 -0.017163908136422046 -0.009291935992237467 0.010924800299681153 0.003077928538361854 0.012456003181905781 0.025111580759897445 -0.029690107009722924
leaf_weight=7.9823719263076773 7.9556412994861629 7.9752533584833172 47.389989823102951 35.331203192472458 7.4708283245563534 9.4473529160022718 21.831576094031334 8.6766393184661847
leaf_count=32 32 32 190 142 30 38 88 35
internal_value=-0.000713969 0.0019514 -0.00352621 -0.000426017 0.0126008 -0.000701557 0.0205287 -0.0213878
internal_weight=154.061 137.429 90.7036 82.7212 46.725 17.4226 29.3024 16.6323
internal_count=619 552 364 332 188 70 118 67
is_linear=0
shrinkage=0.03


Tree=14
num_leaves=8
num_cat=0
split_feature=34 23 11 36 34 11 7
split_gain=9.51217 8.80818 7.35528 6.86841 9.12909 2.67555 2.34379
threshold=0.037058102974630087 1.0449920368039969 0.051780938415623264 0.0038756773047146044 0.0065176981779482288 0.018961780791501574 0.019860215806903146
decision_type=2 2 2 2 2 2 2
left_child=1 3 6 -1 -5 -2 -3
right_child=5 2 -4 4 -6 -7 -8
leaf_value=-0.026981551735158663 -0.031511698996293705 0.0096763049198467822 -0.0092605420682191682 -0.0090239694726930112 0.010619459489025766 -0.0045184196431389033 0.027738330627358875
leaf_weight=7.9766526818275443 8.4127109497785586 22.886785462498665 9.2022645026445371 47.392660096287727 35.314426973462105 8.1956399679183942 14.596302002668379
leaf_count=32 34 92 37 190 142 33 59
internal_value=-0.000707846 0.00189269 0.0122712 -0.00343798 -0.0004068 -0.0209148 0.0181385
internal_weight=153.977 137.369 46.6854 90.6837 82.7071 16.6084 37.4831
internal_count=619 552 188 364 332 67 151
is_linear=0
shrinkage=0.03


Tree=15
num_leaves=9
num_cat=0
split_feature=5 28 36 36 20 25 32 26
split_gain=10.5234 7.71849 5.06635 6.75451 5.14755 4.00742 3.79681 3.56134
threshold=0.06554434539205313 1.5000000000000002 0.005862564149387974 0.0037357669776731041 0.020783851445473168 0.15655637254901963 1.0000000180025095e-35 0.26598639455782319
decision_type=2 2 2 2 2 2 2 2
left_child=1 -1 3 -3 -4 7 -7 -2
right_child=5 2 4 -5 -6 6 -8 -9
leaf_value=0.030086291517556717 -0.015540013607902707 -0.0096471871055326553 -0.01175323977002465 0.015790879959694179 0.0052167307217822244 -0.002477643038309003 -0.029438803364315428 0.0073109462806597294
leaf_weight=8.1366228610277158 8.1894316822290438 10.217673569917677 30.112668588757515 35.81926067173481 29.171100243926048 9.1541651189327258 13.653490185737608 12.892540141940115
leaf_count=33 33 41 121 144 117 37 55 52
internal_value=9.84362e-06 0.00493247 0.00232496 0.00966617 -0.00326052 -0.0120489 -0.0202944 -0.00149317
internal_weight=157.347 113.457 105.321 46.0369 59.2838 43.8896 22.8077 21.082
internal_count=633 456 423 185 238 177 92 85
is_linear=0
shrinkage=0.03


Tree=16
num_leaves=12
num_cat=0
split_feature=33 23 36 23 14 28 21 10 12 7 12
split_gain=7.38999 7.83515 8.91895 7.36203 7.25301 5.692 5.93707 4.44481 3.89407 3.62583 0.969684
threshold=0.38691287141559627 0.8925437614045667 0.0051292169386026884 0.86304885438238788 75.752230680857352 8.5000000000000018 0.020073536500906725 -0.0023057018153356808 69.089132235683977 0.025371552062663644 33.947423552034003
decision_type=2 2 2 2 2 2 2 2 2 2 2
left_child=3 2 -2 -1 7 6 -5 -3 -4 -6 -7
right_child=1 4 8 5 9 10 -8 -9 -10 -11 -12
leaf_value=0.029061568378157598 0.0068718187903844099 -0.008507656710312483 -0.026665692576390267 0.025209812871248891 0.0011162046437703087 -0.017235524173848236 -0.0038043935007741375 0.01396608076046872 -0.00084499313010362497 -0.021542587631092156 -0.00031572653579998544
leaf_weight=11.205416619777678 12.177768304944037 7.6928111463785163 25.375822007656097 11.430749967694284 9.6853915303945559 7.4685823619365674 9.7214334607124311 35.740946799516678 8.1893811821937543 11.140230014920233 7.4429779052734375
leaf_count=45 49 31 102 46 39 30 39 144 33 45 30
internal_value=4.43522e-08 -0.0041658 -0.0134298 0.0097746 0.0024087 0.00217573 0.0120504 0.00945618 -0.0211894 -0.011173 -0.0107132
internal_weight=157.272 110.002 45.743 47.2692 64.2594 36.0637 21.1522 43.4338 33.5652 20.8256 14.9116
internal_count=633 443 184 190 259 145 85 175 135 84 60
is_linear=0
shrinkage=0.03


Tree=17
num_leaves=7
num_cat=0
split_feature=34 8 28 34 1 12
split_gain=11.9724 7.92867 10.5862 6.41451 2.35385 2.3015
threshold=0.035075048741410771 0.055587868574772402 1.5000000000000002 -0.0075609324700373062 -0.0071515876959884475 77.264851056575338
decision_type=2 2 2 2 2 2
left_child=1 2 -1 -4 -2 -3
right_child=4 5 3 -5 -6 -7
leaf_value=0.035294360586648393 -0.0055516870415007443 -0.025430678531326693 -0.0059291094249174139 0.0085443573491483637 -0.030579502827772654 -0.0020732117417714396
leaf_weight=8.3255979865789396 8.6489769816398638 7.4426727741956737 40.882928907871246 72.353896334767342 9.8896191269159299 9.6493875682353956
leaf_count=34 35 30 164 291 40 39
internal_value=0 0.00320785 0.00603326 0.00317649 -0.021311 -0.0146283
internal_weight=157.193 138.654 121.562 113.237 18.5386 17.0921
internal_count=633 558 489 455 75 69
is_linear=0
shrinkage=0.03


Tree=18
num_leaves=9
num_cat=0
split_feature=9 28 9 36 35 23 36 2
split_gain=11.558 8.36682 10.1325 7.99344 7.84234 10.2286 4.77409 2.57945
threshold=0.11380775886271073 7.5000000000000009 0.019678461289135498 0.0059373126222766704 0.0061985279760172771 0.8925437614045667 0.0042652297507943969 -0.024370083929619032
decision_type=2 2 2 2 2 2 2 2
left_child=1 2 7 -4 5 -3 -6 -1
right_child=-2 4 3 -5 6 -7 -8 -9
leaf_value=0.004319102431424326 -0.025398217859945112 -0.038226919259266051 0.010961390294830066 -0.012722820860590978 -0.01521567621448096 0.0013985459562192175 0.0065678473220238407 0.028526907752854633
leaf_weight=7.7111159563064602 12.591279402375219 10.142742156982424 27.793526992201805 20.414406850934029 9.4695569574832898 9.7333764880895597 38.949751242995262 20.287556901574135
leaf_count=31 51 41 112 82 38 39 157 82
internal_value=0 0.00259933 0.00938722 0.000525893 -0.00481305 -0.0197828 0.00157548 0.0230923
internal_weight=157.093 144.502 76.2066 48.2079 68.2954 19.8761 48.4193 27.9987
internal_count=633 582 307 194 275 80 195 113
is_linear=0
shrinkage=0.03


Tree=19
num_leaves=8
num_cat=0
split_feature=34 5 34 36 23 36 5
split_gain=11.2658 8.73355 7.04455 7.2637 6.42955 3.74001 2.96303
threshold=0.035075048741410771 0.11517777882977688 0.011476410558069696 0.0043669078097858258 0.9542515698389874 0.0062389476842729394 0.052965673599787773
decision_type=2 2 2 2 2 2 2
left_child=1 2 4 -4 -1 -3 -2
right_child=6 5 3 -5 -6 -7 -8
leaf_value=-0.0086153667660141802 -0.0064421805767413956 -0.027654621277300857 -0.0066137607845726757 0.021878373271248388 0.0079979481734492684 0 -0.033343219096350352
leaf_weight=35.387211516499519 10.645477026700975 8.6454870849847811 8.4805480390787107 33.130458936095238 45.41441947221756 7.4088827371597281 7.8471914678812018
leaf_count=142 43 35 34 134 183 30 32
internal_value=0 0.00308092 0.00595916 0.0156906 0.000508607 -0.0162635 -0.0207294
internal_weight=156.96 138.467 122.413 41.611 80.8016 16.0544 18.4927
internal_count=633 558 493 168 325 65 75
is_linear=0
shrinkage=0.03


Tree=20
num_leaves=9
num_cat=0
split_feature=9 35 23 17 10 19 35 21
split_gain=9.54467 7.717 17.8793 8.36537 12.1123 8.45339 7.58621 0.603681
threshold=0.11923389406131173 0.0061985279760172771 0.8925437614045667 3.0139370098693807 0.010499757975449666 0.10552080820778036 -0.020838955077919438 0.016835532829987652
decision_type=2 2 2 2 2 2 2 2
left_child=1 2 7 4 -3 -5 -4 -1
right_child=-2 3 6 5 -6 -7 -8 -9
leaf_value=-0.036540056080607439 -0.026819272550738758 0.024345706287565123 0.014969666000267678 0.0059618418944643896 -0.00010867237479682372 -0.024967345987184902 -0.012650203300447922 -0.013144514267724313
leaf_weight=10.84878031909466 9.5639306306838971 33.959446281194687 22.805894583463669 17.346751466393474 34.489191353321075 11.17444849014282 11.681013271212576 7.4815216809511176
leaf_count=44 39 137 92 70 139 45 47 30
internal_value=-0.00048397 0.00142995 -0.00749503 0.00649596 0.0121577 -0.00650658 0.00502285 -0.0299614
internal_weight=159.351 149.787 52.8172 96.9698 68.4486 28.5212 34.4869 18.3303
internal_count=643 604 213 391 276 115 139 74
is_linear=0
shrinkage=0.03


Tree=21
num_leaves=6
num_cat=0
split_feature=9 36 36 18 36
split_gain=9.08548 6.95852 9.28619 9.39344 4.034
threshold=0.11923389406131173 0.003433126469770014 0.0048082970537648559 0.85296008725380523 0.0043669078097858258
decision_type=2 2 2 2 2
left_child=1 -1 4 -4 -3
right_child=-2 2 3 -5 -6
leaf_value=-0.023049256872390688 -0.026238139221985257 0.0033554354250455269 0.0032193491221858064 -0.018829683025704546 0.028460894093015995
leaf_weight=7.7207886278629294 9.5273336768150312 12.198968261480333 96.446332350373268 19.067023873329163 14.261883065104483
leaf_count=31 39 49 389 77 58
internal_value=-0.000501131 0.00136235 0.00309583 -0.00055102 0.018463
internal_weight=159.222 149.695 141.974 115.513 26.4609
internal_count=643 604 573 466 107
is_linear=0
shrinkage=0.03


Tree=22
num_leaves=7
num_cat=0
split_feature=34 0 36 36 19 38
split_gain=14.1524 7.56973 8.22168 9.21285 5.29602 3.00248
threshold=0.034090042733269994 0.02524447055648316 0.0035317768940023729 0.0048721049086286189 0.10552080820778036 0.0086815023849377369
decision_type=2 2 2 2 2 2
left_child=1 2 -1 -4 5 -2
right_child=4 -3 3 -5 -6 -7
leaf_value=-0.020039258972704917 0.0043743136056878648 -0.021189528860975741 0.023065760712278439 0.0028064460316751037 -0.038358193357500001 -0.018762497881441801
leaf_weight=8.4573969244956952 7.4479007720947283 8.3996167033910734 24.911895841360092 93.712821751832962 8.2883207201957685 7.9145213812589645
leaf_count=34 30 34 101 378 34 32
internal_value=-0.000495864 0.00323268 0.0052664 0.00749727 -0.0210261 -0.00746976
internal_weight=159.132 135.482 127.082 118.625 23.6507 15.3624
internal_count=643 547 513 479 96 62
is_linear=0
shrinkage=0.03


Tree=23
num_leaves=10
num_cat=0
split_feature=34 32 36 6 18 23 4 14 11
split_gain=13.4757 7.37185 10.6184 9.61488 4.92327 4.32369 3.20296 2.73792 6.63428
threshold=0.034090042733269994 0.0036091833311854287 0.0037357669776731041 -0.014481805070326011 0.62435000823319065 1.1176809655505597 -0.040318428588278991 62.085680231153226 0.015265262438812656
decision_type=2 2 2 2 2 2 2 2 2
left_child=1 2 -1 -4 6 -6 -3 8 -2
right_child=7 4 3 -5 5 -7 -8 -9 -10
leaf_value=-0.020510156199587438 -0.025787303372531635 -0.0074255065785517231 -0.008612321701354772 0.017789916523400572 -0.017953540987285806 0.0053988213855636243 0.013804367399128215 -0.034928326040403648 0.0083637874099496759
leaf_weight=7.7113299071788779 8.783682465553289 8.2054868787527102 13.410925373435019 59.58030940592289 25.515942573547363 7.4029929190874091 13.586838811635969 7.3682751357555381 7.4396862089633933
leaf_count=31 36 33 54 241 103 30 55 30 30
internal_value=-0.000506833 0.00312738 0.00887039 0.0126386 -0.00509349 -0.0122639 0.00522797 -0.0205672 -0.0101041
internal_weight=159.005 135.414 80.7026 72.9912 54.7113 32.9189 21.7923 23.5916 16.2234
internal_count=643 547 326 295 221 133 88 96 66
is_linear=0
shrinkage=0.03


Tree=24
num_leaves=9
num_cat=0
split_feature=34 35 23 17 10 6 1 37
split_gain=12.8284 9.30476 15.722 14.11 8.39119 6.45288 6.11457 1.27987
threshold=0.034090042733269994 0.0061985279760172771 0.8925437614045667 3.0139370098693807 0.010499757975449666 -0.011076922542734411 0.019231283094997446 0.0015879796238078561
decision_type=2 2 2 2 2 2 2 2
left_child=1 2 -1 4 -3 -4 -5 -2
right_child=7 3 5 6 -6 -7 -8 -9
leaf_value=-0.029189611253186813 -0.0050119075324027177 0.029039315105873553 -0.013982652755936964 -0.022827275710372883 0.0052286611704224226 0.013342360384805654 0.0030963073215134742 -0.024916658362485782
leaf_weight=16.642310425639153 7.4111823886632946 27.392772287130356 8.9673649072647077 11.384710595011713 29.71448127925396 23.229110598564148 18.018837034702301 16.12271186709404
leaf_count=67 30 111 36 46 120 94 73 66
internal_value=-0.000520911 0.0030209 -0.00709889 0.00893471 0.0174999 0.00492048 -0.0072779 -0.0201194
internal_weight=158.883 135.35 48.8388 86.5108 57.1073 32.1965 29.4035 23.5339
internal_count=643 547 197 350 231 130 119 96
is_linear=0
shrinkage=0.03


Tree=25
num_leaves=13
num_cat=0
split_feature=23 5 38 11 34 21 36 17 17 12 34 4
split_gain=11.369 9.10075 9.51803 7.23329 10.657 6.31903 6.02057 5.642 5.3455 5.00056 3.4758 1.2838
threshold=1.0449920368039969 0.022031865358817519 0.009128463968254898 0.043880259153005093 0.0055645920638930377 0.014998372058381084 0.0062086792255458519 -1.1480369798884895 4.665771909567451 64.099504165464126 0.010387922546974739 -0.0010164457575729256
decision_type=2 2 2 2 2 2 2 2 2 2 2 2
left_child=1 2 11 6 -5 9 -2 -8 -4 -3 -7 -1
right_child=3 5 8 4 -6 10 7 -9 -10 -11 -12 -13
leaf_value=0.026987124158264146 0.028460598324449395 -0.01616382745114037 0.0011802144186861111 0.016411557337014292 -0.027644200321846384 -0.036610551201713422 -0.013101519223797774 0.016999120215630274 -0.02252838845104068 0.0091419708008842436 -0.010563280264505556 0.0064342723203737262
leaf_weight=9.3687570840120333 20.358480185270309 11.155292853713037 24.821417778730392 7.9244636446237546 7.6368932127952576 11.415113627910616 7.6496219038963345 10.835805103182791 10.156208068132399 12.62283696234226 13.944063037633894 8.920338422060011
leaf_count=38 83 45 100 32 31 46 31 44 41 51 57 36
internal_value=0.000131826 -0.00563814 0.00271175 0.0110731 -0.00504109 -0.0147351 0.0178266 0.00374767 -0.00614438 -0.00248111 -0.0246556 0.0193244
internal_weight=156.809 102.404 53.2667 54.4053 15.5614 49.1373 38.8439 18.4854 34.9776 23.7781 25.3592 18.2891
internal_count=635 414 215 221 63 199 158 75 141 96 103 74
is_linear=0
shrinkage=0.03


Tree=26
num_leaves=10
num_cat=0
split_feature=23 21 18 28 28 9 24 3 0
split_gain=10.7693 8.70402 8.52013 9.3936 6.26101 3.76808 4.55731 3.09138 2.84897
threshold=1.0449920368039969 0.027206382304466859 0.63621905998057271 8.5000000000000018 2.5000000000000004 0.10321354814283866 -0.31416765053128687 -0.011417612578681678 0.015191997918093227
decision_type=2 2 2 2 2 2 2 2 2
left_child=1 2 3 -1 -4 6 7 -2 -8
right_child=5 -3 4 -5 -6 -7 8 -9 -10
leaf_value=0.021045257236419583 0.011625629672096027 -0.027256128389951024 0.0073911733813596366 -0.0054734241630282595 -0.016653429617558561 -0.0065284841367701631 0.025428592120085844 -0.011815513511039509 0.0016878109627615375
leaf_weight=21.005926042795181 8.8937444835901278 12.376780435442923 10.862603992223738 22.487943693995476 35.614802628755569 7.3623100519180289 23.019320324063305 7.3830057978630057 7.6410527676343909
leaf_count=85 36 50 44 91 144 30 94 30 31
internal_value=0.000120203 -0.00549189 -0.00180723 0.00736655 -0.0106513 0.0107841 0.013962 4.27651e-05 0.0204369
internal_weight=156.647 102.348 89.9713 43.4939 46.4774 54.2994 46.9371 16.2768 30.6604
internal_count=635 414 364 176 188 221 191 66 125
is_linear=0
shrinkage=0.03


Tree=27
num_leaves=9
num_cat=0
split_feature=34 7 13 32 0 0 19 37
split_gain=7.77657 8.25474 8.17175 5.82047 8.64936 4.75379 3.99702 2.26564
threshold=0.037058102974630087 0.0082015008329742716 1.0000000180025095e-35 0.010151969023239784 -0.012995585847879463 -0.0017432604211964906 0.10310514605670416 0.012522232072836649
decision_type=2 2 2 2 2 2 2 2
left_child=1 3 5 4 -1 -3 -4 -2
right_child=7 2 6 -5 -6 -7 -8 -9
leaf_value=-0.0022416289749292882 -0.002900984324170471 -0.0025086386729222094 0.012566485466640506 -0.0087643587407651869 0.020352165166135461 -0.029895311893456789 -0.0052230594014149763 -0.027673076726759043
leaf_weight=20.84340101480484 7.8628489673137691 12.31353932619095 19.201860308647156 11.129969388246534 42.890200719237328 12.356470197439192 21.440294235944748 8.4644279330968839
leaf_count=84 32 50 78 45 174 50 87 35
internal_value=0.000113814 0.00257593 -0.00499309 0.00933252 0.0128915 -0.0180014 0.00302524 -0.0181803
internal_weight=156.503 140.176 65.3122 74.8636 63.7336 24.67 40.6422 16.3273
internal_count=635 568 265 303 258 100 165 67
is_linear=0
shrinkage=0.03


Tree=28
num_leaves=10
num_cat=0
split_feature=33 28 21 34 17 28 37 9 18
split_gain=8.74527 11.572 6.54843 6.91829 5.01677 7.62297 5.30573 4.58015 1.76422
threshold=0.41413343293874272 2.5000000000000004 0.02249755732396079 0.030340746533180089 -5.9860459505225192 8.5000000000000018 -0.0150330242641018 0.093722639018207418 0.8670424820286845
decision_type=2 2 2 2 2 2 2 2 2
left_child=4 7 3 -3 -1 -6 -7 8 -2
right_child=1 2 -4 -5 5 6 -8 -9 -10
leaf_value=-0.0046835035943202227 0.030198642302056964 -0.0011096344824573483 -0.029930340062750058 -0.024772521818119706 0.027703395219187521 -0.01452685703305292 0.014081691050772303 -0.0039188608885689039 0.0055225221085089451
leaf_weight=13.136867016553877 8.3104338347911852 57.140441432595253 11.38249336183071 12.372215077280996 19.402780443429947 8.4087767452001589 11.079749643802641 7.8422883898019782 7.3121907562017432
leaf_count=53 34 231 46 51 79 34 45 32 30
internal_value=7.59448e-05 -0.0048231 -0.0102805 -0.00610606 0.00999505 0.0153066 0.000836641 0.0127319 0.0214377
internal_weight=156.388 104.36 80.8951 69.5127 52.0282 38.8913 19.4885 23.4649 15.6226
internal_count=635 424 328 282 211 158 79 96 64
is_linear=0
shrinkage=0.03


Tree=29
num_leaves=10
num_cat=0
split_feature=34 7 24 13 24 14 18 20 37
split_gain=7.22676 7.58823 10.0173 7.77468 6.91861 5.53872 5.01934 4.75619 2.16864
threshold=0.037058102974630087 0.0082015008329742716 -0.25954875100725217 1.0000000180025095e-35 -0.36285266457680249 -25.298556419053963 0.47582225562249769 0.019018307716664153 0.012522232072836649
decision_type=2 2 2 2 2 2 2 2 2
left_child=1 2 6 4 -3 -4 -1 -5 -2
right_child=8 3 5 7 -6 -7 -8 -9 -10
leaf_value=0.0047136043166130523 -0.002669901176996389 0.0008547426897871802 0.0013069431084721714 0.015088507439404519 -0.029258122192611979 0.026149182593612191 -0.018197501060672444 -0.0047311010203006341 -0.026922808099865032
leaf_weight=23.713072717189789 7.8478708714246777 9.8455386012792605 13.319505408406256 15.864518269896505 14.806290820240973 27.03047551214695 10.650230228900908 24.735835790634155 8.4024524688720685
leaf_count=96 32 40 54 65 60 110 43 100 35
internal_value=6.47905e-05 0.00244149 0.00893123 -0.0048108 -0.0175071 0.018752 -0.00258506 0.00300605 -0.0176082
internal_weight=156.216 139.965 74.7133 65.2522 24.6518 40.35 34.3633 40.6004 16.2503
internal_count=635 568 303 265 100 164 139 165 67
is_linear=0
shrinkage=0.03


Tree=30
num_leaves=7
num_cat=0
split_feature=34 36 23 34 13 0
split_gain=8.24233 4.894 6.09024 8.36357 6.03304 1.94055
threshold=0.035075048741410771 0.0037357669776731041 0.93301800241902189 0.0098691045479241141 7.8494723503797887 -0.0017432604211964906
decision_type=2 2 2 2 2 2
left_child=1 -1 3 -3 -4 -2
right_child=5 2 4 -5 -6 -7
leaf_value=-0.013584791517634262 -0.0026098062874189321 -0.010667789049360837 0.014022177156895712 0.01319336809300665 -0.011575039318824256 -0.025022908000395163
leaf_weight=12.132340565323828 7.7780407667160061 36.405228510499001 60.683907210826874 17.912022396922112 7.3644016385078421 10.652092576026915
leaf_count=49 32 147 247 73 30 44
internal_value=0.000190304 0.00294213 0.00489347 -0.00234373 0.0107864 -0.0174796
internal_weight=152.928 134.498 122.366 54.3173 68.0483 18.4301
internal_count=622 546 497 220 277 76
is_linear=0
shrinkage=0.03


Tree=31
num_leaves=6
num_cat=0
split_feature=34 28 36 33 0
split_gain=7.84132 7.72969 5.22751 7.04938 1.84012
threshold=0.035075048741410771 1.5000000000000002 0.0037357669776731041 0.38691287141559627 -0.0017432604211964906
decision_type=2 2 2 2 2
left_child=1 -1 -3 -4 -2
right_child=4 2 3 -5 -6
leaf_value=0.025286597982583172 -0.0025480662013053321 -0.017163297539419864 0.014148946295466367 -0.0020064015225888104 -0.024462048141530635
leaf_weight=10.569254338741301 7.7760017067194012 11.383747115731238 31.961741298437119 80.485949739813805 10.615835696458815
leaf_count=44 32 46 130 326 44
internal_value=0.000159105 0.00284564 0.000439586 0.00262149 -0.0170911
internal_weight=152.793 134.401 123.831 112.448 18.3918
internal_count=622 546 502 456 76
is_linear=0
shrinkage=0.03


Tree=32
num_leaves=6
num_cat=0
split_feature=9 8 28 33 8
split_gain=7.01019 5.91296 6.78239 9.48966 4.54239
threshold=0.10796317918839309 0.039538948982864253 2.5000000000000004 0.40734685668313991 0.054836402139181034
decision_type=2 2 2 2 2
left_child=1 2 -1 -4 -3
right_child=-2 4 3 -5 -6
leaf_value=0.01947052350842016 -0.019178058240451181 0.024997205553372506 0.0069018013781550671 -0.010837165164951128 -0.00048712807636245366
leaf_weight=11.577272236347197 13.109561637043951 14.237563446164133 45.763372763991356 59.635397121310234 8.3295729607343656
leaf_count=48 54 58 186 242 34
internal_value=0.000143203 0.00230968 -0.000369344 -0.00301027 0.0157064
internal_weight=152.653 139.543 116.976 105.399 22.5671
internal_count=622 568 476 428 92
is_linear=0
shrinkage=0.03


Tree=33
num_leaves=6
num_cat=0
split_feature=34 28 36 35 0
split_gain=7.50843 7.15732 5.00164 7.92062 1.73521
threshold=0.035075048741410771 1.5000000000000002 0.0037357669776731041 0.024143185539836857 -0.0017432604211964906
decision_type=2 2 2 2 2
left_child=1 -1 -3 -4 -2
right_child=4 2 3 -5 -6
leaf_value=0.024451382010186196 -0.0025347123675684125 -0.01676193989904955 -0.0042827253278502637 0.011399581171524713 -0.023953270822668214
leaf_weight=10.485129997134207 7.765028432011607 11.371786117553709 62.67646661400795 49.660777360200882 10.566761732101439
leaf_count=44 32 46 254 202 44
internal_value=0.000144278 0.0027759 0.000459654 0.00259688 -0.0167603
internal_weight=152.526 134.194 123.709 112.337 18.3318
internal_count=622 546 502 456 76
is_linear=0
shrinkage=0.03


Tree=34
num_leaves=6
num_cat=0
split_feature=28 36 33 4 35
split_gain=5.15074 5.17948 6.46457 8.60602 6.87752
threshold=1.5000000000000002 0.0037357669776731041 0.38691287141559627 -0.0061068805123292704 0.027902596173809194
decision_type=2 2 2 2 2
left_child=-1 -2 4 -4 -3
right_child=1 2 3 -5 -6
leaf_value=0.017141467754803803 -0.018649459470802595 -0.0007166518452110213 -0.02322774980842604 0.00021842436706889088 0.023895624146707387
leaf_weight=12.657801598310469 12.327191546559332 19.996642246842384 14.966084167361258 75.880167558789253 16.554020717740059
leaf_count=53 50 81 61 309 68
internal_value=0.000126859 -0.00152883 0.000274527 -0.00389971 0.0107027
internal_weight=152.382 139.724 127.397 90.8463 36.5507
internal_count=622 569 519 370 149
is_linear=0
shrinkage=0.03


Tree=35
num_leaves=7
num_cat=0
split_feature=34 0 19 4 13 11
split_gain=6.30898 5.69141 5.68159 4.24087 5.78038 2.93489
threshold=0.029865395660434894 0.02524447055648316 0.10185385741490634 0.090539974306974261 -7.4813291427074935 0.017027341333449523
decision_type=2 2 2 2 2 2
left_child=1 3 5 4 -1 -2
right_child=2 -3 -4 -5 -6 -7
leaf_value=-0.011528520518249524 -0.0121157467151249 -0.019028887478008138 -0.027014071062160729 -0.014424074999080575 0.0085812020278220914 0.010942953582981365
leaf_weight=12.348878264427183 7.7831022441387203 7.8824911564588538 11.520035669207571 7.5686559677124015 101.08578024804592 8.0655064284801465
leaf_count=50 32 32 48 31 412 33
internal_value=-6.63974e-05 0.00265962 -0.0127215 0.00448085 0.00610024 0
internal_weight=156.254 128.886 27.3686 121.003 113.435 15.8486
internal_count=638 525 113 493 462 65
is_linear=0
shrinkage=0.03


Tree=36
num_leaves=11
num_cat=0
split_feature=25 5 37 9 24 34 33 2 7 9
split_gain=6.45503 6.46905 5.2607 6.78734 4.62265 4.12597 3.99777 3.87692 5.03796 2.8675
threshold=0.29526825633383019 0.022031865358817519 -0.01976475917694059 0.0082298369297043542 0.61505010398941207 0.031962219045386549 0.75900275208193224 -0.013333279464520063 0.025371552062663644 -0.044832900841770024
decision_type=2 2 2 2 2 2 2 2 2 2
left_child=1 2 9 -4 6 7 -3 -2 -9 -1
right_child=5 4 3 -5 -6 -7 -8 8 -10 -11
leaf_value=0.00067305414751764423 -0.0029105290171683429 -0.028832783795648194 -0.00016705962776899098 0.024452908383818004 0.0016962407432601276 -0.0079228865989432115 -0.0072505546934426438 0.023723533147316341 -0.0016524216754520602 -0.022036697231936749
leaf_weight=7.6765837520360947 9.0994437634944898 14.72537702322006 26.175513029098511 13.252336606383322 14.20873801410198 8.7175323218107206 22.673123702406883 24.126223340630535 7.8435698449611655 7.6399707496166211
leaf_count=31 37 60 107 54 58 36 93 99 32 31
internal_value=-9.47322e-05 -0.00434975 0.0025965 0.00852704 -0.01182 0.0085219 -0.0171614 0.0125666 0.0173254 -0.0110253
internal_weight=156.138 106.352 54.7444 39.4278 51.6072 49.7868 37.3985 41.0692 31.9698 15.3166
internal_count=638 434 223 161 211 204 153 168 131 62
is_linear=0
shrinkage=0.03


Tree=37
num_leaves=9
num_cat=0
split_feature=3 17 13 38 36 13 16 8
split_gain=5.87596 6.31463 6.23611 7.25869 4.98168 4.15208 1.99235 1.14394
threshold=0.025780520586454973 3.7624044125134541 -7.6927053710184365 0.013986133549191116 0.0043669078097858258 0.30648828472836703 9.455710424931338 0.049691691451114454
decision_type=2 2 2 2 2 2 2 2
left_child=2 5 -1 4 -4 -2 -3 -8
right_child=1 6 3 -5 -6 -7 7 -9
leaf_value=-0.01366308641876326 -0.032746801786926225 -0.0080139486947390041 -0.0055630139858112368 -0.014620744715901367 0.012644692123152803 -0.0032355140089808869 0.014482687009102026 0
leaf_weight=13.989188745617865 10.299454227089884 10.826756715774538 14.076011791825293 10.69552345573902 71.999661222100258 9.254979729652403 7.5484312176704389 7.328665554523468
leaf_count=57 42 44 57 44 295 38 31 30
internal_value=-0.000105201 -0.00907388 0.00352244 0.006385 0.00943816 -0.0210715 0.000374228 0.00759375
internal_weight=156.019 45.2583 110.76 96.7712 86.0757 19.5544 25.7039 14.8771
internal_count=638 185 453 396 352 80 105 61
is_linear=0
shrinkage=0.03


Tree=38
num_leaves=13
num_cat=0
split_feature=10 12 5 11 4 12 17 17 10 27 0 25
split_gain=6.27714 7.85858 6.54728 6.424 6.14431 5.35608 8.24767 5.68529 5.18056 3.08579 1.84109 1.5467
threshold=0.0099472143646593975 41.288724221051702 -0.045477414428697897 0.0010642006627570313 0.0079574733683072125 61.394902163764066 1.0351559430420887 3.7624044125134541 0.050024567343001321 2.5000000000000004 -0.0072773674880941544 0.060790835181079091
decision_type=2 2 2 2 2 2 2 2 2 2 2 2
left_child=1 2 10 4 -3 9 8 -8 -7 -2 -1 -5
right_child=5 3 -4 11 -6 6 7 -9 -10 -11 -12 -13
leaf_value=0.015697374791533242 -0.025651566475723132 -0.010708727481289992 -0.019564001639266203 0.0056786424748374673 0.019822610725869376 0.015914732984529913 -0.029532636815426741 0 -0.0096553682243048604 -0.0031969965848425456 -0.0020028376478027393 0.026679483655559548
leaf_weight=7.6396579146385184 13.990763798356058 14.197767168283464 14.276406809687613 7.5580684542655971 7.3459887504577628 23.56004294753075 9.2784592062234896 10.69624103605747 7.5753098130226126 12.012065589427946 8.1118660271167773 19.671347454190254
leaf_count=31 57 58 58 31 30 97 38 44 31 49 33 81
internal_value=-0.000131845 0.00565456 -0.0058501 0.0129844 0 -0.006228 -0.000145553 -0.0146559 0.0090335 -0.0167835 0.00653831 0.0221509
internal_weight=155.914 78.8011 30.0279 48.7732 21.5438 77.1129 51.1101 19.9747 31.1354 26.0028 15.7515 27.2294
internal_count=638 322 122 200 88 316 210 82 128 106 64 112
is_linear=0
shrinkage=0.03


Tree=39
num_leaves=11
num_cat=0
split_feature=25 10 40 14 2 17 11 3 12 14
split_gain=6.04039 5.87207 6.2606 5.34789 5.09211 4.37292 4.1416 4.99275 5.5353 3.24188
threshold=0.29526825633383019 0.010499757975449666 -0.026855792150539345 5.2299699983248056 -0.009809991589086629 -0.56421770455375853 0.052434952518242935 0.028373957573092693 48.802008608321387 -48.172093777778848
decision_type=2 2 2 2 2 2 2 2 2 2
left_child=1 2 9 -4 -3 -6 7 8 -2 -1
right_child=6 4 3 -5 5 -7 -8 -9 -10 -11
leaf_value=9.813730007774954e-05 0.0023783289270155605 -0.027658665176657191 -3.6680187197251299e-05 0.021235251501695879 0.0056359581216005924 -0.013188134641548839 -0.0072759677961338493 -0.0031557749407538408 0.029893280858855977 -0.024041850376371902
leaf_weight=7.9036655724048615 13.095637515187265 11.507206693291662 22.597905367612839 16.012035146355629 16.555531188845634 23.936354696750641 9.8014688789844495 11.015159532427786 15.729840844869612 7.6390055567026121
leaf_count=32 54 47 92 66 68 98 40 45 65 31
internal_value=-0.000134857 -0.00425555 0.00241877 0.00902705 -0.0113162 -0.00523568 0.00820969 0.0125436 0.018845 -0.0122996
internal_weight=155.794 106.152 54.1526 38.6099 51.9991 40.4919 49.6421 39.8406 28.8255 15.5427
internal_count=638 434 221 158 213 166 204 164 119 63
is_linear=0
shrinkage=0.03


Tree=40
num_leaves=5
num_cat=0
split_feature=19 9 36 36
split_gain=7.60551 6.54927 6.67779 10.5801
threshold=0.055823833824792314 0.11380775886271073 0.0037357669776731041 0.0051944971243864232
decision_type=2 2 2 2
left_child=-1 2 -2 -4
right_child=1 -3 3 -5
leaf_value=-0.022654365485477602 -0.016835404832590772 -0.018198286779009698 0.019348515347909274 0
leaf_weight=10.994410976767538 11.05561228096485 11.896456792950628 33.679271951317787 87.486997619271278
leaf_count=45 45 50 138 357
internal_value=-0.000603389 0.00126322 0.00337107 0.00558
internal_weight=155.113 144.118 132.222 121.166
internal_count=635 590 540 495
is_linear=0
shrinkage=0.03


Tree=41
num_leaves=6
num_cat=0
split_feature=19 22 36 34 24
split_gain=7.20976 6.10283 5.10398 5.12986 3.37274
threshold=0.055823833824792314 0.37034673359895759 0.0037357669776731041 0.037058102974630087 -0.085410334346504538
decision_type=2 2 2 2 2
left_child=-1 2 -2 -4 -3
right_child=1 4 3 -5 -6
leaf_value=-0.022067001694308738 -0.014324799626085264 0 0.0085287793538370918 -0.011267066632986713 -0.020263907949976318
leaf_weight=11.001558870077131 9.7983534187078458 11.266652479767801 97.792425081133842 11.001133456826208 14.128963515162466
leaf_count=45 40 46 400 46 58
internal_value=-0.000603806 0.00121322 0.00419277 0.0062244 -0.0114434
internal_weight=154.989 143.988 118.592 108.794 25.3956
internal_count=635 590 486 446 104
is_linear=0
shrinkage=0.03


Tree=42
num_leaves=6
num_cat=0
split_feature=19 9 28 22 19
split_gain=6.83087 6.17547 5.74161 6.66893 4.58705
threshold=0.055823833824792314 0.11380775886271073 8.5000000000000018 0.37034673359895759 0.088645938284964143
decision_type=2 2 2 2 2
left_child=-1 2 3 -2 -4
right_child=1 -3 4 -5 -6
leaf_value=-0.021499388856210586 0.011574566234214588 -0.017774529791204054 0.0062872873062384772 -0.010473814121021078 -0.011784964224817333
leaf_weight=11.005982205271719 71.376251384615898 11.847952246665953 18.039809629321098 12.51216973364353 30.121081039309502
leaf_count=45 292 50 74 51 123
internal_value=-0.000611911 0.00115568 0.00320592 0.00794403 -0.00473576
internal_weight=154.903 143.897 132.049 83.8884 48.1609
internal_count=635 590 540 343 197
is_linear=0
shrinkage=0.03


Tree=43
num_leaves=11
num_cat=0
split_feature=23 36 36 20 33 31 13 12 34 21
split_gain=5.56356 5.50608 9.34555 8.69105 5.58045 3.95165 4.15057 3.1148 3.76732 0.166265
threshold=1.0449920368039969 0.0043669078097858258 0.0051944971243864232 0.01999556057594222 0.41413343293874272 1.0000000180025095e-35 5.2195066897420697 34.773921730443476 0.010720713584153609 0.015130822384191504
decision_type=2 2 2 2 2 2 2 2 2 2
left_child=1 -1 3 -3 -4 7 9 -2 -9 -7
right_child=5 2 4 -5 -6 6 -8 8 -10 -11
leaf_value=-0.021052706114501645 -0.015000127355919752 0.032424660729827644 0.0069482923169639742 -0.0030602945654397591 -0.012008370310834531 0.010336068373484761 -0.00080218017855803326 0.01699165452539678 -0.0056311836262145105 0.029548723210750773
leaf_weight=13.952998787164686 7.3948419541120556 10.146995320916178 16.354421272873878 10.674542084336279 51.465645372867584 7.0960019975900677 7.5189242213964453 10.705859124660494 10.981389716267584 8.5192895233631116
leaf_count=57 30 42 67 44 210 30 31 44 45 35
internal_value=-0.000613485 -0.00473526 -0.00159341 0.0149015 -0.00715415 0.00708425 0.0158037 0 0.00539501 0.0238343
internal_weight=154.811 102.595 88.6416 20.8215 67.8201 52.2163 23.1342 29.0821 21.6872 15.6153
internal_count=635 420 363 86 277 215 96 119 89 65
is_linear=0
shrinkage=0.03


Tree=44
num_leaves=5
num_cat=0
split_feature=19 9 36 36
split_gain=6.48389 5.8888 5.88267 9.77962
threshold=0.055823833824792314 0.11380775886271073 0.0037357669776731041 0.0051944971243864232
decision_type=2 2 2 2
left_child=-1 2 -2 -4
right_child=1 -3 3 -5
leaf_value=-0.0209405804933297 -0.015837863927215843 -0.017376337297486021 0.018500531870729361 -9.4007170245054906e-07
leaf_weight=10.995808556675909 11.010272845625876 11.797646835446356 33.515996426343918 87.349741324782372
leaf_count=45 45 50 138 357
internal_value=-0.000580626 0.00114072 0.00314415 0.00522506
internal_weight=154.669 143.674 131.876 120.866
internal_count=635 590 540 495
is_linear=0
shrinkage=0.03


Tree=45
num_leaves=8
num_cat=0
split_feature=13 22 36 18 35 33 35
split_gain=7.81769 4.37427 5.05283 5.09584 3.96118 2.74589 4.20723
threshold=-8.1773438640260157 0.14055823239024448 0.0061579009973071345 0.88922599043654904 -0.031847027946740263 0.3774802837394195 0.043205065488108658
decision_type=2 2 2 2 2 2 2
left_child=-1 2 3 -2 -4 -3 -7
right_child=1 5 4 -5 -6 6 -8
leaf_value=-0.020041875706644337 0.017035452919451757 0.0055672138793392391 0.0089604024868842804 -0.0057576596427824749 -0.0080531123873460713 -0.0024246923762835386 -0.025820587922929204
leaf_weight=14.40362600982189 38.312320694327354 12.190573826432226 18.084378063678741 9.0888884365558607 29.062427937984467 26.620705246925354 8.586153715848921
leaf_count=59 158 50 74 38 119 110 35
internal_value=-0.000345989 0.0017991 0.00556933 0.0123052 -0.00112286 -0.00533905 -0.00961482
internal_weight=156.349 141.945 94.548 47.4012 47.1468 47.3974 35.2069
internal_count=643 584 389 196 193 195 145
is_linear=0
shrinkage=0.03


Tree=46
num_leaves=7
num_cat=0
split_feature=34 28 21 33 38 34
split_gain=9.19522 4.85395 5.65774 4.79365 4.44728 3.41246
threshold=0.031962219045386549 2.5000000000000004 0.010758550403444759 0.45474825949583514 0.0086815023849377369 -0.01878538655412609
decision_type=2 2 2 2 2 2
left_child=1 5 -3 -4 -2 -1
right_child=4 2 3 -5 -6 -7
leaf_value=0 0 -0.020426642231463656 0.0099038937860288622 -0.003037477056746383 -0.027470267165566539 0.022548544169487175
leaf_weight=8.5396238714456576 9.6618785858154315 9.0971291065216047 40.797935605049133 60.655010879039764 13.056920900940893 14.472507163882254
leaf_count=36 40 37 167 247 55 61
internal_value=-0.000350105 0.00262689 0 0.00211258 -0.017255 0.0145622
internal_weight=156.281 133.562 110.55 101.453 22.7188 23.0121
internal_count=643 548 451 414 95 97
is_linear=0
shrinkage=0.03


Tree=47
num_leaves=11
num_cat=0
split_feature=28 10 40 10 1 36 7 37 23 36
split_gain=7.53456 8.85026 9.42289 8.23701 5.36582 4.85589 4.7816 2.43713 2.3914 1.59345
threshold=2.5000000000000004 0.011455982100900266 -0.015726833911407109 0.03439697913669227 0.0010744858896177825 0.0074771154410398135 0.02389744137490793 0.047138646238218181 0.96979523017849523 0.005065873648883553
decision_type=2 2 2 2 2 2 2 2 2 2
left_child=6 2 4 9 -2 -4 8 -5 -1 -3
right_child=1 3 5 7 -6 -7 -8 -9 -10 -11
leaf_value=0.0063017860512792441 -0.020300328556507968 -0.006137471652413783 0.01598449268458994 0.012083208739968817 0.0031833210534652537 -0.0040403150480973283 0 -0.0077964002853920331 0.034766227922892814 -0.026413375291680058
leaf_weight=7.398287162184717 17.168781563639644 8.2411233782768267 36.722044259309769 9.4395824670791644 13.509893015027044 12.716739594936369 12.416729241609572 8.2045206576585752 7.3258841186761856 22.983725771307945
leaf_count=31 70 34 151 39 55 52 52 34 31 94
internal_value=-0.000350822 -0.00350692 0.00249317 -0.0133498 -0.00993797 0.0105852 0.013345 0.00222297 0.0238249 -0.022205
internal_weight=156.127 128.986 80.1175 48.869 30.6787 49.4388 27.1409 17.6441 14.7242 31.2248
internal_count=643 529 328 201 125 203 114 73 62 128
is_linear=0
shrinkage=0.03


Tree=48
num_leaves=9
num_cat=0
split_feature=34 38 36 36 2 35 35 4
split_gain=8.69452 4.13512 3.70236 5.81011 5.16941 4.97056 9.42778 5.33005
threshold=0.031962219045386549 0.0086815023849377369 0.005862564149387974 0.0035837892587876272 0.019150402065039821 -0.031847027946740263 0.0061985279760172771 -0.0051373122635303128
decision_type=2 2 2 2 2 2 2 2
left_child=2 -2 3 -1 -5 7 -7 -4
right_child=1 -3 5 4 -6 6 -8 -9
leaf_value=-0.012242510854435071 0 -0.026720102812686653 -0.0059808354161402805 0.018305124815681025 -0.00053133708154278609 -0.024637429591995722 0.0021448072503607121 0.018976762996719108
leaf_weight=8.5559080392122251 9.6441197246313113 12.961192324757574 11.582377180457117 34.558100953698158 17.925704151391983 16.641860410571098 29.224316880106926 14.853886827826498
leaf_count=35 40 55 47 144 74 68 119 61
internal_value=-0.000336619 -0.0168188 0.002554 0.00792171 0.0118129 -0.00186695 -0.00788276 0.00786314
internal_weight=155.947 22.6053 133.342 61.0397 52.4838 72.3024 45.8662 26.4363
internal_count=643 95 548 253 218 295 187 108
is_linear=0
shrinkage=0.03


Tree=49
num_leaves=7
num_cat=0
split_feature=34 13 24 38 4 32
split_gain=8.26937 4.91601 4.4409 3.94283 3.38125 2.93445
threshold=0.031962219045386549 -8.1773438640260157 0.43364779874213844 0.0086815023849377369 0.00079546596963908655 0.0078837635855507644
decision_type=2 2 2 2 2 2
left_child=1 -1 4 -2 -3 -4
right_child=3 2 5 -5 -6 -7
leaf_value=-0.015428725888715661 0 0.00049232021794321131 0.00056961865446336819 -0.026152199881655225 0.012928191831654062 -0.017377826091921247
leaf_weight=10.292309507727621 9.6441197246313113 36.010039001703262 27.891425877809525 12.88988274335861 50.241160437464714 8.7776610404252988
leaf_count=42 40 148 115 55 207 36
internal_value=-0.000344182 0.00247149 0.0043134 -0.0164453 0.00803498 -0.00401524
internal_weight=155.747 133.213 122.92 22.534 86.2512 36.6691
internal_count=643 548 506 95 355 151
is_linear=0
shrinkage=0.03


Tree=50
num_leaves=8
num_cat=0
split_feature=35 18 37 5 35 0 0
split_gain=6.68114 6.51297 9.49679 8.6934 4.65787 4.2172 2.12121
threshold=0.074884704637423374 0.85296008725380523 -0.017821967987405481 -0.041019353137914098 -0.04030005841724154 0.010226398433571761 0.021437580178235497
decision_type=2 2 2 2 2 2 2
left_child=1 2 4 -4 -1 -3 -7
right_child=-2 5 3 -5 -6 6 -8
leaf_value=0.00026261757969195821 0.022038458768432228 -0.023938731401192934 0.031065146016328704 0.0026343754977533468 -0.023461560110395081 0.00738251692369476 -0.011702985384097102
leaf_weight=11.055552944540979 9.6021754145622236 14.90318885445595 9.3911944627761823 80.366344392299652 14.917377784848211 8.4576358199119586 8.0273155122995359
leaf_count=45 40 62 39 331 61 35 33
internal_value=2.06706e-05 -0.00159211 0.00163402 0.00638479 -0.0135302 -0.0133217 -0.00136034
internal_weight=156.721 147.119 115.73 89.7575 25.9729 31.3881 16.485
internal_count=646 606 476 370 106 130 68
is_linear=0
shrinkage=0.03


Tree=51
num_leaves=8
num_cat=0
split_feature=35 2 40 5 35 22 27
split_gain=6.35615 5.7708 8.2924 9.84048 4.9239 2.72369 2.44022
threshold=0.074884704637423374 0.01834634466297114 -0.026855792150539345 0.022031865358817519 -0.031847027946740263 -0.17789185332235893 2.5000000000000004
decision_type=2 2 2 2 2 2 2
left_child=1 2 6 -4 -3 -6 -1
right_child=-2 4 3 -5 5 -7 -8
leaf_value=-0.0029387789397351447 0.021513177762820451 0.0074654658120983496 0.01718386265703821 -0.0031120622108704874 -0.028301137643741758 -0.0081859081236049808 -0.02414485708627952
leaf_weight=13.887641564011576 9.5905371308326703 8.5880331546068174 39.65591037273407 41.29234504699707 9.8692183941602689 25.139007687568665 8.5946943014860135
leaf_count=57 40 35 164 171 41 103 35
internal_value=2.46341e-05 -0.00154631 0.00221552 0.00682451 -0.0105058 -0.0154849 -0.0129684
internal_weight=156.617 147.027 103.431 80.9483 43.5963 35.0082 22.4823
internal_count=646 606 427 335 179 144 92
is_linear=0
shrinkage=0.03


Tree=52
num_leaves=7
num_cat=0
split_feature=9 37 5 9 6 6
split_gain=7.29596 6.4796 10.6504 5.50397 2.99709 3.65503
threshold=0.10537253847678443 -0.017821967987405481 -0.029924503084995887 0.004353308286007441 -0.023248769921560334 -0.00013193474058214766
decision_type=2 2 2 2 2 2
left_child=1 4 -3 -4 -1 -6
right_child=-2 2 3 -5 5 -7
leaf_value=0.0029438460571308473 -0.019286022474579473 0.026403885481386117 -0.010921731506491521 0.0052506278603700841 -0.027145172487669057 0
leaf_weight=7.8908568173646954 13.75184381008148 16.354299366474152 22.613306537270546 77.542584627866745 10.287807062268261 8.067188754677769
leaf_count=32 58 68 94 319 42 33
internal_value=7.72895e-06 0.00221072 0.00534514 0.00131004 -0.0105657 -0.016829
internal_weight=156.508 142.756 116.51 100.156 26.2459 18.355
internal_count=646 588 481 413 107 75
is_linear=0
shrinkage=0.03


Tree=53
num_leaves=6
num_cat=0
split_feature=9 35 37 37 35
split_gain=6.93119 6.42972 5.74532 6.43536 3.93036
threshold=0.10537253847678443 0.074884704637423374 -0.017821967987405481 0.0030519384751245275 -0.04030005841724154
decision_type=2 2 2 2 2
left_child=1 2 4 -4 -1
right_child=-2 -3 3 -5 -6
leaf_value=0.00051084199263805514 -0.018840291507399406 0.025772757324874832 0.016866915335373576 -0.00024770161674020846 -0.021375069162408927
leaf_weight=11.051535591483118 13.702936828136442 7.6893674433231345 22.99260975420475 86.724209651350975 14.187158375978468
leaf_count=45 58 32 95 358 58
internal_value=0 0.00214289 0.000330302 0.00344237 -0.0119071
internal_weight=156.348 142.645 134.956 109.717 25.2387
internal_count=646 588 556 453 103
is_linear=0
shrinkage=0.03


Tree=54
num_leaves=9
num_cat=0
split_feature=35 18 40 5 28 0 0 23
split_gain=5.83813 5.79898 5.90779 8.22051 5.72228 4.01254 1.95503 0.227084
threshold=0.074884704637423374 0.85296008725380523 -0.018999180959145875 0.022031865358817519 8.5000000000000018 0.010226398433571761 0.021437580178235497 1.0291470602600843
decision_type=2 2 2 2 2 2 2 2
left_child=1 2 4 -4 -1 7 -7 -3
right_child=-2 5 3 -5 -6 6 -8 -9
leaf_value=0 0.020651373867149873 -0.029068403924697027 0.014821095588876079 -0.0036371946039234892 -0.025223581123794071 0.0073972868367901991 -0.010980924323048716 -0.0097980751356935829
leaf_weight=23.43277470767498 9.5274398475885373 7.7062228620052355 42.798691377043724 38.965300470590591 10.195477768778799 8.4411104023456591 7.9913774728775016 7.1513049602508545
leaf_count=96 40 32 177 161 42 35 33 30
internal_value=0 -0.00150798 0.00153399 0.00596876 -0.00855747 -0.012595 -0.000948254 -0.0229458
internal_weight=156.21 146.682 115.392 81.764 33.6283 31.29 16.4325 14.8575
internal_count=646 606 476 338 138 130 68 62
is_linear=0
shrinkage=0.03


Tree=55
num_leaves=9
num_cat=0
split_feature=28 35 11 21 37 35 38 38
split_gain=4.42728 5.28184 6.6296 6.22845 5.93813 5.45887 3.50154 3.11747
threshold=1.5000000000000002 0.01824368907605212 0.03176588789803237 0.015779965874519099 0.037509077078995319 -0.031847027946740263 0.0068034675724536675 0.00925346772032473
decision_type=2 2 2 2 2 2 2 2
left_child=-1 5 3 -3 -4 7 -7 -2
right_child=1 2 4 -5 -6 6 -8 -9
leaf_value=0.016826568345282296 0.013405023268962259 -0.013600014238452852 0.024849618659702144 0.0064937641551036044 -0.00037009145428127012 0.00073709431021765776 -0.020258926556582547 -0.0055466649970435534
leaf_weight=10.516932532191275 10.319490477442743 24.759700313210487 16.84730485081673 26.050059497356415 13.001671090722082 7.4286506175994864 28.119312614202499 18.596684873104095
leaf_count=45 42 103 70 107 54 31 116 76
internal_value=-0.00019477 -0.00174222 0.00321823 -0.00315816 0.01406 -0.00808459 -0.0156662 0.00116121
internal_weight=155.64 145.123 80.6587 50.8098 29.849 64.4641 35.548 28.9162
internal_count=644 599 334 210 124 265 147 118
is_linear=0
shrinkage=0.03


Tree=56
num_leaves=10
num_cat=0
split_feature=40 37 7 11 16 39 11 9 25
split_gain=4.91191 8.29909 6.7639 13.0538 8.07877 3.77398 2.2274 2.00314 1.33744
threshold=-0.026855792150539345 0.0030519384751245275 0.004572155006463849 -0.011336344268195185 13.825172910289639 1.0000000180025095e-35 -0.011336344268195185 0.040612871549356354 0.25116822429906543
decision_type=2 2 2 2 2 2 2 2 2
left_child=5 6 3 -3 -4 -1 -2 -8 -7
right_child=1 2 4 -5 -6 8 7 -9 -10
leaf_value=0.0019087694227881982 0.00082455571787803917 -0.018405991418312687 -0.016967785970375435 0.018171518866506853 0.0037370392134001588 -0.02564390286736137 0.031628506661265481 0.0063393893025509695 -0.0048709968698941288
leaf_weight=10.514879345893862 7.3643278777599361 10.073464184999464 34.556857377290726 29.103381931781769 28.73929451406002 10.269616335630419 9.3454487472772616 7.7515973001718512 7.7923215329647055
leaf_count=43 30 42 142 122 120 42 39 32 32
internal_value=-0.000174682 0.00229525 -0.00141131 0.00796495 -0.00751063 -0.0110689 0.0173226 0.0228129 -0.0188087
internal_weight=155.511 126.934 102.473 39.1768 63.2962 28.5768 24.4614 17.097 18.0619
internal_count=644 527 426 164 262 117 101 71 74
is_linear=0
shrinkage=0.03


Tree=57
num_leaves=11
num_cat=0
split_feature=40 10 11 5 17 10 2 26 39 38
split_gain=4.67781 9.13214 8.8103 8.28759 5.27077 4.36136 4.07206 3.66931 3.60659 1.46449
threshold=-0.026855792150539345 0.0099472143646593975 -0.013782643952030492 -0.030729203355405296 4.2779924977754122 0.025812578814680912 0.016750782911162391 0.46763720150816929 1.0000000180025095e-35 0.010751563454349236
decision_type=2 2 2 2 2 2 2 2 2 2
left_child=8 2 3 -2 -4 7 -7 -3 -1 -10
right_child=1 5 4 -5 -6 6 -8 -9 9 -11
leaf_value=0.0018606885549437562 0.017358079278021864 -0.017771284548256442 0.026081880403459889 -0.019055733682573902 0 0.0090920606877325505 -0.0098180994479392606 0.0035390282306318071 -0.0050104909819121638 -0.026001314919764606
leaf_weight=10.514672935009004 7.2605373859405544 25.001922234892845 26.825677484273911 11.884778365492819 8.8319829255342466 25.305821523070335 14.042428404092787 7.6786534339189521 8.4794716686010378 9.5685622841119748
leaf_count=43 30 103 113 49 36 105 59 32 35 39
internal_value=-0.000162073 0.00224719 0.0113437 -0.00420138 0.0198683 -0.00459072 0.00183224 -0.0124163 -0.0107981 -0.0183711
internal_weight=155.395 126.832 54.803 19.1453 35.6577 72.0288 39.3482 32.6806 28.5627 18.048
internal_count=644 527 228 79 149 299 164 135 117 74
is_linear=0
shrinkage=0.03


Tree=58
num_leaves=9
num_cat=0
split_feature=40 5 21 24 7 2 39 38
split_gain=4.44701 7.65544 7.18491 6.3279 6.28184 3.86446 3.44827 1.38181
threshold=-0.026855792150539345 0.022031865358817519 0.022848159907133146 0.54223093371347131 0.004572155006463849 0.01869663968479918 1.0000000180025095e-35 0.010751563454349236
decision_type=2 2 2 2 2 2 2 2
left_child=6 3 4 5 -3 -2 -1 -8
right_child=1 2 -4 -5 -6 -7 7 -9
leaf_value=0.0018138205306964571 0.019389561853688071 0.014735917656728367 -0.02637841415573967 -0.008401380281469183 -0.005922989001067345 -0.0011491197891645435 -0.0048891736216715659 -0.025386488514051432
leaf_weight=10.514454394578935 36.590470910072327 16.36302275955677 9.1110574901103956 10.623438313603399 45.494032055139542 8.502856492996214 8.4788173288106936 9.5549298971891385
leaf_count=43 153 68 38 44 189 35 35 39
internal_value=-0.000162476 0.00218616 -0.0041635 0.0103978 0 0.0153139 -0.0105366 -0.0179483
internal_weight=155.233 126.685 70.9681 55.7168 61.8571 45.0933 28.5482 18.0337
internal_count=644 527 295 232 257 188 117 74
is_linear=0
shrinkage=0.03


Tree=59
num_leaves=10
num_cat=0
split_feature=37 10 11 5 10 9 12 34 38
split_gain=3.76828 8.07517 6.59962 8.20378 5.65779 5.65808 3.99649 3.89551 3.37154
threshold=-0.034142048158595555 0.0099472143646593975 -0.010205919072970136 -0.030729203355405296 0.026307834283104129 0.10321354814283866 39.345647552779951 0.015772012390786298 0.018335506995706574
decision_type=2 2 2 2 2 2 2 2 2
left_child=8 2 3 -2 7 -6 -4 -3 -1
right_child=1 4 6 -5 5 -7 -8 -9 -10
leaf_value=-0.024879240933875786 0.015839771302078302 -0.020457727468604778 -0.00130448853289223 -0.017558030305213666 0.0099009370530787136 -0.013493685774645025 0.019881983193551764 0 0
leaf_weight=7.9667198508977872 9.180702820420267 23.129863753914833 8.2776710391044599 13.793348386883734 27.106893301010132 11.439179465174673 35.011064291000366 11.493457242846487 7.6794509440660477
leaf_count=33 38 95 34 57 112 49 147 48 31
internal_value=-0.000177247 0.00136004 0.00889571 -0.00341155 -0.00531988 0.00226511 0.0156208 -0.0138364 -0.0133284
internal_weight=155.078 139.432 66.2628 22.9741 73.1694 38.5461 43.2887 34.6233 15.6462
internal_count=644 580 276 95 304 161 181 143 64
is_linear=0
shrinkage=0.03


Tree=60
num_leaves=7
num_cat=0
split_feature=34 9 40 37 19 19
split_gain=5.37067 5.63045 5.44966 5.18371 4.587 2.09662
threshold=0.035075048741410771 0.10537253847678443 -0.026855792150539345 0.038998721709414437 0.1109979873716353 0.080516301638339727
decision_type=2 2 2 2 2 2
left_child=1 2 4 -4 -1 -2
right_child=5 -3 3 -5 -6 -7
leaf_value=-0.023628507621275729 -0.026812285045880315 -0.015735714928917056 0.011203028618294265 -0.0031735876066009052 0.00039256061765457941 -0.0048696358433235366
leaf_weight=8.8756230622530001 6.9851863980293301 13.911514788866041 66.071037366986275 30.585496261715889 17.344871416687965 12.940492480993269
leaf_count=36 30 59 275 126 71 55
internal_value=-0.00116082 0.000932563 0.00316158 0.00652961 -0.00830534 -0.0149901
internal_weight=156.714 136.789 122.877 96.6565 26.2205 19.9257
internal_count=652 567 508 401 107 85
is_linear=0
shrinkage=0.03


Tree=61
num_leaves=10
num_cat=0
split_feature=28 16 18 23 12 33 11 17 11
split_gain=4.95545 5.74838 10.3286 5.34279 6.44803 11.8876 3.92778 2.10956 1.06475
threshold=7.5000000000000009 -35.964898005661531 0.65590110106737043 1.3125025497293223 43.08203637004484 0.42376651780887997 0.025319074596136474 -1.687220633788028 -0.01528633807180607
decision_type=2 2 2 2 2 2 2 2 2
left_child=1 -1 7 4 8 -6 -4 -3 -2
right_child=3 2 6 -5 5 -7 -8 -9 -10
leaf_value=-0.01797526847379961 -0.010306614373148072 0.0082209105565163552 -0.010486076082552585 0.013166366708086904 0.021153087447931682 -0.012342069804667451 0.0055321733764268771 0.028424728379933487 -0.03254760584815522
leaf_weight=7.7461245357990256 8.7898614406585711 13.48966805636883 23.320626690983772 7.9589931964874259 10.892808511853216 33.621183663606644 27.351064041256905 14.236340925097464 9.1194487214088422
leaf_count=32 36 56 96 33 46 140 115 60 38
internal_value=-0.00115682 0.00352293 0.00622796 -0.00703088 -0.0101677 -0.00326604 -0.00167336 0.020314 -0.0245171
internal_weight=156.526 86.1438 78.3977 70.3823 62.4233 44.514 50.6717 27.726 17.9093
internal_count=652 359 327 293 260 186 211 116 74
is_linear=0
shrinkage=0.03


Tree=62
num_leaves=9
num_cat=0
split_feature=9 28 21 33 15 21 19 4
split_gain=5.1258 6.50074 6.63558 6.86194 5.55774 5.64731 2.3693 0.728885
threshold=0.10537253847678443 7.5000000000000009 0.011949349101147476 0.68127738456353237 62.724109218633892 0.012082883239227927 0.17242809676787962 0.02986824641144881
decision_type=2 2 2 2 2 2 2 2
left_child=1 2 7 -4 5 -3 -2 -1
right_child=6 4 3 -5 -6 -7 -8 -9
leaf_value=0.031452355558441412 -0.02659419809361822 -0.03035058210934672 0.011639720732048242 -0.008216989266361616 0.011285019796083366 -0.0049197610823020809 -0.00092821793561759095 0.0095096580999860791
leaf_weight=7.2057308107614499 7.7306450605392438 8.3233873844146711 29.691699996590614 28.498915076255798 11.558012366294859 48.755782499909401 7.0010588765144348 7.6221871376037598
leaf_count=31 33 35 123 117 48 203 30 32
internal_value=-0.00112281 0.000621585 0.00685589 0.00171577 -0.00580466 -0.00978394 -0.0168622 0.023535
internal_weight=156.387 141.656 73.0185 58.1906 68.6372 57.0792 14.7317 14.8279
internal_count=652 589 303 240 286 238 63 63
is_linear=0
shrinkage=0.03


Tree=63
num_leaves=7
num_cat=0
split_feature=34 9 34 17 23 28
split_gain=5.05347 5.16923 4.02235 7.10453 6.05016 3.41096
threshold=0.035075048741410771 0.10537253847678443 0.0065176981779482288 0.53024632820421413 0.8925437614045667 7.5000000000000009
decision_type=2 2 2 2 2 2
left_child=1 2 4 -4 -1 -2
right_child=5 -3 3 -5 -6 -7
leaf_value=-0.012253453673374687 0 -0.015070470198443126 0.019915083192843783 -0.000969075820830023 0.0053211874481776762 -0.024644921254561913
leaf_weight=27.165786534547806 9.1317369788885134 13.83510349690914 25.714155614376068 28.034481972455978 41.676351934671402 10.655176684260367
leaf_count=111 38 59 108 116 173 47
internal_value=-0.00109304 0.000933424 0.00307288 0.00910917 -0.00155235 -0.0145566
internal_weight=156.213 136.426 122.591 53.7486 68.8421 19.7869
internal_count=652 567 508 224 284 85
is_linear=0
shrinkage=0.03


Tree=64
num_leaves=7
num_cat=0
split_feature=34 35 7 18 34 38
split_gain=4.81584 3.35552 3.17842 4.7069 4.3238 3.01359
threshold=0.035075048741410771 0.072375274151010541 0.012249905997802693 0.31181310294154779 0.011630323368040931 0.0086815023849377369
decision_type=2 2 2 2 2 2
left_child=1 2 3 -1 -4 -2
right_child=5 -3 4 -5 -6 -7
leaf_value=-0.0045889002483480105 0 0.018034032223753268 -0.012224832328802344 0.010014206344079391 0.0045168962099772598 -0.023297031556365807
leaf_weight=32.493035390973091 8.599509924650194 7.6020249873399726 33.73102430999279 42.752842888236046 19.701533287763596 11.114311963319777
leaf_count=135 36 32 140 178 82 49
internal_value=-0.00107619 0.000898609 -0.000259439 0.0035585 -0.00584101 -0.014244
internal_weight=155.994 136.28 128.678 75.2459 53.4326 19.7138
internal_count=652 567 535 313 222 85
is_linear=0
shrinkage=0.03


Tree=65
num_leaves=10
num_cat=0
split_feature=34 34 17 16 14 23 26 1 14
split_gain=5.64186 3.30913 3.94532 5.08973 3.69517 3.5439 2.02549 4.336 1.87546
threshold=0.031962219045386549 -0.022898439740971662 3.4901248580677415 9.455710424931338 46.620360154684938 1.0358312651203148 0.14400921658986179 -0.0033766954578143267 -3.1434630045487206
decision_type=2 2 2 2 2 2 2 2 2
left_child=1 5 4 -4 -3 8 -2 -8 -1
right_child=6 2 3 -5 -6 -7 7 -9 -10
leaf_value=0 0.0017098876938063086 0.018775156873639141 -0.010083702972931209 0.012990177481705429 0.0039368853404291885 0.0094250159741647074 0.00061748656301680038 -0.026233614495974368 -0.018771565044130054
leaf_weight=9.3043835461139697 8.5531501173973101 37.784541010856628 18.124816641211513 13.019420146942137 31.367632627487183 11.165899306535719 8.2142059504985827 9.3063697963953 8.9810441583395022
leaf_count=38 37 159 75 54 130 46 35 40 37
internal_value=0.00343406 0.00606632 0.0086562 0 0.0125551 -0.00226617 -0.00862925 -0.0141031 -0.0103701
internal_weight=155.821 129.748 100.296 31.1442 69.1522 29.4513 26.0737 17.5206 18.2854
internal_count=651 539 418 129 289 121 112 75 75
is_linear=0
shrinkage=0.03


Tree=66
num_leaves=9
num_cat=0
split_feature=5 19 37 3 36 3 1 21
split_gain=4.61954 6.16507 5.0126 5.50809 5.13065 6.01203 3.52426 2.46097
threshold=0.087206831912864616 0.18031641256181338 -0.01976475917694059 -0.035157110839239385 0.005862564149387974 0.016754859985258278 0.016836534068009782 0.017257791567449367
decision_type=2 2 2 2 2 2 2 2
left_child=2 7 3 -1 6 -6 -4 -2
right_child=1 -3 4 -5 5 -7 -8 -9
leaf_value=0.0085262833994048139 -0.023672651689818934 0.01286585052026391 0.020544278747103534 -0.018025057796542742 0.0092022820000939795 -0.010406280746442726 0.0016813543805130548 0
leaf_weight=10.494953393936159 12.008710443973547 7.1232121735811225 34.547872096300125 13.301945775747297 36.62624517083168 19.799922317266464 14.691823840141295 7.0588154792785636
leaf_count=43 51 30 146 56 153 81 61 30
internal_value=0.00333666 -0.00752692 0.00572957 -0.00598068 0.00856825 0.00194422 0.0154941 -0.0163554
internal_weight=155.654 26.1907 129.463 23.7969 105.666 56.4262 49.2397 19.0675
internal_count=651 111 540 99 441 234 207 81
is_linear=0
shrinkage=0.03


Tree=67
num_leaves=9
num_cat=0
split_feature=34 32 17 13 38 40 38 1
split_gain=5.32916 3.70501 5.63601 3.63325 3.5453 3.2549 2.41718 2.16058
threshold=0.031962219045386549 -0.0077583167875857608 -1.9398140476791601 8.7023397635651651 0.0086815023849377369 0.068238128596435424 0.010943607818574787 -0.026672670162319109
decision_type=2 2 2 2 2 2 2 2
left_child=1 2 7 5 -2 -3 -6 -1
right_child=4 3 -4 -5 6 -7 -8 -9
leaf_value=-0.0029352143414513132 0.002329931561394636 0.012699236408840226 -0.01913958570743568 -0.0065227036048302366 -0.028431027567692169 -0.0018713614778993217 -0.0016224664824326508 0.016332340794834095
leaf_weight=7.619854509830474 12.103437408804895 78.588828593492508 10.571423560380934 10.578268155455588 7.0143226683139783 13.990697398781775 6.8831081688404083 8.1406037807464617
leaf_count=31 51 328 44 44 31 58 30 34
internal_value=0.00324071 0.00580441 -0.00364354 0.00838215 -0.00849399 0.0103457 -0.0179714 0.00689078
internal_weight=155.491 129.49 26.3319 103.158 26.0009 92.5795 13.8974 15.7605
internal_count=651 539 109 430 112 386 61 65
is_linear=0
shrinkage=0.03


Tree=68
num_leaves=11
num_cat=0
split_feature=34 35 11 22 20 23 38 38 23 28
split_gain=5.05821 4.24663 9.19647 5.33069 5.34658 4.83119 3.41001 2.32137 2.24932 2.24406
threshold=0.031962219045386549 0.0033049891430081417 0.022723063973862593 -0.056911434975840162 0.020093077933347411 0.83001756831757356 0.0086815023849377369 0.010943607818574787 0.963927499442231 6.5000000000000009
decision_type=2 2 2 2 2 2 2 2 2 2
left_child=1 2 5 9 -5 -1 -2 -8 -4 -3
right_child=6 3 8 4 -6 -7 7 -9 -10 -11
leaf_value=-0.0087634481962084454 0.002269760048702411 0.028422764129611356 -0.026639427453351919 0.012871482132177299 -0.0067907615850276099 0.016474377253588711 -0.027947304139815068 -0.0015851312069732196 -0.0041645006957989547 0.010060521455129869
leaf_weight=7.3965586423873928 12.104575470089914 12.728390917181967 8.6684162765741366 21.270350575447083 24.051236718893051 20.851834654808044 6.957141846418379 6.8810124546289444 10.930749416351317 23.505627050995827
leaf_count=30 51 54 36 89 100 86 31 30 45 99
internal_value=0.00312381 0.00562323 -0.00118215 0.0097281 0.00227415 0.00922771 -0.00831671 -0.0176413 -0.0163456 0.0180525
internal_weight=155.346 129.403 47.8476 81.5556 45.3216 28.2484 25.9427 13.8382 19.5992 36.234
internal_count=651 539 197 342 189 116 112 61 81 153
is_linear=0
shrinkage=0.03


Tree=69
num_leaves=11
num_cat=0
split_feature=34 35 11 22 20 4 19 20 37 36
split_gain=4.81569 4.06092 8.74095 5.07384 5.06354 4.04304 3.39342 3.96735 2.30831 1.19803
threshold=0.031962219045386549 0.0033049891430081417 0.022723063973862593 -0.056911434975840162 0.020093077933347411 -0.0051373122635303128 0.1092766601192726 0.018942479616798531 0.040725238875908405 0.0066298260915324701
decision_type=2 2 2 2 2 2 2 2 2 2
left_child=1 2 5 8 -5 -1 7 -2 -3 -4
right_child=6 3 9 4 -6 -7 -8 -9 -10 -11
leaf_value=-0.0042354386458666347 -0.011319256909745406 0.022043257268146575 -0.0034729826688703665 0.012535197151048276 -0.0066016162322794338 0.017235378339587798 -0.022121913893523054 0.014497340497214425 0.0024841459294006368 -0.021954784450139656
leaf_weight=10.54284204542637 10.487985759973531 26.505499735474586 8.1616251766681689 21.239866122603416 24.055364996194839 17.662816300988197 8.0196011662483198 7.3760366886854163 9.6515113711357099 11.412856698036192
leaf_count=43 45 113 34 89 100 73 36 31 40 47
internal_value=0.00302662 0.00546825 -0.00118513 0.00948575 0.00220548 0.00896427 -0.00814384 0 0.0176193 -0.0159803
internal_weight=155.116 129.232 47.7801 81.4522 45.2952 28.2057 25.8836 17.864 36.157 19.5745
internal_count=651 539 197 342 189 116 112 76 153 81
is_linear=0
shrinkage=0.03


Tree=70
num_leaves=9
num_cat=0
split_feature=40 40 5 10 34 1 33 14
split_gain=5.63137 9.18946 5.17031 4.7183 4.60126 3.80059 5.02705 1.79209
threshold=0.069433268222667502 0.019376067742508888 0.060893020464900867 0.030429847803266522 0.018141509721199548 0.023569449679429869 0.38691287141559627 46.620360154684938
decision_type=2 2 2 2 2 2 2 2
left_child=1 5 7 -4 -2 6 -1 -3
right_child=4 2 3 -5 -6 -7 -8 -9
leaf_value=0.0012357868218916741 -0.029588867072211009 0.023162343089925635 -0.015801202267801819 0.010040518325585002 -0.0009323647070972953 0.012440598186318966 -0.014115768536933649 0.0026457201916846086
leaf_weight=33.60537026822567 7.9387848228216198 23.013617351651195 8.0463287681341189 15.241186797618864 12.865506097674368 8.2235802412033063 37.492924720048904 7.2446919679641715
leaf_count=141 33 97 34 64 55 34 158 30
internal_value=-0.000295642 0.00194201 0.0113996 0 -0.0141613 -0.00438117 -0.00681921 0.0191837
internal_weight=153.672 132.868 53.5458 23.2875 20.8043 79.3219 71.0983 30.2583
internal_count=646 558 225 98 88 333 299 127
is_linear=0
shrinkage=0.03


Tree=71
num_leaves=9
num_cat=0
split_feature=1 17 2 33 40 33 17 34
split_gain=5.42867 5.33444 6.46924 5.64592 5.29679 4.40907 3.31218 2.46709
threshold=0.032073421422488597 0.53024632820421413 -0.013333279464520063 0.2052054393395088 0.069433268222667502 0.30184788931361151 4.7595390785105574 0.014096847337023434
decision_type=2 2 2 2 2 2 2 2
left_child=1 2 3 -1 -4 -3 -7 -2
right_child=7 5 4 -5 -6 6 -8 -9
leaf_value=0.0062244627856002602 0.02596495152957284 0.0054325155208514468 0.014863082324125884 -0.016350776974966084 -0.0099079842436662156 -0.018529732265162784 -0.00039132705669701201 0.00024410744402470822
leaf_weight=15.261911883950232 7.4646825641393644 12.28600938618183 37.070467963814735 20.423569828271866 7.4470868855714789 31.528057172894478 14.904000133275984 7.1564116775989532
leaf_count=64 31 52 156 86 32 133 62 30
internal_value=-0.000285308 -0.00228754 0.00259004 -0.00647986 0.010149 -0.00906274 -0.0132739 0.0158224
internal_weight=153.542 138.921 80.203 35.6855 44.5176 58.7181 46.4321 14.6211
internal_count=646 585 338 150 188 247 195 61
is_linear=0
shrinkage=0.03


Tree=72
num_leaves=7
num_cat=0
split_feature=1 7 12 5 26 17
split_gain=5.18355 5.30076 6.59082 5.66878 5.26503 1.04209
threshold=0.032073421422488597 0.025371552062663644 66.500415371202038 0.074399751079461299 0.40486029122392764 -2.7653890811621245
decision_type=2 2 2 2 2 2
left_child=1 2 3 -1 -3 -4
right_child=-2 4 5 -5 -6 -7
leaf_value=-5.321753630814064e-05 0.015468601053851897 -0.025448604689835869 0.022389032779142875 -0.022354363220479567 0.0029152707744686179 0.0044196958459861392
leaf_weight=89.42155410349369 14.621911719441412 13.629465609788896 9.7083871513605136 9.7995373010635358 7.4579997807741156 8.831879794597624
leaf_count=376 61 58 41 42 31 37
internal_value=-0.000268096 -0.00222791 0.000220244 -0.00280215 -0.0153839 0.0158232
internal_weight=153.471 138.849 117.761 99.2211 21.0875 18.5403
internal_count=646 585 496 418 89 78
is_linear=0
shrinkage=0.03


Tree=73
num_leaves=9
num_cat=0
split_feature=40 40 14 15 32 1 33 20
split_gain=5.22892 8.54175 4.36781 4.38129 3.66484 3.44066 4.56635 2.33099
threshold=0.069433268222667502 0.019376067742508888 30.80213290817483 63.880536494357344 0.0011435109512912824 0.023569449679429869 0.38691287141559627 0.019773302555722756
decision_type=2 2 2 2 2 2 2 2
left_child=1 5 7 -4 -2 6 -1 -3
right_child=4 2 3 -5 -6 -7 -8 -9
leaf_value=0.0011413923458384709 0.00015614291362675098 0.0076506079696362648 -0.0064919065731349947 0.013591255571335642 -0.023038159819220465 0.011793946181470604 -0.01347594898219218 0.032575529674237699
leaf_weight=33.600977629423141 8.5510706603527087 10.169921681284906 16.567618519067764 17.735891774296761 12.186502560973166 8.2169455438852292 37.463933229446411 8.9086721390485746
leaf_count=141 36 43 69 75 52 34 158 38
internal_value=-0.000255501 0.00189715 0.0110353 0.00365519 -0.0136419 -0.00419136 -0.00651721 0.0219874
internal_weight=153.402 132.664 53.3821 34.3035 20.7376 79.2819 71.0649 19.0786
internal_count=646 558 225 144 88 333 299 81
is_linear=0
shrinkage=0.03


Tree=74
num_leaves=11
num_cat=0
split_feature=28 10 8 37 8 9 26 33 16 18
split_gain=4.93564 6.46749 9.15663 7.21693 6.30274 5.19302 5.19268 3.49711 3.22192 1.81832
threshold=2.5000000000000004 0.0099472143646593975 0.033043962975274351 -0.017821967987405481 0.054836402139181034 -0.066997285472278303 0.54950980392156878 0.81823750246986771 23.286735148534522 0.63621905998057271
decision_type=2 2 2 2 2 2 2 2 2 2
left_child=7 3 9 5 -4 -2 -5 -1 -9 -3
right_child=1 2 4 6 -6 -7 -8 8 -10 -11
leaf_value=0.024055720022204279 0.0042386312705625373 -0.0075341659596017607 0.014151038056567086 0.012797815776084376 -0.01473484779619153 -0.022450835590468714 -0.0099335711673131915 -0.0098043713988477162 0.014568768048235427 -0.027930312297366859
leaf_weight=9.4293187260627764 9.5427932590246218 10.310769855976107 14.90428537130356 45.608073368668556 9.1648816764354688 12.532750591635702 8.8427738398313505 8.3319676220417005 7.0479532480239859 17.580704584717751
leaf_count=41 39 43 63 194 39 52 37 35 30 73
internal_value=-0.00022706 -0.0027261 -0.0107476 0.00266439 0.00229008 -0.0108968 0.00861939 0.0113938 0.000892932 -0.0219008
internal_weight=153.296 128.487 51.9606 76.5264 24.0692 22.0755 54.4508 24.8092 15.3799 27.8915
internal_count=646 540 218 322 102 91 231 106 65 116
is_linear=0
shrinkage=0.03


Tree=75
num_leaves=6
num_cat=0
split_feature=1 37 10 10 10
split_gain=4.17393 5.73352 5.65819 4.6519 4.17903
threshold=0.043434853324049623 -0.044907785170008534 0.010499757975449666 0.0032703971172285411 0.026307834283104129
decision_type=2 2 2 2 2
left_child=1 -1 3 -3 -4
right_child=-2 2 4 -5 -6
leaf_value=-0.02315562606009618 0.017348905264941102 0.0012399948869485614 -0.013354650814513378 0.020491433373302274 0.00067063023753273466
leaf_weight=8.7767087221145612 8.6240297853946668 52.584505572915077 34.694393187761307 13.256913527846335 35.574017554521561
leaf_count=37 36 223 145 56 151
internal_value=-0.000673576 -0.00207006 -0.000286164 0.00582713 -0.00622461
internal_weight=153.511 144.887 136.11 65.8414 70.2684
internal_count=648 612 575 279 296
is_linear=0
shrinkage=0.03


Tree=76
num_leaves=11
num_cat=0
split_feature=28 10 12 10 5 40 20 20 12 35
split_gain=7.0993 5.91985 10.9779 6.0263 4.1643 3.3589 2.73555 2.28378 2.25969 2.73981
threshold=2.5000000000000004 0.010499757975449666 44.810033422321574 0.032864309397890319 0.10651512901156691 0.018620239876719461 0.02095864681804047 0.017079212288917869 72.935945633314063 -0.019946893251553795
decision_type=2 2 2 2 2 2 2 2 2 2
left_child=8 2 6 7 -5 -4 -2 -3 9 -1
right_child=1 3 5 4 -6 -7 -8 -9 -10 -11
leaf_value=0.031290491631237656 -0.01936527282895292 -0.0030186990210629523 0.0036051881601780462 0.013471503908796508 -0.012986479909215441 0.022901586640548911 -0.002297549669645732 -0.022763934389060374 0 0.0042695904921619442
leaf_weight=7.2537833005189922 12.97536727786064 9.7034228891134244 20.392693251371384 10.922655493021013 6.887736812233924 16.12738724052906 26.61270834505558 25.206097334623337 8.4565010815858823 8.8865989148616809
leaf_count=31 55 41 86 46 30 69 111 105 36 38
internal_value=-0.000643803 -0.00359896 0.00160207 -0.0111656 0.00220426 0.0132626 -0.0089146 -0.0181429 0.0133768 0.0193511
internal_weight=153.425 128.828 76.1082 52.7199 17.8104 36.5201 39.5881 34.9095 24.5969 16.1404
internal_count=648 543 321 222 76 155 166 146 105 69
is_linear=0
shrinkage=0.03


Tree=77
num_leaves=6
num_cat=0
split_feature=28 9 9 10 23
split_gain=6.78626 5.73189 4.87949 7.58708 3.27793
threshold=2.5000000000000004 0.10537253847678443 0.083596480577633789 0.010499757975449666 0.9840024934312116
decision_type=2 2 2 2 2
left_child=4 2 3 -2 -1
right_child=1 -3 -4 -5 -6
leaf_value=0 0.0017179198957458833 -0.024383143521349883 0.015435699037226296 -0.014802221001481698 0.022019065660213277
leaf_weight=11.057407215237619 73.554505795240402 8.9514395892620069 11.447506025433539 34.733032584190369 13.487018600106238
leaf_count=47 310 40 48 145 58
internal_value=-0.000615439 -0.00350758 -0.00144874 -0.00361722 0.0131047
internal_weight=153.231 128.686 119.735 108.288 24.5444
internal_count=648 543 503 455 105
is_linear=0
shrinkage=0.03


Tree=78
num_leaves=7
num_cat=0
split_feature=22 22 36 36 26 20
split_gain=4.70334 5.05054 3.02306 4.78527 2.94066 0.999244
threshold=-0.38325480471395518 -0.27116372902979202 0.0039385476318964108 0.0048082970537648559 0.287784679089027 0.022893962859237362
decision_type=2 2 2 2 2 2
left_child=4 -2 5 -4 -1 -3
right_child=1 2 3 -5 -6 -7
leaf_value=0 -0.01907397629082808 -0.019447002135249639 0.015392207454895664 -0.0013134488951059634 0.024710543544572187 -0.0012566641889182788
leaf_weight=7.289058178663252 12.832062944769858 7.1425487101078016 16.186816945672035 94.64077390730381 7.9284060597419739 7.0635884553194046
leaf_count=31 54 30 71 398 34 30
internal_value=-0.00059051 -0.00249588 -0.000402905 0.00122313 0.0140852 -0.0125992
internal_weight=153.083 137.866 125.034 110.828 15.2175 14.2061
internal_count=648 583 529 469 65 60
is_linear=0
shrinkage=0.03


Tree=79
num_leaves=7
num_cat=0
split_feature=22 22 1 19 36 26
split_gain=4.48661 4.787 2.90224 3.65163 3.25529 2.81556
threshold=-0.38325480471395518 -0.27116372902979202 0.020712666479167145 0.10046951927064814 0.0039385476318964108 0.287784679089027
decision_type=2 2 2 2 2 2
left_child=5 -2 4 -4 -3 -1
right_child=1 2 3 -5 -6 -7
leaf_value=0 -0.018580560936037958 -0.016106274162638851 0.021473421627629614 -4.1353845487699619e-06 -0.00046678617060065737 0.024185279100992271
leaf_weight=7.289058178663252 12.830765023827551 12.363218426704405 9.0665128976106661 16.203706175088882 87.354496359825134 7.90142522752285
leaf_count=31 54 52 38 68 371 34
internal_value=-0.000576789 -0.00243924 -0.000397571 0.00816131 -0.00283183 0.0137659
internal_weight=153.009 137.819 124.988 25.2702 99.7177 15.1905
internal_count=648 583 529 106 423 65
is_linear=0
shrinkage=0.03


Tree=80
num_leaves=10
num_cat=0
split_feature=2 12 1 6 1 18 11 6 37
split_gain=3.92323 5.10982 3.50998 4.26656 3.35028 5.17079 2.12362 3.03127 1.81117
threshold=0.012452743086035058 66.500415371202038 0.03046215143158593 0.028248512180601176 0.012826615388638054 0.63621905998057271 -0.025804641326104379 0.011438647933614694 0.037509077078995319
decision_type=2 2 2 2 2 2 2 2 2
left_child=1 4 6 -4 5 -1 -2 -8 -3
right_child=2 8 3 -5 -6 -7 7 -9 -10
leaf_value=0.0014656141843625362 0.0010451240745856494 0.025104111227547268 0.019415863553714118 -0.0088871486277238287 0.015360659045639198 -0.017810875521110651 0 -0.020617155365854605 0.0022474690788238977
leaf_weight=56.802415773272514 7.3996022045612326 9.3887519389390963 7.1009478569030744 7.601224958896637 8.9380099028348905 13.641245633363722 9.9103439003229159 21.50625342130661 7.0662804096937171
leaf_count=242 31 40 30 32 38 57 42 91 30
internal_value=-0.000327566 0.00318789 -0.00678103 0.00457277 0 -0.00244884 -0.0114623 -0.0147433 0.0174088
internal_weight=149.355 95.8367 53.5184 14.7022 79.3817 70.4437 38.8162 31.4166 16.455
internal_count=633 407 226 62 337 299 164 133 70
is_linear=0
shrinkage=0.03


Tree=81
num_leaves=7
num_cat=0
split_feature=36 36 20 35 7 33
split_gain=3.37685 4.78856 8.03565 4.0372 5.43325 3.09604
threshold=0.0043669078097858258 0.0049452748353442212 0.018776204528405682 0.074884704637423374 0.012249905997802693 0.28704035822553403
decision_type=2 2 2 2 2 2
left_child=5 2 -2 4 -3 -1
right_child=1 3 -4 -5 -6 -7
leaf_value=0.0011594032505353644 0.029553128246664943 0.0024523166100707933 -0.0039435829204681055 0.017396740516626572 -0.011483195403739328 -0.020130006087926783
leaf_weight=8.5279076844453829 11.148665755987169 60.87825708091259 10.50231149792671 7.5024524480104438 38.976709589362144 11.707789048552511
leaf_count=36 49 258 45 32 163 50
internal_value=-0.000300745 0.0014369 0.0137111 -0.00110678 -0.00295858 -0.0111861
internal_weight=149.244 129.008 21.651 107.357 99.855 20.2357
internal_count=633 547 94 453 421 86
is_linear=0
shrinkage=0.03


Tree=82
num_leaves=13
num_cat=0
split_feature=2 38 13 15 36 1 0 28 38 13 36 34
split_gain=3.61778 4.97148 6.78253 3.39424 4.43133 3.35802 10.4429 3.03249 2.03782 2.57678 1.8626 1.78217
threshold=0.012452743086035058 0.0090597745299071282 -3.8387290858840646 30.998899429587212 0.0052260808517211694 0.03046215143158593 0.024550922641284337 5.5000000000000009 0.011127670662910273 -1.9184682985791388 0.0060038208782324642 0.001982249704764905
decision_type=2 2 2 2 2 2 2 2 2 2 2 2
left_child=1 2 11 4 -3 8 -7 -5 9 -2 -4 -1
right_child=5 3 10 7 -6 6 -8 -9 -10 -11 -12 -13
leaf_value=-0.014025472010747176 0 0.0057523102279760357 0.02653305051091704 -0.0052074563912667855 -0.016604296347180841 0.026546825029072695 -0.018108669107023807 0.015659514717001617 0 -0.019788846977544221 0.0078795354252371146 0.0034443377799737475
leaf_weight=7.2971728891134253 7.0730920284986487 9.6577147543430346 14.072041660547258 9.3138883560895938 21.259942829608917 7.6294628232717496 7.045740932226181 10.876513481140135 10.28597643971443 21.376457452774051 14.661117836832998 8.5521330535411817
leaf_count=30 30 41 62 40 90 32 30 46 43 91 62 36
internal_value=-0.000279886 0.00309382 0.0102758 -0.0030397 -0.00923991 -0.00648842 0.00460716 0.00575579 -0.0110801 -0.0149824 0.0186353 -0.00442886
internal_weight=149.101 95.6905 44.5825 51.1081 30.9177 53.4107 14.6752 20.1904 38.7355 28.4495 28.7332 15.8493
internal_count=633 407 190 217 131 226 62 86 164 121 124 66
is_linear=0
shrinkage=0.03


Tree=83
num_leaves=10
num_cat=0
split_feature=2 12 10 12 23 12 37 25 6
split_gain=3.42518 4.77702 5.81011 5.26286 2.95339 2.59947 4.24263 3.69501 1.83315
threshold=0.012452743086035058 66.500415371202038 0.012182410067019147 50.868946376382873 0.88324027200385369 48.802008608321387 0.059808244249292992 0.094721889952153124 0.0010201002737364585
decision_type=2 2 2 2 2 2 2 2 2
left_child=1 2 3 -1 -4 -2 7 -7 -3
right_child=5 8 4 -5 -6 6 -8 -9 -10
leaf_value=0 -0.017277523254732793 0.025007109677367436 -0.023269989178504681 0.020654767804754032 -0.0014481362370846302 0.015014871690928831 -0.019008111547285336 -0.0043780406268984773 0.0023444336692959771
leaf_weight=42.429024770855904 12.705873772501944 8.8567011505365389 9.6626095771789569 12.706647902727125 14.39093506336212 12.106012687087057 8.1987883299589139 20.371722638607025 7.5090609341859809
leaf_count=181 53 38 41 55 60 51 36 86 32
internal_value=-0.000258567 0.00302453 0 0.00518756 -0.0119034 -0.00630318 -0.00187466 0.00286723 0.0168132
internal_weight=148.937 95.555 79.1892 55.1357 24.0535 53.3824 40.6765 32.4777 16.3658
internal_count=633 407 337 236 101 226 173 137 70
is_linear=0
shrinkage=0.03


Tree=84
num_leaves=11
num_cat=0
split_feature=40 5 9 33 40 21 40 20 4 26
split_gain=3.30176 5.03192 4.40536 4.72625 4.09005 3.28623 11.3188 5.96802 3.17651 0.237745
threshold=-0.026855792150539345 0.05600565138490788 0.075192642410200281 0.88559588439583259 -0.062179827777772582 0.020073536500906725 0.018028361245631789 0.0281905351512006 0.030319928986014547 0.21089696071163827
decision_type=2 2 2 2 2 2 2 2 2 2
left_child=4 5 8 -4 -1 6 -2 -7 -3 -6
right_child=1 2 3 -5 9 7 -8 -9 -10 -11
leaf_value=0.0043063799746517013 -0.0011718390200157087 -0.027298374491124874 0.017373570618328241 -0.0068082818148330225 -0.022922499144000515 -0.021724168814066261 0.024209093978912941 0.010215991625547535 -0.0018759690403601255 -0.0068923491665455168
leaf_weight=9.4750175923109072 34.556012436747551 9.144312724471094 9.3500683307647723 17.617868781089783 9.1411054283380526 7.6439076215028789 25.378731176257133 9.1587332636117917 10.172628715634344 7.181577891111373
leaf_count=39 146 40 40 76 39 32 109 39 43 30
internal_value=-0.000253352 0.001728 -0.0057664 0.00167866 -0.00968601 0.00647047 0.00976797 -0.00428176 -0.0160463 -0.0182105
internal_weight=148.82 123.022 46.2849 26.9679 25.7977 76.7374 59.9347 16.8026 19.3169 16.3227
internal_count=633 525 199 116 108 326 255 71 83 69
is_linear=0
shrinkage=0.03


Tree=85
num_leaves=9
num_cat=0
split_feature=15 28 11 3 36 11 32 4
split_gain=5.34558 6.18184 6.0663 6.98004 6.2222 3.81301 2.56881 2.47218
threshold=-53.696127201347025 2.5000000000000004 0.031570810986943705 0.025176682889288652 0.0043669078097858258 0.050585056857346829 -0.0038873903308933029 0.039515331925711446
decision_type=2 2 2 2 2 2 2 2
left_child=6 5 3 -3 -4 7 -1 -2
right_child=1 2 4 -5 -6 -7 -8 -9
leaf_value=0 0.029585348120980414 -0.0033250172493939434 -0.017378841989739127 -0.026819616289592157 0.009233198486238766 -0.0032446451673033686 0.021768741594156083 0.0044280586618216343
leaf_weight=7.2572251707315472 8.6211793720722252 43.041637942194939 7.6628237962722769 14.899851426482199 38.016515225172043 7.9803429543972006 13.898523300886152 8.9657547324895841
leaf_count=30 38 182 33 62 161 34 58 38
internal_value=0.0017177 -0.000541622 -0.00394297 -0.0103103 0.00391263 0.0119854 0.0150172 0.0192878
internal_weight=150.344 129.188 103.621 57.9415 45.6793 25.5673 21.1557 17.5869
internal_count=636 548 438 244 194 110 88 76
is_linear=0
shrinkage=0.03


Tree=86
num_leaves=9
num_cat=0
split_feature=28 8 5 13 9 40 9 4
split_gain=3.75253 3.54542 3.40486 9.68094 5.95274 4.54864 4.91397 2.29117
threshold=2.5000000000000004 0.040150705886942119 0.022031865358817519 -3.7269276227581254 0.052565650188167522 0.0091644943671407315 -0.066997285472278303 0.003803733971164736
decision_type=2 2 2 2 2 2 2 2
left_child=1 -1 5 -4 -5 6 -2 -7
right_child=2 -3 3 4 -6 7 -8 -9
leaf_value=0.021355406943740007 0.013113429601767432 0 -0.027716013860359084 -0.012534422303200036 0.010092880977709417 0.022075549279602442 -0.0070156168803324889 0.0014337737560065854
leaf_weight=13.285303622484209 12.91647060215473 12.206904575228689 12.058298647403715 15.146158277988432 24.476230606436729 12.392829000949861 37.432258322834969 10.263308525085447
leaf_count=58 53 52 51 64 104 54 157 43
internal_value=0.00167114 0.0117258 -0.000418823 -0.00628412 0.000896255 0.00359013 -0.00126145 0.0142079
internal_weight=150.178 25.4922 124.686 51.6807 39.6224 73.0049 50.3487 22.6561
internal_count=636 110 526 219 168 307 210 97
is_linear=0
shrinkage=0.03


Tree=87
num_leaves=8
num_cat=0
split_feature=15 28 9 36 8 9 32
split_gain=4.98217 5.63605 5.54591 6.26081 3.38706 2.68534 2.47052
threshold=-53.696127201347025 2.5000000000000004 -0.0080411362119682545 0.0043669078097858258 0.040150705886942119 -0.051012187751593906 -0.0038873903308933029
decision_type=2 2 2 2 2 2 2
left_child=6 4 5 -4 -2 -3 -1
right_child=1 2 3 -5 -6 -7 -8
leaf_value=0 0.020884984103917755 0 -0.017330323481425495 0.0040027283245377436 0 -0.021810101253512383 0.021125020257917643
leaf_weight=7.2555049210786846 13.223009765148165 7.2785412520170238 13.117115348577498 66.310179799795151 12.206904575228689 16.768825054168701 13.851213276386259
leaf_count=30 58 30 56 280 52 72 58
internal_value=0.00163327 -0.000546227 -0.00379599 0 0.0114429 -0.0158106 0.0144884
internal_weight=150.011 128.905 103.475 79.4273 25.4299 24.0474 21.1067
internal_count=636 548 438 336 110 102 88
is_linear=0
shrinkage=0.03


Tree=88
num_leaves=9
num_cat=0
split_feature=15 28 11 3 0 11 4 34
split_gain=4.73469 5.35817 5.53066 6.72182 6.55269 3.60105 2.34613 2.25542
threshold=-53.696127201347025 2.5000000000000004 0.031570810986943705 0.025176682889288652 -0.012995585847879463 0.050585056857346829 0.025454681764715773 1.0000000180025095e-35
decision_type=2 2 2 2 2 2 2 2
left_child=7 5 3 -3 -4 6 -2 -1
right_child=1 2 4 -5 -6 -7 -8 -9
leaf_value=0.022659548318995075 0.030862157157124325 -0.0029535523449433008 -0.018111241629730632 -0.026009463089159884 0.0092584470402535101 -0.0035381191264080864 0.0058833186018131603 0.0015985972927719154
leaf_weight=10.864088281989099 6.6068250834941926 42.999554872512817 7.6271110028028479 14.846697613596914 37.950348034501076 7.9684696793556204 10.791490316390989 10.208567768335341
leaf_count=45 30 182 32 62 162 34 46 43
internal_value=0.00158735 -0.000534832 -0.0037047 -0.00979313 0.00379422 0.0111673 0.018346 0.0141298
internal_weight=149.863 128.79 103.424 57.8463 45.5775 25.3668 17.3983 21.0727
internal_count=636 548 438 244 194 110 76 88
is_linear=0
shrinkage=0.03


Tree=89
num_leaves=8
num_cat=0
split_feature=15 9 36 7 33 7 17
split_gain=4.51464 5.10565 6.00407 5.98419 2.61756 2.24865 1.36209
threshold=-53.696127201347025 -0.0080411362119682545 0.0043669078097858258 0.0059651152236693877 0.27652799462271821 -0.0031777607426659088 -0.98819266765709191
decision_type=2 2 2 2 2 2 2
left_child=5 4 6 -4 -2 -1 -3
right_child=1 2 3 -5 -6 -7 -8
leaf_value=0.00062410617198791862 -0.00083161437316291392 -0.022253634706762334 0.014330678103785887 -0.0009292320699921463 -0.020872743281665163 0.02165601831189827 -0.0014156527513357758
leaf_weight=9.376314505934717 12.839503541588785 7.110348716378212 37.116429805755615 51.980562210083008 12.648531481623648 11.670312687754629 6.960855156183241
leaf_count=39 55 30 160 219 54 49 30
internal_value=0.00154928 -0.000521331 0.00237696 0.00543821 -0.0121178 0.0138044 -0.0143377
internal_weight=149.703 128.656 103.168 89.097 25.488 21.0466 14.0712
internal_count=636 548 439 379 109 88 60
is_linear=0
shrinkage=0.03


Tree=90
num_leaves=8
num_cat=0
split_feature=36 36 35 16 13 12 26
split_gain=5.94995 5.03851 5.95118 3.68615 3.44023 0.22091 0.219903
threshold=0.0043669078097858258 0.0048082970537648559 0.076420888291436465 -18.819552188201236 -7.6927053710184365 52.843547295083766 0.31612258494337114
decision_type=2 2 2 2 2 2 2
left_child=3 6 4 -1 -3 -5 -2
right_child=1 2 -4 5 -6 -7 -8
leaf_value=0.0023807632020053314 0.02486318638926709 -0.014367817992557798 0.023575660797401359 -0.026659031576405035 0.00083388050951775877 -0.0086783083283432441 0.007278202326172674
leaf_weight=7.2682019174098995 6.7321217507123929 13.357829198241232 7.4892503321170798 7.8004438877105695 94.85656650364399 7.2015258073806763 6.6621899306774139
leaf_count=31 30 56 32 33 402 31 30
internal_value=0.000390685 0.00300521 0.000712159 -0.0131461 -0.00113317 -0.020946 0.0191729
internal_weight=151.368 129.098 115.704 22.2702 108.214 15.002 13.3943
internal_count=645 550 490 95 458 64 60
is_linear=0
shrinkage=0.03


Tree=91
num_leaves=9
num_cat=0
split_feature=36 2 2 23 21 36 10 35
split_gain=5.68087 5.39537 6.34775 5.99223 3.94182 3.81681 3.12391 3.33157
threshold=0.0043669078097858258 -0.013333279464520063 0.016750782911162391 1.0358312651203148 0.015868185756114667 0.0076324751644798175 -0.027590356894803377 0.019128282360766694
decision_type=2 2 2 2 2 2 2 2
left_child=4 6 3 -3 -1 -4 -2 -8
right_child=1 2 5 -5 -6 -7 7 -9
leaf_value=-0.02340624953179507 0.0068865418128503586 0.0066199750764428314 0.0030162871122919712 0.030376573257248993 0 -0.016029623811743242 -0.022569372555984766 0
leaf_weight=11.777740254998209 7.3599864095449474 42.950697839260101 32.873878389596939 12.212275147438048 10.472610875964163 10.735568806529043 12.182601675391199 10.686510398983954
leaf_count=50 31 183 139 54 45 45 52 46
internal_value=0.000385909 0.00294357 0.00640389 0.0130205 -0.012844 -0.00184078 -0.00759325 -0.0130355
internal_weight=151.252 129.002 98.7724 55.163 22.2504 43.6094 30.2291 22.8691
internal_count=645 550 421 237 95 184 129 98
is_linear=0
shrinkage=0.03


Tree=92
num_leaves=11
num_cat=0
split_feature=36 2 2 23 19 16 16 10 40 9
split_gain=5.38733 5.11181 6.03648 5.78271 4.97593 3.83754 3.51105 2.65659 1.01916 0.784622
threshold=0.0043669078097858258 -0.013333279464520063 0.016750782911162391 0.90073081191123372 0.11365115464385633 14.915773544020812 -18.819552188201236 0.00050963079914689857 0.018028361245631789 0.006548526088382447
decision_type=2 2 2 2 2 2 2 2 2 2
left_child=6 4 3 -3 9 -4 -1 -6 -8 -2
right_child=1 2 5 -5 7 -7 8 -9 -10 -11
leaf_value=0.0025626232699612716 -0.026061742652286165 0.0024301457719882198 -0.0091202654387065544 0.022401661335604856 0.014830802111960301 0.0080547350235019629 -0.027813168354013814 -0.0069900534091523634 -0.0063952579090323942 -0.0063261307645260789
leaf_weight=7.2623447626829174 7.3019097298383731 28.71905928850174 25.961100861430168 26.34701780974865 7.8620193749666196 17.646033674478531 7.6041863411664945 7.498674288392067 7.3544439971446991 7.5540119260549545
leaf_count=31 32 122 109 115 33 75 32 32 32 32
internal_value=0.000370278 0.00286428 0.00623704 0.0126988 -0.00738745 -0.0017929 -0.0125185 0.00373634 -0.0201636 -0.0188577
internal_weight=151.111 128.89 98.6732 55.0661 30.2166 43.6071 22.221 15.3607 14.9586 14.8559
internal_count=645 550 421 237 129 184 95 65 64 64
is_linear=0
shrinkage=0.03


Tree=93
num_leaves=6
num_cat=0
split_feature=35 36 34 26 4
split_gain=5.59179 5.06948 4.41397 4.59768 2.85684
threshold=0.074884704637423374 0.0037357669776731041 0.031962219045386549 0.14400921658986179 0.068640014243982042
decision_type=2 2 2 2 2
left_child=1 -1 4 -4 -3
right_child=-2 2 3 -5 -6
leaf_value=-0.018007730153944988 0.020091212938083382 0.0050605603344636976 0.0044330811105192042 -0.02285472054863856 -0.0080738147053768146
leaf_weight=12.590903326869009 9.9887930601835233 94.783528566360474 7.248589456081393 11.311921492218969 15.028985783457754
leaf_count=54 43 401 32 51 64
internal_value=0.000341085 -0.00121499 0.000567982 -0.0120737 0.00301657
internal_weight=150.953 140.964 128.373 18.5605 109.813
internal_count=645 602 548 83 465
is_linear=0
shrinkage=0.03


Tree=94
num_leaves=6
num_cat=0
split_feature=35 36 34 26 35
split_gain=5.32965 4.84871 4.81378 4.43193 2.47687
threshold=0.074884704637423374 0.003433126469770014 0.031962219045386549 0.14400921658986179 0.013860247276322292
decision_type=2 2 2 2 2
left_child=1 -1 4 -4 -3
right_child=-2 2 3 -5 -6
leaf_value=-0.020489136552936986 0.019620363518062647 -0.0015100850433070441 0.0033772867983644047 -0.023122012411801961 0.0070920386881559543
leaf_weight=8.8581183254718763 9.969930633902548 55.202812895178795 7.4494211226701763 11.698501169681547 57.615695878863335
leaf_count=38 43 232 33 53 246
internal_value=0.000320516 -0.00119644 0.000273145 -0.0127589 0.00279934
internal_weight=150.794 140.825 131.966 19.1479 112.819
internal_count=645 602 564 86 478
is_linear=0
shrinkage=0.03


Tree=95
num_leaves=7
num_cat=0
split_feature=9 33 28 32 37 23
split_gain=6.79934 6.41704 4.43914 5.34797 4.41159 1.80127
threshold=0.10537253847678443 0.85905596555965569 2.5000000000000004 1.0000000180025095e-35 0.040725238875908405 0.950490474222764
decision_type=2 2 2 2 2 2
left_child=1 2 -1 -4 5 -3
right_child=-2 4 3 -5 -6 -7
leaf_value=0.011574517191564585 -0.021821951478105946 0.0048023160363692644 0.0004593809578246782 -0.0130851117294898 -0.0017143062389310094 0.029078167023466217
leaf_weight=12.349964112043379 13.088447213172911 7.143239811062819 50.984270617365837 47.701369017362595 10.824917554855345 9.2521170377731305
leaf_count=55 58 30 217 202 46 40
internal_value=-0.00267411 -0.000469144 -0.00380335 -0.00606847 0.0119477 0.020989
internal_weight=151.344 138.256 111.036 98.6856 27.2203 16.3954
internal_count=648 590 474 419 116 70
is_linear=0
shrinkage=0.03


Tree=96
num_leaves=8
num_cat=0
split_feature=9 12 37 10 12 7 5
split_gain=6.50676 5.19464 3.18755 5.74713 3.90332 2.98654 4.57555
threshold=0.10115059471569711 62.323699720814822 0.042299513340600788 0.024001099407548691 71.794509918646426 0.030106779216447933 0.022031865358817519
decision_type=2 2 2 2 2 2 2
left_child=1 5 3 -3 -4 6 -1
right_child=-2 2 4 -5 -6 -7 -8
leaf_value=-0.0011463764304731089 -0.020320595888653831 -0.0018184511822902593 0.010359458948819303 0.027027100728306559 -0.015914656073047595 0.011868908620826957 -0.016088716445029246
leaf_weight=65.787439122796059 14.631706982851027 8.6108352690935153 9.4819876551628131 13.105490043759344 7.0250326097011557 7.2365639507770529 25.31882543861866
leaf_count=281 65 37 41 57 30 30 107
internal_value=-0.00258681 -0.000312685 0.00868349 0.0157681 -0.000523213 -0.00406214 -0.00571642
internal_weight=151.198 136.566 38.2233 21.7163 16.507 98.3428 91.1063
internal_count=648 583 165 94 71 418 388
is_linear=0
shrinkage=0.03


Tree=97
num_leaves=7
num_cat=0
split_feature=14 28 32 35 35 35
split_gain=4.79622 4.59273 4.11948 5.09382 3.16816 2.82004
threshold=112.33265448925614 2.5000000000000004 0.0078837635855507644 0.043722797556203126 -0.019336587164372639 0.010082889308128619
decision_type=2 2 2 2 2 2
left_child=1 4 5 -4 -1 -3
right_child=-2 2 3 -5 -6 -7
leaf_value=0.022920431432743658 -0.019968736844435932 -0.0072537946785070388 -0.002295798634139313 -0.028895215354608456 0 0.0037040010033293053
leaf_weight=9.2057262957096118 11.044115990400313 29.549274161458015 19.691192671656612 9.2109021395444852 10.352254241704939 61.995565965771675
leaf_count=40 49 124 83 40 46 266
internal_value=-0.00251693 -0.000772787 -0.0031079 -0.0125797 0.0118663 0
internal_weight=151.049 140.005 120.447 28.9021 19.558 91.5448
internal_count=648 599 513 123 86 390
is_linear=0
shrinkage=0.03


Tree=98
num_leaves=11
num_cat=0
split_feature=11 38 15 11 4 38 21 1 34 8
split_gain=3.71969 5.56344 6.39749 5.46711 4.67874 4.61468 6.35414 4.51906 4.21827 2.67603
threshold=0.052434952518242935 0.009128463968254898 -55.840728945434265 0.025319074596136474 0.01041259186097865 0.0077445692380284066 0.019459219207217743 0.0069143629242959257 0.011892047158507559 -0.027772286100860105
decision_type=2 2 2 2 2 2 2 2 2 2
left_child=1 3 9 4 -1 -2 -7 -5 -4 -3
right_child=5 2 8 7 -6 6 -8 -9 -10 -11
leaf_value=0.010945689522539138 -0.028777985015901571 -0.0032929253461486002 -0.021717082465725474 0.028956308527729881 -0.010420775304104828 0.013052006319207799 -0.016135057021033541 0.0020054090968428875 -0.0019929838514199001 0.015951734654590467
leaf_weight=14.006865248084067 7.9059392958879497 9.9546786695718783 21.036957666277885 11.719669461250307 19.395768895745277 9.8112166225910205 13.089438855648039 12.20526038110256 20.916154071688652 10.892963558435438
leaf_count=61 34 42 88 51 83 42 57 52 92 46
internal_value=-0.00245886 0 -0.00609048 0.00662431 -0.000925195 -0.0114118 -0.00298421 0.0170013 -0.0127629 0.0066221
internal_weight=150.935 120.128 62.8008 57.3276 33.4026 30.8066 22.9007 23.9249 41.9531 20.8476
internal_count=648 515 268 247 144 133 99 103 180 88
is_linear=0
shrinkage=0.03


Tree=99
num_leaves=7
num_cat=0
split_feature=9 33 36 32 34 34
split_gain=5.89815 5.81664 4.46897 4.13723 3.77159 1.05764
threshold=0.10537253847678443 0.85905596555965569 0.0093892411730303032 0.0070701700173289037 0.0084672293851539866 0.024050874637299716
decision_type=2 2 2 2 2 2
left_child=1 2 3 -1 -3 -6
right_child=-2 4 -4 -5 5 -7
leaf_value=-0.001603226155049762 -0.020377796842522337 0 0.016210422083047134 -0.015582539095531834 0.028815968875564771 0.0064170471901797465
leaf_weight=78.764347389340401 12.849097311496733 12.783162847161295 7.2396551668643943 24.813632562756538 7.4312594383954984 6.8770776689052582
leaf_count=337 58 54 31 106 32 30
internal_value=-0.0023922 -0.000341912 -0.00352364 -0.005326 0.0115048 0.0210773
internal_weight=150.758 137.909 110.818 103.578 27.0915 14.3083
internal_count=648 590 474 443 116 62
is_linear=0
shrinkage=0.03


Tree=100
num_leaves=11
num_cat=0
split_feature=28 21 14 37 15 21 23 26 14 18
split_gain=4.28704 5.8113 6.25354 4.02968 3.34735 6.10504 3.01845 2.68769 1.84982 1.1888
threshold=7.5000000000000009 0.011949349101147476 -7.1516265796590224 0.047442301720231124 30.998899429587212 0.013579171012898275 1.2365211950583899 0.50337837837837851 49.01463410862835 0.38349515026728753
decision_type=2 2 2 2 2 2 2 2 2 2
left_child=1 8 9 -4 6 -6 7 -2 -1 -3
right_child=4 2 3 -5 5 -7 -8 -9 -10 -11
leaf_value=0.030346842427978131 -0.008409517507912613 0.0032118364092337723 -0.010120590471595803 0.0074376708958136068 -0.013309476769998576 0.015120533655169117 0.0041992620667135041 -0.030092507880468751 0.0066544289332780898 0.023727233499981557
leaf_weight=6.4285479933023479 26.300868660211563 7.2085972130298597 38.04121345281601 14.010949864983557 9.92994172871113 13.388437733054159 7.0330039858818045 7.1751278638839713 10.283286571502684 7.3126170337200165
leaf_count=30 114 30 162 60 43 57 30 31 45 31
internal_value=-0.000270712 0.00406754 0 -0.00501657 -0.00611094 0.00232638 -0.0112016 -0.0149143 0.0188393 0.0160726
internal_weight=147.113 83.2852 66.5734 52.0522 63.8274 23.3184 40.509 33.476 16.7118 14.5212
internal_count=633 358 283 222 275 100 175 145 75 61
is_linear=0
shrinkage=0.03


Tree=101
num_leaves=14
num_cat=0
split_feature=40 37 9 36 10 37 38 33 36 34 35 34 13
split_gain=4.29334 5.5474 4.23918 4.05549 6.29903 3.94581 4.60998 3.01471 2.82606 2.06427 1.10476 0.750065 0.561106
threshold=0.020507887258790828 0.0087735921042859672 0.020351881613753151 0.0059182546897541969 -0.021580206350859606 0.038998721709414437 0.007891461009596203 0.40734685668313991 0.0050887551174994246 -0.005950479611343761 0.013860247276322292 0.022563008441926272 0.30648828472836703
decision_type=2 2 2 2 2 2 2 2 2 2 2 2 2
left_child=1 3 -3 4 -1 9 10 -5 -8 -2 -7 -11 -4
right_child=5 2 12 7 -6 6 8 -9 -10 11 -12 -13 -14
leaf_value=-0.009032533194850173 0 0 -0.032011554570788872 0.0021602811602315971 0.022928526640641055 0.017877746733818811 -0.021463989358227662 -0.014435657344825638 -0.00062854142888245953 0.020759052896449422 0 0.0042525832054067644 -0.010241758872037808
leaf_weight=6.9516262561082867 7.0804471671581295 7.532923415303233 8.2296254336833936 17.346944540739059 11.987291693687437 7.7434638142585737 7.9834931045770672 16.515061810612679 18.418038204312325 15.680625453591349 6.9849793761968613 7.314980059862136 7.1923779100179663
leaf_count=30 30 33 35 74 53 33 35 70 79 68 30 32 31
internal_value=-0.000238988 -0.0052388 -0.0168992 0 0.0107385 0.0048732 -0.000899735 -0.00586923 -0.00852486 0.0127994 0.0112571 0.0168688 -0.025061
internal_weight=146.962 75.7559 22.9549 52.8009 18.9389 71.206 41.13 33.862 26.4015 30.0761 14.7284 22.9956 15.422
internal_count=633 326 99 227 83 307 177 144 114 130 63 100 66
is_linear=0
shrinkage=0.03


Tree=102
num_leaves=9
num_cat=0
split_feature=35 28 21 14 15 21 5 38
split_gain=4.11236 5.07546 6.06636 5.82802 5.60882 5.7901 4.16624 3.73241
threshold=0.074884704637423374 7.5000000000000009 0.011949349101147476 -7.1516265796590224 34.197029874519082 0.013723274585424794 0.01822602933881368 0.00694447946053749
decision_type=2 2 2 2 2 2 2 2
left_child=1 2 7 -4 6 -6 -3 -1
right_child=-2 4 3 -5 5 -7 -8 -9
leaf_value=0.0020287517054568224 0.019300647121341552 -0.0083217348750016275 0.014695479742595987 -0.006025361682650051 -0.011310980050961027 0.016499937184823718 -0.033768006140922631 0.031484017713654271
leaf_weight=8.9649176448583621 7.0076195150613776 29.800026461482048 13.879569113254545 49.690702140331268 10.640537202358248 11.993506819009779 7.1755037754774085 7.6362139880657187
leaf_count=39 31 127 58 212 46 51 33 36
internal_value=-0.000236358 -0.00158004 0.00319496 -0.000962285 -0.00814086 0.00295993 -0.0151241 0.0183124
internal_weight=146.789 139.781 80.1714 63.5703 59.6096 22.634 36.9755 16.6011
internal_count=633 602 345 270 257 97 160 75
is_linear=0
shrinkage=0.03


Tree=103
num_leaves=12
num_cat=0
split_feature=40 19 19 19 20 19 19 19 7 4 4
split_gain=4.0319 7.42826 8.66984 5.23472 3.00367 2.95376 4.55522 2.971 2.7582 2.01065 5.10902
threshold=0.020507887258790828 0.10391827147952214 0.18031641256181338 0.14281632444178791 0.026283407243849737 0.083582108704848598 0.057519273329970401 0.1260646977764637 -0.011159461261684609 0.015346410652695599 0.031523160335419582
decision_type=2 2 2 2 2 2 2 2 2 2 2
left_child=4 9 3 -3 5 6 -1 -7 -6 -2 -11
right_child=1 2 -4 -5 8 7 -8 -9 -10 10 -12
leaf_value=-0.01687200206866845 0.024194133040201841 0 0.016840358701737581 -0.024198143287458725 0.015285244304928843 -0.021201212329244198 0.0075134827164216366 -0.00010958361332692557 -0.0049207635561712539 -0.010702869830900642 0.01758646847239367
leaf_weight=8.5186067819595355 12.605981573462484 13.769993588328363 10.556894719600676 14.294944927096365 9.0074123889207858 19.421283438801769 17.711118116974831 10.410290360450743 10.491467431187628 7.0433175563812283 12.750494748353956
leaf_count=37 55 60 45 62 38 83 78 45 45 30 55
internal_value=-0.000213502 0.00474355 -0.00380625 -0.0126752 -0.00506838 -0.00860966 -0.000509067 -0.0147815 0.00426922 0.0150001 0.00677347
internal_weight=146.582 71.0216 38.6218 28.0649 75.5602 56.0613 26.2297 29.8316 19.4989 32.3998 19.7938
internal_count=633 307 167 122 326 243 115 128 83 140 85
is_linear=0
shrinkage=0.03


end of trees

feature_importances:
macro_usdjpy_vol_20=64
macro_usdjpy_ret_20=59
div_ma_60=45
month=43
macro_usdjpy_ret_60=35
ma_5_20_cross=32
vol_ratio=31
ma_20_60_cross=27
macro_topix_ret_20=26
macro_nikkei_ret_20=26
bb_bandwidth=24
price_position_20d=24
macro_topix_vol_20=24
return_20d=21
rsi=21
volatility=21
return_10d=19
macd_hist_change=19
return_3d=18
div_ma_10=17
return_2d=16
rsi_change=16
atr_pct=16
return_1d=15
macd=15
bb_pct_b=15
lower_shadow_pct=13
div_ma_20=11
gap=11
macd_signal=10
macd_hist=10
vol_change=10
candle_body_pct=8
return_5d=7
div_ma_5=7
upper_shadow_pct=6
macro_topix_above_200dma=3
day_of_week=2
streak=1

parameters:
[boosting: gbdt]
[objective: binary]
[metric: binary_logloss]
[tree_learner: serial]
[device_type: cpu]
[data_sample_strategy: bagging]
[data: ]
[valid: ]
[num_iterations: 500]
[learning_rate: 0.03]
[num_leaves: 15]
[num_threads: 0]
[seed: 42]
[deterministic: 0]
[force_col_wise: 0]
[force_row_wise: 0]
[histogram_pool_size: -1]
[max_depth: 4]
[min_data_in_leaf: 30]
[min_sum_hessian_in_leaf: 0.001]
[bagging_fraction: 0.7]
[pos_bagging_fraction: 1]
[neg_bagging_fraction: 1]
[bagging_freq: 5]
[bagging_seed: 400]
[bagging_by_query: 0]
[feature_fraction: 0.6]
[feature_fraction_bynode: 1]
[feature_fraction_seed: 30056]
[extra_trees: 0]
[extra_seed: 12879]
[early_stopping_round: 0]
[early_stopping_min_delta: 0]
[first_metric_only: 0]
[max_delta_step: 0]
[lambda_l1: 0.5]
[lambda_l2: 2]
[linear_lambda: 0]
[min_gain_to_split: 0]
[drop_rate: 0.1]
[max_drop: 50]
[skip_drop: 0.5]
[xgboost_dart_mode: 0]
[uniform_drop: 0]
[drop_seed: 17869]
[top_rate: 0.2]
[other_rate: 0.1]
[min_data_per_group: 100]
[max_cat_threshold: 32]
[cat_l2: 10]
[cat_smooth: 10]
[max_cat_to_onehot: 4]
[top_k: 20]
[monotone_constraints: ]
[monotone_constraints_method: basic]
[monotone_penalty: 0]
[feature_contri: ]
[forcedsplits_filename: ]
[refit_decay_rate: 0.9]
[cegb_tradeoff: 1]
[cegb_penalty_split: 0]
[cegb_penalty_feature_lazy: ]
[cegb_penalty_feature_coupled: ]
[path_smooth: 0]
[interaction_constraints: ]
[verbosity: -1]
[saved_feature_importance_type: 0]
[use_quantized_grad: 0]
[num_grad_quant_bins: 4]
[quant_train_renew_leaf: 0]
[stochastic_rounding: 1]
[linear_tree: 0]
[max_bin: 255]
[max_bin_by_feature: ]
[min_data_in_bin: 5]
[bin_construct_sample_cnt: 200000]
[data_random_seed: 175]
[is_enable_sparse: 1]
[enable_bundle: 1]
[use_missing: 1]
[zero_as_missing: 0]
[feature_pre_filter: 1]
[pre_partition: 0]
[two_round: 0]
[header: 0]
[label_column: ]
[weight_column: ]
[group_column: ]
[ignore_column: ]
[categorical_feature: ]
[forcedbins_filename: ]
[precise_float_parser: 0]
[parser_config_file: ]
[objective_seed: 16083]
[num_class: 1]
[is_unbalance: 0]
[scale_pos_weight: 1]
[sigmoid: 1]
[boost_from_average: 1]
[reg_sqrt: 0]
[alpha: 0.9]
[fair_c: 1]
[poisson_max_delta_step: 0.7]
[tweedie_variance_power: 1.5]
[lambdarank_truncation_level: 30]
[lambdarank_norm: 1]
[label_gain: ]
[lambdarank_position_bias_regularization: 0]
[eval_at: ]
[multi_error_top_k: 1]
[auc_mu_weights: ]
[num_machines: 1]
[local_listen_port: 12400]
[time_out: 120]
[machine_list_filename: ]
[machines: ]
[gpu_platform_id: -1]
[gpu_device_id: -1]
[gpu_use_dp: 0]
[num_gpu: 1]

end of parameters

pandas_categorical:[]
