{
  "feature_cols": [
    "return_1d",
    "return_2d",
    "return_3d",
    "return_5d",
    "return_10d",
    "return_20d",
    "div_ma_5",
    "div_ma_10",
    "div_ma_20",
    "div_ma_60",
    "ma_5_20_cross",
    "ma_20_60_cross",
    "rsi",
    "rsi_change",
    "macd",
    "macd_signal",
    "macd_hist",
    "macd_hist_change",
    "bb_pct_b",
    "bb_bandwidth",
    "atr_pct",
    "volatility",
    "vol_change",
    "vol_ratio",
    "candle_body_pct",
    "upper_shadow_pct",
    "lower_shadow_pct",
    "day_of_week",
    "month",
    "is_month_end",
    "is_month_start",
    "streak",
    "gap",
    "price_position_20d",
    "macro_usdjpy_ret_20",
    "macro_usdjpy_ret_60",
    "macro_usdjpy_vol_20",
    "macro_topix_ret_20",
    "macro_topix_vol_20",
    "macro_topix_above_200dma",
    "macro_nikkei_ret_20",
    "macro_nikkei_above_200dma",
    "macro_nikkei_vi",
    "macro_jgb10y",
    "macro_bias_score"
  ],
  "avg_up_ret": 0.03232269675529561,
  "avg_dn_ret": -0.020813718710469054,
  "n_bins": 10,
  "psi_ref_rows": 250,
  "psi": {
    "return_1d": {
      "edges": [
        -0.07933230080881093,
        -0.021467358459400853,
        -0.012772896692552391,
        -0.009655699385085101,
        -0.004207548931222882,
        -0.0005898031658209679,
        0.004534615885480878,
        0.00844281867246135,
        0.013472125658186453,
        0.021115687842457008,
        0.14583637159107488
      ],
      "ref_props": [
        0.1,
        0.1,
        0.1,
        0.1,
        0.1,
        0.1,
        0.1,
        0.1,
        0.1,
        0.1
      ]
    },
    "return_2d": {
      "edges": [
        -0.07758620689655171,
        -0.02877180158833671,
        -0.016948153496804008,
        -0.010877676238217103,
        -0.004454797658776718,
        0.0,
        0.004123489343001558,
        0.009615858860403862,
        0.019831804770279505,
        0.028495461360400175,
        0.341471743213249
      ],
      "ref_props": [
        0.1,
        0.1,
        0.1,
        0.1,
        0.096,
        0.104,
        0.1,
        0.1,
        0.1,
        0.1
      ]
    },
    "return_3d": {
      "edges": [
        -0.10833333333333328,
        -0.03276237745612637,
        -0.022711887218559636,
        -0.013755045471515478,
        -0.006707024692046955,
        -0.00041278078577033916,
        0.004331220471582508,
        0.013275143152943761,
        0.025154510598734525,
        0.03706380128316304,
        0.30255305039787794
      ],
      "ref_props": [
        0.1,
        0.1,
        0.1,
        0.1,
        0.1,
        0.1,
        0.1,
        0.1,
        0.1,
        0.1
      ]
    },
    "return_5d": {
      "edges": [
        -0.09567275185936441,
        -0.044649141325230235,
        -0.03177731227607392,
        -0.01871824399776666,
        -0.008968352855703625,
        -0.0005685164422862266,
        0.011384476744391428,
        0.019517309020757146,
        0.03194447511297926,
        0.05169066634224841,
        0.32183714670255714
      ],
      "ref_props": [
        0.1,
        0.1,
        0.1,
        0.1,
        0.1,
        0.1,
        0.1,
        0.1,
        0.1,
        0.1
      ]
    },
    "return_10d": {
      "edges": [
        -0.11359919486727887,
        -0.06054554610006937,
        -0.04369702769851475,
        -0.030330247237259248,
        -0.013325900493859328,
        0.0052907959732158005,
        0.015361127067146428,
        0.033240180380367225,
        0.0478341215545283,
        0.07804706494938513,
        0.2903596649696174
      ],
      "ref_props": [
        0.1,
        0.1,
        0.1,
        0.1,
        0.1,
        0.1,
        0.1,
        0.1,
        0.1,
        0.1
      ]
    },
    "return_20d": {
      "edges": [
        -0.09947820232284132,
        -0.05506104913140305,
        -0.04150750624403916,
        -0.026794378276690786,
        -0.013860692786469857,
        0.006402382466354384,
        0.028866614352335517,
        0.04614522090443412,
        0.07346740279032177,
        0.12131939926969997,
        0.2392744479495268
      ],
      "ref_props": [
        0.1,
        0.1,
        0.1,
        0.1,
        0.1,
        0.1,
        0.1,
        0.1,
        0.1,
        0.1
      ]
    },
    "div_ma_5": {
      "edges": [
        -0.07384966935567641,
        -0.021441958477309165,
        -0.013918539817800522,
        -0.008359552118304059,
        -0.004477702014629421,
        -0.0004644711291408834,
        0.0028833185203985543,
        0.008452897331387224,
        0.014254418088035103,
        0.022828686247121217,
        0.20233212952194402
      ],
      "ref_props": [
        0.1,
        0.1,
        0.1,
        0.1,
        0.1,
        0.1,
        0.1,
        0.1,
        0.1,
        0.1
      ]
    },
    "div_ma_10": {
      "edges": [
        -0.08018705728629387,
        -0.03321250570560408,
        -0.023862826557592438,
        -0.016833056277748976,
        -0.007041605416556422,
        0.0009711062789999731,
        0.008668551721039855,
        0.014812942586129736,
        0.023067903524751663,
        0.03725499401616406,
        0.26089259063116843
      ],
      "ref_props": [
        0.1,
        0.1,
        0.1,
        0.1,
        0.1,
        0.1,
        0.1,
        0.1,
        0.1,
        0.1
      ]
    },
    "div_ma_20": {
      "edges": [
        -0.08320552475773495,
        -0.03988234341215661,
        -0.028790588977613864,
        -0.0179024948097784,
        -0.009946838221023189,
        0.0011061232440389545,
        0.009636973246208175,
        0.02167430418927374,
        0.03818200914151806,
        0.05813977674554903,
        0.26044758161546483
      ],
      "ref_props": [
        0.1,
        0.1,
        0.1,
        0.1,
        0.1,
        0.1,
        0.1,
        0.1,
        0.1,
        0.1
      ]
    },
    "div_ma_60": {
      "edges": [
        -0.13002000140931338,
        -0.06011944378191195,
        -0.0177815166932502,
        -0.0015894406218054814,
        0.012628601536638948,
        0.029752086392359926,
        0.044028307132688245,
        0.059458250667350124,
        0.08008865604584023,
        0.10276822539237071,
        0.29500671649786153
      ],
      "ref_props": [
        0.1,
        0.1,
        0.1,
        0.1,
        0.1,
        0.1,
        0.1,
        0.1,
        0.1,
        0.1
      ]
    },
    "ma_5_20_cross": {
      "edges": [
        -0.04589008311213605,
        -0.03236666550550751,
        -0.02541037096172045,
        -0.015518599372048213,
        -0.005452825841417075,
        0.0022662845475531768,
        0.010061866483517576,
        0.01977474243178968,
        0.031873846388340746,
        0.04703017448787878,
        0.1673535403803983
      ],
      "ref_props": [
        0.1,
        0.1,
        0.1,
        0.1,
        0.1,
        0.1,
        0.1,
        0.1,
        0.1,
        0.1
      ]
    },
    "ma_20_60_cross": {
      "edges": [
        -0.05614759300445371,
        -0.04881346061668566,
        -0.013420790977073044,
        0.004139675849861284,
        0.01825097042375825,
        0.026257575028621694,
        0.037812196945521626,
        0.04768775668249724,
        0.05263944012818072,
        0.060705809475818245,
        0.11982084602211529
      ],
      "ref_props": [
        0.1,
        0.1,
        0.1,
        0.1,
        0.1,
        0.1,
        0.1,
        0.1,
        0.1,
        0.1
      ]
    },
    "rsi": {
      "edges": [
        22.326674500587544,
        33.642782311017996,
        38.182126735227236,
        41.87348540093687,
        45.77990016974929,
        49.85375201721355,
        54.51323071847745,
        59.6483455242076,
        65.0496160469625,
        69.46631962412835,
        88.04071246819339
      ],