{
  "feature_cols": [
    "return_1d",
    "return_2d",
    "return_3d",
    "return_5d",
    "return_10d",
    "return_20d",
    "div_ma_5",
    "div_ma_10",
    "div_ma_20",
    "div_ma_60",
    "ma_5_20_cross",
    "ma_20_60_cross",
    "rsi",
    "rsi_change",
    "macd",
    "macd_signal",
    "macd_hist",
    "macd_hist_change",
    "bb_pct_b",
    "bb_bandwidth",
    "atr_pct",
    "volatility",
    "vol_change",
    "vol_ratio",
    "candle_body_pct",
    "upper_shadow_pct",
    "lower_shadow_pct",
    "day_of_week",
    "month",
    "is_month_end",
    "is_month_start",
    "streak",
    "gap",
    "price_position_20d",
    "macro_usdjpy_ret_20",
    "macro_usdjpy_ret_60",
    "macro_usdjpy_vol_20",
    "macro_topix_ret_20",
    "macro_topix_vol_20",
    "macro_topix_above_200dma",
    "macro_nikkei_ret_20",
    "macro_nikkei_above_200dma",
    "macro_nikkei_vi",
    "macro_jgb10y",
    "macro_bias_score"
  ],
  "avg_up_ret": 0.03562131616004879,
  "avg_dn_ret": -0.01986201603205068,
  "n_bins": 10,
  "psi_ref_rows": 250,
  "psi": {
    "return_1d": {
      "edges": [
        -0.0681091251175917,
        -0.020527384456493658,
        -0.011947123435374674,
        -0.006242962763800063,
        -0.0026455683578056268,
        0.0021457748650599573,
        0.0061784315133567224,
        0.009644032901069122,
        0.015681021197406286,
        0.02449842923164693,
        0.07834623371719851
      ],
      "ref_props": [
        0.1,
        0.1,
        0.1,
        0.1,
        0.1,
        0.1,
        0.1,
        0.1,
        0.1,
        0.1
      ]
    },
    "return_2d": {
      "edges": [
        -0.07723012842762933,
        -0.028680293505763718,
        -0.01585187066137541,
        -0.009093553737621584,
        -0.002350381300255841,
        0.0038554342060242996,
        0.008378291935666275,
        0.01455249910861738,
        0.020668418265804706,
        0.037111534195767425,
        0.11652703731911651
      ],
      "ref_props": [
        0.1,
        0.1,
        0.1,
        0.1,
        0.1,
        0.1,
        0.1,
        0.1,
        0.1,
        0.1
      ]
    },
    "return_3d": {
      "edges": [
        -0.07061036074542659,
        -0.03967690172608205,
        -0.018802470700924084,
        -0.011746807674103502,
        -0.0026943064395919853,
        0.004272493159963031,
        0.01157653492642643,
        0.01888554942649052,
        0.029009512393915672,
        0.0428884657640977,
        0.13557758819460464
      ],
      "ref_props": [
        0.1,
        0.1,
        0.1,
        0.1,
        0.1,
        0.1,
        0.1,
        0.1,
        0.1,
        0.1
      ]
    },
    "return_5d": {
      "edges": [
        -0.08222958057395147,
        -0.0461519189035249,
        -0.025037214538598796,
        -0.011640510566668621,
        -0.003804769552620524,
        0.004685706766862308,
        0.018517608789457976,
        0.02979615962027702,
        0.04342227651973265,
        0.06681110304644337,
        0.22047992397243998
      ],
      "ref_props": [
        0.1,
        0.1,
        0.1,
        0.1,
        0.1,
        0.1,
        0.1,
        0.1,
        0.1,
        0.1
      ]
    },
    "return_10d": {
      "edges": [
        -0.14348860931655905,
        -0.0615364544902808,
        -0.019107123865105356,
        -0.007824159621173808,
        0.006740124112060065,
        0.017849384766416843,
        0.03166062158286237,
        0.04352776275738038,
        0.05992054916226946,
        0.09138756051588523,
        0.281686626746507
      ],
      "ref_props": [
        0.1,
        0.1,
        0.1,
        0.1,
        0.1,
        0.1,
        0.1,
        0.1,
        0.1,
        0.1
      ]
    },
    "return_20d": {
      "edges": [
        -0.21710302618157085,
        -0.03691371105124638,
        -0.009367277496863453,
        0.00840375234521583,
        0.022720367445767848,
        0.03766549354784654,
        0.06273664336732215,
        0.08670911081690023,
        0.10633709013038554,
        0.14810828518393918,
        0.31994884910485943
      ],
      "ref_props": [
        0.1,
        0.1,
        0.1,
        0.1,
        0.1,
        0.1,
        0.1,
        0.1,
        0.1,
        0.1
      ]
    },
    "div_ma_5": {
      "edges": [
        -0.049143388533209376,
        -0.02272684657581616,
        -0.013346221122084768,
        -0.006750703832399117,
        -0.0018463222843414547,
        0.0023304130966030887,
        0.007217999387768935,
        0.012412224177499662,
        0.016488064738089447,
        0.026546354493438767,
        0.08318890814558054
      ],
      "ref_props": [
        0.1,
        0.1,
        0.1,
        0.1,
        0.1,
        0.1,
        0.1,
        0.1,
        0.1,
        0.1
      ]
    },
    "div_ma_10": {
      "edges": [
        -0.06424083278627028,
        -0.03284612524991923,
        -0.017749941162433534,
        -0.006044004329219182,
        0.0015873082216699623,
        0.005965971073791626,
        0.01304737449335573,
        0.018983372635202965,
        0.02981295213615817,
        0.04849546133158204,
        0.16014363468009676
      ],
      "ref_props": [
        0.1,
        0.1,
        0.1,
        0.1,
        0.1,
        0.1,
        0.1,
        0.1,
        0.1,
        0.1
      ]
    },
    "div_ma_20": {
      "edges": [
        -0.10902175801687353,
        -0.04070704394908394,
        -0.014303472063907852,
        0.000712365798890271,
        0.009109042427516973,
        0.018960758407659956,
        0.03004167535739818,
        0.03712190632253156,
        0.05112674385693927,
        0.08640113034190902,
        0.21138518134226278
      ],
      "ref_props": [
        0.1,
        0.1,
        0.1,
        0.1,
        0.1,
        0.1,
        0.1,
        0.1,
        0.1,
        0.1
      ]
    },
    "div_ma_60": {
      "edges": [
        -0.11986187915700414,
        -0.020496326133248755,
        0.021779180881470746,
        0.03318436607897006,
        0.04754059182507511,
        0.06418337678646274,
        0.08559117748667577,
        0.1023659733785581,
        0.12583082682218194,
        0.20693184005846688,
        0.3278133427535045
      ],
      "ref_props": [
        0.1,
        0.1,
        0.1,
        0.1,
        0.1,
        0.1,
        0.1,
        0.1,
        0.1,
        0.1
      ]
    },
    "ma_5_20_cross": {
      "edges": [
        -0.07538876653032411,
        -0.03138960262188756,
        -0.008634969729061345,
        0.0011852340812534858,
        0.00649319010278493,
        0.01507665550473436,
        0.023142166499126406,
        0.03158099793887239,
        0.03950007291371582,
        0.06676369893876294,
        0.15185223569512085
      ],
      "ref_props": [
        0.1,
        0.1,
        0.1,
        0.1,
        0.1,
        0.1,
        0.1,
        0.1,
        0.1,
        0.1
      ]
    },
    "ma_20_60_cross": {
      "edges": [
        -0.031738991703892716,
        0.0035331554437899155,
        0.01447593959195963,
        0.019206566210571537,
        0.03037218910579278,
        0.04537292821453065,
        0.05755816138158856,
        0.07170719573199834,
        0.08861035162373283,
        0.13144117430421998,
        0.18782736389122312
      ],
      "ref_props": [
        0.1,
        0.1,
        0.1,
        0.1,
        0.1,
        0.1,
        0.1,
        0.1,
        0.1,
        0.1
      ]
    },
    "rsi": {
      "edges": [
        7.885304659498203,
        34.62451852635077,
        44.35818790763265,
        50.14417834890967,
        53.6235315272117,
        56.58704982272812,
        61.19591317858656,
        65.30665425954032,
        71.47469256039771,
        75.90605249181814,
        85.67691301504252
      ],