{
  "feature_cols": [
    "return_1d",
    "return_2d",
    "return_3d",
    "return_5d",
    "return_10d",
    "return_20d",
    "div_ma_5",
    "div_ma_10",
    "div_ma_20",
    "div_ma_60",
    "ma_5_20_cross",
    "ma_20_60_cross",
    "rsi",
    "rsi_change",
    "macd",
    "macd_signal",
    "macd_hist",
    "macd_hist_change",
    "bb_pct_b",
    "bb_bandwidth",
    "atr_pct",
    "volatility",
    "vol_change",
    "vol_ratio",
    "candle_body_pct",
    "upper_shadow_pct",
    "lower_shadow_pct",
    "day_of_week",
    "month",
    "is_month_end",
    "is_month_start",
    "streak",
    "gap",
    "price_position_20d",
    "macro_usdjpy_ret_20",
    "macro_usdjpy_ret_60",
    "macro_usdjpy_vol_20",
    "macro_topix_ret_20",
    "macro_topix_vol_20",
    "macro_topix_above_200dma",
    "macro_nikkei_ret_20",
    "macro_nikkei_above_200dma",
    "macro_nikkei_vi",
    "macro_jgb10y",
    "macro_bias_score"
  ],
  "avg_up_ret": 0.03922351308401326,
  "avg_dn_ret": -0.02407091493159093,
  "n_bins": 10,
  "psi_ref_rows": 250,
  "psi": {
    "return_1d": {
      "edges": [
        -0.17675675675675673,
        -0.025654504849682847,
        -0.014361765516226676,
        -0.009648779713153938,
        -0.004873491630984803,
        0.00016457034662986647,
        0.006259380747824495,
        0.01060765595340787,
        0.01777121091463819,
        0.03162328339755937,
        0.07437778736872391
      ],
      "ref_props": [
        0.1,
        0.1,
        0.1,
        0.1,
        0.1,
        0.1,
        0.1,
        0.1,
        0.1,
        0.1
      ]
    },
    "return_2d": {
      "edges": [
        -0.17820045865371648,
        -0.03711795728405188,
        -0.022044221705496757,
        -0.012458140748946387,
        -0.006234855000795658,
        0.00187294077460054,
        0.008119587323298162,
        0.016645058912716598,
        0.02641806665935982,
        0.04176886444921237,
        0.09012760241772999
      ],
      "ref_props": [
        0.1,
        0.1,
        0.1,
        0.1,
        0.1,
        0.1,
        0.1,
        0.1,
        0.1,
        0.1
      ]
    },
    "return_3d": {
      "edges": [
        -0.17205762435444416,
        -0.0442168899321991,
        -0.02850606446537402,
        -0.01712220756956351,
        -0.0058250820857505626,
        0.0034893943021805374,
        0.010269921820872876,
        0.01847777248586906,
        0.031022813756020697,
        0.05050100308815548,
        0.1181265542967671
      ],
      "ref_props": [
        0.1,
        0.1,
        0.1,
        0.1,
        0.1,
        0.1,
        0.1,
        0.1,
        0.1,
        0.1
      ]
    },
    "return_5d": {
      "edges": [
        -0.172939430729799,
        -0.057306777988980054,
        -0.03615581152748985,
        -0.023105991880369787,
        -0.010930005906674565,
        0.004643669363744718,
        0.015609229193113775,
        0.02326828329484219,
        0.03533980327116112,
        0.06366169171521116,
        0.17477203647416406
      ],
      "ref_props": [
        0.1,
        0.1,
        0.1,
        0.1,
        0.1,
        0.1,
        0.1,
        0.1,
        0.1,
        0.1
      ]
    },
    "return_10d": {
      "edges": [
        -0.17215770996489332,
        -0.09045017866393171,
        -0.04921555089752936,
        -0.030251396698051075,
        -0.015157903161264462,
        -0.0013788571818355022,
        0.015695395663301342,
        0.03247492312038994,
        0.054810532954604745,
        0.08831166775591878,
        0.206270392963541
      ],
      "ref_props": [
        0.1,
        0.1,
        0.1,
        0.1,
        0.1,
        0.1,
        0.1,
        0.1,
        0.1,
        0.1
      ]
    },
    "return_20d": {
      "edges": [
        -0.19087360344595505,
        -0.1106588416125201,
        -0.08031186620426793,
        -0.06136034106734882,
        -0.02549726571987596,
        0.0026232238675515385,
        0.02869522411161408,
        0.051054778554778565,
        0.08311678637935614,
        0.12544776002454855,
        0.2618240754383381
      ],
      "ref_props": [
        0.1,
        0.1,
        0.1,
        0.1,
        0.1,
        0.1,
        0.1,
        0.1,
        0.1,
        0.1
      ]
    },
    "div_ma_5": {
      "edges": [
        -0.1435640780520722,
        -0.027900383856072696,
        -0.017822341012811542,
        -0.011373801111752629,
        -0.004590031366754022,
        0.0006166210269801726,
        0.0065847488993442515,
        0.012349329832522656,
        0.021850827377740425,
        0.02981915486603154,
        0.06075349301397206
      ],
      "ref_props": [
        0.1,
        0.1,
        0.1,
        0.1,
        0.1,
        0.1,
        0.1,
        0.1,
        0.1,
        0.1
      ]
    },
    "div_ma_10": {
      "edges": [
        -0.15944588553452183,
        -0.040628027319601245,
        -0.027090297160573335,
        -0.016644773104760712,
        -0.009536287459861967,
        0.0008545301254890185,
        0.008564875145432922,
        0.016320361668079916,
        0.027682267870736015,
        0.04428458122196554,
        0.12339807107940283
      ],
      "ref_props": [
        0.1,
        0.1,
        0.1,
        0.1,
        0.1,
        0.1,
        0.1,
        0.1,
        0.1,
        0.1
      ]
    },
    "div_ma_20": {
      "edges": [
        -0.16998710122146726,
        -0.06033654575966777,
        -0.039977068712908764,
        -0.025357998250668277,
        -0.011784111288353062,
        -0.0002805916215919483,
        0.010518128174039153,
        0.02571883963262046,
        0.03987260817742062,
        0.06709358725421745,
        0.16818706380172552
      ],
      "ref_props": [
        0.1,
        0.1,
        0.1,
        0.1,
        0.1,
        0.1,
        0.1,
        0.1,
        0.1,
        0.1
      ]
    },
    "div_ma_60": {
      "edges": [
        -0.17707830559557272,
        -0.10470152407196999,
        -0.08261302429415608,
        -0.04678890870177609,
        -0.021037518535613232,
        0.004559024197467847,
        0.03411831550301703,
        0.06659187885128147,
        0.08820905174476198,
        0.12784503314737197,
        0.23420890929587823
      ],
      "ref_props": [
        0.1,
        0.1,
        0.1,
        0.1,
        0.1,
        0.1,
        0.1,
        0.1,
        0.1,
        0.1
      ]
    },
    "ma_5_20_cross": {
      "edges": [
        -0.1151519490281705,
        -0.04808759336395088,
        -0.03198909555707882,
        -0.020104814461471797,
        -0.006366976538128468,
        0.00046283723335716065,
        0.006798904984894305,
        0.016885561112744262,
        0.03110114784814899,
        0.050307662931925255,
        0.11407271103654493
      ],
      "ref_props": [
        0.1,
        0.1,
        0.1,
        0.1,
        0.1,
        0.1,
        0.1,
        0.1,
        0.1,
        0.1
      ]
    },
    "ma_20_60_cross": {
      "edges": [
        -0.08469309776365808,
        -0.068224984515268,
        -0.05119013409086712,
        -0.036612889087932775,
        -0.020435662695762247,
        0.007766539060640842,
        0.026186095514897777,
        0.04369935216098911,
        0.060688229904982904,
        0.08744590778846399,
        0.11910330194754581
      ],
      "ref_props": [
        0.1,
        0.1,
        0.1,
        0.1,
        0.1,
        0.1,
        0.1,
        0.1,
        0.1,
        0.1
      ]
    },
    "rsi": {
      "edges": [
        8.992537313432834,
        30.879503833842023,
        37.457817772778405,
        42.15527535796293,
        46.55231290114867,
        51.454250895864334,
        55.55644142841928,
        59.045070152804094,
        63.667239271502154,
        68.65140394609568,
        84.09728718428438
      ],