tree
version=v4
num_class=1
num_tree_per_iteration=1
label_index=0
max_feature_idx=44
objective=binary sigmoid:1
feature_names=return_1d return_2d return_3d return_5d return_10d return_20d div_ma_5 div_ma_10 div_ma_20 div_ma_60 ma_5_20_cross ma_20_60_cross rsi rsi_change macd macd_signal macd_hist macd_hist_change bb_pct_b bb_bandwidth atr_pct volatility vol_change vol_ratio candle_body_pct upper_shadow_pct lower_shadow_pct day_of_week month is_month_end is_month_start streak gap price_position_20d macro_usdjpy_ret_20 macro_usdjpy_ret_60 macro_usdjpy_vol_20 macro_topix_ret_20 macro_topix_vol_20 macro_topix_above_200dma macro_nikkei_ret_20 macro_nikkei_above_200dma macro_nikkei_vi macro_jgb10y macro_bias_score
feature_infos=[-0.17675111773472429:0.17123287671232879] [-0.23827909542195258:0.26712328767123283] [-0.26892535733192169:0.27564213066712639] [-0.28389940368161781:0.28005535374502677] [-0.2984505969011938:0.33802572123740005] [-0.32879708383961115:0.26574768801256332] [-0.2048137271837393:0.17185025654019126] [-0.24659028914348063:0.21470781352593565] [-0.28272781572181677:0.21539611237486755] [-0.30525627373875419:0.2469968308129207] [-0.16954755832624924:0.16452142090983668] [-0.12032035511819439:0.14109673444239079] [9.2673763306199106:88.879003558718864] [-23.79337319702524:44.371219043103238] [-60.111930750563715:104.01485261390326] [-47.756983053522504:80.520066233887178] [-29.949119346757552:46.462356700909922] [-11.862081632049899:19.406886056669155] [-0.36622335903032688:1.3346421655024872] [0.033851282131718487:0.46562211723856611] [0.013029957091682084:0.062387997978219915] [0.0081498326598747131:0.05352207553930996] [-0.84521095706117566:5.4479299363057327] [0.44628194055592812:2.2704812658725801] [-1:0.98999999999999999] [0:0.96710526315789469] [0:0.98750000000000004] [0:4] [1:12] none [0:1] [-8:7] [-0.1156998738965952:0.11585807385952207] [0:1] [-0.10288784967882303:0.08505611680078462] [-0.13986255140503889:0.13160084488587853] [0.0023506467301043195:0.011841457708833433] [-0.21871130063915301:0.21255316252998058] [0.0039190494364641443:0.040640975235326525] [0:1] [-0.22859537662338159:0.23022297972565586] [0:1] none none none
tree_sizes=1189 1256 1311 1303 1191 1196 1313 1201 1203 1031 1094 1086 1283 1269 971 1316 1313 1105 1198 1314 1086 1153 995 1318 1385 1166 1160 1197 1194 1309 1282 1280 1206 1287 1207 1370 1625 1398 1609 1417 1082 1202 1082 1093 1102 1313 1204 1307 1201 1293 1086 1320 1098 1314 1200 778 1105 1183 979 1510 1304 1408 1291 1082 1087 1410 1210 1425 1414 1522 1214 1281 1394 1197 1209 895 1393 1311 1315 1058 1207 1101 1107 1421 1101 995 1109 894 1209 1515 1180 1185 1312 1205

Tree=0
num_leaves=10
num_cat=0
split_feature=37 15 26 35 36 26 14 15 7
split_gain=27.5195 14.1295 6.89247 8.24739 5.36049 5.1422 4.69436 2.99283 1.41023
threshold=-1.0000000180025095e-35 2.1625050805257016 0.39012195121951226 0.036598263124441706 0.0047892167367912736 0.26607669616519181 10.216690406125965 -16.317848565335151 -0.0026548678379519118
decision_type=2 2 2 2 2 2 2 2 2
left_child=1 7 3 5 -5 -2 -4 -1 -3
right_child=2 8 6 4 -6 -7 -8 -9 -10
leaf_value=-0.096677428609338367 -0.1184678268072089 -0.11710364827158699 -0.11319079607697308 -0.090412962625119747 -0.11466956069907455 -0.14367927780287557 -0.090004911621137662 -0.068968508359073699 -0.10127956843084603
leaf_weight=7.72853198647499 42.631579667329788 7.4792245030403137 12.216066688299181 11.468144237995149 18.947368741035461 9.7229918539524061 14.709141522645949 22.188366025686268 7.4792245030403119
leaf_count=31 171 30 49 46 76 39 59 89 30
internal_value=-0.105361 -0.0860091 -0.113397 -0.117663 -0.105361 -0.124664 -0.100857 -0.074664 -0.108759
internal_weight=154.571 44.8753 109.695 82.7701 30.4155 52.3546 26.9252 29.9169 14.9584
internal_count=620 180 440 332 122 210 108 120 60
is_linear=0
shrinkage=1


Tree=1
num_leaves=11
num_cat=0
split_feature=5 23 36 34 36 38 40 7 12 17
split_gain=20.1985 20.1812 7.48173 10.1085 9.17681 7.12136 4.17281 6.80345 3.05105 1.54276
threshold=-0.023219808208861267 1.160120873348337 0.0047247732072339798 -0.025440079092487352 0.0043698420435613807 0.010864907663033489 -0.0024685049968774515 -0.024636927332996057 70.616334283000967 0.84278665451962131
decision_type=2 2 2 2 2 2 2 2 2 2
left_child=6 2 4 -4 -2 8 7 -1 -3 -9
right_child=1 5 3 -5 -6 -7 -8 9 -10 -11
leaf_value=0 -0.01205870720915387 0.036473589960718547 0.0075822105429251916 -0.022538249538463211 0.022142105279404488 -0.0049403210735803572 0 0.040363279263704553 0.0070954970730904062 0.013060803261538662
leaf_weight=8.2317689657211321 16.205360487103466 9.9715212136507088 10.220061883330343 57.0551568120718 9.4744914919137937 7.9764944016933432 7.478393241763114 12.479829937219622 7.9765846580266944 7.4863957762718192
leaf_count=33 65 40 41 229 38 32 30 50 32 30
internal_value=0 -0.00592045 -0.0125197 -0.0176592 0.000705794 0.0164065 0.0192363 0.0242082 0.0261896 0.0329303
internal_weight=154.556 118.88 92.9551 67.2752 25.6799 25.9246 35.6764 28.198 17.9481 19.9662
internal_count=620 477 373 270 103 104 143 113 72 80
is_linear=0
shrinkage=0.03


Tree=2
num_leaves=11
num_cat=0
split_feature=37 15 36 20 12 36 38 25 10 24
split_gain=25.4413 11.1013 12.5314 10.0277 5.99082 5.91684 5.87103 2.42731 2.30233 1.83516
threshold=0.011641300931014899 3.1781555010688667 0.0062158212445232496 0.024458779149250241 62.33722306781668 0.0050119226228885335 0.0088875695087605143 0.39305778491171756 -0.031100678877834683 -0.36266924564796904
decision_type=2 2 2 2 2 2 2 2 2 2
left_child=1 7 -3 4 5 -2 -6 8 -1 -5
right_child=3 2 -4 9 6 -7 -8 -9 -10 -11
leaf_value=0.0093285405955349492 0.00085905656997992076 0.016715470745805983 -0.024030451010389493 -0.011004879822588453 -0.0064772557671431506 -0.023784081972096822 0.014529899027365839 0.0078196588030536099 0.03491475281869838 -0.039247931651371852
leaf_weight=7.9878830909728995 12.708358243107794 13.207602038979532 10.212586477398871 7.4641448259353664 25.65611544251442 19.416217625141144 18.69175098836422 10.483223229646681 19.723067328333858 8.9614400565624219
leaf_count=32 51 53 41 30 103 78 75 42 79 36
internal_value=2.48313e-06 0.0147761 -0.000954821 -0.0097429 -0.00459036 -0.0141168 0.00229813 0.0243628 0.0291686 -0.0298154
internal_weight=154.512 61.6144 23.4202 92.898 76.4724 32.1246 44.3479 38.1942 27.711 16.4256
internal_count=620 247 94 373 307 129 178 153 111 66
is_linear=0
shrinkage=0.03


Tree=3
num_leaves=11
num_cat=0
split_feature=14 23 20 35 40 8 26 2 3 8
split_gain=20.1212 16.6514 9.13511 7.27525 10.0189 5.64234 3.5839 3.36141 2.92825 1.01806
threshold=-1.1631675214506456 1.1647258713112458 0.019262317063464981 0.01548808343751973 0.04303580383656281 -0.021476757399866611 0.12409420289855073 0.0070819849351311257 -0.0067331971635890544 -0.044907554694470921
decision_type=2 2 2 2 2 2 2 2 2 2
left_child=2 3 -1 8 -5 9 -3 -7 -2 -4
right_child=1 6 5 4 -6 7 -8 -9 -10 -11
leaf_value=0.041248803710281133 -0.0064916550067810651 -0.00038081690293926797 0.0065798151644532957 0.0045025829868715712 -0.021656637988610651 0.0081041579271157408 0.021616728606005123 -0.016467211210044096 -0.028191962354273421 0.028005250295031626
leaf_weight=9.4942526519298536 11.440186917781828 8.2249397337436694 7.4875296205282211 34.872236788272858 18.164116889238358 7.7291978150606173 16.712315782904625 7.7311234325170517 25.120636507868767 7.4927266985177976
leaf_count=38 46 33 30 140 73 31 67 31 101 30
internal_value=0 -0.00632341 0.0179087 -0.0124185 -0.00464541 0.00807245 0.0143149 -0.00380277 -0.0224796 0.020216
internal_weight=154.469 114.534 39.9348 89.5972 53.0364 30.4406 24.9373 15.4603 36.5608 14.9803
internal_count=620 460 160 360 213 122 100 62 147 60
is_linear=0
shrinkage=0.03


Tree=4
num_leaves=10
num_cat=0
split_feature=14 20 20 21 4 5 19 22 0
split_gain=19.1566 8.65678 8.34278 12.3416 8.14561 5.52047 3.81337 3.68086 2.04776
threshold=-1.1631675214506456 0.019262317063464981 0.025303101000520151 0.013163554439136752 0.027139342128393421 -0.029289175291713373 0.058751018058597233 -0.052988435993191245 -0.0040093871957695973
decision_type=2 2 2 2 2 2 2 2 2
left_child=1 -1 3 6 -5 7 -2 -3 -4
right_child=2 5 8 4 -6 -7 -8 -9 -10
leaf_value=0.040218664409285558 -0.023632521222866631 0.026474153674716082 -0.0076179845948734538 0.022302093123926458 -0.0016346103791018785 -0.0084105961656010045 -0.0054850491070186523 0 -0.034721601525063997
leaf_weight=9.4964822083711606 17.651741594076157 11.491346508264543 7.4553837925195685 18.933559939265251 29.645259991288185 9.9602275788784045 32.345955803990364 8.9909027814865095 8.4374492168426496
leaf_count=38 71 46 30 76 119 40 130 36 34
internal_value=8.31561e-06 0.0174876 -0.00615708 -0.00251227 0.00791111 0.00789207 -0.0128431 0.01653 -0.0251182
internal_weight=154.408 39.939 114.469 98.5765 48.5788 30.4425 49.9977 20.4822 15.8928
internal_count=620 160 460 396 195 122 201 82 64
is_linear=0
shrinkage=0.03


Tree=5
num_leaves=10
num_cat=0
split_feature=37 23 20 16 15 20 15 5 4
split_gain=22.998 19.9425 9.6051 7.83684 6.64313 6.82668 6.42751 1.36756 1.07485
threshold=0.0088865946322795892 1.3013123909315127 0.023247622665385735 -2.2592100053021484 2.9756899377715063 0.01834847555666826 -5.1871039669125016 -0.018835546361037622 0.024392153315147772
decision_type=2 2 2 2 2 2 2 2 2
left_child=4 2 3 -2 6 -6 -1 -8 -4
right_child=1 -3 8 -5 5 -7 7 -9 -10
leaf_value=0.0038010476770362856 -0.030729563786932583 0.023632815899553839 -0.037934280116619847 -0.0024726136456240254 -0.015114181738308412 0.016107705445319531 0.037339086481570617 0.012167538837804134 -0.013473398176828445
leaf_weight=13.490691810846327 8.9495251923799497 12.961160913109778 12.383821666240694 56.710352703928947 9.9390095323324221 11.219408288598059 15.98853877186775 7.490424886345866 8.1824413836002332
leaf_count=54 36 52 50 228 40 45 64 30 33
internal_value=0.000330274 -0.00831033 -0.0137088 -0.00734028 0.0151097 0.000755059 0.0224798 0.0314829 -0.0309237
internal_weight=157.315 99.1873 86.2261 65.6599 58.1281 21.1584 36.9697 23.479 20.5663
internal_count=632 399 347 264 233 85 148 94 83
is_linear=0
shrinkage=0.03


Tree=6
num_leaves=11
num_cat=0
split_feature=37 16 38 16 3 11 27 11 10 34
split_gain=21.8654 7.79631 13.6701 11.904 6.91239 6.28502 4.45625 4.57912 2.76756 1.49901
threshold=0.0088865946322795892 -0.61037804101944448 0.012376049180373905 3.4183926829578515 -0.0060480424662322499 0.054069251401121295 1.5000000000000002 -0.0040953925999422927 -0.011157680127443169 0.0026802360048644451
decision_type=2 2 2 2 2 2 2 2 2 2
left_child=5 4 3 -3 9 6 8 -8 -1 -2
right_child=1 2 -4 -5 -6 -7 7 -9 -10 -11
leaf_value=-0.005542604417591422 0.0024981753410717768 0.013249423202927437 -0.033073865203792574 -0.012722588264215969 -0.036075625241605937 -0.0079977001380698836 0.0023386350409104013 0.032198476284299969 0.014388628180865646 -0.013551007182832706
leaf_weight=8.2388547807931918 7.938012823462488 37.797482118010521 9.16735692322254 24.145615696907043 12.620634138584135 7.4590993374586096 7.4932012408971813 22.452341347932816 12.476013854146002 7.442780613899231
leaf_count=33 32 152 37 97 51 30 30 90 50 30
internal_value=0.00031491 -0.00811254 -0.00238945 0.00280959 -0.0210184 0.0147276 0.0185352 0.0258105 0.00601104 -0.00507067
internal_weight=157.231 99.1119 71.1105 61.9431 28.0014 58.1195 50.6604 29.9455 20.7149 15.3808
internal_count=632 399 286 249 113 233 203 120 83 62
is_linear=0
shrinkage=0.03


Tree=7
num_leaves=10
num_cat=0
split_feature=37 23 20 33 15 20 9 33 6
split_gain=20.7395 18.9872 8.88225 7.35584 6.32297 6.49348 6.25641 3.7911 2.33475
threshold=0.0088865946322795892 1.3013123909315127 0.023247622665385735 0.53528105644501589 2.9756899377715063 0.01834847555666826 -0.037213770835597251 0.51706506691278276 -0.0065613491650392715
decision_type=2 2 2 2 2 2 2 2 2
left_child=4 2 3 -2 6 -6 -1 -8 -4
right_child=1 -3 8 -5 5 -7 7 -9 -10
leaf_value=0.00047306918293487646 -0.02807052311741726 0.023217927838239429 -0.0095381227272463669 -0.0020158407843361833 -0.015096940311586335 0.015372222402825673 0.036081113476792957 0.0064898500504279467 -0.037553432717937575
leaf_weight=10.743968680500982 10.405615776777266 12.96709008514881 7.4187080115079906 55.201523169875145 9.9361860305070895 11.231013789772986 18.468126311898235 7.7447750866413108 13.047221556305884
leaf_count=43 42 52 30 222 40 45 74 31 53
internal_value=0.000282889 -0.00792703 -0.0132101 -0.00707827 0.01432 0.000353526 0.0215054 0.0289497 -0.029819
internal_weight=157.164 99.0402 86.0731 65.6071 58.1241 21.1672 36.9569 26.2129 20.4659
internal_count=632 399 347 264 233 85 148 105 83
is_linear=0
shrinkage=0.03


Tree=8
num_leaves=10
num_cat=0
split_feature=37 23 15 9 4 11 28 6 26
split_gain=19.707 18.0422 6.00726 5.92146 5.45591 10.3298 2.50814 2.49447 2.2332
threshold=0.0088865946322795892 1.3013123909315127 2.9756899377715063 -0.037213770835597251 -0.00046977606393677757 0.041628441730638073 8.5000000000000018 -0.0061367565096693442 0.2991228070175439
decision_type=2 2 2 2 2 2 2 2 2
left_child=2 4 3 -1 7 -6 -5 -2 -4
right_child=1 -3 8 6 5 -7 -8 -9 -10
leaf_value=0.00046110240127114328 -0.008870909950386861 0.022597914255934205 -0.006157771570575528 0.037210475581007513 -0.019090098204606887 0.0043255481898344167 0.012654454195474738 -0.033745964684379959 0.012121802818335995
leaf_weight=10.744015529751776 9.8946006149053591 12.977877542376516 13.453688845038416 14.216491609811785 31.989885792136192 31.027369976043701 11.974832639098166 13.055213227868078 7.707087665796279
leaf_count=43 40 52 54 57 129 125 48 53 31
internal_value=0.000267491 -0.00773797 0.0139552 0.0209615 -0.0128978 -0.00755198 0.0282096 -0.0251933 0.000324131
internal_weight=157.041 98.9449 58.0961 36.9353 85.9671 63.0173 26.1913 22.9498 21.1608
internal_count=632 399 233 148 347 254 105 93 85
is_linear=0
shrinkage=0.03


Tree=9
num_leaves=9
num_cat=0
split_feature=23 40 19 13 23 22 21 0
split_gain=13.1 15.4242 11.2021 5.38234 5.135 4.60324 6.29583 2.50031
threshold=1.3013123909315127 0.043478771423293157 0.058751018058597233 -0.46183462240791323 1.5142509273210416 0.21514967570403434 0.012216676080932331 -0.00090897874358508701
decision_type=2 2 2 2 2 2 2 2
left_child=1 2 7 -4 -2 6 -3 -1
right_child=4 5 3 -5 -6 -7 -8 -9
leaf_value=-0.001741669817787093 0.034223620302201219 0 0 0.015584004654248439 0.00094420336608022409 0 -0.030478105653165975 -0.02571896107827459
leaf_weight=8.661812365055086 10.987181112170221 8.1842750906944293 35.316209495067596 42.807801142334938 7.7368896603584281 10.401807963848112 23.425800979137421 9.395229443907736
leaf_count=35 44 33 142 172 31 42 95 38
internal_value=0.000270394 -0.00292948 0.00360461 0.00868089 0.0226144 -0.0177133 -0.0231113 -0.0162857
internal_weight=156.917 138.193 96.1811 78.124 18.7241 42.0119 31.6101 18.057
internal_count=632 557 387 314 75 170 128 73
is_linear=0
shrinkage=0.03


Tree=10
num_leaves=9
num_cat=0
split_feature=16 19 17 16 4 19 27 14
split_gain=11.864 10.363 10.0332 7.70671 7.69199 6.62376 4.94116 2.53838
threshold=3.4183926829578515 0.056984045110770674 -0.81908583653540468 -1.6449735847205049 0.081200585181516308 0.13126667262822064 2.5000000000000004 5.7805783675613336
decision_type=2 2 2 2 2 2 2 2
left_child=1 6 3 -3 7 -4 -1 -2
right_child=4 2 5 -5 -6 -7 -8 -9
leaf_value=-0.025015454523499243 -0.0070117297713928823 -0.019515830162394086 0.019628812214177435 0.0097153931763994533 0.0026550838252651153 -0.0020559304223245439 0.0029991781402276554 -0.032825914704474067
leaf_weight=11.348887190222742 8.4311634898185748 14.612845674157144 56.927057877182961 13.416937202215193 13.189198419451712 14.159365907311438 7.6906709671020499 12.873451977968214
leaf_count=46 34 59 229 54 53 57 31 52
internal_value=0.000602024 0.00523611 0.00923703 -0.00530912 -0.0142777 0.0151662 -0.0137771 -0.0247322
internal_weight=152.65 118.156 99.1162 28.0298 34.4938 71.0864 19.0396 21.3046
internal_count=615 476 399 113 139 286 77 86
is_linear=0
shrinkage=0.03


Tree=11
num_leaves=9
num_cat=0
split_feature=5 23 16 12 16 15 14 3
split_gain=11.5314 8.9247 7.40581 11.326 5.58817 3.49246 4.95746 3.15198
threshold=-0.024306630428106376 1.160120873348337 3.4183926829578515 65.600388457100777 3.1451415062117274 -5.1871039669125016 -1.1631675214506456 0.021674110533673633
decision_type=2 2 2 2 2 2 2 2
left_child=5 2 3 -2 -3 -1 -7 -4
right_child=1 4 7 -5 -6 6 -8 -9
leaf_value=0.0011578959937979013 -0.010006115903625972 0.023232965874095513 -0.0050834070295214103 0.016206406894851148 -0.0023574695973528066 0.032562422921172937 0.00046289944782223802 -0.033465012764580755
leaf_weight=11.983861714601515 56.94501069188118 13.4724517762661 7.8762200176715877 17.620332777500153 12.717791318893431 13.409913763403891 7.4534431397914913 11.112471938133238
leaf_count=48 230 54 32 71 51 54 30 45
internal_value=0.000558095 -0.0037051 -0.00811948 -0.00335446 0.0109887 0.0158507 0.0227946 -0.0240136
internal_weight=152.591 119.744 93.554 74.5653 26.1902 32.8472 20.8634 18.9887
internal_count=615 483 378 301 105 132 84 77
is_linear=0
shrinkage=0.03


Tree=12
num_leaves=11
num_cat=0
split_feature=37 23 12 16 19 23 0 17 16 23
split_gain=20.0009 12.8361 8.28538 12.8271 4.93436 4.6736 4.35537 5.57009 3.90426 2.4274
threshold=0.012055337070572826 1.1647258713112458 65.600388457100777 3.4183926829578515 0.056984045110770674 0.90603343645075596 0.0091047250621718607 -0.92405797351030905 4.0404457298302061 0.97480188116951449
decision_type=2 2 2 2 2 2 2 2 2 2
left_child=4 2 5 -4 -1 -2 7 -6 -3 -8
right_child=1 8 3 -5 6 -7 9 -9 -10 -11
leaf_value=-0.0058479622592986693 -0.032063115579175273 0.021880149848060755 0.015164845434569064 -0.023142156587760299 0 -0.0095807551725519881 -0.0083998796882932842 0.027700804300267817 -0.0022561960292590442 0.01268356035567152
leaf_weight=8.1887650936841947 21.87627400457859 11.475816026329996 16.147433623671535 11.817672997713087 8.9789720028638786 20.229199200868607 7.4791888743638975 30.103900998830799 8.4739150553941709 7.7192241847515106
leaf_count=33 89 46 65 48 36 82 30 121 34 31
internal_value=0.000550404 -0.00833366 -0.0144038 -0.000986739 0.0134465 -0.022526 0.0167282 0.0218542 0.0116731 0.00166587
internal_weight=152.49 90.0203 70.0706 27.9651 62.4701 42.1055 54.2813 39.0829 19.9497 15.1984
internal_count=615 364 284 113 251 171 218 157 80 61
is_linear=0
shrinkage=0.03


Tree=13
num_leaves=11
num_cat=0
split_feature=40 19 23 36 16 32 8 9 40 1
split_gain=12.2653 10.7489 7.33534 9.4178 6.01718 4.95474 4.30689 3.67414 3.27831 2.16836
threshold=0.045632713431428724 0.056505455827546659 0.95785789960984158 0.0063903117896531372 3.4183926829578515 -0.0083909922664717734 0.03311939444138709 0.02389080220337483 0.070754557712017344 0.00096217939295095711
decision_type=2 2 2 2 2 2 2 2 2 2
left_child=1 7 3 -2 5 -3 -4 -1 -8 -6
right_child=2 4 6 -5 9 -7 8 -9 -10 -11
leaf_value=0 -0.039674434179382469 -0.0013278768945315248 0.013371925784919355 0 0.0056930500740018861 0.017763148264729165 -0.022363027103169973 -0.026985638899759027 0.0019300459114727428 -0.012540658067355829
leaf_weight=7.4097083657979956 11.975482210516931 13.181452721357344 9.686553508043291 8.8746872097253782 8.1923355460166949 59.148096367716789 7.3997269123792631 8.1106272190809232 7.9363247156143188 10.419376924633978
leaf_count=30 49 53 39 36 33 238 30 33 32 42
internal_value=0.000525497 0.0061932 -0.012024 -0.0243265 0.010257 0.0141401 -0.00017604 -0.0152154 -0.0101539 -0.00401333
internal_weight=152.334 106.462 45.8728 20.8502 90.9413 72.3295 25.0226 15.5203 15.3361 18.6117
internal_count=615 429 186 85 366 291 101 63 62 75
is_linear=0
shrinkage=0.03


Tree=14
num_leaves=8
num_cat=0
split_feature=5 23 34 36 16 11 32
split_gain=10.196 7.91913 7.08251 7.96049 5.00082 2.99728 3.91901
threshold=-0.024306630428106376 1.160120873348337 -0.025908540023016454 0.0047247732072339798 3.1451415062117274 -0.0080684990359609059 0.0018751084594476055
decision_type=2 2 2 2 2 2 2
left_child=5 2 -2 -4 -3 -1 -7
right_child=1 4 3 -5 -6 6 -8
leaf_value=0 0.01429623760191503 0.021890554536489869 0.0032701120084842193 -0.016375087710842933 -0.0022717701231676382 0.029099277449606754 0.0023064820629007912
leaf_weight=8.9777697622776014 9.4261634647846204 13.471440151333811 24.040851965546608 59.810024872422218 12.713570415973662 14.37405024468899 9.4085332453250867
leaf_count=36 38 54 97 243 51 58 38
internal_value=0.000479856 -0.0035269 -0.00770004 -0.0106229 0.0102981 0.0148845 0.0200828
internal_weight=152.222 119.462 93.277 83.8509 26.185 32.7604 23.7826
internal_count=615 483 378 340 105 132 96
is_linear=0
shrinkage=0.03


Tree=15
num_leaves=11
num_cat=0
split_feature=37 35 38 28 32 16 40 25 32 38
split_gain=12.4623 10.0644 7.30438 6.90872 6.12453 5.87931 5.52308 4.15023 3.8484 2.92182
threshold=-1.0000000180025095e-35 0.01548808343751973 0.011717312070199739 8.5000000000000018 0.0087297757660560488 -1.2380558815559179 -0.021646931109118247 0.074776704669232461 0.0055869642733205058 0.011225375804267365
decision_type=2 2 2 2 2 2 2 2 2 2
left_child=3 7 5 4 9 -3 -5 -2 -9 -1
right_child=1 2 -4 6 -6 -7 -8 8 -10 -11
leaf_value=0.039111989526000861 -0.0010276276402604615 -0.010675711523822455 -0.021418110194293835 -0.017558089172345706 -0.00093714769315677779 0.010864538700422397 0.013333955785890021 -0.028810097704043035 -0.0024099953602835433 0.012065419004770239
leaf_weight=10.636481672525411 12.770334079861639 12.803573951125143 8.6497176736593229 8.9284560829401034 7.7313123792409888 43.6421969383955 7.6937147527933112 22.387269869446758 8.3591559678316099 11.702855274081228
leaf_count=43 52 52 35 36 31 176 31 91 34 47
internal_value=-0.000477899 -0.0061295 0.00118854 0.012072 0.0202818 0.0055238 -0.00255756 -0.0169771 -0.0226762 0.0277152
internal_weight=155.305 108.612 65.0955 46.6928 30.0706 56.4458 16.6222 43.5168 30.7464 22.3393
internal_count=628 440 263 188 121 228 67 177 125 90
is_linear=0
shrinkage=0.03


Tree=16
num_leaves=11
num_cat=0
split_feature=37 12 23 33 21 27 25 37 25 10
split_gain=11.8672 10.0247 8.30689 7.05941 6.3657 7.76394 6.00709 5.75081 5.26053 2.6755
threshold=-1.0000000180025095e-35 66.822466896948768 0.88077839479819064 0.57267847557702634 0.01157513575420965 1.0000000180025095e-35 0.40890090976149501 0.02403641141365476 0.13965991497874472 -0.031100678877834683
decision_type=2 2 2 2 2 2 2 2 2 2
left_child=3 2 7 6 -3 -6 9 -2 -4 -1
right_child=1 4 8 -5 5 -7 -8 -9 -10 -11
leaf_value=0.0066330551473846849 -0.0068426484354268636 -0.014858909742365079 0.00784327680353962 -0.0073808528290240207 -0.011446477334941816 0.019789517026817093 -0.0034873961777065299 -0.036424860848478145 -0.012913637213146357 0.030528499698608345
leaf_weight=9.221460744738577 12.824891343712808 8.4202761799097043 17.812045201659203 10.95368407666683 7.6588043421506873 24.521045938134193 7.4428963661193839 15.533538252115248 21.773008525371552 19.032009676098827
leaf_count=37 52 34 72 44 31 99 30 64 88 77
internal_value=-0.000472599 -0.00599092 -0.0129634 0.0117773 0.00538603 0.0116817 0.0181338 -0.0248728 -0.00328495 0.0241793
internal_weight=155.194 108.544 67.9435 46.6501 40.6001 32.1799 35.6964 28.3584 39.5851 28.2535
internal_count=628 440 276 188 164 130 144 116 160 114
is_linear=0
shrinkage=0.03


Tree=17
num_leaves=9
num_cat=0
split_feature=36 3 4 10 40 11 16 40
split_gain=8.15706 7.01225 7.46789 8.98317 6.4969 5.42148 8.13441 4.18761
threshold=0.0092023365403906474 0.0019738630622235802 -0.0065141228184706348 -0.018866189602959712 0.058467711573705013 0.041628441730638073 -0.76737417695494381 0.031369558146411076
decision_type=2 2 2 2 2 2 2 2
left_child=1 2 3 -1 -4 7 -7 -3
right_child=-2 5 4 -5 -6 6 -8 -9
leaf_value=0.014584952449876511 0.022270308353828625 -0.0063503857708163318 0.023723109507347073 -0.015101051244111289 -0.0053936929803299356 -0.020650383381816701 0.011635980731179277 -0.025171292547190301
leaf_weight=12.135220468044279 10.91031304001808 32.196433544158936 21.047443851828579 23.300497651100159 7.8598084300756446 8.0555348396301287 20.84600567817688 18.695840120315552
leaf_count=49 44 130 85 95 32 33 84 76
internal_value=-0.000475821 -0.00258144 0.00456226 -0.0042981 0.0154843 -0.00849595 0.0013975 -0.0142384
internal_weight=155.047 144.137 64.343 35.4357 28.9073 79.7938 28.9015 50.8923
internal_count=628 584 261 144 117 323 117 206
is_linear=0
shrinkage=0.03


Tree=18
num_leaves=10
num_cat=0
split_feature=5 23 16 5 10 23 17 4 28
split_gain=8.47613 12.3636 5.68566 8.26298 7.65505 3.09842 2.29456 2.96921 1.85164
threshold=-0.034757597845366188 0.80001136567825315 3.4183926829578515 0.12414140116876783 -0.00055900110010081983 0.81561453631931824 -0.3325325428366685 -0.004275953397537057 6.5000000000000009
decision_type=2 2 2 2 2 2 2 2 2
left_child=5 6 4 -4 -3 -1 7 -2 -7
right_child=1 2 3 -5 -6 8 -8 -9 -10
leaf_value=0.026514664202850424 -0.020498658349648272 -0.010793920181280343 -0.020684087577697061 0.012096107476891898 0.011159713869109696 0.01347844314218892 -0.0297320957897701 0.0028037817270711429 -0.0030156383564886864
leaf_weight=9.3898682445287722 7.4939136505126953 16.743547230958939 18.682193160057071 8.1914245635271055 54.513857796788216 9.1486696451902407 13.451336890459059 7.3957459181547183 9.9354808479547483
leaf_count=38 31 68 76 33 220 37 55 30 40
internal_value=-0.000462267 -0.00392166 0.00108704 -0.010027 0.0056426 0.0136599 -0.0206872 -0.00907472 0.00470845
internal_weight=154.946 126.472 98.131 26.8736 71.2574 28.474 28.341 14.8897 19.0842
internal_count=628 513 397 109 288 115 116 61 77
is_linear=0
shrinkage=0.03


Tree=19
num_leaves=11
num_cat=0
split_feature=37 12 23 33 6 37 25 3 37 10
split_gain=10.6777 9.25378 7.58253 6.54034 6.32875 5.5855 5.56 5.13001 2.82232 2.57846
threshold=-1.0000000180025095e-35 66.822466896948768 0.88077839479819064 0.57267847557702634 0.0029166963498573942 0.02403641141365476 0.40890090976149501 -0.0051882176977307006 0.03656768638198294 -0.031100678877834683
decision_type=2 2 2 2 2 2 2 2 2 2
left_child=3 2 5 6 -3 -2 9 -4 -6 -1
right_child=1 4 7 -5 8 -7 -8 -9 -10 -11
leaf_value=0.0060528943342738981 -0.0061914685368986344 0.021324643915815074 0.011190588472008706 -0.0072247532015583971 0.0085546715039707417 -0.035279481555090496 -0.0034173818623178119 -0.010525365981174378 -0.0096411634827218498 0.029366609959857622
leaf_weight=9.2107978016138059 12.78669221699238 12.657305061817167 12.369760289788244 10.952282190322874 9.9401903152465838 15.371193259954451 7.4410865157842627 27.178250268101692 17.970984697341919 18.957188546657566
leaf_count=37 52 51 50 44 40 64 30 110 73 77
internal_value=-0.000453229 -0.00569979 -0.0124194 0.0111706 0.00521895 -0.0238544 0.0173106 -0.00316034 -0.00252077 0.023147
internal_weight=154.836 108.274 67.7059 46.5614 40.5685 28.1579 35.6091 39.548 27.9112 28.168
internal_count=628 440 276 188 164 116 144 160 113 114
is_linear=0
shrinkage=0.03


Tree=20
num_leaves=9
num_cat=0
split_feature=14 12 23 20 1 2 37 35
split_gain=8.15633 12.2911 8.25014 7.74681 6.32666 5.53133 3.84871 3.28947
threshold=-1.1631675214506456 62.33722306781668 1.160120873348337 0.019262317063464981 1.0000000180025095e-35 -0.0064424427498869776 0.011641300931014899 -0.0047477430073212803
decision_type=2 2 2 2 2 2 2 2
left_child=3 2 6 -1 -5 -3 -2 -7
right_child=1 5 -4 4 -6 7 -8 -9
leaf_value=0.032167149348068309 -0.0062894851219101435 0.022675759814267622 0.0082309247512464545 0.015491471080459264 -0.011077280993576459 -0.014100774453341743 -0.0250471834895378 0.0042435988996026514
leaf_weight=9.0685904026031476 19.5984126329422 10.437195777893065 10.452472805976866 13.83433483541012 14.152341589331625 9.3229518830776197 32.701298221945763 37.380207687616348
leaf_count=37 79 42 42 56 57 38 135 151
internal_value=-0.00101055 -0.00490631 -0.013938 0.0108159 0.0017132 0.0048947 -0.0187849 0
internal_weight=156.948 119.893 62.7522 37.0553 27.9867 57.1404 52.2997 46.7032
internal_count=637 487 256 150 113 231 214 189
is_linear=0
shrinkage=0.03


Tree=21
num_leaves=10
num_cat=0
split_feature=14 12 38 38 2 16 12 38 3
split_gain=7.74285 11.6391 10.3289 6.6151 5.25823 5.11849 7.56866 3.31713 2.93056
threshold=-1.1631675214506456 62.33722306781668 0.011400760361263232 0.017169742794053092 -0.0064424427498869776 2.130564048055593 47.031508593614227 0.0077744066338341104 -0.0088534866372125248
decision_type=2 2 2 2 2 2 2 2 2
left_child=2 5 -1 8 -3 6 -2 -6 -4
right_child=1 4 3 -5 7 -7 -8 -9 -10
leaf_value=0.030152803105481199 -0.0223955959214127 0.022089158490044301 0 0.016712773978419349 -0.01051687552902429 -0.032361295438366619 0 0.0056597406946788907 -0.023958286223830019
leaf_weight=12.983571767807005 20.057696506381035 10.445906952023504 7.388793542981146 8.9618203639984113 15.327455535531042 9.7030631154775602 32.848942026495934 31.369606584310532 7.6741798222065007
leaf_count=53 82 42 30 36 62 40 134 127 31
internal_value=-0.000966028 -0.00476644 0.0105608 -0.000954363 0.00476054 -0.0135719 -0.00879954 0 -0.0130716
internal_weight=156.761 119.753 37.0084 24.0248 57.143 62.6097 52.9066 46.6971 15.063
internal_count=637 487 150 97 231 256 216 189 61
is_linear=0
shrinkage=0.03


Tree=22
num_leaves=8
num_cat=0
split_feature=19 37 20 18 16 40 10
split_gain=6.88305 8.10058 8.42569 7.04573 5.81379 5.48434 2.56319
threshold=0.21850968394094175 0.011641300931014899 0.024458779149250241 0.23052259992881172 3.0697153521874307 -0.012870392971602194 -0.018866189602959712
decision_type=2 2 2 2 2 2 2
left_child=1 3 4 6 -3 -5 -1
right_child=-2 2 -4 5 -6 -7 -8
leaf_value=0.00035182627565783528 0.017227212686882255 0.00126646704360523 -0.028204876211540147 0.0013799338873694722 -0.016988146862383001 0.023708822693442624 -0.020906503326554138
leaf_weight=7.8982765972614288 14.609540209174154 50.411600917577744 14.862575784325598 23.711033150553703 19.878687366843224 17.581773415207863 7.6659054458141309
leaf_count=32 59 205 62 96 81 71 31
internal_value=-0.000937017 -0.00312316 -0.00896021 0.00537137 -0.00401576 0.0118897 -0.010453
internal_weight=156.619 142.01 85.1529 56.857 70.2903 41.2928 15.5642
internal_count=637 578 348 230 286 167 63
is_linear=0
shrinkage=0.03


Tree=23
num_leaves=11
num_cat=0
split_feature=14 14 40 23 21 24 32 32 23 32
split_gain=7.08785 7.43331 7.03218 6.44343 6.16482 5.52259 5.28216 3.87817 3.69097 3.67832
threshold=-1.1631675214506456 10.089492016959243 0.052363852017197295 1.0231460242201023 0.013384765513173287 -0.71060794044664999 -0.0065149572591989826 -0.00079768766817339676 1.2142880398327849 0.010296237654326081
decision_type=2 2 2 2 2 2 2 2 2 2
left_child=4 5 6 -4 -1 -2 -3 -6 -7 -9
right_child=1 2 3 -5 7 8 -8 9 -10 -11
leaf_value=0.028139032374873772 0.0084695461916931437 -0.0083122576654709648 -0.020311940865737052 0.0061960881118312315 0.014792455090043073 -0.019910103507797757 0.016992619141309628 -0.020391167461132991 0.00033235930198284255 0.0046233004667104874
leaf_weight=9.9695301651954633 7.5579690039157859 7.627212017774581 15.741040930151941 12.886088311672209 10.363609984517099 39.607780545949936 27.944522321224213 7.4243163168430355 8.2013574540615064 9.1743170917034131
leaf_count=41 31 31 65 52 42 162 113 30 33 37
internal_value=-0.000909741 -0.0045521 0.00220083 -0.00826455 0.0101251 -0.0124474 0.0110139 0.0014632 -0.0162626 -0.00674838
internal_weight=156.498 119.566 64.1989 28.6271 36.9318 55.3671 35.5717 26.9622 47.8091 16.5986
internal_count=637 487 261 117 150 226 144 109 195 67
is_linear=0
shrinkage=0.03


Tree=24
num_leaves=12
num_cat=0
split_feature=23 37 11 15 35 10 32 37 8 40 20
split_gain=6.81259 10.5761 8.15507 7.62783 7.22164 5.34096 4.237 3.49692 4.00701 3.96668 0.999867
threshold=1.1647258713112458 0.012055337070572826 0.010547465933819724 12.611355935523266 0.01548808343751973 0.038538569150815001 0.0059569773584717831 0.017080108224139415 -0.015304766951095823 0.045632713431428724 0.018585649429883926
decision_type=2 2 2 2 2 2 2 2 2 2 2
left_child=1 2 6 -4 10 -6 -1 8 -2 -9 -3
right_child=7 4 3 -5 5 -7 -8 9 -10 -11 -12
leaf_value=0.02628383839213673 0.014554693704903424 -0.011116701810945095 -0.015048104383634841 0.017092511697614526 -0.0091765799443617371 0.014312302103721274 0 0.033165336211357241 -0.011852490571872053 0.00400470395116062 -0.029708789411117875
leaf_weight=15.702839374542238 7.4241029918193844 11.332710891962053 19.222025245428089 7.4706159085035315 34.953097999095917 9.1442771255969983 7.6968403756618491 7.4718269705772427 9.4599920064210874 11.194722428917883 15.262219652533529
leaf_count=64 30 47 78 30 143 37 31 30 38 45 64
internal_value=-0.000868156 -0.00436351 0.0058528 -0.00496555 -0.011771 -0.00357076 0.0182034 0.0102079 0 0.0184829 -0.0236425
internal_weight=156.335 120.785 50.0923 26.6926 70.6923 44.0974 23.3997 35.5506 16.8841 18.6665 26.5949
internal_count=637 494 203 108 291 180 95 143 68 75 111
is_linear=0
shrinkage=0.03


Tree=25
num_leaves=10
num_cat=0
split_feature=25 5 23 12 15 23 1 18 27
split_gain=8.0514 9.88982 7.16953 8.66736 5.23697 3.24518 3.27368 3.13149 0.663158
threshold=0.070177838577291388 -0.025735278163834249 0.88077839479819064 63.567461315169943 11.337248456282007 1.0651927371863812 -0.0057128419938210486 0.103100576274138 2.5000000000000004
decision_type=2 2 2 2 2 2 2 2 2
left_child=5 7 3 -3 -4 6 -1 -2 -9
right_child=1 2 4 -5 -6 -7 -8 8 -10
leaf_value=0.019141238833204587 0 -0.027472350641426242 -0.007738515420745334 0.0030567681227109318 0.0089708275195741882 0.025747004152896248 -0.0027256009390725948 0.0092161913389227704 0.02934378320687487
leaf_weight=7.5786951482295999 8.8710287809371966 21.613938301801682 35.169294953346252 11.1232703179121 28.908780843019485 12.665265396237372 13.66018582880497 8.5394090712070447 7.3661837875843039
leaf_count=31 36 90 143 45 117 51 56 35 30
internal_value=0.00190226 -0.00164778 -0.00611215 -0.0170888 0 0.0144343 0.00540752 0.0143902 0.0216118
internal_weight=155.496 121.592 96.8153 32.7372 64.0781 33.9041 21.2389 24.7766 15.9056
internal_count=634 496 395 135 260 138 87 101 65
is_linear=0
shrinkage=0.03


Tree=26
num_leaves=10
num_cat=0
split_feature=5 23 16 16 40 16 24 22 32
split_gain=7.73878 10.0521 9.88222 15.1126 5.58716 5.3883 3.9079 2.90709 1.15526
threshold=-0.032085208257314861 1.1822536945368338 2.9258480981348849 -2.3136191259259831 0.0081651310394617056 6.2148242738205886 -0.059947456412705991 0.19749700394368278 0.0009180381289214391
decision_type=2 2 2 2 2 2 2 2 2
left_child=7 2 3 -2 -3 -4 -6 8 -1
right_child=1 4 5 -5 6 -7 -8 -9 -10
leaf_value=0.028910083303207545 -0.021050803129350981 -0.0054343205605722079 -0.030762606469327897 0.0078036494020845932 0.036377221891991933 0 0.007109803085081536 0 0.008304310505530689
leaf_weight=10.245061263442045 20.641459122300148 7.4490528404712704 15.991932630538942 56.595912039279938 8.2095034420490318 8.0283816903829557 11.688259333372111 7.4082426577806464 9.1243367344140989
leaf_count=42 86 30 66 230 33 33 47 30 37
internal_value=0.00187363 -0.00114764 -0.00563883 -5.50112e-05 0.0142218 -0.0216328 0.0220897 0.0159764 0.021591
internal_weight=155.382 128.605 101.258 77.2374 27.3468 24.0203 19.8978 26.7776 19.3694
internal_count=634 525 415 316 110 99 80 109 79
is_linear=0
shrinkage=0.03


Tree=27
num_leaves=10
num_cat=0
split_feature=14 16 8 16 38 7 35 12 40
split_gain=7.35347 7.07479 12.8338 11.2904 7.52835 6.56145 3.93713 2.52201 0.962781
threshold=-2.1914951074817846 2.9258480981348849 0.06324693847839008 -1.6449735847205049 0.011225375804267365 -0.014269928845746051 0.016432440660855367 36.421342052753019 0.04303580383656281
decision_type=2 2 2 2 2 2 2 2 2
left_child=6 3 8 5 -5 -2 7 -1 -3
right_child=1 2 -4 4 -6 -7 -8 -9 -10
leaf_value=-0.007684606210927254 0.0035194135220317554 -0.012663184972707008 0.0087561473456813262 0.015708762516816695 -0.01102130058960611 -0.022033556613445342 0.025232582557486356 0.012951334122757724 -0.034145369846278792
leaf_weight=7.6814359575510087 14.180371463298799 10.058715462684633 13.431257873773573 48.416201740503311 9.487849757075308 17.787970885634422 14.173301488161085 9.0364599227905256 10.955547794699667
leaf_count=31 58 41 54 196 39 74 58 37 46
internal_value=0.00183188 -0.00137466 -0.0126204 0.00295313 0.0108568 -0.0107174 0.0144912 0.0028603 -0.0265085
internal_weight=155.209 124.318 34.4455 89.8724 57.9041 31.9683 30.8912 16.7179 21.0143
internal_count=634 508 141 367 235 132 126 68 87
is_linear=0
shrinkage=0.03


Tree=28
num_leaves=10
num_cat=0
split_feature=14 16 16 28 38 38 34 38 38
split_gain=7.00249 6.71718 10.6487 8.58724 7.43464 7.13254 4.72247 3.91582 5.31234
threshold=-2.1914951074817846 2.9258480981348849 -1.6449735847205049 3.5000000000000004 0.0089331546640204467 0.011225375804267365 -0.0006112377013928193 0.0096610149839982239 0.017036749924786831
decision_type=2 2 2 2 2 2 2 2 2
left_child=7 2 3 -2 -3 -4 -6 -1 -9
right_child=1 4 5 -5 6 -7 -8 8 -10
leaf_value=0.030475146296031128 0.014851423083460316 -0.02781933641059078 0.015250318302865067 -0.018731407091886889 0.016034593827230659 -0.010757303121613264 -0.010909164409514765 -0.0050654678872736761 0.021688261374164759
leaf_weight=7.9288325905799892 7.0464256554842022 13.794041767716406 48.43531858921051 24.862185671925545 7.6078794300556192 9.4783000349998456 12.956366822123528 13.781981557607653 9.1369005888700467
leaf_count=33 29 57 196 103 31 39 53 56 37
internal_value=0.00176759 -0.0013601 0.00285187 -0.0104343 -0.0123351 0.0105265 0 0.0141313 0.00588296
internal_weight=155.028 124.181 89.8222 31.9086 34.3583 57.9136 20.5642 30.8477 22.9189
internal_count=634 508 367 132 141 235 84 126 93
is_linear=0
shrinkage=0.03


Tree=29
num_leaves=11
num_cat=0
split_feature=14 38 16 8 16 20 27 19 8 11
split_gain=6.71142 6.10294 5.84513 12.1387 11.0334 5.50577 5.47959 4.01907 2.85442 0.58128
threshold=-1.1631675214506456 0.0096610149839982239 2.9258480981348849 0.06324693847839008 -1.6449735847205049 0.025663790552270353 1.5000000000000002 0.058751018058597233 -0.012646713809342796 0.017705021973388416
decision_type=2 2 2 2 2 2 2 2 2 2
left_child=1 -1 4 9 6 8 -2 -6 -3 -4
right_child=2 5 3 -5 7 -7 -8 -9 -10 -11
leaf_value=0.030850532425690514 -0.025804012247803793 0.0039763063352276137 -0.031676534863821666 0.0086042314456738003 -0.0045674287199983163 0.018430225297184029 -0.00021852873115138529 0.014685774861698277 -0.018376849490215768 -0.011169377041717389
leaf_weight=9.8049914687871915 11.53325964510441 8.0834931731224042 12.119695633649828 13.429554477334021 10.054316326975821 11.364322066307066 19.832487434148788 43.033011198043823 7.5993383377790478 8.003474220633505
leaf_count=41 48 33 51 54 41 46 82 174 31 33
internal_value=0.00172293 0.012591 -0.00169935 -0.0119888 0.00239788 0.00378684 -0.0110587 0.0107336 -0.00686036 -0.0259455
internal_weight=154.858 36.8521 118.006 33.5527 84.4531 27.0472 31.3657 53.0873 15.6828 20.1232
internal_count=634 151 483 138 345 110 130 215 64 84
is_linear=0
shrinkage=0.03


Tree=30
num_leaves=11
num_cat=0
split_feature=3 13 23 5 38 16 10 10 26 37
split_gain=10.7255 8.36006 6.19708 5.3114 4.76796 4.60403 4.67995 3.0426 3.47088 1.53186
threshold=-0.0031204648002242093 -0.56164617486795965 1.1457654267854951 -0.031043757991427109 0.011225375804267365 -1.6449735847205049 -0.013503015164499919 0.048427363128929819 0.15986111111111115 0.018578019758279222
decision_type=2 2 2 2 2 2 2 2 2 2
left_child=1 5 3 -2 -5 6 -1 8 -4 -3
right_child=2 9 7 4 -6 -7 -8 -9 -10 -11
leaf_value=0.0038796463473247059 0.0096605857369726419 0.027127516717623552 0.025951139196719701 -0.0080828834599848409 -0.029052665767333456 0.011561093870150136 -0.024460711944904252 -0.0066960714075944335 0 0.0062674733680086435
leaf_weight=8.2881591469049471 7.8701121956109992 18.408837854862217 7.4355504810810151 45.58056914806366 13.177370533347128 13.645678475499151 8.2110611945390719 8.6956972330808622 10.399224057793615 7.9857871234416953
leaf_count=34 32 75 30 187 55 56 34 35 42 33
internal_value=0.00035329 0.0105442 -0.00576574 -0.0106397 -0.0138341 0 -0.0105332 0.00583661 0.0127624 0.0222305
internal_weight=149.698 56.5395 93.1585 66.6281 58.7579 30.1449 16.4992 26.5305 17.8348 26.3946
internal_count=613 232 381 274 242 124 68 107 72 108
is_linear=0
shrinkage=0.03


Tree=31
num_leaves=11
num_cat=0
split_feature=3 13 23 5 38 17 4 5 4 23
split_gain=10.1573 7.94028 5.88668 5.05981 4.56159 3.10259 2.80295 3.51688 1.5275 3.68884
threshold=-0.0031204648002242093 -0.56164617486795965 1.1457654267854951 -0.031043757991427109 0.011225375804267365 0.59337528948079454 0.0066056053670794377 -0.0054967683255756619 0.0083253268623089145 1.0466118199529595
decision_type=2 2 2 2 2 2 2 2 2 2
left_child=1 6 3 -2 -5 -4 7 -1 9 -3
right_child=2 8 5 4 -6 -7 -8 -9 -10 -11
leaf_value=0.0036927670184125879 0.009435648158802051 0 -0.0041203986117090575 -0.0078566357438379433 -0.028410184737603483 0.014671816047037375 0.012428008063857353 -0.018272850818245093 0.033731784815337409 0.026944460701026605
leaf_weight=11.984420001506809 7.8637716025114051 11.137097418308263 12.38608254492283 45.544505551457405 13.117247492074965 14.136876434087752 8.5618283152580243 9.5778673738241196 7.8568218648433676 7.3706904202699652
leaf_count=49 32 46 50 187 55 57 35 40 32 30
internal_value=0.000353898 0.0102772 -0.00560211 -0.0103604 -0.013485 0.00569649 0 -0.00615048 0.0216734 0.0130326
internal_weight=149.537 56.4887 93.0485 66.5255 58.6618 26.523 30.1241 21.5623 26.3646 18.5078
internal_count=613 232 381 274 242 107 124 89 108 76
is_linear=0
shrinkage=0.03


Tree=32
num_leaves=10
num_cat=0
split_feature=23 7 16 13 19 21 17 35 20
split_gain=7.72188 9.04076 5.7632 5.76132 6.27486 5.00082 3.68356 2.76618 0.895034
threshold=1.1457654267854951 0.022606661764163743 5.8424774661584822 -0.56164617486795965 0.072074293856712116 0.011818073413493764 1.1959699515046693 -0.010404232273945989 0.018976946134156538
decision_type=2 2 2 2 2 2 2 2 2
left_child=1 3 7 5 -5 -1 -3 -2 -9
right_child=2 6 -4 4 -6 -7 -8 8 -10
leaf_value=0.0078826865828584992 0.0010267376830818751 -0.027799620591880403 -0.0050832529265729381 -0.006408088842729265 0.016844625272063929 -0.012233574855370686 -0.0012700278167542881 0.0090982226345545907 0.030535694018164566
leaf_weight=13.609722316265104 7.6249350458383587 14.531483024358751 10.689261078834532 13.614610150456427 27.781216084957123 33.627776175737381 8.5981795787811262 7.4263255000114468 11.869712322950361
leaf_count=56 31 60 43 56 114 140 35 30 48
internal_value=0.000366114 -0.00350944 0.0118571 0.000814106 0.00890854 -0.00604841 -0.0194204 0.0189885 0.0246189
internal_weight=149.373 111.763 37.6102 88.6333 41.3958 47.2375 23.1297 26.921 19.296
internal_count=613 461 152 366 170 196 95 109 78
is_linear=0
shrinkage=0.03


Tree=33
num_leaves=11
num_cat=0
split_feature=3 13 6 32 19 19 2 25 7 37
split_gain=9.53797 7.31883 5.35473 4.44677 4.38724 6.42509 4.55332 4.01458 2.82726 1.51706
threshold=-0.0031204648002242093 -0.56164617486795965 -0.0075226857690804741 -0.0069976651220404187 0.063543329248383643 0.093068345271227371 0.045909563033396002 0.23582887700534763 0.014922100779749536 0.018578019758279222
decision_type=2 2 2 2 2 2 2 2 2 2
left_child=1 2 3 -1 7 8 -7 -2 -6 -3
right_child=4 9 -4 -5 5 6 -8 -9 -10 -11
leaf_value=-0.0048999732489462241 -0.00019242919511727074 0.02575275866545958 -0.017964897848411696 0.019825962175177191 0.021667692431267212 -0.011114671659070353 0.0095701567320748068 -0.031682155442985326 0 0.0054500248374567684
leaf_weight=10.492362901568415 7.3407695889472944 18.317385673522953 8.6128861755132657 10.965263068675997 9.726704344153406 48.361661210656166 9.4290659576654416 7.9592613279819489 10.031744986772535 8.0021987557411176
leaf_count=43 30 75 36 45 40 199 38 33 41 33
internal_value=0.000357314 0.00998317 0 0.00770907 -0.00541784 -0.00209367 -0.00728165 -0.0192097 0.0116656 0.0209304
internal_weight=149.239 56.3901 30.0705 21.4576 92.8492 77.5492 57.7907 15.3 19.7584 26.3196
internal_count=613 232 124 88 381 318 237 63 81 108
is_linear=0
shrinkage=0.03


Tree=34
num_leaves=10
num_cat=0
split_feature=5 23 32 7 1 23 36 33 32
split_gain=9.03376 8.91149 6.94043 7.48631 4.03709 3.74937 3.49417 3.35595 3.01389
threshold=-0.032085208257314861 1.160120873348337 -0.00079768766817339676 0.022606661764163743 0.0064877054544224553 1.4416252268536909 0.0058181111864939348 0.11025831335856037 0.0027067730380982984
decision_type=2 2 2 2 2 2 2 2 2
left_child=4 2 6 -4 7 8 -2 -1 -3
right_child=1 5 3 -5 -6 -7 -8 -9 -10
leaf_value=0.0025683709943439231 -0.026979867035273834 0.029361091954430516 0.0055801916938000842 -0.016150756127601001 -0.00041510584761937657 -0.0044862313374204755 -0.0053808578306786753 0.030973856188840704 0.0039438397826695656
leaf_weight=7.3083913922309938 17.714044317603111 8.8974763453006798 42.247418656945229 18.894589096307755 8.6103165894746763 7.4692214131355277 15.24504880607128 12.088950186967848 10.624245688319204
leaf_count=30 74 36 174 78 35 30 63 50 43
internal_value=0.000350305 -0.0031518 -0.00759856 -0.00119658 0.0151925 0.0112887 -0.0182978 0.0222129 0.0178773
internal_weight=149.1 121.092 94.1011 61.142 28.0077 26.9909 32.9591 19.3973 19.5217
internal_count=613 498 389 252 115 109 137 80 79
is_linear=0
shrinkage=0.03


Tree=35
num_leaves=12
num_cat=0
split_feature=34 35 15 16 16 15 35 4 15 22 24
split_gain=4.47775 8.72321 12.1446 7.01862 7.13818 9.82264 4.72861 4.4265 4.29672 4.14604 1.78613
threshold=0.00066883705338161026 0.0058687069025036296 2.9756899377715063 3.2195233382754949 -2.8989598607621914 12.458222935612492 -0.031479363654649699 -0.029780375846597814 -1.9815814592899981 -0.055223536615851158 -0.051315789473684204
decision_type=2 2 2 2 2 2 2 2 2 2 2
left_child=1 2 8 4 7 -6 -4 -2 -1 -5 -3
right_child=3 10 6 9 5 -7 -8 -9 -10 -11 -12
leaf_value=0 0 0.027656918555816735 -0.0019450194136470193 -0.028442423615478114 -0.0045758748024044092 0.020086473215993144 -0.034285230563914339 -0.029523936283688414 0.027211331026010737 -0.0017473899516367325 0.0072589877506668279
leaf_weight=12.426012083888056 7.224128544330596 11.529980763792993 8.7666224390268344 12.949113175272943 33.806108012795448 21.991352409124374 8.5485908240079862 8.1176135241985303 7.4380674213170996 10.455848231911657 11.702690839767454
leaf_count=51 30 47 36 54 139 89 36 34 31 43 48
internal_value=-0.000517119 0.00564483 -0.00309756 -0.00464523 0 0.00524344 -0.0205849 -0.016698 0.0119484 -0.0181836 0.0193664
internal_weight=154.956 60.412 37.1793 94.5442 71.1392 55.7975 17.3152 15.3417 19.8641 23.405 23.2327
internal_count=638 249 154 389 292 228 72 64 82 97 95
is_linear=0
shrinkage=0.03


Tree=36
num_leaves=14
num_cat=0
split_feature=37 23 12 27 12 4 7 5 23 36 34 7 12
split_gain=7.27054 7.37263 6.5512 5.11187 6.52817 5.49014 4.5737 4.08901 3.88469 3.67677 3.31818 3.06942 2.20674
threshold=0.026809831395203324 1.1307431316705057 67.194052203679945 1.5000000000000002 49.958333333333336 0.016428182334634615 0.022606661764163743 0.010222252028073255 1.0593626794280486 0.005284604618261469 0.020305602521132563 0.027611440043931058 61.587227455899239
decision_type=2 2 2 2 2 2 2 2 2 2 2 2 2
left_child=3 2 10 4 8 7 -4 -5 -1 -3 -2 -7 -6
right_child=1 9 6 5 12 11 -8 -9 -10 -11 -12 -13 -14
leaf_value=-0.022401901418787989 -0.031123256923053406 -0.0063904919340969516 0.010357190961105231 0.0093492380446038147 0.017929217295183021 -0.010200434020511698 -0.016827865076127716 0.034526810783275103 0.0018544930311344392 0.017820385625527027 -0.0052456270599168112 0.011660630779197328 -0.00099723597312345396
leaf_weight=13.986388325691225 17.335300981998447 7.9103870689868954 11.526767909526827 24.511911496520042 9.5223657339811343 12.511795371770861 7.4139680266380301 8.5606493502855283 7.3080330640077582 10.131852149963377 9.0272548645734769 7.3965966105461112 7.6457232832908621
leaf_count=58 74 32 47 101 39 51 31 35 30 41 38 30 31
internal_value=-0.000509848 -0.00826496 -0.0146489 0.00476373 -0.00318556 0.0107134 -0.000158431 0.0178912 -0.0139889 0.00687857 -0.0237857 -0.00107066 0.00949327
internal_weight=154.789 63.3455 45.3033 91.4435 38.4625 52.981 18.9407 33.0726 21.2944 18.0422 26.3626 19.9084 17.1681
internal_count=638 263 190 375 158 217 78 136 88 73 112 81 70
is_linear=0
shrinkage=0.03


Tree=37
num_leaves=12
num_cat=0
split_feature=3 4 27 2 12 38 38 21 26 34 34
split_gain=4.81759 5.60389 7.98539 4.92316 4.0522 3.84921 5.49105 3.62146 3.01266 2.71925 1.0609
threshold=-0.0051882176977307006 0.0021576989665380579 1.5000000000000002 0.00091379869429497617 41.037535014005606 0.011717312070199739 0.006793378624451841 0.017656658183317114 0.29273408239700377 -0.0039231273624454324 0.021364884549000877
decision_type=2 2 2 2 2 2 2 2 2 2 2
left_child=1 2 -1 9 -4 6 -5 -3 -7 -2 -11
right_child=3 7 4 5 -6 8 -8 -9 -10 10 -12
leaf_value=-0.017475831252866073 0 0.0024979696968840358 0.023157833212388918 -0.014922056244552031 -0.0011565715400264579 -0.02078532609846134 0.0077047767038770721 0.030505136391392924 0.0013525319656614773 -0.029024863930209106 -0.0077873212123485032
leaf_weight=13.277589380741118 8.8511174917221087 9.1543126702308673 9.482782185077669 9.6639069467782956 10.6111823618412 10.663491040468218 49.134061634540558 9.4364326447248441 7.3270528316497794 8.887115344405176 8.1462663412094098
leaf_count=55 37 37 39 40 44 44 202 39 30 37 34
internal_value=-0.000488689 0.00669125 -0.000442671 -0.00432414 0.0106966 -0.00019892 0.00337062 0.0190247 -0.0117856 -0.015132 -0.0215416
internal_weight=154.635 51.9623 33.3716 102.673 20.094 76.7885 58.798 18.5907 17.9905 25.8845 17.0334
internal_count=638 214 138 424 83 316 242 76 74 108 71
is_linear=0
shrinkage=0.03


Tree=38
num_leaves=14
num_cat=0
split_feature=37 13 24 27 12 4 14 12 36 5 38 12 22
split_gain=6.83804 5.44442 6.70034 4.68428 6.06963 5.13543 4.83308 3.96847 7.20861 3.91777 2.30397 2.10529 1.17455
threshold=0.026809831395203324 0.2732862707457287 -0.44097391022524707 1.5000000000000002 49.958333333333336 0.016428182334634615 -1.5017278460398413 62.583616268149974 0.005293934214162895 0.010222252028073255 0.009909580539075773 61.587227455899239 -0.1712704457571865
decision_type=2 2 2 2 2 2 2 2 2 2 2 2 2
left_child=3 2 -2 4 6 9 -1 -3 -9 -5 -7 -6 -4
right_child=1 7 12 5 11 10 -8 8 -10 -11 -12 -13 -14
leaf_value=0 0.00018694771591534052 -0.013453052514888295 -0.0092417795676913075 0.0089079025786409621 0.017482990655966209 -0.011949729324633273 -0.027424385524868929 -0.0086978171812937405 0.02364158980044288 0.033512243376494978 0.0066398114446371463 -0.00097595874771058298 -0.031667831122738646
leaf_weight=11.935557454824449 12.962930157780646 8.8035725504159945 7.6160737574100503 24.469521805644035 9.5137351006269473 8.5841949880123156 9.3510770052671415 9.4812135398387927 11.004905045032499 8.5747196376323682 11.30605264008045 7.6390720754861823 13.284450426697731
leaf_count=49 54 37 32 101 39 35 39 39 45 35 46 31 56
internal_value=-0.000486682 -0.00802484 -0.0158963 0.00462297 -0.00297673 0.0103221 -0.0134096 0.00103082 0.00856507 0.0172688 -0.00105657 0.00923557 -0.0256717
internal_weight=154.527 63.1531 33.8635 91.3739 38.4394 52.9345 21.2866 29.2897 20.4861 33.0442 19.8902 17.1528 20.9005
internal_count=638 263 142 375 158 217 88 121 84 136 81 70 88
is_linear=0
shrinkage=0.03


Tree=39
num_leaves=12
num_cat=0
split_feature=3 4 2 14 12 13 0 14 21 2 4
split_gain=4.57859 5.32168 4.70421 4.6561 5.93695 3.7326 9.62371 9.08171 3.3662 1.9107 1.61095
threshold=-0.0051882176977307006 0.0021576989665380579 0.00091379869429497617 -1.1631675214506456 47.283195015287795 2.6374622534775019 0.0015365305898189521 11.166368913475141 0.017656658183317114 -0.0067876072159703251 0.026108438331196252
decision_type=2 2 2 2 2 2 2 2 2 2 2
left_child=1 3 9 -1 -5 6 -4 -7 -3 10 -2
right_child=2 8 5 4 -6 7 -8 -9 -10 -11 -12
leaf_value=0.012622887194776609 -0.014221091048409469 0.0025188192297830795 0.007109591741203538 -0.021961960284173236 0.0071463402781806306 -0.0041625327992589767 -0.019925223388366851 0.026158945029540869 0.029665879001974128 -0.023873116272854124 0.0026568005829784736
leaf_weight=12.286670729517935 7.1426466256380099 9.1488863080739993 21.78556889295578 11.88027758896351 9.1375572830438596 22.097306445240974 21.032611548900604 11.784828454256056 9.403414919972418 10.88823890686035 7.7840905338525772
leaf_count=51 30 37 90 49 38 91 87 48 39 46 32
internal_value=-0.000478167 0.00652597 -0.00422177 -0.000422221 -0.00913402 -0.000184669 -0.00613198 0.00683601 0.0185563 -0.0148016 -0.00525937
internal_weight=154.372 51.8568 102.515 33.3045 21.0178 76.7003 42.8182 33.8821 18.5523 25.815 14.9267
internal_count=638 214 424 138 87 316 177 139 76 108 62
is_linear=0
shrinkage=0.03


Tree=40
num_leaves=9
num_cat=0
split_feature=5 11 11 10 15 26 25 35
split_gain=7.3045 6.17651 4.97259 5.44395 5.4413 4.35731 4.31156 4.11716
threshold=-0.034757597845366188 0.036462321543142114 0.057474383338554376 0.023421629924188617 14.613885869272428 0.060321824209590043 0.19219392540220767 0.032465131591025827
decision_type=2 2 2 2 2 2 2 2
left_child=6 5 4 -4 -3 -2 -1 -7
right_child=1 2 3 -5 -6 7 -8 -9
leaf_value=0 0.0039701330572487941 -0.0026849628130009703 -0.017281452806963291 0.0066849656909293053 0.023191569780092618 -0.019501228388654222 0.023625739724010091 -0.0015083573279728066
leaf_weight=12.591091617941858 14.074393898248671 10.371356114745142 13.87839448451996 15.674083247780798 15.358082741498945 34.732107982039452 13.645560324192045 19.919723212718964
leaf_count=52 58 43 58 64 63 145 57 82
internal_value=-0.000573488 -0.00374954 0.00345822 -0.0044767 0.0127786 -0.00969324 0.0131093 -0.0134927
internal_weight=150.245 124.008 55.2819 29.5525 25.7294 68.7262 26.2367 54.6518
internal_count=622 513 228 122 106 285 109 227
is_linear=0
shrinkage=0.03


Tree=41
num_leaves=10
num_cat=0
split_feature=5 11 24 12 22 22 15 22 32
split_gain=6.93061 5.83758 8.03886 8.91512 4.9774 4.57761 3.92344 3.37787 3.33778
threshold=-0.034757597845366188 0.036462321543142114 0.42671844018506283 66.822466896948768 -0.29355673264575904 0.23711663721041434 19.409966201159822 0.14840655662764693 0.0009180381289214391
decision_type=2 2 2 2 2 2 2 2 2
left_child=5 4 3 -3 -2 8 -4 -6 -1
right_child=1 2 6 -5 7 -7 -8 -9 -10
leaf_value=0.030702035010541581 0.0065965214208059519 -0.00016853018227510274 4.6855793372941749e-05 0.027326372243140475 -0.018712508224130939 -0.0046157527168295106 -0.027290549825073746 -0.002581668335419686 0.0030582922060831573
leaf_weight=10.129778936505323 11.872895270586012 25.6580920368433 7.5526545047759992 14.888877004384993 35.237588316202164 7.5424602776765814 7.1613055765628815 21.531662821769714 8.5111750215291959
leaf_count=43 49 107 31 60 147 31 30 89 35
internal_value=-0.000547427 -0.0036438 0.00335798 0.010385 -0.00942846 0.0127915 -0.0140343 -0.0131456 0.0203263
internal_weight=150.086 123.903 55.2609 40.547 68.6421 26.1834 14.714 56.7693 18.641
internal_count=622 513 228 167 285 109 61 236 78
is_linear=0
shrinkage=0.03


Tree=42
num_leaves=9
num_cat=0
split_feature=23 0 32 34 10 40 19 40
split_gain=7.59211 8.73608 7.08917 6.67135 6.43531 5.58011 4.38982 3.07893
threshold=1.3013123909315127 -0.00111082537908308 -0.0085721606272652334 -0.035628316582561319 -0.017020937051862025 0.069433268222667502 0.11870126605105778 0.0090747160836608404
decision_type=2 2 2 2 2 2 2 2
left_child=1 2 6 -3 -5 -4 -1 -2
right_child=7 3 5 4 -6 -7 -8 -9
leaf_value=-0.020256834658200138 0 0.012867142495617984 0.017233113835385328 0.0082360272965888402 -0.017293522084581753 -0.0085491983129106931 0.005868624685877709 0.025087915786891225
leaf_weight=11.040396660566332 7.4003807902336147 7.7073164582252494 33.392632097005844 8.4226002395153028 55.484931811690331 7.4272951483726493 7.9092449843883506 11.12190882861614
leaf_count=46 30 32 139 35 231 31 33 45
internal_value=-0.000523006 -0.0032241 0.00499155 -0.010234 -0.0135535 0.0120115 -0.00911727 0.0163528
internal_weight=149.907 131.384 59.7696 71.6148 63.9075 40.8199 18.9496 18.5223
internal_count=622 547 249 298 266 170 79 75
is_linear=0
shrinkage=0.03


Tree=43
num_leaves=9
num_cat=0
split_feature=23 11 15 24 12 38 23 35
split_gain=7.20709 6.46061 12.5689 8.07311 6.84598 6.30977 1.92327 1.75514
threshold=1.3013123909315127 0.037190272296942724 2.6453306356488882 0.42671844018506283 66.822466896948768 0.0094531816464407479 1.5142509273210416 0.033399540715166161
decision_type=2 2 2 2 2 2 2 2
left_child=1 2 5 4 -3 -1 -2 -4
right_child=6 3 7 -5 -6 -7 -8 -9
leaf_value=0.01732335127021677 0.024336004206312791 0.0015596329215113954 -0.026631986905556237 -0.013699697605058568 0.027513109976397103 -0.005658446095408832 0.0027434360489948717 -0.0071076306020964502
leaf_weight=13.88152991235256 9.6003608703613299 26.589473888278008 23.501702681183815 13.433756455779074 13.388554051518438 30.452125728130341 8.9077064394950849 9.996165528893469
leaf_count=59 39 111 99 56 54 127 36 41
internal_value=-0.000488716 -0.00312507 -0.00861731 0.00462967 0.0115054 0.00165091 0.0159562 -0.021957
internal_weight=149.751 131.243 77.8315 53.4118 39.978 44.3337 18.5081 33.4979
internal_count=622 547 326 221 165 186 75 140
is_linear=0
shrinkage=0.03


Tree=44
num_leaves=9
num_cat=0
split_feature=36 0 32 13 27 38 4 17
split_gain=6.51328 5.52409 6.19967 5.7079 4.3994 4.09327 3.24983 2.16243
threshold=0.009282163448635472 0.00061013743345683668 -0.0085721606272652334 0.12985717431008939 1.5000000000000002 0.012376049180373905 0.0083253268623089145 0.040941850120501229
decision_type=2 2 2 2 2 2 2 2
left_child=1 2 6 7 -4 -5 -1 -3
right_child=-2 3 4 5 -6 -7 -8 -9
leaf_value=-0.017469156240890509 0.02079159688985464 -0.032494669994983377 -0.0014659475897989367 0.0010734622045048313 0.016418178642628602 -0.019277145981150143 0.0041793886528261985 -0.0076224067409942321
leaf_weight=13.190567150712015 9.844878673553465 8.3055900484323519 17.505597487092018 44.64531284570694 29.567126989364624 8.7507661432027799 7.944329008460044 9.8010825216770154
leaf_count=55 41 36 73 184 123 36 33 41
internal_value=-0.000460902 -0.00233664 0.00357334 -0.00812217 0.009673 -0.00256647 -0.00902555 -0.0218748
internal_weight=149.555 139.71 68.2076 71.5028 47.0727 53.3961 21.1349 18.1067
internal_count=622 581 284 297 196 220 88 77
is_linear=0
shrinkage=0.03


Tree=45
num_leaves=11
num_cat=0
split_feature=37 33 16 19 8 15 36 9 21 41
split_gain=8.24024 7.06606 10.0617 6.69936 5.79143 4.77009 5.72349 5.11938 3.72631 4.89076
threshold=0.012055337070572826 0.54110360360360377 3.3155884063386316 0.13126667262822064 0.070063219421401299 2.9756899377715063 0.0070206666090433158 0.038856683942977678 0.013119298076746081 1.0000000180025095e-35
decision_type=2 2 2 2 2 2 2 2 2 2
left_child=5 -2 3 -3 -4 8 7 -7 -1 -10
right_child=1 2 4 -5 -6 6 -8 -9 9 -11
leaf_value=0.02730874825743999 -0.025708279400933419 0.0098263356571062967 -0.026164035557924556 -0.014126298480352633 0.0024294328228627888 -0.0082737986229831188 -0.022184523626084182 0.022320049543474777 0.018393683237907306 -0.0053122519259390594
leaf_weight=10.404971212148665 13.90455950796604 41.565520271658897 18.765869483351711 11.582027241587637 7.4315723031759253 7.8554855734109896 7.5510417073965064 7.3731775879859924 12.371742904186247 14.327123567461969
leaf_count=44 59 171 81 49 30 32 31 30 51 59
internal_value=-0.00168176 -0.00727624 -0.00330911 0.00401152 -0.0179238 0.00674108 -0.00339866 0.00653954 0.0132053 0.00566627
internal_weight=153.133 93.2495 79.345 53.1475 26.1974 59.8835 22.7797 15.2287 37.1038 26.6989
internal_count=637 390 331 220 111 247 93 62 154 110
is_linear=0
shrinkage=0.03


Tree=46
num_leaves=10
num_cat=0
split_feature=40 19 17 7 0 16 16 12 32
split_gain=8.23266 7.34072 4.89693 6.10284 4.11435 3.59314 6.60478 3.59074 1.05721
threshold=0.031369558146411076 0.056984045110770674 -1.569328483624663 0.019008052147686631 -0.0087880737586870632 0.50041207260222154 -1.3036935923509911 64.474390097520725 0.0012234412770638638
decision_type=2 2 2 2 2 2 2 2 2
left_child=1 8 -3 -4 -2 6 -6 -7 -1
right_child=4 2 3 -5 5 7 -8 -9 -10
leaf_value=-0.0024819880665633378 0.0041251596853812854 -0.0103788771230169 0.016962454193039364 -0.0015177912101823753 -0.017266233879443715 -0.034295990037072496 0.01598990507377537 -0.010398822732772149 -0.021287643571779577
leaf_weight=7.6727586239576322 12.385964348912237 9.0776635110378248 44.996158882975578 21.840111777186394 9.6863419562578219 9.5188025683164579 7.8036806583404532 22.815644010901451 7.0494851320981979
leaf_count=32 52 37 187 89 42 41 32 95 30
internal_value=-0.00164301 0.00398724 0.00790632 0.0108371 -0.00994818 -0.0137603 -0.00154023 -0.0194587 -0.0138528
internal_weight=152.847 90.6362 75.9139 66.8363 62.2104 49.8245 17.49 32.3344 14.7222
internal_count=637 375 313 276 262 210 74 136 62
is_linear=0
shrinkage=0.03


Tree=47
num_leaves=11
num_cat=0
split_feature=40 23 15 28 15 7 9 18 9 12
split_gain=7.88267 8.18614 4.6389 8.71441 6.26389 5.65621 5.22866 3.78383 3.41764 1.25807
threshold=0.052363852017197295 0.95785789960984158 2.9756899377715063 6.5000000000000009 6.2675514914099404 0.025228459241613668 -0.0081599809273829055 0.87992464950584093 0.028441356089055212 42.912514665042998
decision_type=2 2 2 2 2 2 2 2 2 2
left_child=2 -2 3 9 8 -6 -5 -3 -4 -1
right_child=1 7 4 6 5 -7 -8 -9 -10 -11
leaf_value=0.0090803090827299565 -0.028980709010499574 0.0090342409830424415 -0.00046013748523673307 0.010303837660296418 0.0078455784105078263 -0.014561933792532173 -0.013357153644384088 -0.013070496770495339 -0.029820309609438145 0.032042039633226473
leaf_weight=8.0077297091484088 14.970575660467146 12.654654130339624 7.308628872036933 15.563430279493334 39.764529645442963 11.181343466043471 13.978394493460653 11.055606201291083 8.0375609099864942 10.100409910082815
leaf_count=34 66 52 30 65 164 46 58 46 34 42
internal_value=-0.00162857 -0.0130299 0.00227057 0.00928782 -0.00267799 0.00228008 -0.000553397 -0.000904292 -0.0183675 0.024547
internal_weight=152.623 38.6808 113.942 47.65 66.2921 50.9459 29.5418 23.7103 15.3462 18.1081
internal_count=637 164 473 199 274 210 123 98 64 76
is_linear=0
shrinkage=0.03


Tree=48
num_leaves=10
num_cat=0
split_feature=37 33 16 34 8 14 36 14 35
split_gain=7.137 6.91296 9.26627 5.74098 5.51243 4.09094 3.25779 3.01301 3.35897
threshold=0.012055337070572826 0.54110360360360377 3.3155884063386316 -0.0078933473678629001 0.070063219421401299 3.9629315890812795 0.0063389709181267727 -17.692754760309125 0.046030718848759429
decision_type=2 2 2 2 2 2 2 2 2
left_child=5 -2 3 -3 -4 7 -7 -1 -9
right_child=1 2 4 -5 -6 6 -8 8 -10
leaf_value=-0.003138748034890235 -0.025086480999145049 -0.0169021931043584 -0.025159026399432932 0.0084390282058125869 0.002712581430028792 0.0047692820492658159 -0.018346516403932141 0.022260017821704878 0.0016389185590728337
leaf_weight=8.076176777482031 13.81006136536598 7.4826056063175193 18.514661550521854 45.527062252163887 7.4278815686702719 10.325235009193422 7.2954580187797538 20.615842267870903 13.301845788955687
leaf_count=33 59 31 81 189 30 42 30 87 55
internal_value=-0.00159509 -0.00682095 -0.00289985 0.00410483 -0.017019 0.00625054 -0.00493136 0.0112943 0.015132
internal_weight=152.377 92.7623 78.9522 53.0097 25.9425 59.6146 17.6207 41.9939 33.9177
internal_count=637 390 331 220 111 247 72 175 142
is_linear=0
shrinkage=0.03


Tree=49
num_leaves=11
num_cat=0
split_feature=37 33 33 35 36 15 36 9 17 20
split_gain=6.7743 6.58301 7.89918 8.91982 4.99778 4.15124 5.28511 4.8486 3.74523 2.57473
threshold=0.012055337070572826 0.54110360360360377 0.82297112120096549 0.014507376580019994 0.0063389709181267727 2.9756899377715063 0.0070206666090433158 0.038856683942977678 0.8182866836416246 0.022451230431055905
decision_type=2 2 2 2 2 2 2 2 2 2
left_child=5 -2 4 -4 -3 8 7 -7 9 -1
right_child=1 2 3 -5 -6 6 -8 -9 -10 -11
leaf_value=0.026393989751339837 -0.024535081209808088 -0.00072935456642388456 -0.02948333877790377 -0.00049136169752917315 0.020750695303672729 -0.0081957715551555493 -0.02145419264782384 0.021583992714153399 0 0.0034176223661476018
leaf_weight=14.205513074994089 13.742785558104513 26.176815122365952 14.200395628809927 26.116205081343651 12.353382512927054 7.8443679660558718 7.5093000233173361 7.3569972962141037 13.401001006364821 9.2162846475839597
leaf_count=61 59 111 61 108 51 32 31 30 55 38
internal_value=-0.00156626 -0.00666475 -0.00283456 -0.0119683 0.00647151 0.0060783 -0.00334816 0.00617853 0.0121515 0.0189232
internal_weight=152.123 92.5896 78.8468 40.3166 38.5302 59.5335 22.7107 15.2014 36.8228 23.4218
internal_count=637 390 331 169 162 247 93 62 154 99
is_linear=0
shrinkage=0.03


Tree=50
num_leaves=9
num_cat=0
split_feature=19 7 24 32 37 38 3 21
split_gain=7.32402 7.58143 6.66539 5.8713 4.59175 4.14724 3.81933 2.13938
threshold=0.21850968394094175 0.019008052147686631 -0.11269841269841267 -0.0085721606272652334 0.011641300931014899 0.011134959710651334 0.0064537551185513973 0.017737623018442443
decision_type=2 2 2 2 2 2 2 2
left_child=1 3 -3 7 -5 -4 -2 -1
right_child=6 2 5 4 -6 -7 -8 -9
leaf_value=-0.021607638067363565 0.031375902971400138 -0.028914689177342159 0.0031691302627297039 0.013538838440973344 -0.00045843883879453321 -0.019446102418822501 0.0010301997825855932 0
leaf_weight=8.8739123493432981 7.284241408109664 13.402271240949629 21.264156535267833 34.484083876013756 45.075386688113213 8.2931246757507306 8.2937034964561445 6.9783439934253684
leaf_count=37 30 57 88 145 190 34 34 30
internal_value=-0.000126341 -0.00250485 -0.0127178 0.00210629 0.00560782 -0.00353117 0.0180286 -0.0132865
internal_weight=153.949 138.371 42.9596 95.4117 79.5595 29.5573 15.5779 15.8523
internal_count=645 581 179 402 335 122 64 67
is_linear=0
shrinkage=0.03


Tree=51
num_leaves=11
num_cat=0
split_feature=7 11 13 26 11 26 34 27 26 5
split_gain=6.53998 7.82868 4.99036 8.60711 4.35632 3.86502 2.79613 2.17292 2.39851 0.325296
threshold=0.019008052147686631 0.00072715884503316019 -0.56164617486795965 0.39569422058484921 0.072088926347768215 0.24509048902579902 0.0018341059208517587 1.0000000180025095e-35 0.25574788583509517 0.02540647033842303
decision_type=2 2 2 2 2 2 2 2 2 2
left_child=2 -2 3 5 6 -1 -3 -4 -9 -5
right_child=1 4 7 9 -6 -7 -8 8 -10 -11
leaf_value=-0.002218058526839027 0.0094074721921158459 -0.0031018964386001018 -0.00073852489177153471 0.020362408556310135 0.0027054933455617635 -0.022540523028756154 -0.026322538601776697 0.020952257810277729 0.0045742475132550123 0.0050485197966572146
leaf_weight=27.823168322443962 12.998301193118094 8.5220753252506274 9.0826496928930265 8.3322648108005506 7.2322535514831534 11.893669128417967 21.282327607274055 20.074482545256615 19.435819745063782 7.1002681851387015
leaf_count=117 54 35 38 35 30 51 89 84 82 30
internal_value=-0.000128541 -0.00892505 0.00406073 -0.00188956 -0.0158956 -0.0094523 -0.0207672 0.0109181 0.0138655 0.0155647
internal_weight=153.777 50.035 103.742 55.1494 37.0367 39.7168 29.8044 48.593 39.5103 15.4325
internal_count=645 208 437 233 154 168 124 204 166 65
is_linear=0
shrinkage=0.03


Tree=52
num_leaves=9
num_cat=0
split_feature=7 11 17 12 6 27 11 34
split_gain=6.18667 7.43653 4.91665 6.10061 7.57708 5.42527 4.16077 2.64508
threshold=0.019008052147686631 0.00072715884503316019 0.24849882210649568 67.795339412360704 -0.0073895060331626338 1.5000000000000002 0.072088926347768215 0.0018341059208517587
decision_type=2 2 2 2 2 2 2 2
left_child=2 -2 3 4 -1 -4 7 -3
right_child=1 6 5 -5 -6 -7 -8 -9
leaf_value=0.0053594976490350327 0.0091574065559625502 -0.0030269091796935573 -0.0010747299529829158 0.018674158281212345 -0.014176911586256415 0.025244907173731863 0.0026414527935222291 -0.025693240767894351
leaf_weight=36.695159018039703 13.007132440805433 8.5207664370536822 9.9187113493680972 11.396472483873366 30.473898276686668 15.178255766630171 7.2338312566280356 21.199721112847328
leaf_count=154 54 35 42 47 130 64 30 89
internal_value=-0.000116147 -0.00868152 0.00395627 0 -0.00344074 0.0149778 -0.0154933 -0.0202683
internal_weight=153.624 49.9615 103.662 78.5655 67.1691 25.097 36.9543 29.7205
internal_count=645 208 437 331 284 106 154 124
is_linear=0
shrinkage=0.03


Tree=53
num_leaves=11
num_cat=0
split_feature=7 14 15 11 11 2 34 11 7 21
split_gain=5.85784 8.58212 9.82297 7.06505 6.88313 6.86666 4.30014 3.9752 1.84759 0.889712
threshold=0.019008052147686631 -1.6893539244898077 13.535316965639643 0.00072715884503316019 0.068652282815690482 0.010576905888031287 -0.031479698103655467 0.072088926347768215 0.025228459241613668 0.020420631307515345
decision_type=2 2 2 2 2 2 2 2 2 2
left_child=1 6 5 -2 -4 -3 -1 8 -5 -8
right_child=3 2 4 7 -6 -7 9 -9 -10 -11
leaf_value=-0.00069147560069607512 0.0089144104590001116 -0.016663061405017773 0.022013673803928952 -0.006076123287404772 -0.0039099545033589329 0.01130037089770263 0.028695627926239618 0.0025789428199870399 -0.025421311844931991 0.0081096110776348006
leaf_weight=7.2919821590185192 13.015232205390928 34.528878465294838 18.019374877214432 10.620188027620317 14.598682343959807 7.8964089751243582 14.045902252197267 7.2353485375642768 19.01222351193428 7.1940187811851493
leaf_count=31 54 146 74 44 62 33 61 30 80 30
internal_value=-0.000100597 0.00386011 -0.0013765 -0.00844536 0.0104223 -0.0108463 0.0173124 -0.0151031 -0.0197848 0.0236665
internal_weight=153.458 103.575 75.0433 49.883 32.6181 42.4253 28.5319 36.8678 29.6324 21.2399
internal_count=645 437 315 208 136 179 122 154 124 91
is_linear=0
shrinkage=0.03


Tree=54
num_leaves=10
num_cat=0
split_feature=19 15 38 6 15 11 28 3 27
split_gain=6.64355 5.35788 12.162 5.83166 5.59916 6.61848 4.93983 3.56863 2.99948
threshold=0.21850968394094175 2.6453306356488882 0.011400760361263232 -0.0075226857690804741 16.023732967059022 0.057474383338554376 8.5000000000000018 0.0064537551185513973 1.5000000000000002
decision_type=2 2 2 2 2 2 2 2 2
left_child=1 2 8 -4 6 -6 -3 -2 -1
right_child=7 4 3 -5 5 -7 -8 -9 -10
leaf_value=0.0025447540020152115 0.030198984474725132 -0.0059610597332982558 0.0092332451834029033 -0.019014323945240798 0.020475477354444594 -0.0059986405000012379 -0.0263204601735006 0.00080800049330416414 0.02788766264898308
leaf_weight=8.0287617146968859 7.2207117676734915 42.553845375776291 8.1743202954530734 15.547868624329565 10.67327745258808 22.923992425203323 14.92835973203182 8.2770927846431714 14.891013860702513
leaf_count=34 30 179 35 66 44 96 63 34 64
internal_value=-8.08935e-05 -0.00235695 0.00558885 -0.00873638 -0.00661982 0.00266822 -0.0122079 0.0172456 0.0205287
internal_weight=153.219 137.721 46.642 23.7222 91.0795 33.5973 57.4822 15.4978 22.9198
internal_count=645 581 199 101 382 140 242 64 98
is_linear=0
shrinkage=0.03


Tree=55
num_leaves=6
num_cat=0
split_feature=28 15 21 38 17
split_gain=4.8447 6.04666 5.14216 8.93553 2.51344
threshold=1.5000000000000002 24.012210554410377 0.030415421235874516 0.012341805043305133 -0.96404675887193558
decision_type=2 2 2 2 2
left_child=-1 2 3 -2 -3
right_child=1 4 -4 -5 -6
leaf_value=0.018181372923424564 0.003894892231602185 -0.0014178146727769297 0.021045892922735159 -0.017407500724195318 -0.027451240146714691
leaf_weight=12.195379778742788 98.107393071055412 7.5208448618650436 9.6281726807355863 19.527656629681587 7.5066103637218458
leaf_count=52 411 32 40 83 32
internal_value=0.00146029 -0.000101025 0.00201055 1.3776e-06 -0.017
internal_weight=154.486 142.291 127.263 117.635 15.0275
internal_count=650 598 534 494 64
is_linear=0
shrinkage=0.03


Tree=56
num_leaves=9
num_cat=0
split_feature=26 26 11 20 32 26 11 11
split_gain=5.11308 5.85787 4.42598 4.17573 3.1457 2.97393 2.86443 7.2774
threshold=0.51628151260504207 0.26108936725375087 0.0040550636076508448 0.025303101000520151 -1.0000000180025095e-35 0.60787638967401558 0.058848727428807653 0.037190272296942724
decision_type=2 2 2 2 2 2 2 2
left_child=1 2 4 -4 -1 -2 7 -3
right_child=5 6 3 -5 -6 -7 -8 -9
leaf_value=0.025172919653378364 0.02515963958908371 -0.013032633110244034 0.0028105075358686804 -0.016048368092095731 0.0027459164407900244 0.0023551589833646766 -0.024026556722035446 0.015634474841541887
leaf_weight=10.234130352735521 9.7195306867361086 25.519405588507652 52.811748445034027 11.003563761711119 14.727469488978384 12.963070780038832 8.4655759781599027 8.9847437441349012
leaf_count=43 41 109 220 47 62 54 36 38
internal_value=0.00141279 -0.000815703 0.00346194 -0.000602248 0.0136825 0.0139815 -0.00974792 -0.00470932
internal_weight=154.429 131.747 88.7769 63.8153 24.9616 22.6826 42.9697 34.5041
internal_count=650 555 372 267 105 95 183 147
is_linear=0
shrinkage=0.03


Tree=57
num_leaves=10
num_cat=0
split_feature=26 26 11 23 2 19 23 38 4
split_gain=4.86726 5.55475 4.22143 3.77787 3.41948 2.7842 3.69836 2.67181 1.31453
threshold=0.51628151260504207 0.26108936725375087 0.0040550636076508448 0.94041052154440441 0.015949469373199857 0.095768451902318738 0.92790119299325646 0.011760741126237009 0.037726333507598138
decision_type=2 2 2 2 2 2 2 2 2
left_child=1 2 4 -2 -1 6 -3 -4 -7
right_child=3 5 7 -5 -6 8 -8 -9 -10
leaf_value=0.021245032999036292 -0.00025108092266341186 -0.012203092282421047 0.0016189296931170525 0.022551380028526528 0 -0.021372625919607369 0.011657380179462794 -0.015373946530113571 -0.00356163668240351
leaf_weight=15.474113136529924 8.957034960389139 10.110629931092264 56.175532341003418 13.724074020981787 9.4679989069700223 14.635659649968149 9.223714277148245 7.62536796927452 8.9550461620092374
leaf_count=66 38 44 235 57 39 62 39 32 38
internal_value=0.00138475 -0.000788104 0.00337403 0.013648 0.0133608 -0.00949389 -9.13096e-05 -0.000589624 -0.0160045
internal_weight=154.349 131.668 88.743 22.6811 24.9421 42.9251 19.3343 63.8009 23.5907
internal_count=650 555 372 95 105 183 83 267 100
is_linear=0
shrinkage=0.03


Tree=58
num_leaves=8
num_cat=0
split_feature=20 38 38 38 6 21 4
split_gain=4.27682 8.88963 6.15898 10.9904 5.09149 4.20636 3.32325
threshold=0.025303101000520151 0.018027785906072905 0.012341805043305133 0.0088477746186101849 -0.0082364095707130602 0.012053389944035365 0.017087836499204759
decision_type=2 2 2 2 2 2 2
left_child=2 4 3 6 -2 -5 -1
right_child=1 -3 -4 5 -6 -7 -8
leaf_value=0.0050633750584320666 0.00069384658409234049 0.013911568018841929 -0.013406011518335436 0 -0.027481394581216519 0.021830377721454783 -0.0081770511818494065
leaf_weight=30.97590896487236 7.1310766488313719 9.0928960740566236 13.797329798340796 10.133961379528044 14.71507240831852 36.124567180871964 32.315842479467392
leaf_count=131 30 39 58 43 64 150 135
internal_value=0.00133742 -0.00815744 0.00393082 0.00644999 -0.0183685 0.0172639 -0.00151065
internal_weight=154.287 30.939 123.348 109.55 21.8461 46.2585 63.2918
internal_count=650 133 517 459 94 193 266
is_linear=0
shrinkage=0.03


Tree=59
num_leaves=13
num_cat=0
split_feature=23 37 12 11 16 38 24 23 33 1 2 0
split_gain=3.61722 8.4986 6.85073 6.81563 6.0932 5.95808 3.51746 3.48759 3.21221 5.02395 4.78719 2.72054
threshold=1.079931844884529 0.012055337070572826 64.896101804123731 0.010547465933819724 3.6445404982637686 0.011818773837609412 -0.15122927387078328 0.88077839479819064 0.75238006794202772 -0.015071296252593567 0.016254299213348092 -0.0029755199492675351
decision_type=2 2 2 2 2 2 2 2 2 2 2 2
left_child=1 3 7 11 -4 8 -5 -3 9 -2 -10 -1
right_child=5 2 4 6 -6 -7 -8 -9 10 -11 -12 -13
leaf_value=0.03218325198478348 0.00011752869016419674 -0.02624531344449103 0.011620921911267273 0.0074036200787982384 -0.017365360414178174 -0.0094601815983974807 -0.015391900210960001 -0.0055485947787308251 -0.013107407953628797 0.031522370465331122 0.01410953275461327 0.007404877594106375
leaf_weight=8.0675456225872058 8.1314292699098569 17.80740775167942 18.614050984382633 9.8698189258575457 7.3990569710731497 11.652785912156103 9.8412243723869306 17.344964742660522 7.4192293882370022 12.59092251956463 12.52489537000656 12.864999786019323
leaf_count=35 33 80 76 41 33 48 41 74 31 53 51 54
internal_value=0.00129572 -0.00188955 -0.00895826 0.00831779 0.00218956 0.0076115 -0.00365617 -0.0172853 0.013069 0.0209543 0.00302941 0.0195826
internal_weight=154.128 101.809 61.1655 40.6436 26.0131 52.3193 19.711 35.1524 40.6665 20.7224 19.9441 20.9325
internal_count=650 434 263 171 109 216 82 154 168 86 82 89
is_linear=0
shrinkage=0.03


Tree=60
num_leaves=11
num_cat=0
split_feature=37 32 32 36 37 36 33 36 25 32
split_gain=5.51655 4.42564 4.13289 5.9568 4.97438 3.76415 3.53298 5.19082 2.61055 2.55324
threshold=0.046648709310677001 -0.00038136956483897361 0.0072156759705307447 0.0050322082912597271 0.012055337070572826 0.0078519662426283846 0.90092290151608545 0.0068240004911848404 0.39525506376594149 0.0020293038354327613
decision_type=2 2 2 2 2 2 2 2 2 2
left_child=1 5 4 -4 -3 8 7 9 -1 -2
right_child=6 2 3 -5 -6 -7 -8 -9 -10 -11
leaf_value=0.0042590386440753396 -0.024227262444280327 0.022740472148082534 0.01403472509508173 -0.012180092614952696 0.0020333744786257511 -0.021114644143879643 -0.024546671975552537 0.01381197693480387 -0.012021927972566083 0
leaf_weight=28.913741290569305 7.0951254963874835 20.348810344934464 10.718684062361719 17.737060248851776 23.748832806944847 7.9506938606500617 10.262159422039984 7.6942299306392661 10.377294540405272 6.9486660063266754
leaf_count=122 31 86 44 74 100 34 44 33 44 30
internal_value=-0.000660121 0.00222868 0.00689014 -0.00153981 0.0124861 -0.00461482 -0.0114107 -0.00303186 -5.17334e-05 -0.0137665
internal_weight=151.795 119.795 72.5534 28.4557 44.0976 47.2417 32.0002 21.738 39.291 14.0438
internal_count=642 504 304 118 186 200 138 94 166 61
is_linear=0
shrinkage=0.03


Tree=61
num_leaves=12
num_cat=0
split_feature=37 28 27 14 11 8 37 23 18 6 6
split_gain=5.25107 4.71104 6.71674 6.04682 6.47447 5.06445 4.62434 4.17334 4.53996 2.80454 0.250413
threshold=0.046648709310677001 4.5000000000000009 1.5000000000000002 8.1526383621409781 0.055198729471015569 0.0083914872020083003 0.012995872085935225 0.95785789960984158 0.86932891802764634 0.0008588948267464787 0.001717954238067691
decision_type=2 2 2 2 2 2 2 2 2 2 2
left_child=1 2 9 5 -5 -3 -4 10 -9 -1 -2
right_child=7 3 6 4 -6 -7 -8 8 -10 -11 -12
leaf_value=-0.016178129172699923 -0.0090989152733407432 -0.0029668668380442792 0.02896152333666584 0.020504930629032553 -0.0045645914471484222 -0.026841435162739378 0.0007859593524145482 0.013555885903388696 -0.014549525118889505 0.006030029198008895 -0.027458369682710839
leaf_weight=7.2267046719789496 7.3975207805633563 37.785814166069031 15.195952221751215 15.534682393074034 16.885817259550095 9.1313953548669797 9.3325278460979444 8.4368304312229174 8.2418022602796537 8.6138818860053998 7.8489070236682892
leaf_count=31 33 161 64 64 71 38 39 35 35 36 35
internal_value=-0.000652836 0.0021624 0.0103061 -0.00194843 0.00750545 -0.00882761 0.0196742 -0.0111562 0 -0.0039387 -0.0215083
internal_weight=151.632 119.707 40.3691 79.3377 32.4205 46.9172 24.5285 31.9251 16.6786 15.8406 15.2464
internal_count=642 504 170 334 135 199 103 138 70 67 68
is_linear=0
shrinkage=0.03


Tree=62
num_leaves=11
num_cat=0
split_feature=37 28 36 17 17 26 37 33 36 32
split_gain=5.01472 4.48296 8.7603 6.90378 5.65424 4.74998 4.0442 3.27953 4.94046 2.46112
threshold=0.046648709310677001 4.5000000000000009 0.0068601079835472244 -0.45171361521587267 -0.92405797351030905 0.27780112044817934 0.030505218820381711 0.90092290151608545 0.0068240004911848404 0.0020293038354327613
decision_type=2 2 2 2 2 2 2 2 2 2
left_child=1 4 3 -3 -1 -6 -4 8 9 -2
right_child=7 2 6 -5 5 -7 -8 -9 -10 -11
leaf_value=-0.009050465448220326 -0.023684792755133431 0.019864329765309018 -0.019810434070015759 -0.0024378618080249225 0.025342535589808837 0.0010879897919749333 0.0034724068037104289 -0.023645810647347151 0.01355179804631327 0
leaf_weight=8.5433201789855939 7.0388961881399208 17.470158308744431 23.593324095010761 31.237910613417625 17.861585587263111 13.892516508698462 7.0024768412113181 10.168451577425001 7.6989362984895697 6.9331433773040771
leaf_count=36 31 73 100 131 75 59 30 44 33 30
internal_value=-0.00064955 0.00209858 -0.0019067 0.00573345 0.0100529 0.0158687 -0.0141354 -0.0109298 -0.00283571 -0.013371
internal_weight=151.441 119.601 79.3039 48.7081 40.2974 31.7541 30.5958 31.8394 21.671 13.972
internal_count=642 504 334 204 170 134 130 138 94 61
is_linear=0
shrinkage=0.03


Tree=63
num_leaves=9
num_cat=0
split_feature=16 32 20 19 2 1 2 21
split_gain=4.62176 5.15615 7.51404 5.49877 4.23105 4.61243 2.57387 2.39731
threshold=3.4183926829578515 -0.0085721606272652334 0.024458779149250241 0.058156363305192943 0.038705650195320469 -0.0030929238612409367 -0.011919189542413054 0.016185942533526555
decision_type=2 2 2 2 2 2 2 2
left_child=1 7 3 -3 5 -2 -4 -1
right_child=4 2 6 -5 -6 -7 -8 -9
leaf_value=-0.021802675976950445 0.00061801190000129139 -0.006018676074189276 0.0015017974336817841 0.012593602900329152 0.0067503171430622691 -0.025201393172220778 -0.017598648096625636 0
leaf_weight=8.5421845763921755 7.7444267272949281 15.550150275230406 8.0662653595209139 66.50947330892086 7.1506360769271842 15.786745160818098 13.34943851828575 8.6190238147973997
leaf_count=36 33 66 34 279 30 69 58 37
internal_value=-0.000633697 0.00194315 0.00461853 0.00882888 -0.0107234 -0.0167336 -0.01025 -0.0122038
internal_weight=151.318 120.637 103.475 82.0596 30.6818 23.5312 21.4157 17.1612
internal_count=642 510 437 345 132 102 92 73
is_linear=0
shrinkage=0.03


Tree=64
num_leaves=9
num_cat=0
split_feature=37 35 35 38 20 37 24 24
split_gain=4.70665 4.93696 11.4069 6.90854 6.15941 3.26214 4.27785 2.10789
threshold=0.046648709310677001 -0.0098409722541758487 -0.073896169488852623 0.012376049180373905 0.025390993520416027 0.071774407504038421 -0.24795081967213112 -0.18118686868686865
decision_type=2 2 2 2 2 2 2 2
left_child=1 2 -1 4 -3 6 -2 -4
right_child=5 3 7 -5 -6 -7 -8 -9
leaf_value=0.018432608600749054 0 0.012957636243294334 -0.025809072762783887 -0.012599343748314951 -0.011570786393918528 0.0034267927947299178 -0.0264345344252973 -0.0056413434516230454
leaf_weight=9.0046648979186994 10.274025306105617 64.123280078172684 12.743110507726669 12.773603379726408 8.4742913842201215 8.4468482881784421 12.972849637269974 12.342445433139801
leaf_count=38 44 269 54 54 36 37 57 53
internal_value=-0.000632699 0.00202448 -0.0071646 0.00594553 0.00965991 -0.0106191 -0.016184 -0.0175893
internal_weight=151.155 119.461 34.0902 85.3712 72.5976 31.6937 23.2469 25.0856
internal_count=642 504 145 359 305 138 101 107
is_linear=0
shrinkage=0.03


Tree=65
num_leaves=12
num_cat=0
split_feature=22 23 7 22 40 34 20 24 6 34 17
split_gain=5.60847 4.38865 6.28189 5.09218 4.69499 3.63336 3.45914 1.9781 2.0402 1.41188 1.37846
threshold=-0.17880643217029116 1.1503531895661172 0.019008052147686631 0.21514967570403434 0.069433268222667502 0.0083130991125591764 0.022598225420678474 0.14993614303959132 0.0033373946318154342 0.018141509721199548 -0.1114664461518826
decision_type=2 2 2 2 2 2 2 2 2 2 2
left_child=5 2 4 -4 -2 10 9 8 -7 -3 -1
right_child=1 6 3 -5 -6 7 -8 -9 -10 -11 -12
leaf_value=0.024021245603713971 0.0012643223026281842 0.022108407784464951 -0.034679726285208927 -0.0033912035291778957 -0.019643700109261305 -0.016074277051367061 -0.007431925533392207 0.0086025226092281692 0.0029892558611552236 0.0016761474505747876 0.0057705706312333642
leaf_weight=10.105994805693628 49.884580209851265 7.7811359912157076 10.353023335337641 10.218157231807707 9.6644175946712476 7.8603212684392947 8.0527512431144697 11.337263122200964 7.1471823304891586 7.4897957593202591 11.893885210156439
leaf_count=42 212 32 45 43 43 34 33 48 30 31 51
internal_value=-0.000496593 -0.00451356 -0.00789535 -0.0214802 -0.00241326 0.00763848 0.00621712 0 -0.00682959 0.0143103 0.0160824
internal_weight=151.789 103.444 80.1202 20.5712 59.549 48.3446 23.3237 26.3448 15.0075 15.2709 21.9999
internal_count=644 439 343 88 255 205 96 112 64 63 93
is_linear=0
shrinkage=0.03


Tree=66
num_leaves=10
num_cat=0
split_feature=23 37 14 11 10 36 10 37 6
split_gain=5.21062 7.08657 6.13038 6.47311 3.89685 4.51459 3.78398 2.33904 0.828036
threshold=1.1503531895661172 0.023542624928646009 11.883865064650935 0.01184519111671012 0.012254192377602282 0.0058181111864939348 0.014239398599957933 0.037112911553823687 -0.0065613491650392715
decision_type=2 2 2 2 2 2 2 2 2
left_child=1 2 3 -1 -3 -6 8 -8 -2
right_child=6 4 -4 -5 5 -7 7 -9 -10
leaf_value=0.0084341837528137814 0.0054094528304323717 -0.024114713463902118 0.02147235604927383 -0.01304890502396674 -0.014494135259088102 0.0040849342855375425 -0.011709571361086944 0.0075183188445353604 0.023333297113387993
leaf_weight=24.717646017670631 7.9231019467115429 14.296892940998076 11.239567056298254 21.610147222876549 22.192074909806252 19.792823225259781 7.8914731740951565 11.24977572262287 10.726208776235579
leaf_count=106 33 63 46 91 97 85 32 46 45
internal_value=-0.000479447 -0.00378144 0.00338339 -0.00140178 -0.0112319 -0.00560695 0.00878133 -5.71808e-05 0.0177063
internal_weight=151.64 113.849 57.5674 46.3278 56.2818 41.9849 37.7906 19.1412 18.6493
internal_count=644 488 243 197 245 182 156 78 78
is_linear=0
shrinkage=0.03


Tree=67
num_leaves=12
num_cat=0
split_feature=22 32 23 7 22 40 40 20 20 38 38
split_gain=5.33524 4.13869 3.99262 6.03007 4.86831 4.40385 3.77996 3.28224 3.14824 1.38987 0.849624
threshold=-0.17880643217029116 0.0060781422660807225 1.1503531895661172 0.019008052147686631 0.21514967570403434 0.069433268222667502 0.005172090982740519 0.022598225420678474 0.017522732725160851 0.0089131830874378381 0.011338802823836756
decision_type=2 2 2 2 2 2 2 2 2 2 2
left_child=1 8 3 5 -5 -2 -3 9 -1 -4 -10
right_child=2 6 7 4 -6 -7 -8 -9 10 -11 -12
leaf_value=-0.00089052663114141636 0.0013031056043651384 0.010022396739276601 0.0011547925219826431 -0.033937031588705334 -0.0032577859041305404 -0.019003239277033204 -0.015487018134615022 -0.0074168474512958382 0.023363670259258319 0.021290751575578866 0.0060369972037970857
leaf_weight=7.9600268304348019 49.802333846688271 7.2264191359281567 7.3081555217504519 10.259484440088274 10.204102724790571 9.5869091600179654 9.3792941272258741 8.0458685755729658 15.405237644910814 7.9339782744646072 8.270935192704199
leaf_count=34 212 30 30 45 43 43 40 33 65 33 36
internal_value=-0.000454588 0.0074843 -0.00438223 -0.00761725 -0.0209588 -0.00224282 -0.00369567 0.00584238 0.0136694 0.0137599 0.0188368
internal_weight=151.383 48.2419 103.141 79.8528 20.4636 59.3892 16.6057 23.288 31.6362 15.2421 23.6762
internal_count=644 205 439 343 88 255 70 96 135 63 101
is_linear=0
shrinkage=0.03


Tree=68
num_leaves=12
num_cat=0
split_feature=22 27 35 23 26 19 28 25 37 19 34
split_gain=5.07083 7.88762 4.67031 6.27842 4.75178 4.29854 3.76729 3.34147 2.75026 2.53376 2.19469
threshold=-0.17880643217029116 1.5000000000000002 0.038609746018320019 1.1022421011432006 0.31519810762862216 0.121123457470292 6.5000000000000009 0.35653753026634388 0.018059303428340726 0.081780812682838711 0.0079954634262784392
decision_type=2 2 2 2 2 2 2 2 2 2 2
left_child=1 5 4 8 7 9 -3 -2 -4 -1 -6
right_child=2 6 3 -5 10 -7 -8 -9 -10 -11 -12
leaf_value=-0.0063638973784956188 -0.019862296283431499 0.029566435381345384 0.0040123449340142133 0.020653226062613838 0.0081635407740053637 -0.020363106605035198 0.0046184525228427416 -0.0012772489862084213 -0.01497163177430204 0.015078587519265692 -0.0091494729697769901
leaf_weight=7.4348407536745089 30.069612666964531 12.041515067219736 12.340659663081171 11.665915563702582 15.757660001516344 7.9989802986383429 13.104772344231604 14.824345186352728 10.234786599874495 7.6072292029857635 8.1074081510305387
leaf_count=32 129 51 52 48 67 34 56 64 44 32 35
internal_value=-0.000445453 0.00729525 -0.00427967 0.00432131 -0.00877594 -0.00474378 0.0184157 -0.0143614 -0.00450185 0.00409698 0.00144936
internal_weight=151.188 48.1873 103 34.2414 68.759 23.0411 25.1463 44.894 22.5754 15.0421 23.8651
internal_count=644 205 439 144 295 98 107 193 96 64 102
is_linear=0
shrinkage=0.03


Tree=69
num_leaves=13
num_cat=0
split_feature=22 27 35 36 19 13 20 35 19 19 11 36
split_gain=4.80539 7.5117 4.43193 5.08575 4.09817 3.87529 7.8663 3.48096 3.1315 2.41942 1.96535 0.324017
threshold=-0.17880643217029116 1.5000000000000002 0.038609746018320019 0.0058181111864939348 0.121123457470292 4.2727215634537759 0.022948633651547205 0.014507376580019994 0.10125992838209658 0.081780812682838711 0.01184519111671012 0.0056694996618834063
decision_type=2 2 2 2 2 2 2 2 2 2 2 2
left_child=1 4 3 10 9 6 -4 -5 -3 -1 -2 -10
right_child=2 8 5 7 -6 -7 -8 -9 11 -11 -12 -13
leaf_value=-0.0062163358574026141 -0.0022063891819015255 0.0028043523442079069 0.019624302673439866 -0.0064885416633633872 -0.019905009157783198 -0.01249545631906838 -0.012658746315699368 0.012331816150784753 0.033436117582624582 0.01472843467802667 -0.023306931884957187 0.011672030801971111
leaf_weight=7.4305290132761019 7.5109325945377376 10.452362015843393 19.369760185480121 32.570399418473244 7.9838353693485251 7.0835989862680426 7.7460263073444358 9.6667815595865232 7.3970809429883939 7.6020660996437073 18.92612361907959 7.2791371941566467
leaf_count=32 33 45 81 140 34 30 33 41 31 32 81 31
internal_value=-0.000425805 0.0071094 -0.00416365 -0.00854834 -0.00463409 0.00421251 0.00965092 -0.00147927 0.0179674 0.00398061 -0.0184164 0.0262355
internal_weight=151.019 48.145 102.874 68.6742 23.0164 34.1994 27.1158 42.2372 25.1286 15.0326 26.4371 14.6762
internal_count=644 205 439 295 98 144 114 181 107 64 114 62
is_linear=0
shrinkage=0.03


Tree=70
num_leaves=10
num_cat=0
split_feature=25 27 35 11 32 8 7 37 21
split_gain=6.57347 4.53999 4.33329 5.1356 4.82062 3.33755 6.27208 6.78196 2.44529
threshold=0.29122340425531917 1.0000000180025095e-35 -0.0098409722541758487 0.030813813720420583 -0.00093359817058774597 0.040106893712331344 0.014922100779749536 0.012995872085935225 0.013282861040926639
decision_type=2 2 2 2 2 2 2 2 2
left_child=1 8 3 -3 -4 6 7 -2 -1
right_child=5 2 4 -5 -6 -7 -8 -9 -10
leaf_value=0.0039517720314339823 0.0072442918128856624 0.0080485455552913431 0.0015712755510063311 -0.018946937271078563 0.020688873378678727 0.0046242250000920132 -0.031246901537730559 -0.018487583928375847 -0.016000207888350316
leaf_weight=7.4121725261211422 18.547865197062492 15.305333822965624 21.714697033166885 7.8711274266242972 31.544739797711372 13.457711786031721 8.9377766698598844 14.284436523914335 9.853788956999777
leaf_count=32 79 65 93 34 132 57 38 63 42
internal_value=0.000818627 0.00570576 0.00890562 -0.00130061 0.0135048 -0.00712061 -0.0112857 -0.00393902 -0.0071353
internal_weight=148.93 93.7019 76.4359 23.1765 53.2594 55.2278 41.7701 32.8323 17.266
internal_count=635 398 324 99 225 237 180 142 74
is_linear=0
shrinkage=0.03


Tree=71
num_leaves=11
num_cat=0
split_feature=16 28 25 8 16 26 3 25 34 35
split_gain=7.23226 6.28255 6.25995 5.37623 5.25422 3.50343 3.02266 4.95675 2.81895 0.96653
threshold=-1.8563741398707398 2.5000000000000004 0.28674203494347383 -0.03377099943007518 2.9258480981348849 0.20156250000000003 -0.0037403632892699097 0.53095238095238106 0.036310443197063676 0.039183020365752282
decision_type=2 2 2 2 2 2 2 2 2 2
left_child=1 -1 4 -3 8 -6 -4 -8 -2 -5
right_child=2 3 6 9 5 -7 7 -9 -10 -11
leaf_value=0.013384048034568486 0.020842329222252844 0.00032851282627132175 0.0097835726636284065 -0.027683687665255311 0.011036513356607609 -0.009776381417062217 -0.016507130128914718 0.0061605693770132022 0 -0.0080007406618977164
leaf_weight=6.7639803886413565 32.58962881565094 12.448546171188353 8.660396993160246 14.974756225943567 11.612269818782808 13.642288893461226 21.011467024683952 11.391014009714125 7.6791835874319068 7.9968657940626136
leaf_count=30 136 53 37 66 49 59 91 48 32 34
internal_value=0.000782262 -0.00934412 0.00502646 -0.0145686 0.0107202 0 -0.00378656 -0.00820746 0.017189 -0.0226219
internal_weight=148.77 42.1841 106.586 35.4202 65.5234 25.2546 41.0629 32.4025 40.2688 22.9716
internal_count=635 183 452 153 276 108 176 139 168 100
is_linear=0
shrinkage=0.03


Tree=72
num_leaves=12
num_cat=0
split_feature=25 12 4 7 15 24 5 20 19 35 7
split_gain=5.96696 5.68347 4.43096 4.57644 8.75084 4.88436 3.76784 3.75617 3.23457 3.27171 0.507721
threshold=0.29122340425531917 65.600388457100777 0.012482983380495251 0.03246228539781177 15.530000975571962 0.67589763177998485 -0.018835546361037622 0.02052079863322569 0.121123457470292 -0.013338560249196661 1.0000000180025095e-35
decision_type=2 2 2 2 2 2 2 2 2 2 2
left_child=2 6 8 4 -4 -5 -2 -3 9 -1 -8
right_child=1 7 3 5 -6 -7 10 -9 -10 -11 -12
leaf_value=-0.0095855116406623978 0 0.016685035068013415 0.0034999531512091338 -0.015253342402186926 0.035318710637768758 0.014151550374359119 -0.0091123816770323999 -0.0080285722503228782 -0.013394523273111691 0.0096681142129031762 -0.024796209306480046
leaf_weight=9.1372289061546308 12.548098981380461 10.619650825858118 20.023753106594086 8.7004847973585147 12.794592797756193 7.5641331523656836 10.570428416132929 7.3081416785717002 12.16959363222122 23.155777737498283 13.991039812564848
leaf_count=40 54 44 86 37 53 31 46 31 53 98 62
internal_value=0.000763393 -0.00681029 0.00542563 0.011486 0.0176518 -0.000704687 -0.0134051 0.0060633 -0.00114806 0.00354162 -0.0198055
internal_weight=148.583 55.0374 93.5456 49.083 32.8183 16.2646 37.1096 17.9278 44.4626 32.293 24.5615
internal_count=635 237 398 207 139 68 162 75 191 138 108
is_linear=0
shrinkage=0.03


Tree=73
num_leaves=10
num_cat=0
split_feature=23 12 37 38 15 15 31 23 25
split_gain=8.90341 10.5439 8.26704 4.67214 5.58353 7.19855 4.32555 2.07602 0.352037
threshold=0.92790119299325646 66.385963668167705 0.011641300931014899 0.011717312070199739 1.1412907967894117 11.337248456282007 -1.4999999999999998 1.2709840386615641 0.11645830921788788
decision_type=2 2 2 2 2 2 2 2 2
left_child=1 2 6 4 -2 -6 -1 -5 -4
right_child=3 -3 8 7 5 -7 -8 -9 -10
leaf_value=0.013351551316127655 0.029994002624912242 0.014789724686053551 -0.013385775591925195 -0.013065718524038893 -0.0047996576165007755 0.015566219160636446 -0.010159856346706204 0.0044758931209895785 -0.033265300840859401
leaf_weight=8.1962520033121127 9.7854924798011762 12.404158413410185 8.9446465224027651 11.09517176449299 26.207586348056793 31.70492796599865 19.638865351676941 8.2144959270954114 12.2679206430912
leaf_count=35 43 52 40 47 111 132 83 34 58
internal_value=0.000734943 -0.00775088 -0.0141013 0.00693633 0.0106569 0.00624697 -0.00230306 -0.00517975 -0.0274045
internal_weight=148.46 61.4518 49.0477 87.0077 67.698 57.9125 27.8351 19.3097 21.2126
internal_count=635 268 216 367 286 243 118 81 98
is_linear=0
shrinkage=0.03


Tree=74
num_leaves=10
num_cat=0
split_feature=16 28 38 37 38 12 14 32 25
split_gain=6.62336 5.91997 5.8434 9.35611 5.52255 5.27224 4.14359 3.73158 1.47521
threshold=-1.8563741398707398 2.5000000000000004 0.011717312070199739 0.0015879479172735691 0.0088875695087605143 39.449762892708954 5.7805783675613336 -0.0025598983754820388 0.18090909090909094
decision_type=2 2 2 2 2 2 2 2 2
left_child=1 -1 4 -4 6 8 -2 -6 -3
right_child=2 5 3 -5 7 -7 -8 -9 -10
leaf_value=0.013053789565655964 0.016006795966077566 0.0073804988199217885 0.010915746896436459 -0.021727285787772319 0.00036498513809338635 -0.024715079827882108 -0.0035447364069131132 0.023727968419085293 -0.0083304588448574798
leaf_weight=6.7428802251815787 11.214071899652479 7.1553738117218044 12.544235453009607 14.813832908868788 9.8698240369558317 17.850490763783455 33.67346978187561 24.122739896178246 10.220642745494841
leaf_count=30 48 31 53 66 42 79 142 101 43
internal_value=0.000712114 -0.0089997 0.00478275 -0.00652488 0.00895441 -0.0140985 0.00149425 0.0177584 -0.000992585
internal_weight=148.208 41.9694 106.238 27.3581 78.8801 35.2265 44.8875 33.9926 17.376
internal_count=635 183 452 119 333 153 190 143 74
is_linear=0
shrinkage=0.03


Tree=75
num_leaves=7
num_cat=0
split_feature=36 0 36 5 10 0
split_gain=3.56658 4.09593 4.06125 3.95058 4.2072 2.59054
threshold=0.0043698420435613807 0.0018053796682557801 0.004697035707466061 -0.032085208257314861 -0.0020227168137143532 -0.0029755199492675351
decision_type=2 2 2 2 2 2
left_child=1 -1 -2 5 -5 -4
right_child=2 -3 3 4 -6 -7
leaf_value=-0.020398338673891549 0.017888117559936603 0.0024483345869105375 0.023090313203546622 -0.014453610108651569 0.00099241450214291259 0.0016022077900566161
leaf_weight=12.341840431094171 12.064951509237288 11.16007888317108 8.3393914103508013 17.5752964168787 76.005965501070023 13.843001052737234
leaf_count=54 50 47 37 77 326 59
internal_value=0.000520902 -0.00962004 0.00262037 0.000625016 -0.00199327 0.0115424
internal_weight=151.331 23.5019 127.829 115.764 93.5813 22.1824
internal_count=650 101 549 499 403 96
is_linear=0
shrinkage=0.03


Tree=76
num_leaves=12
num_cat=0
split_feature=28 7 31 17 35 35 6 17 24 14 19
split_gain=3.49618 4.86967 5.06445 4.47465 6.13078 5.39913 4.59363 4.29217 3.55057 3.54574 1.90051
threshold=8.5000000000000018 0.019305131482637534 1.5000000000000002 0.48650502714376659 0.029725541754420885 -0.031479363654649699 0.0022477123113303727 -1.5932203916433865 0.16774891774891779 14.780035995934158 0.11630414046963126
decision_type=2 2 2 2 2 2 2 2 2 2 2
left_child=3 2 9 6 5 -5 7 -1 -8 -2 -3
right_child=1 10 -4 4 -6 -7 8 -9 -10 -11 -12
leaf_value=-0.0076690812515927513 -0.010012651408359 -0.0040363870466583116 0.020498602228661233 0.021106412513287386 0.030702976014109706 -0.0076945725750231578 0 0.011455737785942005 -0.024063284564964701 0.01078775270625594 -0.026763395080828756
leaf_weight=13.324482917785643 25.437887117266655 8.7882794439792651 7.2341120839118949 7.1025905609130904 9.7253677248954755 13.83379328250885 11.714131832122805 29.275642707943916 8.6938672959804517 7.6829941868782035 8.4001807272434217
leaf_count=58 111 37 30 30 41 60 50 127 38 32 36
internal_value=0.000515941 -0.00508657 0.000449018 0.00414886 0.0131742 0.00241053 -0.000282606 0.00506189 -0.0115643 -0.00442097 -0.0175569
internal_weight=151.213 57.5435 40.355 93.6699 30.6618 20.9364 63.0081 42.6001 20.408 33.1209 17.1885
internal_count=650 246 173 404 131 90 273 185 88 143 73
is_linear=0
shrinkage=0.03


Tree=77
num_leaves=11
num_cat=0
split_feature=23 26 7 4 17 35 36 0 24 4
split_gain=3.41782 4.50181 3.9455 6.81911 6.78545 4.59813 2.94363 2.36549 2.88755 0.141567
threshold=1.0895801373186311 0.44504830917874399 0.019008052147686631 0.028217835236534209 0.98369815806745564 0.016432440660855367 0.0059465208567478891 -0.010349216787292169 0.66885964912280704 0.052356038660421829
decision_type=2 2 2 2 2 2 2 2 2 2
left_child=2 7 3 5 9 -1 -5 -2 -9 -4
right_child=1 -3 4 6 -6 -7 -8 8 -10 -11
leaf_value=-0.012526828349409661 0.011669731113499768 0.020957615833831458 -0.030475507239346746 0.0013788590360122026 0.0043518404178390065 0.0032948073604656056 0.028622481066803967 -0.010966292611461082 0.0091229344272748033 -0.010978242283891557
leaf_weight=26.96158729493618 10.538182765245436 12.8345350921154 7.6701526492834109 7.911605626344679 11.089749753475187 34.780127927660942 7.7880620211362839 16.831229612231258 7.2744631469249716 7.4034560173749924
leaf_count=120 44 54 34 34 47 151 33 70 30 33
internal_value=0.000500091 0.00708016 -0.00245027 0.000846057 -0.0121069 -0.00355518 0.0174481 0.000666381 -0.00409483 -0.0241856
internal_weight=151.083 47.4784 103.605 77.4414 26.1634 61.7417 15.6997 34.6439 24.1057 15.0736
internal_count=650 198 452 338 114 271 67 144 100 67
is_linear=0
shrinkage=0.03


Tree=78
num_leaves=11
num_cat=0
split_feature=36 24 24 23 5 22 21 20 36 34
split_gain=3.33122 5.00485 4.565 4.52259 3.77195 3.69334 4.15526 3.13397 2.39566 1.85428
threshold=0.0043698420435613807 0.16774891774891779 0.66885964912280704 0.92284896977392583 -0.0088983014771614726 0.10876769817416544 0.019049062662967232 0.021026423877871143 0.0058625641493879341 -0.006068572271641314
decision_type=2 2 2 2 2 2 2 2 2 2
left_child=3 5 4 -1 -3 6 -2 -5 -4 -7
right_child=1 2 8 7 -6 9 -8 -9 -10 -11
leaf_value=-0.02378269364675941 -0.0028119905823281027 0.0024983429051192167 0.019092884078427536 -0.010793073756953065 -0.016195414534127209 0.0014398152852674862 0.015236947263954593 0.013880455455985147 -0.0012851931556502451 0.022125950914215448
leaf_weight=9.0816642343997973 35.967437222599983 12.356338843703268 7.1383963376283637 7.2281636595725995 25.425638720393181 7.3824232667684582 14.068811684846876 7.1041093468666077 8.6732799857854825 16.473289161920547
leaf_count=40 156 54 30 31 110 31 61 30 37 70
internal_value=0.000497054 0.00253142 -0.00418288 -0.00931705 -0.00988645 0.00758082 0.00236519 0.000720594 0.00818346 0.0169111
internal_weight=150.9 127.486 53.5937 23.4139 37.782 73.892 50.0362 14.3323 15.8117 23.8557
internal_count=650 549 231 101 164 318 217 61 67 101
is_linear=0
shrinkage=0.03


Tree=79
num_leaves=9
num_cat=0
split_feature=36 19 25 19 22 34 35 9
split_gain=3.17748 3.91313 6.59784 6.426 4.09765 4.06917 3.48893 2.55886
threshold=0.0043698420435613807 0.071577558233043251 0.13965991497874472 0.093068345271227371 0.20473027517070477 0.016536368096459756 0.041200918288436202 0.0070735333073594251
decision_type=2 2 2 2 2 2 2 2
left_child=6 2 -2 5 -5 -3 -1 -4
right_child=1 3 7 4 -6 -7 -8 -9
leaf_value=-0.02067896706470395 0.0095099352750917243 0.028820838613949212 0 -0.0029344887763913152 0.012562923859635648 0 0.00048600467821882605 -0.021952302804062143
leaf_weight=10.248438090085985 13.378123745322226 13.03890545666218 7.3114973455667522 52.97133831679821 19.028346225619316 7.0449010878801337 13.131794050335882 14.635425314307211
leaf_count=44 57 56 32 230 80 30 57 64
internal_value=0.000489955 0.0024789 -0.00559019 0.00578683 0.00118737 0.0199956 -0.00909885 -0.0154466
internal_weight=150.789 127.409 35.325 92.0835 71.9997 20.0838 23.3802 21.9469
internal_count=650 549 153 396 310 86 101 96
is_linear=0
shrinkage=0.03


Tree=80
num_leaves=10
num_cat=0
split_feature=37 9 5 9 7 17 7 21 17
split_gain=4.37608 7.23963 3.18499 3.13146 3.02777 3.02039 4.19352 2.94374 2.55266
threshold=0.011641300931014899 0.032623464997745245 0.056273488611456542 0.13434734577411198 0.019008052147686631 -1.1136105569143582 -0.011540202059496371 0.011870452418922451 -0.44152837749103652
decision_type=2 2 2 2 2 2 2 2 2
left_child=4 8 7 -4 5 -1 -7 -3 -2
right_child=1 2 3 -5 -6 6 -8 -9 -10
leaf_value=-0.00355334459925097 -0.0032678005139983412 -0.00098644570923869758 -0.0077360339251569803 0.0085231460602413853 -0.0048227131319690288 0.026932430411185704 0.0053556706648956081 0.01952706365152369 -0.028232770492307425
leaf_weight=8.6733003705739957 8.3535573184490222 8.9969529807567614 34.646055638790131 12.493305742740629 12.344573110342024 13.186960056424136 25.385441690683368 11.549535393714903 10.047193393111227
leaf_count=36 38 39 150 52 51 58 109 49 45
internal_value=0.000835558 -0.00335114 0.00113033 -0.00295011 0.0070398 0.0105139 0.0140659 0.0105886 -0.0190659
internal_weight=145.677 86.0866 67.6858 47.1394 59.5903 47.2457 38.5724 20.5465 18.4008
internal_count=627 373 290 202 254 203 167 88 83
is_linear=0
shrinkage=0.03


Tree=81
num_leaves=9
num_cat=0
split_feature=27 22 26 22 32 32 26 28
split_gain=3.71874 3.34464 3.32866 3.5585 4.14695 2.78392 2.09804 0.940069
threshold=1.0000000180025095e-35 -0.28424106500975826 0.49712643678160923 -0.17880643217029116 -0.001931213698723566 0.0058731023728758611 0.60088495575221257 5.5000000000000009
decision_type=2 2 2 2 2 2 2 2
left_child=1 -1 3 5 -5 -2 -4 -3
right_child=2 7 6 4 -6 -7 -8 -9
leaf_value=0.0052259126554831271 0.01694810332671659 -0.0042240555894887113 0.022831828611914941 -0.012284003922943366 0.0022016180119393907 -0.0021325398324942135 0.0020955233888258254 -0.021859305291968053
leaf_weight=7.8588214367628124 16.183741599321369 8.3485294431448001 9.5101538002491015 24.222213611006737 50.45774918794632 8.3857096433639509 10.733806341886519 9.7872146070003492
leaf_count=34 69 36 41 105 217 36 46 43
internal_value=0.000807118 -0.00892501 0.00315978 0.000636153 -0.00249898 0.0102009 0.0136883 -0.015712
internal_weight=145.488 25.9946 119.493 99.2494 74.68 24.5695 20.244 18.1357
internal_count=627 113 514 427 322 105 87 79
is_linear=0
shrinkage=0.03


Tree=82
num_leaves=9
num_cat=0
split_feature=27 22 26 3 13 34 26 28
split_gain=3.54128 3.20151 3.17822 3.73986 5.47066 3.72202 1.99303 0.887541
threshold=1.0000000180025095e-35 -0.28424106500975826 0.49712643678160923 0.0019738630622235802 -0.56164617486795965 0.0021047833922968055 0.60088495575221257 5.5000000000000009
decision_type=2 2 2 2 2 2 2 2
left_child=1 -1 3 4 -2 -5 -4 -3
right_child=2 7 6 5 -6 -7 -8 -9
leaf_value=0.0051008298435592939 -0.0025210562109936651 -0.0041233492824674358 0.022311580511862304 0.0048785057570319579 0.017405802546170912 -0.010423122100685505 0.0020424860449249414 -0.021375111478688823
leaf_weight=7.8590302467346218 23.224810242652893 8.3447608500719088 9.4869349747896212 20.647237300872803 21.319037467241287 34.022585600614548 10.734086930751799 9.7544516921043378
leaf_count=34 101 36 41 88 92 146 46 43
internal_value=0.000786962 -0.00871366 0.00308488 0.000615631 0.00703194 -0.00441122 0.0133793 -0.0153691
internal_weight=145.393 25.9582 119.435 99.2137 44.5438 54.6698 20.221 18.0992
internal_count=627 113 514 427 193 234 87 79
is_linear=0
shrinkage=0.03


Tree=83
num_leaves=12
num_cat=0
split_feature=37 11 23 11 28 36 26 2 24 13 38
split_gain=4.06565 5.75681 4.29134 5.06011 3.46827 5.96259 3.12866 2.73336 2.58225 2.00513 1.72797
threshold=0.011641300931014899 0.041628441730638073 0.88077839479819064 0.0021499408597129848 4.5000000000000009 0.0063755296264285779 0.41588050314465413 0.0011547432800341764 0.25904139433551204 0.61006971925334608 0.0092115829538709244
decision_type=2 2 2 2 2 2 2 2 2 2 2
left_child=4 2 -2 -4 8 10 9 -7 -1 -3 -6
right_child=1 6 3 -5 5 7 -8 -9 -10 -11 -12
leaf_value=0.024464033825875215 -0.024725513188125436 -0.0085346306895091231 0.011358676379743188 -0.01180536277156603 0.00014955607653482564 0.0003412874526373561 0.016296384490506279 -0.018278249227141705 0.00072734195059399615 0.0062678378554467179 0.021617256893605379
leaf_weight=11.710683614015581 12.000435993075369 13.945248156785967 10.519341632723807 22.846370369195938 6.9107086956501034 13.077593296766283 11.946710452437399 10.296897798776625 8.0248758941888791 14.611264199018477 9.3731793016195279
leaf_count=51 57 60 44 99 30 56 51 43 34 62 40
internal_value=0.000769407 -0.00326592 -0.0104987 -0.00384885 0.00676418 0.00102187 0.0045952 -0.008064 0.0164574 -0.000555367 0.0143399
internal_weight=145.263 85.8694 45.3661 33.3657 59.3939 39.6584 40.5032 23.3745 19.7356 28.5565 16.2839
internal_count=627 373 200 143 254 169 173 99 85 122 70
is_linear=0
shrinkage=0.03


Tree=84
num_leaves=9
num_cat=0
split_feature=27 26 3 4 34 26 4 16
split_gain=3.35532 2.95303 3.51961 4.8686 3.50446 1.92317 1.88013 5.01028
threshold=1.0000000180025095e-35 0.49712643678160923 0.0019738630622235802 -0.0065141228184706348 0.0021047833922968055 0.60088495575221257 0.0052585901695094703 3.3155884063386316
decision_type=2 2 2 2 2 2 2 2
left_child=6 2 3 -2 -4 -3 -1 -8
right_child=1 5 4 -5 -6 -7 7 -9
leaf_value=-0.017684231891849589 -0.002172950464782815 0.021728325288884603 0.0047427186299364727 0.016620778296816192 -0.01010830048327826 0.0018301647706209813 0.013485237238632895 -0.016398341068493388
leaf_weight=9.812564745545389 23.099991261959076 9.4419585913419741 20.623050302267075 21.323047518730164 33.930899575352669 10.721732735633848 8.0773206949234027 7.9881819784641257
leaf_count=44 102 41 88 91 146 46 34 35
internal_value=0.000763898 0.00300558 0.000615988 0.00685233 -0.00425975 0.0129445 -0.0084938 -0.000713767
internal_weight=145.019 119.141 98.977 44.423 54.5539 20.1637 25.8781 16.0655
internal_count=627 514 427 193 234 87 113 69
is_linear=0
shrinkage=0.03


Tree=85
num_leaves=8
num_cat=0
split_feature=37 33 7 7 19 33 13
split_gain=4.42586 6.9798 5.30184 5.84985 5.19806 4.02782 4.02281
threshold=0.012055337070572826 0.55294143204727153 -0.024266841725600782 0.019305131482637534 0.058751018058597233 0.63861279912109048 0.3827596402826608
decision_type=2 2 2 2 2 2 2
left_child=2 -2 -1 4 -4 -3 -7
right_child=1 5 3 -5 -6 6 -8
leaf_value=-0.01062933621019934 -0.02348925660299863 0.016671271135301251 -0.0020129939693053159 -0.0059820268022817381 0.022393510512167043 -0.010439212485721373 0.0040418877569709955
leaf_weight=12.222906604409216 13.432399928569792 7.8716617822647086 8.9283498227596265 12.841577336192129 26.4878139346838 35.326106444001198 28.735880166292191
leaf_count=52 60 34 38 53 116 155 122
internal_value=-0.000692379 -0.00513182 0.00529733 0.00989222 0.0160611 -0.000958306 -0.00379075
internal_weight=145.847 85.366 60.4806 48.2577 35.4162 71.9336 64.062
internal_count=630 371 259 207 154 311 277
is_linear=0
shrinkage=0.03


Tree=86
num_leaves=9
num_cat=0
split_feature=37 7 7 19 28 35 35 35
split_gain=4.16122 5.02376 5.55895 4.96343 3.55073 3.80033 2.97607 2.28032
threshold=0.012055337070572826 -0.024266841725600782 0.019305131482637534 0.058751018058597233 1.5000000000000002 -0.0028213129801106236 -0.03740733760333486 0.027652749408380698
decision_type=2 2 2 2 2 2 2 2
left_child=1 -1 3 -3 -2 6 -6 -7
right_child=4 2 -4 -5 5 7 -8 -9
leaf_value=-0.010343784019335722 0.01135182017603081 -0.0019637977829810886 -0.0058268876944248382 0.021870239269829554 -0.0012265087847545344 0.0039376230944631824 -0.028246658564565548 -0.0075297796725103516
leaf_weight=12.238494679331778 8.1977159529924375 8.9275715202093107 12.841229766607283 26.357756376266479 7.3192125260829952 22.364630609750748 10.007932424545286 37.359249427914619
leaf_count=52 35 38 53 116 32 97 46 161
internal_value=-0.000679516 0.00513065 0.00962071 0.0156558 -0.00498894 -0.00716046 -0.0189171 -0.00300415
internal_weight=145.614 60.3651 48.1266 35.2853 85.2487 77.051 17.3271 59.7239
internal_count=630 259 207 154 371 336 78 258
is_linear=0
shrinkage=0.03


Tree=87
num_leaves=7
num_cat=0
split_feature=6 40 20 38 4 36
split_gain=4.0085 6.17252 3.2449 5.55693 4.49604 1.66283
threshold=-0.026482176949070003 -0.038922836264518139 0.02286725230543046 0.008776172097479969 0.060745600290335273 0.0064161386158476689
decision_type=2 2 2 2 2 2
left_child=-1 5 3 -3 -4 -2
right_child=1 2 4 -5 -6 -7
leaf_value=-0.019063723949179105 0.025996840998224875 -0.0050449528801702987 -0.018574304152297719 0.0093126821244447142 0.0046708018836469209 0.0028518776489358049
leaf_weight=7.9959030449390402 7.8832804113626462 55.087217375636101 18.236582517623905 39.799244821071625 9.4411202222108823 6.9528320729732513
leaf_count=33 34 238 83 171 40 31
internal_value=-0.000673512 0.000547244 -0.00165522 0.000890328 -0.0103593 0.0176684
internal_weight=145.396 137.4 122.564 94.8865 27.6777 14.8361
internal_count=630 597 532 409 123 65
is_linear=0
shrinkage=0.03


Tree=88
num_leaves=10
num_cat=0
split_feature=27 22 16 16 16 22 17 19 22
split_gain=4.00527 5.23335 5.23488 3.62076 4.78038 4.25608 3.60205 2.89214 2.85731
threshold=1.5000000000000002 -0.048855525813472349 0.20131972875600826 -1.6449735847205049 0.50041207260222154 -1.0000000180025095e-35 -0.8932429921856907 0.056984045110770674 -0.19609022617444874
decision_type=2 2 2 2 2 2 2 2 2
left_child=3 2 -2 -1 -5 -6 -3 -8 -4
right_child=1 6 8 4 5 -7 7 -9 -10
leaf_value=-0.017892886308722426 0.022429533599304077 -0.016974482047343638 0.0086056448838132613 0.012189692247082008 -0.018769593157883954 0.0033479603694157993 -0.013272968099048361 0.005421062643433925 -0.012021749137717693
leaf_weight=16.560520529747009 17.610165327787399 10.7207895219326 13.90840218961239 12.865495681762694 14.555704653263092 12.068979442119598 7.3853780180215827 31.929718285799026 7.6518709212541571
leaf_count=73 78 46 60 55 64 51 32 137 34
internal_value=-0.000647751 0.0031703 0.0111905 -0.00688255 -0.00126381 -0.00868626 -0.0030088 0.00107378 0.000249135
internal_weight=145.257 89.2063 39.1704 56.0507 39.4902 26.6247 50.0359 39.3151 21.5603
internal_count=630 387 172 243 170 115 215 169 94
is_linear=0
shrinkage=0.03


Tree=89
num_leaves=13
num_cat=0
split_feature=35 15 40 10 36 36 17 36 25 7 40 23
split_gain=3.73651 6.08604 5.43922 5.33549 5.32922 4.57431 4.5289 4.46619 4.04692 3.87478 2.03131 1.72182
threshold=0.014507376580019994 2.0162517556562611 0.031369558146411076 -0.011818450943744894 0.0062727771891288196 0.0062727771891288196 0.45942414109941604 0.0039621565038976949 0.35653753026634388 -0.0026548678379519118 0.020934772863902665 0.88229613111143468
decision_type=2 2 2 2 2 2 2 2 2 2 2 2
left_child=1 3 5 -1 6 7 -4 -2 10 -7 -3 -5
right_child=2 8 4 11 -6 9 -8 -9 -10 -11 -12 -13
leaf_value=-0.0097307467466489789 0 -0.029985827814891158 -0.022077652328818326 0.0017235160501586973 0.011296283812950305 0.0094551219504086792 0.0031020327888493398 0.021007027768005011 0.00086272736865968121 -0.018016847194273482 -0.0094540092868362693 0.025301247678392584
leaf_weight=10.203162521123888 11.808311298489569 10.493785440921785 15.541506588459017 6.6632503122091276 9.0230017900466901 6.8212452530860901 7.9598330259323111 26.346767142415047 10.195506915450094 7.1760304868221265 15.846588373184202 7.0057754963636398
leaf_count=44 51 45 68 31 38 30 34 113 45 31 70 30
internal_value=-0.000637054 -0.00630999 0.00328916 0.00479444 -0.00584691 0.00926929 -0.0133867 0.0145404 -0.013827 -0.00418304 -0.0197019 0.0164521
internal_weight=145.085 60.4081 84.6767 23.8722 32.5243 52.1524 23.5013 38.1551 36.5359 13.9973 26.3404 13.669
internal_count=630 265 365 105 140 225 102 164 160 61 115 61
is_linear=0
shrinkage=0.03


Tree=90
num_leaves=10
num_cat=0
split_feature=3 26 13 36 0 28 3 35 16
split_gain=4.9164 5.88601 5.72547 6.51869 4.72269 6.31695 4.50982 3.58381 2.96386
threshold=-0.0051882176977307006 0.45310213637693891 -1.2508940465739042 0.0068240004911848404 -0.010492232262399424 1.5000000000000002 -0.038942896994801128 0.029191260715373372 3.0697153521874307
decision_type=2 2 2 2 2 2 2 2 2
left_child=2 4 6 -4 -2 -6 -1 -8 -3
right_child=1 8 3 -5 5 -7 7 -9 -10
leaf_value=-0.020875327289231728 0.0069661059669119422 0.017463709535966678 0.029050650502339279 0 0.010581779469874507 -0.015424547913143238 0.014644356029690862 -0.0079524169974253735 -0.0043528729357912984
leaf_weight=7.0060916990041759 11.865383744239805 11.661136195063593 13.158078983426096 11.004985049366949 7.614088997244834 58.599568396806717 11.381047278642656 9.34905858337879 6.8663646876811972
leaf_count=30 51 50 58 49 33 255 50 41 30
internal_value=-0.00108333 -0.00513576 0.00609233 0.01627 -0.00882127 -0.0119915 -0.0027677 0.0039905 0.00901132
internal_weight=148.506 96.6065 51.8993 24.1631 78.079 66.2137 27.7362 20.7301 18.5275
internal_count=647 419 228 107 339 288 121 91 80
is_linear=0
shrinkage=0.03


Tree=91
num_leaves=10
num_cat=0
split_feature=3 13 36 3 28 24 15 35 15
split_gain=4.61718 5.45372 6.23603 4.29578 4.04449 4.80324 3.87228 3.40618 2.63521
threshold=-0.0051882176977307006 -1.2508940465739042 0.0068240004911848404 -0.038942896994801128 1.5000000000000002 0.44949494949494956 12.458222935612492 0.029191260715373372 2.3323475681963743
decision_type=2 2 2 2 2 2 2 2 2
left_child=1 3 -3 -1 -2 6 -6 -5 -7
right_child=4 2 -4 7 5 8 -8 -9 -10
leaf_value=-0.020395887129857581 0.011192227419864254 0.028412620026759431 0 0.014258531456862848 -0.0080587853419313866 -0.00086778915400072612 0.006879876277717847 -0.0077580011525416699 -0.023561163560312865
leaf_weight=7.0027202367782619 9.8762999176979047 13.095804944634439 11.004985049366949 11.392282202839853 37.657543554902077 8.0563489496707934 23.084218531847 9.3460126966238004 17.804629638791084
leaf_count=30 43 58 49 50 165 34 99 41 78
internal_value=-0.00103708 0.00591633 0.0158705 -0.00271297 -0.00496999 -0.00719348 -0.00210411 0.00386713 -0.0175998
internal_weight=148.321 51.8418 24.1008 27.741 96.479 86.6027 60.7418 20.7383 25.861
internal_count=647 228 107 121 419 376 264 91 112
is_linear=0
shrinkage=0.03


Tree=92
num_leaves=11
num_cat=0
split_feature=19 19 25 19 19 23 17 4 3 19
split_gain=4.40765 6.04128 5.82073 4.43617 4.17223 3.92268 3.56644 2.56891 1.32595 1.2018
threshold=0.066177925155657333 0.093068345271227371 0.22966269841269843 0.10570212689660401 0.11454394939195407 0.94041052154440441 -0.81146140363622654 0.040860353020835578 0.0019738630622235802 0.097093728277790045
decision_type=2 2 2 2 2 2 2 2 2 2
left_child=2 6 5 9 -5 -1 -2 -8 -4 -3
right_child=1 3 8 4 -6 -7 7 -9 -10 -11
leaf_value=-0.013915348145080187 -0.0025753481130813458 -0.0026427177220850113 -0.0069403459841857161 0.016988017341357738 -0.0022982677375391926 0.012097044580143691 0.023752620292693261 0.00021726794979357844 -0.031003315980075871 -0.022551520253810672
leaf_weight=6.7620868533849743 8.4794481694698316 7.0184627920389167 6.8752340674400321 10.070270732045172 57.30639536678791 10.617904305458067 16.917128920555118 7.0888448953628531 8.1840207427740079 8.8316952884197217
leaf_count=30 37 31 30 43 250 45 76 30 37 38
internal_value=-0.00101006 0.00165625 -0.0105003 -0.00251513 0.000774727 0.000810726 0.0123043 0.0179307 -0.0229984 -0.0158601
internal_weight=148.151 115.712 32.4392 83.2268 67.3767 17.38 32.4854 24.006 15.0593 15.8502
internal_count=647 505 142 362 293 75 143 106 67 69
is_linear=0
shrinkage=0.03


Tree=93
num_leaves=10
num_cat=0
split_feature=3 26 22 16 0 28 16 34 28
split_gain=4.31054 5.43959 5.23796 6.77552 4.42738 5.75457 2.78686 1.33243 1.24653
threshold=-0.0051882176977307006 0.45310213637693891 -0.052988435993191245 -1.8563741398707398 -0.010492232262399424 1.5000000000000002 3.0697153521874307 0.0085214436798107824 5.5000000000000009
decision_type=2 2 2 2 2 2 2 2 2
left_child=2 4 7 8 -2 -6 -3 -1 -4
right_child=1 6 3 -5 5 -7 -8 -9 -10
leaf_value=0.020757362711043684 0.0068958094052691456 0.016998757782594315 -0.001426312899553668 0.013478208503045732 0.010052433543174562 -0.014748351209673376 -0.0041399019341825331 0.0037000009948833907 -0.021130343798923118
leaf_weight=14.822171837091448 11.851414099335669 11.632164254784586 6.6141733676195207 10.63709284365177 7.6068396419286719 58.303574100136757 6.8550861477851859 10.081090837717054 9.5699175894260389
leaf_count=66 51 50 30 45 33 255 30 45 42
internal_value=-0.000998658 -0.00480634 0.00572266 -0.0029991 -0.00836603 -0.0114534 0.0087894 0.0151983 -0.0149451
internal_weight=147.974 96.2491 51.7244 26.8212 77.7618 65.9104 18.4873 24.9033 16.1841
internal_count=647 419 228 117 339 288 80 111 72
is_linear=0
shrinkage=0.03


end of trees

feature_importances:
vol_ratio=52
macd_hist=45
macro_topix_ret_20=44
macro_usdjpy_vol_20=37
macro_topix_vol_20=37
bb_bandwidth=35
macro_usdjpy_ret_60=31
ma_20_60_cross=30
macd_signal=30
div_ma_10=29
rsi=28
lower_shadow_pct=28
gap=28
atr_pct=25
return_10d=24
vol_change=23
macro_nikkei_ret_20=23
return_5d=22
return_20d=22
macd=22
macd_hist_change=22
macro_usdjpy_ret_20=22
month=21
day_of_week=20
candle_body_pct=19
upper_shadow_pct=19
ma_5_20_cross=16
volatility=16
rsi_change=15
price_position_20d=14
return_1d=13
return_3d=13
div_ma_5=13
div_ma_20=12
div_ma_60=10
return_2d=6
bb_pct_b=4
streak=2
macro_nikkei_above_200dma=1

parameters:
[boosting: gbdt]
[objective: binary]
[metric: binary_logloss]
[tree_learner: serial]
[device_type: cpu]
[data_sample_strategy: bagging]
[data: ]
[valid: ]
[num_iterations: 94]
[learning_rate: 0.03]
[num_leaves: 15]
[num_threads: 0]
[seed: 42]
[deterministic: 0]
[force_col_wise: 0]
[force_row_wise: 0]
[histogram_pool_size: -1]
[max_depth: 4]
[min_data_in_leaf: 30]
[min_sum_hessian_in_leaf: 0.001]
[bagging_fraction: 0.7]
[pos_bagging_fraction: 1]
[neg_bagging_fraction: 1]
[bagging_freq: 5]
[bagging_seed: 400]
[bagging_by_query: 0]
[feature_fraction: 0.6]
[feature_fraction_bynode: 1]
[feature_fraction_seed: 30056]
[extra_trees: 0]
[extra_seed: 12879]
[early_stopping_round: 0]
[early_stopping_min_delta: 0]
[first_metric_only: 0]
[max_delta_step: 0]
[lambda_l1: 0.5]
[lambda_l2: 2]
[linear_lambda: 0]
[min_gain_to_split: 0]
[drop_rate: 0.1]
[max_drop: 50]
[skip_drop: 0.5]
[xgboost_dart_mode: 0]
[uniform_drop: 0]
[drop_seed: 17869]
[top_rate: 0.2]
[other_rate: 0.1]
[min_data_per_group: 100]
[max_cat_threshold: 32]
[cat_l2: 10]
[cat_smooth: 10]
[max_cat_to_onehot: 4]
[top_k: 20]
[monotone_constraints: ]
[monotone_constraints_method: basic]
[monotone_penalty: 0]
[feature_contri: ]
[forcedsplits_filename: ]
[refit_decay_rate: 0.9]
[cegb_tradeoff: 1]
[cegb_penalty_split: 0]
[cegb_penalty_feature_lazy: ]
[cegb_penalty_feature_coupled: ]
[path_smooth: 0]
[interaction_constraints: ]
[verbosity: -1]
[saved_feature_importance_type: 0]
[use_quantized_grad: 0]
[num_grad_quant_bins: 4]
[quant_train_renew_leaf: 0]
[stochastic_rounding: 1]
[linear_tree: 0]
[max_bin: 255]
[max_bin_by_feature: ]
[min_data_in_bin: 5]
[bin_construct_sample_cnt: 200000]
[data_random_seed: 175]
[is_enable_sparse: 1]
[enable_bundle: 1]
[use_missing: 1]
[zero_as_missing: 0]
[feature_pre_filter: 1]
[pre_partition: 0]
[two_round: 0]
[header: 0]
[label_column: ]
[weight_column: ]
[group_column: ]
[ignore_column: ]
[categorical_feature: ]
[forcedbins_filename: ]
[precise_float_parser: 0]
[parser_config_file: ]
[objective_seed: 16083]
[num_class: 1]
[is_unbalance: 0]
[scale_pos_weight: 1]
[sigmoid: 1]
[boost_from_average: 1]
[reg_sqrt: 0]
[alpha: 0.9]
[fair_c: 1]
[poisson_max_delta_step: 0.7]
[tweedie_variance_power: 1.5]
[lambdarank_truncation_level: 30]
[lambdarank_norm: 1]
[label_gain: ]
[lambdarank_position_bias_regularization: 0]
[eval_at: ]
[multi_error_top_k: 1]
[auc_mu_weights: ]
[num_machines: 1]
[local_listen_port: 12400]
[time_out: 120]
[machine_list_filename: ]
[machines: ]
[gpu_platform_id: -1]
[gpu_device_id: -1]
[gpu_use_dp: 0]
[num_gpu: 1]

end of parameters

pandas_categorical:[]
