{
  "feature_cols": [
    "return_1d",
    "return_2d",
    "return_3d",
    "return_5d",
    "return_10d",
    "return_20d",
    "div_ma_5",
    "div_ma_10",
    "div_ma_20",
    "div_ma_60",
    "ma_5_20_cross",
    "ma_20_60_cross",
    "rsi",
    "rsi_change",
    "macd",
    "macd_signal",
    "macd_hist",
    "macd_hist_change",
    "bb_pct_b",
    "bb_bandwidth",
    "atr_pct",
    "volatility",
    "vol_change",
    "vol_ratio",
    "candle_body_pct",
    "upper_shadow_pct",
    "lower_shadow_pct",
    "day_of_week",
    "month",
    "is_month_end",
    "is_month_start",
    "streak",
    "gap",
    "price_position_20d",
    "macro_usdjpy_ret_20",
    "macro_usdjpy_ret_60",
    "macro_usdjpy_vol_20",
    "macro_topix_ret_20",
    "macro_topix_vol_20",
    "macro_topix_above_200dma",
    "macro_nikkei_ret_20",
    "macro_nikkei_above_200dma",
    "macro_nikkei_vi",
    "macro_jgb10y",
    "macro_bias_score"
  ],
  "avg_up_ret": 0.04941446743877624,
  "avg_dn_ret": -0.025947354268197675,
  "n_bins": 10,
  "psi_ref_rows": 250,
  "psi": {
    "return_1d": {
      "edges": [
        -0.06827557755775582,
        -0.03071267804132848,
        -0.019319448174432385,
        -0.012254181631097117,
        -0.006089883923155878,
        -0.0019808748198918424,
        0.0037381259930064077,
        0.012348850536666458,
        0.023092375331038188,
        0.0352186528991121,
        0.11165311653116539
      ],
      "ref_props": [
        0.1,
        0.1,
        0.1,
        0.1,
        0.1,
        0.1,
        0.1,
        0.1,
        0.1,
        0.1
      ]
    },
    "return_2d": {
      "edges": [
        -0.10933589990375359,
        -0.042062502513775454,
        -0.028651251459999336,
        -0.016798543133859808,
        -0.006955515461878491,
        -0.0013127868626589545,
        0.00516426603459741,
        0.01884600553141494,
        0.029971285293926155,
        0.05072736248385088,
        0.11555766043097315
      ],
      "ref_props": [
        0.1,
        0.1,
        0.1,
        0.1,
        0.1,
        0.1,
        0.1,
        0.1,
        0.1,
        0.1
      ]
    },
    "return_3d": {
      "edges": [
        -0.11399999999999999,
        -0.050691096588015634,
        -0.034998893416743296,
        -0.024398032327084686,
        -0.012285760476946623,
        -0.0035699081217425155,
        0.009787414334572331,
        0.023172655816156098,
        0.036793724563813475,
        0.05612621428407442,
        0.15094850948509486
      ],
      "ref_props": [
        0.1,
        0.1,
        0.1,
        0.1,
        0.1,
        0.1,
        0.1,
        0.1,
        0.1,
        0.1
      ]
    },
    "return_5d": {
      "edges": [
        -0.11838306063522619,
        -0.06624025611759704,
        -0.04497221923128597,
        -0.03023191035778011,
        -0.01621992477087035,
        -0.0019766972321129672,
        0.01551403307646207,
        0.035141247881123674,
        0.053652839057240886,
        0.08324715267924851,
        0.1530146528945473
      ],
      "ref_props": [
        0.1,
        0.1,
        0.1,
        0.1,
        0.1,
        0.1,
        0.1,
        0.1,
        0.1,
        0.1
      ]
    },
    "return_10d": {
      "edges": [
        -0.14784294716432378,
        -0.08705345024338686,
        -0.058802767001123545,
        -0.03743941841680125,
        -0.01508691912254696,
        0.003025896138141526,
        0.03259678237072183,
        0.05947520266345588,
        0.08338461538461538,
        0.11128468071797917,
        0.27083333333333326
      ],
      "ref_props": [
        0.1,
        0.1,
        0.1,
        0.1,
        0.1,
        0.1,
        0.1,
        0.1,
        0.1,
        0.1
      ]
    },
    "return_20d": {
      "edges": [
        -0.24202626641651037,
        -0.11364695744576359,
        -0.06453911441193438,
        -0.030581219642313435,
        -0.00703043043668492,
        0.026181244735781983,
        0.04872883678440925,
        0.08079073241846287,
        0.14744741105484047,
        0.18810653445685135,
        0.2703642687168222
      ],
      "ref_props": [
        0.1,
        0.1,
        0.1,
        0.1,
        0.1,
        0.1,
        0.1,
        0.1,
        0.1,
        0.1
      ]
    },
    "div_ma_5": {
      "edges": [
        -0.06445345497550259,
        -0.03113664660479344,
        -0.02280585928681725,
        -0.015870210570953,
        -0.00772392184338014,
        -0.001373890644151777,
        0.00732871053561969,
        0.016078623112839485,
        0.02503496003990153,
        0.03956139504180066,
        0.07642380473535049
      ],
      "ref_props": [
        0.1,
        0.1,
        0.1,
        0.1,
        0.1,
        0.1,
        0.1,
        0.1,
        0.1,
        0.1
      ]
    },
    "div_ma_10": {
      "edges": [
        -0.08587473676000316,
        -0.0505233604499202,
        -0.03369216178533551,
        -0.023126185657316462,
        -0.014797056912075305,
        -0.00015057451860537533,
        0.016184540134668614,
        0.03024131119735214,
        0.04244876341555841,
        0.05986558161064302,
        0.12482984261934893
      ],
      "ref_props": [
        0.1,
        0.1,
        0.1,
        0.1,
        0.1,
        0.1,
        0.1,
        0.1,
        0.1,
        0.1
      ]
    },
    "div_ma_20": {
      "edges": [
        -0.13872081914606965,
        -0.07257367301219064,
        -0.04502948855336809,
        -0.023103769901122014,
        -0.00955820006691668,
        0.010805901955813598,
        0.027133603100737664,
        0.04199204318971655,
        0.06416635045334737,
        0.09047621491895347,
        0.17263366191505738
      ],
      "ref_props": [
        0.1,
        0.1,
        0.1,
        0.1,
        0.1,
        0.1,
        0.1,
        0.1,
        0.1,
        0.1
      ]
    },
    "div_ma_60": {
      "edges": [
        -0.21300614046213878,
        -0.06374986113559898,
        -0.02776455548648331,
        0.004193778785079058,
        0.031285806371309934,
        0.056554769111075424,
        0.07878486651201289,
        0.11257334899740874,
        0.14035379533713735,
        0.17443216337446588,
        0.2501854162485711
      ],
      "ref_props": [
        0.1,
        0.1,
        0.1,
        0.1,
        0.1,
        0.1,
        0.1,
        0.1,
        0.1,
        0.1
      ]
    },
    "ma_5_20_cross": {
      "edges": [
        -0.09044683938337905,
        -0.054031120687708274,
        -0.03386786136812476,
        -0.020355700313772557,
        -0.0022391630959487986,
        0.008651538135065473,
        0.02067785630219282,
        0.034485375363043934,
        0.051529221501803696,
        0.07308279537808933,
        0.13275974603928087
      ],
      "ref_props": [
        0.1,
        0.1,
        0.1,
        0.1,
        0.1,
        0.1,
        0.1,
        0.1,
        0.1,
        0.1
      ]
    },
    "ma_20_60_cross": {
      "edges": [
        -0.10455720566867321,
        -0.0339204215217323,
        -0.017512610292834862,
        0.009851092154170328,
        0.027742126701560697,
        0.042809353043510856,
        0.05977940786560482,
        0.07380757885041615,
        0.0939815463347209,
        0.10965492237766422,
        0.16961400926745696
      ],
      "ref_props": [
        0.1,
        0.1,
        0.1,
        0.1,
        0.1,
        0.1,
        0.1,
        0.1,
        0.1,
        0.1
      ]
    },
    "rsi": {
      "edges": [
        8.79629629629629,
        31.42031205594021,
        38.93822100951482,
        43.60070461301332,
        47.58368985732173,
        51.34503106244849,
        57.35466356408765,
        61.45734550073271,
        65.84746032884618,
        73.45490280643597,
        94.43005181347151
      ],