{
  "feature_cols": [
    "return_1d",
    "return_2d",
    "return_3d",
    "return_5d",
    "return_10d",
    "return_20d",
    "div_ma_5",
    "div_ma_10",
    "div_ma_20",
    "div_ma_60",
    "ma_5_20_cross",
    "ma_20_60_cross",
    "rsi",
    "rsi_change",
    "macd",
    "macd_signal",
    "macd_hist",
    "macd_hist_change",
    "bb_pct_b",
    "bb_bandwidth",
    "atr_pct",
    "volatility",
    "vol_change",
    "vol_ratio",
    "candle_body_pct",
    "upper_shadow_pct",
    "lower_shadow_pct",
    "day_of_week",
    "month",
    "is_month_end",
    "is_month_start",
    "streak",
    "gap",
    "price_position_20d",
    "macro_usdjpy_ret_20",
    "macro_usdjpy_ret_60",
    "macro_usdjpy_vol_20",
    "macro_topix_ret_20",
    "macro_topix_vol_20",
    "macro_topix_above_200dma",
    "macro_nikkei_ret_20",
    "macro_nikkei_above_200dma",
    "macro_nikkei_vi",
    "macro_jgb10y",
    "macro_bias_score"
  ],
  "avg_up_ret": 0.05037957081729391,
  "avg_dn_ret": -0.030575360910473314,
  "n_bins": 10,
  "psi_ref_rows": 250,
  "psi": {
    "return_1d": {
      "edges": [
        -0.07933138763597769,
        -0.03782505806845612,
        -0.024569279792374457,
        -0.016571193796938093,
        -0.00832763040298776,
        0.0011239015254177476,
        0.00637777731266014,
        0.015333951741168883,
        0.027976036997400394,
        0.03965528453795773,
        0.11460585806958923
      ],
      "ref_props": [
        0.1,
        0.1,
        0.1,
        0.1,
        0.1,
        0.1,
        0.1,
        0.1,
        0.1,
        0.1
      ]
    },
    "return_2d": {
      "edges": [
        -0.11938614308282558,
        -0.05069258821525363,
        -0.030099332150925927,
        -0.019483805902798586,
        -0.013023779974782233,
        -0.0035871769824986077,
        0.00883371833040188,
        0.021641579114118417,
        0.03670594731561501,
        0.06223786630036625,
        0.15735492577597832
      ],
      "ref_props": [
        0.1,
        0.1,
        0.1,
        0.1,
        0.1,
        0.1,
        0.1,
        0.1,
        0.1,
        0.1
      ]
    },
    "return_3d": {
      "edges": [
        -0.13002544529262083,
        -0.05756695791216948,
        -0.04077087032564352,
        -0.025252919393975403,
        -0.012238080683492632,
        -0.0030756924654844475,
        0.006497915325683049,
        0.023221202714012186,
        0.04127062551251478,
        0.08076218417161082,
        0.21643404757224305
      ],
      "ref_props": [
        0.1,
        0.1,
        0.1,
        0.1,
        0.1,
        0.1,
        0.1,
        0.1,
        0.1,
        0.1
      ]
    },
    "return_5d": {
      "edges": [
        -0.15346422929361314,
        -0.07194239725041338,
        -0.05166613689340963,
        -0.032505213204896154,
        -0.016887093937543566,
        -0.0016179863135742933,
        0.0161030059360178,
        0.03255375580822508,
        0.06287156652111787,
        0.10343034186571298,
        0.22017353579175714
      ],
      "ref_props": [
        0.1,
        0.1,
        0.1,
        0.1,
        0.1,
        0.1,
        0.1,
        0.1,
        0.1,
        0.1
      ]
    },
    "return_10d": {
      "edges": [
        -0.16539310579045674,
        -0.10281992439108215,
        -0.07899412165401018,
        -0.055840583644384115,
        -0.027756460177226636,
        0.006044184180068135,
        0.04283603382387886,
        0.06805887733599729,
        0.09947899043746267,
        0.13525343124587239,
        0.28299146850608103
      ],
      "ref_props": [
        0.1,
        0.1,
        0.1,
        0.1,
        0.1,
        0.1,
        0.1,
        0.1,
        0.1,
        0.1
      ]
    },
    "return_20d": {
      "edges": [
        -0.2918077183480027,
        -0.14334726030378203,
        -0.11021561965673003,
        -0.06777466381206688,
        -0.022351015620601506,
        0.014454741568155738,
        0.06250030266214503,
        0.1308108733474272,
        0.18907559199643545,
        0.246507431187738,
        0.4063604112251289
      ],
      "ref_props": [
        0.1,
        0.1,
        0.1,
        0.1,
        0.1,
        0.1,
        0.1,
        0.1,
        0.1,
        0.1
      ]
    },
    "div_ma_5": {
      "edges": [
        -0.07395384524582421,
        -0.039028775980154855,
        -0.024943540994336637,
        -0.015528236277969967,
        -0.008634367420341862,
        -0.003191420148345364,
        0.004185422663419967,
        0.01395791388429989,
        0.029231735142478302,
        0.04410421639540018,
        0.11298967588762182
      ],
      "ref_props": [
        0.1,
        0.1,
        0.1,
        0.1,
        0.1,
        0.1,
        0.1,
        0.1,
        0.1,
        0.1
      ]
    },
    "div_ma_10": {
      "edges": [
        -0.11135024920706837,
        -0.05872310115795912,
        -0.04299234199643276,
        -0.028911084230598603,
        -0.013894296838056723,
        -0.0014639612284957225,
        0.010293808724235482,
        0.027816785617797882,
        0.04683696060086599,
        0.07352116752069772,
        0.1813814286839411
      ],
      "ref_props": [
        0.1,
        0.1,
        0.1,
        0.1,
        0.1,
        0.1,
        0.1,
        0.1,
        0.1,
        0.1
      ]
    },
    "div_ma_20": {
      "edges": [
        -0.1498354126874467,
        -0.07905819495776419,
        -0.06640369453996103,
        -0.04787286674439354,
        -0.025251304024173304,
        0.010662762635352676,
        0.0332761214629437,
        0.05645867596202469,
        0.07883882319392214,
        0.11307626878958785,
        0.2385288906204609
      ],
      "ref_props": [
        0.1,
        0.1,
        0.1,
        0.1,
        0.1,
        0.1,
        0.1,
        0.1,
        0.1,
        0.1
      ]
    },
    "div_ma_60": {
      "edges": [
        -0.255642266498089,
        -0.17227824637651212,
        -0.080013996760096,
        -0.013293084932312923,
        0.03515164361833287,
        0.08738138468103011,
        0.11442061649932637,
        0.1515023893435029,
        0.2056878718535333,
        0.25133079115320595,
        0.4267332827811787
      ],
      "ref_props": [
        0.1,
        0.1,
        0.1,
        0.1,
        0.1,
        0.1,
        0.1,
        0.1,
        0.1,
        0.1
      ]
    },
    "ma_5_20_cross": {
      "edges": [
        -0.0898126919582991,
        -0.0640247256703616,
        -0.05324771492271212,
        -0.03710431450117858,
        -0.020373160424118124,
        0.005812706525057609,
        0.030294787660578415,
        0.0477311607283705,
        0.06254857336462136,
        0.09441367020177377,
        0.14057647963391262
      ],
      "ref_props": [
        0.1,
        0.1,
        0.1,
        0.1,
        0.1,
        0.1,
        0.1,
        0.1,
        0.1,
        0.1
      ]
    },
    "ma_20_60_cross": {
      "edges": [
        -0.15542273658889794,
        -0.13197626935897938,
        -0.013155317439876187,
        -0.0018113315385481685,
        0.028884401812442347,
        0.054424730848337544,
        0.07827524863140453,
        0.12130068451802681,
        0.15605327660828194,
        0.17628466283626837,
        0.20784572331997064
      ],
      "ref_props": [
        0.1,
        0.1,
        0.1,
        0.1,
        0.1,
        0.1,
        0.1,
        0.1,
        0.1,
        0.1
      ]
    },
    "rsi": {
      "edges": [
        17.17991586369341,
        29.65375413231114,
        35.07040869223067,
        38.8702876250222,
        44.71967736323915,
        52.47313941299791,
        57.50365056595094,
        62.00796641176581,
        66.2865420781879,
        71.95280626665591,
        90.01154734411085
      ],
      "ref_props": [
        0.1,
        0.1,
        0.1,
        0.1,
        0.1,
        0.1,
        0.1,
        0.1,
        0.1,
        0.1
      ]
    },