{
  "feature_cols": [
    "return_1d",
    "return_2d",
    "return_3d",
    "return_5d",
    "return_10d",
    "return_20d",
    "div_ma_5",
    "div_ma_10",
    "div_ma_20",
    "div_ma_60",
    "ma_5_20_cross",
    "ma_20_60_cross",
    "rsi",
    "rsi_change",
    "macd",
    "macd_signal",
    "macd_hist",
    "macd_hist_change",
    "bb_pct_b",
    "bb_bandwidth",
    "atr_pct",
    "volatility",
    "vol_change",
    "vol_ratio",
    "candle_body_pct",
    "upper_shadow_pct",
    "lower_shadow_pct",
    "day_of_week",
    "month",
    "is_month_end",
    "is_month_start",
    "streak",
    "gap",
    "price_position_20d",
    "macro_usdjpy_ret_20",
    "macro_usdjpy_ret_60",
    "macro_usdjpy_vol_20",
    "macro_topix_ret_20",
    "macro_topix_vol_20",
    "macro_topix_above_200dma",
    "macro_nikkei_ret_20",
    "macro_nikkei_above_200dma",
    "macro_nikkei_vi",
    "macro_jgb10y",
    "macro_bias_score"
  ],
  "avg_up_ret": 0.028645563929656656,
  "avg_dn_ret": -0.016481377236056007,
  "n_bins": 10,
  "psi_ref_rows": 250,
  "psi": {
    "return_1d": {
      "edges": [
        -0.055413687436159376,
        -0.022416166824848524,
        -0.012894769700788799,
        -0.006478183469573069,
        -0.0019332426359108129,
        0.0020324157194899772,
        0.004795840100751983,
        0.010438519813519842,
        0.014900466087161625,
        0.024152678201449593,
        0.08496978851963743
      ],
      "ref_props": [
        0.1,
        0.1,
        0.1,
        0.1,
        0.1,
        0.1,
        0.1,
        0.1,
        0.1,
        0.1
      ]
    },
    "return_2d": {
      "edges": [
        -0.09141981613891725,
        -0.02800837662086624,
        -0.015907731863495943,
        -0.00894595933894003,
        -0.003750160986653104,
        0.001115935254363598,
        0.008424339909488503,
        0.013906424708865873,
        0.02132456680836033,
        0.03934359080630522,
        0.11776967170401242
      ],
      "ref_props": [
        0.1,
        0.1,
        0.1,
        0.1,
        0.1,
        0.1,
        0.1,
        0.1,
        0.1,
        0.1
      ]
    },
    "return_3d": {
      "edges": [
        -0.09646739130434778,
        -0.03569821075523672,
        -0.01926436574899719,
        -0.011034340313071708,
        -0.0016708716342711957,
        0.004275490517448244,
        0.010231830726770917,
        0.018148982236154562,
        0.027182557628510667,
        0.049382234392775226,
        0.12954186413902047
      ],
      "ref_props": [
        0.1,
        0.1,
        0.1,
        0.1,
        0.1,
        0.1,
        0.1,
        0.1,
        0.1,
        0.1
      ]
    },
    "return_5d": {
      "edges": [
        -0.11746680286006128,
        -0.03729067433262867,
        -0.021393935965945965,
        -0.012458084683148619,
        -0.001868412654745532,
        0.006396635166351916,
        0.01328194759718278,
        0.02058609427811674,
        0.03520739384401198,
        0.06976525187485995,
        0.21186440677966112
      ],
      "ref_props": [
        0.1,
        0.1,
        0.1,
        0.1,
        0.1,
        0.1,
        0.1,
        0.1,
        0.1,
        0.1
      ]
    },
    "return_10d": {
      "edges": [
        -0.13559754851889683,
        -0.05512637876436722,
        -0.024170318382516265,
        -0.012094636756229104,
        -0.00018395033340996177,
        0.013853063531626408,
        0.025139893013454363,
        0.042690932683650165,
        0.06919749639364692,
        0.0942064818076545,
        0.22682166146867022
      ],
      "ref_props": [
        0.1,
        0.1,
        0.1,
        0.1,
        0.1,
        0.1,
        0.1,
        0.1,
        0.1,
        0.1
      ]
    },
    "return_20d": {
      "edges": [
        -0.21552604698672118,
        -0.07844080168161038,
        -0.0382293919679212,
        -0.01117051286593854,
        0.005891662594706712,
        0.026831185016365944,
        0.06269324324416815,
        0.08946925132036825,
        0.11520772208689617,
        0.1563251472234226,
        0.2543859649122806
      ],
      "ref_props": [
        0.1,
        0.1,
        0.1,
        0.1,
        0.1,
        0.1,
        0.1,
        0.1,
        0.1,
        0.1
      ]
    },
    "div_ma_5": {
      "edges": [
        -0.05400919910854004,
        -0.018532867185363504,
        -0.012709618710309846,
        -0.007229902088951315,
        -0.0017725182083107522,
        0.0018127060560794138,
        0.007032813950510807,
        0.012497778072769047,
        0.018100239025721134,
        0.028939821978916144,
        0.09472287434929055
      ],
      "ref_props": [
        0.1,
        0.1,
        0.1,
        0.1,
        0.1,
        0.1,
        0.1,
        0.1,
        0.1,
        0.1
      ]
    },
    "div_ma_10": {
      "edges": [
        -0.09039129691860799,
        -0.027951932000893406,
        -0.015927064815436424,
        -0.008839906706221567,
        -0.001844028562724119,
        0.005404426580664125,
        0.012174996661175594,
        0.01912540436814507,
        0.029103435030256586,
        0.0502849490230273,
        0.15207992050917105
      ],
      "ref_props": [
        0.1,
        0.1,
        0.1,
        0.1,
        0.1,
        0.1,
        0.1,
        0.1,
        0.1,
        0.1
      ]
    },
    "div_ma_20": {
      "edges": [
        -0.11064084536455648,
        -0.04921785375243906,
        -0.02303797325927011,
        -0.009330227456570838,
        0.000401978809030686,
        0.013496838296555671,
        0.02647511956049305,
        0.04169671557140483,
        0.055213361483554525,
        0.07556856544121666,
        0.17193902638911657
      ],
      "ref_props": [
        0.1,
        0.1,
        0.1,
        0.1,
        0.1,
        0.1,
        0.1,
        0.1,
        0.1,
        0.1
      ]
    },
    "div_ma_60": {
      "edges": [
        -0.1599342465753425,
        -0.07560896578116562,
        -0.015332941516678321,
        0.006193488849782271,
        0.03387881939143756,
        0.056371773813225556,
        0.0769860097690809,
        0.11016992404403615,
        0.1550026856388553,
        0.18671256778025014,
        0.29356005032997967
      ],
      "ref_props": [
        0.1,
        0.1,
        0.1,
        0.1,
        0.1,
        0.1,
        0.1,
        0.1,
        0.1,
        0.1
      ]
    },
    "ma_5_20_cross": {
      "edges": [
        -0.07779603646118616,
        -0.04140950227059518,
        -0.014938164416087217,
        -0.00845562830359421,
        0.0011572506688605026,
        0.01098260690002062,
        0.01898980900398475,
        0.031874670313570566,
        0.04512803937635726,
        0.057137335957395334,
        0.12123826844194285
      ],
      "ref_props": [
        0.1,
        0.1,
        0.1,
        0.1,
        0.1,
        0.1,
        0.1,
        0.1,
        0.1,
        0.1
      ]
    },
    "ma_20_60_cross": {
      "edges": [
        -0.1023833516908439,
        -0.046333107590897205,
        -0.0058924439209625526,
        0.012101958200780027,
        0.02375915020582471,
        0.03762497087658778,
        0.05651521774074562,
        0.08637777714771151,
        0.10358745544507877,
        0.12290904060037688,
        0.13996977710615788
      ],
      "ref_props": [
        0.1,
        0.1,
        0.1,
        0.1,
        0.1,
        0.1,
        0.1,
        0.1,
        0.1,
        0.1
      ]
    },
    "rsi": {
      "edges": [
        19.176954732510282,
        37.38803779913565,
        42.09096203121361,
        46.24798147203807,
        50.219038025686224,
        56.97314136566473,
        63.02837097352385,
        67.8928982945688,
        71.98755601478004,
        75.86309295241021,
        87.62475049900199
      ],