{
  "feature_cols": [
    "return_1d",
    "return_2d",
    "return_3d",
    "return_5d",
    "return_10d",
    "return_20d",
    "div_ma_5",
    "div_ma_10",
    "div_ma_20",
    "div_ma_60",
    "ma_5_20_cross",
    "ma_20_60_cross",
    "rsi",
    "rsi_change",
    "macd",
    "macd_signal",
    "macd_hist",
    "macd_hist_change",
    "bb_pct_b",
    "bb_bandwidth",
    "atr_pct",
    "volatility",
    "vol_change",
    "vol_ratio",
    "candle_body_pct",
    "upper_shadow_pct",
    "lower_shadow_pct",
    "day_of_week",
    "month",
    "is_month_end",
    "is_month_start",
    "streak",
    "gap",
    "price_position_20d",
    "macro_usdjpy_ret_20",
    "macro_usdjpy_ret_60",
    "macro_usdjpy_vol_20",
    "macro_topix_ret_20",
    "macro_topix_vol_20",
    "macro_topix_above_200dma",
    "macro_nikkei_ret_20",
    "macro_nikkei_above_200dma",
    "macro_nikkei_vi",
    "macro_jgb10y",
    "macro_bias_score"
  ],
  "avg_up_ret": 0.05205060393947293,
  "avg_dn_ret": -0.030056660143812447,
  "n_bins": 10,
  "psi_ref_rows": 250,
  "psi": {
    "return_1d": {
      "edges": [
        -0.1802049030369557,
        -0.030742898448912346,
        -0.019192005411940705,
        -0.011714347052157235,
        -0.003068116605268486,
        0.003022681793940274,
        0.01063374471768218,
        0.01916697855480896,
        0.029631746885236662,
        0.04534076760677736,
        0.13386706386147829
      ],
      "ref_props": [
        0.1,
        0.1,
        0.1,
        0.1,
        0.1,
        0.1,
        0.1,
        0.1,
        0.1,
        0.1
      ]
    },
    "return_2d": {
      "edges": [
        -0.17825050430955436,
        -0.041739291076651405,
        -0.023136958522379333,
        -0.014436962234375714,
        -0.005262736149861898,
        0.006266119312231755,
        0.015643559279296095,
        0.02994964255648318,
        0.042496025274652335,
        0.06935990020781396,
        0.18525414261776207
      ],
      "ref_props": [
        0.1,
        0.1,
        0.1,
        0.1,
        0.1,
        0.1,
        0.1,
        0.1,
        0.1,
        0.1
      ]
    },
    "return_3d": {
      "edges": [
        -0.1805708013172338,
        -0.04169909256959642,
        -0.027722761376338976,
        -0.01438570655826917,
        -0.002223402486560363,
        0.007508765889590596,
        0.021439094924668122,
        0.03397009524257253,
        0.05792812422331877,
        0.09106199327948128,
        0.1997738409347909
      ],
      "ref_props": [
        0.1,
        0.1,
        0.1,
        0.1,
        0.1,
        0.1,
        0.1,
        0.1,
        0.1,
        0.1
      ]
    },
    "return_5d": {
      "edges": [
        -0.2308818148554702,
        -0.05249173239424044,
        -0.027662716986436183,
        -0.01252240700461721,
        -0.0010275399323647736,
        0.01500647535130295,
        0.03726074833071065,
        0.05351476754712156,
        0.09162406164823926,
        0.13353876928530484,
        0.3224282079243912
      ],
      "ref_props": [
        0.1,
        0.1,
        0.1,
        0.1,
        0.1,
        0.1,
        0.1,
        0.1,
        0.1,
        0.1
      ]
    },
    "return_10d": {
      "edges": [
        -0.2498215560314061,
        -0.06383485918827408,
        -0.038602641436983394,
        -0.009552901134672168,
        0.017619461793162313,
        0.03747822797781242,
        0.07315546842855893,
        0.10258665687345496,
        0.13331627394884527,
        0.19280317611900158,
        0.3712777987184319
      ],
      "ref_props": [
        0.1,
        0.1,
        0.1,
        0.1,
        0.1,
        0.1,
        0.1,
        0.1,
        0.1,
        0.1
      ]
    },
    "return_20d": {
      "edges": [
        -0.2828336902212705,
        -0.11063268047070947,
        -0.03133483728428932,
        0.007159631359039634,
        0.05536066738598377,
        0.09297423887587819,
        0.12685340031246384,
        0.15749580656673803,
        0.2218057473531926,
        0.31529541650871146,
        0.5757049891540129
      ],
      "ref_props": [
        0.1,
        0.1,
        0.1,
        0.1,
        0.1,
        0.1,
        0.1,
        0.1,
        0.1,
        0.1
      ]
    },
    "div_ma_5": {
      "edges": [
        -0.14699611665270693,
        -0.0281742558582291,
        -0.01582612148978465,
        -0.007768421381860207,
        -0.00025384957438764796,
        0.0065708017907758435,
        0.01326205418637638,
        0.022263766679416683,
        0.035599821578071476,
        0.0556495347181531,
        0.12176211453744494
      ],
      "ref_props": [
        0.1,
        0.1,
        0.1,
        0.1,
        0.1,
        0.1,
        0.1,
        0.1,
        0.1,
        0.1
      ]
    },
    "div_ma_10": {
      "edges": [
        -0.1722239668963479,
        -0.045246129457025365,
        -0.01902787624845384,
        -0.008580914417647644,
        0.00554606036401763,
        0.019471438840512383,
        0.03262596060494722,
        0.04352132578513115,
        0.06203505741551296,
        0.09426990861034812,
        0.1761092701850804
      ],
      "ref_props": [
        0.1,
        0.1,
        0.1,
        0.1,
        0.1,
        0.1,
        0.1,
        0.1,
        0.1,
        0.1
      ]
    },
    "div_ma_20": {
      "edges": [
        -0.19375563354620945,
        -0.06294870434669324,
        -0.02734467465216828,
        -0.002948200986967034,
        0.024682395107826296,
        0.04461248727415774,
        0.060921694368482715,
        0.0808216725190887,
        0.10731202674330378,
        0.16036184414377194,
        0.29415531286684926
      ],
      "ref_props": [
        0.1,
        0.1,
        0.1,
        0.1,
        0.1,
        0.1,
        0.1,
        0.1,
        0.1,
        0.1
      ]
    },
    "div_ma_60": {
      "edges": [
        -0.18613245851179086,
        -0.11023968629536687,
        0.0038183926561592544,
        0.07039652321967634,
        0.1008075399699694,
        0.13038658651848994,
        0.1520719475183293,
        0.18243763080938954,
        0.21546461468090142,
        0.2674639714784826,
        0.5319097526352351
      ],
      "ref_props": [
        0.1,
        0.1,
        0.1,
        0.1,
        0.1,
        0.1,
        0.1,
        0.1,
        0.1,
        0.1
      ]
    },
    "ma_5_20_cross": {
      "edges": [
        -0.15727902115336667,
        -0.0484063233006494,
        -0.020628156682661557,
        -0.0022871057786301384,
        0.018244226419087677,
        0.03376046141466216,
        0.04925734488249086,
        0.06370464026514354,
        0.08348602500538879,
        0.11903653458452798,
        0.1991746813537889
      ],
      "ref_props": [
        0.1,
        0.1,
        0.1,
        0.1,
        0.1,
        0.1,
        0.1,
        0.1,
        0.1,
        0.1
      ]
    },
    "ma_20_60_cross": {
      "edges": [
        -0.14466707672853096,
        -0.04588624213300431,
        0.0014477291373286181,
        0.03163165061012316,
        0.06741012036681765,
        0.0858003975513546,
        0.10076622045071457,
        0.11612147681340552,
        0.14382302447446274,
        0.17227690654562808,
        0.2206260130532638
      ],
      "ref_props": [
        0.1,
        0.1,
        0.1,
        0.1,
        0.1,
        0.1,
        0.1,
        0.1,
        0.1,
        0.1
      ]
    },
    "rsi": {
      "edges": [
        11.64772727272728,
        33.548876548421894,
        45.4433435417042,
        49.96210969466279,
        54.51211199338721,
        59.7918983510054,
        64.21402342622167,
        68.87507483340367,
        72.33709305750472,
        77.86387409850762,
        100.0
      ],
      "ref_props": [
        0.1,
        0.1,
        0.1,
        0.1,
        0.1,
        0.1,
        0.1,
        0.1,
        0.1,
        0.1
      ]
    },