tree
version=v4
num_class=1
num_tree_per_iteration=1
label_index=0
max_feature_idx=44
objective=binary sigmoid:1
feature_names=return_1d return_2d return_3d return_5d return_10d return_20d div_ma_5 div_ma_10 div_ma_20 div_ma_60 ma_5_20_cross ma_20_60_cross rsi rsi_change macd macd_signal macd_hist macd_hist_change bb_pct_b bb_bandwidth atr_pct volatility vol_change vol_ratio candle_body_pct upper_shadow_pct lower_shadow_pct day_of_week month is_month_end is_month_start streak gap price_position_20d macro_usdjpy_ret_20 macro_usdjpy_ret_60 macro_usdjpy_vol_20 macro_topix_ret_20 macro_topix_vol_20 macro_topix_above_200dma macro_nikkei_ret_20 macro_nikkei_above_200dma macro_nikkei_vi macro_jgb10y macro_bias_score
feature_infos=[-0.12096640741353637:0.17658132530120474] [-0.17566728739913096:0.17601656626506035] [-0.1938078615874943:0.15437833563945436] [-0.1842751842751843:0.22119728915662651] [-0.24897497525802348:0.27880271084337349] [-0.26932599724896833:0.31532379518072284] [-0.14100905562742561:0.082925381990802557] [-0.17515527950310558:0.13456669912366115] [-0.23138696164892963:0.15969811581437923] [-0.24336771635785245:0.17696204158657644] [-0.11128987806603952:0.10923570664447868] [-0.075907263447791862:0.10022087330869467] [8.7401574803149629:90.133779264214041] [-22.806282361855772:28.43047223910574] [-3091.8631888403179:2486.4930113445807] [-2457.8794335504826:2114.9990788790396] [-1589.8503339924832:1218.2841353696604] [-513.19083482140445:457.46010359447564] [-0.28397015722155283:1.3994727353835994] [0.037260194639964148:0.35312914390915912] [0.014828297818072204:0.055770701855039198] [0.0091102282639519937:0.059407800953166612] [-0.84517507197919572:2.2217573221757321] [0.48933278798833663:1.8546869780702095] [-1:1] [0:0.90163934426229508] [0:0.93548387096774188] [0:4] [1:12] none [0:1] [-7:8] [-0.08740171877857017:0.18825301204819267] [0:1] [-0.10288784967882303:0.08505611680078462] [-0.13986255140503889:0.13160084488587853] [0.0024251968629528543:0.011841457708833452] [-0.21871130063915301:0.21255327098343968] [0.0039190661917629455:0.040640984327119482] [0:1] [-0.22859537662338159:0.23022297972565586] [0:1] none none none
tree_sizes=1179 1101 1101 1245 1185 1098 894 1305 1077 1309 994 991 1206 1309 875 1203 1278 787 1078 1497 1402 1106 1191 1313 1315 1002 1413 891 1419 989 999 944 897 1324 1003 1415 1404 684 891 890 955 870 861 964 969 895 1313 1399 1315 897 1189 1191 1316 1190 1202 785 949 1320 1104 1281 976 890 1307 892 996 1097 859 665 964 1093 1083 882 896 1089 1089 1399 1396 769 1294 789 1201 892 993 1198 1504 685 1395 1085 1190

Tree=0
num_leaves=10
num_cat=0
split_feature=37 9 2 18 30 15 15 1 22
split_gain=20.8998 8.16105 12.4377 7.50682 6.67768 6.77474 9.86041 2.12534 1.29694
threshold=0.0092761523923936568 0.035679481203300105 0.00391462139932064 0.18652969650870974 1.0000000180025095e-35 1012.2966982327866 -381.42805893081953 -0.0055505176004098647 0.067341522863786488
decision_type=2 2 2 2 2 2 2 2 2
left_child=1 2 3 -1 5 6 -2 -7 -4
right_child=4 -3 8 -5 -6 7 -8 -9 -10
leaf_value=-0.26134468277622053 -0.30356600904981657 -0.2902053919794656 -0.23519014926029164 -0.28954827584478243 -0.26862795177081594 -0.28933630639638735 -0.27830474387659004 -0.3145839204478435 -0.26350544266538223
leaf_weight=15.69443988800049 18.882372990250587 9.0733480602502805 10.54470179975033 13.977860525250433 10.054250553250311 9.5637993067502993 45.366740301251411 12.751732409000395 7.356768697500228
leaf_count=64 77 37 43 57 41 39 185 52 30
internal_value=-0.28103 -0.266933 -0.261886 -0.274984 -0.289507 -0.292262 -0.286498 -0.306189 -0.24343
internal_weight=153.266 56.6471 47.5738 29.6723 96.6189 86.5646 64.2491 22.3155 17.9015
internal_count=625 231 194 121 394 353 262 91 73
is_linear=0
shrinkage=1


Tree=1
num_leaves=9
num_cat=0
split_feature=39 23 9 7 1 4 25 20
split_gain=17.1571 12.2807 9.49348 11.9254 6.6999 4.00026 1.96323 0.4185
threshold=1.0000000180025095e-35 0.85889524360906533 0.063982093766151785 0.0094798655465014297 -0.007369050042097757 -0.03440070362530772 0.23370554678965896 0.023089348920558417
decision_type=2 2 2 2 2 2 2 2
left_child=5 4 3 -3 -2 -1 -4 -6
right_child=1 2 6 -5 7 -7 -8 -9
leaf_value=0.0046992194950924134 -0.00036010916471433598 -0.0036188151144478189 -0.024824414037756135 0.020508513181125409 -0.036893030081962257 0.038283520087865432 -0.0037506272933688265 -0.014018297060724777
leaf_weight=7.3705835491418839 10.050647616386415 61.030472576618195 13.216081827878954 23.793745443224907 13.459450051188471 7.8630699664354307 9.0644607543945295 7.3475275784730902
leaf_count=30 41 249 54 97 55 32 37 30
internal_value=-0.00278633 -0.00631638 -0.00122207 0.00329281 -0.0223912 0.0253357 -0.0178838 -0.0314107
internal_weight=153.196 137.962 107.105 84.8242 30.8576 15.2337 22.2805 20.807
internal_count=625 563 437 346 126 62 91 85
is_linear=0
shrinkage=0.03


Tree=2
num_leaves=9
num_cat=0
split_feature=37 20 11 12 33 30 2 28
split_gain=19.3759 13.4859 10.1283 8.38211 6.32375 6.15306 4.78013 4.09846
threshold=0.0092761523923936568 0.028099053080477405 -0.012051778127561029 50.796697971913396 0.27458067067582331 1.0000000180025095e-35 -0.0021831456323898042 2.5000000000000004
decision_type=2 2 2 2 2 2 2 2
left_child=2 5 6 4 -4 7 -1 -2
right_child=1 -3 3 -5 -6 -7 -8 -9
leaf_value=0.0071402591910322217 -0.0023658082706910122 0.017846581290535218 -0.0019666604316617262 -0.023392950507015869 0.027954092462977993 0.0066143216837432463 0.036060105558447027 -0.021140885883390519
leaf_weight=12.021084249019625 15.407573908567427 10.780426695942877 15.704365879297262 8.3222402632236463 7.6230233758687964 8.5935899019241315 13.065007627010344 61.60706739127636
leaf_count=49 63 44 64 34 31 35 53 252
internal_value=-0.0027182 -0.010903 0.0108295 -0.000216444 0.00865405 -0.0150194 0.0243062 -0.0177295
internal_weight=153.124 96.3887 56.7357 31.6496 23.3274 85.6082 25.0861 77.0146
internal_count=625 394 231 129 95 350 102 315
is_linear=0
shrinkage=0.03


Tree=3
num_leaves=11
num_cat=0
split_feature=14 2 23 5 26 19 26 36 20 35
split_gain=16.1155 15.0646 7.87866 8.69243 6.21166 4.97737 4.34481 2.97952 2.38914 1.26052
threshold=757.67967163691003 0.020057915544370978 0.90691411146153122 -0.011108592096209955 0.067396177442189717 0.20506411421497242 0.11572369155228213 0.0076324751644798175 0.019844722192097895 0.010082889308128619
decision_type=2 2 2 2 2 2 2 2 2 2
left_child=1 2 3 -1 -4 7 -3 8 -2 -8
right_child=5 6 4 -5 -6 -7 9 -9 -10 -11
leaf_value=0 0 0.0015376412482009526 0.019833934325358536 -0.031720622119898623 -0.001840526606796548 0 0.040726410575140058 -0.03840127561934209 -0.020806103311110543 0.014476310734503213
leaf_weight=15.911013618111612 7.5629554092884126 7.8687915652990368 13.72500818967819 12.693237155675886 44.096399053931236 10.280191361904143 8.1505855917930621 9.2436597943305951 14.381939545273779 9.0946072787046415
leaf_count=65 31 32 56 52 180 42 33 38 59 37
internal_value=-0.00261551 0.00325583 -0.00265212 -0.0150816 0.00354467 -0.0181761 0.0228362 -0.023826 -0.0143655 0.0306054
internal_weight=153.008 111.54 86.4257 28.6043 57.8214 41.4687 25.114 31.1886 21.9449 17.2452
internal_count=625 455 353 117 236 170 102 128 90 70
is_linear=0
shrinkage=0.03


Tree=4
num_leaves=10
num_cat=0
split_feature=14 20 28 36 4 11 38 36 5
split_gain=15.3813 11.1391 8.36349 10.5091 6.36487 4.88592 2.69296 5.12041 0.160806
threshold=757.67967163691003 0.026354304621429028 2.5000000000000004 0.0040031541841002117 -0.068456518004146857 0.0045809759957136107 0.0089519720503527436 0.0075083000837756252 -0.016707731375690423
decision_type=2 2 2 2 2 2 2 2 2
left_child=1 2 -1 -4 -3 -2 7 -7 -6
right_child=5 4 3 -5 8 6 -8 -9 -10
leaf_value=0.019101572496663267 0.0022155102457979935 0 0.017306496218436131 -0.010741964953632553 0.038842917905734797 7.9278932606989399e-06 -0.032926358508366081 -0.027730376705935447 0.015206957111603688
leaf_weight=12.533481597900389 7.3379852771759024 7.6184557974338558 12.520590543746946 63.578231811523438 7.6698638051748285 11.919503420591356 13.878651976585386 8.2230070233345014 7.6301397830247852
leaf_count=51 30 31 51 260 31 49 57 34 31
internal_value=-0.00254238 0.00318515 -0.00160568 -0.00561005 0.0209564 -0.0177705 -0.0223814 -0.0121205 0.0310434
internal_weight=152.91 111.551 88.6323 76.0988 22.9185 41.3591 34.0212 20.1425 15.3
internal_count=625 455 362 311 93 170 140 83 62
is_linear=0
shrinkage=0.03


Tree=5
num_leaves=9
num_cat=0
split_feature=39 23 14 28 20 31 35 4
split_gain=17.8029 14.7703 9.76369 13.7738 7.84438 3.68269 3.09304 2.18902
threshold=1.0000000180025095e-35 0.84525636097946444 733.42667658701987 5.5000000000000009 0.021252959827516547 1.5000000000000002 0.027902596173809194 -0.051095762941276039
decision_type=2 2 2 2 2 2 2 2
left_child=7 4 3 -3 -2 -4 -6 -1
right_child=1 2 5 -5 6 -7 -8 -9
leaf_value=0.010424348943313467 -0.037175870277697386 0.024875865659000736 -0.0039587763926229947 -0.00085715998415340636 -0.017677423604487236 -0.027543431999854623 0.005206881367638634 0.040672563844934985
leaf_weight=7.3921085298061371 13.059733912348749 25.30365177989006 21.891414284706119 55.864779338240623 7.5651310235261944 8.0073587298393232 9.0122580677270872 7.4372549355030042
leaf_count=30 54 103 90 228 31 33 37 30
internal_value=0.000250884 -0.00309886 0.00189608 0.00738985 -0.0212284 -0.0120763 -0.0052078 0.0295165
internal_weight=155.534 140.704 111.067 81.1684 29.6371 29.8988 16.5774 14.8294
internal_count=636 576 454 331 122 123 68 60
is_linear=0
shrinkage=0.03


Tree=6
num_leaves=7
num_cat=0
split_feature=39 11 20 21 35 16
split_gain=16.9762 8.78541 9.56225 8.79998 9.85109 0.361514
threshold=1.0000000180025095e-35 -0.034993013030191415 0.022936705105091954 0.012830276186225828 0.042782929003027832 -178.96085142571749
decision_type=2 2 2 2 2 2
left_child=5 2 -2 -3 -5 -1
right_child=1 3 -4 4 -6 -7
leaf_value=0.013238842783724274 -0.0062329163312511131 0.017132670871268327 0.029050048427906587 -0.0030631504099447003 -0.023247083190095955 0.036570178897424539
leaf_weight=7.4044541269540787 10.994651749730112 10.510522708296774 12.55089135468006 76.319383904337883 30.241837427020073 7.4568120092153531
leaf_count=30 45 43 51 313 124 30
internal_value=0.000234679 -0.00303879 0.0127893 -0.00650947 -0.00925222 0.0287844
internal_weight=155.479 140.617 23.5455 117.072 106.561 14.8613
internal_count=636 576 96 480 437 60
is_linear=0
shrinkage=0.03


Tree=7
num_leaves=11
num_cat=0
split_feature=37 28 9 20 14 5 15 36 23 19
split_gain=16.2766 10.3598 7.97373 7.9481 7.07928 6.2419 10.6222 5.69723 4.95582 3.94785
threshold=0.0046797774661013767 2.5000000000000004 0.037898227715531252 0.025591449270634972 854.90213019749729 -0.066975293687823331 -1137.9133172808836 0.0040031541841002117 0.94448918363151424 0.15291395928411436
decision_type=2 2 2 2 2 2 2 2 2 2
left_child=2 4 5 7 -2 6 -1 -3 -7 -5
right_child=1 3 -4 9 -6 8 -8 -9 -10 -11
leaf_value=0.026732654654998612 0.030172398850232526 0.0043762054174404852 -0.011657134135419333 0.017207285231672954 -0.0048279132433235129 0.0079372960083869491 -0.014952685187243216 -0.019670129049298397 0.036317518719871836 -0.0070173704485106706
leaf_weight=7.6557966917753246 8.3818024545907992 8.5593871623277646 7.7654587626457205 9.5661307275295275 8.2571039944887143 12.071639120578768 10.568951666355131 55.778450652956963 16.813907474279404 9.9961733222007734
leaf_count=31 34 35 32 39 34 49 43 230 68 41
internal_value=0.000251422 -0.00679484 0.0132097 -0.0111811 0.0133443 0.0179219 0.00272861 -0.0162094 0.0262247 0.00463031
internal_weight=155.415 100.539 54.8758 83.9001 16.6389 47.1103 18.2247 64.3378 28.8855 19.5623
internal_count=636 413 223 345 68 191 74 265 117 80
is_linear=0
shrinkage=0.03


Tree=8
num_leaves=9
num_cat=0
split_feature=39 23 37 40 5 1 4 14
split_gain=15.6187 13.7361 8.89314 8.55973 4.85547 3.96817 2.02644 0.0211175
threshold=1.0000000180025095e-35 0.84525636097946444 0.0049762536992646886 0.031773334552510753 -0.0143771956724677 -0.0066472583387524034 -0.051095762941276039 183.84781926401413
decision_type=2 2 2 2 2 2 2 2
left_child=6 5 4 -4 -3 -2 -1 -7
right_child=1 2 3 -5 -6 7 -8 -9
leaf_value=0.0094604860946906066 -0.0029538331647191232 0.022810846038356928 -0.014705070769208914 0.0047965909782539239 0 -0.013045799378809883 0.038252051862951886 -0.033048082477238588
leaf_weight=7.420386478304863 10.407367497682573 20.707736313343048 33.195578068494797 44.55185729265213 12.503436386585234 7.286008387804034 7.4796124994754773 11.754595056176184
leaf_count=30 43 84 136 183 51 30 30 49
internal_value=0.000267913 -0.00287621 0.00192782 -0.00350185 0.0145416 -0.020426 0.0276175 -0.0280746
internal_weight=155.307 140.407 110.959 77.7474 33.2112 29.448 14.9 19.0406
internal_count=636 576 454 319 135 122 60 79
is_linear=0
shrinkage=0.03


Tree=9
num_leaves=11
num_cat=0
split_feature=23 20 15 33 15 19 34 40 40 1
split_gain=11.1659 14.8707 10.1843 8.40909 6.81531 6.13642 4.48587 3.65438 3.34557 0.413172
threshold=0.84525636097946444 0.023021390355478843 596.15139535693947 0.61764332365747465 324.27579982277581 0.090578742509601587 0.014096847337023434 0.047153480431448964 0.021936313824103219 -0.0020140916256577985
decision_type=2 2 2 2 2 2 2 2 2 2
left_child=1 9 3 4 -2 -4 -5 -7 -3 -1
right_child=2 8 5 6 -6 7 -8 -9 -10 -11
leaf_value=-0.014968055130343957 -0.00081947162233656271 0.017524841255836723 0.012339233688146002 0.032148924890862976 0.02557171411932864 -0.02638467869562916 0.0043374129484200228 -0.0032203525214519382 -0.006843066562279212 -0.039813175062910662
leaf_weight=7.2106624543666848 52.782767713069916 8.1075453162193281 7.3019333034753791 17.026244804263118 8.3363462239503843 12.364961549639704 10.048294514417647 14.798666030168532 7.4847107231616965 9.7681079804897308
leaf_count=30 215 33 30 69 34 51 41 61 31 41
internal_value=0.000259876 -0.014728 0.00453254 0.00996031 0.00323872 -0.00872971 0.0233514 -0.0153655 0.00552679 -0.0327414
internal_weight=155.23 32.571 122.659 88.1937 61.1191 34.4656 27.0745 27.1636 15.5923 16.9788
internal_count=636 135 501 359 249 142 110 112 64 71
is_linear=0
shrinkage=0.03


Tree=10
num_leaves=8
num_cat=0
split_feature=35 20 11 21 28 20 22
split_gain=13.9048 10.5183 19.7148 10.0013 11.2216 6.30694 5.54544
threshold=-0.083440988298122395 0.022936705105091954 -0.010267736922460855 0.012199804738331261 2.5000000000000004 0.026354304621429028 0.021956660654707808
decision_type=2 2 2 2 2 2 2
left_child=-1 3 6 -2 -5 -4 -3
right_child=1 2 5 4 -6 -7 -8
leaf_value=0.034957050780111798 0.018929330030157614 0.035245983629202393 -0.01784499430980465 0.010848336558090595 -0.01830861056061063 0.0060524616867061913 0.0054799791063171576
leaf_weight=7.933478355407714 8.0661409944295865 17.042863592505459 20.156218498945236 12.668559610843657 58.632409691810608 15.388451814651487 11.102351889014242
leaf_count=32 33 69 83 52 242 63 45
internal_value=0.000553467 -0.00170671 0.00712211 -0.00897685 -0.0127688 -0.00732819 0.0251445
internal_weight=150.99 143.057 63.6899 79.3671 71.301 35.5447 28.1452
internal_count=619 587 260 327 294 146 114
is_linear=0
shrinkage=0.03


Tree=11
num_leaves=8
num_cat=0
split_feature=35 21 19 36 7 11 5
split_gain=13.1983 9.77377 12.1039 13.4324 9.33884 7.75499 2.08214
threshold=-0.083440988298122395 0.020782834018039733 0.11755166637247876 0.0040031541841002117 -0.0053540534865463224 -0.0094116449556886344 0.096399299010115583
decision_type=2 2 2 2 2 2 2
left_child=-1 2 3 -2 -3 -4 -6
right_child=1 4 5 -5 6 -7 -8
leaf_value=0.03406325011885443 0.029590249746525014 -0.0084298082763199656 0.0019056525520089508 -0.0050506932749818361 0.027883862852666013 -0.030288063000178889 0.00643106187537808
leaf_weight=7.9496173858642569 9.8612751513719541 12.751535326242445 7.8354588449001339 64.782551616430283 15.337654128670694 22.274677649140358 10.081455573439596
leaf_count=32 40 52 32 267 62 92 42
internal_value=0.000574923 -0.00162861 -0.00644295 0 0.0108732 -0.0218464 0.0210123
internal_weight=150.874 142.925 104.754 74.6438 38.1706 30.1101 25.4191
internal_count=619 587 431 307 156 124 104
is_linear=0
shrinkage=0.03


Tree=12
num_leaves=10
num_cat=0
split_feature=23 9 33 19 38 9 21 19 37
split_gain=11.0839 11.8986 21.9358 8.74421 8.45321 8.30546 4.14912 4.13589 2.45201
threshold=0.94851302391682746 0.064837741855780326 0.7216652238002762 0.17832038146054444 0.0097630692957987476 -0.027910027155512537 0.015220239306712268 0.091984144126743037 0.047138646238218181
decision_type=2 2 2 2 2 2 2 2 2
left_child=3 2 7 4 6 -6 -1 -2 -3
right_child=1 8 -4 -5 5 -7 -8 -9 -10
leaf_value=-0.032643761829332603 0.014749732024127552 -0.00068135568298298812 0.044561311957033035 0.013266800309343296 0.023403122584139385 -0.01245079296136766 -0.0093726453217303548 -0.0018392401235741965 -0.024600268409434783
leaf_weight=16.529255285859108 18.366105139255524 9.2111347019672412 13.874681472778319 11.486009255051611 7.6640700995922115 12.377132147550581 18.465139225125313 35.595796331763268 7.204430177807807
leaf_count=69 75 38 56 47 31 51 77 145 30
internal_value=0.000582398 0.00782095 0.0134406 -0.00832727 -0.0134042 0.00145921 -0.0219405 0.00386418 -0.013525
internal_weight=150.774 84.2521 67.8366 66.5216 55.0356 20.0412 34.9944 53.9619 16.4156
internal_count=619 344 276 275 228 82 146 220 68
is_linear=0
shrinkage=0.03


Tree=13
num_leaves=11
num_cat=0
split_feature=23 9 7 19 38 9 36 5 28 40
split_gain=10.4745 11.3323 15.0319 8.31431 8.07359 7.89928 5.46739 5.0252 2.09015 2.03535
threshold=0.94851302391682746 0.064837741855780326 0.0088051544367133677 0.17832038146054444 0.0097630692957987476 -0.027910027155512537 0.0060038208782324642 -0.079663308894912785 8.5000000000000018 0.049701408556643963
decision_type=2 2 2 2 2 2 2 2 2 2
left_child=3 2 7 4 9 -6 -3 -2 -4 -1
right_child=1 6 8 -5 5 -7 -8 -9 -10 -11
leaf_value=-0.025670950097295062 -0.014174240525842017 -0.027796665119288723 0.03792611323896114 0.01290979247796125 0.022806187903072029 -0.012150372358196628 0.0031221321482588268 0.0078930943360090954 0.010751057900730729 -0.0050492315680889296
leaf_weight=26.086630329489708 10.306135579943655 8.4209464490413684 16.126254051923755 11.504554480314253 7.6808167099952724 12.352491721510885 7.9577591568231574 34.034877747297287 7.4355386197566977 8.7631112635135633
leaf_count=109 42 35 65 47 31 51 33 139 30 37
internal_value=0.000561334 0.00759512 0.0130738 -0.00810996 -0.0130788 0.00142486 -0.0132533 0.00204995 0.0314493 -0.0214481
internal_weight=150.669 84.2815 67.9028 66.3876 54.8831 20.0333 16.3787 44.341 23.5618 34.8497
internal_count=619 344 276 275 228 82 68 181 95 146
is_linear=0
shrinkage=0.03


Tree=14
num_leaves=7
num_cat=0
split_feature=35 21 36 7 7 33
split_gain=11.8137 8.68519 10.3587 8.60682 8.48266 7.16138
threshold=-0.083440988298122395 0.020782834018039733 0.0078326199033023781 -0.0053540534865463224 -0.0092788476037794984 0.8920537303770838
decision_type=2 2 2 2 2 2
left_child=-1 2 4 -3 -2 -5
right_child=1 3 -4 5 -6 -7
leaf_value=0.032206655884678692 0.009820664090173398 -0.0082836443066255424 -0.02963288191947798 0.030897085436815689 -0.0088066198199300977 0
leaf_weight=7.9650394320487967 31.720624506473541 12.738213837146757 12.635021924972532 16.210399433970455 59.996628656983376 9.271773234009741
leaf_count=32 130 52 53 66 248 38
internal_value=0.00054838 -0.00153758 -0.00609766 0.0102239 -0.00213218 0.0199509
internal_weight=150.538 142.573 104.352 38.2204 91.7173 25.4822
internal_count=619 587 431 156 378 104
is_linear=0
shrinkage=0.03


Tree=15
num_leaves=10
num_cat=0
split_feature=37 28 11 40 5 5 18 30 20
split_gain=20.5147 10.9028 9.33394 13.4417 8.71488 8.19555 7.4009 4.26797 3.14617
threshold=0.0049762536992646886 2.5000000000000004 -0.013578687528385812 -0.025691178558405133 -0.013312373473493842 0.062664767311126149 0.86972307543922389 1.0000000180025095e-35 0.021728181699878769
decision_type=2 2 2 2 2 2 2 2 2
left_child=2 5 8 -4 -5 -2 7 -3 -1
right_child=1 6 3 4 -6 -7 -8 -9 -10
leaf_value=0.0059825794188104646 0.026579338501896678 -0.019175539212757685 -0.022768532393431264 0.032545141486127541 -0.0052547950126285636 -0.01010097786837112 0.0069919398208931442 0.0015707156466355217 0.033930053579042878
leaf_weight=7.3871155530214336 11.069246530532839 60.782508045434952 10.018605396151544 10.810216128826143 7.7237418889999381 7.2688890993595114 12.459307014942167 8.5390092283487302 17.914814889431
leaf_count=30 45 253 41 44 32 30 51 35 72
internal_value=4.19876e-05 -0.00785837 0.0147533 0.00203479 0.0170846 0.0117389 -0.0126071 -0.0164373 0.0273559
internal_weight=153.973 100.119 53.8545 28.5526 18.534 18.3381 81.7808 69.3215 25.3019
internal_count=633 414 219 117 76 75 339 288 102
is_linear=0
shrinkage=0.03


Tree=16
num_leaves=11
num_cat=0
split_feature=37 28 33 40 15 40 16 16 23 14
split_gain=19.3755 10.306 7.49752 6.59389 6.19095 7.52096 5.30828 4.79568 4.28393 4.21291
threshold=0.0049762536992646886 2.5000000000000004 0.72554804436057185 0.07418991112433472 -1166.4166716628552 -0.025691178558405133 -207.33237648252731 11.087798345054269 1.0325308219872582 309.5700212574157
decision_type=2 2 2 2 2 2 2 2 2 2
left_child=4 8 9 -4 -1 6 -6 -7 -2 -3
right_child=1 2 3 -5 5 7 -8 -9 -10 -11
leaf_value=0.034488528863392723 0.02448483224096273 -0.011981555873161355 0.0074325814954019267 -0.021731460538417 -0.019481719624292335 0.02646657525563547 0.009970446250670487 0 -0.0015032391808743808 -0.033112618537009884
leaf_weight=9.6743875145912153 8.8018139004707354 36.406155496835709 23.551639452576641 7.5779802203178397 9.766540393233301 17.426019832491882 7.9242202192544893 9.0744927972555143 9.5562885999679548 14.034865975379942
leaf_count=39 36 151 97 32 40 71 32 37 39 59
internal_value=6.22876e-05 -0.00762535 -0.0122573 -9.74613e-05 0.0143549 0.00832005 -0.0058547 0.0180557 0.0114013 -0.0191858
internal_weight=153.794 99.9287 81.5706 31.1296 53.8657 44.1913 17.6908 26.5005 18.3581 50.441
internal_count=633 414 339 129 219 180 72 108 75 210
is_linear=0
shrinkage=0.03


Tree=17
num_leaves=6
num_cat=0
split_feature=39 36 28 15 6
split_gain=12.125 13.6283 14.0046 10.2279 6.46959
threshold=1.0000000180025095e-35 0.0038075975991348995 5.5000000000000009 661.12273228922083 0.0022346868160034706
decision_type=2 2 2 2 2
left_child=-1 -2 3 -3 -4
right_child=1 2 4 -5 -6
leaf_value=0.025208097598954406 0.025258834511565693 0.017222327040159056 -0.0060775799858964665 -0.0085783086111828142 -0.024702897840971405
leaf_weight=13.657251402735708 12.105581462383268 29.612635344266891 47.24633452296257 22.071331605315208 28.962988868355751
leaf_count=55 49 121 196 92 120
internal_value=6.26883e-05 -0.00260517 -0.00570639 0.0060158 -0.0137985
internal_weight=153.656 139.999 127.893 51.684 76.2093
internal_count=633 578 529 213 316
is_linear=0
shrinkage=0.03


Tree=18
num_leaves=9
num_cat=0
split_feature=36 28 15 36 5 20 18 14
split_gain=11.0206 18.7246 15.4304 25.2688 9.72879 9.31987 8.27766 7.0483
threshold=0.0038075975991348995 5.5000000000000009 661.12273228922083 0.0064025124615288342 0.0665581197066243 0.023021390355478843 0.17015873195484951 1.0000000180025095e-35
decision_type=2 2 2 2 2 2 2 2
left_child=-1 2 3 -2 -4 6 -3 -7
right_child=1 5 4 -5 -6 7 -8 -9
leaf_value=0.025197056099554142 -0.001962542101538645 0 0.010794005900216015 0.046284971804814987 -0.025688409109790814 0.010091399066919119 -0.028714600475597429 -0.013834710575130841
leaf_weight=12.376768127083777 18.304151803255081 12.306397408246992 10.417051732540132 17.321174919605255 11.618809431791304 22.116976737976074 30.685334846377373 18.379135876893997
leaf_count=50 75 51 43 70 49 90 129 76
internal_value=6.83977e-05 -0.0023515 0.0104526 0.0223103 -0.00835484 -0.0114078 -0.0208186 -0.000554531
internal_weight=153.526 141.149 57.6612 35.6253 22.0359 83.4878 42.9917 40.4961
internal_count=633 583 237 145 92 346 180 166
is_linear=0
shrinkage=0.03


Tree=19
num_leaves=13
num_cat=0
split_feature=37 33 11 19 5 15 5 37 7 37 23 17
split_gain=17.3175 9.20389 8.11364 10.4032 7.44563 7.19299 6.29383 4.65295 4.34929 3.79563 3.0904 2.24592
threshold=0.0049762536992646886 0.72554804436057185 -0.015612692992141018 0.10462000097432274 -0.0098108265243923558 -359.9233370552484 0.073070317585628999 0.059808244249292992 -0.015623060210928031 0.034244952610810848 0.89490492324155768 -7.9091368757699732
decision_type=2 2 2 2 2 2 2 2 2 2 2 2
left_child=2 4 11 -4 5 -2 9 -8 -5 -3 -6 -1
right_child=1 6 3 8 10 -7 7 -9 -10 -11 -12 -13
leaf_value=0.0069742740390142154 -0.017499339648938093 0 0.024064373201684891 0.0014069554316146209 -0.036310384930389093 0.010373012715810606 0.0025965993553736517 -0.022768404215647096 -0.024262912490365929 0.026117753300559696 -0.012413696508006947 0.032367569461205191
leaf_weight=7.4447480589151409 14.158882573246958 7.3414205312728908 10.743185535073282 11.246552348136904 12.796860560774805 14.800783321261404 15.838291004300119 7.8307145833969107 8.277457118034361 10.463050723075865 16.235235005617142 16.123184233903885
leaf_count=30 59 30 44 46 55 61 66 33 34 43 67 65
internal_value=7.15381e-05 -0.00721722 0.013583 0.00235326 -0.0147877 -0.0030199 0.00321678 -0.00633101 -0.0100225 0.0160244 -0.0250916 0.0261059
internal_weight=153.3 99.4652 53.8351 30.2672 57.9918 28.9597 41.4735 23.669 19.524 17.8045 29.0321 23.5679
internal_count=633 414 219 124 242 120 172 99 80 73 122 95
is_linear=0
shrinkage=0.03


Tree=20
num_leaves=12
num_cat=0
split_feature=23 8 15 32 32 11 14 35 13 4 12
split_gain=8.31909 7.71341 8.85259 7.48766 6.75816 5.7764 5.71195 4.16511 2.67863 2.3696 0.0100692
threshold=0.89707782607236919 0.028387560088614046 -36.532150325186223 0.0014765831501908357 -0.004194485118682977 0.034379307944501288 -703.58688157248969 -0.012286424978227016 0.12644498046618938 -0.029779531887462293 49.634209893958477
decision_type=2 2 2 2 2 2 2 2 2 2 2
left_child=1 2 3 -1 7 6 -6 -2 -7 -9 -4
right_child=4 -3 10 -5 5 8 -8 9 -10 -11 -12
leaf_value=0.015859493256388968 0.0075455296155823044 0.0084260944733269543 -0.01752398848842705 -0.019437307231821958 -0.0012231951480709143 0.0070109737748066695 0.020599525298649266 0 -0.014237596967742417 -0.018742217784090069 -0.037587898849919379
leaf_weight=9.2349138110876101 11.991552472114561 11.968484356999396 11.252102538943292 8.3665535598993284 12.974790081381796 7.2220893651247051 36.363095134496689 10.993049263954164 9.5409007072448713 16.196647852659225 9.2455118596553785
leaf_count=38 49 50 48 35 53 30 148 45 40 67 40
internal_value=-0.000859776 -0.0107657 -0.0172882 -0.000424348 0.0038241 0.00965165 0.0147444 -0.00563431 -0.00451201 -0.0120797 -0.0297776
internal_weight=155.35 50.0676 38.0991 17.6015 105.282 66.1009 49.3379 39.1812 16.763 27.1897 20.4976
internal_count=643 211 161 73 432 271 201 161 70 112 88
is_linear=0
shrinkage=0.03


Tree=21
num_leaves=9
num_cat=0
split_feature=20 11 20 21 36 19 1 3
split_gain=7.77946 7.98364 7.69147 6.10724 5.55315 5.06704 3.9677 2.91398
threshold=0.019208034554951438 -0.0058662519182730013 0.02067527697461561 0.013439075500679834 0.0045506404834245989 0.089868438170628104 0.00051951376557102258 0.0073491193565278232
decision_type=2 2 2 2 2 2 2 2
left_child=4 2 -2 -3 -1 -5 -4 -6
right_child=1 3 6 5 7 -7 -8 -9
leaf_value=0.0048402630891096459 -0.014094585403848302 0.016275133892837679 0.02391416601913782 0.0081878860269698431 -0.029716143270695741 -0.011740842358369289 0.0050834368026250005 -0.0031856845395940607
leaf_weight=7.7791255861520794 7.2534336596727362 9.1334823071956617 23.658694922924042 12.172426819801329 13.553963080048563 51.38484288752079 22.883623793721199 7.3925055414438239
leaf_count=32 30 38 96 51 58 214 93 31
internal_value=-0.000856527 0.00229701 0.0109269 -0.00401043 -0.0144763 -0.00756195 0.0155555 -0.0221004
internal_weight=155.212 126.487 53.7958 72.6908 28.7256 63.5573 46.5423 20.9465
internal_count=643 522 219 303 121 265 189 89
is_linear=0
shrinkage=0.03


Tree=22
num_leaves=10
num_cat=0
split_feature=20 11 20 26 5 36 13 3 20
split_gain=7.40757 7.53218 7.34758 5.42928 6.39244 5.32373 3.3669 2.78199 1.63454
threshold=0.019208034554951438 -0.015612692992141018 0.020755390499286822 0.40483036227717084 -0.0098108265243923558 0.0045506404834245989 -3.7930285531715273 0.0073491193565278232 0.022080160725762677
decision_type=2 2 2 2 2 2 2 2 2
left_child=5 2 -2 4 -3 -1 -4 -7 -5
right_child=1 3 6 8 -6 7 -8 -9 -10
leaf_value=0.0047224236441253571 -0.011439328447631488 0.0038675893621758967 0 0.019897020356390838 -0.014197316072259306 -0.029129151602013292 0.023002957560877106 -0.0031119780247316482 0.00065390565877739275
leaf_weight=7.783875614404681 7.2704257965087882 27.330927178263664 7.4093133509159079 7.6870848089456585 40.105222836136818 13.454099446535112 26.727985873818398 7.3880061358213416 9.9232928156852704
leaf_count=32 30 112 30 32 169 58 108 31 41
internal_value=-0.000826553 0.0022447 0.0124895 -0.00274336 -0.00675932 -0.0141441 0.0183519 -0.0216434 0.0109912
internal_weight=155.08 126.454 41.4077 85.0465 67.4362 28.626 34.1373 20.8421 17.6104
internal_count=643 522 168 354 281 121 138 89 73
is_linear=0
shrinkage=0.03


Tree=23
num_leaves=11
num_cat=0
split_feature=23 8 5 32 34 11 28 8 21 34
split_gain=7.54344 7.32912 10.9838 6.32739 5.66627 7.12081 4.75111 2.95641 2.9504 0.128618
threshold=0.89707782607236919 0.028387560088614046 -0.031938351482117537 -0.004194485118682977 0.02783276663541168 0.036248159138153387 6.5000000000000009 -0.021711093772797792 0.017734573175693342 0.0015859725736107058
decision_type=2 2 2 2 2 2 2 2 2 2
left_child=1 2 -1 6 5 -5 7 -2 -8 -4
right_child=3 -3 9 4 -6 -7 8 -9 -10 -11
leaf_value=0.0036752246303140977 0.016261329828431721 0.0083997507562793595 -0.012416125228220371 0.018554177435370911 -0.0075952969153110506 -0.0074816163271063732 -0.026072460581329584 -0.0062621246962540587 -0.0031275750651963779 -0.032012774016722194
leaf_weight=13.651287034153937 9.0635448545217532 11.947551295161245 7.1368217468261745 44.219919964671135 12.081098526716231 9.7838962078094465 8.8794450461864489 7.2326988875865927 13.919266968965529 16.984390467405319
leaf_count=56 37 50 31 180 50 41 37 30 57 74
internal_value=-0.000799236 -0.0102767 -0.0166865 0.00364909 0.00928928 0.0134707 -0.005508 0.0058532 -0.0140508 -0.0281835
internal_weight=154.9 49.7201 37.7725 105.18 66.0849 54.0038 39.095 16.2962 22.7987 24.1212
internal_count=643 211 161 432 271 221 161 67 94 105
is_linear=0
shrinkage=0.03


Tree=24
num_leaves=11
num_cat=0
split_feature=23 8 15 32 34 32 11 28 10 9
split_gain=7.12092 6.993 8.01403 6.99004 5.99171 5.16862 5.82222 4.03925 2.71164 1.57514
threshold=0.89707782607236919 0.028387560088614046 -36.532150325186223 0.0014765831501908357 0.02515875105011223 -0.004194485118682977 0.036248159138153387 7.5000000000000009 -0.026920737500156108 0.052565122668111523
decision_type=2 2 2 2 2 2 2 2 2 2
left_child=1 2 3 -1 5 8 -7 9 -2 -6
right_child=4 -3 -4 -5 7 6 -8 -9 -10 -11
leaf_value=0.015404577942672835 0.010292642660025109 0.0081736685985811779 -0.028359417354536731 -0.018775055269825577 0.010139767842049206 0.017741521824055174 -0.0066525532405415583 -0.021022161583571421 -0.0082181864628670109 -0.0070344905109292451
leaf_weight=9.2341150343418139 8.0902190953493136 11.964731052517889 20.080123081803322 8.2878526598215085 7.6194019168615359 42.55119700729847 8.8433917909860593 10.628971412777899 20.352294281125069 7.0823949575424194
leaf_count=38 33 50 88 35 31 173 37 44 84 30
internal_value=-0.000801002 -0.0100284 -0.0163193 -0.000261152 0.00351402 0.00761793 0.0131712 -0.00848274 -0.00212993 0.00111656
internal_weight=154.735 49.5668 37.6021 17.522 105.168 79.8371 51.3946 25.3308 28.4425 14.7018
internal_count=643 211 161 73 432 327 210 105 117 61
is_linear=0
shrinkage=0.03


Tree=25
num_leaves=8
num_cat=0
split_feature=34 38 36 21 34 25 32
split_gain=8.4511 6.56763 5.96952 6.42281 5.30175 4.04456 2.66744
threshold=-0.025306108678657287 0.0060510369150163596 0.0040031541841002117 0.020414616109773145 0.013224862588323895 0.078579829461922976 0.00075795553437829632
decision_type=2 2 2 2 2 2 2
left_child=5 -2 4 -4 -3 -1 -7
right_child=1 2 3 -5 -6 6 -8
leaf_value=-0.0024666436814160032 0.017532729711022467 0.024329139987368079 -0.013968968902373131 0.0020086801864449321 -0.0055404031009362751 0.0057291685977935592 0.031980353400851036
leaf_weight=7.4979577213525799 9.158228471875189 8.0703378617763537 71.464032128453255 29.863217055797577 8.8656176030635816 9.212753504514696 8.7716591805219633
leaf_count=31 38 33 300 123 36 38 36
internal_value=-0.000977921 -0.00426341 -0.00633952 -0.00916712 0.00896721 0.0140196 0.0212026
internal_weight=152.904 127.421 118.263 101.327 16.936 25.4824 17.9844
internal_count=635 530 492 423 69 105 74
is_linear=0
shrinkage=0.03


Tree=26
num_leaves=12
num_cat=0
split_feature=20 28 6 9 20 6 2 24 22 9 32
split_gain=6.94478 8.55843 6.24865 7.24866 5.70612 5.58455 4.22458 6.79451 2.97417 1.30739 0.0623313
threshold=0.026245418889407856 6.5000000000000009 0.0058758018089344428 0.055627739810812822 0.020053731936956767 0.0020435309058323341 0.00045978570908966626 -0.20349009168884943 0.0046821150675210319 0.0072025855066397615 -0.00052010573604904786
decision_type=2 2 2 2 2 2 2 2 2 2 2
left_child=1 2 8 -4 10 -6 7 -2 -1 -8 -3
right_child=6 4 3 -5 5 -7 9 -9 -10 -11 -12
leaf_value=-0.012600644267840385 0.016560830999264271 -0.013243254013331684 0.027495713245889387 -0.002954977827995186 0.0023738324304273823 -0.018263712991779698 0.02892035178620795 -0.017672196302473384 0.0035643829215256211 0.0062143338331416701 -0.0336975120697297
leaf_weight=17.547603383660316 8.843742758035658 7.9388870745897293 13.986131504178049 10.504683867096899 27.169429033994675 17.123841777443886 8.3809167444705945 8.0575476735830325 18.015910863876343 7.3202157616615287 7.8829319179058057
leaf_count=74 36 34 57 44 113 71 34 33 75 30 34
internal_value=-0.000917934 -0.00435503 0.00342653 0.0146314 -0.0122302 -0.005725 0.0108368 0 -0.0042586 0.0210799 -0.0269138
internal_weight=152.772 120.169 60.0543 24.4908 60.1151 44.2933 32.6024 16.9013 35.5635 15.7011 15.8218
internal_count=635 502 250 101 252 184 133 69 149 64 68
is_linear=0
shrinkage=0.03


Tree=27
num_leaves=7
num_cat=0
split_feature=34 38 35 12 13 19
split_gain=7.80484 6.17991 5.65716 6.36955 3.67346 0.113137
threshold=-0.025306108678657287 0.0060510369150163596 0.076420888291436465 24.577573234702637 2.4136928810730471 0.15172638432737939
decision_type=2 2 2 2 2 2
left_child=4 -2 3 -3 5 -1
right_child=1 2 -4 -5 -6 -7
leaf_value=0.0099611375738863674 0.017048785367059845 0.015115002504089573 0.014717269810853454 -0.010198390891047274 -0.00085268552383245338 0.026729059664579797
leaf_weight=8.4614651799202019 9.1782477647066099 7.5809432417154303 8.4993167370557767 101.87508799135685 8.670414596796034 8.3299850076436979
leaf_count=35 38 31 35 426 36 34
internal_value=-0.000894111 -0.00406127 -0.00608578 -0.00807083 0.0135177 0.0210372
internal_weight=152.595 127.134 117.955 109.456 25.4619 16.7915
internal_count=635 530 492 457 105 69
is_linear=0
shrinkage=0.03


Tree=28
num_leaves=12
num_cat=0
split_feature=37 6 34 28 20 11 24 28 17 33 37
split_gain=7.44391 7.40437 6.1578 5.16791 4.7048 8.19442 4.16271 2.25013 2.15179 3.96609 1.65756
threshold=0.010506139289359508 -0.0043108281570727472 0.023104237556049404 5.5000000000000009 0.020053731936956767 -0.012859105845794248 0.33103371783496011 6.5000000000000009 -57.667134031663799 0.28759732399309518 0.041364658524864269
decision_type=2 2 2 2 2 2 2 2 2 2 2
left_child=4 8 3 -3 -1 7 -7 -6 9 -2 -4
right_child=1 2 10 -5 5 6 -8 -9 -10 -11 -12
leaf_value=-0.011450049601589215 0.0055718213570564402 0.018738555225643751 -0.00083025031830150206 -0.0021830577198150188 0.031495871070481601 0.0062277541367878157 -0.017052924806144898 0.010227966812117812 -0.026310451966252878 -0.017914146957671625 -0.021332754023122531
leaf_weight=8.3347807973623258 8.4622108191251773 16.959835976362228 7.9554665535688427 20.884754180908203 11.571143925189974 18.735467404127125 8.2262531965970975 15.625607535243033 13.255029767751692 13.655465379357336 8.8104780018329603
leaf_count=35 35 70 33 88 47 77 34 63 56 59 38
internal_value=-0.000828384 -0.00638257 0.0003787 0.00728634 0.00688635 0.0102826 -0.00104456 0.021328 -0.016684 -0.00858958 -0.0135289
internal_weight=152.476 89.9832 54.6105 37.8446 62.4933 54.1585 26.9617 27.1968 35.3727 22.1177 16.7659
internal_count=635 379 229 158 256 221 111 110 150 94 71
is_linear=0
shrinkage=0.03


Tree=29
num_leaves=8
num_cat=0
split_feature=19 34 19 20 16 13 16
split_gain=7.29961 5.9588 6.55087 7.46943 6.14427 3.77597 0.362291
threshold=0.046857985467845829 -0.025306108678657287 0.10344294876676212 0.028099053080477405 -219.24249466270982 2.4136928810730471 -45.296781832299835
decision_type=2 2 2 2 2 2 2
left_child=-1 5 4 -4 -3 6 -2
right_child=1 2 3 -5 -6 -7 -8
leaf_value=-0.026716878196636946 0.0099373260886985084 -0.010364668707667401 -0.012766700248267595 0.012824755312329622 0.011453577734019289 -0.0010664002357179637 0.028175478978648832
leaf_weight=7.2417503595352164 9.0141525119543093 13.621896728873251 55.839855268597603 10.229142680764197 40.136130183935165 8.6544349342584592 7.5324115157127407
leaf_count=31 37 58 233 42 167 36 31
internal_value=-0.000817631 0.00071942 -0.00201839 -0.00832374 0.0054825 0.01348 0.0211916
internal_weight=152.27 145.028 119.827 66.069 53.758 25.201 16.5466
internal_count=635 604 500 275 225 104 68
is_linear=0
shrinkage=0.03


Tree=30
num_leaves=8
num_cat=0
split_feature=15 23 26 19 0 16 20
split_gain=10.0093 7.33789 6.17171 4.97714 4.82113 3.3447 0.182416
threshold=-1137.9133172808836 0.86082045816969155 0.035901291587229135 0.086671863177097783 0.00030302194839071378 -36.67590923954139 0.021687452173603246
decision_type=2 2 2 2 2 2 2
left_child=-1 4 -3 -4 5 -2 -6
right_child=1 2 3 -5 6 -7 -8
leaf_value=0.023228942641146198 -0.015031801437134363 0.018205206023913623 0.0077890965635427816 -0.0068392207776947116 -0.034188514056026617 0.0083343548163672173 -0.012352631518472743
leaf_weight=12.477506220340727 8.7177732735872286 13.829754263162611 28.492765173316002 62.285369768738747 7.1570796221494657 8.7963125109672564 7.1311961859464645
leaf_count=51 38 57 118 258 32 38 30
internal_value=-0.00039538 -0.00296911 0.000807006 -0.00201719 -0.0151465 -0.00287624 -0.0270662
internal_weight=148.888 136.41 104.608 90.7781 31.8024 17.5141 14.2883
internal_count=622 571 433 376 138 76 62
is_linear=0
shrinkage=0.03


Tree=31
num_leaves=8
num_cat=0
split_feature=39 23 21 0 38 9 28
split_gain=9.50927 6.87976 7.58618 7.55969 6.9369 3.9481 3.13543
threshold=1.0000000180025095e-35 0.85675339051428645 0.021566125242060172 0.00030302194839071378 0.01184456712368258 0.037167573554088333 7.5000000000000009
decision_type=2 2 2 2 2 2 2
left_child=-1 3 4 6 -3 -4 -2
right_child=1 2 5 -5 -6 -7 -8
leaf_value=0.021584554590053279 -0.012437606768012265 0 0.026992669847811672 -0.029828815176448711 -0.024718375965962245 0 0.011093574780490398
leaf_weight=13.745838716626166 8.1222787946462685 76.00468710064888 11.078760206699373 13.965716049075125 9.6687497943639737 7.9717244356870642 8.2060021013021451
leaf_count=56 36 316 45 61 40 33 35
internal_value=-0.000385616 -0.00301423 0.000570729 -0.0151395 -0.00317962 0.0168489 0
internal_weight=148.764 135.018 104.724 30.294 85.6734 19.0505 16.3283
internal_count=622 566 434 132 356 78 71
is_linear=0
shrinkage=0.03


Tree=32
num_leaves=7
num_cat=0
split_feature=15 23 26 7 20 17
split_gain=9.33408 6.73329 5.78093 7.08749 4.53884 1.68631
threshold=-1137.9133172808836 0.86082045816969155 0.035901291587229135 0.0094798655465014297 0.023070360102227617 -12.107068362584981
decision_type=2 2 2 2 2 2
left_child=-1 4 -3 -4 5 -2
right_child=1 2 3 -5 -6 -7
leaf_value=0.022464826996144435 -0.0089902042322953339 0.01756419935675738 -0.0090737389911499638 0.0074791753225508222 -7.7007502688201953e-05 -0.033042950811276076
leaf_weight=12.443104490637777 9.1176311969757098 13.860882937908171 52.865879818797112 37.857395380735397 13.614833533763884 8.8424737006425875
leaf_count=51 41 57 220 156 57 40
internal_value=-0.000372586 -0.00286318 0.000739749 -0.00199236 -0.0145769 -0.0237081
internal_weight=148.602 136.159 104.584 90.7233 31.5749 17.9601
internal_count=622 571 433 376 138 81
is_linear=0
shrinkage=0.03


Tree=33
num_leaves=11
num_cat=0
split_feature=20 11 34 37 19 19 35 0 0 7
split_gain=7.68393 8.37855 5.77897 8.70098 5.73655 7.49873 6.62985 4.54149 4.14656 3.93771
threshold=0.022758342263615148 -0.03730381396875259 1.0000000180025095e-35 0.037509077078995319 0.086671863177097783 0.048476684084314763 0.038397542527518043 0.0069418448051571388 -0.010058115759963125 -0.020926038262548342
decision_type=2 2 2 2 2 2 2 2 2 2
left_child=4 -2 9 -4 5 -1 -7 8 -6 -3
right_child=1 2 3 -5 7 6 -8 -9 -10 -11
leaf_value=-0.022185330247878068 0.025291700846642895 -0.0023515632008248915 0.0030254582374867858 -0.028672295138279888 -0.020166663518585929 0.018049739632884788 -0.0069526724704919544 -0.02773175541394134 0.0024656504678762453 0.022419668728931381
leaf_weight=7.6842966526746741 14.999182835221289 7.4805018156766918 22.531444311141971 9.1857837587594968 9.1282501518726331 20.107062160968781 14.248512625694273 13.447815030813215 17.451531499624256 12.174568369984625
leaf_count=33 61 31 93 39 39 84 61 57 74 50
internal_value=-0.000363716 0.00700482 0.000636883 -0.00686602 -0.00652627 0.000935671 0.0074557 -0.0143918 -0.00564941 0.0129529
internal_weight=148.439 66.3715 51.3723 31.7172 82.0675 42.0399 34.3556 40.0276 26.5798 19.6551
internal_count=622 274 213 132 348 178 145 170 113 81
is_linear=0
shrinkage=0.03


Tree=34
num_leaves=8
num_cat=0
split_feature=39 23 32 21 14 36 1
split_gain=8.63017 6.29646 7.29071 7.01247 6.74533 2.57669 0.929215
threshold=1.0000000180025095e-35 0.85675339051428645 -0.0059150387274122243 0.021566125242060172 868.75193410399163 0.0061738821168364775 -0.0043366657050318827
decision_type=2 2 2 2 2 2 2
left_child=-1 2 -2 4 -3 -5 -4
right_child=1 3 6 5 -6 -7 -8
leaf_value=0.020591796453490248 0.0074923358851730426 0.001288350836673114 -0.0075119924029973147 0.00036284443078162703 -0.018199783064602702 0.024323130805200203 -0.027792072621267035
leaf_weight=13.692090928554533 7.9177077114582088 67.052052021026611 7.1504120826721254 7.7920698374509838 18.470387622714043 11.243871152400969 14.953471422195429
leaf_count=56 34 277 31 32 79 46 67
internal_value=-0.00036855 -0.00288118 -0.0145403 0.000535782 -0.00306885 0.0161954 -0.0230216
internal_weight=148.272 134.58 30.0216 104.558 85.5224 19.0359 22.1039
internal_count=622 566 132 434 356 78 98
is_linear=0
shrinkage=0.03


Tree=35
num_leaves=12
num_cat=0
split_feature=5 8 22 6 5 34 14 17 20 18 34
split_gain=6.55013 10.1757 7.77223 6.96045 6.39516 7.11297 6.34475 4.72346 4.67157 1.53894 0.509917
threshold=-0.011108592096209955 0.021993197679712181 0.5102680607437694 0.010929057602062765 0.088759471112732427 -0.00039914322828238363 -371.37105134603547 90.1617209544914 0.022758342263615148 0.31297741772323145 0.0055645920638930377
decision_type=2 2 2 2 2 2 2 2 2 2 2
left_child=2 3 6 9 7 -6 8 -3 -1 -2 -8
right_child=1 4 -4 -5 5 -7 10 -9 -10 -11 -12
leaf_value=-0.0039352557900172724 -0.0061341292433846218 0.023061200728068252 -0.016110191810586833 0.0083724583614115632 0.013002120754363168 -0.019248135394398874 0.036262752611670772 -0.0026459407368636572 0.014539537571172401 -0.02544707599674623 0.013046283666281249
leaf_weight=21.278568968176842 8.9257276654243487 17.49997636675835 7.9227283149957648 7.2011052817106238 8.1229248493909854 13.036591842770575 7.3772484213113767 7.5841157734394065 22.813207268714905 22.414074063301086 7.9578996151685715
leaf_count=89 38 72 33 30 34 56 30 31 93 99 33
internal_value=0.00142436 -0.00397218 0.00835284 -0.0150774 0.00521369 -0.00616623 0.0122768 0.0151134 0.00551433 -0.0210945 0.0279754
internal_weight=152.134 84.7845 67.3497 38.5409 46.2436 21.1595 59.4269 25.0841 44.0918 31.3398 15.3351
internal_count=638 360 278 167 193 90 245 103 182 137 63
is_linear=0
shrinkage=0.03


Tree=36
num_leaves=12
num_cat=0
split_feature=5 8 22 23 5 34 23 9 12 20 25
split_gain=6.21355 9.658 7.40908 6.24635 6.03024 6.78316 5.69201 5.68848 4.77323 4.2994 2.77294
threshold=-0.011108592096209955 0.021993197679712181 0.5102680607437694 0.87351914995819413 0.088759471112732427 -0.00039914322828238363 1.143373373660366 -0.0212223664963305 52.212892894946883 0.022758342263615148 0.28464818763326233
decision_type=2 2 2 2 2 2 2 2 2 2 2
left_child=2 3 7 -2 6 -6 -3 9 -5 -1 -9
right_child=1 4 -4 8 5 -7 -8 10 -10 -11 -12
leaf_value=-0.0053251061674191736 -0.029977811088437247 0.023266928795678401 -0.015757672898535583 0.0063443725168083947 0.012667352927439778 -0.018825540185480744 -0.0051128281505540682 0.0086218341077258145 -0.017874725052502701 0.013335100898121214 0.035299311496162875
leaf_weight=18.409002691507339 13.428696528077124 17.792259305715564 7.9020282924175254 13.917857572436334 8.1400565803051013 12.975192308425902 7.3273051381111136 10.119574785232546 11.026230528950689 21.1227757781744 9.7955657690763456
leaf_count=77 62 73 33 58 34 56 30 42 47 86 40
internal_value=0.0013931 -0.00386828 0.00813999 -0.014722 0.0050658 -0.00599035 0.014669 0.0119702 -0.00433681 0.00444634 0.024452
internal_weight=151.957 84.6076 67.3489 38.3728 46.2348 21.1152 25.1196 59.4469 24.9441 39.5318 19.9151
internal_count=638 360 278 167 193 90 103 245 105 163 82
is_linear=0
shrinkage=0.03


Tree=37
num_leaves=5
num_cat=0
split_feature=39 19 21 19
split_gain=6.73106 3.69977 6.77117 3.48119
threshold=1.0000000180025095e-35 0.048476684084314763 0.013010664694887901 0.066153665697991124
decision_type=2 2 2 2
left_child=-1 -2 -3 -4
right_child=1 2 3 -5
leaf_value=0.019842484901732075 -0.018603729045958597 0.022292169781697468 0.014657379517081841 -0.0030795865299639083
leaf_weight=13.941531658172606 7.6886539608240119 9.8269928991794568 8.7625266015529615 111.52140618860722
leaf_count=57 33 41 37 470
internal_value=0.00135211 -0.000668416 0.000543489 -0.00144621
internal_weight=151.741 137.8 130.111 120.284
internal_count=638 581 548 507
is_linear=0
shrinkage=0.03


Tree=38
num_leaves=7
num_cat=0
split_feature=39 32 30 25 10 10
split_gain=6.38659 4.85394 4.52977 5.21424 4.40711 0.383996
threshold=1.0000000180025095e-35 -0.010108437655126977 1.0000000180025095e-35 0.30077908808378401 -0.020459354220538014 0.0090431107937878358
decision_type=2 2 2 2 2 2
left_child=-1 4 3 -3 -2 -6
right_child=1 2 -4 -5 5 -7
leaf_value=0.019352011550863135 0.0047401435535632565 -0.0053332203533294764 0.019333483632916367 0.008246620698567339 -0.027668084408674888 -0.0098619182723904426
leaf_weight=13.917090132832525 7.2936469018459347 64.25393508374691 10.023740336298941 39.29499576985836 7.0974830240011242 9.7930801361799222
leaf_count=57 30 272 41 166 30 42
internal_value=0.00132571 -0.000638974 0.00190061 0 -0.0123723 -0.0202753
internal_weight=151.674 137.757 113.573 103.549 24.1842 16.8906
internal_count=638 581 479 438 102 72
is_linear=0
shrinkage=0.03


Tree=39
num_leaves=7
num_cat=0
split_feature=35 2 3 22 35 12
split_gain=4.85917 4.2221 7.87812 5.62746 6.15707 4.32841
threshold=-0.07478595086944205 0.020057915544370978 0.031262781588554674 0.5102680607437694 -0.045984010921314759 64.466364637989372
decision_type=2 2 2 2 2 2
left_child=-1 3 -3 4 -2 -4
right_child=1 2 5 -5 -6 -7
leaf_value=0.018877714477167514 -0.023676173073554265 0.025010198030446341 0.0092394184868599214 -0.021293167661415601 0.0017757968142164578 -0.015796524867843692
leaf_weight=10.969011813402174 7.4236097335815421 13.316968619823454 10.403828620910646 11.663484394550322 87.803004577755928 10.016107842326162
leaf_count=45 32 55 43 50 371 42
internal_value=0.00128985 -0.000222329 0.00861496 -0.00325633 -0.000500307 -0.00268549
internal_weight=151.596 140.627 33.7369 106.89 95.2266 20.4199
internal_count=638 593 140 453 403 85
is_linear=0
shrinkage=0.03


Tree=40
num_leaves=8
num_cat=0
split_feature=13 15 21 37 4 1 11
split_gain=9.41658 8.18858 7.36387 9.92437 8.08827 3.63015 2.32094
threshold=-6.0038048817344487 1250.4663572053121 0.021191493181126796 0.0049762536992646886 0.016455144018772686 -0.022450242750536639 0.013938757480448484
decision_type=2 2 2 2 2 2 2
left_child=5 2 3 -2 -4 -1 -7
right_child=1 -3 4 -5 -6 6 -8
leaf_value=0 0.015212962242938955 -0.017240333126044224 0 -0.0057074000036485993 0.032312547782060497 -0.0079117558413357211 -0.034997662528001357
leaf_weight=9.8772242963314074 29.630185961723328 12.739865303039549 11.790908500552179 54.702506735920906 15.541614487767218 8.9391023665666598 7.3817878514528266
leaf_count=41 122 56 49 232 64 38 33
internal_value=2.5338e-05 0.0036185 0.00639173 0.00165134 0.0193966 -0.0155518 -0.0234644
internal_weight=150.603 124.405 111.665 84.3327 27.3325 26.1981 16.3209
internal_count=635 523 467 354 113 112 71
is_linear=0
shrinkage=0.03


Tree=41
num_leaves=7
num_cat=0
split_feature=13 15 22 21 6 11
split_gain=9.00539 7.79066 7.89847 7.21538 2.95837 2.56178
threshold=-6.0038048817344487 1250.4663572053121 0.49802381928922829 0.021191493181126796 -0.02285719028485211 -0.00032521290650477924
decision_type=2 2 2 2 2 2
left_child=4 2 3 -2 -1 -6
right_child=1 -3 -4 -5 5 -7
leaf_value=0 0.0041563400816539316 -0.016866069300909625 -0.013727073909012285 0.023076051630458481 -0.0055867046454729646 -0.031343690554823236
leaf_weight=7.7836122959852245 74.457744762301445 12.677227929234503 13.23345038294792 23.940701574087143 8.957785248756414 9.3647806644439644
leaf_count=32 312 56 56 99 38 42
internal_value=6.78681e-06 0.00352101 0.00622433 0.00927697 -0.0152529 -0.0212784
internal_weight=150.415 124.309 111.632 98.3984 26.1062 18.3226
internal_count=635 523 467 411 112 80
is_linear=0
shrinkage=0.03


Tree=42
num_leaves=7
num_cat=0
split_feature=13 15 22 38 1 11
split_gain=8.57942 7.40134 7.48981 6.58218 3.43903 2.20467
threshold=-6.0038048817344487 1250.4663572053121 0.49802381928922829 0.0077445692380284066 -0.022450242750536639 0.013938757480448484
decision_type=2 2 2 2 2 2
left_child=4 2 3 -2 -1 -6
right_child=1 -3 -4 -5 5 -7
leaf_value=0 -0.0032864284731410716 -0.016500486384137286 -0.013395051813530203 0.013612488909935961 -0.0075492328877247439 -0.034056236068622951
leaf_weight=9.8585845530033129 26.042804554104805 12.614628091454504 13.204636931419371 72.394491046667099 8.912698835134508 7.2337154746055594
leaf_count=41 110 56 56 301 38 33
internal_value=0 0.00341145 0.00604413 0.00901591 -0.0149415 -0.0226958
internal_weight=150.262 124.257 111.642 98.4373 26.005 16.1464
internal_count=635 523 467 411 112 71
is_linear=0
shrinkage=0.03


Tree=43
num_leaves=8
num_cat=0
split_feature=13 15 21 34 20 1 11
split_gain=8.1796 7.02069 6.52115 7.04199 5.86982 3.30903 2.13879
threshold=-6.0038048817344487 1250.4663572053121 0.021191493181126796 0.017539685152324295 0.024076200400957048 -0.022450242750536639 0.013938757480448484
decision_type=2 2 2 2 2 2 2
left_child=5 2 4 -4 -2 -1 -7
right_child=1 -3 3 -5 -6 6 -8
leaf_value=0 0.005661556447266387 -0.016143283700186951 0.026882243785740504 -0.0042871438429719641 -0.012822723241307654 -0.0073730880138277426 -0.033557673803941132
leaf_weight=9.8585845530033129 66.578881055116653 12.552148550748823 19.805932849645618 7.5138015002012244 17.770621076226234 8.8998330384492892 7.1519028395414344
leaf_count=41 280 56 82 31 74 38 33
internal_value=0 0.00328974 0.00585167 0.0180904 0.00138681 -0.0146567 -0.022296
internal_weight=150.132 124.221 111.669 27.3197 84.3495 25.9103 16.0517
internal_count=635 523 467 113 354 112 71
is_linear=0
shrinkage=0.03


Tree=44
num_leaves=8
num_cat=0
split_feature=13 15 38 13 38 1 9
split_gain=7.81187 6.66935 6.43428 7.88237 7.82981 3.18483 1.90674
threshold=-6.0038048817344487 1250.4663572053121 0.007758032953396137 2.5346854828431522 0.0062082288776868196 -0.022450242750536639 -0.0014775401710216884
decision_type=2 2 2 2 2 2 2
left_child=5 2 4 -4 -2 -1 -7
right_child=1 -3 3 -5 -6 6 -8
leaf_value=0 0.016534423468093182 -0.015794177873643744 0.017471617985760704 -0.00087567408052713282 -0.015012191474401852 -0.0053741472147320101 -0.030614528610928834
leaf_weight=9.8585845530033129 7.8513824343681362 12.489865422248839 48.770483583211899 33.169878482818604 21.877555206418037 7.2147027403116235 8.7411504685878718
leaf_count=41 33 56 202 139 93 31 40
internal_value=0 0.00318504 0.00568032 0.0100219 -0.00569094 -0.0143791 -0.0219069
internal_weight=149.974 124.159 111.669 81.9404 29.7289 25.8144 15.9559
internal_count=635 523 467 341 126 112 71
is_linear=0
shrinkage=0.03


Tree=45
num_leaves=7
num_cat=0
split_feature=35 32 21 19 25 35
split_gain=5.40479 5.39236 8.35319 8.58713 5.13839 2.25023
threshold=-0.087935128800527659 -0.01439829906982054 0.021191493181126796 0.11755166637247876 0.089397504772898831 0.034654756365754109
decision_type=2 2 2 2 2 2
left_child=-1 5 3 -3 -4 -2
right_child=1 2 4 -5 -6 -7
leaf_value=0.021575726321574864 -0.025648141419579551 0.001733242310514652 -0.0047274751081132866 -0.016826709849686972 0.020423756889259678 -0.0011128399856483223
leaf_weight=7.2521768212318412 9.3531616628170031 66.923043191432953 8.2801239490509051 30.687249302864075 22.402868002653122 6.9747872352600089
leaf_count=30 40 285 35 130 93 30
internal_value=-0.000534932 -0.00202518 3.25473e-05 -0.00417184 0.0133035 -0.017251
internal_weight=151.873 144.621 128.293 97.6103 30.683 16.3279
internal_count=643 613 543 415 128 70
is_linear=0
shrinkage=0.03


Tree=46
num_leaves=11
num_cat=0
split_feature=7 37 21 21 24 28 6 37 38 28
split_gain=5.70066 8.56351 8.93221 8.61677 7.63345 6.55946 5.28238 5.18745 4.7094 3.80455
threshold=0.0088051544367133677 0.0099319103639103918 0.020523535174872137 0.020603067899869421 0.5246053479381444 10.500000000000002 -0.018430001682783914 0.038540605079225305 0.007440506440413064 6.5000000000000009
decision_type=2 2 2 2 2 2 2 2 2 2
left_child=1 3 6 5 8 -1 -3 -6 -2 -10
right_child=4 2 -4 -5 7 -7 -8 -9 9 -11
leaf_value=0.021680140074736412 -0.0058216023966654075 0.0014006448479939541 0.0082808428781828668 -0.015989612364586007 -0.021828166483191309 -0.0064922374372321148 -0.024513550293642949 0.0068247095829725955 0.028603023179063256 0.0065510376723754045
leaf_weight=21.226728066802028 7.0606137514114371 7.2591623067855826 11.46264900267124 10.652057781815527 9.8378763496875781 8.7953197658061963 33.253682687878609 8.4550453424453718 15.732141852378843 17.998678341507912
leaf_count=87 30 31 49 44 41 37 147 36 66 75
internal_value=-0.000521417 -0.00521471 -0.0131493 0.00471413 0.00652231 0.0130683 -0.0196699 -0.00847815 0.0136817 0.0182813
internal_weight=151.734 92.6496 51.9755 40.6741 59.0844 30.022 40.5128 18.2929 40.7914 33.7308
internal_count=643 395 227 168 248 124 178 77 171 141
is_linear=0
shrinkage=0.03


Tree=47
num_leaves=12
num_cat=0
split_feature=7 37 21 40 11 24 15 7 2 37 28
split_gain=5.38992 8.07589 8.50832 8.2359 7.35994 7.23216 8.20112 6.88784 6.59634 4.94729 2.60013
threshold=0.0088051544367133677 0.0099319103639103918 0.020523535174872137 -0.026855792150539345 -0.013578687528385812 0.5246053479381444 1020.3545895052129 -0.014161867450608705 -0.020251483005338519 0.038540605079225305 6.5000000000000009
decision_type=2 2 2 2 2 2 2 2 2 2 2
left_child=1 3 8 4 -1 6 10 -5 -3 -7 -2
right_child=5 2 -4 7 -6 9 -8 -9 -10 -11 -12
leaf_value=0.0091309044487894245 0.027095695098232196 0 0.0080589863372310597 0.030451213718499921 -0.023882561538266938 -0.021311650018802579 -0.011460822940507829 -0.0016633892434817581 -0.026826046637832456 0.0066536032686918909 0.0072080018452527865
leaf_weight=9.3448777198791522 18.688632309436798 12.355254635214804 11.479653909802435 11.956749275326731 10.625823840498922 9.8227211982011813 7.5884051322937003 8.7471148222684842 27.927118092775345 8.4636052101850492 14.505931362509726
leaf_count=38 78 53 49 49 44 41 33 37 125 36 60
internal_value=-0.000501844 -0.00507591 -0.0128069 0.00455014 -0.00832691 0.00634223 0.013315 0.0172712 -0.019208 -0.00824896 0.0197345
internal_weight=151.506 92.4366 51.762 40.6746 19.9707 59.0693 40.783 20.7039 40.2824 18.2863 33.1946
internal_count=643 395 227 168 82 248 171 86 178 77 138
is_linear=0
shrinkage=0.03


Tree=48
num_leaves=11
num_cat=0
split_feature=7 5 5 20 12 34 8 18 33 10
split_gain=5.08921 8.56349 9.88887 8.2188 6.17803 5.27222 4.42427 5.64822 3.59035 3.23979
threshold=0.0088051544367133677 -0.021069730768054958 -0.066975293687823331 0.020053731936956767 25.418981867645368 0.023798587721067469 0.021993197679712181 0.286939125297556 0.96152314112291359 -0.01041541139132701
decision_type=2 2 2 2 2 2 2 2 2 2
left_child=1 2 4 -4 -1 8 7 -3 9 -2
right_child=5 6 3 -5 -6 -7 -8 -9 -10 -11
leaf_value=0.0090525364348901967 -0.0018327662569845226 -0.00097199540000232067 -0.0067407089690085398 0.027707573134602811 -0.020009889086920946 -0.010659986798788488 0.0036971851972118198 -0.026777439955856436 -0.0060354568414876207 0.017942543947167024
leaf_weight=8.2546769231557864 7.3331030756235114 12.897812709212301 7.4723062664270428 16.561217218637466 15.440549105405806 10.948710843920706 8.0963986068963987 23.481777802109718 7.4490149319171897 33.298745691776276
leaf_count=34 31 55 32 68 64 47 35 107 31 139
internal_value=-0.000483076 -0.00493824 0.00360523 0.016726 -0.00938511 0.00616392 -0.0141899 -0.0185468 0.0105672 0.0141032
internal_weight=151.234 92.2047 47.7287 24.0335 23.6952 59.0296 44.476 36.3796 48.0809 40.6318
internal_count=643 395 198 100 98 248 197 162 201 170
is_linear=0
shrinkage=0.03


Tree=49
num_leaves=7
num_cat=0
split_feature=35 32 17 35 38 35
split_gain=4.81891 5.04216 5.35287 10.3765 6.12253 2.1919
threshold=-0.087935128800527659 -0.01439829906982054 -79.858491554251245 0.014780030811669233 0.0077445692380284066 0.034654756365754109
decision_type=2 2 2 2 2 2
left_child=-1 5 3 -3 -4 -2
right_child=1 2 4 -5 -6 -7
leaf_value=0.020462177699764786 -0.024966809031590893 -0.0094523372410733192 -0.013446827025143195 0.031326522545551377 0.0019085406104952171 -0.00079995240437533827
leaf_weight=7.1890390366315833 9.2761303335428256 7.9065707921981838 30.423360839486122 10.867005556821821 78.432600811123848 6.9430213868618003
leaf_count=30 40 34 131 46 332 30
internal_value=-0.000481577 -0.00189736 9.22309e-05 0.0141737 -0.00241288 -0.0166683
internal_weight=151.038 143.849 127.63 18.7736 108.856 16.2192
internal_count=643 613 543 80 463 70
is_linear=0
shrinkage=0.03


Tree=50
num_leaves=10
num_cat=0
split_feature=8 12 33 15 4 38 5 24 32
split_gain=8.31363 9.22261 8.32695 6.79528 4.45744 5.71473 4.05648 3.2333 1.24665
threshold=0.022847979880743049 52.212892894946883 0.95554556032251303 1278.2929825629226 -0.068456518004146857 0.0077445692380284066 -0.00085232880204288975 -0.070802005012531311 0.013244387621931144
decision_type=2 2 2 2 2 2 2 2 2
left_child=1 4 3 8 7 -6 -3 -1 -2
right_child=2 6 -4 -5 5 -7 -8 -9 -10
leaf_value=0 0.026117245769620764 -0.0015011762556148434 -0.011836250715707222 -0.0065506670845698542 -0.0079049202270462977 0.010354386549682031 -0.030574043502207313 -0.024016894928357332 0.0074512929235275365
leaf_weight=8.7662644088268298 24.168174967169762 8.0467868149280566 9.7286903560161573 7.4357849657535544 20.664334133267403 43.715960085391998 12.652518540620802 7.9866656363010398 8.9052369445562345
leaf_count=36 100 34 41 33 88 186 58 33 37
internal_value=0.000674982 -0.00414196 0.0105108 0.016535 0.000396942 0.00420608 -0.0210609 -0.0123288 0.0222305
internal_weight=152.07 101.833 50.2379 40.5092 81.1332 64.3803 20.6993 16.7529 33.0734
internal_count=646 435 211 170 343 274 92 69 137
is_linear=0
shrinkage=0.03


Tree=51
num_leaves=10
num_cat=0
split_feature=8 12 15 8 36 36 3 40 5
split_gain=7.87816 10.135 9.35726 6.22985 4.74077 6.86476 3.52801 1.53803 1.20269
threshold=0.018981816390291395 52.212892894946883 1355.9315791582842 0.062578255143804218 0.0040031541841002117 0.0051292169386026884 0.053793105568343054 0.044451994316382366 0.0037067462125564003
decision_type=2 2 2 2 2 2 2 2 2
left_child=1 4 3 7 -1 -6 -5 -2 -3
right_child=2 8 -4 6 5 -7 -8 -9 -10
leaf_value=0.0178135886343667 0.012579444978599872 -0.0084672061091870202 -0.016646921925173083 0.011838250498244138 -0.017762473735045546 0.0028064261272643201 -0.014030808072471406 0.031158886539044368 -0.03092417766372501
leaf_weight=10.047379940748213 17.553198978304867 7.9035944342613247 7.9429516792297354 7.7234099060296995 17.636604428291321 52.747104674577713 7.2070337980985641 13.303786411881445 9.8640940338373166
leaf_count=41 73 34 36 32 76 223 30 55 46
internal_value=0.00062975 -0.00430431 0.00974736 0.0151451 0.000236029 -0.00248883 0 0.0224554 -0.0235608
internal_weight=151.929 98.1988 53.7304 45.7874 80.4311 70.3837 14.9304 30.857 17.7677
internal_count=646 420 226 190 340 299 62 128 80
is_linear=0
shrinkage=0.03


Tree=52
num_leaves=11
num_cat=0
split_feature=8 9 12 34 10 12 5 32 34 32
split_gain=7.49202 8.63973 8.47383 4.39448 4.65999 3.97151 3.80481 2.92571 2.67141 2.31246
threshold=0.022847979880743049 0.083861671777139976 52.212892894946883 0.016922879536544814 -0.010542693355081177 39.909958258795477 -0.00085232880204288975 0.013244387621931144 0.011234976807087517 0.0019252352178419365
decision_type=2 2 2 2 2 2 2 2 2 2
left_child=2 7 3 4 -1 -5 -4 8 -2 -3
right_child=1 9 6 5 -6 -7 -8 -9 -10 -11
leaf_value=-0.00068501229334386963 0.0094429047876639048 -0.018771859659966354 -0.0013545290492960878 0.0027393176739266864 0.017052160725768067 -0.017939105885651428 -0.029635150231952123 0.0019076337726859156 0.032681380477946241 0.0020202996328323244
leaf_weight=34.128874763846397 13.224364772439005 7.010000988841055 8.0340254306793231 12.920654624700548 18.294104710221291 15.723759338259695 12.412570327520369 10.308388546109198 12.458391711115835 7.2199027687311172
leaf_count=143 55 31 34 54 78 68 58 43 51 31
internal_value=0.000603495 0.0099434 -0.00397508 0.000351927 0.00562831 -0.00855216 -0.020302 0.0176294 0.0228042 -0.00834925
internal_weight=151.735 50.221 101.514 81.0674 52.423 28.6444 20.4466 35.9911 25.6828 14.2299
internal_count=646 211 435 343 221 122 92 149 106 62
is_linear=0
shrinkage=0.03


Tree=53
num_leaves=10
num_cat=0
split_feature=8 9 26 15 26 32 32 9 32
split_gain=7.15684 8.80826 6.70514 4.64986 5.41974 2.87853 2.81408 1.77403 1.42806
threshold=0.018981816390291395 0.083861671777139976 0.40483036227717084 -1166.4166716628552 0.035901291587229135 0.0015891773872486195 0.013244387621931144 -0.018413723259384403 -0.00091330123193600332
decision_type=2 2 2 2 2 2 2 2 2
left_child=2 6 3 -1 -5 -3 8 -4 -2
right_child=1 5 7 4 -6 -7 -8 -9 -10
leaf_value=0.010601424252128734 0.0093639191177896063 -0.020965277471153856 0 0.0033627789775228234 -0.015599217739382444 0.0021450937746083309 0.0019577393255169359 0.016703552951592992 0.028101481380197513
leaf_weight=7.9020566046237937 12.184384375810621 6.9092072993516904 10.171304523944857 15.627790093421934 52.538778379559517 7.7192620038986206 11.289213970303534 11.652215942740439 15.570907816290857
leaf_count=33 51 31 43 67 227 33 47 50 64
internal_value=0.000584422 0.00928047 -0.00412369 -0.00840937 -0.0110663 -0.00907692 0.0166309 0.00963684 0.0215622
internal_weight=151.565 53.673 97.8921 76.0686 68.1666 14.6285 39.0445 21.8235 27.7553
internal_count=646 226 420 327 294 64 162 93 115
is_linear=0
shrinkage=0.03


Tree=54
num_leaves=10
num_cat=0
split_feature=8 15 33 26 5 15 13 28 22
split_gain=6.75829 8.38069 7.47195 6.3425 6.42334 5.60194 3.83809 3.57902 2.23779
threshold=0.018981816390291395 1355.9315791582842 0.95554556032251303 0.40483036227717084 -0.011108592096209955 -255.47510189026477 -1.4462626214036296 6.5000000000000009 0.021956660654707808
decision_type=2 2 2 2 2 2 2 2 2
left_child=3 2 6 4 5 -1 -2 -5 -6
right_child=1 -3 -4 7 8 -7 -8 -9 -10
leaf_value=-0.008711975967989451 0.0037235427092559841 -0.01601193622331969 -0.0084357114662963594 0.019767275084184906 -0.026675112946794824 0.011545695613069161 0.026381667259529538 -0.0022018286905547534 -0.0060599751608536381
leaf_weight=31.704402849078178 12.172056242823595 7.8554830700159064 8.5819709151983243 11.458686277270319 15.456480100750925 17.124881118535995 25.011229351162914 10.4017316699028 11.626032471656798
leaf_count=132 51 36 36 49 71 71 103 44 53
internal_value=0.000593156 0.00904878 0.0141547 -0.00398221 -0.0081637 -0.00113757 0.0199159 0.00937683 -0.0193665
internal_weight=151.393 53.6207 45.7653 97.7722 75.9118 48.8293 37.1833 21.8604 27.0825
internal_count=646 226 190 420 327 203 154 93 124
is_linear=0
shrinkage=0.03


Tree=55
num_leaves=6
num_cat=0
split_feature=6 39 31 28 17
split_gain=4.9061 8.31099 5.88148 5.2053 2.9119
threshold=-0.030647806299854821 1.0000000180025095e-35 -1.4999999999999998 6.5000000000000009 -55.60374319695142
decision_type=2 2 2 2 2
left_child=-1 -2 4 -4 -3
right_child=1 2 3 -5 -6
leaf_value=-0.019801064929675351 0.021877642017842737 0.018007847057675112 0.0016418255922005613 -0.011593206514483778 -2.6855671101299404e-06
leaf_weight=9.5977561324834806 12.703499540686606 14.80946868658066 47.332034513354301 53.670712143182755 12.427769929170607
leaf_count=40 54 63 203 231 53
internal_value=-0.00101424 0.000419285 -0.00189453 -0.00533391 0.00983895
internal_weight=150.541 140.943 128.24 101.003 27.2372
internal_count=644 604 550 434 116
is_linear=0
shrinkage=0.03


Tree=56
num_leaves=8
num_cat=0
split_feature=40 16 15 20 28 7 28
split_gain=5.08124 4.35876 5.71931 5.66725 4.59407 5.11067 2.95199
threshold=0.072860437626275157 -193.38686699551761 923.10536921510925 0.017981939034696515 2.5000000000000004 -0.021866087265088683 5.5000000000000009
decision_type=2 2 2 2 2 2 2
left_child=1 4 3 -3 -1 -6 -2
right_child=6 2 -4 -5 5 -7 -8
leaf_value=0.012712513706930152 0 -0.01230296881276814 -0.012023947044564626 0.011560692318613642 0 -0.02091226518980116 -0.026010779613468354
leaf_weight=7.50720290839672 7.1643836349248877 8.0917288661003095 12.370484605431555 64.49927781522274 23.480478569865227 18.550082236528397 8.7374180853366834
leaf_count=31 31 37 56 270 99 81 39
internal_value=-0.000977932 0.000902327 0.00508075 0.00844096 -0.00589204 -0.00998223 -0.0160433
internal_weight=150.401 134.499 84.9615 72.591 49.5378 42.0306 15.9018
internal_count=644 574 363 307 211 180 70
is_linear=0
shrinkage=0.03


Tree=57
num_leaves=11
num_cat=0
split_feature=23 14 19 11 11 35 11 11 8 38
split_gain=5.51341 7.42314 5.96784 8.58265 6.11992 5.48975 5.32518 3.28246 3.08061 1.55893
threshold=0.86858849800821369 -663.87306849718868 0.09882083698422571 -0.0074026297631199492 -0.021198479324991134 -0.0078154842535687035 0.018927290903437591 0.036248159138153387 0.030720805016599999 0.0083304111619252001
decision_type=2 2 2 2 2 2 2 2 2 2
left_child=1 -1 4 5 -2 -4 -5 -6 9 -3
right_child=2 8 3 6 7 -7 -8 -9 -10 -11
leaf_value=0.01104953075249932 -0.0059050734850191163 -0.0054226767854588234 0.022695904618470996 -0.023583008282312957 0.024982837106274958 -0.0022497529256817004 -0.0011990989993239847 0.0033887920061927905 -0.0020305382340617653 -0.029404974833358209
leaf_weight=8.8808795064687711 11.915582180023192 6.1484641432762208 12.228322997689249 17.161692425608635 19.091251343488697 15.105880647897719 22.604659825563431 12.617982327938078 10.601339876651762 13.855171903967856
leaf_count=38 50 30 52 72 79 62 98 54 45 64
internal_value=-0.000975193 -0.0103835 0.00237152 -0.00306731 0.0108337 0.0091852 -0.011885 0.0175458 -0.0173592 -0.0238782
internal_weight=150.211 39.4859 110.725 67.1006 43.6248 27.3342 39.7664 31.7092 30.605 20.0036
internal_count=644 177 467 284 183 114 170 133 139 94
is_linear=0
shrinkage=0.03


Tree=58
num_leaves=9
num_cat=0
split_feature=23 5 6 9 15 16 8 1
split_gain=5.24851 6.80279 5.06325 5.33527 10.3223 4.63694 3.97216 2.74675
threshold=0.86858849800821369 -0.019928632386062347 -0.030647806299854821 0.050389604244844406 -247.25184915526614 222.01620616298584 0.030720805016599999 -0.0032782251911268596
decision_type=2 2 2 2 2 2 2 2
left_child=1 7 -2 4 -4 -5 -3 -1
right_child=2 6 3 5 -6 -7 -8 -9
leaf_value=0.015951190743320385 -0.018474205508020199 -0.029034572886784595 -0.0021224953309990718 0.0039731626285569492 0.018988538484227175 -0.019857896782832014 -0.0027724427170567924 -0.0064392052151190527
leaf_weight=7.6593954563140869 7.4736528098583213 14.009959921240808 40.367337554693222 13.262289091944696 38.074257865548134 11.453889876604078 10.383412972092627 7.2881551980972272
leaf_count=32 31 69 170 58 159 49 44 32
internal_value=-0.000956895 -0.0101571 0.00230382 0.00427454 0.00815532 -0.00716893 -0.0194812 0.0046774
internal_weight=149.972 39.3409 110.631 103.158 78.4416 24.7162 24.3934 14.9476
internal_count=644 177 467 436 329 107 113 64
is_linear=0
shrinkage=0.03


Tree=59
num_leaves=11
num_cat=0
split_feature=23 5 34 2 1 23 3 11 10 1
split_gain=4.98044 6.51442 6.30346 5.70775 5.27567 5.20004 4.72624 5.01996 3.95346 2.61883
threshold=0.86858849800821369 -0.019928632386062347 0.02515875105011223 -0.023787742081992743 0.031188506261180641 1.0302085488886692 0.012290565955675238 0.0065629109567131314 0.037504423457662146 -0.0032782251911268596
decision_type=2 2 2 2 2 2 2 2 2 2
left_child=1 9 3 5 -5 -2 7 -4 -3 -1
right_child=2 8 6 4 -6 -7 -8 -9 -10 -11
leaf_value=0.01555265188062355 0.0096948405460072426 -0.026606150902561267 -0.016493989414346141 0.014028823683479037 -0.007573917581830591 -0.018869058715564175 -0.026192607695875014 0.013091793094698045 0 -0.0062927058970261946
leaf_weight=7.6710672825574875 7.4423191398382214 16.558828070759777 7.4490274637937608 56.251526564359665 10.026670694351195 11.751851454377173 8.359891936182974 9.3616974800825101 7.6621636301279059 7.2807693779468519
leaf_count=32 31 81 32 237 42 49 36 40 32 32
internal_value=-0.000951565 -0.0099379 0.00221682 0.0062096 0.0104149 -0.00721626 -0.0102486 0 -0.0191137 0.00454285
internal_weight=149.816 39.1728 110.643 85.4724 66.2782 19.1942 25.1706 16.8107 24.221 14.9518
internal_count=644 177 467 359 279 80 108 72 113 64
is_linear=0
shrinkage=0.03


Tree=60
num_leaves=8
num_cat=0
split_feature=25 32 37 13 10 12 33
split_gain=4.20074 5.68514 5.01502 5.27903 3.18346 3.85333 1.8256
threshold=0.042977768982122841 -0.019777902833435942 0.052374069621060067 2.5751702146313602 0.020650493839573517 46.101424482679221 0.72554804436057185
decision_type=2 2 2 2 2 2 2
left_child=4 -2 3 -3 5 -1 -4
right_child=1 2 6 -5 -6 -7 -8
leaf_value=-0.013991863261823756 -0.019743850214748525 0.012573421455820126 -0.017839119054184685 -0.0015454756037720102 -0.022740399908309381 0.010887615729309089 0
leaf_weight=9.0408942401409202 6.8507398664951316 66.046445250511169 7.5890259146690395 33.363655164837837 8.4612630158662778 9.1569972038269025 11.309666261076925
leaf_count=39 29 281 35 142 37 40 49
internal_value=0.000804212 0.0032212 0.00498179 0.00774995 -0.00945258 -0.000891657 -0.00820958
internal_weight=151.819 125.16 118.309 99.4101 26.6592 18.1979 18.8987
internal_count=652 536 507 423 116 79 84
is_linear=0
shrinkage=0.03


Tree=61
num_leaves=7
num_cat=0
split_feature=38 38 17 33 6 23
split_gain=5.01681 6.02192 5.97369 5.02489 5.09825 0.689143
threshold=0.0060510369150163596 0.007758032953396137 -52.595995599042816 0.95554556032251303 -0.030647806299854821 1.0879536671384342
decision_type=2 2 2 2 2 2
left_child=-1 2 -2 4 -3 -4
right_child=1 3 5 -5 -6 -7
leaf_value=0.01908466229232933 0.0086263737185643206 -0.014252167949353535 -0.025206752867836212 -0.018428563972734333 0.0064407680365438915 -0.007152068147410923
leaf_weight=10.413626775145529 6.6589700430631664 9.7599405348300916 13.371102139353754 7.510147586464881 96.335297480225563 7.7398546934127799
leaf_count=45 30 41 59 32 412 33
internal_value=0.000747658 -0.000745793 -0.0128459 0.00225328 0.00416994 -0.0204282
internal_weight=151.789 141.375 27.7699 113.605 106.095 21.111
internal_count=652 607 122 485 453 92
is_linear=0
shrinkage=0.03


Tree=62
num_leaves=11
num_cat=0
split_feature=24 25 28 14 24 36 26 33 12 32
split_gain=4.2003 6.26488 5.79714 10.5502 4.80738 3.78471 3.77261 3.64145 5.64481 1.64962
threshold=0.018195351914647263 0.042977768982122841 6.5000000000000009 854.90213019749729 0.6251606978879708 0.0044888707732613558 0.080701183110821681 0.70668900762404718 51.758141132032286 0.002614308749777972
decision_type=2 2 2 2 2 2 2 2 2 2
left_child=1 -1 3 4 -2 -4 -7 8 -3 -9
right_child=2 7 5 -5 -6 6 -8 9 -10 -11
leaf_value=-0.011943976818793476 0.023807639218961528 0.010083274666622774 0.0056832478092534288 -0.018475242097207085 -0.0018903552879554516 0.00084162741481500468 -0.020723169146147753 0.030092060184663001 -0.013583475753502621 0.0065452687140512243
leaf_weight=12.427317023277281 16.401485905051235 36.925592705607414 7.1732494533061972 10.044728770852087 8.1661344617605192 7.8547138571739188 26.577806532382965 8.4278120100498217 9.5364324301481229 8.2207986414432508
leaf_count=54 69 157 30 45 35 33 115 36 43 35
internal_value=0.00070709 0.00572836 -0.00409682 0.00454352 0.0152019 -0.0115075 -0.015616 0.00969864 0.00455599 0.0212183
internal_weight=151.756 75.538 76.2181 34.6123 24.5676 41.6058 34.4325 63.1106 46.462 16.6486
internal_count=652 325 327 149 104 178 148 271 200 71
is_linear=0
shrinkage=0.03


Tree=63
num_leaves=7
num_cat=0
split_feature=38 38 17 33 17 23
split_gain=4.77005 5.72167 5.67835 4.69447 3.94448 0.606901
threshold=0.0060510369150163596 0.007758032953396137 -52.595995599042816 0.95554556032251303 -78.561782881036706 1.0879536671384342
decision_type=2 2 2 2 2 2
left_child=-1 2 -2 4 -3 -4
right_child=1 3 5 -5 -6 -7
leaf_value=0.01855821022270842 0.0082894625222365292 -0.0060297642307875557 -0.024640302519718035 -0.017863781644059412 0.0071853626383444327 -0.0071084236032681819
leaf_weight=10.433271035552023 6.674997657537463 23.931802526116371 13.263610750436785 7.4793079346418372 82.107789158821106 7.7330016344785681
leaf_count=45 30 102 59 32 351 33
internal_value=0.000690063 -0.000766316 -0.0125836 0.00215243 0.00400763 -0.0200154
internal_weight=151.624 141.191 27.6716 113.519 106.04 20.9966
internal_count=652 607 122 485 453 92
is_linear=0
shrinkage=0.03


Tree=64
num_leaves=8
num_cat=0
split_feature=38 37 20 15 25 12 13
split_gain=4.53076 5.53552 5.06765 6.82437 4.89169 3.63361 0.553719
threshold=0.0060510369150163596 0.052374069621060067 0.022758342263615148 -209.38514329947634 0.010258838383838386 52.801630434782616 0.12644498046618938
decision_type=2 2 2 2 2 2 2
left_child=-1 2 3 -2 -4 -3 -7
right_child=1 5 4 -5 -6 6 -8
leaf_value=0.018050689979306506 -0.015096171759809847 0.0010453597318247126 -0.012926052627022131 0.0052055517810982287 0.010499675997796738 -0.029525346637392296 -0.008899564530359793
leaf_weight=10.46062535047531 26.969286546111107 7.6102387905120876 6.9996066987514487 27.699707001447678 57.523111462593079 6.8399544805288297 7.4735013842582703
leaf_count=45 116 34 30 121 241 32 33
internal_value=0.000654909 -0.000764031 0.0017404 -0.00472431 0.00742068 -0.014014 -0.0220868
internal_weight=151.576 141.115 119.192 54.669 64.5227 21.9237 14.3135
internal_count=652 607 508 237 271 99 65
is_linear=0
shrinkage=0.03


Tree=65
num_leaves=9
num_cat=0
split_feature=15 28 1 14 20 26 24 2
split_gain=6.12199 6.14113 4.36221 3.72144 5.06461 4.42727 3.54297 3.3838
threshold=1012.2966982327866 5.5000000000000009 -0.0051933556882385315 63.624360456025904 0.022758342263615148 0.36266924564796915 0.63859338061465731 -0.012605097649784845
decision_type=2 2 2 2 2 2 2 2
left_child=1 6 -2 4 -3 -5 7 -1
right_child=2 3 -4 5 -6 -7 -8 -9
leaf_value=0.0021709594161820299 0.00081605842170682965 -0.0054912108408609371 -0.022481994443657012 -0.01916635410475 0.011629694989166528 0.0050814779818511161 -0.0033477479542839781 0.022711883453493273
leaf_weight=12.639499694108961 12.146848082542421 25.70959098637104 12.131028473377226 14.839942649006845 31.944983035326004 8.8611764013767225 7.5352262258529654 26.066010639071465
leaf_count=53 55 110 57 66 132 37 32 109
internal_value=0.00198983 0.00472492 -0.0110796 -0.000119475 0.00381548 -0.00982718 0.0132107 0.0168089
internal_weight=151.874 127.596 24.2779 81.3557 57.6546 23.7011 46.2407 38.7055
internal_count=651 539 112 345 242 103 194 162
is_linear=0
shrinkage=0.03


Tree=66
num_leaves=7
num_cat=0
split_feature=21 15 28 36 11 1
split_gain=8.06933 5.42727 8.54447 7.03727 4.37816 3.10212
threshold=0.012256571290972714 1012.2966982327866 5.5000000000000009 0.006904537177066552 -0.045903644215375787 -0.0051933556882385315
decision_type=2 2 2 2 2 2
left_child=-1 2 3 -2 -4 -3
right_child=1 5 4 -5 -6 -7
leaf_value=0.026220044697879676 0.0025071150578147134 0 0.010202973744921309 0.026992150928655895 -0.0072607978214843973 -0.022057347582572866
leaf_weight=9.3953484892845136 28.663528934121132 11.694529369473459 13.953928232192991 16.855278432369232 59.10804446041584 12.03362590074539
leaf_count=40 120 53 58 71 252 57
internal_value=0.00192876 0 0.00265304 0.0126439 -0.00354261 -0.0125245
internal_weight=151.704 142.309 118.581 45.5188 73.062 23.7282
internal_count=651 611 501 191 310 110
is_linear=0
shrinkage=0.03


Tree=67
num_leaves=5
num_cat=0
split_feature=21 12 14 28
split_gain=7.65233 5.19493 3.61517 4.92704
threshold=0.012256571290972714 25.418981867645368 1641.878445902996 5.5000000000000009
decision_type=2 2 2 2
left_child=-1 -2 3 -3
right_child=1 2 -4 -5
leaf_value=0.025512762134050342 0.019627858354742532 0.006628699746890814 -0.020304184218120254 -0.0052176796187139354
leaf_weight=9.4211787283420545 9.1938346177339536 51.66027794778347 6.7573401778936377 74.507444605231285
leaf_count=40 38 221 31 321
internal_value=0.00188741 0 -0.0016402 -0.000222314
internal_weight=151.54 142.119 132.925 126.168
internal_count=651 611 573 542
is_linear=0
shrinkage=0.03


Tree=68
num_leaves=8
num_cat=0
split_feature=38 38 19 22 23 11 24
split_gain=6.22425 7.99378 8.87883 4.78705 4.80293 1.34462 0.1979
threshold=0.0060510369150163596 0.0077445692380284066 0.079331330612657278 0.34212947399644061 1.2964166297053892 -0.010267736922460855 0.33103371783496011
decision_type=2 2 2 2 2 2 2
left_child=-1 2 -2 4 -3 -5 -4
right_child=1 3 6 5 -6 -7 -8
leaf_value=0.022847993886124105 0.009742152434558931 0.0090720352828600765 -0.028015182048060975 0 -0.011601533578200015 -0.014279108703399403 -0.0096685694246968507
leaf_weight=9.7277882546186429 8.2777749449014681 83.851361721754074 13.270781785249712 8.4344708919525164 9.1313411891460401 12.021212577819822 6.7834394425153723
leaf_count=41 36 359 59 35 38 53 30
internal_value=0.00184134 0 -0.0136031 0.0037015 0.00668233 -0.00856847 -0.0239291
internal_weight=151.498 141.77 28.332 113.438 92.9827 20.4557 20.0542
internal_count=651 610 125 485 397 88 89
is_linear=0
shrinkage=0.03


Tree=69
num_leaves=9
num_cat=0
split_feature=12 19 11 20 5 3 35 35
split_gain=5.98361 5.80439 10.4341 5.81281 4.68088 4.45425 3.16775 2.88841
threshold=25.418981867645368 0.086008185621245264 -0.0066355928955653112 0.020146282604259099 -0.063921932521613475 0.0052876727456300241 -0.026674099347450794 0.031891721255214008
decision_type=2 2 2 2 2 2 2 2
left_child=-1 3 4 5 -3 -2 -4 -5
right_child=1 2 6 7 -6 -7 -8 -9
leaf_value=0.022177477202842997 -0.010015500488287282 -0.009047768037522233 -0.026378645266439484 0.031756450684448947 0.012027576807244983 0.016013818804357517 -0.0076394245784866394 0.0035692677153034988
leaf_weight=9.930293604731558 14.520166262984278 10.299982398748396 10.378149002790449 9.4310248494148272 35.041811481118202 7.1725208163261405 47.429453328251839 7.2421033084392539
leaf_count=41 66 43 47 39 146 30 208 31
internal_value=0.00177336 0 -0.00366046 0.00972173 0.00674321 -0.000150707 -0.0120241 0.02201
internal_weight=151.446 141.515 103.149 38.3658 45.3418 21.6927 57.8076 16.6731
internal_count=651 610 444 166 189 96 255 70
is_linear=0
shrinkage=0.03


Tree=70
num_leaves=9
num_cat=0
split_feature=37 33 8 33 32 35 1 5
split_gain=6.39916 10.0916 10.202 6.50241 8.6514 5.3707 4.52054 2.83872
threshold=0.059808244249292992 0.63860996980972018 -0.014205554147132933 0.95554556032251303 -0.0019003885797315709 -0.027312719808771532 0.014207891830778531 0.077278536803444556
decision_type=2 2 2 2 2 2 2 2
left_child=1 2 5 4 -3 -1 -4 -2
right_child=7 3 6 -5 -6 -7 -8 -9
leaf_value=-0.011224756526466102 -0.0022176683821471576 -0.0026717119183598077 -0.022502304129544518 -0.0093538588484057949 0.027204656357481736 0.0091464916188659425 0 -0.030154730165326105
leaf_weight=13.433396488428114 7.8353299200534803 10.9538197517395 25.550465166568756 7.4654166251420966 25.869780674576759 42.241855144500732 9.6278629302978498 6.7542692422866821
leaf_count=57 35 48 115 32 111 176 41 31
internal_value=-0.000464355 0.00157017 -0.00403543 0.0130709 0.0182512 0.00375242 -0.0163032 -0.0181315
internal_weight=149.732 135.143 90.8536 44.289 36.8236 55.6753 35.1783 14.5896
internal_count=646 580 389 191 159 233 156 66
is_linear=0
shrinkage=0.03


Tree=71
num_leaves=7
num_cat=0
split_feature=35 36 36 9 36 34
split_gain=5.98257 7.31698 5.09507 6.66895 6.39285 4.83734
threshold=-0.083440988298122395 0.0078326199033023781 0.0063686658033927507 -0.0080831598161111504 0.0040031541841002117 -0.041906194156466396
decision_type=2 2 2 2 2 2
left_child=-1 2 4 -4 -2 -3
right_child=1 5 3 -5 -6 -7
leaf_value=0.023511754563429077 0.010626736476504594 0 -0.0041366615473685774 0.019483057697926274 -0.008036585762790649 -0.029592833184561303
leaf_weight=6.7346023172140113 19.602036491036415 8.6465728580951708 16.493518173694611 22.669716626405716 64.270654737949371 11.096957236528395
leaf_count=29 82 38 69 96 280 52
internal_value=-0.000474376 -0.00201852 0.000688678 0.00945358 -0.00335416 -0.0180904
internal_weight=149.514 142.779 123.036 39.1632 83.8727 19.7435
internal_count=646 617 527 165 362 90
is_linear=0
shrinkage=0.03


Tree=72
num_leaves=7
num_cat=0
split_feature=35 36 36 5 9 25
split_gain=5.72689 6.98995 4.79751 6.55818 6.3077 2.90594
threshold=-0.083440988298122395 0.0078326199033023781 0.0063686658033927507 0.0665581197066243 -0.0070502835221124072 0.26138716356107666
decision_type=2 2 2 2 2 2
left_child=-1 2 3 -2 -4 -3
right_child=1 5 4 -5 -6 -7
leaf_value=0.023058358625676796 0.0007580940285897411 -0.025561990318684228 -0.003758681090222349 -0.019512432213872725 0.019130885627955951 -4.9070007856684293e-05
leaf_weight=6.7008522301912299 68.005260273814201 12.399670183658602 16.924501180648804 15.776783078908919 22.257074013352394 7.2531641125679007
leaf_count=29 291 57 71 71 94 33
internal_value=-0.000454545 -0.00196664 0.000673239 -0.00325007 0.00917712 -0.0177131
internal_weight=149.317 142.616 122.964 83.782 39.1816 19.6528
internal_count=646 617 527 362 165 90
is_linear=0
shrinkage=0.03


Tree=73
num_leaves=9
num_cat=0
split_feature=37 33 8 36 33 32 1 33
split_gain=5.94139 9.35303 9.60984 6.34873 6.08648 8.02167 4.31849 0.804944
threshold=0.059808244249292992 0.63860996980972018 -0.014205554147132933 0.0079925233203346092 0.95554556032251303 -0.0019003885797315709 0.014207891830778531 0.79322041312175551
decision_type=2 2 2 2 2 2 2 2
left_child=1 2 3 -1 5 -3 -4 -2
right_child=7 4 6 -5 -6 -7 -8 -9
leaf_value=0.0080668497470274703 -0.0044007600801022765 -0.0025387687566623043 -0.021945594580060616 -0.018275235573448966 -0.0090901303192683133 0.026253033869991005 0 -0.023823386325920352
leaf_weight=47.916523516178131 6.5422412455081922 10.893139705061911 25.336113139986992 7.6880672574043265 7.4338841289281836 25.806179985404015 9.6205026209354383 7.9091774225234985
leaf_count=199 30 48 115 34 32 111 41 36
internal_value=-0.000444078 0.00151098 -0.00388896 0.00365626 0.012605 0.0176299 -0.0158452 -0.0175464
internal_weight=149.146 134.694 90.5612 55.6046 44.1332 36.6993 34.9566 14.4514
internal_count=646 580 389 233 191 159 156 66
is_linear=0
shrinkage=0.03


Tree=74
num_leaves=9
num_cat=0
split_feature=37 33 8 36 33 32 36 24
split_gain=5.68376 8.82559 9.09145 6.03931 5.77774 7.60576 2.98697 2.19066
threshold=0.059808244249292992 0.63860996980972018 -0.014205554147132933 0.0079925233203346092 0.95554556032251303 -0.0019003885797315709 0.0068428575992175592 -0.054466051417270921
decision_type=2 2 2 2 2 2 2 2
left_child=1 2 3 -1 5 -3 -4 -2
right_child=7 4 6 -5 -6 -7 -8 -9
leaf_value=0.0078297546304366018 -0.0010734895483810846 -0.0024751110065065764 -0.019778669925432674 -0.01787909605337152 -0.0088811540956193098 0.025536405002368968 0 -0.026445989986846614
leaf_weight=47.946567609906197 6.6348298937082291 10.889594614505766 27.35816054046154 7.6672856658697119 7.4276964068412772 25.790813013911247 7.4415906667709342 7.7518592327833158
leaf_count=199 30 48 122 34 32 111 34 36
internal_value=-0.000456233 0.00145264 -0.0037952 0.0035274 0.0122331 0.0171346 -0.0154608 -0.0172193
internal_weight=148.908 134.522 90.4136 55.6139 44.1081 36.6804 34.7998 14.3867
internal_count=646 580 389 233 191 159 156 66
is_linear=0
shrinkage=0.03


Tree=75
num_leaves=12
num_cat=0
split_feature=5 7 26 0 21 5 17 33 36 33 37
split_gain=5.29423 6.70592 5.71543 6.20278 5.13526 4.02213 3.99571 3.75882 3.56781 2.34096 2.05907
threshold=-0.0098108265243923558 0.0013435201347652252 0.067396177442189717 -0.0065671498537923081 0.021566125242060172 0.021313970059874347 69.712356397964172 0.74338938524144493 0.0063686658033927507 0.88000859155195543 0.015110778531405302
decision_type=2 2 2 2 2 2 2 2 2 2 2
left_child=1 2 -1 -4 5 10 -7 -6 -3 -9 -2
right_child=4 8 3 -5 7 6 -8 9 -10 -11 -12
leaf_value=0.018016170088406891 -0.005254356747143335 0.0021861703606188628 0.0059447585181305451 -0.016015836944305736 -0.010204673296923575 -0.01041634627955252 0.010296076283096782 0.023260204869106706 0.030505995742538292 0 -0.02923681871121293
leaf_weight=9.2033615857362729 7.7989859133958843 8.5533387362957018 18.8623376339674 22.901996985077858 7.6109769344329861 27.168564483523369 9.3312518596649152 7.2699184566736248 9.5014479011297208 8.8232022672891599 12.014827713370321
leaf_count=38 34 36 79 97 34 124 40 31 42 37 56
internal_value=-0.00123216 0.00466009 -0.000811119 -0.00593645 -0.00648734 -0.0113764 -0.00447177 0.00452543 0.0193936 0.0126788 -0.0218319
internal_weight=149.04 69.0225 50.9677 41.7643 80.0177 56.3136 36.4998 23.7041 18.0548 16.0931 19.8138
internal_count=648 292 214 176 356 254 164 102 78 68 90
is_linear=0
shrinkage=0.03


Tree=76
num_leaves=12
num_cat=0
split_feature=12 7 7 28 3 20 37 40 38 19 36
split_gain=5.14406 6.18453 5.33361 3.96693 4.55735 3.0462 3.64905 3.23092 2.57785 2.48314 0.229831
threshold=50.155973875608034 0.010079246458603407 -0.042943236249579367 5.5000000000000009 0.048769134557309586 0.022758342263615148 0.012522232072836649 -0.026855792150539345 0.0075659607684736259 0.12980046347628732 0.0065073011054223541
decision_type=2 2 2 2 2 2 2 2 2 2 2
left_child=2 9 -1 8 -5 6 -4 -7 -3 10 -2
right_child=1 3 5 4 -6 7 -8 -9 -10 -11 -12
leaf_value=-0.012914489622077054 -0.029278955992582227 -0.0033492178006956368 0.0099629564028910489 0.0016390802495376865 -0.023632514578115122 0 -0.0081506420008082038 0.020551374255077838 0.01616967109588769 -0.0038158229293801349 -0.0096816648958437095
leaf_weight=11.555623665452002 10.342598930001264 7.1472370028495815 18.728809058666229 14.169153019785883 8.1813311725854856 9.6581201404333132 16.999837443232536 20.332976028323174 13.909376725554464 11.278189331293104 6.4743295162916175
leaf_count=48 49 31 79 61 35 41 77 85 60 51 31
internal_value=-0.00118133 -0.00696014 0.00401724 0 -0.00817675 0.00750936 0.000971658 0.0142812 0.00917799 -0.0174145 -0.0243623
internal_weight=148.778 71.5022 77.2754 43.4071 22.3505 65.7197 35.7286 29.9911 21.0566 28.0951 16.8169
internal_count=648 318 330 187 96 282 156 126 91 131 80
is_linear=0
shrinkage=0.03


Tree=77
num_leaves=6
num_cat=0
split_feature=35 36 28 2 26
split_gain=4.36604 3.95526 5.35982 7.04568 4.47082
threshold=-0.091864469832361892 0.0035837892587876272 5.5000000000000009 0.0077867576321262186 0.15269010043041611
decision_type=2 2 2 2 2
left_child=-1 -2 3 -3 -4
right_child=1 2 4 -5 -6
leaf_value=0.019347626789130115 0.013563487175221029 -0.0063207027291634328 0 0.014381196002791873 -0.01502605802825331
leaf_weight=6.6583650708198538 10.312140643596647 30.553957790136337 31.611249208450317 24.578065946698189 44.86310613155365
leaf_count=29 43 135 138 105 198
internal_value=-0.00117121 -0.00249361 -0.00404825 0.00282609 -0.00914098
internal_weight=148.577 141.919 131.606 55.132 76.4744
internal_count=648 619 576 240 336
is_linear=0
shrinkage=0.03


Tree=78
num_leaves=11
num_cat=0
split_feature=5 34 4 20 11 12 12 11 0 10
split_gain=4.9926 8.52608 7.21435 8.95957 5.09806 4.84354 7.73246 4.38561 1.88201 0.798933
threshold=-0.0098108265243923558 0.02783276663541168 -0.068456518004146857 0.020938985507465344 0.011980225436479365 70.419681072686657 55.252625762791432 -0.0022366261510809999 -0.0066289803761253032 0.02144011119379519
decision_type=2 2 2 2 2 2 2 2 2 2
left_child=2 5 8 4 -4 6 -2 -5 -1 -3
right_child=1 9 3 7 -6 -7 -8 -9 -10 -11
leaf_value=0 0.0077552819858125403 -0.03289490972207311 -0.01708495149934243 0.026762513052134614 0.010238282320171946 0.014529981149438173 -0.014576342458550294 0.0022486039798519666 -0.020679782156129554 -0.0098901430673255797
leaf_weight=7.2949444353580475 21.553363516926765 7.8038283139467222 11.728603929281237 21.521118193864822 8.6949998140335065 11.966303780674933 31.032877326011658 11.624943211674688 7.9158953875303251 7.2351243197917938
leaf_count=30 97 37 52 91 37 51 138 49 33 33
internal_value=-0.00112409 -0.00624744 0.00460165 0.0098987 -0.00490796 -0.000990277 -0.00519976 0.019209 -0.0121644 -0.0251678
internal_weight=148.372 79.5915 68.7805 53.5697 20.4236 64.5525 52.5862 33.1461 15.2108 15.039
internal_count=648 356 292 229 89 286 235 140 63 70
is_linear=0
shrinkage=0.03


Tree=79
num_leaves=6
num_cat=0
split_feature=15 36 3 38 34
split_gain=4.38932 3.41685 5.24801 5.04482 3.55232
threshold=-1137.9133172808836 0.0078623172955767737 0.015841932943760576 0.0060510369150163596 -0.027608794835424996
decision_type=2 2 2 2 2
left_child=-1 3 -3 -2 -5
right_child=1 2 -4 4 -6
leaf_value=0.014732086211116491 0.018695157440014463 -0.025049165931467138 0.0044259180148408803 0.012579732251011297 -0.0045956058330695075
leaf_weight=12.035150229930876 8.8389251530170423 11.796419620513918 6.8688013255596152 9.8587789982557279 98.741277500987053
leaf_count=52 37 57 30 42 430
internal_value=-0.00110378 -0.00280576 -0.0140979 -0.000679439 -0.00270151
internal_weight=148.139 136.104 18.6652 117.439 108.6
internal_count=648 596 87 509 472
is_linear=0
shrinkage=0.03


Tree=80
num_leaves=10
num_cat=0
split_feature=37 13 23 5 23 5 13 14 4
split_gain=3.46995 3.88502 4.1279 3.72529 5.58018 5.57796 2.42494 2.00814 1.06793
threshold=0.052374069621060067 4.95842780599913 0.91254947589513036 0.017043072065398127 0.95131209292383112 -0.0090810976277788651 1.9237141203254462 1184.6452441286422 0.011636694746376077
decision_type=2 2 2 2 2 2 2 2 2
left_child=1 3 -3 5 -5 -1 7 -2 -4
right_child=6 2 8 4 -6 -7 -8 -9 -10
leaf_value=0.0059521871038440031 -0.02764572512081178 -0.022122560972212806 0.0090482135452550974 0.00069411727440864561 0.026962531521856105 -0.013126951329240915 0.0014665096527427476 -0.0024307626014242753 -0.0050492441104540058
leaf_weight=54.288093850016594 6.1485484242439288 8.6349273920059222 7.4064901471137983 16.477755665779117 13.256824582815169 16.104476317763329 8.0427703857421857 7.2896713614463806 6.968951404094696
leaf_count=230 30 40 31 73 56 72 37 34 30
internal_value=0.000531972 0.00260611 -0.00781461 0.00525393 0.0138394 0.00113797 -0.00992827 -0.0170262 0.00151602
internal_weight=144.619 123.138 23.0104 100.127 29.7346 70.3926 21.481 13.4382 14.3754
internal_count=633 532 101 431 129 302 101 64 61
is_linear=0
shrinkage=0.03


Tree=81
num_leaves=7
num_cat=0
split_feature=28 5 20 19 10 36
split_gain=3.47486 8.46135 4.70418 4.6013 5.23612 5.55914
threshold=2.5000000000000004 0.063864284687043207 0.022483550416042306 0.063192919220450491 -0.04545583917765305 0.0076324751644798175
decision_type=2 2 2 2 2 2
left_child=1 2 -1 -2 -5 -6
right_child=3 -3 -4 4 5 -7
leaf_value=0.033250035058668637 -0.017250726971303299 -0.012053079066537343 0.00018310588124106116 -0.017295224458080797 0.0069409732832050024 -0.0097128567003776749
leaf_weight=9.9874745905399376 12.841542854905127 8.0567409098148328 7.1308632194995871 10.956535011529921 74.324971899390221 21.177564606070518
leaf_count=42 59 36 30 46 324 96
internal_value=0.000502314 0.0102683 0.0217203 -0.00157018 0.000466195 0.00297068
internal_weight=144.476 25.1751 17.1183 119.301 106.459 95.5025
internal_count=633 108 72 525 466 420
is_linear=0
shrinkage=0.03


Tree=82
num_leaves=8
num_cat=0
split_feature=28 5 21 36 36 36 18
split_gain=3.31359 8.07579 4.29953 3.8254 6.12402 8.17389 4.23129
threshold=2.5000000000000004 0.063864284687043207 0.016623716141416875 0.0038075975991348995 0.005862564149387974 0.0076324751644798175 0.20398711682897833
decision_type=2 2 2 2 2 2 2
left_child=1 2 -1 -2 6 -6 -5
right_child=3 -3 -4 4 5 -7 -8
leaf_value=0.032860896937393323 0.012837974081155739 -0.011783869023453008 0.001172493678141187 0.0047195089201468926 0.010782139839051103 -0.010217294625929976 -0.016823505323686195
leaf_weight=9.5349975824356132 12.330055475234984 8.0395326018333417 7.5636147856712332 8.3810086548328382 38.723188981413841 25.898485541343689 33.9300447255373
leaf_count=40 52 36 32 35 165 117 156
internal_value=0.000474642 0.0100213 0.0212195 -0.00154599 -0.00354751 0.00208695 -0.0121973
internal_weight=144.401 25.1381 17.0986 119.263 106.933 64.6217 42.3111
internal_count=633 108 72 525 473 282 191
is_linear=0
shrinkage=0.03


Tree=83
num_leaves=10
num_cat=0
split_feature=37 13 23 5 5 23 13 10 4
split_gain=3.24156 3.68069 3.81698 3.52628 5.21273 5.15429 2.34085 1.8426 1.00916
threshold=0.052374069621060067 4.95842780599913 0.91254947589513036 0.017043072065398127 -0.0090810976277788651 0.95131209292383112 1.9237141203254462 0.028685151422715997 0.011636694746376077
decision_type=2 2 2 2 2 2 2 2 2
left_child=1 3 -3 4 -1 -5 7 -2 -4
right_child=6 2 8 5 -6 -7 -8 -9 -10
leaf_value=0.005707660356793944 -0.026817189008318733 -0.02149871108380004 0.0086530862861237626 0.0007168441367528533 -0.012767346756960085 0.026031544458551052 0.0014965686488091201 -0.0023763271541683969 -0.0050891225607549908
leaf_weight=54.249919801950455 6.1645157337188738 8.55469658970833 7.3860735148191434 16.439746305346493 16.028002440929413 13.253121584653853 8.0305275171995145 7.170210525393486 6.9453471004962921
leaf_count=230 31 40 31 73 72 56 37 33 30
internal_value=0.000473384 0.00248243 -0.00768372 0.0050619 0.00104992 0.0134188 -0.0096609 -0.0166772 0.00126716
internal_weight=144.222 122.857 22.8861 99.9708 70.2779 29.6929 21.3653 13.3347 14.3314
internal_count=633 532 101 431 302 129 101 64 61
is_linear=0
shrinkage=0.03


Tree=84
num_leaves=13
num_cat=0
split_feature=28 24 5 40 10 3 18 11 21 10 20 6
split_gain=3.19601 6.17074 5.0805 4.79412 4.06425 3.72301 3.18101 2.54699 2.36344 2.60184 2.35415 1.50651
threshold=6.5000000000000009 0.018195351914647263 0.062664767311126149 0.025488173665297546 0.024729315976635417 -0.015097450877233408 0.19807551509271767 0.039924314857803019 0.015511197047437921 0.043631612321894948 0.027689984262518886 0.015692193084930132
decision_type=2 2 2 2 2 2 2 2 2 2 2 2
left_child=2 4 3 5 6 -1 -2 -5 -4 -10 11 -3
right_child=1 10 8 7 -6 -7 -8 -9 9 -11 -12 -13
leaf_value=0.012950530668671238 0.0096371020428629058 -0.019713842152043193 0.0056433129709580103 0.030972504875725365 0.021282051881115493 -0.006521600730642659 -0.0088230607813242455 0.0039160440581489393 -0.024199214575403472 0 0.0012886248688467677 -0.0023503358187819713
leaf_weight=14.472140938043596 12.671365141868593 21.590192884206775 6.6822703778743771 10.273001551628115 7.8667117953300467 16.300902277231216 17.355942487716675 6.9737142324447623 6.7823980301618558 6.9633607566356659 7.248561516404151 8.8877090066671354
leaf_count=60 53 98 31 45 34 72 78 33 31 30 30 38
internal_value=0.000445567 -0.00364763 0.00515579 0.0104806 0.00452686 0.00240966 -0.00044928 0.0223553 -0.00651083 -0.0133383 -0.0120505 -0.0155688
internal_weight=144.068 75.6205 68.4478 48.0198 37.894 30.773 30.0273 17.2467 20.428 13.7458 37.7265 30.4779
internal_count=633 331 302 210 165 132 131 78 92 61 166 136
is_linear=0
shrinkage=0.03


Tree=85
num_leaves=5
num_cat=0
split_feature=19 21 39 21
split_gain=3.66602 6.62425 4.87248 5.87968
threshold=0.046857985467845829 0.013135180284296815 1.0000000180025095e-35 0.021317558941943045
decision_type=2 2 2 2
left_child=-1 -2 -3 -4
right_child=1 2 3 -5
leaf_value=-0.019438330376711756 0.022457797692364015 0.015725298972139638 -0.0065493882581827926 0.0081526309222214269
leaf_weight=5.667033150792121 10.724781066179274 13.217722520232199 83.625458508729935 31.747188165783882
leaf_count=27 46 57 370 136
internal_value=0.00061486 0.00180029 -0.000125298 -0.00230604
internal_weight=144.982 139.315 128.59 115.373
internal_count=636 609 563 506
is_linear=0
shrinkage=0.03


Tree=86
num_leaves=12
num_cat=0
split_feature=24 25 13 28 5 34 27 20 20 9 25
split_gain=5.0993 7.46204 3.74916 3.64139 3.86042 3.59333 2.45183 2.37776 2.56388 2.1082 1.53416
threshold=0.018195351914647263 0.31612258494337114 -6.6366383904635411 6.5000000000000009 0.0665581197066243 0.022563008441926272 2.5000000000000004 0.026078069344389328 0.024250189381267898 0.035155855537583797 0.56698834440406076
decision_type=2 2 2 2 2 2 2 2 2 2 2
left_child=1 7 -3 4 6 9 -2 8 -1 -5 -4
right_child=3 2 10 5 -6 -7 -8 -9 -10 -11 -12
leaf_value=-0.00011242867647361497 0 -0.00026333208731905337 0.028099493821306068 -0.021375318884544369 -0.012671304456883331 0.003126006000444648 0.018653852088995563 0.010184116828037944 -0.01880381999855129 -0.0012310597825367267 0.0057702961664621326
leaf_weight=27.466519057750702 14.889814257621767 6.7469371855258968 15.648686707019808 19.766913354396824 8.9960014522075635 9.4398763477802259 9.6045749932527524 9.4266293346881849 7.485575705766677 8.380627438426016 6.9955254495143881
leaf_count=122 65 31 68 86 41 41 42 40 32 38 30
internal_value=0.000605132 0.00613984 0.0173782 -0.00494476 0.00185797 -0.0111726 0.00831398 -0.00140814 -0.00532251 -0.0163547 0.0228381
internal_weight=144.848 73.7699 29.3911 71.0778 33.4904 37.5874 24.4944 44.3787 34.9521 28.1475 22.6442
internal_count=636 323 129 313 148 165 107 194 154 124 98
is_linear=0
shrinkage=0.03


Tree=87
num_leaves=9
num_cat=0
split_feature=38 24 17 32 32 36 23 24
split_gain=5.01269 3.95039 3.67213 3.72013 3.28443 3.31834 2.87924 1.21243
threshold=0.0077445692380284066 0.6251606978879708 -70.903234908610827 0.004003699136868045 -0.015172417902169442 0.0044888707732613558 0.98152289949873439 -0.078920361247947449
decision_type=2 2 2 2 2 2 2 2
left_child=2 4 -1 7 -2 -6 -3 -4
right_child=1 6 3 -5 5 -7 -8 -9
leaf_value=0.0085828632324239599 -0.0075098511780138256 -0.019730273677873843 -0.0054445086978046758 0 0.020220040957018522 0.0048891038266628125 0.0022091140761052487 -0.026791680540546592
leaf_weight=6.3440133780241004 10.794127255678175 8.0316705405712145 6.8714799582958248 10.31869515776634 16.198742061853409 65.970769390463829 8.6003379225730878 11.616554200649263
leaf_count=30 47 37 31 45 68 288 37 53
internal_value=0.000586434 0.00385054 -0.00884629 -0.0134796 0.00636258 0.00849827 -0.00856109 -0.0208957
internal_weight=144.746 109.596 35.1507 28.8067 92.9636 82.1695 16.632 18.488
internal_count=636 477 159 129 403 356 74 84
is_linear=0
shrinkage=0.03


Tree=88
num_leaves=10
num_cat=0
split_feature=20 34 19 15 15 17 38 34 19
split_gain=4.79513 5.62986 4.44954 7.49128 5.79219 4.36432 4.25186 3.88274 3.06384
threshold=0.025804926126191296 1.0000000180025095e-35 0.086671863177097783 -420.45719422198704 -1166.4166716628552 -12.107068362584981 0.0082223850685015937 -0.034401233659509638 0.17832038146054444
decision_type=2 2 2 2 2 2 2 2 2
left_child=2 7 3 -1 -4 -3 -5 -2 -6
right_child=1 5 4 6 8 -7 -8 -9 -10
leaf_value=-0.01235506009965346 0.0016983994732689741 0.012142446410763156 0.014974746581050576 0 -0.012408154763223569 -0.013442124728834904 0.025130379219812333 0.032559130519179406 0.0056549798562885454
leaf_weight=11.493897467851637 7.3315210789442089 9.4230976849794406 7.3376474529504767 11.282183140516283 56.983986184000969 10.465839162468908 13.38349576294422 9.4881160557270032 7.4476076364517203
leaf_count=52 32 40 31 51 255 44 59 40 32
internal_value=0.000558818 0.00971435 -0.00253878 0.00562224 -0.00689485 -0.000633334 0.0148603 0.0215143 -0.00998706
internal_weight=144.637 36.7086 107.929 36.1596 71.7692 19.8889 24.6657 16.8196 64.4316
internal_count=636 156 480 162 318 84 110 72 287
is_linear=0
shrinkage=0.03


end of trees

feature_importances:
return_20d=39
atr_pct=39
macro_usdjpy_vol_20=35
month=33
macd_signal=32
vol_ratio=31
ma_20_60_cross=30
macro_topix_ret_20=27
bb_bandwidth=26
volatility=25
gap=24
macro_usdjpy_ret_20=24
macro_topix_vol_20=24
price_position_20d=23
macro_usdjpy_ret_60=23
div_ma_60=20
div_ma_20=18
rsi=18
rsi_change=18
return_2d=17
div_ma_10=16
macd=15
candle_body_pct=14
ma_5_20_cross=12
macd_hist_change=12
lower_shadow_pct=12
macro_nikkei_ret_20=12
div_ma_5=11
upper_shadow_pct=11
macro_topix_above_200dma=11
return_10d=10
vol_change=10
return_3d=9
return_5d=9
macd_hist=8
bb_pct_b=7
return_1d=6
is_month_start=4
streak=2
day_of_week=1

parameters:
[boosting: gbdt]
[objective: binary]
[metric: binary_logloss]
[tree_learner: serial]
[device_type: cpu]
[data_sample_strategy: bagging]
[data: ]
[valid: ]
[num_iterations: 500]
[learning_rate: 0.03]
[num_leaves: 15]
[num_threads: 0]
[seed: 42]
[deterministic: 0]
[force_col_wise: 0]
[force_row_wise: 0]
[histogram_pool_size: -1]
[max_depth: 4]
[min_data_in_leaf: 30]
[min_sum_hessian_in_leaf: 0.001]
[bagging_fraction: 0.7]
[pos_bagging_fraction: 1]
[neg_bagging_fraction: 1]
[bagging_freq: 5]
[bagging_seed: 400]
[bagging_by_query: 0]
[feature_fraction: 0.6]
[feature_fraction_bynode: 1]
[feature_fraction_seed: 30056]
[extra_trees: 0]
[extra_seed: 12879]
[early_stopping_round: 0]
[early_stopping_min_delta: 0]
[first_metric_only: 0]
[max_delta_step: 0]
[lambda_l1: 0.5]
[lambda_l2: 2]
[linear_lambda: 0]
[min_gain_to_split: 0]
[drop_rate: 0.1]
[max_drop: 50]
[skip_drop: 0.5]
[xgboost_dart_mode: 0]
[uniform_drop: 0]
[drop_seed: 17869]
[top_rate: 0.2]
[other_rate: 0.1]
[min_data_per_group: 100]
[max_cat_threshold: 32]
[cat_l2: 10]
[cat_smooth: 10]
[max_cat_to_onehot: 4]
[top_k: 20]
[monotone_constraints: ]
[monotone_constraints_method: basic]
[monotone_penalty: 0]
[feature_contri: ]
[forcedsplits_filename: ]
[refit_decay_rate: 0.9]
[cegb_tradeoff: 1]
[cegb_penalty_split: 0]
[cegb_penalty_feature_lazy: ]
[cegb_penalty_feature_coupled: ]
[path_smooth: 0]
[interaction_constraints: ]
[verbosity: -1]
[saved_feature_importance_type: 0]
[use_quantized_grad: 0]
[num_grad_quant_bins: 4]
[quant_train_renew_leaf: 0]
[stochastic_rounding: 1]
[linear_tree: 0]
[max_bin: 255]
[max_bin_by_feature: ]
[min_data_in_bin: 5]
[bin_construct_sample_cnt: 200000]
[data_random_seed: 175]
[is_enable_sparse: 1]
[enable_bundle: 1]
[use_missing: 1]
[zero_as_missing: 0]
[feature_pre_filter: 1]
[pre_partition: 0]
[two_round: 0]
[header: 0]
[label_column: ]
[weight_column: ]
[group_column: ]
[ignore_column: ]
[categorical_feature: ]
[forcedbins_filename: ]
[precise_float_parser: 0]
[parser_config_file: ]
[objective_seed: 16083]
[num_class: 1]
[is_unbalance: 0]
[scale_pos_weight: 1]
[sigmoid: 1]
[boost_from_average: 1]
[reg_sqrt: 0]
[alpha: 0.9]
[fair_c: 1]
[poisson_max_delta_step: 0.7]
[tweedie_variance_power: 1.5]
[lambdarank_truncation_level: 30]
[lambdarank_norm: 1]
[label_gain: ]
[lambdarank_position_bias_regularization: 0]
[eval_at: ]
[multi_error_top_k: 1]
[auc_mu_weights: ]
[num_machines: 1]
[local_listen_port: 12400]
[time_out: 120]
[machine_list_filename: ]
[machines: ]
[gpu_platform_id: -1]
[gpu_device_id: -1]
[gpu_use_dp: 0]
[num_gpu: 1]

end of parameters

pandas_categorical:[]
