{
  "feature_cols": [
    "return_1d",
    "return_2d",
    "return_3d",
    "return_5d",
    "return_10d",
    "return_20d",
    "div_ma_5",
    "div_ma_10",
    "div_ma_20",
    "div_ma_60",
    "ma_5_20_cross",
    "ma_20_60_cross",
    "rsi",
    "rsi_change",
    "macd",
    "macd_signal",
    "macd_hist",
    "macd_hist_change",
    "bb_pct_b",
    "bb_bandwidth",
    "atr_pct",
    "volatility",
    "vol_change",
    "vol_ratio",
    "candle_body_pct",
    "upper_shadow_pct",
    "lower_shadow_pct",
    "day_of_week",
    "month",
    "is_month_end",
    "is_month_start",
    "streak",
    "gap",
    "price_position_20d",
    "macro_usdjpy_ret_20",
    "macro_usdjpy_ret_60",
    "macro_usdjpy_vol_20",
    "macro_topix_ret_20",
    "macro_topix_vol_20",
    "macro_topix_above_200dma",
    "macro_nikkei_ret_20",
    "macro_nikkei_above_200dma",
    "macro_nikkei_vi",
    "macro_jgb10y",
    "macro_bias_score"
  ],
  "avg_up_ret": 0.026438532182570536,
  "avg_dn_ret": -0.01752300438442405,
  "n_bins": 10,
  "psi_ref_rows": 250,
  "psi": {
    "return_1d": {
      "edges": [
        -0.05518849591916053,
        -0.01750823968365571,
        -0.010214754784377186,
        -0.0044692999699420715,
        -0.0012181290811426899,
        0.0030322367384109095,
        0.0065692023577404,
        0.00953200670201291,
        0.013770757956577428,
        0.02272639935518805,
        0.09833709710531724
      ],
      "ref_props": [
        0.1,
        0.1,
        0.1,
        0.1,
        0.1,
        0.1,
        0.1,
        0.1,
        0.1,
        0.1
      ]
    },
    "return_2d": {
      "edges": [
        -0.09544186046511627,
        -0.023726078708375342,
        -0.012701729534027104,
        -0.00540869135155464,
        -0.0010009480493959437,
        0.005455534768326276,
        0.010627566191796767,
        0.01587280388871384,
        0.021126266894809478,
        0.033285410605137594,
        0.13435664203145725
      ],
      "ref_props": [
        0.1,
        0.1,
        0.1,
        0.1,
        0.1,
        0.1,
        0.1,
        0.1,
        0.1,
        0.1
      ]
    },
    "return_3d": {
      "edges": [
        -0.12285765830777562,
        -0.024079173859398638,
        -0.014176503679980577,
        -0.004985380584796365,
        0.0007102012215166829,
        0.00798486330785475,
        0.013572626635357302,
        0.020872593297890332,
        0.02863698065327216,
        0.04026050125174973,
        0.14042069357589537
      ],
      "ref_props": [
        0.1,
        0.1,
        0.1,
        0.1,
        0.1,
        0.1,
        0.1,
        0.1,
        0.1,
        0.1
      ]
    },
    "return_5d": {
      "edges": [
        -0.11309740970448745,
        -0.026947658920840868,
        -0.012066706248255654,
        -0.0036685107655502467,
        0.004849621690954331,
        0.012752431783328633,
        0.020662452972531095,
        0.0295497096567543,
        0.03924724425152415,
        0.05485938598872708,
        0.16242499482722939
      ],
      "ref_props": [
        0.1,
        0.1,
        0.1,
        0.1,
        0.1,
        0.1,
        0.1,
        0.1,
        0.1,
        0.1
      ]
    },
    "return_10d": {
      "edges": [
        -0.13801190690961573,
        -0.0333775325391103,
        -0.009393343013053874,
        0.004145254881570008,
        0.016708841463414587,
        0.026699848954205407,
        0.040156810286104835,
        0.048785694185254316,
        0.06438234525985896,
        0.09805163837820348,
        0.24082474226804118
      ],
      "ref_props": [
        0.1,
        0.1,
        0.1,
        0.1,
        0.1,
        0.1,
        0.1,
        0.1,
        0.1,
        0.1
      ]
    },
    "return_20d": {
      "edges": [
        -0.18419170243204575,
        -0.03951743321540271,
        0.008511064757088032,
        0.03257282535451376,
        0.047092680899923474,
        0.061528475619508805,
        0.0806711660833746,
        0.1024653446246275,
        0.12257447820679676,
        0.15995590104319188,
        0.2991627527057381
      ],
      "ref_props": [
        0.1,
        0.1,
        0.1,
        0.1,
        0.1,
        0.1,
        0.1,
        0.1,
        0.1,
        0.1
      ]
    },
    "div_ma_5": {
      "edges": [
        -0.08003784295175023,
        -0.015474015246332535,
        -0.0074724437491035505,
        -0.00212767241597295,
        0.0015829706029069047,
        0.00455654040993126,
        0.008470406827922133,
        0.012392645260175954,
        0.018448946305858367,
        0.02419048751183513,
        0.09883251340039644
      ],
      "ref_props": [
        0.1,
        0.1,
        0.1,
        0.1,
        0.1,
        0.1,
        0.1,
        0.1,
        0.1,
        0.1
      ]
    },
    "div_ma_10": {
      "edges": [
        -0.09513883719198984,
        -0.02123829133581019,
        -0.004723766513052898,
        0.001623358091158675,
        0.005797887644185789,
        0.011793869487402733,
        0.016507567356034997,
        0.022466654752762508,
        0.032666942558148025,
        0.04434692842596818,
        0.14171275987030327
      ],
      "ref_props": [
        0.1,
        0.1,
        0.1,
        0.1,
        0.1,
        0.1,
        0.1,
        0.1,
        0.1,
        0.1
      ]
    },
    "div_ma_20": {
      "edges": [
        -0.09581900524234703,
        -0.026008317388670456,
        -0.007205724906180839,
        0.01251282510133309,
        0.020460686463858287,
        0.028229282325323856,
        0.0380858537065226,
        0.04653857848899805,
        0.056219871060753636,
        0.0854747944576511,
        0.1741398925110824
      ],
      "ref_props": [
        0.1,
        0.1,
        0.1,
        0.1,
        0.1,
        0.1,
        0.1,
        0.1,
        0.1,
        0.1
      ]
    },
    "div_ma_60": {
      "edges": [
        -0.0701656050955414,
        -0.013483351296913292,
        0.016665504415677528,
        0.042034136554142815,
        0.06513389007868,
        0.0885813071404036,
        0.10380915583252004,
        0.12328937535023687,
        0.1398002298182718,
        0.16290606693192372,
        0.23871366046721854
      ],
      "ref_props": [
        0.1,
        0.1,
        0.1,
        0.1,
        0.1,
        0.1,
        0.1,
        0.1,
        0.1,
        0.1
      ]
    },
    "ma_5_20_cross": {
      "edges": [
        -0.0649994324845824,
        -0.022271150483785595,
        -0.003488256321256755,
        0.0109396545027812,
        0.0175590219446494,
        0.02250051114586027,
        0.029942342500889386,
        0.035569932973423306,
        0.04339748289308152,
        0.06771713591063239,
        0.10949981565687583
      ],
      "ref_props": [
        0.1,
        0.1,
        0.1,
        0.1,
        0.1,
        0.1,
        0.1,
        0.1,
        0.1,
        0.1
      ]
    },
    "ma_20_60_cross": {
      "edges": [
        -0.038254965545196584,
        -0.01318583727805188,
        0.006271635663478304,
        0.029146825354168945,
        0.05174204353307738,
        0.05732779149584555,
        0.06823318757925474,
        0.07837825172262951,
        0.08976457478405737,
        0.09521903725603684,
        0.15197132616487452
      ],
      "ref_props": [
        0.1,
        0.1,
        0.1,
        0.1,
        0.1,
        0.1,
        0.1,
        0.1,
        0.1,
        0.1
      ]
    },
    "rsi": {
      "edges": [
        23.992322456813824,
        39.37347760687079,
        48.90581690223909,
        56.20055374835489,
        60.41181296144381,
        65.09417998224589,
        68.12231247013855,
        71.34672251317598,
        73.99440194746583,
        77.5567408395144,
        92.33390119250426
      ],
      "ref_props": [
        0.1,
        0.1,
        0.1,
        0.1,
        0.1,
        0.1,
        0.1,
        0.1,
        0.1,
        0.1
      ]
    },