{
  "feature_cols": [
    "return_1d",
    "return_2d",
    "return_3d",
    "return_5d",
    "return_10d",
    "return_20d",
    "div_ma_5",
    "div_ma_10",
    "div_ma_20",
    "div_ma_60",
    "ma_5_20_cross",
    "ma_20_60_cross",
    "rsi",
    "rsi_change",
    "macd",
    "macd_signal",
    "macd_hist",
    "macd_hist_change",
    "bb_pct_b",
    "bb_bandwidth",
    "atr_pct",
    "volatility",
    "vol_change",
    "vol_ratio",
    "candle_body_pct",
    "upper_shadow_pct",
    "lower_shadow_pct",
    "day_of_week",
    "month",
    "is_month_end",
    "is_month_start",
    "streak",
    "gap",
    "price_position_20d",
    "macro_usdjpy_ret_20",
    "macro_usdjpy_ret_60",
    "macro_usdjpy_vol_20",
    "macro_topix_ret_20",
    "macro_topix_vol_20",
    "macro_topix_above_200dma",
    "macro_nikkei_ret_20",
    "macro_nikkei_above_200dma",
    "macro_nikkei_vi",
    "macro_jgb10y",
    "macro_bias_score"
  ],
  "avg_up_ret": 0.03676081969165324,
  "avg_dn_ret": -0.02206300845788272,
  "n_bins": 10,
  "psi_ref_rows": 250,
  "psi": {
    "return_1d": {
      "edges": [
        -0.062834008097166,
        -0.023920348144364965,
        -0.014869278225610549,
        -0.009532608083194925,
        -0.004592998364832268,
        -0.0015897560319464987,
        0.003380085791071566,
        0.007999726888536918,
        0.01669135340994288,
        0.029555501907767765,
        0.15827793605571383
      ],
      "ref_props": [
        0.1,
        0.1,
        0.1,
        0.1,
        0.1,
        0.1,
        0.1,
        0.1,
        0.1,
        0.1
      ]
    },
    "return_2d": {
      "edges": [
        -0.07542304593070104,
        -0.0318210999053401,
        -0.022281621360748557,
        -0.014385058954674642,
        -0.008986488970363003,
        -0.0019129407265695564,
        0.0053591955032432845,
        0.014168912476876417,
        0.026772644933651037,
        0.04322196003926843,
        0.16809116809116809
      ],
      "ref_props": [
        0.1,
        0.1,
        0.1,
        0.1,
        0.1,
        0.1,
        0.1,
        0.1,
        0.1,
        0.1
      ]
    },
    "return_3d": {
      "edges": [
        -0.0891216760676874,
        -0.04307057751566978,
        -0.027514389247165025,
        -0.018201500592205218,
        -0.007827691171943462,
        -0.0005769278792813193,
        0.006835889788276952,
        0.019565246081285036,
        0.035615199126092206,
        0.055700593835519396,
        0.18050490883590453
      ],
      "ref_props": [
        0.1,
        0.1,
        0.1,
        0.1,
        0.1,
        0.1,
        0.1,
        0.1,
        0.1,
        0.1
      ]
    },
    "return_5d": {
      "edges": [
        -0.1095702148925537,
        -0.05129235136810852,
        -0.029867315028919927,
        -0.017668432498583013,
        -0.008091003214006642,
        0.0013343434818723354,
        0.010674612661225097,
        0.021368725365714464,
        0.039052421596389046,
        0.06517568521310341,
        0.25593542260208935
      ],
      "ref_props": [
        0.1,
        0.1,
        0.1,
        0.1,
        0.1,
        0.1,
        0.1,
        0.1,
        0.1,
        0.1
      ]
    },
    "return_10d": {
      "edges": [
        -0.10976594027441489,
        -0.06399076831584011,
        -0.045566164335730436,
        -0.027195465583633827,
        -0.01373828811658405,
        0.0004567096232542811,
        0.015128436170065266,
        0.0335164662204076,
        0.055804490259745654,
        0.08563434766605389,
        0.314540059347181
      ],
      "ref_props": [
        0.1,
        0.1,
        0.1,
        0.1,
        0.1,
        0.1,
        0.1,
        0.1,
        0.1,
        0.1
      ]
    },
    "return_20d": {
      "edges": [
        -0.16182258552830764,
        -0.08419517289308796,
        -0.055409486706484844,
        -0.027395696763607768,
        -0.010490750057815024,
        0.006414861771438574,
        0.026161099206628374,
        0.05438069684507021,
        0.08455640404406638,
        0.12525036801481945,
        0.44299674267100975
      ],
      "ref_props": [
        0.1,
        0.1,
        0.1,
        0.1,
        0.1,
        0.1,
        0.1,
        0.1,
        0.1,
        0.1
      ]
    },
    "div_ma_5": {
      "edges": [
        -0.05098259776351485,
        -0.027629195830355523,
        -0.01701651364955541,
        -0.009426365598887276,
        -0.005105783984003138,
        0.0006784122438501267,
        0.005340004324662909,
        0.010539235039190945,
        0.01903743535122237,
        0.033556910484926275,
        0.11964504283965728
      ],
      "ref_props": [
        0.1,
        0.1,
        0.1,
        0.1,
        0.1,
        0.1,
        0.1,
        0.1,
        0.1,
        0.1
      ]
    },
    "div_ma_10": {
      "edges": [
        -0.08350886083968136,
        -0.036936945646929766,
        -0.02082196300768998,
        -0.013948153281249653,
        -0.005891970294564136,
        -0.00034536855563860715,
        0.006544820054926334,
        0.014115097880949137,
        0.028404714566878854,
        0.04679445788864605,
        0.1823621958757094
      ],
      "ref_props": [
        0.1,
        0.1,
        0.1,
        0.1,
        0.1,
        0.1,
        0.1,
        0.1,
        0.1,
        0.1
      ]
    },
    "div_ma_20": {
      "edges": [
        -0.08699355152694975,
        -0.04965486933498457,
        -0.03468258531528037,
        -0.016896772725501597,
        -0.007866639349968832,
        0.0027747843548371564,
        0.014008883823632363,
        0.026645122220547917,
        0.04283549330359971,
        0.06783473216087431,
        0.26219343035592446
      ],
      "ref_props": [
        0.1,
        0.1,
        0.1,
        0.1,
        0.1,
        0.1,
        0.1,
        0.1,
        0.1,
        0.1
      ]
    },
    "div_ma_60": {
      "edges": [
        -0.07889944901963092,
        -0.055580559409065505,
        -0.0370756515012812,
        -0.020733015054849063,
        -0.01179281536621715,
        0.00162249503272906,
        0.01775222782145438,
        0.05126519611855319,
        0.07084721714478347,
        0.1495972684860422,
        0.3636621384075757
      ],
      "ref_props": [
        0.1,
        0.1,
        0.1,
        0.1,
        0.1,
        0.1,
        0.1,
        0.1,
        0.1,
        0.1
      ]
    },
    "ma_5_20_cross": {
      "edges": [
        -0.0578643181505436,
        -0.040725911585103435,
        -0.025885137619440998,
        -0.012709763011945971,
        -0.006374159407220191,
        -0.0010782887303573685,
        0.008004558479111391,
        0.019398695383393585,
        0.03142759454979382,
        0.05362797991965747,
        0.16687735204800713
      ],
      "ref_props": [
        0.1,
        0.1,
        0.1,
        0.1,
        0.1,
        0.1,
        0.1,
        0.1,
        0.1,
        0.1
      ]
    },
    "ma_20_60_cross": {
      "edges": [
        -0.05091479175563596,
        -0.0404256742826454,
        -0.023446631059852268,
        -0.010578364606678891,
        -0.002649360225340302,
        0.0027541956649115296,
        0.014341548685084388,
        0.027145905012565155,
        0.03959491454821067,
        0.10270512326277006,
        0.16911935297977077
      ],
      "ref_props": [
        0.1,
        0.1,
        0.1,
        0.1,
        0.1,
        0.1,
        0.1,
        0.1,
        0.1,
        0.1
      ]
    },
    "rsi": {
      "edges": [
        12.173913043478251,
        31.503209748024773,
        37.84374207967558,
        42.65438320317292,
        47.269133857848715,
        50.439126724505755,
        55.15728636399335,
        59.94061312113871,
        64.38162633474444,
        70.74056702105483,
        87.5441250630358
      ],