{
  "feature_cols": [
    "return_1d",
    "return_2d",
    "return_3d",
    "return_5d",
    "return_10d",
    "return_20d",
    "div_ma_5",
    "div_ma_10",
    "div_ma_20",
    "div_ma_60",
    "ma_5_20_cross",
    "ma_20_60_cross",
    "rsi",
    "rsi_change",
    "macd",
    "macd_signal",
    "macd_hist",
    "macd_hist_change",
    "bb_pct_b",
    "bb_bandwidth",
    "atr_pct",
    "volatility",
    "vol_change",
    "vol_ratio",
    "candle_body_pct",
    "upper_shadow_pct",
    "lower_shadow_pct",
    "day_of_week",
    "month",
    "is_month_end",
    "is_month_start",
    "streak",
    "gap",
    "price_position_20d",
    "macro_usdjpy_ret_20",
    "macro_usdjpy_ret_60",
    "macro_usdjpy_vol_20",
    "macro_topix_ret_20",
    "macro_topix_vol_20",
    "macro_topix_above_200dma",
    "macro_nikkei_ret_20",
    "macro_nikkei_above_200dma",
    "macro_nikkei_vi",
    "macro_jgb10y",
    "macro_bias_score"
  ],
  "avg_up_ret": 0.035542825351827415,
  "avg_dn_ret": -0.018552716138292433,
  "n_bins": 10,
  "psi_ref_rows": 250,
  "psi": {
    "return_1d": {
      "edges": [
        -0.11787782551840087,
        -0.029368872957504063,
        -0.01639575096716863,
        -0.011718688131906737,
        -0.005870262571978002,
        -0.0003639740071870734,
        0.005991222042763963,
        0.012195852428395763,
        0.021067342395707872,
        0.031130364270022293,
        0.13146551724137923
      ],
      "ref_props": [
        0.1,
        0.1,
        0.1,
        0.1,
        0.1,
        0.1,
        0.1,
        0.1,
        0.1,
        0.1
      ]
    },
    "return_2d": {
      "edges": [
        -0.17859144405006533,
        -0.03836723536562274,
        -0.02294036164256683,
        -0.01597372488408034,
        -0.006579151609389111,
        -0.00169133391216586,
        0.006539981757373041,
        0.014435578809679496,
        0.02797565795222599,
        0.0460361340589988,
        0.1526595744680852
      ],
      "ref_props": [
        0.1,
        0.1,
        0.1,
        0.1,
        0.1,
        0.1,
        0.1,
        0.1,
        0.1,
        0.1
      ]
    },
    "return_3d": {
      "edges": [
        -0.1946572015692135,
        -0.04800943249862801,
        -0.027218771711810707,
        -0.016438213757829834,
        -0.008879505747584227,
        -0.0011432729004219877,
        0.009344429559840571,
        0.023358619041639814,
        0.0367808779117533,
        0.054676419778440774,
        0.17996188401851354
      ],
      "ref_props": [
        0.1,
        0.1,
        0.1,
        0.1,
        0.1,
        0.1,
        0.1,
        0.1,
        0.1,
        0.1
      ]
    },
    "return_5d": {
      "edges": [
        -0.2058876648004334,
        -0.05877907504993461,
        -0.03751367781155013,
        -0.02249471904551391,
        -0.009647249565720913,
        0.005713886710500993,
        0.02142344099020579,
        0.033292853417534476,
        0.046300987892854556,
        0.06921249058679854,
        0.14447086801426878
      ],
      "ref_props": [
        0.1,
        0.1,
        0.1,
        0.1,
        0.1,
        0.1,
        0.1,
        0.1,
        0.1,
        0.1
      ]
    },
    "return_10d": {
      "edges": [
        -0.26118251928020564,
        -0.08833620917208614,
        -0.048815209107775655,
        -0.024097630614287494,
        -0.0028411972539535034,
        0.021049223974889508,
        0.03434249219427007,
        0.04793191997221938,
        0.06975952682651583,
        0.10789100766266306,
        0.22515654778110528
      ],
      "ref_props": [
        0.1,
        0.1,
        0.1,
        0.1,
        0.1,
        0.1,
        0.1,
        0.1,
        0.1,
        0.1
      ]
    },
    "return_20d": {
      "edges": [
        -0.3705227077977721,
        -0.10101838826612816,
        -0.05560678785401786,
        -0.023856400192078832,
        0.0072886384495528846,
        0.031313822398853275,
        0.047809946867372506,
        0.07705340725126848,
        0.10778285865481438,
        0.15555554686464226,
        0.26833477135461603
      ],
      "ref_props": [
        0.1,
        0.1,
        0.1,
        0.1,
        0.1,
        0.1,
        0.1,
        0.1,
        0.1,
        0.1
      ]
    },
    "div_ma_5": {
      "edges": [
        -0.11721008673305497,
        -0.031275299431255545,
        -0.017555888809639524,
        -0.009585098357585515,
        -0.0039985532540859625,
        0.0010815454603440825,
        0.005537085302322097,
        0.01349566536672519,
        0.022842663023410453,
        0.03547589708526655,
        0.10155266470835074
      ],
      "ref_props": [
        0.1,
        0.1,
        0.1,
        0.1,
        0.1,
        0.1,
        0.1,
        0.1,
        0.1,
        0.1
      ]
    },
    "div_ma_10": {
      "edges": [
        -0.174349826307389,
        -0.04002230592099454,
        -0.028800731864334673,
        -0.01509786791244517,
        -0.004265331198635297,
        0.008192687442751923,
        0.015412206374032632,
        0.024217150963223036,
        0.03770506318741344,
        0.052547175130389,
        0.1343993085566119
      ],
      "ref_props": [
        0.1,
        0.1,
        0.1,
        0.1,
        0.1,
        0.1,
        0.1,
        0.1,
        0.1,
        0.1
      ]
    },
    "div_ma_20": {
      "edges": [
        -0.21783018957933808,
        -0.05793246085254021,
        -0.03436831500813501,
        -0.021908763696538696,
        -0.005914876865364762,
        0.013822152140423937,
        0.028278538580261924,
        0.04057263587523715,
        0.05771213157477963,
        0.07852770049722776,
        0.1669024045261669
      ],
      "ref_props": [
        0.1,
        0.1,
        0.1,
        0.1,
        0.1,
        0.1,
        0.1,
        0.1,
        0.1,
        0.1
      ]
    },
    "div_ma_60": {
      "edges": [
        -0.31073739651521737,
        -0.16388108291425144,
        -0.04429198701970097,
        -0.0030847170690110875,
        0.02398252540268752,
        0.047093383576429476,
        0.07287159791608544,
        0.09652183610012093,
        0.13892160920764082,
        0.16505075505628625,
        0.23108331221012685
      ],
      "ref_props": [
        0.1,
        0.1,
        0.1,
        0.1,
        0.1,
        0.1,
        0.1,
        0.1,
        0.1,
        0.1
      ]
    },
    "ma_5_20_cross": {
      "edges": [
        -0.16330967715469502,
        -0.045900065683971265,
        -0.02879128189094726,
        -0.014886643735082132,
        -0.0001637011665461573,
        0.013798533381367273,
        0.023644077403978832,
        0.03360957243856137,
        0.04265705850967057,
        0.06262686571156312,
        0.1024729460483651
      ],
      "ref_props": [
        0.1,
        0.1,
        0.1,
        0.1,
        0.1,
        0.1,
        0.1,
        0.1,
        0.1,
        0.1
      ]
    },
    "ma_20_60_cross": {
      "edges": [
        -0.17739858757429539,
        -0.12165719623095281,
        -0.030948609999058185,
        7.98159955047305e-05,
        0.02256039942766478,
        0.04084237823692627,
        0.04733293973687061,
        0.0721881102104564,
        0.09320586148795029,
        0.11255781013454384,
        0.14127699727406173
      ],
      "ref_props": [
        0.1,
        0.1,
        0.1,
        0.1,
        0.1,
        0.1,
        0.1,
        0.1,
        0.1,
        0.1
      ]
    },
    "rsi": {
      "edges": [
        14.774624373956584,
        30.469428762797822,
        38.48340583873704,
        43.690424913315965,
        50.08307552335565,
        54.07892732609599,
        58.776582129437195,
        64.25527719659543,
        69.19643419438201,
        74.02857142857142,
        82.83917340521114
      ],