{
  "feature_cols": [
    "return_1d",
    "return_2d",
    "return_3d",
    "return_5d",
    "return_10d",
    "return_20d",
    "div_ma_5",
    "div_ma_10",
    "div_ma_20",
    "div_ma_60",
    "ma_5_20_cross",
    "ma_20_60_cross",
    "rsi",
    "rsi_change",
    "macd",
    "macd_signal",
    "macd_hist",
    "macd_hist_change",
    "bb_pct_b",
    "bb_bandwidth",
    "atr_pct",
    "volatility",
    "vol_change",
    "vol_ratio",
    "candle_body_pct",
    "upper_shadow_pct",
    "lower_shadow_pct",
    "day_of_week",
    "month",
    "is_month_end",
    "is_month_start",
    "streak",
    "gap",
    "price_position_20d",
    "macro_usdjpy_ret_20",
    "macro_usdjpy_ret_60",
    "macro_usdjpy_vol_20",
    "macro_topix_ret_20",
    "macro_topix_vol_20",
    "macro_topix_above_200dma",
    "macro_nikkei_ret_20",
    "macro_nikkei_above_200dma",
    "macro_nikkei_vi",
    "macro_jgb10y",
    "macro_bias_score"
  ],
  "avg_up_ret": 0.03236798853969274,
  "avg_dn_ret": -0.020771029097179837,
  "n_bins": 10,
  "psi_ref_rows": 250,
  "psi": {
    "return_1d": {
      "edges": [
        -0.07933230080881093,
        -0.021467358459400853,
        -0.012772896692552391,
        -0.00933271403268873,
        -0.004207548931222882,
        -0.0005628126125146182,
        0.004765709392871516,
        0.008594867598683664,
        0.013568801817158693,
        0.02013652158776619,
        0.14583637159107488
      ],
      "ref_props": [
        0.1,
        0.1,
        0.1,
        0.1,
        0.1,
        0.1,
        0.1,
        0.1,
        0.1,
        0.1
      ]
    },
    "return_2d": {
      "edges": [
        -0.07758620689655171,
        -0.02877180158833671,
        -0.016948153496804008,
        -0.010777789390134716,
        -0.004131291830325632,
        0.0006584484479859043,
        0.00427223289589365,
        0.0100280890306594,
        0.01991797891486846,
        0.028495461360400175,
        0.341471743213249
      ],
      "ref_props": [
        0.1,
        0.1,
        0.1,
        0.1,
        0.1,
        0.1,
        0.1,
        0.1,
        0.1,
        0.1
      ]
    },
    "return_3d": {
      "edges": [
        -0.10833333333333328,
        -0.03276237745612637,
        -0.022711887218559636,
        -0.013755045471515478,
        -0.0065303431909962345,
        -0.000331730487139803,
        0.004570800062542807,
        0.013672083285985332,
        0.027048251708179684,
        0.037679850776256414,
        0.30255305039787794
      ],
      "ref_props": [
        0.1,
        0.1,
        0.1,
        0.1,
        0.1,
        0.1,
        0.1,
        0.1,
        0.1,
        0.1
      ]
    },
    "return_5d": {
      "edges": [
        -0.09567275185936441,
        -0.044649141325230235,
        -0.03177731227607392,
        -0.01871824399776666,
        -0.008968352855703625,
        -0.0005685164422862266,
        0.011384476744391428,
        0.019517309020757146,
        0.03194447511297926,
        0.0526706642455978,
        0.32183714670255714
      ],
      "ref_props": [
        0.1,
        0.1,
        0.1,
        0.1,
        0.1,
        0.1,
        0.1,
        0.1,
        0.1,
        0.1
      ]
    },
    "return_10d": {
      "edges": [
        -0.11359919486727887,
        -0.06054554610006937,
        -0.04369702769851475,
        -0.030330247237259248,
        -0.012620678318354754,
        0.005324372920014087,
        0.01653839530709798,
        0.033917454625320476,
        0.04951803612004864,
        0.07804706494938513,
        0.2903596649696174
      ],
      "ref_props": [
        0.1,
        0.1,
        0.1,
        0.1,
        0.1,
        0.1,
        0.1,
        0.1,
        0.1,
        0.1
      ]
    },
    "return_20d": {
      "edges": [
        -0.09947820232284132,
        -0.05506104913140305,
        -0.04150750624403916,
        -0.02636063561648976,
        -0.013124749562587884,
        0.006935648511861792,
        0.03185343643178808,
        0.05007522101661768,
        0.07888139967351511,
        0.12131939926969997,
        0.2392744479495268
      ],
      "ref_props": [
        0.1,
        0.1,
        0.1,
        0.1,
        0.1,
        0.1,
        0.1,
        0.1,
        0.1,
        0.1
      ]
    },
    "div_ma_5": {
      "edges": [
        -0.07384966935567641,
        -0.021441958477309165,
        -0.013918539817800522,
        -0.008359552118304059,
        -0.004477702014629421,
        -0.00035501447568205913,
        0.002984731821175255,
        0.008669829907796574,
        0.014735670985229276,
        0.02284653611717509,
        0.20233212952194402
      ],
      "ref_props": [
        0.1,
        0.1,
        0.1,
        0.1,
        0.1,
        0.1,
        0.1,
        0.1,
        0.1,
        0.1
      ]
    },
    "div_ma_10": {
      "edges": [
        -0.08018705728629387,
        -0.03321250570560408,
        -0.023862826557592438,
        -0.016833056277748976,
        -0.007041605416556422,
        0.0009711062789999731,
        0.008668551721039855,
        0.01500878453282854,
        0.023181292699795783,
        0.040566722502460094,
        0.26089259063116843
      ],
      "ref_props": [
        0.1,
        0.1,
        0.1,
        0.1,
        0.1,
        0.1,
        0.1,
        0.1,
        0.1,
        0.1
      ]
    },
    "div_ma_20": {
      "edges": [
        -0.08320552475773495,
        -0.03988234341215661,
        -0.028790588977613864,
        -0.0179024948097784,
        -0.009743597018474374,
        0.0019303959639678197,
        0.011784594735549936,
        0.024309527021029072,
        0.04045228084909741,
        0.058297413860094106,
        0.26044758161546483
      ],
      "ref_props": [
        0.1,
        0.1,
        0.1,
        0.1,
        0.1,
        0.1,
        0.1,
        0.1,
        0.1,
        0.1
      ]
    },
    "div_ma_60": {
      "edges": [
        -0.13002000140931338,
        -0.06011944378191195,
        -0.0177815166932502,
        -0.0015894406218054814,
        0.012628601536638948,
        0.03036434395434577,
        0.04510105652349936,
        0.061442762599577594,
        0.0814962791087529,
        0.10341909810071931,
        0.29500671649786153
      ],
      "ref_props": [
        0.1,
        0.1,
        0.1,
        0.1,
        0.1,
        0.1,
        0.1,
        0.1,
        0.1,
        0.1
      ]
    },
    "ma_5_20_cross": {
      "edges": [
        -0.04589008311213605,
        -0.03200770424601106,
        -0.02416278301139127,
        -0.015109393828054981,
        -0.004359410418247495,
        0.0029326011527444074,
        0.010490077657738885,
        0.02028101945492815,
        0.03236092539285897,
        0.04703017448787878,
        0.1673535403803983
      ],
      "ref_props": [
        0.1,
        0.1,
        0.1,
        0.1,
        0.1,
        0.1,
        0.1,
        0.1,
        0.1,
        0.1
      ]
    },
    "ma_20_60_cross": {
      "edges": [
        -0.05614759300445371,
        -0.04881346061668566,
        -0.013420790977073044,
        0.004139675849861284,
        0.01825097042375825,
        0.026674568629393436,
        0.03820683798516883,
        0.04768775668249724,
        0.05263944012818072,
        0.060705809475818245,
        0.11982084602211529
      ],
      "ref_props": [
        0.1,
        0.1,
        0.1,
        0.1,
        0.1,
        0.1,
        0.1,
        0.1,
        0.1,
        0.1
      ]
    },
    "rsi": {
      "edges": [
        22.326674500587544,
        34.140102293206475,
        38.60982391102874,
        42.37488231741165,
        46.01731075470089,
        50.22055776047003,
        55.73051212552362,
        60.738156674821,
        65.0496160469625,
        69.46631962412835,
        88.04071246819339
      ],