{
  "feature_cols": [
    "return_1d",
    "return_2d",
    "return_3d",
    "return_5d",
    "return_10d",
    "return_20d",
    "div_ma_5",
    "div_ma_10",
    "div_ma_20",
    "div_ma_60",
    "ma_5_20_cross",
    "ma_20_60_cross",
    "rsi",
    "rsi_change",
    "macd",
    "macd_signal",
    "macd_hist",
    "macd_hist_change",
    "bb_pct_b",
    "bb_bandwidth",
    "atr_pct",
    "volatility",
    "vol_change",
    "vol_ratio",
    "candle_body_pct",
    "upper_shadow_pct",
    "lower_shadow_pct",
    "day_of_week",
    "month",
    "is_month_end",
    "is_month_start",
    "streak",
    "gap",
    "price_position_20d",
    "macro_usdjpy_ret_20",
    "macro_usdjpy_ret_60",
    "macro_usdjpy_vol_20",
    "macro_topix_ret_20",
    "macro_topix_vol_20",
    "macro_topix_above_200dma",
    "macro_nikkei_ret_20",
    "macro_nikkei_above_200dma",
    "macro_nikkei_vi",
    "macro_jgb10y",
    "macro_bias_score"
  ],
  "avg_up_ret": 0.03043083999904612,
  "avg_dn_ret": -0.02310348162928984,
  "n_bins": 10,
  "psi_ref_rows": 250,
  "psi": {
    "return_1d": {
      "edges": [
        -0.06118881118881114,
        -0.01995615838665039,
        -0.013045026335462605,
        -0.00895070473980969,
        -0.004894260894007174,
        -0.000854096921134917,
        0.002661863494545272,
        0.008369959135072795,
        0.01412029912650961,
        0.02112145789205526,
        0.11148534860222292
      ],
      "ref_props": [
        0.1,
        0.1,
        0.1,
        0.1,
        0.1,
        0.1,
        0.1,
        0.1,
        0.1,
        0.1
      ]
    },
    "return_2d": {
      "edges": [
        -0.07212121212121214,
        -0.0298927260347676,
        -0.01854223795311729,
        -0.013797941571645878,
        -0.007819100444027626,
        -0.0001969279243796973,
        0.005717311734084954,
        0.014525018333615306,
        0.020468326711939877,
        0.029695389970628212,
        0.12421383647798745
      ],
      "ref_props": [
        0.1,
        0.1,
        0.1,
        0.1,
        0.1,
        0.1,
        0.1,
        0.1,
        0.1,
        0.1
      ]
    },
    "return_3d": {
      "edges": [
        -0.08456926475228776,
        -0.03789534159589725,
        -0.023015066634556436,
        -0.01690504987118773,
        -0.007211615653991415,
        -0.0010645831334993305,
        0.005305735606514567,
        0.013995814581973565,
        0.02644635262911353,
        0.0410456380677721,
        0.13898845081640787
      ],
      "ref_props": [
        0.1,
        0.1,
        0.1,
        0.1,
        0.1,
        0.1,
        0.1,
        0.1,
        0.1,
        0.1
      ]
    },
    "return_5d": {
      "edges": [
        -0.10113910942354154,
        -0.042742091197004874,
        -0.030622125228758755,
        -0.01848969418352769,
        -0.010954126069462573,
        -0.0021094777840507395,
        0.006528792866324955,
        0.020187781902900524,
        0.03502374656393523,
        0.05278436405447395,
        0.12687155240346737
      ],
      "ref_props": [
        0.1,
        0.1,
        0.1,
        0.1,
        0.1,
        0.1,
        0.1,
        0.1,
        0.1,
        0.1
      ]
    },
    "return_10d": {
      "edges": [
        -0.13663616282739033,
        -0.06392401554759637,
        -0.041518365915665774,
        -0.026077336991399816,
        -0.011095508221593877,
        0.0029810654666516667,
        0.013307659064457458,
        0.026110415741676527,
        0.04217981686120852,
        0.06402214387010322,
        0.15143056524773213
      ],
      "ref_props": [
        0.1,
        0.1,
        0.1,
        0.1,
        0.1,
        0.1,
        0.1,
        0.1,
        0.1,
        0.1
      ]
    },
    "return_20d": {
      "edges": [
        -0.1981697696434206,
        -0.09492810334911547,
        -0.045978337099664965,
        -0.02516572438055656,
        -0.007351919904909841,
        0.006190920521474408,
        0.017785327467506565,
        0.03754595934338121,
        0.05593238501659555,
        0.08873186040144064,
        0.19452163556967061
      ],
      "ref_props": [
        0.1,
        0.1,
        0.1,
        0.1,
        0.1,
        0.1,
        0.1,
        0.1,
        0.1,
        0.1
      ]
    },
    "div_ma_5": {
      "edges": [
        -0.05236819847758666,
        -0.023338885654451177,
        -0.013614124222356151,
        -0.010221929037108883,
        -0.0061577289631340095,
        -0.00159088898524502,
        0.0036310939518667306,
        0.009989558518131396,
        0.014650960350596248,
        0.024520423771672222,
        0.0951979780960404
      ],
      "ref_props": [
        0.1,
        0.1,
        0.1,
        0.1,
        0.1,
        0.1,
        0.1,
        0.1,
        0.1,
        0.1
      ]
    },
    "div_ma_10": {
      "edges": [
        -0.07097894508356842,
        -0.0346534829550638,
        -0.01971756812807637,
        -0.012936209919161484,
        -0.008161893198920288,
        -0.0007366774100930995,
        0.004242783052507167,
        0.013575588690007993,
        0.023111031020876055,
        0.03841706696846592,
        0.11029154858496056
      ],
      "ref_props": [
        0.1,
        0.1,
        0.1,
        0.1,
        0.1,
        0.1,
        0.1,
        0.1,
        0.1,
        0.1
      ]
    },
    "div_ma_20": {
      "edges": [
        -0.11414674531718931,
        -0.05519386022595572,
        -0.024305533578240054,
        -0.014507136170194798,
        -0.00840485173191738,
        9.42387885188668e-05,
        0.00955950924661951,
        0.020582940253420837,
        0.030029689527856198,
        0.043248826623461314,
        0.12652977623022177
      ],
      "ref_props": [
        0.1,
        0.1,
        0.1,
        0.1,
        0.1,
        0.1,
        0.1,
        0.1,
        0.1,
        0.1
      ]
    },
    "div_ma_60": {
      "edges": [
        -0.16915351664445935,
        -0.10284041331308537,
        -0.059450223409886,
        -0.03241449261020315,
        -0.013525594400801203,
        -0.00040238577222688466,
        0.017392069531529622,
        0.04046972840757529,
        0.057906284980852575,
        0.09064856334695919,
        0.1433653052150162
      ],
      "ref_props": [
        0.1,
        0.1,
        0.1,
        0.1,
        0.1,
        0.1,
        0.1,
        0.1,
        0.1,
        0.1
      ]
    },
    "ma_5_20_cross": {
      "edges": [
        -0.08689502914898761,
        -0.04331568897371317,
        -0.019833203703953427,
        -0.011166941980957029,
        -0.006632550525297674,
        0.0,
        0.00592566590029414,
        0.01415208361320022,
        0.02603567609143683,
        0.03840052993084039,
        0.08434133121819021
      ],
      "ref_props": [
        0.1,
        0.1,
        0.1,
        0.1,
        0.096,
        0.104,
        0.1,
        0.1,
        0.1,
        0.1
      ]
    },
    "ma_20_60_cross": {
      "edges": [
        -0.12064419178315244,
        -0.07889146354389219,
        -0.03021319894937373,
        -0.024707317861358796,
        -0.006169876583373948,
        0.0021358751150231114,
        0.007622793631682266,
        0.013383882602263556,
        0.03860660296632023,
        0.06633778509244279,
        0.08019568883471617
      ],
      "ref_props": [
        0.1,
        0.1,
        0.1,
        0.1,
        0.1,
        0.1,
        0.1,
        0.1,
        0.1,
        0.1
      ]
    },
    "rsi": {
      "edges": [
        12.283044058744991,
        29.84597175096663,
        40.50443333539056,
        44.198253437383876,
        47.46837423216911,
        50.61740139652581,
        53.47826086956522,
        57.330607850927215,
        61.793103448275865,
        66.12444060134406,
        81.21693121693121
      ],