{
  "feature_cols": [
    "return_1d",
    "return_2d",
    "return_3d",
    "return_5d",
    "return_10d",
    "return_20d",
    "div_ma_5",
    "div_ma_10",
    "div_ma_20",
    "div_ma_60",
    "ma_5_20_cross",
    "ma_20_60_cross",
    "rsi",
    "rsi_change",
    "macd",
    "macd_signal",
    "macd_hist",
    "macd_hist_change",
    "bb_pct_b",
    "bb_bandwidth",
    "atr_pct",
    "volatility",
    "vol_change",
    "vol_ratio",
    "candle_body_pct",
    "upper_shadow_pct",
    "lower_shadow_pct",
    "day_of_week",
    "month",
    "is_month_end",
    "is_month_start",
    "streak",
    "gap",
    "price_position_20d",
    "macro_usdjpy_ret_20",
    "macro_usdjpy_ret_60",
    "macro_usdjpy_vol_20",
    "macro_topix_ret_20",
    "macro_topix_vol_20",
    "macro_topix_above_200dma",
    "macro_nikkei_ret_20",
    "macro_nikkei_above_200dma",
    "macro_nikkei_vi",
    "macro_jgb10y",
    "macro_bias_score"
  ],
  "avg_up_ret": 0.03347995584157835,
  "avg_dn_ret": -0.02039844618043017,
  "n_bins": 10,
  "psi_ref_rows": 250,
  "psi": {
    "return_1d": {
      "edges": [
        -0.13891145410235584,
        -0.026879470215798527,
        -0.015191988073169946,
        -0.00907441562421637,
        -0.004481537795633916,
        0.0005038147214835309,
        0.0042925863844339085,
        0.009080179580796035,
        0.017008335148055886,
        0.030500429172733563,
        0.08998013057053655
      ],
      "ref_props": [
        0.1,
        0.1,
        0.1,
        0.1,
        0.1,
        0.1,
        0.1,
        0.1,
        0.1,
        0.1
      ]
    },
    "return_2d": {
      "edges": [
        -0.1686274509803921,
        -0.040714401018779225,
        -0.024108489479297043,
        -0.013687712903884057,
        -0.005884059355930811,
        0.0014714582031719603,
        0.008313050883660387,
        0.017337972993638626,
        0.02632680894925308,
        0.039092289501210124,
        0.13007651559741018
      ],
      "ref_props": [
        0.1,
        0.1,
        0.1,
        0.1,
        0.1,
        0.1,
        0.1,
        0.1,
        0.1,
        0.1
      ]
    },
    "return_3d": {
      "edges": [
        -0.196078431372549,
        -0.04398855657209265,
        -0.027721579817388185,
        -0.01881836776117541,
        -0.007506495555968851,
        0.0010070183462032034,
        0.011016686900426153,
        0.021662900324446368,
        0.033743989801615776,
        0.055495298935378766,
        0.1312536786344909
      ],
      "ref_props": [
        0.1,
        0.1,
        0.1,
        0.1,
        0.1,
        0.1,
        0.1,
        0.1,
        0.1,
        0.1
      ]
    },
    "return_5d": {
      "edges": [
        -0.1849986747945932,
        -0.05964007730088526,
        -0.03264276129267938,
        -0.020050732662048362,
        -0.005846025094802542,
        0.004752873269438851,
        0.0149480942421378,
        0.02562653099679664,
        0.04176074178881613,
        0.06670379206584591,
        0.15538552089464397
      ],
      "ref_props": [
        0.1,
        0.1,
        0.1,
        0.1,
        0.1,
        0.1,
        0.1,
        0.1,
        0.1,
        0.1
      ]
    },
    "return_10d": {
      "edges": [
        -0.16708167330677293,
        -0.09296986702429173,
        -0.057339066769488085,
        -0.015915888608784942,
        -0.0007360446054700445,
        0.014058692783641913,
        0.030177946442730762,
        0.04096769336929924,
        0.054837439401197896,
        0.08594274402862068,
        0.16083707025411065
      ],
      "ref_props": [
        0.1,
        0.1,
        0.1,
        0.1,
        0.1,
        0.1,
        0.1,
        0.1,
        0.1,
        0.1
      ]
    },
    "return_20d": {
      "edges": [
        -0.24360730593607305,
        -0.11259359412814016,
        -0.06554115651790068,
        -0.037112276070890446,
        0.00016703786191536689,
        0.016768060573691068,
        0.03517010514518294,
        0.05416378537584842,
        0.08021832466345544,
        0.1060950375751176,
        0.22556872797180394
      ],
      "ref_props": [
        0.1,
        0.1,
        0.1,
        0.1,
        0.1,
        0.1,
        0.1,
        0.1,
        0.1,
        0.1
      ]
    },
    "div_ma_5": {
      "edges": [
        -0.1247867011614466,
        -0.029433448836055205,
        -0.016130004192502257,
        -0.009478177041550033,
        -0.0038894417614404003,
        -4.7150486270807943e-07,
        0.0047176023457943545,
        0.012348472255058546,
        0.02027844854160577,
        0.03187357365546091,
        0.08523626497852134
      ],
      "ref_props": [
        0.1,
        0.1,
        0.1,
        0.1,
        0.1,
        0.1,
        0.1,
        0.1,
        0.1,
        0.1
      ]
    },
    "div_ma_10": {
      "edges": [
        -0.15813393199364834,
        -0.04416309313114822,
        -0.025038085746307823,
        -0.010778794142952342,
        -0.002270479651236812,
        0.004413001616555034,
        0.009821044144166135,
        0.01847038287355167,
        0.028302052412962447,
        0.04914721871478882,
        0.08697477815413034
      ],
      "ref_props": [
        0.1,
        0.1,
        0.1,
        0.1,
        0.1,
        0.1,
        0.1,
        0.1,
        0.1,
        0.1
      ]
    },
    "div_ma_20": {
      "edges": [
        -0.16162664169850946,
        -0.06878368873687107,
        -0.04500800603611378,
        -0.018064926637417805,
        -0.0018454974644042357,
        0.01143455729611902,
        0.020554452151680575,
        0.03064138044288792,
        0.04203341624638376,
        0.05826813335770399,
        0.13660978251324526
      ],
      "ref_props": [
        0.1,
        0.1,
        0.1,
        0.1,
        0.1,
        0.1,
        0.1,
        0.1,
        0.1,
        0.1
      ]
    },
    "div_ma_60": {
      "edges": [
        -0.20463184513568236,
        -0.12362156776579773,
        -0.05598910025837693,
        -0.02346024532206941,
        0.023195567796642953,
        0.046274659753441374,
        0.056872040743846164,
        0.06599226473250165,
        0.0814029338631801,
        0.10090856697515073,
        0.14964216882084183
      ],
      "ref_props": [
        0.1,
        0.1,
        0.1,
        0.1,
        0.1,
        0.1,
        0.1,
        0.1,
        0.1,
        0.1
      ]
    },
    "ma_5_20_cross": {
      "edges": [
        -0.09900964497194431,
        -0.055393156156170825,
        -0.03591579454149909,
        -0.01326590346978524,
        -0.0013734626288723424,
        0.010124204816082782,
        0.018482159055071005,
        0.022218285657057236,
        0.029702020754040166,
        0.04644267176632599,
        0.10165134416801003
      ],
      "ref_props": [
        0.1,
        0.1,
        0.1,
        0.1,
        0.1,
        0.1,
        0.1,
        0.1,
        0.1,
        0.1
      ]
    },
    "ma_20_60_cross": {
      "edges": [
        -0.11791142756148054,
        -0.09876568677811477,
        -0.02528749093915878,
        -0.005455698182967748,
        0.013395202051866464,
        0.034614050968749255,
        0.04051748797563107,
        0.04518232346001222,
        0.05178735407586972,
        0.06766588142823537,
        0.07999430157339882
      ],
      "ref_props": [
        0.1,
        0.1,
        0.1,
        0.1,
        0.1,
        0.1,
        0.1,
        0.1,
        0.1,
        0.1
      ]
    },
    "rsi": {
      "edges": [
        14.786967418546368,
        34.33258933986753,
        37.82669789227165,
        43.706175254523636,
        49.14258489356754,
        54.01663235413484,
        57.24350810746835,
        61.685284118504136,
        65.90395177590652,
        69.43696076862781,
        81.2753036437247
      ],