{
  "feature_cols": [
    "return_1d",
    "return_2d",
    "return_3d",
    "return_5d",
    "return_10d",
    "return_20d",
    "div_ma_5",
    "div_ma_10",
    "div_ma_20",
    "div_ma_60",
    "ma_5_20_cross",
    "ma_20_60_cross",
    "rsi",
    "rsi_change",
    "macd",
    "macd_signal",
    "macd_hist",
    "macd_hist_change",
    "bb_pct_b",
    "bb_bandwidth",
    "atr_pct",
    "volatility",
    "vol_change",
    "vol_ratio",
    "candle_body_pct",
    "upper_shadow_pct",
    "lower_shadow_pct",
    "day_of_week",
    "month",
    "is_month_end",
    "is_month_start",
    "streak",
    "gap",
    "price_position_20d",
    "macro_usdjpy_ret_20",
    "macro_usdjpy_ret_60",
    "macro_usdjpy_vol_20",
    "macro_topix_ret_20",
    "macro_topix_vol_20",
    "macro_topix_above_200dma",
    "macro_nikkei_ret_20",
    "macro_nikkei_above_200dma",
    "macro_nikkei_vi",
    "macro_jgb10y",
    "macro_bias_score"
  ],
  "avg_up_ret": 0.05433886994506008,
  "avg_dn_ret": -0.032061005446991114,
  "n_bins": 10,
  "psi_ref_rows": 250,
  "psi": {
    "return_1d": {
      "edges": [
        -0.11970580776058837,
        -0.03933622177842472,
        -0.023758199810742765,
        -0.014417401182656341,
        -0.006300850168545421,
        -0.0003783463405520049,
        0.011004640385707285,
        0.01818849835364625,
        0.030602486613341466,
        0.05047935277136325,
        0.13042121684867403
      ],
      "ref_props": [
        0.1,
        0.1,
        0.1,
        0.1,
        0.1,
        0.1,
        0.1,
        0.1,
        0.1,
        0.1
      ]
    },
    "return_2d": {
      "edges": [
        -0.1444811905746176,
        -0.050028411789254316,
        -0.030409221887998945,
        -0.017683896740701407,
        -0.005764613537722751,
        0.006011267308423829,
        0.014885822303943834,
        0.027451832797427717,
        0.044013786843593576,
        0.07337305960009835,
        0.17544827586206901
      ],
      "ref_props": [
        0.1,
        0.1,
        0.1,
        0.1,
        0.1,
        0.1,
        0.1,
        0.1,
        0.1,
        0.1
      ]
    },
    "return_3d": {
      "edges": [
        -0.1419983416252073,
        -0.057396216836631216,
        -0.032618494630960844,
        -0.019032734053286027,
        -0.006780342879708233,
        0.009995721217151421,
        0.01862782038634117,
        0.03107800352324261,
        0.05527765164967478,
        0.09268833901482083,
        0.24373498111912117
      ],
      "ref_props": [
        0.1,
        0.1,
        0.1,
        0.1,
        0.1,
        0.1,
        0.1,
        0.1,
        0.1,
        0.1
      ]
    },
    "return_5d": {
      "edges": [
        -0.17198550974642057,
        -0.06431468818782102,
        -0.03834989282446133,
        -0.02145099125297138,
        -0.0077694596410404215,
        0.008661774298760583,
        0.02493349974833508,
        0.05204750024361498,
        0.0725193195627728,
        0.12374141779969987,
        0.3077799943003705
      ],
      "ref_props": [
        0.1,
        0.1,
        0.1,
        0.1,
        0.1,
        0.1,
        0.1,
        0.1,
        0.1,
        0.1
      ]
    },
    "return_10d": {
      "edges": [
        -0.1746905089408528,
        -0.06496082841114104,
        -0.03914866007173702,
        -0.021340732326626456,
        -0.008771164021164029,
        0.011685519580478587,
        0.048137770111211994,
        0.08549663833007733,
        0.12852695524427726,
        0.19381652863332244,
        0.37828571428571434
      ],
      "ref_props": [
        0.1,
        0.1,
        0.1,
        0.1,
        0.1,
        0.1,
        0.1,
        0.1,
        0.1,
        0.1
      ]
    },
    "return_20d": {
      "edges": [
        -0.2577195100914266,
        -0.08578461810288249,
        -0.03425129644387468,
        -0.014518668906745321,
        0.02017878225670438,
        0.06298490852381378,
        0.10358953146676501,
        0.13519028634100166,
        0.20259313543056182,
        0.315548982207485,
        0.5949812898965441
      ],
      "ref_props": [
        0.1,
        0.1,
        0.1,
        0.1,
        0.1,
        0.1,
        0.1,
        0.1,
        0.1,
        0.1
      ]
    },
    "div_ma_5": {
      "edges": [
        -0.09327900455660712,
        -0.03378297818283817,
        -0.019967142304200932,
        -0.01237616268460488,
        -0.001421201370585707,
        0.005117816785629444,
        0.011163052270745634,
        0.018959261135971323,
        0.0327144216734946,
        0.05342459058317625,
        0.13504823151125403
      ],
      "ref_props": [
        0.1,
        0.1,
        0.1,
        0.1,
        0.1,
        0.1,
        0.1,
        0.1,
        0.1,
        0.1
      ]
    },
    "div_ma_10": {
      "edges": [
        -0.1287617526409409,
        -0.04242676403414879,
        -0.023988596444386116,
        -0.014931233883430576,
        -0.0022818522488340085,
        0.008179131415528835,
        0.01907576799446067,
        0.03623702378598551,
        0.059200229340167734,
        0.09560972691203803,
        0.19194805194805195
      ],
      "ref_props": [
        0.1,
        0.1,
        0.1,
        0.1,
        0.1,
        0.1,
        0.1,
        0.1,
        0.1,
        0.1
      ]
    },
    "div_ma_20": {
      "edges": [
        -0.1624352195990158,
        -0.05702448679692058,
        -0.029694886478443695,
        -0.010697838806692245,
        0.011664771196216837,
        0.024569221079899797,
        0.04284294720531878,
        0.0610807115435577,
        0.10034324012688492,
        0.14732570345014026,
        0.27830858798295216
      ],
      "ref_props": [
        0.1,
        0.1,
        0.1,
        0.1,
        0.1,
        0.1,
        0.1,
        0.1,
        0.1,
        0.1
      ]
    },
    "div_ma_60": {
      "edges": [
        -0.16277802819276407,
        -0.05476033898696639,
        -0.019802396750902125,
        0.0085157574043825,
        0.02955795568035166,
        0.0598114291071431,
        0.0867795850751831,
        0.15292511806171866,
        0.21579959227682358,
        0.3209995393272683,
        0.5732320851581716
      ],
      "ref_props": [
        0.1,
        0.1,
        0.1,
        0.1,
        0.1,
        0.1,
        0.1,
        0.1,
        0.1,
        0.1
      ]
    },
    "ma_5_20_cross": {
      "edges": [
        -0.0995940317393369,
        -0.04148708763089135,
        -0.020032102066079593,
        -0.006053226248162477,
        0.00798055121770359,
        0.0173984928489066,
        0.029917860480117367,
        0.05287179710059827,
        0.07620107493155107,
        0.1245234496371955,
        0.1802055922609469
      ],
      "ref_props": [
        0.1,
        0.1,
        0.1,
        0.1,
        0.1,
        0.1,
        0.1,
        0.1,
        0.1,
        0.1
      ]
    },
    "ma_20_60_cross": {
      "edges": [
        -0.07133221507841192,
        -0.03849402484889164,
        -0.01782600418608215,
        0.0068098236224140496,
        0.022727111052066734,
        0.037436050124914466,
        0.05036320276032559,
        0.08963540610866184,
        0.13399840213740255,
        0.17722488285745955,
        0.3030654795744874
      ],
      "ref_props": [
        0.1,
        0.1,
        0.1,
        0.1,
        0.1,
        0.1,
        0.1,
        0.1,
        0.1,
        0.1
      ]
    },
    "rsi": {
      "edges": [
        21.36279926335176,
        36.96231532757561,
        42.712842712842715,
        47.03361999821763,
        51.152296958461484,
        55.581437410756784,
        59.47635760460887,
        63.30333530151459,
        67.42264710207178,
        70.95231336361124,
        85.87373561213812
      ],
      "ref_props": [
        0.1,
        0.1,
        0.1,
        0.1,
        0.1,
        0.1,
        0.1,
        0.1,
        0.1,
        0.1
      ]
    },