{
  "feature_cols": [
    "return_1d",
    "return_2d",
    "return_3d",
    "return_5d",
    "return_10d",
    "return_20d",
    "div_ma_5",
    "div_ma_10",
    "div_ma_20",
    "div_ma_60",
    "ma_5_20_cross",
    "ma_20_60_cross",
    "rsi",
    "rsi_change",
    "macd",
    "macd_signal",
    "macd_hist",
    "macd_hist_change",
    "bb_pct_b",
    "bb_bandwidth",
    "atr_pct",
    "volatility",
    "vol_change",
    "vol_ratio",
    "candle_body_pct",
    "upper_shadow_pct",
    "lower_shadow_pct",
    "day_of_week",
    "month",
    "is_month_end",
    "is_month_start",
    "streak",
    "gap",
    "price_position_20d",
    "macro_usdjpy_ret_20",
    "macro_usdjpy_ret_60",
    "macro_usdjpy_vol_20",
    "macro_topix_ret_20",
    "macro_topix_vol_20",
    "macro_topix_above_200dma",
    "macro_nikkei_ret_20",
    "macro_nikkei_above_200dma",
    "macro_nikkei_vi",
    "macro_jgb10y",
    "macro_bias_score"
  ],
  "avg_up_ret": 0.03707063854910883,
  "avg_dn_ret": -0.021656065507260146,
  "n_bins": 10,
  "psi_ref_rows": 250,
  "psi": {
    "return_1d": {
      "edges": [
        -0.08814136682989138,
        -0.028755451379412145,
        -0.017582804657199656,
        -0.012492981594527615,
        -0.005389895232793095,
        -0.0008034499750236845,
        0.003515008761193433,
        0.011667810941678155,
        0.020375602205119407,
        0.03573135443285822,
        0.10256410256410264
      ],
      "ref_props": [
        0.1,
        0.1,
        0.1,
        0.1,
        0.1,
        0.1,
        0.1,
        0.1,
        0.1,
        0.1
      ]
    },
    "return_2d": {
      "edges": [
        -0.1175218224398552,
        -0.03780057481540139,
        -0.02658352024648587,
        -0.015704330512692856,
        -0.007422088113162536,
        0.001131341214822057,
        0.011055662333225524,
        0.020558582966834084,
        0.028113752942980286,
        0.04398291435721384,
        0.1476923076923078
      ],
      "ref_props": [
        0.1,
        0.1,
        0.1,
        0.1,
        0.1,
        0.1,
        0.1,
        0.1,
        0.1,
        0.1
      ]
    },
    "return_3d": {
      "edges": [
        -0.12161434977578478,
        -0.04152780033330101,
        -0.028824823285711225,
        -0.01608682344932981,
        -0.009068395878415252,
        0.001473414059197986,
        0.011574981869863396,
        0.020872984516232863,
        0.03735656617157082,
        0.053624117142455775,
        0.15509677419354828
      ],
      "ref_props": [
        0.1,
        0.1,
        0.1,
        0.1,
        0.1,
        0.1,
        0.1,
        0.1,
        0.1,
        0.1
      ]
    },
    "return_5d": {
      "edges": [
        -0.15830182193193543,
        -0.059375526857450976,
        -0.03177871325052528,
        -0.01772366643301945,
        -0.004075048582090845,
        0.005142792237347704,
        0.01595827149841065,
        0.027511554784281963,
        0.03959125455961395,
        0.06732440110882781,
        0.1712820512820512
      ],
      "ref_props": [
        0.1,
        0.1,
        0.1,
        0.1,
        0.1,
        0.1,
        0.1,
        0.1,
        0.1,
        0.1
      ]
    },
    "return_10d": {
      "edges": [
        -0.16122378824338257,
        -0.06651842531024862,
        -0.04594345731290953,
        -0.028085813861275937,
        -0.005838421408958708,
        0.008140436912598581,
        0.01922990037417628,
        0.036369395844799514,
        0.07342001513982521,
        0.10780475208363316,
        0.18761290322580648
      ],
      "ref_props": [
        0.1,
        0.1,
        0.1,
        0.1,
        0.1,
        0.1,
        0.1,
        0.1,
        0.1,
        0.1
      ]
    },
    "return_20d": {
      "edges": [
        -0.16363011344104506,
        -0.07216840838985426,
        -0.04446648268460651,
        -0.02008875400863818,
        0.0012175835796861603,
        0.02013717878918808,
        0.03814462377452391,
        0.0581702803846888,
        0.07801564509735714,
        0.13241852339767451,
        0.3635897435897435
      ],
      "ref_props": [
        0.1,
        0.1,
        0.1,
        0.1,
        0.1,
        0.1,
        0.1,
        0.1,
        0.1,
        0.1
      ]
    },
    "div_ma_5": {
      "edges": [
        -0.07313472385206489,
        -0.02730127831078137,
        -0.016939290637985396,
        -0.01058396135623219,
        -0.004609238540726387,
        0.0012603319179380935,
        0.008151511727788253,
        0.013444916919354016,
        0.020722653962278566,
        0.030315079768955876,
        0.09272008202724481
      ],
      "ref_props": [
        0.1,
        0.1,
        0.1,
        0.1,
        0.1,
        0.1,
        0.1,
        0.1,
        0.1,
        0.1
      ]
    },
    "div_ma_10": {
      "edges": [
        -0.08135892096722754,
        -0.04411440540283704,
        -0.02293274299831944,
        -0.011401767149794656,
        -0.004947923749685124,
        0.003352708320768916,
        0.011828680345985073,
        0.019585133913391957,
        0.03175816246611847,
        0.045132394934354766,
        0.1293508037970652
      ],
      "ref_props": [
        0.1,
        0.1,
        0.1,
        0.1,
        0.1,
        0.1,
        0.1,
        0.1,
        0.1,
        0.1
      ]
    },
    "div_ma_20": {
      "edges": [
        -0.07625289278699371,
        -0.04649505155354182,
        -0.02850398613186534,
        -0.01823284037900814,
        -0.009745094630012767,
        0.005722545480451317,
        0.014825315810056462,
        0.028487282396425926,
        0.05383998224240716,
        0.07649796867187418,
        0.16042594047307318
      ],
      "ref_props": [
        0.1,
        0.1,
        0.1,
        0.1,
        0.1,
        0.1,
        0.1,
        0.1,
        0.1,
        0.1
      ]
    },
    "div_ma_60": {
      "edges": [
        -0.11727774573617858,
        -0.053587196270425894,
        -0.03250411938662232,
        -0.011815010246878564,
        0.021072694003165585,
        0.04090435830170664,
        0.05601697503307329,
        0.07214057918712115,
        0.09135949364361443,
        0.11874957985074808,
        0.2574085750315259
      ],
      "ref_props": [
        0.1,
        0.1,
        0.1,
        0.1,
        0.1,
        0.1,
        0.1,
        0.1,
        0.1,
        0.1
      ]
    },
    "ma_5_20_cross": {
      "edges": [
        -0.055718531485346556,
        -0.03397679619850481,
        -0.025956010013134453,
        -0.01166811990850816,
        -0.0033716388467382326,
        0.005368700412494598,
        0.01140356572539912,
        0.02717582680680836,
        0.038441403825835566,
        0.057178166463249254,
        0.09567608470909206
      ],
      "ref_props": [
        0.1,
        0.1,
        0.1,
        0.1,
        0.1,
        0.1,
        0.1,
        0.1,
        0.1,
        0.1
      ]
    },
    "ma_20_60_cross": {
      "edges": [
        -0.052527879445942394,
        -0.038946398259086155,
        -0.018041316965072097,
        0.006317773627345096,
        0.01646311423754799,
        0.025271755828648157,
        0.035428252709572366,
        0.047415045740383535,
        0.06785789422151448,
        0.08677638463950181,
        0.12680590540952696
      ],
      "ref_props": [
        0.1,
        0.1,
        0.1,
        0.1,
        0.1,
        0.1,
        0.1,
        0.1,
        0.1,
        0.1
      ]
    },
    "rsi": {
      "edges": [
        14.944356120826697,
        37.37999193223073,
        41.98515590446706,
        46.2716091716053,
        49.38647030718642,
        51.37364010302541,
        55.80217351261743,
        59.16284488956097,
        63.977019356305085,
        68.36794221820959,
        84.02777777777777
      ],