tree
version=v4
num_class=1
num_tree_per_iteration=1
label_index=0
max_feature_idx=44
objective=binary sigmoid:1
feature_names=return_1d return_2d return_3d return_5d return_10d return_20d div_ma_5 div_ma_10 div_ma_20 div_ma_60 ma_5_20_cross ma_20_60_cross rsi rsi_change macd macd_signal macd_hist macd_hist_change bb_pct_b bb_bandwidth atr_pct volatility vol_change vol_ratio candle_body_pct upper_shadow_pct lower_shadow_pct day_of_week month is_month_end is_month_start streak gap price_position_20d macro_usdjpy_ret_20 macro_usdjpy_ret_60 macro_usdjpy_vol_20 macro_topix_ret_20 macro_topix_vol_20 macro_topix_above_200dma macro_nikkei_ret_20 macro_nikkei_above_200dma macro_nikkei_vi macro_jgb10y macro_bias_score
feature_infos=[-0.14809960681520318:0.14522708729942879] [-0.15603448275862064:0.17770326906957257] [-0.20380611581001951:0.1693973896139962] [-0.15951236263736268:0.21564665127020777] [-0.20754716981132071:0.27152521525215256] [-0.24752282883232957:0.29059040590405893] [-0.13036526435474705:0.1220955020251545] [-0.14524690926870157:0.18429563798970672] [-0.17181627062496024:0.18446219621962201] [-0.20085130268020024:0.2288551890509031] [-0.12197286012526098:0.12462230486320935] [-0.12065637861779432:0.12621610221381618] [1.9073569482288804:95.096774193548384] [-22.536545515309292:26.718039913060672] [-271.57168459879449:203.88827339332784] [-243.11242780957588:181.69962119661756] [-109.99101279471606:105.58440512850065] [-51.687450789875655:37.51924326892204] [-0.384582825746493:1.3578999957468934] [0.049382998174901827:0.37593396845560212] [0.017116661209180484:0.060979513444302177] [0.01075596564220341:0.046748438278204872] [-0.89722333645317998:6.5363502154198425] [0.45332728908280862:2.026201659694999] [-1:0.98373983739837401] [0:0.92941176470588238] [0:0.9859154929577465] [0:4] [1:12] none [0:1] [-10:8] [-0.14809960681520318:0.17602682313495399] [0:1] [-0.10288784967882303:0.08505611680078462] [-0.13986255140503889:0.13160084488587853] [0.0024251968629527628:0.011841457708833433] [-0.90806057657351702:0.19897857359448179] [0.0040695656242548776:0.20202552483846534] [0:1] [-0.22859537662338159:0.23022297972565586] [0:1] none none none
tree_sizes=1181 1094 786 973 975 1096 971 963 1206 1102 978 1202 976 1158 1101 1284 1280 1175 1379 1399 1186 1185 1308 783 1299 1418 953 1298 1195 1091 1206 1400 1101 1318 1321 1209 1207 1307 1310 1207 1319 1316 1398 1204 1099 1398 891 873 1081 897 1204 681 868 898 1079 1398 1311 1205 998 1395 1502 1074 1471 1518 1259 1292 1406 1311 995 974 1426 1511 1255 1308 1529 1000 1103 1078 1422 1103 994 1100 1099 974 863 1196 1171 1177 975 1187 966 1069 1393 968 1001 894 990 784 873 889 1383 1385 1400 995 1206 1382 1299 1210 1081 1493 770 1192 897 891 893

Tree=0
num_leaves=10
num_cat=0
split_feature=36 28 18 26 4 9 36 36 14
split_gain=10.6939 13.3909 16.5526 6.33515 5.58879 4.79882 4.88868 4.32984 4.30216
threshold=0.0071638962918784792 8.5000000000000018 0.77168507565479105 0.61556224899598411 -0.026186628404826214 -0.077671556818105933 0.0038075975991348392 0.0057013751940565927 16.535316070814137
decision_type=2 2 2 2 2 2 2 2 2
left_child=3 2 8 5 -3 7 -7 -1 -2
right_child=1 4 -4 -5 -6 6 -8 -9 -10
leaf_value=-0.22569851811065608 -0.1960362842182371 -0.23337004658891666 -0.24956294743468765 -0.22785939509686357 -0.2644971618391983 -0.23614615859351612 -0.25662858569870522 -0.25135543684450778 -0.22870172124802809
leaf_weight=11.339433908462526 13.804528236389165 7.3952829837799099 9.6138678789138776 10.846415042877195 9.367358446121214 10.599905610084532 63.352924227714539 8.6278301477432233 8.1348112821578962
leaf_count=46 56 30 39 44 38 43 257 35 33
internal_value=-0.242136 -0.230827 -0.219495 -0.247518 -0.250996 -0.250097 -0.253539 -0.237433 -0.20578
internal_weight=153.082 48.3158 31.5532 104.767 16.7626 93.9201 73.9528 19.9673 21.9393
internal_count=621 196 128 425 68 381 300 81 89
is_linear=0
shrinkage=1


Tree=1
num_leaves=9
num_cat=0
split_feature=20 23 26 12 9 36 34 38
split_gain=14.1204 9.75259 7.25603 7.87819 4.83049 4.66237 3.10958 2.95141
threshold=0.039019198165735923 1.135115351295706 0.3096087456846951 51.988773240199649 -0.085291118038034533 0.0046968026418251563 -0.0032981526639749843 0.010494887848772052
decision_type=2 2 2 2 2 2 2 2
left_child=2 -2 4 5 -1 -4 -6 -5
right_child=1 -3 3 7 6 -7 -8 -9
leaf_value=0.0036337947946368005 0.040376259952873243 -0.0016479591960182169 -0.0071458032367300393 -0.018765123789557046 -0.026610336872212381 0.016325036927941232 -0.01099462369807243 0.00130390870848103
leaf_weight=10.600591599941252 7.8956562131643322 8.3895540684461576 8.3787449896335584 16.246045440435413 20.435077577829361 24.16157066822052 48.985090643167496 7.8830339014530173
leaf_count=43 32 34 34 66 83 98 199 32
internal_value=-0.00455511 0.0200943 -0.0078474 0.00014354 -0.0135548 0.00978347 -0.0164179 -0.0120365
internal_weight=152.975 16.2852 136.69 56.6694 80.0208 32.5403 69.4202 24.1291
internal_count=621 66 555 230 325 132 282 98
is_linear=0
shrinkage=0.03


Tree=2
num_leaves=6
num_cat=0
split_feature=20 11 2 37 36
split_gain=13.4005 6.5314 4.96812 4.56468 6.12075
threshold=0.039019198165735923 -0.066630703145807421 -0.0012311631582153646 0.055450841841269922 0.0035317768940023022
decision_type=2 2 2 2 2
left_child=1 -1 -2 4 -3
right_child=2 3 -4 -5 -6
leaf_value=0.0098991999487313045 0.0013381628699780936 0.014804363957300082 0.034862930875794014 -0.024162112946545772 -0.0094275363298533862
leaf_weight=14.544168412685393 8.8887605518102664 8.1288868486881238 7.4279853552579871 16.710096567869186 97.17268218100071
leaf_count=59 36 33 30 68 395
internal_value=-0.00442329 -0.0076381 0.019559 -0.0099755 -0.00717606
internal_weight=152.873 136.556 16.3167 122.012 105.302
internal_count=621 555 66 496 428
is_linear=0
shrinkage=0.03


Tree=3
num_leaves=8
num_cat=0
split_feature=20 23 19 40 26 11 40
split_gain=12.7454 9.10018 7.15632 10.3407 7.73022 5.01609 5.13568
threshold=0.039019198165735923 1.135115351295706 0.10300207759152631 0.077008709422972679 0.3096087456846951 -0.06065590099835854 0.042002686291530818
decision_type=2 2 2 2 2 2 2
left_child=2 -2 5 4 -4 -1 -7
right_child=1 -3 3 -5 -6 6 -8
leaf_value=0.002451612886082994 0.038627425550099292 -0.001831020154415843 -0.0058528851788611919 -0.025203052034023472 0.012497114349658322 -0.027991255286734764 0
leaf_weight=7.6457229405641547 7.9451378136873272 8.3958459645509702 47.646089196205139 13.245153382420538 33.004672944545746 26.777186810970306 8.0955659300088865
leaf_count=31 32 34 194 54 134 109 33
internal_value=-0.00427487 0.0190895 -0.00741743 -0.00247497 0.00159568 -0.0173937 -0.0220485
internal_weight=152.755 16.341 136.414 93.8959 80.6508 42.5185 34.8728
internal_count=621 66 555 382 328 173 142
is_linear=0
shrinkage=0.03


Tree=4
num_leaves=8
num_cat=0
split_feature=20 9 19 40 36 11 40
split_gain=12.1022 8.23298 6.76745 9.83826 7.25958 4.7831 4.87593
threshold=0.039019198165735923 -0.10641166603482453 0.10300207759152631 0.077008709422972679 0.0071220746004734565 -0.06065590099835854 0.042002686291530818
decision_type=2 2 2 2 2 2 2
left_child=2 -2 5 4 -4 -1 -7
right_child=1 -3 3 -5 -6 6 -8
leaf_value=0.0023927716375668315 -0.0032092442299000729 0.035331857830425063 -0.0048923217204441512 -0.024624221972576698 0.013338542383393012 -0.027309342963512284 0
leaf_weight=7.6478737890720359 7.4196917861700085 8.9417093843221647 52.106269478797913 13.19754023849964 28.555773660540581 26.673939272761345 8.0955659300088865
leaf_count=31 30 36 212 54 116 109 33
internal_value=-0.00415461 0.0185912 -0.00722335 -0.00241357 0.00154683 -0.0169406 -0.0215
internal_weight=152.638 16.3614 136.277 93.8596 80.662 42.4174 34.7695
internal_count=621 66 555 382 328 173 142
is_linear=0
shrinkage=0.03


Tree=5
num_leaves=9
num_cat=0
split_feature=20 16 19 5 23 15 21 23
split_gain=20.0034 14.5212 10.5319 9.57021 6.23145 4.98274 4.54611 0.402298
threshold=0.039019198165735923 27.642452082234879 0.10213058225334189 0.0052881381943338255 1.135115351295706 53.632572970201615 0.017444120024458418 1.0307734131185391
decision_type=2 2 2 2 2 2 2 2
left_child=1 2 6 -4 -2 7 -1 -3
right_child=4 5 3 -5 -6 -7 -8 -9
leaf_value=-0.024253484755312353 0.040733113286312843 -0.040423959049732248 0.016060266721925901 -0.0051305127686907537 0.0036494088156474669 -0.0015007863345977471 -0.0031834778603033703 -0.015929264634810494
leaf_weight=16.138684749603271 9.7266582250595111 10.063877940177923 38.153046533465385 33.849968984723091 8.4043016582727414 7.3609398901462546 24.212102398276329 7.8333328366279593
leaf_count=66 39 41 155 138 34 30 99 32
internal_value=-0.00149075 -0.00559256 -0.000677127 0.00602597 0.026359 -0.0252532 -0.0127122 -0.0331357
internal_weight=155.743 137.612 112.354 72.003 18.131 25.2582 40.3508 17.8972
internal_count=634 561 458 293 73 103 165 73
is_linear=0
shrinkage=0.03


Tree=6
num_leaves=8
num_cat=0
split_feature=20 16 14 21 17 13 2
split_gain=19.0558 13.8788 10.1274 9.3628 6.43208 4.35109 3.30767
threshold=0.039019198165735923 27.642452082234879 -70.323994452445717 0.016991211579261697 -3.9887929210991717 0.80619225986940901 -0.0012311631582153646
decision_type=2 2 2 2 2 2 2
left_child=1 2 5 -4 -3 -1 -2
right_child=6 4 3 -5 -6 -7 -8
leaf_value=0.029093697673722815 0.0073173253580796141 0 -0.024279526075419725 -0.0001932811746075201 -0.033824094807240725 0.00013640990285185953 0.036993224902819491
leaf_weight=10.629742950201036 8.6665626913309115 7.5929744094610241 16.34616807103157 76.223705351352692 17.587165549397469 9.1322731822729093 9.4822676181793195
leaf_count=43 35 31 67 311 72 37 38
internal_value=-0.00146447 -0.00547413 -0.0006699 -0.00502861 -0.0247282 0.0176438 0.0256996
internal_weight=155.661 137.512 112.332 92.5699 25.1801 19.762 18.1488
internal_count=634 561 458 378 103 80 73
is_linear=0
shrinkage=0.03


Tree=7
num_leaves=8
num_cat=0
split_feature=20 16 15 19 17 23 32
split_gain=18.1251 13.2155 9.76688 8.1621 6.13034 5.79682 3.35852
threshold=0.039019198165735923 27.642452082234879 -68.439633007745172 0.10213058225334189 -3.9887929210991717 1.135115351295706 1.0000000180025095e-35
decision_type=2 2 2 2 2 2 2
left_child=1 2 6 -4 -3 -2 -1
right_child=5 4 3 -5 -6 -7 -8
leaf_value=0.031046494820385462 0.03890337068518606 0 -0.015165888960039831 0.002272510376374633 -0.03307426300235819 0.0032091053307866427 0.0022746273401226509
leaf_weight=8.1756354272365588 9.745865076780321 7.5929744094610241 37.268804505467415 58.700753152370453 17.493072494864464 8.4175537377595884 8.1517332941293699
leaf_count=33 39 31 153 239 72 34 33
internal_value=-0.00141245 -0.00533 -0.000643884 -0.00451776 -0.024157 0.0250644 0.0193159
internal_weight=155.546 137.383 112.297 95.9696 25.086 18.1634 16.3274
internal_count=634 561 458 392 103 73 66
is_linear=0
shrinkage=0.03


Tree=8
num_leaves=10
num_cat=0
split_feature=18 37 18 10 5 14 9 38 9
split_gain=16.6096 11.4133 7.09929 8.07818 5.78866 6.00496 5.76749 4.10347 3.27687
threshold=0.7392174898370848 -0.0048085027362669277 0.16498646267480374 -0.0088408813361082732 -0.060597267719889596 -33.156430147413168 0.07048664870360842 0.0090356108761418964 0.11604337364343782
decision_type=2 2 2 2 2 2 2 2 2
left_child=1 2 -1 -4 7 -6 -2 -3 -8
right_child=6 4 3 -5 5 -7 8 -9 -10
leaf_value=-0.0017695485468615208 -0.032072293030366586 -0.0022419678201675377 0.040420792416254993 0.0064351460018549191 -0.024709015026799949 -0.0017564300579338606 0.0038339922745405318 0.022249208706791448 -0.017493507668098054
leaf_weight=11.317256882786749 15.034444287419317 9.6205027699470538 13.102844104170799 14.483552560210228 11.773910626769064 48.687632754445076 10.751232892274858 10.40594460070133 10.220812067389486
leaf_count=46 62 39 53 59 48 199 44 42 42
internal_value=-0.00135105 0.00398362 0.0169417 0.0247257 -0.0023567 -0.00711428 -0.0187134 0.0106676 -0.00652518
internal_weight=155.398 119.392 38.9037 27.5864 80.488 60.4615 36.0065 20.0264 20.972
internal_count=634 486 158 112 328 247 148 81 86
is_linear=0
shrinkage=0.03


Tree=9
num_leaves=9
num_cat=0
split_feature=12 21 19 21 21 13 4 22
split_gain=17.7225 15.3336 6.79083 10.4892 8.80799 6.02177 3.0132 0.243484
threshold=58.876306687709707 0.033710515389508096 0.10055935913097001 0.020608409297482703 0.017444120024458418 -2.9507465021014592 0.075721307797283935 -0.089377063145755928
decision_type=2 2 2 2 2 2 2 2
left_child=1 2 4 -4 -1 -2 7 -7
right_child=5 -3 3 -5 -6 6 -8 -9
leaf_value=-0.025573935381606957 0.0041539129645525369 0.031405439294575462 0.018934747855736171 -0.0046619754406411326 0.0028246826948989624 -0.013749982193144043 -0.0087050654845035446 -0.035561857755708477
leaf_weight=15.501876726746557 7.5701800137758246 14.646242856979368 28.856926485896111 34.683347553014755 19.780165985226631 7.3190542310476294 14.070865467190741 12.873486399650576
leaf_count=64 31 59 117 141 81 30 58 53
internal_value=-0.0013175 0.00476289 0.000120821 0.00607644 -0.00995304 -0.0176169 -0.0228044 -0.0302834
internal_weight=155.302 113.469 98.8223 63.5403 35.282 41.8336 34.2634 20.1925
internal_count=634 462 403 258 145 172 141 83
is_linear=0
shrinkage=0.03


Tree=10
num_leaves=8
num_cat=0
split_feature=20 12 2 17 0 39 33
split_gain=14.8425 11.5357 7.78513 8.87732 6.93311 3.93857 3.26808
threshold=0.024563995697637644 52.544923159562082 0.04476643699075656 -0.62345160306212388 -0.014719860840529729 1.0000000180025095e-35 0.32394003634161123
decision_type=2 2 2 2 2 2 2
left_child=1 6 3 4 -2 -5 -1
right_child=2 -3 -4 5 -6 -7 -8
leaf_value=-0.010180032559476337 0.014134818395289888 -0.034856199633298932 -0.012207546877645345 0.037386523346018663 -0.0062318984357806169 0.013558537222269131 0.011790420148458061
leaf_weight=11.275738567113878 23.3427814245224 12.803079918026922 13.613465532660483 8.9328974634408933 34.243807569146156 37.567829266190529 9.2611972987651807
leaf_count=46 95 53 56 36 140 153 38
internal_value=0.00231062 -0.0146676 0.0074099 0.0102988 0.00196937 0.0197982 0
internal_weight=151.041 33.34 117.701 104.087 57.5866 46.5007 20.5369
internal_count=617 137 480 424 235 189 84
is_linear=0
shrinkage=0.03


Tree=11
num_leaves=10
num_cat=0
split_feature=12 21 38 38 23 38 2 38 19
split_gain=13.9082 11.5825 5.63491 7.27528 5.55739 7.28025 7.79396 3.5784 1.67983
threshold=52.544923159562082 0.015225627284733896 0.010960735630708594 0.014373776526546008 0.79390406625265764 0.0080681754353311725 0.036755880923486146 0.0069842386339614556 0.13632960469010716
decision_type=2 2 2 2 2 2 2 2 2
left_child=1 -1 7 -4 -2 8 -7 -3 -6
right_child=4 2 3 -5 5 6 -8 -9 -10
leaf_value=-0.016012191282593489 -0.025517830443616198 0.0027734144697735526 -0.01071235865589033 0.021015468757333757 -0.028742135637404995 0.013526886795216081 -0.015211786948344805 0.023072170187784364 -0.0046699895694764931
leaf_weight=11.40846076607704 11.863955348730086 12.316340520977972 15.077943146228792 8.4281954020261747 7.4629450589418393 23.930361121892929 10.39036566019058 42.818969994783401 7.3197299391031265
leaf_count=47 49 50 61 34 31 98 43 174 30
internal_value=0.00224339 0.00972609 0.0139504 0.0008315 -0.00852837 -0.00329197 0.00405491 0.0190561 -0.0196934
internal_weight=151.017 90.0499 78.6414 23.5061 60.9674 49.1034 34.3207 55.1353 14.7827
internal_count=617 366 319 95 251 202 141 224 61
is_linear=0
shrinkage=0.03


Tree=12
num_leaves=8
num_cat=0
split_feature=20 12 37 19 12 23 38
split_gain=13.7458 10.8042 9.53976 9.36346 8.24653 7.2023 4.08488
threshold=0.024563995697637644 52.544923159562082 0.0605077526919593 0.10213058225334189 50.365847239037748 1.0208902680970728 0.0076540476976935867
decision_type=2 2 2 2 2 2 2
left_child=1 6 3 5 -5 -2 -1
right_child=2 -3 -4 4 -6 -7 -8
leaf_value=-0.013169604042420657 -0.020680910137782418 -0.033873583512352749 -0.016626802628563912 0.023137523028466733 0.0038531288093475134 0.011293908668375494 0.01135703116540818
leaf_weight=9.5048408210277575 12.408864319324495 12.680040106177328 11.436446890234945 44.642057538032532 40.324456140398979 8.9785237759351713 11.032896012067793
leaf_count=39 51 53 47 180 165 37 45
internal_value=0.00215084 -0.0142191 0.00705282 0.00999747 0.0144569 -0.00679845 0
internal_weight=151.008 33.2178 117.79 106.354 84.9665 21.3874 20.5377
internal_count=617 137 480 433 345 88 84
is_linear=0
shrinkage=0.03


Tree=13
num_leaves=10
num_cat=0
split_feature=10 28 10 36 28 10 19 1 16
split_gain=9.91377 7.85576 9.39696 13.992 6.00948 5.8691 5.48865 4.73361 0.499918
threshold=-0.025985881188690049 8.5000000000000018 0.017607286447642981 0.0060975328082584759 6.5000000000000009 0.058538786050069132 0.13826199387362217 -0.016679926748345172 -23.017118053331863
decision_type=2 2 2 2 2 2 2 2 2
left_child=4 2 3 -2 -1 -4 7 -3 -6
right_child=1 6 5 -5 8 -7 -8 -9 -10
leaf_value=0 -0.0018529483911224032 0 -0.01323694219085072 0.032733431303143032 0.029660814245121694 0.01256382719112518 0.0028275630798920296 -0.02756817183327805 0.011038062008003178
leaf_weight=13.897325873374937 22.224075332283974 7.3324281126260784 30.000822067260742 16.497796267271042 13.401032462716101 8.2561784386634809 11.48479028046131 18.952691659331322 8.9018637239933032
leaf_count=56 91 30 124 67 54 34 47 78 36
internal_value=0.0020699 -0.00218742 0.00317647 0.0133985 0.0153656 -0.00694876 -0.0131067 -0.0203068 0.0243651
internal_weight=150.949 114.749 76.9789 38.7219 36.2002 38.257 37.7699 26.2851 22.3029
internal_count=617 471 316 158 146 158 155 108 90
is_linear=0
shrinkage=0.03


Tree=14
num_leaves=9
num_cat=0
split_feature=10 21 10 16 13 35 36 35
split_gain=9.39341 7.98712 9.77324 8.81837 7.13024 5.29806 14.4722 3.23016
threshold=-0.025985881188690049 0.015400616121045001 0.0043454119166735925 -13.770153838168062 -1.211262133170887 0.014264515893543829 0.0074235845784227919 0.048026981734366044
decision_type=2 2 2 2 2 2 2 2
left_child=5 -2 3 -3 -4 6 -1 -7
right_child=1 2 4 -5 -6 7 -8 -9
leaf_value=-0.021958489349799239 -0.02471053198030974 -0.0056010182914924744 0.0044133478465549873 0.022645088901324297 -0.014734380262560179 0.036514315110977025 0.027032355660709047 0.0074629448528808484
leaf_weight=8.9277179837226885 10.591014221310614 13.744689971208571 28.552201569080353 24.394880935549736 37.374054208397865 9.6761783361434954 8.6949356496334058 8.9317046105861646
leaf_count=36 44 56 117 99 155 39 35 36
internal_value=0.00202872 -0.00211661 0.000463989 0.0123202 -0.00633503 0.014964 0.00174049 0.0253753
internal_weight=150.887 114.657 104.066 38.1396 65.9263 36.2305 17.6227 18.6079
internal_count=617 471 427 155 272 146 71 75
is_linear=0
shrinkage=0.03


Tree=15
num_leaves=11
num_cat=0
split_feature=10 28 36 35 10 18 32 35 35 16
split_gain=9.11113 12.8873 11.393 17.8515 10.4816 10.9857 8.08282 6.59163 3.74775 5.19753
threshold=-0.025985881188690049 8.5000000000000018 0.0072988205354130925 0.0052147498903151188 0.017607286447642981 0.26878587007382326 0.0077612012648495829 0.046226040366996408 -0.0062652754999019114 16.683787899695616
decision_type=2 2 2 2 2 2 2 2 2 2
left_child=2 4 3 -1 5 -2 -6 -5 -3 -10
right_child=1 8 -4 7 6 -7 -8 -9 9 -11
leaf_value=-0.029584651955314106 -0.012770941926664801 -0.034323961289882569 0.036221923451496586 0.033775954040414141 0.0010082367544957112 0.021667012231564059 -0.026816396189295842 0 -0.017926613993951703 0.0080137503710985894
leaf_weight=8.907550662755968 9.0920554846525174 8.899080425500868 10.458074882626532 8.9338054507970828 26.235131949186325 30.894046947360039 11.760751217603682 9.176547557115553 21.971278324723247 7.5200050026178351
leaf_count=36 37 37 42 36 108 126 49 37 90 31
internal_value=0 -0.00419878 0.0124442 0.000861205 0.00269453 0.0132439 -0.00813949 0.0180348 -0.0180125 -0.0107469
internal_weight=153.848 116.372 37.476 27.0179 77.982 39.9861 37.9959 18.1104 38.3904 29.4913
internal_count=629 478 151 109 320 163 157 73 158 121
is_linear=0
shrinkage=0.03


Tree=16
num_leaves=11
num_cat=0
split_feature=12 28 10 33 37 21 25 21 38 15
split_gain=11.662 7.22833 14.9139 12.7629 10.9592 7.99465 5.29314 4.92523 4.67837 2.5975
threshold=52.544923159562082 8.5000000000000018 -0.029284698628947444 0.28691278637002732 0.0042914854966554792 0.017640902154449245 0.47015366430260053 0.025196370352848274 0.0086866232559700395 39.489442215389474
decision_type=2 2 2 2 2 2 2 2 2 2
left_child=1 3 -3 4 -1 -5 7 9 -4 -2
right_child=6 2 8 5 -6 -7 -8 -9 -10 -11
leaf_value=0.018744849596603559 -0.028127881690968522 0.021114798740739887 -0.027383882355797789 0 -0.017099531471378715 0.037094476798818964 0.0079257558103686104 0.00019612358702797482 -0.0012559597236979612 -0.0093970626709525135
leaf_weight=11.914453506469728 17.162662744522095 12.935343801975248 13.035398304462435 7.3164475858211544 15.040613919496534 19.089013874530792 9.9704942554235441 14.183883130550383 12.970048010349272 20.114339306950569
leaf_count=48 72 52 54 30 61 77 41 58 53 83
internal_value=0 0.00664469 -0.00281315 0.01367 -0.000537459 0.0277178 -0.00999136 -0.01391 -0.0159087 -0.019396
internal_weight=153.733 92.3013 38.9408 53.3605 26.9551 26.4055 61.4314 51.4609 26.0054 37.277
internal_count=629 375 159 216 109 107 254 213 107 155
is_linear=0
shrinkage=0.03


Tree=17
num_leaves=10
num_cat=0
split_feature=12 18 39 12 28 25 4 18 1
split_gain=11.0389 7.45852 9.78446 8.70738 7.37048 5.04162 4.37759 3.64571 2.54879
threshold=52.544923159562082 0.18050343335459737 1.0000000180025095e-35 33.100127978548372 8.5000000000000018 0.47015366430260053 0.082400426415485964 0.079573663724150756 0.021540923885407074
decision_type=2 2 2 2 2 2 2 2 2
left_child=1 3 -3 7 -4 6 8 -1 -2
right_child=5 2 4 -5 -6 -7 -8 -9 -10
leaf_value=0.019704067434046724 -0.02260071682056488 0.038534883462762119 0.015296632408875901 -0.023095095691962862 -0.0061135199117381134 0.0077198721093415237 0 -0.0052885367577337255 -0.0011423387548283978
leaf_weight=8.6882419139146858 29.402502164244652 8.8954358249902707 32.346409097313881 12.370988339185713 22.298402070999146 9.9824619889259321 13.943030640482901 7.6569864153861991 7.9798035472631446
leaf_count=35 122 36 131 51 91 41 58 31 33
internal_value=0 0.0064645 0.0121557 -0.00561166 0.0063878 -0.00973207 -0.0135699 0.00787837 -0.0186916
internal_weight=153.564 92.2565 63.5402 28.7162 54.6448 61.3078 51.3253 16.3452 37.3823
internal_count=629 375 258 117 222 254 213 66 155
is_linear=0
shrinkage=0.03


Tree=18
num_leaves=12
num_cat=0
split_feature=4 18 28 10 10 35 5 15 15 26 14
split_gain=10.6015 10.5212 8.61771 6.97498 6.94363 6.89291 6.45499 5.14867 4.97381 3.36886 2.74387
threshold=-0.010968766495513203 0.21590522413280575 8.5000000000000018 0.017607286447642981 -0.020164942670093052 0.01235924431332547 0.045998176799258446 45.543864335419968 -21.79321955689981 0.20923431407302379 -13.028554559532948
decision_type=2 2 2 2 2 2 2 2 2 2 2
left_child=1 4 3 7 5 -1 -4 -2 -5 10 -3
right_child=2 9 6 8 -6 -7 -8 -9 -10 -11 -12
leaf_value=-0.01093584414949675 0.02055551071712771 -0.0015448050435113686 -0.031598835602113413 -0.026616543897030248 -0.023610111515000486 0.018351692877240488 0 -0.006704887222909372 -0.0014148108605692431 0.0286544292089858 0.019573292646894554
leaf_weight=11.075214341282846 16.037587836384777 10.11656938493252 15.90733276307583 8.3016016334295255 8.7018411457538587 13.617164701223372 9.4603222757577878 7.2765669077634803 27.806919708848 17.769556730985641 7.3740280121564856
leaf_count=45 65 41 66 35 36 55 39 30 115 72 30
internal_value=0 0.0085938 -0.00705781 -0.000371047 -0.00308126 0.00481834 -0.0210014 0.0115972 -0.00869528 0.0196255 0.00768385
internal_weight=153.445 68.6544 84.7903 59.4227 33.3942 24.6924 25.3677 23.3142 36.1085 35.2602 17.4906
internal_count=629 279 350 245 136 100 105 95 150 143 71
is_linear=0
shrinkage=0.03


Tree=19
num_leaves=12
num_cat=0
split_feature=12 19 5 37 20 20 36 36 11 33 24
split_gain=10.1685 8.73782 9.81956 7.08398 6.95327 6.82572 4.43826 6.39136 4.15609 3.7925 3.45179
threshold=52.544923159562082 0.10020865917216475 0.003156740020038407 -0.0020099993361910591 0.034011706524692702 0.031953434994350001 0.005142851287573272 0.0047892167367912736 -0.031981928367342365 0.65527510982056458 -0.29903846153846148
decision_type=2 2 2 2 2 2 2 2 2 2 2
left_child=1 2 10 5 6 -3 7 -2 -5 -8 -1
right_child=4 3 -4 8 -6 -7 9 -9 -10 -11 -12
leaf_value=-0.0032355383765843978 -0.016489232157526162 0.041045557575728038 0.015436060929724257 -0.0076021285658365422 0.012693274599198535 0.0063128418500402348 -0.0012733111380802619 0.017211818035522516 0.010722286313650915 -0.024844955180333243 -0.031794944930110647
leaf_weight=8.6477187424898165 8.5953082144260424 10.453815579414369 8.546788811683653 14.836465433239935 8.6334723681211454 12.137082710862158 9.9011309295892698 7.69266253709793 28.681509882211685 26.303717717528343 8.8924744278192538
leaf_count=36 36 42 35 60 35 49 41 32 116 110 37
internal_value=0 0.00619376 -0.00776074 0.0119867 -0.00936638 0.0250263 -0.0136025 0 0.00408592 -0.0191954 -0.0202545
internal_weight=153.322 92.1959 26.087 66.1089 61.1263 22.5909 52.4928 16.288 43.518 36.2048 17.5402
internal_count=629 375 108 267 254 91 219 68 176 151 73
is_linear=0
shrinkage=0.03


Tree=20
num_leaves=10
num_cat=0
split_feature=37 20 10 12 7 4 17 11 23
split_gain=12.4657 10.2295 6.30849 5.20101 8.16173 4.53692 6.89959 3.86515 2.00486
threshold=-0.0044608297766307028 0.025735764680941266 -0.026936911937400495 67.64581705158956 0.010805104417088558 -0.026646647673823683 1.5930875456480644 0.048635428603804771 0.86502238275712073
decision_type=2 2 2 2 2 2 2 2 2
left_child=2 7 -1 4 -3 -4 -7 8 -2
right_child=1 3 5 -5 -6 6 -8 -9 -10
leaf_value=0.027576035489728944 -0.0066511067267103364 -0.0024245999823373434 -0.013062542210633783 -0.01573199384931866 0.021545455641805884 0.021598690179065478 -0.009480037657323484 0 -0.027595416968247421
leaf_weight=13.642564937472342 9.3551755547523481 42.557556882500648 8.3063052296638507 12.505640149116514 15.61470454931259 15.145276442170145 8.0295820534229261 7.4519241601228705 22.671926483511925
leaf_count=55 39 173 34 52 64 62 33 31 95
internal_value=-0.00102993 -0.00654401 0.0118193 0.000182723 0.00426247 0.00330359 0.0103371 -0.0183764 -0.0226689
internal_weight=155.281 110.157 45.1237 70.6779 58.1723 31.4812 23.1749 39.479 32.0271
internal_count=638 454 184 289 237 129 95 165 134
is_linear=0
shrinkage=0.03


Tree=21
num_leaves=10
num_cat=0
split_feature=37 20 18 12 12 26 11 3 21
split_gain=11.7972 9.72116 6.98515 13.2511 4.94178 5.52717 3.69663 2.98837 1.77539
threshold=-0.0044608297766307028 0.025735764680941266 0.15235548570239013 46.704438452319813 67.64581705158956 0.31274253583590722 0.048635428603804771 0.024527086379219746 0.019352417665352114
decision_type=2 2 2 2 2 2 2 2 2
left_child=2 6 -1 -4 5 -3 8 -5 -2
right_child=1 4 3 7 -6 -7 -8 -9 -10
leaf_value=-0.0076371433018455094 -0.027985879629970404 -0.0026955526820619663 0.040821524063783768 0.010495217159379009 -0.015365453716688219 0.015552887417832763 0 -0.010297161553246691 -0.0087913190934722184
leaf_weight=10.770624399185179 19.893710836768154 36.522562220692635 12.117316618561743 14.7298431545496 12.468123391270636 21.681198269128799 7.4519241601228705 7.5121237784624091 11.997685998678206
leaf_count=44 84 149 49 60 52 88 31 31 50
internal_value=-0.00100605 -0.00637851 0.0114873 0.0179851 0.000167357 0.00414378 -0.0179389 0.00258376 -0.0221523
internal_weight=155.145 110.015 45.1299 34.3593 70.6719 58.2038 39.3433 22.242 31.8914
internal_count=638 454 184 140 289 237 165 91 134
is_linear=0
shrinkage=0.03


Tree=22
num_leaves=11
num_cat=0
split_feature=37 20 18 12 40 40 32 34 28 32
split_gain=11.1882 9.2394 6.63902 12.6766 4.80063 8.0644 4.03053 3.70283 3.47574 2.68382
threshold=-0.0044608297766307028 0.025735764680941266 0.15235548570239013 49.501260388357167 0.023709628993975777 0.071665812940453169 -0.0040925483990171809 0.0043532314981906692 6.5000000000000009 -0.0056799569179455936
decision_type=2 2 2 2 2 2 2 2 2 2
left_child=2 7 -1 -4 6 -6 -3 -2 -5 -9
right_child=1 4 3 8 5 -7 -8 9 -10 -11
leaf_value=-0.0074488642748262871 -0.0020181555072848307 0.0058179406229313382 0.034669969150857884 0.013086257732530467 0.014391515166077277 -0.013159349160951366 -0.016303650357367094 -0.0046267773918888854 -0.011175364124824637 -0.029357211046649748
leaf_weight=10.762259244918821 12.336476489901541 8.8709402680397051 16.772734418511391 7.3573142290115383 31.435892924666405 11.106685280799864 19.23653519153595 7.8356716483831432 10.216646924614905 19.030540823936462
leaf_count=44 51 36 68 30 128 46 79 33 42 81
internal_value=-0.000983648 -0.00622343 0.0111807 0.0175195 0.00014771 0.00659409 -0.008901 -0.0175192 0 -0.0234844
internal_weight=154.962 109.853 45.109 34.3467 70.6501 42.5426 28.1075 39.2027 17.574 26.8662
internal_count=638 454 184 140 289 174 115 165 72 114
is_linear=0
shrinkage=0.03


Tree=23
num_leaves=6
num_cat=0
split_feature=40 21 23 40 14
split_gain=8.55984 7.63515 7.63538 7.44368 2.80625
threshold=0.071665812940453169 0.015225627284733896 1.3052869923771955 -0.047575993634514584 52.750594402852592
decision_type=2 2 2 2 2
left_child=1 -1 3 -3 -2
right_child=4 2 -4 -5 -6
leaf_value=-0.020058255812333871 -0.0036077593776543686 0.026893939267458439 -0.016140580145029722 0.0034623433506452222 -0.02904385722701925
leaf_weight=11.034644484519957 9.1392271518707293 12.530329048633574 12.766808673739432 99.611901625990868 9.682999983429907
leaf_count=47 38 51 52 409 41
internal_value=-0.000967755 0.00165137 0.0039733 0.00663727 -0.0189464
internal_weight=154.766 135.944 124.909 112.142 18.8222
internal_count=638 559 512 460 79
is_linear=0
shrinkage=0.03


Tree=24
num_leaves=11
num_cat=0
split_feature=37 20 10 40 40 15 28 11 11 34
split_gain=10.2888 8.70557 5.78956 4.60798 7.4033 4.37255 4.02106 7.3142 3.54802 3.85518
threshold=-0.0044608297766307028 0.025735764680941266 -0.026936911937400495 0.023709628993975777 0.071665812940453169 -61.16070620888901 8.5000000000000018 -0.035061779387516638 0.048635428603804771 0.0043532314981906692
decision_type=2 2 2 2 2 2 2 2 2 2
left_child=2 8 -1 5 -5 -3 7 -4 9 -2
right_child=1 3 6 4 -6 -7 -8 -9 -10 -11
leaf_value=0.025828015050952158 -0.003470084940137415 0.0077244857826709173 -0.0061391786517509591 0.013946056543264316 -0.012472556115491064 -0.015915534476753427 -0.0094534878604748841 0.027169692169872663 0 -0.028126666767969093
leaf_weight=13.559237852692602 10.379197701811792 7.903235316276553 9.5817409157753008 31.482521563768387 11.046171113848684 20.167872697114944 12.095074281096457 9.828342556953432 7.4180192649364463 21.201910555362701
leaf_count=55 43 32 39 128 46 83 50 40 31 91
internal_value=-0.000957273 -0.00599339 0.0107063 0.000177878 0.00649536 -0.00868994 0.00259728 0.0109887 -0.0169948 -0.0211592
internal_weight=154.663 109.599 45.0644 70.5998 42.5287 28.0711 31.5052 19.4101 38.9991 31.5811
internal_count=638 454 184 289 174 115 129 79 165 134
is_linear=0
shrinkage=0.03


Tree=25
num_leaves=12
num_cat=0
split_feature=37 40 37 12 25 21 36 23 32 4 24
split_gain=11.609 9.4321 12.3224 7.82114 6.70986 4.0573 10.0992 6.57833 4.05609 3.17427 2.51394
threshold=-0.0044608297766307028 0.033994729897033234 0.055450841841269922 39.817429406037007 0.067149758454106298 0.020882523989847936 0.0075528760355793477 0.98423061097602582 -0.0018758475454547228 0.036389259483870513 -0.10961321287408242
decision_type=2 2 2 2 2 2 2 2 2 2 2
left_child=5 3 4 -2 -3 10 7 -7 -4 -5 -1
right_child=1 2 8 9 -6 6 -8 -9 -10 -11 -12
leaf_value=0.036014254813409009 0.0052754830185673725 -0.0074895852118638667 0.00043514916185579121 -0.025836583192382537 0.020792729181883237 0.0096377444318481373 0.028012377509272792 -0.022805552703593732 -0.02413825268966761 -0.0049971190189827645 0.0091819449403594319
leaf_weight=7.6605696380138424 12.822161316871641 7.9868283271789542 8.6880066096782702 26.550090193748474 28.329556256532669 8.3174848109483772 8.8064163327217084 9.8622215390205366 11.581494152545927 12.59193281829357 10.487245395779608
leaf_count=31 52 33 36 111 116 34 36 40 49 53 43
internal_value=0.00070332 -0.00452018 0.00371513 -0.0135712 0.014115 0.0132431 0.00454101 -0.00773486 -0.0138388 -0.020066 0.0237036
internal_weight=153.684 108.55 56.5859 51.9642 36.3164 45.1339 26.9861 18.1797 20.2695 39.142 18.1478
internal_count=634 450 234 216 149 184 110 74 85 164 74
is_linear=0
shrinkage=0.03


Tree=26
num_leaves=8
num_cat=0
split_feature=20 18 39 35 6 24 23
split_gain=10.7099 7.59496 6.64657 10.8648 7.06395 5.42167 4.83208
threshold=0.035924589242775605 0.1983132326182048 1.0000000180025095e-35 0.047014515513737039 0.027074318739839721 -0.1287254901960784 1.0958728122976542
decision_type=2 2 2 2 2 2 2
left_child=2 -2 5 4 -4 -1 -5
right_child=1 -3 3 6 -6 -7 -8
leaf_value=0.029515198584179728 -0.0021873247707915652 0.030040224739647139 0.0029902355287003456 -0.028905495401997168 -0.022759899162771255 0 0
leaf_weight=7.3989260792732265 8.9195048958063143 15.216481506824492 74.491513431072235 19.257318153977398 8.9533283263444883 12.179702147841452 7.1189371347427359
leaf_count=30 36 62 308 80 38 50 30
internal_value=0.000694395 0.0183005 -0.00270396 -0.00570096 -6.51766e-05 0.0123821 -0.0217407
internal_weight=153.536 24.136 129.4 109.821 83.4448 19.5786 26.3763
internal_count=634 98 536 456 346 80 110
is_linear=0
shrinkage=0.03


Tree=27
num_leaves=11
num_cat=0
split_feature=19 37 40 37 12 21 21 34 13 32
split_gain=11.2971 7.70023 7.8954 8.32741 6.39021 4.02091 6.48048 3.72908 4.64683 0.853186
threshold=0.10020865917216475 -0.0044608297766307028 0.021125035640814142 0.059181340584894666 39.817429406037007 0.020882523989847936 0.031399215916180286 -0.0057935078812141319 -3.6510423931905645 -0.0013196301787000706
decision_type=2 2 2 2 2 2 2 2 2 2
left_child=7 5 4 -4 -3 -2 -7 -1 -9 -10
right_child=1 2 3 -5 -6 6 -8 8 9 -11
leaf_value=0.0023703604666230312 0.031810834647010698 0.0074107836881704683 0.012992979592078088 -0.013200375119237077 -0.021718996202150412 -0.0049487060730630181 0.023744900021104236 0 -0.0097259928728897008 -0.031058696682510309
leaf_weight=8.6119873821735364 10.12530994415283 7.9273019134998348 43.097906783223152 12.134252056479452 18.629995554685593 13.295075744390489 10.732357174158095 8.6309865862131137 7.5696841329336193 12.65398760139942
leaf_count=36 41 32 176 51 78 54 44 36 32 54
internal_value=0.000671772 0.00540298 0.000117975 0.00671613 -0.0125885 0.016938 0.00813133 -0.0131209 -0.0180846 -0.0253427
internal_weight=153.409 115.942 81.7895 55.2322 26.5573 34.1527 24.0274 37.4666 28.8547 20.2237
internal_count=634 476 337 227 110 139 98 158 122 86
is_linear=0
shrinkage=0.03


Tree=28
num_leaves=10
num_cat=0
split_feature=37 20 38 24 28 20 24 37 21
split_gain=10.4418 11.7681 5.66428 6.39063 4.65919 3.10051 2.3384 1.58576 1.45194
threshold=-0.0044608297766307028 0.035924589242775605 0.0092596314845420965 -0.32753300330032997 8.5000000000000018 0.027073591738192546 0.59632683658170926 -0.023556387868410463 0.021991140651809207
decision_type=2 2 2 2 2 2 2 2 2
left_child=4 2 3 -2 6 -4 8 -6 -1
right_child=1 -3 5 -5 7 -7 -8 -9 -10
leaf_value=0.033258184817800664 -0.014339472689930651 0.020866570281175653 -0.027821582717591473 0.005224682192426079 -0.0093691957682742102 -0.0079221502031910744 0.0016628976741712288 0.0075656403032060924 0.011560510731442437
leaf_weight=9.8686481267213875 21.81400740146637 12.375508382916449 14.183342844247816 37.73237344622612 7.5244309306144705 22.076626002788544 7.3555018901824942 8.3271346390247327 11.96829207241535
leaf_count=40 92 50 60 157 31 91 30 34 49
internal_value=0.00064908 -0.00431022 -0.00807592 -0.00193173 0.0125555 -0.0171455 0.0192921 0 0.0239632
internal_weight=153.226 108.182 95.8063 59.5464 45.044 36.26 29.1924 15.8516 21.8369
internal_count=634 450 400 249 184 151 119 65 89
is_linear=0
shrinkage=0.03


Tree=29
num_leaves=9
num_cat=0
split_feature=19 20 2 37 9 13 32 18
split_gain=10.5364 7.28053 8.36236 5.90459 4.60847 3.59879 1.51357 1.23482
threshold=0.10020865917216475 0.024459190303318442 0.043771236016666777 -0.0007608606752480539 0.0070409053596164764 -2.6294940069676005 1.0000000180025095e-35 0.33302019109877651
decision_type=2 2 2 2 2 2 2 2
left_child=5 4 3 -3 -2 7 -7 -1
right_child=1 2 -4 -5 -6 6 -8 -9
leaf_value=-0.0083477211186516898 0.0025648562611906003 0.021403927708620214 -0.013758708794570768 0.0049450637586418052 -0.027035049620387271 -0.0061533519483793018 -0.026032291482677588 0.0072027629481072686
leaf_weight=7.109376907348631 7.2242844551801664 32.449941605329514 11.429385170340536 57.241132080554962 7.4470312297344208 9.4849418997764605 13.514949783682821 7.1856948286294937
leaf_count=30 30 132 48 234 32 40 58 30
internal_value=0.000640683 0.00521091 0.00819958 0.0114004 -0.0130009 -0.01271 -0.0195825 0
internal_weight=153.087 115.792 101.12 89.6911 14.6713 37.295 22.9999 14.2951
internal_count=634 476 414 366 62 158 98 60
is_linear=0
shrinkage=0.03


Tree=30
num_leaves=10
num_cat=0
split_feature=10 20 26 23 34 15 11 38 1
split_gain=11.4913 6.7964 6.66635 5.61262 6.59187 4.28051 3.89767 3.81127 0.873176
threshold=-0.022092066368646909 0.036670775883984728 0.32163382594417084 0.839501604143156 0.0099029970948658636 -36.742074446601499 -0.051761324505857402 0.008623804885232093 -0.0024515849535791663
decision_type=2 2 2 2 2 2 2 2 2
left_child=2 3 5 7 -5 6 -1 -2 -4
right_child=1 -3 8 4 -6 -7 -8 -9 -10
leaf_value=0.010327950066559531 -0.0016054513038597927 0.018052978453398573 0.012756209434995726 -0.012194458629955518 0.0057438321240462923 0.019320617785677674 -0.014349198953787546 -0.02689544762093847 0.037327698490673494
leaf_weight=7.5896561294794109 10.048498615622522 8.8765619993209821 8.162467345595358 30.49673093855381 39.748382046818733 8.5629530102014559 11.557006806135176 15.472854524850844 7.5864892154932013
leaf_count=31 42 36 33 127 167 35 47 65 31
internal_value=0.00107697 -0.00421419 0.0137723 -0.00675864 -0.00195839 0.00365512 -0.00380631 -0.0183234 0.0283102
internal_weight=148.102 104.643 43.4586 95.7665 70.2451 27.7096 19.1467 25.5214 15.749
internal_count=614 437 177 401 294 113 78 107 64
is_linear=0
shrinkage=0.03


Tree=31
num_leaves=12
num_cat=0
split_feature=28 8 36 33 34 36 40 32 17 1 40
split_gain=7.8784 13.8653 11.3213 9.59223 9.3377 8.31222 7.73069 6.11071 5.59284 1.01989 0.635809
threshold=8.5000000000000018 -0.0089162654556074871 0.0071638962918784792 0.81909241929694232 0.0099029970948658636 0.0055382943536720179 0.076415355734515203 -0.0052653562363113573 4.9792420475300441 0.016869651325208127 0.042637207193489186
decision_type=2 2 2 2 2 2 2 2 2 2 2
left_child=2 5 4 10 8 -2 -6 -3 -1 -9 -4
right_child=1 7 3 -5 6 -7 -8 9 -10 -11 -12
leaf_value=-0.022203436958837277 0.025140253840701565 0 0.033312313900633259 -0.0041630170474532494 0.016182249174302728 -0.0071516792174356287 -0.014779044619951179 -0.036890865655151275 0.0049060827647563303 -0.012065427949140176 0.012250806323022539
leaf_weight=19.612586542963985 10.924804374575617 7.2538482248783138 17.221792668104175 9.6811910569667798 26.844241604208946 13.589324355125425 7.494142308831214 12.398801803588869 7.9354156106710425 7.1377659142017356 7.8743570148944846
leaf_count=81 45 30 71 40 111 56 32 53 33 30 32
internal_value=0.00106772 -0.0081205 0.00616217 0.0193778 -0.00140373 0.00748443 0.00857084 -0.0224485 -0.0140832 -0.03048 0.0286495
internal_weight=147.968 51.3045 96.6637 34.7773 61.8864 24.5141 34.3384 26.7904 27.548 19.5366 25.0961
internal_count=614 214 400 143 257 101 143 113 114 83 103
is_linear=0
shrinkage=0.03


Tree=32
num_leaves=9
num_cat=0
split_feature=19 36 28 36 19 21 21 6
split_gain=9.2388 8.2751 7.63903 8.54251 7.52803 12.0027 5.81812 1.26781
threshold=0.10020865917216475 0.0085586150258135565 8.5000000000000018 0.0055382943536720179 0.12411828309957433 0.021710996260828366 0.018450121207500232 -0.0095704179064319151
decision_type=2 2 2 2 2 2 2 2
left_child=2 4 3 -1 5 -2 -6 -4
right_child=1 -3 7 -5 6 -7 -8 -9
leaf_value=-0.016266365631756003 0.028724592253621711 0.025497972639492144 -0.0094093989434064183 0.019451608762370082 -0.021102904849836894 -0.011702811258431256 0.00072131116393960341 -0.033713632374390914
leaf_weight=10.394269168376924 17.313948467373852 14.008784979581831 7.5627619624137905 9.6649403572082502 11.103275030851362 8.0545763969421369 60.868259772658348 8.8313628286123258
leaf_count=44 71 58 32 40 46 33 251 39
internal_value=0.00102995 0.00541814 -0.0115686 0.000466569 0.00192217 0.0154235 -0.00292233 -0.0255595
internal_weight=147.802 111.349 36.4533 20.0592 97.3401 25.3685 71.9715 16.3941
internal_count=614 459 155 84 401 104 297 71
is_linear=0
shrinkage=0.03


Tree=33
num_leaves=11
num_cat=0
split_feature=10 28 35 36 21 11 34 32 25 36
split_gain=10.6041 17.4801 10.2969 17.0149 9.51575 9.99205 6.12396 6.01178 4.19136 2.96562
threshold=-0.022092066368646909 8.5000000000000018 0.011228178378254518 0.0079420476435848059 0.018099906639180516 -0.039227644040377367 0.020930528714567468 -0.0078730950095406965 0.25432624113475183 0.0054978643801710412
decision_type=2 2 2 2 2 2 2 2 2 2
left_child=2 4 3 -1 6 -6 -2 -3 -4 -9
right_child=1 7 8 -5 5 -7 -8 9 -10 -11
leaf_value=-0.021961391825837274 -0.028757860367329805 0.00018558944608619519 0.036862293108788316 0.027655824903857078 -0.007942933011400902 0.018739750714364428 0.0039057824964285359 -0.0092204473640279897 0.0062394949908542692 -0.03552032148349845
leaf_weight=13.065577998757364 8.9887942373752612 7.7254972159862509 13.090092271566393 8.5532555878162366 16.203845173120499 37.863686114549637 7.639603078365325 9.4354257285594958 8.6096423566341382 16.476371109485626
leaf_count=53 38 32 53 36 68 156 32 40 35 71
internal_value=0.000986358 -0.00409883 0.0132055 -0.00101623 0.00425168 0.0104774 -0.0141378 -0.0213238 0.0268971 -0.0278279
internal_weight=147.652 104.333 43.3186 21.6188 70.6959 54.0675 16.6284 33.6373 21.6997 25.9118
internal_count=614 437 177 89 294 224 70 143 88 111
is_linear=0
shrinkage=0.03


Tree=34
num_leaves=11
num_cat=0
split_feature=28 33 36 33 3 37 36 21 32 37
split_gain=6.80758 11.5668 10.1165 9.0384 8.50306 6.73555 5.91596 5.79653 5.07031 3.77132
threshold=8.5000000000000018 0.39833497919338123 0.0071638962918784792 0.81909241929694232 -0.0032376299761883161 -0.0020099993361910591 0.0058625641493879341 0.021393671093991633 -0.002841433765982115 0.039387616863382664
decision_type=2 2 2 2 2 2 2 2 2 2
left_child=2 6 4 9 5 -1 -2 -6 -3 -4
right_child=1 8 3 -5 7 -7 -8 -9 -10 -11
leaf_value=0.0087172038539322615 0.02015832485054226 -0.0017582406539342888 0.034571376175526386 -0.0045280396467148008 0.016085672303810916 -0.021187650229868162 -0.0066376536413539737 -0.0097538586196518565 -0.030689659713965919 0.0052531611962467395
leaf_weight=7.3834284394979504 12.097999796271326 9.8477393239736575 17.398295149207119 9.6950545459985715 23.935667812824249 21.635150209069252 12.978866517543791 8.8462076932191831 15.990459218621252 7.6247052401304236
leaf_count=30 50 41 72 40 100 90 54 37 69 31
internal_value=0.000953398 -0.00761947 0.00569085 0.018199 -0.00145102 -0.0130237 0.00626984 0.00852169 -0.0211203 0.0272429
internal_weight=147.434 50.9151 96.5185 34.7181 61.8005 29.0186 25.0769 32.7819 25.8382 25.023
internal_count=614 214 400 143 257 120 104 137 110 103
is_linear=0
shrinkage=0.03


Tree=35
num_leaves=10
num_cat=0
split_feature=20 21 21 32 20 20 22 11 8
split_gain=5.19194 4.0826 9.46245 7.33265 6.43633 5.07219 4.02515 3.04205 2.13532
threshold=0.039842967178536449 0.021020130945387645 0.017444120024458418 -0.0024632566197436141 0.026989548796575658 0.027816441780023436 0.22601598395311509 -0.02626164957445903 -0.010864093143607085
decision_type=2 2 2 2 2 2 2 2 2
left_child=1 2 4 6 -1 -4 -3 -2 -5
right_child=7 3 5 8 -6 -7 -8 -9 -10
leaf_value=-0.018242667449928893 0.00030586526024123161 0.011706431904523751 0.01742632282567317 -0.0010331632322782031 0.010218528704196242 -0.0016627550851940397 -0.011230443280855868 0.027698126144724829 -0.020731722427709941
leaf_weight=21.632672816514972 7.9790881872177124 18.300666853785518 32.799217149615288 8.392991751432417 7.9983961433172217 16.969153255224228 8.0420845150947553 7.294970437884329 24.528053045272827
leaf_count=93 33 75 136 34 33 70 33 30 104
internal_value=0.000356516 -0.00145675 0.00283696 -0.00735897 -0.0099255 0.0108151 0.00387652 0.0159491 -0.016486
internal_weight=153.937 138.663 79.3994 59.2638 29.6311 49.7684 26.3428 15.2741 32.921
internal_count=641 578 332 246 126 206 108 63 138
is_linear=0
shrinkage=0.03


Tree=36
num_leaves=10
num_cat=0
split_feature=36 19 0 21 37 21 28 8 9
split_gain=5.1875 11.194 8.15365 4.92053 9.90187 16.1218 6.58949 5.89052 4.02674
threshold=0.0071638962918784792 0.10213058225334189 0.017263779028057539 0.021853265962584394 -0.0067962583918638733 0.017859860044039045 6.5000000000000009 -0.0049975334551157109 0.010794702463506308
decision_type=2 2 2 2 2 2 2 2 2
left_child=3 -2 8 4 -1 -6 -5 -8 -3
right_child=1 2 -4 6 5 -7 7 -9 -10
leaf_value=0.026410373214204454 -0.017061224338881627 0.033172623912598141 -0.0092628750170538881 -0.026544000812660402 -0.023525851488839206 0.0087659249988118609 0.011782017668362134 -0.0145807213367728 0.0089163277160380448
leaf_weight=10.084834948182104 9.9776734560728055 15.093126654624941 7.4530902802944174 14.027367562055586 20.385191813111305 34.238375216722488 12.73571839928627 13.557901963591576 16.239175781607628
leaf_count=41 43 62 31 58 88 142 52 57 67
internal_value=0.000348358 0.00832759 0.0157431 -0.00330248 0.00165192 -0.00342557 -0.0113102 -0.00135115 0.0223402
internal_weight=153.792 48.7631 38.7854 105.029 64.7084 54.6236 40.321 26.2936 31.3323
internal_count=641 203 160 438 271 230 167 109 129
is_linear=0
shrinkage=0.03


Tree=37
num_leaves=11
num_cat=0
split_feature=36 19 18 21 21 5 26 12 9 5
split_gain=4.90171 10.6429 7.11588 4.68174 7.31727 5.64117 5.47559 5.00645 3.09828 2.45212
threshold=0.0071638962918784792 0.10213058225334189 0.79693534500873031 0.021853265962584394 0.017444120024458418 -0.098966599472172387 0.49852071005917165 41.924128535635013 0.021197359157752813 0.045998176799258446
decision_type=2 2 2 2 2 2 2 2 2 2
left_child=3 -2 8 4 7 -5 -6 -1 -3 -7
right_child=1 2 -4 5 6 9 -8 -9 -10 -11
leaf_value=0.0029993953934138312 -0.016692299748065149 0.029013190432040519 -0.0066480272605713873 0.0067080322001617778 0.002643613641820048 -0.022276831705895297 0.02866427036240049 -0.023017349951240339 0.0060013832424631866 -0.0011432038835055155
leaf_weight=10.053912386298181 9.9370713233947736 19.188568517565731 8.389121085405348 9.8199248462915403 34.254784524440765 21.94493988156319 8.073390066623686 12.259006738662718 11.184472754597662 8.4634420126676542
leaf_count=42 43 79 35 40 142 91 33 54 46 36
internal_value=0.000334244 0.00809773 0.0153281 -0.00321468 0.00161372 -0.0110374 0.00901436 -0.0113952 0.021897 -0.0172912
internal_weight=153.569 48.6992 38.7622 104.869 64.6411 40.2283 42.3282 22.3129 30.373 30.4084
internal_count=641 203 160 438 271 167 175 96 125 127
is_linear=0
shrinkage=0.03


Tree=38
num_leaves=11
num_cat=0
split_feature=37 12 17 14 0 11 36 14 8 0
split_gain=5.03496 7.55329 7.18236 6.30591 5.15781 4.38965 5.92627 4.59933 2.6704 1.24738
threshold=0.0042914854966554792 41.175945081813062 -4.4160223435521706 -35.796657270109556 -0.017825487370050182 -0.031981928367342365 0.0068428575992175245 73.506344906295013 -0.049166571700976783 -0.02820563481102811
decision_type=2 2 2 2 2 2 2 2 2 2
left_child=1 8 -3 -4 9 6 -6 -7 -1 -2
right_child=4 2 3 -5 5 7 -8 -9 -10 -11
leaf_value=0.0062881181066276734 -0.0044370802096236391 0.017043202372380665 0.010050761935609075 -0.019175741172964809 -0.022934077589280306 0.010058889067342591 0.0049868614726931628 -0.0065405307511846042 0.033233157361353356 -0.025586695713131609
leaf_weight=8.7983445078134555 7.2773835062980643 12.021667286753653 7.865962669253352 17.226955190300941 13.328902751207353 38.312044605612755 9.9828575402498227 21.152274549007416 8.876026049256323 8.518699109554289
leaf_count=36 30 49 33 72 57 160 42 89 37 36
internal_value=0.00032669 0.00755058 -1.4229e-05 -0.00939473 -0.00360969 -0.000268132 -0.0109355 0.00388951 0.022585 -0.0182795
internal_weight=153.361 54.789 37.1146 25.0929 98.5722 82.7761 23.3118 59.4643 17.6744 15.7961
internal_count=641 227 154 105 414 348 99 249 73 66
is_linear=0
shrinkage=0.03


Tree=39
num_leaves=10
num_cat=0
split_feature=36 19 0 11 17 11 40 23 4
split_gain=4.48391 10.1165 7.72075 5.83563 4.61556 5.24417 5.32116 4.66271 3.02385
threshold=0.0071638962918784792 0.10213058225334189 0.017263779028057539 0.014908187545235487 -6.2166497316418114 0.045377497376622451 0.042002686291530818 1.014746678562469 0.0043793463062493663
decision_type=2 2 2 2 2 2 2 2 2
left_child=4 -2 3 -3 8 7 -7 -6 -1
right_child=1 2 -4 -5 5 6 -8 -9 -10
leaf_value=-0.0036730744205900729 -0.016428075368761265 0.031931545537906357 -0.0094541318437162385 0.0041724962311359528 0.0032613361737492495 -0.00065974116038262313 0.030521226939368026 -0.011929639643029406 -0.028093968649491156
leaf_weight=13.225532978773119 9.904643774032591 17.634717494249347 7.4367576092481604 13.609855592250822 37.400665387511253 8.4151222556829435 7.2810810655355445 30.574589744210243 7.7288934141397467
leaf_count=55 43 73 31 56 156 35 30 129 33
internal_value=0.00031801 0.00775536 0.0148196 0.0212696 -0.00307574 1.51088e-05 0.0147715 -0.00350273 -0.014997
internal_weight=153.212 48.586 38.6813 31.2446 104.626 83.6715 15.6962 67.9753 20.9544
internal_count=641 203 160 129 438 350 65 285 88
is_linear=0
shrinkage=0.03


Tree=40
num_leaves=11
num_cat=0
split_feature=12 36 37 40 11 32 37 37 21 40
split_gain=11.6653 5.75406 6.98453 6.04799 5.48885 4.2641 9.91636 3.07192 3.02712 1.65732
threshold=58.261006509414166 0.0071026271226287954 -0.005362728923539394 -0.020207627171844097 -0.034076963555129729 0.0034802434325109659 0.028672997102101475 0.037179789356520783 0.021020130945387645 0.047254976475725526
decision_type=2 2 2 2 2 2 2 2 2 2
left_child=1 2 8 -3 -4 6 -2 -5 -1 -7
right_child=5 3 4 7 -6 9 -8 -9 -10 -11
leaf_value=0.025733732211444819 0.013422615135459186 -0.001672113162564224 -0.019641608963429015 0.034497406345276725 0.00056996763707940204 -0.029692107869987838 -0.022915118978101497 0.0081250253113365443 0.0017941143568284896 -0.0072580269055188898
leaf_weight=9.1061944514513034 12.678908586502077 10.907035410404204 14.957811668515204 10.944312065839769 37.198170945048332 11.806924358010294 10.340854436159132 10.740526527166365 11.495223119854925 8.6112066060304624
leaf_count=37 53 46 63 45 155 51 44 44 47 37
internal_value=-9.93245e-05 0.00519574 0.000191002 0.0152776 -0.00546084 -0.0129349 -0.00282828 0.0238576 0.0143803 -0.0223914
internal_weight=148.787 105.349 72.7574 32.5919 52.156 43.4379 23.0198 21.6848 20.6014 20.4181
internal_count=622 437 302 135 218 185 97 89 84 88
is_linear=0
shrinkage=0.03


Tree=41
num_leaves=11
num_cat=0
split_feature=12 36 37 11 19 32 37 0 21 18
split_gain=11.1363 5.45098 6.64824 5.22735 4.808 4.08333 9.44671 3.46972 2.87292 0.764867
threshold=58.261006509414166 0.0071026271226287954 -0.005362728923539394 -0.034076963555129729 0.10213058225334189 0.0034802434325109659 0.028672997102101475 0.0086209066626177239 0.021020130945387645 0.91898285620781783
decision_type=2 2 2 2 2 2 2 2 2 2
left_child=1 2 8 -4 -3 6 -2 -6 -1 -7
right_child=5 4 3 -5 7 9 -8 -9 -10 -11
leaf_value=0.025117646578966462 0.013049446986930663 -0.0044377356280613581 -0.019184355646068085 0.00055370068403087997 0.028661803389684107 -0.027117524543891006 -0.022440583554738911 0.0033531853752200168 0.001748175196476711 -0.0077921842725427242
leaf_weight=9.0988266468048113 12.706993430852892 7.0683652460575095 14.903395771980284 37.200989365577698 16.030857041478161 12.754980534315111 10.285868436098097 9.4909237921237928 11.495926156640051 7.5611879974603644
leaf_count=37 53 30 63 155 66 55 44 39 47 33
internal_value=-8.98113e-05 0.0050786 0.000198055 -0.00531519 0.0148911 -0.0126554 -0.00275214 0.0207228 0.0140462 -0.0219402
internal_weight=148.598 105.289 72.6991 52.1044 32.5901 43.309 22.9929 25.5218 20.5948 20.3162
internal_count=622 437 302 218 135 185 97 105 84 88
is_linear=0
shrinkage=0.03


Tree=42
num_leaves=12
num_cat=0
split_feature=10 11 15 13 20 40 10 10 34 38 28
split_gain=9.7741 6.42216 5.86996 5.23183 4.73151 6.26982 6.9443 5.48726 4.06001 3.1484 1.33284
threshold=0.01519222309780255 0.041730722915789505 118.97960333149365 -1.6724863534099474 0.026834478672054168 0.04697245847115817 -0.0088408813361082732 -0.0065919276625834291 0.020930528714567468 0.0077277549065625064 6.5000000000000009
decision_type=2 2 2 2 2 2 2 2 2 2 2
left_child=4 3 -3 -2 7 6 -6 9 -9 -1 -5
right_child=1 2 -4 10 5 -7 -8 8 -10 -11 -12
leaf_value=-0.022544644757047292 -0.00014590881578394331 0.021106424186027831 -0.011475471093755251 -0.03322150967398288 0.012356412513009922 0.030285153056021433 -0.011885871239474459 -0.0028378606545390616 0.02269017938423603 0 -0.011978097913986277
leaf_weight=10.322087407112123 12.404148563742636 7.7266930043697339 7.8199534863233566 11.915152981877329 33.807854220271111 10.292815163731573 12.777995482087134 9.6418804377317446 8.2224220335483533 12.09167569875717 11.329758197069166
leaf_count=44 52 32 33 52 139 42 53 41 35 50 49
internal_value=-8.50087e-05 -0.0105543 0.0044229 -0.0173723 0.00538199 0.0108545 0.00518273 -0.00213908 0.00925834 -0.0118518 -0.0252307
internal_weight=148.352 51.1957 15.5466 35.6491 97.1567 56.8787 46.5858 40.2781 17.8643 22.4138 23.2449
internal_count=622 218 65 153 404 234 192 170 76 94 101
is_linear=0
shrinkage=0.03


Tree=43
num_leaves=10
num_cat=0
split_feature=12 21 21 20 15 32 38 24 33
split_gain=10.1874 5.26133 5.27669 8.57193 4.22877 3.89472 5.09084 4.93241 0.86706
threshold=58.261006509414166 0.033710515389508096 0.020762944435097127 0.026989548796575658 -51.643462627710846 0.0034802434325109659 0.010720142492578711 0.058257918552036207 0.89871103674784669
decision_type=2 2 2 2 2 2 2 2 2
left_child=1 2 3 -1 -4 6 7 -2 -7
right_child=5 -3 4 -5 -6 8 -8 -9 -10
leaf_value=-0.00034961581697812155 0.004067683753593284 0.022479973618221946 0.0060049228164201869 0.023248618126911196 -0.01349916625726604 -0.027734033321415781 0.01482067772116203 -0.025921008487121183 -0.0086630997361313248
leaf_weight=36.960289850831032 7.1506505012512234 11.512171700596808 13.46384124457836 19.016772389411926 24.151243031024933 10.934842526912691 7.401932790875434 8.3557728976011258 9.217349171638487
leaf_count=156 30 48 55 78 100 48 31 36 40
internal_value=-9.45443e-05 0.00484184 0.00209043 0.007934 -0.00618857 -0.0121565 -0.00248379 -0.0123503 -0.021258
internal_weight=148.165 105.104 93.5921 55.9771 37.6151 43.0605 22.9084 15.5064 20.1522
internal_count=622 437 389 234 155 185 97 66 88
is_linear=0
shrinkage=0.03


Tree=44
num_leaves=9
num_cat=0
split_feature=12 35 17 32 37 4 9 18
split_gain=9.70195 5.05645 4.48025 3.74322 8.8651 3.65782 5.87061 0.716394
threshold=58.261006509414166 0.056294619725414836 -3.0556965434437551 0.0034802434325109659 0.028672997102101475 -0.11526186936610998 -0.030120280619906344 0.91898285620781783
decision_type=2 2 2 2 2 2 2 2
left_child=1 5 -3 4 -2 -1 -7 -5
right_child=3 2 -4 7 -6 6 -8 -9
leaf_value=-0.0088083297499347395 0.012842312595085129 0.0049131309762442503 -0.023503096715428204 -0.025855905004808055 -0.021630794128461063 0.017879123529426926 0.0014195683372220009 -0.0071780006731460427
leaf_weight=8.5288647860288602 12.701183363795282 7.5190663486719131 7.95717605948448 12.553500458598139 10.175041243433951 38.37695848941803 42.65656852722168 7.4958907961845389
leaf_count=35 53 31 33 55 44 160 178 33
internal_value=-9.14494e-05 0.00472072 -0.00985658 -0.0118866 -0.0023942 0.00756376 0.00963825 -0.0208376
internal_weight=147.964 105.039 15.4762 42.9256 22.8762 89.5624 81.0335 20.0494
internal_count=622 437 64 185 97 373 338 88
is_linear=0
shrinkage=0.03


Tree=45
num_leaves=12
num_cat=0
split_feature=37 35 10 10 36 16 37 5 18 3 16
split_gain=5.88197 3.93334 4.95261 6.8006 5.87346 4.55639 3.92179 5.24182 2.69192 3.34198 2.25913
threshold=-0.0044608297766307028 0.04592387748776517 0.01519222309780255 -0.04674365428235721 0.0051283570860321129 6.724053587000804 -0.040311691708396095 -0.037892416636606523 0.20887941067595817 0.01889857332398415 -19.286368997795559
decision_type=2 2 2 2 2 2 2 2 2 2 2
left_child=6 2 3 -2 -4 10 7 -1 -8 -10 -3
right_child=1 5 4 -5 -6 -7 8 -9 9 -11 -12
leaf_value=0.013463335841917529 -0.016220563628460753 -0.0047970831637695983 0.010918246792742073 0.011440285488921864 -0.016351810623138497 0.00066231671980306181 0 -0.018313960639076629 0.028238121451953944 0.0013962493279472477 -0.030793760070942089
leaf_weight=7.1729503124952316 7.5752913653850547 7.5402988642454174 7.7656665742397335 41.729672625660896 22.225018262863159 12.76224574446678 7.3113093972206142 7.2894703447818738 14.766339659690859 7.4812559634447089 8.8955472707748431
leaf_count=31 31 31 33 174 96 55 30 30 61 31 38
internal_value=0.000798987 -0.00286024 0.000497743 0.00643141 -0.00858059 -0.0119079 0.00987573 -0.00192125 0.015879 0.0206902 -0.0214951
internal_weight=152.515 108.494 79.2956 49.305 29.9907 29.1981 44.0213 14.4624 29.5589 22.2476 16.4358
internal_count=641 458 334 205 129 124 183 61 122 92 69
is_linear=0
shrinkage=0.03


Tree=46
num_leaves=7
num_cat=0
split_feature=40 40 37 4 16 18
split_gain=6.10226 7.53353 6.71411 6.4066 3.79403 3.7857
threshold=0.071665812940453169 0.056249465035666198 -0.0044608297766307028 0.070766810265990979 18.669500258503533 0.15594016412684139
decision_type=2 2 2 2 2 2
left_child=1 2 5 -4 -2 -1
right_child=4 -3 3 -5 -6 -7
leaf_value=-0.0038017609793870254 -0.00075301088650327988 0.02250639627400847 -0.0085430180648871923 0.014517853138323454 -0.028236508320956952 0.014700095811145324
leaf_weight=11.381654933094977 11.035780727863314 14.011597245931624 65.11379075050354 10.668857321143149 7.5779119282960883 32.602583542466164
leaf_count=47 46 58 275 45 34 136
internal_value=0.000767255 0.0031575 0.000438196 -0.00481379 -0.0143236 0.00962911
internal_weight=152.392 133.778 119.767 75.7826 18.6137 43.9842
internal_count=641 561 503 320 80 183
is_linear=0
shrinkage=0.03


Tree=47
num_leaves=7
num_cat=0
split_feature=40 40 37 10 1 23
split_gain=5.84292 7.13017 6.31559 5.16855 4.33282 4.0178
threshold=0.071665812940453169 0.056249465035666198 -0.0044608297766307028 0.022835215250343158 0.035149826668487878 1.1546819638601555
decision_type=2 2 2 2 2 2
left_child=1 2 5 -2 -4 -1
right_child=3 -3 4 -5 -6 -7
leaf_value=0.014396067725725612 0 0.021896265669686738 -0.0075068094442120471 -0.029467557081759351 0.012472015460323784 -0.0050038832743176742
leaf_weight=33.296954721212387 10.516287162899973 14.025470823049544 66.653972655534744 8.0269102156162244 9.0620511174201948 10.675625577569006
leaf_count=139 44 58 282 36 38 44
internal_value=0.000742773 0.00308149 0.000429817 -0.0140496 -0.00466321 0.00934709
internal_weight=152.257 133.714 119.689 18.5432 75.716 43.9726
internal_count=641 561 503 80 320 183
is_linear=0
shrinkage=0.03


Tree=48
num_leaves=9
num_cat=0
split_feature=12 21 16 10 35 37 4 4
split_gain=5.26155 6.48562 6.76889 8.78981 6.15637 5.93515 7.2171 0.968504
threshold=62.676698371095107 0.033710515389508096 -6.3967018848319306 -0.022092066368646909 0.0087343649833020471 0.040063327570842418 0.093846896636971114 0.044967630673095178
decision_type=2 2 2 2 2 2 2 2
left_child=1 2 3 -1 -4 6 7 -2
right_child=5 -3 4 -5 -6 -7 -8 -9
leaf_value=0.0038451991935599295 -0.019488642836487508 0.022116522945602412 0.022228776237847993 -0.018809635339346032 0 -0.026729926141754609 0.019711268769027065 -0.0023723835449488569
leaf_weight=34.300455361604691 6.9352935552597073 13.28455004096031 17.932838633656502 24.173509255051613 28.655521363019943 9.778213292360304 8.0676425546407682 8.988824859261511
leaf_count=141 30 56 75 102 121 44 34 38
internal_value=0.000721892 0.00380439 0.000978924 -0.00558475 0.00941661 -0.0092701 -6.77308e-05 -0.0120065
internal_weight=152.117 118.347 105.062 58.474 46.5884 33.77 23.9918 15.9241
internal_count=641 495 439 243 196 146 102 68
is_linear=0
shrinkage=0.03


Tree=49
num_leaves=7
num_cat=0
split_feature=33 31 37 6 32 33
split_gain=5.18516 6.69446 6.91363 6.10572 5.00976 1.76301
threshold=0.034289912697726695 -2.4999999999999996 -0.0020099993361910591 0.013675214260761693 -0.00055433462637105569 0.29842548566043398
decision_type=2 2 2 2 2 2
left_child=-1 5 4 -4 -3 -2
right_child=1 2 3 -5 -6 -7
leaf_value=0.020554696441895188 -0.023680323716441107 0.022864490066111874 -0.0085566547690402971 0.0078129012022117323 0.0006760189287037592 -0.0031032823454435624
leaf_weight=9.0469176322221738 10.752904891967775 18.053381010890007 56.293771311640739 29.031046777963638 19.77601246535778 8.9841660559177381
leaf_count=37 45 75 240 123 83 38
internal_value=0.000700673 -0.000719199 0.00185271 -0.0027639 0.0122581 -0.0161512
internal_weight=151.938 142.891 123.154 85.3248 37.8294 19.7371
internal_count=641 604 521 363 158 83
is_linear=0
shrinkage=0.03


Tree=50
num_leaves=10
num_cat=0
split_feature=37 19 19 38 21 15 5 10 28
split_gain=6.31523 4.89161 6.48222 8.15968 4.766 4.22856 4.04066 3.25778 2.19743
threshold=0.055450841841269922 0.10055935913097001 0.12509132362880501 0.01030694302783612 0.018450121207500232 -6.1550518797967415 0.05393143537734036 -0.0077874248772283874 6.5000000000000009
decision_type=2 2 2 2 2 2 2 2 2
left_child=1 5 3 -3 -4 7 -2 -1 -7
right_child=6 2 4 -5 -6 8 -8 -9 -10
leaf_value=-0.010605081311802659 -0.028521844411523431 0.026944982385378059 -0.018077671134330297 -0.0066901793175870271 0.0023380658943619533 -0.0051167042564583733 -0.00042934812677578022 0.013698984952517531 -0.028712853522737211
leaf_weight=7.2949874550104132 10.250525176525118 17.446411579847339 10.124314755201338 7.8052148371934882 63.891412317752838 10.015943035483362 9.2852034121751768 8.2779937088489515 8.2198409885168058
leaf_count=31 45 72 43 32 268 43 40 36 36
internal_value=-0.00206121 0.000263295 0.0037353 0.01627 -0.000659349 -0.00915136 -0.0171461 0.0015492 -0.0182806
internal_weight=152.612 133.076 99.2674 25.2516 74.0157 33.8088 19.5357 15.573 18.2358
internal_count=646 561 415 104 311 146 85 67 79
is_linear=0
shrinkage=0.03


Tree=51
num_leaves=5
num_cat=0
split_feature=20 2 2 39
split_gain=6.14627 6.29313 7.32919 6.16301
threshold=0.040953734763638928 -0.058202954263483812 -0.04229589334759342 1.0000000180025095e-35
decision_type=2 2 2 2
left_child=1 -1 -3 -4
right_child=-2 2 3 -5
leaf_value=-0.027216142708998747 0.015950348909822387 0.021556948517454735 0.011673740364543349 -0.00699943091808004
leaf_weight=7.9362604767084113 13.17911736667156 8.657156974077223 16.282951056957245 106.39605076611042
leaf_count=33 56 36 68 453
internal_value=-0.00203209 -0.00404163 -0.00214154 -0.00425316
internal_weight=152.452 139.272 131.336 122.679
internal_count=646 590 557 521
is_linear=0
shrinkage=0.03


Tree=52
num_leaves=7
num_cat=0
split_feature=37 6 6 40 11 20
split_gain=5.96854 4.32394 8.18578 6.06986 5.01243 4.07212
threshold=0.055450841841269922 0.027074318739839721 0.013675214260761693 0.018107584634312616 -0.063275283776343935 0.028455062010443264
decision_type=2 2 2 2 2 2
left_child=1 2 4 -4 -1 -2
right_child=5 -3 3 -5 -6 -7
leaf_value=0.01599043316478959 -0.028030271924362343 -0.014635993189158486 0.00085852564420806912 0.034053802453065156 -0.0038352372927828544 0
leaf_weight=11.027443468570707 10.2422983199358 13.257621377706526 10.626067370176317 9.4729782491922361 88.481643453240395 9.1868490278720838
leaf_count=46 46 57 46 39 373 39
internal_value=-0.00196161 0.00029306 0.00228467 0.0188487 -0.00121865 -0.0166685
internal_weight=152.295 132.866 119.608 20.099 99.5091 19.4291
internal_count=646 561 504 85 419 85
is_linear=0
shrinkage=0.03


Tree=53
num_leaves=7
num_cat=0
split_feature=37 36 36 11 26 4
split_gain=5.72021 4.36609 5.90701 8.59984 7.75632 2.49261
threshold=0.055450841841269922 0.0038075975991348392 0.0072988205354130925 -0.0016036709968169636 0.32163382594417084 0.0043793463062493663
decision_type=2 2 2 2 2 2
left_child=1 -1 4 -4 -3 -2
right_child=5 2 3 -5 -6 -7
leaf_value=0.016623448374336096 -0.0021027445378188868 -0.013438311565411993 0.023022032960436513 -0.0035401771103886165 0.0049336798587366519 -0.025432194031418789
leaf_weight=11.4347757846117 9.1460659205913561 49.18060003221035 16.636467307806015 23.743894979357719 31.809083193540573 10.196229636669157
leaf_count=47 39 209 71 100 134 46
internal_value=-0.00190304 0.000298699 -0.00136229 0.00761936 -0.00609687 -0.0163344
internal_weight=152.147 132.805 121.37 40.3804 80.9897 19.3423
internal_count=646 561 514 171 343 85
is_linear=0
shrinkage=0.03


Tree=54
num_leaves=9
num_cat=0
split_feature=15 11 19 19 16 8 13 11
split_gain=4.39202 9.894 5.35915 9.49731 4.52971 7.08264 4.13473 3.37539
threshold=-66.966866768814796 -0.030516907454805616 0.10213058225334189 0.127052795805246 26.405283192891634 -0.031068047403760891 -3.7697615206812034 -0.0016036709968169636
decision_type=2 2 2 2 2 2 2 2
left_child=4 6 7 -4 5 -1 -2 -3
right_child=1 2 3 -5 -6 -7 -8 -9
leaf_value=0 -0.0018127389691275314 0.0027363954482389429 0.021057343853681076 -0.0025291376301497148 -0.0097190795102052915 0.032707883584506992 -0.032916055940047061 -0.017284939708940662
leaf_weight=14.049811065196995 7.1440956890583065 8.9018663465976733 18.831927955150604 54.385403290390968 7.3248081207275382 8.8182036131620407 11.888722956180571 20.602473333477974
leaf_count=59 30 39 78 230 32 37 52 89
internal_value=-0.00184863 -0.00447281 -0.000475469 0.00373662 0.00788806 0.014459 -0.0232369 -0.0109779
internal_weight=151.947 121.754 102.722 73.2173 30.1928 22.868 19.0328 29.5043
internal_count=646 518 436 308 128 96 82 128
is_linear=0
shrinkage=0.03


Tree=55
num_leaves=12
num_cat=0
split_feature=12 11 16 21 28 28 21 28 9 38 17
split_gain=5.1577 8.65565 7.41178 6.64923 5.12275 4.73252 4.28012 3.52754 8.64353 3.53618 1.94958
threshold=50.939556106575232 -0.024926122985609363 -12.950537649434898 0.017859860044039045 9.5000000000000018 7.5000000000000009 0.017204451651362088 8.5000000000000018 -0.068401960346171423 0.0090356108761418964 -3.0556965434437551
decision_type=2 2 2 2 2 2 2 2 2 2 2
left_child=2 10 4 -3 6 -5 -1 8 -4 -9 -2
right_child=1 3 7 5 -6 -7 -8 9 -10 -11 -12
leaf_value=0.0097818951525672996 -0.0038871832554978297 -0.019667699147582634 0 0.015382467396206389 0.013181487962762178 -0.0042020185695551765 -0.013206893891957986 -0.0098118139202341605 0.040260620006815406 0.014695441727154677 -0.026746650171389868
leaf_weight=7.2774863243103018 7.4547338932752636 8.1840579211711866 8.4972323775291461 23.950434342026711 12.449235096573828 16.533737912774086 27.825806856155396 6.8876069784164455 10.41848401725292 10.231310009956358 13.420848608016966
leaf_count=31 32 36 36 101 52 71 115 30 43 43 59
internal_value=0.000837294 -0.00500676 0.00587814 0.00179611 -0.00166878 0.00720981 -0.00776629 0.0157957 0.0242996 0.00405572 -0.0202927
internal_weight=153.131 69.5438 83.5872 48.6682 47.5525 40.4842 35.1033 36.0346 18.9157 17.1189 20.8756
internal_count=649 299 350 208 198 172 146 152 79 73 91
is_linear=0
shrinkage=0.03


Tree=56
num_leaves=11
num_cat=0
split_feature=16 26 17 32 17 20 17 19 26 28
split_gain=4.90213 6.14769 7.64692 7.62602 4.91057 4.84916 3.92514 3.73717 2.39231 1.77426
threshold=26.143440548405284 0.19521722560975613 -1.3824771427336324 0.0015791150638627684 -4.1179298758524743 0.025735764680941266 -3.58604180095606 0.095798196760197032 0.043211523072819426 7.5000000000000009
decision_type=2 2 2 2 2 2 2 2 2 2
left_child=1 3 6 5 -2 -1 -3 -4 -5 -6
right_child=4 2 7 8 9 -7 -8 -9 -10 -11
leaf_value=-0.011445510233146945 0.0073264742825820623 0.0060344315212309922 0.00013601486811304979 -0.00093366095185314709 -0.0073681937986195033 0.010838691598009074 -0.014974114467284505 0.022939326610216366 -0.025082763019699823 -0.02916049342924891
leaf_weight=10.223720401525496 7.9912020862102535 18.575783684849743 9.8762594461441022 6.9758380651474026 12.69435101747513 27.087564498186111 10.806623905897139 29.257570818066597 12.487795144319533 7.0301554799079886
leaf_count=44 34 77 43 30 56 112 46 122 53 32
internal_value=0.000814377 0.00345372 0.00944518 -0.00359694 -0.0100416 0.00407935 -0.00167625 0.0178355 -0.01802 -0.0177953
internal_weight=153.007 125.291 68.5162 56.7749 27.7157 37.3113 29.3824 39.1338 19.4636 19.7245
internal_count=649 527 288 239 122 156 123 165 83 88
is_linear=0
shrinkage=0.03


Tree=57
num_leaves=10
num_cat=0
split_feature=12 11 4 23 21 10 5 19 11
split_gain=4.78727 8.12867 7.07153 6.81128 6.26658 4.69557 4.08345 3.89142 1.48945
threshold=50.939556106575232 -0.024926122985609363 0.015834061000751024 0.87437915635407093 0.017859860044039045 -0.020164942670093052 0.15228567947694019 0.1377334724170278 -0.022494834607689081
decision_type=2 2 2 2 2 2 2 2 2
left_child=2 7 3 8 -3 -5 -6 -2 -1
right_child=1 4 -4 5 6 -7 -8 -9 -10
leaf_value=0.02492653276508822 -0.029148585306892644 -0.019190234250417274 0.026390746761993256 0.0027381690652354121 0.011631334390074769 -0.014795330090841614 -0.010250558514202658 -0.00098749031270702753 0.0044584115076448617
leaf_weight=8.992886960506441 12.536040335893633 8.1249587237834913 10.698709294199942 35.743852525949478 33.047392144799232 18.985661834478378 7.4475962072610846 8.2004762142896634 9.0503305047750455
leaf_count=38 55 36 45 148 140 81 32 36 38
internal_value=0.000768568 -0.00486674 0.00563076 0.00175386 0.0017089 -0.00338696 0.00696093 -0.0197382 0.0168776
internal_weight=152.828 69.3565 83.4714 72.7727 48.6199 54.7295 40.495 20.7365 18.0432
internal_count=649 299 350 305 208 229 172 91 76
is_linear=0
shrinkage=0.03


Tree=58
num_leaves=8
num_cat=0
split_feature=20 38 36 9 23 21 15
split_gain=4.57925 6.28103 5.72955 8.92752 5.22454 4.98259 2.53507
threshold=0.039019198165735923 0.012137195088178994 0.0071638962918784792 0.0054827058397057598 1.135115351295706 0.021020130945387645 -48.721234154866458
decision_type=2 2 2 2 2 2 2
left_child=1 2 5 -4 -2 -1 -3
right_child=4 6 3 -5 -6 -7 -8
leaf_value=0.0027475347235212471 0.029401604904853766 -0.0017787215900502539 0.025743568231695133 -0.0024695685429923547 -0.00077296923861989151 -0.011691477015207374 -0.027775433047052225
leaf_weight=51.214456498622894 8.1221984773874301 7.4880053251981726 16.916230946779251 19.137336686253548 8.4655019789934141 33.151957049965858 8.1885159462690336
leaf_count=219 35 32 71 81 35 141 35
internal_value=0.000741212 -0.00104902 0.00126615 0.0110311 0.0147689 -0.00289198 -0.0178127
internal_weight=152.684 136.097 120.42 36.0536 16.5877 84.3664 15.6765
internal_count=649 579 512 152 70 360 67
is_linear=0
shrinkage=0.03


Tree=59
num_leaves=12
num_cat=0
split_feature=12 4 23 5 35 38 9 12 16 33 23
split_gain=4.54583 6.82394 6.36611 5.49106 7.61837 3.8805 3.69611 2.74933 2.32184 1.90852 0.583628
threshold=52.544923159562082 0.015834061000751024 0.87437915635407093 0.032188761857242627 0.038397542527518043 0.011176707417364897 -0.031816432482478139 64.372105206263157 21.971700426407711 0.65527510982056458 0.93252960068932989
decision_type=2 2 2 2 2 2 2 2 2 2 2
left_child=1 2 6 9 7 -4 -1 -5 -6 -2 -3
right_child=3 10 5 4 8 -7 -8 -9 -10 -11 -12
leaf_value=0.025390557660023495 -0.0027967508238029739 0.0089646229626565901 0.00017234878920756259 0.022074007730210454 -0.025008454141658643 -0.017247747908571875 0 0.0010093177580605401 -0.00065985797475837029 -0.024072443709617593 0.029638142312063277
leaf_weight=10.839106991887094 8.3115690201520938 7.5082365572452527 46.610128819942474 10.060255125164987 6.8882950097322455 12.601511284708975 7.8831505626440039 13.76894038915634 8.2576890587806684 12.528691634535788 7.2482123970985413
leaf_count=46 36 32 196 42 30 52 33 60 36 56 30
internal_value=0.000716277 0.00492306 0.000961151 -0.00550829 0.000929414 -0.00373238 0.0154565 0.0115038 -0.0142337 -0.0172319 0.0223399
internal_weight=152.506 92.6903 77.9339 59.8154 38.9752 59.2116 18.7223 23.8292 15.146 20.8403 14.7564
internal_count=649 389 327 260 168 248 79 102 66 92 62
is_linear=0
shrinkage=0.03


Tree=60
num_leaves=13
num_cat=0
split_feature=32 10 34 6 34 20 4 10 25 20 11 34
split_gain=6.46557 9.6621 5.9755 5.60622 4.84484 4.61637 4.97258 4.02903 3.10761 2.81114 2.68813 0.778184
threshold=0.0022572453769129646 0.01519222309780255 0.012379088295233378 0.014357839129926157 0.0038157787156543059 0.025213438638696819 0.020008905445297213 -0.0025997653830258645 0.2009615384615385 0.026989548796575658 0.043976075653441866 0.0023414100061142089
decision_type=2 2 2 2 2 2 2 2 2 2 2 2
left_child=2 3 4 8 9 -4 -7 -6 -2 -1 -3 -5
right_child=1 10 5 11 7 6 -8 -9 -10 -11 -12 -13
leaf_value=-0.0064461320485877964 -0.016360017344913547 -0.029361702488039373 0 0.0034374048989621649 0.0006778616704518339 0.0066059574350076054 0.036609233067315866 -0.02672742812183445 0.0028256734403687188 0.0098684210454102316 -0.0031707484485838304 0.021177124985540658
leaf_weight=11.469692856073378 12.859482795000078 14.653764680027964 12.516568467020987 7.1657887250184995 7.1084260940551749 13.197697892785074 9.7245261222124082 8.1221078783273679 12.327986702322958 26.508710667490959 6.8939094245433798 7.8268665671348572
leaf_count=49 55 67 55 31 30 55 40 35 52 111 30 33
internal_value=0 -0.00729959 0.00517045 0.00123272 -0.000993591 0.0143847 0.0218528 -0.0144722 -0.0069008 0.00449014 -0.0226002 0.0149836
internal_weight=150.376 61.7278 88.6477 40.1801 53.2089 35.4388 22.9222 15.2305 25.1875 37.9784 21.5477 14.9927
internal_count=643 268 375 171 225 150 95 65 107 160 97 64
is_linear=0
shrinkage=0.03


Tree=61
num_leaves=9
num_cat=0
split_feature=16 17 6 40 33 23 4 16
split_gain=5.37046 9.03226 5.78442 6.78258 8.71357 4.89143 5.62067 1.04791
threshold=26.143440548405284 -4.1179298758524743 0.013924441523366174 0.02762581564899769 0.60375896024009734 1.329926735905951 -0.014168169293429287 35.777767507097224
decision_type=2 2 2 2 2 2 2 2
left_child=2 -2 5 4 -4 6 -1 -3
right_child=1 7 3 -5 -6 -7 -8 -9
leaf_value=0.0079719458661099522 0.012290696972818814 -0.0073239263536454156 0.020830010278394706 0.028925370050961977 -0.020903507963427041 -0.01952676453129569 -0.0069636876614733211 -0.028636712891214694
leaf_weight=51.212055057287216 7.6982441842556026 7.2223195880651501 6.9129674881696719 12.553235307335852 7.0969377160072327 9.0983773916959745 36.938864558935165 11.461126610636709
leaf_count=215 33 32 30 52 31 38 159 53
internal_value=0 -0.0117621 0.00268485 0.0145802 0 -0.000641515 0.00153127 -0.022628
internal_weight=150.194 26.3817 123.812 26.5631 14.0099 97.2493 88.1509 18.6834
internal_count=643 118 525 113 61 412 374 85
is_linear=0
shrinkage=0.03


Tree=62
num_leaves=13
num_cat=0
split_feature=32 26 26 19 4 19 25 36 37 15 17 12
split_gain=6.13785 11.0362 5.26295 4.80102 4.76764 4.4265 3.56047 3.25994 2.35914 2.33408 2.27208 1.09478
threshold=0.0022572453769129646 0.31274253583590722 0.10440891472868219 0.094733865618302326 0.052034150763573546 0.19635690684381094 0.12648707780664573 0.0056356441395396381 0.018581731598814603 -54.627006138865589 3.7423335462959915 58.596849916704535
decision_type=2 2 2 2 2 2 2 2 2 2 2 2
left_child=2 9 6 7 10 -5 -1 -4 -8 -2 -3 -11
right_child=1 4 3 5 -6 -7 8 -9 -10 11 -12 -13
leaf_value=0 -0.0029720006361782904 0.0028611414297126025 -0.024337823920725834 0.010780407766992415 -0.0079159489870612443 -0.0089942034247795059 0.032446636839078564 0 0.0059938111137522784 -0.012611972965467929 0.028113266662011072 -0.030914441105863902
leaf_weight=7.7965116649866131 11.149165883660315 7.9731063693761843 7.9282254427671459 34.631613090634346 8.1637859940528852 11.610081031918524 9.3987863808870333 9.3152663111686689 7.8684049546718589 16.957211136817936 7.2820301651954651 9.9297068715095502
leaf_count=33 48 35 35 146 36 49 39 40 33 72 31 46
internal_value=0 -0.00713798 0.00503001 6.6561e-05 0.00822327 0.00533754 0.016114 -0.0123747 0.0230444 -0.0169089 0.0176459 -0.021563
internal_weight=150.004 61.455 88.5489 63.4852 23.4189 46.2417 25.0637 17.2435 17.2672 38.0361 15.2551 26.8869
internal_count=643 268 375 270 102 195 105 75 72 166 66 118
is_linear=0
shrinkage=0.03


Tree=63
num_leaves=13
num_cat=0
split_feature=32 26 34 26 10 21 34 9 10 38 1 20
split_gain=5.8229 10.551 5.71908 6.03994 5.5405 5.17432 6.10983 4.40733 3.31581 2.19348 2.19174 0.423758
threshold=0.0022572453769129646 0.31274253583590722 0.012379088295233378 0.15170694284618338 0.0055361690938215977 0.01956936142159893 -0.030156584308748676 0.057099447493702611 0.01519222309780255 0.0094980230471518184 0.026053689921183402 0.026908391815224118
decision_type=2 2 2 2 2 2 2 2 2 2 2 2
left_child=2 8 5 9 -3 11 -7 -5 10 -4 -2 -1
right_child=1 4 3 7 -6 6 -8 -9 -10 -11 -12 -13
leaf_value=-0.018827121224767745 -0.013792373295095745 0.020451500035461055 0.0086485711122997848 -0.0078017115261418187 -0.0062910141609132603 0.023287518743608012 -0.0022834460893771083 0.017757714079695199 -0.028425857233026024 0.038156927573317567 0.0032011854182578277 -0.0040027626554433723
leaf_weight=9.3830748349428195 17.162377670407299 12.638713136315348 7.0889011919498426 12.754055574536325 10.754574522376059 9.5705536156892759 26.833454668521881 8.0581166297197324 13.028075605630873 7.5241187214851379 7.7080110460519782 7.2998294681310645
leaf_count=41 73 54 30 55 48 41 112 34 60 31 33 31
internal_value=0 -0.00697183 0.00488988 0.0139083 0.00803931 -0.0011423 0.0049112 0.00212616 -0.0165521 0.0275096 -0.00812112 -0.0142663
internal_weight=149.804 61.2918 88.5121 35.4252 23.3933 53.0869 36.404 20.8122 37.8985 14.613 24.8704 16.6829
internal_count=643 268 375 150 102 225 153 89 166 61 106 72
is_linear=0
shrinkage=0.03


Tree=64
num_leaves=11
num_cat=0
split_feature=10 15 37 19 19 16 17 5 34 19
split_gain=5.45688 7.5715 6.31949 5.90187 7.251 5.70438 5.09192 4.6695 3.73952 0.333418
threshold=0.012359574662126451 -2.2203403095607386 0.0046062973065689192 0.0904303073739091 0.14676626183570321 -6.9056338385207576 9.2242169083985868 0.010915859936614038 0.0067477665603434831 0.1377334724170278
decision_type=2 2 2 2 2 2 2 2 2 2
left_child=3 9 -3 5 7 -1 -6 -5 -4 -2
right_child=1 2 8 4 6 -7 -8 -9 -10 -11
leaf_value=-0.021054678620670821 -0.03138581865356093 0.016828716335989369 -0.02203690883317766 0.022983636499024296 -0.0083182352681251577 0.0055296721700597113 0.017932229356872675 0 0 -0.010371085717936225
leaf_weight=12.021042928099634 7.3597128242254239 11.431653648614882 8.8093016892671603 28.82876181602478 24.603562071919445 12.405014649033545 6.7536677271127692 9.8658091276884061 20.521779552102089 6.9765327274799347
leaf_count=53 34 48 39 120 102 54 30 41 90 32
internal_value=0 -0.00733391 -4.44288e-05 0.00436719 0.00883934 -0.00758923 -0.0014786 0.0172311 -0.00775388 -0.0245992
internal_weight=149.577 55.099 40.7627 94.4779 70.0518 24.4261 31.3572 38.6946 29.3311 14.3362
internal_count=643 243 177 400 293 107 132 161 129 66
is_linear=0
shrinkage=0.03


Tree=65
num_leaves=11
num_cat=0
split_feature=10 15 18 18 20 40 20 28 17 26
split_gain=4.55382 6.48534 4.82899 4.73339 4.65235 3.65073 3.41194 3.74952 3.39273 0.100971
threshold=0.01519222309780255 2.0140480557552802 0.16498646267480374 0.0065271792291438828 0.035924589242775605 0.053548436504946346 0.025091780783742718 4.5000000000000009 -2.0660537224492965 0.1683373493975904
decision_type=2 2 2 2 2 2 2 2 2 2
left_child=2 9 3 -1 5 -4 -3 -8 -5 -2
right_child=1 6 4 8 -6 -7 7 -9 -10 -11
leaf_value=0.011285983506676516 -0.010035994004776378 -0.016078669340839957 0.00035953292375055128 -0.02449253548330731 0.025886296992020507 0.016863592772881332 0.021314411607837442 -0.0008604292363154028 0 -0.029206915402264874
leaf_weight=7.4723016023635891 7.0302291661500913 6.7249096333980551 50.002111405134201 9.8523006141185796 10.070965081453322 14.838604733347891 7.1841373592615154 22.179400205612183 8.9041569083929026 6.3662720322608948
leaf_count=31 32 31 211 42 44 62 30 95 37 30
internal_value=0.000763606 -0.00641577 0.00447798 -0.00596085 0.00838791 0.00475243 0.000122475 0.00509987 -0.0139798 -0.0227312
internal_weight=150.625 49.4849 101.14 26.2288 74.9117 64.8407 36.0884 29.3635 18.7565 13.3965
internal_count=645 218 427 110 317 273 156 125 79 62
is_linear=0
shrinkage=0.03


Tree=66
num_leaves=12
num_cat=0
split_feature=10 5 4 36 19 19 28 19 9 14 37
split_gain=4.36062 7.68972 5.39677 5.1341 8.54135 5.66422 7.73634 4.83303 3.19899 2.54088 0.567021
threshold=0.01519222309780255 0.032188761857242627 0.075721307797283935 0.0071638962918784792 0.10213058225334189 0.13203710769684904 6.5000000000000009 0.089752546867492164 -0.077671556818105933 109.91396202148873 0.027820569450482394
decision_type=2 2 2 2 2 2 2 2 2 2 2
left_child=3 10 9 5 -5 7 -7 -1 -6 -3 -2
right_child=1 2 -4 4 8 6 -8 -9 -10 -11 -12
leaf_value=-0.0032866895308153216 -0.010094190693043346 0.0010617164904773496 0.016184431377542153 -0.0077536319721584236 0.0052208284967849208 -0.028464817637391879 0.00084931702559967867 0.016540144710718723 0.032747197580656112 -0.017795874670823355 -0.030187478508404864
leaf_weight=18.226509004831314 8.8037575483322126 12.161793529987337 12.579567924141882 9.1011486351490039 8.1938604414463061 10.170929089188578 21.1680778414011 21.077952459454536 13.118585661053656 8.7630673199892026 7.0715959668159476
leaf_count=80 39 53 54 39 35 42 88 87 56 39 33
internal_value=0.000736446 -0.00629516 0.00167471 0.00437336 0.0142606 0 -0.0093514 0.00726881 0.0241636 -0.00704486 -0.0222599
internal_weight=150.437 49.3798 33.5044 101.057 30.4136 70.6435 31.339 39.3045 21.3124 20.9249 15.8754
internal_count=645 218 146 427 130 297 130 167 91 92 72
is_linear=0
shrinkage=0.03


Tree=67
num_leaves=11
num_cat=0
split_feature=10 9 18 12 23 8 40 22 32 17
split_gain=4.15631 6.54017 4.42532 5.35625 4.45195 6.54177 4.87718 3.16543 3.90322 2.0969
threshold=0.01519222309780255 0.047070984091846894 0.16498646267480374 30.035509283664272 0.839501604143156 -0.0049975334551157109 0.053548436504946346 0.28137611835620285 -0.0020254652073750652 -4.5057602301501936
decision_type=2 2 2 2 2 2 2 2 2 2
left_child=2 9 3 -1 5 -4 -6 8 -3 -2
right_child=1 7 4 -5 6 -7 -8 -9 -10 -11
leaf_value=0.0070333586313844412 -0.005115677173810184 0.020510843549811957 0.009604089776262462 -0.01798829852363075 0.0063100088058141738 -0.021424618940855227 0.027676795065250885 -0.012921008691931784 -0.0018257464139903813 -0.028733458534672379
leaf_weight=12.617201849818231 8.9762228727340716 9.7112605422735268 12.423872888088228 13.527159750461577 41.082406565546989 8.3815165609121305 12.875002920627592 7.0120656937360755 14.303412929177282 9.2793284058570844
leaf_count=52 39 41 53 58 174 36 54 31 63 44
internal_value=0.000702439 -0.00616681 0.00425774 -0.00573824 0.00800715 -0.00302086 0.0124835 0.00193773 0.00751276 -0.0195129
internal_weight=150.189 49.2823 100.907 26.1444 74.7628 20.8054 53.9574 31.0267 24.0147 18.2556
internal_count=645 218 427 110 317 89 228 135 104 83
is_linear=0
shrinkage=0.03


Tree=68
num_leaves=8
num_cat=0
split_feature=33 20 1 25 20 22 1
split_gain=4.08467 4.18693 6.9584 5.02414 4.88669 4.51622 2.05718
threshold=0.93109546227796025 0.024563995697637644 0.005157499827113333 0.36737884314747266 0.022229519487337882 -0.36372769664089866 0.0033413727352633598
decision_type=2 2 2 2 2 2 2
left_child=1 4 5 -4 -1 -3 -6
right_child=-2 2 3 -5 6 -7 -8
leaf_value=0.0061522379246136526 -0.017103931755337712 -0.020252055529819804 0.020674759662055786 -0.00062774687936857393 -0.004872039564418249 0.0017819481159548089 -0.028781854662512797
leaf_weight=10.890610799193384 8.6651696413755399 7.5055451691150656 29.118494585156441 12.529334619641302 9.7040717452764529 64.775461122393608 6.820934757590293
leaf_count=48 39 32 123 55 43 274 31
internal_value=0.000669132 0.0020868 0.00470746 0.0141873 -0.00787335 -0.000787771 -0.0175927
internal_weight=150.01 141.344 113.929 41.6478 27.4156 72.281 16.525
internal_count=645 606 484 178 122 306 74
is_linear=0
shrinkage=0.03


Tree=69
num_leaves=8
num_cat=0
split_feature=33 6 11 32 36 37 34
split_gain=3.88995 5.48099 5.16236 4.51664 5.1718 4.82401 1.50938
threshold=0.93109546227796025 0.015577437193753292 -0.050042355690997679 0.0082985074283108435 0.0071638962918784792 0.038888425555249746 0.0068838647110685
decision_type=2 2 2 2 2 2 2
left_child=1 3 -3 4 -1 -5 -4
right_child=-2 2 6 5 -6 -7 -8
leaf_value=-0.0026005214034912011 -0.016756967840335455 -0.006105027595464399 0.0063916342133350798 0 0.012205999283620261 -0.027280561668733605 0.02790403402010402
leaf_weight=63.205632969737053 8.6213304400444013 6.7467426210641888 8.384239614009859 13.413378119468691 28.940170243382454 8.8642638176679593 11.728957608342169
leaf_count=268 39 31 36 58 123 41 49
internal_value=0.000623336 0.00200769 0.0137237 -0.000802223 0.00205094 -0.0124182 0.021004
internal_weight=149.905 141.283 26.8599 114.423 92.1458 22.2776 20.1132
internal_count=645 606 116 490 391 99 85
is_linear=0
shrinkage=0.03


Tree=70
num_leaves=12
num_cat=0
split_feature=34 26 14 21 11 35 5 11 26 38 37
split_gain=4.98933 5.99914 7.42165 6.1917 4.89302 6.06119 7.99068 5.28303 2.20326 1.76888 1.74374
threshold=0.0074667888597346197 0.32163382594417084 -27.983837322091855 0.034147440887106147 0.041730722915789505 0.050753853021297209 -0.051618747078073894 0.075897100580072055 0.44843699645504359 0.011391534127088139 0.0095500936794210584
decision_type=2 2 2 2 2 2 2 2 2 2 2
left_child=1 3 -3 9 5 6 -2 -6 -4 -1 -7
right_child=4 2 8 -5 7 10 -8 -9 -10 -11 -12
leaf_value=-0.012909925414639922 0.030122353770763662 0.020180351533074761 0.0016278459950404389 0.0082598015372250706 0.025013472388108127 -0.0021332733762312725 -0.0013629106791924605 -0.00304863985940327 -0.018009723283515688 -0.032340584119936643 -0.024116584351963739
leaf_weight=29.178265184164047 7.0675417631864539 11.596826747059824 6.9962847977876654 7.3746860325336447 14.096562117338182 7.8375613540411022 31.842192679643631 7.6420343816280356 8.5848123580217344 7.714934676885604 8.2029227465391141
leaf_count=126 30 50 30 33 59 33 141 33 37 32 36
internal_value=-0.00148305 -0.00715982 0.00337254 -0.0138166 0.00366255 -0.000966353 0.00518243 0.0150909 -0.00915671 -0.0188129 -0.0156341
internal_weight=148.135 71.4458 27.1779 44.2679 76.6888 54.9502 38.9097 21.7386 15.5811 36.8932 16.0405
internal_count=640 308 117 191 332 240 171 92 67 158 69
is_linear=0
shrinkage=0.03


Tree=71
num_leaves=13
num_cat=0
split_feature=34 20 26 9 20 32 16 8 4 4 8 35
split_gain=4.72424 7.97271 5.69925 5.17265 4.49018 4.27393 3.24958 2.89995 5.46621 2.08216 1.81274 0.330257
threshold=0.0074667888597346197 0.024403992314202465 0.32163382594417084 -0.029589128360679229 0.027435426275934812 0.0022572453769129646 0.68779584403826821 -0.011493682373952348 -0.065001351417401251 -0.00529969985024653 -0.0074151938762142995 -0.032653295259744079
decision_type=2 2 2 2 2 2 2 2 2 2 2 2
left_child=2 9 7 -4 10 -6 -5 8 -1 -2 -3 -9
right_child=1 4 3 6 5 -7 -8 11 -10 -11 -12 -13
leaf_value=-0.019181838988799334 0 0.002820513951128594 0.018105076983600168 0.0043003747123523603 0.0098959262739563136 -0.010455120516234512 -0.019269466462268563 -0.0079446445067172175 0.0070917381425823923 -0.020124641343543713 0.023406036319924262 -0.025632436575997664
leaf_weight=11.042084246873857 7.0868414938449886 7.8171765655279186 10.757311850786211 8.9078988581895846 20.348569080233574 13.631761357188223 7.4553556740283957 6.732010722160342 13.023689165711401 10.639968603849409 17.10871621966362 13.383801400661467
leaf_count=46 31 33 46 38 85 60 33 30 56 51 72 59
internal_value=-0.0014472 0.00355649 -0.00697993 0.00328567 0.00899213 0.00118753 -0.00655067 -0.0134756 -0.00493471 -0.0128261 0.0181962 -0.021645
internal_weight=147.935 76.633 71.3022 27.1206 58.9062 33.9803 16.3633 44.1816 24.0658 17.7268 24.9259 20.1158
internal_count=640 332 308 117 250 145 71 191 102 82 105 89
is_linear=0
shrinkage=0.03


Tree=72
num_leaves=11
num_cat=0
split_feature=19 19 18 39 35 35 7 5 9 24
split_gain=7.22861 4.61086 5.71008 4.87922 4.51943 2.45655 1.86479 1.84881 2.53721 1.64429
threshold=0.10349244057188058 0.13073760252013419 0.64994536417903326 1.0000000180025095e-35 0.048026981734366044 -0.0038363945838799647 -0.017624322411261866 0.024245023475605757 -0.045110684488212212 0.058257918552036207
decision_type=2 2 2 2 2 2 2 2 2 2
left_child=7 2 6 5 -5 -3 -2 8 -1 -10
right_child=1 3 -4 4 -6 -7 -8 -9 9 -11
leaf_value=-0.00060523639314429294 0.0036947892764909859 0 -0.0047697727257654914 0 -0.017703560072009052 0.023148007300862378 0.025917559897420839 0 -0.028322470287657109 -0.0054691951075764222
leaf_weight=8.880203917622568 7.4100956022739402 6.6413237899541855 10.659105390310286 45.765084460377693 16.651466891169548 7.3071210980415326 14.465544283390047 10.556162789463995 12.060267165303232 7.3228542059659949
leaf_count=39 31 30 47 197 72 30 61 47 54 32
internal_value=-0.0014179 0.00246265 0.0116154 -0.00144232 -0.00525398 0.0131935 0.0199582 -0.0122587 -0.0160523 -0.0217092
internal_weight=147.719 108.9 32.5347 76.365 62.4166 13.9484 21.8756 38.8195 28.2633 19.3831
internal_count=640 468 139 329 269 60 92 172 125 86
is_linear=0
shrinkage=0.03


Tree=73
num_leaves=11
num_cat=0
split_feature=19 16 4 0 23 6 37 40 36 37
split_gain=6.9137 5.04672 6.16942 5.8034 3.1606 3.05089 3.0076 3.05165 1.49947 1.33596
threshold=0.10349244057188058 26.143440548405284 -0.07793643763715595 0.017263779028057539 1.135115351295706 0.004922355715701536 0.039114561607407901 0.00059720521097250689 0.0060685481839526491 0.037179789356520783
decision_type=2 2 2 2 2 2 2 2 2 2
left_child=6 2 4 -4 -2 -3 7 8 -1 -7
right_child=1 5 3 -5 -6 9 -8 -9 -10 -11
leaf_value=0.0020076306133555823 0.0034938599070549283 0.0051489421366418707 0.014325490024363259 -0.0057900158845764389 -0.019669276010178434 -0.022560948508222364 0.0014921852753251306 -0.026048932614106887 -0.013992557556133895 -0.0022382945566154764
leaf_weight=8.7154014557600039 7.3501368910074261 6.776536479592326 54.703022733330727 14.295438215136526 9.2355878055095655 9.451895400881769 9.0510246902704221 13.995706111192701 6.944744497537612 6.984505131840705
leaf_count=37 31 30 233 61 38 43 41 64 30 32
internal_value=-0.00138788 0.0024038 0.00587572 0.00990089 -0.00932586 -0.00925262 -0.0120085 -0.0164367 -0.00501962 -0.0159183
internal_weight=147.504 108.797 85.5842 68.9985 16.5857 23.2129 38.7069 29.6559 15.6601 16.4364
internal_count=640 468 363 294 69 105 172 131 67 75
is_linear=0
shrinkage=0.03


Tree=74
num_leaves=13
num_cat=0
split_feature=34 20 26 14 38 37 24 8 18 10 26 35
split_gain=4.37618 7.33762 5.3943 6.71503 4.90375 6.39017 3.10942 2.80294 4.41574 2.0686 2.05069 0.256964
threshold=0.0074667888597346197 0.024403992314202465 0.32163382594417084 -27.983837322091855 0.008829514672042342 0.042754989971413811 0.15828157349896482 -0.011493682373952348 0.20887941067595817 0.016252402434431604 0.44843699645504359 -0.032653295259744079
decision_type=2 2 2 2 2 2 2 2 2 2 2 2
left_child=2 9 7 -4 6 -6 -3 8 -1 -2 -5 -9
right_child=1 4 3 10 5 -7 -8 11 -10 -11 -12 -13
leaf_value=-0.017417306620884584 -0.001805078549154578 0.03006718370885306 0.019341083841700052 0.0016940140340363646 0.0081964694504643911 -0.019467393409889372 0.0031744278914692704 -0.0078572817090595912 0.0061739171022450615 -0.023641674545119267 -0.017244872297045664 -0.024941676299752656
leaf_weight=11.093063846230509 10.972695976495745 10.725510179996492 11.499228149652483 6.9664749801158896 32.288092389702797 7.5102588832378379 8.2913578748702985 6.7224899679422405 12.883341342210768 6.5864159017801276 8.5096018612384778 13.247617974877356
leaf_count=47 49 45 50 30 137 33 35 30 55 33 37 59
internal_value=-0.00137428 0.00344216 -0.00671886 0.00328011 0.00865229 0.00193552 0.0204735 -0.0130585 -0.00466413 -0.0123428 -0.0086431 -0.0211121
internal_weight=147.296 76.3743 70.9218 26.9753 58.8152 39.7984 19.0169 43.9465 23.9764 17.5591 15.4761 19.9701
internal_count=640 332 308 117 250 170 80 191 102 82 67 89
is_linear=0
shrinkage=0.03


Tree=75
num_leaves=8
num_cat=0
split_feature=21 31 21 36 37 33 35
split_gain=4.94975 8.41436 6.51739 6.91608 5.60201 5.29331 2.64377
threshold=0.017640902154449245 -3.4999999999999996 0.021020130945387645 0.0085586150258135565 -0.0048085027362669277 0.63606739832594228 0.044156441153378807
decision_type=2 2 2 2 2 2 2
left_child=4 -2 5 -4 -1 -3 -6
right_child=1 2 3 -5 6 -7 -8
leaf_value=0.0076727189482054866 -0.01888171195630042 0.023884647580511825 -0.0033812736491611174 0.021916154064019054 -0.0062612038005253282 0.0013969087967982542 -0.030739595073293671
leaf_weight=9.7626589238643664 10.527227416634558 25.750185653567314 56.139576658606529 9.6329376995563489 13.036673501133921 16.91314235329628 7.2309530824422827
leaf_count=41 44 109 242 44 59 74 33
internal_value=0.00138019 0.00422485 0.00690525 0.000639838 -0.00898062 0.0157674 -0.0176446
internal_weight=148.993 118.963 108.436 65.7725 30.0303 42.6633 20.2676
internal_count=646 513 469 286 133 183 92
is_linear=0
shrinkage=0.03


Tree=76
num_leaves=9
num_cat=0
split_feature=19 36 38 24 24 1 2 10
split_gain=4.14416 5.29821 4.81487 4.23922 5.44874 5.17172 1.8007 0.536708
threshold=0.0904303073739091 0.0085586150258135565 0.0098119796908425622 0.058257918552036207 -0.046256684491978603 0.035721258541713603 -0.00061901674621350755 -0.011443511128620907
decision_type=2 2 2 2 2 2 2 2
left_child=2 3 6 4 -2 -5 -1 -3
right_child=1 7 -4 5 -6 -7 -8 -9
leaf_value=-0.025998626002254936 0.0024371888041816981 0.02731048752436304 0.0068391941402642644 -0.010434531923373758 0.027833853501582555 0.011121622688274813 -0.0029527768364532437 0.0072908591875466859
leaf_weight=9.3212788254022616 53.931307837367058 6.4886792749166489 8.6449887603521329 38.007700026035309 7.3602068275213233 10.978332802653311 7.2077355533838299 6.8575123101472837
leaf_count=43 230 31 37 163 31 48 33 30
internal_value=0.00133563 0.00370259 -0.00915297 0.00123555 0.00650712 -0.00506259 -0.0181621 0.0202923
internal_weight=148.798 123.624 25.174 110.278 61.2915 48.986 16.529 13.3462
internal_count=646 533 113 472 261 211 76 61
is_linear=0
shrinkage=0.03


Tree=77
num_leaves=9
num_cat=0
split_feature=21 31 21 36 25 28 1 21
split_gain=4.65626 7.93451 10.2041 6.44438 5.58825 5.31092 4.68668 2.43624
threshold=0.018450121207500232 -3.4999999999999996 0.020762944435097127 0.0085586150258135565 0.31695242695001213 5.5000000000000009 0.010290311078455796 0.016852306274913346
decision_type=2 2 2 2 2 2 2 2
left_child=4 -2 6 -4 5 -1 -3 -6
right_child=1 2 3 -5 7 -7 -8 -9
leaf_value=0 -0.01784145358246654 0.033036386438300064 -0.0030488250710095704 0.020963828092790158 -0.0037801955152998949 -0.02623402309529628 0.0066429160380764947 0.016956214801185109
leaf_weight=12.243879020214083 10.263550996780394 14.765186816453935 57.655101105570793 10.035834550857542 7.7520643323659879 14.180186212062834 14.131373569369314 7.6189228594303131
leaf_count=54 43 63 249 46 34 64 61 32
internal_value=0.00132004 0.00470974 0.00757155 0.000795501 -0.00682272 -0.0149534 0.0218801 0.00640354
internal_weight=148.646 106.851 96.5875 67.6909 41.7951 26.4241 28.8966 15.371
internal_count=646 462 419 295 184 118 124 66
is_linear=0
shrinkage=0.03


Tree=78
num_leaves=12
num_cat=0
split_feature=21 34 37 5 10 23 14 5 11 24 22
split_gain=4.42061 5.90034 6.63907 5.76783 8.85893 5.529 5.33473 3.44876 3.10491 2.22431 0.971149
threshold=0.018450121207500232 0.010103050245114488 -0.0048085027362669277 0.026288890065841345 -0.0074075797261380907 0.99633157529311378 -27.983837322091855 0.15228567947694019 0.017449740813953233 0.058257918552036207 0.057883316075211584
decision_type=2 2 2 2 2 2 2 2 2 2 2
left_child=1 10 -3 4 5 -2 -6 9 -4 -5 -1
right_child=3 2 8 7 6 -7 -8 -9 -10 -11 -12
leaf_value=-0.026866742854195401 0.02067117110012931 0.022267482773877193 -0.016926110742603515 0.02692394696481137 0.00698217858161773 -0.00038612920801899908 -0.020343254107401131 -0.0023054004196726256 0.0056626165804664098 0.0076070289799617446 -0.0063188232421524078
leaf_weight=8.5780878961086291 16.227624118328094 7.8994764238595989 10.841849550604822 13.863165438175203 6.7833305448293713 25.550056397914886 21.050104469060898 7.4479808360338202 6.8983609527349463 15.850922062993048 7.4858405739068976
leaf_count=38 71 33 50 59 30 108 93 32 30 69 33
internal_value=0.0012892 -0.00665108 0.00193424 0.0045937 -0.000369201 0.00802118 -0.0131593 0.0138172 -0.00769873 0.0182219 -0.0198815
internal_weight=148.477 41.7036 25.6397 106.773 69.6111 41.7777 27.8334 37.1621 17.7402 29.7141 16.0639
internal_count=646 184 113 462 302 179 123 160 80 128 71
is_linear=0
shrinkage=0.03


Tree=79
num_leaves=9
num_cat=0
split_feature=19 36 34 22 40 38 2 15
split_gain=3.78684 4.90769 4.61673 5.72018 5.109 4.44132 1.69361 0.135042
threshold=0.0904303073739091 0.0085586150258135565 0.0086489186812804836 -0.10013556491423813 0.0861992711441565 0.0098119796908425622 -0.00061901674621350755 -5.6200234181611775
decision_type=2 2 2 2 2 2 2 2
left_child=5 2 3 -2 -4 6 -1 -3
right_child=1 7 4 -5 -6 -7 -8 -9
leaf_value=-0.025216958244799123 -0.018162760185556515 0.0073954823349441689 0.010086618848768729 0.0019338883756074184 -0.01431404136042593 0.0064726700497115611 -0.0027369250285104981 0.024803533253697402
leaf_weight=9.1614831089973467 17.675054609775543 6.2995152324438095 53.468825146555901 32.208845913410187 6.7204091101884833 8.6585010290145856 7.1631913185119656 6.9253984242677671
leaf_count=43 76 31 227 138 31 37 33 30
internal_value=0.00125553 0.00352146 0.00114632 -0.00532337 0.00674825 -0.00880358 -0.0175467 0.0195574
internal_weight=148.281 123.298 110.073 49.8839 60.1892 24.9832 16.3247 13.2249
internal_count=646 533 472 214 258 113 76 61
is_linear=0
shrinkage=0.03


Tree=80
num_leaves=8
num_cat=0
split_feature=37 4 17 12 35 20 13
split_gain=3.57769 4.18274 7.66988 5.32735 5.31243 3.76045 3.26546
threshold=0.055450841841269922 0.080611583829094627 1.9936907657669674 51.008382077808761 0.0052147498903151188 0.029207175486215844 -1.6724863534099474
decision_type=2 2 2 2 2 2 2
left_child=1 3 -3 4 -1 -2 -5
right_child=5 2 -4 6 -6 -7 -8
leaf_value=-0.0050000644115453345 -0.020187686066680314 0.035190462776370481 -0.0041616639646144832 0.002962364365853828 0.011592449629244028 0.0043334840231405878 -0.013468573610408891
leaf_weight=23.548366025090218 11.092801079154016 7.4809579700231534 6.5748313218355179 14.773148596286772 48.576971843838692 7.3760387152433387 25.857705280184746
leaf_count=104 51 31 30 64 206 32 115
internal_value=0.00130583 0.00322956 0.0176232 0.00102872 0.00598402 -0.0101951 -0.00728382
internal_weight=145.281 126.812 14.0558 112.756 72.1253 18.4688 40.6309
internal_count=633 550 61 489 310 83 179
is_linear=0
shrinkage=0.03


Tree=81
num_leaves=9
num_cat=0
split_feature=23 34 20 10 34 20 23 16
split_gain=3.21543 3.17734 4.50433 4.21383 3.48037 3.39097 4.29819 2.56199
threshold=1.4060628830099506 0.0074667888597346197 0.024320180218079589 0.01519222309780255 0.037058102974630087 0.027036738716645709 1.0549698070465718 -9.7332204866958953
decision_type=2 2 2 2 2 2 2 2
left_child=1 5 3 -3 -4 7 -7 -1
right_child=-2 2 4 -5 -6 6 -8 -9
leaf_value=0.00031708332050766865 -0.013440952254978704 0.0046977354896386775 0.01446779943422297 -0.022459651640889984 -0.0033074491195442448 0.010096787117806771 -0.0086825558155377239 -0.018985694615681292
leaf_weight=7.9757088273763683 10.008249178528784 10.994564458727838 45.744342356920242 6.1238895058631888 10.067135155200956 25.781330421566963 15.616634994745253 12.853453427553175
leaf_count=35 44 49 194 31 43 113 66 58
internal_value=0.00126886 0.00264758 0.00686547 -0.00556607 0.0109986 -0.00212208 0.00259332 -0.0115571
internal_weight=145.165 135.157 72.9299 17.1185 55.8115 62.2271 41.398 20.8292
internal_count=633 589 317 80 237 272 179 93
is_linear=0
shrinkage=0.03


Tree=82
num_leaves=9
num_cat=0
split_feature=23 21 34 21 9 34 10 26
split_gain=3.04957 3.97454 9.88683 6.22464 4.62458 4.19011 3.88382 1.90826
threshold=1.4060628830099506 0.01956936142159893 0.010103050245114488 0.020762944435097127 -0.037710347182487697 1.0000000180025095e-35 0.01519222309780255 0.19521722560975613
decision_type=2 2 2 2 2 2 2 2
left_child=1 2 5 7 -5 -1 -4 -3
right_child=-2 3 6 4 -6 -7 -8 -9
leaf_value=-0.0035200347037456468 -0.013119496243631743 0.0046676623570946745 0.013499076610588389 0.012223895296553846 -0.0039392712011829725 -0.032521118460450506 -0.0066057848729200079 0.028393319285257661
leaf_weight=10.548807054758074 9.9950739890336973 7.3969658166170147 21.254719629883766 22.64746618270874 41.620236694812775 9.2777979373931867 11.094833612442015 11.225473046302794
leaf_count=46 44 31 92 98 182 42 50 48
internal_value=0.00120997 0.00255577 -0.0036644 0.00664191 0.00172718 -0.0195147 0.00618394 0.0210633
internal_weight=145.061 135.066 52.1762 82.8901 64.2677 19.8266 32.3496 18.6224
internal_count=633 589 230 359 280 88 142 79
is_linear=0
shrinkage=0.03


Tree=83
num_leaves=8
num_cat=0
split_feature=37 4 12 38 2 5 6
split_gain=3.34808 4.01878 4.81737 4.14262 3.62855 3.0931 3.07309
threshold=0.055450841841269922 0.080611583829094627 53.878731081214248 0.010960735630708594 -0.0055928935347592237 0.019291904869074398 0.018880080020024021
decision_type=2 2 2 2 2 2 2
left_child=1 2 3 -1 -2 -4 -3
right_child=4 6 5 -5 -6 -7 -8
leaf_value=0.0087947344975289454 -0.023605418428177469 0.028082054157363867 0.0046626520621322063 -0.0062003889232691593 0.00045794891627087115 -0.014129150055370613 0
leaf_weight=60.870948672294617 7.5001756846904781 7.4833503663539869 8.8477653563022631 19.715206265449524 10.866081535816191 23.052861481904984 6.5716894268989563
leaf_count=261 34 31 39 85 49 104 30
internal_value=0.00116809 0.00303377 0.00087254 0.00488327 -0.00998532 -0.00850711 0.017133
internal_weight=144.908 126.542 112.487 80.5862 18.3663 31.9006 14.055
internal_count=633 550 489 346 83 143 61
is_linear=0
shrinkage=0.03


Tree=84
num_leaves=7
num_cat=0
split_feature=40 10 16 23 3 4
split_gain=3.28672 4.02183 4.04696 4.63715 3.05186 1.50307
threshold=0.071665812940453169 0.060596218143856413 26.143440548405284 1.0549698070465718 0.026153133636200202 0.062079864236070599
decision_type=2 2 2 2 2 2
left_child=1 2 3 -1 -2 -4
right_child=4 -3 5 -5 -6 -7
leaf_value=0.0080646978548630528 -0.019459376447494743 0.020725196983039654 0 -0.0046787599095005567 0.0031501545910929706 -0.021004703016242899
leaf_weight=67.643180206418037 10.392039760947229 8.614865377545355 6.7972172349691373 37.518438905477524 6.9010024219751349 6.9459317624568939
leaf_count=292 47 36 31 162 32 33
internal_value=0.00113449 0.00293129 0.00119651 0.00337578 -0.010268 -0.0128367
internal_weight=144.813 127.52 118.905 105.162 17.293 13.7431
internal_count=633 554 518 454 79 64
is_linear=0
shrinkage=0.03


Tree=85
num_leaves=10
num_cat=0
split_feature=19 3 3 16 34 34 36 40 19
split_gain=4.887 4.5359 6.19233 3.90414 3.64765 4.4604 3.41424 2.96627 2.14931
threshold=0.0904303073739091 -0.035404423182484483 -0.049151804460824171 -6.9056338385207576 0.011240627421540863 0.037058102974630087 0.0075745090968123889 0.015825489144768338 0.073846589362900436
decision_type=2 2 2 2 2 2 2 2 2
left_child=3 2 7 -1 6 -6 -3 -2 -5
right_child=1 4 -4 8 5 -7 -8 -9 -10
leaf_value=-0.023546070921476366 -0.0081659969532412741 -0.011968849886109049 0.031880126199415104 -0.011944390197592325 0.011220632990129322 -0.009419306203305557 0.0037387658183384758 0.012789822329477854 0.008345018845698382
leaf_weight=10.549681603908541 9.6809901297092491 30.56873519718647 8.3387663811445218 6.4061771035194388 32.488519728183746 10.499581396579741 17.033680647611618 10.115430369973181 8.5555890351533872
leaf_count=48 41 133 35 30 141 46 76 42 38
internal_value=0.000115911 0.00281437 0.0129141 -0.0111886 -0.000371552 0.0056514 -0.00612163 0.00204471 0
internal_weight=144.237 118.726 28.1352 25.5114 90.5905 42.9881 47.6024 19.7964 14.9618
internal_count=630 514 118 116 396 187 209 83 68
is_linear=0
shrinkage=0.03


Tree=86
num_leaves=10
num_cat=0
split_feature=19 3 38 20 34 3 20 7 10
split_gain=4.6615 4.31968 6.02326 3.75602 4.46282 3.32445 2.73418 2.48955 0.280158
threshold=0.0904303073739091 -0.035404423182484483 0.010960735630708594 0.024320180218079589 0.011240627421540863 -0.052268951688888003 0.022953596891329382 -0.0007526052526901694 -0.009643340301233037
decision_type=2 2 2 2 2 2 2 2 2
left_child=7 2 5 6 -5 -2 -3 8 -1
right_child=1 3 -4 4 -6 -7 -8 -9 -10
leaf_value=-0.024189593498284079 0.0076131631664326576 0 -0.0068563557118570201 -0.0044251746013741272 0.0095884135056816776 0.035100449025677397 -0.024770465877774837 0 -0.0078513243836009633
leaf_weight=6.7465341389179221 12.425658583641054 6.7938746064901334 8.0469430685043317 40.088196977972984 36.707605049014091 7.6508903652429607 6.9424074441194534 9.9407070726156217 8.7372831255197543
leaf_count=31 52 30 34 176 157 32 33 46 39
internal_value=0.000110384 0.0027464 0.0126045 -0.00036011 0.00215617 0.0209985 -0.0138672 -0.010948 -0.0177808
internal_weight=144.08 118.656 28.1235 90.5321 76.7958 20.0765 13.7363 25.4245 15.4838
internal_count=630 514 118 396 333 84 63 116 70
is_linear=0
shrinkage=0.03


Tree=87
num_leaves=10
num_cat=0
split_feature=19 3 2 20 16 20 32 20 19
split_gain=4.44831 4.12369 5.75873 4.73278 3.67294 3.58576 2.68042 2.63548 2.05491
threshold=0.0904303073739091 -0.035404423182484483 -0.024517844887657344 0.031519955105190532 -6.9056338385207576 0.024320180218079589 -0.0040925483990171809 0.022953596891329382 0.073846589362900436
decision_type=2 2 2 2 2 2 2 2 2
left_child=4 2 3 -2 -1 7 -7 -3 -6
right_child=1 5 -4 -5 8 6 -8 -9 -10
leaf_value=-0.022791281273459921 0.015230030780810378 0 0.029559558886917827 -0.011858837462435073 -0.011627471275238036 0.010853643787422772 -0.0011565321409476453 -0.024343402759446152 0.0082399472770084449
leaf_weight=10.417890265583994 9.6181798428297096 6.7938746064901334 9.1096371263265592 9.373785585165022 6.3728995770215979 20.739637538790703 56.062682434916496 6.8881850093603134 8.566268324851988
leaf_count=48 40 30 39 39 30 89 244 33 38
internal_value=9.40669e-05 0.00267061 0.012307 0.00128932 -0.0107215 -0.000361392 0.00208949 -0.0135875 0
internal_weight=143.943 118.586 28.1016 18.992 25.3571 90.4844 76.8023 13.6821 14.9392
internal_count=630 514 118 79 116 396 333 63 68
is_linear=0
shrinkage=0.03


Tree=88
num_leaves=8
num_cat=0
split_feature=20 38 3 3 3 3 18
split_gain=4.37792 3.73164 3.37521 7.47182 4.42066 3.90367 2.41321
threshold=0.039019198165735923 0.012043929409627126 -0.036798330103645797 -0.060505732260332394 -0.021443178237653789 -0.014903624360748711 0.18648011029147429
decision_type=2 2 2 2 2 2 2
left_child=2 -2 3 -1 -4 -6 -5
right_child=1 -3 4 6 5 -7 -8
leaf_value=-0.010280404114419437 0.028182383501395541 0 -0.020064290107603713 0.0036224803161743258 0.016500209391410975 -0.0037569956566590981 0.029887652687202688
leaf_weight=10.469957396388056 6.7131500393152228 8.7339780330657941 11.997796878218649 7.6586292684078208 7.3895043283700934 82.74162158370018 8.0450990945100767
leaf_count=44 29 39 53 33 32 366 34
internal_value=8.23666e-05 0.0142883 -0.00170591 0.00734786 -0.00426684 -0.00161124 0.0197819
internal_weight=143.75 15.4471 128.303 26.1737 102.129 90.1311 15.7037
internal_count=630 68 562 111 451 398 67
is_linear=0
shrinkage=0.03


Tree=89
num_leaves=10
num_cat=0
split_feature=19 10 15 13 19 19 7 7 17
split_gain=4.20273 3.43557 6.44904 4.20574 3.87353 5.70966 4.57303 2.34438 1.29649
threshold=0.0904303073739091 -0.0030899740927700088 -23.901347969206764 -1.6724863534099474 0.13126327963331655 0.20093832300295922 0.0065878822013290244 -0.0007526052526901694 -3.58604180095606
decision_type=2 2 2 2 2 2 2 2 2
left_child=7 4 -3 -4 6 -6 -2 8 -1
right_child=1 2 3 -5 5 -7 -8 -9 -10
leaf_value=-0.0042576513349616178 0.023903498835977623 -0.0207757058416881 0.013241645802926402 -0.0041247267459506099 -0.0083593734658206787 0.015386163824566616 -0.0016324062740737653 0 -0.025313385140056245
leaf_weight=7.8601619601249695 17.527557998895649 11.464156210422514 18.327546685934067 29.381094127893448 21.427552431821823 12.826047807931898 7.4208061546087256 9.9179944545030576 7.4644648432731646
leaf_count=35 75 54 78 129 91 56 31 46 35
internal_value=9.88874e-05 0.00260585 -0.00228853 0.00250926 0.00765784 0.000476541 0.0161939 -0.0104351 -0.0171178
internal_weight=143.617 118.375 59.1728 47.7086 59.202 34.2536 24.9484 25.2426 15.3246
internal_count=630 514 261 207 253 147 106 116 70
is_linear=0
shrinkage=0.03


Tree=90
num_leaves=8
num_cat=0
split_feature=34 38 36 24 34 36 22
split_gain=4.65145 5.1217 8.37747 3.45912 3.3078 2.59084 2.20662
threshold=0.037058102974630087 0.011716401985553052 0.0079420476435848059 0.79450306917718472 0.0084672293851539866 0.005918254689754157 0.025002793866366949
decision_type=2 2 2 2 2 2 2
left_child=1 3 5 4 -1 -3 -2
right_child=6 2 -4 -5 -6 -7 -8
leaf_value=0.0010547193445676259 0 -0.0027614098465179879 0.014021338481050135 -0.011931508042384159 0.012357492853620228 -0.029182946404038828 -0.022402125875416012
leaf_weight=53.242370098829269 6.9630264341831234 7.0696931928396287 7.0812617987394324 7.6925765126943579 45.176751360297203 10.385259956121443 9.3490782231092435
leaf_count=234 31 30 34 35 196 45 42
internal_value=0 0.00189564 -0.00976598 0.00486168 0.00653513 -0.0206366 -0.014233
internal_weight=146.96 130.648 24.5362 106.112 98.4191 17.455 16.3121
internal_count=647 574 109 465 430 75 73
is_linear=0
shrinkage=0.03


Tree=91
num_leaves=9
num_cat=0
split_feature=34 38 36 23 21 12 36 22
split_gain=4.42842 4.85387 8.00776 5.31153 7.80175 3.45726 2.46058 2.10904
threshold=0.037058102974630087 0.011716401985553052 0.0079420476435848059 0.92590869832113465 0.025273033789884648 70.76647530680934 0.005918254689754157 0.025002793866366949
decision_type=2 2 2 2 2 2 2 2
left_child=1 3 6 4 -1 -5 -3 -2
right_child=7 2 -4 5 -6 -7 -8 -9
leaf_value=-0.010183262521308228 0 -0.0026974378581649809 0.013721043449495585 0.01263302415813073 0.019710320518430382 -0.0061200285279767409 -0.02854034963007138 -0.021939558055403909
leaf_weight=33.057670533657074 6.9630264341831234 7.0676991045475068 7.0632006525993338 57.091584548354149 7.9789481461048117 8.0127861797809583 10.346137374639509 9.3026799261569959
leaf_count=147 31 30 34 248 34 36 45 42
internal_value=0 0.00182816 -0.00953528 0.00471527 -0.0033765 0.00998783 -0.0201826 -0.013926
internal_weight=146.884 130.618 24.477 106.141 41.0366 65.1044 17.4138 16.2657
internal_count=647 574 109 465 181 284 75 73
is_linear=0
shrinkage=0.03


Tree=92
num_leaves=12
num_cat=0
split_feature=37 40 37 28 36 26 4 37 16 23 20
split_gain=3.82935 5.83061 5.40037 4.84902 4.66292 4.34512 3.85441 3.22835 1.45528 2.05629 1.24655
threshold=-0.0044608297766307028 0.021125035640814142 0.062756035883138953 8.5000000000000018 0.0054499378093461606 0.39504283965728276 -0.035468517318911368 -0.020649110992511818 23.851058591008158 1.014746678562469 0.028317030841276673
decision_type=2 2 2 2 2 2 2 2 2 2 2
left_child=3 5 4 8 -3 6 -2 -5 9 -1 -4
right_child=1 2 10 7 -6 -7 -8 -9 -10 -11 -12
leaf_value=0.028860524047556117 0 0.015727261795005783 -0.020935658908662998 -0.017001306531892826 -0.001045802120211678 0.0028852302792533612 -0.025777634941692759 0.0072476483336147094 0.00076450605722839344 0.0062396787201515654 -0.00093414474778880541
leaf_weight=8.7260761708021217 7.8905852884054211 23.726093024015427 7.1123976558446866 7.9750602841377258 31.377850756049156 9.5588092654943448 18.135874032974243 7.1282861083745939 7.4348161965608588 10.905732601881025 6.7878335565328598
leaf_count=40 33 102 34 34 137 43 84 31 32 47 30
internal_value=0 -0.00317085 0.00177048 0.00733236 0.00621138 -0.0127361 -0.0188051 -0.00517036 0.0147007 0.0187265 -0.0134579
internal_weight=146.759 104.589 69.0042 42.17 55.1039 35.5853 26.0265 15.1033 27.0666 19.6318 13.9002
internal_count=647 463 303 184 239 160 117 65 119 87 64
is_linear=0
shrinkage=0.03


Tree=93
num_leaves=8
num_cat=0
split_feature=34 38 36 1 6 34 22
split_gain=4.19366 4.61339 7.57689 3.81313 3.65044 2.38239 1.99257
threshold=0.037058102974630087 0.011716401985553052 0.0079420476435848059 0.040749319028079441 0.013675214260761693 0.010103050245114488 0.025002793866366949
decision_type=2 2 2 2 2 2 2
left_child=1 3 5 4 -1 -3 -2
right_child=6 2 -4 -5 -6 -7 -8
leaf_value=0.0030543390916660472 0 -0.028435111432146574 0.013330277044805052 -0.012069338530097234 0.017431539819239297 -0.0031414151901849015 -0.021419203020737489
leaf_weight=77.214745312929153 6.9578606486320522 9.8301627635955864 7.0150015205144873 8.7832916378974897 19.963895007967949 7.5141943842172614 9.2370419055223447
leaf_count=338 31 42 34 40 87 33 42
internal_value=0 0.00176509 -0.00933663 0.00458186 0.00645112 -0.0197101 -0.0135934
internal_weight=146.516 130.321 24.3594 105.962 97.1786 17.3444 16.1949
internal_count=647 574 109 465 425 75 73
is_linear=0
shrinkage=0.03


Tree=94
num_leaves=8
num_cat=0
split_feature=34 34 21 26 26 20 40
split_gain=3.99531 4.40711 6.17272 5.35383 4.75969 4.48368 1.60795
threshold=0.037058102974630087 0.0084672293851539866 0.033710515389508096 0.30673871582962497 0.49852071005917165 0.02522788772328283 0.0063620636606851475
decision_type=2 2 2 2 2 2 2
left_child=1 2 3 -1 5 -3 -2
right_child=6 4 -4 -5 -6 -7 -8
leaf_value=-0.014580422895608632 -0.0010709631050588395 -0.010123907821951541 0.01465393199223633 0.0027175979118327135 0.023528336648046558 0.0089671267111117569 -0.021559524813324245
leaf_weight=34.905416503548622 8.1499400138854998 13.955549389123915 12.069390580058096 25.408490106463432 11.702664509415625 32.243199840188026 7.9974053949117652
leaf_count=154 36 65 56 111 50 138 37
internal_value=-6.18093e-06 0.0017046 -0.00305767 -0.00719922 0.00781169 0.00270817 -0.0133027
internal_weight=146.432 130.285 72.3833 60.3139 57.9014 46.1987 16.1473
internal_count=647 574 321 265 253 203 73
is_linear=0
shrinkage=0.03


Tree=95
num_leaves=7
num_cat=0
split_feature=20 23 31 21 21 25
split_gain=6.12589 6.06711 4.45015 4.37572 9.47146 4.58493
threshold=0.035924589242775605 1.1925554353992758 -3.4999999999999996 0.017859860044039045 0.021934122343741629 0.21718621821164893
decision_type=2 2 2 2 2 2
left_child=2 -2 -1 5 -5 -4
right_child=1 -3 3 4 -6 -7
leaf_value=-0.019159446625168983 0.024611700472442603 -0.0048326709286542063 -0.021570035013354697 0.011401097581097733 -0.0088078167316022853 0.00041732509723466077
leaf_weight=10.635152369737623 14.705606415867807 8.0130641758441907 13.459335297346117 49.735031828284264 32.463681548833847 16.037869900465012
leaf_count=46 66 34 63 217 143 72
internal_value=0.00034707 0.0140689 -0.00226594 -0.000216757 0.00322198 -0.00987169
internal_weight=145.05 22.7187 122.331 111.696 82.1987 29.4972
internal_count=641 100 541 495 360 135
is_linear=0
shrinkage=0.03


Tree=96
num_leaves=8
num_cat=0
split_feature=31 21 16 26 5 16 9
split_gain=5.3975 6.22142 6.14247 6.66732 4.83629 5.97321 2.95254
threshold=-3.4999999999999996 0.017859860044039045 26.842891231037076 0.22394702561875815 0.02259145237232885 -1.3459028013544942 0.036593357298686145
decision_type=2 2 2 2 2 2 2
left_child=-1 4 3 -3 5 -2 -4
right_child=1 2 6 -5 -6 -7 -8
leaf_value=-0.016779868338490617 -0.012773902519160949 6.704547250772936e-05 -0.018913846120379701 0.017275803362523882 -0.027411474482867005 0.016423280268931268 0.0020931850861943208
leaf_weight=12.759164988994597 14.014171585440639 39.54692280292511 9.4711844772100466 43.800668984651566 7.3353895545005789 8.3059761822223663 9.610419496893881
leaf_count=55 64 172 46 189 35 37 43
internal_value=0.000323529 0.0023132 0.00590225 0.00947922 -0.0091991 -0.000834926 -0.00842732
internal_weight=144.844 132.085 102.429 83.3476 29.6555 22.3201 19.0816
internal_count=641 586 450 361 136 101 89
is_linear=0
shrinkage=0.03


Tree=97
num_leaves=6
num_cat=0
split_feature=20 23 31 24 19
split_gain=5.76024 5.80677 4.02549 3.78593 4.39972
threshold=0.035924589242775605 1.1925554353992758 -3.4999999999999996 0.79450306917718472 0.1791675678791563
decision_type=2 2 2 2 2
left_child=2 -2 -1 4 -4
right_child=1 -3 3 -5 -6
leaf_value=-0.018359418284317756 0.024006139539491277 -0.0048055685104176514 0.0042222560858426583 -0.019383846821017417 -0.010935053746519376
leaf_weight=10.563262969255446 14.608356818556787 8.0056557059288007 85.507118046283722 6.7197263836860648 19.239081382751465
leaf_count=46 66 34 381 31 83
internal_value=0.000294392 0.0136353 -0.00223697 -0.000280215 0.00114502
internal_weight=144.643 22.614 122.029 111.466 104.746
internal_count=641 100 541 495 464
is_linear=0
shrinkage=0.03


Tree=98
num_leaves=7
num_cat=0
split_feature=21 31 38 33 19 13
split_gain=5.03758 5.41026 4.37987 4.34298 3.85385 3.31111
threshold=0.035535476260591996 -3.4999999999999996 0.007793208369195284 0.64932757923404971 0.19780590280770655 -5.2309917672423216
decision_type=2 2 2 2 2 2
left_child=1 -1 5 -4 -2 -3
right_child=4 2 3 -5 -6 -7
leaf_value=-0.019452182043232027 0 0.0078655922204478573 0.0095906908409013059 -0.0039676103274062747 0.028178993715220632 -0.012763175074093094
leaf_weight=11.739573597908018 7.2378560006618482 6.6832938641309729 50.842020183801651 32.214024737477303 7.6590085923671722 28.126198649406433
leaf_count=51 32 30 220 144 34 130
internal_value=0.000266278 -0.00161413 0.000332346 0.00418599 0.0157685 -0.00818285
internal_weight=144.502 129.605 117.866 83.056 14.8969 34.8095
internal_count=641 575 524 364 66 160
is_linear=0
shrinkage=0.03


Tree=99
num_leaves=7
num_cat=0
split_feature=21 31 21 21 11 3
split_gain=4.80766 5.1529 4.27185 7.365 4.73349 1.68308
threshold=0.035535476260591996 -3.4999999999999996 0.017859860044039045 0.020762944435097127 0.00073201701566893995 0.014922682721993265
decision_type=2 2 2 2 2 2
left_child=1 -1 4 -4 -3 -2
right_child=5 2 3 -5 -6 -7
leaf_value=-0.01901498097767472 0.023666201221328623 0.0030728472546581987 0.01359004158131309 -0.003437910298014134 -0.019247902212315864 0.001356259005500937
leaf_weight=11.695861577987669 7.8345554172992689 13.459236815571787 37.395684391260147 50.831191420555115 16.082260027527809 7.0205958187580109
leaf_count=51 34 62 163 225 74 32
internal_value=0.000258152 -0.00157616 0.000319103 0.00375454 -0.00905289 0.0154244
internal_weight=144.319 129.464 117.768 88.2269 29.5415 14.8552
internal_count=641 575 524 388 136 66
is_linear=0
shrinkage=0.03


Tree=100
num_leaves=12
num_cat=0
split_feature=3 26 32 21 37 28 15 10 25 6 21
split_gain=5.03581 5.84718 5.1434 4.90529 4.67242 3.43055 2.94544 3.69276 2.75666 2.71495 2.52545
threshold=-0.0057869346518041312 0.31274253583590722 0.0026375737736435982 0.020014626687772725 0.05050124565546122 8.5000000000000018 -26.649562426545824 -0.032338640978772142 0.22123015873015875 0.030774623636366426 0.025273033789884648
decision_type=2 2 2 2 2 2 2 2 2 2 2
left_child=4 2 3 -2 6 8 7 -1 -3 -4 -8
right_child=1 5 9 -5 -6 -7 10 -9 -10 -11 -12
leaf_value=0 -0.0075933479681198424 0.0068124322072934942 -0.018954036588679925 0.017567139593468971 -0.023875703293451036 0 -0.0012439327735088042 -0.022076010332825462 0.030578056590767386 0.00099006503902738423 0.017051862725167746
leaf_weight=15.408543810248377 9.8326686620712298 12.358967304229738 14.996589317917826 13.973993375897406 9.8891895711421949 11.146925464272497 20.605721369385723 10.064032748341559 10.371292628347872 7.1973912864923468 7.183145895600318
leaf_count=65 44 54 70 61 45 50 91 45 45 33 30
internal_value=-0.000369919 0.004479 -0.00223497 0.00681095 -0.00668266 0.0136301 -0.00247038 -0.00964549 0.0198587 -0.0123191 0.00380913
internal_weight=143.028 79.8778 46.0006 23.8067 63.1506 33.8772 53.2614 25.4726 22.7303 22.194 27.7889
internal_count=633 357 208 105 276 149 231 110 99 103 121
is_linear=0
shrinkage=0.03


Tree=101
num_leaves=12
num_cat=0
split_feature=3 26 37 35 35 13 3 18 25 26 35
split_gain=4.7995 5.56305 4.48724 5.81818 6.11394 3.7255 3.44347 2.56294 2.33997 3.02527 0.875369
threshold=-0.0057869346518041312 0.31274253583590722 0.052503164413043375 -0.013830724059302966 0.04845855219862983 -2.1471770684500977 0.052088693700956153 0.16498646267480374 0.059017412935323386 0.50872946009389686 0.038397542527518043
decision_type=2 2 2 2 2 2 2 2 2 2 2
left_child=2 5 3 7 -5 10 -7 -1 -3 -10 -2
right_child=1 8 -4 4 -6 6 -8 -9 9 -11 -12
leaf_value=-0.026297902388282546 0.016181352962091649 0 -0.024079544597022703 0.012690413826844977 -0.011129820424374607 -0.014045556875374171 0.0053655405245337535 -0.0013351945308601354 0.025756502886644259 0.0034561212915929806 0
leaf_weight=8.5709508657455462 6.5945759415626508 7.4057895243167868 9.1268003582954389 24.169855162501335 13.024697020649908 22.73576432466507 9.6655305922031385 8.1386422812938672 14.596374511718752 11.845781058073042 6.9387882500886917
leaf_count=37 30 33 42 105 56 103 45 36 63 53 30
internal_value=-0.000357014 0.00437593 -0.00652882 -0.00253374 0.00382411 -0.00217192 -0.00784377 -0.0163836 0.0133058 0.0172391 0.00970333
internal_weight=142.814 79.7826 63.0309 53.9041 37.1946 45.9347 32.4013 16.7096 33.8479 26.4422 13.5334
internal_count=633 357 276 234 161 208 148 73 149 116 60
is_linear=0
shrinkage=0.03


Tree=102
num_leaves=12
num_cat=0
split_feature=3 26 32 21 37 35 35 28 6 24 34
split_gain=4.60605 5.25225 4.82997 4.59733 4.29647 5.67953 6.08516 3.29235 2.54459 1.87056 1.12735
threshold=-0.0057869346518041312 0.31274253583590722 0.0026375737736435982 0.020014626687772725 0.05050124565546122 -0.013830724059302966 0.04845855219862983 8.5000000000000018 0.030774623636366426 -0.17027151403589505 -0.025440079092487352
decision_type=2 2 2 2 2 2 2 2 2 2 2
left_child=4 2 3 -2 5 10 -7 9 -4 -3 -1
right_child=1 7 8 -5 -6 6 -8 -9 -10 -11 -12
leaf_value=-0.0036253050030487042 -0.0072644887288658101 0.0035728387711910477 -0.018332035323907727 0.017085800003666555 -0.023001434661786748 0.013029256931040204 -0.010854017982999458 0 0.000939521128984109 0.025071094735604593 -0.022840705103368504
leaf_weight=7.7721510082483318 9.8101738989353198 7.9056192934513101 14.916981011629106 13.976699233055113 9.7600786536931974 23.484338968992233 13.006092071533201 11.152091875672339 7.1990320384502402 14.77127580344677 8.9028674066066724
leaf_count=35 44 35 70 61 45 102 56 50 33 64 38
internal_value=-0.000349819 0.00428456 -0.00207295 0.00667703 -0.0064041 -0.00236182 0.0040053 0.012964 -0.0118792 0.0190812 -0.0160351
internal_weight=142.657 79.7319 45.9029 23.7869 62.9255 53.1654 36.4904 33.829 22.116 22.6769 16.675
internal_count=633 357 208 105 276 231 158 149 103 99 73
is_linear=0
shrinkage=0.03


Tree=103
num_leaves=8
num_cat=0
split_feature=19 40 7 11 26 4 21
split_gain=6.01053 6.87908 4.9015 4.7796 5.62639 1.32042 1.25144
threshold=0.10020865917216475 0.077008709422972679 0.0015413152950073665 0.043976075653441866 0.26636085626911321 0.015186731210872441 0.017444120024458418
decision_type=2 2 2 2 2 2 2
left_child=2 3 6 4 -2 -5 -1
right_child=1 -3 -4 5 -6 -7 -8
leaf_value=-0.027924760043959329 -0.0045313423428542171 -0.017407561410098079 0.0024753424319190155 0.0060486027913717755 0.01118186742876291 0.026186708143898535 -0.0085015469647718722
leaf_weight=9.3884543776512164 45.252570003271103 10.897485837340353 12.726130470633505 9.2086094021797198 33.543929323554039 9.6842864006757718 11.752259626984594
leaf_count=46 199 51 58 39 147 41 52
internal_value=-0.000352345 0.00300746 -0.0111101 0.00573882 0.00208338 0.0186077 -0.0194435
internal_weight=142.454 108.587 33.8668 97.6894 78.7965 18.8929 21.1407
internal_count=633 477 156 426 346 80 98
is_linear=0
shrinkage=0.03


Tree=104
num_leaves=10
num_cat=0
split_feature=18 32 32 18 37 16 17 37 5
split_gain=3.65015 6.68103 4.2663 4.26624 7.80932 3.89011 4.93053 3.85165 1.18686
threshold=0.20887941067595817 -0.0041828376296378358 -0.0067297015439923271 0.68004390079689392 0.0004673984535870091 26.405283192891634 -1.3824771427336324 0.010430226310732317 -0.076379641258371531
decision_type=2 2 2 2 2 2 2 2 2
left_child=2 5 -1 4 -3 6 -2 -5 -4
right_child=1 3 8 7 -6 -7 -8 -9 -10
leaf_value=-0.021855252395070822 0.0047743985728043717 0.0095249884510971682 0.0068905281277014301 -0.0084562909176537811 -0.015703748478021622 -0.0043688562127436482 0.031511860755911753 0.012923806853097103 -0.007007255897900422
leaf_weight=11.933200240135195 16.248365387320522 13.465342648327349 9.4501432329416293 8.9644324928522128 34.551662772893906 7.3152202516794196 11.347796037793158 20.293385520577431 8.6825147122144681
leaf_count=52 70 62 40 41 153 33 50 92 40
internal_value=-0.000344696 0.00206459 -0.00937044 -0.00272841 -0.00823102 0.0126531 0.0176624 0.00577126 0
internal_weight=142.252 112.186 30.0659 77.2748 48.017 34.9114 27.5962 29.2578 18.1327
internal_count=633 501 132 348 215 153 120 133 80
is_linear=0
shrinkage=0.03


Tree=105
num_leaves=12
num_cat=0
split_feature=36 14 17 34 34 36 11 21 20 10 37
split_gain=4.65363 5.87729 5.1419 4.46801 4.18345 3.99088 3.8107 3.7457 2.72355 2.7008 1.75878
threshold=0.0071938752021442577 1.3100739971255282 -6.2166497316418114 -0.017819490446640992 0.022966732154506623 0.0063170362415130325 0.024756048024536462 0.024645924652638752 0.026232990104225255 -0.043580130588995951 0.012848795880383681
decision_type=2 2 2 2 2 2 2 2 2 2 2
left_child=2 8 4 -3 -1 6 -4 -5 -2 -10 -7
right_child=1 3 5 7 -6 10 -8 -9 9 -11 -12
leaf_value=-0.024879584165061256 0 -0.017005840424214151 -0.00091223474393059816 -0.0055330552377701727 0.0010652961578278938 -0.020500418308524677 0.014487020060178987 0.021224093626075437 0.0044332665931525617 0.03367263018421613 0
leaf_weight=13.344661802053453 6.3831449449062374 9.0516053587198275 43.493936523795128 7.3088608682155591 6.8843821436166754 8.1786250919103605 18.439863741397858 6.9061208069324493 6.4502833262085923 9.4519145116209948 7.0431933403015128
leaf_count=60 30 41 195 32 31 36 80 30 30 43 31
internal_value=0.000238547 0.00804798 -0.00335185 -0.00199568 -0.0160738 0.000115994 0.00374781 0.00755585 0.0184523 0.0244707 -0.0125091
internal_weight=142.937 45.5519 97.3847 23.2666 20.229 77.1556 61.9338 14.215 22.2853 15.9022 15.2218
internal_count=639 206 433 103 91 342 275 62 103 73 67
is_linear=0
shrinkage=0.03


Tree=106
num_leaves=11
num_cat=0
split_feature=12 18 35 10 35 21 21 20 38 11
split_gain=4.91489 4.60344 5.41235 5.00839 6.04552 3.34045 4.71577 4.16602 4.08842 2.94057
threshold=52.544923159562082 0.21141315071007935 0.056294619725414836 -0.020164942670093052 0.01235924431332547 0.024801718682608043 0.021934122343741629 0.025308309547487362 0.0098489056799924892 0.039517984434296001
decision_type=2 2 2 2 2 2 2 2 2 2
left_child=1 3 9 4 -1 6 7 -2 -7 -3
right_child=5 2 -4 -5 -6 8 -8 -9 -10 -11
leaf_value=-0.011763240727965607 -0.015123193649141779 0.017290839435145745 -0.0097036667151431076 -0.023647489817433077 0.017348603833299555 0.018815624372884036 -0.026156535304161524 0.0057092863296087258 -0.0081250081804255699 0
leaf_weight=10.587722495198255 13.41461017727852 38.433996498584747 8.5890647321939451 6.9056919813156119 10.779452368617056 7.3941487818956366 11.033919036388395 16.705860644578934 8.4170638620853406 10.482203036546705
leaf_count=46 66 172 37 33 45 32 52 73 38 45
internal_value=0.000231624 0.00482639 0.00967335 -0.00452432 0.00250921 -0.00636176 -0.0108272 -0.00346573 0.00432975 0.0136178
internal_weight=142.744 85.7781 57.5053 28.2729 21.3672 56.9656 41.1544 30.1205 15.8112 48.9162
internal_count=639 378 254 124 91 261 191 139 70 217
is_linear=0
shrinkage=0.03


Tree=107
num_leaves=10
num_cat=0
split_feature=12 31 15 34 4 21 21 38 4
split_gain=4.64032 3.79821 4.61157 3.7049 3.68643 3.18706 4.5296 3.89958 2.69317
threshold=52.544923159562082 -3.4999999999999996 2.0140480557552802 0.0086489186812804836 -0.027738899991471107 0.024801718682608043 0.021934122343741629 0.0098489056799924892 0.070766810265990979
decision_type=2 2 2 2 2 2 2 2 2
left_child=1 -1 4 -4 -3 6 8 -7 -2
right_child=5 2 3 -5 -6 7 -8 -9 -10
leaf_value=-0.0097221820883043718 -0.0086154516747146727 -0.0052103293595699741 0.0052947231083667464 0.031469879677005097 0.010170633426192337 0.018368252672764523 -0.025685796215126355 -0.0079373235094047263 0.010142147459179757
leaf_weight=11.501608550548552 22.980966553092006 27.501695051789284 13.611540049314501 9.036287918686865 23.981053628027439 7.3956962674856177 10.937177523970602 8.4050844460725767 7.0817255973815909
leaf_count=51 107 122 59 38 108 32 52 38 32
internal_value=0.000199489 0.00466991 0.00729667 0.0180531 0.00178619 -0.00621459 -0.0105911 0.00421296 -0.00337196
internal_weight=142.433 85.6322 74.1306 22.6478 51.4827 56.8007 40.9999 15.8008 30.0627
internal_count=639 378 327 97 230 261 191 70 139
is_linear=0
shrinkage=0.03


Tree=108
num_leaves=9
num_cat=0
split_feature=12 31 26 38 4 32 14 38
split_gain=4.40363 3.61513 3.55462 3.01869 2.58364 1.97727 3.12287 1.33531
threshold=52.544923159562082 -3.4999999999999996 0.29372549019607846 0.0074457547465179392 0.12551906763337131 0.014611491252014887 120.63499841065961 0.0083020252050671813
decision_type=2 2 2 2 2 2 2 2
left_child=1 -1 3 -3 5 6 -2 -4
right_child=4 2 7 -5 -6 -7 -8 -9
leaf_value=-0.0094868776610409419 0 -0.011259235453248435 0.021407318074108037 0.0058267709718327534 0.0086914025245386876 -0.022156447509043612 -0.017424952715770638 0.0061359193578909236
leaf_weight=11.483166486024855 31.808293998241425 10.463739678263662 14.406864285469057 33.020049780607224 6.676164209842681 6.9795849919319144 11.188821941614149 16.22831404954195
leaf_count=51 146 46 64 144 30 34 51 73
internal_value=0.000197929 0.00455335 0.00711775 0.00107119 -0.0060582 -0.00857574 -0.00515106 0.0146491
internal_weight=142.255 85.6021 74.119 43.4838 56.6529 49.9767 42.9971 30.6352
internal_count=639 378 327 190 261 231 197 137
is_linear=0
shrinkage=0.03


Tree=109
num_leaves=13
num_cat=0
split_feature=12 31 15 4 4 5 25 23 10 12 33 14
split_gain=4.1813 3.53596 3.39222 3.51456 2.47261 2.2295 2.00017 3.06348 2.42006 1.48623 1.057 0.845671
threshold=52.544923159562082 -1.4999999999999998 2.0140480557552802 -0.027738899991471107 0.12551906763337131 0.010915859936614038 0.14595037453183524 1.0011002250668495 0.011756646698507069 39.992295839753474 0.32394003634161123 -70.323994452445717
decision_type=2 2 2 2 2 2 2 2 2 2 2 2
left_child=1 9 3 -3 6 -4 7 -2 -8 11 -11 -1
right_child=4 2 5 -5 -6 -7 8 -9 -10 10 -12 -13
leaf_value=-0.003292291085650486 -0.026638385647488081 -0.0055293552105844445 0.027554427050649293 0.011267764677679022 0.0084805767533882789 0.0029284800032079641 0.0090057593824621595 -0.0010471023858915282 -0.0080021197920640188 -0.016426018661722407 0 0.0091909857998089765
leaf_weight=6.8660188019275665 9.162759408354761 18.884717956185341 9.9404782354831713 20.99666990339756 6.6864296793937674 7.391180992126464 8.2073885947465914 9.1176772415637952 23.393872573971748 7.6875149905681592 6.8221220225095749 6.9629436284303683
leaf_count=30 45 84 43 95 30 31 36 41 109 35 30 30
internal_value=0.000180818 0.00442793 0.00870006 0.00307158 -0.00591811 0.019218 -0.00838983 -0.0159759 -0.00286535 -0.00370764 -0.010035 0.00241259
internal_weight=142.12 85.5516 57.213 39.8814 56.5681 17.3317 49.8817 18.2804 31.6013 28.3386 14.5096 13.829
internal_count=639 378 253 179 261 74 231 86 145 125 65 60
is_linear=0
shrinkage=0.03


Tree=110
num_leaves=6
num_cat=0
split_feature=33 4 20 21 34
split_gain=3.95786 3.92402 5.35245 3.22226 1.74791
threshold=0.032670566843228721 -0.065001351417401251 0.037583117218323282 0.017444120024458418 -0.01566275675201689
decision_type=2 2 2 2 2
left_child=-1 4 3 -3 -2
right_child=1 2 -4 -5 -6
leaf_value=0.020560629871241014 0 -0.010287192144250359 0.020426234232143969 0.0013797168717042784 -0.019314426581050433
leaf_weight=5.7747745364904395 7.351611033082011 25.485568508505821 9.2098665833473188 87.782948657870293 12.328328460454939
leaf_count=24 32 120 43 392 53
internal_value=-0.00017349 -0.00139337 0.000563159 -0.00124817 -0.0131904
internal_weight=147.933 142.158 122.478 113.269 19.6799
internal_count=664 640 555 512 85
is_linear=0
shrinkage=0.03


Tree=111
num_leaves=10
num_cat=0
split_feature=21 35 16 26 34 15 23 34 3
split_gain=3.03689 4.46986 3.84428 4.06063 4.04955 3.95985 3.43192 2.06935 2.00242
threshold=0.025196370352848274 0.0052147498903151188 -37.861649132490463 0.3096087456846951 -0.0043324841583393106 -54.627006138865589 1.0861961912373108 0.01529634996755991 -0.00065937631436641098
decision_type=2 2 2 2 2 2 2 2 2
left_child=2 6 -1 5 -5 -4 -2 8 -3
right_child=1 7 3 4 -6 -7 -8 -9 -10
leaf_value=0.015056448034768702 0.0064468939067998821 0.031421486459262439 0.0017611561297602664 0.014854885524154805 -0.0036598841347263459 -0.014406071077843655 -0.018192711063553024 0 0.0051440961951696408
leaf_weight=7.6812664270400992 9.106527164578436 7.1224495768547049 16.972695499658585 13.446779802441595 30.476054027676582 41.781463459134102 6.8818453699350348 7.0950260311365119 7.2486690282821682
leaf_count=33 42 30 76 61 138 190 30 32 32
internal_value=-0.000159138 0.00689647 -0.00276738 -0.00450628 0.00208179 -0.00958461 -0.00416837 0.0154299 0.0213313
internal_weight=147.813 37.4545 110.358 102.677 43.9228 58.7542 15.9884 21.4661 14.3711
internal_count=664 166 498 465 199 266 72 94 62
is_linear=0
shrinkage=0.03


Tree=112
num_leaves=7
num_cat=0
split_feature=33 18 20 39 34 36
split_gain=3.70203 5.35182 5.79494 4.8195 2.76423 3.75576
threshold=0.032670566843228721 0.20887941067595817 0.037583117218323282 1.0000000180025095e-35 -0.024214074270177018 0.0054855478218233346
decision_type=2 2 2 2 2 2
left_child=-1 4 3 -3 -2 -6
right_child=1 2 -4 -5 5 -7
leaf_value=0.019940905876293234 0.0005324945248011832 0.013895650042601335 0.020666322090142859 -0.0035533013818711658 -0.0018881585151444965 -0.03064913283601221
leaf_weight=5.763878569006919 7.2137269973754909 14.703590765595434 10.562485709786413 91.332463994622231 8.6906889677047747 9.363720774650572
leaf_count=24 32 65 50 413 39 41
internal_value=-0.000124705 -0.00131009 0.00134984 -0.000782434 -0.0133331 -0.0191217
internal_weight=147.631 141.867 116.599 106.036 25.2681 18.0544
internal_count=664 640 528 478 112 80
is_linear=0
shrinkage=0.03


Tree=113
num_leaves=7
num_cat=0
split_feature=37 4 10 35 4 38
split_gain=2.73553 3.90684 2.33952 2.481 3.69052 3.36587
threshold=0.055450841841269922 0.01455897009966778 0.058538786050069132 0.051122905301416728 0.015834061000751024 0.010960735630708594
decision_type=2 2 2 2 2 2
left_child=2 -2 3 5 -5 -1
right_child=1 -3 -4 4 -6 -7
leaf_value=0.0058234737040441676 0.00094385162454687862 -0.024530132148917087 0.01612962040585416 -0.016362495428917899 0.0036759375110960745 -0.0068673777984915845
leaf_weight=72.432101219892502 9.8132634609937686 7.528426304459571 6.9913364201784125 15.59489591419697 12.643303886055945 22.449175044894218
leaf_count=327 45 37 30 68 57 100
internal_value=-0.00010755 -0.0107324 0.00133608 0.000131739 -0.00724476 0.00258617
internal_weight=147.453 17.3417 130.111 123.119 28.2382 94.8813
internal_count=664 82 582 552 125 427
is_linear=0
shrinkage=0.03


Tree=114
num_leaves=7
num_cat=0
split_feature=33 4 21 10 13 23
split_gain=3.52933 3.58651 4.36189 3.87413 2.98892 2.49212
threshold=0.032670566843228721 -0.065001351417401251 0.017444120024458418 -0.0074075797261380907 3.2400658545030869 1.2090883905317333
decision_type=2 2 2 2 2 2
left_child=-1 5 4 -4 -3 -2
right_child=1 2 3 -5 -6 -7
leaf_value=0.01948983865928779 -0.0016123028531741662 -0.015777431949850117 0.012727107087087767 -3.4893281536006421e-05 0.0048110705735937573 -0.024009093241067512
leaf_weight=5.7581831961870185 11.824386566877367 18.700063973665241 27.593415960669518 69.10957133769989 6.6593195497989646 7.7522491067647925
leaf_count=24 52 90 123 312 30 33
internal_value=-0.00010711 -0.00126851 0.00059828 0.00363877 -0.0098662 -0.0125799
internal_weight=147.397 141.639 122.062 96.703 25.3594 19.5766
internal_count=664 640 555 435 120 85
is_linear=0
shrinkage=0.03


end of trees

feature_importances:
volatility=66
macro_topix_ret_20=57
atr_pct=56
macro_usdjpy_vol_20=48
bb_bandwidth=47
ma_5_20_cross=46
macro_usdjpy_ret_20=42
rsi=37
return_10d=35
ma_20_60_cross=33
vol_ratio=33
macro_topix_vol_20=33
macro_nikkei_ret_20=33
lower_shadow_pct=32
gap=29
macd_hist=28
macro_usdjpy_ret_60=28
bb_pct_b=27
month=27
macd_signal=21
macd_hist_change=21
return_20d=20
return_5d=19
div_ma_60=19
price_position_20d=19
macd=14
candle_body_pct=14
div_ma_5=13
rsi_change=12
upper_shadow_pct=12
return_2d=11
return_3d=11
streak=11
div_ma_20=9
vol_change=9
return_1d=7
div_ma_10=6
macro_topix_above_200dma=6

parameters:
[boosting: gbdt]
[objective: binary]
[metric: binary_logloss]
[tree_learner: serial]
[device_type: cpu]
[data_sample_strategy: bagging]
[data: ]
[valid: ]
[num_iterations: 500]
[learning_rate: 0.03]
[num_leaves: 15]
[num_threads: 0]
[seed: 42]
[deterministic: 0]
[force_col_wise: 0]
[force_row_wise: 0]
[histogram_pool_size: -1]
[max_depth: 4]
[min_data_in_leaf: 30]
[min_sum_hessian_in_leaf: 0.001]
[bagging_fraction: 0.7]
[pos_bagging_fraction: 1]
[neg_bagging_fraction: 1]
[bagging_freq: 5]
[bagging_seed: 400]
[bagging_by_query: 0]
[feature_fraction: 0.6]
[feature_fraction_bynode: 1]
[feature_fraction_seed: 30056]
[extra_trees: 0]
[extra_seed: 12879]
[early_stopping_round: 0]
[early_stopping_min_delta: 0]
[first_metric_only: 0]
[max_delta_step: 0]
[lambda_l1: 0.5]
[lambda_l2: 2]
[linear_lambda: 0]
[min_gain_to_split: 0]
[drop_rate: 0.1]
[max_drop: 50]
[skip_drop: 0.5]
[xgboost_dart_mode: 0]
[uniform_drop: 0]
[drop_seed: 17869]
[top_rate: 0.2]
[other_rate: 0.1]
[min_data_per_group: 100]
[max_cat_threshold: 32]
[cat_l2: 10]
[cat_smooth: 10]
[max_cat_to_onehot: 4]
[top_k: 20]
[monotone_constraints: ]
[monotone_constraints_method: basic]
[monotone_penalty: 0]
[feature_contri: ]
[forcedsplits_filename: ]
[refit_decay_rate: 0.9]
[cegb_tradeoff: 1]
[cegb_penalty_split: 0]
[cegb_penalty_feature_lazy: ]
[cegb_penalty_feature_coupled: ]
[path_smooth: 0]
[interaction_constraints: ]
[verbosity: -1]
[saved_feature_importance_type: 0]
[use_quantized_grad: 0]
[num_grad_quant_bins: 4]
[quant_train_renew_leaf: 0]
[stochastic_rounding: 1]
[linear_tree: 0]
[max_bin: 255]
[max_bin_by_feature: ]
[min_data_in_bin: 5]
[bin_construct_sample_cnt: 200000]
[data_random_seed: 175]
[is_enable_sparse: 1]
[enable_bundle: 1]
[use_missing: 1]
[zero_as_missing: 0]
[feature_pre_filter: 1]
[pre_partition: 0]
[two_round: 0]
[header: 0]
[label_column: ]
[weight_column: ]
[group_column: ]
[ignore_column: ]
[categorical_feature: ]
[forcedbins_filename: ]
[precise_float_parser: 0]
[parser_config_file: ]
[objective_seed: 16083]
[num_class: 1]
[is_unbalance: 0]
[scale_pos_weight: 1]
[sigmoid: 1]
[boost_from_average: 1]
[reg_sqrt: 0]
[alpha: 0.9]
[fair_c: 1]
[poisson_max_delta_step: 0.7]
[tweedie_variance_power: 1.5]
[lambdarank_truncation_level: 30]
[lambdarank_norm: 1]
[label_gain: ]
[lambdarank_position_bias_regularization: 0]
[eval_at: ]
[multi_error_top_k: 1]
[auc_mu_weights: ]
[num_machines: 1]
[local_listen_port: 12400]
[time_out: 120]
[machine_list_filename: ]
[machines: ]
[gpu_platform_id: -1]
[gpu_device_id: -1]
[gpu_use_dp: 0]
[num_gpu: 1]

end of parameters

pandas_categorical:[]
