tree
version=v4
num_class=1
num_tree_per_iteration=1
label_index=0
max_feature_idx=44
objective=binary sigmoid:1
feature_names=return_1d return_2d return_3d return_5d return_10d return_20d div_ma_5 div_ma_10 div_ma_20 div_ma_60 ma_5_20_cross ma_20_60_cross rsi rsi_change macd macd_signal macd_hist macd_hist_change bb_pct_b bb_bandwidth atr_pct volatility vol_change vol_ratio candle_body_pct upper_shadow_pct lower_shadow_pct day_of_week month is_month_end is_month_start streak gap price_position_20d macro_usdjpy_ret_20 macro_usdjpy_ret_60 macro_usdjpy_vol_20 macro_topix_ret_20 macro_topix_vol_20 macro_topix_above_200dma macro_nikkei_ret_20 macro_nikkei_above_200dma macro_nikkei_vi macro_jgb10y macro_bias_score
feature_infos=[-0.1141699037324776:0.13441372735938995] [-0.19133518347209377:0.13612964728312682] [-0.22273266152934201:0.14454775993237523] [-0.23363530099357099:0.18112488083889411] [-0.20385549483910137:0.20061177670150387] [-0.19941348973607043:0.28830480847595763] [-0.1581059390048154:0.089526600313242083] [-0.17522368814177663:0.11439259696790711] [-0.19466281783564676:0.1442723206388517] [-0.23907333754998342:0.22859988050189206] [-0.10435791917273396:0.10248486218939235] [-0.10226812783993278:0.11145133863368484] [10.30927835051547:95.288574793875142] [-25.809018567639242:34.723933579768826] [-216.00623749864826:296.46261441494971] [-175.16572175453263:256.52345312126988] [-129.78316098166164:101.20395624896054] [-68.20270156054417:36.124619730483801] [-0.34954870527145687:1.3169251499016366] [0.029020895794266127:0.32967894921919139] [0.01166213768115942:0.062480482356049867] [0.0078995819713752243:0.054283781274738811] [-0.73695870704547006:3.3122661963445186] [0.55222285234908097:1.9282758198633752] [-1:1] [0:0.94999999999999996] [0:0.99186991869918695] [0:4] [1:12] none [0:1] [-12:10] [-0.1145351823317925:0.13387978142076506] [0:1] [-0.10288784967882303:0.08505611680078462] [-0.13986255140503889:0.13160084488587853] [0.0023506467301043195:0.011841457708833433] [-0.21871130063915301:0.21255316252998058] [0.0039190494364641443:0.040640975235326525] [0:1] [-0.22859537662338159:0.23022297972565586] [0:1] none none none
tree_sizes=1076 980 1058 1091 1067 780 887 781 1075 1379 884 894 782 765 997 789 888 766 1066 775 1084 1093 1093 1099 1070 871 965 995 948 974 974 1100 1205 978 984 992 1081 998 1205 993 1173 1274 1054 997 1195 991 1307 972 1163 1197 1208 867 1180 1186 1292 894 1079 1090 893 1299 993 758 682 885 871 1217 973 1503 1403 977 992 1292 776 771 1370 873 1082 995 1099 956 1207 1102 882 1203 1392 1106 776 1087 1200 1415 1207 1054 895 1204 870 1205 888 991 1211 973 887 876 1615 974 1296 795 979 1089 1406 786 897 1063 999 1000 998 1509 1187 889 1167 1104 870

Tree=0
num_leaves=9
num_cat=0
split_feature=16 34 36 37 35 4 18 22
split_gain=14.8742 13.0655 13.05 13.7358 11.2698 12.1537 6.65674 4.38383
threshold=-30.684932113597799 0.020349607959124664 0.0049452748353441744 0.040281267130100724 0.02006690780908749 0.041822322149198683 0.56395926501156179 0.11366164234623789
decision_type=2 2 2 2 2 2 2 2
left_child=1 -1 3 6 5 -4 -2 -6
right_child=2 -3 4 -5 7 -7 -8 -9
leaf_value=-0.11602036474790582 -0.15347340245629623 -0.16093279659470067 -0.16478610755357739 -0.16854652493134278 -0.18343235942431366 -0.13590586239618938 -0.12391105265760115 -0.15934686096740933
leaf_weight=14.166417270898821 10.189879089593889 7.4560090899467459 35.291776359081268 12.178148180246351 23.85922908782959 18.142955452203751 19.882690906524658 13.172282725572584
leaf_count=57 41 30 142 49 96 73 80 53
internal_value=-0.153473 -0.131463 -0.157271 -0.143975 -0.163713 -0.15443 -0.133238 -0.175989
internal_weight=154.339 21.6224 132.717 42.2507 90.4662 53.4347 30.0726 37.0315
internal_count=621 87 534 170 364 215 121 149
is_linear=0
shrinkage=1


Tree=1
num_leaves=8
num_cat=0
split_feature=16 34 36 20 12 8 38
split_gain=14.0541 12.381 12.3322 20.2629 11.5394 8.7708 6.77015
threshold=-30.684932113597799 0.020349607959124664 0.0049452748353441744 0.033140118484894281 50.409506908888247 0.03230280960679268 0.0071439563937195751
decision_type=2 2 2 2 2 2 2
left_child=1 -1 4 6 -2 -6 -4
right_child=2 -3 3 -5 5 -7 -8
leaf_value=0.036386717415066175 -0.015780217869554317 -0.0072863562239589849 0.0011552427190316846 0.027871734712065575 0.032115205159518184 0.00049790209465055307 -0.019296311165974817
leaf_weight=14.202153503894808 10.188282921910284 7.4516473710536948 16.63896456360817 9.1963527053594571 16.423843398690224 15.66458937525749 64.556247442960739
leaf_count=57 41 30 67 37 66 63 260
internal_value=0 0.0213782 -0.00369462 -0.00996515 0.0092181 0.0180554 -0.0149979
internal_weight=154.322 21.6538 132.668 90.3916 42.2767 32.0884 81.1952
internal_count=621 87 534 364 170 129 327
is_linear=0
shrinkage=0.03


Tree=2
num_leaves=9
num_cat=0
split_feature=20 36 37 12 22 28 36 36
split_gain=13.1223 14.7997 14.1522 8.15061 6.73171 7.31156 5.52902 3.83308
threshold=0.033140118484894281 0.0049452748353441744 0.040281267130100724 50.623162742653896 0.11366164234623789 8.5000000000000018 0.006966976177447611 0.0060862271753773399
decision_type=2 2 2 2 2 2 2 2
left_child=1 2 3 -1 6 -6 -3 -2
right_child=7 4 -4 -5 5 -7 -8 -9
leaf_value=0 0.0015100087501486162 -0.024342004347106969 -0.014185735111393347 0.031921609626517571 0.010071148203629809 -0.017836119789245635 -0.0043910288271588058 0.030747292456398949
leaf_weight=11.676669612526895 7.4664702862501171 32.46661750972271 12.665239021182058 19.693876579403877 22.345821872353554 10.922686815261839 24.572321012616158 12.462941467761992
leaf_count=47 30 131 51 79 90 44 99 50
internal_value=0 -0.00338807 0.0104055 0.0210384 -0.0103563 0 -0.0164411 0.0216144
internal_weight=154.273 134.343 44.0358 31.3705 90.3074 33.2685 57.0389 19.9294
internal_count=621 541 177 126 364 134 230 80
is_linear=0
shrinkage=0.03


Tree=3
num_leaves=9
num_cat=0
split_feature=20 36 26 38 24 11 23 36
split_gain=12.4596 14.0022 6.73918 6.69472 8.09341 5.72795 5.60909 2.27821
threshold=0.033140118484894281 0.0049452748353441744 0.48074074074074075 0.0078699898157453142 -0.07742257742257741 -0.011543522047398556 1.0091740464396686 0.0066233793275400849
decision_type=2 2 2 2 2 2 2 2
left_child=1 3 5 -1 -5 -3 -2 -4
right_child=6 2 7 4 -6 -7 -8 -9
leaf_value=-0.0067373162940851843 0.037651456105196039 -0.016144452930274434 -0.035695896469841233 0.032669026448088376 0.0018482788596358483 0.00073019212382253638 0.0045238711944253955 -0.0087339723605002455
leaf_weight=12.685933560132979 8.2275071442127246 26.009687006473541 9.4002479463815707 14.19434340298176 17.168505594134331 46.37631268799305 11.719984009861944 8.4355507642030698
leaf_count=51 33 105 38 57 69 187 47 34
internal_value=0 -0.00329803 -0.010084 0.0101097 0.0173691 -0.00540259 0.021057 -0.0258667
internal_weight=154.218 134.271 90.2218 44.0488 31.3628 72.386 19.9475 17.8358
internal_count=621 541 364 177 126 292 80 72
is_linear=0
shrinkage=0.03


Tree=4
num_leaves=9
num_cat=0
split_feature=20 36 38 22 28 8 36 22
split_gain=11.8663 13.2914 6.35742 6.32113 6.90015 5.36119 3.66168 3.22479
threshold=0.033140118484894281 0.0049452748353441744 0.0078699898157453142 0.11366164234623789 8.5000000000000018 -0.023119637502686193 0.0060862271753773399 0.1959303262237915
decision_type=2 2 2 2 2 2 2 2
left_child=1 2 -1 5 -5 -3 -2 -4
right_child=6 3 7 4 -6 -7 -8 -9
leaf_value=-0.0065653733862357051 0.001025995646761599 0 0.022693861613664202 0.0099546917755745194 -0.01716193718370906 -0.02082729709549451 0.029440213116724356 8.8873207430092337e-05
leaf_weight=12.680093452334402 7.4744424819946316 14.113654464483259 22.174392789602283 22.352092519402504 10.895053043961523 42.779380768537521 12.488189890980719 9.213263198733328
leaf_count=51 30 57 89 90 44 173 50 37
internal_value=0 -0.003215 0.00983826 -0.00983431 0.000173446 -0.0157446 0.0205465 0.0169106
internal_weight=154.171 134.208 44.0677 90.1402 33.2471 56.893 19.9626 31.3877
internal_count=621 541 177 364 134 230 80 126
is_linear=0
shrinkage=0.03


Tree=5
num_leaves=6
num_cat=0
split_feature=14 20 21 28 35
split_gain=16.9599 11.7928 9.19134 8.24488 3.04068
threshold=158.27177230520013 0.03280848980242345 0.025143848467500212 8.5000000000000018 0.023703351062026371
decision_type=2 2 2 2 2
left_child=1 2 3 -1 -2
right_child=4 -3 -4 -5 -6
leaf_value=0.011465236189110287 -0.0078424293584528851 0.029061041760014113 -0.024872725528841913 -0.0044659487895288884 -0.035136500111903717
leaf_weight=66.988896876573563 10.675995603203775 15.232782453298567 8.171736463904379 47.591740146279335 8.675148740410803
leaf_count=270 43 61 33 192 35
internal_value=0.00186904 0.00573135 0.00229656 0.00475636 -0.0229261
internal_weight=157.336 137.985 122.752 114.581 19.3511
internal_count=634 556 495 462 78
is_linear=0
shrinkage=0.03


Tree=6
num_leaves=7
num_cat=0
split_feature=14 20 11 11 35 35
split_gain=16.1429 11.1876 11.2969 11.5021 8.68165 2.89749
threshold=158.27177230520013 0.03280848980242345 -0.017505978644864469 0.019552807983598822 0.048125426868596784 0.023703351062026371
decision_type=2 2 2 2 2 2
left_child=1 2 4 -4 -1 -2
right_child=5 -3 3 -5 -6 -7
leaf_value=-0.024367967993508259 -0.0076483930119322719 0.02827898474537616 0.020758025035597923 -0.000960355699848244 0.0027103629086212225 -0.034373402268632336
leaf_weight=18.816625639796257 10.669276908040048 15.239613160490988 36.010599076747894 48.630797505378723 19.31522735953331 8.6465328484773618
leaf_count=76 43 61 145 196 78 35
internal_value=0.00179237 0.00555973 0.00221133 0.00837246 -0.0108265 -0.022418
internal_weight=157.329 138.013 122.773 84.6414 38.1319 19.3158
internal_count=634 556 495 341 154 78
is_linear=0
shrinkage=0.03


Tree=7
num_leaves=6
num_cat=0
split_feature=14 20 23 6 36
split_gain=15.3806 10.6083 7.70228 6.52538 2.19812
threshold=158.27177230520013 0.03280848980242345 0.7517573933388858 -0.012800342644260701 0.0053118588045358997
decision_type=2 2 2 2 2
left_child=1 2 -1 -4 -2
right_child=4 -3 3 -5 -6
leaf_value=-0.018570034662296803 -0.029665498481833478 0.027528229343676849 -0.0085373005677676205 0.0086333189343129318 -0.0049667629273993626
leaf_weight=12.129246726632116 11.600043669342996 15.240095511078833 23.065067052841187 87.584459230303764 7.6759286522865287
leaf_count=49 47 61 93 353 31
internal_value=0.00172712 0.00540379 0.00214013 0.00483289 -0.0219266
internal_weight=157.295 138.019 122.779 110.65 19.276
internal_count=634 556 495 446 78
is_linear=0
shrinkage=0.03


Tree=8
num_leaves=9
num_cat=0
split_feature=14 11 14 26 28 17 6 1
split_gain=14.6254 8.21889 10.2213 10.0538 10.0838 5.13663 2.26984 1.92159
threshold=158.27177230520013 -0.017505978644864469 -123.33169221044271 0.48074074074074075 8.5000000000000018 1.5706673071662449 0.0061471269579809135 -0.0036599720021241451
decision_type=2 2 2 2 2 2 2 2
left_child=1 2 -1 4 -3 -4 -5 -2
right_child=7 3 5 6 -6 -7 -8 -9
leaf_value=0.01998638450906114 -0.0062890596472671154 0.021418618411528499 -0.022007277464142969 0 -0.00086418063723432042 4.4670171703886153e-05 -0.020636787097219594 -0.029647124610977481
leaf_weight=8.9464371800422651 8.6483267992734927 54.985907286405563 20.034338399767876 7.4229123890399915 24.829699411988258 14.359110385179518 7.453938901424408 10.584437027573584
leaf_count=36 35 221 81 30 100 58 30 43
internal_value=0.00165731 0.00524174 -0.00519201 0.0101809 0.0144517 -0.012892 -0.0108406 -0.021432
internal_weight=157.265 138.032 43.3399 94.6925 79.8156 34.3934 14.8769 19.2328
internal_count=634 556 175 381 321 139 60 78
is_linear=0
shrinkage=0.03


Tree=9
num_leaves=12
num_cat=0
split_feature=15 4 17 12 26 15 13 25 0 25 0
split_gain=10.5378 15.1985 7.14918 9.34846 9.18111 6.90322 6.60156 4.05194 4.04893 1.8768 4.01565
threshold=107.19383354266351 -0.0019329486204303079 -1.6690849310952076 40.49704661156656 0.3224826675470453 11.331543140004694 4.3866676357379513 0.041381278538812787 -0.01459011863290288 0.13819628647214857 0.0073153856029261064
decision_type=2 2 2 2 2 2 2 2 2 2 2
left_child=2 -2 3 8 7 -5 -6 -4 -1 -3 -11
right_child=1 9 4 5 6 -7 -8 -9 -10 10 -12
leaf_value=-3.7572105293018166e-05 0.017682678551631883 -0.034664832180689796 0 -0.0086438628196550404 0.007840921356061431 0.020947387513057001 -0.0202716466506302 0.023366240202034348 -0.029928743402296155 -0.023492039273877729 0.0011857029201920929
leaf_weight=7.6919384151697185 9.7026218026876432 8.8818108141422289 7.955583542585372 10.386641323566439 20.580503925681118 13.925163596868513 9.1705177128314954 38.783391565084457 10.150900408625601 11.826402306556703 8.1691280752420408
leaf_count=31 39 36 32 42 83 56 37 156 41 48 33
internal_value=0.00158715 -0.0115337 0.00609847 -0.00345384 0.0115078 0.00803906 -0.0010832 0.0195458 -0.0191014 -0.0223455 -0.013537
internal_weight=157.225 38.58 118.645 42.1546 76.49 24.3118 29.751 46.739 17.8428 28.8773 19.9955
internal_count=634 156 478 170 308 98 120 188 72 117 81
is_linear=0
shrinkage=0.03


Tree=10
num_leaves=7
num_cat=0
split_feature=16 21 9 33 19 17
split_gain=18.2701 7.49635 8.15828 10.7042 5.88562 1.29461
threshold=-29.260501999900359 0.026530424329538661 0.11041402677235924 0.53965924649576569 0.15165796378553084 5.6915468777531837
decision_type=2 2 2 2 2 2
left_child=4 2 3 -2 -1 -4
right_child=1 -3 5 -5 -6 -7
leaf_value=0.0046865707226711115 -0.01477683510520802 0.012158997896645695 -0.033863409486390841 0.0046856038997683033 0.036211822828153072 -0.0097780292183643602
leaf_weight=13.188725441694261 52.478874996304512 13.646601676940916 11.571214854717256 44.723479256033897 9.9702605158090574 7.4197328239679328
leaf_count=53 212 55 47 180 40 30
internal_value=-0.00266374 -0.00718693 -0.00975327 -0.0057569 0.0206546 -0.0269961
internal_weight=152.999 129.84 116.193 97.2024 23.159 18.9909
internal_count=617 524 469 392 93 77
is_linear=0
shrinkage=0.03


Tree=11
num_leaves=7
num_cat=0
split_feature=16 34 21 35 19 11
split_gain=17.3697 9.55376 7.11582 6.77358 8.21899 6.85408
threshold=-29.260501999900359 0.018187934621441419 0.026530424329538661 0.044535659883583552 0.087936522616196777 -0.018592928429077945
decision_type=2 2 2 2 2 2
left_child=1 -1 3 5 -5 -2
right_child=2 -3 -4 4 -6 -7
leaf_value=0.032892895571012042 -0.032867323866083216 -0.0044311355720981268 0.011835068810160368 0.017134058709350513 -0.010373987928818645 -0.0094102265074956885
leaf_weight=15.208867311477663 13.564474701881407 7.9490417242050162 13.654131427407263 14.876392111182211 21.005605399608612 66.632007449865341
leaf_count=61 55 32 55 60 85 269
internal_value=-0.00258035 0.0201513 -0.00699627 -0.00950134 0.000937153 -0.0142634
internal_weight=152.891 23.1579 129.733 116.078 35.882 80.1965
internal_count=617 93 524 469 145 324
is_linear=0
shrinkage=0.03


Tree=12
num_leaves=6
num_cat=0
split_feature=16 26 19 14 38
split_gain=16.6737 6.89313 4.67799 5.6364 2.25909
threshold=-47.052050847617451 0.48074074074074075 0.22725505466614634 143.69068333212138 0.0091393199057857501
decision_type=2 2 2 2 2
left_child=-1 2 3 -2 -3
right_child=1 4 -4 -5 -6
leaf_value=0.029305203525050685 -0.0013634042238314873 -0.028459180480669571 0.015576750961791321 -0.021424463957915436 -0.0067528856674503807
leaf_weight=11.448384866118429 94.724229723215103 12.09111298620701 9.6579863727092725 13.020508885383604 11.83609879016876
leaf_count=46 382 49 39 53 48
internal_value=-0.00250316 -0.0055574 -0.00227873 -0.00427064 -0.0196494
internal_weight=152.778 141.33 117.403 107.745 23.9272
internal_count=617 571 474 435 97
is_linear=0
shrinkage=0.03


Tree=13
num_leaves=6
num_cat=0
split_feature=16 40 40 1 19
split_gain=15.8438 4.75505 5.834 6.04753 4.32329
threshold=-47.052050847617451 0.071066003635154154 0.054325552589354349 -0.013784495168507103 0.14454779871939596
decision_type=2 2 2 2 2
left_child=-1 2 3 -2 -3
right_child=1 4 -4 -5 -6
leaf_value=0.028573409452738584 -0.016696881514032789 0 0.015374528969148385 -0.00057877505645944391 -0.026998161201626809
leaf_weight=11.440670520067213 27.681768730282784 8.8924712389707583 11.906357079744337 79.014697879552841 13.749604523181914
leaf_count=46 112 36 48 319 56
internal_value=-0.00243769 -0.00541815 -0.0027253 -0.0051288 -0.017549
internal_weight=152.686 141.245 118.603 106.696 22.6421
internal_count=617 571 479 431 92
is_linear=0
shrinkage=0.03


Tree=14
num_leaves=8
num_cat=0
split_feature=16 34 31 26 5 11 31
split_gain=15.3055 8.90905 6.90979 10.3444 7.19483 4.50976 2.05882
threshold=-29.260501999900359 0.018187934621441419 -1.4999999999999998 0.48074074074074075 0.083558467320987498 0.0027750743092549439 1.5000000000000002
decision_type=2 2 2 2 2 2 2
left_child=1 -1 5 4 -4 -2 -5
right_child=2 -3 3 6 -6 -7 -8
leaf_value=0.031320208529153883 -0.030020457321026192 -0.0046483944960542976 0.0076014173471887735 -0.030374417088184481 -0.011828763287696687 -0.0046828754961805883 -0.0066926250051514476
leaf_weight=15.175802782177927 14.509502023458483 7.9474668353795996 60.025670573115349 9.8195236772298831 21.422119915485382 14.322301253676413 9.3701491653919202
leaf_count=61 59 32 242 40 87 58 38
internal_value=-0.00236769 0.0189748 -0.00652424 -0.00249109 0.00215019 -0.0190407 -0.0212418
internal_weight=152.593 23.1233 129.469 100.637 81.4478 28.8318 19.1897
internal_count=617 93 524 407 329 117 78
is_linear=0
shrinkage=0.03


Tree=15
num_leaves=6
num_cat=0
split_feature=10 18 37 26 26
split_gain=10.679 8.21311 8.94257 6.25261 0.872077
threshold=-0.041926971100707304 0.059080969214690686 0.059959870293187396 0.40081967213114761 0.26792857142857146
decision_type=2 2 2 2 2
left_child=-1 -2 3 -3 -4
right_child=1 2 4 -5 -6
leaf_value=0.020430839484993465 -0.032012861326758422 0.0044929856875796691 -0.0098079857335100201 -0.010657407542685902 -0.03049467973180001
leaf_weight=14.394054129719732 7.6244804859161368 83.968359723687172 9.5888406485319155 32.268409475684166 7.5662858933210364
leaf_count=58 31 339 39 131 31
internal_value=-0.00236645 -0.00505151 -0.00294953 5.11026e-05 -0.0219463
internal_weight=155.41 141.016 133.392 116.237 17.1551
internal_count=629 571 540 470 70
is_linear=0
shrinkage=0.03


Tree=16
num_leaves=7
num_cat=0
split_feature=10 37 33 12 15 14
split_gain=10.1474 7.55521 10.6307 11.3809 4.70879 1.59196
threshold=-0.041926971100707304 0.059959870293187396 0.53965924649576569 58.52132289275503 -30.500800569812821 114.08318882104142
decision_type=2 2 2 2 2 2
left_child=-1 2 4 -4 -2 -3
right_child=1 5 3 -5 -6 -7
leaf_value=0.01989868913291875 -0.022013741472893048 -0.0074314698944760961 0.022754411861109769 -0.0025305661651106788 -0.0036198074978701822 -0.030764122418520362
leaf_weight=14.389177873730658 21.848719269037247 8.3634394109249133 21.618088498711586 46.233307927846909 33.626532807946205 9.240521162748335
leaf_count=58 89 34 87 187 136 38
internal_value=-0.00232202 -0.00494242 -0.00202353 0.00573157 -0.0116391 -0.0223333
internal_weight=155.32 140.931 123.327 67.8514 55.4753 17.604
internal_count=629 571 499 274 225 72
is_linear=0
shrinkage=0.03


Tree=17
num_leaves=6
num_cat=0
split_feature=10 18 31 24 38
split_gain=9.73229 8.24511 7.16502 5.26291 4.14172
threshold=-0.031840570182282694 0.10439744222380354 3.5000000000000004 0.69749619749619762 0.010753067047243549
decision_type=2 2 2 2 2
left_child=4 -2 3 -3 -1
right_child=1 2 -4 -5 -6
leaf_value=0 -0.032007705633875332 -0.0030659361004175506 -0.024194221924308965 0.015940197324412105 0.025574016792956584
leaf_weight=8.1747986674308795 7.8333772271871558 102.82517704367638 11.066843792796133 12.920608684420584 12.375814631581305
leaf_count=33 32 417 45 52 50
internal_value=-0.0022692 -0.00533814 -0.00310289 -0.000582185 0.0158632
internal_weight=155.197 134.646 126.813 115.746 20.5506
internal_count=629 546 514 469 83
is_linear=0
shrinkage=0.03


Tree=18
num_leaves=9
num_cat=0
split_feature=10 9 5 28 2 2 1 35
split_gain=9.23504 8.23847 11.6036 9.8147 7.78963 6.17334 3.71349 0.748133
threshold=-0.031840570182282694 -0.013982411295430793 0.091575831432111579 3.5000000000000004 -0.0010916999763125876 0.0082329476288737231 0.00053312450533404842 0.047106233781512803
decision_type=2 2 2 2 2 2 2 2
left_child=6 4 3 -3 7 -4 -1 -2
right_child=1 2 5 -5 -6 -7 -8 -9
leaf_value=0.025301590719656621 -0.036292152079812699 0.025006322672265414 0 -0.00023776215639628281 0.00056075504934267515 -0.025115368754728661 0 -0.013479499996277408
leaf_weight=11.62760065495968 10.739877894520765 16.122052192687988 14.479255259037016 54.019597694277763 11.083869159221647 19.541289523243904 8.9053554683923704 8.5776654928922635
leaf_count=47 44 65 59 218 45 80 36 35
internal_value=-0.00221135 -0.00520368 -0.000923402 0.00588906 -0.0184437 -0.0149325 0.0154546 -0.0290812
internal_weight=155.097 134.564 104.162 70.1416 30.4014 34.0205 20.533 19.3175
internal_count=629 546 422 283 124 139 83 79
is_linear=0
shrinkage=0.03


Tree=19
num_leaves=6
num_cat=0
split_feature=37 19 5 33 33
split_gain=8.90758 10.2682 6.72518 8.91787 1.10303
threshold=0.059959870293187396 0.22725505466614634 0.12481976467162005 0.56651441877126996 0.81380180352267939
decision_type=2 2 2 2 2
left_child=1 2 3 -1 -2
right_child=4 -3 -4 -5 -6
leaf_value=-0.0069432490128373235 -0.0065644510889385803 0.023704088412057435 -0.023375842724058436 0.0098426112931440674 -0.027383890220541794
leaf_weight=66.712860465049744 7.5967843681573894 13.351267009973524 10.257806852459906 46.654752165079117 10.39601059257984
leaf_count=271 31 54 42 188 43
internal_value=-0.00215518 0.000461592 -0.00226656 0 -0.02088
internal_weight=154.969 136.977 123.625 113.368 17.9928
internal_count=629 555 501 459 74
is_linear=0
shrinkage=0.03


Tree=20
num_leaves=9
num_cat=0
split_feature=20 17 9 11 1 35 14 21
split_gain=11.4038 8.67335 7.20105 10.1547 6.74782 5.6566 5.62089 4.34481
threshold=0.018548924822914269 -1.5082839653556144 0.11863917606512588 -0.017505978644864469 -0.013897919625542819 0.044156441153378807 -127.58058049697682 0.023154759114609479
decision_type=2 2 2 2 2 2 2 2
left_child=1 -1 3 6 -5 -3 -2 -4
right_child=2 5 7 4 -6 -7 -8 -9
leaf_value=-0.028557183167230847 0.015626844998485045 -0.011238343709911057 -0.021794509786526733 0.0016754715059086036 0.022653031095378504 0.017405566467400505 -0.010100786419833401 0.0047081302418980845
leaf_weight=14.964621037244795 8.1419445872306806 13.8401275575161 10.134097442030908 22.430847644805908 44.369911253452301 8.2006534487009031 27.158246800303459 7.8140317499637595
leaf_count=61 33 56 42 91 179 33 111 32
internal_value=0.00158522 -0.0124324 0.006162 0.00932093 0.0160805 0 -0.00324488 -0.010189
internal_weight=157.054 37.0054 120.049 102.101 66.8008 22.0408 35.3002 17.9481
internal_count=638 150 488 414 270 89 144 74
is_linear=0
shrinkage=0.03


Tree=21
num_leaves=9
num_cat=0
split_feature=20 16 26 2 2 37 20 19
split_gain=10.7961 7.25674 6.2945 6.94885 5.44643 6.86233 3.34071 1.48028
threshold=0.018548924822914269 -31.055920556071428 0.50142857142857156 0.049861713755755106 0.020483884970711633 0.020871591394298287 0.017380708170743612 0.14914174796953794
decision_type=2 2 2 2 2 2 2 2
left_child=4 7 3 -3 5 6 -1 -2
right_child=1 2 -4 -5 -6 -7 -8 -9
leaf_value=0.009054430370485006 0.008871656953781561 0.0084297166816646989 -0.015301329256622236 -0.017765739887712781 0.0072888075265982975 -0.032278916251598136 -0.015506826737191726 0.030707974112327202
leaf_weight=7.9159922152757662 10.185380905866625 79.259231224656105 13.152359023690222 8.072139233350752 7.9428467005491248 13.505224540829657 7.5775503814220428 9.345033794641493
leaf_count=32 41 322 54 33 32 55 31 38
internal_value=0.00153461 0.00598856 0.00238284 0.00549699 -0.0121144 -0.0180403 -0.00249999 0.0218987
internal_weight=156.956 120.014 100.484 87.3314 36.9416 28.9988 15.4935 19.5304
internal_count=638 488 409 355 150 118 63 79
is_linear=0
shrinkage=0.03


Tree=22
num_leaves=9
num_cat=0
split_feature=16 34 12 5 11 13 34 28
split_gain=10.2291 6.82795 5.97463 7.89121 11.4886 6.1593 5.40764 0.232765
threshold=-28.83831912797422 0.020349607959124664 43.366963790119833 0.097013036140040768 0.042077327235905522 -0.30443227506066245 0.01681893329815454 8.5000000000000018
decision_type=2 2 2 2 2 2 2 2
left_child=1 -1 5 6 -5 7 -4 -2
right_child=2 -3 3 4 -6 -7 -8 -9
leaf_value=0.028639957887582636 -0.012162452807116569 -0.0027471404577751467 0.00081942138484628643 0.011598933358218023 -0.023758526912638647 0.0011193909616405986 0.018343838498888983 -0.030831179952429705
leaf_weight=16.536532446742061 9.527360022068029 7.6789116710424414 46.266864627599716 11.289392828941347 19.365536406636238 14.240575253963469 23.953955039381981 8.0177474766969663
leaf_count=67 39 31 187 46 80 58 97 33
internal_value=0.00148285 0.0186644 -0.00177263 0.00172222 -0.0103651 -0.0127533 0.00734755 -0.023743
internal_weight=156.877 24.2154 132.661 100.876 30.6549 31.7857 70.2208 17.5451
internal_count=638 98 540 410 126 130 284 72
is_linear=0
shrinkage=0.03


Tree=23
num_leaves=9
num_cat=0
split_feature=5 31 6 21 28 40 5 40
split_gain=7.99538 9.30285 8.30757 12.1865 7.89725 4.04248 2.87358 0.414549
threshold=-0.08389172119284892 -1.4999999999999998 0.024470599754022614 0.012875316635804183 6.5000000000000009 0.017362636440365845 0.091575831432111579 0.0054584203168970289
decision_type=2 2 2 2 2 2 2 2
left_child=-1 4 3 -3 5 -2 -4 -6
right_child=1 2 6 -5 7 -7 -8 -9
leaf_value=0.021594402911989517 -0.011874583084497081 -0.015554422559632537 -0.00043431953561358551 0.012333247915957414 -0.011269073042438248 0.015836524454958065 -0.024401184771106428 -0.032105915778201523
leaf_weight=13.978564471006392 7.3445552885532361 15.009275659918783 10.186271995306017 75.806094214320183 7.3291360586881664 7.3734701126813889 8.7322973608970624 10.998158916831015
leaf_count=57 30 61 41 308 30 30 36 45
internal_value=0.00143576 -0.000705275 0.00342652 0.00732672 -0.0142663 0.00134469 -0.0134891 -0.0264397
internal_weight=156.758 142.779 109.734 90.8154 33.0453 14.718 18.9186 18.3273
internal_count=638 581 446 369 135 60 77 75
is_linear=0
shrinkage=0.03


Tree=24
num_leaves=9
num_cat=0
split_feature=20 6 17 34 11 34 2 34
split_gain=9.75718 10.2087 7.78292 7.19245 14.9698 6.10774 4.08024 2.74473
threshold=0.018548924822914269 0.023582882644829647 -1.5082839653556144 0.023752065802994719 -0.018592928429077945 0.01681893329815454 -0.0089449644938844868 0.0065712545350116178
decision_type=2 2 2 2 2 2 2 2
left_child=2 3 -1 4 -2 -4 -5 -3
right_child=1 7 5 6 -6 -7 -8 -9
leaf_value=-0.026999775932553729 -0.0045346605629343296 0 -0.013533216028076916 -0.016588665490627669 0.022670719474295047 0.01560260729765155 0.0062058404236569687 -0.022903527525485669
leaf_weight=14.810433134436606 25.174022138118744 8.3933635801076907 11.84472216665745 11.038725733757021 52.706919953227043 10.164447277784346 12.597893387079237 9.965597525238989
leaf_count=61 103 34 48 45 214 41 51 41
internal_value=0.00136417 0.00560349 -0.0116293 0.00943142 0.0137958 0 -0.00431815 -0.0136738
internal_weight=156.696 119.877 36.8196 101.518 77.8809 22.0092 23.6366 18.359
internal_count=638 488 150 413 317 89 96 75
is_linear=0
shrinkage=0.03


Tree=25
num_leaves=7
num_cat=0
split_feature=21 23 21 11 34 11
split_gain=9.05401 6.5762 4.92359 7.51565 2.49717 2.35928
threshold=0.027802766315322223 1.2166201596937449 0.013019403722309567 0.037334315499277133 0.018946996336555836 -0.0070559766063276177
decision_type=2 2 2 2 2 2
left_child=1 2 4 -4 -1 -2
right_child=5 -3 3 -5 -6 -7
leaf_value=-0.020744295428208954 0.0051227251884229021 0.017458624373303682 0.0072449929834419507 -0.0092303436690389686 0 0.029856512938380094
leaf_weight=15.585273250937464 8.5973939150571841 14.506051659584044 57.662235230207443 40.697088152170181 8.3583208769559842 10.291968166828154
leaf_count=64 35 59 234 166 34 42
internal_value=0.00248 -0.000217504 -0.00268187 0.000230608 -0.0143198 0.0208854
internal_weight=155.698 136.809 122.303 98.3593 23.9436 18.8894
internal_count=634 557 498 400 98 77
is_linear=0
shrinkage=0.03


Tree=26
num_leaves=8
num_cat=0
split_feature=20 23 28 9 21 0 5
split_gain=10.1809 7.59405 8.31988 9.23797 7.90841 4.7317 1.827
threshold=0.03298040173536157 1.2166201596937449 8.5000000000000018 0.11711485380177034 0.018312452056991575 0.0052909122191567856 0.020961509018471051
decision_type=2 2 2 2 2 2 2
left_child=1 2 3 -1 -4 -3 -2
right_child=6 5 4 -5 -6 -7 -8
leaf_value=0.0071124853200177536 0.029692911031280626 0.031535218018184964 -0.021447588408606943 -0.022229301226438521 0.0034626648337240992 0 0.0065869800999563037
leaf_weight=65.425843879580498 10.745157510042192 7.9089425504207593 30.730104312300682 9.1609399318695051 15.452242687344549 7.615096390247345 8.6077202409505826
leaf_count=265 44 32 126 38 63 31 35
internal_value=0.00241916 -0.000484067 -0.00321811 0.00282641 -0.0130037 0.0178693 0.0216979
internal_weight=155.646 136.293 120.769 74.5868 46.1823 15.524 19.3529
internal_count=634 555 492 303 189 63 79
is_linear=0
shrinkage=0.03


Tree=27
num_leaves=8
num_cat=0
split_feature=21 9 10 1 10 11 7
split_gain=8.24598 8.9735 8.48561 9.36557 7.52666 2.32298 1.57473
threshold=0.027802766315322223 0.11637976420417591 -0.0019380537209016111 -0.01321226784013668 -0.024690479648920901 -0.0070559766063276177 0.038491631247292775
decision_type=2 2 2 2 2 2 2
left_child=1 2 4 -4 -1 -2 -3
right_child=5 6 3 -5 -6 -7 -8
leaf_value=0.0094561577620840744 0.0045144592903526501 -0.026290735042906039 -0.008551662251908872 0.017655014957030743 -0.012308759627850791 0.028819759505928848 -0.0052999781170892024
leaf_weight=19.228084579110146 8.5833828151226061 9.8687376976013201 14.480980902910231 44.106824740767479 39.900910019874573 10.248669832944868 9.1145969331264478
leaf_count=78 35 41 59 178 163 42 38
internal_value=0.00236715 -0.00020101 0.00286564 0.0108615 -0.00490785 0.0199588 -0.0183929
internal_weight=155.532 136.7 117.717 58.5878 59.129 18.8321 18.9833
internal_count=634 557 478 237 241 77 79
is_linear=0
shrinkage=0.03


Tree=28
num_leaves=8
num_cat=0
split_feature=20 9 33 28 16 2 1
split_gain=9.38173 5.63063 9.24967 6.54224 6.49192 4.38121 3.04349
threshold=0.03298040173536157 0.11637976420417591 0.53142857142857147 6.5000000000000009 -30.208240829240314 0.032434180809474585 0.014041480126390839
decision_type=2 2 2 2 2 2 2
left_child=1 2 4 -4 -1 -3 -2
right_child=6 5 3 -5 -6 -7 -8
leaf_value=0.010224895464195515 0.029756170619758451 -0.027347664305410465 0.020003154055238358 0 -0.011192219026632654 0 0.0029041770492797348
leaf_weight=14.639430671930311 11.438261032104494 9.5512509942054766 29.03110109269619 26.672994703054428 48.318877562880516 7.9285561591386786 7.8374100923538199
leaf_count=59 47 40 117 108 198 33 32
internal_value=0.00229779 -0.000483037 0.00182928 0.0106365 -0.00581979 -0.0155265 0.0208426
internal_weight=155.418 136.142 118.662 55.7041 62.9583 17.4798 19.2757
internal_count=634 555 482 225 257 73 79
is_linear=0
shrinkage=0.03


Tree=29
num_leaves=8
num_cat=0
split_feature=20 9 11 20 11 7 15
split_gain=8.94424 5.35743 7.99354 9.43207 6.80585 4.45871 0.77424
threshold=0.03298040173536157 0.11637976420417591 -0.018592928429077945 0.018778359799862369 -0.034773323440773822 0.038491631247292775 137.05800448001105
decision_type=2 2 2 2 2 2 2
left_child=1 2 4 -4 -1 -3 -2
right_child=6 5 3 -5 -6 -7 -8
leaf_value=0.00076970084012677805 0.025925558617492784 -0.02803895125604167 -0.0071531314419206495 0.014018262177522473 -0.023809230447980941 0 0.0071271270752674403
leaf_weight=22.725247338414192 11.403690263628961 8.7881402522325534 25.683543100953102 55.514824077486992 14.684599652886389 8.6388768851757032 7.8309795707464209
leaf_count=93 47 37 105 224 60 36 32
internal_value=0.00224419 -0.000468148 0.00178278 0.00713035 -0.00921639 -0.0151664 0.0203707
internal_weight=155.27 136.035 118.608 81.1984 37.4098 17.427 19.2347
internal_count=634 555 482 329 153 73 79
is_linear=0
shrinkage=0.03


Tree=30
num_leaves=8
num_cat=0
split_feature=5 5 5 36 26 11 20
split_gain=13.8928 7.69817 11.5283 8.08969 6.24507 4.91474 1.03901
threshold=-0.081511623054129609 0.091575831432111579 -0.037039201052693586 0.006966976177447611 0.4865403186866249 0.042077327235905522 0.025417750276507344
decision_type=2 2 2 2 2 2 2
left_child=-1 2 3 -2 -4 -3 -7
right_child=1 5 4 -5 -6 6 -8
leaf_value=0.024948226502017654 -0.025779416280589967 0 0.010199608060560601 0.0067284985454612364 -0.01152874367064664 -0.03409971078291367 -0.010731094357695103
leaf_weight=16.098535746335983 18.719972237944607 11.045715510845186 67.341778740286827 8.3354957401752454 12.032330363988875 8.5932083576917666 8.1762945055961591
leaf_count=66 77 45 273 34 49 36 34
internal_value=0.000164296 -0.00302028 0.000607559 -0.0154741 0.00651907 -0.0165142 -0.0258626
internal_weight=150.343 134.245 106.43 27.0555 79.3741 27.8152 16.7695
internal_count=614 548 433 111 322 115 70
is_linear=0
shrinkage=0.03


Tree=31
num_leaves=9
num_cat=0
split_feature=5 5 5 36 26 4 36 33
split_gain=13.1981 7.35115 10.8811 7.71161 5.91361 3.00912 1.40401 0.622297
threshold=-0.081511623054129609 0.091575831432111579 -0.037039201052693586 0.006966976177447611 0.4865403186866249 0.085592774525472995 0.0061508225952353109 0.14321992822374394
decision_type=2 2 2 2 2 2 2 2
left_child=7 2 3 -2 -4 6 -3 -1
right_child=1 5 4 -5 -6 -7 -8 -9
leaf_value=0.031484600961364531 -0.025163274608237928 -0.0098408724692826705 0.0098979358550244142 0.0065640108802109522 -0.011244336156159985 -0.0015629252952393069 -0.033359595185524234 0.010213176209272876
leaf_weight=8.3148885518312472 18.652980938553814 9.5068368762731605 67.372880518436432 8.3381211012601835 12.017383158206938 10.707166135311125 7.5290460586547843 7.7642772793769828
leaf_count=34 77 40 273 34 49 44 31 32
internal_value=0.00013598 -0.00296631 0.000573854 -0.015068 0.00631565 -0.0161713 -0.0234359 0.0243089
internal_weight=150.204 134.124 106.381 26.9911 79.3903 27.743 17.0359 16.0792
internal_count=614 548 433 111 322 115 71 66
is_linear=0
shrinkage=0.03


Tree=32
num_leaves=10
num_cat=0
split_feature=26 35 35 33 19 16 36 22 25
split_gain=8.30293 7.92483 17.6174 6.0169 5.69465 4.79595 2.97804 2.36845 0.928614
threshold=0.50142857142857156 0.037746812475061627 0.023703351062026371 0.80206602144230466 0.089327591466869569 -15.146808184047433 0.0055173634771088402 -0.16972162755329409 0.23493100944081338
decision_type=2 2 2 2 2 2 2 2 2
left_child=1 2 3 -1 6 -6 -3 -2 -4
right_child=7 4 8 -5 5 -7 -8 -9 -10
leaf_value=0.011694140864953018 -0.0019762984261664459 0.038104233806758418 -0.011257931903319673 -0.0064796745695395071 0.016700725093637861 -0.005813688618710627 0.0071311321409504042 -0.024293968955241229 -0.034062882726546159
leaf_weight=42.268534228205681 8.9948304295539874 8.1918278783559781 8.075243681669237 23.280099451541901 13.126654714345934 16.571142479777336 7.353020265698432 12.027522161602972 10.180389568209646
leaf_count=173 37 33 33 95 53 68 30 50 42
internal_value=0.000116693 0.00313063 -0.00220793 0.00501677 0.0130117 0.00409048 0.0267913 -0.0163977 -0.0268234
internal_weight=150.069 129.047 83.8043 65.5486 45.2426 29.6978 15.5448 21.0224 18.2556
internal_count=614 527 343 268 184 121 63 87 75
is_linear=0
shrinkage=0.03


Tree=33
num_leaves=8
num_cat=0
split_feature=5 5 5 36 35 11 20
split_gain=12.3887 6.81066 10.2723 7.36062 6.66406 4.68543 0.981097
threshold=-0.081511623054129609 0.091575831432111579 -0.037039201052693586 0.006966976177447611 0.044535659883583552 0.042077327235905522 0.025417750276507344
decision_type=2 2 2 2 2 2 2
left_child=-1 2 3 -2 -4 -3 -7
right_child=1 5 4 -5 -6 6 -8
leaf_value=0.0235451184001025 -0.024617747694488757 0 0.00044579504774159748 0.0063769899957765146 0.019871646853281237 -0.032851251869157563 -0.010141096343620721
leaf_weight=16.047316208481789 18.577689111232761 11.024400368332865 58.584177672863007 8.3360822945833188 20.768485754728317 8.4770188778638857 8.1353872269391996
leaf_count=66 77 45 238 34 84 36 34
internal_value=0.000100051 -0.00290444 0.00049685 -0.0147218 0.00607793 -0.0156399 -0.0248204
internal_weight=149.951 133.903 106.266 26.9138 79.3527 27.6368 16.6124
internal_count=614 548 433 111 322 115 70
is_linear=0
shrinkage=0.03


Tree=34
num_leaves=8
num_cat=0
split_feature=5 14 5 35 36 33 28
split_gain=11.7599 6.5765 8.28322 11.8061 7.02034 0.649851 0.17903
threshold=-0.081511623054129609 158.27177230520013 -0.037039201052693586 0.037746812475061627 0.006966976177447611 0.14321992822374394 3.5000000000000004
decision_type=2 2 2 2 2 2 2
left_child=5 2 4 -4 -2 -1 -3
right_child=1 6 3 -5 -6 -7 -8
leaf_value=0.02997165206856035 -0.024038716953642996 -0.008495818966915241 -0.0030702240884066868 0.019469617656424461 0.0062214025709284347 0.0092767605263763854 -0.02554238043300399
leaf_weight=8.286825045943262 18.503720611333851 7.48964975774288 63.054498344659805 28.444615080952644 8.3382022082805616 7.7326612472534171 7.937335193157196
leaf_count=34 77 31 257 115 34 32 34
internal_value=8.96205e-05 -0.0028357 -0.00017078 0.00404296 -0.014339 0.022953 -0.020052
internal_weight=149.788 133.768 118.341 91.4991 26.8419 16.0195 15.427
internal_count=614 548 483 372 111 66 65
is_linear=0
shrinkage=0.03


Tree=35
num_leaves=8
num_cat=0
split_feature=16 0 19 35 5 5 35
split_gain=9.14327 8.96274 8.47321 6.33561 6.32758 4.20337 2.59822
threshold=-32.338288065552696 0.010149396063448115 0.2436727875321319 -0.019946893251553795 0.083558467320987498 -0.087504002987734072 0.046141183928610892
decision_type=2 2 2 2 2 2 2
left_child=5 2 3 -2 6 -1 -3
right_child=1 4 -4 -5 -6 -7 -8
leaf_value=0.031911240292963765 -0.027428036566272011 0.0062972940377686026 0.017198048253255892 -0.0075267641014161247 -0.0086905715559941685 0.0030804283061891266 0.028017690487150127
leaf_weight=7.149911284446719 18.528778433799744 17.521342098712925 7.5466659665107718 71.537782803177834 12.710023596882818 12.730854511260985 8.4091642051935178
leaf_count=30 76 71 31 294 53 52 34
internal_value=-0.00179142 -0.00470618 -0.00956079 -0.0122907 0.00705537 0.0161037 0.01538
internal_weight=156.135 136.254 97.6132 90.0666 38.6405 19.8808 25.9305
internal_count=641 559 401 370 158 82 105
is_linear=0
shrinkage=0.03


Tree=36
num_leaves=9
num_cat=0
split_feature=5 0 9 34 20 19 7 23
split_gain=7.61142 7.13081 7.06522 5.46543 6.67042 4.07397 2.34449 2.00627
threshold=-0.082013733562406141 0.010149396063448115 0.10293947366366145 0.023372289972194763 0.021683682803117738 0.087936522616196777 -0.026413146785603494 0.92144389645251989
decision_type=2 2 2 2 2 2 2 2
left_child=6 3 7 4 -2 -5 -1 -3
right_child=1 2 -4 5 -6 -7 -8 -9
leaf_value=0.025598934172310798 -0.012639521750775252 0.026853496859376019 -0.010453864922190897 0 0.0050551444585991102 -0.025807984574199163 0.0014462664048378085 0.0070342854871574814
leaf_weight=8.6245846599340457 35.239995524287224 7.8927539736032513 12.724227100610731 7.8903260231018093 36.425328373908997 20.388761162757874 8.0259078443050367 18.739253163337708
leaf_count=36 145 32 53 32 150 84 33 76
internal_value=-0.00171498 -0.00415682 0.00622919 -0.00843574 -0.00354916 -0.0192716 0.0161646 0.0148973
internal_weight=155.951 139.301 39.3562 99.9444 71.6653 28.2791 16.6505 26.632
internal_count=641 572 161 411 295 116 69 108
is_linear=0
shrinkage=0.03


Tree=37
num_leaves=8
num_cat=0
split_feature=16 31 8 4 20 38 26
split_gain=8.52925 8.33784 6.03953 8.98318 5.82853 3.90023 2.38692
threshold=-32.338288065552696 -1.4999999999999998 -0.031389799908458617 -0.020878096105997165 0.023891636248396835 0.012340049363042855 0.28629976580796257
decision_type=2 2 2 2 2 2 2
left_child=5 4 -3 -4 6 -1 -2
right_child=1 2 3 -5 -6 -7 -8
leaf_value=0.024605066119151569 -0.031995762871442304 -0.022776776135814438 0.024956196218178475 -0.0014654795506592294 0.0014856783625355901 -0.00039260355618623519 -0.0059468476409035393
leaf_weight=12.629969522356989 14.903108358383184 7.8158675432205191 11.235825732350348 86.214392706751823 8.6704301089048368 7.1594786345958701 7.1569478362798682
leaf_count=52 62 32 46 353 36 30 30
internal_value=-0.00165153 -0.00447087 -0.000210079 0.00187068 -0.0177031 0.015667 -0.025365
internal_weight=155.786 135.997 105.266 97.4502 30.7305 19.7894 22.0601
internal_count=641 559 431 399 128 82 92
is_linear=0
shrinkage=0.03


Tree=38
num_leaves=10
num_cat=0
split_feature=10 31 26 11 6 6 17 25 26
split_gain=7.49532 11.1245 4.82181 7.24727 5.20923 3.45946 2.37071 1.66025 1.24154
threshold=-0.025471297396730371 -1.4999999999999998 0.45320654577620528 0.037334315499277133 0.0094636141569357322 0.012836837686050904 -1.6690849310952076 0.38886088709677424 0.30402576489533018
decision_type=2 2 2 2 2 2 2 2 2
left_child=5 7 3 -3 -4 6 -1 8 -2
right_child=1 2 4 -5 -6 -7 -8 -9 -10
leaf_value=0.0016573356722068419 -0.030578246842492794 0.011956332418544751 0.0011486405442132199 -0.0060711196381876319 -0.025658451923597687 -0.0036777243548569011 0.025040258533886989 -0.005077895622881628 -0.00849600132998817
leaf_weight=7.6926114559173646 13.638372048735624 42.403859004378319 11.828953668475153 33.750256657600403 9.9502150118350965 7.2389400303363791 12.79612050950527 8.7020156234502775 7.6667941659688941
leaf_count=32 57 172 49 139 41 30 53 36 32
internal_value=-0.00161072 -0.00478329 8.12912e-05 0.00382402 -0.0115958 0.0118605 0.0178562 -0.0201413 -0.0246865
internal_weight=155.668 127.94 97.9333 76.1541 21.7792 27.7277 20.4887 30.0072 21.3052
internal_count=641 526 401 311 90 115 85 125 89
is_linear=0
shrinkage=0.03


Tree=39
num_leaves=8
num_cat=0
split_feature=16 0 19 35 23 14 38
split_gain=7.95975 7.92783 7.7732 6.00386 5.55707 4.0338 3.65407
threshold=-32.338288065552696 0.010149396063448115 0.2436727875321319 -0.019946893251553795 0.92144389645251989 17.399553948360339 0.012340049363042855
decision_type=2 2 2 2 2 2 2
left_child=6 2 3 -2 -3 -6 -1
right_child=1 4 -4 -5 5 -7 -8
leaf_value=0.023839160259563574 -0.026292327717768744 0.022508573001260232 0.016707796391563803 -0.0069000873522056215 0.011865885654801652 -0.010013429790577589 -0.00032325110179722417
leaf_weight=12.580707848072054 18.395366370677948 11.496455788612364 7.536569043993949 71.267441034317017 10.850082844495775 16.241569221019745 7.1568326056003562
leaf_count=52 76 47 31 294 44 67 30
internal_value=-0.00158212 -0.00430994 -0.00889581 -0.0115291 0.00674096 -0.000521904 0.0151642
internal_weight=155.525 135.787 97.1994 89.6628 38.5881 27.0917 19.7375
internal_count=641 559 401 370 158 111 82
is_linear=0
shrinkage=0.03


Tree=40
num_leaves=10
num_cat=0
split_feature=37 26 4 9 21 25 15 11 3
split_gain=7.3167 7.97457 8.79306 8.69837 8.24568 5.47499 5.4844 4.74424 2.83661
threshold=0.04391388434598565 0.50142857142857156 -0.024000059061191289 -0.043630775563721517 0.020456591535209519 0.26428687723868455 109.92213508595604 0.0051389008723257143 0.027073813571216857
decision_type=2 2 2 2 2 2 2 2 2
left_child=1 2 3 -1 -4 6 -2 -3 -7
right_child=5 7 4 -5 -6 8 -8 -9 -10
leaf_value=0.0013703285931100111 0.013618703426077789 0 -0.0064132154053709997 0.034196265264925266 0.016586702354355661 -0.032215326903439777 -0.017300526305803577 -0.029210797910567358 -0.0048829080236402261
leaf_weight=15.239879459142687 9.5714553594589251 9.6326099336147326 50.54620561003685 14.29368321597576 17.119972035288811 11.021185487508776 7.3208835721015921 8.197084575891493 7.7376267611980429
leaf_count=64 39 40 207 59 70 46 31 34 32
internal_value=-0.00135031 0.00226039 0.00580601 0.0188944 -6.96586e-05 -0.0128999 0 -0.0149484 -0.0232205
internal_weight=150.681 115.029 97.1997 29.5336 67.6662 35.6512 16.8923 17.8297 18.7588
internal_count=622 474 400 123 277 148 70 74 78
is_linear=0
shrinkage=0.03


Tree=41
num_leaves=11
num_cat=0
split_feature=37 4 8 10 18 15 25 15 5 3
split_gain=6.97996 5.64828 6.39371 8.86292 6.29239 5.35855 5.22679 5.22857 3.64183 2.69988
threshold=0.04391388434598565 -0.024000059061191289 0.012518096261923706 0.019707666059547994 0.11063125361994801 -64.98623250001431 0.26428687723868455 109.92213508595604 -0.065680999240800716 0.027073813571216857
decision_type=2 2 2 2 2 2 2 2 2 2
left_child=1 4 8 -4 -1 -6 7 -2 -3 -8
right_child=6 2 3 -5 5 -7 9 -9 -10 -11
leaf_value=-0.0032691665618141534 0.013271568335828826 0.0052243186459782062 0.023836282555106784 -0.0036315329752656857 0 0.030957027035496867 -0.031534595635675011 -0.016932256287141217 -0.015888789109716962 -0.0047687002955657974
leaf_weight=13.336506262421606 9.5793434530496615 7.3037109374999991 13.60041584074497 29.512817814946175 7.8476304709911338 14.286531507968904 10.96534137427807 7.2995306849479666 29.056622639298439 7.7332177162170401
leaf_count=56 39 30 55 121 33 59 46 31 120 32
internal_value=-0.0013207 0.00220295 -0.0021164 0.0053735 0.0118774 0.0211398 -0.0126155 0 -0.0112055 -0.02272
internal_weight=150.522 114.944 79.4736 43.1132 35.4707 22.1342 35.5774 16.8789 36.3603 18.6986
internal_count=622 474 326 176 148 92 148 70 150 78
is_linear=0
shrinkage=0.03


Tree=42
num_leaves=9
num_cat=0
split_feature=10 23 19 34 23 32 11 9
split_gain=6.2827 3.89013 3.15709 13.2611 6.29963 4.75089 6.4876 3.75248
threshold=-0.025471297396730371 1.056614010083464 0.080950074664558835 -0.0035264739107390693 0.96004092844515487 0.0047501083282834875 0.077900632171990516 0.11637976420417591
decision_type=2 2 2 2 2 2 2 2
left_child=1 -1 3 -2 -5 6 -4 -7
right_child=2 -3 5 4 -6 7 -8 -9
leaf_value=0.022674821017404194 -0.022562706916757491 0 -0.017445474351665453 0.030242949674952276 0 0.0069918255701041073 0.0054833488220560958 -0.013274372030745087
leaf_weight=12.077384382486345 9.548355847597124 12.560224011540411 44.694985404610634 11.294854044914247 10.954294741153715 27.651547133922577 12.345081642270086 9.2153949290513975
leaf_count=50 40 53 185 46 45 113 51 39
internal_value=-0.0012857 0.011844 -0.00412172 0.00358471 0.01636 -0.0069079 -0.0122113 0.00111769
internal_weight=150.342 24.6376 125.705 31.7975 22.2491 93.907 57.0401 36.8669
internal_count=622 103 519 131 91 388 236 152
is_linear=0
shrinkage=0.03


Tree=43
num_leaves=8
num_cat=0
split_feature=26 10 35 35 15 11 26
split_gain=6.94716 4.68331 5.19075 9.00271 6.16552 3.175 0.999693
threshold=0.50142857142857156 -0.031840570182282694 0.03816359954750282 0.024657156792030181 110.94720832665499 0.0062035407404481555 0.24809523809523812
decision_type=2 2 2 2 2 2 2
left_child=1 6 3 -3 -4 -2 -1
right_child=5 2 4 -5 -6 -7 -8
leaf_value=0.022241361961614328 -0.0032251988558467809 8.0145756973641131e-05 0.013553752322495378 -0.024093426807172275 -0.013950797974090516 -0.026988598369505411 0.0032313234271022125
leaf_weight=8.5998058468103391 12.533662095665933 56.795003533363342 31.995607271790504 15.838898614048956 7.1129217445850363 10.24323497712612 7.0728084295988074
leaf_count=36 52 234 131 66 30 43 30
internal_value=-0.00123977 0.00145747 -0.000672155 -0.00549466 0.00775108 -0.0158334 0.0158478
internal_weight=150.192 127.415 111.742 72.6339 39.1085 22.7769 15.6726
internal_count=622 527 461 300 161 95 66
is_linear=0
shrinkage=0.03


Tree=44
num_leaves=10
num_cat=0
split_feature=26 37 4 9 21 3 15 26 21
split_gain=6.62811 8.40686 7.76142 7.70703 7.432 5.88956 4.41812 2.53113 0.596632
threshold=0.50142857142857156 0.045269004480522519 -0.024000059061191289 -0.043630775563721517 0.020456591535209519 0.027073813571216857 110.94720832665499 0.61043360433604354 0.018312452056991575
decision_type=2 2 2 2 2 2 2 2 2
left_child=1 2 3 -1 -4 8 -7 -2 -3
right_child=7 5 4 -5 -6 6 -8 -9 -10
leaf_value=0.0016297820380409278 -0.025309103363330275 -0.030615076214856443 -0.0057488205210032466 0.032581120216721965 0.016097031724053766 0.016183836852160478 -0.013067514078394191 -0.0035746589976869249 -0.0095527565323542691
leaf_weight=15.44735959172249 10.528769165277483 8.0642356574535388 50.659139931201935 14.221469208598135 17.097643688321114 7.4221895486116392 6.9789630770683289 12.190082907676695 7.4443972855806342
leaf_count=65 44 34 208 59 70 30 30 51 31
internal_value=-0.00121248 0.00141843 0.00579968 0.0180603 0 -0.0118516 0.00122884 -0.0154868 -0.0236076
internal_weight=150.054 127.335 97.4256 29.6688 67.7568 29.9098 14.4012 22.7189 15.5086
internal_count=622 527 402 124 278 125 60 95 65
is_linear=0
shrinkage=0.03


Tree=45
num_leaves=8
num_cat=0
split_feature=9 11 11 4 15 2 36
split_gain=4.74476 6.22312 9.08 5.37636 4.77538 4.64128 2.89433
threshold=0.11637976420417591 0.074703458923319879 0.037334315499277133 -0.0099969742847239567 45.817879633028312 0.032434180809474585 0.0060633783058748588
decision_type=2 2 2 2 2 2 2
left_child=1 2 4 -3 -1 -2 -4
right_child=5 3 6 -5 -6 -7 -8
leaf_value=0.0021616965989078433 -0.023741129228800898 0.035994577962818963 -0.00010188380736965742 0.0023593515554869724 0.022082544610251106 0.0025965243947606402 -0.022177198973168527
leaf_weight=81.596548289060593 10.474480032920839 7.1991256326437023 9.8721662014722842 10.545149832963942 11.110548868775366 9.2108989059925062 14.960194289684294
leaf_count=337 45 30 40 43 45 39 62
internal_value=0.00128403 0.00341339 0.000651546 0.0190292 0.00512342 -0.011623 -0.0146219
internal_weight=154.969 135.284 117.539 17.7443 92.7071 19.6854 24.8324
internal_count=641 557 484 73 382 84 102
is_linear=0
shrinkage=0.03


Tree=46
num_leaves=11
num_cat=0
split_feature=34 19 19 40 1 19 34 24 6 28
split_gain=5.11457 6.6108 6.46621 6.25515 5.7377 5.18181 9.21055 3.068 1.75924 3.6329
threshold=0.023372289972194763 0.083597030124762953 0.11565726036262901 0.07815714545964593 0.0054462980690376259 0.083170316263578556 -0.0055182736971171589 -0.39284598562949075 -0.01368099803882061 5.5000000000000009
decision_type=2 2 2 2 2 2 2 2 2 2
left_child=2 -2 5 4 -4 6 -1 -7 -3 -10
right_child=1 8 3 -5 -6 7 -8 -9 9 -11
leaf_value=-0.015135228370265883 0.0099084147604952717 -0.026591609249340262 0.024171245321329964 -0.0099866265453020485 0.0031625718795599122 0.0021494503494700677 0.018137771789270674 -0.017426156519560972 -0.020856098594124885 0.0024237691792437033
leaf_weight=9.5613699257373828 11.073011517524717 8.4121327102184313 27.663650989532471 8.3756935745477659 23.50022429227829 8.2543096542358416 18.479194507002831 19.935993328690529 8.4425326436758059 11.178291231393812
leaf_count=40 45 35 115 36 97 34 76 82 35 46
internal_value=0.00125632 -0.00774077 0.00450265 0.0112779 0.0152858 -0.00255459 0.0060406 -0.0114348 -0.0154072 -0.00790207
internal_weight=154.876 39.106 115.77 59.5396 51.1639 56.2309 28.0406 28.1903 28.033 19.6208
internal_count=641 161 480 248 212 232 116 116 116 81
is_linear=0
shrinkage=0.03


Tree=47
num_leaves=8
num_cat=0
split_feature=9 11 11 28 7 11 38
split_gain=4.42781 5.96631 8.4419 6.54084 5.19375 4.52931 2.7306
threshold=0.11637976420417591 0.074703458923319879 0.037334315499277133 6.5000000000000009 0.038491631247292775 -0.018592928429077945 0.0097518973919920697
decision_type=2 2 2 2 2 2 2
left_child=1 2 5 -4 -2 -1 -3
right_child=4 6 3 -5 -6 -7 -8
leaf_value=-0.0020224177181644887 -0.024754756034518717 0.0017202128318967818 0 -0.030547058243890209 0.0031251052706798427 0.010849948912754157 0.027584603354734616
leaf_weight=42.416309580206871 9.9284190684556979 7.5771065205335644 14.708204686641695 10.076092496514319 9.6844973266124708 50.229241818189621 10.124095186591147
leaf_count=176 43 31 60 42 41 206 42
internal_value=0.00120792 0.00326771 0.000562599 -0.0141749 -0.0112789 0.00487985 0.0185731
internal_weight=154.744 135.131 117.43 24.7843 19.6129 92.6456 17.7012
internal_count=641 557 484 102 84 382 73
is_linear=0
shrinkage=0.03


Tree=48
num_leaves=10
num_cat=0
split_feature=34 20 37 14 11 0 20 0 38
split_gain=4.85668 4.8868 7.08258 4.98526 7.73762 4.085 2.71723 1.3909 0.576917
threshold=0.023372289972194763 0.018404334939760767 0.020871591394298287 153.04296772480441 -0.019855157688604904 0.012510822414140923 0.020468111856618464 -0.0043785280647566363 0.010194125884277275
decision_type=2 2 2 2 2 2 2 2 2
left_child=1 2 -1 4 -3 6 -2 -8 -5
right_child=5 3 -4 8 -6 -7 7 -9 -10
leaf_value=0.007736753110086818 0 -0.0017056758837024873 -0.022792636672008135 -0.012766175757978004 0.017254746498848963 0.0086259048915829761 -0.0063390501114048417 -0.026999569522114804 0
leaf_weight=11.609551325440409 11.837324693799021 27.956127509474754 11.268532142043112 6.9078246951103193 50.74729560315609 8.2961740493774396 9.2033200711011904 9.7047105431556684 7.1202154010534286
leaf_count=48 49 116 47 30 209 34 38 40 30
internal_value=0.00116472 0.00433348 -0.00732095 0.00746098 0.0104586 -0.007607 -0.0127046 -0.019229 -0.00762765
internal_weight=154.651 115.61 22.8781 92.7315 78.7034 39.0415 30.7454 18.908 14.028
internal_count=641 480 95 385 325 161 127 78 60
is_linear=0
shrinkage=0.03


Tree=49
num_leaves=10
num_cat=0
split_feature=34 26 20 38 24 9 20 32 37
split_gain=4.59792 4.78982 4.79709 5.91309 4.02291 4.61923 3.57318 3.85353 3.78297
threshold=0.023372289972194763 0.13457990944155629 0.032098414585376281 0.011534206259413921 -0.74087396749267243 0.044497357460218517 0.02621878072749995 0.0046504552217725434 0.013197012950129762
decision_type=2 2 2 2 2 2 2 2 2
left_child=1 4 3 -3 -1 -6 7 8 -2
right_child=6 2 -4 -5 5 -7 -8 -9 -10
leaf_value=-0.0031453208496190037 0.0026840374418092392 0.00077377699402909536 0.015462047799484162 -0.020929998856022959 0.027835546152983892 0.0018977368823529239 -0.023580564463295983 0.0095822522842718989 -0.0214406483942183
leaf_weight=8.6185656785964948 8.6893695294857078 54.332519471645355 12.767220079898832 11.867736577987669 16.065142840147022 11.879141196608542 7.6484215110540381 12.529402896761892 10.133779034018515
leaf_count=36 36 226 54 49 66 49 32 51 42
internal_value=0.00110333 0.00419008 0 -0.0033968 0.0128568 0.0181735 -0.0074329 -0.00186615 -0.0103954
internal_weight=154.531 115.53 78.9675 66.2003 36.5628 27.9443 39.001 31.3526 18.8231
internal_count=641 480 329 275 151 115 161 129 78
is_linear=0
shrinkage=0.03


Tree=50
num_leaves=10
num_cat=0
split_feature=10 33 28 37 21 17 6 34 38
split_gain=5.27758 8.92152 7.29687 10.4788 4.16386 5.24462 3.06233 1.33047 1.26281
threshold=-0.03509478373801949 0.41650407314572185 2.5000000000000004 0.034534340538737059 0.015401014750285208 -4.1685475449754721 0.0089689105486993343 -0.0052016892422453434 0.011020660103929368
decision_type=2 2 2 2 2 2 2 2 2
left_child=8 4 6 -4 7 -6 -3 -2 -1
right_child=1 2 3 -5 5 -7 -8 -9 -10
leaf_value=0.0025678633113163829 -0.033428662068253422 0.029199351538813027 0.009074829789559034 -0.012557213676878494 -0.017667383937368039 0.0088817131268942411 0.0017478517443163455 -0.011360447139852891 0.020824413323994043
leaf_weight=8.5055355876684207 7.2606034576892879 10.036832928657534 41.690989211201668 35.244550511240959 10.148616120219232 12.413124606013296 7.4238470941781989 12.336269468069075 10.417473763227461
leaf_count=35 31 41 171 147 42 51 31 52 45
internal_value=0.000242866 -0.00178498 0.00323394 -0.000711967 -0.0129999 -0.00291596 0.0196776 -0.0225697 0.0143652
internal_weight=155.478 136.555 94.3962 76.9355 42.1586 22.5617 17.4607 19.5969 18.923
internal_count=646 566 390 318 176 93 72 83 80
is_linear=0
shrinkage=0.03


Tree=51
num_leaves=7
num_cat=0
split_feature=25 23 23 2 13 20
split_gain=5.36176 4.63415 6.52804 4.4568 5.15481 6.4287
threshold=0.089087301587301604 1.0931433502755945 0.93973004455680209 -0.039308770295824684 8.4553385103787893 0.018548924822914269
decision_type=2 2 2 2 2 2
left_child=1 2 -1 -2 5 -5
right_child=3 -3 -4 4 -6 -7
leaf_value=0 -0.014532827052927471 0.0042233808100813333 -0.029977607646345588 -0.0053382696947241693 -0.011401472435061455 0.011944070244391182
leaf_weight=11.172564774751665 9.0367986708879453 12.17970225214958 12.708595305681227 23.247525110840797 12.256464898586271 74.699897900223732
leaf_count=46 38 51 53 97 50 311
internal_value=0.000237393 -0.00948607 -0.0168437 0.00340967 0.00524747 0.00766734
internal_weight=155.302 36.0609 23.8812 119.241 110.204 97.9474
internal_count=646 150 99 496 458 408
is_linear=0
shrinkage=0.03


Tree=52
num_leaves=10
num_cat=0
split_feature=9 33 10 28 11 6 12 25 21
split_gain=5.56273 8.01478 11.3088 11.0997 10.5213 6.5267 3.80969 1.749 1.49121
threshold=0.11863917606512588 0.53965924649576569 -0.027834497393911414 6.5000000000000009 0.029180414956051618 0.0089689105486993343 45.191794192680057 0.15382529823523614 0.024017415512905874
decision_type=2 2 2 2 2 2 2 2 2
left_child=1 2 7 5 -5 -3 -4 -1 -2
right_child=8 3 6 4 -6 -7 -8 -9 -10
leaf_value=0 -0.019508407346884676 0.03443138240333541 -0.018370588503144554 0.0082838662321402627 -0.028121631434053215 0.0040100438883565242 -0.0014050664855831067 0.018098595944684381 -0.00034135396361490464
leaf_weight=7.3347150981426266 12.405038073658945 16.972862347960476 29.497425392270088 23.448438927531246 7.866838425397872 12.265168949961661 23.036750227212906 15.243604511022566 7.2064141333103171
leaf_count=31 54 69 124 96 33 50 95 64 30
internal_value=0.000205265 0.00251657 -0.00385619 0.0105319 -0.00155064 0.0232238 -0.0115305 0.0128749 -0.0138428
internal_weight=155.277 135.666 75.1125 60.5533 31.3153 29.238 52.5342 22.5783 19.6115
internal_count=646 562 314 248 129 119 219 95 84
is_linear=0
shrinkage=0.03


Tree=53
num_leaves=10
num_cat=0
split_feature=9 33 10 36 37 4 33 34 25
split_gain=5.30398 7.57411 10.7516 4.55976 5.29956 4.15845 4.05439 1.73171 1.49182
threshold=0.11863917606512588 0.53965924649576569 -0.025471297396730371 0.0056356441395396381 0.045269004480522519 0.043802695366954698 0.10169829141319871 0.015728291915636742 0.20582497212931997
decision_type=2 2 2 2 2 2 2 2 2
left_child=1 2 7 4 -3 -5 -4 -1 -2
right_child=8 3 6 5 -6 -7 -8 -9 -10
leaf_value=0.016126669675743558 -0.022694018420814425 0.024948038255885482 -0.030709474803198092 -0.0080822034845838848 -0.0016103761771547175 0.012763364279419919 -0.0070870978428169426 0 -0.0038334851841353547
leaf_weight=17.387422382831577 7.8924289643764522 22.680117428302768 7.2191560268402091 16.323356643319133 7.5868505090475074 13.936089068651198 42.357362017035484 8.0313136130571348 11.65535134077072
leaf_count=74 34 92 31 68 31 57 176 33 50
internal_value=0.000192996 0.00245169 -0.00374603 0.0102451 0.0181387 0.0012494 -0.0118752 0.0112716 -0.0135442
internal_weight=155.069 135.522 74.9953 60.5264 30.267 30.2594 49.5765 25.4187 19.5478
internal_count=646 562 314 248 123 125 207 107 84
is_linear=0
shrinkage=0.03


Tree=54
num_leaves=11
num_cat=0
split_feature=25 28 11 35 11 6 23 23 25 40
split_gain=4.98405 4.90588 11.1793 4.88626 5.05119 4.69624 4.38167 6.18353 3.23783 3.17803
threshold=0.089087301587301604 6.5000000000000009 0.036522986569358158 0.029429480690882918 -0.044767755910680988 0.0050930491601457349 1.0931433502755945 0.93973004455680209 0.27320574162679429 0.010482509687188115
decision_type=2 2 2 2 2 2 2 2 2 2
left_child=6 3 5 4 -2 -3 7 -1 -5 -4
right_child=1 2 9 8 -6 -7 -8 -9 -10 -11
leaf_value=0 -0.0037588783001174541 -0.002649907516760577 -0.0061240339317055791 0.0078176087348195734 0.02010994666552365 0.01593901054634576 0.0040932382257134669 -0.029240892088386681 -0.015271837777671236 -0.036245068127319029
leaf_weight=11.157077714800836 8.3688573986291868 26.916496649384499 8.6618022024631482 8.8829643428325671 32.377963185310364 18.346221402287483 12.151221260428427 12.616177216172217 8.41563832759857 6.9594411551952353
leaf_count=46 35 113 36 37 134 75 51 53 36 30
internal_value=0.000167415 0.00323346 -0.00250233 0.00938251 0.0149102 0.00492296 -0.00922256 -0.0164001 -0.00305655 -0.0229853
internal_weight=154.854 118.929 60.884 58.0454 40.7468 45.2627 35.9245 23.7733 17.2986 15.6212
internal_count=646 496 254 242 169 188 150 99 73 66
is_linear=0
shrinkage=0.03


Tree=55
num_leaves=7
num_cat=0
split_feature=35 24 2 11 35 24
split_gain=5.0269 3.95042 7.86788 10.1974 5.66864 5.37784
threshold=-0.083440988298122395 -0.40921910805570244 -0.030398128588276448 0.0027750743092549439 0.06899384704544477 0.69749619749619762
decision_type=2 2 2 2 2 2
left_child=-1 2 -2 -4 5 -3
right_child=1 4 3 -5 -6 -7
leaf_value=0.019585008814571106 -0.013750335229048189 -0.011194589297720417 -0.0053312646975381085 0.026670043256470558 0.014396382555523994 0.0067602570426448533
leaf_weight=8.021539628505705 12.058085113763807 78.146960154175758 14.024466708302496 18.031264677643776 9.2054860144853574 15.950434431433676
leaf_count=33 51 327 59 75 38 66
internal_value=-0.000843326 -0.00230258 0.00489009 0.0127381 -0.00555108 -0.00791762
internal_weight=155.438 147.417 44.1138 32.0557 103.303 94.0974
internal_count=649 616 185 134 431 393
is_linear=0
shrinkage=0.03


Tree=56
num_leaves=9
num_cat=0
split_feature=26 25 28 16 19 15 37 25
split_gain=7.09096 4.69078 4.5945 3.4181 3.90559 3.20515 2.77261 0.755703
threshold=0.098816568047337294 0.13457226629872374 2.5000000000000004 -47.052050847617451 0.084093329983331147 -16.860884690901297 0.040281267130100724 0.41254370629370635
decision_type=2 2 2 2 2 2 2 2
left_child=1 -1 5 -4 -5 -2 7 -3
right_child=2 6 3 4 -6 -7 -8 -9
leaf_value=-0.0045374260307078414 -0.0051634628735399389 0.02749885612877068 0.009836828258304486 0.00085522123295366046 -0.012552777815454642 0.017457567507768602 0 0.0082196423478603196
leaf_weight=11.547809824347494 7.2009588778018978 11.821405857801443 7.2691703438758841 24.089952886104584 67.223305732011795 11.185189500451086 7.0374081730842581 7.9549468904733649
leaf_count=48 30 49 31 100 281 47 30 33
internal_value=-0.000798834 0.00996244 -0.00456238 -0.00721252 -0.00891226 0.00822483 0.0166091 0.0218999
internal_weight=155.33 38.3616 116.969 98.5824 91.3133 18.3861 26.8138 19.7764
internal_count=649 160 489 412 381 77 112 82
is_linear=0
shrinkage=0.03


Tree=57
num_leaves=9
num_cat=0
split_feature=26 35 11 35 26 37 19 17
split_gain=6.70805 4.51606 4.94363 5.55891 5.37565 3.30648 3.67868 1.58208
threshold=0.098816568047337294 -0.080758289681522974 -0.017505978644864469 0.055740524400693443 0.4865403186866249 0.02514554969206995 0.13086785008377075 -4.4781523265489431
decision_type=2 2 2 2 2 2 2 2
left_child=5 -2 3 -3 -4 7 -7 -1
right_child=1 2 4 -5 -6 6 -8 -9
leaf_value=0.0028591080879877898 0.015444331319279732 -0.024449490289788205 0.0020242014703495724 0.0012688534179247156 -0.016207441129530906 -0.01318042888638222 0.011588494561490321 0.023243913044197029
leaf_weight=7.6382236033678081 7.2479344010353079 20.2944400459528 63.282949179410934 9.5502364337444288 16.480904638767242 8.1512184441089648 9.5218650251626951 13.043894514441488
leaf_count=32 30 85 264 40 70 34 40 54
internal_value=-0.000750752 -0.00441698 -0.00611794 -0.0161858 -0.00186369 0.00971273 0 0.0172927
internal_weight=155.212 116.856 109.609 29.8447 79.7639 38.3552 17.6731 20.6821
internal_count=649 489 459 125 334 160 74 86
is_linear=0
shrinkage=0.03


Tree=58
num_leaves=7
num_cat=0
split_feature=35 24 2 15 35 36
split_gain=4.53354 3.59082 7.54382 9.60211 5.30538 4.92413
threshold=-0.083440988298122395 -0.40921910805570244 -0.030398128588276448 26.558767596097187 0.06899384704544477 0.0048146880519967508
decision_type=2 2 2 2 2 2
left_child=-1 2 -2 -4 5 -3
right_child=1 4 3 -5 -6 -7
leaf_value=0.018710546050379806 -0.01351669930693219 0.0024878759227811961 -0.0029441154796857397 0.027926422360283483 0.014057227979972844 -0.011930601735573126
leaf_weight=7.9902822077274314 12.028206080198286 27.936956867575645 16.384715601801872 15.625341296195982 9.2113305628299695 65.895908519625664
leaf_count=33 51 116 69 65 38 277
internal_value=-0.000716641 -0.00210949 0.00474542 0.01244 -0.00521647 -0.00751892
internal_weight=155.073 147.082 44.0383 32.0101 103.044 93.8329
internal_count=649 616 185 134 431 393
is_linear=0
shrinkage=0.03


Tree=59
num_leaves=11
num_cat=0
split_feature=34 12 4 4 15 3 4 9 11 2
split_gain=6.78499 6.77766 5.95903 5.02373 4.12119 5.07802 3.68904 3.42908 6.26016 0.246189
threshold=0.023752065802994719 45.191794192680057 0.014214844102289683 -0.024000059061191289 -67.667342593129788 -0.014585138533993734 0.053074397648624767 -0.031708480560905687 0.036522986569358158 -0.017006105254650013
decision_type=2 2 2 2 2 2 2 2 2 2
left_child=3 9 -3 4 -1 -6 -4 -5 -9 -2
right_child=1 2 6 7 5 -7 -8 8 -10 -11
leaf_value=-0.0015974573217810914 -0.0322134765369557 0.018611855524260604 -0.023762887926807776 -0.01485635490748719 0.0056717550790427972 0.035243910308569361 0.0024144984296943319 0.010378124582761031 -0.0071186363014490517 -0.012310301446788276
leaf_weight=11.373679056763647 7.5434056818485287 7.6153729110956219 7.3811164200305921 11.865189865231512 15.37870980799198 8.5254455059766787 7.4695859104394913 34.148436293005943 34.96359595656395 8.7138280868530256
leaf_count=49 32 31 31 50 65 36 31 140 148 36
internal_value=-0.000676633 -0.0113059 0 0.00286836 0.0120222 0.0187046 -0.0109822 -0.0011324 0.00136436 -0.0248842
internal_weight=154.978 38.7233 22.4661 116.255 35.2778 23.9042 14.8507 80.9772 69.112 16.2572
internal_count=649 161 93 488 150 101 62 338 288 68
is_linear=0
shrinkage=0.03


Tree=60
num_leaves=8
num_cat=0
split_feature=14 34 12 11 25 13 31
split_gain=6.02639 6.49711 10.0183 7.78313 6.45117 5.80904 5.49475
threshold=192.42378617257785 0.023752065802994719 44.407208817396487 -0.017505978644864469 0.093541330877273787 2.7139639308171941 1.5000000000000002
decision_type=2 2 2 2 2 2 2
left_child=1 3 -3 6 -5 -4 -1
right_child=-2 2 5 4 -6 -7 -8
leaf_value=-0.012806890291417074 -0.022699296279742036 -0.028372090991588411 -0.0078273119483975358 -0.0038296206671229955 0.015487537553741616 0.021336808976020617 0.012212840196554846
leaf_weight=27.440653339028358 8.2252648770809156 13.310236141085623 14.572433024644853 18.940953716635704 54.806842058897018 7.5769782066345206 8.4741139858961088
leaf_count=116 36 56 61 79 229 31 35
internal_value=-0.000362977 0.00109242 -0.0096039 0.0047955 0.0103581 0.00246899 -0.00617502
internal_weight=153.347 145.122 35.4596 109.663 73.7478 22.1494 35.9148
internal_count=643 607 148 459 308 92 151
is_linear=0
shrinkage=0.03


Tree=61
num_leaves=6
num_cat=0
split_feature=14 6 5 11 28
split_gain=5.7601 5.35246 5.38003 6.92442 3.72918
threshold=192.42378617257785 -0.024200710278498204 -0.07392774090343622 -0.017505978644864469 7.5000000000000009
decision_type=2 2 2 2 2
left_child=1 -1 4 -4 -3
right_child=-2 2 3 -5 -6
leaf_value=-0.01649076612687644 -0.022258541122330555 0 -0.011210359256394485 0.0049346884339835743 0.028573537903267547
leaf_weight=11.958489030599592 8.1768344044685346 7.340806886553767 30.80366276204586 85.454682111740112 9.46705314517021
leaf_count=51 36 31 129 355 41
internal_value=-0.000365926 0.0010524 0.00296088 0.000412831 0.0178699
internal_weight=153.202 145.025 133.066 116.258 16.8079
internal_count=643 607 556 484 72
is_linear=0
shrinkage=0.03


Tree=62
num_leaves=5
num_cat=0
split_feature=14 19 6 4
split_gain=5.51039 5.47333 4.16057 4.67203
threshold=192.42378617257785 0.22725505466614634 -0.024200710278498204 -0.029644816652417135
decision_type=2 2 2 2
left_child=1 2 -1 -4
right_child=-2 -3 3 -5
leaf_value=-0.016807454940242259 -0.02182874208515918 0.018192664076441024 0.011507838562612732 -0.002251503403212853
leaf_weight=11.285758748650549 8.1278230696916562 13.078926101326941 26.686862468719482 93.895086020231247
leaf_count=48 36 56 112 391
internal_value=-0.000360059 0.00102242 -0.000814865 0.000809382
internal_weight=153.074 144.947 131.868 120.582
internal_count=643 607 551 503
is_linear=0
shrinkage=0.03


Tree=63
num_leaves=7
num_cat=0
split_feature=14 34 12 19 14 4
split_gain=5.27234 6.11336 9.5767 5.63867 5.54799 5.2254
threshold=192.42378617257785 0.023752065802994719 44.407208817396487 0.22725505466614634 103.10317447786339 -0.029644816652417135
decision_type=2 2 2 2 2 2
left_child=1 3 -3 5 -4 -1
right_child=-2 2 4 -5 -6 -7
leaf_value=0.012906447485497493 -0.021409407876644547 -0.027811924754757116 0.012962423278155864 0.022444133751176567 -0.015737129303994811 -0.002250517015945433
leaf_weight=25.971592471003532 8.0783338993787748 13.227836906909941 14.859119012951853 12.087393984198568 7.2773546129465094 71.44493143260479
leaf_count=110 36 56 61 52 31 297
internal_value=-0.000353969 0.000993577 -0.00939344 0.00459091 0.00238378 0.00181785
internal_weight=152.947 144.868 35.3643 109.504 22.1365 97.4165
internal_count=643 607 148 459 92 407
is_linear=0
shrinkage=0.03


Tree=64
num_leaves=7
num_cat=0
split_feature=6 5 5 38 7 35
split_gain=5.2191 5.91506 4.60867 5.71962 3.10015 2.42893
threshold=-0.024200710278498204 -0.07392774090343622 -0.037039201052693586 0.011248583763073954 -0.016335928137179875 0.02641543739392305
decision_type=2 2 2 2 2 2
left_child=-1 4 5 -4 -2 -3
right_child=1 2 3 -5 -6 -7
leaf_value=-0.017496939064819399 0.027251339980421594 0 0.0059143336471747148 -0.010059212683913278 0.00016544550250416386 -0.019116930410918623
leaf_weight=12.60852228105068 9.1044047027826327 7.5913284569978741 76.22586153447628 24.852592974901199 7.5671243816614142 14.798039734363554
leaf_count=54 40 32 318 104 32 63
internal_value=-0.000351361 0.00131021 -0.000940167 0.00172236 0.0170952 -0.0127309
internal_weight=152.748 140.139 123.468 101.078 16.6715 22.3894
internal_count=643 589 517 422 72 95
is_linear=0
shrinkage=0.03


Tree=65
num_leaves=10
num_cat=0
split_feature=22 34 16 26 34 7 2 10 7
split_gain=5.00287 9.06224 8.39013 6.29494 3.99975 3.67793 2.08701 1.63976 1.34812
threshold=-0.046974222943112924 0.023752065802994719 23.240741867920146 0.46720430107526884 0.018946996336555836 0.010754309125402737 -0.031889830479759566 -0.0035364468987765236 -0.0015014864922522728
decision_type=2 2 2 2 2 2 2 2 2
left_child=1 2 6 4 5 -2 -1 -6 -3
right_child=3 8 -4 -5 7 -7 -8 -9 -10
leaf_value=0.0014446609704720345 -0.01279615519448795 -0.00063151669140621065 -0.0074528647912262946 -0.023971371376282455 -0.00053083999668142551 0.0026572483976126104 0.022286209596816868 0.014810641835680621 -0.017694466395865846
leaf_weight=7.1573279052972785 30.025817453861237 9.5072432309389132 12.72967806458473 12.147404283285139 7.6721348315477398 21.046014204621315 30.242775246500969 12.519790202379225 10.232906550168989
leaf_count=31 127 40 54 52 32 88 126 52 43
internal_value=-0.000608507 0.00512451 0.0119321 -0.00559398 -0.00168781 -0.00628522 0.0189542 0.00878306 -0.0109807
internal_weight=153.281 69.8699 50.1298 83.4112 71.2638 51.0718 37.4001 20.1919 19.7401
internal_count=645 294 211 351 299 215 157 84 83
is_linear=0
shrinkage=0.03


Tree=66
num_leaves=8
num_cat=0
split_feature=5 11 6 14 7 36 0
split_gain=4.82922 5.97944 7.55793 7.70112 6.61272 3.01525 1.07633
threshold=-0.081511623054129609 0.080454689904515334 -0.014164933340554764 163.11588326775748 0.003022577093214789 0.0063389709181267727 -0.019623348114005675
decision_type=2 2 2 2 2 2 2
left_child=5 2 6 -4 -3 -1 -2
right_child=1 4 3 -5 -6 -7 -8
leaf_value=0.025394060887258648 -0.0070461041411687964 0.027110607111208971 0.00077780661744446939 -0.027642515272551769 -0.0043051537247827095 0 -0.028526832702897725
leaf_weight=7.6470579504966718 7.2070946544408825 9.9062009304761904 92.936236709356308 7.365439534187316 9.8937693834304792 7.541612446308136 10.642285302281378
leaf_count=32 31 41 386 34 42 33 46
internal_value=-0.000602365 -0.00252932 -0.00520645 -0.00166217 0.0117697 0.0142844 -0.0221931
internal_weight=153.14 137.951 118.151 100.302 19.8 15.1887 17.8494
internal_count=645 580 497 420 83 65 77
is_linear=0
shrinkage=0.03


Tree=67
num_leaves=13
num_cat=0
split_feature=22 34 3 34 7 13 28 3 2 13 8 32
split_gain=4.71655 8.59165 8.0825 3.77691 3.72636 3.63397 5.55772 3.59918 2.68481 2.29776 2.21535 1.64344
threshold=-0.046974222943112924 0.023752065802994719 0.020208832102046274 0.011900313398034325 0.019696789611798906 1.4221542367651987 8.5000000000000018 -0.037860590596609782 -0.031889830479759566 0.82534449617173433 0.047217660166858237 0.0038799716747315309
decision_type=2 2 2 2 2 2 2 2 2 2 2 2
left_child=1 2 8 4 7 6 -5 -2 -1 -3 -6 -4
right_child=3 9 11 5 10 -7 -8 -9 -10 -11 -12 -13
leaf_value=0.0014875264001735339 0.0011446567049816061 -0.019333416335534211 -0.010046996497109275 0.022979963768389892 0.012151273589032202 -0.0086822967567680483 -0.0064809336961212686 -0.01988897414078513 0.025176759439472705 0 -0.0083392124082917046 0.0058477240159218579
leaf_weight=7.1380629241466549 7.5907146781682959 10.191579401493074 11.403436228632929 11.044225022196771 7.4519285410642606 12.99452845752239 7.9733431339263907 29.097084909677505 24.020727753639221 9.5001251548528654 7.1007658392190933 7.4734945595264426
leaf_count=31 32 43 48 46 31 54 34 124 101 40 30 31
internal_value=-0.00059061 0.00497838 0.011616 -0.00543818 -0.0103972 0.00220311 0.0104731 -0.0153152 0.0206193 -0.0107119 0.00144748 -0.00307832
internal_weight=152.98 69.7274 50.0357 83.2526 51.2405 32.0121 19.0176 36.6878 31.1588 19.6917 14.5527 18.8769
internal_count=645 294 211 351 217 134 80 156 132 83 61 79
is_linear=0
shrinkage=0.03


Tree=68
num_leaves=12
num_cat=0
split_feature=22 34 37 37 40 10 19 35 35 26 13
split_gain=4.45118 8.15794 6.26332 6.02574 6.00151 4.95916 7.07171 4.31936 4.20108 2.41116 2.19642
threshold=-0.046974222943112924 0.023752065802994719 -0.0030456568105847732 0.055252804353458702 -0.028544323566990323 -0.00331875638379947 0.090425840365300922 0.026817262859412331 -0.045984010921314759 0.2228132387706856 0.82534449617173433
decision_type=2 2 2 2 2 2 2 2 2 2 2
left_child=1 3 4 8 9 7 -7 -4 -1 -2 -3
right_child=2 10 5 -5 -6 6 -8 -9 -10 -11 -12
leaf_value=-0.001272260929300048 0.0064140906102698979 -0.018907687451872317 -0.0019387113350522707 -0.011350013364739083 0.02554120969305447 0.01307750658697888 -0.012073496614511729 -0.032257434906973741 0.020090335233835285 -0.014789867727972023 0
leaf_weight=8.7678074985742551 7.4406825602054614 10.154027223587038 8.0677462518215197 6.811034068465232 8.0073311775922758 12.92538073658943 27.689943596720695 11.910658046603201 34.426358804106712 7.1143520325422287 9.5001251548528654
leaf_count=38 32 43 34 30 33 53 118 51 143 30 40
internal_value=-0.000571699 0.00483754 -0.00528632 0.0113087 0.00738336 -0.0103288 -0.00347937 -0.0219871 0.0155577 -0.00357877 -0.010458
internal_weight=152.815 69.6594 83.1561 50.0052 22.5624 60.5937 40.6153 19.9784 43.1942 14.555 19.6542
internal_count=645 294 351 211 95 256 171 85 181 62 83
is_linear=0
shrinkage=0.03


Tree=69
num_leaves=8
num_cat=0
split_feature=5 11 6 14 33 36 13
split_gain=4.53852 5.53741 7.16888 7.26892 6.25274 2.80799 1.60601
threshold=-0.081511623054129609 0.080454689904515334 -0.014164933340554764 163.11588326775748 0.75120455124071761 0.0063389709181267727 -5.1345730757667729
decision_type=2 2 2 2 2 2 2
left_child=5 2 6 -4 -3 -1 -2
right_child=1 4 3 -5 -6 -7 -8
leaf_value=0.024610584206720396 -0.0064121997724220468 0.02480624484792528 0.00078281475944101176 -0.026976899265617079 -0.0059036928993857658 0 -0.029487758944620777
leaf_weight=7.6216295510530454 7.9359386116266277 11.070611864328386 92.748367443680763 7.2567947208881369 8.6752858161926252 7.5228357315063477 9.8075014501810056
leaf_count=32 34 46 386 34 37 33 43
internal_value=-0.000571351 -0.00244618 -0.00503085 -0.00157393 0.0113221 0.0138747 -0.0216218
internal_weight=152.639 137.494 117.749 100.005 19.7459 15.1445 17.7434
internal_count=645 580 497 420 83 65 77
is_linear=0
shrinkage=0.03


Tree=70
num_leaves=8
num_cat=0
split_feature=26 14 34 21 22 35 33
split_gain=5.87999 5.85669 4.71328 11.8529 6.43936 4.65385 2.61252
threshold=0.46720430107526884 171.99594305610665 0.023522350374874493 0.019111104954263717 0.61020563780266235 0.0029563290971583727 0.42212310682459941
decision_type=2 2 2 2 2 2 2
left_child=1 2 4 -4 -1 -2 -7
right_child=5 -3 3 -5 -6 6 -8
leaf_value=0.012003452490603335 -0.028409584029924082 -0.015883984776099685 0.0070121396116178212 -0.031380352445953642 -0.011050112825173845 -0.014766004761684891 0.0059908180674088773
leaf_weight=73.53012378513813 8.3230842649936694 11.117007255554197 21.36121799051762 8.3486258238553983 10.46438445150852 6.9429782330989864 11.18755631148815
leaf_count=309 36 50 89 35 44 30 47
internal_value=5.40552e-05 0.0029144 0.00512477 -0.00460209 0.00876672 -0.0121715 -0.00189005
internal_weight=151.275 124.821 113.704 29.7098 83.9945 26.4536 18.1305
internal_count=640 527 477 124 353 113 77
is_linear=0
shrinkage=0.03


Tree=71
num_leaves=11
num_cat=0
split_feature=26 36 34 20 28 20 9 9 15 13
split_gain=5.5821 5.47566 4.59847 7.65386 6.05018 14.2453 3.78093 3.44511 2.87801 0.0258362
threshold=0.46720430107526884 0.0056120213692363559 0.005136956019418438 0.019647204935293216 8.5000000000000018 0.02461380308840911 -0.075112733111403956 0.062053886290953028 -12.655740864425804 0.72289362089369302
decision_type=2 2 2 2 2 2 2 2 2 2
left_child=2 -2 3 7 5 -4 -5 -1 -6 -3
right_child=1 9 4 6 8 -7 -8 -9 -10 -11
leaf_value=0.0040669401239880601 0.0021370827657494992 -0.010261938325527879 0.018107593105042504 0 -0.003177860374614348 -0.016382041191785185 0.019800021442638024 -0.021567736637203259 -0.024598763891882529 -0.028848045345155334
leaf_weight=7.2006081044673902 11.906472906470301 6.9006307274103147 25.331632405519485 10.778666675090788 15.408289805054666 15.578851029276846 33.180899128317833 7.0070325434207916 10.218216150999067 7.587170198559761
leaf_count=30 50 30 105 47 65 67 140 30 43 33
internal_value=1.33104e-05 -0.0119105 0.0028036 0.00887807 -0.00239202 0.00447286 0.0150352 -0.00875161 -0.0134246 -0.0232238
internal_weight=151.098 26.3943 124.704 58.1672 66.537 40.9105 43.9596 14.2076 25.6265 14.4878
internal_count=640 113 527 247 280 172 187 60 108 63
is_linear=0
shrinkage=0.03


Tree=72
num_leaves=6
num_cat=0
split_feature=26 14 20 11 36
split_gain=5.30508 5.50992 5.40357 7.02563 5.26463
threshold=0.46720430107526884 171.99594305610665 0.03280848980242345 -0.017505978644864469 0.0056120213692363559
decision_type=2 2 2 2 2
left_child=1 2 3 -1 -2
right_child=4 -3 -4 -5 -6
leaf_value=-0.0096133944259223312 0.0020816814149016384 -0.015567199461904824 0.021161582403765235 0.007294268332169669 -0.022787873555586743
leaf_weight=29.534064114093781 11.90982408821583 11.060501605272291 13.986871629953383 70.003261655569077 14.422846004366873
leaf_count=124 50 50 62 291 63
internal_value=0 0.00270217 0.00485067 0.00203927 -0.0116574
internal_weight=150.917 124.585 113.524 99.5373 26.3327
internal_count=640 527 477 415 113
is_linear=0
shrinkage=0.03


Tree=73
num_leaves=6
num_cat=0
split_feature=0 14 19 31 6
split_gain=6.01001 4.38431 4.28719 6.17256 5.65647
threshold=0.031659155101164911 171.99594305610665 0.15165796378553084 -2.4999999999999996 0.017440200692413761
decision_type=2 2 2 2 2
left_child=1 2 3 -1 -4
right_child=-2 -3 4 -5 -6
leaf_value=-0.016402933209252478 -0.019874979975013085 -0.01380534156423217 0.019904037056758337 0.003685159872288082 -0.0072586492550441566
leaf_weight=14.404998928308485 10.500798791646956 12.241197824478148 23.630798131227497 82.623248517513275 7.3006759881973258
leaf_count=63 44 56 102 344 31
internal_value=0 0.00181997 0.00361963 0.000280325 0.0129859
internal_weight=150.702 140.201 127.96 97.0282 30.9315
internal_count=640 596 540 407 133
is_linear=0
shrinkage=0.03


Tree=74
num_leaves=12
num_cat=0
split_feature=25 34 38 38 20 36 28 6 36 35 38
split_gain=5.16403 6.23002 4.3537 5.812 4.11951 3.99929 3.88086 3.55234 3.26537 3.12283 1.32676
threshold=0.12565789473684214 0.006807726870105558 0.0086748448256104092 0.0077580474723859504 0.019647204935293216 0.0069865100601732419 9.5000000000000018 0.015501107812368456 0.0076615977141585309 0.053387747164957096 0.0089263819167326452
decision_type=2 2 2 2 2 2 2 2 2 2 2
left_child=5 4 3 -3 -2 6 10 -6 -7 -4 -1
right_child=1 2 9 -5 7 8 -8 -9 -10 -11 -12
leaf_value=-0.0089063963223857227 -0.0023876291032290807 -0.0047571804684073916 -0.018905037533072364 0.023969797688656289 0.0200780240962882 0.014328050064295841 0.0015600840178350804 0 -0.0082170853335597656 0 -0.029821970427528439
leaf_weight=10.328525274991994 13.504362761974333 15.056708246469499 16.49782864749432 7.7670110166072837 30.888529926538467 8.6593176573514956 7.3543678224086753 9.0806886553764325 10.141718208789824 11.625392422080038 9.6712204515933973
leaf_count=43 58 64 71 32 133 36 31 38 43 49 42
internal_value=0 0.00373433 -0.00350136 0.00555805 0.0107762 -0.00810526 -0.0151007 0.0154831 0.0018248 -0.0112324 -0.021494
internal_weight=150.576 104.421 50.9469 22.8237 53.4736 46.1551 27.3541 39.9692 18.801 28.1232 19.9997
internal_count=640 445 216 96 229 195 116 171 79 120 85
is_linear=0
shrinkage=0.03


Tree=75
num_leaves=7
num_cat=0
split_feature=21 30 35 9 21 37
split_gain=5.61541 5.99446 4.74068 6.52839 6.46852 3.14513
threshold=0.012369880787872227 1.0000000180025095e-35 0.044535659883583552 0.012093565107516384 0.026530424329538661 0.02481671862084445
decision_type=2 2 2 2 2 2
left_child=5 2 4 -4 -2 -1
right_child=1 -3 3 -5 -6 -7
leaf_value=0 -0.0025455505843618915 -0.016442849924480897 0.023896957925048066 -0.0032355831360444832 0.016171199080713527 -0.025107435177970198
leaf_weight=8.8915093541145342 73.887019798159599 10.634892597794531 20.916125148534778 10.215369030833243 19.092924356460571 8.6461779028177244
leaf_count=38 313 45 87 43 83 37
internal_value=0.000829139 0.00305874 0.00508301 0.0148832 0.00139949 -0.0140932
internal_weight=152.284 134.746 124.111 31.1315 92.9799 17.5377
internal_count=646 571 526 130 396 75
is_linear=0
shrinkage=0.03


Tree=76
num_leaves=9
num_cat=0
split_feature=19 35 11 28 6 35 35 37
split_gain=5.55401 5.71198 7.0316 4.84409 3.05017 2.37449 4.84389 1.89325
threshold=0.22725505466614634 0.052375812624150926 -0.018592928429077945 6.5000000000000009 0.008069238570732851 0.057008359169478003 0.06899384704544477 -0.0076880339017698631
decision_type=2 2 2 2 2 2 2 2
left_child=1 2 7 -4 -2 -3 -7 -1
right_child=4 5 3 -5 -6 6 -8 -9
leaf_value=-0.0020456875213477944 0.027135534164127808 0.023095995964370796 0.0065183240536254138 -0.0071970533507957572 0 -0.011996147249167305 0.01598297672193005 -0.023978140382831917
leaf_weight=6.9459827542305019 8.4137126058340055 7.8712943196296719 44.788421154022217 43.808105051517487 6.8786612153053275 7.8951811045408276 10.235170468688009 15.372634202241896
leaf_count=30 37 33 189 185 30 34 43 65
internal_value=0.000791386 -0.00111382 -0.00420285 -0.000107082 0.0168726 0.0108864 0.00307249 -0.0184988
internal_weight=152.209 136.917 110.915 88.5965 15.2924 26.0016 18.1304 22.3186
internal_count=646 579 469 374 67 110 77 95
is_linear=0
shrinkage=0.03


Tree=77
num_leaves=8
num_cat=0
split_feature=21 35 9 33 33 36 33
split_gain=5.2608 4.99226 4.20218 3.99439 7.31188 4.49579 1.19936
threshold=0.012369880787872227 0.052375812624150926 0.012093565107516384 0.53142857142857147 0.8124540335092364 0.006966976177447611 0.29824797843665773
decision_type=2 2 2 2 2 2 2
left_child=6 3 -3 5 -5 -2 -1
right_child=1 2 -4 4 -6 -7 -8
leaf_value=-0.00079377307905083706 -0.012561090884232249 0.02345546841123779 -0.0013802334725121553 0.016384341361320259 -0.0039715111140972868 0.004323525497766564 -0.019303242063020337
leaf_weight=6.8126552551984814 31.850226566195488 15.149876415729524 7.5279375016689292 27.508793324232101 31.22307351231575 21.362549588084221 10.672924205660818
leaf_count=30 136 63 32 115 133 92 45
internal_value=0.000777591 0.00293844 0.0151597 0.000108378 0.00554135 -0.00559992 -0.0136831
internal_weight=152.108 134.622 22.6778 111.945 58.7319 53.2128 17.4856
internal_count=646 571 95 476 248 228 75
is_linear=0
shrinkage=0.03


Tree=78
num_leaves=9
num_cat=0
split_feature=19 34 34 23 3 3 16 11
split_gain=5.25386 4.30918 9.27801 5.55865 5.40588 3.94437 3.48257 1.65592
threshold=0.22725505466614634 -0.006068572271641314 0.0040428426299867768 1.1340907332333192 -0.012554445957592584 -0.037860590596609782 1.5755449735967597 0.0062035407404481555
decision_type=2 2 2 2 2 2 2 2
left_child=1 3 6 4 -1 -4 -3 -2
right_child=7 2 5 -5 -6 -7 -8 -9
leaf_value=0.0013626710880299375 0.0017973555089296383 0.035701890491914343 -0.017364038866929069 0.010089461668921383 -0.023010332304868715 0.00076390335857968626 0.0042583145789497137 0.024217765354519645
leaf_weight=10.576827421784403 6.8340264558792105 7.0561936348676664 10.468843027949331 8.2061539143323881 21.352456331253052 71.373166978359222 7.7475707232952118 8.4144833981990796
leaf_count=45 30 30 45 35 90 301 33 37
internal_value=0.000748104 -0.00110147 0.00222384 -0.00919025 -0.0148901 -0.00173492 0.022604 0.0164126
internal_weight=152.03 136.781 96.6458 40.1354 31.9293 81.842 14.8038 15.2485
internal_count=646 579 409 170 135 346 63 67
is_linear=0
shrinkage=0.03


Tree=79
num_leaves=8
num_cat=0
split_feature=19 35 36 36 36 13 6
split_gain=5.00449 5.43942 5.46765 8.79944 5.02677 3.78968 2.89389
threshold=0.22725505466614634 -0.028925453616956084 0.0069202829666989612 0.0060633783058748588 0.0074965196328877605 0.33231687496710199 0.008069238570732851
decision_type=2 2 2 2 2 2 2
left_child=1 5 3 -3 -4 -1 -2
right_child=6 2 4 -5 -6 -7 -8
leaf_value=-0.023390447164268885 0.026061302145571515 0.0029921573774030655 0.024468728194725654 -0.019250825279192453 -0.00040962358126675903 0 0
leaf_weight=12.910764783620836 8.3688602298498136 69.676886856555939 13.776205182075502 18.444450899958611 11.363474577665327 10.487557157874106 6.8722376376390448
leaf_count=55 37 296 58 79 47 44 30
internal_value=0.000752611 -0.0010514 0.0016176 -0.00182092 0.0134692 -0.0136714 0.0160438
internal_weight=151.9 136.659 113.261 88.1213 25.1397 23.3983 15.2411
internal_count=646 579 480 375 105 99 67
is_linear=0
shrinkage=0.03


Tree=80
num_leaves=10
num_cat=0
split_feature=23 6 31 2 20 6 27 35 21
split_gain=4.22872 5.71065 6.03422 5.96746 6.45816 4.06 3.66657 2.26985 1.01007
threshold=0.80976657946044495 0.0094636141569357322 -2.4999999999999996 0.020483884970711633 0.024730950765998249 0.0059813072259399603 1.0000000180025095e-35 0.020792786789676224 0.019667839800180723
decision_type=2 2 2 2 2 2 2 2 2
left_child=5 2 7 -3 -5 8 -4 -2 -1
right_child=1 3 6 4 -6 -7 -8 -9 -10
leaf_value=-0.025883712250097272 0.0028337291658283789 -0.022864384117692822 -0.0018899162084533079 0.012088061248671971 -0.012642467863958663 0.0051285754723369914 0.015252151969961679 -0.017518204118657722 -0.0052357313159667011
leaf_weight=7.7856513261795062 6.9071111083030683 10.282242998480795 11.623213842511175 19.897763520479202 14.615296170115469 7.9872732013463965 54.715783104300499 7.7774133235216141 7.1815716922283173
leaf_count=34 30 43 49 82 64 34 231 35 31
internal_value=0.00114029 0.00341942 0.00816936 -0.00483345 0.00108573 -0.0100239 0.0120618 -0.00785413 -0.0186454
internal_weight=148.773 125.819 81.0235 44.7953 34.5131 22.9545 66.339 14.6845 14.9672
internal_count=633 534 345 189 146 99 280 65 65
is_linear=0
shrinkage=0.03


Tree=81
num_leaves=9
num_cat=0
split_feature=34 36 14 28 10 28 16 20
split_gain=4.12317 7.72447 4.8658 4.67285 6.28466 6.13884 2.53977 0.028284
threshold=0.023522350374874493 0.0060502075385280981 192.42378617257785 6.5000000000000009 -0.0011991096834724211 10.500000000000002 -3.2554158972320404 0.020468111856618464
decision_type=2 2 2 2 2 2 2 2
left_child=2 6 3 4 -1 -5 -2 -3
right_child=1 7 -4 5 -6 -7 -8 -9
leaf_value=0.00043920469433476455 -0.005733141553829286 -0.0097834856022676157 -0.016313593294420895 -0.0082930284341447228 0.02184254975681597 0.011921450036928242 0.012638767391770916 -0.027398029521593887
leaf_weight=24.535329669713974 10.266691237688065 7.0603957623243323 7.4275898039340964 32.414763048291206 26.497750371694565 20.22507207095623 11.900483101606369 8.3753071278333646
leaf_count=105 43 30 34 138 111 86 50 36
internal_value=0.00107712 -0.00713451 0.00406605 0.00594921 0.0122399 -9.96987e-05 0.00373889 -0.0222478
internal_weight=148.703 37.6029 111.101 103.673 51.0331 52.6398 22.1672 15.4357
internal_count=633 159 474 440 216 224 93 66
is_linear=0
shrinkage=0.03


Tree=82
num_leaves=7
num_cat=0
split_feature=23 3 0 28 28 17
split_gain=3.95314 5.84195 4.10365 3.68093 5.57393 2.01874
threshold=0.80976657946044495 0.0051699540452782031 0.031659155101164911 2.5000000000000004 10.500000000000002 -1.7558053311675008
decision_type=2 2 2 2 2 2
left_child=1 -1 3 5 -5 -2
right_child=2 -3 -4 4 -6 -7
leaf_value=-0.021305736751197697 0.02693340735685407 0.0067845968177386575 -0.013566813796683895 -0.0011558601459729641 0.016021930008578655 0.0044781629038030896
leaf_weight=13.688036635518076 7.9936501234769848 9.1945121735334379 9.5736355781555158 78.708423912525177 19.213127136230469 10.245390325784681
leaf_count=59 34 40 40 334 82 44
internal_value=0.00103093 -0.00977773 0.00323774 0.00495586 0.00231769 0.0167498
internal_weight=148.617 22.8825 125.734 116.161 97.9216 18.239
internal_count=633 99 534 494 416 78
is_linear=0
shrinkage=0.03


Tree=83
num_leaves=10
num_cat=0
split_feature=23 6 2 31 5 6 27 28 28
split_gain=3.7433 5.28927 5.63219 5.61301 4.64443 3.72897 3.42297 2.47329 1.73265
threshold=0.80976657946044495 0.0094636141569357322 0.020483884970711633 -2.4999999999999996 0.13464202218516677 0.0059813072259399603 1.0000000180025095e-35 7.5000000000000009 8.5000000000000018
decision_type=2 2 2 2 2 2 2 2 2
left_child=5 3 -3 7 -4 8 -5 -2 -1
right_child=1 2 4 6 -6 -7 -8 -9 -10
leaf_value=-0.0037319870931792325 0.0033587954478063926 -0.022322251543432686 0.0069130462791050472 -0.0019473800689758661 -0.017882139969067425 0.0049355097999108756 0.014575900818651247 -0.017947440333557909 -0.027196275168475
leaf_weight=7.6858038455247897 6.9744554311037046 10.253039509057997 27.781311571598053 11.623173683881758 6.7250336855649939 7.9844055473804465 54.724253877997398 7.6752475798130035 7.1762804687023163
leaf_count=33 30 43 116 49 30 34 231 35 32
internal_value=0.0010072 0.00315535 -0.00478317 0.0077325 0.000954829 -0.00951562 0.0114895 -0.00771801 -0.0178334
internal_weight=148.603 125.757 44.7594 80.9971 34.5063 22.8465 66.3474 14.6497 14.8621
internal_count=633 534 189 345 146 99 280 65 65
is_linear=0
shrinkage=0.03


Tree=84
num_leaves=12
num_cat=0
split_feature=34 11 28 4 18 6 11 4 28 38 24
split_gain=3.87039 3.40928 7.68333 7.86996 5.02335 4.51411 3.9282 2.54853 2.51363 2.93168 3.89126
threshold=0.023522350374874493 0.029180414956051618 4.5000000000000009 -0.024000059061191289 0.74731450857570791 0.010329396638266231 -0.010489576763506868 0.081439980667256454 3.5000000000000004 0.011501833506135836 -0.30495169082125601
decision_type=2 2 2 2 2 2 2 2 2 2 2
left_child=1 4 5 -4 6 -3 -1 -6 -2 10 -10
right_child=8 2 3 -5 7 -7 -8 -9 9 -11 -12
leaf_value=-0.0036732709809972524 0.005853932406653278 0.021111560277784446 0.010145440516754072 -0.021947611265670488 0.0305534345342603 -0.0045631950106388196 0.013807189425403692 0.0040821460460058875 0 0.0027994362445108098 -0.026002002012135841
leaf_weight=29.389314547181129 7.8590993732213965 12.77365790307522 7.9348088204860714 19.618725895881653 9.718124598264696 8.1743222773075086 15.807872638106344 7.5689650624990454 9.2316591739654577 7.7336212545633307 12.695522427558899
leaf_count=126 33 54 34 85 40 36 68 31 39 33 54
internal_value=0.000943898 0.00384515 -0.00184586 -0.0121368 0.00841548 0.0109146 0.00244877 0.0213662 -0.00701887 -0.0110578 -0.0163976
internal_weight=148.506 110.986 48.5015 27.5535 62.4843 20.948 45.1972 17.2871 37.5199 29.6608 21.9272
internal_count=633 474 209 119 265 90 194 71 159 126 93
is_linear=0
shrinkage=0.03


Tree=85
num_leaves=9
num_cat=0
split_feature=28 37 36 35 11 19 13 33
split_gain=4.56416 6.81239 4.76662 3.47155 5.30667 3.30349 3.00758 1.31601
threshold=2.5000000000000004 0.045805618025802082 0.0060502075385280981 0.041224881156349931 0.074703458923319879 0.16221397180568756 4.8883014991300984 0.75120455124071761
decision_type=2 2 2 2 2 2 2 2
left_child=2 3 -1 4 -2 7 -5 -3
right_child=1 5 -4 6 -6 -7 -8 -9
leaf_value=-0.00077503408294329348 -0.0083044729412397635 -0.033674228345966777 0.023152821907847392 0.012758076632332862 0.011651150902187149 -0.00090511914137172056 -0.0048624847792395473 -0.0083893668393736909
leaf_weight=12.901710629463198 44.99929590523243 6.9187705069780367 12.475065961480139 29.396921768784523 13.760155543684958 10.410430669784544 9.3899220973253232 7.1285614967346191
leaf_count=55 193 30 54 124 58 46 39 31
internal_value=9.33278e-05 -0.00225515 0.0112719 0.00124063 -0.00315474 -0.0158044 0.00809528 -0.0244225
internal_weight=147.381 122.004 25.3768 97.5463 58.7595 24.4578 38.7868 14.0473
internal_count=630 521 109 414 251 107 163 61
is_linear=0
shrinkage=0.03


Tree=86
num_leaves=6
num_cat=0
split_feature=24 5 5 37 38
split_gain=5.0321 5.07004 4.9979 6.26699 2.88637
threshold=-0.81180555555555545 -0.080577430903911382 -0.037039201052693586 0.045269004480522519 0.011218213690268221
decision_type=2 2 2 2 2
left_child=-1 -2 4 -4 -3
right_child=1 2 3 -5 -6
leaf_value=-0.018881620929016227 0.019802346273040655 -0.017645057123115405 0.0082874994689060844 -0.0073027633677180785 0.00089649282851013369
leaf_weight=9.515058219432829 10.718798786401747 17.66399018466473 67.670600846409798 32.113880708813667 9.5980837345123273
leaf_count=41 47 77 284 140 41
internal_value=7.4584e-05 0.00174261 0 0.00307777 -0.0109895
internal_weight=147.28 137.765 127.047 99.7845 27.2621
internal_count=630 589 542 424 118
is_linear=0
shrinkage=0.03


Tree=87
num_leaves=9
num_cat=0
split_feature=24 20 24 24 19 33 28 24
split_gain=4.7916 4.80787 5.49564 4.73771 7.30202 3.99307 3.42112 3.05632
threshold=-0.81180555555555545 0.021891049438353037 -0.21863442389758178 0.35931964167410785 0.086137268148699486 0.79352173913043489 3.5000000000000004 0.41213235294117651
decision_type=2 2 2 2 2 2 2 2
left_child=-1 3 5 6 -5 -3 -2 -4
right_child=1 2 7 4 -6 -7 -8 -9
leaf_value=-0.018452052394445209 0.0047648642549834638 0.02258028100658329 -0.0068262246853036789 0.022932777231995806 -0.01038052795134296 -0.00035600908259009049 -0.014238839178038636 0.007941350380796481
leaf_weight=9.4913943707942945 8.7337619215249997 21.6995974034071 24.56610032916069 10.257976725697519 9.0837718993425351 7.7394828200340262 33.574707329273224 21.987606510519981
leaf_count=41 37 94 105 42 38 33 145 95
internal_value=6.3303e-05 0.00169346 0.00674196 -0.00431017 0.00707787 0.0164342 -0.00993936 0
internal_weight=147.134 137.643 75.9928 61.6502 19.3417 29.4391 42.3085 46.5537
internal_count=630 589 327 262 80 127 182 200
is_linear=0
shrinkage=0.03


Tree=88
num_leaves=10
num_cat=0
split_feature=34 22 28 21 9 13 21 8 38
split_gain=4.39561 6.11935 5.3236 4.47696 4.48504 3.14053 2.32372 2.15539 0.493157
threshold=0.023522350374874493 -0.09736633947815436 2.5000000000000004 0.018607404713322447 0.048915391581776622 5.7887954101214527 0.01797572952029464 1.0000000180025095e-35 0.0088540960620381182
decision_type=2 2 2 2 2 2 2 2 2
left_child=2 8 7 4 -4 -5 -3 -1 -2
right_child=1 6 3 5 -6 -7 -8 -9 -10
leaf_value=0.00058905283786037013 -0.0093684658862648526 0.010140484412467177 0.00052073207939534695 0.012435175640632757 -0.016716436959476281 -0.0062247589779936231 -0.0087106696613695189 0.023407612179466887 -0.028260365801686147
leaf_weight=7.0744636803865459 8.6707227379083651 12.172455728054048 35.712314411997795 28.916610687971115 18.388901084661484 8.42253729701042 7.591275915503501 12.300371840596197 7.7290121018886557
leaf_count=32 37 51 152 124 80 36 32 52 34
internal_value=5.85468e-05 -0.00864032 0.00313315 0 -0.00545785 0.00774231 0.00207543 0.0166122 -0.0211913
internal_weight=146.979 36.1635 110.815 91.4404 54.1012 37.3391 19.7637 19.3748 16.3997
internal_count=630 154 476 392 232 160 83 84 71
is_linear=0
shrinkage=0.03


Tree=89
num_leaves=12
num_cat=0
split_feature=20 35 19 35 20 36 15 35 21 7 9
split_gain=3.78733 5.69091 5.26897 4.63003 4.45418 2.89641 4.75458 6.32443 5.11142 3.02995 2.8786
threshold=0.021778183344306253 0.044535659883583552 0.07768574965707746 0.02006690780908749 0.020312089714700023 0.0076615977141585309 101.16390783063245 0.029429480690882918 0.015872358911195879 0.0083050530018776558 0.020731666818329792
decision_type=2 2 2 2 2 2 2 2 2 2 2
left_child=1 3 -3 4 -1 6 8 -8 -2 -7 -5
right_child=5 2 -4 10 -6 9 7 -9 -10 -11 -12
leaf_value=0.0046760158905266051 -0.0046664436825170127 0.023392321148113369 -0.0043608115564355912 -0.031348589393244343 -0.020313748827728489 -0.016149012395011451 0.0085813959297959021 -0.019461275944699666 0.020452946434007 0.0049363955762581711 -0.0034482264505066233
leaf_weight=19.723368823528293 7.6402441561222068 8.1333754956722277 12.77897474169731 10.54691728949547 6.91612684726715 9.2264896035194415 17.419473052024845 9.4011786878108961 27.48906497657299 10.479977890849112 7.0807595551013938
leaf_count=83 33 34 55 46 30 40 75 42 117 45 30
internal_value=4.46111e-05 -0.00515912 0.00687816 -0.0112214 -0.00225357 0.00440165 0.00762967 -0.00139606 0.0146287 -0.00482301 -0.022399
internal_weight=146.836 65.1795 20.9124 44.2672 26.6395 81.6564 61.95 26.8207 35.1293 19.7065 17.6277
internal_count=630 278 89 189 113 352 267 117 150 85 76
is_linear=0
shrinkage=0.03


Tree=90
num_leaves=10
num_cat=0
split_feature=37 16 12 9 9 24 18 0 25
split_gain=5.77456 5.64931 6.99415 10.7779 6.25952 3.69406 3.84045 3.00237 1.80958
threshold=0.040281267130100724 -31.055920556071428 50.409506908888247 0.012093565107516384 -0.01296763236451667 -0.21863442389758178 0.58998235869145876 0.016134108674270568 0.24315409509584271
decision_type=2 2 2 2 2 2 2 2 2
left_child=1 8 4 -4 -3 -2 -7 -8 -1
right_child=5 2 3 -5 -6 6 7 -9 -10
leaf_value=0.026982452355684288 0.0015588165006464837 -0.016849568629906216 0.027709757570017569 -0.0018841553639511593 0.0051766617692424501 0.0012991345164764191 -0.030145328533593939 -0.0040781900784445909 0.0040024788107523718
leaf_weight=7.7073131501674679 12.973864376544951 29.557596802711487 13.754217088222502 33.881838247179985 15.818890064954756 6.7191427201032665 13.587237387895586 8.2622701972722989 8.3930639922618848
leaf_count=35 56 129 57 143 66 29 59 36 37
internal_value=-0.00130418 0.00223173 -0.00058467 0.00713067 -0.00895992 -0.0106118 -0.0163699 -0.0220857 0.0175977
internal_weight=150.655 109.113 93.0125 47.6361 45.3765 41.5425 28.5687 21.8495 16.1004
internal_count=647 467 395 200 195 180 124 95 72
is_linear=0
shrinkage=0.03


Tree=91
num_leaves=9
num_cat=0
split_feature=37 20 10 12 24 36 36 35
split_gain=5.49915 4.85186 5.13383 6.27031 3.52863 3.30802 2.78653 0.273193
threshold=0.040281267130100724 0.016129018760258563 -0.030798659861942964 47.928434916370399 -0.21863442389758178 0.0074697853201489478 0.0071220746004734565 0.029894226502083402
decision_type=2 2 2 2 2 2 2 2
left_child=1 -1 5 -4 -2 -3 7 -6
right_child=4 2 3 -5 6 -7 -8 -9
leaf_value=0.020092863011855453 0.0015180817615084853 0.023520431515790963 -0.013142237903554021 0.0033396503860189581 -0.010922272568828092 0 0 -0.027814534579973668
leaf_weight=10.141822040081022 12.975965887308119 10.101236671209337 32.668336436152458 48.079451411962509 10.03790800273419 7.9637276977300635 8.6625179201364499 9.7782269865274412
leaf_count=42 56 44 142 203 44 36 37 43
internal_value=-0.00125303 0.00219639 0 -0.00330367 -0.0103481 0.0136112 -0.0159918 -0.021731
internal_weight=150.409 108.955 98.8128 80.7478 41.4546 18.065 28.4787 19.8161
internal_count=647 467 425 345 180 80 124 87
is_linear=0
shrinkage=0.03


Tree=92
num_leaves=7
num_cat=0
split_feature=14 25 26 14 40 36
split_gain=5.88479 4.16008 3.88065 3.68395 2.72298 0.110693
threshold=158.27177230520013 0.010001000100010003 0.12687234518220436 39.73229818142682 0.037594271255499419 0.0053118588045358997
decision_type=2 2 2 2 2 2
left_child=1 -1 4 -4 -3 -2
right_child=5 2 3 -5 -6 -7
leaf_value=-0.014079564859443542 -0.022789447065091069 0.016017579377375132 -0.0054132741511878366 0.0070938168134502891 -0.00027848882850960469 -0.0071564329432906417
leaf_weight=12.925236552953718 7.7855118513107282 24.356430783867836 55.542784065008163 31.209155976772308 11.386162847280501 7.0417658984661102
leaf_count=55 36 105 239 132 48 32
internal_value=-0.0012173 0.000745033 0.00263082 -0.000686353 0.0106892 -0.0179894
internal_weight=150.247 135.42 122.495 86.7519 35.7426 14.8273
internal_count=647 579 524 371 153 68
is_linear=0
shrinkage=0.03


Tree=93
num_leaves=10
num_cat=0
split_feature=37 16 19 34 1 24 18 0 26
split_gain=5.18271 5.35519 5.66245 13.1004 3.46748 3.39266 3.6951 2.94056 1.02291
threshold=0.040281267130100724 -31.055920556071428 0.083170316263578556 -0.0035264739107390693 0.021244041407781359 -0.21863442389758178 0.58998235869145876 0.016134108674270568 0.25957868467410455
decision_type=2 2 2 2 2 2 2 2 2
left_child=1 8 3 -3 -4 -2 -7 -8 -1
right_child=5 2 4 -5 -6 6 7 -9 -10
leaf_value=0.02402970287308355 0.0015671389961070604 -0.017535468994661459 -0.0099038017176238374 0.020974314866880471 0.0064103736102860461 0.0016402701882928801 -0.029244614397653048 -0.0035521184581390679 0.0045132990075538656
leaf_weight=8.4308242946863192 12.959972143173216 9.476200193166731 47.534089922904968 23.118462234735489 12.666953533887861 6.7046979963779476 13.443934157490732 8.216791093349455 7.5792025029659262
leaf_count=38 56 41 204 97 53 29 59 36 34
internal_value=-0.00119825 0.00214727 -0.00059025 0.00897832 -0.00613422 -0.0100454 -0.0155988 -0.0212565 0.0171506
internal_weight=150.131 108.806 92.7957 32.5947 60.201 41.3254 28.3654 21.6607 16.01
internal_count=647 467 395 138 257 180 124 95 72
is_linear=0
shrinkage=0.03


Tree=94
num_leaves=7
num_cat=0
split_feature=14 11 8 35 20 11
split_gain=5.54303 6.33877 5.43606 5.04652 3.52957 0.266748
threshold=158.27177230520013 0.07830110910930356 0.0085412002883835172 0.06899384704544477 0.03280848980242345 0.081417473483158767
decision_type=2 2 2 2 2 2
left_child=1 3 -3 4 -1 -2
right_child=5 2 -4 -5 -6 -7
leaf_value=-0.0052855640920723632 -0.023158692339282971 0.033899924095702715 0 0.018028301405030499 0.011254989034015384 -0.0068515245875217703
leaf_weight=101.61864829063416 7.1494702249765378 7.0542103648185712 7.0960266590118408 8.7121825367212278 10.708271905779837 7.5652134120464325
leaf_count=434 35 31 30 36 48 33
internal_value=-0.00115582 0.000742418 0.0184753 -0.00147538 -0.00340822 -0.0174952
internal_weight=149.904 135.189 14.1502 121.039 112.327 14.7147
internal_count=647 579 61 518 482 68
is_linear=0
shrinkage=0.03


Tree=95
num_leaves=10
num_cat=0
split_feature=4 26 31 20 10 37 3 2 35
split_gain=5.29658 4.99403 7.21088 4.79418 5.4182 10.8466 4.21986 2.51154 0.926726
threshold=-0.024000059061191289 0.3224826675470453 -2.4999999999999996 0.03280848980242345 -0.0015859498994097996 0.059959870293187396 -0.016253286486738846 0.0018067134810503262 0.022926755600788388
decision_type=2 2 2 2 2 2 2 2 2
left_child=1 2 -1 4 6 -6 -2 -4 -3
right_child=3 8 7 -5 5 -7 -8 -9 -10
leaf_value=-0.0039135690820391164 0.0027474087470547174 0.0035461852849356748 0.034781202303829417 0.015344011333163592 0.0071619497155299234 -0.022418273276285237 -0.020163332186588768 0.0065404371607088374 -0.0095376109917136628
leaf_weight=7.8656249195337322 8.1660666614770907 6.8515422940254194 12.805585980415346 11.439898669719694 53.462348476052284 11.909565448760985 22.231323912739754 6.6813684850931159 7.0448695570230484
leaf_count=36 35 30 56 49 226 54 95 30 30
internal_value=0.0021548 0.011058 0.0181628 -0.00127317 -0.00368484 0.0010448 -0.0137559 0.0273066 -0.00250857
internal_weight=148.458 41.249 27.3526 107.209 95.7693 65.3719 30.3974 19.487 13.8964
internal_count=641 182 122 459 410 280 130 86 60
is_linear=0
shrinkage=0.03


Tree=96
num_leaves=7
num_cat=0
split_feature=16 26 35 21 35 35
split_gain=6.88771 4.30969 3.14896 2.94787 3.41467 2.50691
threshold=-31.055920556071428 0.4865403186866249 0.01090554361288776 0.028993284545817729 0.044535659883583552 0.029894226502083402
decision_type=2 2 2 2 2 2
left_child=5 3 -3 4 -2 -1
right_child=1 2 -4 -5 -6 -7
leaf_value=0.026459385523575841 -0.0032370855782197228 -0.02541088348781232 -0.0012179675257291056 0.017517954035995383 0.0083957847397870111 0.0018179307769524717
leaf_weight=10.958034291863443 69.937889903783798 7.7077238261699703 12.957770407199858 8.0429964959621412 31.0230792760849 7.6163886636495581
leaf_count=52 298 34 57 35 132 33
internal_value=0.00210166 -0.000338587 -0.0123492 0.00198478 0.000285405 0.0182432
internal_weight=148.244 129.669 20.6655 109.004 100.961 18.5744
internal_count=641 556 91 465 430 85
is_linear=0
shrinkage=0.03


Tree=97
num_leaves=8
num_cat=0
split_feature=16 6 20 37 0 28 23
split_gain=6.66879 4.60968 4.5453 4.48793 6.34236 2.49268 0.782125
threshold=-20.297075840151152 0.0046848254602569403 0.03280848980242345 0.059959870293187396 -0.0023562189822361464 8.5000000000000018 0.9687867624082277
decision_type=2 2 2 2 2 2 2
left_child=1 5 3 4 -2 6 -1
right_child=2 -3 -4 -5 -6 -7 -8
leaf_value=0.033215575859844589 -0.010318902726448002 -0.0042558147760707512 0.014679431990628235 -0.018873297984253606 0.005599252830167511 0.0040630367829127606 0.010894467925687004
leaf_weight=8.8067759871482902 36.44297944009304 8.3306617736816388 11.607219964265822 13.054794102907179 51.79352904856205 10.067890569567679 7.9701029211282721
leaf_count=38 158 37 50 59 219 44 36
internal_value=0.00205076 0.0131172 -0.00143495 -0.00367523 -0.000891943 0.0189499 0.0257003
internal_weight=148.074 35.1754 112.899 101.291 88.2365 26.8448 16.7769
internal_count=641 155 486 436 377 118 74
is_linear=0
shrinkage=0.03


Tree=98
num_leaves=10
num_cat=0
split_feature=4 0 19 38 1 15 17 6 32
split_gain=4.78089 4.15328 3.91014 6.12015 3.58885 3.37602 4.612 5.10874 1.87569
threshold=-0.024000059061191289 -0.0022292944931857623 0.070039619314476637 0.0097518973919920697 -0.02310948218955677 60.328493174951724 -1.6690849310952076 -0.00036879469411521938 -0.0086956464397733284
decision_type=2 2 2 2 2 2 2 2 2
left_child=5 4 -3 -4 -2 6 -1 -8 -6
right_child=1 2 3 -5 8 -7 7 -9 -10
leaf_value=-0.0076357983894564966 0.0059894903489360806 0.01734811595992742 -0.0085954017080503882 0.010386391552781812 -0.00026814276675389293 0.025218190960176887 0.027211046484448834 -0.0011155098669667109 -0.018834865298345958
leaf_weight=13.177489995956423 8.2378289550542814 11.681405112147329 33.63903121650219 24.6824791431427 8.5193893760442716 9.0902146846055967 9.5803734958171862 9.1566625237464887 20.141000136733059
leaf_count=59 35 49 145 105 37 41 42 40 88
internal_value=0.00200844 -0.0012431 0.00289085 -0.000235357 -0.00921698 0.0104977 0.00462269 0.0138722 -0.0141826
internal_weight=147.906 106.901 70.0029 58.3215 36.8982 41.0047 31.9145 18.737 28.6604
internal_count=641 459 299 250 160 182 141 82 125
is_linear=0
shrinkage=0.03


Tree=99
num_leaves=8
num_cat=0
split_feature=16 26 22 11 28 26 35
split_gain=6.25419 4.12113 3.12295 2.97849 6.12238 5.15298 2.44847
threshold=-31.055920556071428 0.4865403186866249 -0.046974222943112924 -0.017505978644864469 3.5000000000000004 0.061434162706178366 0.029894226502083402
decision_type=2 2 2 2 2 2 2
left_child=6 3 -3 5 -5 -2 -1
right_child=1 2 -4 4 -6 -7 -8
leaf_value=0.025595713379727551 0.013614924676524724 0 -0.023223708196310412 0.017767571981319185 -6.9390694658010772e-05 -0.012358903931224612 0.0013346056766068233
leaf_weight=10.789763361215593 7.0775013118982342 11.235161229968073 9.3574254512786847 22.093448951840401 55.74113167822361 23.85723802447319 7.5781354904174796
leaf_count=52 31 49 42 94 238 102 33
internal_value=0.00196742 -0.000346866 -0.0121129 0.0019238 0.00512404 -0.00549504 0.0174366
internal_weight=147.73 129.362 20.5926 108.769 77.8346 30.9347 18.3679
internal_count=641 556 91 465 332 133 85
is_linear=0
shrinkage=0.03


Tree=100
num_leaves=7
num_cat=0
split_feature=20 13 24 15 20 23
split_gain=6.31104 4.16218 3.77451 3.05728 2.41132 1.22872
threshold=0.03280848980242345 7.5925236213569578 -0.81180555555555545 -13.86542990656857 0.020986293240313866 1.0171573165823491
decision_type=2 2 2 2 2 2
left_child=1 2 -1 -4 -3 -2
right_child=5 4 3 -5 -6 -7
leaf_value=-0.016834701690613608 0.024725524506659741 -0.0013267682596520181 0.0096863359950187713 -0.00073964533244046398 -0.024975891459450322 0.0052176359287365746
leaf_weight=7.4223983436822882 8.9106081724166888 9.5304140895605105 36.284022882580757 67.3175950050354 7.3822024315595618 9.1142924576997739
leaf_count=33 39 40 156 291 31 43
internal_value=0.00141302 -0.000913436 0.0011585 0.00288406 -0.0139921 0.0171167
internal_weight=145.962 127.937 111.024 103.602 16.9126 18.0249
internal_count=633 551 480 447 71 82
is_linear=0
shrinkage=0.03


Tree=101
num_leaves=7
num_cat=0
split_feature=21 25 34 34 13 38
split_gain=5.10937 4.35317 3.27107 5.23337 4.34135 3.23503
threshold=0.027802766315322223 0.010001000100010003 -0.015445010803250612 0.007744889025525393 -0.19767200561680195 0.019328528487216414
decision_type=2 2 2 2 2 2
left_child=1 -1 4 -4 -3 -2
right_child=5 2 3 -5 -6 -7
leaf_value=-0.017273070248544551 0.02630353373985107 -0.019337376314618543 0.013178339002869927 -0.0012569426192521383 0.0034336193354642256 0
leaf_weight=10.866102859377859 9.1780295372009295 12.617137461900713 32.279738634824753 60.961658269166946 12.659614950418471 7.3102183490991584
leaf_count=47 41 55 139 263 54 34
internal_value=0.00136362 -0.000623726 0.00103959 0.00375478 -0.00796728 0.0161502
internal_weight=145.873 129.384 118.518 93.2414 25.2768 16.4882
internal_count=633 558 511 402 109 75
is_linear=0
shrinkage=0.03


Tree=102
num_leaves=14
num_cat=0
split_feature=28 14 35 8 34 1 21 21 35 35 35 14 1
split_gain=4.97126 10.6374 6.91384 4.14477 3.893 3.77719 4.69697 6.22486 3.52513 3.15145 3.06074 2.82344 1.33974
threshold=6.5000000000000009 -31.160446749343233 0.032326279452303826 0.047217660166858237 0.024283723119413628 0.0033205075923499199 0.028020069209480542 0.017106031954866669 0.033907717862658455 0.02006690780908749 0.063860315301012341 -25.07900110388027 -0.013559339346087438
decision_type=2 2 2 2 2 2 2 2 2 2 2 2 2
left_child=5 8 3 -3 -4 9 7 -7 -2 11 -10 -1 -11
right_child=1 2 4 -5 -6 6 -8 -9 10 12 -12 -13 -14
leaf_value=0.0007114196986440207 0.025668684321960226 -0.028335134803344923 0.011274076119912282 -0.000639471280370464 -0.013856263625469156 0.0062847095909155347 0.0184352623005846 -0.01977565783193206 -0.0074828568966737383 -0.0054354907908623117 0.014865351238945558 0.026430150640318093 0.0099325477038388187
leaf_weight=6.6470531225204477 7.4832085669040707 19.934725522994999 11.924280837178232 7.8246835917234412 7.0939543992280951 15.106233447790148 7.2717229872941962 13.349731490015982 10.382096678018572 8.1045263260602933 7.608460620045661 15.510169759392738 7.5539259612560263
leaf_count=30 34 88 50 34 31 64 32 58 45 35 33 66 33
internal_value=0.00132328 -0.00408382 -0.0125433 -0.0216001 0.000760063 0.00680143 0 -0.00594443 0.0106866 0.0131586 0.00175982 0.0200333 0.00141415
internal_weight=145.795 72.2514 46.7776 27.7594 19.0182 73.5434 35.7277 28.456 25.4738 37.8157 17.9906 22.1572 15.6585
internal_count=633 315 203 122 81 318 154 122 112 164 78 96 68
is_linear=0
shrinkage=0.03


Tree=103
num_leaves=8
num_cat=0
split_feature=20 35 19 26 40 28 22
split_gain=5.61377 4.08922 4.08813 5.1793 4.69623 3.44296 1.22146
threshold=0.03280848980242345 -0.028925453616956084 0.083170316263578556 0.30402576489533018 -0.029526616274857472 5.5000000000000009 -0.05868052931915179
decision_type=2 2 2 2 2 2 2
left_child=1 5 3 -3 -4 -1 -2
right_child=6 2 4 -5 -6 -7 -8
leaf_value=0 0.0030554202036541405 0.021192945494133596 -0.021615982116124997 -0.0015996838332438242 0.00048586078616464501 -0.022762676996438694 0.02238435406257256
leaf_weight=12.139197021722795 7.4680952727794674 16.270981132984165 7.7654847502708426 14.926897391676901 65.788793459534645 10.773039877414702 10.401278614997862
leaf_count=52 35 69 34 64 285 47 47
internal_value=0.0013041 -0.000880151 0.00156422 0.0103964 -0.00215944 -0.011886 0.0161819
internal_weight=145.534 127.664 104.752 31.1979 73.5543 22.9122 17.8694
internal_count=633 551 452 133 319 99 82
is_linear=0
shrinkage=0.03


Tree=104
num_leaves=11
num_cat=0
split_feature=28 15 35 16 25 18 14 35 1 1
split_gain=4.6156 10.1357 4.93238 4.64216 3.95064 3.61948 3.51054 3.62647 2.08164 1.40508
threshold=6.5000000000000009 -12.655740864425804 0.036099871068858043 -7.9102817997521457 0.051151229722658301 0.83172869430691831 -48.114774265039379 0.029894226502083402 0.0134154290412849 -0.00098573472479379621
decision_type=2 2 2 2 2 2 2 2 2 2
left_child=4 3 5 -2 -1 -3 9 -8 -5 -6
right_child=1 2 -4 8 6 -7 7 -9 -10 -11
leaf_value=-0.0087010301556625213 0.021658484302671404 -0.027349658037555957 0.00022772301992019477 -0.0082233307672665446 0.0055838048655452114 -0.00099020882570980025 0.018599858803152264 0 0.0094992570811601069 -0.01003216680902063
leaf_weight=10.397883117198942 11.633622080087664 19.048746347427372 13.178822189569471 12.215546846389772 7.7846960127353659 7.7951041758060446 33.321289524435997 13.808141291141508 8.1250511705875379 8.0873219072818738
leaf_count=46 51 87 56 54 35 33 142 61 34 34
internal_value=0.00126549 -0.00395089 -0.0138477 0.00808157 0.00655021 -0.0208147 0.00948834 0.0135014 -0.000255977 -0.00176599
internal_weight=145.396 71.9969 40.0227 31.9742 73.3993 26.8439 63.0014 47.1294 20.3406 15.872
internal_count=633 315 176 139 318 120 272 203 88 69
is_linear=0
shrinkage=0.03


Tree=105
num_leaves=6
num_cat=0
split_feature=37 26 36 26 36
split_gain=4.82335 3.62372 4.38865 6.43416 5.30818
threshold=0.070230937940536711 0.012017322266329846 0.0056694996618834063 0.16727493917274941 0.0068964458782112088
decision_type=2 2 2 2 2
left_child=1 -1 3 -3 -4
right_child=-2 2 4 -5 -6
leaf_value=0.016326803849530024 -0.019122399889106152 -0.0083415645360081676 -0.017067490269165382 0.011468906441402549 0.00015112147795766557
leaf_weight=10.556367188692091 9.6738060861825925 19.43469874560833 22.582969546318054 42.816856846213341 41.826030120253563
leaf_count=46 44 84 100 183 182
internal_value=-0.000543828 0.000914115 -0.00048768 0.00498356 -0.00599236
internal_weight=146.891 137.217 126.661 62.2516 64.409
internal_count=639 595 549 267 282
is_linear=0
shrinkage=0.03


Tree=106
num_leaves=8
num_cat=0
split_feature=37 0 0 21 17 17 40
split_gain=4.6046 3.18824 4.33785 5.48129 4.04987 3.85587 3.32255
threshold=0.070230937940536711 0.012264299977837624 -0.01459011863290288 0.015763789007131653 -1.7558053311675008 11.930559556697675 0.0063620636606851475
decision_type=2 2 2 2 2 2 2
left_child=1 2 3 -1 -4 6 -3
right_child=-2 5 4 -5 -6 -7 -8
leaf_value=-0.0095920781627610568 -0.018725614662083695 0 -0.013029826167093528 0.018253915435209999 0.00018701725855048423 -0.0068682282785364358 0.022577391814477585
leaf_weight=7.3841864615678814 9.6255403161048871 9.5912564098835009 31.745088204741478 16.466596692800522 48.88651667535305 7.9910858422517768 15.073580861091612
leaf_count=33 44 41 141 71 210 34 65
internal_value=-0.000531876 0.00088812 -0.00157868 0.00897744 -0.00502442 0.0088491 0.0146371
internal_weight=146.764 137.138 104.482 23.8508 80.6316 32.6559 24.6648
internal_count=639 595 455 104 351 140 106
is_linear=0
shrinkage=0.03


Tree=107
num_leaves=9
num_cat=0
split_feature=37 0 0 21 0 40 9 37
split_gain=4.39691 3.01226 4.09002 5.21299 3.52797 3.40953 2.86542 2.63335
threshold=0.070230937940536711 0.012264299977837624 -0.01459011863290288 0.015763789007131653 -0.01016759091347119 0.028467093558160021 0.008678903724705353 0.046698107527362816
decision_type=2 2 2 2 2 2 2 2
left_child=1 2 3 -1 -4 6 -3 -7
right_child=-2 5 4 -5 -6 7 -8 -9
leaf_value=-0.0093785405167531484 -0.018337985253480404 0.0096862011095103628 -0.01998158693735588 0.017771523096242026 -0.002005906173628075 0.028789913198040938 -0.011918809862698906 0.0013267904137136523
leaf_weight=7.3714781701564815 9.5771495997905713 9.9803598970174807 10.15027631819248 16.460536494851112 70.421687439084053 7.6383719742298108 8.2412705123424512 6.7786507159471512
leaf_count=33 44 43 45 71 306 32 35 30
internal_value=-0.000518489 0.000864799 -0.00153069 0.00871713 -0.00488123 0.00860645 0 0.0185256
internal_weight=146.62 137.043 104.404 23.832 80.572 32.6387 18.2216 14.417
internal_count=639 595 455 104 351 140 78 62
is_linear=0
shrinkage=0.03


Tree=108
num_leaves=12
num_cat=0
split_feature=5 28 33 11 4 40 32 5 34 16 8
split_gain=3.67167 5.07432 3.81577 5.47312 4.74161 5.41313 4.73414 3.92256 3.25462 2.41123 1.35503
threshold=0.081387525980848655 4.5000000000000009 0.53965924649576569 -0.0070559766063276177 -0.024436227406524399 0.0088156867506637999 -0.00082886426188399909 0.031103020010620933 0.020349607959124664 25.115436048499941 0.086106856466209108
decision_type=2 2 2 2 2 2 2 2 2 2 2
left_child=2 9 4 7 8 -6 -5 -4 -1 -2 -3
right_child=1 10 3 6 5 -7 -8 -9 -10 -11 -12
leaf_value=0.011499358371611323 -0.0060486005460090647 -0.023581506919732802 0.0077823075316700435 0 -9.2600122729136384e-05 -0.024605636719663575 0.025006102463127459 -0.018072577615840281 -0.0069000946399342174 0.01499967867964132 -0.0030655730997257206
leaf_weight=23.388553187251091 8.0277746170759183 13.051042497158052 9.2497452050447482 8.9095587730407733 22.355125576257706 11.975551187992094 17.99591638147831 7.5051302015781394 10.433660984039305 6.8886542320251456 6.69740867614746
leaf_count=105 35 60 39 38 97 52 76 32 45 31 29
internal_value=-0.000505134 -0.0088345 0.00205525 0.0088455 -0.00220909 -0.00994016 0.0168868 -0.00369148 0.00533632 0.00340929 -0.0182353
internal_weight=146.478 34.6649 111.813 43.6604 68.1529 34.3307 26.9055 16.7549 33.8222 14.9164 19.7485
internal_count=639 155 484 185 299 149 114 71 150 66 89
is_linear=0
shrinkage=0.03


Tree=109
num_leaves=6
num_cat=0
split_feature=37 23 5 15 5
split_gain=4.16337 2.86766 2.76096 5.29049 1.93009
threshold=0.070230937940536711 0.80976657946044495 -0.082013733562406141 -67.667342593129788 -0.024977981620202035
decision_type=2 2 2 2 2
left_child=1 4 -3 -4 -1
right_child=-2 2 3 -5 -6
leaf_value=0.0017632675775117231 -0.017896610617197394 0.01647976101582431 -0.013282220363913889 0.0040981560586847137 -0.015469003248509939
leaf_weight=6.7888649553060558 9.5174571424722654 9.999633461236952 16.855813294649124 90.445983648300171 12.607586331665514
leaf_count=30 44 45 74 388 58
internal_value=-0.000508915 0.000834147 0.00273393 0.0010376 -0.00913552
internal_weight=146.215 136.698 117.301 107.302 19.3965
internal_count=639 595 507 462 88
is_linear=0
shrinkage=0.03


Tree=110
num_leaves=7
num_cat=0
split_feature=5 21 21 33 21 35
split_gain=5.90037 3.00639 4.1966 5.57154 5.33858 0.607735
threshold=-0.08389172119284892 0.011757160209285323 0.015078760459166446 0.22005276542245675 0.016469225409435382 0.0042388400440169791
decision_type=2 2 2 2 2 2
left_child=5 -2 3 -3 -4 -1
right_child=1 2 4 -5 -6 -7
leaf_value=0.0050929677508992337 -0.015577220764578783 -0.012606782603033353 -0.015455540319605927 0.014331957957931114 0.00052815093910147173 0.024281062046138644
leaf_weight=6.2715755105018598 10.478617981076239 6.6816820651292792 22.850651443004608 28.476539894938469 70.244007959961891 7.0506714433431625
leaf_count=30 46 30 99 122 306 31
internal_value=0.000317555 -0.00151328 -2.75164e-05 0.00840569 -0.00347995 0.0180709
internal_weight=152.054 138.731 128.253 35.1582 93.0947 13.3222
internal_count=664 603 557 152 405 61
is_linear=0
shrinkage=0.03


Tree=111
num_leaves=9
num_cat=0
split_feature=23 4 6 0 6 0 37 1
split_gain=3.82203 4.25582 5.57838 3.2879 4.616 3.0567 2.63921 2.34549
threshold=1.1950837686071998 -0.024000059061191289 -0.020010869853384437 -0.0022292944931857623 0.0086091035546057432 0.0058318672086272736 -0.00049931323336077627 0.0195010280171698
decision_type=2 2 2 2 2 2 2 2
left_child=1 2 -1 6 -5 -4 -3 -2
right_child=7 3 5 4 -6 -7 -8 -9
leaf_value=-0.01220010528306077 0.018530171874424867 0.00064700430783280055 0.021197492852120751 0.0080525021811919655 -0.0077848060306325104 0 -0.015867702443294551 0
leaf_weight=7.1640892475843456 13.275504335761072 9.6853851675987226 16.58773542940617 29.236414596438408 33.141924738883972 7.1670709252357474 27.925408318638802 7.7768667340278617
leaf_count=32 59 42 75 126 142 31 123 34
internal_value=0.000308329 -0.00155238 0.00768573 -0.00465078 -0.000109381 0.0147471 -0.0114183 0.0116601
internal_weight=151.96 130.908 30.9189 99.9891 62.3783 23.7548 37.6108 21.0524
internal_count=664 571 138 433 268 106 165 93
is_linear=0
shrinkage=0.03


Tree=112
num_leaves=8
num_cat=0
split_feature=5 23 10 23 37 17 35
split_gain=5.54347 3.19004 5.16338 3.82691 4.92209 3.57895 0.585471
threshold=-0.08389172119284892 1.1950837686071998 -0.0019380537209016111 0.9460775941917805 0.037641262510624281 -4.7608817920848869 0.0042388400440169791
decision_type=2 2 2 2 2 2 2
left_child=6 3 -3 5 -5 -2 -1
right_child=1 2 -4 4 -6 -7 -8
leaf_value=0.0048303354087006756 -0.0090932120686564293 -0.0079996667177565858 0.021538574104467422 -0.0021010299517470179 -0.020410110223055469 0.0065562992889677714 0.023649167019397288
leaf_weight=6.2492874264717084 16.139652371406555 6.8227800875902203 10.702906325459479 42.579777300357819 19.177183330059052 43.158372044563293 6.9994510263204575
leaf_count=30 73 31 45 182 86 186 31
internal_value=0.000298587 -0.00147065 0.00962953 -0.00332996 -0.00848366 0.00189442 0.017554
internal_weight=151.829 138.581 17.5257 121.055 61.757 59.298 13.2487
internal_count=664 603 76 527 268 259 61
is_linear=0
shrinkage=0.03


Tree=113
num_leaves=8
num_cat=0
split_feature=10 23 1 25 38 23 3
split_gain=3.57433 5.5701 3.77382 3.59952 5.48104 3.84646 0.563184
threshold=-0.027834497393911414 1.1950837686071998 0.0096951730900739514 0.26428687723868455 0.012942196461134351 0.93858864076898141 -0.043181412709564652
decision_type=2 2 2 2 2 2 2
left_child=2 3 6 5 -5 -2 -1
right_child=1 -3 -4 4 -6 -7 -8
leaf_value=0.0070105915770366295 0.0082424910081256176 0.015374940566333347 -0.0027754439948885737 -0.014368038081937751 0.0091758692735916022 -0.0057851988819746661 0.027137282746644217
leaf_weight=6.7189919799566269 30.937026843428612 13.220849066972731 8.6354109197854978 41.407234117388725 8.9017587900161725 35.30034926533699 6.5647747963666934
leaf_count=32 135 56 38 181 39 153 30
internal_value=0.000293463 -0.00154766 0.0110385 -0.00382087 -0.00972383 0.000596348 0.0201881
internal_weight=151.686 129.767 21.9192 116.546 50.309 66.2374 13.2838
internal_count=664 564 100 508 220 288 62
is_linear=0
shrinkage=0.03


Tree=114
num_leaves=8
num_cat=0
split_feature=10 23 28 35 21 1 6
split_gain=3.40505 5.27531 5.01341 6.12506 5.0355 3.62674 0.889508
threshold=-0.027834497393911414 1.1950837686071998 8.5000000000000018 0.065211300325784718 0.015150957617981639 0.0096951730900739514 -0.014736974142463187
decision_type=2 2 2 2 2 2 2
left_child=5 2 4 -4 -2 6 -1
right_child=1 -3 3 -5 -6 -7 -8
leaf_value=0.005790620817118103 0.010952407357890234 0.014971873403578088 -0.018571077921189897 0.0085950848234946677 -0.0046371080792759331 -0.0027071760036708882 0.027351991185150231
leaf_weight=6.5815014839172363 26.03623166680336 13.223274797201155 29.677004165947437 7.6235646605491629 53.120458573102951 8.6379746496677381 6.6689012348651904
leaf_count=30 112 56 134 32 230 38 32
internal_value=0.000304944 -0.00148978 -0.00370679 -0.0124823 0.000449312 0.0108004 0.0197899
internal_weight=151.569 129.681 116.457 37.3006 79.1567 21.8884 13.2504
internal_count=664 564 508 166 342 100 62
is_linear=0
shrinkage=0.03


Tree=115
num_leaves=13
num_cat=0
split_feature=11 28 11 20 37 34 4 12 11 3 2 12
split_gain=7.82507 4.98084 4.68744 6.30997 6.14316 4.85775 4.67257 4.23204 4.14031 3.95387 3.35818 3.33711
threshold=0.044092454724657733 4.5000000000000009 -0.017505978644864469 0.018195549471684527 0.032513653924316828 -0.0039231273624454324 1.0000000180025095e-35 65.238768961493591 -0.042802741533343618 -0.024703040106658965 -0.018914216570466599 35.098228305828769
decision_type=2 2 2 2 2 2 2 2 2 2 2 2
left_child=2 6 5 4 -4 11 -2 -8 -7 -3 -5 -1
right_child=1 9 3 10 -6 8 7 -9 -10 -11 -12 -13
leaf_value=0 0.01365743988741768 -0.00090978708647670417 0.0094736541119923752 -0.00088374010298526262 -0.024236145439949917 0.014985008175519158 -0.022952655901880215 0.0026341217600853073 -0.0063820768009623689 -0.028994671465506671 0.01989072933872435 -0.024421251680121405
leaf_weight=6.7234200984239605 8.9209261685609835 7.7923707365989712 8.2887901812791807 7.0585604161024085 6.8927931189537039 13.27589173614979 9.3701645284891146 9.3111064285039884 14.70154148340225 15.493869572877882 29.495953470468521 10.866278335452078
leaf_count=30 40 35 36 31 30 57 40 41 63 71 126 48
internal_value=-0.00195013 -0.01131 0.0029231 0.00903336 -0.00599797 -0.00378717 -0.0017576 -0.010453 0.00357999 -0.021005 0.0156524 -0.0154399
internal_weight=148.192 50.8884 97.3032 51.7361 15.1816 45.5671 27.6022 18.6813 27.9774 23.2862 36.5545 17.5897
internal_count=648 227 421 223 66 198 121 81 120 106 157 78
is_linear=0
shrinkage=0.03


Tree=116
num_leaves=10
num_cat=0
split_feature=11 15 16 11 26 31 12 37 26
split_gain=7.41658 4.54904 3.65511 6.50141 3.62317 4.50092 3.49566 3.26989 1.99786
threshold=0.044092454724657733 -101.65540709116677 -14.708052000537363 0.076108519241618447 0.33276255707762564 -1.4999999999999998 51.58198482958678 0.0070778888058388176 0.29217479674796754
decision_type=2 2 2 2 2 2 2 2 2
left_child=1 -1 3 -2 5 -3 -6 -4 -9
right_child=2 4 7 -5 6 -7 -8 8 -10
leaf_value=-0.012291437297012662 -0.015724340324955087 -0.0034290497733680241 0 0.013933460381975911 -0.01214184662648712 0.015023800359126527 0.0069274223665147776 -0.031089339470246252 -0.0072686158235500849
leaf_weight=12.845583856105803 11.830803185701372 13.964542016386984 7.3300063908100155 10.666595399379728 15.075156435370447 40.477811247110367 14.840624421834944 12.358671605587007 8.5540463626384717
leaf_count=57 52 63 31 48 66 172 63 56 40
internal_value=-0.0019152 0.00282549 -0.0110442 -0.00106096 0.00553246 0.0100711 -0.00237067 -0.0179045 -0.0234854
internal_weight=147.944 97.2037 50.7401 22.4974 84.3581 54.4424 29.9158 28.2427 20.9127
internal_count=648 421 227 100 364 235 129 127 96
is_linear=0
shrinkage=0.03


Tree=117
num_leaves=7
num_cat=0
split_feature=14 35 35 16 0 28
split_gain=5.85187 5.93548 4.13247 6.06676 3.98331 1.68477
threshold=137.40528770658469 0.072673613154452768 -0.023040564360045864 3.0798590715286385 -0.01459011863290288 4.5000000000000009
decision_type=2 2 2 2 2 2
left_child=1 2 3 -1 -4 -2
right_child=5 -3 4 -5 -6 -7
leaf_value=-0.022460647644591481 -0.0048215144953392556 0.022146310224422625 0.01626340394447828 0.0032073928539129918 -0.00071165601266392944 -0.024610251456533408
leaf_weight=15.688856586813928 11.241756290197374 8.5571718513965589 12.52497787773609 13.107745975255964 77.096830055117607 9.5162923932075483
leaf_count=71 50 36 54 57 335 45
internal_value=-0.00188583 0.000503131 -0.00127813 -0.0108404 0.00180018 -0.0159181
internal_weight=147.734 126.976 118.418 28.7966 89.6218 20.758
internal_count=648 553 517 128 389 95
is_linear=0
shrinkage=0.03


Tree=118
num_leaves=10
num_cat=0
split_feature=11 13 9 16 16 11 37 16 26
split_gain=6.85633 4.48661 4.87047 4.19064 3.44922 6.13294 3.13314 1.97904 1.92919
threshold=0.044092454724657733 5.0215848762118407 -0.096562712911154355 11.958874851591714 -14.708052000537363 0.076108519241618447 0.0070778888058388176 6.245510056994406 0.29217479674796754
decision_type=2 2 2 2 2 2 2 2 2
left_child=1 2 -1 -4 5 -2 -6 -3 -8
right_child=4 7 3 -5 6 -7 8 -9 -10
leaf_value=-0.013973644539165282 -0.015221748580355104 -0.017283822731800576 0.01525625311973642 1.2993094530342355e-06 0 0.013616078209285468 -0.030327180644034772 0 -0.0069108557712645379
leaf_weight=7.2367502748966208 11.793387979269029 9.8099486380815524 38.267670705914497 30.456151306629181 7.3168551772832897 10.647759333252905 12.223370835185053 11.382166877388952 8.5127163380384427
leaf_count=33 52 42 168 130 31 48 56 48 40
internal_value=-0.00183496 0.00271325 0.006225 0.00889907 -0.0106416 -0.000930668 -0.0173319 -0.00867878 -0.0228274
internal_weight=147.647 97.1527 75.9606 68.7238 50.4941 22.4411 28.0529 21.1921 20.7361
internal_count=648 421 331 298 227 100 127 90 96
is_linear=0
shrinkage=0.03


Tree=119
num_leaves=9
num_cat=0
split_feature=14 34 25 36 25 3 4 4
split_gain=5.40286 5.91 4.00138 5.23923 4.96728 3.86001 4.30226 1.15243
threshold=137.40528770658469 -0.018034275176167621 0.28269230769230774 0.0060123903688491026 0.041381278538812787 -0.030042250855201621 -0.00033526909516790043 0.06613499103878874
decision_type=2 2 2 2 2 2 2 2
left_child=1 5 4 -4 -3 -1 -7 -2
right_child=7 2 3 -5 -6 6 -8 -9
leaf_value=0.0060830346247716218 -0.02174093429701934 -0.0048816829557565018 0.0055980060088255627 -0.014631454012109189 0.014492350589408259 -0.029267726767336445 -0.0018083857615127014 -0.0042070680872546727
leaf_weight=6.7482865005731609 11.018770277500154 13.887330591678618 25.868881821632385 17.197945654392242 41.377927497029305 10.423145011067396 11.3915135115385 9.5748349875211698
leaf_count=31 50 61 111 76 178 47 49 45
internal_value=-0.00180701 0.000477981 0.00409846 -0.00243824 0.00936154 -0.0109478 -0.0169146 -0.0153467
internal_weight=147.489 126.895 98.3321 43.0668 55.2653 28.5629 21.8147 20.5936
internal_count=648 553 426 187 239 127 96 95
is_linear=0
shrinkage=0.03


Tree=120
num_leaves=7
num_cat=0
split_feature=35 9 5 28 15 23
split_gain=3.67328 4.77762 6.60212 5.78493 4.59391 3.92001
threshold=0.072673613154452768 -0.047564641951399027 -0.081511623054129609 2.5000000000000004 -12.655740864425804 0.95328590197156038
decision_type=2 2 2 2 2 2
left_child=1 2 -1 5 -5 -3
right_child=-2 3 -4 4 -6 -7
leaf_value=0.0054856941990490734 0.016469627897544612 0.027859262766672631 -0.02564260824673581 0.0077135286939038492 -0.0067257013560099261 0
leaf_weight=7.7947499454021481 7.9826124608516684 8.2921059280633944 14.230527907609938 24.618600681424141 70.935520470142365 10.0184468626976
leaf_count=35 34 35 65 107 313 46
internal_value=-0.000941197 -0.00229679 -0.0144624 0.000135997 -0.00276994 0.0148187
internal_weight=143.873 135.89 22.0253 113.865 95.5541 18.3106
internal_count=635 601 100 501 420 81
is_linear=0
shrinkage=0.03


end of trees

feature_importances:
macro_usdjpy_ret_60=59
ma_20_60_cross=53
month=42
atr_pct=41
macro_usdjpy_ret_20=41
lower_shadow_pct=40
macro_usdjpy_vol_20=38
return_20d=37
macro_topix_ret_20=36
volatility=32
macd=30
macd_hist=30
div_ma_5=29
bb_bandwidth=29
div_ma_60=28
vol_ratio=26
return_1d=23
return_10d=23
upper_shadow_pct=22
ma_5_20_cross=21
macd_signal=21
price_position_20d=21
macro_topix_vol_20=21
return_3d=17
candle_body_pct=17
return_2d=16
rsi_change=15
rsi=14
return_5d=13
macd_hist_change=13
vol_change=12
streak=12
macro_nikkei_ret_20=12
div_ma_10=10
div_ma_20=9
bb_pct_b=8
gap=5
day_of_week=2
is_month_start=1

parameters:
[boosting: gbdt]
[objective: binary]
[metric: binary_logloss]
[tree_learner: serial]
[device_type: cpu]
[data_sample_strategy: bagging]
[data: ]
[valid: ]
[num_iterations: 121]
[learning_rate: 0.03]
[num_leaves: 15]
[num_threads: 0]
[seed: 42]
[deterministic: 0]
[force_col_wise: 0]
[force_row_wise: 0]
[histogram_pool_size: -1]
[max_depth: 4]
[min_data_in_leaf: 30]
[min_sum_hessian_in_leaf: 0.001]
[bagging_fraction: 0.7]
[pos_bagging_fraction: 1]
[neg_bagging_fraction: 1]
[bagging_freq: 5]
[bagging_seed: 400]
[bagging_by_query: 0]
[feature_fraction: 0.6]
[feature_fraction_bynode: 1]
[feature_fraction_seed: 30056]
[extra_trees: 0]
[extra_seed: 12879]
[early_stopping_round: 0]
[early_stopping_min_delta: 0]
[first_metric_only: 0]
[max_delta_step: 0]
[lambda_l1: 0.5]
[lambda_l2: 2]
[linear_lambda: 0]
[min_gain_to_split: 0]
[drop_rate: 0.1]
[max_drop: 50]
[skip_drop: 0.5]
[xgboost_dart_mode: 0]
[uniform_drop: 0]
[drop_seed: 17869]
[top_rate: 0.2]
[other_rate: 0.1]
[min_data_per_group: 100]
[max_cat_threshold: 32]
[cat_l2: 10]
[cat_smooth: 10]
[max_cat_to_onehot: 4]
[top_k: 20]
[monotone_constraints: ]
[monotone_constraints_method: basic]
[monotone_penalty: 0]
[feature_contri: ]
[forcedsplits_filename: ]
[refit_decay_rate: 0.9]
[cegb_tradeoff: 1]
[cegb_penalty_split: 0]
[cegb_penalty_feature_lazy: ]
[cegb_penalty_feature_coupled: ]
[path_smooth: 0]
[interaction_constraints: ]
[verbosity: -1]
[saved_feature_importance_type: 0]
[use_quantized_grad: 0]
[num_grad_quant_bins: 4]
[quant_train_renew_leaf: 0]
[stochastic_rounding: 1]
[linear_tree: 0]
[max_bin: 255]
[max_bin_by_feature: ]
[min_data_in_bin: 5]
[bin_construct_sample_cnt: 200000]
[data_random_seed: 175]
[is_enable_sparse: 1]
[enable_bundle: 1]
[use_missing: 1]
[zero_as_missing: 0]
[feature_pre_filter: 1]
[pre_partition: 0]
[two_round: 0]
[header: 0]
[label_column: ]
[weight_column: ]
[group_column: ]
[ignore_column: ]
[categorical_feature: ]
[forcedbins_filename: ]
[precise_float_parser: 0]
[parser_config_file: ]
[objective_seed: 16083]
[num_class: 1]
[is_unbalance: 0]
[scale_pos_weight: 1]
[sigmoid: 1]
[boost_from_average: 1]
[reg_sqrt: 0]
[alpha: 0.9]
[fair_c: 1]
[poisson_max_delta_step: 0.7]
[tweedie_variance_power: 1.5]
[lambdarank_truncation_level: 30]
[lambdarank_norm: 1]
[label_gain: ]
[lambdarank_position_bias_regularization: 0]
[eval_at: ]
[multi_error_top_k: 1]
[auc_mu_weights: ]
[num_machines: 1]
[local_listen_port: 12400]
[time_out: 120]
[machine_list_filename: ]
[machines: ]
[gpu_platform_id: -1]
[gpu_device_id: -1]
[gpu_use_dp: 0]
[num_gpu: 1]

end of parameters

pandas_categorical:[]
