{
  "feature_cols": [
    "return_1d",
    "return_2d",
    "return_3d",
    "return_5d",
    "return_10d",
    "return_20d",
    "div_ma_5",
    "div_ma_10",
    "div_ma_20",
    "div_ma_60",
    "ma_5_20_cross",
    "ma_20_60_cross",
    "rsi",
    "rsi_change",
    "macd",
    "macd_signal",
    "macd_hist",
    "macd_hist_change",
    "bb_pct_b",
    "bb_bandwidth",
    "atr_pct",
    "volatility",
    "vol_change",
    "vol_ratio",
    "candle_body_pct",
    "upper_shadow_pct",
    "lower_shadow_pct",
    "day_of_week",
    "month",
    "is_month_end",
    "is_month_start",
    "streak",
    "gap",
    "price_position_20d",
    "macro_usdjpy_ret_20",
    "macro_usdjpy_ret_60",
    "macro_usdjpy_vol_20",
    "macro_topix_ret_20",
    "macro_topix_vol_20",
    "macro_topix_above_200dma",
    "macro_nikkei_ret_20",
    "macro_nikkei_above_200dma",
    "macro_nikkei_vi",
    "macro_jgb10y",
    "macro_bias_score"
  ],
  "avg_up_ret": 0.03714142144868949,
  "avg_dn_ret": -0.0196072339926878,
  "n_bins": 10,
  "psi_ref_rows": 250,
  "psi": {
    "return_1d": {
      "edges": [
        -0.07166819152180548,
        -0.022207999567005875,
        -0.013549926947056099,
        -0.007569116956775065,
        -0.003144999924206803,
        0.0005238237449146643,
        0.005088114362463526,
        0.012708698947906452,
        0.020643483228931905,
        0.031367262099028334,
        0.0766
      ],
      "ref_props": [
        0.1,
        0.1,
        0.1,
        0.1,
        0.1,
        0.1,
        0.1,
        0.1,
        0.1,
        0.1
      ]
    },
    "return_2d": {
      "edges": [
        -0.09496062992125986,
        -0.029424350471726153,
        -0.017028417192244193,
        -0.008097355681229998,
        -0.0007702753777772022,
        0.003834120542078323,
        0.009970263633417891,
        0.01958767096410652,
        0.031136384450621134,
        0.04469710425835193,
        0.11889420078985657
      ],
      "ref_props": [
        0.1,
        0.1,
        0.1,
        0.1,
        0.1,
        0.1,
        0.1,
        0.1,
        0.1,
        0.1
      ]
    },
    "return_3d": {
      "edges": [
        -0.10427057356608482,
        -0.03652409368315684,
        -0.01913518474914759,
        -0.00938317214160523,
        -0.00038936068442052454,
        0.006973385881415939,
        0.016654823164257065,
        0.025067561637001187,
        0.03844493130303994,
        0.05915615937589943,
        0.14146511223246905
      ],
      "ref_props": [
        0.1,
        0.1,
        0.1,
        0.1,
        0.1,
        0.1,
        0.1,
        0.1,
        0.1,
        0.1
      ]
    },
    "return_5d": {
      "edges": [
        -0.1266266266266266,
        -0.04658625005394673,
        -0.02070082452856146,
        -0.011954385563847675,
        0.001055408294690802,
        0.01216872130375557,
        0.023845335180578787,
        0.040841208568804,
        0.053946155726764165,
        0.07254745760193779,
        0.1958012887133651
      ],
      "ref_props": [
        0.1,
        0.1,
        0.1,
        0.1,
        0.1,
        0.1,
        0.1,
        0.1,
        0.1,
        0.1
      ]
    },
    "return_10d": {
      "edges": [
        -0.16943724264145188,
        -0.04608783271897543,
        -0.0196790693652235,
        -0.0018179549649317015,
        0.015500179757176283,
        0.027878573655197303,
        0.04350381551087015,
        0.062044981357374435,
        0.08331746429084431,
        0.10808049875573982,
        0.21169858451290602
      ],
      "ref_props": [
        0.1,
        0.1,
        0.1,
        0.1,
        0.1,
        0.1,
        0.1,
        0.1,
        0.1,
        0.1
      ]
    },
    "return_20d": {
      "edges": [
        -0.1678345011678345,
        -0.023185138733358254,
        0.019426170780954877,
        0.03326593651280106,
        0.04632222195061391,
        0.060000106854324664,
        0.08001566416040098,
        0.09276236090087382,
        0.11859415945169488,
        0.1630233940230565,
        0.24708576186511233
      ],
      "ref_props": [
        0.1,
        0.1,
        0.1,
        0.1,
        0.1,
        0.1,
        0.1,
        0.1,
        0.1,
        0.1
      ]
    },
    "div_ma_5": {
      "edges": [
        -0.0721366527818141,
        -0.021472577250616298,
        -0.010766232473052934,
        -0.005212535041537519,
        -0.0005806805851568967,
        0.004047621169468491,
        0.01142891298975643,
        0.017268094490502935,
        0.024310362332041743,
        0.03447451482307835,
        0.0837091319052988
      ],
      "ref_props": [
        0.1,
        0.1,
        0.1,
        0.1,
        0.1,
        0.1,
        0.1,
        0.1,
        0.1,
        0.1
      ]
    },
    "div_ma_10": {
      "edges": [
        -0.09016069025567956,
        -0.03144857872942108,
        -0.014462869548608792,
        -0.0031791082330885462,
        0.005390974876952049,
        0.01076487116056142,
        0.01912343975337142,
        0.029504043868823746,
        0.04236449911807794,
        0.055953713470612676,
        0.12547930197981055
      ],
      "ref_props": [
        0.1,
        0.1,
        0.1,
        0.1,
        0.1,
        0.1,
        0.1,
        0.1,
        0.1,
        0.1
      ]
    },
    "div_ma_20": {
      "edges": [
        -0.10912630253063099,
        -0.031348281598379546,
        -0.007746157904738351,
        0.007370667930077569,
        0.01661586727549574,
        0.027889641259788184,
        0.04013653537672006,
        0.05512168488282427,
        0.06703515233903111,
        0.08213389863808258,
        0.13897269129804482
      ],
      "ref_props": [
        0.1,
        0.1,
        0.1,
        0.1,
        0.1,
        0.1,
        0.1,
        0.1,
        0.1,
        0.1
      ]
    },
    "div_ma_60": {
      "edges": [
        -0.07232914202653329,
        0.04452785820360904,
        0.05638215061822509,
        0.0701252476285779,
        0.08060370218412574,
        0.08916968838587039,
        0.10393125874596836,
        0.11702913174073393,
        0.13442867579899542,
        0.15899776021905576,
        0.23601756020819975
      ],
      "ref_props": [
        0.1,
        0.1,
        0.1,
        0.1,
        0.1,
        0.1,
        0.1,
        0.1,
        0.1,
        0.1
      ]
    },
    "ma_5_20_cross": {
      "edges": [
        -0.07571401504230135,
        -0.02541309859719949,
        -0.0055442865934896834,
        0.006006303952345271,
        0.013122282740635916,
        0.020229509828174064,
        0.03036939788241516,
        0.042611879852705516,
        0.05234228295293013,
        0.06563960895083062,
        0.10217281846702031
      ],
      "ref_props": [
        0.1,
        0.1,
        0.1,
        0.1,
        0.1,
        0.1,
        0.1,
        0.1,
        0.1,
        0.1
      ]
    },
    "ma_20_60_cross": {
      "edges": [
        0.00036934842592395434,
        0.040958248520679606,
        0.05024536660305974,
        0.05640480833125718,
        0.059841847108079625,
        0.06326231138478355,
        0.07142539538184095,
        0.07404400704667279,
        0.08188494313962824,
        0.09480225588556918,
        0.11939769707705938
      ],
      "ref_props": [
        0.1,
        0.1,
        0.1,
        0.1,
        0.1,
        0.1,
        0.1,
        0.1,
        0.1,
        0.1
      ]
    },
    "rsi": {
      "edges": [
        23.60894435777432,
        42.51170514203806,
        47.97306660507755,
        51.19200440124702,
        55.17373193191444,
        59.55036998843351,
        63.264282165921514,
        67.39802562469362,
        71.73183186926136,
        76.43005910271695,
        85.83877995642702
      ],
      "ref_props": [
        0.1,
        0.1,
        0.1,
        0.1,
        0.1,
        0.1,
        0.1,
        0.1,
        0.1,
        0.1
      ]
    },