{
  "feature_cols": [
    "return_1d",
    "return_2d",
    "return_3d",
    "return_5d",
    "return_10d",
    "return_20d",
    "div_ma_5",
    "div_ma_10",
    "div_ma_20",
    "div_ma_60",
    "ma_5_20_cross",
    "ma_20_60_cross",
    "rsi",
    "rsi_change",
    "macd",
    "macd_signal",
    "macd_hist",
    "macd_hist_change",
    "bb_pct_b",
    "bb_bandwidth",
    "atr_pct",
    "volatility",
    "vol_change",
    "vol_ratio",
    "candle_body_pct",
    "upper_shadow_pct",
    "lower_shadow_pct",
    "day_of_week",
    "month",
    "is_month_end",
    "is_month_start",
    "streak",
    "gap",
    "price_position_20d",
    "macro_usdjpy_ret_20",
    "macro_usdjpy_ret_60",
    "macro_usdjpy_vol_20",
    "macro_topix_ret_20",
    "macro_topix_vol_20",
    "macro_topix_above_200dma",
    "macro_nikkei_ret_20",
    "macro_nikkei_above_200dma",
    "macro_nikkei_vi",
    "macro_jgb10y",
    "macro_bias_score"
  ],
  "avg_up_ret": 0.03273646064201268,
  "avg_dn_ret": -0.0250031531931453,
  "n_bins": 10,
  "psi_ref_rows": 250,
  "psi": {
    "return_1d": {
      "edges": [
        -0.07432258064516128,
        -0.02280321522021492,
        -0.013359606960736055,
        -0.008777804530828826,
        -0.004173588558767705,
        -0.00015160703456640334,
        0.004448732525522432,
        0.010466391252614149,
        0.016709413620892958,
        0.028852717616843108,
        0.09086419753086417
      ],
      "ref_props": [
        0.1,
        0.1,
        0.1,
        0.1,
        0.1,
        0.1,
        0.1,
        0.1,
        0.1,
        0.1
      ]
    },
    "return_2d": {
      "edges": [
        -0.08401430030643509,
        -0.031175832687838866,
        -0.02061250055925905,
        -0.011695460556252184,
        -0.00406444593232471,
        0.0008056797249487158,
        0.007067287346593261,
        0.01733401460122109,
        0.025553512635224606,
        0.0451744354000958,
        0.12906897336671985
      ],
      "ref_props": [
        0.1,
        0.1,
        0.1,
        0.1,
        0.1,
        0.1,
        0.1,
        0.1,
        0.1,
        0.1
      ]
    },
    "return_3d": {
      "edges": [
        -0.08898098488542172,
        -0.03512281891490586,
        -0.02263158921830308,
        -0.014948896100636676,
        -0.007388651375601539,
        0.0012722973574601504,
        0.010904546576468525,
        0.021100521896982086,
        0.031117372872446685,
        0.047544590066867176,
        0.13423279213354666
      ],
      "ref_props": [
        0.1,
        0.1,
        0.1,
        0.1,
        0.1,
        0.1,
        0.1,
        0.1,
        0.1,
        0.1
      ]
    },
    "return_5d": {
      "edges": [
        -0.08436772692009309,
        -0.042438802113374745,
        -0.028285247459982156,
        -0.016336400264165118,
        -0.007953092634251768,
        0.0026145227753358036,
        0.012931855601578028,
        0.026445315796067972,
        0.03857501879626058,
        0.0668268408354912,
        0.15001159285879906
      ],
      "ref_props": [
        0.1,
        0.1,
        0.1,
        0.1,
        0.1,
        0.1,
        0.1,
        0.1,
        0.1,
        0.1
      ]
    },
    "return_10d": {
      "edges": [
        -0.10420841683366733,
        -0.052365265168142,
        -0.031161136752922158,
        -0.01395136497539756,
        -0.00360846802879926,
        0.010304728156404153,
        0.027649806001171732,
        0.03777775269532742,
        0.05731667981465379,
        0.0967573096346532,
        0.22238027501185398
      ],
      "ref_props": [
        0.1,
        0.1,
        0.1,
        0.1,
        0.1,
        0.1,
        0.1,
        0.1,
        0.1,
        0.1
      ]
    },
    "return_20d": {
      "edges": [
        -0.13254228730118656,
        -0.05865364510032573,
        -0.03264430352602394,
        -0.009866033488756639,
        0.00754517473396212,
        0.023937183854626287,
        0.04645328147871519,
        0.07015388084754193,
        0.09814621817018031,
        0.1280935911611185,
        0.2712031558185404
      ],
      "ref_props": [
        0.1,
        0.1,
        0.1,
        0.1,
        0.1,
        0.1,
        0.1,
        0.1,
        0.1,
        0.1
      ]
    },
    "div_ma_5": {
      "edges": [
        -0.05080709182323366,
        -0.021617347624844845,
        -0.01461233630828259,
        -0.008095671179470583,
        -0.004753874377494568,
        0.0012461818447687023,
        0.0064606036388671455,
        0.01233297470060644,
        0.019242514397634344,
        0.0292724718245402,
        0.09773371104815864
      ],
      "ref_props": [
        0.1,
        0.1,
        0.1,
        0.1,
        0.1,
        0.1,
        0.1,
        0.1,
        0.1,
        0.1
      ]
    },
    "div_ma_10": {
      "edges": [
        -0.05643948389139555,
        -0.03028100935456803,
        -0.017441936878776154,
        -0.010119895818249005,
        -0.002539859456409482,
        0.003448158390649919,
        0.00846069336556449,
        0.017342505243366297,
        0.029713328558536742,
        0.05210229279573208,
        0.12359550561797752
      ],
      "ref_props": [
        0.1,
        0.1,
        0.1,
        0.1,
        0.1,
        0.1,
        0.1,
        0.1,
        0.1,
        0.1
      ]
    },
    "div_ma_20": {
      "edges": [
        -0.07712556615094777,
        -0.03911427294881881,
        -0.020417518618249197,
        -0.010291715357843189,
        0.0005510280954666295,
        0.011003902659270245,
        0.020580202712589916,
        0.03142831549152334,
        0.047202783022809586,
        0.06858431731184257,
        0.16546830208186475
      ],
      "ref_props": [
        0.1,
        0.1,
        0.1,
        0.1,
        0.1,
        0.1,
        0.1,
        0.1,
        0.1,
        0.1
      ]
    },
    "div_ma_60": {
      "edges": [
        -0.08930883609928653,
        -0.04007244161038993,
        -0.015928779294872682,
        0.00016605170131354547,
        0.014141132603615549,
        0.03957451875954138,
        0.05657680839719742,
        0.08087827410774964,
        0.10164698289282462,
        0.13105413952089282,
        0.2598245628324061
      ],
      "ref_props": [
        0.1,
        0.1,
        0.1,
        0.1,
        0.1,
        0.1,
        0.1,
        0.1,
        0.1,
        0.1
      ]
    },
    "ma_5_20_cross": {
      "edges": [
        -0.05526312386027077,
        -0.030359042619223398,
        -0.015393097963096779,
        -0.0069120407988796555,
        0.001606909900114717,
        0.00899384697194705,
        0.015877031827560027,
        0.02500520728919168,
        0.03684528586312581,
        0.056199342258570484,
        0.11171858301553561
      ],
      "ref_props": [
        0.1,
        0.1,
        0.1,
        0.1,
        0.1,
        0.1,
        0.1,
        0.1,
        0.1,
        0.1
      ]
    },
    "ma_20_60_cross": {
      "edges": [
        -0.05472302720827826,
        -0.02467730643078394,
        -0.00925053334621304,
        -0.0022605998509897273,
        0.006876530720272767,
        0.019694815683197975,
        0.035977735471159025,
        0.053451321024009936,
        0.07215684124657616,
        0.08742610124874586,
        0.12247630498258966
      ],
      "ref_props": [
        0.1,
        0.1,
        0.1,
        0.1,
        0.1,
        0.1,
        0.1,
        0.1,
        0.1,
        0.1
      ]
    },
    "rsi": {
      "edges": [
        13.895216400911167,
        33.7948717948718,
        41.90163581720264,
        46.56367381558221,
        50.80704989250425,
        54.84311538086625,
        58.368784044073486,
        61.8771840997538,
        64.93459404126934,
        69.77693698383554,
        87.3144399460189
      ],