{
  "feature_cols": [
    "return_1d",
    "return_2d",
    "return_3d",
    "return_5d",
    "return_10d",
    "return_20d",
    "div_ma_5",
    "div_ma_10",
    "div_ma_20",
    "div_ma_60",
    "ma_5_20_cross",
    "ma_20_60_cross",
    "rsi",
    "rsi_change",
    "macd",
    "macd_signal",
    "macd_hist",
    "macd_hist_change",
    "bb_pct_b",
    "bb_bandwidth",
    "atr_pct",
    "volatility",
    "vol_change",
    "vol_ratio",
    "candle_body_pct",
    "upper_shadow_pct",
    "lower_shadow_pct",
    "day_of_week",
    "month",
    "is_month_end",
    "is_month_start",
    "streak",
    "gap",
    "price_position_20d",
    "macro_usdjpy_ret_20",
    "macro_usdjpy_ret_60",
    "macro_usdjpy_vol_20",
    "macro_topix_ret_20",
    "macro_topix_vol_20",
    "macro_topix_above_200dma",
    "macro_nikkei_ret_20",
    "macro_nikkei_above_200dma",
    "macro_nikkei_vi",
    "macro_jgb10y",
    "macro_bias_score"
  ],
  "avg_up_ret": 0.03907908735300356,
  "avg_dn_ret": -0.02404293679811932,
  "n_bins": 10,
  "psi_ref_rows": 250,
  "psi": {
    "return_1d": {
      "edges": [
        -0.17675675675675673,
        -0.025654504849682847,
        -0.014236213078429216,
        -0.009223042839208532,
        -0.00457653533138691,
        0.00016457034662986647,
        0.006259380747824495,
        0.01060765595340787,
        0.01712304368030315,
        0.031013409686833256,
        0.07437778736872391
      ],
      "ref_props": [
        0.1,
        0.1,
        0.1,
        0.1,
        0.1,
        0.1,
        0.1,
        0.1,
        0.1,
        0.1
      ]
    },
    "return_2d": {
      "edges": [
        -0.17820045865371648,
        -0.03711795728405188,
        -0.021663936785888006,
        -0.012355349707226869,
        -0.006125773184245763,
        0.00187294077460054,
        0.008119587323298162,
        0.016236239954573576,
        0.02641806665935982,
        0.04136541902970239,
        0.09012760241772999
      ],
      "ref_props": [
        0.1,
        0.1,
        0.1,
        0.1,
        0.1,
        0.1,
        0.1,
        0.1,
        0.1,
        0.1
      ]
    },
    "return_3d": {
      "edges": [
        -0.17205762435444416,
        -0.042975230938354356,
        -0.02822413610900365,
        -0.016717647058823563,
        -0.005508269950895059,
        0.0037368158874292456,
        0.010269921820872876,
        0.01847777248586906,
        0.028842064091406352,
        0.05050100308815548,
        0.1181265542967671
      ],
      "ref_props": [
        0.1,
        0.1,
        0.1,
        0.1,
        0.1,
        0.1,
        0.1,
        0.1,
        0.1,
        0.1
      ]
    },
    "return_5d": {
      "edges": [
        -0.172939430729799,
        -0.057306777988980054,
        -0.03615581152748985,
        -0.02294141182936141,
        -0.0098993267574761,
        0.004815758009526272,
        0.0160022276280544,
        0.02326828329484219,
        0.03533980327116112,
        0.06366169171521116,
        0.17477203647416406
      ],
      "ref_props": [
        0.1,
        0.1,
        0.1,
        0.1,
        0.1,
        0.1,
        0.1,
        0.1,
        0.1,
        0.1
      ]
    },
    "return_10d": {
      "edges": [
        -0.17215770996489332,
        -0.09045017866393171,
        -0.04921555089752936,
        -0.030533959413088334,
        -0.015157903161264462,
        -0.002094296078116231,
        0.015695395663301342,
        0.03247492312038994,
        0.054810532954604745,
        0.08831166775591878,
        0.206270392963541
      ],
      "ref_props": [
        0.1,
        0.1,
        0.1,
        0.1,
        0.1,
        0.1,
        0.1,
        0.1,
        0.1,
        0.1
      ]
    },
    "return_20d": {
      "edges": [
        -0.19087360344595505,
        -0.10885548043325496,
        -0.07982299966378056,
        -0.05749198484492122,
        -0.02699546203214084,
        -0.002195233687233178,
        0.028224317594727585,
        0.04982606478939532,
        0.08311678637935614,
        0.12544776002454855,
        0.2618240754383381
      ],
      "ref_props": [
        0.1,
        0.1,
        0.1,
        0.1,
        0.1,
        0.1,
        0.1,
        0.1,
        0.1,
        0.1
      ]
    },
    "div_ma_5": {
      "edges": [
        -0.1435640780520722,
        -0.027900383856072696,
        -0.017726461257216695,
        -0.009961948415893793,
        -0.003939707278645143,
        0.0006584164526830848,
        0.0063135070119534715,
        0.01197824636594479,
        0.02154712407125184,
        0.029352422855229317,
        0.06075349301397206
      ],
      "ref_props": [
        0.1,
        0.1,
        0.1,
        0.1,
        0.1,
        0.1,
        0.1,
        0.1,
        0.1,
        0.1
      ]
    },
    "div_ma_10": {
      "edges": [
        -0.15944588553452183,
        -0.040628027319601245,
        -0.02624856550723582,
        -0.016564540456461118,
        -0.008814094839351994,
        0.0010051932033781868,
        0.008029818484022832,
        0.016320361668079916,
        0.027682267870736015,
        0.04428458122196554,
        0.12339807107940283
      ],
      "ref_props": [
        0.1,
        0.1,
        0.1,
        0.1,
        0.1,
        0.1,
        0.1,
        0.1,
        0.1,
        0.1
      ]
    },
    "div_ma_20": {
      "edges": [
        -0.16998710122146726,
        -0.06033654575966777,
        -0.039977068712908764,
        -0.025357998250668277,
        -0.011784111288353062,
        -0.0010018373693533172,
        0.009774705173122218,
        0.025012423722689806,
        0.03987260817742062,
        0.06709358725421745,
        0.16818706380172552
      ],
      "ref_props": [
        0.1,
        0.1,
        0.1,
        0.1,
        0.1,
        0.1,
        0.1,
        0.1,
        0.1,
        0.1
      ]
    },
    "div_ma_60": {
      "edges": [
        -0.17707830559557272,
        -0.10470152407196999,
        -0.08645460356177302,
        -0.054934798548677104,
        -0.026266318894806042,
        0.0017662874575515306,
        0.030715519812858087,
        0.06659187885128147,
        0.08820905174476198,
        0.12784503314737197,
        0.23420890929587823
      ],
      "ref_props": [
        0.1,
        0.1,
        0.1,
        0.1,
        0.1,
        0.1,
        0.1,
        0.1,
        0.1,
        0.1
      ]
    },
    "ma_5_20_cross": {
      "edges": [
        -0.1151519490281705,
        -0.04808759336395088,
        -0.03198909555707882,
        -0.020800559598324664,
        -0.00803416730571897,
        0.00015577725323456804,
        0.006798904984894305,
        0.016885561112744262,
        0.03110114784814899,
        0.050307662931925255,
        0.11407271103654493
      ],
      "ref_props": [
        0.1,
        0.1,
        0.1,
        0.1,
        0.1,
        0.1,
        0.1,
        0.1,
        0.1,
        0.1
      ]
    },
    "ma_20_60_cross": {
      "edges": [
        -0.08469309776365808,
        -0.068224984515268,
        -0.052534236643481245,
        -0.03985963791185841,
        -0.025249614158995706,
        0.0036390034462872034,
        0.025446079374819228,
        0.04369935216098911,
        0.060688229904982904,
        0.08744590778846399,
        0.11910330194754581
      ],
      "ref_props": [
        0.1,
        0.1,
        0.1,
        0.1,
        0.1,
        0.1,
        0.1,
        0.1,
        0.1,
        0.1
      ]
    },
    "rsi": {
      "edges": [
        8.992537313432834,
        30.879503833842023,
        37.457817772778405,
        41.87380847255166,
        46.28211613296563,
        50.82453376337568,
        55.038349832068334,
        59.04085107456362,
        63.667239271502154,
        68.65140394609568,
        84.09728718428438
      ],