{
  "feature_cols": [
    "return_1d",
    "return_2d",
    "return_3d",
    "return_5d",
    "return_10d",
    "return_20d",
    "div_ma_5",
    "div_ma_10",
    "div_ma_20",
    "div_ma_60",
    "ma_5_20_cross",
    "ma_20_60_cross",
    "rsi",
    "rsi_change",
    "macd",
    "macd_signal",
    "macd_hist",
    "macd_hist_change",
    "bb_pct_b",
    "bb_bandwidth",
    "atr_pct",
    "volatility",
    "vol_change",
    "vol_ratio",
    "candle_body_pct",
    "upper_shadow_pct",
    "lower_shadow_pct",
    "day_of_week",
    "month",
    "is_month_end",
    "is_month_start",
    "streak",
    "gap",
    "price_position_20d",
    "macro_usdjpy_ret_20",
    "macro_usdjpy_ret_60",
    "macro_usdjpy_vol_20",
    "macro_topix_ret_20",
    "macro_topix_vol_20",
    "macro_topix_above_200dma",
    "macro_nikkei_ret_20",
    "macro_nikkei_above_200dma",
    "macro_nikkei_vi",
    "macro_jgb10y",
    "macro_bias_score"
  ],
  "avg_up_ret": 0.03303848336258272,
  "avg_dn_ret": -0.01953298507674078,
  "n_bins": 10,
  "psi_ref_rows": 250,
  "psi": {
    "return_1d": {
      "edges": [
        -0.05002526528549778,
        -0.022347000180307518,
        -0.01325985650657788,
        -0.007309976966905093,
        -0.00219360341151391,
        0.0016021068343855527,
        0.0063834342810848545,
        0.010119495898939103,
        0.01786750443583314,
        0.02609877278788628,
        0.08000000000000007
      ],
      "ref_props": [
        0.1,
        0.1,
        0.1,
        0.1,
        0.1,
        0.1,
        0.1,
        0.1,
        0.1,
        0.1
      ]
    },
    "return_2d": {
      "edges": [
        -0.06518443658413342,
        -0.026663629272282507,
        -0.014909842694276554,
        -0.008542483141116346,
        -0.0020511930513191098,
        0.0027109784085106448,
        0.008907198454864764,
        0.015702184639885153,
        0.025223228814264836,
        0.03857532878111255,
        0.08989401968205901
      ],
      "ref_props": [
        0.1,
        0.1,
        0.1,
        0.1,
        0.1,
        0.1,
        0.1,
        0.1,
        0.1,
        0.1
      ]
    },
    "return_3d": {
      "edges": [
        -0.10914603335017681,
        -0.03029059754436335,
        -0.017341543761786888,
        -0.00570515328437865,
        -0.0015364425818715998,
        0.005683301209624569,
        0.01198405641724239,
        0.019235404643934053,
        0.02697338072227337,
        0.04530964836265663,
        0.12187736563209683
      ],
      "ref_props": [
        0.1,
        0.1,
        0.1,
        0.1,
        0.1,
        0.1,
        0.1,
        0.1,
        0.1,
        0.1
      ]
    },
    "return_5d": {
      "edges": [
        -0.07551642397561797,
        -0.02874490680666154,
        -0.016617722493652322,
        -0.008154999921460557,
        -0.0012625415065329513,
        0.005571294686612438,
        0.014513466825756991,
        0.02397659225908036,
        0.04024396474044069,
        0.05679315449891725,
        0.1482334869431643
      ],
      "ref_props": [
        0.1,
        0.1,
        0.1,
        0.1,
        0.1,
        0.1,
        0.1,
        0.1,
        0.1,
        0.1
      ]
    },
    "return_10d": {
      "edges": [
        -0.10527202290719218,
        -0.03703804747175538,
        -0.017625444109220664,
        -0.0032432220519622167,
        0.007008550830196604,
        0.01805125076965053,
        0.03177573316172949,
        0.04176466605406966,
        0.05568037831604267,
        0.08078023095234767,
        0.19767674744642494
      ],
      "ref_props": [
        0.1,
        0.1,
        0.1,
        0.1,
        0.1,
        0.1,
        0.1,
        0.1,
        0.1,
        0.1
      ]
    },
    "return_20d": {
      "edges": [
        -0.1477234961781323,
        -0.027359719142437722,
        -0.00022852053379894706,
        0.011958244593094827,
        0.02410913964334407,
        0.04294049297795732,
        0.05988743903679784,
        0.07047195434856934,
        0.0830779378216894,
        0.1105438261090226,
        0.20507614213197978
      ],
      "ref_props": [
        0.1,
        0.1,
        0.1,
        0.1,
        0.1,
        0.1,
        0.1,
        0.1,
        0.1,
        0.1
      ]
    },
    "div_ma_5": {
      "edges": [
        -0.06442368923795369,
        -0.019228876273645907,
        -0.009542047899592933,
        -0.004048394296577004,
        -0.0004890696131372249,
        0.0023083700272059477,
        0.006992814489239504,
        0.011928794689178093,
        0.018285090556091142,
        0.02698362799193711,
        0.06837760876617519
      ],
      "ref_props": [
        0.1,
        0.1,
        0.1,
        0.1,
        0.1,
        0.1,
        0.1,
        0.1,
        0.1,
        0.1
      ]
    },
    "div_ma_10": {
      "edges": [
        -0.08031786329096309,
        -0.022083759138854433,
        -0.010684722395885903,
        -0.005263086942135467,
        0.0013968479447976866,
        0.00659288371112385,
        0.01282274515030522,
        0.02011720409139587,
        0.027607826041890868,
        0.045244086503160905,
        0.11219512195121951
      ],
      "ref_props": [
        0.1,
        0.1,
        0.1,
        0.1,
        0.1,
        0.1,
        0.1,
        0.1,
        0.1,
        0.1
      ]
    },
    "div_ma_20": {
      "edges": [
        -0.09255462429977092,
        -0.018064693505546948,
        -0.00510145365985545,
        0.002555778201171024,
        0.009180596133393159,
        0.015168595055798215,
        0.022720005068696515,
        0.03734048869477103,
        0.0455503046521392,
        0.056908715086230535,
        0.15199383548449238
      ],
      "ref_props": [
        0.1,
        0.1,
        0.1,
        0.1,
        0.1,
        0.1,
        0.1,
        0.1,
        0.1,
        0.1
      ]
    },
    "div_ma_60": {
      "edges": [
        -0.07270081086700397,
        -0.004593493520985115,
        0.017331791845661505,
        0.0322058656047468,
        0.04349519161986205,
        0.05794526712345831,
        0.06902972544269086,
        0.08405343956782087,
        0.09980510545221365,
        0.11547696612501268,
        0.21835684816380585
      ],
      "ref_props": [
        0.1,
        0.1,
        0.1,
        0.1,
        0.1,
        0.1,
        0.1,
        0.1,
        0.1,
        0.1
      ]
    },
    "ma_5_20_cross": {
      "edges": [
        -0.059178105919542645,
        -0.011846538105870063,
        -0.004133022793246009,
        0.001702103996724539,
        0.00718843332066519,
        0.011627278428791965,
        0.019492517162153493,
        0.027029921604948555,
        0.035200807574312966,
        0.042393211426293466,
        0.11378661345086205
      ],
      "ref_props": [
        0.1,
        0.1,
        0.1,
        0.1,
        0.1,
        0.1,
        0.1,
        0.1,
        0.1,
        0.1
      ]
    },
    "ma_20_60_cross": {
      "edges": [
        -0.03967460218241581,
        -0.0006033273354039122,
        0.012094060758095227,
        0.025515541323043414,
        0.03330326581929519,
        0.040598503876597136,
        0.04851557823132479,
        0.05734728866421924,
        0.06720463280542743,
        0.07651772664139675,
        0.09901599015990148
      ],
      "ref_props": [
        0.1,
        0.1,
        0.1,
        0.1,
        0.1,
        0.1,
        0.1,
        0.1,
        0.1,
        0.1
      ]
    },
    "rsi": {
      "edges": [
        31.119728550654386,
        42.876459614038566,
        47.07120312459836,
        50.31348001239541,
        53.917301713939864,
        56.70133768696019,
        59.770767474062275,
        63.046173969914975,
        66.56657837918165,
        69.81539049652346,
        90.11824324324324
      ],