{
  "feature_cols": [
    "return_1d",
    "return_2d",
    "return_3d",
    "return_5d",
    "return_10d",
    "return_20d",
    "div_ma_5",
    "div_ma_10",
    "div_ma_20",
    "div_ma_60",
    "ma_5_20_cross",
    "ma_20_60_cross",
    "rsi",
    "rsi_change",
    "macd",
    "macd_signal",
    "macd_hist",
    "macd_hist_change",
    "bb_pct_b",
    "bb_bandwidth",
    "atr_pct",
    "volatility",
    "vol_change",
    "vol_ratio",
    "candle_body_pct",
    "upper_shadow_pct",
    "lower_shadow_pct",
    "day_of_week",
    "month",
    "is_month_end",
    "is_month_start",
    "streak",
    "gap",
    "price_position_20d",
    "macro_usdjpy_ret_20",
    "macro_usdjpy_ret_60",
    "macro_usdjpy_vol_20",
    "macro_topix_ret_20",
    "macro_topix_vol_20",
    "macro_topix_above_200dma",
    "macro_nikkei_ret_20",
    "macro_nikkei_above_200dma",
    "macro_nikkei_vi",
    "macro_jgb10y",
    "macro_bias_score"
  ],
  "avg_up_ret": 0.031827870747496385,
  "avg_dn_ret": -0.016121970005586565,
  "n_bins": 10,
  "psi_ref_rows": 250,
  "psi": {
    "return_1d": {
      "edges": [
        -0.07270428323059897,
        -0.01953019958855394,
        -0.011028339672240614,
        -0.0066735701045470995,
        -0.0016375606049398026,
        0.0018911185556076404,
        0.005646570641982242,
        0.008423171076169817,
        0.015462967140180873,
        0.026661934490821746,
        0.17123287671232879
      ],
      "ref_props": [
        0.1,
        0.1,
        0.1,
        0.1,
        0.1,
        0.1,
        0.1,
        0.1,
        0.1,
        0.1
      ]
    },
    "return_2d": {
      "edges": [
        -0.11200242167398211,
        -0.02735383995800284,
        -0.012740774039401569,
        -0.0059356535136917965,
        -0.0006549585733385898,
        0.0035925480054675996,
        0.008212062235821632,
        0.014065644287198054,
        0.02286393509009034,
        0.03544751891732271,
        0.26712328767123283
      ],
      "ref_props": [
        0.1,
        0.1,
        0.1,
        0.1,
        0.1,
        0.1,
        0.1,
        0.1,
        0.1,
        0.1
      ]
    },
    "return_3d": {
      "edges": [
        -0.11946570613837615,
        -0.03237831701263833,
        -0.01709642259344213,
        -0.00793914083144347,
        0.00026533528378993595,
        0.0046997239924074785,
        0.011084677583564954,
        0.01792133231836644,
        0.03101633987278794,
        0.04594066434911234,
        0.2756421306671264
      ],
      "ref_props": [
        0.1,
        0.1,
        0.1,
        0.1,
        0.1,
        0.1,
        0.1,
        0.1,
        0.1,
        0.1
      ]
    },
    "return_5d": {
      "edges": [
        -0.15044649614045713,
        -0.031464082294019445,
        -0.016822624281577166,
        -0.0030811736032074254,
        0.0016537683153545416,
        0.00873408284929178,
        0.01739691680961224,
        0.028208909241131997,
        0.04009301053483238,
        0.055771197268485125,
        0.28005535374502677
      ],
      "ref_props": [
        0.1,
        0.1,
        0.1,
        0.1,
        0.1,
        0.1,
        0.1,
        0.1,
        0.1,
        0.1
      ]
    },
    "return_10d": {
      "edges": [
        -0.1637400570313673,
        -0.03784349872816176,
        -0.011190422650283605,
        0.00044801989074437254,
        0.01325346938222172,
        0.024038887605565495,
        0.035088481338481345,
        0.047159720762482184,
        0.060181760519595076,
        0.0900984436640047,
        0.33802572123740005
      ],
      "ref_props": [
        0.1,
        0.1,
        0.1,
        0.1,
        0.1,
        0.1,
        0.1,
        0.1,
        0.1,
        0.1
      ]
    },
    "return_20d": {
      "edges": [
        -0.17602770667068213,
        -0.02896443153469666,
        0.0070392531848096716,
        0.025749966942507186,
        0.04039670603096873,
        0.05866260297507475,
        0.07432343761266594,
        0.0880901431577862,
        0.11624336686034745,
        0.15770997143481705,
        0.2643875622745233
      ],
      "ref_props": [
        0.1,
        0.1,
        0.1,
        0.1,
        0.1,
        0.1,
        0.1,
        0.1,
        0.1,
        0.1
      ]
    },
    "div_ma_5": {
      "edges": [
        -0.08046517459720388,
        -0.018682262040824887,
        -0.00799639706974448,
        -0.003917140813329944,
        -7.452514548953815e-05,
        0.003309453742181898,
        0.006462533229386729,
        0.011302817671485832,
        0.018788381288061783,
        0.029478422053556677,
        0.17185025654019126
      ],
      "ref_props": [
        0.1,
        0.1,
        0.1,
        0.1,
        0.1,
        0.1,
        0.1,
        0.1,
        0.1,
        0.1
      ]
    },
    "div_ma_10": {
      "edges": [
        -0.0960333693008874,
        -0.024809533208233446,
        -0.01107463921414567,
        -0.0023386922030160114,
        0.004543153149621472,
        0.00867785790424715,
        0.015084651447163292,
        0.022563568978808728,
        0.029404054580567367,
        0.042632416593386194,
        0.21470781352593565
      ],
      "ref_props": [
        0.1,
        0.1,
        0.1,
        0.1,
        0.1,
        0.1,
        0.1,
        0.1,
        0.1,
        0.1
      ]
    },
    "div_ma_20": {
      "edges": [
        -0.11709883679777267,
        -0.023574839563774985,
        -0.0032937333062886148,
        0.007440804012105668,
        0.018565580224903924,
        0.026194483086608256,
        0.033034774935232866,
        0.040325977430579106,
        0.05334158739003769,
        0.06922303502536976,
        0.21539611237486755
      ],
      "ref_props": [
        0.1,
        0.1,
        0.1,
        0.1,
        0.1,
        0.1,
        0.1,
        0.1,
        0.1,
        0.1
      ]
    },
    "div_ma_60": {
      "edges": [
        -0.09139967953241618,
        -0.013891088447918781,
        0.028068265050933495,
        0.046030341777941026,
        0.0634177519435608,
        0.07733358601439674,
        0.09059574953951346,
        0.11113539252633096,
        0.1385550178160841,
        0.17127182530271415,
        0.2469968308129207
      ],
      "ref_props": [
        0.1,
        0.1,
        0.1,
        0.1,
        0.1,
        0.1,
        0.1,
        0.1,
        0.1,
        0.1
      ]
    },
    "ma_5_20_cross": {
      "edges": [
        -0.0870322019147084,
        -0.013997275791830905,
        -0.0014682884962944115,
        0.007340518967578683,
        0.0158636313260633,
        0.020640111664577243,
        0.025605600188588498,
        0.03233434302017873,
        0.0377876434239691,
        0.05523334557733398,
        0.16452142090983668
      ],
      "ref_props": [
        0.1,
        0.1,
        0.1,
        0.1,
        0.1,
        0.1,
        0.1,
        0.1,
        0.1,
        0.1
      ]
    },
    "ma_20_60_cross": {
      "edges": [
        -0.04823584766302469,
        -0.012682576330535733,
        0.01873642764964254,
        0.037069207270779544,
        0.04805575881821209,
        0.05261280479004071,
        0.05716207983931421,
        0.06688225534333991,
        0.08702754001134812,
        0.11587099793788959,
        0.1410967344423908
      ],
      "ref_props": [
        0.1,
        0.1,
        0.1,
        0.1,
        0.1,
        0.1,
        0.1,
        0.1,
        0.1,
        0.1
      ]
    },
    "rsi": {
      "edges": [
        22.165927802406586,
        37.921854785162274,
        46.74012125291902,
        53.16685612015381,
        57.54893091012821,
        60.51717396689055,
        64.21187695692647,
        68.89989837398373,
        72.65889830508475,
        76.39171859296484,
        88.87900355871886
      ],