{
  "feature_cols": [
    "return_1d",
    "return_2d",
    "return_3d",
    "return_5d",
    "return_10d",
    "return_20d",
    "div_ma_5",
    "div_ma_10",
    "div_ma_20",
    "div_ma_60",
    "ma_5_20_cross",
    "ma_20_60_cross",
    "rsi",
    "rsi_change",
    "macd",
    "macd_signal",
    "macd_hist",
    "macd_hist_change",
    "bb_pct_b",
    "bb_bandwidth",
    "atr_pct",
    "volatility",
    "vol_change",
    "vol_ratio",
    "candle_body_pct",
    "upper_shadow_pct",
    "lower_shadow_pct",
    "day_of_week",
    "month",
    "is_month_end",
    "is_month_start",
    "streak",
    "gap",
    "price_position_20d",
    "macro_usdjpy_ret_20",
    "macro_usdjpy_ret_60",
    "macro_usdjpy_vol_20",
    "macro_topix_ret_20",
    "macro_topix_vol_20",
    "macro_topix_above_200dma",
    "macro_nikkei_ret_20",
    "macro_nikkei_above_200dma",
    "macro_nikkei_vi",
    "macro_jgb10y",
    "macro_bias_score"
  ],
  "avg_up_ret": 0.016269261868860345,
  "avg_dn_ret": -0.012689766542434533,
  "n_bins": 10,
  "psi_ref_rows": 250,
  "psi": {
    "return_1d": {
      "edges": [
        -0.03346201513821179,
        -0.011000292282125743,
        -0.00726483613778228,
        -0.004782094872571264,
        -0.003114656115607061,
        -0.0006566569990676396,
        0.0012959307802659756,
        0.004137862955809761,
        0.008009553094877036,
        0.011394119489548405,
        0.022364217252396124
      ],
      "ref_props": [
        0.1,
        0.1,
        0.1,
        0.1,
        0.1,
        0.1,
        0.1,
        0.1,
        0.1,
        0.1
      ]
    },
    "return_2d": {
      "edges": [
        -0.051767659496255725,
        -0.014365488303420082,
        -0.011147520972079938,
        -0.007731446903780936,
        -0.004423326800785942,
        -0.0006618036001178051,
        0.001960539657783091,
        0.005742709955848804,
        0.009740259740259827,
        0.015913658623696425,
        0.04506854096282065
      ],
      "ref_props": [
        0.1,
        0.096,
        0.104,
        0.1,
        0.1,
        0.1,
        0.1,
        0.096,
        0.104,
        0.1
      ]
    },
    "return_3d": {
      "edges": [
        -0.049968430425618826,
        -0.01744820630455972,
        -0.013730974569046971,
        -0.009776547505607887,
        -0.0044642771530718495,
        -0.001866877569185077,
        0.0025487583529721497,
        0.007769070670330838,
        0.011239025830901863,
        0.018287587261983006,
        0.06466357610587337
      ],
      "ref_props": [
        0.1,
        0.1,
        0.1,
        0.1,
        0.1,
        0.1,
        0.1,
        0.1,
        0.1,
        0.1
      ]
    },
    "return_5d": {
      "edges": [
        -0.0635910058377237,
        -0.023716283121905022,
        -0.01665321990160822,
        -0.011329971425886431,
        -0.00706282064981729,
        -0.0012573471822214244,
        0.005084029962978721,
        0.008981410709706551,
        0.013943962070842416,
        0.023855398096041,
        0.06466357610587337
      ],
      "ref_props": [
        0.1,
        0.1,
        0.1,
        0.1,
        0.1,
        0.1,
        0.1,
        0.1,
        0.1,
        0.1
      ]
    },
    "return_10d": {
      "edges": [
        -0.06215388371394226,
        -0.03888041465578982,
        -0.024533720664065825,
        -0.019035110870886975,
        -0.010200356999963796,
        -0.0038811701862988546,
        0.004458327889354812,
        0.013626920135313664,
        0.021200076935681402,
        0.035433748310228864,
        0.0809927720584176
      ],
      "ref_props": [
        0.1,
        0.1,
        0.1,
        0.1,
        0.1,
        0.1,
        0.1,
        0.1,
        0.1,
        0.1
      ]
    },
    "return_20d": {
      "edges": [
        -0.0587507741452884,
        -0.03800146286554812,
        -0.029836189052392867,
        -0.021035529242399938,
        -0.014610985946778586,
        -0.006481153491946667,
        0.0056803990103334355,
        0.014089294737667925,
        0.02256184839605533,
        0.03595403548497422,
        0.10000000000000009
      ],
      "ref_props": [
        0.1,
        0.1,
        0.1,
        0.1,
        0.1,
        0.1,
        0.1,
        0.1,
        0.1,
        0.1
      ]
    },
    "div_ma_5": {
      "edges": [
        -0.03865848991936453,
        -0.010841783141220343,
        -0.008660566585249604,
        -0.0066188128499186415,
        -0.003515062159592909,
        -0.0010756240006048845,
        0.0016085573696965564,
        0.0042747201634007565,
        0.007503341513676325,
        0.011641304004734726,
        0.035709735058831
      ],
      "ref_props": [
        0.1,
        0.1,
        0.1,
        0.1,
        0.1,
        0.1,
        0.1,
        0.1,
        0.1,
        0.1
      ]
    },
    "div_ma_10": {
      "edges": [
        -0.051408377370111294,
        -0.01841618563892878,
        -0.012894195933056945,
        -0.009594456438176257,
        -0.006003933193541579,
        -0.0017340320706279281,
        0.002203835302337001,
        0.005959564085619798,
        0.011178297997821888,
        0.018449834657140535,
        0.05086712242022829
      ],
      "ref_props": [
        0.1,
        0.1,
        0.1,
        0.1,
        0.1,
        0.1,
        0.1,
        0.1,
        0.1,
        0.1
      ]
    },
    "div_ma_20": {
      "edges": [
        -0.04245826620040103,
        -0.024426507446945144,
        -0.017414182366477366,
        -0.013116769887590626,
        -0.008892533530845778,
        -0.004655938729859744,
        0.0026317330420850995,
        0.008013438218404983,
        0.013169942972121092,
        0.0239625294016918,
        0.06469839731683323
      ],
      "ref_props": [
        0.1,
        0.1,
        0.1,
        0.1,
        0.1,
        0.1,
        0.1,
        0.1,
        0.1,
        0.1
      ]
    },
    "div_ma_60": {
      "edges": [
        -0.05236594985336159,
        -0.02687079712959297,
        -0.01993382759388025,
        -0.013696474563160763,
        -0.0076073912289283735,
        -0.0029158314389271175,
        0.00506436287766609,
        0.011032140091153879,
        0.017893297533956933,
        0.028200830383209318,
        0.06907541009761761
      ],
      "ref_props": [
        0.1,
        0.1,
        0.1,
        0.1,
        0.1,
        0.1,
        0.1,
        0.1,
        0.1,
        0.1
      ]
    },
    "ma_5_20_cross": {
      "edges": [
        -0.03343778139215392,
        -0.019092648030303583,
        -0.014567045792215372,
        -0.011307307550756105,
        -0.0077556224199180285,
        -0.0036210532629396552,
        0.002933627519011495,
        0.006677923071661287,
        0.012235974618264504,
        0.018706874038237602,
        0.04799846096341076
      ],
      "ref_props": [
        0.1,
        0.1,
        0.1,
        0.1,
        0.1,
        0.1,
        0.1,
        0.1,
        0.1,
        0.1
      ]
    },
    "ma_20_60_cross": {
      "edges": [
        -0.02030690460760054,
        -0.015611046522445382,
        -0.01233440816957878,
        -0.009585056771939885,
        -0.006571826230742838,
        -0.0019166275560530965,
        0.003660069606368585,
        0.00891027939381837,
        0.013924891883159063,
        0.0278203109090416,
        0.03376378422708659
      ],
      "ref_props": [
        0.1,
        0.1,
        0.1,
        0.1,
        0.1,
        0.1,
        0.1,
        0.1,
        0.1,
        0.1
      ]
    },
    "rsi": {
      "edges": [
        13.492049075207731,
        29.411773505648,
        35.18258304635186,
        38.92400418137087,
        43.41249607215988,
        48.0283753167712,
        53.68735817754909,
        57.98581819130722,
        62.4999926203752,
        67.41688067560061,
        79.50822850195988
      ],