{
  "feature_cols": [
    "return_1d",
    "return_2d",
    "return_3d",
    "return_5d",
    "return_10d",
    "return_20d",
    "div_ma_5",
    "div_ma_10",
    "div_ma_20",
    "div_ma_60",
    "ma_5_20_cross",
    "ma_20_60_cross",
    "rsi",
    "rsi_change",
    "macd",
    "macd_signal",
    "macd_hist",
    "macd_hist_change",
    "bb_pct_b",
    "bb_bandwidth",
    "atr_pct",
    "volatility",
    "vol_change",
    "vol_ratio",
    "candle_body_pct",
    "upper_shadow_pct",
    "lower_shadow_pct",
    "day_of_week",
    "month",
    "is_month_end",
    "is_month_start",
    "streak",
    "gap",
    "price_position_20d",
    "macro_usdjpy_ret_20",
    "macro_usdjpy_ret_60",
    "macro_usdjpy_vol_20",
    "macro_topix_ret_20",
    "macro_topix_vol_20",
    "macro_topix_above_200dma",
    "macro_nikkei_ret_20",
    "macro_nikkei_above_200dma",
    "macro_nikkei_vi",
    "macro_jgb10y",
    "macro_bias_score"
  ],
  "avg_up_ret": 0.03227191892834438,
  "avg_dn_ret": -0.021109903505266866,
  "n_bins": 10,
  "psi_ref_rows": 250,
  "psi": {
    "return_1d": {
      "edges": [
        -0.07933230080881093,
        -0.021467358459400853,
        -0.012772896692552391,
        -0.009655699385085101,
        -0.004231188684816045,
        -0.0011996984158733626,
        0.004534615885480878,
        0.00844281867246135,
        0.013439344217866944,
        0.021115687842457008,
        0.14583637159107488
      ],
      "ref_props": [
        0.1,
        0.1,
        0.1,
        0.1,
        0.1,
        0.1,
        0.1,
        0.1,
        0.1,
        0.1
      ]
    },
    "return_2d": {
      "edges": [
        -0.07758620689655171,
        -0.02877180158833671,
        -0.016948153496804008,
        -0.011036118771037745,
        -0.005358231270515439,
        -0.000636411248035984,
        0.003296815472392826,
        0.009391195460834069,
        0.019831804770279505,
        0.028495461360400175,
        0.341471743213249
      ],
      "ref_props": [
        0.1,
        0.1,
        0.1,
        0.1,
        0.1,
        0.1,
        0.1,
        0.1,
        0.1,
        0.1
      ]
    },
    "return_3d": {
      "edges": [
        -0.10833333333333328,
        -0.03276237745612637,
        -0.022711887218559636,
        -0.014369003467055452,
        -0.007477801369493231,
        -0.0009202966363934251,
        0.003503750070490026,
        0.013138239059797208,
        0.025079615298805272,
        0.03706380128316304,
        0.30255305039787794
      ],
      "ref_props": [
        0.1,
        0.1,
        0.1,
        0.1,
        0.1,
        0.1,
        0.1,
        0.1,
        0.1,
        0.1
      ]
    },
    "return_5d": {
      "edges": [
        -0.09567275185936441,
        -0.044649141325230235,
        -0.03177731227607392,
        -0.019147944550669236,
        -0.010429734046251558,
        -0.001200109165767238,
        0.010808227117703241,
        0.018623807301218806,
        0.030067207400849925,
        0.05169066634224841,
        0.32183714670255714
      ],
      "ref_props": [
        0.1,
        0.1,
        0.1,
        0.1,
        0.1,
        0.1,
        0.1,
        0.1,
        0.1,
        0.1
      ]
    },
    "return_10d": {
      "edges": [
        -0.11359919486727887,
        -0.06054554610006937,
        -0.04369702769851475,
        -0.030330247237259248,
        -0.013325900493859328,
        0.0052907959732158005,
        0.015361127067146428,
        0.03129037160548499,
        0.04563239741782252,
        0.0697293375115119,
        0.2903596649696174
      ],
      "ref_props": [
        0.1,
        0.1,
        0.1,
        0.1,
        0.1,
        0.1,
        0.1,
        0.1,
        0.1,
        0.1
      ]
    },
    "return_20d": {
      "edges": [
        -0.09947820232284132,
        -0.05649830618727406,
        -0.043549984024992903,
        -0.028281328285921024,
        -0.017570113515099982,
        0.00211373497892986,
        0.02048827084830303,
        0.04411119730214846,
        0.07146302960233325,
        0.12131939926969997,
        0.2392744479495268
      ],
      "ref_props": [
        0.1,
        0.1,
        0.1,
        0.1,
        0.1,
        0.1,
        0.1,
        0.1,
        0.1,
        0.1
      ]
    },
    "div_ma_5": {
      "edges": [
        -0.07384966935567641,
        -0.021441958477309165,
        -0.013918539817800522,
        -0.00866779424372273,
        -0.0053527918347953275,
        -0.0007603113650142547,
        0.002756968811602261,
        0.008165543189324408,
        0.014114566876467434,
        0.022828686247121217,
        0.20233212952194402
      ],
      "ref_props": [
        0.1,
        0.1,
        0.1,
        0.1,
        0.1,
        0.1,
        0.1,
        0.1,
        0.1,
        0.1
      ]
    },
    "div_ma_10": {
      "edges": [
        -0.08018705728629387,
        -0.03321250570560408,
        -0.023862826557592438,
        -0.016833056277748976,
        -0.007224887547535818,
        0.0008525999791520128,
        0.006990341911998686,
        0.01334795902818936,
        0.022408382592997416,
        0.03642176695439582,
        0.26089259063116843
      ],
      "ref_props": [
        0.1,
        0.1,
        0.1,
        0.1,
        0.1,
        0.1,
        0.1,
        0.1,
        0.1,
        0.1
      ]
    },
    "div_ma_20": {
      "edges": [
        -0.08320552475773495,
        -0.03988234341215661,
        -0.028790588977613864,
        -0.0179024948097784,
        -0.009946838221023189,
        0.00039249540656854096,
        0.007991232652278238,
        0.018975926666747685,
        0.035876632220375355,
        0.05806534890535893,
        0.26044758161546483
      ],
      "ref_props": [
        0.1,
        0.1,
        0.1,
        0.1,
        0.1,
        0.1,
        0.1,
        0.1,
        0.1,
        0.1
      ]
    },
    "div_ma_60": {
      "edges": [
        -0.13002000140931338,
        -0.06011944378191195,
        -0.0177815166932502,
        -0.0027372137593902213,
        0.012010558524350968,
        0.02465037464183388,
        0.04039629950679657,
        0.05692920359424722,
        0.07480254413677359,
        0.10050059842204208,
        0.29500671649786153
      ],
      "ref_props": [
        0.1,
        0.1,
        0.1,
        0.1,
        0.1,
        0.1,
        0.1,
        0.1,
        0.1,
        0.1
      ]
    },
    "ma_5_20_cross": {
      "edges": [
        -0.04589008311213605,
        -0.03236666550550751,
        -0.02541037096172045,
        -0.015518599372048213,
        -0.005452825841417075,
        0.0022662845475531768,
        0.007133532847733461,
        0.01865281330635591,
        0.02757650913331645,
        0.04703017448787878,
        0.1673535403803983
      ],
      "ref_props": [
        0.1,
        0.1,
        0.1,
        0.1,
        0.1,
        0.1,
        0.1,
        0.1,
        0.1,
        0.1
      ]
    },
    "ma_20_60_cross": {
      "edges": [
        -0.05614759300445371,
        -0.04881346061668566,
        -0.013420790977073044,
        0.0035054047502888963,
        0.01742294554421444,
        0.02379061543322525,
        0.034520169710108704,
        0.046684480860731604,
        0.05263944012818072,
        0.060705809475818245,
        0.11982084602211529
      ],
      "ref_props": [
        0.1,
        0.1,
        0.1,
        0.1,
        0.1,
        0.1,
        0.1,
        0.1,
        0.1,
        0.1
      ]
    },
    "rsi": {
      "edges": [
        22.326674500587544,
        33.642782311017996,
        38.182126735227236,
        41.87348540093687,
        45.77990016974929,
        49.45201291629249,
        54.184075277054504,
        59.13643801438663,
        64.63861303381893,
        69.09885401764426,
        88.04071246819339
      ],