{
  "feature_cols": [
    "return_1d",
    "return_2d",
    "return_3d",
    "return_5d",
    "return_10d",
    "return_20d",
    "div_ma_5",
    "div_ma_10",
    "div_ma_20",
    "div_ma_60",
    "ma_5_20_cross",
    "ma_20_60_cross",
    "rsi",
    "rsi_change",
    "macd",
    "macd_signal",
    "macd_hist",
    "macd_hist_change",
    "bb_pct_b",
    "bb_bandwidth",
    "atr_pct",
    "volatility",
    "vol_change",
    "vol_ratio",
    "candle_body_pct",
    "upper_shadow_pct",
    "lower_shadow_pct",
    "day_of_week",
    "month",
    "is_month_end",
    "is_month_start",
    "streak",
    "gap",
    "price_position_20d",
    "macro_usdjpy_ret_20",
    "macro_usdjpy_ret_60",
    "macro_usdjpy_vol_20",
    "macro_topix_ret_20",
    "macro_topix_vol_20",
    "macro_topix_above_200dma",
    "macro_nikkei_ret_20",
    "macro_nikkei_above_200dma",
    "macro_nikkei_vi",
    "macro_jgb10y",
    "macro_bias_score"
  ],
  "avg_up_ret": 0.04065551737749184,
  "avg_dn_ret": -0.021208258167190422,
  "n_bins": 10,
  "psi_ref_rows": 250,
  "psi": {
    "return_1d": {
      "edges": [
        -0.08241082410824108,
        -0.026041334209370604,
        -0.015317219395738511,
        -0.0067173594530062575,
        -8.366450533361202e-05,
        0.0035096762230840683,
        0.008713581415122155,
        0.014860090682127703,
        0.02018447711663912,
        0.0410809479818387,
        0.1273131881002576
      ],
      "ref_props": [
        0.1,
        0.1,
        0.1,
        0.1,
        0.1,
        0.1,
        0.1,
        0.1,
        0.1,
        0.1
      ]
    },
    "return_2d": {
      "edges": [
        -0.10036900369003687,
        -0.030459958176819135,
        -0.016171356423169535,
        -0.008552584128912228,
        0.0011129670915854886,
        0.006555050418464825,
        0.014321067124414461,
        0.024620701921347066,
        0.04099806124974387,
        0.0585990387477539,
        0.2308184143222507
      ],
      "ref_props": [
        0.1,
        0.1,
        0.1,
        0.1,
        0.1,
        0.1,
        0.1,
        0.1,
        0.1,
        0.1
      ]
    },
    "return_3d": {
      "edges": [
        -0.1097857838364168,
        -0.035532858486762554,
        -0.019128601790768092,
        -0.009152675475818746,
        0.002210148433863824,
        0.0119646011832929,
        0.023132367956555395,
        0.037636469058028914,
        0.05310637162576346,
        0.08283390293916605,
        0.34143222506393855
      ],
      "ref_props": [
        0.1,
        0.1,
        0.1,
        0.1,
        0.1,
        0.1,
        0.1,
        0.1,
        0.1,
        0.1
      ]
    },
    "return_5d": {
      "edges": [
        -0.14563345633456337,
        -0.03792936100124108,
        -0.017415075544823376,
        -0.0019463481851005491,
        0.007356069244324638,
        0.018323357194566903,
        0.0375501703091369,
        0.05052439122203985,
        0.07125198782460558,
        0.12429546684300448,
        0.34992987377279094
      ],
      "ref_props": [
        0.1,
        0.1,
        0.1,
        0.1,
        0.1,
        0.1,
        0.1,
        0.1,
        0.1,
        0.1
      ]
    },
    "return_10d": {
      "edges": [
        -0.13504916136495082,
        -0.04309667861754497,
        -0.00624682346931264,
        0.010845891545243675,
        0.022611960802271333,
        0.03663579025168773,
        0.05089708390433431,
        0.07675332530950317,
        0.12081394317677964,
        0.23199648314684343,
        0.6998865661967266
      ],
      "ref_props": [
        0.1,
        0.1,
        0.1,
        0.1,
        0.1,
        0.1,
        0.1,
        0.1,
        0.1,
        0.1
      ]
    },
    "return_20d": {
      "edges": [
        -0.1613776137761378,
        -0.016857628272968127,
        0.004996550682920644,
        0.026968862129781685,
        0.045154901853065525,
        0.06609232976020918,
        0.09125351930776193,
        0.120723984584211,
        0.15868273184032056,
        0.35857155702756766,
        1.1673553719008263
      ],
      "ref_props": [
        0.1,
        0.1,
        0.1,
        0.1,
        0.1,
        0.1,
        0.1,
        0.1,
        0.1,
        0.1
      ]
    },
    "div_ma_5": {
      "edges": [
        -0.07737211833382808,
        -0.022583057613070324,
        -0.009996643387944792,
        -0.0030694176771150685,
        0.002386025447736801,
        0.008330709503412997,
        0.014986628497782598,
        0.021633774886421604,
        0.031083551415067454,
        0.05083615752061113,
        0.17732884399551066
      ],
      "ref_props": [
        0.1,
        0.1,
        0.1,
        0.1,
        0.1,
        0.1,
        0.1,
        0.1,
        0.1,
        0.1
      ]
    },
    "div_ma_10": {
      "edges": [
        -0.1090302719343253,
        -0.026731473029953847,
        -0.010239135511469672,
        0.0006310794059688362,
        0.009790222989386149,
        0.018039231144510517,
        0.02831359296999486,
        0.03770096570224982,
        0.05354311704152695,
        0.09862489445120758,
        0.3332655473506273
      ],
      "ref_props": [
        0.1,
        0.1,
        0.1,
        0.1,
        0.1,
        0.1,
        0.1,
        0.1,
        0.1,
        0.1
      ]
    },
    "div_ma_20": {
      "edges": [
        -0.07640461271128425,
        -0.020868724743926145,
        -0.0019566707635690875,
        0.008487614455566726,
        0.017772522790549798,
        0.02890875103594051,
        0.04526851240711901,
        0.06217610802662229,
        0.10188579079203576,
        0.18354143521096225,
        0.5284972205829855
      ],
      "ref_props": [
        0.1,
        0.1,
        0.1,
        0.1,
        0.1,
        0.1,
        0.1,
        0.1,
        0.1,
        0.1
      ]
    },
    "div_ma_60": {
      "edges": [
        -0.0648875092298187,
        -0.005170798249586711,
        0.020780260670829873,
        0.039206808046765254,
        0.07274684938216082,
        0.09469037170186287,
        0.11582747053627238,
        0.1433271763083689,
        0.1815073181197401,
        0.31061214121730985,
        1.1143864953388762
      ],
      "ref_props": [
        0.1,
        0.1,
        0.1,
        0.1,
        0.1,
        0.1,
        0.1,
        0.1,
        0.1,
        0.1
      ]
    },
    "ma_5_20_cross": {
      "edges": [
        -0.03844160595067536,
        -0.019946706704674057,
        -0.0028638903032962774,
        0.007316732937601978,
        0.012282224866224078,
        0.021002807017426073,
        0.03400674948156938,
        0.049297744193687064,
        0.07285056922897837,
        0.14320553328098476,
        0.3359888900179522
      ],
      "ref_props": [
        0.1,
        0.1,
        0.1,
        0.1,
        0.1,
        0.1,
        0.1,
        0.1,
        0.1,
        0.1
      ]
    },
    "ma_20_60_cross": {
      "edges": [
        -0.07389732357736933,
        0.00605919792929455,
        0.0131684990704124,
        0.024971921888851972,
        0.046262702556046524,
        0.06336185282782625,
        0.07495705083187049,
        0.09365024395741899,
        0.10653182951043338,
        0.12018809279274018,
        0.4465204709146422
      ],
      "ref_props": [
        0.1,
        0.1,
        0.1,
        0.1,
        0.1,
        0.1,
        0.1,
        0.1,
        0.1,
        0.1
      ]
    },
    "rsi": {
      "edges": [
        20.17804154302671,
        43.46549428348409,
        48.772383990016316,
        52.02814561194705,
        56.472232275706766,
        61.3841374700169,
        64.87786698761093,
        68.04522117824109,
        75.49730835233551,
        81.37289207959151,
        93.90498954287422
      ],
      "ref_props": [
        0.1,
        0.1,
        0.1,
        0.1,
        0.1,
        0.1,
        0.1,
        0.1,
        0.1,
        0.1
      ]
    },