{
  "feature_cols": [
    "return_1d",
    "return_2d",
    "return_3d",
    "return_5d",
    "return_10d",
    "return_20d",
    "div_ma_5",
    "div_ma_10",
    "div_ma_20",
    "div_ma_60",
    "ma_5_20_cross",
    "ma_20_60_cross",
    "rsi",
    "rsi_change",
    "macd",
    "macd_signal",
    "macd_hist",
    "macd_hist_change",
    "bb_pct_b",
    "bb_bandwidth",
    "atr_pct",
    "volatility",
    "vol_change",
    "vol_ratio",
    "candle_body_pct",
    "upper_shadow_pct",
    "lower_shadow_pct",
    "day_of_week",
    "month",
    "is_month_end",
    "is_month_start",
    "streak",
    "gap",
    "price_position_20d",
    "macro_usdjpy_ret_20",
    "macro_usdjpy_ret_60",
    "macro_usdjpy_vol_20",
    "macro_topix_ret_20",
    "macro_topix_vol_20",
    "macro_topix_above_200dma",
    "macro_nikkei_ret_20",
    "macro_nikkei_above_200dma",
    "macro_nikkei_vi",
    "macro_jgb10y",
    "macro_bias_score"
  ],
  "avg_up_ret": 0.03513956432165929,
  "avg_dn_ret": -0.01979378237658834,
  "n_bins": 10,
  "psi_ref_rows": 250,
  "psi": {
    "return_1d": {
      "edges": [
        -0.06262176454216528,
        -0.022962962173721145,
        -0.016844332111819016,
        -0.012834965013830286,
        -0.007576323580545071,
        -0.0033901868356351894,
        0.0005193869648999919,
        0.007327260681442029,
        0.013732591409098088,
        0.028917688959240222,
        0.08285163776493265
      ],
      "ref_props": [
        0.1,
        0.1,
        0.1,
        0.1,
        0.1,
        0.1,
        0.1,
        0.1,
        0.1,
        0.1
      ]
    },
    "return_2d": {
      "edges": [
        -0.07548723579467476,
        -0.03456990133978809,
        -0.024874771642406743,
        -0.017917887897494423,
        -0.011478181501305307,
        -0.004799920556979198,
        0.0029722192805958347,
        0.011967701771997026,
        0.021644048750972457,
        0.035801193784836406,
        0.11881824020552334
      ],
      "ref_props": [
        0.1,
        0.1,
        0.1,
        0.1,
        0.1,
        0.1,
        0.1,
        0.1,
        0.1,
        0.1
      ]
    },
    "return_3d": {
      "edges": [
        -0.07829787234042551,
        -0.040857859709553246,
        -0.03084007057533884,
        -0.020053615441352847,
        -0.012365274594221187,
        -0.005021011672068254,
        0.0011312685787184331,
        0.012144094923236006,
        0.021527303017364136,
        0.04518805534310183,
        0.17533718689788058
      ],
      "ref_props": [
        0.1,
        0.1,
        0.1,
        0.1,
        0.1,
        0.1,
        0.1,
        0.1,
        0.1,
        0.1
      ]
    },
    "return_5d": {
      "edges": [
        -0.08370288248337032,
        -0.05323837553732481,
        -0.036911831337556045,
        -0.025371385397358424,
        -0.0171446467167589,
        -0.00918143095823959,
        0.004476779954249969,
        0.014263175929602152,
        0.028932709134759416,
        0.05673896150351323,
        0.17045091141669322
      ],
      "ref_props": [
        0.1,
        0.1,
        0.1,
        0.1,
        0.1,
        0.1,
        0.1,
        0.1,
        0.1,
        0.1
      ]
    },
    "return_10d": {
      "edges": [
        -0.12090163934426235,
        -0.07601499061945098,
        -0.04591454899265577,
        -0.03171885832137111,
        -0.020211542580358198,
        -0.007069256966713899,
        0.009865781451838054,
        0.02132661862637706,
        0.03520169453482016,
        0.06650794140370986,
        0.19498875682621275
      ],
      "ref_props": [
        0.1,
        0.1,
        0.1,
        0.1,
        0.1,
        0.1,
        0.1,
        0.1,
        0.1,
        0.1
      ]
    },
    "return_20d": {
      "edges": [
        -0.18632936025297986,
        -0.09023617393303068,
        -0.07040078157482255,
        -0.04790416249360526,
        -0.020411175138601842,
        -0.00045449756192728064,
        0.01951816112317735,
        0.038016048081180955,
        0.05782136640705528,
        0.09905419561766249,
        0.21242937853107335
      ],
      "ref_props": [
        0.1,
        0.1,
        0.1,
        0.1,
        0.1,
        0.1,
        0.1,
        0.1,
        0.1,
        0.1
      ]
    },
    "div_ma_5": {
      "edges": [
        -0.04404625297908031,
        -0.02576563539042885,
        -0.01942476860640811,
        -0.014116157284114408,
        -0.009182643065061315,
        -0.005498450751156301,
        -1.2477402210555656e-05,
        0.0073187126791315555,
        0.013185764729503212,
        0.028384677829332607,
        0.09188544152744631
      ],
      "ref_props": [
        0.1,
        0.1,
        0.1,
        0.1,
        0.1,
        0.1,
        0.1,
        0.1,
        0.1,
        0.1
      ]
    },
    "div_ma_10": {
      "edges": [
        -0.07141688035353816,
        -0.03716148742643699,
        -0.028247094625613374,
        -0.0199085637210243,
        -0.012965118837150716,
        -0.005752931708975407,
        6.198304105597773e-05,
        0.006331745049496756,
        0.020274775807880077,
        0.0418293408539766,
        0.12166717744406988
      ],
      "ref_props": [
        0.1,
        0.1,
        0.1,
        0.1,
        0.1,
        0.1,
        0.1,
        0.1,
        0.1,
        0.1
      ]
    },
    "div_ma_20": {
      "edges": [
        -0.10902880475324238,
        -0.05325068361126516,
        -0.03783481625185792,
        -0.02529411623987728,
        -0.013085225051667305,
        -0.0038537629285628704,
        0.002304311063568962,
        0.01413738885534,
        0.02946675966466898,
        0.055299898389013925,
        0.1375563212297906
      ],
      "ref_props": [
        0.1,
        0.1,
        0.1,
        0.1,
        0.1,
        0.1,
        0.1,
        0.1,
        0.1,
        0.1
      ]
    },
    "div_ma_60": {
      "edges": [
        -0.18005327406729527,
        -0.10978761906710376,
        -0.08074813784881157,
        -0.052461601576945495,
        -0.02066460063990482,
        0.0027754237019231376,
        0.024328652960002774,
        0.04986760450764196,
        0.06496540780449109,
        0.09306815376058537,
        0.150734816058911
      ],
      "ref_props": [
        0.1,
        0.1,
        0.1,
        0.1,
        0.1,
        0.1,
        0.1,
        0.1,
        0.1,
        0.1
      ]
    },
    "ma_5_20_cross": {
      "edges": [
        -0.07868604017388303,
        -0.041704808547538386,
        -0.028200243633219622,
        -0.01591786805805129,
        -0.008715992494225165,
        -0.0018200652133731343,
        0.005800870267745807,
        0.010273023194181819,
        0.018565199100337108,
        0.03922059461952303,
        0.08822262540299963
      ],
      "ref_props": [
        0.1,
        0.1,
        0.1,
        0.1,
        0.1,
        0.1,
        0.1,
        0.1,
        0.1,
        0.1
      ]
    },
    "ma_20_60_cross": {
      "edges": [
        -0.11066150816098164,
        -0.07591163960844691,
        -0.05643727044322899,
        -0.027955490898941487,
        -0.014037546404424003,
        0.0031340358639631027,
        0.02268515905251399,
        0.033682027021164636,
        0.043428157708294494,
        0.06333146961305373,
        0.0781709436707454
      ],
      "ref_props": [
        0.1,
        0.1,
        0.1,
        0.1,
        0.1,
        0.1,
        0.1,
        0.1,
        0.1,
        0.1
      ]
    },
    "rsi": {
      "edges": [
        9.090909090909093,
        30.098736346112656,
        36.55586261350178,
        39.827768310267984,
        44.55286005415818,
        48.49267833444869,
        51.89981901415949,
        55.927539015924324,
        59.465169957389975,
        63.88549190598926,
        78.06513409961686
      ],