{
  "feature_cols": [
    "return_1d",
    "return_2d",
    "return_3d",
    "return_5d",
    "return_10d",
    "return_20d",
    "div_ma_5",
    "div_ma_10",
    "div_ma_20",
    "div_ma_60",
    "ma_5_20_cross",
    "ma_20_60_cross",
    "rsi",
    "rsi_change",
    "macd",
    "macd_signal",
    "macd_hist",
    "macd_hist_change",
    "bb_pct_b",
    "bb_bandwidth",
    "atr_pct",
    "volatility",
    "vol_change",
    "vol_ratio",
    "candle_body_pct",
    "upper_shadow_pct",
    "lower_shadow_pct",
    "day_of_week",
    "month",
    "is_month_end",
    "is_month_start",
    "streak",
    "gap",
    "price_position_20d",
    "macro_usdjpy_ret_20",
    "macro_usdjpy_ret_60",
    "macro_usdjpy_vol_20",
    "macro_topix_ret_20",
    "macro_topix_vol_20",
    "macro_topix_above_200dma",
    "macro_nikkei_ret_20",
    "macro_nikkei_above_200dma",
    "macro_nikkei_vi",
    "macro_jgb10y",
    "macro_bias_score"
  ],
  "avg_up_ret": 0.03189163877675697,
  "avg_dn_ret": -0.02257941464522021,
  "n_bins": 10,
  "psi_ref_rows": 250,
  "psi": {
    "return_1d": {
      "edges": [
        -0.061359026369168346,
        -0.02229339288048988,
        -0.014634640404579513,
        -0.00928159197994479,
        -0.005083893752283841,
        -9.784735812135015e-05,
        0.004071887011467725,
        0.009075953536425808,
        0.014033193577830573,
        0.02104986029882326,
        0.1434007610654917
      ],
      "ref_props": [
        0.1,
        0.1,
        0.1,
        0.1,
        0.1,
        0.1,
        0.1,
        0.1,
        0.1,
        0.1
      ]
    },
    "return_2d": {
      "edges": [
        -0.10750507099391482,
        -0.03132681244856343,
        -0.020819745889090188,
        -0.014024393284267193,
        -0.007132149901380646,
        -0.0018307544679612153,
        0.007084291205397043,
        0.014250391926534592,
        0.020410344436707473,
        0.031209299919009045,
        0.13939515321450036
      ],
      "ref_props": [
        0.1,
        0.1,
        0.1,
        0.1,
        0.1,
        0.1,
        0.1,
        0.1,
        0.1,
        0.1
      ]
    },
    "return_3d": {
      "edges": [
        -0.11739350912778901,
        -0.0386987634004059,
        -0.024456557502068075,
        -0.016613024106695004,
        -0.007826289431589665,
        -3.708606965996397e-05,
        0.005803225580598841,
        0.013699537649142885,
        0.02409456468937225,
        0.04216113050348249,
        0.13251339020035702
      ],
      "ref_props": [
        0.1,
        0.1,
        0.1,
        0.1,
        0.1,
        0.1,
        0.1,
        0.1,
        0.1,
        0.1
      ]
    },
    "return_5d": {
      "edges": [
        -0.13970588235294112,
        -0.04389000910666898,
        -0.03282733583339983,
        -0.020876824890753917,
        -0.011473305392999459,
        -0.002227883941772313,
        0.009060765350928047,
        0.01972880327201743,
        0.030927223808633778,
        0.06129162487265378,
        0.1334927276349871
      ],
      "ref_props": [
        0.1,
        0.1,
        0.1,
        0.1,
        0.1,
        0.1,
        0.1,
        0.1,
        0.1,
        0.1
      ]
    },
    "return_10d": {
      "edges": [
        -0.1536511156186613,
        -0.06361483019094687,
        -0.04489808825958279,
        -0.02378081187811904,
        -0.010407658029377768,
        0.000514488598773899,
        0.011424365747808685,
        0.026364641051698827,
        0.04869776647886255,
        0.08113816693239864,
        0.1580121703853956
      ],
      "ref_props": [
        0.1,
        0.1,
        0.1,
        0.1,
        0.1,
        0.1,
        0.1,
        0.1,
        0.1,
        0.1
      ]
    },
    "return_20d": {
      "edges": [
        -0.19827586206896552,
        -0.0870241233818043,
        -0.06219544128029883,
        -0.03540277031143606,
        -0.012415884326480612,
        0.0023462857670730752,
        0.021447085322292708,
        0.05535535590052437,
        0.08390927244022499,
        0.11010244849272292,
        0.17644702583617056
      ],
      "ref_props": [
        0.1,
        0.1,
        0.1,
        0.1,
        0.1,
        0.1,
        0.1,
        0.1,
        0.1,
        0.1
      ]
    },
    "div_ma_5": {
      "edges": [
        -0.0621836201843662,
        -0.02431360603883022,
        -0.01707128061638303,
        -0.00995935824567023,
        -0.004571911447504104,
        -0.0002917401851859151,
        0.004351742591606014,
        0.0090377633688969,
        0.014357034926502458,
        0.025910189932059995,
        0.10665270993254242
      ],
      "ref_props": [
        0.1,
        0.1,
        0.1,
        0.1,
        0.1,
        0.1,
        0.1,
        0.1,
        0.1,
        0.1
      ]
    },
    "div_ma_10": {
      "edges": [
        -0.07122522719807288,
        -0.03566953321786748,
        -0.025064414007173873,
        -0.013026094718620517,
        -0.005270037596849588,
        0.0010839963581853614,
        0.006592750287660606,
        0.011647275582690986,
        0.022193817509202216,
        0.04218337539124356,
        0.12251518905208526
      ],
      "ref_props": [
        0.1,
        0.1,
        0.1,
        0.1,
        0.1,
        0.1,
        0.1,
        0.1,
        0.1,
        0.1
      ]
    },
    "div_ma_20": {
      "edges": [
        -0.10128342922172348,
        -0.050970384767429905,
        -0.036783014760154165,
        -0.021868876081408046,
        -0.007346976632439867,
        0.004974404361594948,
        0.013960039854070566,
        0.02568990698780016,
        0.037680849734000994,
        0.0569357829091366,
        0.1372623233299137
      ],
      "ref_props": [
        0.1,
        0.1,
        0.1,
        0.1,
        0.1,
        0.1,
        0.1,
        0.1,
        0.1,
        0.1
      ]
    },
    "div_ma_60": {
      "edges": [
        -0.1607751686272195,
        -0.09649163052613083,
        -0.058141141907427744,
        -0.039978341845532894,
        -0.0014766014146456244,
        0.027179717589096007,
        0.059098041061993026,
        0.07232735250860406,
        0.08820077780561278,
        0.10377965564881504,
        0.15819399905406878
      ],
      "ref_props": [
        0.1,
        0.1,
        0.1,
        0.1,
        0.1,
        0.1,
        0.1,
        0.1,
        0.1,
        0.1
      ]
    },
    "ma_5_20_cross": {
      "edges": [
        -0.07668963773155457,
        -0.04269397984938248,
        -0.027018225642530445,
        -0.015302896335288604,
        -0.005034264981864498,
        0.0040584981300163525,
        0.010834506510520122,
        0.017153071722338358,
        0.029249481019618617,
        0.04302529606666348,
        0.09116357733692326
      ],
      "ref_props": [
        0.1,
        0.1,
        0.1,
        0.1,
        0.1,
        0.1,
        0.1,
        0.1,
        0.1,
        0.1
      ]
    },
    "ma_20_60_cross": {
      "edges": [
        -0.08390612925529761,
        -0.06222861431219647,
        -0.049605081283314645,
        -0.016535822045234315,
        0.006101371491425737,
        0.02463971320480285,
        0.03513926951312088,
        0.04613853110023644,
        0.060274455360498184,
        0.06647860512136863,
        0.0781827033094471
      ],
      "ref_props": [
        0.1,
        0.1,
        0.1,
        0.1,
        0.1,
        0.1,
        0.1,
        0.1,
        0.1,
        0.1
      ]
    },
    "rsi": {
      "edges": [
        12.551159618008185,
        30.83082189232429,
        38.350626077229514,
        41.431119561772825,
        47.014225754930735,
        51.68805954050264,
        56.39353343285928,
        59.613066797590704,
        64.40477055962333,
        69.75181963789713,
        81.0702875399361
      ],