{
  "feature_cols": [
    "return_1d",
    "return_2d",
    "return_3d",
    "return_5d",
    "return_10d",
    "return_20d",
    "div_ma_5",
    "div_ma_10",
    "div_ma_20",
    "div_ma_60",
    "ma_5_20_cross",
    "ma_20_60_cross",
    "rsi",
    "rsi_change",
    "macd",
    "macd_signal",
    "macd_hist",
    "macd_hist_change",
    "bb_pct_b",
    "bb_bandwidth",
    "atr_pct",
    "volatility",
    "vol_change",
    "vol_ratio",
    "candle_body_pct",
    "upper_shadow_pct",
    "lower_shadow_pct",
    "day_of_week",
    "month",
    "is_month_end",
    "is_month_start",
    "streak",
    "gap",
    "price_position_20d",
    "macro_usdjpy_ret_20",
    "macro_usdjpy_ret_60",
    "macro_usdjpy_vol_20",
    "macro_topix_ret_20",
    "macro_topix_vol_20",
    "macro_topix_above_200dma",
    "macro_nikkei_ret_20",
    "macro_nikkei_above_200dma",
    "macro_nikkei_vi",
    "macro_jgb10y",
    "macro_bias_score"
  ],
  "avg_up_ret": 0.03205797072238662,
  "avg_dn_ret": -0.0219849985180764,
  "n_bins": 10,
  "psi_ref_rows": 250,
  "psi": {
    "return_1d": {
      "edges": [
        -0.07416701519587343,
        -0.024506063034327574,
        -0.012812312644908274,
        -0.007721204310106542,
        -0.003079906801927422,
        0.000604524043168464,
        0.0048846616059349535,
        0.011131407066513657,
        0.015758973806175205,
        0.024197663734072502,
        0.11846129084178325
      ],
      "ref_props": [
        0.1,
        0.1,
        0.1,
        0.1,
        0.1,
        0.1,
        0.1,
        0.1,
        0.1,
        0.1
      ]
    },
    "return_2d": {
      "edges": [
        -0.09994364080405782,
        -0.03842790268998054,
        -0.016516199219201066,
        -0.008205216318005781,
        -0.0015540356425800535,
        0.0040265812732031,
        0.008084298330393222,
        0.015000945065937172,
        0.02505520030606112,
        0.03900960463234169,
        0.18461290841783362
      ],
      "ref_props": [
        0.1,
        0.1,
        0.1,
        0.1,
        0.1,
        0.1,
        0.1,
        0.1,
        0.1,
        0.1
      ]
    },
    "return_3d": {
      "edges": [
        -0.11228460255697614,
        -0.04469575917434859,
        -0.020298563381978187,
        -0.009002627427687645,
        -0.0010835399503072757,
        0.005731997717493997,
        0.01135578840272529,
        0.01914853039338662,
        0.03107874425114972,
        0.04876648050050642,
        0.24135604655085174
      ],
      "ref_props": [
        0.1,
        0.1,
        0.1,
        0.1,
        0.1,
        0.1,
        0.1,
        0.1,
        0.1,
        0.1
      ]
    },
    "return_5d": {
      "edges": [
        -0.16128577470745808,
        -0.051677314968469924,
        -0.02257713075432954,
        -0.009095456426860337,
        0.00043236675884421923,
        0.00746710652132343,
        0.016761458727917608,
        0.02857941360559791,
        0.03922928568478668,
        0.06313502122362055,
        0.3033469098636443
      ],
      "ref_props": [
        0.1,
        0.1,
        0.1,
        0.1,
        0.1,
        0.1,
        0.1,
        0.1,
        0.1,
        0.1
      ]
    },
    "return_10d": {
      "edges": [
        -0.1706398996235885,
        -0.06507688576971356,
        -0.03514603513331599,
        -0.018988091240140517,
        -0.0013123871022800257,
        0.0172805080692906,
        0.025919765667775915,
        0.037969876030459024,
        0.05627615132208374,
        0.10130563088676993,
        0.3810873029927395
      ],
      "ref_props": [
        0.1,
        0.1,
        0.1,
        0.1,
        0.1,
        0.1,
        0.1,
        0.1,
        0.1,
        0.1
      ]
    },
    "return_20d": {
      "edges": [
        -0.22021234762092012,
        -0.08991871680083204,
        -0.04021967398913293,
        -0.017114859569255757,
        0.010131285238009281,
        0.02732730122576965,
        0.040267081290910764,
        0.059344842608974636,
        0.08740921596009826,
        0.17561683476214487,
        0.44452676421559545
      ],
      "ref_props": [
        0.1,
        0.1,
        0.1,
        0.1,
        0.1,
        0.1,
        0.1,
        0.1,
        0.1,
        0.1
      ]
    },
    "div_ma_5": {
      "edges": [
        -0.08151922186197313,
        -0.030009247743076967,
        -0.012383636135705608,
        -0.0051705375727196575,
        -0.00045037739367791965,
        0.003932218053370263,
        0.007252002641736003,
        0.011739226577129704,
        0.01945328814647974,
        0.031806733936834454,
        0.14037806011775644
      ],
      "ref_props": [
        0.1,
        0.1,
        0.1,
        0.1,
        0.1,
        0.1,
        0.1,
        0.1,
        0.1,
        0.1
      ]
    },
    "div_ma_10": {
      "edges": [
        -0.1224628274722681,
        -0.039586460283391085,
        -0.017656801155986356,
        -0.008702372717626578,
        -0.00035947619472623894,
        0.006406979093929515,
        0.011910984324413244,
        0.018206245470769628,
        0.027835966383613308,
        0.05179356805331668,
        0.21697146069645157
      ],
      "ref_props": [
        0.1,
        0.1,
        0.1,
        0.1,
        0.1,
        0.1,
        0.1,
        0.1,
        0.1,
        0.1
      ]
    },
    "div_ma_20": {
      "edges": [
        -0.16032689240497391,
        -0.04352773118030772,
        -0.0279105798099018,
        -0.014144302724298261,
        -0.0032996561720358363,
        0.011396237571105059,
        0.023898148440705046,
        0.033619931476850204,
        0.04776879950477156,
        0.0831441065945064,
        0.2852752165409333
      ],
      "ref_props": [
        0.1,
        0.1,
        0.1,
        0.1,
        0.1,
        0.1,
        0.1,
        0.1,
        0.1,
        0.1
      ]
    },
    "div_ma_60": {
      "edges": [
        -0.09118833072448886,
        -0.04269200313978571,
        -0.02621692643256379,
        -0.0038489631104930097,
        0.017145113746625196,
        0.04160148661923596,
        0.05512075469465776,
        0.06929050510727602,
        0.09503892876045746,
        0.1824883188076727,
        0.4246353470558328
      ],
      "ref_props": [
        0.1,
        0.1,
        0.1,
        0.1,
        0.1,
        0.1,
        0.1,
        0.1,
        0.1,
        0.1
      ]
    },
    "ma_5_20_cross": {
      "edges": [
        -0.09556027176777238,
        -0.03940870394824742,
        -0.026485220116586515,
        -0.010090205123454252,
        0.0007311626776821271,
        0.009403225471308452,
        0.017588992870346775,
        0.02817326345439051,
        0.03805895523145409,
        0.06214820869552307,
        0.19289529251024717
      ],
      "ref_props": [
        0.1,
        0.1,
        0.1,
        0.1,
        0.1,
        0.1,
        0.1,
        0.1,
        0.1,
        0.1
      ]
    },
    "ma_20_60_cross": {
      "edges": [
        -0.0380666910920352,
        -0.030017404449660088,
        -0.022405646110117593,
        -0.01349182580459197,
        0.023972472407026373,
        0.030407480168774703,
        0.03337195965140852,
        0.04736599542006513,
        0.06569519359951506,
        0.13020640066413394,
        0.24328604530981712
      ],
      "ref_props": [
        0.1,
        0.1,
        0.1,
        0.1,
        0.1,
        0.1,
        0.1,
        0.1,
        0.1,
        0.1
      ]
    },
    "rsi": {
      "edges": [
        13.475760065735415,
        35.680556670709386,
        41.119169483055835,
        45.44333549732335,
        49.845172210800555,
        54.61758001532108,
        59.52865611959846,
        65.5621677687022,
        70.5763452608577,
        79.220592228137,
        93.06071871127634
      ],