{
  "feature_cols": [
    "return_1d",
    "return_2d",
    "return_3d",
    "return_5d",
    "return_10d",
    "return_20d",
    "div_ma_5",
    "div_ma_10",
    "div_ma_20",
    "div_ma_60",
    "ma_5_20_cross",
    "ma_20_60_cross",
    "rsi",
    "rsi_change",
    "macd",
    "macd_signal",
    "macd_hist",
    "macd_hist_change",
    "bb_pct_b",
    "bb_bandwidth",
    "atr_pct",
    "volatility",
    "vol_change",
    "vol_ratio",
    "candle_body_pct",
    "upper_shadow_pct",
    "lower_shadow_pct",
    "day_of_week",
    "month",
    "is_month_end",
    "is_month_start",
    "streak",
    "gap",
    "price_position_20d",
    "macro_usdjpy_ret_20",
    "macro_usdjpy_ret_60",
    "macro_usdjpy_vol_20",
    "macro_topix_ret_20",
    "macro_topix_vol_20",
    "macro_topix_above_200dma",
    "macro_nikkei_ret_20",
    "macro_nikkei_above_200dma",
    "macro_nikkei_vi",
    "macro_jgb10y",
    "macro_bias_score"
  ],
  "avg_up_ret": 0.03029407763596131,
  "avg_dn_ret": -0.023171382966718633,
  "n_bins": 10,
  "psi_ref_rows": 250,
  "psi": {
    "return_1d": {
      "edges": [
        -0.06118881118881114,
        -0.020896213311293786,
        -0.013839401348616564,
        -0.009074778924137012,
        -0.004894260894007174,
        -0.000629042804389357,
        0.003053280345584526,
        0.008617487151824688,
        0.01412029912650961,
        0.02112145789205526,
        0.11148534860222292
      ],
      "ref_props": [
        0.1,
        0.1,
        0.1,
        0.1,
        0.1,
        0.1,
        0.1,
        0.1,
        0.1,
        0.1
      ]
    },
    "return_2d": {
      "edges": [
        -0.07212121212121214,
        -0.030349109000530995,
        -0.018978817055286236,
        -0.013797941571645878,
        -0.007819100444027626,
        0.0003283617221604418,
        0.007310285163208245,
        0.014851967645389855,
        0.020670019553141534,
        0.0303895469998823,
        0.12421383647798745
      ],
      "ref_props": [
        0.1,
        0.1,
        0.1,
        0.1,
        0.1,
        0.1,
        0.1,
        0.1,
        0.1,
        0.1
      ]
    },
    "return_3d": {
      "edges": [
        -0.08456926475228776,
        -0.03697493839417154,
        -0.02288681500521388,
        -0.016546010837726076,
        -0.00690781120438555,
        -0.00015200037129858845,
        0.006566851647881446,
        0.014216483873526104,
        0.02717931153711911,
        0.04166828450939087,
        0.13898845081640787
      ],
      "ref_props": [
        0.1,
        0.1,
        0.1,
        0.1,
        0.1,
        0.1,
        0.1,
        0.1,
        0.1,
        0.1
      ]
    },
    "return_5d": {
      "edges": [
        -0.10113910942354154,
        -0.045084287347580215,
        -0.030622125228758755,
        -0.01848969418352769,
        -0.010954126069462573,
        -0.0021094777840507395,
        0.006870368758609824,
        0.020711514444209513,
        0.03502374656393523,
        0.053275578474395194,
        0.12687155240346737
      ],
      "ref_props": [
        0.1,
        0.1,
        0.1,
        0.1,
        0.1,
        0.1,
        0.1,
        0.1,
        0.1,
        0.1
      ]
    },
    "return_10d": {
      "edges": [
        -0.13663616282739033,
        -0.06392401554759637,
        -0.0391627398757085,
        -0.02428603219881704,
        -0.010735359404306899,
        0.002721754696405343,
        0.01307622879168574,
        0.025676177731045583,
        0.0437171409132104,
        0.06595200098121516,
        0.15143056524773213
      ],
      "ref_props": [
        0.1,
        0.1,
        0.1,
        0.1,
        0.1,
        0.1,
        0.1,
        0.1,
        0.1,
        0.1
      ]
    },
    "return_20d": {
      "edges": [
        -0.1981697696434206,
        -0.09492810334911547,
        -0.04928708059347801,
        -0.029782531980401494,
        -0.010811686780825752,
        0.0025931972283050886,
        0.016202867738428054,
        0.03187838551671154,
        0.04756038672054832,
        0.08350242358603528,
        0.19452163556967061
      ],
      "ref_props": [
        0.1,
        0.1,
        0.1,
        0.1,
        0.1,
        0.1,
        0.1,
        0.1,
        0.1,
        0.1
      ]
    },
    "div_ma_5": {
      "edges": [
        -0.05236819847758666,
        -0.023861154233656066,
        -0.014300795696780914,
        -0.009709836507995057,
        -0.005478435184131558,
        -0.0013606921360814256,
        0.004135540750579062,
        0.010375732692322224,
        0.015571943889518462,
        0.02545514662253493,
        0.0951979780960404
      ],
      "ref_props": [
        0.1,
        0.1,
        0.1,
        0.1,
        0.1,
        0.1,
        0.1,
        0.1,
        0.1,
        0.1
      ]
    },
    "div_ma_10": {
      "edges": [
        -0.07097894508356842,
        -0.0346534829550638,
        -0.019844796516400816,
        -0.013150421815671465,
        -0.00784340727994491,
        -0.00036187373936829453,
        0.004978977923242551,
        0.014369209074147023,
        0.023955069147336906,
        0.03854719570035564,
        0.11029154858496056
      ],
      "ref_props": [
        0.1,
        0.1,
        0.1,
        0.1,
        0.1,
        0.1,
        0.1,
        0.1,
        0.1,
        0.1
      ]
    },
    "div_ma_20": {
      "edges": [
        -0.11414674531718931,
        -0.05519386022595572,
        -0.02439965778773102,
        -0.01562219003167283,
        -0.009073842599187927,
        -0.0015263136208148106,
        0.008793187920608325,
        0.0198809027419167,
        0.030029689527856198,
        0.043248826623461314,
        0.12652977623022177
      ],
      "ref_props": [
        0.1,
        0.1,
        0.1,
        0.1,
        0.1,
        0.1,
        0.1,
        0.1,
        0.1,
        0.1
      ]
    },
    "div_ma_60": {
      "edges": [
        -0.16915351664445935,
        -0.10284041331308537,
        -0.059450223409886,
        -0.03241449261020315,
        -0.013640460385031996,
        -0.005142802436988617,
        0.01174823067214273,
        0.03292167154857094,
        0.05281198181379009,
        0.09064856334695919,
        0.1433653052150162
      ],
      "ref_props": [
        0.1,
        0.1,
        0.1,
        0.1,
        0.1,
        0.1,
        0.1,
        0.1,
        0.1,
        0.1
      ]
    },
    "ma_5_20_cross": {
      "edges": [
        -0.08689502914898761,
        -0.04331568897371317,
        -0.019833203703953427,
        -0.012119259425228545,
        -0.007720189358376328,
        -0.0007581733740157359,
        0.005236504743619364,
        0.012686046507518466,
        0.02555110627376882,
        0.03714424435467873,
        0.08434133121819021
      ],
      "ref_props": [
        0.1,
        0.1,
        0.1,
        0.1,
        0.1,
        0.1,
        0.1,
        0.1,
        0.1,
        0.1
      ]
    },
    "ma_20_60_cross": {
      "edges": [
        -0.12064419178315244,
        -0.07889146354389219,
        -0.03021319894937373,
        -0.024707317861358796,
        -0.006169876583373948,
        0.0021358751150231114,
        0.007307819722978527,
        0.012452324491555866,
        0.02191736352641308,
        0.063911128754476,
        0.08019568883471617
      ],
      "ref_props": [
        0.1,
        0.1,
        0.1,
        0.1,
        0.1,
        0.1,
        0.1,
        0.1,
        0.1,
        0.1
      ]
    },
    "rsi": {
      "edges": [
        12.283044058744991,
        29.84597175096663,
        40.40109120401091,
        43.68259583759431,
        47.07716766540296,
        49.70690956017657,
        52.76420612813371,
        56.70080988802104,
        61.40021160485578,
        66.12444060134406,
        81.21693121693121
      ],