{
  "feature_cols": [
    "return_1d",
    "return_2d",
    "return_3d",
    "return_5d",
    "return_10d",
    "return_20d",
    "div_ma_5",
    "div_ma_10",
    "div_ma_20",
    "div_ma_60",
    "ma_5_20_cross",
    "ma_20_60_cross",
    "rsi",
    "rsi_change",
    "macd",
    "macd_signal",
    "macd_hist",
    "macd_hist_change",
    "bb_pct_b",
    "bb_bandwidth",
    "atr_pct",
    "volatility",
    "vol_change",
    "vol_ratio",
    "candle_body_pct",
    "upper_shadow_pct",
    "lower_shadow_pct",
    "day_of_week",
    "month",
    "is_month_end",
    "is_month_start",
    "streak",
    "gap",
    "price_position_20d",
    "macro_usdjpy_ret_20",
    "macro_usdjpy_ret_60",
    "macro_usdjpy_vol_20",
    "macro_topix_ret_20",
    "macro_topix_vol_20",
    "macro_topix_above_200dma",
    "macro_nikkei_ret_20",
    "macro_nikkei_above_200dma",
    "macro_nikkei_vi",
    "macro_jgb10y",
    "macro_bias_score"
  ],
  "avg_up_ret": 0.06817106413899676,
  "avg_dn_ret": -0.040755929394034295,
  "n_bins": 10,
  "psi_ref_rows": 250,
  "psi": {
    "return_1d": {
      "edges": [
        -0.13959879087661442,
        -0.04227315744308545,
        -0.025197433790488066,
        -0.016424648414745776,
        -0.007005683319360443,
        0.0023226947807892806,
        0.010139085888139047,
        0.0202717827245393,
        0.03483493846505988,
        0.05925020299697341,
        0.21208907741251326
      ],
      "ref_props": [
        0.1,
        0.1,
        0.1,
        0.1,
        0.1,
        0.1,
        0.1,
        0.1,
        0.1,
        0.1
      ]
    },
    "return_2d": {
      "edges": [
        -0.16417512012813673,
        -0.05622025404917665,
        -0.034695368087671374,
        -0.018820556829112746,
        -0.0076448281097211785,
        0.006837370074617266,
        0.015907949724624046,
        0.03454404668109643,
        0.051528106914284784,
        0.08248292186670354,
        0.30539058931018737
      ],
      "ref_props": [
        0.1,
        0.1,
        0.1,
        0.1,
        0.1,
        0.1,
        0.1,
        0.1,
        0.1,
        0.1
      ]
    },
    "return_3d": {
      "edges": [
        -0.2016828148903621,
        -0.06669420221848561,
        -0.04093244409327234,
        -0.02412767890324976,
        -0.006817679181827537,
        0.008124078768872112,
        0.024006027867011028,
        0.042832874027049904,
        0.06497553958770702,
        0.10595947807991893,
        0.3051961823966065
      ],
      "ref_props": [
        0.1,
        0.1,
        0.1,
        0.1,
        0.1,
        0.1,
        0.1,
        0.1,
        0.1,
        0.1
      ]
    },
    "return_5d": {
      "edges": [
        -0.24005609382967874,
        -0.08262184016900996,
        -0.0466864767646034,
        -0.021773324297285953,
        -0.0026773532778257216,
        0.017063260281686587,
        0.03844075102303909,
        0.05783011265505964,
        0.085961924954173,
        0.15588561254880412,
        0.3792021515015689
      ],
      "ref_props": [
        0.1,
        0.1,
        0.1,
        0.1,
        0.1,
        0.1,
        0.1,
        0.1,
        0.1,
        0.1
      ]
    },
    "return_10d": {
      "edges": [
        -0.2540666150271108,
        -0.1251250221811939,
        -0.058860599853503955,
        -0.024366409969394646,
        0.0043783615173027665,
        0.04189642390513504,
        0.0857219344940847,
        0.11456185785356775,
        0.15912853126002538,
        0.21806238606561135,
        0.4156889809063722
      ],
      "ref_props": [
        0.1,
        0.1,
        0.1,
        0.1,
        0.1,
        0.1,
        0.1,
        0.1,
        0.1,
        0.1
      ]
    },
    "return_20d": {
      "edges": [
        -0.2403410604849454,
        -0.12342631694821171,
        -0.047508929795369796,
        0.003041381399636276,
        0.04797496165485217,
        0.0737722447221788,
        0.13236621186791067,
        0.20567420339014295,
        0.2520773467711964,
        0.32382942473070836,
        0.5377311344327835
      ],
      "ref_props": [
        0.1,
        0.1,
        0.1,
        0.1,
        0.1,
        0.1,
        0.1,
        0.1,
        0.1,
        0.1
      ]
    },
    "div_ma_5": {
      "edges": [
        -0.136418799646955,
        -0.03785173416278704,
        -0.024696370182054055,
        -0.013008670177202303,
        -0.006427417710429666,
        0.004924782223419856,
        0.01584295269135465,
        0.026250212642288443,
        0.04073161699196025,
        0.06318391191568985,
        0.21049733118698635
      ],
      "ref_props": [
        0.1,
        0.1,
        0.1,
        0.1,
        0.1,
        0.1,
        0.1,
        0.1,
        0.1,
        0.1
      ]
    },
    "div_ma_10": {
      "edges": [
        -0.16082087926452007,
        -0.06346161235512741,
        -0.0334766963681021,
        -0.010308580283185773,
        0.0006191807812576698,
        0.017234833150593126,
        0.03302127753834859,
        0.0496231562466578,
        0.06629226343044228,
        0.1032909838895342,
        0.2773995350381933
      ],
      "ref_props": [
        0.1,
        0.1,
        0.1,
        0.1,
        0.1,
        0.1,
        0.1,
        0.1,
        0.1,
        0.1
      ]
    },
    "div_ma_20": {
      "edges": [
        -0.17174449572625738,
        -0.08970890436262915,
        -0.032094557473335145,
        0.0006494754502917918,
        0.017056091093824916,
        0.03638076679896786,
        0.057153369801848895,
        0.08142140222101887,
        0.12352041040156828,
        0.1582012429044493,
        0.3758411768651211
      ],
      "ref_props": [
        0.1,
        0.1,
        0.1,
        0.1,
        0.1,
        0.1,
        0.1,
        0.1,
        0.1,
        0.1
      ]
    },
    "div_ma_60": {
      "edges": [
        -0.12212095085601675,
        -0.037797937202533785,
        0.0005993147249590926,
        0.037566479610708754,
        0.08925403503045777,
        0.13334922368465574,
        0.18041299164755734,
        0.21210954641610535,
        0.2528094322011028,
        0.30218079547919574,
        0.6372609445599785
      ],
      "ref_props": [
        0.1,
        0.1,
        0.1,
        0.1,
        0.1,
        0.1,
        0.1,
        0.1,
        0.1,
        0.1
      ]
    },
    "ma_5_20_cross": {
      "edges": [
        -0.1321761182283241,
        -0.07135287870849792,
        -0.02440145948236432,
        -0.005201244134315625,
        0.01697116187932128,
        0.027666017657176467,
        0.04480804882783485,
        0.06549772899574728,
        0.09482433316438593,
        0.12729237727213846,
        0.259912464155581
      ],
      "ref_props": [
        0.1,
        0.1,
        0.1,
        0.1,
        0.1,
        0.1,
        0.1,
        0.1,
        0.1,
        0.1
      ]
    },
    "ma_20_60_cross": {
      "edges": [
        -0.06190129744149386,
        -0.02969049520001409,
        0.017261325937566154,
        0.04036248965092556,
        0.0763267473784878,
        0.09412215297327597,
        0.11403534259495578,
        0.14636670513193112,
        0.1642119749178672,
        0.19008528096603977,
        0.2694420429104831
      ],
      "ref_props": [
        0.1,
        0.1,
        0.1,
        0.1,
        0.1,
        0.1,
        0.1,
        0.1,
        0.1,
        0.1
      ]
    },
    "rsi": {
      "edges": [
        16.654438738077758,
        31.487903901850498,
        40.6159036466535,
        47.71980529775062,
        54.10102441959172,
        58.23333825705903,
        61.28079220050023,
        66.93766368755811,
        71.22480676495829,
        75.56680121157578,
        96.3804116394606
      ],
      "ref_props": [
        0.1,
        0.1,
        0.1,
        0.1,
        0.1,
        0.1,
        0.1,
        0.1,
        0.1,
        0.1
      ]
    },