{
  "feature_cols": [
    "return_1d",
    "return_2d",
    "return_3d",
    "return_5d",
    "return_10d",
    "return_20d",
    "div_ma_5",
    "div_ma_10",
    "div_ma_20",
    "div_ma_60",
    "ma_5_20_cross",
    "ma_20_60_cross",
    "rsi",
    "rsi_change",
    "macd",
    "macd_signal",
    "macd_hist",
    "macd_hist_change",
    "bb_pct_b",
    "bb_bandwidth",
    "atr_pct",
    "volatility",
    "vol_change",
    "vol_ratio",
    "candle_body_pct",
    "upper_shadow_pct",
    "lower_shadow_pct",
    "day_of_week",
    "month",
    "is_month_end",
    "is_month_start",
    "streak",
    "gap",
    "price_position_20d",
    "macro_usdjpy_ret_20",
    "macro_usdjpy_ret_60",
    "macro_usdjpy_vol_20",
    "macro_topix_ret_20",
    "macro_topix_vol_20",
    "macro_topix_above_200dma",
    "macro_nikkei_ret_20",
    "macro_nikkei_above_200dma",
    "macro_nikkei_vi",
    "macro_jgb10y",
    "macro_bias_score"
  ],
  "avg_up_ret": 0.04403915053059494,
  "avg_dn_ret": -0.027045698215338605,
  "n_bins": 10,
  "psi_ref_rows": 250,
  "psi": {
    "return_1d": {
      "edges": [
        -0.10103068072866728,
        -0.03279479596132246,
        -0.018538348106450032,
        -0.012181715122458178,
        -0.00395466636044736,
        -0.0008241717188242625,
        0.00529777328205441,
        0.013957545276261451,
        0.019515868530449645,
        0.03377257554704725,
        0.1657507987220448
      ],
      "ref_props": [
        0.1,
        0.1,
        0.1,
        0.1,
        0.1,
        0.1,
        0.1,
        0.1,
        0.1,
        0.1
      ]
    },
    "return_2d": {
      "edges": [
        -0.16358695652173916,
        -0.040915082230155234,
        -0.027924053553164848,
        -0.016009752883186033,
        -0.007755731001432583,
        0.0002782646003680611,
        0.010089415126096504,
        0.01739280763923259,
        0.02893431241306508,
        0.05072846055604668,
        0.2582747603833866
      ],
      "ref_props": [
        0.1,
        0.1,
        0.1,
        0.1,
        0.1,
        0.1,
        0.1,
        0.1,
        0.1,
        0.1
      ]
    },
    "return_3d": {
      "edges": [
        -0.15364333652924256,
        -0.04836996015953499,
        -0.03251429784682686,
        -0.01647909064199647,
        -0.009033297794841808,
        -0.0004966979103313562,
        0.010981823212800048,
        0.024751601635880666,
        0.03694951185495126,
        0.06382032945976802,
        0.26555269922879177
      ],
      "ref_props": [
        0.1,
        0.1,
        0.1,
        0.1,
        0.1,
        0.1,
        0.1,
        0.1,
        0.1,
        0.1
      ]
    },
    "return_5d": {
      "edges": [
        -0.14525373968964073,
        -0.06611414391151894,
        -0.03957213579121688,
        -0.025257741452358054,
        -0.013568363624053802,
        0.0021281910038144503,
        0.016526237989652724,
        0.030360144763338683,
        0.05425670524181064,
        0.08595340782590383,
        0.3001452528720454
      ],
      "ref_props": [
        0.1,
        0.1,
        0.1,
        0.1,
        0.1,
        0.1,
        0.1,
        0.1,
        0.1,
        0.1
      ]
    },
    "return_10d": {
      "edges": [
        -0.2596270283361589,
        -0.08482975958584286,
        -0.047782811351454235,
        -0.031015912833538,
        -0.016885027436759743,
        0.0044684288175127485,
        0.03267853573269472,
        0.055663511857860615,
        0.08000405603864744,
        0.10833123115190726,
        0.3507987220447284
      ],
      "ref_props": [
        0.1,
        0.1,
        0.1,
        0.1,
        0.1,
        0.1,
        0.1,
        0.1,
        0.1,
        0.1
      ]
    },
    "return_20d": {
      "edges": [
        -0.3470041653316245,
        -0.10355955917052992,
        -0.0715285954048311,
        -0.047365651397830506,
        -0.020081278011632703,
        0.006967137288881986,
        0.035919242981200916,
        0.07296866675404325,
        0.11855794188910163,
        0.17605993941007184,
        0.48500616185129397
      ],
      "ref_props": [
        0.1,
        0.1,
        0.1,
        0.1,
        0.1,
        0.1,
        0.1,
        0.1,
        0.1,
        0.1
      ]
    },
    "div_ma_5": {
      "edges": [
        -0.10875608061153577,
        -0.0332486776633578,
        -0.01975140365232841,
        -0.012874133371316095,
        -0.0047565195889222,
        0.0007411904794628645,
        0.007369174399380077,
        0.01397296778036098,
        0.022285206360451348,
        0.041246676055711216,
        0.16182474689070867
      ],
      "ref_props": [
        0.1,
        0.1,
        0.1,
        0.1,
        0.1,
        0.1,
        0.1,
        0.1,
        0.1,
        0.1
      ]
    },
    "div_ma_10": {
      "edges": [
        -0.16685839570166056,
        -0.04854097463599402,
        -0.030655377903988507,
        -0.019937031824870333,
        -0.011450211242295557,
        0.0010612042039002774,
        0.013060101681525648,
        0.0247353055646199,
        0.04377458826914983,
        0.06171922576986976,
        0.22609085475194268
      ],
      "ref_props": [
        0.1,
        0.1,
        0.1,
        0.1,
        0.1,
        0.1,
        0.1,
        0.1,
        0.1,
        0.1
      ]
    },
    "div_ma_20": {
      "edges": [
        -0.23172443917506474,
        -0.06021065034330192,
        -0.03910864284520483,
        -0.02507028620920009,
        -0.011733372429145305,
        0.00483856433692881,
        0.01903185405235204,
        0.03832521369831243,
        0.05854988888751526,
        0.09208505924882035,
        0.2665946279715961
      ],
      "ref_props": [
        0.1,
        0.1,
        0.1,
        0.1,
        0.1,
        0.1,
        0.1,
        0.1,
        0.1,
        0.1
      ]
    },
    "div_ma_60": {
      "edges": [
        -0.26164769944567606,
        -0.15713540502570925,
        -0.07414096680095425,
        -0.03933997404717707,
        -0.012525651724715701,
        0.005854054081799968,
        0.02314778622985203,
        0.052694712465072895,
        0.08961121622983843,
        0.13349016628380092,
        0.4388330931611428
      ],
      "ref_props": [
        0.1,
        0.1,
        0.1,
        0.1,
        0.1,
        0.1,
        0.1,
        0.1,
        0.1,
        0.1
      ]
    },
    "ma_5_20_cross": {
      "edges": [
        -0.16322902324586608,
        -0.04460393635069456,
        -0.031237223633351772,
        -0.0200332363794971,
        -0.007227977888298359,
        0.005612940349158824,
        0.01704654159653775,
        0.026684814581768745,
        0.04550061762002843,
        0.06720031589267574,
        0.18470428155641927
      ],
      "ref_props": [
        0.1,
        0.1,
        0.1,
        0.1,
        0.1,
        0.1,
        0.1,
        0.1,
        0.1,
        0.1
      ]
    },
    "ma_20_60_cross": {
      "edges": [
        -0.17249092712846525,
        -0.11314283299530756,
        -0.05588621113109033,
        -0.031044141766644703,
        -0.004976456930358768,
        0.007463008991887787,
        0.023305149592026963,
        0.04066172181273537,
        0.05402153922950686,
        0.08695101898514486,
        0.26280135161478957
      ],
      "ref_props": [
        0.1,
        0.1,
        0.1,
        0.1,
        0.1,
        0.1,
        0.1,
        0.1,
        0.1,
        0.1
      ]
    },
    "rsi": {
      "edges": [
        15.069967707212058,
        29.899124885112535,
        36.48227301424583,
        41.89880562503572,
        48.334546823326974,
        52.8468133992052,
        56.298211401599865,
        61.30127569993214,
        66.7168225376775,
        74.59931464592144,
        90.2492136462618
      ],