{
  "feature_cols": [
    "return_1d",
    "return_2d",
    "return_3d",
    "return_5d",
    "return_10d",
    "return_20d",
    "div_ma_5",
    "div_ma_10",
    "div_ma_20",
    "div_ma_60",
    "ma_5_20_cross",
    "ma_20_60_cross",
    "rsi",
    "rsi_change",
    "macd",
    "macd_signal",
    "macd_hist",
    "macd_hist_change",
    "bb_pct_b",
    "bb_bandwidth",
    "atr_pct",
    "volatility",
    "vol_change",
    "vol_ratio",
    "candle_body_pct",
    "upper_shadow_pct",
    "lower_shadow_pct",
    "day_of_week",
    "month",
    "is_month_end",
    "is_month_start",
    "streak",
    "gap",
    "price_position_20d",
    "macro_usdjpy_ret_20",
    "macro_usdjpy_ret_60",
    "macro_usdjpy_vol_20",
    "macro_topix_ret_20",
    "macro_topix_vol_20",
    "macro_topix_above_200dma",
    "macro_nikkei_ret_20",
    "macro_nikkei_above_200dma",
    "macro_nikkei_vi",
    "macro_jgb10y",
    "macro_bias_score"
  ],
  "avg_up_ret": 0.0330241193396522,
  "avg_dn_ret": -0.019353106654480454,
  "n_bins": 10,
  "psi_ref_rows": 250,
  "psi": {
    "return_1d": {
      "edges": [
        -0.05002526528549778,
        -0.021641878903611245,
        -0.01325985650657788,
        -0.007488450568432924,
        -0.00219360341151391,
        0.0015905403066338586,
        0.006242657605239548,
        0.00964978256367779,
        0.017514776248619995,
        0.0260733796930702,
        0.08000000000000007
      ],
      "ref_props": [
        0.1,
        0.1,
        0.1,
        0.1,
        0.1,
        0.1,
        0.1,
        0.1,
        0.1,
        0.1
      ]
    },
    "return_2d": {
      "edges": [
        -0.06518443658413342,
        -0.026663629272282507,
        -0.014909842694276554,
        -0.008817470462862376,
        -0.003158582812995835,
        0.0018089309893563055,
        0.008637711064783291,
        0.014954182174650901,
        0.02417235780884713,
        0.03814947879468915,
        0.08989401968205901
      ],
      "ref_props": [
        0.1,
        0.1,
        0.1,
        0.1,
        0.1,
        0.1,
        0.1,
        0.1,
        0.1,
        0.1
      ]
    },
    "return_3d": {
      "edges": [
        -0.10914603335017681,
        -0.03029059754436335,
        -0.01813294501563176,
        -0.006402505822304066,
        -0.0020327689942512867,
        0.0038227409934286083,
        0.011033528993240838,
        0.018634264473980672,
        0.025196857823733824,
        0.04530964836265663,
        0.12187736563209683
      ],
      "ref_props": [
        0.1,
        0.1,
        0.1,
        0.1,
        0.1,
        0.1,
        0.1,
        0.1,
        0.1,
        0.1
      ]
    },
    "return_5d": {
      "edges": [
        -0.07551642397561797,
        -0.028866606126364356,
        -0.017274632002861143,
        -0.008824879108981264,
        -0.0037304991611007954,
        0.00497471203511668,
        0.012451363450191077,
        0.022554595365296276,
        0.0392204094918098,
        0.05616630882432232,
        0.1482334869431643
      ],
      "ref_props": [
        0.1,
        0.1,
        0.1,
        0.1,
        0.1,
        0.1,
        0.1,
        0.1,
        0.1,
        0.1
      ]
    },
    "return_10d": {
      "edges": [
        -0.10527202290719218,
        -0.03703804747175538,
        -0.017625444109220664,
        -0.003597215586801426,
        0.006375656035526946,
        0.014742339370460766,
        0.029677777777777786,
        0.0410600887292252,
        0.05411819016131237,
        0.08078023095234767,
        0.19767674744642494
      ],
      "ref_props": [
        0.1,
        0.1,
        0.1,
        0.1,
        0.1,
        0.1,
        0.1,
        0.1,
        0.1,
        0.1
      ]
    },
    "return_20d": {
      "edges": [
        -0.1477234961781323,
        -0.027359719142437722,
        -0.00022852053379894706,
        0.011958244593094827,
        0.02410913964334407,
        0.04294049297795732,
        0.05988743903679784,
        0.07076012898671155,
        0.08423474014843067,
        0.11627503257917243,
        0.20507614213197978
      ],
      "ref_props": [
        0.1,
        0.1,
        0.1,
        0.1,
        0.1,
        0.1,
        0.1,
        0.1,
        0.1,
        0.1
      ]
    },
    "div_ma_5": {
      "edges": [
        -0.06442368923795369,
        -0.019228876273645907,
        -0.009832626458128763,
        -0.004529083222000328,
        -0.0011463609225136578,
        0.0020084905403881864,
        0.0059861507925410675,
        0.011511341327227571,
        0.01743191567021728,
        0.026086899347047367,
        0.06837760876617519
      ],
      "ref_props": [
        0.1,
        0.1,
        0.1,
        0.1,
        0.1,
        0.1,
        0.1,
        0.1,
        0.1,
        0.1
      ]
    },
    "div_ma_10": {
      "edges": [
        -0.08031786329096309,
        -0.022083759138854433,
        -0.011167210810291124,
        -0.005535149366148555,
        0.0005460532760433777,
        0.005058034134043821,
        0.011314895173790704,
        0.018989902516767753,
        0.027345487284159396,
        0.04193521404859579,
        0.11219512195121951
      ],
      "ref_props": [
        0.1,
        0.1,
        0.1,
        0.1,
        0.1,
        0.1,
        0.1,
        0.1,
        0.1,
        0.1
      ]
    },
    "div_ma_20": {
      "edges": [
        -0.09255462429977092,
        -0.018064693505546948,
        -0.00510145365985545,
        0.001480842222660284,
        0.008756063374229073,
        0.013594912927082191,
        0.02213257223073064,
        0.03427151569166432,
        0.044217468641137625,
        0.05651639269042336,
        0.15199383548449238
      ],
      "ref_props": [
        0.1,
        0.1,
        0.1,
        0.1,
        0.1,
        0.1,
        0.1,
        0.1,
        0.1,
        0.1
      ]
    },
    "div_ma_60": {
      "edges": [
        -0.07270081086700397,
        -0.004593493520985115,
        0.017331791845661505,
        0.0322058656047468,
        0.043216768480638976,
        0.054012170065761665,
        0.06518706999879728,
        0.0803597795670263,
        0.09536618790651485,
        0.11230324266169503,
        0.21835684816380585
      ],
      "ref_props": [
        0.1,
        0.1,
        0.1,
        0.1,
        0.1,
        0.1,
        0.1,
        0.1,
        0.1,
        0.1
      ]
    },
    "ma_5_20_cross": {
      "edges": [
        -0.059178105919542645,
        -0.011846538105870063,
        -0.004133022793246009,
        0.0010892353526007932,
        0.006587967013980656,
        0.011059076341021545,
        0.0169333389896787,
        0.025721149664125992,
        0.034862567313101826,
        0.042393211426293466,
        0.11378661345086205
      ],
      "ref_props": [
        0.1,
        0.1,
        0.1,
        0.1,
        0.1,
        0.1,
        0.1,
        0.1,
        0.1,
        0.1
      ]
    },
    "ma_20_60_cross": {
      "edges": [
        -0.03967460218241581,
        -0.0006033273354039122,
        0.012094060758095227,
        0.025515541323043414,
        0.033101887174501465,
        0.04045938907384927,
        0.04734236996455397,
        0.055977621209796914,
        0.06434749408866036,
        0.07651772664139675,
        0.09901599015990148
      ],
      "ref_props": [
        0.1,
        0.1,
        0.1,
        0.1,
        0.1,
        0.1,
        0.1,
        0.1,
        0.1,
        0.1
      ]
    },
    "rsi": {
      "edges": [
        31.119728550654386,
        42.876459614038566,
        47.07120312459836,
        50.247425849085595,
        53.52076702597198,
        56.28042457146343,
        59.094784155124145,
        62.68132753115375,
        65.58874963567473,
        69.2995986325269,
        90.11824324324324
      ],