{
  "feature_cols": [
    "return_1d",
    "return_2d",
    "return_3d",
    "return_5d",
    "return_10d",
    "return_20d",
    "div_ma_5",
    "div_ma_10",
    "div_ma_20",
    "div_ma_60",
    "ma_5_20_cross",
    "ma_20_60_cross",
    "rsi",
    "rsi_change",
    "macd",
    "macd_signal",
    "macd_hist",
    "macd_hist_change",
    "bb_pct_b",
    "bb_bandwidth",
    "atr_pct",
    "volatility",
    "vol_change",
    "vol_ratio",
    "candle_body_pct",
    "upper_shadow_pct",
    "lower_shadow_pct",
    "day_of_week",
    "month",
    "is_month_end",
    "is_month_start",
    "streak",
    "gap",
    "price_position_20d",
    "macro_usdjpy_ret_20",
    "macro_usdjpy_ret_60",
    "macro_usdjpy_vol_20",
    "macro_topix_ret_20",
    "macro_topix_vol_20",
    "macro_topix_above_200dma",
    "macro_nikkei_ret_20",
    "macro_nikkei_above_200dma",
    "macro_nikkei_vi",
    "macro_jgb10y",
    "macro_bias_score"
  ],
  "avg_up_ret": 0.03727039402612281,
  "avg_dn_ret": -0.021202485514257872,
  "n_bins": 10,
  "psi_ref_rows": 250,
  "psi": {
    "return_1d": {
      "edges": [
        -0.06931964056482665,
        -0.019292902089188112,
        -0.011216387674203009,
        -0.008073746744901885,
        -0.004639979068550492,
        -0.0003815963725980476,
        0.004823654783868177,
        0.010457302291533126,
        0.01667323869685809,
        0.02541544646447682,
        0.11994069681245367
      ],
      "ref_props": [
        0.1,
        0.1,
        0.1,
        0.1,
        0.1,
        0.1,
        0.1,
        0.1,
        0.1,
        0.1
      ]
    },
    "return_2d": {
      "edges": [
        -0.07760814249363868,
        -0.02672930130925686,
        -0.017884028659445005,
        -0.00988283452057601,
        -0.004476380337456653,
        0.0,
        0.009267976264156413,
        0.01725935883511711,
        0.02534051935325828,
        0.037312150279432486,
        0.12557319223985886
      ],
      "ref_props": [
        0.1,
        0.1,
        0.1,
        0.1,
        0.096,
        0.104,
        0.1,
        0.1,
        0.1,
        0.1
      ]
    },
    "return_3d": {
      "edges": [
        -0.08459595959595956,
        -0.036363167329574175,
        -0.021088720699562864,
        -0.012853925487809089,
        -0.007193861796687173,
        0.0003973446409337722,
        0.012231469140635116,
        0.023235417204116173,
        0.034952158942349744,
        0.05241749156067396,
        0.16054693501305883
      ],
      "ref_props": [
        0.1,
        0.1,
        0.1,
        0.1,
        0.1,
        0.1,
        0.1,
        0.1,
        0.1,
        0.1
      ]
    },
    "return_5d": {
      "edges": [
        -0.08728493495593792,
        -0.04607564626351269,
        -0.032545619106011475,
        -0.01645551221542658,
        -0.007229259386055031,
        0.004825557509386624,
        0.018464165448450535,
        0.03336027269335695,
        0.05630559669074536,
        0.07758029822257304,
        0.17480559875583213
      ],
      "ref_props": [
        0.1,
        0.1,
        0.1,
        0.1,
        0.1,
        0.1,
        0.1,
        0.1,
        0.1,
        0.1
      ]
    },
    "return_10d": {
      "edges": [
        -0.11531421598535696,
        -0.05504253372025074,
        -0.03849700091724386,
        -0.021037774012711254,
        0.0009454541414934089,
        0.01651766950018052,
        0.026442416361846723,
        0.04850067962483139,
        0.07161589693197955,
        0.13026641146688595,
        0.2227258012301716
      ],
      "ref_props": [
        0.1,
        0.1,
        0.1,
        0.1,
        0.1,
        0.1,
        0.1,
        0.1,
        0.1,
        0.1
      ]
    },
    "return_20d": {
      "edges": [
        -0.10734463276836159,
        -0.04878000495884747,
        -0.025986058663725185,
        -0.010352645234452418,
        0.004956933235432185,
        0.028547343675788817,
        0.056910056302565265,
        0.08424174979831839,
        0.11835213926956492,
        0.1559030757581042,
        0.2644498995759874
      ],
      "ref_props": [
        0.1,
        0.1,
        0.1,
        0.1,
        0.1,
        0.1,
        0.1,
        0.1,
        0.1,
        0.1
      ]
    },
    "div_ma_5": {
      "edges": [
        -0.06443565037852718,
        -0.02030873151015191,
        -0.013761198398521508,
        -0.008600797259037524,
        -0.004868029522696661,
        0.0007525426244077328,
        0.006091584192289245,
        0.013832064007429526,
        0.023836660109879566,
        0.03149826495670558,
        0.10772208698712497
      ],
      "ref_props": [
        0.1,
        0.1,
        0.1,
        0.1,
        0.1,
        0.1,
        0.1,
        0.1,
        0.1,
        0.1
      ]
    },
    "div_ma_10": {
      "edges": [
        -0.08051322158574478,
        -0.0345914217350645,
        -0.02376887139809666,
        -0.011259878453710858,
        -0.0012922465545866294,
        0.005375716696333122,
        0.014056149147685085,
        0.025788528138638946,
        0.03740011478280232,
        0.05311089276592812,
        0.15293040293040294
      ],
      "ref_props": [
        0.1,
        0.1,
        0.1,
        0.1,
        0.1,
        0.1,
        0.1,
        0.1,
        0.1,
        0.1
      ]
    },
    "div_ma_20": {
      "edges": [
        -0.07821406624144435,
        -0.035785147020570826,
        -0.019856655266417576,
        -0.007240200374362578,
        0.0024166336813385607,
        0.011433870903647909,
        0.023718602016548573,
        0.03786791166373105,
        0.05443861639795971,
        0.09715709342385782,
        0.17205318769297606
      ],
      "ref_props": [
        0.1,
        0.1,
        0.1,
        0.1,
        0.1,
        0.1,
        0.1,
        0.1,
        0.1,
        0.1
      ]
    },
    "div_ma_60": {
      "edges": [
        -0.08432619037595251,
        -0.01902703436082582,
        -0.000817223859471619,
        0.017486558169283937,
        0.034711807800989,
        0.05243767025483644,
        0.07344002238271133,
        0.0985517527574721,
        0.12103365793272942,
        0.14114466320462069,
        0.1857872601924221
      ],
      "ref_props": [
        0.1,
        0.1,
        0.1,
        0.1,
        0.1,
        0.1,
        0.1,
        0.1,
        0.1,
        0.1
      ]
    },
    "ma_5_20_cross": {
      "edges": [
        -0.051422822957802206,
        -0.02641698342449388,
        -0.01712681841089773,
        -0.004630178726113538,
        0.002616288407043937,
        0.008480649526052542,
        0.01604313490383518,
        0.029658604249304957,
        0.04059743247641241,
        0.07228084741537795,
        0.1282136291027458
      ],
      "ref_props": [
        0.1,
        0.1,
        0.1,
        0.1,
        0.1,
        0.1,
        0.1,
        0.1,
        0.1,
        0.1
      ]
    },
    "ma_20_60_cross": {
      "edges": [
        -0.028832869258401228,
        -0.005385256835783977,
        0.0025208539726028897,
        0.011645181652665508,
        0.019748018232670722,
        0.03510394018284735,
        0.050992847983270854,
        0.06165420172926102,
        0.07345388491128339,
        0.0839718735901946,
        0.10979721362740258
      ],
      "ref_props": [
        0.1,
        0.1,
        0.1,
        0.1,
        0.1,
        0.1,
        0.1,
        0.1,
        0.1,
        0.1
      ]
    },
    "rsi": {
      "edges": [
        21.653971708378663,
        37.33428094815491,
        42.26667846472266,
        46.235803770050346,
        50.953875066388854,
        53.99099207623942,
        57.741559556748946,
        62.892030098050796,
        67.10086245800531,
        75.37905405405405,
        89.64719491035281
      ],