{
  "feature_cols": [
    "return_1d",
    "return_2d",
    "return_3d",
    "return_5d",
    "return_10d",
    "return_20d",
    "div_ma_5",
    "div_ma_10",
    "div_ma_20",
    "div_ma_60",
    "ma_5_20_cross",
    "ma_20_60_cross",
    "rsi",
    "rsi_change",
    "macd",
    "macd_signal",
    "macd_hist",
    "macd_hist_change",
    "bb_pct_b",
    "bb_bandwidth",
    "atr_pct",
    "volatility",
    "vol_change",
    "vol_ratio",
    "candle_body_pct",
    "upper_shadow_pct",
    "lower_shadow_pct",
    "day_of_week",
    "month",
    "is_month_end",
    "is_month_start",
    "streak",
    "gap",
    "price_position_20d",
    "macro_usdjpy_ret_20",
    "macro_usdjpy_ret_60",
    "macro_usdjpy_vol_20",
    "macro_topix_ret_20",
    "macro_topix_vol_20",
    "macro_topix_above_200dma",
    "macro_nikkei_ret_20",
    "macro_nikkei_above_200dma",
    "macro_nikkei_vi",
    "macro_jgb10y",
    "macro_bias_score"
  ],
  "avg_up_ret": 0.03030095637681321,
  "avg_dn_ret": -0.022980766182977265,
  "n_bins": 10,
  "psi_ref_rows": 250,
  "psi": {
    "return_1d": {
      "edges": [
        -0.06118881118881114,
        -0.020664069672977424,
        -0.01304323904932254,
        -0.00875789937151947,
        -0.0048649380449580885,
        -0.000700127875297607,
        0.002661863494545272,
        0.008369959135072795,
        0.013987856450788217,
        0.020174801149949777,
        0.11148534860222292
      ],
      "ref_props": [
        0.1,
        0.1,
        0.1,
        0.1,
        0.1,
        0.1,
        0.1,
        0.1,
        0.1,
        0.1
      ]
    },
    "return_2d": {
      "edges": [
        -0.07212121212121214,
        -0.0298927260347676,
        -0.01854223795311729,
        -0.013797941571645878,
        -0.007931832535331872,
        -0.0005445122135698255,
        0.005204194447438497,
        0.013436267796850334,
        0.01992288542939048,
        0.029695389970628212,
        0.12421383647798745
      ],
      "ref_props": [
        0.1,
        0.1,
        0.1,
        0.1,
        0.1,
        0.1,
        0.1,
        0.1,
        0.1,
        0.1
      ]
    },
    "return_3d": {
      "edges": [
        -0.08456926475228776,
        -0.03789534159589725,
        -0.023149659926604317,
        -0.01690504987118773,
        -0.007708708116738027,
        -0.0019503321332589585,
        0.004464191053911581,
        0.013960732595289472,
        0.02644635262911353,
        0.0410456380677721,
        0.13898845081640787
      ],
      "ref_props": [
        0.1,
        0.1,
        0.1,
        0.1,
        0.1,
        0.1,
        0.1,
        0.1,
        0.1,
        0.1
      ]
    },
    "return_5d": {
      "edges": [
        -0.10113910942354154,
        -0.0465275464053071,
        -0.03164577701318915,
        -0.019596628537025845,
        -0.011857944717381328,
        -0.003334815243152378,
        0.006432029218755811,
        0.020187781902900524,
        0.03502374656393523,
        0.05278436405447395,
        0.12687155240346737
      ],
      "ref_props": [
        0.1,
        0.1,
        0.1,
        0.1,
        0.1,
        0.1,
        0.1,
        0.1,
        0.1,
        0.1
      ]
    },
    "return_10d": {
      "edges": [
        -0.13663616282739033,
        -0.06392401554759637,
        -0.0391627398757085,
        -0.025448028673835093,
        -0.010735359404306899,
        0.002721754696405343,
        0.01200348125146263,
        0.02504801767236376,
        0.04217981686120852,
        0.06402214387010322,
        0.15143056524773213
      ],
      "ref_props": [
        0.1,
        0.1,
        0.1,
        0.1,
        0.1,
        0.1,
        0.1,
        0.1,
        0.1,
        0.1
      ]
    },
    "return_20d": {
      "edges": [
        -0.1981697696434206,
        -0.09492810334911547,
        -0.04928708059347801,
        -0.029310607561373273,
        -0.010457544109892525,
        0.003716822491070193,
        0.016640383523623292,
        0.034179746994452434,
        0.05455545249672623,
        0.08873186040144064,
        0.19452163556967061
      ],
      "ref_props": [
        0.1,
        0.1,
        0.1,
        0.1,
        0.1,
        0.1,
        0.1,
        0.1,
        0.1,
        0.1
      ]
    },
    "div_ma_5": {
      "edges": [
        -0.05236819847758666,
        -0.023861154233656066,
        -0.014476696597599112,
        -0.010221929037108883,
        -0.0061577289631340095,
        -0.0016175632382272325,
        0.0034622028379308364,
        0.009503232088677328,
        0.014397652908968342,
        0.024520423771672222,
        0.0951979780960404
      ],
      "ref_props": [
        0.1,
        0.1,
        0.1,
        0.1,
        0.1,
        0.1,
        0.1,
        0.1,
        0.1,
        0.1
      ]
    },
    "div_ma_10": {
      "edges": [
        -0.07097894508356842,
        -0.0346534829550638,
        -0.019844796516400816,
        -0.013476372778097542,
        -0.008353434451969703,
        -0.0007607825971890561,
        0.003981663605476684,
        0.013575588690007993,
        0.023111031020876055,
        0.03841706696846592,
        0.11029154858496056
      ],
      "ref_props": [
        0.1,
        0.1,
        0.1,
        0.1,
        0.1,
        0.1,
        0.1,
        0.1,
        0.1,
        0.1
      ]
    },
    "div_ma_20": {
      "edges": [
        -0.11414674531718931,
        -0.05519386022595572,
        -0.02439965778773102,
        -0.01562219003167283,
        -0.008793456781328469,
        -0.0005718035335477009,
        0.009332619451197672,
        0.02029958690498344,
        0.030029689527856198,
        0.043248826623461314,
        0.12652977623022177
      ],
      "ref_props": [
        0.1,
        0.1,
        0.1,
        0.1,
        0.1,
        0.1,
        0.1,
        0.1,
        0.1,
        0.1
      ]
    },
    "div_ma_60": {
      "edges": [
        -0.16915351664445935,
        -0.10284041331308537,
        -0.059450223409886,
        -0.03241449261020315,
        -0.013640460385031996,
        -0.005142802436988617,
        0.012004574192067513,
        0.03753353253897796,
        0.056958275546890084,
        0.09064856334695919,
        0.1433653052150162
      ],
      "ref_props": [
        0.1,
        0.1,
        0.1,
        0.1,
        0.1,
        0.1,
        0.1,
        0.1,
        0.1,
        0.1
      ]
    },
    "ma_5_20_cross": {
      "edges": [
        -0.08689502914898761,
        -0.04331568897371317,
        -0.019833203703953427,
        -0.011759688752267175,
        -0.007555822862855476,
        -7.478201043964461e-06,
        0.00592566590029414,
        0.01415208361320022,
        0.02603567609143683,
        0.03840052993084039,
        0.08434133121819021
      ],
      "ref_props": [
        0.1,
        0.1,
        0.1,
        0.1,
        0.1,
        0.1,
        0.1,
        0.1,
        0.1,
        0.1
      ]
    },
    "ma_20_60_cross": {
      "edges": [
        -0.12064419178315244,
        -0.07889146354389219,
        -0.03021319894937373,
        -0.024707317861358796,
        -0.006169876583373948,
        0.0021358751150231114,
        0.007307819722978527,
        0.012452324491555866,
        0.02908855417364735,
        0.063911128754476,
        0.08019568883471617
      ],
      "ref_props": [
        0.1,
        0.1,
        0.1,
        0.1,
        0.1,
        0.1,
        0.1,
        0.1,
        0.1,
        0.1
      ]
    },
    "rsi": {
      "edges": [
        12.283044058744991,
        29.84597175096663,
        40.50443333539056,
        44.116908705762825,
        47.38322920651111,
        50.27103488342722,
        53.47826086956522,
        57.330607850927215,
        61.793103448275865,
        66.12444060134406,
        81.21693121693121
      ],