{
  "feature_cols": [
    "return_1d",
    "return_2d",
    "return_3d",
    "return_5d",
    "return_10d",
    "return_20d",
    "div_ma_5",
    "div_ma_10",
    "div_ma_20",
    "div_ma_60",
    "ma_5_20_cross",
    "ma_20_60_cross",
    "rsi",
    "rsi_change",
    "macd",
    "macd_signal",
    "macd_hist",
    "macd_hist_change",
    "bb_pct_b",
    "bb_bandwidth",
    "atr_pct",
    "volatility",
    "vol_change",
    "vol_ratio",
    "candle_body_pct",
    "upper_shadow_pct",
    "lower_shadow_pct",
    "day_of_week",
    "month",
    "is_month_end",
    "is_month_start",
    "streak",
    "gap",
    "price_position_20d",
    "macro_usdjpy_ret_20",
    "macro_usdjpy_ret_60",
    "macro_usdjpy_vol_20",
    "macro_topix_ret_20",
    "macro_topix_vol_20",
    "macro_topix_above_200dma",
    "macro_nikkei_ret_20",
    "macro_nikkei_above_200dma",
    "macro_nikkei_vi",
    "macro_jgb10y",
    "macro_bias_score"
  ],
  "avg_up_ret": 0.031071151761185755,
  "avg_dn_ret": -0.01824702115792393,
  "n_bins": 10,
  "psi_ref_rows": 250,
  "psi": {
    "return_1d": {
      "edges": [
        -0.058461538461538454,
        -0.026344264352565705,
        -0.015055918088702701,
        -0.00681619448649357,
        -0.0024978108473573835,
        0.0034623440993251098,
        0.007110526383745923,
        0.011645437368916168,
        0.02024332814219132,
        0.031207051279555507,
        0.08575653031049768
      ],
      "ref_props": [
        0.1,
        0.1,
        0.1,
        0.1,
        0.1,
        0.1,
        0.1,
        0.1,
        0.1,
        0.1
      ]
    },
    "return_2d": {
      "edges": [
        -0.10132158590308371,
        -0.031937652980367166,
        -0.017044353019948864,
        -0.008361574031133396,
        -0.0008415847398897982,
        0.0038733188087002324,
        0.012884200611262399,
        0.019315164027813237,
        0.026775091443759988,
        0.04394878641957289,
        0.10548780487804876
      ],
      "ref_props": [
        0.1,
        0.1,
        0.1,
        0.1,
        0.1,
        0.1,
        0.1,
        0.1,
        0.1,
        0.1
      ]
    },
    "return_3d": {
      "edges": [
        -0.1441756397706615,
        -0.0333905580096056,
        -0.01671926885688555,
        -0.007148330961833073,
        0.00038951784851715186,
        0.008891586680891517,
        0.013093978389171791,
        0.024271264367816115,
        0.03663862531536607,
        0.05481378203903899,
        0.11892720306513405
      ],
      "ref_props": [
        0.1,
        0.1,
        0.1,
        0.1,
        0.1,
        0.1,
        0.1,
        0.1,
        0.1,
        0.1
      ]
    },
    "return_5d": {
      "edges": [
        -0.10040931184446145,
        -0.03642260746599388,
        -0.01744345298318117,
        -0.007182872165322492,
        0.001823361823361892,
        0.00966911805409476,
        0.019006305363062838,
        0.03184734447752739,
        0.04927457798686819,
        0.07459507132574246,
        0.1522865853658537
      ],
      "ref_props": [
        0.1,
        0.1,
        0.1,
        0.1,
        0.1,
        0.1,
        0.1,
        0.1,
        0.1,
        0.1
      ]
    },
    "return_10d": {
      "edges": [
        -0.14193819046287237,
        -0.039820344810920144,
        -0.009632481285093863,
        0.0035232602125180538,
        0.012886382686885557,
        0.023265918092555515,
        0.0365608372142356,
        0.054471150561381534,
        0.07398187679929424,
        0.0979283985863067,
        0.20280701754385966
      ],
      "ref_props": [
        0.1,
        0.1,
        0.1,
        0.1,
        0.1,
        0.1,
        0.1,
        0.1,
        0.1,
        0.1
      ]
    },
    "return_20d": {
      "edges": [
        -0.22003304944705737,
        -0.03134951153057444,
        0.0026005760064220073,
        0.02087211621817005,
        0.04332588873906365,
        0.06261251362272557,
        0.08209419420081672,
        0.09963443855381458,
        0.1232375131572226,
        0.15237364631198116,
        0.22047244094488194
      ],
      "ref_props": [
        0.1,
        0.1,
        0.1,
        0.1,
        0.1,
        0.1,
        0.1,
        0.1,
        0.1,
        0.1
      ]
    },
    "div_ma_5": {
      "edges": [
        -0.08830890239542369,
        -0.022642690116259846,
        -0.010195824212100593,
        -0.0037149285555968248,
        0.00010709327405609811,
        0.004901214893736039,
        0.00989056985504266,
        0.014624596534343467,
        0.02150620532320648,
        0.03447031655276542,
        0.06537813552976404
      ],
      "ref_props": [
        0.1,
        0.1,
        0.1,
        0.1,
        0.1,
        0.1,
        0.1,
        0.1,
        0.1,
        0.1
      ]
    },
    "div_ma_10": {
      "edges": [
        -0.10854745673833244,
        -0.026161586559259868,
        -0.010174910844417528,
        -0.0013534894644515654,
        0.0035579942099142996,
        0.010128923178574062,
        0.016912166772621594,
        0.026738974163404695,
        0.036990128517092595,
        0.04917193055559641,
        0.1068507578126286
      ],
      "ref_props": [
        0.1,
        0.1,
        0.1,
        0.1,
        0.1,
        0.1,
        0.1,
        0.1,
        0.1,
        0.1
      ]
    },
    "div_ma_20": {
      "edges": [
        -0.14119124632515448,
        -0.02438626462451796,
        -0.0008544598085552782,
        0.006662738693056434,
        0.015316042726663164,
        0.02689796257278832,
        0.036099562853622466,
        0.047568258392772594,
        0.05969244981391419,
        0.07315231151226653,
        0.14352976533346684
      ],
      "ref_props": [
        0.1,
        0.1,
        0.1,
        0.1,
        0.1,
        0.1,
        0.1,
        0.1,
        0.1,
        0.1
      ]
    },
    "div_ma_60": {
      "edges": [
        -0.0964667873951351,
        -0.01456343343088949,
        0.025081183108623013,
        0.04187187883021678,
        0.05603618412275194,
        0.07326653805721958,
        0.09398660132239364,
        0.10934827750118829,
        0.1311150617978626,
        0.15586181495914234,
        0.2944244380976034
      ],
      "ref_props": [
        0.1,
        0.1,
        0.1,
        0.1,
        0.1,
        0.1,
        0.1,
        0.1,
        0.1,
        0.1
      ]
    },
    "ma_5_20_cross": {
      "edges": [
        -0.09260380099261589,
        -0.016919765804585773,
        -0.0012781789388768504,
        0.006598675716903338,
        0.012043415305182586,
        0.020916936179660617,
        0.02883874851388844,
        0.03721110971284023,
        0.045825778424944744,
        0.056350769507409026,
        0.11488144922026722
      ],
      "ref_props": [
        0.1,
        0.1,
        0.1,
        0.1,
        0.1,
        0.1,
        0.1,
        0.1,
        0.1,
        0.1
      ]
    },
    "ma_20_60_cross": {
      "edges": [
        -0.05819130008283013,
        -0.013138625086952436,
        0.010794614134074676,
        0.03060740074806343,
        0.04198159266302986,
        0.051852487666824154,
        0.0634329747872093,
        0.07711321982640296,
        0.09027001328944391,
        0.10708812550912843,
        0.14107724589521475
      ],
      "ref_props": [
        0.1,
        0.1,
        0.1,
        0.1,
        0.1,
        0.1,
        0.1,
        0.1,
        0.1,
        0.1
      ]
    },
    "rsi": {
      "edges": [
        25.21891418563922,
        44.71113923856819,
        48.958333333333336,
        52.81204906204906,
        56.257733835851674,
        58.072555598691146,
        62.47634273533554,
        65.61592505854802,
        69.01028727536604,
        74.8912907518706,
        88.7381275440977
      ],