{
  "feature_cols": [
    "return_1d",
    "return_2d",
    "return_3d",
    "return_5d",
    "return_10d",
    "return_20d",
    "div_ma_5",
    "div_ma_10",
    "div_ma_20",
    "div_ma_60",
    "ma_5_20_cross",
    "ma_20_60_cross",
    "rsi",
    "rsi_change",
    "macd",
    "macd_signal",
    "macd_hist",
    "macd_hist_change",
    "bb_pct_b",
    "bb_bandwidth",
    "atr_pct",
    "volatility",
    "vol_change",
    "vol_ratio",
    "candle_body_pct",
    "upper_shadow_pct",
    "lower_shadow_pct",
    "day_of_week",
    "month",
    "is_month_end",
    "is_month_start",
    "streak",
    "gap",
    "price_position_20d",
    "macro_usdjpy_ret_20",
    "macro_usdjpy_ret_60",
    "macro_usdjpy_vol_20",
    "macro_topix_ret_20",
    "macro_topix_vol_20",
    "macro_topix_above_200dma",
    "macro_nikkei_ret_20",
    "macro_nikkei_above_200dma",
    "macro_nikkei_vi",
    "macro_jgb10y",
    "macro_bias_score"
  ],
  "avg_up_ret": 0.025634033681257877,
  "avg_dn_ret": -0.021212100312943852,
  "n_bins": 10,
  "psi_ref_rows": 250,
  "psi": {
    "return_1d": {
      "edges": [
        -0.10104744300677759,
        -0.021458136018763084,
        -0.013594555589237165,
        -0.009465477642844831,
        -0.00454453485951007,
        -0.0007050834111189674,
        0.003518209141013307,
        0.0065864833906070785,
        0.011727112106818764,
        0.02018506147065644,
        0.04805276381909551
      ],
      "ref_props": [
        0.1,
        0.1,
        0.1,
        0.1,
        0.1,
        0.1,
        0.096,
        0.104,
        0.1,
        0.1
      ]
    },
    "return_2d": {
      "edges": [
        -0.0985264374458249,
        -0.0298671101339797,
        -0.020880019742971642,
        -0.014705789209631968,
        -0.00660345692931834,
        -0.0020833933313266217,
        0.003988829788318389,
        0.009439648885312549,
        0.01584461730722398,
        0.02789045173220456,
        0.06210239321417754
      ],
      "ref_props": [
        0.1,
        0.1,
        0.1,
        0.1,
        0.1,
        0.1,
        0.1,
        0.1,
        0.1,
        0.1
      ]
    },
    "return_3d": {
      "edges": [
        -0.11237553342816498,
        -0.03459427735963674,
        -0.024964199737822712,
        -0.017109353055384902,
        -0.01136841484860262,
        -0.005000832789433141,
        0.004754547579245876,
        0.011709241726406328,
        0.021143706063149772,
        0.03217899525601799,
        0.06792567773378
      ],
      "ref_props": [
        0.1,
        0.1,
        0.1,
        0.1,
        0.1,
        0.1,
        0.1,
        0.1,
        0.1,
        0.1
      ]
    },
    "return_5d": {
      "edges": [
        -0.15420289855072467,
        -0.044571634822742054,
        -0.030090826207817976,
        -0.022853394260080317,
        -0.013777355575089209,
        -0.004022284842369495,
        0.002960267927330231,
        0.011077630234933671,
        0.017885505639536083,
        0.031893817625970225,
        0.11239018479248708
      ],
      "ref_props": [
        0.1,
        0.1,
        0.1,
        0.1,
        0.1,
        0.1,
        0.1,
        0.1,
        0.1,
        0.1
      ]
    },
    "return_10d": {
      "edges": [
        -0.1699222454010999,
        -0.07302714586623005,
        -0.043087576323474236,
        -0.030098353682597993,
        -0.01812327917427141,
        -0.011090362371603213,
        -0.0016859119785426467,
        0.013435010506384584,
        0.026166046542130384,
        0.04261769282002332,
        0.16165770325846252
      ],
      "ref_props": [
        0.1,
        0.1,
        0.1,
        0.1,
        0.1,
        0.1,
        0.1,
        0.1,
        0.1,
        0.1
      ]
    },
    "return_20d": {
      "edges": [
        -0.20069393718042372,
        -0.1355600990612221,
        -0.07600145610997679,
        -0.053980127912288595,
        -0.03691233188145859,
        -0.02650777757078987,
        -0.011910532920041642,
        0.006200278921802912,
        0.023612770612183795,
        0.07287445240187262,
        0.17054510678992663
      ],
      "ref_props": [
        0.1,
        0.1,
        0.1,
        0.1,
        0.1,
        0.1,
        0.1,
        0.1,
        0.1,
        0.1
      ]
    },
    "div_ma_5": {
      "edges": [
        -0.08520494927578723,
        -0.02110116198728186,
        -0.016584862595949487,
        -0.012130106711758756,
        -0.00739375290648903,
        -0.0025953748405826323,
        0.003023885081517421,
        0.007034569519447421,
        0.011771245667693553,
        0.018801826750768573,
        0.05140046782222758
      ],
      "ref_props": [
        0.1,
        0.1,
        0.1,
        0.1,
        0.1,
        0.1,
        0.1,
        0.1,
        0.1,
        0.1
      ]
    },
    "div_ma_10": {
      "edges": [
        -0.12501999040460574,
        -0.03626686770907961,
        -0.024790946245165542,
        -0.01815552167991858,
        -0.009182905773724194,
        -0.003943686434235447,
        0.0016781318020933729,
        0.008300967220861268,
        0.01375558716716041,
        0.02125693312601963,
        0.08684070324986684
      ],
      "ref_props": [
        0.1,
        0.1,
        0.1,
        0.1,
        0.1,
        0.1,
        0.1,
        0.1,
        0.1,
        0.1
      ]
    },
    "div_ma_20": {
      "edges": [
        -0.14983295781213574,
        -0.06455486375236011,
        -0.04078403255138572,
        -0.02608296566494228,
        -0.017138563901671264,
        -0.007854887258723187,
        -0.0012409843269774346,
        0.00641076039073055,
        0.01907004499311069,
        0.03354825660270627,
        0.12336520076481836
      ],
      "ref_props": [
        0.1,
        0.1,
        0.1,
        0.1,
        0.1,
        0.1,
        0.1,
        0.1,
        0.1,
        0.1
      ]
    },
    "div_ma_60": {
      "edges": [
        -0.18762160774330053,
        -0.13559587317396876,
        -0.11337094547191406,
        -0.07311009293248331,
        -0.05431771261581819,
        -0.03742811264848217,
        -0.01759123140324296,
        0.0002892531534188555,
        0.0289886458802914,
        0.0817378072081394,
        0.14385990415916014
      ],
      "ref_props": [
        0.1,
        0.1,
        0.1,
        0.1,
        0.1,
        0.1,
        0.1,
        0.1,
        0.1,
        0.1
      ]
    },
    "ma_5_20_cross": {
      "edges": [
        -0.10655249967222369,
        -0.05205041368485803,
        -0.031062953683533023,
        -0.022830402203171507,
        -0.01537439610370834,
        -0.0050626940012437616,
        0.0036373094423426643,
        0.006416452663713383,
        0.011379854761242663,
        0.022294724325258575,
        0.08330290860411327
      ],
      "ref_props": [
        0.1,
        0.1,
        0.1,
        0.1,
        0.1,
        0.1,
        0.1,
        0.1,
        0.1,
        0.1
      ]
    },
    "ma_20_60_cross": {
      "edges": [
        -0.1287290318774459,
        -0.10115806171627473,
        -0.08167581165387637,
        -0.04804887102144697,
        -0.03223113334008804,
        -0.02198211336940331,
        -0.011535123828295442,
        0.0015940139195316724,
        0.01994872221695272,
        0.050955517257315196,
        0.08213850787557431
      ],
      "ref_props": [
        0.1,
        0.1,
        0.1,
        0.1,
        0.1,
        0.1,
        0.1,
        0.1,
        0.1,
        0.1
      ]
    },
    "rsi": {
      "edges": [
        12.195121951219505,
        25.001654280769625,
        33.47008547008548,
        38.56113053398595,
        42.587385489736306,
        46.3436437642832,
        50.79235727440148,
        53.05092913385827,
        56.76530374629477,
        62.126920318765336,
        94.23076923076923
      ],