{
  "feature_cols": [
    "return_1d",
    "return_2d",
    "return_3d",
    "return_5d",
    "return_10d",
    "return_20d",
    "div_ma_5",
    "div_ma_10",
    "div_ma_20",
    "div_ma_60",
    "ma_5_20_cross",
    "ma_20_60_cross",
    "rsi",
    "rsi_change",
    "macd",
    "macd_signal",
    "macd_hist",
    "macd_hist_change",
    "bb_pct_b",
    "bb_bandwidth",
    "atr_pct",
    "volatility",
    "vol_change",
    "vol_ratio",
    "candle_body_pct",
    "upper_shadow_pct",
    "lower_shadow_pct",
    "day_of_week",
    "month",
    "is_month_end",
    "is_month_start",
    "streak",
    "gap",
    "price_position_20d",
    "macro_usdjpy_ret_20",
    "macro_usdjpy_ret_60",
    "macro_usdjpy_vol_20",
    "macro_topix_ret_20",
    "macro_topix_vol_20",
    "macro_topix_above_200dma",
    "macro_nikkei_ret_20",
    "macro_nikkei_above_200dma",
    "macro_nikkei_vi",
    "macro_jgb10y",
    "macro_bias_score"
  ],
  "avg_up_ret": 0.020219361934987495,
  "avg_dn_ret": -0.014460657263945844,
  "n_bins": 10,
  "psi_ref_rows": 250,
  "psi": {
    "return_1d": {
      "edges": [
        -0.04630715123094964,
        -0.015619646198933622,
        -0.008585006440393483,
        -0.004620835829979518,
        -0.002006267509716863,
        0.0007080536150011474,
        0.004167101715619653,
        0.007403481295135683,
        0.010305296561803125,
        0.015764658152984817,
        0.04534820946553886
      ],
      "ref_props": [
        0.1,
        0.1,
        0.1,
        0.1,
        0.1,
        0.1,
        0.1,
        0.1,
        0.1,
        0.1
      ]
    },
    "return_2d": {
      "edges": [
        -0.052364204767487266,
        -0.020178473439105803,
        -0.011795895911801812,
        -0.006996041690836514,
        -0.0021558121857530033,
        0.001487930419562855,
        0.004499582289056027,
        0.007374512800051571,
        0.015816401687336876,
        0.02449019501330873,
        0.049503161698283726
      ],
      "ref_props": [
        0.1,
        0.1,
        0.1,
        0.1,
        0.1,
        0.1,
        0.1,
        0.1,
        0.1,
        0.1
      ]
    },
    "return_3d": {
      "edges": [
        -0.07229386479093391,
        -0.02681065375302667,
        -0.014485116105643757,
        -0.007991018649043712,
        -0.0035149223394815832,
        0.0017033853532196774,
        0.008513443790447542,
        0.012664694685496693,
        0.01782479258184893,
        0.02758564248500096,
        0.07536231884057965
      ],
      "ref_props": [
        0.1,
        0.1,
        0.1,
        0.1,
        0.1,
        0.1,
        0.1,
        0.1,
        0.1,
        0.1
      ]
    },
    "return_5d": {
      "edges": [
        -0.07410296411856476,
        -0.03328684252376481,
        -0.0197312800814452,
        -0.011798125536433652,
        -0.0030944784135646243,
        0.0032015322271964353,
        0.01052539164069471,
        0.017471119995359618,
        0.02460233447155127,
        0.04053366603360848,
        0.08519309140306608
      ],
      "ref_props": [
        0.1,
        0.1,
        0.1,
        0.1,
        0.1,
        0.1,
        0.1,
        0.1,
        0.1,
        0.1
      ]
    },
    "return_10d": {
      "edges": [
        -0.09647954329210273,
        -0.03746740592225391,
        -0.024068738298897573,
        -0.013919275340853075,
        -0.00565916383010933,
        0.005243015078413182,
        0.013588468438909354,
        0.029267988857761523,
        0.03947799112157037,
        0.06401019444082484,
        0.11239307738213644
      ],
      "ref_props": [
        0.1,
        0.1,
        0.1,
        0.1,
        0.1,
        0.1,
        0.1,
        0.1,
        0.1,
        0.1
      ]
    },
    "return_20d": {
      "edges": [
        -0.1105263157894737,
        -0.0633826137570801,
        -0.038323748755893255,
        -0.01818648771022777,
        -0.000496859586783757,
        0.01688962076217604,
        0.03400583092209068,
        0.047394153903432705,
        0.07033924721474755,
        0.09310654294156978,
        0.1690792119018898
      ],
      "ref_props": [
        0.1,
        0.1,
        0.1,
        0.1,
        0.1,
        0.1,
        0.1,
        0.1,
        0.1,
        0.1
      ]
    },
    "div_ma_5": {
      "edges": [
        -0.03952745074240394,
        -0.015902278569853035,
        -0.008127452778423945,
        -0.005275198864037738,
        -0.00224763175061834,
        0.0010342642696857685,
        0.004357781481040642,
        0.008339310114881936,
        0.01174801459744172,
        0.01812884327020901,
        0.044572468162522784
      ],
      "ref_props": [
        0.1,
        0.1,
        0.1,
        0.1,
        0.1,
        0.1,
        0.1,
        0.1,
        0.1,
        0.1
      ]
    },
    "div_ma_10": {
      "edges": [
        -0.05602608453616449,
        -0.021350211745864073,
        -0.014582984118559437,
        -0.009112889759551459,
        -0.0038086708212283897,
        0.002879128194278748,
        0.006937091365217795,
        0.012797307374855396,
        0.02202465141797296,
        0.030976901982929572,
        0.062047746567147136
      ],
      "ref_props": [
        0.1,
        0.1,
        0.1,
        0.1,
        0.1,
        0.1,
        0.1,
        0.1,
        0.1,
        0.1
      ]
    },
    "div_ma_20": {
      "edges": [
        -0.07477955863009694,
        -0.0332817331485458,
        -0.017026146632830804,
        -0.010130570325226722,
        -0.0015354256413759333,
        0.007018323001231527,
        0.014541029345027589,
        0.022384213695945353,
        0.03547826442075856,
        0.05473104664400787,
        0.08195194635872602
      ],
      "ref_props": [
        0.1,
        0.1,
        0.1,
        0.1,
        0.1,
        0.1,
        0.1,
        0.1,
        0.1,
        0.1
      ]
    },
    "div_ma_60": {
      "edges": [
        -0.1322650112853065,
        -0.059334091912053334,
        -0.021943623083239397,
        -0.0035155790226584476,
        0.010538702085401811,
        0.020164032165741017,
        0.02965421952002742,
        0.04345561341699574,
        0.09578436299578527,
        0.1237192656941099,
        0.18035518348437446
      ],
      "ref_props": [
        0.1,
        0.1,
        0.1,
        0.1,
        0.1,
        0.1,
        0.1,
        0.1,
        0.1,
        0.1
      ]
    },
    "ma_5_20_cross": {
      "edges": [
        -0.05519196818660055,
        -0.02382045217852482,
        -0.014645202241772346,
        -0.006790016660853159,
        0.0008710388155239363,
        0.004515197604411214,
        0.00998863111119439,
        0.01547311052506431,
        0.02628608665871677,
        0.046263816328303606,
        0.06027510736162878
      ],
      "ref_props": [
        0.1,
        0.1,
        0.1,
        0.1,
        0.1,
        0.1,
        0.1,
        0.1,
        0.1,
        0.1
      ]
    },
    "ma_20_60_cross": {
      "edges": [
        -0.06456400855671274,
        -0.028796758263708876,
        -0.01857857121410711,
        -0.0038722280606697437,
        0.006311458843719557,
        0.016827728548407528,
        0.021018490684784702,
        0.029610406141355062,
        0.057635809972929414,
        0.08641369724796188,
        0.1072526423189617
      ],
      "ref_props": [
        0.1,
        0.1,
        0.1,
        0.1,
        0.1,
        0.1,
        0.1,
        0.1,
        0.1,
        0.1
      ]
    },
    "rsi": {
      "edges": [
        12.724935732647808,
        30.363722759425308,
        40.602054283582945,
        45.032657612808165,
        49.11485714285714,
        53.83371670500383,
        58.630526234002645,
        62.61699901875715,
        70.70741195023656,
        80.07705938412055,
        90.43478260869566
      ],