tree
version=v4
num_class=1
num_tree_per_iteration=1
label_index=0
max_feature_idx=44
objective=binary sigmoid:1
feature_names=return_1d return_2d return_3d return_5d return_10d return_20d div_ma_5 div_ma_10 div_ma_20 div_ma_60 ma_5_20_cross ma_20_60_cross rsi rsi_change macd macd_signal macd_hist macd_hist_change bb_pct_b bb_bandwidth atr_pct volatility vol_change vol_ratio candle_body_pct upper_shadow_pct lower_shadow_pct day_of_week month is_month_end is_month_start streak gap price_position_20d macro_usdjpy_ret_20 macro_usdjpy_ret_60 macro_usdjpy_vol_20 macro_topix_ret_20 macro_topix_vol_20 macro_topix_above_200dma macro_nikkei_ret_20 macro_nikkei_above_200dma macro_nikkei_vi macro_jgb10y macro_bias_score
feature_infos=[-0.15042439484438852:0.18519888991674383] [-0.22028274668205428:0.22479185938945423] [-0.26241812227074235:0.17890841813135983] [-0.24447861336315346:0.26253469010175756] [-0.26602390005431831:0.28695652173913033] [-0.26682040151926212:0.36392229417206301] [-0.18670438472418674:0.085268322837383531] [-0.21876129218761292:0.1355459433237661] [-0.24365926185062095:0.15866108441437915] [-0.2248210252058658:0.23871366046721854] [-0.11213988105836692:0.10049323076298555] [-0.077087865278202772:0.10246418172072613] [16.622691292875984:92.333901192504257] [-25.660999585616274:26.975284679089029] [-123.17574449317135:226.29407628184526] [-100.91892644231085:202.0615982322613] [-89.797430437646796:76.633825451758867] [-42.087087602312948:30.758598152610887] [-0.40228805606389229:1.3587377534622145] [0.031663961091033574:0.32024613464669882] [0.012164623792028158:0.057806810880274145] [0.0071589682108592935:0.062829950905250509] [-0.84937737133962443:4.8448248021960278] [0.4952246330275768:1.9636401256999496] [-1:1] [0:0.89189189189189189] [0:1] [0:4] [1:12] none [0:1] [-8:10] [-0.10065721203735734:0.12858464384828872] [0:1] [-0.10288784967882303:0.08505611680078462] [-0.13986255140503889:0.13160084488587853] [0.0024251968629527628:0.011841457708833433] [-0.90806057657351702:0.19897857359448179] [0.0040695656242548776:0.20202552483846534] [0:1] [-0.22859537662338159:0.23022297972565586] [0:1] none none none
tree_sizes=1061 1101 1164 1289 997 962 1067 1094 990 1090 1102 996 1078 1103 1001 1313 1196 977 1185 973 975 994 1198 975 976 1096 1081 894 893 767 999 991 997 1000 989 993 1092 1096 784 992 1203 1177 1099 1099 1197 991 1209 1101 1308 1311 1210 791 884 867 786 1204 995 794 1101 791 1000 899 1202 1180 1065 878 998 973 958 1101 1297 1418 974 998 1409 1106 1210 888 988 860 1311 1101 1100 992 1193 1091 1298 1101 1099 1215 880 1080 1097 1101 974

Tree=0
num_leaves=9
num_cat=0
split_feature=2 15 14 9 9 4 22 24
split_gain=18.9679 9.10094 6.81086 6.50311 14.5677 6.19531 4.18213 2.46204
threshold=0.014537525707402634 -11.962017148996283 68.900265106311522 -0.044299212311996052 0.010378786220964777 0.018893455929838935 0.31501364855244668 0.60172413793103463
decision_type=2 2 2 2 2 2 2 2
left_child=3 -2 7 -1 5 -5 -6 -3
right_child=1 2 -4 4 6 -7 -8 -9
leaf_value=0.14485356464113691 0.12460228408092608 0.084413310502810007 0.11983853483847934 0.11729387727847632 0.1377061377987609 0.089204736470690132 0.11690719499711748 0.11080469463566869
leaf_weight=13.451646208763121 13.202541649341581 19.928364753723148 9.4659732580184919 33.130906403064728 42.347775101661682 7.7222413420677176 8.718659579753874 7.7222413420677176
leaf_count=54 53 80 38 133 170 31 35 31
internal_value=0.119515 0.104618 0.0972456 0.12664 0.123339 0.110452 0.133896 0.0901715
internal_weight=155.69 50.3191 37.1166 105.371 91.9196 40.8531 51.0664 27.6506
internal_count=625 202 149 423 369 164 205 111
is_linear=0
shrinkage=1


Tree=1
num_leaves=9
num_cat=0
split_feature=9 23 38 1 17 1 23 34
split_gain=14.8316 16.6684 16.0481 7.69483 7.49578 5.71356 3.0331 2.41729
threshold=-0.044299212311996052 1.0606309793553612 0.011658588340424195 -0.0026226957716996564 -1.0448654025176578 -0.013801386646631329 1.2355738786966046 -0.013474644528316036
decision_type=2 2 2 2 2 2 2 2
left_child=7 2 4 5 -2 -3 -5 -1
right_child=1 3 -4 6 -6 -7 -8 -9
leaf_value=0.036790059825122033 0.020002503967697205 -0.018345550545278616 -0.024752561079365881 -0.034505612464757716 0.0011882353836783037 0.012973413891596305 -0.0090686311240094231 0.007675189943447216
leaf_weight=7.7115221321582794 30.372952282428741 7.7209088504314449 13.204381898045538 18.443379878997806 51.578487455844879 9.2137478590011579 9.9680937975645048 7.4611340314149839
leaf_count=31 122 31 53 74 207 37 40 30
internal_value=-0.000330049 -0.00359254 0.00344659 -0.0182021 0.00865029 -0.000942971 -0.0272577 0.0259077
internal_weight=155.675 140.502 95.1558 45.3461 81.9514 16.9347 28.4115 15.1727
internal_count=625 564 382 182 329 68 114 61
is_linear=0
shrinkage=0.03


Tree=2
num_leaves=10
num_cat=0
split_feature=2 32 32 15 14 20 25 24 25
split_gain=17.2337 9.29831 8.56978 8.544 6.40755 5.84511 4.21583 2.29878 2.26617
threshold=0.014537525707402634 0.0082258475972653029 0.0011043502805226926 -11.962017148996283 68.900265106311522 0.015231516823391975 0.34002408671216383 0.60172413793103463 0.093386627906976757
decision_type=2 2 2 2 2 2 2 2 2
left_child=1 2 5 -2 7 -1 -4 -5 -3
right_child=3 8 6 4 -6 -7 -8 -9 -10
leaf_value=-0.01365245024827171 0.0048159656441391823 0 0.032618400620197427 -0.034056843369478187 0 0.0087081326681799614 0.0030835740723818201 -0.0085569148932366033 -0.018366911292256878
leaf_weight=10.954308763146399 13.202695012092589 8.2156850099563616 17.416586428880695 19.972595721483234 9.4703201502561551 49.268456727266312 7.7168811112642279 7.7301116734743109 11.705979362130163
leaf_count=44 53 33 70 80 38 198 31 31 47
internal_value=-0.000317213 0.00647746 0.0108509 -0.0145086 -0.0216505 0.00409166 0.0249987 -0.0285017 -0.0108571
internal_weight=155.654 105.278 85.3562 50.3757 37.173 60.2228 25.1335 27.7027 19.9217
internal_count=625 423 343 202 149 242 101 111 80
is_linear=0
shrinkage=0.03


Tree=3
num_leaves=11
num_cat=0
split_feature=2 38 9 23 9 38 14 10 3 24
split_gain=16.3018 6.77786 6.70489 6.49417 10.0356 7.15747 6.1976 3.95221 2.49098 2.42928
threshold=0.014537525707402634 0.011874254727979911 0.014465977143930093 1.0635759844631101 -0.03218951370888664 0.0098119796908425622 68.900265106311522 -0.011793886648611583 0.019047481265009773 0.59034178187404007
decision_type=2 2 2 2 2 2 2 2 2 2
left_child=1 3 8 5 -5 -1 9 -3 -2 -4
right_child=2 7 6 4 -6 -7 -8 -9 -10 -11
leaf_value=0.0077082298844141483 -0.0085770217660387747 -0.020413683792528843 -0.035018818473958012 0.02314562911492498 -0.013983341343475167 0.031238539700039935 0 0.005028319753655185 0.012672806587452958 -0.0093104318198453922
leaf_weight=44.75798325240612 7.7274163365364057 10.204503938555719 16.991462588310245 7.4496200531721142 18.927513495087624 16.414625912904739 9.4703201502561551 7.4699123799800864 7.7227609902620316 8.4818884879350644
leaf_count=180 31 41 68 30 76 66 38 30 31 34
internal_value=-0.000312003 0.00629734 -0.0141124 0.00979063 -0.00207629 0.0150487 -0.0210912 -0.00948039 0.00142018 -0.0283056
internal_weight=155.618 105.224 50.3938 87.5497 26.3771 61.1726 34.9437 17.6744 15.4502 25.4734
internal_count=625 423 202 352 106 246 140 71 62 102
is_linear=0
shrinkage=0.03


Tree=4
num_leaves=8
num_cat=0
split_feature=18 9 5 1 20 40 4
split_gain=13.8845 9.92418 14.1995 7.42813 4.29358 2.24132 0.781984
threshold=0.91050762721574274 -0.044299212311996052 -0.021575231586396234 -0.016923142044778013 0.021376711801638682 0.047254976475725526 -0.042442203543017192
decision_type=2 2 2 2 2 2 2
left_child=1 6 4 -4 -3 -2 -1
right_child=5 2 3 -5 -6 -7 -8
leaf_value=0.010058909112133224 -0.0074979173158983012 -0.0040793987066307527 -0.015628551873176487 0.0092548323666139572 -0.03088933684226439 -0.028412709305832048 0.032848529767596897
leaf_weight=7.4390957653522491 13.226066499948503 12.450615063309671 10.200428351759909 80.125391438603401 11.718323543667791 12.723602071404455 7.6857652962207776
leaf_count=30 53 50 41 322 47 51 31
internal_value=-0.000302782 0.00368328 0.000357801 0.00600462 -0.0190187 -0.0195888 0.0249993
internal_weight=155.569 129.62 114.495 90.3258 24.1689 25.9497 15.1249
internal_count=625 521 460 363 97 104 61
is_linear=0
shrinkage=0.03


Tree=5
num_leaves=8
num_cat=0
split_feature=33 28 21 23 36 20 40
split_gain=8.60754 8.16681 10.022 10.7049 4.42231 3.37548 1.41887
threshold=0.93139024562893769 2.5000000000000004 0.030607616356409285 1.0769759224284239 0.0063170362415130325 0.017674647316168274 0.043304665039097696
decision_type=2 2 2 2 2 2 2
left_child=1 4 3 -3 -1 6 -2
right_child=5 2 -4 -5 -6 -7 -8
leaf_value=0.0040634105298402437 -0.0079503518823106079 0.0035377674143148535 0.029745397472506274 -0.016448375678701558 0.034985122862357595 0 -0.032187425567521334
leaf_weight=10.197808623313906 7.7304964214563388 77.102803587913513 7.4516764283180228 32.379778385162354 8.2027588188648206 7.4762353003025046 7.7387722283601761
leaf_count=41 31 310 30 130 33 30 31
internal_value=0.000110831 0.00314566 0 -0.00242768 0.0206617 -0.0160047 -0.0232309
internal_weight=158.28 135.335 116.934 109.483 18.4006 22.9455 15.4693
internal_count=636 544 470 440 74 92 62
is_linear=0
shrinkage=0.03


Tree=6
num_leaves=9
num_cat=0
split_feature=9 21 11 1 16 37 13 20
split_gain=10.152 9.67859 8.35531 9.54584 7.9351 5.26591 4.03509 3.75149
threshold=-0.042708358994412693 0.016269525720744363 -0.011077911508696079 0.022950390498324483 -3.3865693846066764 0.040517620294778907 0.20735896799428491 0.0166970517912273
decision_type=2 2 2 2 2 2 2 2
left_child=6 2 7 -4 -3 -6 -1 -2
right_child=1 4 3 -5 5 -7 -8 -9
leaf_value=0.030491515255030521 -0.029665193860794439 -0.03162951102852888 0.010076828325549812 -0.015948320179169986 0.006704820982297759 -0.02076983640771277 0.0010724162112441627 0
leaf_weight=10.637518137693407 7.473008528351782 14.219415813684462 74.381791576743126 12.984456658363341 14.939575210213663 7.72838570177555 8.1650383323430997 7.7230229824781418
leaf_count=43 30 57 299 52 60 31 33 31
internal_value=0.000114836 -0.00267117 0.00199553 0.00577074 -0.0154675 -0.00297877 0.0197686 -0.0169837
internal_weight=158.252 139.45 102.562 87.3662 36.8874 22.668 18.8026 15.196
internal_count=636 560 412 351 148 91 76 61
is_linear=0
shrinkage=0.03


Tree=7
num_leaves=9
num_cat=0
split_feature=9 23 20 6 6 28 40 34
split_gain=9.70128 11.0544 8.22076 9.7882 9.27272 4.40576 3.14742 2.8371
threshold=-0.042708358994412693 1.0909139745023639 0.020697009351022064 0.015106843289165247 0.0015430839399223882 3.5000000000000004 0.0076099193446168565 -0.01566275675201689
decision_type=2 2 2 2 2 2 2 2
left_child=7 2 3 -2 -4 -3 -7 -1
right_child=1 5 4 -5 -6 6 -8 -9
leaf_value=0.030702481805650758 0.012708796051545693 0.00044583768228853018 -0.027929666007227134 -0.01246696953662082 0.0051817204030783093 -0.03523955443504851 -0.010917655354408836 0.0049643197844246312
leaf_weight=8.6160955131053942 61.880826607346535 8.7206918746232969 12.946199685335161 15.475162684917448 13.202198252081869 9.9870101958513278 17.217702329158783 10.150716811418532
leaf_count=35 249 35 52 62 53 40 69 41
internal_value=8.81936e-05 -0.00263122 0.00227779 0.00729606 -0.0114987 -0.0165443 -0.0221618 0.0193222
internal_weight=158.197 139.43 103.504 77.356 26.1484 35.9254 27.2047 18.7668
internal_count=636 560 416 311 105 144 109 76
is_linear=0
shrinkage=0.03


Tree=8
num_leaves=8
num_cat=0
split_feature=18 13 9 5 22 25 11
split_gain=9.99578 6.91495 8.45284 12.6538 4.16285 3.37028 1.23972
threshold=0.91050762721574274 8.5206860621844935 -0.042708358994412693 -0.0030299113747971891 -0.096955950287909418 0.20948987246811707 -0.024421641704440385
decision_type=2 2 2 2 2 2 2
left_child=1 2 6 -4 -2 -6 -1
right_child=4 -3 3 -5 5 -7 -8
leaf_value=0.034317791256349393 -0.028743042621688284 -0.015863524603686723 -0.011755457352639526 0.010120181044000434 0.006107880194688651 -0.017231682968502516 0.010683658089174776
leaf_weight=7.6154416501522091 10.738798767328264 12.186442509293554 34.131204754114151 66.600641652941704 9.73216360807419 7.9886256456375113 9.134787052869795
leaf_count=31 43 49 137 268 39 32 37
internal_value=7.36414e-05 0.00374734 0.0061386 0.00247744 -0.0153191 -0.00433361 0.0247432
internal_weight=158.128 129.669 117.482 100.732 28.4596 17.7208 16.7502
internal_count=636 522 473 405 114 71 68
is_linear=0
shrinkage=0.03


Tree=9
num_leaves=9
num_cat=0
split_feature=1 25 23 20 20 40 16 16
split_gain=8.63599 8.29888 5.2243 12.233 7.47376 5.07998 2.75737 1.70202
threshold=0.022950390498324483 0.14365079365079367 1.0703217365713333 0.020985166001156678 0.018745587069767995 0.053548436504946346 9.6672093104771246 4.8465826067523006
decision_type=2 2 2 2 2 2 2 2
left_child=1 5 3 -3 -4 7 -2 -1
right_child=6 2 4 -5 -6 -7 -8 -9
leaf_value=0.021922589975606029 -0.023857296580534836 0.010943924221164955 -0.025744380988607058 -0.018758408794656407 0.0031421473303087631 -0.0036223885843032948 -0.00072013063946762461 0.0050831961160944872
leaf_weight=26.766839504241943 13.721746340394022 42.715855956077576 15.224624767899515 15.169183135032652 12.890479192137716 11.171305656433104 8.7283870279788953 11.672821715474127
leaf_count=108 55 172 61 61 52 45 35 47
internal_value=6.42293e-05 0.0030745 -0.00243578 0.00254321 -0.012673 0.0126414 -0.01627 0.0176843
internal_weight=158.061 135.611 86.0001 57.885 28.1151 49.611 22.4501 38.4397
internal_count=636 546 346 233 113 200 90 155
is_linear=0
shrinkage=0.03


Tree=10
num_leaves=9
num_cat=0
split_feature=3 8 9 20 33 2 20 17
split_gain=13.5621 5.49684 10.6426 13.5322 9.00601 11.2127 6.32928 3.77681
threshold=0.035798076470605851 -0.0084359082036241737 -0.044963728079095218 0.022044447570868566 0.89102488837301375 -0.015948459602857287 0.015965962277441896 4.321600275133048
decision_type=2 2 2 2 2 2 2 2
left_child=1 2 -1 -4 5 -3 -6 -2
right_child=7 4 3 -5 6 -7 -8 -9
leaf_value=0.015229149390623472 -0.031444479492978836 -0.015621992921087102 0.00052345634454898943 -0.036931448630161845 -0.024348461803531743 0.017282256190591615 0.0054789963781587047 -0.0022508669515093776
leaf_weight=13.022723153233526 12.976990014314653 8.9460700750350934 19.631818845868111 12.483612298965452 10.205423653125765 58.07357557117939 10.943196550011633 7.4837144762277594
leaf_count=53 52 36 79 50 41 234 44 30
internal_value=-0.000938224 0.00255824 -0.00561741 -0.0149075 0.00694191 0.0123473 -0.00912657 -0.0225857
internal_weight=153.767 133.306 45.1382 32.1154 88.1683 67.0196 21.1486 20.4607
internal_count=619 537 182 129 355 270 85 82
is_linear=0
shrinkage=0.03


Tree=11
num_leaves=8
num_cat=0
split_feature=3 34 38 15 23 34 17
split_gain=12.8604 10.2391 7.37995 14.2232 6.84383 5.82341 2.06598
threshold=0.035798076470605851 0.036588002039365637 0.011874254727979911 -19.053682243382664 1.0703217365713333 0.0074667888597346197 -0.96272817723504123
decision_type=2 2 2 2 2 2 2
left_child=1 2 4 -4 -1 -2 -3
right_child=5 6 3 -5 -6 -7 -8
leaf_value=0.014534303357540765 -0.0030212929534191614 -0.0024825463642162765 0.012871906376061032 -0.032365779244987576 -0.0033546072347158985 -0.036192431466883827 -0.024132829216127215
leaf_weight=68.645260766148567 10.232155755162241 8.9222416430711764 10.868580147624018 9.9731330722570402 23.85546500980854 10.228685379028319 10.951690986752508
leaf_count=277 41 36 44 40 96 41 44
internal_value=-0.000938163 0.00246636 0.00609635 -0.00905697 0.00978876 -0.022018 -0.0162145
internal_weight=153.677 133.216 113.342 20.8417 92.5007 20.4608 19.8739
internal_count=619 537 457 84 373 82 80
is_linear=0
shrinkage=0.03


Tree=12
num_leaves=9
num_cat=0
split_feature=3 23 38 38 9 18 38 40
split_gain=12.2082 7.44527 11.5301 7.86384 6.78096 7.56896 5.53754 5.22239
threshold=0.035798076470605851 1.0703217365713333 0.011658588340424195 0.0096104496624365068 -0.034145032008442565 0.71041102706766346 0.010030671911122427 0.012756092995770964
decision_type=2 2 2 2 2 2 2 2
left_child=1 2 3 -1 -3 -6 -2 -4
right_child=6 4 7 -5 5 -7 -8 -9
leaf_value=0.0049007794651393767 -0.032025152588185134 0.0089617179990493651 0.00058537523292471842 0.025903919881318481 -0.028390392533524531 0.0012516452023413238 0 -0.029207590118871512
leaf_weight=52.494804114103317 12.969392493367197 12.055617064237593 9.4026167839765566 23.762286439538002 15.972755014896395 11.726040363311766 7.483999863266944 7.720272183418273
leaf_count=212 52 49 38 96 64 47 30 31
internal_value=-0.000947655 0.00236853 0.00704739 0.012132 -0.00807366 -0.0160974 -0.0214895 -0.0137129
internal_weight=153.588 133.134 93.38 76.2571 39.7544 27.6988 20.4534 17.1229
internal_count=619 537 377 308 160 111 82 69
is_linear=0
shrinkage=0.03


Tree=13
num_leaves=9
num_cat=0
split_feature=36 23 38 38 24 9 40 19
split_gain=10.2798 12.142 12.4433 10.4731 5.17017 5.16171 4.59106 2.46992
threshold=0.0085586150258135565 1.0703217365713333 0.011658588340424195 0.0096396950200652934 0.31825880758807595 -0.011912394482708333 0.015825489144768338 0.097716041025082981
decision_type=2 2 2 2 2 2 2 2
left_child=1 2 3 -1 6 -2 -3 -4
right_child=5 4 7 -5 -6 -7 -8 -9
leaf_value=-0.00013851977488527268 0.035444774195220831 -0.017566709198435577 -0.0032718669619488366 0.02241417082510299 -0.030370773171484653 0.00032359809799222818 0.0043157755593640742 -0.029546750815421279
leaf_weight=52.016605630517006 7.6364080011844635 16.389713615179065 7.4627935290336636 25.701065316796303 14.439570590853689 7.7026469856500608 13.443381607532499 8.6980929970741254
leaf_count=210 31 66 30 104 58 31 54 35
internal_value=-0.000930089 -0.00370543 0.00230875 0.00750667 -0.016331 0.0207451 -0.0075832 -0.019936
internal_weight=153.49 138.151 93.8786 77.7177 44.2727 15.3391 29.8331 16.1609
internal_count=619 557 379 314 178 62 120 65
is_linear=0
shrinkage=0.03


Tree=14
num_leaves=8
num_cat=0
split_feature=3 34 38 34 35 34 4
split_gain=11.4867 9.47316 6.40428 11.7765 5.96606 5.51606 2.37583
threshold=0.035798076470605851 0.036588002039365637 0.011874254727979911 -0.012685669110371887 0.031322588482372245 0.0074667888597346197 -0.0044000209294450246
decision_type=2 2 2 2 2 2 2
left_child=1 2 4 -4 -1 -2 -3
right_child=5 6 3 -5 -6 -7 -8
leaf_value=0.0014371772078297716 -0.0024483486799647338 -0.0014907361561607589 0.016544645843939516 -0.025288556800734927 0.016979354216746713 -0.03463271638800846 -0.024023724569528629
leaf_weight=48.008639231324196 10.228361472487451 8.9215071648359316 8.1198523044586199 12.694779127836226 44.290792375802994 10.205630123615263 10.949257984757422
leaf_count=194 41 36 33 51 179 41 44
internal_value=-0.000909448 0.00230625 0.00580884 -0.00829206 0.00925625 -0.0208458 -0.0156543
internal_weight=153.419 132.985 113.114 20.8146 92.2994 20.434 19.8708
internal_count=619 537 457 84 373 82 80
is_linear=0
shrinkage=0.03


Tree=15
num_leaves=11
num_cat=0
split_feature=2 38 16 3 17 32 40 37 38 36
split_gain=7.38476 5.45494 11.4968 10.6153 9.1765 8.92745 4.22107 5.34889 4.0116 0.892878
threshold=0.023709755206494102 0.009677402616270073 2.9991154098221924 -0.0058101928041416886 -1.3938390057582912 -0.0041545889871289479 0.047254976475725526 0.013841137229762769 0.013381353640409632 0.0051003994093244227
decision_type=2 2 2 2 2 2 2 2 2 2
left_child=1 2 5 8 -4 -1 7 -2 -3 -5
right_child=6 3 4 9 -6 -7 -8 -9 -10 -11
leaf_value=-0.0076533757688063125 -0.016153624936391837 0.0077425484627532421 0.0066967180838420556 0.037144114053594003 -0.023105207951946326 0.020248600589771949 -0.025134324851565446 0.011266548951738327 -0.015482550663846927 0.016503936591472614
leaf_weight=13.35772719979286 10.190826550126081 16.575298443436626 13.098800688982008 8.6229334026575106 21.613437384366989 28.43251895904541 9.216155529022215 11.228173226118086 8.4173369705677015 16.010003507137299
leaf_count=54 41 67 53 35 87 115 37 45 34 65
internal_value=0.00251157 0.00580314 0.000499303 0.0133529 -0.0116986 0.0110453 -0.0101057 -0.00140442 -9.13879e-05 0.0265391
internal_weight=156.763 126.128 76.5025 49.6256 34.7122 41.7902 30.6352 21.419 24.9926 24.6329
internal_count=633 510 309 201 140 169 123 86 101 100
is_linear=0
shrinkage=0.03


Tree=16
num_leaves=10
num_cat=0
split_feature=32 16 38 28 28 35 35 3 28
split_gain=6.9244 8.55152 10.6116 10.0014 7.57061 6.81206 6.20949 4.68948 3.68232
threshold=0.011958751134551028 3.1789974784403712 0.009677402616270073 8.5000000000000018 10.500000000000002 -0.031479363654649699 0.031601579482375304 -0.011326407023535765 7.5000000000000009
decision_type=2 2 2 2 2 2 2 2 2
left_child=1 3 5 7 -5 -3 -4 -1 -2
right_child=8 2 6 4 -6 -7 -8 -9 -10
leaf_value=0.0062911774756513649 -0.021614766277737774 0.010981776294104999 -0.0027362265178120181 -0.013708998197713361 0.014598828140179662 -0.01674262738895425 0.030152390262011275 0.028122335905207692 0.0015474946384492997
leaf_weight=17.752544403076172 12.91037727892399 7.9464043378829947 7.6827875524759319 17.620864808559418 12.865137010812761 35.51252669095993 9.1050871759653074 27.060089826583862 8.201786279678343
leaf_count=72 52 32 31 71 52 143 37 110 33
internal_value=0.00244274 0.00504602 -0.00314038 0.0117018 -0.00113799 -0.0110832 0.0156138 0.0204326 -0.0126123
internal_weight=156.658 135.545 60.2468 75.2986 30.486 43.4589 16.7879 44.8126 21.1122
internal_count=633 548 243 305 123 175 68 182 85
is_linear=0
shrinkage=0.03


Tree=17
num_leaves=8
num_cat=0
split_feature=1 34 38 16 38 34 40
split_gain=8.99526 6.43405 7.33155 8.70667 7.68183 2.60814 1.69682
threshold=0.024065896038909077 0.034649501004426438 0.0098119796908425622 2.4209332100191685 0.011874254727979911 0.0074667888597346197 0.0047367143212333493
decision_type=2 2 2 2 2 2 2
left_child=1 2 3 -1 -4 -2 -3
right_child=5 6 4 -5 -6 -7 -8
leaf_value=0.01245532867739259 -0.0018892709255438518 0 0.02764311543900775 -0.0073791733233664388 0.0014874194287883967 -0.024995479986985598 -0.017408444158577164
leaf_weight=35.476387426257133 9.9641940146684664 7.4390587508678463 25.056506127119064 39.939145043492317 18.545612573623657 9.9445155411958677 10.175742387771605
leaf_count=144 40 30 102 161 75 40 41
internal_value=0.00238841 0.00526445 0.00785663 0.00183819 0.0174002 -0.0153438 -0.0105006
internal_weight=156.541 136.632 119.018 75.4155 43.6021 19.9087 17.6148
internal_count=633 553 482 305 177 80 71
is_linear=0
shrinkage=0.03


Tree=18
num_leaves=10
num_cat=0
split_feature=1 16 20 2 20 9 36 4 26
split_gain=8.55724 6.02497 10.6937 9.89655 8.24158 6.22398 6.10082 5.21846 1.042
threshold=0.024065896038909077 3.3374016319049393 0.01629868910415035 -0.0061047027506654907 0.018705744206524166 -0.044963728079095218 0.0060975328082584759 0.036706501601849302 0.25941558441558449
decision_type=2 2 2 2 2 2 2 2 2
left_child=1 3 7 5 -5 -1 -4 -3 -2
right_child=8 2 6 4 -6 -7 -8 -9 -10
leaf_value=0.016439310320285182 -0.020971752501271403 -0.030608944892858102 0.017700224018022979 0.029862675623247577 0.0022021172888663405 -0.009166874493877224 -0.0050982064603725613 0 -0.0037890469740660356
leaf_weight=10.298964798450468 10.953898236155512 11.437553346157076 20.22815628349781 26.041241452097893 17.23299814760685 25.487298130989075 17.361686587333679 8.4372404962778074 8.9467308819293958
leaf_count=42 44 46 82 106 70 103 70 34 36
internal_value=0.00231035 0.00511938 -0.00203131 0.0104237 0.0197627 -0.000920602 0.00706579 -0.0189956 -0.0149833
internal_weight=156.426 136.525 57.4646 79.0605 43.2742 35.7863 37.5898 19.8748 19.9006
internal_count=633 553 232 321 176 145 152 80 80
is_linear=0
shrinkage=0.03


Tree=19
num_leaves=8
num_cat=0
split_feature=1 34 17 19 20 34 5
split_gain=8.13769 6.04523 7.11493 9.74239 5.60387 2.4995 2.39315
threshold=0.024065896038909077 0.034649501004426438 1.7091438101140304 0.086801771187362917 0.015231516823391975 0.0074667888597346197 -0.00085829390907371506
decision_type=2 2 2 2 2 2 2
left_child=1 2 4 -4 -1 -2 -3
right_child=5 6 3 -5 -6 -7 -8
leaf_value=-0.013085648404578628 -0.0015219664688855604 -0.019234596371513316 0.034049150487805456 0 0.0063411846960804864 -0.024059479090459732 0.00030277751762918399
leaf_weight=13.842896357178686 9.964681029319765 9.4332937300205248 16.247547447681431 12.564880877733229 76.133443057537079 9.92988573014736 8.1791898012161237
leaf_count=56 40 38 66 51 309 40 33
internal_value=0.00223552 0.00497907 0.00750022 0.0200503 0.00296972 -0.0146263 -0.010291
internal_weight=156.296 136.401 118.789 28.8124 89.9763 19.8946 17.6125
internal_count=633 553 482 117 365 80 71
is_linear=0
shrinkage=0.03


Tree=20
num_leaves=8
num_cat=0
split_feature=9 20 23 4 10 23 23
split_gain=10.8685 12.0075 9.24512 10.8144 8.34133 6.14033 0.19768
threshold=-0.050618418221515776 0.021919874245442009 1.0703217365713333 0.026472783562577099 -0.0072702735024009471 1.2085816247022094 0.99642538667074187
decision_type=2 2 2 2 2 2 2
left_child=-1 2 3 -2 6 -4 -3
right_child=1 4 5 -5 -6 -7 -8
leaf_value=0.027204012283562375 0.016818297245693694 -0.039649629891043092 -0.019940344804255123 -0.0042330550497697494 0 0.0048530211598306078 -0.016086671088667973
leaf_weight=11.209425643086432 51.362054377794266 7.4504694044590023 19.640996173024178 34.604864507913589 13.149466469883917 12.903905108571051 8.4463781267404539
leaf_count=46 209 30 79 140 53 52 34
internal_value=0.00108201 -0.00113933 0.0030562 0.00827025 -0.0178348 -0.00996384 -0.031165
internal_weight=158.768 147.558 118.512 85.9669 29.0463 32.5449 15.8968
internal_count=643 597 480 349 117 131 64
is_linear=0
shrinkage=0.03


Tree=21
num_leaves=8
num_cat=0
split_feature=9 20 25 32 12 4 37
split_gain=10.3767 11.4281 7.43697 8.66052 6.49455 5.7275 5.18422
threshold=-0.050618418221515776 0.021919874245442009 0.14692390717754997 0.0098819972938909446 43.933731022589129 0.015344645884247667 0.031417333377046892
decision_type=2 2 2 2 2 2 2
left_child=-1 2 5 -4 -3 -2 -6
right_child=1 4 3 -5 6 -7 -8
leaf_value=0.026610515821210191 0.024073174405555828 -0.032851362067554804 0.001967636357860892 -0.023503901119073526 0.010271851160259254 0.0018854846622223796 -0.019196362382855946
leaf_weight=11.160986855626104 19.172364950180054 11.916836738586428 61.911789819598198 12.638920322060583 8.9261030554771441 24.684882238507271 8.2004866003990156
leaf_count=46 78 48 251 51 36 100 33
internal_value=0.00103439 -0.00113137 0.00296229 -0.00265597 -0.0174197 0.0125389 -0.00358563
internal_weight=158.612 147.451 118.408 74.5507 29.0434 43.8572 17.1266
internal_count=643 597 480 302 117 178 69
is_linear=0
shrinkage=0.03


Tree=22
num_leaves=10
num_cat=0
split_feature=32 25 18 0 13 12 10 16 34
split_gain=8.6768 10.556 7.03185 9.29454 8.88625 6.12827 4.62452 4.30948 2.93311
threshold=0.0092631863581101887 0.11024305555555557 0.82713726032290957 0.0086195639448491974 -7.2732783580110754 43.933731022589129 0.0026833700425431544 11.759959823228245 0.012092291015881386
decision_type=2 2 2 2 2 2 2 2 2
left_child=2 -2 4 7 6 -6 -1 -4 -3
right_child=1 8 3 -5 5 -7 -8 -9 -10
leaf_value=0.0063211264877845895 0.0094396749547069562 -0.01000944424539117 -0.031073776760201462 0.011844641573905728 0.0005671342355965998 0.019220876932344134 -0.021628180564857873 -0.0021227496084252318 -0.036167849493823623
leaf_weight=7.365730449557307 11.330223098397253 12.597898900508882 10.163681477308275 12.385357290506361 25.292465895414352 50.594522714614868 9.6503598093986493 9.9275099188089353 9.1821463257074338
leaf_count=30 46 51 41 50 103 206 39 40 37
internal_value=0.00100317 -0.0120967 0.00471595 -0.00675535 0.00894194 0.0133705 -0.00934862 -0.0189347 -0.0237826
internal_weight=158.49 33.1103 125.38 32.4765 92.9031 75.887 17.0161 20.0912 21.78
internal_count=643 134 509 131 378 309 69 81 88
is_linear=0
shrinkage=0.03


Tree=23
num_leaves=8
num_cat=0
split_feature=36 32 23 21 14 23 11
split_gain=8.37189 9.75965 6.7015 9.36011 6.35162 5.84582 0.742735
threshold=0.0085586150258135565 0.012566974271721711 1.0703217365713333 0.015043671888109853 -8.6624846477432111 1.2085816247022094 0.026915501056117622
decision_type=2 2 2 2 2 2 2
left_child=1 2 3 -1 -2 -4 -3
right_child=4 6 5 -5 -6 -7 -8
leaf_value=0.012651685589667918 0.035315335786866735 -0.028415971978416242 -0.018486137220065587 -0.0077566264048199874 0 0.0039270736362508824 -0.0081780823864692574
leaf_weight=60.361648142337799 8.5144910663366336 8.9130829721689242 21.296655833721161 27.367202028632164 7.9245082139968863 16.317215487360954 7.6753054261207572
leaf_count=246 35 36 86 111 32 66 31
internal_value=0.000951169 -0.00140188 0.00147207 0.00608711 0.0200289 -0.00867706 -0.0217464
internal_weight=158.37 141.931 125.343 87.7289 16.439 37.6139 16.5884
internal_count=643 576 509 357 67 152 67
is_linear=0
shrinkage=0.03


Tree=24
num_leaves=8
num_cat=0
split_feature=9 20 23 25 10 7 23
split_gain=9.81714 10.5879 8.1658 10.1453 7.66425 7.12946 0.263396
threshold=-0.050618418221515776 0.021919874245442009 1.0703217365713333 0.16794871794871799 -0.0072702735024009471 0.018689247066537389 0.99642538667074187
decision_type=2 2 2 2 2 2 2
left_child=-1 2 5 -4 6 -2 -3
right_child=1 4 3 -5 -6 -7 -8
leaf_value=0.025869259196251326 0.012609625838171934 -0.037984429446634251 0.010137903576669069 -0.022050802325451944 0 -0.0065671984928497408 -0.01503442896532552
leaf_weight=11.087896406650541 64.568968787789345 7.4281799048185375 12.374475896358488 20.109681695699692 13.137724280357359 21.087580233812332 8.4388757497072202
leaf_count=46 264 30 50 81 53 85 34
internal_value=0.000913585 -0.00118802 0.00275494 -0.00947708 -0.0168738 0.00767529 -0.0296673
internal_weight=158.233 147.145 118.141 32.4842 29.0048 85.6565 15.8671
internal_count=643 597 480 131 117 349 64
is_linear=0
shrinkage=0.03


Tree=25
num_leaves=9
num_cat=0
split_feature=25 6 24 14 15 32 11 4
split_gain=6.57396 11.7054 8.66513 5.08574 5.40438 6.12032 4.65808 2.8127
threshold=0.14365079365079367 0.016090747512204465 -0.42141066953097023 81.265715351064742 -32.088053317289543 0.011958751134551028 0.020967896949867008 0.027429861514447932
decision_type=2 2 2 2 2 2 2 2
left_child=1 2 6 4 -2 -6 -1 -4
right_child=3 -3 7 -5 5 -7 -8 -9
leaf_value=-0.013492383075982172 0.0064250491229163363 -0.019665596431321535 0.031582187312221462 0.0092342472855631661 -0.009104470462374949 -0.035652177752266707 0.01157038349222759 0.0058362942338421406
leaf_weight=11.548876583576204 12.975301191210745 11.144394144415854 15.070099085569383 12.083817556500433 65.830302312970161 8.1487448960542661 10.984971448779104 8.3743447661399824
leaf_count=47 53 45 62 49 267 33 45 34
internal_value=-0.00262083 0.00521967 0.0121324 -0.00730529 -0.00992832 -0.0130876 -0.000715971 0.0241569
internal_weight=156.161 57.1227 45.9783 99.0382 86.9543 73.979 22.5338 23.4444
internal_count=635 233 188 402 353 300 92 96
is_linear=0
shrinkage=0.03


Tree=26
num_leaves=9
num_cat=0
split_feature=6 2 25 20 20 28 16 2
split_gain=6.48619 9.87177 6.3055 5.60542 5.08858 4.04634 3.89727 2.69934
threshold=-0.014280927072262929 0.014537525707402634 0.14692390717754997 0.020311306099422114 0.015719938912738252 2.5000000000000004 6.985673966366245 0.020251534707482203
decision_type=2 2 2 2 2 2 2 2
left_child=3 2 6 -1 -4 -3 -2 -7
right_child=1 5 4 -5 -6 7 -8 -9
leaf_value=-0.032681322810390413 0.022410293794995914 0.0052887657520953989 -0.014783753316242682 -0.00037240466146299105 0.0052937691680655314 -0.026129735862179156 0 -0.0078608352652213484
leaf_weight=9.1440993547439593 22.848288550972939 9.8948908001184446 13.796844020485876 10.32964503765106 38.241748228669167 11.611204355955122 9.3191550523042661 30.891084358096123
leaf_count=37 94 40 56 42 156 47 38 125
internal_value=-0.00254267 -2.26675e-05 0.00618469 -0.0178728 -0.000101892 -0.0101347 0.0162044 -0.0141388
internal_weight=156.077 136.603 84.206 19.4737 52.0386 52.3972 32.1674 42.5023
internal_count=635 556 344 79 212 212 132 172
is_linear=0
shrinkage=0.03


Tree=27
num_leaves=7
num_cat=0
split_feature=13 1 7 38 38 21
split_gain=6.58309 6.94245 7.68054 7.4406 5.3162 4.56931
threshold=8.5206860621844935 -0.016923142044778013 0.0080324270562132111 0.011874254727979911 0.0089668730539256229 0.015813187754737081
decision_type=2 2 2 2 2 2
left_child=1 5 3 -3 -4 -1
right_child=-2 2 4 -5 -6 -7
leaf_value=-0.025311967518862281 -0.020720218384641085 0.015607960395066166 -0.012660946419853996 -0.0097482719801846619 0.0039040278460244801 0.0014015875001102424
leaf_weight=13.081663668155672 14.046415001153944 46.05678679049015 33.142205417156219 11.051327288150786 31.267282426357269 7.3721529692411414
leaf_count=53 57 189 134 45 127 30
internal_value=-0.00248904 -0.000318309 0.00237038 0.0102835 -0.00451829 -0.0157484
internal_weight=156.018 141.971 121.518 57.1081 64.4095 20.4538
internal_count=635 578 495 234 261 83
is_linear=0
shrinkage=0.03


Tree=28
num_leaves=7
num_cat=0
split_feature=1 6 33 14 20 34
split_gain=6.07715 7.86313 5.45119 7.14263 5.23887 0.451661
threshold=0.025711596572651766 -0.014280927072262929 0.95190141741522361 89.498448835908007 0.020311306099422114 0.0093507739926536066
decision_type=2 2 2 2 2 2
left_child=1 4 3 -3 -1 -2
right_child=5 2 -4 -5 -6 -7
leaf_value=-0.031417725415426243 -0.0074610871059204564 0.0016758295599535716 -0.01751543958677966 0.025781788587616181 -0.00019527833476219023 -0.025893937405021692
leaf_weight=9.1627033948898333 7.4490834027528745 101.96725861728191 8.9277197867631894 10.750001505017279 10.333344861865042 7.3558109104633331
leaf_count=37 30 416 36 44 42 30
internal_value=-0.00243329 -0.000290411 0.00251968 0.00451501 -0.0171248 -0.0195038
internal_weight=155.946 141.141 121.645 112.717 19.496 14.8049
internal_count=635 575 496 460 79 60
is_linear=0
shrinkage=0.03


Tree=29
num_leaves=6
num_cat=0
split_feature=13 15 6 2 32
split_gain=6.18249 8.77222 6.34073 10.3464 4.26355
threshold=8.5206860621844935 -41.230199998385316 -0.012222093163870969 0.014537525707402634 -0.0033229338986771047
decision_type=2 2 2 2 2
left_child=1 -1 4 -4 -3
right_child=-2 2 3 -5 -6
leaf_value=0.027169496381612243 -0.02005292344440289 -0.025684215110780822 0.007636433608708847 -0.010686648821477893 0
leaf_weight=7.6995978504419318 14.047911569476126 13.56203877925873 69.882804214954376 43.041484892368317 7.6507893800735465
leaf_count=32 57 55 286 174 31
internal_value=-0.00238776 -0.000279369 -0.00234114 0.000457568 -0.0166418
internal_weight=155.885 141.837 134.137 112.924 21.2128
internal_count=635 578 546 460 86
is_linear=0
shrinkage=0.03


Tree=30
num_leaves=8
num_cat=0
split_feature=34 19 24 23 38 25 22
split_gain=6.83149 5.77074 7.03053 7.42007 6.76735 8.18234 3.29031
threshold=0.036588002039365637 0.075971714331960996 -0.49363416599516513 1.0635759844631101 0.019784473925122878 0.093386627906976757 0.010818258762147705
decision_type=2 2 2 2 2 2 2
left_child=1 2 -1 -4 5 -3 -2
right_child=6 4 3 -5 -6 -7 -8
leaf_value=-0.008953636361120813 -0.029215276816788805 0.0082302605278674265 0.02346264874932431 -0.0042336042216910468 0.020846431684939892 -0.012254294977367649 -0.0019854915210667946
leaf_weight=11.780486449599264 8.4084488749504107 22.759094268083572 27.597438141703606 10.373372763395308 7.2856127470731726 55.329433739185333 9.0936530530452711
leaf_count=48 34 93 113 42 30 225 37
internal_value=-0.000825424 0.00144742 0.00944256 0.0156877 -0.00314951 -0.00604029 -0.017491
internal_weight=152.628 135.125 49.7513 37.9708 85.3741 78.0885 17.5021
internal_count=622 551 203 155 348 318 71
is_linear=0
shrinkage=0.03


Tree=31
num_leaves=8
num_cat=0
split_feature=9 38 38 33 25 28 4
split_gain=8.08079 11.6586 8.5873 8.51193 8.45878 7.42887 4.03789
threshold=-0.044963728079095218 0.01134571918432384 0.0098119796908425622 0.66197311046511642 0.040161290322580652 10.500000000000002 -0.040350295231717508
decision_type=2 2 2 2 2 2 2
left_child=6 2 4 -3 -2 -4 -1
right_child=1 3 5 -5 -6 -7 -8
leaf_value=0.00094017043819062771 0.014164575407152205 -0.033189375158966132 0.0026040562765740991 0.0023513278324442445 -0.0083596958902724654 0.036671831124372466 0.031714138641720464
leaf_weight=8.493686765432356 16.6134103089571 15.787480294704439 17.644303634762768 7.6867699474096289 71.18031644821167 7.7370054125785819 7.4008159190416327
leaf_count=35 68 64 72 31 289 32 31
internal_value=-0.000805334 -0.0033355 0.000652177 -0.0216917 -0.00370977 0.0154568 0.0180505
internal_weight=152.544 136.649 113.175 23.4743 87.7937 25.3813 15.8945
internal_count=622 556 461 95 357 104 66
is_linear=0
shrinkage=0.03


Tree=32
num_leaves=8
num_cat=0
split_feature=35 35 20 36 20 22 16
split_gain=9.24967 8.91104 10.9688 6.83769 7.66118 2.24998 1.04834
threshold=0.062741177410862395 0.040253656556901947 0.016666052017455194 0.0086915059876981407 0.018705744206524166 0.029221827069200516 -6.6432109079236517
decision_type=2 2 2 2 2 2 2
left_child=1 3 -3 4 -1 -2 -4
right_child=5 2 6 -5 -6 -7 -8
leaf_value=0.0010911411905107976 -0.027909566076817209 -0.0080856656375909476 0.010315749036856775 0.015605491123968003 -0.016825793397378136 -0.004623488023274256 0.032004450275412683
leaf_weight=53.51071734726429 10.335608065128328 10.577310249209402 8.0850040465593338 13.861662313342093 32.163834631443024 9.3108773529529554 14.571235522627831
leaf_count=218 42 43 33 57 131 38 60
internal_value=-0.000748755 0.00208472 0.0151189 -0.00233153 -0.00569451 -0.0190136 0.0263377
internal_weight=152.416 132.77 33.2335 99.5362 85.6746 19.6465 22.6562
internal_count=622 542 136 406 349 80 93
is_linear=0
shrinkage=0.03


Tree=33
num_leaves=8
num_cat=0
split_feature=35 35 20 36 38 10 10
split_gain=8.8143 8.45272 10.4674 6.48283 11.5017 2.47439 2.36434
threshold=0.062741177410862395 0.040253656556901947 0.016666052017455194 0.0086915059876981407 0.012964331009681416 0.0071723391945669466 -0.0092561438369956877
decision_type=2 2 2 2 2 2 2
left_child=1 3 -3 4 -1 -2 -4
right_child=5 2 6 -5 -6 -7 -8
leaf_value=-0.00074964827711215159 -0.0053578462976532158 -0.0078808338264731125 0.0064505068468516495 0.015224307374042463 -0.031498501030706255 -0.029265734875439757 0.03233497822055962
leaf_weight=74.593646511435509 10.774706944823267 10.578620478510855 7.3394567072391519 13.832979023456572 11.091335907578467 8.8723518401384336 15.247001275420189
leaf_count=304 44 43 30 57 45 36 63
internal_value=-0.000722907 0.00204232 0.0147531 -0.0022531 -0.00552861 -0.0185537 0.0257429
internal_weight=152.33 132.683 33.1651 99.518 85.685 19.6471 22.5865
internal_count=622 542 136 406 349 80 93
is_linear=0
shrinkage=0.03


Tree=34
num_leaves=8
num_cat=0
split_feature=35 35 35 36 21 4 5
split_gain=8.39383 8.03352 7.18993 6.16111 7.00408 5.82942 2.86719
threshold=0.062741177410862395 0.040253656556901947 0.051122905301416728 0.0086915059876981407 0.015548433186926282 -0.0017189599045051571 0.024660121814467643
decision_type=2 2 2 2 2 2 2
left_child=1 3 -3 4 -1 -2 -4
right_child=5 2 6 -5 -6 -7 -8
leaf_value=0.00021322877071750654 0.0013931864544044182 0.027638121568858313 -0.01038758335104174 0.014853337646066125 -0.017672838585706386 -0.029350027969240973 0.011725462277899548
leaf_weight=59.335164144635201 7.3348096013069179 15.990329951047896 8.8306780010461825 13.803511396050451 26.331935092806816 12.313973993062971 8.268795505166052
leaf_count=242 30 66 36 57 107 50 34
internal_value=-0.000712552 0.00198594 0.0143951 -0.00219662 -0.00539116 -0.0181124 0
internal_weight=152.209 132.56 33.0898 99.4706 85.6671 19.6488 17.0995
internal_count=622 542 136 406 349 80 70
is_linear=0
shrinkage=0.03


Tree=35
num_leaves=8
num_cat=0
split_feature=35 21 4 2 38 15 14
split_gain=9.87962 6.46065 5.76454 5.22433 6.576 6.48768 3.5831
threshold=0.056294619725414836 0.0096355173589824008 -0.0077712973169612445 0.014537525707402634 0.011973286397582524 -12.521964869591425 19.281170764026914
decision_type=2 2 2 2 2 2 2
left_child=1 -1 -2 4 -3 -5 -4
right_child=2 3 6 5 -6 -7 -8
leaf_value=-0.016594954389266788 0.0032729302019370134 0.015627274625817849 -0.036331681905870612 0.015850806843579084 -0.0041978150412326012 -0.0088837275250444742 -0.0052899063462986864
leaf_weight=9.6238166093826276 8.3015292733907717 61.719813734292984 8.8685383051633853 11.26329420506954 17.339153319597244 31.11879301071167 7.8619942814111701
leaf_count=39 34 254 36 46 71 126 32
internal_value=0.00113461 0.00456697 -0.0152902 0.00660721 0.0110979 -0.00155433 -0.0246678
internal_weight=156.097 131.065 25.0321 121.441 79.059 42.3821 16.7305
internal_count=638 536 102 497 325 172 68
is_linear=0
shrinkage=0.03


Tree=36
num_leaves=9
num_cat=0
split_feature=9 20 20 25 12 4 34 23
split_gain=7.4426 10.9715 6.18722 6.76746 6.17163 5.11872 3.67806 3.64669
threshold=-0.044963728079095218 0.021580483066945242 0.015231516823391975 0.37248718959400873 45.768679875865367 0.02586976130665453 -0.01566275675201689 0.94888435860949294
decision_type=2 2 2 2 2 2 2 2
left_child=6 2 5 -4 -3 -2 -1 -6
right_child=1 4 3 -5 7 -7 -8 -9
leaf_value=0.031633727720347386 0.0016177097670258263 -0.033864833262124028 0.011253827976546688 -0.007502053579710388 0.0092955064361990251 -0.023354244419518163 0.0015082021360623703 -0.016226545488216941
leaf_weight=7.9828359633684158 14.420863509178163 10.563436374068262 68.151076540350914 20.433268219232559 7.31196305155754 10.882523685693739 7.8429829627275449 8.3613558113574964
leaf_count=34 59 43 279 83 30 44 32 34
internal_value=0.00107937 -0.00112685 0.00286376 0.0066918 -0.0179563 -0.0094969 0.0193898 -0.00376667
internal_weight=155.95 140.124 113.888 88.5843 26.2368 25.3034 15.8258 15.6733
internal_count=638 572 465 362 107 103 66 64
is_linear=0
shrinkage=0.03


Tree=37
num_leaves=9
num_cat=0
split_feature=9 20 3 20 16 12 34 36
split_gain=7.14293 10.4172 6.98141 5.84736 8.2631 4.21981 3.52857 3.48594
threshold=-0.044963728079095218 0.021580483066945242 0.015127273788523301 0.015231516823391975 -0.30932638156538234 40.436395069990532 -0.01566275675201689 0.0055173634771088402
decision_type=2 2 2 2 2 2 2 2
left_child=6 3 7 4 -2 -5 -1 -3
right_child=1 2 -4 5 -6 -7 -8 -9
leaf_value=0.031064232897018134 0.010231916821418691 -0.0071335915021431447 0.0015557436932847972 0.021798113494310687 -0.022046063403919704 0.003373163416315455 0.0014723734749325871 -0.039456331215073921
leaf_weight=7.9228815585374832 9.7325166910886782 7.3350680619478288 9.5587433576583845 12.14772719144821 15.573068067431448 76.377509072422981 7.8415083289146406 9.2953219562768918
leaf_count=34 40 30 39 50 63 312 32 38
internal_value=0.00103849 -0.00111871 -0.0175345 0.00276613 -0.00924246 0.00649293 0.019012 -0.0283013
internal_weight=155.784 140.02 26.1891 113.831 25.3056 88.5252 15.7644 16.6304
internal_count=638 572 107 465 103 362 66 68
is_linear=0
shrinkage=0.03


Tree=38
num_leaves=6
num_cat=0
split_feature=35 38 38 38 4
split_gain=9.23451 5.12483 12.5229 5.56309 3.27316
threshold=0.063860315301012341 0.019784473925122878 0.013203536419604469 0.009992848672552292 0.017154733515317048
decision_type=2 2 2 2 2
left_child=1 2 3 -1 -2
right_child=4 -3 -4 -5 -6
leaf_value=0.00055380823611247867 -0.0023810032434478769 0.025433485842218481 -0.028376811136501194 0.014667078045501809 -0.029674490295129422
leaf_weight=86.656615883111954 9.0192814171314257 7.3403504788875571 9.0286291390657407 34.973733156919479 8.6097636520862562
leaf_count=354 37 31 37 144 35
internal_value=0.00101453 0.00379284 0.0020989 0.00490491 -0.0181403
internal_weight=155.628 137.999 130.659 121.63 17.629
internal_count=638 566 535 498 72
is_linear=0
shrinkage=0.03


Tree=39
num_leaves=8
num_cat=0
split_feature=35 21 4 33 33 33 23
split_gain=8.84747 5.95353 5.40554 5.35815 5.59685 5.31483 4.13985
threshold=0.056294619725414836 0.0096355173589824008 -0.0077712973169612445 0.92419830732199715 0.747177200354458 0.6712089175865974 1.0703217365713333
decision_type=2 2 2 2 2 2 2
left_child=1 -1 -2 4 -3 -4 -5
right_child=2 3 5 6 -6 -7 -8
leaf_value=-0.016046109251316065 0.0033522427521602799 0.0039476769579817467 -0.037870884265722819 0.0034268187396533905 0.019569262308055151 -0.0026120772581500278 -0.02187546034859247
leaf_weight=9.6377095282077772 8.2772603482007998 71.753253906965256 8.595432713627817 11.16370312869549 30.106065049767494 8.0967293232679349 7.8804654926061621
leaf_count=39 34 296 35 45 124 33 32
internal_value=0.000974512 0.00423775 -0.0145787 0.00621151 0.00899723 -0.0236801 -0.00741441
internal_weight=155.511 130.541 24.9694 120.903 101.859 16.6922 19.0442
internal_count=638 536 102 497 420 68 77
is_linear=0
shrinkage=0.03


Tree=40
num_leaves=10
num_cat=0
split_feature=9 14 14 34 35 21 40 12 21
split_gain=8.79718 9.53076 9.23892 5.37782 7.73308 4.78888 4.52436 3.80535 2.54405
threshold=-0.044963728079095218 22.878577519047898 39.338557614088138 0.02037352878950283 0.018993744084499057 0.015043671888109853 0.010248274342385512 34.747681396617573 0.012361814680514839
decision_type=2 2 2 2 2 2 2 2 2
left_child=7 3 8 4 -2 -5 -4 -1 -3
right_child=1 2 6 5 -6 -7 -8 -9 -10
leaf_value=0.0015603071181963617 -0.012957401104744274 0.03125622797456562 0.016460969130462435 -0.0049516195541734805 0.010410823535039889 -0.033777408743932313 -0.0057076879537708925 0.032563657271140141 0.0058123801724342403
leaf_weight=7.4643676131963721 28.439004823565483 10.911593079566957 8.2333975881338102 12.277130514383318 19.519893944263458 11.142058476805685 39.707839831709862 8.206230163574217 8.7329898476600629
leaf_count=31 116 45 34 50 80 46 162 35 36
internal_value=0.00046923 -0.00194108 0.00591138 -0.00953923 -0.00310997 -0.0208346 -0.00109336 0.0204928 0.0222204
internal_weight=154.635 138.964 67.5858 71.3781 47.9589 23.4192 47.9412 15.6706 19.6446
internal_count=635 569 277 292 196 96 196 66 81
is_linear=0
shrinkage=0.03


Tree=41
num_leaves=10
num_cat=0
split_feature=6 22 3 22 18 25 3 16 6
split_gain=6.03098 6.1127 6.18348 4.55805 4.42754 4.87255 3.1905 1.22646 0.232669
threshold=0.015106843289165247 -0.099199864677452995 0.019047481265009773 0.34799411207470171 0.32834028502793139 0.26013698630136989 0.039394913956794404 5.2345099918959646 0.0077543791599674764
decision_type=2 2 2 2 2 2 2 2 2
left_child=1 4 3 -3 -1 -6 7 -2 -4
right_child=6 2 8 -5 5 -7 -8 -9 -10
leaf_value=-0.01801340504578498 -0.027855620645753879 0.0089265642123017921 0.011502145248402429 -0.008019945912453183 0.010425530206326798 -0.010357302266912432 0 -0.0063029700420900343 0.031448841064249264
leaf_weight=13.582370609045027 7.8340928703546551 44.376272186636925 7.9826497435569745 18.033628597855568 20.325028076767921 16.432613611221313 10.300666928291319 8.1233818382024747 7.493221640586853
leaf_count=56 32 183 33 74 84 67 42 33 31
internal_value=0.000474293 0.0032853 0.00853324 0.00369993 -0.0045635 0.00069246 -0.0119828 -0.0196432 0.0245122
internal_weight=154.484 128.226 77.8858 62.4099 50.34 36.7576 26.2581 15.9575 15.4759
internal_count=635 528 321 257 207 151 107 65 64
is_linear=0
shrinkage=0.03


Tree=42
num_leaves=9
num_cat=0
split_feature=9 5 23 10 10 13 34 20
split_gain=8.52623 7.53388 9.3142 6.59656 6.2296 5.33836 2.75608 0.793352
threshold=-0.044963728079095218 -0.021575231586396234 1.0703217365713333 0.016391255358420013 0.02031339544808242 -2.1589222358505356 -0.013474644528316036 0.021376711801638682
decision_type=2 2 2 2 2 2 2 2
left_child=6 5 3 -3 -4 -2 -1 -7
right_child=1 2 4 -5 -6 7 -8 -9
leaf_value=0.030856060936815199 0.0022861919444065438 0.015625223820363982 -0.023064072927222672 -0.0013051955883435797 0.00068251497217917132 -0.0099807001870806673 0.0032078414455700898 -0.031157708195106455
leaf_weight=8.0524017065763456 8.3174920380115527 39.426061198115349 16.731871396303177 37.882705256342888 18.467110067605972 8.0736840963363665 7.5627554059028617 9.875781908631323
leaf_count=35 34 163 68 155 75 33 31 41
internal_value=0.000454308 -0.00191657 0.00141626 0.00731617 -0.0108354 -0.0158127 0.0202015 -0.0243397
internal_weight=154.39 138.775 112.508 77.3088 35.199 26.267 15.6152 17.9495
internal_count=635 569 461 318 143 108 66 74
is_linear=0
shrinkage=0.03


Tree=43
num_leaves=9
num_cat=0
split_feature=9 14 14 38 35 38 12 21
split_gain=8.17583 8.89472 8.74144 8.33433 6.44212 4.87077 3.63407 2.42883
threshold=-0.044963728079095218 22.878577519047898 39.338557614088138 0.0071404290919197594 0.018993744084499057 0.0094980230471518184 34.747681396617573 0.012361814680514839
decision_type=2 2 2 2 2 2 2 2
left_child=6 3 7 -2 -5 -4 -1 -3
right_child=1 2 5 4 -6 -7 -8 -9
leaf_value=0.0013299716334378875 0.014416798648801805 0.030468362195075347 -0.0083068173711862234 -0.023991393757404552 -0.0039321972153939701 0.010693911570421705 0.031686903446061204 0.005553279547829775
leaf_weight=7.4422930479049674 9.2799558937549573 10.846252620220186 30.862695187330246 26.879360869526863 35.032289251685143 17.024813875555992 8.1033617705106717 8.7058994770050031
leaf_count=31 38 45 126 110 144 70 35 36
internal_value=0.000436499 -0.00188103 0.00570744 -0.00923403 -0.013354 -0.00109315 0.019817 0.0216153
internal_weight=154.177 138.631 67.4397 71.1916 61.9117 47.8875 15.5457 19.5522
internal_count=635 569 277 292 254 196 66 81
is_linear=0
shrinkage=0.03


Tree=44
num_leaves=10
num_cat=0
split_feature=9 18 35 18 12 35 32 12 13
split_gain=7.81146 7.839 8.04975 6.6559 4.79253 4.25198 4.18857 3.48701 3.04489
threshold=-0.044963728079095218 0.3742192144208048 0.020265083482714833 0.91050762721574274 41.240776132080491 0.01982760588707189 -0.0091049354621420813 34.747681396617573 -2.3015185801733504
decision_type=2 2 2 2 2 2 2 2 2
left_child=7 2 4 6 -2 -5 -3 -1 -4
right_child=1 3 8 5 -6 -7 -8 -9 -10
leaf_value=0.0012987485149558531 -0.0071938757547390314 -0.011064870093507933 0.013102957662172407 0.0022210129064924012 -0.04304972234355979 -0.020790878767617114 0.0087695471346778357 0.031122943965318561 -0.010234287026214938
leaf_weight=7.4406836628913871 8.4232027381658572 8.6187485605478269 7.5791493654251125 10.633997336030008 7.7537792325019828 13.970213636755942 73.122989609837532 8.0398938655853254 8.4679165333509427
leaf_count=31 35 35 31 43 32 57 301 35 35
internal_value=0.000452161 -0.00180815 -0.0143612 0.00205199 -0.0280509 -0.010862 0.00628479 0.0194348 0.000187483
internal_weight=154.051 138.57 32.224 106.346 16.177 24.6042 81.7417 15.4806 16.0471
internal_count=635 569 133 436 67 100 336 66 66
is_linear=0
shrinkage=0.03


Tree=45
num_leaves=8
num_cat=0
split_feature=33 3 2 2 22 13 25
split_gain=6.02269 6.52048 6.2048 5.82338 4.41572 4.32122 1.51203
threshold=0.92419830732199715 -0.025749941134918738 -0.020445533851581984 -0.023676337352436624 -0.10863769060866567 9.4270038443485564 0.16333992094861663
decision_type=2 2 2 2 2 2 2
left_child=1 3 -3 -1 -2 -4 -6
right_child=4 2 5 -5 6 -7 -8
leaf_value=0.0025679005225838054 -0.028440222526466899 -0.013609599353767259 0.01049456285238367 -0.026914120335687488 0.0062381707102179725 -0.010159251558333481 -0.0097867345779984859
leaf_weight=10.661825761198999 7.8669203966856029 10.440967589616774 93.407461851835251 9.1740271151065809 7.6067557930946377 7.7654798477888098 8.8608047664165479
leaf_count=44 32 43 387 38 31 32 36
internal_value=0.000586419 0.00325597 0.00618527 -0.0115967 -0.0124164 0.0085977 -0.00169829
internal_weight=155.784 131.45 111.614 19.8359 24.3345 101.173 16.4676
internal_count=643 544 462 82 99 419 67
is_linear=0
shrinkage=0.03


Tree=46
num_leaves=10
num_cat=0
split_feature=33 18 12 34 32 0 0 40 28
split_gain=5.70798 5.77081 6.83691 7.47478 5.86624 3.50464 3.15398 3.0897 4.18886
threshold=0.92419830732199715 0.36965705260911547 41.240776132080491 -0.027882564149019736 -0.008716893074782182 -0.0064015734664847881 -0.0040788718073387345 0.035913360362268561 5.5000000000000009
decision_type=2 2 2 2 2 2 2 2 2
left_child=1 2 3 -1 -3 -6 -4 -2 -9
right_child=7 4 6 -5 5 -7 -8 8 -10
leaf_value=0.025308508116149316 0.00083592038589740104 -0.014094568190229547 -0.0034210004103877876 -0.0062316965329438393 0.022372774068343551 0.0063112999816117782 -0.03097170173777777 -0.00045965139021670259 -0.032179741749725842
leaf_weight=7.8796369433403042 8.6062538176774996 7.8136249035596839 8.9882631301879901 18.587057530879974 16.038830354809761 63.820720374584198 8.2187739014625532 7.6525115370750418 8.0537638366222364
leaf_count=34 35 32 37 77 66 264 34 31 33
internal_value=0.000534308 0.00313721 -0.0054153 0.00374988 0.00759061 0.0101881 -0.0192161 -0.0121272 -0.0193696
internal_weight=155.659 131.347 43.6737 26.4667 87.6732 79.8596 17.207 24.3125 15.7063
internal_count=643 544 182 111 362 330 71 99 64
is_linear=0
shrinkage=0.03


Tree=47
num_leaves=9
num_cat=0
split_feature=38 21 36 37 9 9 36 15
split_gain=5.52355 8.64997 9.61673 12.1669 7.649 6.87369 4.87514 6.779
threshold=0.0073522421485820453 0.011781160403159128 0.0054101259058263402 -0.01395638974906954 -0.044299212311996052 0.041028763972878891 0.0045814240392272705 -4.3250250305960227
decision_type=2 2 2 2 2 2 2 2
left_child=5 6 3 -3 -4 -1 -2 -8
right_child=1 2 4 -5 -6 -7 7 -9
leaf_value=0.02487566889372532 0.0044953036475241159 -0.015288484301938084 0.014908542852823411 0.024415284005580937 -0.010182481644533123 -0.0021711755713592633 -0.00036155910167315949 -0.032032505290290295
leaf_weight=14.989992097020151 7.2577240467071524 7.2214800268411627 11.807519003748892 26.094286903738976 47.207716345787048 14.42480757832527 10.845770061016085 15.646323308348654
leaf_count=62 30 30 51 108 194 59 45 64
internal_value=0.000498001 -0.00217475 0.00248848 0.015006 -0.00459241 0.0118408 -0.0147773 -0.0205285
internal_weight=155.496 126.081 92.331 33.3158 59.0152 29.4148 33.7498 26.4921
internal_count=643 522 383 138 245 121 139 109
is_linear=0
shrinkage=0.03


Tree=48
num_leaves=11
num_cat=0
split_feature=26 38 38 37 14 20 38 36 21 14
split_gain=6.28537 5.59412 9.35853 6.36079 6.07119 3.5459 5.24753 1.69108 1.20515 0.56136
threshold=0.44482496194824966 0.0073522421485820453 0.0080311029361575543 0.038888425555249746 39.338557614088138 0.016057088655312735 0.01120395538919044 0.0053836867069834453 0.01115214153895021 22.878577519047898
decision_type=2 2 2 2 2 2 2 2 2 2
left_child=1 4 7 -4 8 -2 9 -3 -1 -7
right_child=5 2 3 -5 -6 6 -8 -9 -10 -11
leaf_value=0.028568186680705768 -0.0022703482712885218 -0.0085460779463949997 0.0034770006408112184 -0.015163154013934501 -0.0091937857292354076 0.012368141027388778 -0.0021795540825555325 -0.034312225292347273 0.0061033622351574371 0.032269044818311735
leaf_weight=7.5047976076602954 10.648287475109099 7.5603493005037334 58.780046939849854 20.388751208782196 7.5858498960733405 10.184872254729276 7.8647776246070853 8.810899466276167 7.2705633044242859 8.7250290215015394
leaf_count=31 44 31 245 83 31 43 33 36 30 36
internal_value=0.000481545 -0.00284247 -0.00610827 -0.00139403 0.00985116 0.0109473 0.0165176 -0.0254555 0.0204536 0.024476
internal_weight=155.324 117.901 95.54 79.1688 22.3612 37.423 26.7747 16.3712 14.7754 18.9099
internal_count=643 487 395 328 92 156 112 67 61 79
is_linear=0
shrinkage=0.03


Tree=49
num_leaves=11
num_cat=0
split_feature=26 38 38 37 14 28 24 36 36 35
split_gain=5.97855 5.33782 8.91285 6.01712 5.81421 3.99947 2.00422 2.8129 1.58878 1.12968
threshold=0.44482496194824966 0.0073522421485820453 0.0080311029361575543 0.038888425555249746 39.338557614088138 3.5000000000000004 1.0000000180025095e-35 0.0068428575992175245 0.0056120213692363559 -0.017466213472270949
decision_type=2 2 2 2 2 2 2 2 2 2
left_child=1 4 8 -4 9 -2 7 -7 -3 -1
right_child=5 2 3 -5 -6 6 -8 -9 -10 -11
leaf_value=0.02798517433790312 -0.002654751894239808 -0.0092433169897993637 0.0033771202132218152 -0.01475288325945248 -0.0089717500749920565 0.017932795700010735 0.026871053272222219 -0.0043720548300160544 -0.034315889775023943 0.0060310068960233894
leaf_weight=7.4436437189579019 11.559856280684469 8.286893233656885 58.762373074889183 20.38278603553772 7.5898135900497428 8.1063559353351611 10.331061124801634 7.3727890551090232 8.0988129675388318 7.299174666404725
leaf_count=31 48 34 245 83 31 34 43 31 33 30
internal_value=0.000466134 -0.00277245 -0.00596369 -0.0013557 0.0096302 0.0106834 0.016958 0.00716608 -0.0248364 0.0200304
internal_weight=155.234 117.863 95.5309 79.1452 22.3326 37.3701 25.8102 15.4791 16.3857 14.7428
internal_count=643 487 395 328 92 156 108 65 67 61
is_linear=0
shrinkage=0.03


Tree=50
num_leaves=10
num_cat=0
split_feature=18 33 21 15 38 35 32 37 37
split_gain=5.62293 8.15942 8.84993 6.06883 9.94225 3.64749 2.37613 1.21838 0.457851
threshold=0.89159403984849173 0.7833946854947399 0.010834557257308801 39.84665316785577 0.0071404290919197594 0.022017727214020181 -0.0046545564463298375 0.044491307883662408 0.045067039815277384
decision_type=2 2 2 2 2 2 2 2 2
left_child=1 3 -3 4 -1 -2 -5 -7 -4
right_child=5 2 8 6 -6 7 -8 -9 -10
leaf_value=0.026487835682999058 -0.00038138177600360916 -0.0068695493579459576 0.032966265629460624 -0.029373541719951199 -0.0036904272506974394 -0.008029822690545689 -0.0044589424747369663 -0.031104311379747698 0.011788090852849129
leaf_weight=9.2726135253906232 13.089487582445146 9.2624985277652758 9.7443722188472766 7.8315365612506893 74.299454778432846 7.842930927872656 9.2383541315793973 7.7687593549489975 7.7971840947866431
leaf_count=39 53 38 41 32 309 32 38 32 32
internal_value=-0.00208819 0.000567041 0.0147649 -0.00328217 2.34837e-05 -0.013636 -0.018558 -0.0225922 0.0264901
internal_weight=156.147 127.446 26.8041 100.642 83.5721 28.7012 17.0699 15.6117 17.5416
internal_count=646 529 111 418 348 117 70 64 73
is_linear=0
shrinkage=0.03


Tree=51
num_leaves=6
num_cat=0
split_feature=23 23 36 35 38
split_gain=6.24252 5.41598 4.29187 6.19849 5.85947
threshold=0.75219373215589402 1.3889732605236642 0.0070911961006431814 0.018486527429351755 0.0074198257890737062
decision_type=2 2 2 2 2
left_child=-1 2 3 -2 -4
right_child=1 -3 4 -5 -6
leaf_value=0.016044655397406325 -0.021065093351957297 0.017092457581444464 0.016604417737492255 -0.0037299532680616127 -0.0055361159001604907
leaf_weight=13.274642467498778 26.534942612051964 7.9595286399126044 14.249635547399519 65.076891347765923 28.931206956505775
leaf_count=56 109 33 59 269 120
internal_value=-0.00204015 -0.00402395 -0.0056122 -0.00925401 0.00184983
internal_weight=156.027 142.752 134.793 91.6118 43.1808
internal_count=646 590 557 378 179
is_linear=0
shrinkage=0.03


Tree=52
num_leaves=7
num_cat=0
split_feature=9 0 28 9 33 12
split_gain=6.93372 6.17146 6.07002 7.74672 4.53124 2.5526
threshold=-0.044299212311996052 -0.019354447901451573 2.5000000000000004 0.11168285796775269 0.90317879998798201 34.747681396617573
decision_type=2 2 2 2 2 2
left_child=5 -2 4 -4 -3 -1
right_child=1 2 3 -5 -6 -7
leaf_value=0.0010597589622755304 -0.024747693849787068 0.020008298700036353 -0.0081528706658313826 0.016853545939571869 -0.0056651513566508081 0.025475941389824532
leaf_weight=8.7825620025396365 10.309003189206122 15.025429949164392 96.076592937111855 10.370144605636595 7.3944842815399161 8.0410511791706067
leaf_count=37 42 62 397 43 30 35
internal_value=-0.00196889 -0.00430893 -0.00220603 -0.00531252 0.011156 0.0149935
internal_weight=155.999 139.176 128.867 106.447 22.4199 16.8236
internal_count=646 574 532 440 92 72
is_linear=0
shrinkage=0.03


Tree=53
num_leaves=7
num_cat=0
split_feature=9 0 14 33 40 4
split_gain=6.61488 5.87985 5.8542 6.03636 3.91172 1.90117
threshold=-0.044299212311996052 -0.019354447901451573 87.325842961291997 0.89102488837301375 0.042002686291530818 -0.040350295231717508
decision_type=2 2 2 2 2 2
left_child=5 -2 3 -3 -4 -1
right_child=1 2 4 -5 -6 -7
leaf_value=0.0024221626530142202 -0.024136998780888434 -0.00082184672930575337 0.027697521724275725 -0.017751665313035479 0 0.024380565414603549
leaf_weight=9.183070898056032 10.303419202566145 91.707613408565521 7.073283448815344 22.71934799849987 7.3430980443954468 7.5871336609125128
leaf_count=39 42 379 30 93 30 33
internal_value=-0.00189545 -0.00418111 -0.00212607 -0.00455928 0.0144758 0.0146949
internal_weight=155.917 139.147 128.843 114.427 14.4164 16.7702
internal_count=646 574 532 472 60 72
is_linear=0
shrinkage=0.03


Tree=54
num_leaves=6
num_cat=0
split_feature=23 23 36 21 28
split_gain=5.7836 5.09332 4.02724 8.01819 5.64896
threshold=0.75219373215589402 1.3889732605236642 0.0070911961006431814 0.011781160403159128 2.5000000000000004
decision_type=2 2 2 2 2
left_child=-1 2 3 -2 -4
right_child=1 -3 4 -5 -6
leaf_value=0.015610125440592719 -0.019906519181435964 0.016749612799128125 0.02071475892149802 -0.0014971530511297172 -0.0035900911055200646
leaf_weight=13.206017896533011 34.257583886384964 7.9331005364656439 9.162249952554701 57.303682595491409 33.929557204246521
leaf_count=56 141 33 38 237 141
internal_value=-0.00183515 -0.00374822 -0.00529308 -0.00882362 0.00193456
internal_weight=155.792 142.586 134.653 91.5613 43.0918
internal_count=646 590 557 378 179
is_linear=0
shrinkage=0.03


Tree=55
num_leaves=10
num_cat=0
split_feature=35 20 11 31 0 0 35 12 15
split_gain=6.33098 6.6077 6.64661 5.11482 5.01292 4.867 4.06002 1.92652 1.82762
threshold=0.052915245583267996 0.015231516823391975 0.033187613375288867 -1.4999999999999998 -0.0067580713160566011 -0.018619012126579623 0.02950493322693826 47.334665697674424 30.026699899253448
decision_type=2 2 2 2 2 2 2 2 2
left_child=1 2 -1 -2 5 -3 -6 -5 -9
right_child=3 4 -4 7 6 -7 -8 8 -10
leaf_value=-0.028086298316789104 0.005690699029380384 -0.00030782968963424069 0.0036271570585786088 -0.0038736447053862298 -0.0043693335212929615 0.023153406968138474 0.0097958997809997617 -0.035869659744527813 -0.0087255661187297384
leaf_weight=10.128097221255304 7.7524348348379162 10.603357046842577 9.4668117314577085 7.8700231164693859 48.903152227401733 19.469039797782898 26.15040610730648 7.5268088281154615 7.549941822886467
leaf_count=41 32 44 39 33 203 81 109 31 31
internal_value=-0.00111346 0.00183479 -0.0131532 -0.0129296 0.00496189 0.0149101 0.00049765 -0.0197735 -0.0257691
internal_weight=155.42 124.721 19.5949 30.6992 105.126 30.0724 75.0536 22.9468 15.0768
internal_count=644 517 80 127 437 125 312 95 62
is_linear=0
shrinkage=0.03


Tree=56
num_leaves=8
num_cat=0
split_feature=19 26 32 9 25 20 20
split_gain=6.74706 6.79172 7.21414 6.16682 5.26551 4.27683 1.49688
threshold=0.24052049383645044 0.44246532156368229 0.0068344212870924412 0.058922547907937141 0.12746615087040622 0.0166970517912273 0.019422703106330114
decision_type=2 2 2 2 2 2 2
left_child=1 2 3 -1 -4 -3 -7
right_child=-2 5 4 -5 -6 6 -8
leaf_value=-0.0061772544055994118 0.023323061019351846 -0.0029883460163535719 -0.0013734665581386955 0.011981274114141975 -0.028146329223268221 0.025581621832552904 0.0055362068276410626
leaf_weight=64.223087266087532 7.4645689129829398 14.002534687519072 12.135786175727846 20.344716265797615 17.689939856529236 9.1942321360111254 10.264097407460211
leaf_count=265 32 58 50 84 73 39 43
internal_value=-0.00109833 -0.00272619 -0.0062716 -0.00145965 -0.0184949 0.0086417 0.0172084
internal_weight=155.319 147.854 114.394 84.5678 29.8257 33.4609 19.4583
internal_count=644 612 472 349 123 140 82
is_linear=0
shrinkage=0.03


Tree=57
num_leaves=6
num_cat=0
split_feature=19 38 35 38 4
split_gain=6.44249 7.02698 7.62459 10.5713 4.53486
threshold=0.24052049383645044 0.013203536419604469 0.052915245583267996 0.0098119796908425622 -0.0020792394631625184
decision_type=2 2 2 2 2
left_child=1 2 3 -1 -4
right_child=-2 -3 4 -5 -6
leaf_value=-0.0027972244896545813 0.022852223695229237 -0.023650883431497703 0.00084356036295401703 0.017331312045535945 -0.021905949205596575
leaf_weight=76.285146594047546 7.4315234869718543 11.113305762410162 10.553632199764253 31.169837594032288 18.649460569024086
leaf_count=314 32 47 44 130 77
internal_value=-0.00105259 -0.00264404 -0.000511046 0.00311448 -0.0136767
internal_weight=155.203 147.771 136.658 107.455 29.2031
internal_count=644 612 565 444 121
is_linear=0
shrinkage=0.03


Tree=58
num_leaves=9
num_cat=0
split_feature=35 20 16 4 38 38 38 8
split_gain=5.61003 6.17629 6.35367 5.72446 3.79162 14.9746 8.05241 1.15471
threshold=0.052915245583267996 0.015231516823391975 -1.1021775044037232 -0.0020792394631625184 0.013101165377263082 0.019784473925122878 0.0097658444440729634 0.025695501652129953
decision_type=2 2 2 2 2 2 2 2
left_child=1 2 -1 -2 6 -6 -3 -5
right_child=3 4 -4 7 5 -7 -8 -9
leaf_value=0.0065941565099341889 0.0034797921551813684 0.00045105706435185706 -0.02498846464810953 -0.027790716908257615 -0.032109386597831489 0.01954360586427013 0.019467490289025054 -0.0070560167772415932
leaf_weight=7.4833160489797619 11.270226001739504 58.933169364929199 12.102727606892584 11.414025649428369 8.5248086601495761 7.5583923459053031 29.844386115670204 7.9603160321712485
leaf_count=31 47 243 49 47 36 33 125 33
internal_value=-0.0010216 0.00175096 -0.0127337 -0.0121579 0.0047845 -0.00752852 0.00729712 -0.0214306
internal_weight=155.091 124.447 19.586 30.6446 104.861 16.0832 88.7776 19.3743
internal_count=644 517 80 127 437 69 368 80
is_linear=0
shrinkage=0.03


Tree=59
num_leaves=6
num_cat=0
split_feature=19 38 35 38 4
split_gain=5.97061 6.41813 6.87372 9.50011 4.09807
threshold=0.24052049383645044 0.013203536419604469 0.052915245583267996 0.0098119796908425622 -0.0020792394631625184
decision_type=2 2 2 2 2
left_child=1 2 3 -1 -4
right_child=-2 -3 4 -5 -6
leaf_value=-0.0026450044260011621 0.022087294768889883 -0.022672813033177319 0.00073480139992100992 0.016455327020191444 -0.020847868134510759
leaf_weight=76.289084523916245 7.3669088929891577 11.041489884257315 10.549261137843134 31.050699904561043 18.602933824062347
leaf_count=314 32 47 44 130 77
internal_value=-0.00100266 -0.00253594 -0.000494765 0.00294298 -0.0130105
internal_weight=154.9 147.533 136.492 107.34 29.1522
internal_count=644 612 565 444 121
is_linear=0
shrinkage=0.03


Tree=60
num_leaves=8
num_cat=0
split_feature=36 36 14 5 14 11 3
split_gain=5.94337 5.68425 5.71104 7.38545 7.34853 5.29387 3.98891
threshold=0.0043259383199024705 0.0049697164482635668 1.0000000180025095e-35 -0.0074829055561104188 22.878577519047898 0.036353371831194477 0.010085648372915259
decision_type=2 2 2 2 2 2 2
left_child=5 6 3 -3 -4 -1 -2
right_child=1 2 4 -5 -6 -7 -8
leaf_value=0.0029272135178720327 0.00061314499337170167 -0.00070146232196286254 -0.018959323741405298 0.023111315090348857 0.00140672405071283 -0.024631006700864884 0.026555505107056235
leaf_weight=8.2965181022882479 11.386027395725252 37.821688786149025 25.050490692257881 14.228529244661329 35.271933108568192 13.822163403034208 10.8766862899065
leaf_count=35 47 160 103 59 146 57 45
internal_value=-0.00048956 0.00184327 -0.000859458 0.00614483 -0.00714715 -0.0142867 0.01505
internal_weight=156.754 134.635 112.373 52.0502 60.3224 22.1187 22.2627
internal_count=652 560 468 219 249 92 92
is_linear=0
shrinkage=0.03


Tree=61
num_leaves=7
num_cat=0
split_feature=40 6 33 5 40 38
split_gain=5.11176 5.35841 6.87743 10.567 6.07196 4.62456
threshold=-0.059292237359456927 0.0099091079455991583 0.64433001064657247 0.039700215646763633 -0.034672479766112145 0.0098119796908425622
decision_type=2 2 2 2 2 2
left_child=-1 4 -3 -4 -2 -6
right_child=1 2 3 -5 5 -7
leaf_value=0.017697522927075545 -0.017208942307203347 -0.030152682955669866 0.022826365547256283 -0.012610565996575842 -2.6319322762287441e-06 0.014103064432526954
leaf_weight=10.685448274016379 11.209801852703093 10.159964159131048 8.1896746754646284 26.604476302862167 61.768306732177734 28.091163024306297
leaf_count=46 47 42 34 109 255 119
internal_value=-0.000462462 -0.00211384 -0.0105375 -0.00307455 0.00161913 0.00445474
internal_weight=156.709 146.023 44.9541 34.7942 101.069 89.8595
internal_count=652 606 185 143 421 374
is_linear=0
shrinkage=0.03


Tree=62
num_leaves=10
num_cat=0
split_feature=19 17 26 19 14 17 25 25 36
split_gain=5.61891 7.53848 5.68921 7.20135 4.71564 4.37124 3.15812 2.98116 2.31858
threshold=0.062181704261342695 0.29337666917089239 0.34749552772808595 0.11998885096430477 -48.03092826626925 -1.1775877728913995 0.38345364741641347 0.17320512820512823 0.0055852855331987817
decision_type=2 2 2 2 2 2 2 2 2
left_child=5 2 3 -2 -3 -1 -6 -4 -7
right_child=1 4 7 -5 6 8 -8 -9 -10
leaf_value=-0.0046790250119207056 -0.0092286966985173999 0.008994884637638409 0.0021770033926243743 0.017262814631148073 -0.0083448530905423871 0.030934164663115174 -0.026293814925207645 0.023985978517295312 0.0050915666077799484
leaf_weight=7.2227339446544674 35.446675524115562 7.46671438217163 12.717929199337961 10.093860462307928 41.948958471417427 7.8701076954603222 12.934979572892187 12.486337706446646 8.393926262855528
leaf_count=30 146 33 53 43 173 33 54 52 35
internal_value=-0.000450881 -0.00297266 0.00354252 -0.00256223 -0.0104784 0.0123629 -0.0136145 0.0145018 0.0204361
internal_weight=156.582 133.095 70.7448 45.5405 62.3507 23.4868 54.8839 25.2043 16.264
internal_count=652 554 294 189 260 98 227 105 68
is_linear=0
shrinkage=0.03


Tree=63
num_leaves=10
num_cat=0
split_feature=19 23 17 26 19 14 23 9 2
split_gain=5.3398 7.5726 7.16047 5.40253 6.83647 4.48859 4.12795 2.43183 0.870117
threshold=0.062181704261342695 1.0204441920606 0.29337666917089239 0.34749552772808595 0.11998885096430477 -48.03092826626925 1.0977427003005151 0.00062114216432814808 0.0024881262032256939
decision_type=2 2 2 2 2 2 2 2 2
left_child=1 8 3 4 -2 -4 -7 -5 -1
right_child=2 -3 5 7 -6 6 -8 -9 -10
leaf_value=0.0092960271201270196 -0.0089614587152551765 -0.0075232805472438997 0.0087937082646791231 0 0.016864815541252902 -0.0073807800208651299 -0.027124724278662356 0.019880762995909237 0.032520539843282813
leaf_weight=7.1539558321237582 35.467922255396843 8.9228512644767743 7.4543499052524558 7.8277366906404522 10.069673970341681 41.447700887918472 13.412881478667257 17.32714170217514 7.3669856488704681
leaf_count=30 146 37 33 33 43 171 56 72 31
internal_value=-0.000413842 0.012087 -0.00287475 0.00347349 -0.00246572 -0.0101937 -0.0132561 0.0141673 0.0244971
internal_weight=156.451 23.4438 133.007 70.6925 45.5376 62.3149 54.8606 25.1549 14.5209
internal_count=652 98 554 294 189 260 227 105 61
is_linear=0
shrinkage=0.03


Tree=64
num_leaves=9
num_cat=0
split_feature=19 17 27 37 17 38 19 25
split_gain=5.08756 6.79514 4.30336 4.72461 4.14073 3.98938 5.35578 2.6812
threshold=0.062181704261342695 0.29337666917089239 1.5000000000000002 -0.012269727836211773 0.83713460704316678 0.0068199048966485227 0.11998885096430477 0.34248120300751889
decision_type=2 2 2 2 2 2 2 2
left_child=4 5 7 -4 -1 -2 -7 -3
right_child=1 2 3 -5 -6 6 -8 -9
leaf_value=0 0.018376018779649218 0.0063658218439940732 0.00035176644573252862 -0.022059974809393198 0.025447591039021483 -0.0051352084146974912 0.014612801182091165 -0.013184972536211832
leaf_weight=14.143303483724596 11.112746268510817 17.208330675959591 9.9448986202478391 27.691921815276146 9.2435588687658292 44.715069800615311 14.804389804601668 7.4032022356986991
leaf_count=59 46 72 43 114 39 185 63 31
internal_value=-0.000382165 -0.00278675 -0.00992252 -0.0160407 0.0118326 0.00339557 0 0
internal_weight=156.267 132.881 62.2484 37.6368 23.3869 70.6322 59.5195 24.6115
internal_count=652 554 260 157 98 294 248 103
is_linear=0
shrinkage=0.03


Tree=65
num_leaves=7
num_cat=0
split_feature=24 33 26 14 24 40
split_gain=4.65075 6.35431 5.77634 6.99353 3.71148 1.09088
threshold=0.75219298245614052 0.93269780095216515 0.44246532156368229 89.498448835908007 0.12347560975609757 0.043304665039097696
decision_type=2 2 2 2 2 2
left_child=1 2 3 -1 -4 -3
right_child=-2 5 4 -5 -6 -7
leaf_value=-0.0063822869873217756 0.016471028742163957 -0.0055417425641501872 0.0029082198553669935 0.019436718135322627 0.025553815353385828 -0.025799821135805558
leaf_weight=88.508189469575882 10.754785150289534 7.7920792400836971 23.060530781745914 8.3858903199434263 8.736476004123686 8.8474010676145536
leaf_count=367 45 32 97 36 37 37
internal_value=-0.000775429 -0.00235978 0 -0.00364816 0.0107181 -0.0187305
internal_weight=156.085 145.331 128.691 96.8941 31.797 16.6395
internal_count=651 606 537 403 134 69
is_linear=0
shrinkage=0.03


Tree=66
num_leaves=8
num_cat=0
split_feature=19 28 36 2 23 4 10
split_gain=5.52262 7.8246 7.93044 7.39898 4.81963 3.50364 2.54918
threshold=0.065609247772753967 11.500000000000002 0.0082830220519992514 0.0011588492724051715 1.0703217365713333 0.022280985272329249 0.0050270907933104301
decision_type=2 2 2 2 2 2 2
left_child=4 2 3 -2 6 -4 -1
right_child=1 -3 5 -5 -6 -7 -8
leaf_value=0.02540716511690078 -0.00015257246337362361 0.020448150851778025 0.024821447448739407 -0.016802904390168093 -0.0052867327431799426 -0.00055372428298958577 0.0029287190373123739
leaf_weight=12.644150614738466 46.327550172805786 8.7946346849203092 7.5259905457496625 52.486472234129906 10.696463778614996 7.6518282294273376 9.8601431250572187
leaf_count=54 192 38 33 217 44 32 41
internal_value=-0.000736712 -0.00377501 -0.00609353 -0.00930331 0.00964975 0.0125804 0.0172134
internal_weight=155.987 122.786 113.992 98.814 33.2008 15.1778 22.5043
internal_count=651 512 474 409 139 65 95
is_linear=0
shrinkage=0.03


Tree=67
num_leaves=8
num_cat=0
split_feature=20 34 32 16 2 7 13
split_gain=4.36815 7.89835 6.34132 6.25324 5.87838 3.87608 3.42404
threshold=0.015164508798358739 0.031314855170889618 0.0068344212870924412 1.4897613388014685 0.017208735079646157 0.014734936029606153 0.58077786099266515
decision_type=2 2 2 2 2 2 2
left_child=3 2 4 -1 -2 -4 -3
right_child=1 6 5 -5 -6 -7 -8
leaf_value=0.0058214452301654273 0.013665709564901688 -0.024413977656566683 -0.015442807977074306 -0.023586521282446204 -0.0036426067783322407 0.0039705816334889314 0
leaf_weight=8.6392224878072756 60.314659416675568 11.616885602474214 17.223731085658073 14.231932803988455 21.9432323127985 14.798058465123175 7.0578147470951071
leaf_count=36 254 48 72 58 91 62 30
internal_value=-0.000692913 0.00134534 0.00446499 -0.0123002 0.00889363 -0.00632449 -0.015605
internal_weight=155.826 132.954 114.28 22.8712 82.2579 32.0218 18.6747
internal_count=651 557 479 94 345 134 78
is_linear=0
shrinkage=0.03


Tree=68
num_leaves=8
num_cat=0
split_feature=19 28 35 23 1 38 24
split_gain=5.25469 7.35428 9.03925 4.61324 4.52048 4.35249 2.91116
threshold=0.065609247772753967 11.500000000000002 -0.032653295259744079 1.0703217365713333 -0.0017268869181903399 0.0075516974502015761 -0.43353413654618472
decision_type=2 2 2 2 2 2 2
left_child=3 2 5 6 -4 -2 -1
right_child=1 -3 4 -5 -6 -7 -8
leaf_value=0 0.027342335389918697 0.019884748891230927 -0.0018644408027271859 -0.0051392142099236692 -0.015601901033340053 0 0.023581662519694818
leaf_weight=7.2066025584936151 6.983052775263789 8.7376928478479368 41.146880134940147 10.686963349580763 52.609805449843407 13.094215691089628 15.219917222857475
leaf_count=30 29 38 170 44 218 57 65
internal_value=-0.000687349 -0.00365558 -0.00590413 0.00945498 -0.00989447 0.0112588 0.016875
internal_weight=155.685 122.572 113.834 33.1135 93.7567 20.0773 22.4265
internal_count=651 512 474 139 388 86 95
is_linear=0
shrinkage=0.03


Tree=69
num_leaves=9
num_cat=0
split_feature=19 35 14 33 20 36 24 35
split_gain=4.95557 6.42838 5.74896 5.83589 4.2099 4.19598 2.85852 2.05344
threshold=0.065609247772753967 -0.032653295259744079 87.325842961291997 0.29415752495994091 0.016195601943378445 0.0081816851456304966 -0.15450928381962861 0.018486527429351755
decision_type=2 2 2 2 2 2 2 2
left_child=4 5 3 -3 7 -2 -6 -1
right_child=1 2 -4 -5 6 -7 -8 -9
leaf_value=0.0071601560068305387 -0.0025016118322464249 0.0026919357310974347 0.010293604017381941 -0.014284408532213456 0.0013483068739180409 0.020883290197903321 0.028376846071204956 -0.011771502050940052
leaf_weight=8.9504946917295474 10.802696198225023 22.440930500626564 12.647755220532416 64.459171921014786 7.1430799961090115 12.145604252815245 9.553475618362425 7.4030092656612387
leaf_count=37 45 94 54 266 30 53 41 31
internal_value=-0.000644131 -0.00352926 -0.00692046 -0.0097698 0.0092125 0.00995576 0.018997 -0.000941526
internal_weight=155.546 122.496 99.5479 86.9001 33.0501 22.9483 16.6966 16.3535
internal_count=651 512 414 360 139 98 71 68
is_linear=0
shrinkage=0.03


Tree=70
num_leaves=11
num_cat=0
split_feature=25 40 22 22 26 21 11 22 7 40
split_gain=4.37149 4.42937 3.76843 5.39258 4.3197 4.06203 3.41581 3.40494 2.90417 1.17502
threshold=0.14365079365079367 0.0041938850390261804 0.15967465626702962 -0.099199864677452995 0.23779761904761906 0.011831927387927205 -0.010736563149019827 -0.13466934905686131 0.020234518406230351 0.055307037573315905
decision_type=2 2 2 2 2 2 2 2 2 2
left_child=1 7 3 6 -4 -5 -2 -1 9 -3
right_child=2 8 4 5 -6 -7 -8 -9 -10 -11
leaf_value=0.007671382668052903 -0.020253310608427853 0.01980816877991879 -0.023476509317475348 -0.0040923027456941435 0 0.016718123972467344 -0.00094887531390191885 -0.014550079927996222 -0.0011221003281845308 0.0038494569802915873
leaf_weight=8.4516932964324969 11.66799859702587 20.857445120811466 14.660522639751436 11.615661293268206 10.80864706635475 18.527328699827194 25.959639981389046 12.106950923800467 10.188743650913237 9.648682087659834
leaf_count=36 49 88 61 48 45 78 108 51 42 40
internal_value=-0.000341288 0.0056732 -0.00448614 -0.000442785 -0.0138834 0.00847647 -0.0080336 -0.00487965 0.0113346 0.0157695
internal_weight=154.493 61.2535 93.2398 67.7706 25.4692 30.143 37.6276 20.5586 40.6949 30.5061
internal_count=646 257 389 283 106 126 157 87 170 128
is_linear=0
shrinkage=0.03


Tree=71
num_leaves=12
num_cat=0
split_feature=25 40 4 26 32 40 20 1 2 16 32
split_gain=4.15169 4.19647 4.36623 3.54914 4.28109 3.26288 2.8984 3.54453 2.45506 2.04293 1.34563
threshold=0.14365079365079367 0.0041938850390261804 0.030855306221105442 0.20349009168884949 0.0035345769956675048 -0.012931631920412965 0.015050962369150904 0.0051123519656248737 -0.014463778201953824 -5.3722349102909837 0.0042885090713602478
decision_type=2 2 2 2 2 2 2 2 2 2 2
left_child=1 5 9 4 8 -1 -5 -8 -2 -3 -4
right_child=3 2 10 6 -6 -7 7 -9 -10 -11 -12
leaf_value=0.0036757511700464458 -0.015804502915302467 0.0020398913472659125 -0.0092938647925573034 -0.013356289791324196 -0.025653571280628212 -0.018343253964292896 0.010930331471204568 -0.0051754734623178063 0.0015534196487466522 0.024197770242416736 0.0060118697469772175
leaf_weight=12.93197548389435 8.2653134763240832 7.1335497200489071 7.1290498524904278 8.6953185796737653 10.844954073429106 7.6286771595478049 25.973920583724976 18.893469959497452 20.536337032914162 16.667501777410507 9.6908541619777662
leaf_count=55 34 30 30 36 46 32 109 79 85 70 40
internal_value=-0.000338382 0.00552452 0.0110458 -0.00437949 -0.0109673 -0.00473103 0.000445998 0.00389675 -0.00364363 0.018811 0
internal_weight=154.391 61.1816 40.621 93.2093 39.6466 20.5607 53.5627 44.8674 28.8017 23.8011 16.8199
internal_count=646 257 170 389 165 87 224 188 119 100 70
is_linear=0
shrinkage=0.03


Tree=72
num_leaves=8
num_cat=0
split_feature=19 20 33 33 2 2 35
split_gain=4.44815 8.57762 5.24071 10.72 5.99333 3.6706 1.60906
threshold=0.057865398644165726 0.015150466765218411 0.73947471965374789 0.89102488837301375 0.014537525707402634 0.0020962714930247155 -0.0028213129801106236
decision_type=2 2 2 2 2 2 2
left_child=5 6 4 -4 -3 -1 -2
right_child=1 2 3 -5 -6 -7 -8
leaf_value=0 -0.0059128138420098094 0.00019520290333903233 0.022612195642494674 -0.0050581937061117688 -0.019037865491290985 0.027004769800837453 -0.030018291690373407
leaf_weight=9.0090634822845477 7.268961802124978 59.825976893305779 22.17716757953167 23.69325478374958 16.663323521614075 7.0840802937746039 8.5613401085138285
leaf_count=38 30 251 93 99 70 30 35
internal_value=-0.000340486 -0.00223513 0.000470379 0.00839218 -0.00418199 0.0135483 -0.0216956
internal_weight=154.283 138.19 122.36 45.8704 76.4893 16.0931 15.8303
internal_count=646 578 513 192 321 68 65
is_linear=0
shrinkage=0.03


Tree=73
num_leaves=8
num_cat=0
split_feature=19 20 33 33 6 38 12
split_gain=4.25165 8.18284 4.95496 10.179 5.16076 3.88684 3.07004
threshold=0.057865398644165726 0.015150466765218411 0.73947471965374789 0.89102488837301375 0.012845211093454602 0.0073732491641723642 52.127471254194198
decision_type=2 2 2 2 2 2 2
left_child=6 5 4 -4 -3 -2 -1
right_child=1 2 3 -5 -6 -7 -8
leaf_value=-0.0001525001549466691 -0.003138885064479389 -0.00051760164152595738 0.022056688830421958 -0.0049195198087248499 -0.022043126272144876 -0.034493212572572186 0.023206227430447798
leaf_weight=7.0413861572742489 8.2352257966995221 66.289553880691528 22.105104044079781 23.686775580048561 10.191095635294912 7.587852105498313 9.0221345722675306
leaf_count=30 34 278 93 99 43 31 38
internal_value=-0.000334301 -0.00218856 0.000452518 0.00816691 -0.00406567 -0.0211997 0.0132534
internal_weight=154.159 138.096 122.273 45.7919 76.4806 15.8231 16.0635
internal_count=646 578 513 192 321 65 68
is_linear=0
shrinkage=0.03


Tree=74
num_leaves=12
num_cat=0
split_feature=25 28 33 16 20 17 2 17 35 18 9
split_gain=3.89079 3.77514 4.69882 3.88348 4.48834 3.40386 6.35794 6.07809 5.20237 3.70602 3.03733
threshold=0.14365079365079367 8.5000000000000018 0.43910120751898424 -13.185246038447469 0.015381624383191579 -0.1649460031065457 -0.018627312609529153 1.3780891761285654 0.048026981734366044 0.82713726032290957 -0.013335703919655601
decision_type=2 2 2 2 2 2 2 2 2 2 2
left_child=1 3 -3 -1 -5 6 -2 10 -9 -8 -7
right_child=5 2 -4 4 -6 7 9 8 -10 -11 -12
leaf_value=-0.0064634300210308993 -0.013584321959553091 0.010431177877443984 -0.014861171699569809 -0.0027682305364552752 0.021397897152128156 -0.0019697011381191462 0.016066451512823543 0.0073712682881700723 -0.019540098795186752 -0.0049529527920091554 -0.028437835839393796
leaf_weight=7.0243749618530265 13.989888995885847 9.3171465396881121 13.13562788069248 7.434269160032275 24.066452592611313 7.2971168011426952 21.057854354381565 21.131928950548176 6.970942109823226 8.7077373117208463 13.884591519832609
leaf_count=30 58 39 55 31 102 31 88 89 30 36 57
internal_value=-0.000340766 0.0053422 -0.00375753 0.0109395 0.0154221 -0.00425722 0.00153449 -0.00955097 0 0.00952046 -0.0209232
internal_weight=154.018 60.9779 22.4528 38.5251 31.5007 93.0401 43.7555 49.2846 28.1029 29.7656 21.1817
internal_count=646 257 94 163 133 389 182 207 119 124 88
is_linear=0
shrinkage=0.03


Tree=75
num_leaves=9
num_cat=0
split_feature=9 21 11 15 32 35 5 18
split_gain=4.80711 8.08297 8.69115 6.38968 4.81165 3.3016 1.20891 0.825104
threshold=-0.044299212311996052 0.016521545662879333 -0.011077911508696079 -19.797287478898717 0.00097179197723129562 0.037827511716566738 0.0010097879191747208 0.15653967299060789
decision_type=2 2 2 2 2 2 2 2
left_child=7 2 6 -3 -4 -5 -2 -1
right_child=1 3 4 5 -6 -7 -8 -9
leaf_value=0.0019859824967502146 -0.026311733744779939 0.0014930515781832467 -0.0028196460963388148 -0.034213544339466495 0.010719713212928339 -0.0069324562086129846 -0.0061196069147692791 0.019018763376072959
leaf_weight=7.1166170686483374 7.8111785650253323 10.787608012557028 41.348071157932281 12.762696012854578 47.53024260699749 9.3933786749839765 9.3248061090707761 8.0689304620027524
leaf_count=30 32 46 172 53 199 40 39 37
internal_value=-0.00175544 -0.00364438 0.000335801 -0.0161682 0.00433243 -0.0247999 -0.0178957 0.0130694
internal_weight=154.144 138.958 106.014 32.9437 88.8783 22.1561 17.136 15.1855
internal_count=648 581 442 139 371 93 71 67
is_linear=0
shrinkage=0.03


Tree=76
num_leaves=10
num_cat=0
split_feature=20 20 36 17 28 35 2 19 35
split_gain=5.22741 6.28673 6.05299 4.53309 4.48684 6.99844 4.22636 3.17624 1.05256
threshold=0.015164508798358739 0.021919874245442009 0.0082830220519992514 -0.1649460031065457 6.5000000000000009 0.031322588482372245 -0.0078567384325653449 0.057865398644165726 0.01729069766411007
decision_type=2 2 2 2 2 2 2 2 2
left_child=7 4 3 -3 6 -6 -2 -1 -9
right_child=1 2 -4 -5 5 -7 -8 8 -10
leaf_value=1.2834645108710728e-05 -0.0037797071723205547 -0.001004719699102117 0.011797736117380209 -0.026686325837157247 -0.014010125038698945 0.0070750747812696356 0.016588633897033491 -0.0077818619452677106 -0.030047556991368282
leaf_weight=7.3600920438766506 10.072686418890951 12.035588160157205 6.6262147575616828 14.86044806241989 21.220694646239281 33.888696923851967 32.93667596578598 7.7887241542339307 7.2405107468366623
leaf_count=31 42 50 30 64 88 143 138 32 30
internal_value=-0.00172065 0.000525553 -0.0101985 -0.0165782 0.0044698 -0.000987747 0.0115292 -0.0145026 -0.0216586
internal_weight=154.03 131.641 33.5223 26.896 98.1188 55.1094 43.0094 22.3893 15.0292
internal_count=648 555 144 114 411 231 180 93 62
is_linear=0
shrinkage=0.03


Tree=77
num_leaves=7
num_cat=0
split_feature=25 9 28 36 24 18
split_gain=5.81214 4.35455 5.75907 5.86518 4.25719 2.33827
threshold=0.023000660938532719 -0.044299212311996052 2.5000000000000004 0.0064025124615287952 -0.1348484848484848 0.76392762496885602
decision_type=2 2 2 2 2 2
left_child=4 -2 5 -4 -1 -3
right_child=1 2 3 -5 -6 -7
leaf_value=-0.0021156824450844838 0.010878696912822745 -0.003702269141637609 -0.0020175439026987986 -0.016822337256007455 0.024246620335062179 0.014599051885665531
leaf_weight=7.6622357964515713 13.390974566340445 7.6901311725378063 56.78286224603653 44.519889548420906 10.435738176107405 13.396820694208143
leaf_count=32 59 32 238 187 45 55
internal_value=-0.00169203 -0.00395435 -0.00584668 -0.00886879 0.0132393 0.00753255
internal_weight=153.879 135.781 122.39 101.303 18.098 21.087
internal_count=648 571 512 425 77 87
is_linear=0
shrinkage=0.03


Tree=78
num_leaves=8
num_cat=0
split_feature=34 20 34 20 34 19 16
split_gain=7.01852 3.60327 9.00918 5.43868 4.31746 3.90296 3.66971
threshold=0.048027815801406477 0.021919874245442009 -0.027882564149019736 0.015164508798358739 -0.02346332097319281 0.13011700920919111 0.83149582176183146
decision_type=2 2 2 2 2 2 2
left_child=1 3 -3 6 -5 -4 -1
right_child=-2 2 5 4 -6 -7 -8
leaf_value=0.003253754607134075 -0.026628096034003991 0.01486347362028061 -0.0060521864167303171 -0.0071364294411371161 0.0085750235835632231 -0.032621694976151507 -0.020869115345205042
leaf_weight=7.4086191952228573 7.494115710258483 8.4055429697036725 15.157345414161684 16.915824815630913 78.475058525800705 8.5309420824050886 11.392562016844748
leaf_count=31 32 38 64 71 329 36 47
internal_value=-0.00163254 0 -0.00858555 0.00250625 0.00554553 -0.0179995 -0.0112435
internal_weight=153.78 146.286 32.0938 114.192 95.3909 23.6883 18.8012
internal_count=648 616 138 478 400 100 78
is_linear=0
shrinkage=0.03


Tree=79
num_leaves=7
num_cat=0
split_feature=34 9 38 26 19 34
split_gain=6.69974 4.01106 5.97835 5.11751 3.41291 0.407513
threshold=0.048027815801406477 -0.044299212311996052 0.011594251051787819 0.58541114058355448 0.10304647110500818 -0.019913916260192229
decision_type=2 2 2 2 2 2
left_child=1 5 3 -3 -4 -1
right_child=-2 2 4 -5 -6 -7
leaf_value=0.019530415803870563 -0.026070341646323863 -0.0015183923029992189 0 0.016356247415871994 -0.024021072411076361 0.0040474755874261503
leaf_weight=6.983525425195694 7.4679961353540412 97.087761223316193 7.0597936213016537 14.748631983995436 13.163044363260267 7.1285107135772687
leaf_count=33 32 404 30 63 56 30
internal_value=-0.00161368 0 -0.00172848 0.00095304 -0.015984 0.0141136
internal_weight=153.639 146.171 132.059 111.836 20.2228 14.112
internal_count=648 616 553 467 86 63
is_linear=0
shrinkage=0.03


Tree=80
num_leaves=11
num_cat=0
split_feature=23 24 24 21 11 11 14 17 20 11
split_gain=4.58833 5.72627 5.72266 4.18887 9.15279 5.92589 4.18383 4.0806 3.5284 1.64646
threshold=1.0909139745023639 0.31825880758807595 -0.59473684210526301 0.016521545662879333 -0.0081634525837688248 -0.01166567105306898 37.143829964013328 0.49051900401681442 0.016399340000724214 -0.025270543514955997
decision_type=2 2 2 2 2 2 2 2 2 2
left_child=3 2 -2 5 9 8 -7 -4 -1 -5
right_child=1 -3 7 4 -6 6 -8 -9 -10 -11
leaf_value=-0.017851403433682037 -0.016314536135877723 -0.019697933267841337 0.020542095871017248 0.020765149321322906 -0.019417597995405954 0.022335043639394963 0.0059520594084462759 -0.0040580236930242751 0.0077457867293116911 0.00069019047987459257
leaf_weight=7.6283781528472883 7.3974033743143073 12.566425204277037 13.241538330912595 7.4942582994699505 13.215208619832991 31.732503533363342 32.921417593955994 7.6962818801403037 7.1449063867330551 8.949206471443178
leaf_count=31 31 54 55 33 56 134 138 33 30 38
internal_value=0.00396738 -0.00423054 0.00298106 0.00719704 -0.00191847 0.0107486 0.0146469 0.0112803 -0.00512992 0.0119124
internal_weight=149.988 40.9016 28.3352 109.086 29.6587 79.4272 64.6539 20.9378 14.7733 16.4435
internal_count=633 173 119 460 127 333 272 88 61 71
is_linear=0
shrinkage=0.03


Tree=81
num_leaves=9
num_cat=0
split_feature=32 32 32 16 6 23 26 36
split_gain=7.69909 5.68319 6.24543 9.01093 5.7518 4.67351 3.70707 1.98405
threshold=0.0092631863581101887 0.0037300231070175331 1.0000000180025095e-35 3.5480716998917416 -0.010390835166183271 1.0306350822113466 0.22911580048831534 0.0061402356477331943
decision_type=2 2 2 2 2 2 2 2
left_child=1 2 4 -4 -1 7 -3 -2
right_child=5 6 3 -5 -6 -7 -8 -9
leaf_value=-0.0043889068174790078 -0.0061735938796723374 0.0042365268595046506 0.010435739500755267 -0.022557509552053739 0.014031043099845712 -0.021145441269245988 0.029371731972480473 0.011778946788550983
leaf_weight=19.380096510052681 11.390456050634389 11.497127115726473 11.03938762843609 14.832687228918074 47.501553952693939 13.082591980695723 13.78140741586685 7.2348390817642203
leaf_count=81 48 48 47 61 202 56 59 31
internal_value=0.00385518 0.00743803 0.00361036 -0.00820276 0.00850333 -0.00868695 0.0196385 0.000538632
internal_weight=149.74 118.032 92.7537 25.8721 66.8817 31.7079 25.2785 18.6253
internal_count=633 498 391 108 283 135 107 79
is_linear=0
shrinkage=0.03


Tree=82
num_leaves=9
num_cat=0
split_feature=32 32 32 5 2 23 26 21
split_gain=7.30051 5.42964 5.89408 7.46537 4.87681 4.44841 3.52861 3.16344
threshold=0.0092631863581101887 0.0037300231070175331 1.0000000180025095e-35 0.036294792396448734 -0.018627312609529153 1.0306350822113466 0.22911580048831534 0.01458751298056528
decision_type=2 2 2 2 2 2 2 2
left_child=1 2 4 -4 -1 7 -3 -2
right_child=5 6 3 -5 -6 -7 -8 -9
leaf_value=-0.00540320404564275 0.011955052042108101 0.0041291989800989444 0.0068864996227433126 -0.022866030944434946 0.012666690206502615 -0.020634218253872665 0.028718514601994063 -0.010401921470183319
leaf_weight=15.354515731334685 9.6715904325246864 11.494117617607118 12.976853162050249 12.877284735441206 51.452538415789604 13.054494619369505 13.71847055852413 8.9470754861831647
leaf_count=64 41 48 55 53 219 56 59 38
internal_value=0.0037507 0.00724413 0.00349933 -0.00797175 0.00825928 -0.00846294 0.0191871 0.000517194
internal_weight=149.547 117.874 92.6612 25.8541 66.8071 31.6732 25.2126 18.6187
internal_count=633 498 391 108 283 135 107 79
is_linear=0
shrinkage=0.03


Tree=83
num_leaves=8
num_cat=0
split_feature=2 26 11 28 23 11 23
split_gain=4.13059 3.64037 6.20232 3.48696 6.74801 5.20514 2.17593
threshold=0.041239653464828947 0.44246532156368229 0.05072785781875034 8.5000000000000018 1.0869792636562494 -0.0091873373073462199 0.8670050399284942
decision_type=2 2 2 2 2 2 2
left_child=1 3 6 5 -5 -1 -3
right_child=-2 2 -4 4 -6 -7 -8
leaf_value=-0.0060360873490300756 -0.014264046302888096 0.0026512402876631186 -0.0071553645074719239 0.0030019527731647718 -0.021761935940268134 0.011720699052113157 0.025865715108322421
leaf_weight=18.592447474598885 8.4960527867078763 6.9127413183450725 7.765692174434661 30.576234176754951 11.919450193643568 47.096910730004311 17.973393201828003
leaf_count=79 36 30 33 129 50 198 78
internal_value=0.00364556 0.00501558 0.0135744 0.00209675 -0.00427282 0.00644344 0.0206521
internal_weight=149.333 140.837 32.6518 108.185 42.4957 65.6894 24.8861
internal_count=633 597 141 456 179 277 108
is_linear=0
shrinkage=0.03


Tree=84
num_leaves=10
num_cat=0
split_feature=23 24 24 38 11 16 16 6 31
split_gain=3.99341 5.31027 5.21307 4.81026 7.65258 5.11957 6.36461 4.18834 2.54859
threshold=1.0909139745023639 0.31825880758807595 -0.59473684210526301 0.011658588340424195 -0.024248891484277387 5.4886298556849544 8.6318917901265646 0.013474620254268788 -1.0000000180025095e-35
decision_type=2 2 2 2 2 2 2 2 2
left_child=3 2 -2 5 -5 7 -7 -1 -4
right_child=1 -3 8 4 -6 6 -8 -9 -10
leaf_value=0.018175708741671993 -0.015567193363291246 -0.019041416851585852 0.018530991088739665 0.014997972138942866 -0.020670166312743453 -0.014467577246961107 0.010280448760071307 -0.0036706781543727144 -0.00055586524657748359
leaf_weight=47.913832455873489 7.3756715357303611 12.508120715618132 12.421687021851541 6.8100334256887463 11.47235833108425 13.607381314039229 21.289003729820251 7.3695091456174842 8.3993317931890505
leaf_count=204 31 54 52 30 49 57 89 31 36
internal_value=0.00353492 -0.00411524 0.00283192 0.00656428 -0.00647573 0.00945378 0 0.0149752 0.0108
internal_weight=149.167 40.7048 28.1967 108.462 18.2824 90.1797 34.8964 55.2833 20.821
internal_count=633 173 119 460 79 381 146 235 88
is_linear=0
shrinkage=0.03


Tree=85
num_leaves=9
num_cat=0
split_feature=15 11 21 28 2 36 28 35
split_gain=6.12586 5.3867 5.09019 4.60908 6.43896 6.76824 3.993 3.92899
threshold=-20.738117971217388 -0.026742830578287188 0.019989640891420479 2.5000000000000004 0.014537525707402634 0.0048146880519967508 4.5000000000000009 -0.0098583106455546448
decision_type=2 2 2 2 2 2 2 2
left_child=1 -1 -3 7 6 -6 -5 -2
right_child=3 2 -4 4 5 -7 -8 -9
leaf_value=0.026248740753352533 0.019614509413345922 -0.016323302836583221 0.015155420413154838 -0.016256188491144401 0.0019279598905587599 -0.025804572479182171 0.0021459269425656772 -0.0028469889648982836
leaf_weight=10.875649303197862 10.907425016164781 7.0973986834287626 7.3917866200208664 10.736173853278158 10.01193727552891 21.943361297249794 58.911045372486115 12.309811711311339
leaf_count=49 46 30 31 45 42 92 250 51
internal_value=-0.000635947 0.0121253 0 -0.00349778 -0.00633209 -0.0170721 -0.000856014 0.00782929
internal_weight=150.185 25.3648 14.4892 124.82 101.603 31.9553 69.6472 23.2172
internal_count=636 110 61 526 429 134 295 97
is_linear=0
shrinkage=0.03


Tree=86
num_leaves=11
num_cat=0
split_feature=25 20 9 38 19 38 35 34 9 35
split_gain=5.66573 6.08862 5.05696 4.99013 5.77663 3.55938 3.07024 2.68852 3.78459 2.1356
threshold=0.12429775280898878 0.015231516823391975 -0.011521342187264525 0.0071404290919197594 0.083746372381397247 0.012557297080863583 -0.0084087064077980594 0.022728273737840036 -0.024501944663322412 0.0099941460479464634
decision_type=2 2 2 2 2 2 2 2 2 2
left_child=1 -1 7 6 -5 9 -4 8 -2 -3
right_child=2 5 3 4 -6 -7 -8 -9 -10 -11
leaf_value=-0.015144463186364313 0 0.002046093950795884 0.015524311600205795 -0.00019888372273737465 -0.021344466152416967 -0.0059173274917584491 -0.007530211064944595 -0.0077402080418607433 0.02502287550179863 0.019361022303714275
leaf_weight=7.1059507429599753 13.857545599341396 11.531471401453016 8.4498710036277789 19.857638776302338 32.270952269434929 6.7456437945365897 7.6847067922353736 7.9277246147394171 7.5638179630041131 27.011633053421974
leaf_count=30 59 49 35 83 135 31 32 34 32 116
internal_value=-0.000610075 0.00707286 -0.00494379 -0.00941522 -0.0138715 0.0113691 0.0040971 0.00491502 0.0105 0.0149071
internal_weight=150.007 52.3947 97.6123 68.2632 52.1286 45.2887 16.1346 29.3491 21.4214 38.5431
internal_count=636 226 410 285 218 196 67 125 91 165
is_linear=0
shrinkage=0.03


Tree=87
num_leaves=9
num_cat=0
split_feature=15 38 9 23 20 14 19 24
split_gain=5.7798 5.77895 6.01537 5.59252 5.14612 4.75643 3.96841 2.84999
threshold=-20.738117971217388 0.0073522421485820453 0.032871791895092636 1.1637695101547136 0.0166970517912273 -38.306518194214952 0.08400244301606484 -0.048003072196620575
decision_type=2 2 2 2 2 2 2 2
left_child=5 2 -2 4 -3 -1 -4 -5
right_child=1 3 6 7 -6 -7 -8 -9
leaf_value=-0.00023343278548399479 0.022142069386912721 -0.020359069443801499 -0.01685047208981217 0.017325689072515089 -0.0039940491781974103 0.023734739705478739 0.0091601419461318796 -0.0046622558217821472
leaf_weight=12.911357194185259 12.403626516461374 28.184076577425003 8.2805585265159625 9.5262046307325381 50.785519957542419 12.364580079913138 8.3499620109796506 7.0603282153606406
leaf_count=57 53 119 34 40 215 53 35 30
internal_value=-0.000592166 -0.00337616 0.00774956 -0.00699997 -0.0103786 0.0118221 -0.00340437 0.00766457
internal_weight=149.866 124.59 29.0341 95.5561 78.9696 25.2759 16.6305 16.5865
internal_count=636 526 122 404 334 110 69 70
is_linear=0
shrinkage=0.03


Tree=88
num_leaves=9
num_cat=0
split_feature=34 9 8 19 27 11 13 21
split_gain=5.52127 4.68981 4.78101 5.95546 4.43327 2.3357 3.36064 1.7624
threshold=0.03082235894928809 -0.012379662434978398 -0.0052607800417529514 0.072668885927362661 3.5000000000000004 0.039498409326400592 0.65917769286056693 0.015826371672378246
decision_type=2 2 2 2 2 2 2 2
left_child=1 4 -3 -4 7 6 -2 -1
right_child=5 2 3 -5 -6 -7 -8 -9
leaf_value=0.0036339905534943998 -0.015580189549019945 -0.017230924621857144 0.013358246661429601 -0.0041444732515204478 -0.006336120760122659 -0.026001120722383596 0.0074547348225789678 0.022200633803538393
leaf_weight=10.075244605541231 10.242336913943296 12.84745918214321 23.431055948138237 52.882818847894669 7.9298315346240988 7.0502104163169852 8.0191135555505735 17.294869393110275
leaf_count=43 43 54 99 223 34 30 34 76
internal_value=-0.000564146 0.00198275 -0.00157503 0.00124185 0.0109738 -0.012865 -0.00498721 0.0165896
internal_weight=149.773 124.461 89.1613 76.3139 35.2999 25.3117 18.2615 27.3701
internal_count=636 529 376 322 153 107 77 119
is_linear=0
shrinkage=0.03


Tree=89
num_leaves=10
num_cat=0
split_feature=25 20 15 19 17 20 22 2 7
split_gain=5.34596 5.64861 4.90696 4.0614 4.70413 4.21295 3.99273 2.75247 3.97104
threshold=0.12429775280898878 0.015231516823391975 -19.258592792115046 0.083746372381397247 -0.11904061244797502 0.015387665961507742 -0.0075333430048241104 0.022852410417742001 0.0089145285350571268
decision_type=2 2 2 2 2 2 2 2 2
left_child=1 -1 6 5 -5 -4 -2 8 -3
right_child=2 7 3 4 -6 -7 -8 -9 -10
leaf_value=-0.014473478740327731 -0.0025761721187735217 0.0062398585578929498 -0.014102003783943644 -0.0045780632308762481 -0.02609300802539968 0.005902186470332472 0.022665893837702851 -0.00046243016587332305 0.02915903497636111
leaf_weight=7.0941566079854956 10.889335170388224 22.986498326063156 12.238555103540419 24.350259125232697 16.566365942358971 25.882481127977371 7.4864342808723441 11.411882266402243 10.758237719535826
leaf_count=30 46 100 51 101 71 109 32 48 48
internal_value=-0.000556444 0.00691426 -0.00477296 -0.00809883 -0.0144486 -0.000529013 0.00818685 0.0110637 0.0151891
internal_weight=149.664 52.2508 97.4134 79.0377 40.9166 38.121 18.3758 45.1566 33.7447
internal_count=636 226 410 332 172 160 78 196 148
is_linear=0
shrinkage=0.03


Tree=90
num_leaves=7
num_cat=0
split_feature=9 38 16 38 36 12
split_gain=6.51991 5.47131 5.45064 7.74545 7.34501 1.95642
threshold=-0.040813288622292193 0.012964331009681416 4.8465826067523006 0.0098119796908425622 0.0037357669776730451 34.747681396617573
decision_type=2 2 2 2 2 2
left_child=5 2 4 -4 -2 -1
right_child=1 -3 3 -5 -6 -7
leaf_value=0.002509286585738606 -0.016004602131372898 -0.021688629759666352 -0.013070106152773686 0.013259785095386124 0.0095886525794437443 0.024128211264841652
leaf_weight=8.6552909165620822 9.8148135095834714 9.3890432268381101 41.788800641894341 10.781027764081953 60.355854988098145 10.321832150220869
leaf_count=37 41 41 175 46 257 48
internal_value=0.000542072 -0.00179711 0 -0.00710742 0.00545675 0.0161624
internal_weight=151.107 132.13 122.74 52.5698 70.1707 18.9771
internal_count=645 560 519 221 298 85
is_linear=0
shrinkage=0.03


Tree=91
num_leaves=9
num_cat=0
split_feature=3 13 36 35 38 28 28 35
split_gain=5.47797 3.39289 3.7069 3.49773 3.24887 2.92784 2.22811 1.82332
threshold=0.030305394889503904 -2.3015185801733504 0.0042652297507943379 0.018993744084499057 0.0096396950200652934 3.5000000000000004 8.5000000000000018 0.020265083482714833
decision_type=2 2 2 2 2 2 2 2
left_child=1 5 -3 -4 7 -1 -7 -2
right_child=4 2 3 -5 -6 6 -8 -9
leaf_value=-0.002667854940735057 -0.0043704097707984038 -0.017290620092530296 -0.0048267373081672654 0.0085549708059866943 0 0.019840374879755356 0.003805121056166259 -0.028272338226575294
leaf_weight=11.448799416422842 7.713832303881647 8.4925640970468503 31.95698869228363 33.269035205245018 11.904039248824118 20.073909640312195 18.126805320382118 7.9389748722314835
leaf_count=49 32 36 138 142 51 86 77 34
internal_value=0.000526088 0.00335062 -0.000575801 0.00182703 -0.0109825 0.00926747 0.0131724 -0.0191727
internal_weight=150.925 123.368 73.7186 65.226 27.5568 49.6495 38.2007 15.6528
internal_count=645 528 316 280 117 212 163 66
is_linear=0
shrinkage=0.03


Tree=92
num_leaves=9
num_cat=0
split_feature=9 20 3 10 23 37 19 17
split_gain=6.19023 5.40926 6.95031 4.97582 4.82449 4.72788 3.1207 1.18836
threshold=-0.040813288622292193 0.021580483066945242 0.028000627784598556 -0.011239422905273687 1.0703217365713333 0.033291147914742088 0.072164526588338759 1.0723475066225936
decision_type=2 2 2 2 2 2 2 2
left_child=7 2 4 -3 -2 -5 -4 -1
right_child=1 3 6 5 -6 -7 -8 -9
leaf_value=0.021235540116865174 0.0097916560423651367 -0.026942163396858117 0.0027914902342896239 0.013522553557827029 -0.0071034948198000934 -0.015899997395949234 -0.017608279109617937 0.0024134720438099733
leaf_weight=11.749696463346483 61.48370435833931 11.228313535451891 7.5709581971168545 7.6074008494615537 17.362253129482269 7.9190358221530914 18.729971155524254 7.1329119056463233
leaf_count=52 262 50 32 32 72 33 79 33
internal_value=0.000494801 -0.00178061 0.00122047 -0.0133611 0.00580203 -0.0007301 -0.0114237 0.0157559
internal_weight=150.784 131.902 105.147 26.7548 78.846 15.5264 26.3009 18.8826
internal_count=645 560 445 115 334 65 111 85
is_linear=0
shrinkage=0.03


Tree=93
num_leaves=9
num_cat=0
split_feature=1 36 16 16 35 28 19 38
split_gain=5.71797 4.58594 5.04582 6.98473 6.34511 4.16324 5.24496 2.43881
threshold=0.010601945128052572 0.0039385476318963518 5.872308526214284 8.6318917901265646 0.018993744084499057 2.5000000000000004 0.069666273917350099 0.0098489056799924892
decision_type=2 2 2 2 2 2 2 2
left_child=1 -1 4 -4 -3 -2 -7 -8
right_child=5 2 3 -5 -6 6 7 -9
leaf_value=-0.010708386177157867 0.0078606746429801116 0.0011103947762803764 -0.024477673149471614 0.0065968669741857172 0.020494423622496379 0.003112994796757175 -0.027411803734082061 -0.0067588050411843291
leaf_weight=12.571805298328398 9.9429284334182721 30.601994514465332 7.6924423277378109 17.037742659449577 32.644479095935822 12.280605837702749 13.990172430872919 13.724908620119093
leaf_count=53 42 133 32 73 141 52 59 60
internal_value=0.000473837 0.00466628 0.00721921 -0.0036161 0.0116668 -0.00753324 -0.0119095 -0.0188322
internal_weight=150.487 100.548 87.9767 24.7302 63.2465 49.9386 39.9957 27.7151
internal_count=645 432 379 105 274 213 171 119
is_linear=0
shrinkage=0.03


Tree=94
num_leaves=8
num_cat=0
split_feature=9 21 21 21 11 2 1
split_gain=5.80593 5.58528 4.55542 4.13404 3.88075 2.48285 2.30374
threshold=-0.040813288622292193 0.016269525720744363 0.0096355173589824008 0.010391030631072783 -0.019266764764296947 0.012800811620497623 -0.0020349811202843289
decision_type=2 2 2 2 2 2 2
left_child=6 2 -2 -4 -3 -6 -1
right_child=1 4 3 -5 5 -7 -8
leaf_value=0.022013551160959037 -0.017989522755446734 0.0034268177044099644 0.019285691517714972 0.001032638559280531 -0.0075314052379470984 -0.02955692298850322 0
leaf_weight=12.278213009238245 7.3276844620704642 8.5844405740499479 11.516846567392347 79.298468500375748 15.672937452793123 9.132136404514311 6.5017858296632758
leaf_count=55 30 37 49 338 67 39 30
internal_value=0.000448396 -0.0017526 0.00176581 0.00387472 -0.0120336 -0.0178001 0.0152707
internal_weight=150.313 131.533 98.143 90.8153 33.3895 24.8051 18.78
internal_count=645 560 417 387 143 106 85
is_linear=0
shrinkage=0.03


end of trees

feature_importances:
macro_topix_vol_20=55
atr_pct=47
div_ma_60=41
macro_usdjpy_ret_60=39
vol_ratio=36
macro_usdjpy_vol_20=28
macro_usdjpy_ret_20=27
bb_bandwidth=26
return_3d=25
upper_shadow_pct=24
macd=23
macd_hist=23
volatility=23
gap=23
month=22
price_position_20d=20
return_10d=19
macro_nikkei_ret_20=18
ma_20_60_cross=17
candle_body_pct=17
macd_hist_change=16
return_2d=14
return_5d=14
rsi=13
macd_signal=13
lower_shadow_pct=13
div_ma_5=12
bb_pct_b=12
rsi_change=11
vol_change=11
ma_5_20_cross=10
macro_topix_ret_20=10
return_20d=9
return_1d=7
div_ma_10=5
div_ma_20=3
day_of_week=2
streak=2

parameters:
[boosting: gbdt]
[objective: binary]
[metric: binary_logloss]
[tree_learner: serial]
[device_type: cpu]
[data_sample_strategy: bagging]
[data: ]
[valid: ]
[num_iterations: 500]
[learning_rate: 0.03]
[num_leaves: 15]
[num_threads: 0]
[seed: 42]
[deterministic: 0]
[force_col_wise: 0]
[force_row_wise: 0]
[histogram_pool_size: -1]
[max_depth: 4]
[min_data_in_leaf: 30]
[min_sum_hessian_in_leaf: 0.001]
[bagging_fraction: 0.7]
[pos_bagging_fraction: 1]
[neg_bagging_fraction: 1]
[bagging_freq: 5]
[bagging_seed: 400]
[bagging_by_query: 0]
[feature_fraction: 0.6]
[feature_fraction_bynode: 1]
[feature_fraction_seed: 30056]
[extra_trees: 0]
[extra_seed: 12879]
[early_stopping_round: 0]
[early_stopping_min_delta: 0]
[first_metric_only: 0]
[max_delta_step: 0]
[lambda_l1: 0.5]
[lambda_l2: 2]
[linear_lambda: 0]
[min_gain_to_split: 0]
[drop_rate: 0.1]
[max_drop: 50]
[skip_drop: 0.5]
[xgboost_dart_mode: 0]
[uniform_drop: 0]
[drop_seed: 17869]
[top_rate: 0.2]
[other_rate: 0.1]
[min_data_per_group: 100]
[max_cat_threshold: 32]
[cat_l2: 10]
[cat_smooth: 10]
[max_cat_to_onehot: 4]
[top_k: 20]
[monotone_constraints: ]
[monotone_constraints_method: basic]
[monotone_penalty: 0]
[feature_contri: ]
[forcedsplits_filename: ]
[refit_decay_rate: 0.9]
[cegb_tradeoff: 1]
[cegb_penalty_split: 0]
[cegb_penalty_feature_lazy: ]
[cegb_penalty_feature_coupled: ]
[path_smooth: 0]
[interaction_constraints: ]
[verbosity: -1]
[saved_feature_importance_type: 0]
[use_quantized_grad: 0]
[num_grad_quant_bins: 4]
[quant_train_renew_leaf: 0]
[stochastic_rounding: 1]
[linear_tree: 0]
[max_bin: 255]
[max_bin_by_feature: ]
[min_data_in_bin: 5]
[bin_construct_sample_cnt: 200000]
[data_random_seed: 175]
[is_enable_sparse: 1]
[enable_bundle: 1]
[use_missing: 1]
[zero_as_missing: 0]
[feature_pre_filter: 1]
[pre_partition: 0]
[two_round: 0]
[header: 0]
[label_column: ]
[weight_column: ]
[group_column: ]
[ignore_column: ]
[categorical_feature: ]
[forcedbins_filename: ]
[precise_float_parser: 0]
[parser_config_file: ]
[objective_seed: 16083]
[num_class: 1]
[is_unbalance: 0]
[scale_pos_weight: 1]
[sigmoid: 1]
[boost_from_average: 1]
[reg_sqrt: 0]
[alpha: 0.9]
[fair_c: 1]
[poisson_max_delta_step: 0.7]
[tweedie_variance_power: 1.5]
[lambdarank_truncation_level: 30]
[lambdarank_norm: 1]
[label_gain: ]
[lambdarank_position_bias_regularization: 0]
[eval_at: ]
[multi_error_top_k: 1]
[auc_mu_weights: ]
[num_machines: 1]
[local_listen_port: 12400]
[time_out: 120]
[machine_list_filename: ]
[machines: ]
[gpu_platform_id: -1]
[gpu_device_id: -1]
[gpu_use_dp: 0]
[num_gpu: 1]

end of parameters

pandas_categorical:[]
