tree
version=v4
num_class=1
num_tree_per_iteration=1
label_index=0
max_feature_idx=44
objective=binary sigmoid:1
feature_names=return_1d return_2d return_3d return_5d return_10d return_20d div_ma_5 div_ma_10 div_ma_20 div_ma_60 ma_5_20_cross ma_20_60_cross rsi rsi_change macd macd_signal macd_hist macd_hist_change bb_pct_b bb_bandwidth atr_pct volatility vol_change vol_ratio candle_body_pct upper_shadow_pct lower_shadow_pct day_of_week month is_month_end is_month_start streak gap price_position_20d macro_usdjpy_ret_20 macro_usdjpy_ret_60 macro_usdjpy_vol_20 macro_topix_ret_20 macro_topix_vol_20 macro_topix_above_200dma macro_nikkei_ret_20 macro_nikkei_above_200dma macro_nikkei_vi macro_jgb10y macro_bias_score
feature_infos=[-0.08998342410608573:0.098630136986301409] [-0.12659090909090909:0.1462399167317201] [-0.18958245466048085:0.15846994535519121] [-0.1956885726245291:0.19698152485037723] [-0.1721649484536083:0.25631017434296122] [-0.18907392363931763:0.32500650533437425] [-0.12312326016519881:0.065407798078734272] [-0.13665670702940719:0.071963427130133234] [-0.15452697552299485:0.10344227905611782] [-0.18837889202437783:0.19571724791810657] [-0.10060494052671742:0.084427362238728598] [-0.096776128249273285:0.10469874453048633] [8.9709762532981472:91.891891891891888] [-21.361363058404677:34.541519195188734] [-214.17157527709151:160.01799357818618] [-174.87759164473817:141.66388464243769] [-79.353853718466553:68.581447762036646] [-39.672322527598858:27.29331678903651] [-0.4506449203614159:1.401901282826606] [0.028043880450589889:0.30805203127185676] [0.0094208922139096696:0.052406832298136648] [0.0058160750964768235:0.042906960731702255] [-0.90090628423463803:4.8037400985382588] [0.51147786911122772:2.1065748981165942] [-1:1] [0:0.92000000000000004] [0:0.92957746478873238] [0:4] [1:12] none [0:1] [-7:7] [-0.081699346405228801:0.098879202988791937] [0:1] [-0.10288784967882303:0.08505611680078462] [-0.13986255140503889:0.13160084488587853] [0.0024251968629527628:0.011841457708833433] [-0.90806057657351702:0.19897857359448179] [0.0040695656242548776:2.1402487319617212] [0:1] [-0.22859537662338159:0.23022297972565586] [0:1] none none none
tree_sizes=1184 1091 1412 1095 887 988 1077 1095 1201 928 971 886 1280 885 889 892 938 954 1188 789 1175 1284 1288 1075 1207 1080 1056 1066 981 1080 1056 865 1070 995 781 1100 889 1403 889 1206 1094 1096 1301 997 1096 1182 1309 1084 1183 1209 1513 1207 991 1203 1183 1308 1422 1412 1307 986 885 1169 1311 1203 1289 1304 787 995 780 782 1421 1588 1097 1503 785 783 1100 973 989 986 1499 1522 1317 1062 1310 1090 781 1084 1000 876 993 1394 1193 1290 1509 961 958 882 882 855 971 1102 973 1211 976 1316 889 1310 1423 994 875 852 1103 973 1079 1098 1105 993 1181 894 1097 1105 678 1056 1102 1099 1416 1314 1413 1208 1308 1159 986 1198 1177 1076 1081 1410 1181 1283 1414 872 1400 1389 1270 971

Tree=0
num_leaves=10
num_cat=0
split_feature=14 15 35 9 7 15 9 27 4
split_gain=10.2633 17.0546 14.7875 12.4495 12.3209 10.4333 10.2138 1.99757 1.756
threshold=-5.2365006957845699 -36.166542824973455 0.047014515513737039 0.078127940308226673 0.0054701841529525338 -59.474618728428624 0.031497634245322925 1.5000000000000002 0.031368334770187196
decision_type=2 2 2 2 2 2 2 2 2
left_child=1 5 3 6 7 -1 -2 -3 -4
right_child=2 4 8 -5 -6 -7 -8 -9 -10
leaf_value=-0.094320559831940584 -0.097102665603553961 -0.088142050728146043 -0.13184474881680411 -0.073898140997873188 -0.10802624360596308 -0.13516042219560362 -0.12216443619973062 -0.065786500003366846 -0.10946445305323389
leaf_weight=9.4759368896484393 37.155647277832031 11.470870971679689 17.954406738281254 10.972137451171873 10.224037170410154 8.9772033691406232 20.946807861328125 18.951873779296875 8.727836608886717
leaf_count=38 149 46 72 44 41 36 84 76 35
internal_value=-0.10196 -0.0924123 -0.108057 -0.100742 -0.0816768 -0.114878 -0.1063 -0.0724558 -0.126166
internal_weight=154.857 59.0999 95.7568 69.0746 40.6468 18.4531 58.1025 30.4227 26.6822
internal_count=621 237 384 277 163 74 233 122 107
is_linear=0
shrinkage=1


Tree=1
num_leaves=9
num_cat=0
split_feature=20 28 16 3 25 25 17 38
split_gain=21.293 12.4647 22.8826 11.8433 10.5128 10.0795 9.26898 5.97981
threshold=0.019744467489032708 5.5000000000000009 -4.4093618232801326 -0.029486756125286558 0.40640640640640646 0.40187435809654232 1.3582111478786134 0.010720142492578711
decision_type=2 2 2 2 2 2 2 2
left_child=1 2 -1 -3 -5 7 -4 -2
right_child=5 3 6 4 -6 -7 -8 -9
leaf_value=-0.023573161810618585 0.0064286187473991657 0.016463667870148541 0.034090056277850368 -0.025699875462216613 0.0012193789296919477 -0.0067433082853689827 -0.0018325692617493132 0.035281736235733996
leaf_weight=13.464769691228865 13.21823960542679 7.4825104624032965 16.465494543313984 51.096208855509758 15.700718000531195 10.718882188200949 8.4776780158281309 18.205739974975586
leaf_count=54 53 30 66 205 63 43 34 73
internal_value=-0.00118709 -0.00807526 0.00533893 -0.0151661 -0.0193029 0.016423 0.0220942 0.0247046
internal_weight=154.83 112.687 38.4079 74.2794 66.7969 42.1429 24.9432 31.424
internal_count=621 452 154 298 268 169 100 126
is_linear=0
shrinkage=0.03


Tree=2
num_leaves=12
num_cat=0
split_feature=20 14 28 10 33 38 15 28 37 37 14
split_gain=20.1059 13.6018 11.7311 12.2367 11.8287 18.0353 6.36112 6.24292 5.45496 3.33521 0.234024
threshold=0.019744467489032708 32.697851517586521 5.5000000000000009 0.0069700066945864734 0.25310163636658506 0.0081573184294964889 7.6513565158597823 4.5000000000000009 0.042754989971413811 0.042754989971413811 1.0000000180025095e-35
decision_type=2 2 2 2 2 2 2 2 2 2 2
left_child=2 7 3 6 5 -4 -1 -2 -6 -5 -9
right_child=1 -3 4 9 8 -7 -8 10 -10 -11 -12
leaf_value=0.0034254404509679276 0.0065037681559532972 -0.0070866174013239636 -0.018181139600806383 0.0035242611247586274 -0.026754987848594501 0.035913682644823995 -0.026994944832947967 0.046723109156446868 -0.003321840661673662 0.032809754626597111 0.019764548794901794
leaf_weight=12.470864072442057 11.23087875545025 13.717221513390539 10.707565024495127 7.4855285733938244 41.819276764988899 7.7349520623683921 8.4644964933395368 8.9879124611616152 13.944978922605513 9.9890200495719892 8.232185482978819
leaf_count=50 45 55 43 30 168 31 34 36 56 40 33
internal_value=-0.00113284 0.0159683 -0.00783397 0.0051687 -0.0147201 0.00506689 -0.00950146 0.0273119 -0.0214726 0.0226853 0.0380135
internal_weight=154.785 42.1682 112.617 38.4099 74.2068 18.4425 20.9354 28.451 55.7643 17.4745 17.2201
internal_count=621 169 452 154 298 74 84 114 224 70 69
is_linear=0
shrinkage=0.03


Tree=3
num_leaves=9
num_cat=0
split_feature=20 14 20 10 9 3 19 26
split_gain=19.0769 12.9532 10.8703 8.35916 9.37954 6.92267 4.89991 0.631682
threshold=0.019744467489032708 32.697851517586521 0.013757471010771179 0.035831290451534444 0.0019280800504997717 0.011417573401424798 0.11294618332921126 0.24385363064608351
decision_type=2 2 2 2 2 2 2 2
left_child=2 6 5 4 -4 -1 7 -2
right_child=1 -3 3 -5 -6 -7 -8 -9
leaf_value=0.023955950783978466 0.019586472691758807 -0.0069031768879114046 -0.0027938283217623103 0.012945686994916711 -0.023559481481002634 -0.0087984023835420925 0.0054448802332328523 0.045246975985508808
leaf_weight=12.47089594602585 10.486532956361776 13.712501943111418 36.371793240308762 8.7316581904888135 47.47188875079155 7.4788391590118399 9.4878363311290723 8.4952147454023343
leaf_count=50 42 55 146 35 191 30 38 34
internal_value=-0.00106577 0.0155839 -0.00760132 -0.0119884 -0.0150009 0.0113106 0.0266493 0.0350039
internal_weight=154.707 42.1821 112.525 92.5753 83.8437 19.9497 28.4696 18.9817
internal_count=621 169 452 372 337 80 114 76
is_linear=0
shrinkage=0.03


Tree=4
num_leaves=7
num_cat=0
split_feature=21 3 14 14 3 14
split_gain=23.2726 12.5388 12.2296 22.6285 4.30764 2.39814
threshold=0.018752165658725096 0.017601010456152037 -42.524746792224498 -5.2365006957845699 0.037837807097361183 11.382788032802184
decision_type=2 2 2 2 2 2
left_child=1 2 -1 -4 -3 -2
right_child=5 4 3 -5 -6 -7
leaf_value=-0.025276072315365321 0.033922182835143706 -0.028670083767081363 0.024465482694214107 -0.0070594497532751928 -0.00066273099090991623 0.0094202271941869736
leaf_weight=13.683702528476713 12.988974615931513 22.368710637092594 28.691340327262878 58.944734171032906 7.7234427183866492 10.226869061589239
leaf_count=55 52 90 115 237 31 41
internal_value=-0.0010039 -0.006078 -0.000733453 0.00340981 -0.0224384 0.0253269
internal_weight=154.628 131.412 101.32 87.6361 30.0922 23.2158
internal_count=621 528 407 352 121 93
is_linear=0
shrinkage=0.03


Tree=5
num_leaves=8
num_cat=0
split_feature=20 23 15 5 35 35 35
split_gain=16.2092 11.5059 7.96704 20.1451 4.01899 9.73561 3.58068
threshold=0.021161831686733586 1.1230438249514789 -36.166542824973455 -0.020887870855148368 0.0071414355103671676 -0.057609767237490721 0.027902596173809194
decision_type=2 2 2 2 2 2 2
left_child=1 2 -1 -4 5 -2 -3
right_child=4 6 3 -5 -6 -7 -8
leaf_value=-0.019468548160291085 0.028351237432242628 -0.0055381125250316254 0.028264474152853693 -0.003318406477905534 0.03717611330434515 -0.010161728209064039 -0.030365372104144462
leaf_weight=12.177556365728377 10.493010208010675 12.19870673120022 22.189145997166634 69.591054767370224 8.736640587449072 8.9781957417726534 13.415305018424986
leaf_count=49 42 49 89 280 35 36 54
internal_value=0.00137793 -0.00309046 0.00132231 0.00459719 0.0212455 0.0106019 -0.020342
internal_weight=157.78 129.572 103.958 91.7802 28.2078 19.4712 25.614
internal_count=634 521 418 369 113 78 103
is_linear=0
shrinkage=0.03


Tree=6
num_leaves=9
num_cat=0
split_feature=20 5 14 40 20 9 38 13
split_gain=15.4217 8.92925 21.4575 10.4817 13.9369 12.2682 7.65652 6.57466
threshold=0.021161831686733586 -0.020887870855148368 -49.685869750154772 0.036487423975303586 0.01510018788278729 0.035451369461453289 0.010720142492578711 1.438968604220243
decision_type=2 2 2 2 2 2 2 2
left_child=1 2 -1 5 -5 -3 -2 -4
right_child=6 3 7 4 -6 -7 -8 -9
leaf_value=-0.021981829504627119 0 -0.0065580427198626244 0.03562746874619338 0.026250263850792901 -0.0087111558348821339 -0.039470716492903443 0.032340661990897801 0.0034078908881975817
leaf_weight=11.660180583596228 11.223447486758234 35.770257979631424 14.977017208933832 13.199731737375258 29.084915190935135 13.870604500174521 16.985083654522896 10.959864571690558
leaf_count=47 45 144 60 53 117 56 68 44
internal_value=0.0013377 -0.00301981 0.00880717 -0.00810122 0.00255645 -0.0172174 0.0207175 0.0237684
internal_weight=157.731 129.523 37.5971 91.9255 42.2846 49.6409 28.2085 25.9369
internal_count=634 521 151 370 170 200 113 104
is_linear=0
shrinkage=0.03


Tree=7
num_leaves=9
num_cat=0
split_feature=20 23 32 15 5 14 28 34
split_gain=14.6177 10.8358 8.97258 7.27785 18.0711 2.60402 2.90092 1.05375
threshold=0.021161831686733586 1.1230438249514789 -0.0033180496460790128 -36.166542824973455 -0.020887870855148368 8.2019773253518924 4.5000000000000009 0.020305602521132563
decision_type=2 2 2 2 2 2 2 2
left_child=1 3 -3 -1 -5 6 -2 -4
right_child=5 2 7 4 -6 -7 -8 -9
leaf_value=-0.018550226316404586 0.0083308238528833744 0.0045547724129647825 -0.038984479273977864 0.026870281286229068 -0.0030266874981113201 0.0066490611889238596 0.039475998313862941 -0.01346895800867216
leaf_weight=12.139314413070677 7.4889774024486568 7.9553451091051128 9.6512364894151705 22.215113639831543 69.518362581729889 12.479427814483641 8.2351521104574186 7.9518951177597037
leaf_count=49 30 32 39 89 280 50 33 32
internal_value=0.00130529 -0.00293689 -0.0197005 0.00134044 0.00447229 0.0201754 0.0281026 -0.0307736
internal_weight=157.635 129.431 25.5585 103.873 91.7335 28.2036 15.7241 17.6031
internal_count=634 521 103 418 369 113 63 71
is_linear=0
shrinkage=0.03


Tree=8
num_leaves=10
num_cat=0
split_feature=5 14 11 18 28 9 17 18 38
split_gain=11.0532 19.2325 15.5692 9.42327 10.7307 15.1312 10.0405 5.26963 2.86195
threshold=-0.020887870855148368 -42.524746792224498 -0.037984702379091011 0.43552424703844889 6.5000000000000009 0.035451369461453289 1.3582111478786134 0.31460586807053753 0.0094980230471518184
decision_type=2 2 2 2 2 2 2 2 2
left_child=1 2 -1 8 6 -6 -5 -3 -2
right_child=3 7 -4 4 5 -7 -8 -9 -10
leaf_value=0.019622535875411622 -0.032341715537091309 0.035601622682938351 -0.030474586415071683 0.022489813450406862 0.0045287259902664209 -0.028183845335823264 -0.0076361953320860775 0.0066211804379300724 -0.0068570733977370707
leaf_weight=7.4575183093547848 9.6890747398138064 19.964496627449993 11.390521526336668 25.420032784342766 29.004977881908417 19.293883770704269 13.426692441105841 10.970986202359198 10.929201707243918
leaf_count=30 39 80 46 102 117 78 54 44 44
internal_value=0.00127112 0.0127524 -0.0099525 -0.00403194 0.00027079 -0.00884176 0.011846 0.0268056 -0.021297
internal_weight=157.547 49.7835 18.848 107.764 87.1456 48.2989 38.8467 30.9355 20.6183
internal_count=634 200 76 434 351 195 156 124 83
is_linear=0
shrinkage=0.03


Tree=9
num_leaves=8
num_cat=0
split_feature=20 23 15 8 26 13 21
split_gain=13.9263 10.2142 6.70854 10.4219 5.0503 4.17448 2.67931
threshold=0.021161831686733586 1.1230438249514789 -36.166542824973455 -0.019547441663915342 0.080983606557377061 -4.2353464633543885 0.021909946211949614
decision_type=2 2 2 2 2 2 2
left_child=1 2 -1 -4 -2 -3 -6
right_child=4 5 3 -5 6 -7 -8
leaf_value=-0.017885210601021821 0 0 0.026968850928881429 0 0.013111078682406106 -0.026336937757255645 0.041305491190058496
leaf_weight=12.101955384016035 8.4861877709627169 7.4466562420129803 13.216362863779066 78.45885756611824 12.216072261333467 18.047808900475502 7.4768335670232764
leaf_count=49 34 30 53 316 49 73 30
internal_value=0.00122433 -0.00291669 0.00123241 0.00424421 0.0196526 -0.0192126 0.0273284
internal_weight=157.451 129.272 103.777 91.6752 28.1791 25.4945 19.6929
internal_count=634 521 418 369 113 103 79
is_linear=0
shrinkage=0.03


Tree=10
num_leaves=8
num_cat=0
split_feature=32 8 16 9 14 2 33
split_gain=9.12963 9.19732 9.9597 13.3028 5.59013 5.14792 1.85882
threshold=-0.0069258764111705387 0.045066862969052691 9.6896355237095246 0.034766741518669077 10.55328730477777 0.023202508971618799 0.79882060361396834
decision_type=2 2 2 2 2 2 2
left_child=4 2 3 -2 -1 -3 -4
right_child=1 5 6 -5 -6 -7 -8
leaf_value=0.028937627427628478 0.0033115460000504044 0.029737705158103561 -0.0076944219390342999 -0.024934260103746823 -0.00019992079297221805 0 -0.033202768752451983
leaf_weight=12.697564020752909 79.484896615147591 8.9751732796430606 7.4301491528749493 16.304014399647713 8.2087978124618513 9.4435314089059812 10.63652655482292
leaf_count=51 320 36 30 66 33 38 43
internal_value=0.000234689 -0.00265764 -0.00598748 -0.00175435 0.0178235 0.0157616 -0.0252721
internal_weight=153.181 132.274 113.856 95.7889 20.9064 18.4187 18.0667
internal_count=617 533 459 386 84 74 73
is_linear=0
shrinkage=0.03


Tree=11
num_leaves=7
num_cat=0
split_feature=32 14 14 38 14 26
split_gain=8.65261 8.49683 14.4472 10.3091 5.31928 2.77293
threshold=-0.0069258764111705387 79.335529321006348 44.557976002934545 0.010782881054116357 10.55328730477777 0.27475490196078439
decision_type=2 2 2 2 2 2
left_child=4 2 3 -2 -1 -3
right_child=1 5 -4 -5 -6 -7
leaf_value=0.02818784864033292 -0.0071766308251232872 0.00098520438930299972 -0.030457349985905664 0.013277132703113346 -0.00019509962167065 0.028054941805864562
leaf_weight=12.697439044713976 71.954569801688194 7.4589381963014585 15.77757555246353 29.540914759039879 8.2087052762508375 7.4751335382461548
leaf_count=51 290 30 64 119 33 30
internal_value=0.000219267 -0.00259514 -0.00547843 -0.000936966 0.0173446 0.0171337
internal_weight=153.113 132.207 117.273 101.495 20.9061 14.9341
internal_count=617 533 473 409 84 60
is_linear=0
shrinkage=0.03


Tree=12
num_leaves=11
num_cat=0
split_feature=14 14 9 14 18 14 38 26 4 20
split_gain=8.02865 12.8237 15.7271 11.342 9.84756 9.0931 6.68671 4.39457 3.79409 1.00482
threshold=-2.6715405417548932 -42.524746792224498 -0.05429704798598544 79.335529321006348 0.60330381142623535 44.557976002934545 0.0096104496624365068 0.27701575532900841 -0.029780441299686818 0.017392508528336615
decision_type=2 2 2 2 2 2 2 2 2 2
left_child=1 2 -1 5 8 6 -2 -5 -3 -7
right_child=3 4 -4 7 -6 9 -8 -9 -10 -11
leaf_value=0.01125522351464207 -0.01324258329941288 0.0085862586199326289 -0.037230741268888173 0 -0.0091528057144182398 -0.037553191332046626 0.0069360414467039963 0.029018611533247109 0.032209574963525688 -0.014229582552760455
leaf_weight=11.652571216225626 29.232752129435539 13.692374303936953 8.6367161720991117 8.4559238255023974 8.1935153454542142 8.0667072385549563 25.317814737558365 7.9779042750596991 21.175257191061977 10.63476152718067
leaf_count=47 118 55 35 34 33 33 102 32 85 43
internal_value=0.000225245 0.00834814 -0.0102 -0.00540578 0.0174852 -0.0105904 -0.00369801 0.0155321 0.0243087 -0.0276707
internal_weight=153.036 63.3504 20.2893 89.6859 43.0611 73.252 54.5506 16.4338 34.8676 18.7015
internal_count=617 255 82 362 173 296 220 66 140 76
is_linear=0
shrinkage=0.03


Tree=13
num_leaves=7
num_cat=0
split_feature=32 10 16 9 17 19
split_gain=8.07267 8.74778 6.43178 11.1167 8.36888 4.84064
threshold=-0.0069258764111705387 0.041364391005085162 9.6896355237095246 0.034766741518669077 3.70411271782528 0.10363498290608041
decision_type=2 2 2 2 2 2
left_child=5 2 3 -2 -4 -1
right_child=1 -3 4 -5 -6 -7
leaf_value=0.026430935168917508 0.0031820367414539408 0.019188552682819132 -0.03355551413524234 -0.022270282870118834 0.00027893687182063855 -0.00096704751033597147
leaf_weight=13.422725424170496 79.432010278105736 12.693446323275564 12.569594323635103 16.960053697228432 10.3701314330101 7.4611028134822837
leaf_count=54 320 51 51 69 42 30
internal_value=0.00020572 -0.00251162 -0.00522176 -0.00150547 -0.0188631 0.016758
internal_weight=152.909 132.025 119.332 96.3921 22.9397 20.8838
internal_count=617 533 482 389 93 84
is_linear=0
shrinkage=0.03


Tree=14
num_leaves=7
num_cat=0
split_feature=32 10 16 13 35 7
split_gain=7.64181 8.30396 6.10274 7.61285 5.17186 3.54064
threshold=-0.0069258764111705387 0.041364391005085162 9.6896355237095246 8.633122191998682 0.0052147498903151188 0.026572298795966263
decision_type=2 2 2 2 2 2
left_child=4 2 3 -2 -1 -4
right_child=1 -3 5 -5 -6 -7
leaf_value=-0.0019189537402996531 0.0013961583536553643 0.018687906258833476 -0.028381892764445603 -0.024326737959480312 0.026345142977471672 -0.002998396215254127
leaf_weight=7.4633899927139309 86.714690327644348 12.696030914783476 12.271615728735926 9.643674433231352 13.419194489717482 10.620478168129919
leaf_count=30 350 51 50 39 54 43
internal_value=0.000196408 -0.00244614 -0.00509103 -0.00146803 0.0163033 -0.0183953
internal_weight=152.829 131.946 119.25 96.3584 20.8826 22.8921
internal_count=617 533 482 389 84 93
is_linear=0
shrinkage=0.03


Tree=15
num_leaves=7
num_cat=0
split_feature=32 28 20 35 38 35
split_gain=9.90517 7.73868 9.63348 16.2052 3.22329 1.9758
threshold=-0.0069258764111705387 2.5000000000000004 0.024014528517988066 0.010535406034348551 0.0074198257890737062 0.0036970239351236116
decision_type=2 2 2 2 2 2
left_child=5 4 3 -3 -2 -1
right_child=1 2 -4 -5 -6 -7
leaf_value=0.0033542442316145714 0.022696582421774723 -0.028599181953239457 0.019781558229135111 -0.0016622161388776498 0.00041721801999865721 0.024904137218301387
leaf_weight=8.4595125764608401 10.455330222845079 26.452902257442474 9.2169512063264829 74.096886217594147 13.868620514869688 13.166464939713476
leaf_count=34 42 107 37 300 56 53
internal_value=8.73412e-05 -0.00293199 -0.00642705 -0.00931469 0.0115604 0.0181068
internal_weight=155.717 134.091 109.767 100.55 24.324 21.626
internal_count=629 542 444 407 98 87
is_linear=0
shrinkage=0.03


Tree=16
num_leaves=8
num_cat=0
split_feature=32 15 14 14 3 15 12
split_gain=9.39604 8.02215 9.42408 11.5218 7.9767 7.27788 4.6239
threshold=-0.0069258764111705387 -36.166542824973455 -3.4153047367465201 79.335529321006348 0.0046041402581683552 -59.474618728428624 37.138636979321213
decision_type=2 2 2 2 2 2 2
left_child=6 5 4 -4 -3 -2 -1
right_child=1 2 3 -5 -6 -7 -8
leaf_value=0 0 0.022969604150041841 -0.011209346098689187 0.017015676062230953 -0.003420112852009099 -0.037998679001611677 0.027345688094520385
leaf_weight=8.2026677727699298 8.6664247363805789 22.174067333340645 65.302888631820679 13.932361721992491 15.655846431851385 8.2930037528276426 13.415731549262999
leaf_count=33 35 89 265 56 63 34 54
internal_value=0.000105882 -0.00283341 0 -0.005765 0.0120483 -0.0209382 0.0176602
internal_weight=155.643 134.025 117.065 79.2353 37.8299 16.9594 21.6184
internal_count=629 542 473 321 152 69 87
is_linear=0
shrinkage=0.03


Tree=17
num_leaves=8
num_cat=0
split_feature=34 28 16 15 8 27 34
split_gain=11.4898 8.72673 7.50202 15.9822 4.55824 2.74396 1.82853
threshold=-0.050207126166067144 2.5000000000000004 6.1077482967559584 -36.166542824973455 0.039854914679176463 1.5000000000000002 -0.0093967307369348645
decision_type=2 2 2 2 2 2 2
left_child=-1 5 3 -3 -4 -2 -7
right_child=1 2 4 -5 -6 6 -8
leaf_value=0.030969345074202206 0 -0.028330683767914946 -0.023108372145855857 0.0054347703493631792 0 0.004036477872180368 0.02741884754925961
leaf_weight=8.2158675938844663 8.4145883023738879 13.215924859046934 25.008611738681793 71.609867841005325 11.908637076616285 7.4434444457292601 9.6902492195367778
leaf_count=33 34 54 102 289 48 30 39
internal_value=0.000103357 -0.00190968 -0.00537216 -0.000184563 -0.0162844 0.0132374 0.0195285
internal_weight=155.507 147.291 121.743 84.8258 36.9172 25.5483 17.1337
internal_count=629 596 493 343 150 103 69
is_linear=0
shrinkage=0.03


Tree=18
num_leaves=10
num_cat=0
split_feature=20 28 35 5 36 20 10 0 35
split_gain=7.6406 8.67478 8.10838 7.71451 7.06397 4.85131 8.06443 4.37737 3.39843
threshold=0.020424117938852914 2.5000000000000004 0.012647500846361461 -0.010095987191077236 0.0049825302104280446 0.024201928835804434 -0.0014380533161676976 -0.0011810300809190208 -0.0084087064077980594
decision_type=2 2 2 2 2 2 2 2 2
left_child=1 8 7 -4 -2 6 -6 -3 -1
right_child=4 2 3 -5 5 -7 -8 -9 -10
leaf_value=0.022838441044937714 0.034559028913078202 -0.0056317376635956267 0.01137389387692752 -0.0086898844924711369 0.013215050978083795 0.01719296951811871 -0.022989690920044416 -0.032578821610272736 0
leaf_weight=11.43508303165436 7.435588374733924 12.574872732162477 23.795928552746773 48.949864238500595 8.4291017800569552 12.18451516330242 9.4443788528442401 12.999010637402533 8.1600614786148054
leaf_count=46 30 51 96 199 34 49 38 53 33
internal_value=0.000105622 -0.00356963 -0.00732738 -0.0017974 0.0116393 0.00369931 -0.00554919 -0.0212423 0.0135229
internal_weight=155.408 117.915 98.3197 72.7458 37.4936 30.058 17.8735 25.5739 19.5951
internal_count=629 478 399 295 151 121 72 104 79
is_linear=0
shrinkage=0.03


Tree=19
num_leaves=6
num_cat=0
split_feature=34 36 17 3 19
split_gain=10.8825 7.71309 8.07671 6.66873 4.17716
threshold=-0.050207126166067144 0.0085586150258135565 1.3582111478786134 0.014746656518429881 0.047612730079940956
decision_type=2 2 2 2 2
left_child=-1 2 4 -4 -2
right_child=1 -3 3 -5 -6
leaf_value=0.030174671841589746 -0.0068357137740932394 -0.024537349176832028 0.00126735344910929 -0.019155273824185207 0.0091891459462480497
leaf_weight=8.2003587782382947 15.822240650653837 10.372321620583532 26.701152697205544 25.82656916975975 68.374764412641525
leaf_count=33 64 42 108 105 277
internal_value=0.000110706 -0.00184698 9.51899e-05 -0.00883314 0.00591501
internal_weight=155.297 147.097 136.725 52.5277 84.197
internal_count=629 596 554 213 341
is_linear=0
shrinkage=0.03


Tree=20
num_leaves=10
num_cat=0
split_feature=20 37 20 32 14 8 14 12 17
split_gain=11.1157 7.28971 15.7161 11.669 10.0732 6.20911 5.13412 2.03568 0.610253
threshold=0.021161831686733586 0.039114561607407901 0.01510018788278729 -0.0093424323956133853 10.232450504639475 0.033616644812307243 11.382788032802184 39.689826302729536 -0.068584396838369685
decision_type=2 2 2 2 2 2 2 2 2
left_child=1 3 8 -1 -5 -4 7 -2 -3
right_child=6 2 5 4 -6 -7 -8 -9 -10
leaf_value=0.021082786419996214 0.0077069339504890694 0.036550681111245077 -0.021058680390996336 -0.0029554341154086096 -0.024644738007348177 0.0096579836621800957 0 0.033708632191430735 0.012964113237030004
leaf_weight=8.6812051087617856 7.6777829676866594 7.73114974796772 13.07558259367943 49.874252885580063 32.213700920343399 7.4540819972753516 12.438878566026686 10.3876746147871 7.9391725510358793
leaf_count=35 31 31 53 202 132 30 50 42 32
internal_value=0.000114503 -0.00374462 0.00715624 -0.00831428 -0.0120291 -0.00937273 0.015881 0.0252752 0.0282696
internal_weight=157.473 126.969 36.2 90.7692 82.088 20.5297 30.5043 18.0655 15.6703
internal_count=638 515 146 369 334 83 123 73 63
is_linear=0
shrinkage=0.03


Tree=21
num_leaves=11
num_cat=0
split_feature=38 14 37 3 20 16 21 8 21 32
split_gain=11.2053 15.2785 11.3051 15.1867 12.2512 7.17869 6.8553 6.38333 5.69441 1.87438
threshold=0.010604110539496572 34.431921218564419 0.039114561607407901 -0.029844516956715746 0.018822024051209894 8.1468638939097282 0.01408024807999173 0.0057994865294519991 0.011757629549601415 0.0004104848352166624
decision_type=2 2 2 2 2 2 2 2 2 2
left_child=2 6 3 -1 5 -4 8 -5 -2 -8
right_child=1 -3 4 7 -6 -7 9 -9 -10 -11
leaf_value=0.021138091655733712 0.021093104379623924 -0.01928430797887392 0.031816120386084452 -0.0079646669137543365 -0.019465387705491027 0 0.039385216284241957 -0.027843138751593378 -0.01050196220874685 0.013771236914712054
leaf_weight=9.1600062102079374 7.4080734550952938 9.0379026383161527 14.402384057641031 41.454099044203758 7.8922386616468421 10.677164122462271 12.341634050011637 26.126867547631264 8.8844022303819639 9.9026555269956571
leaf_count=37 30 37 58 168 32 43 50 107 36 40
internal_value=0.00014584 0.0121038 -0.00502907 -0.0113453 0.00905086 0.0193534 0.0204234 -0.0164447 0.00377958 0.0306778
internal_weight=157.287 47.5747 109.713 76.741 32.9718 25.0795 38.5368 67.581 16.2925 22.2443
internal_count=638 193 445 312 133 101 156 275 66 90
is_linear=0
shrinkage=0.03


Tree=22
num_leaves=11
num_cat=0
split_feature=38 37 3 20 5 16 8 19 20 20
split_gain=10.6246 10.678 14.4366 11.6523 10.4044 6.79593 6.07092 5.24307 6.13466 3.97293
threshold=0.010604110539496572 0.039114561607407901 -0.029844516956715746 0.018822024051209894 0.026700876522149145 8.1468638939097282 0.0057994865294519991 0.090369444484638059 0.022761712524871875 0.017071744234849324
decision_type=2 2 2 2 2 2 2 2 2 2
left_child=1 2 -1 5 7 -3 -4 9 -9 -2
right_child=4 3 6 -5 -6 -7 -8 8 -10 -11
leaf_value=0.020622238063929241 0.0083371176114500206 0.030958151923065495 -0.007740302522612672 -0.01902091116906466 -0.0093458574767167346 0 -0.027162711554595782 -0.011801657455642652 0.02097020861313556 0.041769755147506284
leaf_weight=9.1575262993574125 7.6690101474523571 14.412732899188997 41.43431094288826 7.8812634050846091 12.964367002248762 10.677164122462271 26.029479905962944 7.4055535942316082 8.8691047579050046 10.617676362395285
leaf_count=37 31 58 168 32 53 43 107 30 36 43
internal_value=0.000154854 -0.00488456 -0.0110334 0.00878947 0.0118064 0.0188383 -0.0160163 0.0202283 0.00557747 0.0306925
internal_weight=157.118 109.592 76.6213 32.9712 47.5257 25.0899 67.4638 34.5613 16.2747 18.2867
internal_count=638 445 312 133 193 101 275 140 66 74
is_linear=0
shrinkage=0.03


Tree=23
num_leaves=9
num_cat=0
split_feature=21 14 40 14 5 11 15 17
split_gain=9.19639 6.12128 12.475 8.89742 14.6069 4.34869 4.13901 0.48548
threshold=0.018752165658725096 41.325327625873804 0.059297355042664097 -42.524746792224498 -0.020887870855148368 -0.025587635792198412 16.826911994254974 -2.0045395304868827
decision_type=2 2 2 2 2 2 2 2
left_child=1 3 7 5 -5 -1 -2 -3
right_child=6 2 -4 4 -6 -7 -8 -9
leaf_value=-7.059501506571293e-05 0.025879944628485904 -0.014440581197947906 0.012146085081982786 0.022712730241046551 -0.0032467077652391812 -0.032955648049960373 0 -0.035281420907833483
leaf_weight=7.3808335810899734 14.265896365046503 10.236618340015413 8.7086639851331693 25.286345139145851 64.792930573225021 7.4891787916421872 9.4178289324045164 9.3556831032037753
leaf_count=30 58 42 35 102 263 31 38 39
internal_value=0.000165701 -0.00286709 -0.0147613 0.000416141 0.00421257 -0.0194656 0.0167075 -0.0274333
internal_weight=156.934 133.25 28.301 104.949 90.0793 14.87 23.6837 19.5923
internal_count=638 542 116 426 365 61 96 81
is_linear=0
shrinkage=0.03


Tree=24
num_leaves=10
num_cat=0
split_feature=20 25 35 37 17 9 9 35 35
split_gain=10.0672 8.70225 7.39882 6.3776 5.79298 5.42974 4.37501 2.6689 8.39293
threshold=0.021161831686733586 0.29449472096530926 0.010535406034348551 0.030972038049654097 1.3582111478786134 -0.0012101519915610414 0.035451369461453289 1.0000000180025095e-35 -0.056750367768685188
decision_type=2 2 2 2 2 2 2 2 2
left_child=1 3 -3 5 -5 -1 -4 8 -2
right_child=7 2 6 4 -6 -7 -8 -9 -10
leaf_value=-0.0046286881164721303 0.023132312853353747 -0.011035157147201777 0.019251241611918251 0.013155388298793286 -0.012650348213619215 -0.026032907545606172 -0.0014287401170108116 0.026288072108578069 -0.012726482641234429
leaf_weight=23.123084053397179 10.358847454190256 14.476783722639082 25.691236764192581 15.0971876680851 12.272958919405935 24.252329722046852 11.478846684098242 11.08359572291374 8.8907910883426684
leaf_count=94 42 59 104 61 50 100 47 45 36
internal_value=0.000144209 -0.00353089 0.00562957 -0.0100377 0.000999731 -0.0165003 0.012735 0.0151927 0.00622539
internal_weight=156.726 126.392 51.6469 74.7456 27.3701 47.3754 37.1701 30.3332 19.2496
internal_count=638 515 210 305 111 194 151 123 78
is_linear=0
shrinkage=0.03


Tree=25
num_leaves=9
num_cat=0
split_feature=21 18 14 14 11 37 36 36
split_gain=11.577 9.68863 16.375 10.2411 10.3655 6.11493 3.40914 8.47182
threshold=0.018752165658725096 0.64440962515217148 79.335529321006348 -42.524746792224498 0.0086466280702548488 0.049448496621749889 0.0066298260915324371 0.0082830220519992514
decision_type=2 2 2 2 2 2 2 2
left_child=1 3 5 -1 -5 -3 -2 -8
right_child=6 2 -4 4 -6 -7 7 -9
leaf_value=-0.020312852253431126 0.030931984987230061 -0.028503478320453496 0.018188362042495531 0.01755818750902274 -0.0052713206514099515 0 -0.013443588263097713 0.026042286770552592
leaf_weight=14.37898215651512 7.8826158493757275 34.260862678289413 8.6913553625345212 33.212713122367859 33.554986223578453 8.4128899872302991 7.8890748769044858 7.4116557687520981
leaf_count=59 32 142 35 134 136 34 32 30
internal_value=-0.00195993 -0.00551562 -0.0154607 0.000819586 0.00604717 -0.0231572 0.0165921 0.00561574
internal_weight=155.695 132.512 51.3651 81.1467 66.7677 42.6738 23.1833 15.3007
internal_count=634 540 211 329 270 176 94 62
is_linear=0
shrinkage=0.03


Tree=26
num_leaves=9
num_cat=0
split_feature=21 2 16 16 35 21 28 28
split_gain=11.0273 12.385 5.95023 9.93903 4.52392 4.58734 3.73692 3.65792
threshold=0.018752165658725096 0.014027611200332137 8.1468638939097282 1.5254832292602816 0.055666227439163725 0.01408024807999173 6.5000000000000009 6.5000000000000009
decision_type=2 2 2 2 2 2 2 2
left_child=1 2 3 -1 5 -3 -4 -2
right_child=7 4 6 -5 -6 -7 -8 -9
leaf_value=-0.0020462318608387132 0.02607124390092665 -0.038601450785834976 0 0.021909873398138061 -0.0010017977114104143 -0.0079383945865096946 -0.02490423626954081 0.001059941338191665
leaf_weight=62.92440390586853 12.560145556926729 13.063635200262071 8.373443618416788 18.263589814305305 9.257910415530203 10.046655938029287 10.357416793704031 10.582878112792967
leaf_count=256 51 54 34 74 38 41 43 43
internal_value=-0.00189248 -0.00536814 0 0.00355968 -0.0209027 -0.0275628 -0.0144039 0.0162247
internal_weight=155.43 132.287 99.9189 81.188 32.3682 23.1103 18.7309 23.143
internal_count=634 540 407 330 133 95 77 94
is_linear=0
shrinkage=0.03


Tree=27
num_leaves=9
num_cat=0
split_feature=21 16 16 0 34 14 34 27
split_gain=10.5038 11.5319 10.9819 9.4429 6.97747 3.1511 2.84713 2.37181
threshold=0.018752165658725096 8.1468638939097282 1.5254832292602816 -0.006932903657595523 0.0083882466098512704 27.090451332102479 0.0070616092592091792 2.5000000000000004
decision_type=2 2 2 2 2 2 2 2
left_child=1 2 3 -1 -4 -3 -2 -7
right_child=6 5 4 -5 -6 7 -8 -9
leaf_value=0.010251774128574866 0.0032297589849011 -0.030668712242042536 0 -0.012311242116717145 0.030217057963216869 -0.01730002565725498 0.0258362674955789 0.0023821465451084678
leaf_weight=21.156742095947266 12.051599740982057 14.352526396512987 11.30640769004822 55.208425521850586 12.848177120089529 10.047245785593988 11.059425279498099 7.2389532774686804
leaf_count=86 49 59 46 225 52 42 45 30
internal_value=-0.00184876 -0.00524412 -6.07724e-06 -0.00576671 0.0166811 -0.0204502 0.0158413 -0.00888766
internal_weight=155.27 132.158 100.52 76.3652 24.1546 31.6387 23.111 17.2862
internal_count=634 540 409 311 98 131 94 72
is_linear=0
shrinkage=0.03


Tree=28
num_leaves=8
num_cat=0
split_feature=21 2 16 16 1 21 28
split_gain=9.9868 11.6534 5.32796 6.4962 3.48417 4.00624 3.47078
threshold=0.018752165658725096 0.014027611200332137 9.9211179954457798 1.5254832292602816 0.024269846708599444 0.01411861113457818 6.5000000000000009
decision_type=2 2 2 2 2 2 2
left_child=1 2 3 -1 5 -3 -2
right_child=6 4 -4 -5 -6 -7 -8
leaf_value=-0.0018455566005919153 0.025071815624542405 -0.033842004193786634 -0.015705281878387004 0.016127011771272459 -0.00098436015965218241 -0.0045472599836764533 0.00073992007990085766
leaf_weight=62.884036839008331 12.508464172482492 15.896387845277788 14.235135599970816 22.67025400698185 8.2498464435338956 8.0824074000120145 10.576728522777556
leaf_count=256 51 66 59 92 34 33 43
internal_value=-0.00178478 -0.00509971 0 0.00300511 -0.0202049 -0.0256554 0.0154697
internal_weight=155.103 132.018 99.7894 85.5543 32.2286 23.9788 23.0852
internal_count=634 540 407 348 133 99 94
is_linear=0
shrinkage=0.03


Tree=29
num_leaves=9
num_cat=0
split_feature=14 18 16 15 37 20 38 0
split_gain=7.98159 13.6375 12.0784 8.22057 5.97806 6.57143 3.68846 2.47946
threshold=79.335529321006348 0.64440962515217148 1.5254832292602816 -26.930432051465001 0.049448496621749889 0.016941589208266047 0.0089668730539256229 -0.0056412154271180395
decision_type=2 2 2 2 2 2 2 2
left_child=1 2 3 -1 5 -3 -2 -4
right_child=6 4 7 -5 -6 -7 -8 -9
leaf_value=-0.019955519907507855 0.029702291381100494 -0.034295540726221881 0.0061107197021934576 0.0027838669860206795 0.00070157214952964347 -0.0074658057550710732 0 0.033321234644915959
leaf_weight=16.750881418585777 7.6866521090269071 18.534474909305573 7.6703270226717022 56.168829575181007 12.078232511878012 19.012843266129494 7.4309561103582382 9.6119889765977842
leaf_count=69 31 78 31 228 49 79 30 39
internal_value=-0.00174184 -0.00414216 0.00269809 -0.00263281 -0.0164888 -0.0221537 0.0174732 0.0239089
internal_weight=154.945 139.828 90.202 72.9197 49.6256 37.5473 15.1176 17.2823
internal_count=634 573 367 297 206 157 61 70
is_linear=0
shrinkage=0.03


Tree=30
num_leaves=9
num_cat=0
split_feature=20 26 10 38 37 24 4 4
split_gain=9.58285 11.7469 11.4495 7.94771 4.99383 3.8972 3.80769 1.78503
threshold=0.021161831686733586 0.22016949152542376 0.029781410284519198 0.011391534127088139 0.039114561607407901 0.41663807890222987 0.036909214243152973 -0.0086611424485656934
decision_type=2 2 2 2 2 2 2 2
left_child=1 3 5 4 -1 -3 7 -2
right_child=6 2 -4 -5 -6 -7 -8 -9
leaf_value=0.0043443961754144117 0.0087588169553927137 -0.02109986463940338 0.017891432179889276 -0.018110309202011784 0.025460333283731224 0 0 0.031530958960816598
leaf_weight=37.606475695967674 10.237908840179445 41.931987524032593 7.819140061736106 7.8041677474975577 13.839722141623495 10.450284436345099 10.108333736658095 10.056240394711496
leaf_count=155 42 172 32 32 56 43 41 41
internal_value=0.00105272 -0.00272388 -0.0119549 0.00649456 0.0110457 -0.0171801 0.0156062 0.0225321
internal_weight=149.854 119.452 60.2014 59.2504 51.4462 52.3823 30.4025 20.2941
internal_count=614 490 247 243 211 215 124 83
is_linear=0
shrinkage=0.03


Tree=31
num_leaves=7
num_cat=0
split_feature=14 21 8 26 15 3
split_gain=9.51857 14.1615 12.3448 12.3508 4.56063 3.98918
threshold=79.335529321006348 0.021909946211949614 0.01421816199311139 0.21089696071163827 108.76366817316917 0.045127511504125868
decision_type=2 2 2 2 2 2
left_child=1 2 3 -1 -2 -4
right_child=4 -3 5 -5 -6 -7
leaf_value=0.012372340135657486 0.03424095573402177 0.026650533574358048 -0.025134572214852994 -0.0095688011769643269 0.0010515830808181402 0
leaf_weight=42.518866971135139 8.6476436704397219 12.196733087301252 25.917202085256577 45.730638235807419 7.4362146556377402 7.2857129573822013
leaf_count=173 35 50 109 187 30 30
internal_value=0.00104624 -0.00159057 -0.00493396 0.000876211 0.021539 -0.0199753
internal_weight=149.733 133.649 121.452 88.2495 16.0839 33.2029
internal_count=614 549 499 360 65 139
is_linear=0
shrinkage=0.03


Tree=32
num_leaves=9
num_cat=0
split_feature=20 26 8 20 28 9 9 26
split_gain=8.81567 10.6496 10.0634 6.60435 7.3354 3.40587 2.77675 1.74419
threshold=0.021161831686733586 0.22016949152542376 0.033616644812307243 0.019052074313840577 5.5000000000000009 0.032988131182911967 -0.0012101519915610414 0.14599358974358978
decision_type=2 2 2 2 2 2 2 2
left_child=1 3 6 4 -1 7 -3 -2
right_child=5 2 -4 -5 -6 -7 -8 -9
leaf_value=0.024688383172343342 0.0048013796267514083 -0.0066428320075715567 0.015430333072456684 -0.015569872042225767 0.0011053380924581817 0 -0.02265218639056079 0.027395489430167778
leaf_weight=18.260417148470879 7.319089323282248 22.242811545729637 8.5155408531427366 8.2855156064033491 32.657022893428802 9.3988495618104917 29.257645279169083 13.597040653228758
leaf_count=74 30 91 35 34 135 38 121 56
internal_value=0.00103434 -0.00258603 -0.0113976 0.00618206 0.0104598 0.0150151 -0.016525 0.0212528
internal_weight=149.534 119.219 60.016 59.203 50.9174 30.315 51.5005 20.9161
internal_count=614 490 247 243 209 124 212 86
is_linear=0
shrinkage=0.03


Tree=33
num_leaves=8
num_cat=0
split_feature=20 10 26 32 34 5 19
split_gain=8.37688 10.5932 13.1917 6.58877 3.87697 3.41273 0.816919
threshold=0.021161831686733586 0.035831290451534444 0.22016949152542376 0.0070081746388295238 -0.0043324841583393106 0.042317500010312543 0.10554395341907204
decision_type=2 2 2 2 2 2 2
left_child=1 2 3 -1 -4 6 -2
right_child=5 -3 4 -5 -6 -7 -8
leaf_value=0.0093081874879090299 0.028761331740496478 0.023719756489369252 -0.0023694881019550116 -0.017056599219217716 -0.02100936581653972 0.00081779305420324913 0.008395117953888644
leaf_weight=46.389458954334259 10.138253077864652 10.31271970272064 16.806192487478256 8.1525815576314908 37.440614253282547 12.342745289206503 7.7868168652057639
leaf_count=190 42 42 69 34 155 50 32
internal_value=0.0010182 -0.00250929 -0.0055144 0.00463814 -0.0157908 0.0146587 0.0223976
internal_weight=149.369 119.102 108.789 54.542 54.2468 30.2678 17.9251
internal_count=614 490 448 224 224 124 74
is_linear=0
shrinkage=0.03


Tree=34
num_leaves=6
num_cat=0
split_feature=14 21 14 7 15
split_gain=8.75282 12.786 11.9038 9.20339 4.3318
threshold=79.335529321006348 0.021909946211949614 47.277127335699795 0.0097531416094965035 108.76366817316917
decision_type=2 2 2 2 2
left_child=1 2 3 -1 -2
right_child=4 -3 -4 -5 -6
leaf_value=0.0040760791642381828 0.033081685822577131 0.025396004456745631 -0.027913230975109629 -0.015977051871263828 0.00074641399045856241
leaf_weight=80.57070204615593 8.6074357777833956 12.101763278245924 15.163544401526449 25.338082671165466 7.4197038859128943
leaf_count=329 35 50 64 106 30
internal_value=0.00100372 -0.00152528 -0.00470705 -0.000789716 0.0206879
internal_weight=149.201 133.174 121.072 105.909 16.0271
internal_count=614 549 499 435 65
is_linear=0
shrinkage=0.03


Tree=35
num_leaves=9
num_cat=0
split_feature=34 35 14 14 38 5 20 13
split_gain=6.63868 9.24664 9.22431 10.3128 8.79126 6.96468 6.93516 4.28441
threshold=-0.0038068581678278308 0.0099941460479464634 79.335529321006348 45.954306474180164 0.010782881054116357 0.0056297240484816111 0.016790421652797378 -0.28239640035519281
decision_type=2 2 2 2 2 2 2 2
left_child=1 5 3 4 -2 6 -1 -3
right_child=2 7 -4 -5 -6 -7 -8 -9
leaf_value=-0.010274779341338323 -0.011072864808926521 0.037417590202503834 0.016141933999478587 -0.03206028352759159 0.010148291161318105 -0.018823136036385028 0.019602658902756427 0.0063339461906505449
leaf_weight=9.5645793378353137 51.0826445966959 8.6258098185062426 13.312753885984419 12.710964590311049 23.821423023939133 11.683374479413031 14.900164514780043 10.241556316614149
leaf_count=39 210 35 54 54 98 48 61 42
internal_value=-0.000570861 0.00754234 -0.0051997 -0.00889774 -0.00404054 -0.00118222 0.00746142 0.0234878
internal_weight=155.943 55.0155 100.928 87.615 74.9041 36.1481 24.4647 18.8674
internal_count=641 225 416 362 308 148 100 77
is_linear=0
shrinkage=0.03


Tree=36
num_leaves=7
num_cat=0
split_feature=37 34 21 34 20 9
split_gain=6.34372 7.97755 5.97592 7.02235 6.09794 5.24088
threshold=0.0706511704390307 0.034649501004426438 0.01038927368179505 0.020305602521132563 0.015189973492383612 0.020618226790684792
decision_type=2 2 2 2 2 2
left_child=1 2 4 -4 -1 -3
right_child=-2 5 3 -5 -6 -7
leaf_value=-0.01988566583734552 -0.023338611627487064 -0.0013660074549615494 0.0026166800720757288 0.021590989815159861 0.008712785584035829 -0.032791985338177919
leaf_weight=15.057151213288309 8.3248075097799283 12.304520919919016 82.464274019002914 21.510398477315903 8.7060627341270429 7.3855567127466193
leaf_count=63 34 50 339 88 36 31
internal_value=-0.000542382 0.000939613 0.00383632 0.00701704 -0.0089629 -0.0157819
internal_weight=155.753 147.428 127.738 103.975 23.7632 19.6901
internal_count=641 607 526 427 99 81
is_linear=0
shrinkage=0.03


Tree=37
num_leaves=12
num_cat=0
split_feature=34 34 34 19 36 9 12 9 21 36 24
split_gain=6.28518 8.28127 7.70432 10.903 7.52976 6.17854 5.02786 6.96598 4.20296 2.82591 1.63162
threshold=-0.0038068581678278308 0.0097892813297230114 0.034649501004426438 0.047612730079940956 0.0046520226676130963 0.020618226790684792 59.022307926356241 -0.015275275816406073 0.012936399080627105 0.007438277372536343 -0.097619047619047605
decision_type=2 2 2 2 2 2 2 2 2 2 2
left_child=6 4 3 -3 -2 -4 7 8 -1 -9 -6
right_child=1 2 5 -5 10 -7 -8 9 -10 -11 -12
leaf_value=-0.014439695685624143 0.0040074250114477935 -0.019665049529095723 0 0.012865849114638794 -0.012156788263014353 -0.031588120119311835 -0.0077369079791660507 0.029441353951912851 0.011120924196772564 0.0037212241800495156 -0.037671341144398705
leaf_weight=9.0908329188823718 7.6526703536510494 9.4708724021911603 12.802091836929323 43.686743006110191 9.1148330271244102 8.3314029276370984 12.581802189350126 15.76918947696686 9.9455696791410428 7.5710790604352942 9.6458280384540505
leaf_count=37 32 39 52 180 38 35 52 64 41 31 40
internal_value=-0.000543597 -0.00505674 1.05193e-05 0.00629511 -0.0188345 -0.0143265 0.00735 0.0123142 -0.000584818 0.0226424 -0.028363
internal_weight=155.663 100.704 74.2911 53.1576 26.4133 21.1335 54.9585 42.3767 19.0364 23.3403 18.7607
internal_count=641 416 306 219 110 87 225 173 78 95 78
is_linear=0
shrinkage=0.03


Tree=38
num_leaves=7
num_cat=0
split_feature=37 38 14 14 25 22
split_gain=5.95757 5.24203 12.38 10.6792 8.39656 7.28921
threshold=0.0706511704390307 0.010782881054116357 43.517682719311786 79.335529321006348 0.31151315789473694 0.18820264566327008
decision_type=2 2 2 2 2 2
left_child=1 3 5 4 -1 -3
right_child=-2 2 -4 -5 -6 -7
leaf_value=-0.012961974112722088 -0.022675302631956717 0.024304447117882561 -0.021581878677606386 0.019796949909853766 0.0058714884860071297 -0.0049967088942656735
leaf_weight=60.800440326333046 8.2967069596052152 27.183665946125984 7.2067417800426474 14.015301540493963 29.531907424330711 8.4809616506099683
leaf_count=252 34 112 30 57 121 35
internal_value=-0.000552843 0.000880581 0.00954336 -0.00265003 -0.00664857 0.0170431
internal_weight=155.516 147.219 42.8714 104.348 90.3323 35.6646
internal_count=641 607 177 430 373 147
is_linear=0
shrinkage=0.03


Tree=39
num_leaves=10
num_cat=0
split_feature=23 21 35 23 19 35 23 11 10
split_gain=5.16201 7.0309 6.70807 6.09973 6.06164 6.01048 6.96071 5.46606 4.13586
threshold=1.1230438249514789 0.013046988220530822 0.01219199190310505 0.95792329627567452 0.13036004639272245 0.023238875742619961 0.79469837450226499 -0.0019724970319157649 -0.0011921750706395671
decision_type=2 2 2 2 2 2 2 2 2
left_child=2 -2 3 4 -1 -4 -7 -5 -3
right_child=1 8 5 7 -6 6 -8 -9 -10
leaf_value=-0.021753687745056805 -0.023059325481188442 0.014616274616231327 0.02714209811078188 -0.0082192130049486157 0.0063889275452860342 -0.011688482776102616 0.0099676853322618782 0.022558917344740859 -0.010242017073164512
leaf_weight=22.049721494317058 17.267610043287277 9.8220188170671481 10.756178706884382 7.986630171537402 7.5792164355516425 16.248882308602333 45.365645840764046 8.3164196908473951 9.9549259245395643
leaf_count=91 73 41 44 33 31 67 186 34 41
internal_value=-0.000541588 -0.0100897 0.00244159 -0.00618218 -0.0141317 0.00813564 0.00383284 0.00741106 0.00162334
internal_weight=155.347 37.0446 118.303 45.932 29.6289 72.3707 61.6145 16.303 19.7769
internal_count=641 155 486 189 122 297 253 67 82
is_linear=0
shrinkage=0.03


Tree=40
num_leaves=9
num_cat=0
split_feature=21 35 35 36 19 19 35 11
split_gain=9.11044 7.4736 9.24852 8.87596 8.5638 4.29998 5.05798 1.21529
threshold=0.021909946211949614 0.0052147498903151188 0.047014515513737039 0.0045259450790139204 0.07268266800613675 0.094812685677271968 -0.032653295259744079 0.011688755734422964
decision_type=2 2 2 2 2 2 2 2
left_child=1 5 4 -4 -3 6 -1 -7
right_child=-2 2 3 -5 -6 7 -8 -9
leaf_value=0.012390587026926582 0.022915776627852928 -0.0013452297786952692 0.012245517080679542 -0.016241658208039286 0.022410612636423001 -0.026526300868733092 -0.012921336278899182 -0.0058825318768467591
leaf_weight=9.7211574316024798 12.187016844749449 23.962577790021896 11.999047771096228 29.640275299549103 26.138545975089073 14.143419921398165 15.412821188569067 7.2521325498819342
leaf_count=40 51 99 50 123 107 58 64 30
internal_value=0 -0.00231129 0.00254118 -0.0075039 0.0111452 -0.0118982 -0.00238686 -0.0212712
internal_weight=150.457 138.27 91.7404 41.6393 50.1011 46.5295 25.134 21.3956
internal_count=622 571 379 173 206 192 104 88
is_linear=0
shrinkage=0.03


Tree=41
num_leaves=9
num_cat=0
split_feature=21 17 3 36 19 19 34 12
split_gain=8.67409 5.60098 6.72009 4.80328 4.80327 6.75955 4.18335 1.18188
threshold=0.021909946211949614 0.39359604165883694 0.00057787426228994587 0.0068774530163991298 0.093662566707162706 0.072102682796111497 -0.031138594858607368 48.092287561576363
decision_type=2 2 2 2 2 2 2 2
left_child=1 2 6 -4 5 -3 -1 -6
right_child=-2 4 3 -5 7 -7 -8 -9
leaf_value=0.014769141380636404 0.022398476535190087 -0.011578811091528262 0.022752096102043075 -0.0030410051726040038 -0.02963144098267995 0.011543247638226159 -0.0069955199354853033 -0.0074454385157145817
leaf_weight=7.3882369399070731 12.141310498118399 29.226785495877266 18.210271105170253 7.5503474920988074 8.7721188217401522 15.558321416378019 43.703188940882683 7.7451270818710318
leaf_count=30 51 122 76 31 36 64 180 32
internal_value=0 -0.00225407 0.00297674 0.0149775 -0.00893552 -0.00307553 -0.00312784 -0.021966
internal_weight=150.296 138.154 76.852 25.7606 61.3024 44.7851 51.0914 16.5172
internal_count=622 571 317 107 254 186 210 68
is_linear=0
shrinkage=0.03


Tree=42
num_leaves=11
num_cat=0
split_feature=16 16 34 28 20 19 10 22 20 0
split_gain=6.22521 8.36761 7.77822 6.86313 9.25644 5.77535 9.71809 4.53729 3.07077 0.255952
threshold=1.5254832292602816 6.556734310790084 -0.036230795524886554 5.5000000000000009 0.015852934718714306 0.10308623119107703 -0.020821451026175882 0.11624209204824233 0.014775856733985461 -0.0018371542154060336
decision_type=2 2 2 2 2 2 2 2 2 2
left_child=2 8 -1 7 -5 6 -4 -3 -2 -7
right_child=1 3 5 4 -6 9 -8 -9 -10 -11
leaf_value=0.01967666933354344 0.034823977872509931 0.022172215657663624 0.022703835787536129 -0.030363573876492165 0.0023261619222007227 -0.011393442622837164 -0.009213519351667936 -0.002834140620373792 0.0059771589653241069 -0.030309001558121218
leaf_weight=7.5100099593400946 8.648207902908327 13.616841495037081 8.2633629292249662 9.6090378165245074 20.809663832187653 8.7469705790281314 47.603137671947479 8.8938810676336271 8.4470400959253293 8.0229290872812253
leaf_count=31 35 56 34 41 87 36 197 37 35 33
internal_value=0 0.00644514 -0.00563757 1.73364e-05 -0.00877373 -0.00891297 -0.00361179 0.0122553 0.0234748 -0.0235073
internal_weight=150.171 70.0247 80.1464 52.9294 30.4187 72.6364 55.8665 22.5107 17.0952 16.7699
internal_count=622 291 331 221 128 300 231 93 70 69
is_linear=0
shrinkage=0.03


Tree=43
num_leaves=8
num_cat=0
split_feature=21 35 35 36 36 36 35
split_gain=8.13042 7.15226 8.80313 8.24458 7.70519 4.60003 7.54273
threshold=0.021909946211949614 0.0087343649833020471 0.047014515513737039 0.0045259450790139204 0.0043786339792509241 0.0053352491639303426 -0.032653295259744079
decision_type=2 2 2 2 2 2 2
left_child=1 5 4 -4 -3 -1 -7
right_child=-2 2 3 -5 -6 6 -8
leaf_value=0.0078840176755256824 0.021752487227460461 -0.010208052414925554 0.011958044109093725 -0.015488374891253079 0.017294860778825624 -0.00045343743591285253 -0.026633803465786535
leaf_weight=7.1906515955924979 12.075501710176466 9.6497537493705732 12.011239305138586 29.538122236728668 38.678958341479301 19.223735719919205 21.646710067987442
leaf_count=30 51 40 50 123 159 79 90
internal_value=0 -0.00216721 0.00270672 -0.00702484 0.0113179 -0.0113255 -0.0152652
internal_weight=150.015 137.939 89.8781 41.5494 48.3287 48.0611 40.8704
internal_count=622 571 372 173 199 199 169
is_linear=0
shrinkage=0.03


Tree=44
num_leaves=9
num_cat=0
split_feature=21 35 28 35 36 36 6 17
split_gain=7.74185 6.76302 12.5347 8.28159 7.82084 7.29928 2.89168 2.38714
threshold=0.021909946211949614 0.0087343649833020471 2.5000000000000004 0.047014515513737039 0.0045259450790139204 0.0043786339792509241 -0.0086299493819509288 1.0048939763764519
decision_type=2 2 2 2 2 2 2 2
left_child=1 2 7 5 -5 -3 -4 -1
right_child=-2 3 6 4 -6 -7 -8 -9
leaf_value=0.016657504421693593 0.021267989510483063 -0.0099651579532637029 -0.0063095259886105726 0.011641053800607551 -0.015080478833473892 0.016794294926191337 -0.028949689690081125 -0.0030314611677825574
leaf_weight=10.067769214510919 12.026380226016043 9.637349918484686 10.938150152564051 12.022447273135183 29.481909796595573 38.696189716458321 19.669353410601616 7.3047785013914099
leaf_count=41 51 40 45 50 123 159 83 30
internal_value=0 -0.00211113 -0.0110273 0.00262386 -0.00681601 0.0109767 -0.0222021 0.00814616
internal_weight=149.844 137.818 47.9801 89.8379 41.5044 48.3335 30.6075 17.3725
internal_count=622 571 199 372 173 199 128 71
is_linear=0
shrinkage=0.03


Tree=45
num_leaves=10
num_cat=0
split_feature=2 21 9 15 10 9 15 11 25
split_gain=5.83702 15.3504 5.67481 8.27373 10.7071 7.22333 6.14861 1.99245 1.12701
threshold=0.011707240559266753 0.014655048083171985 0.032524198413592741 -36.166542824973455 0.017399336525029011 0.057275311091262972 -63.044999107765697 0.011488152634984707 0.3306010928961749
decision_type=2 2 2 2 2 2 2 2 2
left_child=2 8 3 6 -5 -4 -1 -3 -2
right_child=1 7 5 4 -6 -7 -8 -9 -10
leaf_value=0.0048182975966828126 -0.029676836939460854 0 -0.027619917677714375 0.015613757726381189 -0.016752831339719939 0.0041784436900502387 -0.029643512253393584 0.017492470428667257 -0.008972250836113544
leaf_weight=7.5120829194784164 17.161992490291599 14.114810109138491 9.1573871970176715 61.246978297829628 8.6492283642292005 12.61685301363468 6.9097970426082593 8.7307876497507078 8.1102366596460325
leaf_count=31 73 59 40 250 36 52 30 36 34
internal_value=-0.000788766 -0.00931715 0.00304131 0.00667105 0.0110453 -0.00976226 -0.012379 0.00774477 -0.0247277
internal_weight=154.21 48.1178 106.092 84.3181 69.8962 21.7742 14.4219 22.8456 25.2722
internal_count=641 202 439 347 286 92 61 95 107
is_linear=0
shrinkage=0.03


Tree=46
num_leaves=11
num_cat=0
split_feature=40 34 16 28 16 34 40 8 6 20
split_gain=6.98688 7.64182 7.61361 7.81464 7.46997 8.65267 7.23152 4.51626 1.20863 1.09609
threshold=-0.028738681963006159 -0.040001457624276641 9.4414452809034106 5.5000000000000009 1.5254832292602816 -0.0043324841583393106 0.040036700403983001 0.031364305775631637 -0.0070499860583320547 0.017392508528336615
decision_type=2 2 2 2 2 2 2 2 2 2
left_child=1 -1 4 7 5 -2 -6 -4 -3 -5
right_child=2 8 3 9 6 -7 -8 -9 -10 -11
leaf_value=0.0082292864043590208 0.015205499306433053 -0.010376924245972752 -0.011445996694963276 -0.030939271716339305 0.0030879049360697146 -0.0072089755718338193 0.033927920355547356 0.015811366530475029 -0.032961009592457 -0.0097465520752749567
leaf_weight=7.4058600068092373 21.973030969500542 9.2010358124971425 7.1815110892057445 8.1732871979475039 15.635554134845735 41.561925306916237 12.968878611922262 10.80506671965122 9.0232364237308467 10.001150727272032
leaf_count=31 90 38 30 36 65 173 53 45 38 42
internal_value=-0.000793371 -0.0145553 0.0020219 -0.00915463 0.00666889 0.000541468 0.0188639 0.00412147 -0.0244542 -0.0221431
internal_weight=153.931 25.6301 128.3 36.161 92.1394 63.535 28.6044 17.9866 18.2243 18.1744
internal_count=641 107 534 153 381 263 118 75 76 78
is_linear=0
shrinkage=0.03


Tree=47
num_leaves=9
num_cat=0
split_feature=40 7 22 9 28 11 11 38
split_gain=6.64608 6.60964 5.84895 6.28555 5.47409 9.41942 5.12977 5.03941
threshold=-0.028738681963006159 0.011068546398770309 -0.25802455785723422 0.034766741518669077 5.5000000000000009 0.0047594215039987739 0.0096871764272704625 0.011678210443881501
decision_type=2 2 2 2 2 2 2 2
left_child=7 2 -2 -4 5 -3 -6 -1
right_child=1 4 3 -5 6 -7 -8 -9
leaf_value=-0.026163812416735335 -0.0097774846229079348 -0.014621175931719676 0.014321761668507309 -0.0070240412412732886 -0.00023033015109818352 0.023697683077143015 -0.029288408206451618 0
leaf_weight=12.768924891948702 13.62820543348789 9.7538866698741931 59.855812504887581 13.196258202195166 10.961352482438089 9.1238067895174009 11.640601739287375 12.827328592538832
leaf_count=53 57 41 246 56 47 38 49 54
internal_value=-0.000780854 0.00196371 0.00672461 0.0101815 -0.00749188 0.00367631 -0.0169701 -0.0142128
internal_weight=153.756 128.16 86.6803 73.0521 41.4796 18.8777 22.602 25.5963
internal_count=641 534 359 302 175 79 96 107
is_linear=0
shrinkage=0.03


Tree=48
num_leaves=10
num_cat=0
split_feature=2 21 14 5 14 16 11 34 38
split_gain=5.31581 14.4116 4.67076 7.35414 6.95309 5.97225 3.4837 2.45174 1.43168
threshold=0.011707240559266753 0.014655048083171985 41.325327625873804 0.08159259302456269 -47.304957325670323 9.4414452809034106 -0.031779731269653437 0.015772012390786298 0.0075516974502015761
decision_type=2 2 2 2 2 2 2 2 2
left_child=2 8 4 -4 6 -6 -1 -3 -2
right_child=1 7 3 -5 5 -7 -8 -9 -10
leaf_value=0.001765418961462288 -0.0081470186311162502 0 -0.021238290140173331 0.011951743721152555 0.013640680250504739 -0.0096232727134734006 -0.024133363089793979 0.018555360303987717 -0.029415491735200219
leaf_weight=7.2129628658294678 8.3980407416820544 14.267755851149561 13.754679858684542 7.456773877143859 60.823079869151115 9.538263872265814 6.9826230406761152 8.5223782211542112 16.662591561675072
leaf_count=30 36 59 59 31 249 40 30 36 71
internal_value=-0.000787079 -0.00895281 0.00286559 -0.00889981 0.00612773 0.0101009 -0.0114547 0.00755856 -0.0239714
internal_weight=153.619 47.8508 105.768 21.2115 84.5569 70.3613 14.1956 22.7901 25.0606
internal_count=641 202 439 90 349 289 60 95 107
is_linear=0
shrinkage=0.03


Tree=49
num_leaves=10
num_cat=0
split_feature=2 2 20 9 28 10 14 20 36
split_gain=5.02304 6.14137 5.75856 4.98216 10.7523 7.36046 9.65953 3.29756 1.50406
threshold=0.011707240559266753 0.031476104053236538 0.019554884174534687 0.032524198413592741 6.5000000000000009 0.017399336525029011 -47.304957325670323 0.014775856733985461 0.0071220746004734565
decision_type=2 2 2 2 2 2 2 2 2
left_child=3 2 7 5 -5 6 -1 -2 -3
right_child=1 8 -4 4 -6 -7 -8 -9 -10
leaf_value=-0.011192162319319179 -0.0035403278979688961 -0.0017718389362231866 0.0032741427038680509 0.010876655453942409 -0.027813782194613165 -0.016763831444500159 0.014647445342109893 -0.030243889600722544 0.014435368627681994
leaf_weight=14.159153565764425 7.9335327744483974 7.7451538443565351 8.6162566095590574 10.364289954304697 11.238480612635611 8.8323548734188062 61.055006638169289 16.184176623821259 7.2342946827411652
leaf_count=60 34 33 36 43 49 37 250 69 30
internal_value=-0.000784734 -0.00873679 -0.0158453 0.00276283 -0.00926714 0.00617279 0.00942494 -0.0229778 0.00595035
internal_weight=153.363 47.7134 32.734 105.649 21.6028 84.0465 75.2142 24.1177 14.9794
internal_count=641 202 139 439 92 347 310 103 63
is_linear=0
shrinkage=0.03


Tree=50
num_leaves=13
num_cat=0
split_feature=21 5 19 34 17 7 8 21 35 34 32 34
split_gain=5.59898 9.37798 7.57257 6.46272 5.86488 6.2998 7.08983 5.54871 5.23256 3.58766 3.15482 2.95636
threshold=0.013857595621134044 0.0029960364722684267 0.082160562425131881 0.022563008441926272 0.73002328357505075 -0.0058369396069946596 -0.032369199965267652 0.011981265018235676 0.055666227439163725 -0.014559244352543519 0.0028174603174603301 0.0093242001049839169
decision_type=2 2 2 2 2 2 2 2 2 2 2 2
left_child=4 2 -2 11 5 6 -1 -7 10 -4 -6 -3
right_child=1 3 9 -5 8 7 -8 -9 -10 -11 -12 -13
leaf_value=0.01480825308606231 0.039473874661718276 0 0.018260370714369548 -0.016775099132316708 -0.026989890418925626 0.023552857112379526 -0.01598545539019889 -0.0034500280910426482 0.0068996148895569169 -0.0071421286535313638 -0.0054666316770515082 0.020534342398427309
leaf_weight=7.5568388849496868 10.216771423816683 17.925654157996181 7.8038098365068436 13.437553375959395 14.961261972784998 15.709436491131784 19.464935809373856 9.0128967612981779 8.0534723401069623 7.5609904378652555 14.926553860306738 7.8894915878772727
leaf_count=31 42 74 33 57 64 65 80 38 34 32 63 33
internal_value=0.00140852 0.00806329 0.0214991 -0.000947206 -0.0033096 0.00302371 -0.00642989 0.0136258 -0.0120414 0.00551319 -0.0177282 0.00736619
internal_weight=154.52 64.8343 25.5816 39.2527 89.6854 51.7441 27.0218 24.7223 37.9413 15.3648 29.8878 25.8151
internal_count=646 271 107 164 375 214 111 103 161 65 127 107
is_linear=0
shrinkage=0.03


Tree=51
num_leaves=10
num_cat=0
split_feature=25 36 20 20 15 38 36 32 40
split_gain=8.03531 6.52221 5.58986 7.88908 4.76314 6.54801 4.12673 2.86632 2.59102
threshold=0.091127622377622383 0.0044888707732613038 0.021918653174554516 0.013757471010771179 35.465213352374853 0.010720142492578711 0.0072988205354130925 0.0031455952564990457 0.021619436998289724
decision_type=2 2 2 2 2 2 2 2 2
left_child=4 8 3 -3 5 6 -1 -4 -2
right_child=1 2 7 -5 -6 -7 -8 -9 -10
leaf_value=-0.033523941918530767 0.029513828317775218 0.018263550725823353 0.027936956417408169 -0.0055176476365703083 0.0057060793902096504 0.0037295876446597838 -0.0027571039849955082 0.00068359885664168965 0.0031652770721520918
leaf_weight=13.330831974744802 10.914877876639368 13.25335346162319 8.1583356708288175 67.199243694543839 10.75952525436878 9.0282277166843397 7.3096034973859778 7.2318105697631827 7.1440921276807776
leaf_count=57 45 55 35 281 45 38 30 30 30
internal_value=0.0013836 0.00553899 0.00206318 -0.00107015 -0.00967941 -0.0157407 -0.0244968 0.0175446 0.0211931
internal_weight=154.33 113.902 95.8427 80.4526 40.4282 29.6687 20.6404 15.3901 18.059
internal_count=646 476 401 336 170 125 87 65 75
is_linear=0
shrinkage=0.03


Tree=52
num_leaves=8
num_cat=0
split_feature=25 34 25 34 20 26 8
split_gain=7.65333 5.78036 6.43252 5.14421 4.58257 4.31911 1.77654
threshold=0.091127622377622383 0.044840670371214426 0.12685643564356439 0.0097892813297230114 0.017392508528336615 0.32173123486682814 0.0075736966354700971
decision_type=2 2 2 2 2 2 2
left_child=4 2 -2 -4 6 -6 -1
right_child=1 -3 3 -5 5 -7 -8
leaf_value=-0.0058407166410500188 0.026250922056928937 -0.015863201759885221 -0.001657877698508489 0.012138749073735388 0.011497649478857201 -0.013957992890715813 -0.027399067493113084
leaf_weight=9.7599632143974322 12.631729781627653 8.2376773506402952 52.741024285554886 40.227113232016563 12.043877348303797 8.4231604337692243 10.11225190758705
leaf_count=41 53 35 221 167 50 35 44
internal_value=0.00136998 0.00542591 0.00749004 0.00428386 -0.00943724 4.385e-05 -0.018999
internal_weight=154.177 113.838 105.6 92.9681 40.3393 20.467 19.8722
internal_count=646 476 441 388 170 85 85
is_linear=0
shrinkage=0.03


Tree=53
num_leaves=10
num_cat=0
split_feature=25 36 21 0 15 36 40 32 14
split_gain=7.27782 6.06547 5.14995 7.33807 4.5486 5.09706 2.47817 2.22055 1.41453
threshold=0.091127622377622383 0.0044888707732613038 0.018752165658725096 -0.0062521862588600921 35.465213352374853 0.00760446360765783 0.021619436998289724 0.0027502231490782463 -1.2491515616682134
decision_type=2 2 2 2 2 2 2 2 2
left_child=4 6 3 -3 5 8 -2 -4 -1
right_child=1 2 7 -5 -6 -7 -8 -9 -10
leaf_value=-0.009720863375828533 0.02847875313071517 0.013696085874571159 0.023392164458976617 -0.0067590023601654886 0.0057653134821846769 0.002088552939417124 0.0028110827164447368 0.00013947566603763893 -0.031271702596274584
leaf_weight=10.408379659056665 10.919050648808481 19.138453647494316 10.512799829244615 58.907559216022491 10.753358796238897 8.9260292798280698 7.1525534540414801 7.1773129254579535 10.1810290068388
leaf_count=44 45 79 45 247 45 37 30 30 44
internal_value=0.00131521 0.00527139 0.00191149 -0.00133873 -0.00923128 -0.0151901 0.0203595 0.0156922 -0.0228665
internal_weight=154.077 113.808 95.7361 78.046 40.2688 29.5154 18.0716 17.6901 20.5894
internal_count=646 476 401 326 170 125 75 75 88
is_linear=0
shrinkage=0.03


Tree=54
num_leaves=10
num_cat=0
split_feature=25 36 21 0 15 38 36 28 38
split_gain=6.93732 5.7574 4.90912 6.93972 4.34297 6.2617 3.79734 3.51884 2.40573
threshold=0.091127622377622383 0.0044888707732613038 0.018752165658725096 -0.0062521862588600921 35.465213352374853 0.010720142492578711 0.0072988205354130925 7.5000000000000009 0.0098119796908425622
decision_type=2 2 2 2 2 2 2 2 2
left_child=4 8 3 -3 5 6 -1 -4 -2
right_child=1 2 7 -5 -6 -7 -8 -9 -10
leaf_value=-0.032244111080577682 0.0050570029523486857 0.013326377860210414 0.02608144159616561 -0.006567323323136252 0.0056179457763238542 0.0041152250049931787 -0.0025821451649128023 0 0.029931144889781991
leaf_weight=13.13385826349259 9.1366059482097643 19.134857803583145 9.4624105244874972 58.867070823907852 10.756783202290533 9.0000689178705198 7.3016092181205741 8.1815375834703428 8.938309118151663
leaf_count=57 38 79 41 247 45 38 30 34 37
internal_value=0.00129662 0.00516088 0.00187931 -0.0012885 -0.00900783 -0.0148472 -0.0234894 0.0153528 0.0198613
internal_weight=153.913 113.721 95.6459 78.0019 40.1923 29.4355 20.4355 17.6439 18.0749
internal_count=646 476 401 326 170 125 87 75 75
is_linear=0
shrinkage=0.03


Tree=55
num_leaves=11
num_cat=0
split_feature=5 15 11 7 28 20 37 24 24 16
split_gain=5.53945 8.34949 12.0971 7.75112 8.0624 10.464 7.88958 2.37368 2.99093 0.935037
threshold=-0.020887870855148368 -36.166542824973455 -0.03973225712061889 -0.0087055008029980046 6.5000000000000009 0.016908173288135077 0.022854298344951899 0.18697033898305088 -0.38516483516483513 -10.732384532679564
decision_type=2 2 2 2 2 2 2 2 2 2
left_child=1 2 -1 9 6 -6 -5 8 -3 -2
right_child=3 7 -4 4 5 -7 -8 -9 -10 -11
leaf_value=0.014859297287943126 -0.010951680767782045 0.0062152771864589411 -0.03213164127605686 -0.012841360650605579 -0.026146920950402844 0.0011416428525798117 0.014934837234631597 0.0025156847199124493 0.033332089169823699 -0.031665120755098503
leaf_weight=7.3603620678186408 10.972236528992655 9.7205672413110751 8.2141231149435026 10.356466442346571 19.031494304537773 28.887144088745117 31.927258983254433 11.305171862244604 8.9010105580091494 7.5159702748060218
leaf_count=31 45 40 36 44 83 122 133 47 37 31
internal_value=-0.0019172 0.00653801 -0.00990687 -0.0056465 -0.00164445 -0.0100092 0.00752024 0.0156506 0.02188 -0.0223735
internal_weight=154.192 45.5012 15.5745 108.691 90.2024 47.9186 42.2837 29.9267 18.6216 18.4882
internal_count=649 191 67 458 382 205 177 124 77 76
is_linear=0
shrinkage=0.03


Tree=56
num_leaves=12
num_cat=0
split_feature=15 11 8 9 11 25 11 28 19 11 7
split_gain=5.18297 8.88251 8.11762 12.0937 7.88035 5.52817 4.09508 3.50045 3.30603 3.18778 2.45922
threshold=19.341319968801859 0.028928506720424133 0.033616644812307243 0.038317199896530124 -0.0085166880664361271 0.10389805097451275 -0.023668643016048371 10.500000000000002 0.11041948889465497 -0.015503983383182705 0.0077799084423449535
decision_type=2 2 2 2 2 2 2 2 2 2 2
left_child=4 7 3 -3 6 -6 8 -2 -1 -8 -7
right_child=1 2 -4 -5 5 10 9 -9 -10 -11 -12
leaf_value=0.013034324861492487 -0.026052597816672209 0.018638439198309448 0.022493503540318507 -0.024669859610777011 -0.0041928305064563584 0.023186737998715509 -0.024271642918264291 -0.0015874868572272654 -0.0084910670462813326 -0.00081502626174784546 0.0050094867211314684
leaf_weight=11.23362770676613 20.962093472480777 7.3574776351451936 10.010286599397658 12.870384007692335 14.054977998137472 20.693392589688301 12.157302260398867 8.9462588280439359 9.9577800780534726 10.685726806521414 14.956243410706518
leaf_count=47 89 30 42 55 59 86 52 39 42 45 63
internal_value=-0.00187367 -0.00865515 0.00241056 -0.00798284 0.00241081 0.0105177 -0.00647348 -0.0197628 0.00241284 -0.0148517 0.0166304
internal_weight=153.886 60.1465 30.2381 20.2279 93.7391 49.7046 44.0344 29.9084 21.1914 22.843 35.6496
internal_count=649 255 127 85 394 208 186 128 89 97 149
is_linear=0
shrinkage=0.03


Tree=57
num_leaves=12
num_cat=0
split_feature=5 14 11 8 19 16 26 12 10 35 2
split_gain=5.14057 9.51503 10.1299 7.57184 7.08594 6.99343 6.64562 2.12566 1.83498 1.35642 0.182387
threshold=-0.020887870855148368 -42.524746792224498 -0.03973225712061889 0.033616644812307243 0.090369444484638059 23.209641358711973 0.02837022132796781 42.576585846892627 0.0041745671119811653 0.032465131591025827 -0.004079413771488515
decision_type=2 2 2 2 2 2 2 2 2 2 2
left_child=1 2 -1 4 6 9 -2 10 -6 -5 -3
right_child=3 7 -4 5 8 -7 -8 -9 -10 -11 -12
leaf_value=0.013636476165086394 0.018555562323849327 0.011919869108827781 -0.028253282106178397 0.029711457564882988 -0.0073684665643368868 -0.0076134857344333879 -0.0082765989931494772 0.0028225932174550526 -0.031789005711968077 0.0060157299546826056 0.029317245056962166
leaf_weight=7.1186275035142925 7.564294606447219 10.335141122341158 9.7760210186243039 7.2151346504688281 7.6035642474889782 11.91270963847637 54.463716775178909 9.9414647221565229 12.48533748090267 7.0571849048137665 8.1336985975503939
leaf_count=30 31 43 43 31 32 51 229 41 54 30 34
internal_value=-0.00182686 0.00633054 -0.0102339 -0.00542818 -0.00993967 0.00788917 -0.00429276 0.0166993 -0.0247291 0.021096 0.0224305
internal_weight=153.607 45.305 16.8946 108.302 82.1169 26.185 62.028 28.4103 20.0889 14.2723 18.4688
internal_count=649 191 73 458 346 112 260 118 86 61 77
is_linear=0
shrinkage=0.03


Tree=58
num_leaves=11
num_cat=0
split_feature=5 15 8 9 16 8 16 24 24 35
split_gain=4.89604 7.45571 7.21207 11.2744 6.69314 5.33069 5.20799 2.32696 2.85708 1.29807
threshold=-0.020887870855148368 -36.166542824973455 0.033616644812307243 0.036766786036860725 23.209641358711973 -0.0046387691476846692 -7.1794014709470408 0.18697033898305088 -0.38516483516483513 0.032465131591025827
decision_type=2 2 2 2 2 2 2 2 2 2
left_child=1 6 3 5 9 -2 -1 8 -3 -4
right_child=2 7 4 -5 -6 -7 -8 -9 -10 -11
leaf_value=-0.025750732052831481 -0.016964556412024111 0.0057445806715747082 0.029145619593567842 -0.031219517460747248 -0.0074222031375932853 0.0013045198379647148 0.0050635038802983512 0.001954173704315791 0.032222133827292596 0.0058729081016105468
leaf_weight=6.9780446588993064 17.55048643052578 9.6942712813615817 7.1740051060915011 15.551554471254347 11.904793575406073 48.877774596214294 8.42896820604801 11.263834506273268 8.8133268207311648 7.060529500246048
leaf_count=30 72 40 31 69 51 205 37 47 37 30
internal_value=-0.00175607 0.00621349 -0.00527479 -0.00968382 0.00772547 -0.00365776 -0.00938611 0.0148412 0.0209974 0.0206716
internal_weight=153.298 45.1784 108.119 81.9798 26.1393 66.4283 15.407 29.7714 18.5076 14.2345
internal_count=649 191 458 346 112 277 67 124 77 61
is_linear=0
shrinkage=0.03


Tree=59
num_leaves=8
num_cat=0
split_feature=34 19 8 10 4 12 8
split_gain=5.23208 4.45373 11.7543 7.74132 6.03445 4.96998 3.63891
threshold=-0.037518279428509486 0.10158706963073787 0.033616644812307243 -0.019764297842713659 0.072552136995650232 38.625331391658271 -0.023465491124332143
decision_type=2 2 2 2 2 2 2
left_child=-1 3 6 -2 -4 -5 -3
right_child=1 2 4 5 -6 -7 -8
leaf_value=0.014391786040327408 0.02284213507457207 -0.0057820120191710523 0.021600237991701216 -0.021122810628941471 -0.010328978579885179 -0.00015424258693459532 -0.033772271062063347
leaf_weight=14.031128883361815 9.7065865695476514 8.8849009573459643 8.9229069799184817 9.9464291930198652 7.9972982406616202 79.225131094455719 14.307939320802687
leaf_count=59 41 37 38 42 34 336 62
internal_value=-0.00169503 -0.0036065 -0.0117782 0 0.00621957 -0.00306971 -0.0249552
internal_weight=153.022 138.991 40.113 98.8781 16.9202 89.1716 23.1928
internal_count=649 590 171 419 72 378 99
is_linear=0
shrinkage=0.03


Tree=60
num_leaves=7
num_cat=0
split_feature=34 40 40 36 20 3
split_gain=5.50722 4.44573 5.5006 8.67439 5.29442 3.22206
threshold=-0.036230795524886554 0.093382542286192707 0.040036700403983001 0.006173882116836441 0.014622041722935223 -0.014624635041727728
decision_type=2 2 2 2 2 2
left_child=5 2 3 -2 -4 -1
right_child=1 -3 4 -5 -6 -7
leaf_value=0.028420960410832721 0.0035597228947021335 -0.02140211283202885 0.025371642992066075 -0.015106241290691821 0.0013869622580811238 0.0016900714203780492
leaf_weight=7.3157654553651836 49.793791934847832 7.4581726193428031 10.396112203598021 36.669093355536461 30.386566519737244 10.007985651493071
leaf_count=31 211 31 44 156 128 42
internal_value=0.000469319 -0.00155643 0 -0.00434954 0.00875188 0.0155279
internal_weight=152.027 134.704 127.246 86.4629 40.7827 17.3238
internal_count=643 570 539 367 172 73
is_linear=0
shrinkage=0.03


Tree=61
num_leaves=10
num_cat=0
split_feature=38 14 17 38 14 37 5 22 28
split_gain=6.53505 10.2622 9.19549 9.60084 4.27 6.03598 2.901 2.50589 2.25484
threshold=0.010782881054116357 44.557976002934545 -0.77732531017527184 0.0094980230471518184 -1.2491515616682134 0.032814669393940406 -0.059764938983203501 0.18820264566327008 5.5000000000000009
decision_type=2 2 2 2 2 2 2 2 2
left_child=2 6 4 8 -1 -6 -2 -8 -4
right_child=1 -3 3 -5 5 -7 7 -9 -10
leaf_value=0.018843912898508824 0 -0.017520447003623069 0.0033238808137823548 -0.031100864085904751 -0.010093045915354308 0.014203913461795569 0.026404818354370439 0.0036633889143465009 -0.0091907937038007339
leaf_weight=14.101205378770826 6.8277477174997321 7.588429480791091 20.010053351521492 14.19851106405258 20.007760003209114 13.813837781548498 20.496560171246532 8.3479260653257352 26.541347905993462
leaf_count=59 30 33 84 60 84 58 86 35 114
internal_value=0.000470694 0.0101523 -0.00336166 -0.011043 0.00612752 0 0.0170548 0.0209738 -0.0035871
internal_weight=151.933 43.2607 108.673 60.7499 47.9228 33.8216 35.6722 28.8445 46.5514
internal_count=643 184 459 258 201 142 151 121 198
is_linear=0
shrinkage=0.03


Tree=62
num_leaves=11
num_cat=0
split_feature=21 14 3 28 36 26 28 32 12 9
split_gain=6.13931 8.77238 5.26388 5.0733 5.02391 6.86595 6.11739 3.99563 2.31688 0.556728
threshold=0.014034902964197874 28.143616688555543 -0.029844516956715746 3.5000000000000004 0.006157900997307098 0.060120481927710849 5.5000000000000009 1.0000000180025095e-35 48.53229039431239 0.055069993081293435
decision_type=2 2 2 2 2 2 2 2 2 2
left_child=2 7 -1 -3 5 -4 -6 -2 -9 -5
right_child=1 3 4 9 6 -7 -8 8 -10 -11
leaf_value=0.01443720764957214 0.029178461150097666 0.011371473199201756 0.020801136815724097 -0.0036521937749755522 0.00017584917069759313 -0.0060187421577409441 -0.024049522037078344 -0.0037245632167876731 0.015050473268389092 -0.018911380194840753
leaf_weight=9.6383900344371778 14.363287582993506 9.0279341936111468 8.8847334831953031 7.7005675733089474 13.278454214334486 38.574574306607246 22.264644920825958 8.223691403865816 10.390902251005171 9.3783050328493101
leaf_count=40 62 38 37 33 56 164 95 35 43 40
internal_value=0.00045554 0.00795063 -0.0042332 -0.00445458 -0.00686639 -5.64721e-05 -0.0150724 0.0178932 0.00647164 -0.0139216
internal_weight=151.725 59.0847 92.6408 26.1068 83.0024 47.4593 35.5431 32.9779 18.6146 17.0789
internal_count=643 251 392 111 352 201 151 140 78 73
is_linear=0
shrinkage=0.03


Tree=63
num_leaves=10
num_cat=0
split_feature=38 14 17 38 34 19 14 9 19
split_gain=6.00643 9.51557 8.63135 9.12044 4.72685 8.02331 4.02237 8.59297 2.76458
threshold=0.010782881054116357 44.557976002934545 -0.77732531017527184 0.0094980230471518184 0.0012352704006407535 0.080802119625040095 -1.2491515616682134 0.0055650234678044112 0.077905398248122301
decision_type=2 2 2 2 2 2 2 2 2
left_child=2 4 6 8 -2 -6 -1 -8 -4
right_child=1 -3 3 -5 5 -7 7 -9 -10
leaf_value=0.018335034883358782 0.029307703280090899 -0.016922223399385015 -0.0092932965601457505 -0.030287608439629306 0.022280809837999519 -0.010947733650640456 -0.023019957931453418 0.0089497944483442927 0.0047668079077956308
leaf_weight=14.062597095966337 13.796207353472708 7.5480547100305548 27.915906980633736 14.109125494956968 11.123170658946039 10.655937805771826 8.4687975496053678 25.292106881737709 18.544324710965157
leaf_count=59 59 33 119 60 46 46 35 107 79
internal_value=0.000455975 0.00975586 -0.00321776 -0.010676 0.0164148 0.00583878 0.00597661 0 -0.00340664
internal_weight=151.516 43.1234 108.393 60.5694 35.5753 21.7791 47.8235 33.7609 46.4602
internal_count=643 184 459 258 151 92 201 142 198
is_linear=0
shrinkage=0.03


Tree=64
num_leaves=11
num_cat=0
split_feature=21 5 3 3 3 33 10 16 20 3
split_gain=5.74738 8.7147 9.12684 7.41916 4.90856 4.6393 5.96698 5.08331 3.43027 1.35763
threshold=0.014034902964197874 0.016140140863452283 0.0079668326225852421 0.035323727086262753 -0.029844516956715746 0.35257121716611178 -0.019355282764183964 6.556734310790084 0.021161831686733586 -0.029486756125286558
decision_type=2 2 2 2 2 2 2 2 2 2
left_child=4 2 9 8 -1 6 -6 -7 -3 -2
right_child=1 3 -4 -5 5 7 -8 -9 -10 -11
leaf_value=0.013934592868760335 0.012109379734464187 -0.02203931148692332 -0.0029900878004449133 0.014492925147775972 0 0.0066461481199746111 -0.027550359245342007 -0.010713054703071033 0.00055702876743698429 0.03941009139374712
leaf_weight=9.6145710200071317 6.9749527573585537 12.465556979179384 8.9704117923974973 11.932625040411947 11.025154128670694 29.952640071511269 15.379589632153509 26.4617540538311 8.0894516259431821 10.419381186366083
leaf_count=40 31 54 38 50 46 126 65 115 34 44
internal_value=0.000437203 0.00770818 0.0199306 -0.00235639 -0.00409858 -0.00664813 -0.0165936 -0.00132759 -0.0132206 0.0316139
internal_weight=151.286 58.8524 26.3647 32.4876 92.4337 82.8191 26.4047 56.4144 20.555 17.3943
internal_count=643 251 113 138 392 352 111 241 88 75
is_linear=0
shrinkage=0.03


Tree=65
num_leaves=11
num_cat=0
split_feature=17 20 15 25 6 34 28 23 23 14
split_gain=5.54196 13.1348 6.11336 4.91561 6.95367 7.47974 4.49164 3.76659 1.72473 2.04378
threshold=0.5744758232075996 0.016790421652797378 19.341319968801859 0.57979797979797987 -0.0065214593746923131 -0.0038068581678278308 6.5000000000000009 1.1605153753598028 0.83020913782496419 11.989565888143263
decision_type=2 2 2 2 2 2 2 2 2 2
left_child=3 8 7 4 5 -1 -6 -3 -2 -10
right_child=1 2 -4 -5 6 -7 -8 -9 9 -11
leaf_value=0.016070290494122091 -0.0027475252250907245 0.019013686764326011 -0.01249264772651151 -0.009225550218526243 0.030506000819784256 -0.009483074801103426 0.0066005034379807009 -0.0032199982311676739 -0.030365292884924712 -0.0067912975865708977
leaf_weight=15.416269972920416 7.1567188054323223 22.538043916225437 8.9457746446132642 11.956913113594053 15.979892194271086 23.046968460083008 17.292972832918167 7.3209743797779074 13.4676980227232 8.465403735637663
leaf_count=65 30 95 38 51 67 97 74 32 59 37
internal_value=0.00171453 -0.00445113 0.00661205 0.00687851 0.00994357 0.000676225 0.0195855 0.0132316 -0.0191675 -0.0232212
internal_weight=151.588 67.8946 38.8048 83.693 71.7361 38.4632 33.2729 29.859 29.0898 21.9331
internal_count=645 291 165 354 303 162 141 127 126 96
is_linear=0
shrinkage=0.03


Tree=66
num_leaves=6
num_cat=0
split_feature=37 10 0 15 21
split_gain=7.07128 6.7966 7.70006 6.56114 3.23864
threshold=0.07194877128827161 0.035831290451534444 -0.0011810300809190208 18.990995223388193 0.010256624297402065
decision_type=2 2 2 2 2
left_child=1 2 4 -4 -1
right_child=-2 -3 3 -5 -6
leaf_value=-0.0035931949707142313 -0.022780858611304078 0.022027725587090898 0.00046943205231615839 -0.018450566100362994 0.012446016982745226
leaf_weight=12.028992459177969 7.8530539870262137 13.781878247857092 48.921122893691063 21.766160249710083 47.035790130496025
leaf_count=51 33 59 209 95 198
internal_value=0.00165251 0.00338708 0.00098895 -0.00549746 0.00892317
internal_weight=151.387 143.534 129.752 70.6873 59.0648
internal_count=645 612 553 304 249
is_linear=0
shrinkage=0.03


Tree=67
num_leaves=8
num_cat=0
split_feature=38 17 38 20 40 33 12
split_gain=5.24839 7.09541 7.94588 7.79505 6.03488 5.60329 1.81551
threshold=0.019784473925122878 0.39359604165883694 0.012043929409627126 0.016790421652797378 0.016227912063791931 0.68246483375959088 67.093697112672459
decision_type=2 2 2 2 2 2 2
left_child=1 2 4 6 -1 -5 -3
right_child=-2 3 -4 5 -6 -7 -8
leaf_value=-0.00014379988312127599 0.022642302168419115 -0.021946279443525313 -0.016385888402117809 0.013462726826413052 0.017068648347515494 -0.0095474666137907449 -0.0018318996389689391
leaf_weight=29.266338184475899 7.9762518405914298 22.581453695893291 9.9671814143657667 17.92533153295517 40.358173295855522 15.823403924703596 7.3318356126546851
leaf_count=123 35 98 43 76 171 67 32
internal_value=0.00159765 2.70029e-05 0.00603502 -0.00721095 0.00982207 0.00232402 -0.01791
internal_weight=151.23 143.254 79.5917 63.662 69.6245 33.7487 29.9133
internal_count=645 610 337 273 294 143 130
is_linear=0
shrinkage=0.03


Tree=68
num_leaves=6
num_cat=0
split_feature=37 10 18 12 13
split_gain=6.72542 6.33529 7.64425 6.63749 4.29943
threshold=0.07194877128827161 0.035831290451534444 0.72981282435119377 63.168437953972024 8.633122191998682
decision_type=2 2 2 2 2
left_child=1 2 4 -4 -1
right_child=-2 -3 3 -5 -6
leaf_value=0.0070245347778378148 -0.022321797986285839 0.021276098579628946 -0.024480933585919892 0.0022116389891064779 -0.013023234406066612
leaf_weight=91.909075975418091 7.8206893354654303 13.716982290148733 15.279344499111177 13.894004374742506 8.4195238053798658
leaf_count=389 33 59 67 61 36
internal_value=0.00154398 0.00323997 0.000920967 -0.0119609 0.00497389
internal_weight=151.04 143.219 129.502 29.1733 100.329
internal_count=645 612 553 128 425
is_linear=0
shrinkage=0.03


Tree=69
num_leaves=6
num_cat=0
split_feature=37 10 18 12 22
split_gain=6.41343 6.03588 7.22418 6.34436 4.21198
threshold=0.07194877128827161 0.035831290451534444 0.72981282435119377 63.168437953972024 0.10966479943184405
decision_type=2 2 2 2 2
left_child=1 2 4 -4 -1
right_child=-2 -3 3 -5 -6
leaf_value=0.0091798055656929708 -0.021852598141051938 0.020770486609246113 -0.023953869519735011 0.0021528526262066206 -0.0033415169438922431
leaf_weight=66.401160463690758 7.7923227846622458 13.678633764386175 15.192404791712763 13.899716794490812 33.917610436677933
leaf_count=282 33 59 67 61 143
internal_value=0.00148455 0.00314253 0.000877364 -0.011662 0.0048172
internal_weight=150.882 143.09 129.411 29.0921 100.319
internal_count=645 612 553 128 425
is_linear=0
shrinkage=0.03


Tree=70
num_leaves=12
num_cat=0
split_feature=27 24 26 38 41 21 21 3 14 37 37
split_gain=5.42304 5.92453 5.23848 5.02772 4.69907 3.36823 4.35286 4.33076 3.32856 8.04033 4.13661
threshold=1.5000000000000002 -0.072794117647058801 0.41421362489486968 0.0071143839330249327 1.0000000180025095e-35 0.013857595621134044 0.010167586736349488 0.019756797234764315 10.232450504639475 0.014642756674669856 0.024279581263908504
decision_type=2 2 2 2 2 2 2 2 2 2 2
left_child=2 8 3 -1 -5 6 -3 -7 10 -10 -2
right_child=1 5 -4 4 -6 7 -8 -9 9 -11 -12
leaf_value=-0.017692023708199403 0.02939398999118522 0.0082128360773093319 -0.021047711138117091 -0.013281717321957454 0.010749173119783064 0.018043275135410698 -0.014971824433368735 -0.0073805106007255724 -0.018181132333353323 0.017228754248096265 0.00013580454270115157
leaf_weight=9.8889424353837949 14.745040535926821 8.1984379440546054 13.682653605937956 7.4776302874088278 27.181812956929207 11.882165506482126 21.147926449775696 8.1291891336441022 7.3202805817127254 12.73553943634033 7.3163091093301764
leaf_count=43 63 36 59 32 115 51 90 35 31 54 31
internal_value=0.000811971 0.00541111 -0.00610354 -0.000484191 0.00471369 -0.00140363 -0.0079055 0.00730174 0.013439 0.00314755 0.0211322
internal_weight=149.706 91.4749 58.231 44.5484 34.6594 49.3577 29.3464 20.0114 42.1172 20.0558 22.0613
internal_count=640 391 249 190 147 212 126 86 179 85 94
is_linear=0
shrinkage=0.03


Tree=71
num_leaves=14
num_cat=0
split_feature=15 15 15 1 25 35 26 4 36 20 24 2 17
split_gain=4.93295 7.67185 7.41282 8.36071 5.94415 5.73789 5.17741 4.78259 4.59474 3.12565 2.72627 2.21149 0.322282
threshold=21.771133359222507 35.465213352374853 -17.584245657933398 0.00067026168335193603 0.10389805097451275 0.02950493322693826 0.26713615023474185 -0.031499874774773888 0.0072104431564550984 0.020615026647601717 -0.44782214156079853 -0.0059179089695779999 0.243001259426773
decision_type=2 2 2 2 2 2 2 2 2 2 2 2 2
left_child=2 12 3 7 6 8 -4 -1 -3 -5 -6 -7 -2
right_child=1 5 4 9 10 11 -8 -9 -10 -11 -12 -13 -14
leaf_value=-0.0066930814740341453 -0.011300668461887108 0.029318573245345588 0.011421092998200832 -0.026572413496035573 0 0.0032919580979952948 -0.01712624067479309 0.021789209470560882 -0.00080470192225235273 0 0.020680828272730253 -0.014504900647502785 -0.029350751239171819
leaf_weight=7.5736836940050152 10.585250794887545 7.3122333586215955 9.4804867058992404 12.187203153967859 7.8525098860263816 7.5975885540246972 9.1018338501453382 9.2446276396512967 6.9248516857624054 6.7933102101087561 34.4206912368536 13.512180104851723 6.9294340908527365
leaf_count=32 44 32 40 53 33 32 39 40 30 30 146 58 31
internal_value=0.00078213 -0.00632275 0.00486933 -0.00549882 0.011188 0.00153779 -0.00213839 0.00881769 0.0154486 -0.0185307 0.0172168 -0.00772002 -0.0214868
internal_weight=149.516 52.8615 96.6543 35.7988 60.8555 35.3469 18.5823 16.8183 14.2371 18.9805 42.2732 21.1098 17.5147
internal_count=640 227 413 155 258 152 79 72 62 83 179 90 75
is_linear=0
shrinkage=0.03


Tree=72
num_leaves=9
num_cat=0
split_feature=26 15 15 1 19 15 35 15
split_gain=4.72106 4.85661 6.71147 8.44091 8.34734 5.28183 4.60674 0.280499
threshold=0.61754385964912295 21.771133359222507 -16.04148810843467 0.0015877148237679608 0.047612730079940956 35.465213352374853 0.048697796915044174 28.712318943926594
decision_type=2 2 2 2 2 2 2 2
left_child=1 2 3 -1 -4 7 -7 -3
right_child=-2 5 4 -5 -6 6 -8 -9
leaf_value=0.010388838943608881 -0.016604320275699178 -0.007625436316001293 -0.01148701950736572 -0.017712661431560806 0.017835918846338186 0.0084421522730072571 -0.015064139773904943 -0.024186108917429221
leaf_weight=16.994585230946541 10.747752800583838 8.0220935195684415 8.5208307504653913 17.070711567997932 47.316094428300858 24.821161761879921 8.2543768584728223 7.5036603957414618
leaf_count=73 48 34 36 75 200 106 36 32
internal_value=0.000742416 0.00241246 0.00656441 -0.00347873 0.0128593 -0.00492723 0.00162378 -0.0183318
internal_weight=149.251 138.504 89.9022 34.0653 55.8369 48.6013 33.0755 15.5258
internal_count=640 592 384 148 236 208 142 66
is_linear=0
shrinkage=0.03


Tree=73
num_leaves=13
num_cat=0
split_feature=15 21 21 15 15 20 35 38 9 16 23 21
split_gain=4.4447 10.4828 9.47636 8.44393 7.08304 6.5936 5.33567 6.50196 3.89786 2.70929 2.43993 2.24577
threshold=21.771133359222507 0.013897759783010175 0.011581811902023972 -18.49272801274012 35.465213352374853 0.015660071759744879 0.02950493322693826 0.0090356108761418964 -0.030578706386186493 8.1468638939097282 0.88663986981884479 0.013382421668303538
decision_type=2 2 2 2 2 2 2 2 2 2 2 2
left_child=1 2 5 -3 10 -1 7 -6 -4 -5 -2 -8
right_child=4 3 8 9 6 -7 11 -9 -10 -11 -12 -13
leaf_value=-0.0025829059314406992 -0.0030001947745360641 -0.0020979023027517373 0 0.033543467584808861 0.032598996950708205 0.022922257997294214 0.00088270546082164073 -0.0032307428808169246 -0.023921259237993854 0.0073094117672643033 -0.028992608342125969 -0.016590068683851961
leaf_weight=22.177175149321556 7.0061295032501247 12.497520491480826 8.2210351377725619 16.101632878184322 6.8045609444379789 12.212483510375021 11.103376999497415 7.4021690487861633 17.050638347864151 8.1549399793148023 10.396213129162787 9.956782251596449
leaf_count=96 30 55 34 70 30 51 47 32 73 34 45 43
internal_value=0.000686631 0.00457562 -0.00301148 0.0167983 -0.00606506 0.00682432 0.00147172 0.0149101 -0.016465 0.0265236 -0.0206892 -0.00744997
internal_weight=149.085 96.4154 59.6613 36.7541 52.6692 34.3897 35.2669 14.2067 25.2717 24.2566 17.4023 21.0602
internal_count=640 413 254 159 227 147 152 62 107 104 75 90
is_linear=0
shrinkage=0.03


Tree=74
num_leaves=6
num_cat=0
split_feature=26 34 14 16 26
split_gain=4.48478 4.45235 4.75356 5.84994 0.433423
threshold=0.61754385964912295 -0.036230795524886554 -47.304957325670323 7.6993672158924182 0.19786453119786454
decision_type=2 2 2 2 2
left_child=1 4 -3 -4 -1
right_child=-2 2 3 -5 -6
leaf_value=0.005551393875959214 -0.016274684232318339 -0.016908657833291516 0.0069180679422156379 -0.0074575694247000302 0.022261388314732976
leaf_weight=7.2218745201826078 10.695382803678511 10.952826470136641 77.168073251843452 34.954013466835022 7.7856468111276627
leaf_count=31 48 48 327 153 33
internal_value=0.000666617 0.00229953 0.000184594 0.00225288 0.0167006
internal_weight=148.778 138.082 123.075 112.122 15.0075
internal_count=640 592 528 480 64
is_linear=0
shrinkage=0.03


Tree=75
num_leaves=6
num_cat=0
split_feature=26 35 35 32 36
split_gain=4.64656 3.79601 7.09936 5.47297 0.833603
threshold=0.61754385964912295 -0.056750367768685188 -0.03952372525612418 -0.0071560818571568255 0.008138132147436021
decision_type=2 2 2 2 2
left_child=1 4 -3 -4 -1
right_child=-2 2 3 -5 -6
leaf_value=0.004175725191441184 -0.016022292036153966 -0.02212940419093002 0.019797267721516961 0.0010086214187049669 0.022842652193380508
leaf_weight=6.9752923995256415 9.556829094886778 8.2676133662462217 14.631764024496077 102.25343015789986 8.6349474191665632
leaf_count=30 42 35 62 439 38
internal_value=0.00208404 0.00362565 0.00162953 0.00378025 0.0167748
internal_weight=150.32 140.763 125.153 116.885 15.6102
internal_count=646 604 536 501 68
is_linear=0
shrinkage=0.03


Tree=76
num_leaves=9
num_cat=0
split_feature=20 35 28 38 3 35 36 17
split_gain=5.20059 4.80342 7.28632 5.29792 5.28881 5.16634 5.61306 4.30477
threshold=0.024201928835804434 0.010535406034348551 2.5000000000000004 0.0073522421485820453 -0.021425074175463351 0.042782929003027832 0.005918254689754157 1.5109336563980189
decision_type=2 2 2 2 2 2 2 2
left_child=1 2 3 -1 -4 7 -7 -3
right_child=-2 5 4 -5 -6 6 -8 -9
leaf_value=0.023115293935100763 0.018649261183700593 0.017461136215779528 3.9344632738841062e-06 -0.0077474716353273018 -0.02515310215652879 0.0043970729218272327 -0.016095331760401288 -0.0013912886096770004
leaf_weight=7.682602256536482 13.258928418159483 29.950603544712067 9.966261103749277 7.8701828718185425 18.701665356755257 32.73003713786602 16.056724563241005 14.004845038056372
leaf_count=32 59 127 42 34 82 141 69 60
internal_value=0.00202966 6.75808e-05 -0.0077523 0.00753996 -0.0164884 0.00403947 -0.00242029 0.0113289
internal_weight=150.222 136.963 44.2207 15.5528 28.6679 92.7422 48.7868 43.9554
internal_count=646 587 190 66 124 397 210 187
is_linear=0
shrinkage=0.03


Tree=77
num_leaves=8
num_cat=0
split_feature=26 23 21 1 7 13 35
split_gain=4.3982 4.14209 3.96351 3.13332 7.17286 4.12964 2.38098
threshold=0.61754385964912295 1.1230438249514789 0.014655048083171985 -0.0064577521774587523 -0.0046150275413655269 -3.6572596055901907 0.018588480705633906
decision_type=2 2 2 2 2 2 2
left_child=1 3 6 4 -1 -5 -3
right_child=-2 2 -4 5 -6 -7 -8
leaf_value=0.0034120917173413846 -0.015662133621990884 0 0.0071661449020950169 -0.012587910013849535 0.033346322596607809 0.0057307018509726009 -0.02024648972116316
leaf_weight=23.977622374892235 9.5221756398677808 8.7058730423450488 11.699422746896742 11.083420872688292 9.6402259916067106 62.751961976289749 12.653226897120474
leaf_count=101 42 38 52 48 41 269 55
internal_value=0.0019763 0.0034799 -0.00534111 0.00637878 0.0138076 0.00252364 -0.0128611
internal_weight=150.034 140.512 33.0585 107.453 33.6178 73.8354 21.3591
internal_count=646 604 145 459 142 317 93
is_linear=0
shrinkage=0.03


Tree=78
num_leaves=8
num_cat=0
split_feature=34 16 16 20 23 19 23
split_gain=5.40108 5.80346 5.71162 10.2553 7.44865 1.85848 1.54946
threshold=-0.036230795524886554 18.472941713479972 -3.8598207518131811 0.020543541154949919 1.2029367388337782 0.10860792724672172 0.94681559577602725
decision_type=2 2 2 2 2 2 2
left_child=5 2 3 -2 -4 -1 -3
right_child=1 6 4 -5 -6 -7 -8
leaf_value=0.0033493182521710384 -0.012193543114886816 -0.02610440834655102 0.012739199991751706 0.015347002009913241 -0.014590534060807863 0.026328644370890546 -0.0042234592057609445
leaf_weight=8.1201413720846194 41.615834221243858 6.5851594656705847 53.515326380729675 14.637745991349218 8.4956925958394987 8.0671364963054639 8.8996705412864667
leaf_count=34 176 29 230 64 38 36 39
internal_value=0.00191788 -5.5645e-05 0.00218344 -0.00448886 0.00842172 0.017262 -0.0163081
internal_weight=149.937 133.749 118.265 56.2536 62.011 16.1873 15.4848
internal_count=646 576 508 240 268 70 68
is_linear=0
shrinkage=0.03


Tree=79
num_leaves=8
num_cat=0
split_feature=34 16 16 16 16 17 2
split_gain=5.18065 5.55164 5.38962 6.1635 4.24868 2.0062 1.17837
threshold=-0.036230795524886554 18.472941713479972 -1.4260741295677481 7.2310632987065739 -15.30084181024546 1.5421133137349015 0.018409071653757495
decision_type=2 2 2 2 2 2 2
left_child=5 2 4 -4 -2 -1 -3
right_child=1 6 3 -5 -6 -7 -8
leaf_value=0.02483773247641256 0.0063048774156842053 -0.022866804337776589 0.018768029558331817 -0.00061700539506833797 -0.0091595625773456205 0.0012217325087488357 -0.0028472290054762169
leaf_weight=9.3129364252090472 22.27062314748764 8.4158930033445341 26.645648926496506 27.25799448788166 42.026429399847984 6.8321056067943564 7.0256205201148978
leaf_count=40 95 37 113 120 180 30 31
internal_value=0.0018594 -7.0374e-05 0.00211588 0.00902571 -0.00354827 0.016907 -0.0159892
internal_weight=149.787 133.642 118.201 53.9036 64.2971 16.145 15.4415
internal_count=646 576 508 233 275 70 68
is_linear=0
shrinkage=0.03


Tree=80
num_leaves=13
num_cat=0
split_feature=9 14 27 7 5 14 35 37 35 26 11 14
split_gain=8.47865 6.40611 6.13606 5.63123 4.88758 4.76818 3.64487 4.64249 3.34808 1.78956 1.73743 0.806684
threshold=0.025058309164391036 79.335529321006348 1.5000000000000002 0.0082020255904486725 0.010613431269410058 -49.685869750154772 0.012647500846361461 0.0046297321452277726 0.031322588482372245 0.27701575532900841 0.017892419737589375 37.922651184828517
decision_type=2 2 2 2 2 2 2 2 2 2 2 2
left_child=2 10 6 5 -5 -4 9 -8 -3 -1 11 -2
right_child=1 8 3 4 -6 -7 7 -9 -10 -11 -12 -13
leaf_value=-0.023441032085583836 0 0.017994200468554499 -0.0037800356250094671 -0.018895569324690352 0.010456523781780729 0.019502389012153985 0.015904640048973885 -0.0093901744176259853 -0.0073552078842501149 -0.00087430012011795091 -0.024052547314714009 -0.013218241523753612
leaf_weight=8.3119393140077573 7.7030997276306135 6.9338496774435026 7.8447271585464469 8.2076902985572833 7.79292108118534 38.580096513032913 10.48499432206154 11.243957623839377 7.2054926306009293 6.911063775420188 18.541681930422783 6.6991789937019348
leaf_count=36 33 31 35 36 33 164 44 48 30 30 83 30
internal_value=-0.000483206 -0.0108009 0.00437384 0.0100692 -0.0041932 0.0152648 -0.00488569 0.00249511 0.00483596 -0.0153581 -0.0178341 -0.00695724
internal_weight=146.461 47.0833 99.3774 62.4254 16.0006 46.4248 36.952 21.729 14.1393 15.223 32.944 14.4023
internal_count=633 207 426 268 69 199 158 92 61 66 146 63
is_linear=0
shrinkage=0.03


Tree=81
num_leaves=13
num_cat=0
split_feature=9 14 27 7 15 5 22 35 35 15 36 19
split_gain=8.02627 6.11273 5.81527 5.32341 5.38037 4.66522 4.14128 3.33496 3.20664 1.83827 1.1019 0.89403
threshold=0.025058309164391036 79.335529321006348 1.5000000000000002 0.0082020255904486725 -36.166542824973455 0.010613431269410058 0.063638746667157201 0.0099941460479464634 0.031322588482372245 27.15289687112919 0.0057013751940565927 0.07268266800613675
decision_type=2 2 2 2 2 2 2 2 2 2 2 2
left_child=2 9 6 4 -4 -5 7 -1 -3 -2 -11 -8
right_child=1 8 3 5 -6 -7 11 -9 -10 10 -12 -13
leaf_value=-0.009988633452567286 -0.0049097540221360418 0.017632280113949107 -0.0054667532658985224 -0.018472976445292433 0.019341708356186687 0.010205097105834386 -0.0041349636664385564 0.011609535740058491 -0.0071833727468748245 -0.010562227423931692 -0.030751818748988736 -0.023334916998092474
leaf_weight=8.2917413264513034 11.670449927449225 6.9053748250007612 7.734869271516799 8.1896151751279813 38.624587148427963 7.7946184277534476 7.2199843376874906 14.106164723634718 7.2043800055980682 11.017291381955149 10.116205424070357 7.3071052432060242
leaf_count=36 51 31 35 36 164 33 31 60 30 49 46 31
internal_value=-0.000493775 -0.0105554 0.0042277 0.00977957 0.0148374 -0.00407454 -0.00478151 0.00283568 0.00471165 -0.0174465 -0.0226981 -0.0163553
internal_weight=146.182 46.9137 99.2687 62.3437 46.3595 15.9842 36.925 22.3979 14.1098 32.8039 21.1335 14.5271
internal_count=633 207 426 268 199 69 158 96 61 146 95 62
is_linear=0
shrinkage=0.03


Tree=82
num_leaves=11
num_cat=0
split_feature=9 3 27 38 10 35 15 36 38 1
split_gain=7.61468 6.33146 7.88366 6.82995 5.51633 3.88108 3.2769 2.32314 2.22495 2.0955
threshold=0.025058309164391036 0.012493481140540054 1.5000000000000002 0.011031800208539524 0.036849816973965062 0.012647500846361461 -36.166542824973455 0.0046118762527031969 0.007566951312943845 0.0049280986311556205
decision_type=2 2 2 2 2 2 2 2 2 2
left_child=1 2 5 8 7 -1 -4 -2 -3 -9
right_child=4 3 6 -5 -6 -7 -8 9 -10 -11
leaf_value=-0.015445415119852599 -0.0020786976515804086 -0.0030178514430665281 -0.00035896837101530743 0.011747083385225817 0.0051135359204162092 0.0052117054031435347 0.019287355598134936 -0.031581008797321709 -0.027955736985746906 -0.0096236774674247402
leaf_weight=11.985980108380319 10.114150851964949 7.4372819364070955 7.4928776919841757 7.7161122858524314 12.699090510606764 16.673451319336891 38.818627908825874 10.296738222241403 9.0209542512893659 13.642546683549879
leaf_count=52 44 32 34 34 56 70 165 47 39 60
internal_value=-0.000514989 0.0040806 0.00844705 -0.00849852 -0.0103359 -0.00338228 0.015915 -0.0164773 -0.0190473 -0.021353
internal_weight=145.898 99.1453 74.9709 24.1743 46.7525 28.6594 46.3115 34.0534 16.4582 23.9393
internal_count=633 426 321 105 207 122 199 151 71 107
is_linear=0
shrinkage=0.03


Tree=83
num_leaves=9
num_cat=0
split_feature=21 2 27 38 35 35 36 23
split_gain=5.23132 7.36554 4.61166 4.3661 3.41209 2.29575 4.28682 0.673811
threshold=0.018752165658725096 0.014027611200332137 1.5000000000000002 0.007530094691757412 0.012647500846361461 0.055666227439163725 0.0069262550178596869 1.0604981510860925
decision_type=2 2 2 2 2 2 2 2
left_child=1 2 4 -4 -1 6 -3 -2
right_child=7 5 3 -5 -6 -7 -8 -9
leaf_value=-0.018348677470684287 0.017511624359122627 -0.029563487304244466 0.017870838914958515 0.00022162425071449953 0 0 -0.00020513317492095348 0.0034807999416442796
leaf_weight=12.551663577556608 11.256819859147074 13.569349572062498 17.858258590102196 39.666661903262138 25.12638621032238 7.9844287037849417 7.7959827482700339 9.813330337405203
leaf_count=55 51 60 77 170 107 35 34 44
internal_value=-0.000526673 -0.00301074 0.000975079 0.00636906 -0.00678807 -0.0156556 -0.0204274 0.0124953
internal_weight=145.623 124.553 95.203 57.5249 37.678 29.3498 21.3653 21.0702
internal_count=633 538 409 247 162 129 94 95
is_linear=0
shrinkage=0.03


Tree=84
num_leaves=11
num_cat=0
split_feature=9 3 27 38 10 38 21 38 34 34
split_gain=7.17912 5.9867 7.21878 6.53117 5.1406 3.53998 2.70512 2.07089 1.73885 3.61503
threshold=0.025058309164391036 0.012493481140540054 1.5000000000000002 0.011031800208539524 0.036849816973965062 0.008251753630230823 0.013957158649195238 0.007566951312943845 0.02783276663541168 0.01160843184637528
decision_type=2 2 2 2 2 2 2 2 2 2
left_child=1 2 5 7 8 -1 -4 -3 9 -2
right_child=4 3 6 -5 -6 -7 -8 -9 -10 -11
leaf_value=-0.014839677214082745 -0.016717662180977658 -0.0030349744724466102 0.0085618023091471127 0.011498428036334501 0.0048299957311712209 0.0049377092762698006 0.025702858712485496 -0.027305949208489784 -0.029019991799009846 0.0053199464272852886
leaf_weight=11.721128061413767 19.21502755582333 7.4239176809787812 30.981756389141083 7.6879029572010031 12.665823087096213 16.902042105793953 15.22835625708103 8.9591674953699094 7.3037794679403296 7.3598026037216178
leaf_count=50 85 32 131 34 56 72 68 39 33 33
internal_value=-0.000512524 0.0039489 0.00819849 -0.00830257 -0.0100739 -0.00311151 0.0153537 -0.0186504 -0.0160226 -0.0101443
internal_weight=145.449 98.9043 74.8333 24.071 46.5444 28.6232 46.2101 16.3831 33.8786 26.5748
internal_count=633 426 321 105 207 122 199 71 151 118
is_linear=0
shrinkage=0.03


Tree=85
num_leaves=9
num_cat=0
split_feature=15 14 36 3 34 35 36 40
split_gain=5.72653 5.9785 6.30902 5.42028 4.47581 5.69459 3.23247 0.016894
threshold=-15.579775189809036 -7.2920961023685313 0.0038075975991348392 -0.0047397215549311858 -0.027292232755695086 0.019128282360766694 0.0069262550178596869 0.015380677895655228
decision_type=2 2 2 2 2 2 2 2
left_child=4 6 -3 -4 -1 7 -2 -6
right_child=1 2 3 -5 5 -7 -8 -9
leaf_value=0.0047661592156080755 0.026056626565457111 -0.022480393612495007 -0.0089798960980905125 0.0075250059429897405 -0.034500495580682577 -0.00011906826562617282 0 -0.012962300327903659
leaf_weight=10.399948477745054 11.629605472087862 8.3562296479940397 23.467443585395813 55.863956555724144 7.751801013946535 12.714091688394545 7.5111950784921637 6.893699049949646
leaf_count=45 51 36 102 244 34 54 32 32
internal_value=-0.000472212 0.00298779 -0.000290793 0.00235741 -0.0102963 -0.0164674 0.0173237 -0.0280391
internal_weight=144.588 106.828 87.6876 79.3314 37.7595 27.3596 19.1408 14.6455
internal_count=630 465 382 346 165 120 83 66
is_linear=0
shrinkage=0.03


Tree=86
num_leaves=6
num_cat=0
split_feature=37 8 7 19 18
split_gain=3.5671 6.25911 6.58995 6.3458 5.75524
threshold=0.0706511704390307 0.033616644812307243 0.01651346362054076 0.11012676891638522 0.95377348621080149
decision_type=2 2 2 2 2
left_child=1 2 3 -1 -3
right_child=-2 4 -4 -5 -6
leaf_value=0.0038846508583877427 -0.018324559624660224 0.026644907817006812 -0.021682526279403602 -0.015034174706112362 -0.0039527392341216546
leaf_weight=88.667014122009277 7.4892162382602683 12.483151257038118 11.524025008082388 17.305026933550835 6.9761261194944373
leaf_count=383 32 55 52 77 31
internal_value=-0.000476114 0.000641656 -0.0019353 0.000435062 0.0156306
internal_weight=144.445 136.955 117.496 105.972 19.4593
internal_count=630 598 512 460 86
is_linear=0
shrinkage=0.03


Tree=87
num_leaves=9
num_cat=0
split_feature=15 14 36 20 28 38 36 36
split_gain=5.32207 5.72452 6.02266 7.58787 3.34966 3.25299 3.75369 3.06311
threshold=-15.579775189809036 -7.2920961023685313 0.0038075975991348392 0.01510018788278729 2.5000000000000004 0.007566951312943845 0.007632475164479788 0.0069262550178596869
decision_type=2 2 2 2 2 2 2 2
left_child=4 7 -3 -4 -1 -6 -7 -2
right_child=1 2 3 -5 5 6 -8 -9
leaf_value=0.0053543379726712524 0.025447769216812993 -0.02206137080407209 0.016511940535640701 -0.0033871329737193098 -0.028991497409137066 -0.015649321736679885 0.0073434144753328941 0
leaf_weight=7.6837516725063315 11.565626293420793 8.3240399360656721 22.048584744334221 57.167162165045738 8.3272609859704989 13.266812577843668 8.3915745019912702 7.5115988403558722
leaf_count=33 51 36 96 250 38 57 37 32
internal_value=-0.000477071 0.00285747 -0.000347116 0.00223703 -0.00996129 -0.0144442 -0.00623904 0.0169116
internal_weight=144.286 106.617 87.5398 79.2157 37.6694 29.9856 21.6584 19.0772
internal_count=630 465 382 346 165 132 94 83
is_linear=0
shrinkage=0.03


Tree=88
num_leaves=8
num_cat=0
split_feature=15 15 34 34 20 20 21
split_gain=5.05547 4.8827 4.13352 4.97072 2.76267 4.86992 1.83005
threshold=-15.579775189809036 -8.3311341503238143 -0.027292232755695086 0.015487083900501021 0.01366532896550565 0.016908173288135077 0.013215343251023156
decision_type=2 2 2 2 2 2 2
left_child=2 -2 -1 6 -3 -6 -4
right_child=1 4 3 -5 5 -7 -8
leaf_value=0.0047019222890061618 0.019828089548564402 0.012812257366006548 -0.010569587851874422 0.00048079314841352412 -0.011051298346157149 0.003582046093700384 -0.035799307818305412
leaf_weight=10.387605443596838 11.300245225429533 11.808607652783392 10.340471476316457 9.5432352721691114 29.899287983775139 53.509308904409409 7.3063893914222708
leaf_count=45 49 51 47 41 133 232 32
internal_value=-0.000464453 0.00278247 -0.00972266 -0.0156918 0.000238927 -0.00162386 -0.0243599
internal_weight=144.095 106.517 37.5777 27.1901 95.2172 83.4086 17.6469
internal_count=630 465 165 120 416 365 79
is_linear=0
shrinkage=0.03


Tree=89
num_leaves=7
num_cat=0
split_feature=15 15 36 20 36 35
split_gain=4.81868 4.64113 3.11589 5.54144 2.79989 4.29924
threshold=-15.579775189809036 -8.3311341503238143 0.0037357669776730451 0.013867937564672996 0.0093892411730302789 0.019128282360766694
decision_type=2 2 2 2 2 2
left_child=4 -2 -3 -4 5 -1
right_child=1 2 3 -5 -6 -7
leaf_value=-0.023467171754659687 0.019351109399602176 -0.014429368172744216 0.020738517669022422 -0.0005893072929823264 0.0033269840863376435 0
leaf_weight=15.854003921151163 11.281007185578344 9.2914423197507841 10.600217089056967 75.273984551429749 8.9678590744733793 12.692519083619116
leaf_count=72 49 41 46 329 39 54
internal_value=-0.00044844 0.00271881 0.000235097 0.00228476 -0.00949782 -0.0139718
internal_weight=143.961 106.447 95.1656 85.8742 37.5144 28.5465
internal_count=630 465 416 375 165 126
is_linear=0
shrinkage=0.03


Tree=90
num_leaves=8
num_cat=0
split_feature=28 35 38 33 34 0 25
split_gain=3.105 6.37206 9.24935 6.26272 5.39593 4.3591 1.88586
threshold=2.5000000000000004 0.012647500846361461 0.019784473925122878 0.2608684488023994 -0.0043324841583393106 0.0029069976758420162 0.14833172147001936
decision_type=2 2 2 2 2 2 2
left_child=5 2 6 -3 -5 -1 -2
right_child=1 3 -4 4 -6 -7 -8
leaf_value=-0.0014386078621480827 -0.0058183442390187445 0.018958907072465874 0.015780855265383836 0.015739862209378647 -0.0054241805186840573 0.022262138811204122 -0.02328277952906551
leaf_weight=13.413886651396753 12.860750347375868 14.654521971940992 6.9862269759178153 11.15158076584339 56.950898677110672 10.144419819116591 22.369379207491875
leaf_count=58 57 62 32 47 249 44 98
internal_value=-0.000304653 -0.00231581 -0.0115804 0.00239503 -0.00139448 0.0091237 -0.0179653
internal_weight=148.532 124.973 42.2164 82.757 68.1025 23.5583 35.2301
internal_count=647 545 187 358 296 102 155
is_linear=0
shrinkage=0.03


Tree=91
num_leaves=12
num_cat=0
split_feature=27 21 36 15 15 23 15 21 6 2 36
split_gain=4.35203 5.22124 3.55859 2.68163 4.81644 4.44321 2.80411 4.05547 2.55669 2.78611 1.72006
threshold=1.5000000000000002 0.014598139331063084 0.0053836867069834453 20.677467347693618 37.952051732061996 0.83825776659091 8.5232049534868306 0.021909946211949614 0.0072682817919587439 -0.0010230117689771221 0.0072440293974836345
decision_type=2 2 2 2 2 2 2 2 2 2 2
left_child=1 8 -3 6 -5 -6 7 -2 9 -1 -4
right_child=3 2 10 4 5 -7 -8 -9 -10 -11 -12
leaf_value=-0.014456661947886097 0 0.019744685460055197 -0.012839293033417715 -0.016955229872361838 -0.011332243138923843 0.014423918007082924 0.021328958086375114 0.022776105975167146 -0.026122547600024346 0.0031288783239688867 0.0052921959322532698
leaf_weight=16.28626024723053 41.155942887067795 6.9236676394939449 7.1557466685771924 11.687302604317663 7.0485129654407528 14.735577523708342 9.4890470653772336 6.444894239306449 9.3390210717916471 11.439038813114168 6.6554732322692871
leaf_count=70 177 31 31 51 31 64 41 30 42 49 30
internal_value=-0.000278229 -0.00667342 0.00459418 0.00369734 -0.002628 0.00520737 0.00762312 0.00383864 -0.0132733 -0.00697417 -0.00358902
internal_weight=148.36 57.7992 20.7349 90.5613 33.4714 21.7841 57.0899 47.6008 37.0643 27.7253 13.8112
internal_count=647 253 92 394 146 95 248 207 161 119 61
is_linear=0
shrinkage=0.03


Tree=92
num_leaves=10
num_cat=0
split_feature=19 10 20 40 32 23 18 4 20
split_gain=2.97536 6.49497 5.13284 4.21031 7.21334 4.71548 3.58382 4.89248 2.71602
threshold=0.10308623119107703 -0.021212935794743478 0.025763244020906493 0.012890492489754714 -0.0071560818571568255 1.1136518159456601 0.76395826139764378 0.072552136995650232 0.017756495325717752
decision_type=2 2 2 2 2 2 2 2 2
left_child=1 -1 6 4 -3 -5 8 -8 -2
right_child=2 3 -4 5 -6 -7 7 -9 -10
leaf_value=0.025576706096194699 -0.00078043520870159052 0.017139682235185274 0.01363443512947103 0.011478497746991282 -0.012083583452088077 -0.0076861463402019305 0.015464031740977527 -0.01553757258272089 -0.024459388448306911
leaf_weight=7.8910025358200064 7.7373169660568264 7.2144353389739981 6.9353543519973746 36.782135874032974 37.522773429751396 13.872426792979239 7.5636031031608564 6.765895888209343 15.861258909106253
leaf_count=34 34 31 32 160 162 62 34 30 68
internal_value=-0.000262792 0.00243628 -0.00663535 0 -0.00651824 0.00585254 -0.0112148 0 -0.0179492
internal_weight=148.146 103.283 44.8634 95.3918 44.7372 50.6546 37.9281 14.3295 23.5986
internal_count=647 449 198 415 193 222 166 64 102
is_linear=0
shrinkage=0.03


Tree=93
num_leaves=11
num_cat=0
split_feature=27 19 40 26 4 1 8 28 19 26
split_gain=4.13614 3.30797 5.04378 4.38901 3.19037 2.97045 4.01121 4.38902 2.92307 1.46834
threshold=1.5000000000000002 0.11012676891638522 0.032343928674441032 0.14599358974358978 0.024802712026597565 0.012594843656572043 -0.020488439064598716 5.5000000000000009 0.098978230315012031 0.19786453119786454
decision_type=2 2 2 2 2 2 2 2 2 2
left_child=1 2 3 -1 -3 6 8 -8 -2 -7
right_child=5 4 -4 -5 -6 9 7 -9 -10 -11
leaf_value=0.0064811309707415608 0.022719849213532348 -0.029305693303324658 0.012823387262657294 -0.015989779222620813 -0.00081131700449211944 0.019668968042763295 0.0064098276378198827 -0.010410474667686763 0 0.0014193803315575191
leaf_weight=9.511678025126459 8.7687193453311938 7.6082795113325101 12.493956059217451 20.393910810351372 7.5879755467176437 11.394906491041185 20.775000810623169 32.198418244719505 8.3615923821926099 8.8474685549736005
leaf_count=41 39 34 54 90 34 49 90 141 36 39
internal_value=-0.000243205 -0.00649307 -0.00152261 -0.00841436 -0.017699 0.00363299 0.00036936 -0.00354786 0.0123715 0.0132117
internal_weight=147.942 57.5958 42.3995 29.9056 15.1963 90.3461 70.1037 52.9734 17.1303 20.2424
internal_count=647 253 185 131 68 394 306 231 75 88
is_linear=0
shrinkage=0.03


Tree=94
num_leaves=13
num_cat=0
split_feature=27 21 36 1 2 1 21 33 12 17 36 40
split_gain=3.94459 4.93989 3.36325 2.81966 3.88845 4.67772 4.13715 2.44205 2.73352 1.96458 1.62421 0.616115
threshold=1.5000000000000002 0.014598139331063084 0.0053836867069834453 0.012594843656572043 -0.0090861287505894488 -0.021151919760600543 0.011581811902023972 0.53139812012960941 39.266358338116483 6.6445258838980381 0.0072440293974836345 0.040036700403983001
decision_type=2 2 2 2 2 2 2 2 2 2 2 2
left_child=1 7 -3 4 5 -2 -6 8 -1 -5 -4 -9
right_child=3 2 10 9 6 -7 -8 11 -10 -11 -12 -13
leaf_value=-0.015117860973707927 -0.0062636282426748284 0.01936787839413159 -0.012382450945129379 0.019224738450996804 0.0051399987892521704 0.018492067534851747 -0.01222154158000731 -0.026867305309500579 0.0045841853172223024 0 0.005257903277874819 -0.0073104879379774874
leaf_weight=9.3185053765773791 8.5306475013494509 6.8946934342384365 7.1184183657169324 12.787743970751764 19.131318271160126 16.417025744915009 25.94245670735836 9.3868610411882418 11.223077595233915 7.4533060342073432 6.6348335146903992 6.9359831213951102
leaf_count=40 37 31 31 55 84 70 115 43 48 33 30 30
internal_value=-0.000223714 -0.00633467 0.00462577 0.00356032 0.000371054 0.00963381 -0.00462858 -0.0127817 -0.00423637 0.0128933 -0.00333311 -0.0210808
internal_weight=147.775 57.5124 20.6479 90.2625 70.0214 24.9477 45.0738 36.8644 20.5416 20.2411 13.7533 16.3228
internal_count=647 253 92 394 306 107 199 161 88 88 61 73
is_linear=0
shrinkage=0.03


Tree=95
num_leaves=8
num_cat=0
split_feature=37 21 23 35 11 26 28
split_gain=5.38706 6.01527 5.09226 5.2147 4.93341 4.18023 3.85264
threshold=0.064893291693093116 0.01038927368179505 0.83825776659091 0.050053675066468191 0.039297959376313203 0.07613871635610768 5.5000000000000009
decision_type=2 2 2 2 2 2 2
left_child=1 5 3 -3 -4 -1 -7
right_child=-2 2 4 -5 -6 6 -8
leaf_value=0.0081769489011544998 -0.018808491957918311 0.0026052513132038477 0.0057641929701666862 -0.022657999212363045 0.028387365139100933 0 -0.025303457701560724
leaf_weight=6.6246568560600307 10.563591331243513 22.81892213225365 65.717601910233498 8.1478276550769788 9.1052204817533475 9.8072771131992358 13.008823141455649
leaf_count=29 45 101 288 36 39 42 61
internal_value=0 0.00171551 0.00515185 -0.00455823 0.00937983 -0.00969745 -0.0157325
internal_weight=145.794 135.23 105.79 30.9667 74.8228 29.4408 22.8161
internal_count=641 596 464 137 327 132 103
is_linear=0
shrinkage=0.03


Tree=96
num_leaves=8
num_cat=0
split_feature=37 21 1 5 26 28 13
split_gain=5.12525 5.70431 4.42101 6.57614 4.00131 3.68505 3.52052
threshold=0.064893291693093116 0.01038927368179505 -0.0039510081236848174 0.085065963255634883 0.07613871635610768 5.5000000000000009 -0.38448478988886942
decision_type=2 2 2 2 2 2 2
left_child=1 4 6 -4 -1 -6 -3
right_child=-2 2 3 -5 5 -7 -8
leaf_value=0.0079846970131079165 -0.018374595289718802 0.018094842615591321 -0.0037154862021258578 0.021979919619841044 0 -0.02480188940684246 -7.2015394836227983e-05
leaf_weight=6.6287291198968914 10.536291331052778 28.095094606280327 57.374587163329124 8.5541056543588621 9.8072771131992358 12.915609270334242 11.696677476167677
leaf_count=29 45 121 253 39 42 61 51
internal_value=0 0.00166534 0.00501253 0 -0.00946302 -0.0153938 0.0126479
internal_weight=145.608 135.072 105.72 65.9287 29.3516 22.7229 39.7918
internal_count=641 596 464 292 132 103 172
is_linear=0
shrinkage=0.03


Tree=97
num_leaves=7
num_cat=0
split_feature=13 28 35 20 34 35
split_gain=5.0164 5.51551 4.53969 9.15455 5.68821 2.25497
threshold=12.284095571854609 2.5000000000000004 0.011160158961203816 0.024201928835804434 -0.0032981526639749843 -0.0038363945838799647
decision_type=2 2 2 2 2 2
left_child=1 5 3 -3 -4 -1
right_child=-2 2 4 -5 -6 -7
leaf_value=0.022681840726230657 -0.021995874965921453 -0.017139893282448089 0.018831290768221907 0.016229027955189702 -0.00095259354389573526 0.0018700352316148973
leaf_weight=11.679297387599947 6.7966192215681067 29.981733694672585 13.975834831595419 7.4691980481147757 65.148622035980225 10.345107495784758
leaf_count=50 30 134 59 34 288 46
internal_value=0 0.00135669 -0.00120267 -0.00961923 0.00273506 0.0145001
internal_weight=145.396 138.6 116.575 37.4509 79.1245 22.0244
internal_count=641 611 515 168 347 96
is_linear=0
shrinkage=0.03


Tree=98
num_leaves=7
num_cat=0
split_feature=37 21 34 13 15 11
split_gain=4.88639 5.33356 4.89107 4.52831 3.07578 7.34717
threshold=0.064893291693093116 0.01038927368179505 0.041803630534590137 8.8012026970694333 23.981156129923445 -0.0041657955478312516
decision_type=2 2 2 2 2 2
left_child=1 4 3 -3 5 -1
right_child=-2 2 -4 -5 -6 -7
leaf_value=-0.014713087655575165 -0.017960398219511401 0.0088769176992360577 -0.016453114805446284 -0.011555669873528959 -0.022767119111944348 0.018741501917116959
leaf_weight=13.527245864272119 10.501047074794768 90.261277168989182 6.6725046634674063 8.5842005312442762 8.2650163173675519 7.4244366288185146
leaf_count=61 45 395 30 39 39 32
internal_value=0 0.00163432 0.00487359 0.00675973 -0.00914672 -0.00160449
internal_weight=145.236 134.735 105.518 98.8455 29.2167 20.9517
internal_count=641 596 464 434 132 93
is_linear=0
shrinkage=0.03


Tree=99
num_leaves=7
num_cat=0
split_feature=13 28 38 14 17 21
split_gain=4.68985 5.23413 4.62846 11.2295 7.96331 4.30347
threshold=12.284095571854609 2.5000000000000004 0.010720142492578711 48.878432829732681 -1.8502064961442872 0.012873000811370565
decision_type=2 2 2 2 2 2
left_child=1 5 4 -4 -3 -1
right_child=-2 2 3 -5 -6 -7
leaf_value=0 -0.021352346816213764 0.0078515852783165863 0.015229019588133649 -0.023686853967313775 -0.011744534580794341 0.025529012572566592
leaf_weight=10.710759311914446 6.7458563745021811 25.249791473150253 30.187142863869667 6.3012207299470893 54.606200620532036 11.26643146574497
leaf_count=46 30 109 134 29 243 50
internal_value=0 0.00128978 -0.00120251 0.00723722 -0.00532471 0.014109
internal_weight=145.067 138.322 116.344 36.4884 79.856 21.9772
internal_count=641 611 515 163 352 96
is_linear=0
shrinkage=0.03


Tree=100
num_leaves=8
num_cat=0
split_feature=23 14 16 7 15 13 6
split_gain=5.81645 6.07297 7.32649 5.04171 3.93247 0.477597 0.433066
threshold=0.74459723450645932 -47.304957325670323 -15.30084181024546 -0.011935501428188533 -59.474618728428624 -3.5022000279452956 0.0021000537264078251
decision_type=2 2 2 2 2 2 2
left_child=6 4 5 -4 -2 -3 -1
right_child=1 2 3 -5 -6 -7 -8
leaf_value=-0.022964022054436855 0 0.008448018969616727 -0.015934125684414945 0.0034258781465344528 -0.027682472086573932 0.027310770440740349 -0.0057692820913205645
leaf_weight=7.6998894810676557 8.6041335463523883 7.5573972761631039 12.042924657464026 83.338926777243614 7.6207593381404868 9.0058643817901594 6.9968161135911942
leaf_count=34 37 33 51 371 38 39 30
internal_value=-0.000614703 0.00142586 0.0040802 0.000550401 -0.014503 0.0213497 -0.017348
internal_weight=142.867 128.17 111.945 95.3819 16.2249 16.5633 14.6967
internal_count=633 569 494 422 75 72 64
is_linear=0
shrinkage=0.03


Tree=101
num_leaves=9
num_cat=0
split_feature=36 35 25 26 9 21 9 21
split_gain=4.44244 5.05612 4.2696 7.0458 7.59772 4.48573 1.34607 0.337866
threshold=0.0077028632351964343 -0.056750367768685188 0.29721647112951466 0.065395580898075567 0.078127940308226673 0.0152450593970778 -0.018643846742486547 0.013897759783010175
decision_type=2 2 2 2 2 2 2 2
left_child=2 -2 3 -1 -5 6 -4 -3
right_child=1 7 5 4 -6 -7 -8 -9
leaf_value=0.01574093392924723 0.0031093243096643242 -0.02589544405554179 0.00050004344998753945 -0.011729439894941015 0.016814338233501605 -0.0053180158254316143 0.01776239204706722 -0.0077052672851924443
leaf_weight=12.907118484377859 11.328274145722391 9.6777248233556765 7.0585025101900092 50.056951135396957 7.8105693757534018 11.685017034411429 25.520706623792648 6.6920749098062506
leaf_count=57 51 41 32 225 35 53 109 30
internal_value=-0.000610316 -0.0110422 0.001919 -0.00248697 -0.00719323 0.00909096 0.0147014 -0.0209243
internal_weight=142.737 27.6981 115.039 70.7746 57.8675 44.2642 32.5792 16.3698
internal_count=633 122 511 317 260 194 141 71
is_linear=0
shrinkage=0.03


Tree=102
num_leaves=8
num_cat=0
split_feature=14 5 7 6 15 38 12
split_gain=3.648 7.11634 5.3024 5.54086 4.3383 2.66038 3.30921
threshold=-47.304957325670323 -0.020887870855148368 -0.012910821230199444 0.0017677016766056565 -59.474618728428624 0.008251753630230823 43.3750586762635
decision_type=2 2 2 2 2 2 2
left_child=4 5 -3 -4 -1 -2 -7
right_child=1 2 3 -5 -6 6 -8
leaf_value=0.00021943177616397534 0 -0.018801922103486135 0.0097765397718171613 -0.0056649883352516608 -0.027246947781374323 0.027774768733685562 0.00075694606331188794
leaf_weight=8.9730915129184741 8.4657122343778628 13.488443985581396 32.028701335191727 52.086914628744125 7.533454254269599 12.552412316203119 7.4727691113948813
leaf_count=39 36 57 139 235 38 56 33
internal_value=-0.000585143 0.00111431 -0.00265984 0.000131001 -0.0130953 0.0138621 0.0193579
internal_weight=142.601 126.095 97.6041 84.1156 16.5065 28.4909 20.0252
internal_count=633 556 431 374 77 125 89
is_linear=0
shrinkage=0.03


Tree=103
num_leaves=10
num_cat=0
split_feature=11 19 38 26 21 20 38 1 17
split_gain=3.26963 4.46924 6.50853 6.2798 4.80105 4.42858 2.32104 0.807183 0.109875
threshold=0.032736265444986763 0.10554395341907204 0.010720142492578711 0.024214352720450288 0.018752165658725096 0.017121928367154895 0.010030671911122427 -0.0057766496704442219 -1.5105269608530525
decision_type=2 2 2 2 2 2 2 2 2
left_child=1 2 3 -1 7 -4 8 -3 -2
right_child=6 4 5 -5 -6 -7 -8 -9 -10
leaf_value=0.015495252113845295 0.02126432262813642 -0.0082205561283340486 -0.0042118048137673551 -0.0080010283160032621 0.00033082442006997594 0.021305726244970274 -0.0013783043830909887 -0.03053721350345379 0.0061659200959563801
leaf_weight=10.021575644612311 6.7747507840394974 6.7426925748586655 6.9475322216749218 60.193780675530434 11.785313710570334 16.682743743062019 8.4512069374322873 7.9950041472911852 6.7953832149505633
leaf_count=43 30 30 30 268 53 75 37 37 30
internal_value=-0.0005685 -0.00264366 0.000355022 -0.00410352 -0.0130606 0.0134749 0.00942561 -0.0234255 0.0164302
internal_weight=142.39 120.369 93.8456 70.2154 26.523 23.6303 22.0213 14.7377 13.5701
internal_count=633 536 416 311 120 105 97 67 60
is_linear=0
shrinkage=0.03


Tree=104
num_leaves=8
num_cat=0
split_feature=23 14 16 11 23 1 34
split_gain=5.49491 5.41536 6.86501 6.30888 4.31789 2.91492 0.50762
threshold=0.74459723450645932 -47.304957325670323 -15.30084181024546 -0.037984702379091011 1.1862170245466797 0.0047325952024951387 -0.0038068581678278308
decision_type=2 2 2 2 2 2 2
left_child=5 3 6 -2 -4 -1 -3
right_child=1 2 4 -5 -6 -7 -8
leaf_value=-0.027318591505579061 0.0056355637377884238 0.027179147409313757 0.0036916109254444152 -0.028135735562696246 -0.012234294570633249 0 0.0085134744872663471
leaf_weight=7.8382944613695127 6.9176332354545584 8.3496154695749301 78.251109644770622 9.0772372186183912 16.834115192294121 6.7978774458169937 8.1027557551860792
leaf_count=34 30 36 346 45 76 30 36
internal_value=-0.000544231 0.00144154 0.00394704 -0.0136934 0.000523599 -0.0168421 0.0207184
internal_weight=142.169 127.532 111.538 15.9949 95.0852 14.6362 16.4524
internal_count=633 569 494 75 422 64 72
is_linear=0
shrinkage=0.03


Tree=105
num_leaves=11
num_cat=0
split_feature=20 22 11 3 21 14 36 23 10 11
split_gain=4.18507 4.152 4.26499 4.37027 4.16097 7.52263 4.32366 2.94669 2.89647 0.778933
threshold=0.021161831686733586 1.0000000180025095e-35 0.0099098574927335443 0.011887310304279032 0.013857595621134044 41.325327625873804 0.0046118762527031969 0.96795976718318399 0.028057459161961121 0.0090138878211278878
decision_type=2 2 2 2 2 2 2 2 2 2
left_child=1 4 3 -3 6 -6 -1 -4 9 -2
right_child=8 2 7 -5 5 -7 -8 -9 -10 -11
leaf_value=0.0014790008475213149 0.0081014235673277125 0.017701220231964781 -0.013400284154242633 -0.0037468294333857359 0.018737305500350396 -0.015117096031112645 -0.019016011574433021 0.0056835184341781763 -0.0023172493908364326 0.025182481340478215
leaf_weight=11.422259196639059 12.527229055762296 23.515674814581871 13.952232316136362 10.416270926594732 11.178513020277025 8.4743182212114316 26.43711856007576 10.503764092922209 7.8755695819854727 7.5428591519594184
leaf_count=51 59 101 62 46 48 39 118 46 35 34
internal_value=0.00113296 -0.00131368 0.00409747 0.0108577 -0.00701235 0.00339856 -0.0126923 -0.00482685 0.0111909 0.0169009
internal_weight=143.846 115.9 58.3879 33.9319 57.5122 19.6528 37.8594 24.456 27.9457 20.0701
internal_count=639 511 255 147 256 87 169 108 128 93
is_linear=0
shrinkage=0.03


Tree=106
num_leaves=7
num_cat=0
split_feature=20 38 38 40 12 12
split_gain=3.98673 7.23505 4.37177 4.27512 3.42302 2.05564
threshold=0.021161831686733586 0.012137195088178994 0.011212904916770716 0.035913360362268561 59.022307926356241 44.244023783521421
decision_type=2 2 2 2 2 2
left_child=1 2 3 -1 5 -2
right_child=4 -3 -4 -5 -6 -7
leaf_value=-0.0059007484128536696 0.0037794165285475485 -0.02204991274003739 0.020387814498571813 0.0066171539694942615 -0.0033345663716161256 0.025848971500699737
leaf_weight=56.585015594959259 9.3100091218948418 11.453238919377325 7.7873569130897513 39.940453931689262 8.2642811387777311 10.318526685237883
leaf_count=250 45 51 34 176 37 46
internal_value=0.00110993 -0.001276 0.00123573 -0.000539647 0.0109371 0.0173921
internal_weight=143.659 115.766 104.313 96.5255 27.8928 19.6285
internal_count=639 511 460 426 128 91
is_linear=0
shrinkage=0.03


Tree=107
num_leaves=11
num_cat=0
split_feature=16 16 3 21 2 9 9 35 38 0
split_gain=3.77256 7.78921 6.47252 5.91766 5.34073 4.06151 5.70379 3.76619 3.65048 2.35757
threshold=-2.9422464196551767 6.556734310790084 -0.029844516956715746 0.018752165658725096 0.01433736050306589 -0.021225954073645987 0.00089747897535080929 0.012647500846361461 0.0072297467787774848 -0.0064597585206755395
decision_type=2 2 2 2 2 2 2 2 2 2
left_child=2 4 9 8 7 -4 -7 -2 -3 -1
right_child=1 3 5 -5 -6 6 -8 -9 -10 -11
leaf_value=0.019933154944949134 0.0021805524129204245 0.0057687218341197308 -0.022536742630097382 0.014165737508873413 -0.0029082637785070313 0.015618351094863854 -0.010133071681200517 0.03190273358170502 -0.013732918918010182 -0.00032148035466612998
leaf_weight=9.0369106233119982 6.8077446669340196 9.8286769241094571 13.580743759870527 12.94043445587158 7.1262957900762549 8.2862985432147962 27.443998903036118 15.131489515304564 26.326314121484756 7.0017389953136435
leaf_count=40 31 44 61 59 31 37 119 67 118 32
internal_value=0.0010882 0.00555234 -0.0040347 -0.00154856 0.017357 -0.00952704 -0.00325211 0.0242592 -0.0080138 0.0112041
internal_weight=143.511 78.161 65.3497 49.0954 29.0655 49.311 35.7303 21.9392 36.155 16.0386
internal_count=639 350 289 221 129 217 156 98 162 72
is_linear=0
shrinkage=0.03


Tree=108
num_leaves=12
num_cat=0
split_feature=16 16 7 6 0 36 28 7 0 40 40
split_gain=3.58359 7.38095 5.32161 4.16847 4.02321 3.88363 3.53082 2.95227 2.93496 2.71367 1.3507
threshold=-2.9422464196551767 6.556734310790084 -0.033976901930734153 0.0088291723030502183 -0.0064597585206755395 0.004621161926408518 8.5000000000000018 -0.015247547488711212 -0.0052955457719046075 0.071665812940453169 0.020321626672549557
decision_type=2 2 2 2 2 2 2 2 2 2 2
left_child=2 3 -1 8 7 -6 9 -4 -2 -3 -8
right_child=1 6 4 -5 5 -7 10 -9 -10 -11 -12
leaf_value=0.017924691376412987 0.0037635193157580021 0.0084283642565289862 0.013974056935926413 -0.0012093807139757909 0.0022945069518269779 -0.017348458163118412 -0.00044899344758836043 -0.0078569186809350489 0.03027179708500654 -0.0090119253583614053 -0.020773780592307872
leaf_weight=6.5538126528263083 7.5019757002592149 26.068137392401695 10.049353718757631 6.9720287322998038 10.191835716366766 30.654924184083939 6.7213687151670438 7.7495026439428321 14.517788678407667 8.7346351295709592 7.454289048910141
leaf_count=30 33 118 44 30 45 136 30 34 66 39 34
internal_value=0.00107466 0.00543258 -0.00392022 0.0169378 -0.00711941 -0.0122189 -0.00148079 0.00387787 0.0229305 0.00339183 -0.0133112
internal_weight=143.17 77.9702 65.1994 28.9918 58.6456 40.8468 48.9784 17.7989 22.0198 34.8028 14.1757
internal_count=639 350 289 129 259 181 221 78 99 157 64
is_linear=0
shrinkage=0.03


Tree=109
num_leaves=8
num_cat=0
split_feature=15 19 10 10 37 37 25
split_gain=3.49629 4.14103 6.49152 5.14686 5.23011 2.54374 0.455483
threshold=-65.65928008871721 0.10220611155483562 0.036849816973965062 -0.021212935794743478 -0.0074709559923765703 0.051416113956739069 0.14833172147001936
decision_type=2 2 2 2 2 2 2
left_child=-1 3 6 -2 -5 -4 -3
right_child=1 2 5 4 -6 -7 -8
leaf_value=0.017241493965432203 0.024101062012770642 -0.006378371457863268 0.015781930087389505 -0.013215879250174844 0.004275690521829887 -0.005736701524745624 -0.022688879512365156
leaf_weight=9.1071321219205839 7.4035032242536536 7.3223673701286343 7.995877727866171 17.268863454461098 72.90692101418972 6.9359385520219803 14.030425876379011
leaf_count=40 34 33 37 76 323 31 65
internal_value=0.00104903 -0.00017977 -0.0086636 0.00293493 0.00054921 0.00540352 -0.0187632
internal_weight=142.971 133.864 36.2846 97.5793 90.1758 14.9318 21.3528
internal_count=639 599 166 433 399 68 98
is_linear=0
shrinkage=0.03


Tree=110
num_leaves=7
num_cat=0
split_feature=20 21 36 26 24 21
split_gain=3.17133 5.45487 4.0708 3.42339 4.5053 1.9797
threshold=0.013757471010771179 0.0091951032960110538 0.0074235845784227919 0.50333333333333352 -0.45215686274509798 0.013820534255001266
decision_type=2 2 2 2 2 2
left_child=2 -2 -1 4 -3 -5
right_child=1 3 -4 5 -6 -7
leaf_value=0.01889475114421359 -0.024820694405963448 -0.0082463193713526988 -0.0065046936898505315 -0.020976525663740451 0.0051627077236015761 0
leaf_weight=12.973486796021463 7.2944834232330313 29.460129275918007 6.7397894710302344 8.8862697035074252 75.340017631649971 7.4476231187582007
leaf_count=57 34 131 30 42 336 34
internal_value=-0.000763432 -0.00261211 0.00972081 -0.000771503 0.00116904 -0.0128097
internal_weight=148.142 128.429 19.7133 121.134 104.8 16.3339
internal_count=664 577 87 543 467 76
is_linear=0
shrinkage=0.03


Tree=111
num_leaves=7
num_cat=0
split_feature=37 8 3 20 16 35
split_gain=3.38189 6.04735 7.17937 4.25242 4.04977 2.74108
threshold=0.0706511704390307 0.033616644812307243 0.011887310304279032 0.012486307145693912 21.525769852352173 0.054654599517179332
decision_type=2 2 2 2 2 2
left_child=1 2 3 -1 -3 -4
right_child=-2 4 5 -5 -6 -7
leaf_value=0.021722311279830615 -0.018929664801342276 0.026922423269294733 -0.019734808858660868 -1.4990798272367678e-05 0 0
leaf_weight=6.7874481678009024 6.7109607607126227 9.7565833181142825 21.581516817212108 86.643748626112938 9.0391646623611432 7.5323719680309287
leaf_count=29 30 45 100 386 41 33
internal_value=-0.000760068 0.000250075 -0.00214867 0.00182912 0.0153134 -0.0146932
internal_weight=148.052 141.341 122.545 93.4312 18.7957 29.1139
internal_count=664 634 548 415 86 133
is_linear=0
shrinkage=0.03


Tree=112
num_leaves=9
num_cat=0
split_feature=40 23 21 37 37 38 20 20
split_gain=3.31917 5.56582 6.54434 5.48984 5.37571 3.14857 3.08114 1.64085
threshold=-0.034783955485614519 0.78597578092845255 0.01038927368179505 0.062756035883138953 0.034918805168520313 0.011547277389371996 0.016245645163807446 0.019598658970946869
decision_type=2 2 2 2 2 2 2 2
left_child=5 6 4 -4 -3 -1 -2 -8
right_child=1 2 3 -5 -6 -7 7 -9
leaf_value=-0.020396861699218245 0.0018687862527565506 -0.016560193631497355 0.011447758083612933 -0.011885407573605672 0.010438100928155022 1.1585435448859218e-05 -0.027992316024848345 -0.0039260797461867598
leaf_weight=11.80600716173649 7.502516075968745 18.666697219014171 69.444697633385658 8.1308432370424253 7.4487508535385123 10.591477409005163 7.4761142134666425 6.8204072862863541
leaf_count=52 34 88 308 36 33 49 34 30
internal_value=-0.000732071 0.00111166 0.00415225 0.00857641 -0.00813138 -0.0109213 -0.0118547 -0.0193224
internal_weight=147.888 125.49 103.691 77.5755 26.1154 22.3975 21.799 14.2965
internal_count=664 563 465 344 121 101 98 64
is_linear=0
shrinkage=0.03


Tree=113
num_leaves=8
num_cat=0
split_feature=37 37 20 15 18 18 3
split_gain=3.17244 4.69902 6.10547 5.15652 4.82744 7.3465 4.20957
threshold=0.0706511704390307 0.039114561607407901 0.018727019509531772 4.8390589131156121 0.63195578895731075 0.48956308938424015 0.038714816552269056
decision_type=2 2 2 2 2 2 2
left_child=1 4 3 -3 5 -1 -6
right_child=-2 2 -4 -5 6 -7 -8
leaf_value=-0.0036229520033694866 -0.01838823243060158 0 -0.0066349442026236464 0.028014302910115956 -0.017732423394515844 0.017736604678289802 0.0055948147939357878
leaf_weight=58.512028053402901 6.6584476083517066 7.7186691462993648 11.100261479616163 14.543247476220129 25.122974023222923 16.913458943367004 7.1278362572193137
leaf_count=262 30 34 49 64 119 74 32
internal_value=-0.000734172 0.000239867 0.00984016 0.018543 -0.0027231 0.00130743 -0.0121132
internal_weight=147.697 141.038 33.3622 22.2619 107.676 75.4255 32.2508
internal_count=664 634 147 98 487 336 151
is_linear=0
shrinkage=0.03


Tree=114
num_leaves=9
num_cat=0
split_feature=40 23 21 37 15 31 38 25
split_gain=3.10525 5.25366 6.14263 5.13542 4.9623 4.03958 2.98628 1.19761
threshold=-0.034783955485614519 0.78597578092845255 0.01038927368179505 0.062756035883138953 21.771133359222507 1.5000000000000002 0.011547277389371996 0.33578431372549028
decision_type=2 2 2 2 2 2 2 2
left_child=6 5 4 -4 -3 7 -1 -2
right_child=1 2 3 -5 -6 -7 -8 -9
leaf_value=-0.019834018955033242 -0.027137559512771654 0 0.011095929474139165 -0.011505764930606713 -0.027037230903590344 0.0047300587662193385 2.4629790636002083e-05 -0.0048378774019153326
leaf_weight=11.760686844587328 8.1474566608667391 19.473337650299076 69.341696172952652 8.0772557854652387 6.4959784299135199 7.0447043329477301 10.588720515370367 6.5306493937969199
leaf_count=52 37 89 308 36 32 31 49 30
internal_value=-0.000714069 0.0010691 0.00403043 0.00831862 -0.00789779 -0.0115444 -0.0105801 -0.0198852
internal_weight=147.46 125.111 103.388 77.419 25.9693 21.7228 22.3494 14.6781
internal_count=664 563 465 344 121 98 101 67
is_linear=0
shrinkage=0.03


Tree=115
num_leaves=9
num_cat=0
split_feature=38 14 8 12 37 28 7 7
split_gain=3.89922 11.9147 5.97601 4.40543 6.11783 4.45816 2.15106 0.601297
threshold=0.010720142492578711 42.614083456111992 -0.027093256415436629 30.273855370132654 -0.0044608297766307028 2.5000000000000004 -0.0087055008029980046 0.011330572973762831
decision_type=2 2 2 2 2 2 2 2
left_child=3 2 -2 -1 6 -6 -5 -4
right_child=1 -3 7 4 5 -7 -8 -9
leaf_value=0.015513735090436834 -0.0059797152159301748 -0.022743569491664572 0.02696526263567026 -0.007174514432709664 0.011022812525465822 -0.0057421115251869385 -0.033534062240512197 0.0098966558286993495
leaf_weight=7.2617402970790854 7.35123087465763 7.4886517077684394 14.702851563692095 8.8702363371849042 15.730580747127531 66.233245104551315 6.8303219377994528 9.9992748349904996
leaf_count=32 34 36 66 38 71 297 30 44
internal_value=-0.000883176 0.00679856 0.0150714 -0.00399138 -0.00587439 -0.00216 -0.0219827 0.0218765
internal_weight=144.468 39.542 32.0534 104.926 97.6644 81.9638 15.7006 24.7021
internal_count=648 180 144 468 436 368 68 110
is_linear=0
shrinkage=0.03


Tree=116
num_leaves=9
num_cat=0
split_feature=38 14 8 32 37 20 16 20
split_gain=3.6857 11.3739 5.71369 4.73205 6.29795 6.86125 5.78645 0.603604
threshold=0.010720142492578711 42.614083456111992 -0.027093256415436629 -0.0074517238031777669 0.030972038049654097 0.015244302684760687 -18.780521389799834 0.020543541154949919
decision_type=2 2 2 2 2 2 2 2
left_child=3 2 -2 -1 6 -6 -5 -4
right_child=1 -3 7 4 5 -7 -8 -9
leaf_value=0.013061516934389233 -0.0058336449285876198 -0.022314619434304541 0.013591176265219333 0.0099097430129994422 0.016094800007846514 -0.0077271857398579285 -0.016458625394154321 0.031359693243659031
leaf_weight=10.72488823533058 7.3591971695423153 7.4427712410688391 17.336072608828548 6.7001020908355704 17.217169970273972 22.484343484044075 47.683769375085831 7.2958628833293906
leaf_count=46 34 36 75 29 76 100 217 35
internal_value=-0.000862925 0.00661307 0.0147014 -0.00388729 -0.00620708 0.00252033 -0.0127077 0.0213772
internal_weight=144.244 39.4339 31.9911 104.81 94.0854 39.7015 54.3839 24.6319
internal_count=648 180 144 468 422 176 246 110
is_linear=0
shrinkage=0.03


Tree=117
num_leaves=8
num_cat=0
split_feature=26 14 5 32 17 23 26
split_gain=3.00707 3.2468 4.602 3.97532 4.99032 2.70003 1.39762
threshold=0.5763403263403265 39.721625303337994 0.085065963255634883 -0.0074517238031777669 -4.3788269407767819 0.86190831399570389 0.23019943019943023
decision_type=2 2 2 2 2 2 2
left_child=1 3 5 -1 -5 -3 -4
right_child=-2 2 6 4 -6 -7 -8
leaf_value=0.017792030505922773 -0.014615210423070112 -0.027575272903242264 -0.003501807772058559 -0.019107025787549321 0.0031064762208112672 -0.0020130278793976963 0.012903222184104038
leaf_weight=12.345478862524031 11.021456025540827 8.7752803117036873 6.6284439414739591 8.161155626177786 82.024899646639824 8.3140620738267881 6.6559687107801437
leaf_count=55 52 42 30 35 365 39 30
internal_value=-0.000819749 0.000412794 -0.00776614 0.00308143 0.000562687 -0.0174387 0.00434918
internal_weight=143.927 132.905 30.3738 102.532 90.1861 17.0893 13.2844
internal_count=648 596 141 455 400 81 60
is_linear=0
shrinkage=0.03


Tree=118
num_leaves=10
num_cat=0
split_feature=38 14 5 16 40 20 34 12 22
split_gain=3.46196 10.6765 7.7893 4.53489 7.68167 5.13193 3.62356 2.82851 1.89856
threshold=0.010720142492578711 42.614083456111992 -0.052130603123294698 -15.30084181024546 0.012513422361671968 0.015502995582895399 0.024050874637299716 36.473709282137108 0.12160984964330769
decision_type=2 2 2 2 2 2 2 2 2
left_child=3 2 -2 7 6 -6 -5 -1 -4
right_child=1 -3 8 4 5 -7 -8 -9 -10
leaf_value=0.021926310715900049 -0.0090388790804227966 -0.021704203978518005 0.027851887763364357 -0.024712216436726546 0.0089356283525853456 -0.0081531299031413831 0 -0.00029172070975271779 0.0050412287613833678
leaf_weight=6.8741440623998669 7.6859275251626995 7.3591385930776587 16.826183415949348 20.977319002151493 27.520144782960415 32.023824483156204 7.9445992410182944 9.1823671609163267 7.3740679472684851
leaf_count=30 36 36 76 95 127 143 34 39 32
internal_value=-0.000812911 0.00644725 0.0142846 -0.00374959 -0.00652987 0 -0.0186635 0.00976463 0.0223892
internal_weight=143.768 39.2453 31.8862 104.522 88.4659 59.544 28.9219 16.0565 24.2003
internal_count=648 180 144 468 399 270 129 69 108
is_linear=0
shrinkage=0.03


Tree=119
num_leaves=7
num_cat=0
split_feature=20 32 23 32 14 9
split_gain=3.33852 3.85303 4.46228 5.48355 2.59659 1.9229
threshold=0.021918653174554516 -0.0074517238031777669 1.1986971222517162 -0.0018993673986222868 27.283870436612236 -0.013835724073315738
decision_type=2 2 2 2 2 2
left_child=1 -1 3 -3 5 -2
right_child=4 2 -4 -5 -6 -7
leaf_value=0.011191136973644987 0.0013875245237841801 -0.013008993915558497 -0.019434224365389219 0.0023424981141990341 -0.0033400394329483832 0.025810458872179916
leaf_weight=13.154377698898314 6.6675738990306863 27.364886000752449 14.253042466938494 68.252246260643005 6.6876078993082038 7.1225678920745858
leaf_count=57 32 122 66 307 30 34
internal_value=-0.000792051 -0.00278915 -0.0047672 -0.00207384 0.00971926 0.0166233
internal_weight=143.502 123.025 109.87 95.6171 20.4777 13.7901
internal_count=648 552 495 429 96 66
is_linear=0
shrinkage=0.03


Tree=120
num_leaves=9
num_cat=0
split_feature=15 3 3 3 5 13 32 36
split_gain=4.96144 4.54933 5.86426 4.33329 9.33714 3.63562 3.0035 2.93008
threshold=109.80424273262149 0.017601010456152037 0.036222805518293495 -0.0016311115546810415 0.013986871452957518 5.2817927956780553 0.0022424342981833827 0.0073375039766244233
decision_type=2 2 2 2 2 2 2 2
left_child=1 3 6 4 -1 -5 -3 -4
right_child=-2 2 7 5 -6 -7 -8 -9
leaf_value=0.0077986803564864338 -0.020478447072443753 -0.0002572792405477992 -0.0053780881481984427 0.01815491826027427 -0.017925023485743794 -0.0028555449262263658 -0.02400228232927111 0.017922819567434512
leaf_weight=43.728167273104191 7.077445536851882 9.0639085397124308 6.579160436987876 29.690575748682022 15.535973086953161 7.5148680359125128 12.92356017231941 8.1537503302097303
leaf_count=197 31 43 30 132 70 34 61 37
internal_value=0.000839002 0.00236892 -0.00620349 0.005844 0.000445393 0.0135994 -0.0156768 0.00722196
internal_weight=140.267 133.19 36.7204 96.4696 59.2641 37.2054 21.9875 14.7329
internal_count=635 604 171 433 267 166 104 67
is_linear=0
shrinkage=0.03


Tree=121
num_leaves=9
num_cat=0
split_feature=15 3 3 3 5 33 34 34
split_gain=4.72473 4.30883 5.58563 4.09165 8.85743 3.51985 2.97065 1.7737
threshold=109.80424273262149 0.017601010456152037 0.036222805518293495 -0.0016311115546810415 0.013986871452957518 0.35657508512386998 0.0099806677244137516 0.0023414100061142089
decision_type=2 2 2 2 2 2 2 2
left_child=1 3 6 4 -1 -5 -3 -4
right_child=-2 2 7 5 -6 -7 -8 -9
leaf_value=0.0075779216677909888 -0.020019399731226368 -0.025773708650151647 0.016328243860077626 -0.0030127756959909798 -0.017507899120128803 0.017678207796571227 -0.0024359675411198488 -0.0014959760159359578
leaf_weight=43.710520848631859 7.0685345232486716 10.363432928919794 7.0057270973920804 7.4493957012891761 15.477476701140402 29.740486845374107 11.563493832945822 7.7075487673282623
leaf_count=197 31 49 31 33 70 133 55 36
internal_value=0.000790574 0.00228767 -0.00606017 0.00567244 0.000415063 0.0132087 -0.0153255 0.00703186
internal_weight=140.087 133.018 36.6402 96.3779 59.188 37.1899 21.9269 14.7133
internal_count=635 604 171 433 267 166 104 67
is_linear=0
shrinkage=0.03


Tree=122
num_leaves=5
num_cat=0
split_feature=15 14 40 38
split_gain=4.49922 4.0799 4.71281 3.67747
threshold=109.80424273262149 87.203740523676984 0.081416989236027595 0.010782881054116357
decision_type=2 2 2 2
left_child=1 2 3 -1
right_child=-2 -3 -4 -5
leaf_value=-0.00095041432008819771 -0.019572737618485794 0.022468281058875824 -0.019275558782811619 0.010144281756236051
leaf_weight=82.33741732686758 7.058736339211463 6.4420949816703788 7.665947660803794 36.395092770457268
leaf_count=370 31 30 35 169
internal_value=0.000742736 0.00220778 0.000724453 0.00243791
internal_weight=139.899 132.841 126.398 118.733
internal_count=635 604 574 539
is_linear=0
shrinkage=0.03


Tree=123
num_leaves=9
num_cat=0
split_feature=37 3 8 28 3 35 32 24
split_gain=3.97917 2.93001 4.56092 4.39781 5.8949 4.11095 2.41773 2.03853
threshold=0.07194877128827161 0.017601010456152037 0.029717827823653838 10.500000000000002 -0.0016311115546810415 0.014780030811669233 0.0022424342981833827 0.11528239202657808
decision_type=2 2 2 2 2 2 2 2
left_child=1 3 6 4 -1 -5 -3 -4
right_child=-2 2 7 5 -6 -7 -8 -9
leaf_value=-0.004714117178442721 -0.018723499205757665 0 0.017299037733102568 0 0.011746833241613927 0.026953282365949495 -0.021879177290085875 -0.0014436926729804926
leaf_weight=49.211680561304092 6.7639185488224021 7.8821920007467297 6.1275754421949413 6.7999363690614727 29.319149896502495 11.529662460088728 11.6819911301136 10.450090810656546
leaf_count=223 31 37 29 30 131 51 54 49
internal_value=0.00071177 0.00207401 -0.00483665 0.00485002 0.00138435 0.0173635 -0.0142414 0.00579325
internal_weight=139.766 133.002 36.1418 96.8604 78.5308 18.3296 19.5642 16.5777
internal_count=635 604 169 435 354 81 91 78
is_linear=0
shrinkage=0.03


Tree=124
num_leaves=9
num_cat=0
split_feature=15 3 3 3 5 13 36 36
split_gain=4.28108 3.93093 5.22884 3.64063 8.3642 3.41822 2.77837 1.82852
threshold=109.80424273262149 0.017601010456152037 0.036222805518293495 -0.0016311115546810415 0.013986871452957518 5.2817927956780553 0.0073375039766244233 0.0060445121867038097
decision_type=2 2 2 2 2 2 2 2
left_child=1 3 7 4 -1 -5 -4 -3
right_child=-2 2 6 5 -6 -7 -8 -9
leaf_value=0.0073414115510451201 -0.019148927164623551 -0.003651982322567953 -0.0054260624418121864 0.016923367169797896 -0.017080170913531586 -0.0033679047978925135 0.017274620385270577 -0.023200543754846641
leaf_weight=43.645770378410816 7.0418203473091117 11.235680773854257 6.5695780515670767 29.607286795973778 15.400315150618551 7.5138439685106269 8.0992567837238294 10.513125903904436
leaf_count=197 31 55 30 132 70 34 37 49
internal_value=0.000684453 0.0021182 -0.00587454 0.0053558 0.000375192 0.0124705 0.00677682 -0.0148912
internal_weight=139.627 132.585 36.4176 96.1672 59.0461 37.1211 14.6688 21.7488
internal_count=635 604 171 433 267 166 67 104
is_linear=0
shrinkage=0.03


Tree=125
num_leaves=9
num_cat=0
split_feature=26 19 38 16 16 8 35 11
split_gain=4.34997 6.88197 4.69626 3.54809 7.89835 5.90884 1.28068 1.07665
threshold=0.0868308620256346 0.11041948889465497 0.019784473925122878 8.1468638939097282 1.9604361421612857 0.048000593625673375 0.0052147498903151188 0.011886598046052301
decision_type=2 2 2 2 2 2 2 2
left_child=1 6 3 4 -2 -5 -1 -8
right_child=2 -3 -4 5 -6 -7 7 -9
leaf_value=0.00096000119784914379 -0.0070742277685854477 -0.013623632335347795 0.017665191378558959 -0.023626288028970047 0.015576234462761535 0.0041107717248820798 0.024728782284823982 0.0060949529870953575
leaf_weight=6.7089471817016628 56.007878266274929 7.5475676506757727 6.481811746954917 17.776670895516876 16.058152079582214 8.5566517114639264 12.329110994935037 8.7560608237981779
leaf_count=30 252 35 31 84 72 40 55 39
internal_value=-0.000315816 0.00838707 -0.00349083 -0.00535797 -0.00154029 -0.0144301 0.0153809 0.0188389
internal_weight=140.223 35.3417 104.881 98.3994 72.066 26.3333 27.7941 21.0852
internal_count=638 159 479 448 324 124 124 94
is_linear=0
shrinkage=0.03


Tree=126
num_leaves=12
num_cat=0
split_feature=15 21 21 15 15 14 36 38 7 15 8
split_gain=4.85689 7.49414 5.3489 7.21677 6.30462 5.1649 5.19483 4.55873 7.35668 4.36543 2.72037
threshold=22.20552317786041 0.013857595621134044 0.011581811902023972 -18.49272801274012 -21.392087394115382 79.335529321006348 0.0044888707732613038 0.011362102514801999 0.0082020255904486725 109.80424273262149 -0.0073219606919362511
decision_type=2 2 2 2 2 2 2 2 2 2 2
left_child=1 2 3 -1 -4 6 -2 8 -3 -7 -8
right_child=5 7 4 -5 -6 9 10 -9 -10 -11 -12
leaf_value=-0.013426791712141867 0.0043254775009982007 0.019064234840187211 0.0050848545427706051 0.014665478122388657 -0.023423698555633685 0.021349404081243899 -0.0016037112784759895 0.027470155438423419 -0.013921726018323614 -0.0079364783391565486 -0.025531117799568397
leaf_weight=10.259516701102255 8.7421676963567716 11.442474767565729 9.2821205705404299 21.896158993244171 15.802187889814375 6.8250831067562086 7.4312012940645209 13.022524021565912 8.8427391797304136 6.9843310862779617 19.462108962237838
leaf_count=48 39 53 40 96 70 32 32 64 38 31 95
internal_value=-0.000283788 0.00371926 -0.00268033 0.00500188 -0.0127242 -0.00776569 -0.0137267 0.0146708 0.00405295 0.00645858 -0.0200073
internal_weight=139.993 90.5477 57.24 32.1557 25.0843 49.4449 35.6355 33.3077 20.2852 13.8094 26.8933
internal_count=638 409 254 144 110 229 166 155 91 63 127
is_linear=0
shrinkage=0.03


Tree=127
num_leaves=11
num_cat=0
split_feature=15 21 11 21 11 15 38 7 1 37
split_gain=4.60421 7.14733 6.75276 5.05116 8.17594 6.00878 4.38484 7.012 3.89372 2.79873
threshold=22.20552317786041 0.013857595621134044 0.0132068314109155 0.011581811902023972 -0.0074417631141007181 -21.392087394115382 0.011362102514801999 0.0082020255904486725 -0.012058115145966051 0.042068637041089658
decision_type=2 2 2 2 2 2 2 2 2 2
left_child=1 3 -2 4 -1 -5 7 -3 -4 -10
right_child=2 6 8 5 -6 -7 -8 -9 9 -11
leaf_value=-0.0098803440055449596 -0.027814861507919425 0.018628221277801643 0.014244994543093864 0.0049571411866408573 0.018508322279918648 -0.022860834413594638 0.026979825035498919 -0.013600596285375761 -0.013486871388402162 0.0033629048111251982
leaf_weight=15.191225484013556 9.573088586330412 11.406352624297144 8.5768388211727125 9.2870729267597216 16.920886531472206 15.755473643541334 12.899637468159197 8.8274397701024991 18.769019022583965 12.336167603731154
leaf_count=70 45 53 37 40 74 70 64 38 92 55
internal_value=-0.000270468 0.00362833 -0.00757261 -0.00261374 0.00484692 -0.0123862 0.0143586 0.00393441 -0.00122909 -0.00655178
internal_weight=139.543 90.2881 49.2551 57.1547 32.1121 25.0425 33.1334 20.2338 39.682 31.1052
internal_count=638 409 229 254 144 110 155 91 184 147
is_linear=0
shrinkage=0.03


Tree=128
num_leaves=12
num_cat=0
split_feature=15 21 11 21 11 15 38 3 17 36 4
split_gain=4.37148 6.81105 6.4853 4.77748 7.75974 5.72787 4.21818 6.2232 3.90089 3.11381 0.221787
threshold=22.20552317786041 0.013857595621134044 0.0132068314109155 0.011581811902023972 -0.0074417631141007181 -21.392087394115382 0.011362102514801999 0.012493481140540054 0.243001259426773 0.0071220746004734565 -0.0055672619342285725
decision_type=2 2 2 2 2 2 2 2 2 2 2
left_child=1 3 -2 4 -1 -5 7 -3 9 -4 -8
right_child=2 6 8 5 -6 -7 10 -9 -10 -11 -12
leaf_value=-0.0096327523427162907 -0.027289346141064538 0.017269053613308969 0.010826281942791505 0.0048327194644351467 0.018035890918758821 -0.02231432157043841 0.010207348970315689 -0.013220189751301006 -0.014301723607670493 -0.0096503979275819832 0.032789052463981117
leaf_weight=15.16602849960327 9.5042768195271474 11.755580827593805 20.357651814818386 9.2918082326650637 16.895954057574272 15.706832334399222 5.6829004362225533 8.4260719269514066 12.203897237777708 7.0638652741909018 7.09377573430538
leaf_count=70 45 54 91 40 74 70 30 37 58 35 34
internal_value=-0.000257112 0.00354506 -0.00738327 -0.0025414 0.00471051 -0.0120579 0.0140541 0.00381898 -0.00116659 0.00474416 0.0265011
internal_weight=139.149 90.019 49.1297 57.0606 32.062 24.9986 32.9583 20.1817 39.6254 27.4215 12.7767
internal_count=638 409 229 254 144 110 155 91 184 126 64
is_linear=0
shrinkage=0.03


Tree=129
num_leaves=10
num_cat=0
split_feature=15 21 11 26 38 7 1 13 37
split_gain=4.1904 6.51637 6.20471 4.70026 4.0854 6.47332 3.62654 3.00387 2.64494
threshold=22.20552317786041 0.013857595621134044 0.0132068314109155 0.067848922368696399 0.011362102514801999 0.0082020255904486725 -0.012058115145966051 -4.2353464633543885 0.042068637041089658
decision_type=2 2 2 2 2 2 2 2 2
left_child=1 3 -2 -1 5 -3 -4 -5 -8
right_child=2 4 6 7 -6 -7 8 -9 -10
leaf_value=0.012795647179255503 -0.026777409682993896 0.017891409123448901 0.013757590038889558 -0.020541972456442927 0.026084051997573042 -0.013124776888589909 -0.013086923941619175 -0.0021578682996558837 0.0032918185321709073
leaf_weight=11.595016881823538 9.4346970990300161 11.339184582233431 8.5802929550409299 9.5930918306112272 12.680194444954394 8.7954844385385496 18.679316848516468 35.775242388248444 12.328875437378882
leaf_count=51 45 53 37 42 64 38 92 161 55
internal_value=-0.000247919 0.00347779 -0.00723383 -0.00247106 0.013784 0.00370317 -0.00115179 -0.00706504 -0.00631542
internal_weight=138.801 89.7782 49.0232 56.9634 32.8149 20.1347 39.5885 45.3683 31.0082
internal_count=638 409 229 254 155 91 184 203 147
is_linear=0
shrinkage=0.03


Tree=130
num_leaves=11
num_cat=0
split_feature=3 40 14 22 3 22 10 24 23 34
split_gain=3.64458 5.50294 3.74888 4.00189 3.34259 4.08055 2.87947 2.68454 2.4402 1.79247
threshold=0.011887310304279032 -0.034783955485614519 44.557976002934545 -0.32200062727187312 0.05168297558922564 0.082519437379029462 -0.019013832068810629 0.43303051479152116 0.8425284018229261 0.020713771794886319
decision_type=2 2 2 2 2 2 2 2 2 2
left_child=1 6 3 -3 5 7 -1 -2 -4 -7
right_child=4 2 8 -5 -6 9 -8 -9 -10 -11
leaf_value=0.00027808643888833028 0.0054180523902518599 -0.0070600728752694009 -0.015691074693385397 0.013683106543796283 0.0082175609119642702 -0.028410884920701922 -0.021789662448005332 -0.014828877418383559 0.0058414347213754676 -0.0039382939777271022
leaf_weight=8.5002174153924006 15.215891763567926 7.6220168694853774 7.6388759985566121 51.393632560968399 8.4943957626819593 9.7995380759239215 8.0370044112205488 6.7802526801824561 6.4806096255779266 6.5097688511013976
leaf_count=40 73 35 38 231 39 46 36 33 30 30
internal_value=0 0.00360163 0.00726628 0.0106146 -0.00654583 -0.0104371 -0.0108313 -0.000913675 -0.00537892 -0.0209592
internal_weight=136.472 89.6724 73.1351 59.0156 46.7998 38.3055 16.5372 21.9961 14.1195 16.3093
internal_count=631 410 334 266 221 182 76 106 68 76
is_linear=0
shrinkage=0.03


Tree=131
num_leaves=10
num_cat=0
split_feature=23 14 23 36 5 24 28 32 25
split_gain=3.32051 4.1271 3.97727 4.87022 4.50795 4.12998 3.78997 2.73694 2.06318
threshold=1.1248524412045942 -6.7420818619884804 0.95661818606016158 0.0063686658033927151 -0.011865263773994437 -0.34549114331723024 6.5000000000000009 0.0059194410902190251 0.10850949959860852
decision_type=2 2 2 2 2 2 2 2 2
left_child=2 -2 3 4 -1 -5 -3 8 -4
right_child=1 6 7 5 -6 -7 -8 -9 -10
leaf_value=0.02184211263183277 0.0049033470862982712 0 0 0.0039525810222777085 -0.0004328703074779246 -0.015710466998001812 -0.026705198444571501 -0.0034158125888951417 0.018768966177467095
leaf_weight=9.5086218416690809 10.554004788398744 8.0740111917257327 7.2134020477533367 12.336069539189337 23.761294856667519 24.739735409617424 10.78523029386997 7.7191388607025138 21.613378956913948
leaf_count=42 50 37 32 57 109 117 53 36 98
internal_value=0 -0.00854644 0.00252451 -0.00149571 0.00638565 -0.00891675 -0.0165408 0.0103281 0.0144778
internal_weight=136.305 29.4132 106.892 70.3457 33.2699 37.0758 18.8592 36.5459 28.8268
internal_count=631 140 491 325 151 174 90 166 130
is_linear=0
shrinkage=0.03


Tree=132
num_leaves=8
num_cat=0
split_feature=3 38 20 34 14 35 22
split_gain=3.34443 6.11098 4.36159 4.9584 4.19722 4.01785 1.35231
threshold=0.011887310304279032 0.014271086919056561 0.01366532896550565 0.034649501004426438 80.557727971940963 0.013860247276322292 0.082519437379029462
decision_type=2 2 2 2 2 2 2
left_child=2 4 -1 5 6 -4 -2
right_child=1 -3 3 -5 -6 -7 -8
leaf_value=0.020255076058299664 -0.0078507633609884008 0.016218432932447957 -0.004002775117113608 -0.016998456956391284 0.0079163616907958617 0.0099848835836463933 -0.023022302826305428
leaf_weight=10.098252087831495 19.91312900185585 6.7490055710077277 29.902506902813911 9.9813345372676832 6.41501760482788 39.529390968382359 13.569355294108389
leaf_count=45 96 31 142 45 30 178 64
internal_value=0 -0.00631013 0.00342421 0.000654726 -0.0110713 0.00380737 -0.0153731
internal_weight=136.158 46.6465 89.5115 79.4132 39.8975 69.4319 33.4825
internal_count=631 221 410 365 190 320 160
is_linear=0
shrinkage=0.03


Tree=133
num_leaves=10
num_cat=0
split_feature=3 38 40 38 15 11 40 28 0
split_gain=3.15431 5.83437 5.13777 4.49618 3.36405 2.43404 1.84596 1.50195 1.15929
threshold=0.011887310304279032 0.014271086919056561 -0.02243007388382123 0.011860973869419677 60.421753488241741 0.0015270194786866089 -0.060671120963614704 2.5000000000000004 -0.0031044512815240895
decision_type=2 2 2 2 2 2 2 2 2
left_child=2 4 6 5 7 -4 -1 -2 -8
right_child=1 -3 3 -5 -6 -7 8 -9 -10
leaf_value=0.0024850067811532884 -0.00032937632499639789 0.015881055490863515 0.01783354476746745 -0.012047465974010485 0.0063022506206261127 0.00462941790683556 -0.021507919011892643 -0.01783907645929134 -0.0020329982513125101
leaf_weight=6.3165761530399349 7.4365725666284552 6.7284120172262183 22.870749622583389 7.0910506621003142 6.2788182049989691 38.458166033029556 7.4921919554471978 26.052017703652382 7.2256248220801327
leaf_count=30 34 31 105 35 30 174 33 126 33
internal_value=0 -0.00613947 0.00332473 0.00740283 -0.0108064 0.010198 -0.00878018 -0.0146112 -0.0142311
internal_weight=135.95 46.4958 89.4544 68.42 39.7674 61.3289 21.0344 33.4886 14.7178
internal_count=631 221 410 314 190 279 96 160 66
is_linear=0
shrinkage=0.03


Tree=134
num_leaves=10
num_cat=0
split_feature=23 14 23 21 22 40 17 38 23
split_gain=3.08823 3.8507 3.73496 3.73361 3.45565 4.80625 4.16527 2.75768 2.64008
threshold=1.1248524412045942 -6.7420818619884804 0.95661818606016158 0.01408024807999173 0.089061760347590516 0.040857031965668263 -2.9702911997492203 0.0083494377866400096 1.0112704931928345
decision_type=2 2 2 2 2 2 2 2 2
left_child=2 -2 4 8 6 -6 -1 -3 -4
right_child=1 7 3 -5 5 -7 -8 -9 -10
leaf_value=-0.012820971161031558 0.004695868588285957 0 -0.0092236124252308097 0.022741907279141948 -0.018225763459564382 0.006720273897049261 0.0082475544292007399 -0.024382640248432258 0.0093898533213881228
leaf_weight=8.6152624264359456 10.523903734982015 7.5837624445557621 8.5704381763935107 11.693834379315375 17.840210855007175 8.3152792006731016 35.311878323554993 11.133828684687613 16.190448731184006
leaf_count=40 50 38 38 55 83 38 164 52 73
internal_value=0 -0.00827031 0.00243312 0.0100048 -0.00146565 -0.00984822 0.00341048 -0.0160341 0.00217885
internal_weight=135.779 29.2415 106.537 36.4547 70.0826 26.1555 43.9271 18.7176 24.7609
internal_count=631 140 491 166 325 121 204 90 111
is_linear=0
shrinkage=0.03


Tree=135
num_leaves=9
num_cat=0
split_feature=26 35 35 9 3 12 38 25
split_gain=3.66506 4.44452 4.10593 4.02267 2.94388 4.2017 2.82336 3.73546
threshold=0.070925553319919524 -0.0098583106455546448 0.047014515513737039 0.018949545470485368 -0.029844516956715746 38.625331391658271 0.0083855264009464556 0.35968750000000005
decision_type=2 2 2 2 2 2 2 2
left_child=1 -1 4 -3 -2 -6 -4 -8
right_child=2 3 6 -5 5 -7 7 -9
leaf_value=-0.0080165048076890101 0.013619721734021647 0.024734929940864403 -0.027617204806611083 0 -0.017107753415476656 0.00092748592913566026 -0.013988744622325619 0.010274245289820752
leaf_weight=8.8293042480945605 10.035764783620833 12.515730738639833 7.2415104433894184 9.4629267156124097 12.170960441231726 57.214555270969868 13.949191123247148 6.473203867673873
leaf_count=41 45 58 34 44 56 269 67 29
internal_value=-0.000940121 0.00772222 -0.00366564 0.0148117 0 -0.00241663 -0.0131904 -0.00539877
internal_weight=137.893 30.808 107.085 21.9787 79.4213 69.3855 27.6639 20.4224
internal_count=643 143 500 102 370 325 130 96
is_linear=0
shrinkage=0.03


Tree=136
num_leaves=9
num_cat=0
split_feature=26 19 35 40 40 40 28 36
split_gain=3.47334 6.00542 3.91935 3.16475 3.60221 3.15715 1.43818 0.913975
threshold=0.070925553319919524 0.091331105508396043 0.047014515513737039 0.081416989236027595 0.0068424973586019852 -0.00091713069127991032 6.5000000000000009 0.0061307361935033838
decision_type=2 2 2 2 2 2 2 2
left_child=1 7 3 4 -2 -4 -7 -1
right_child=2 -3 5 -5 -6 6 -8 -9
leaf_value=0.021999793526361076 -0.0051113986788569417 -0.008786776723895294 0 -0.016399819824392259 0.0079352949614587397 -0.0035234927421450347 -0.025767138544293054 0.0044124646382887774
leaf_weight=12.278794899582868 31.685790598392487 10.655299276113508 9.8153138756752032 7.4931096881628028 40.19482234120369 6.2752464264631298 11.484357155859469 7.8081588596105567
leaf_count=57 147 51 45 36 187 28 57 35
internal_value=-0.000918298 0.00751962 -0.00357496 0 0.00199845 -0.0128977 -0.0198188 0.016861
internal_weight=137.691 30.7423 106.949 79.3737 71.8806 27.5749 17.7596 20.087
internal_count=643 143 500 370 334 130 85 92
is_linear=0
shrinkage=0.03


Tree=137
num_leaves=12
num_cat=0
split_feature=14 21 11 26 37 23 21 21 38 36 19
split_gain=3.57018 7.8292 6.80608 4.88092 4.67931 4.21318 5.451 4.10333 3.51046 1.86503 3.74621
threshold=34.431921218564419 0.013857595621134044 0.0132068314109155 0.14599358974358978 -0.0074709559923765703 0.88663986981884479 0.014598139331063084 0.009529947427526669 0.0092805527930712294 0.0075528760355793477 0.090369444484638059
decision_type=2 2 2 2 2 2 2 2 2 2 2
left_child=1 3 -2 4 -1 8 -7 -5 -4 10 -3
right_child=2 9 5 7 -6 6 -8 -9 -10 -11 -12
leaf_value=-0.010873692388652309 -0.02780629176329082 0.015245728324664394 0.0027728318897138828 0.0047967945901935486 0.015400831482841571 -0.0050423362448691316 0.026920577995902615 -0.01486545148840133 -0.024326547688775593 0.024281564026040661 -0.0071219485313413801
leaf_weight=6.8779754787683514 9.7203095927834493 15.735478967428209 5.935884818434717 10.650202006101607 15.943766161799429 8.3262045830488187 6.6287884116172782 32.918280616402626 6.9225321263074875 9.5782831013202649 8.297977685928343
leaf_count=30 49 74 29 48 71 40 31 150 34 47 40
internal_value=-0.000903853 0.00195687 -0.00861857 -0.0038541 0.00663985 0 0.00974484 -0.00973031 -0.0121177 0.0134278 0.00699287
internal_weight=137.536 100.002 37.5337 66.3902 22.8217 27.8134 14.955 43.5685 12.8584 33.6117 24.0335
internal_count=643 460 183 299 101 134 71 198 63 161 114
is_linear=0
shrinkage=0.03


Tree=138
num_leaves=10
num_cat=0
split_feature=26 19 35 40 40 40 9 9 13
split_gain=3.16585 5.5868 3.68702 3.03607 2.99336 3.28573 1.5565 1.0572 0.787369
threshold=0.070925553319919524 0.091331105508396043 0.047014515513737039 -0.00091713069127991032 0.081416989236027595 0.0068424973586019852 0.018262483996971977 0.045658733361534108 -3.539819643011263
decision_type=2 2 2 2 2 2 2 2 2
left_child=1 6 4 -4 5 -2 8 -5 -1
right_child=2 -3 3 7 -6 -7 -8 -9 -10
leaf_value=0.0065963464646632865 -0.0047972737764277202 -0.0085411200195881654 0 -0.024626291905083308 -0.01596285620389571 0.0076730516615573577 0.0011373124015154326 -0.0041081770264419235 0.02860486929442899
leaf_weight=6.1641536653041866 31.583861663937569 10.608520761132239 9.8002435639500636 11.414268754422666 7.4274969995021811 40.055320285260677 6.6431672722101203 6.2105043381452552 7.2101565301418331
leaf_count=29 147 51 45 55 36 187 30 30 33
internal_value=-0.000876645 0.00718593 -0.00342335 -0.0124893 0 0.00199054 0.0162207 -0.0193161 0.0216146
internal_weight=137.118 30.626 106.492 27.425 79.0667 71.6392 20.0175 17.6248 13.3743
internal_count=643 143 500 130 370 334 92 85 62
is_linear=0
shrinkage=0.03


Tree=139
num_leaves=11
num_cat=0
split_feature=14 21 11 22 26 28 35 36 11 14
split_gain=3.36321 7.48213 6.49254 6.18703 4.28104 3.62093 3.06731 1.76637 3.19115 1.47393
threshold=34.431921218564419 0.013857595621134044 0.0132068314109155 -0.25802455785723422 0.20521390374331552 6.5000000000000009 0.032771731144638279 0.0075528760355793477 -0.0074417631141007181 60.949309133122831
decision_type=2 2 2 2 2 2 2 2 2 2
left_child=1 3 -2 -1 -5 6 -4 8 -3 -7
right_child=2 7 5 4 -6 9 -8 -9 -10 -11
leaf_value=-0.023645883387692492 -0.027252636233114053 -0.0060897040691039912 0.021865472871582584 0.0086224188574639503 -0.0073339823222393352 0 -0.0016784775195874961 0.023792289361244258 0.014503841403969887 -0.0199498593303945
leaf_weight=9.6847081184387189 9.5758493915200216 8.3150547742843628 6.4946921020746258 27.056337341666222 29.47748464345932 6.0867442041635496 8.942085459828375 9.5033742487430555 15.638300351798534 6.1754898801445961
leaf_count=44 49 38 32 120 135 31 39 47 76 32
internal_value=-0.000855032 0.0019187 -0.00837409 -0.00376166 7.99639e-05 0 0.00873868 0.0131625 0.00685875 -0.0116246
internal_weight=136.95 99.6753 37.2749 66.2185 56.5338 27.699 15.4368 33.4567 23.9534 12.2622
internal_count=643 460 183 299 255 134 71 161 114 63
is_linear=0
shrinkage=0.03


Tree=140
num_leaves=12
num_cat=0
split_feature=5 5 40 38 38 38 38 24 9 20 3
split_gain=4.21432 5.51002 4.1995 6.25895 2.76607 2.71455 4.72054 3.53467 2.4333 2.36704 1.89737
threshold=-0.014735913879445948 0.038805634556017495 -0.042005292749758442 0.0082385630512303264 0.0075997258716977217 0.010782881054116357 0.007530094691757412 0.13922518159806299 -0.0036294829029560158 0.01675546451665855 -0.031997346488018545
decision_type=2 2 2 2 2 2 2 2 2 2 2
left_child=2 5 10 -4 -3 6 -2 -7 -5 -6 -1
right_child=1 4 3 8 9 7 -8 -9 -10 -11 -12
leaf_value=0.0024667135039378642 -0.00024490245493662669 0.017002877446142265 -0.0035990310597984816 0.028948271605044998 -0.014831938563392277 -0.013258042559486908 -0.022345405377649903 0.013532791222453834 0.0029687914175454966 0.0041206299746369378 -0.01685002584029191
leaf_weight=6.5148575305938721 14.854827746748922 8.3436035513877851 12.651467502117159 12.400735564529898 6.2757294848561314 6.7366918474435789 25.413574993610382 6.9851456582546234 6.6252506971359244 17.793429784476757 6.586956635117529
leaf_count=30 66 39 58 61 30 31 118 32 30 84 31
internal_value=-0.00146551 -0.00538721 0.00568767 0.0115731 0.00391388 -0.0111793 -0.0149449 0 0.021758 -0.00100439 -0.00719693
internal_weight=131.182 86.403 44.7793 31.6775 32.4128 53.9902 40.2684 13.7218 19.026 24.0692 13.1018
internal_count=610 400 210 149 153 247 184 63 91 114 61
is_linear=0
shrinkage=0.03


Tree=141
num_leaves=7
num_cat=0
split_feature=19 3 26 15 15 16
split_gain=3.6101 2.82403 2.63941 2.38952 4.93863 3.01645
threshold=0.046259794052072423 -0.0016311115546810415 0.61754385964912295 -3.0440993532063985 -16.04148810843467 -18.780521389799834
decision_type=2 2 2 2 2 2
left_child=1 -1 3 4 -2 -5
right_child=2 -3 -4 5 -6 -7
leaf_value=-0.025709379468849915 0 -8.1151192691481053e-05 -0.014815728515857446 0.011763734396613181 0.019740769905837417 -0.0048058542588273736
leaf_weight=7.1391154676675805 28.974908515810966 8.8427242934703791 7.260968789458274 9.7720946520566923 15.346188098192213 53.536388888955116
leaf_count=31 137 40 36 45 71 250
internal_value=-0.00142241 -0.0139497 0.000400731 0.00181566 0.00706947 -0.00173662
internal_weight=130.872 15.9818 114.891 107.63 44.3211 63.3085
internal_count=610 71 539 503 208 295
is_linear=0
shrinkage=0.03


Tree=142
num_leaves=12
num_cat=0
split_feature=5 5 16 15 36 10 10 23 32 40 20
split_gain=3.90006 5.29106 4.05986 4.39127 3.05732 2.82317 2.6327 3.71488 3.06584 2.35067 1.094
threshold=-0.014735913879445948 0.038805634556017495 -0.68316720793496433 -36.166542824973455 0.005918254689754157 -0.011451590574285629 0.0011455159030929753 0.97984552940700531 -0.0048203884784250852 0.040036700403983001 0.017392508528336615
decision_type=2 2 2 2 2 2 2 2 2 2 2
left_child=2 6 3 -1 10 -5 7 -2 -8 -6 -3
right_child=1 4 -4 5 9 -7 8 -9 -10 -11 -12
leaf_value=-0.01370436916953045 -0.012973535132669772 0.0006884652785428345 0.023271472704859235 0.013358776899897321 -0.016706646162974514 -0.0059815449646251472 0 0.010437159090992633 -0.020306173185144293 0.003473690249316872 0.019053992773384338
leaf_weight=10.677597120404242 10.574328377842905 6.6726274937391272 7.3184128850698462 19.251838162541389 6.1817450299859074 7.3476779162883785 7.2959861606359473 9.5733073204755765 26.339826360344887 10.655536517500876 8.8606890141963941
leaf_count=52 49 31 35 90 30 33 32 42 124 50 42
internal_value=-0.00139407 -0.0051746 0.00549623 0.00061732 0.00393308 0.00744715 -0.0108696 -0.00123449 -0.0158269 -0.00412629 0.0129987
internal_weight=130.75 86.154 44.5955 37.2771 32.3706 26.5995 53.7834 20.1476 33.6358 16.8373 15.5333
internal_count=610 400 210 175 153 123 247 91 156 80 73
is_linear=0
shrinkage=0.03


Tree=143
num_leaves=12
num_cat=0
split_feature=5 8 24 18 14 3 38 10 14 15 4
split_gain=3.68758 5.67709 5.15679 4.74262 3.78652 3.22366 3.118 4.7623 2.08437 2.00496 1.91531
threshold=-0.020887870855148368 -0.00089940472371833268 -0.43288288288288285 0.61115052678331916 -42.524746792224498 -0.015647253924220336 0.0082385630512303264 -0.011451590574285629 -4.4234839261719108 32.524780858841389 0.021094299307643397
decision_type=2 2 2 2 2 2 2 2 2 2 2
left_child=4 8 10 -4 5 -1 -6 -8 -2 -10 -3
right_child=1 2 3 -5 6 -7 7 -9 9 -11 -12
leaf_value=0.0065011633520066468 -0.0020928983888850823 0.022895905858554898 0.012585079601459501 -0.0090658614058229999 -0.0023313204199796539 -0.017810340144081258 0.029950877609560486 0 -0.033438439067457013 -0.0066796987808866613 0.00010300857738874905
leaf_weight=7.82581527531147 8.4589413553476351 7.8528726249933225 9.0800101459026319 43.177810050547123 6.7482810169458416 7.150246709585188 10.814587354660036 7.4194749146699897 7.3175303786993009 7.5275046080350876 7.0981807112693787
leaf_count=36 38 35 42 206 29 37 53 34 32 34 34
internal_value=-0.00134557 -0.00476366 0 -0.00470223 0.0058975 -0.00495343 0.0128432 0.0188758 -0.0168785 -0.0231644 0.0142485
internal_weight=130.471 90.5128 67.2089 52.2578 39.9584 14.9761 24.9823 18.2341 23.304 14.845 14.9511
internal_count=610 421 317 248 189 73 116 87 104 66 69
is_linear=0
shrinkage=0.03


Tree=144
num_leaves=11
num_cat=0
split_feature=23 23 9 21 36 10 12 4 26 36
split_gain=3.19736 2.77316 5.42148 4.81493 3.47052 2.64213 3.01927 2.58248 2.38491 0.267167
threshold=1.1248524412045942 0.96795976718318399 -0.0012101519915610414 0.013741906306090981 0.0059373126222766305 -0.01304911381009982 62.346965661964681 -0.024690842633566187 0.15294646873594245 0.005159720709247047
decision_type=2 2 2 2 2 2 2 2 2 2
left_child=1 2 7 8 -4 -2 9 -1 -3 -7
right_child=5 3 4 -5 -6 6 -8 -9 -10 -11
leaf_value=-0.0022963925489703583 0.0020074903283502947 0.010691595198841329 0 0.02197776898374601 -0.016359338182074912 -0.0086618109483225948 0 0.016072938398229614 -0.0077885006240729993 -0.028473801847346037
leaf_weight=9.0466614216566104 9.2493802085518855 8.2962522357702273 21.494628340005875 11.704025760293005 22.052650265395641 6.3133355379104632 6.4973173364996901 14.167048513889311 13.981571987271307 7.4175710007548332
leaf_count=41 45 37 100 54 104 30 32 69 64 34
internal_value=-0.00130774 0.00114638 -0.00223982 0.00797054 -0.00852952 -0.00971145 -0.0154433 0.00870497 0 -0.0225774
internal_weight=130.22 100.743 66.761 33.9818 43.5473 29.4776 20.2282 23.2137 22.2778 13.7309
internal_count=610 469 314 155 204 141 96 110 101 64
is_linear=0
shrinkage=0.03


Tree=145
num_leaves=8
num_cat=0
split_feature=8 3 11 15 5 12 36
split_gain=2.61673 4.02612 3.17133 6.3896 2.45397 1.83802 2.2187
threshold=0.028508420335958965 0.014746656518429881 -0.03973225712061889 -36.166542824973455 0.00076850598734390385 77.971686135093975 0.0072988205354130925
decision_type=2 2 2 2 2 2 2
left_child=1 2 -1 -4 -3 6 -2
right_child=5 4 3 -5 -6 -7 -8
leaf_value=0.018886974324442415 0.0023155613935141079 -0.021254766155051757 -0.025384802767301103 0.0019190987799487108 0 -0.0018100898499103441 0.025431972480854319
leaf_weight=6.1706083416938773 10.293837375938898 11.421391144394876 6.5150369405746451 77.22500691562891 9.1306929737329465 7.3352310657501212 6.650693677365779
leaf_count=28 51 54 33 354 44 35 31
internal_value=0.000196988 -0.00168622 0.000981455 -0.0005728 -0.0130739 0.00881187 0.0139075
internal_weight=134.742 110.463 89.9107 83.74 20.5521 24.2798 16.9445
internal_count=630 513 415 387 98 117 82
is_linear=0
shrinkage=0.03


end of trees

feature_importances:
macd=76
macd_signal=70
volatility=68
atr_pct=66
macro_topix_vol_20=64
macro_usdjpy_ret_60=59
macro_usdjpy_vol_20=56
return_5d=46
macd_hist=45
macro_usdjpy_ret_20=44
month=39
div_ma_60=38
lower_shadow_pct=38
macro_topix_ret_20=37
vol_ratio=34
ma_20_60_cross=33
macro_nikkei_ret_20=33
return_20d=32
bb_bandwidth=32
ma_5_20_cross=28
div_ma_20=27
gap=24
macd_hist_change=23
div_ma_10=20
rsi=19
upper_shadow_pct=19
rsi_change=15
return_3d=14
candle_body_pct=14
return_2d=13
vol_change=13
return_1d=12
bb_pct_b=12
day_of_week=12
return_10d=11
div_ma_5=7
price_position_20d=7
streak=1
macro_nikkei_above_200dma=1

parameters:
[boosting: gbdt]
[objective: binary]
[metric: binary_logloss]
[tree_learner: serial]
[device_type: cpu]
[data_sample_strategy: bagging]
[data: ]
[valid: ]
[num_iterations: 500]
[learning_rate: 0.03]
[num_leaves: 15]
[num_threads: 0]
[seed: 42]
[deterministic: 0]
[force_col_wise: 0]
[force_row_wise: 0]
[histogram_pool_size: -1]
[max_depth: 4]
[min_data_in_leaf: 30]
[min_sum_hessian_in_leaf: 0.001]
[bagging_fraction: 0.7]
[pos_bagging_fraction: 1]
[neg_bagging_fraction: 1]
[bagging_freq: 5]
[bagging_seed: 400]
[bagging_by_query: 0]
[feature_fraction: 0.6]
[feature_fraction_bynode: 1]
[feature_fraction_seed: 30056]
[extra_trees: 0]
[extra_seed: 12879]
[early_stopping_round: 0]
[early_stopping_min_delta: 0]
[first_metric_only: 0]
[max_delta_step: 0]
[lambda_l1: 0.5]
[lambda_l2: 2]
[linear_lambda: 0]
[min_gain_to_split: 0]
[drop_rate: 0.1]
[max_drop: 50]
[skip_drop: 0.5]
[xgboost_dart_mode: 0]
[uniform_drop: 0]
[drop_seed: 17869]
[top_rate: 0.2]
[other_rate: 0.1]
[min_data_per_group: 100]
[max_cat_threshold: 32]
[cat_l2: 10]
[cat_smooth: 10]
[max_cat_to_onehot: 4]
[top_k: 20]
[monotone_constraints: ]
[monotone_constraints_method: basic]
[monotone_penalty: 0]
[feature_contri: ]
[forcedsplits_filename: ]
[refit_decay_rate: 0.9]
[cegb_tradeoff: 1]
[cegb_penalty_split: 0]
[cegb_penalty_feature_lazy: ]
[cegb_penalty_feature_coupled: ]
[path_smooth: 0]
[interaction_constraints: ]
[verbosity: -1]
[saved_feature_importance_type: 0]
[use_quantized_grad: 0]
[num_grad_quant_bins: 4]
[quant_train_renew_leaf: 0]
[stochastic_rounding: 1]
[linear_tree: 0]
[max_bin: 255]
[max_bin_by_feature: ]
[min_data_in_bin: 5]
[bin_construct_sample_cnt: 200000]
[data_random_seed: 175]
[is_enable_sparse: 1]
[enable_bundle: 1]
[use_missing: 1]
[zero_as_missing: 0]
[feature_pre_filter: 1]
[pre_partition: 0]
[two_round: 0]
[header: 0]
[label_column: ]
[weight_column: ]
[group_column: ]
[ignore_column: ]
[categorical_feature: ]
[forcedbins_filename: ]
[precise_float_parser: 0]
[parser_config_file: ]
[objective_seed: 16083]
[num_class: 1]
[is_unbalance: 0]
[scale_pos_weight: 1]
[sigmoid: 1]
[boost_from_average: 1]
[reg_sqrt: 0]
[alpha: 0.9]
[fair_c: 1]
[poisson_max_delta_step: 0.7]
[tweedie_variance_power: 1.5]
[lambdarank_truncation_level: 30]
[lambdarank_norm: 1]
[label_gain: ]
[lambdarank_position_bias_regularization: 0]
[eval_at: ]
[multi_error_top_k: 1]
[auc_mu_weights: ]
[num_machines: 1]
[local_listen_port: 12400]
[time_out: 120]
[machine_list_filename: ]
[machines: ]
[gpu_platform_id: -1]
[gpu_device_id: -1]
[gpu_use_dp: 0]
[num_gpu: 1]

end of parameters

pandas_categorical:[]
