{
  "feature_cols": [
    "return_1d",
    "return_2d",
    "return_3d",
    "return_5d",
    "return_10d",
    "return_20d",
    "div_ma_5",
    "div_ma_10",
    "div_ma_20",
    "div_ma_60",
    "ma_5_20_cross",
    "ma_20_60_cross",
    "rsi",
    "rsi_change",
    "macd",
    "macd_signal",
    "macd_hist",
    "macd_hist_change",
    "bb_pct_b",
    "bb_bandwidth",
    "atr_pct",
    "volatility",
    "vol_change",
    "vol_ratio",
    "candle_body_pct",
    "upper_shadow_pct",
    "lower_shadow_pct",
    "day_of_week",
    "month",
    "is_month_end",
    "is_month_start",
    "streak",
    "gap",
    "price_position_20d",
    "macro_usdjpy_ret_20",
    "macro_usdjpy_ret_60",
    "macro_usdjpy_vol_20",
    "macro_topix_ret_20",
    "macro_topix_vol_20",
    "macro_topix_above_200dma",
    "macro_nikkei_ret_20",
    "macro_nikkei_above_200dma",
    "macro_nikkei_vi",
    "macro_jgb10y",
    "macro_bias_score"
  ],
  "avg_up_ret": 0.042294981840952685,
  "avg_dn_ret": -0.024660788212214704,
  "n_bins": 10,
  "psi_ref_rows": 250,
  "psi": {
    "return_1d": {
      "edges": [
        -0.10378771667023323,
        -0.03160809273475575,
        -0.02064463773409739,
        -0.011807758459706733,
        -0.003169506015805819,
        0.003109109090678963,
        0.007967672230302331,
        0.015334080601529814,
        0.02480617393413362,
        0.04084821639570754,
        0.13064767415980416
      ],
      "ref_props": [
        0.1,
        0.1,
        0.1,
        0.1,
        0.1,
        0.1,
        0.1,
        0.1,
        0.1,
        0.1
      ]
    },
    "return_2d": {
      "edges": [
        -0.13631676634357603,
        -0.03890027525577228,
        -0.020862996707478643,
        -0.013554672600127163,
        -0.005992397473225013,
        0.0022033737637063844,
        0.012997242809338087,
        0.021898286468002428,
        0.03579936948297601,
        0.06246078006385096,
        0.1827443489334606
      ],
      "ref_props": [
        0.1,
        0.1,
        0.1,
        0.1,
        0.1,
        0.1,
        0.1,
        0.1,
        0.1,
        0.1
      ]
    },
    "return_3d": {
      "edges": [
        -0.13844887883151613,
        -0.04180650650145773,
        -0.027297835497835488,
        -0.017546638428666477,
        -0.005036208417038977,
        0.005087979684165078,
        0.017228894899709968,
        0.02741892481421453,
        0.04467989907182478,
        0.07487001629963065,
        0.2623173632347944
      ],
      "ref_props": [
        0.1,
        0.1,
        0.1,
        0.1,
        0.1,
        0.1,
        0.1,
        0.1,
        0.1,
        0.1
      ]
    },
    "return_5d": {
      "edges": [
        -0.14765263926052052,
        -0.05661186448832588,
        -0.02617182585631954,
        -0.013754856901485698,
        -0.001261187750620229,
        0.010158029254482615,
        0.02398129681804378,
        0.04476205610290548,
        0.06458339077901598,
        0.09904403839887707,
        0.2476910159529806
      ],
      "ref_props": [
        0.1,
        0.1,
        0.1,
        0.1,
        0.1,
        0.1,
        0.1,
        0.1,
        0.1,
        0.1
      ]
    },
    "return_10d": {
      "edges": [
        -0.14703018500486853,
        -0.07731436573002064,
        -0.03859126871236755,
        -0.013934176855322397,
        0.00890823342299667,
        0.0303154749907254,
        0.05073201445451024,
        0.07993012876563792,
        0.107059448794163,
        0.16420485175202157,
        0.37833753148614613
      ],
      "ref_props": [
        0.1,
        0.1,
        0.1,
        0.1,
        0.1,
        0.1,
        0.1,
        0.1,
        0.1,
        0.1
      ]
    },
    "return_20d": {
      "edges": [
        -0.1750876469375129,
        -0.10842271854576589,
        -0.053194854820625595,
        -0.011537751623898621,
        0.032557797895587375,
        0.0658456441559293,
        0.10069449038850298,
        0.13697179532713877,
        0.18091040597293517,
        0.29269006294559596,
        0.5330593948449758
      ],
      "ref_props": [
        0.1,
        0.1,
        0.1,
        0.1,
        0.1,
        0.1,
        0.1,
        0.1,
        0.1,
        0.1
      ]
    },
    "div_ma_5": {
      "edges": [
        -0.10232777468169925,
        -0.027806453418321775,
        -0.015942108273870884,
        -0.00860654108477971,
        -0.0023071215754950827,
        0.003950175730318792,
        0.009569472560615301,
        0.017716192148145314,
        0.028302185817821193,
        0.047526274084147196,
        0.14983441146429785
      ],
      "ref_props": [
        0.1,
        0.1,
        0.1,
        0.1,
        0.1,
        0.1,
        0.1,
        0.1,
        0.1,
        0.1
      ]
    },
    "div_ma_10": {
      "edges": [
        -0.10933412730482132,
        -0.04161627167800606,
        -0.020195389359478996,
        -0.008136329294068982,
        8.305426246103066e-06,
        0.008456967196944484,
        0.020162432749135074,
        0.03298406091577953,
        0.05720214889172139,
        0.07467826545395695,
        0.19868110063902428
      ],
      "ref_props": [
        0.1,
        0.1,
        0.1,
        0.1,
        0.1,
        0.1,
        0.1,
        0.1,
        0.1,
        0.1
      ]
    },
    "div_ma_20": {
      "edges": [
        -0.08970162705753992,
        -0.06187482228974456,
        -0.037523801722886316,
        -0.012888085849070984,
        0.014266112672181055,
        0.029519016526902763,
        0.046966469045421594,
        0.06744500672900898,
        0.09125940998116709,
        0.13301327680309338,
        0.29770027798837506
      ],
      "ref_props": [
        0.1,
        0.1,
        0.1,
        0.1,
        0.1,
        0.1,
        0.1,
        0.1,
        0.1,
        0.1
      ]
    },
    "div_ma_60": {
      "edges": [
        -0.177045325404455,
        -0.06831161700241202,
        -0.02821820475608636,
        0.021711329275136675,
        0.06115222851090227,
        0.08510621349638117,
        0.12245395467333746,
        0.1505823139084915,
        0.17834888672798438,
        0.2511440138399883,
        0.6152348997686717
      ],
      "ref_props": [
        0.1,
        0.1,
        0.1,
        0.1,
        0.1,
        0.1,
        0.1,
        0.1,
        0.1,
        0.1
      ]
    },
    "ma_5_20_cross": {
      "edges": [
        -0.06818229483442051,
        -0.04559020692667911,
        -0.028894159832392692,
        -0.009041140754247837,
        0.008920269927518511,
        0.02355445924526378,
        0.039871230736820674,
        0.054807217439540784,
        0.07398974666601293,
        0.10234473480695139,
        0.19118018701036155
      ],
      "ref_props": [
        0.1,
        0.1,
        0.1,
        0.1,
        0.1,
        0.1,
        0.1,
        0.1,
        0.1,
        0.1
      ]
    },
    "ma_20_60_cross": {
      "edges": [
        -0.10314731359007367,
        -0.06161903867567582,
        -0.014332895469927526,
        0.02634931673126395,
        0.035127046709657786,
        0.04276488510139698,
        0.07999909320779167,
        0.09315086213139175,
        0.10570148744809416,
        0.13356148568874396,
        0.28949828794405996
      ],
      "ref_props": [
        0.1,
        0.1,
        0.1,
        0.1,
        0.1,
        0.1,
        0.1,
        0.1,
        0.1,
        0.1
      ]
    },
    "rsi": {
      "edges": [
        17.864077669902898,
        34.437663015127804,
        41.132302750451714,
        46.69715061058345,
        54.16383628204868,
        58.94095615937469,
        62.39672146591926,
        66.44273832373639,
        69.20738665250647,
        75.72123552123551,
        86.15900383141762
      ],
      "ref_props": [
        0.1,
        0.1,
        0.1,
        0.1,
        0.1,
        0.1,
        0.1,
        0.1,
        0.1,
        0.1
      ]
    },