{
  "feature_cols": [
    "return_1d",
    "return_2d",
    "return_3d",
    "return_5d",
    "return_10d",
    "return_20d",
    "div_ma_5",
    "div_ma_10",
    "div_ma_20",
    "div_ma_60",
    "ma_5_20_cross",
    "ma_20_60_cross",
    "rsi",
    "rsi_change",
    "macd",
    "macd_signal",
    "macd_hist",
    "macd_hist_change",
    "bb_pct_b",
    "bb_bandwidth",
    "atr_pct",
    "volatility",
    "vol_change",
    "vol_ratio",
    "candle_body_pct",
    "upper_shadow_pct",
    "lower_shadow_pct",
    "day_of_week",
    "month",
    "is_month_end",
    "is_month_start",
    "streak",
    "gap",
    "price_position_20d",
    "macro_usdjpy_ret_20",
    "macro_usdjpy_ret_60",
    "macro_usdjpy_vol_20",
    "macro_topix_ret_20",
    "macro_topix_vol_20",
    "macro_topix_above_200dma",
    "macro_nikkei_ret_20",
    "macro_nikkei_above_200dma",
    "macro_nikkei_vi",
    "macro_jgb10y",
    "macro_bias_score"
  ],
  "avg_up_ret": 0.03524260862045429,
  "avg_dn_ret": -0.0216694817831188,
  "n_bins": 10,
  "psi_ref_rows": 250,
  "psi": {
    "return_1d": {
      "edges": [
        -0.10137216465975918,
        -0.02568904499003326,
        -0.015438971522003552,
        -0.0070130885529833846,
        -0.0028728624485342847,
        0.0009249213659788813,
        0.006684346673043091,
        0.013125847763805166,
        0.021207098642714643,
        0.033356723537710596,
        0.13383177570093463
      ],
      "ref_props": [
        0.1,
        0.1,
        0.1,
        0.1,
        0.1,
        0.1,
        0.1,
        0.1,
        0.1,
        0.1
      ]
    },
    "return_2d": {
      "edges": [
        -0.1769812377485298,
        -0.035027914047079785,
        -0.019812294904254932,
        -0.009041103033192284,
        -0.0016228032683846638,
        0.0038435002404215712,
        0.010687776046465782,
        0.018586332262788743,
        0.03506059432324058,
        0.05567125971615794,
        0.14712556732223914
      ],
      "ref_props": [
        0.1,
        0.1,
        0.1,
        0.1,
        0.1,
        0.1,
        0.1,
        0.1,
        0.1,
        0.1
      ]
    },
    "return_3d": {
      "edges": [
        -0.20845677349851877,
        -0.0456063056849233,
        -0.01713362118728207,
        -0.009038764743655215,
        -0.0007763664906521774,
        0.008750378838914274,
        0.016796847351825767,
        0.02955126967630684,
        0.04075123700966757,
        0.07011973701312237,
        0.12042851865533799
      ],
      "ref_props": [
        0.1,
        0.1,
        0.1,
        0.1,
        0.1,
        0.1,
        0.1,
        0.1,
        0.1,
        0.1
      ]
    },
    "return_5d": {
      "edges": [
        -0.23522822738728644,
        -0.04939375048208935,
        -0.02338520577039557,
        -0.008615065635201634,
        0.003227158846154944,
        0.015121349744018131,
        0.027881289777730835,
        0.044546043107154355,
        0.05624326547796908,
        0.08677230318760634,
        0.1768621236133121
      ],
      "ref_props": [
        0.1,
        0.1,
        0.1,
        0.1,
        0.1,
        0.1,
        0.1,
        0.1,
        0.1,
        0.1
      ]
    },
    "return_10d": {
      "edges": [
        -0.22306128376415912,
        -0.07759576579096553,
        -0.02719371968404879,
        0.0033068798939577797,
        0.017981998367727625,
        0.03130868334299586,
        0.04645062376611925,
        0.0627338206427355,
        0.08423681878062414,
        0.11747881545252853,
        0.22808174027686223
      ],
      "ref_props": [
        0.1,
        0.1,
        0.1,
        0.1,
        0.1,
        0.1,
        0.1,
        0.1,
        0.1,
        0.1
      ]
    },
    "return_20d": {
      "edges": [
        -0.28305952060328576,
        -0.10817131999574339,
        -0.0209644453897412,
        0.0241484433917976,
        0.04224535942789474,
        0.06255094550721207,
        0.08200581395348847,
        0.11212373045418778,
        0.136925504921489,
        0.17061814235762224,
        0.3408042188529994
      ],
      "ref_props": [
        0.1,
        0.1,
        0.1,
        0.1,
        0.1,
        0.1,
        0.1,
        0.1,
        0.1,
        0.1
      ]
    },
    "div_ma_5": {
      "edges": [
        -0.13416214942257837,
        -0.027722331924297114,
        -0.012054102362253911,
        -0.005735636124623497,
        0.00016559745316838337,
        0.006365084966245493,
        0.010861189388262799,
        0.01801776591548041,
        0.02504784953723931,
        0.038909395945295674,
        0.10524014284673129
      ],
      "ref_props": [
        0.1,
        0.1,
        0.1,
        0.1,
        0.1,
        0.1,
        0.1,
        0.1,
        0.1,
        0.1
      ]
    },
    "div_ma_10": {
      "edges": [
        -0.15545659770541484,
        -0.03645069232993976,
        -0.016328247436599063,
        -0.0028170248707009935,
        0.006589612382792575,
        0.012447123096334608,
        0.01888087614594479,
        0.030439784759738235,
        0.04360227118699622,
        0.05570902063372355,
        0.13024035774175516
      ],
      "ref_props": [
        0.1,
        0.1,
        0.1,
        0.1,
        0.1,
        0.1,
        0.1,
        0.1,
        0.1,
        0.1
      ]
    },
    "div_ma_20": {
      "edges": [
        -0.16281981065644316,
        -0.06394120150342016,
        -0.021509391579620986,
        0.0035084853335271755,
        0.018916244113752898,
        0.028441330671752602,
        0.042136949674293746,
        0.05592715826144829,
        0.07158902802110921,
        0.0924077909858023,
        0.1433389544688027
      ],
      "ref_props": [
        0.1,
        0.1,
        0.1,
        0.1,
        0.1,
        0.1,
        0.1,
        0.1,
        0.1,
        0.1
      ]
    },
    "div_ma_60": {
      "edges": [
        -0.2046974877359893,
        -0.07233580774796887,
        -0.019414599623972288,
        0.057227173562424044,
        0.08133509217516016,
        0.09864236928112156,
        0.11655769428543931,
        0.1418954854227785,
        0.18527859267857288,
        0.21594350874154788,
        0.3074126194736474
      ],
      "ref_props": [
        0.1,
        0.1,
        0.1,
        0.1,
        0.1,
        0.1,
        0.1,
        0.1,
        0.1,
        0.1
      ]
    },
    "ma_5_20_cross": {
      "edges": [
        -0.1322118770049292,
        -0.05315976581242101,
        -0.014675883969278498,
        0.003571310260002727,
        0.015548645945426464,
        0.020949289506688507,
        0.03276704950996746,
        0.041866791426270235,
        0.053310186290818525,
        0.07193282272682497,
        0.10513565891472876
      ],
      "ref_props": [
        0.1,
        0.1,
        0.1,
        0.1,
        0.1,
        0.1,
        0.1,
        0.1,
        0.1,
        0.1
      ]
    },
    "ma_20_60_cross": {
      "edges": [
        -0.12150443757665996,
        -0.050205088813224774,
        -0.024925220463290338,
        0.04817860191456274,
        0.05734565254816073,
        0.07143355279370567,
        0.08334809612333839,
        0.09724553955406816,
        0.11800801787654149,
        0.13918406781818568,
        0.1468954191271532
      ],
      "ref_props": [
        0.1,
        0.1,
        0.1,
        0.1,
        0.1,
        0.1,
        0.1,
        0.1,
        0.1,
        0.1
      ]
    },
    "rsi": {
      "edges": [
        20.614525139664806,
        39.952139231327045,
        47.38824064006232,
        51.79211707966075,
        56.28955229292012,
        60.032822757111596,
        63.31252239437997,
        67.72225050689104,
        72.0080604534005,
        76.56266025641025,
        84.37314319667261
      ],
      "ref_props": [
        0.1,
        0.1,
        0.1,
        0.1,
        0.1,
        0.1,
        0.1,
        0.1,
        0.1,
        0.1
      ]
    },