{
  "applied": true,
  "n_buckets": 10,
  "edges": [
    0.0,
    0.1,
    0.2,
    0.30000000000000004,
    0.4,
    0.5,
    0.6000000000000001,
    0.7000000000000001,
    0.8,
    0.9,
    1.0
  ],
  "prob_up": [
    0.5458333333333333,
    0.5044444444444445,
    0.5375347544022243,
    0.5575589459084604,
    0.55,
    0.5069508804448564,
    0.5177777777777778,
    0.5187239944521498,
    0.5644444444444444,
    0.5634847080630213
  ],
  "expected_ret": [
    0.005811453888325503,
    0.004663500248995263,
    0.006361966680664906,
    0.009042333561325921,
    0.009627359252257774,
    0.004730539441328335,
    0.004693561847203098,
    0.00879344466552078,
    0.012611245758007223,
    0.019631831741523952
  ],
  "global_prob_up": 0.5363929325480609,
  "global_expected_ret": 0.008737804628481265
}