{
  "feature_cols": [
    "cs_z_return_5d",
    "cs_rank_return_5d",
    "cs_z_return_20d",
    "cs_rank_return_20d",
    "cs_z_rsi",
    "cs_rank_rsi",
    "cs_z_macd_hist",
    "cs_rank_macd_hist",
    "cs_z_atr_pct",
    "cs_rank_atr_pct",
    "cs_z_vol_ratio",
    "cs_rank_vol_ratio",
    "cs_z_adv20",
    "cs_rank_adv20",
    "sect_rank_return_20d",
    "sect_rank_return_5d",
    "cs_rank_turnover",
    "macro_usdjpy_ret_20",
    "macro_usdjpy_ret_60",
    "macro_usdjpy_vol_20",
    "macro_topix_ret_20",
    "macro_topix_vol_20",
    "macro_topix_above_200dma",
    "macro_nikkei_ret_20",
    "macro_nikkei_above_200dma",
    "macro_nikkei_vi",
    "macro_jgb10y",
    "macro_bias_score"
  ],
  "feature_means": {
    "cs_z_return_5d": -1.2263624704913294e-18,
    "cs_rank_return_5d": 0.5100023012689855,
    "cs_z_return_20d": 6.423803416859345e-19,
    "cs_rank_return_20d": 0.5100023012689855,
    "cs_z_rsi": -7.555268791419798e-18,
    "cs_rank_rsi": 0.5100023012689855,
    "cs_z_macd_hist": -5.912819054154624e-19,
    "cs_rank_macd_hist": 0.5100023012689855,
    "cs_z_atr_pct": 3.8980807097760116e-18,
    "cs_rank_atr_pct": 0.5100023012689855,
    "cs_z_vol_ratio": 9.803599987320569e-18,
    "cs_rank_vol_ratio": 0.5100023012689855,
    "cs_z_adv20": -1.5913513009947014e-18,
    "cs_rank_adv20": 0.5100023012689855,
    "sect_rank_return_20d": 0.7100401078308896,
    "sect_rank_return_5d": 0.7100401078308896,
    "cs_rank_turnover": 0.5100023012689855,
    "macro_usdjpy_ret_20": 0.006142298513113314,
    "macro_usdjpy_ret_60": 0.018926956817999944,
    "macro_usdjpy_vol_20": 0.005748954468920365,
    "macro_topix_ret_20": -0.0034671868326285648,
    "macro_topix_vol_20": 0.013707229135834165,
    "macro_topix_above_200dma": 0.744476954434874,
    "macro_nikkei_ret_20": 0.01362114352248285,
    "macro_nikkei_above_200dma": 0.7091360378723125,
    "macro_nikkei_vi": null,
    "macro_jgb10y": null,
    "macro_bias_score": 0.0
  },
  "feature_stds": {
    "cs_z_return_5d": 1.0,
    "cs_rank_return_5d": 0.288617203445503,
    "cs_z_return_20d": 1.0,
    "cs_rank_return_20d": 0.28861735152344536,
    "cs_z_rsi": 1.0,
    "cs_rank_rsi": 0.2886172603985668,
    "cs_z_macd_hist": 1.0,
    "cs_rank_macd_hist": 0.28861736860935694,
    "cs_z_atr_pct": 1.0,
    "cs_rank_atr_pct": 0.28861736860935694,
    "cs_z_vol_ratio": 1.0,
    "cs_rank_vol_ratio": 0.28861736860935694,
    "cs_z_adv20": 1.0,
    "cs_rank_adv20": 0.28861736860935694,
    "sect_rank_return_20d": 0.2823229204978219,
    "sect_rank_return_5d": 0.2823220107648475,
    "cs_rank_turnover": 0.28861736860935694,
    "macro_usdjpy_ret_20": 0.028150428567025872,
    "macro_usdjpy_ret_60": 0.048932862548679124,
    "macro_usdjpy_vol_20": 0.0020242108665224326,
    "macro_topix_ret_20": 0.12246522084499886,
    "macro_topix_vol_20": 0.02495697569942719,
    "macro_topix_above_200dma": 0.4361548105320501,
    "macro_nikkei_ret_20": 0.05145606449323493,
    "macro_nikkei_above_200dma": 0.45416089402663307,
    "macro_nikkei_vi": null,
    "macro_jgb10y": null,
    "macro_bias_score": 0.0
  }
}