{
  "feature_cols": [
    "return_1d",
    "return_2d",
    "return_3d",
    "return_5d",
    "return_10d",
    "return_20d",
    "div_ma_5",
    "div_ma_10",
    "div_ma_20",
    "div_ma_60",
    "ma_5_20_cross",
    "ma_20_60_cross",
    "rsi",
    "rsi_change",
    "macd",
    "macd_signal",
    "macd_hist",
    "macd_hist_change",
    "bb_pct_b",
    "bb_bandwidth",
    "atr_pct",
    "volatility",
    "vol_change",
    "vol_ratio",
    "candle_body_pct",
    "upper_shadow_pct",
    "lower_shadow_pct",
    "day_of_week",
    "month",
    "is_month_end",
    "is_month_start",
    "streak",
    "gap",
    "price_position_20d",
    "macro_usdjpy_ret_20",
    "macro_usdjpy_ret_60",
    "macro_usdjpy_vol_20",
    "macro_topix_ret_20",
    "macro_topix_vol_20",
    "macro_topix_above_200dma",
    "macro_nikkei_ret_20",
    "macro_nikkei_above_200dma",
    "macro_nikkei_vi",
    "macro_jgb10y",
    "macro_bias_score"
  ],
  "avg_up_ret": 0.020230488588001683,
  "avg_dn_ret": -0.010604007296513916,
  "n_bins": 10,
  "psi_ref_rows": 250,
  "psi": {
    "return_1d": {
      "edges": [
        -0.029421598127716497,
        -0.014523932384207693,
        -0.008531754264638059,
        -0.005726164251807307,
        -0.0018028925771905496,
        0.0002858873185496158,
        0.0035089149717305408,
        0.006375011049590554,
        0.009508450591407876,
        0.015717028726018722,
        0.08934010152284255
      ],
      "ref_props": [
        0.1,
        0.1,
        0.1,
        0.1,
        0.1,
        0.1,
        0.1,
        0.1,
        0.1,
        0.1
      ]
    },
    "return_2d": {
      "edges": [
        -0.05165496489468402,
        -0.016378446508319666,
        -0.009868021086488274,
        -0.006221466091269477,
        -0.0030116260899130548,
        0.0005896258255340125,
        0.004652324840012281,
        0.008321707019003144,
        0.014615365668748484,
        0.02740265810978062,
        0.0931132844335778
      ],
      "ref_props": [
        0.1,
        0.1,
        0.1,
        0.1,
        0.1,
        0.1,
        0.1,
        0.1,
        0.1,
        0.1
      ]
    },
    "return_3d": {
      "edges": [
        -0.05244696843160179,
        -0.019460403006132786,
        -0.014781742642409989,
        -0.007279249361112757,
        -0.0029948320241571123,
        0.0020915242331034367,
        0.007019579394781508,
        0.013003277106860514,
        0.018676217614539192,
        0.031835394977216255,
        0.09482233502538073
      ],
      "ref_props": [
        0.1,
        0.1,
        0.1,
        0.1,
        0.1,
        0.1,
        0.1,
        0.1,
        0.1,
        0.1
      ]
    },
    "return_5d": {
      "edges": [
        -0.06648017113707416,
        -0.027539404108903907,
        -0.01608978685229294,
        -0.00832660226137103,
        -0.0008739905647122199,
        0.0037324819311281843,
        0.008519866791084319,
        0.016619469605310584,
        0.027953823825097597,
        0.04425996528597825,
        0.12649746192893407
      ],
      "ref_props": [
        0.1,
        0.1,
        0.1,
        0.1,
        0.1,
        0.1,
        0.1,
        0.1,
        0.1,
        0.1
      ]
    },
    "return_10d": {
      "edges": [
        -0.06725867456010526,
        -0.03324879573426391,
        -0.02189407236136211,
        -0.00757595250068105,
        -0.001283941425119708,
        0.008116996603878213,
        0.016060510557831777,
        0.025544969161373415,
        0.0430623266168656,
        0.07294555829207358,
        0.15546047269763652
      ],
      "ref_props": [
        0.1,
        0.1,
        0.1,
        0.1,
        0.1,
        0.1,
        0.1,
        0.1,
        0.1,
        0.1
      ]
    },
    "return_20d": {
      "edges": [
        -0.06986970684039084,
        -0.03473594576980578,
        -0.019567866836654214,
        -0.010546534197907008,
        0.0012070229776957053,
        0.01608508469919845,
        0.03295483571345638,
        0.04652233837007467,
        0.0749121584631463,
        0.12166276029384604,
        0.1953952730236348
      ],
      "ref_props": [
        0.1,
        0.1,
        0.1,
        0.1,
        0.1,
        0.1,
        0.1,
        0.1,
        0.1,
        0.1
      ]
    },
    "div_ma_5": {
      "edges": [
        -0.03710367302600318,
        -0.01338100704928931,
        -0.008591000162504114,
        -0.004050300105276356,
        -0.0015063096262039393,
        0.0008811049234291342,
        0.0040081003043674806,
        0.008358785414200823,
        0.01352723397850701,
        0.019885471681287483,
        0.06494898566834725
      ],
      "ref_props": [
        0.1,
        0.1,
        0.1,
        0.1,
        0.1,
        0.1,
        0.1,
        0.1,
        0.1,
        0.1
      ]
    },
    "div_ma_10": {
      "edges": [
        -0.04404826098678883,
        -0.018974855708520488,
        -0.01313562678668817,
        -0.006317926558312059,
        -0.002191947918475696,
        0.0031132923047822534,
        0.007594235879956014,
        0.0125853086644092,
        0.020551952768897902,
        0.04216219059056395,
        0.0700466711875224
      ],
      "ref_props": [
        0.1,
        0.1,
        0.1,
        0.1,
        0.1,
        0.1,
        0.1,
        0.1,
        0.1,
        0.1
      ]
    },
    "div_ma_20": {
      "edges": [
        -0.04870502812969,
        -0.02353211512181819,
        -0.012997217720899115,
        -0.005047930624154548,
        0.0011498396788049503,
        0.006280481216118268,
        0.012643683343067166,
        0.020449272573304422,
        0.03875097426324831,
        0.06378243378426213,
        0.094258495887655
      ],
      "ref_props": [
        0.1,
        0.1,
        0.1,
        0.1,
        0.1,
        0.1,
        0.1,
        0.1,
        0.1,
        0.1
      ]
    },
    "div_ma_60": {
      "edges": [
        -0.04637676724401737,
        -0.020012911843991437,
        -0.0031676471210030813,
        0.01291757179203411,
        0.027917819060112974,
        0.036526138497991745,
        0.04929344231867503,
        0.055823979090966674,
        0.06947320032679931,
        0.10594073336745655,
        0.1583064796644988
      ],
      "ref_props": [
        0.1,
        0.1,
        0.1,
        0.1,
        0.1,
        0.1,
        0.1,
        0.1,
        0.1,
        0.1
      ]
    },
    "ma_5_20_cross": {
      "edges": [
        -0.038677942117853026,
        -0.0184650271652269,
        -0.01024348501710954,
        -0.004538225278441797,
        0.00021266046494616936,
        0.0048559793373808,
        0.011541347346702717,
        0.016259063739106554,
        0.030278208814350557,
        0.047806761048501185,
        0.07401970660756607
      ],
      "ref_props": [
        0.1,
        0.1,
        0.1,
        0.1,
        0.1,
        0.1,
        0.1,
        0.1,
        0.1,
        0.1
      ]
    },
    "ma_20_60_cross": {
      "edges": [
        -0.025111579398255257,
        -0.004422707956270109,
        0.0024989049468383787,
        0.008301246330790447,
        0.015178384324738437,
        0.02268749016709093,
        0.029326920068128315,
        0.03575362156850912,
        0.0506827172293274,
        0.06845797089370491,
        0.10538407848307418
      ],
      "ref_props": [
        0.1,
        0.1,
        0.1,
        0.1,
        0.1,
        0.1,
        0.1,
        0.1,
        0.1,
        0.1
      ]
    },
    "rsi": {
      "edges": [
        12.46006389776359,
        33.27205882352941,
        40.806842004955215,
        46.132648177535955,
        50.34378668455476,
        55.18205060389668,
        59.28265917145302,
        62.722249034749034,
        68.07882302405498,
        77.84210526315789,
        90.41095890410959
      ],