tree
version=v4
num_class=1
num_tree_per_iteration=1
label_index=0
max_feature_idx=44
objective=binary sigmoid:1
feature_names=return_1d return_2d return_3d return_5d return_10d return_20d div_ma_5 div_ma_10 div_ma_20 div_ma_60 ma_5_20_cross ma_20_60_cross rsi rsi_change macd macd_signal macd_hist macd_hist_change bb_pct_b bb_bandwidth atr_pct volatility vol_change vol_ratio candle_body_pct upper_shadow_pct lower_shadow_pct day_of_week month is_month_end is_month_start streak gap price_position_20d macro_usdjpy_ret_20 macro_usdjpy_ret_60 macro_usdjpy_vol_20 macro_topix_ret_20 macro_topix_vol_20 macro_topix_above_200dma macro_nikkei_ret_20 macro_nikkei_above_200dma macro_nikkei_vi macro_jgb10y macro_bias_score
feature_infos=[-0.1059670781893004:0.11846129084178325] [-0.15053763440860213:0.18461290841783362] [-0.20220335092953867:0.24135604655085174] [-0.23148352863143928:0.30334690986364432] [-0.29162421031179953:0.38108730299273952] [-0.30088495575221241:0.44452676421559545] [-0.1360540836108764:0.14037806011775644] [-0.19667205916339264:0.21697146069645157] [-0.24655901159640187:0.2852752165409333] [-0.24779271741012174:0.42463534705583278] [-0.16364045449431885:0.19289529251024717] [-0.10415090381979042:0.24328604530981712] [6.7901234567901128:94.302554027504911] [-30.659676541305629:22.979703147353362] [-270.62830270575887:635.43018573191057] [-205.4923540650592:558.34734226277453] [-175.68024789079021:172.62051540659206] [-34.643431793030061:54.677536982612821] [-0.31014250366346885:1.3020480851228695] [0.040388358350415862:0.55514328712586158] [0.013249310978410657:0.062248328346078539] [0.0089203576002463737:0.044052874194577395] [-0.84947091148553522:3.8261405672009863] [0.49297673454400598:1.923386504367764] [-0.97802197802197799:0.98969072164948457] [0:0.96638655462184875] [0:0.97560975609756095] [0:4] [1:12] none [0:1] [-12:8] [-0.10620347394540941:0.1082169709989258] [0:1] [-0.10288784967882303:0.08505611680078462] [-0.13986255140503889:0.13160084488587853] [0.0024251968629527628:0.011841457708833433] [-0.90806057657351702:0.19897857359448179] [0.0040695656242548776:2.1402487319617212] [0:1] [-0.22859537662338159:0.23022297972565586] [0:1] none none none
tree_sizes=983 887 1170 1093 1096 961 982 996 854 1274 1075 1000 889 890 1000 1104 1088 882 985 887 1098 1077 786 785 869 1208 763 1001 863 999 891 998 863 999 1000 1198 1068 996 897 1188 1225 1310 1394 1409 898 993 1083 868 1216 872 1298 866 1299 892 873 971 1307 1102 888 876 891 970 1175 1078 969 1181 1105 1103 1188 790 1189 880 776 773 893 783 858 967 891 786 790 997 1005 994 1204 1061 1296 1064 1094 1188 975 886 1093 890 1206

Tree=0
num_leaves=8
num_cat=0
split_feature=34 9 37 22 0 15 2
split_gain=14.5862 12.6025 12.015 9.17374 6.23391 1.63201 0.399766
threshold=0.038297884061126115 0.10537253847678443 -0.020499227100812419 -0.048299245151411922 -0.0086203653466579971 34.197029874517902 0.020631599216993538
decision_type=2 2 2 2 2 2 2
left_child=1 2 4 -4 -1 -2 -3
right_child=5 6 3 -5 -6 -7 -8
leaf_value=0.033464860580654336 -0.0058912744738458638 0.019727353118729765 0.048171684139623451 0.030094845257517728 0.0031487145090845527 0.019727353118729765 0.00077699058224442799
leaf_weight=8.2483492344617861 8.7482491880655306 7.4984993040561658 48.740245476365089 55.238944873213768 12.747448816895483 7.4984993040561667 7.4984993040561676
leaf_count=33 35 30 195 221 51 30 30
internal_value=0.0282138 0.0313658 0.0346641 0.0389251 0.0151249 0.00287571 0.00724678
internal_weight=156.219 139.972 124.975 103.979 20.9958 16.2467 14.997
internal_count=625 560 500 416 84 65 60
is_linear=0
shrinkage=1


Tree=1
num_leaves=7
num_cat=0
split_feature=34 9 40 16 23 38
split_gain=13.8707 12.0005 10.7647 8.31948 4.4301 2.82104
threshold=0.038297884061126115 0.10537253847678443 -0.024759570626918911 -0.8495037757613878 1.0477960439405805 0.010217158994409179
decision_type=2 2 2 2 2 2
left_child=1 2 4 -4 -1 -2
right_child=5 -3 3 -5 -6 -7
leaf_value=-0.022207192239178733 -0.0064867088440571704 -0.020566375168546171 0.021679620142038412 0.0035659001133606038 0.0017732431319733301 -0.035681707379503512
leaf_weight=12.498049750924112 7.7494011223316219 14.99926909804344 36.236150160431862 65.474927246570587 10.747754499316214 8.4997931718826276
leaf_count=50 31 60 145 262 43 34
internal_value=-0.000109399 0.00296278 0.00618476 0.0104575 -0.0112635 -0.0248171
internal_weight=156.205 139.956 124.957 101.711 23.2458 16.2492
internal_count=625 560 500 407 93 65
is_linear=0
shrinkage=0.03


Tree=2
num_leaves=10
num_cat=0
split_feature=37 37 36 20 33 36 6 28 6
split_gain=10.8924 9.81784 10.9074 10.3703 7.62088 7.14841 4.55781 3.83846 0.241595
threshold=-0.020499227100812419 0.040063327570842418 0.0051944971243863798 0.018302853996785908 0.37869103150853728 0.004366907809785772 -0.02049615955497543 8.5000000000000018 0.000299615283904345
decision_type=2 2 2 2 2 2 2 2 2
left_child=6 2 5 -3 -4 -2 -1 -5 -8
right_child=1 3 4 7 -6 -7 8 -9 -10
leaf_value=0 0 0.012283115548165052 0.019200514102434677 -0.0085067218280620582 -0.0056515885056991205 0.029497480072079824 -0.033555218373637112 -0.033584616829438738 -0.012929616633664881
leaf_weight=7.7480211257934597 8.9940043687820417 12.995491355657576 12.740166962146757 21.241614386439327 42.730712249875069 24.986275151371956 7.7488419860601452 8.4956350326538068 8.4990382939577085
leaf_count=31 36 52 51 85 171 100 31 34 34
internal_value=-0.00012807 0.00322233 0.00889431 -0.00818216 0.000264816 0.0217668 -0.0179891 -0.0178088 -0.0261879
internal_weight=156.18 132.184 89.4512 42.7327 55.4709 33.9803 23.9959 29.7372 16.2479
internal_count=625 529 358 171 222 136 96 119 65
is_linear=0
shrinkage=0.03


Tree=3
num_leaves=9
num_cat=0
split_feature=9 40 5 9 14 19 17 38
split_gain=9.593 11.4904 9.42373 14.6612 4.05774 2.37399 1.12221 0.0919296
threshold=0.10537253847678443 -0.031238656143089402 -0.030073877525986333 -0.0080411362119682545 -106.45924350597782 0.16239445746298212 1.8119441576820317 0.010573455833617513
decision_type=2 2 2 2 2 2 2 2
left_child=1 4 6 -4 -1 -2 -3 -6
right_child=5 2 3 -5 7 -7 -8 -9
leaf_value=0.00011309674845185743 -0.031307976138771149 0.035625148407125155 -0.02098037196699578 0.0078886875795472957 -0.011173829130127841 -0.004498148840892168 0.010805076121645871 -0.030349125248829253
leaf_weight=7.7476554661989239 7.9990809857845289 7.7407647967338544 17.241580948233604 84.942345038056374 7.4972396492958051 7.4993257969617844 7.7402293980121613 7.7462526261806488
leaf_count=31 32 31 69 340 30 30 31 31
internal_value=-0.000140136 0.00233861 0.0062627 0.00256436 -0.016038 -0.0211894 0.0267296 -0.0241779
internal_weight=156.154 140.656 117.665 102.184 22.9911 15.4984 15.481 15.2435
internal_count=625 563 471 409 92 62 62 61
is_linear=0
shrinkage=0.03


Tree=4
num_leaves=9
num_cat=0
split_feature=9 40 5 9 38 19 28 38
split_gain=9.14365 10.9352 9.02306 13.8662 3.88974 2.24597 1.04889 0.626567
threshold=0.10537253847678443 -0.031238656143089402 -0.030073877525986333 -0.0080411362119682545 0.013101165377263082 0.16239445746298212 7.5000000000000009 0.011212904916770716
decision_type=2 2 2 2 2 2 2 2
left_child=1 4 7 -4 6 -2 -1 -3
right_child=5 2 3 -5 -6 -7 -8 -9
leaf_value=-0.0089932024189102559 -0.030565806862935547 0.034260985054415743 -0.020413259904224969 0.007658870316686924 0.00011567100076926583 -0.0043917135635391747 -0.032103122303493756 0.011674287979238338
leaf_weight=7.746953025460245 7.9961054623126966 7.4838479310274106 17.244470849633217 84.926690369844437 7.7476866841316214 7.4991175830364227 7.4925778955221176 7.9841278046369553
leaf_count=31 32 30 69 340 31 30 30 32
internal_value=-0.000152574 0.00226558 0.00609668 0.0024759 -0.0156588 -0.020706 -0.0236316 0.0261326
internal_weight=156.122 140.626 117.639 102.171 22.9872 15.4952 15.2395 15.468
internal_count=625 563 471 409 92 62 61 62
is_linear=0
shrinkage=0.03


Tree=5
num_leaves=8
num_cat=0
split_feature=5 28 36 23 20 23 35
split_gain=10.7525 14.349 7.86327 9.90835 6.65321 5.33529 5.06552
threshold=0.087206831912864616 2.5000000000000004 0.0058625641493879341 1.1051940812351611 0.020783851445473168 1.0204515993434924 0.016006689504870945
decision_type=2 2 2 2 2 2 2
left_child=1 -1 3 -3 -4 6 -2
right_child=5 2 4 -5 -6 -7 -8
leaf_value=0.03079513805544869 -0.040766504106469724 7.9980957080272487e-05 -0.016648547574465582 0.028697088341518857 0.001661087351302999 0 -0.0048748805916685092
leaf_weight=13.488515913486479 8.2450492382049614 38.954194471240044 30.20867532491684 13.723347410559652 36.464549675583839 9.7427483797073346 7.9936106950044623
leaf_count=54 33 156 121 55 146 39 32
internal_value=2.40716e-05 0.00362748 0 0.00858652 -0.00665958 -0.016806 -0.026393
internal_weight=158.821 132.839 119.351 52.6775 66.6732 25.9814 16.2387
internal_count=636 532 478 211 267 104 65
is_linear=0
shrinkage=0.03


Tree=6
num_leaves=8
num_cat=0
split_feature=9 40 37 13 37 14 11
split_gain=17.8539 8.17461 9.72648 8.22299 5.26076 5.1753 5.07638
threshold=0.11380775886271073 0.018107584634312616 0.038888425555249746 -7.8232745594178388 0.0080383704365993864 64.688331420742784 0.032986436034919249
decision_type=2 2 2 2 2 2 2
left_child=1 3 5 -1 -5 -3 -4
right_child=-2 2 6 4 -6 -7 -8
leaf_value=-0.027157339171623673 -0.033977097441945485 0.029456470991335214 -0.0073290716828596711 0.0051402040834784626 -0.012954918516748772 0.0010597090738789677 0.015863384667730622
leaf_weight=9.2399091273546201 10.739992395043371 22.459679886698726 25.729843482375145 53.673831462860107 17.475399017333984 9.2359972000122053 10.23628483712673
leaf_count=37 43 90 103 215 70 37 41
internal_value=2.51027e-05 0.00301167 0.010598 -0.0032938 0.000258002 0.022181 0
internal_weight=158.791 148.051 67.6618 80.3891 71.1492 31.6957 35.9661
internal_count=636 593 271 322 285 127 144
is_linear=0
shrinkage=0.03


Tree=7
num_leaves=8
num_cat=0
split_feature=9 36 36 28 34 6 9
split_gain=16.9664 10.9586 14.1839 7.73764 5.69276 4.65792 3.99612
threshold=0.11380775886271073 0.0058625641493879341 0.003347908353275867 6.5000000000000009 0.032234919429927962 -0.0088238031352335395 0.029441299195432015
decision_type=2 2 2 2 2 2 2
left_child=1 2 -1 6 -4 -5 -3
right_child=-2 3 4 5 -6 -7 -8
leaf_value=-0.021724610356131317 -0.033151515511628114 0.01603992383337946 0.020782004067670435 -0.024510804945093535 -0.0043535709196404265 -0.0044021036856939947 -0.0039384735283559871
leaf_weight=7.7431684732437125 10.727217152714728 17.232870623469356 50.645188331604004 15.218412354588507 7.7377839237451544 35.458386734127998 13.987584829330443
leaf_count=31 43 69 203 61 31 142 56
internal_value=1.04482e-05 0.00292358 0.0118899 -0.00424812 0.0171684 -0.0114269 0.00693931
internal_weight=158.751 148.023 66.1261 81.8973 58.383 50.6768 31.2205
internal_count=636 593 265 328 234 203 125
is_linear=0
shrinkage=0.03


Tree=8
num_leaves=7
num_cat=0
split_feature=9 28 23 40 24 26
split_gain=16.1091 10.0854 8.28807 7.82361 6.18346 5.04424
threshold=0.11380775886271073 2.5000000000000004 1.1419793184554128 0.01983110729840987 -0.018799646954986756 0.29708614864864874
decision_type=2 2 2 2 2 2
left_child=1 5 3 -3 -4 -1
right_child=-2 2 4 -5 -6 -7
leaf_value=0.032841650907725013 -0.032360706852973445 -0.011751465841635802 0 0.0047867254645983038 0.027082516877681147 8.8840154241573625e-05
leaf_weight=11.721280649304392 10.70882301032543 56.41813063621521 16.456123843789104 42.929993867874146 12.963666692376135 7.4876186102628699
leaf_count=47 43 226 66 172 52 30
internal_value=0 0.00281601 -0.000222813 -0.0045036 0.0131221 0.0219942
internal_weight=158.686 147.977 128.768 99.3481 29.4198 19.2089
internal_count=636 593 516 398 118 77
is_linear=0
shrinkage=0.03


Tree=9
num_leaves=11
num_cat=0
split_feature=23 2 17 21 40 15 34 16 40 23
split_gain=9.58557 8.86329 9.30119 7.10521 6.74904 6.10266 5.28883 4.1964 2.24303 1.29128
threshold=1.0157541924199089 -0.020607306749065298 5.3378428666834745 0.023779897135857448 0.01983110729840987 -15.727596553226343 0.029261232438582477 -2.027253365000401 0.0045212096463873594 0.81746796860772586
decision_type=2 2 2 2 2 2 2 2 2 2
left_child=3 4 7 5 -2 8 -7 -3 -1 -5
right_child=1 2 -4 9 -6 6 -8 -9 -10 -11
leaf_value=0 -0.021260056420335075 0.039356572646133479 -0.0047071970169324517 -0.032678158947310951 0.010997099091583305 -0.0011466276893641661 -0.02189689244710067 0.013709635202386036 0.021548253767108245 -0.0085543933583848344
leaf_weight=7.4888866841793087 11.478128537535669 9.964911609888075 13.218577474355696 7.4874391257762891 7.9658886492252341 45.90501044690609 13.473071694374083 24.935587450861931 8.9808187037706357 7.729226291179657
leaf_count=30 46 40 53 30 32 184 54 100 36 31
internal_value=0 0.00850434 0.0153342 -0.00621605 -0.00755222 -0.00199406 -0.0066594 0.0231752 0.0129135 -0.0237131
internal_weight=158.628 67.5631 48.1191 91.0645 19.444 75.8478 59.3781 34.9005 16.4697 15.2167
internal_count=636 271 193 365 78 304 238 140 66 61
is_linear=0
shrinkage=0.03


Tree=10
num_leaves=9
num_cat=0
split_feature=11 28 11 33 4 27 14 12
split_gain=10.2508 10.3966 5.70947 10.5372 4.21526 3.97228 7.36271 3.27815
threshold=0.052434952518242935 2.5000000000000004 0.028616463723296962 0.72047940797940802 0.030657622030292101 1.5000000000000002 59.253679463979786 68.364333807403568
decision_type=2 2 2 2 2 2 2 2
left_child=1 7 3 -3 -4 -2 -7 -1
right_child=5 2 4 -5 -6 6 -8 -9
leaf_value=0.033846109088642412 0 0.0027652332006010759 0.00089301505731076306 -0.020623527395264338 0.02478926976760332 0.00060680597928726042 -0.033440783601337384 0.0045814157311076242
leaf_weight=9.9680996686220187 10.968107476830481 52.872447907924652 18.458912640810016 22.974985808134079 9.9727873206138593 7.4850059300661114 13.947105735540388 7.7200739532709113
leaf_count=40 44 212 74 92 40 30 56 31
internal_value=-0.000327236 0.00360042 -3.0772e-05 -0.00447461 0.0108461 -0.0148983 -0.0218729 0.0235982
internal_weight=154.368 121.967 104.279 75.8474 28.4317 32.4002 21.4321 17.6882
internal_count=619 489 418 304 114 130 86 71
is_linear=0
shrinkage=0.03


Tree=11
num_leaves=8
num_cat=0
split_feature=34 11 28 34 38 38 5
split_gain=19.793 9.65947 7.24312 9.60389 5.39261 4.90645 6.49121
threshold=0.032234919429927962 0.052434952518242935 2.5000000000000004 -0.0032981526639749843 0.0091083201923271243 0.0076540476976935867 0.038463241773093244
decision_type=2 2 2 2 2 2 2
left_child=1 2 -1 -4 -2 -3 -7
right_child=4 5 3 -5 -6 6 -8
leaf_value=0.027214778706678034 -0.0041530555636795268 -0.027227084398022013 -0.0070791210693599334 0.012667430953596324 -0.035130516684822435 0.014328964186267624 -0.017350117792525339
leaf_weight=14.424981743097304 9.9810288399457949 8.4801946729421633 33.953693836927414 54.10837733745575 14.201539188623427 9.7282276749610919 9.4456655681133253
leaf_count=58 40 34 136 217 57 39 38
internal_value=-0.000297914 0.00433139 0.00864443 0.00489916 -0.0242118 -0.010652 -0.000733464
internal_weight=154.324 130.141 102.487 88.0621 24.1826 27.6541 19.1739
internal_count=619 522 411 353 97 111 77
is_linear=0
shrinkage=0.03


Tree=12
num_leaves=7
num_cat=0
split_feature=9 40 33 23 9 4
split_gain=8.39057 8.50894 9.17629 6.99857 5.71618 1.91437
threshold=0.10796317918839309 -0.026864153030609791 0.22746041729333591 0.950490474222764 -0.068731095458132177 -0.041472838115095716
decision_type=2 2 2 2 2 2
left_child=1 4 -3 -4 -1 -6
right_child=-2 2 3 -5 5 -7
leaf_value=0.004887965766635893 -0.021613496392596611 0.028647113608123734 -0.0052073526962450635 0.010306493610799293 -0.032257508669450444 -0.0089346804730265541
leaf_weight=9.9879435151815432 13.149254560470579 11.944631487131117 50.624329522252083 49.080923974514008 7.4891994446516064 11.968247309327124
leaf_count=40 53 48 203 197 30 48
internal_value=-0.000306099 0.00184913 0.00573608 0.00233451 -0.0118397 -0.0207807
internal_weight=154.245 141.095 111.65 99.7053 29.4454 19.4574
internal_count=619 566 448 400 118 78
is_linear=0
shrinkage=0.03


Tree=13
num_leaves=7
num_cat=0
split_feature=34 9 40 23 13 38
split_gain=18.7369 7.47596 7.7568 6.98493 5.7212 5.05927
threshold=0.032234919429927962 0.10796317918839309 -0.026864153030609791 0.950490474222764 -0.2471970657378115 0.0091083201923271243
decision_type=2 2 2 2 2 2
left_child=1 2 4 -4 -1 -2
right_child=5 -3 3 -5 -6 -7
leaf_value=0.0061559254101396241 -0.0040861313090518429 -0.016867326852712392 0.0011559343942993303 0.017916880429000977 -0.020232631507967464 -0.034190415677531671
leaf_weight=11.984603941440584 9.9786359965801257 11.400774270296095 42.902223721146584 50.755228653550148 12.980735942721365 14.172972828149794
leaf_count=48 40 46 172 204 52 57
internal_value=-0.000306326 0.00419672 0.00659164 0.0105806 -0.00749153 -0.0235896
internal_weight=154.175 130.024 118.623 93.6575 24.9653 24.1516
internal_count=619 522 476 376 100 97
is_linear=0
shrinkage=0.03


Tree=14
num_leaves=8
num_cat=0
split_feature=34 11 22 38 38 5 25
split_gain=17.7812 8.84077 5.40362 4.79419 4.75864 5.82631 4.27876
threshold=0.032234919429927962 0.052434952518242935 0.492712186748342 0.0091083201923271243 0.0076540476976935867 0.038463241773093244 0.030151515151515155
decision_type=2 2 2 2 2 2 2
left_child=1 2 6 -2 -3 -6 -1
right_child=3 4 -4 -5 5 -7 -8
leaf_value=-0.0036312421225114821 -0.0039839367734656184 -0.026586482662529096 -0.0086645490428371996 -0.033355620778041058 0.013723863904729133 -0.016330155541824137 0.013548865445918915
leaf_weight=13.200542524456976 9.9788655489683169 8.4692966789007205 12.457594662904738 14.142355144023893 9.7108583450317401 9.4123123884201032 76.692573204636574
leaf_count=53 40 34 50 57 39 38 308
internal_value=-0.000316664 0.00406797 0.00820052 -0.0230143 -0.0102725 -0.000504025 0.0108387
internal_weight=154.064 129.943 102.351 24.1212 27.5925 19.1232 89.8931
internal_count=619 522 411 97 111 77 361
is_linear=0
shrinkage=0.03


Tree=15
num_leaves=9
num_cat=0
split_feature=28 5 10 10 11 0 0 2
split_gain=10.1029 7.01087 8.47204 7.10518 6.34719 5.24491 1.99974 1.19608
threshold=2.5000000000000004 0.084403609366334745 -0.030281144599939577 -0.010525531106031159 0.052434952518242935 0.0056865072688784277 -0.0072773674880941544 0.015117235705470968
decision_type=2 2 2 2 2 2 2 2
left_child=4 2 6 -4 7 -3 -2 -1
right_child=1 5 3 -5 -6 -7 -8 -9
leaf_value=0.03219180605133945 -0.0013970745187621436 -0.033092157582477064 0.017983446151909572 -0.00092907985047109012 -0.004039730682440304 -0.0011053870612255719 -0.02320386545879656 0.0092235838003054023
leaf_weight=10.918373674154287 7.4638408869504955 9.4312789291143435 21.395723685622215 69.786754325032234 7.9210519641637793 9.6902894824743253 13.190370559692381 7.6812071800231925
leaf_count=44 30 38 86 280 32 39 53 31
internal_value=1.39075e-05 -0.00336846 -0.000234168 0.00363845 0.0163069 -0.0192319 -0.0168047 0.0252511
internal_weight=157.479 130.958 111.837 91.1825 26.5206 19.1216 20.6542 18.5996
internal_count=633 526 449 366 107 77 83 75
is_linear=0
shrinkage=0.03


Tree=16
num_leaves=9
num_cat=0
split_feature=28 25 10 12 33 26 0 12
split_gain=9.6241 6.78608 6.49274 8.28148 5.22845 4.75423 1.5399 1.24371
threshold=2.5000000000000004 0.04420024420024421 0.010167180394851207 44.157608159561256 0.89622696609526054 0.26043478260869574 0.0076240296793357318 61.105555555555561
decision_type=2 2 2 2 2 2 2 2
left_child=4 6 3 -3 7 -4 -2 -1
right_child=1 2 5 -5 -6 -7 -8 -9
leaf_value=0.009157246415180972 -0.023542892560141311 -0.0037698604753930204 -0.017861502531471063 0.017430588825593729 -0.00074318977112229428 0.00067016507463999928 -0.0053857268615600295 0.032760476021777139
leaf_weight=7.6955091357231202 13.422568172216417 32.098074242472649 21.662702262401581 29.368798151612282 9.4011139422655088 22.914269581437111 11.456709861755369 9.3879882097244245
leaf_count=31 54 129 87 118 38 92 46 38
internal_value=6.13255e-07 -0.00329731 0 0.00635342 0.0159169 -0.00839373 -0.0167626 0.0249881
internal_weight=157.408 130.923 106.044 61.4669 26.4846 44.577 24.8793 17.0835
internal_count=633 526 426 247 107 179 100 69
is_linear=0
shrinkage=0.03


Tree=17
num_leaves=7
num_cat=0
split_feature=34 28 34 36 34 40
split_gain=9.90249 12.1026 7.69439 9.14467 6.89628 3.63427
threshold=0.034649501004426438 1.5000000000000002 -0.02346332097319281 0.0035317768940023022 -0.045724781043979527 0.004979324603780034
decision_type=2 2 2 2 2 2
left_child=1 -1 4 -4 -3 -2
right_child=5 2 3 -5 -6 -7
leaf_value=0.030741574114502696 -0.00031609517151778946 0.005593864746906407 -0.021177255767966242 0.0073510460594231409 -0.023083828732362338 -0.028308112608673771
leaf_weight=10.850932687520979 7.6859234720468548 9.7236382514238375 9.2273330837488157 89.560745134949684 18.666879266500473 11.638423725962637
leaf_count=44 31 39 37 360 75 47
internal_value=0 0.0029913 6.82226e-05 0.00417017 -0.0130465 -0.018952
internal_weight=157.354 138.03 127.179 98.7881 28.3905 19.3243
internal_count=633 555 511 397 114 78
is_linear=0
shrinkage=0.03


Tree=18
num_leaves=8
num_cat=0
split_feature=28 9 36 36 33 20 17
split_gain=8.93762 8.16017 7.22089 8.78375 4.97957 4.40735 0.722768
threshold=2.5000000000000004 0.10796317918839309 0.0075528760355793477 0.0034331264697699494 0.89622696609526054 0.019018307716664153 -3.0179249022767132
decision_type=2 2 2 2 2 2 2
left_child=4 2 3 -2 6 -4 -1
right_child=1 -3 5 -5 -6 -7 -8
leaf_value=0.0094566258505251535 -0.022495115604193459 -0.028461316265393787 -0.024789180782588963 0.006818549008301711 -0.0008690751881307785 -0.0021801368589955202 0.030747999135854302
leaf_weight=7.4321998357772854 8.2327582687139493 8.623877599835394 13.193766504526137 80.643074199557304 9.388196796178816 20.155898496508598 9.6037713438272494
leaf_count=30 33 35 53 324 38 81 39
internal_value=0 -0.00319154 -0.000858319 0.00350279 0.0153423 -0.0124455 0.0242168
internal_weight=157.274 130.849 122.225 88.8758 26.4242 33.3497 17.036
internal_count=633 526 491 357 107 134 69
is_linear=0
shrinkage=0.03


Tree=19
num_leaves=7
num_cat=0
split_feature=34 36 36 34 19 19
split_gain=9.39055 6.95454 13.0162 9.45208 5.92805 5.90149
threshold=0.034649501004426438 0.0034331264697699494 0.0050164524044988478 0.0093242001049839169 0.15010691198335405 0.10185385741490599
decision_type=2 2 2 2 2 2
left_child=1 -1 4 -4 -3 -2
right_child=5 2 3 -5 -6 -7
leaf_value=-0.021066594518595869 -0.0010774302690910349 0.027339253684648082 -0.0069559278704645995 0.012798853743515097 -0.00059400547686133925 -0.034454855204218988
leaf_weight=7.9784340709447852 10.689067140221598 24.747591197490692 67.910476207733154 29.560034960508347 7.68683798611164 8.6032003462314588
leaf_count=32 43 100 273 119 31 35
internal_value=0 0.0028805 0.00476211 -0.000677185 0.0206336 -0.0185045
internal_weight=157.176 137.883 129.905 97.4705 32.4344 19.2923
internal_count=633 555 523 392 131 78
is_linear=0
shrinkage=0.03


Tree=20
num_leaves=9
num_cat=0
split_feature=9 13 11 17 21 10 10 32
split_gain=10.0873 6.40709 6.92937 3.99342 3.87704 3.17352 7.54737 2.61198
threshold=0.10796317918839309 -4.0456747133473838 0.029609427472312214 -0.21100934236351063 0.011637399283405016 0.014705705937624327 0.027159734805092265 -0.010609492830704335
decision_type=2 2 2 2 2 2 2 2
left_child=1 5 4 -4 -3 7 -7 -1
right_child=-2 2 3 -5 -6 6 -8 -9
leaf_value=-0.01044673727991681 -0.022209144328167011 0.018515795017767348 0.026342483785977411 0.0059855229791623025 -0.0015195330102766419 -0.033272339458375343 0.0033104169588349893 0.010441261695265264
leaf_weight=7.4598076492548016 13.282340586185454 7.9205479919910422 18.596980512142181 21.863937020301819 63.85403148829937 8.462856203317644 7.9360345602035514 10.175863042473791
leaf_count=30 54 32 75 88 257 34 32 41
internal_value=0.000883314 0.00335273 0.00686331 0.0164955 0.000930123 -0.0075462 -0.0163179 0.000677708
internal_weight=159.552 146.27 112.235 40.4609 71.7746 34.0346 16.3989 17.6357
internal_count=643 589 452 163 289 137 66 71
is_linear=0
shrinkage=0.03


Tree=21
num_leaves=9
num_cat=0
split_feature=5 12 1 16 12 36 20 32
split_gain=9.93941 7.6832 12.1776 7.08858 9.71236 8.63297 2.94904 1.59864
threshold=0.087206831912864616 64.834175269053375 0.014835201772189223 -1.135883084874467 39.408111335074857 0.0048985038653485777 0.019073521323372838 0.0015989658731756509
decision_type=2 2 2 2 2 2 2 2
left_child=1 3 -3 4 -1 -5 -2 -8
right_child=6 2 -4 5 -6 -7 7 -9
leaf_value=-0.0071165296187812258 0 0.032884164788763652 -0.0082878267146493847 0.014478391192193447 0.015882291128522644 -0.015947882279910876 -0.028709737530758991 -0.0066716833550716755
leaf_weight=24.604122415184975 10.178819805383684 16.330386593937877 8.1773411929607374 8.9243150353431684 40.17756399512291 32.101290687918663 10.092351973056795 8.879305496811865
leaf_count=99 41 66 33 36 162 129 41 36
internal_value=0.000856237 0.0045218 0.0189919 0.000740863 0.00697118 -0.00861526 -0.0142871 -0.0207304
internal_weight=159.465 130.315 24.5077 105.807 64.7817 41.0256 29.1505 18.9717
internal_count=643 525 99 426 261 165 118 77
is_linear=0
shrinkage=0.03


Tree=22
num_leaves=6
num_cat=0
split_feature=34 5 36 34 11
split_gain=10.6038 8.05943 8.61026 13.2546 6.12099
threshold=0.034649501004426438 0.11594803576116265 0.0037357669776730451 0.01132120789607838 0.019856360731806303
decision_type=2 2 2 2 2
left_child=1 2 -1 -4 -2
right_child=4 -3 3 -5 -6
leaf_value=-0.017723747360638274 -0.032268605627731969 -0.015943212810588806 0.001532692300182805 0.023196156980430937 -0.00047072230463762098
leaf_weight=9.6749897301197034 10.342288672924044 13.813278779387472 76.181709408760071 37.711656808853149 11.636022821068762
leaf_count=39 42 56 307 152 47
internal_value=0.000819659 0.00406759 0.00664229 0.00911171 -0.0175028
internal_weight=159.36 137.382 123.568 113.893 21.9783
internal_count=643 554 498 459 89
is_linear=0
shrinkage=0.03


Tree=23
num_leaves=6
num_cat=0
split_feature=34 5 36 34 11
split_gain=10.081 7.63725 8.1774 12.5319 5.83274
threshold=0.034649501004426438 0.11594803576116265 0.0037357669776730451 0.01132120789607838 0.019856360731806303
decision_type=2 2 2 2 2
left_child=1 2 -1 -4 -2
right_child=4 -3 3 -5 -6
leaf_value=-0.017285626398420045 -0.031555124168674065 -0.01554254437883007 0.0014879903757711163 0.022569816115237458 -0.00045867805105630736
leaf_weight=9.6733191311359388 10.304635941982271 13.796105593442915 76.176395505666733 37.651855975389481 11.635844543576239
leaf_count=39 42 56 307 152 47
internal_value=0.000771776 0.00394097 0.00644996 0.00886019 -0.0171061
internal_weight=159.238 137.298 123.502 113.828 21.9405
internal_count=643 554 498 459 89
is_linear=0
shrinkage=0.03


Tree=24
num_leaves=7
num_cat=0
split_feature=34 9 34 7 28 11
split_gain=9.58612 8.58243 5.62848 6.96733 5.79247 5.56111
threshold=0.034649501004426438 0.11923389406131173 0.016127730766715257 0.0095096057020234732 5.5000000000000009 0.019856360731806303
decision_type=2 2 2 2 2 2
left_child=1 2 3 -1 -4 -2
right_child=5 -3 4 -5 -6 -7
leaf_value=0.0083653252682270359 -0.03086858276110906 -0.021704052084923108 0 -0.0079838288017659177 0.024925705305702702 -0.00044694187078913493
leaf_weight=57.578697219491005 10.262913808226587 8.7863177955150586 13.121120437979696 36.187392190098763 21.529846653342247 11.635669663548468
leaf_count=232 42 36 53 146 87 47
internal_value=0.000725675 0.00381845 0.00598578 0.00186406 0.0160196 -0.016722
internal_weight=159.102 137.203 128.417 93.7661 34.651 21.8986
internal_count=643 554 518 378 140 89
is_linear=0
shrinkage=0.03


Tree=25
num_leaves=10
num_cat=0
split_feature=5 40 25 32 11 6 23 15 40
split_gain=5.6151 8.75323 5.86697 6.03661 5.69811 5.47517 4.70973 1.8581 1.69664
threshold=0.076694488875366576 -0.026864153030609791 0.29526825633383019 0.0053719143073068807 0.030324700614525638 -0.00018959868533732042 1.0204515993434924 92.551409658738095 -0.050747355090956452
decision_type=2 2 2 2 2 2 2 2 2
left_child=1 5 4 -4 -3 8 7 -2 -1
right_child=6 2 3 -5 -6 -7 -8 -9 -10
leaf_value=-0.0076572286208884998 -0.02704422450405396 -0.0044015858649592843 0.026418777422803248 -0.0016879512837381773 0.013541715572869447 0.0026258114299322816 0.0010259248102807103 -0.0040523741311745236 -0.031549783829178196
leaf_weight=8.9395043849945086 12.092026293277742 45.08187310397625 19.247460380196575 8.4121178835630399 21.780054539442062 12.196723356842993 14.049269273877142 7.3359413295984259 7.9242307543754604
leaf_count=36 49 182 78 34 88 49 57 30 32
internal_value=-0.000745172 0.00214162 0.00666737 0.0178275 0.0014491 -0.0115773 -0.0113446 -0.0202511 -0.0218341
internal_weight=157.059 123.582 94.5215 27.6596 66.8619 29.0605 33.4772 19.428 16.8637
internal_count=635 499 382 112 270 117 136 79 68
is_linear=0
shrinkage=0.03


Tree=26
num_leaves=6
num_cat=0
split_feature=9 28 35 5 18
split_gain=7.08681 7.85989 5.28406 5.54543 3.73562
threshold=0.11380775886271073 2.5000000000000004 0.074884704637423374 0.074399751079461299 0.85211257693745524
decision_type=2 2 2 2 2
left_child=1 4 3 -3 -1
right_child=-2 2 -4 -5 -6
leaf_value=0.026210240956002627 -0.022060984166354661 -0.00092339996268655557 0.018199936034155206 -0.019862088995970129 0
leaf_weight=12.811284437775614 10.95643390715122 101.37639845907688 8.6731579005718213 14.585635572671888 8.5654812008142454
leaf_count=52 45 409 35 59 35
internal_value=-0.000738412 0.00103672 -0.00182123 -0.00372902 0.0170716
internal_weight=156.968 146.012 124.635 115.962 21.3768
internal_count=635 590 503 468 87
is_linear=0
shrinkage=0.03


Tree=27
num_leaves=8
num_cat=0
split_feature=9 40 16 6 10 0 40
split_gain=6.75505 5.96814 7.43294 6.04083 4.48384 4.06215 1.59136
threshold=0.11380775886271073 -0.026864153030609791 -2.027253365000401 -0.00018959868533732042 0.026158084007251284 -0.013156861694850861 -0.050747355090956452
decision_type=2 2 2 2 2 2 2
left_child=1 3 5 6 -4 -3 -1
right_child=-2 2 4 -5 -6 -7 -8
leaf_value=-0.0075574073028558128 -0.021566139409072503 -0.00267254104102767 -0.0065315076920456497 0.0045235855364120928 0.0077808356146850189 0.019430502274114081 -0.03090337446448348
leaf_weight=8.9355865865945834 10.918072640895842 7.6840653717517844 50.039721354842186 11.700842678546904 29.323925510048866 30.372718021273613 7.906629383563998
leaf_count=36 45 31 202 47 119 123 32
internal_value=-0.000714012 0.00101477 0.00411961 -0.0107002 -0.000997639 0.0146826 -0.0214302
internal_weight=156.882 145.963 117.42 28.5431 79.3636 38.0568 16.8422
internal_count=635 590 475 115 321 154 68
is_linear=0
shrinkage=0.03


Tree=28
num_leaves=7
num_cat=0
split_feature=9 28 33 18 18 18
split_gain=6.42812 7.48187 5.45193 11.6403 7.46207 3.55299
threshold=0.11380775886271073 2.5000000000000004 0.4250629412055093 0.18939296744375098 0.50153643099543344 0.85211257693745524
decision_type=2 2 2 2 2 2
left_child=1 5 3 -3 -4 -1
right_child=-2 2 4 -5 -6 -7
leaf_value=0.025569705811485374 -0.021085344694559732 -0.011142302119598812 -0.028247585526912804 0.016672760925393975 -0.0024835404214203997 0
leaf_weight=12.768030956387522 10.878228992223738 20.49391932785511 10.658370494842528 31.18710894882679 62.218632876873016 8.5641211420297605
leaf_count=52 45 83 43 126 251 35
internal_value=-0.000710126 0.000972319 -0.00181238 0.00535919 -0.00710576 0.0166366
internal_weight=156.768 145.89 124.558 51.681 72.877 21.3322
internal_count=635 590 503 209 294 87
is_linear=0
shrinkage=0.03


Tree=29
num_leaves=8
num_cat=0
split_feature=9 40 16 6 8 0 40
split_gain=6.12259 5.66125 6.95628 5.73886 3.94774 3.80205 1.53975
threshold=0.11380775886271073 -0.026864153030609791 -2.027253365000401 -0.00018959868533732042 0.039191793287413956 -0.013156861694850861 -0.050747355090956452
decision_type=2 2 2 2 2 2 2
left_child=1 3 5 6 -4 -3 -1
right_child=-2 2 4 -5 -6 -7 -8
leaf_value=-0.0073080307621311673 -0.020617921252586272 -0.0025397835647064135 -0.0055013120799915364 0.0043444516855811891 0.0085446066235673867 0.0188053111732965 -0.030269542601061305
leaf_weight=8.9276401847600955 10.837068244814871 7.6857202947139731 55.407300800085068 11.694454774260519 23.925970867276192 30.297113999724388 7.8833366781473186
leaf_count=36 45 31 224 47 97 123 32
internal_value=-0.000697932 0.000939922 0.00396819 -0.0104745 -0.000974856 0.0142 -0.0209465
internal_weight=156.659 145.822 117.316 28.5054 79.3333 37.9828 16.811
internal_count=635 590 475 115 321 154 68
is_linear=0
shrinkage=0.03


Tree=30
num_leaves=7
num_cat=0
split_feature=34 23 36 34 11 25
split_gain=12.8089 7.96945 6.7567 5.72743 1.66787 0.618197
threshold=0.029955035811310208 1.2517752707193484 0.0037357669776730451 0.014354691535691357 0.02546175831526765 0.14933950934980275
decision_type=2 2 2 2 2 2
left_child=1 2 -1 -4 -2 -3
right_child=4 5 3 -5 -6 -7
leaf_value=-0.023396111540640262 -0.026792607994014495 0.0077987372649710503 -0.0022675422580681554 0.01360925776828587 -0.0070131080209219704 0.027434613237883224
leaf_weight=8.6659131497144681 14.910969838500025 7.4110418558120719 78.486286893486977 25.096762999892235 10.583514899015425 8.3445734828710538
leaf_count=35 61 30 317 102 43 34
internal_value=-0.00159117 0.00226079 -0.000553879 0.00162205 -0.0202346 0.020962
internal_weight=153.499 128.005 112.249 103.583 25.4945 15.7556
internal_count=622 518 454 419 104 64
is_linear=0
shrinkage=0.03


Tree=31
num_leaves=8
num_cat=0
split_feature=34 23 36 21 21 38 25
split_gain=12.1843 7.6161 6.43368 6.49185 2.07196 1.82876 0.575936
threshold=0.029955035811310208 1.2517752707193484 0.0037357669776730451 0.019288069531384382 0.016931173780070335 0.0088568644922364919 0.14933950934980275
decision_type=2 2 2 2 2 2 2
left_child=1 2 -1 -4 5 -2 -3
right_child=4 6 3 -5 -6 -7 -8
leaf_value=-0.022845186366167385 -0.008914140812462645 0.0076147685777916505 0.0066848129224627061 -0.009098892014528133 -0.0031082225469142915 -0.034146500488156373 0.026810905542270821
leaf_weight=8.6570120155811292 8.4035857170820289 7.4107091873884192 71.499233022332191 32.066834524273872 7.6430200040340415 9.4047110676765424 8.3292877674102765
leaf_count=35 34 30 289 130 31 39 34
internal_value=-0.00154843 0.00220443 -0.000543701 0.00157587 -0.0197492 -0.0250991 0.0204959
internal_weight=153.414 127.963 112.223 103.566 25.4513 17.8083 15.74
internal_count=622 518 454 419 104 73 64
is_linear=0
shrinkage=0.03


Tree=32
num_leaves=7
num_cat=0
split_feature=23 9 28 0 33 25
split_gain=6.63709 5.63855 7.33375 6.51402 4.18831 2.17077
threshold=1.3125025497293223 0.11380775886271073 7.5000000000000009 0.0045393883628943596 0.434484540179636 0.1526998597475456
decision_type=2 2 2 2 2 2
left_child=1 2 3 -1 -4 -2
right_child=5 -3 4 -5 -6 -7
leaf_value=0.012511202503633146 0.0012297854743484676 -0.025759404540906288 0 -0.0054772383606930489 -0.015726727694209838 0.025660009578089206
leaf_weight=39.102334126830101 7.3994891792535764 7.8555117845535269 26.106059536337852 29.457608833909035 35.786575198173523 7.5927237570285797
leaf_count=158 30 33 106 119 145 31
internal_value=-0.0015204 -0.00373341 -0.00192488 0.00463349 -0.00934214 0.016049
internal_weight=153.3 138.308 130.453 68.5599 61.8926 14.9922
internal_count=622 561 528 277 251 61
is_linear=0
shrinkage=0.03


Tree=33
num_leaves=8
num_cat=0
split_feature=34 36 7 32 21 21 38
split_gain=11.6584 4.94982 5.7206 6.72901 6.58277 1.92889 1.70216
threshold=0.029955035811310208 0.0037357669776730451 0.0075027364719590754 0.013764749448736737 0.018876320482422038 0.016931173780070335 0.0088568644922364919
decision_type=2 2 2 2 2 2 2
left_child=1 -1 4 -4 -3 6 -2
right_child=5 2 3 -5 -6 -7 -8
leaf_value=-0.015672407201832043 -0.0087274539011642747 0.017831285285616061 -0.0075224068782479697 0.018661769792202493 -0.0013243654198525775 -0.003111395761177064 -0.033316573115417317
leaf_weight=10.376624554395674 8.3940034508705192 37.82533697783947 46.583471074700356 8.6502853780984861 24.410941302776337 7.6372046023607245 9.3428072780370695
leaf_count=42 34 153 189 35 99 31 39
internal_value=-0.00147613 0.00219086 0.00413031 -0.00265073 0.010277 -0.0193103 -0.0245033
internal_weight=153.221 127.847 117.47 55.2338 62.2363 25.374 17.7368
internal_count=622 518 476 224 252 104 73
is_linear=0
shrinkage=0.03


Tree=34
num_leaves=8
num_cat=0
split_feature=23 36 33 36 7 0 32
split_gain=6.32036 5.92878 8.40457 8.85945 6.20785 2.90786 0.612318
threshold=1.3034754671578368 0.0044065363670612746 0.38757026288624075 0.0050164524044988478 -0.019586623942672892 -0.0051699065377081013 -0.001969064177616275
decision_type=2 2 2 2 2 2 2
left_child=1 5 4 -4 -3 -1 -2
right_child=6 2 3 -5 -6 -7 -8
leaf_value=-0.0018154308472211659 0.0040590971143152441 -0.0021086946034991716 0.014832702872731343 -0.010167721650774458 0.022915124473056697 -0.025896834379145629 0.020639950419196817
leaf_weight=9.0999335944652575 7.3037146478891364 14.034203931689264 13.216899573802946 70.801296412944794 17.505827561020851 12.525155752897261 8.6242175698280317
leaf_count=37 30 57 54 287 71 51 35
internal_value=-0.00145449 -0.00368331 -0.000734516 -0.00580709 0.0118714 -0.0174097 0.0151745
internal_weight=153.111 137.183 115.558 84.0182 31.54 21.6251 15.9279
internal_count=622 557 469 341 128 88 65
is_linear=0
shrinkage=0.03


Tree=35
num_leaves=10
num_cat=0
split_feature=34 19 0 22 0 14 34 24 19
split_gain=8.72159 4.44831 3.60678 5.58432 5.48623 4.79572 4.6098 4.57112 2.16942
threshold=0.032234919429927962 0.10185385741490599 0.010226398433571761 -0.056805901600015189 -0.001533774803279264 -89.105839272716807 0.01132120789607838 0.52474747474747485 0.075961084387685021
decision_type=2 2 2 2 2 2 2 2 2
left_child=2 8 4 -4 5 -1 -6 -5 -2
right_child=1 -3 3 7 6 -7 -8 -9 -10
leaf_value=-0.013241503369355883 -0.013708173326900866 -0.03007463670160393 0.025443121825675107 0.016009751174110822 -0.015495297379712487 0.0097964407922759601 0.0036845371735492773 -0.0090250159111719772 0.0061418298324048696
leaf_weight=7.4471830427646628 7.5437518507242221 9.6211912930011732 12.521922767162321 9.112586662173273 26.199765041470528 47.300258383154869 15.964810669422148 13.752181485295294 7.440160796046257
leaf_count=30 31 40 51 37 106 192 65 56 30
internal_value=-9.45296e-05 -0.0158748 0.00292132 0.0108389 0 0.00604207 -0.00805559 0.000834356 -0.00340602
internal_weight=156.904 24.6051 132.299 35.3867 96.912 54.7474 42.1646 22.8648 14.9839
internal_count=638 101 537 144 393 222 171 93 61
is_linear=0
shrinkage=0.03


Tree=36
num_leaves=9
num_cat=0
split_feature=34 23 34 36 20 32 37 7
split_gain=8.30493 5.45947 10.054 8.65159 4.67485 4.33175 3.43461 2.63665
threshold=0.032234919429927962 0.89134003541545115 0.0089022015451407661 0.0035317768940023022 0.016031636585895633 -0.0024075009328496928 0.026704173042752414 0.0061905429705658164
decision_type=2 2 2 2 2 2 2 2
left_child=1 2 7 -3 -5 -2 -4 -1
right_child=5 3 6 4 -6 -7 -8 -9
leaf_value=-0.0044307692502930781 0 -0.018695043370108518 0.023098226036307359 -0.0082412257544602248 0.013595768213171268 -0.024724830236188104 0 -0.024284599687102192
leaf_weight=14.626643657684328 9.7214368581771868 7.8578252941370001 8.3625551760196704 7.8742832392454138 66.847635462880135 14.832195714116095 12.055376827716826 14.630088642239569
leaf_count=59 40 32 34 32 272 61 49 59
internal_value=-9.66737e-05 0.00284242 -0.00471722 0.00757117 0.0109442 -0.0155142 0.0104275 -0.0157574
internal_weight=156.808 132.254 49.6747 82.5797 74.7219 24.5536 20.4179 29.2567
internal_count=638 537 201 336 304 101 83 118
is_linear=0
shrinkage=0.03


Tree=37
num_leaves=8
num_cat=0
split_feature=34 36 34 5 33 19 19
split_gain=7.85359 5.0767 5.81532 7.99707 5.18907 4.27859 2.08916
threshold=0.032234919429927962 0.0035317768940023022 0.01132120789607838 0.10352571218536712 0.40001575986810206 0.10185385741490599 0.075961084387685021
decision_type=2 2 2 2 2 2 2
left_child=1 -1 4 -4 -3 6 -2
right_child=5 2 3 -5 -6 -7 -8
leaf_value=-0.017243717348921717 -0.013142268403895678 0.010265034539557447 0.019475674747330012 -0.011314192481866228 -0.005394318060951757 -0.029076208839432186 0.0063689948242139898
leaf_weight=8.3431323021650297 7.5256263464689273 26.373203381896019 34.14875790476799 7.5294084399938574 55.761682346463203 9.5521188080310804 7.4376703947782516
leaf_count=34 31 107 139 31 226 40 30
internal_value=-0.000116308 0.00273947 0.00445797 0.0133065 -6.3386e-05 -0.0151222 -0.00295225
internal_weight=156.672 132.156 123.813 41.6782 82.1349 24.5154 14.9633
internal_count=638 537 503 170 333 101 61
is_linear=0
shrinkage=0.03


Tree=38
num_leaves=7
num_cat=0
split_feature=36 36 36 5 12 10
split_gain=5.07911 6.19139 8.70944 4.53488 4.70571 4.67846
threshold=0.0034331264697699494 0.004808297053764809 0.0044065363670612746 0.022031865358817519 47.518627582206769 0.026158084007251284
decision_type=2 2 2 2 2 2
left_child=-1 2 -2 4 -3 -5
right_child=1 3 -4 5 -6 -7
leaf_value=-0.020824064465371959 -0.0025074473920720865 -0.0029720254529266741 0.028346331586408185 -0.015940184866467005 0.013305626988691938 0.00013099415057098678
leaf_weight=8.08247362077236 14.394821271300318 34.996283158659935 14.328892230987547 28.626010835170746 25.151808872818947 30.924575716257095
leaf_count=33 59 142 59 116 102 127
internal_value=-0.000130951 0.00115808 0.0132391 -0.00178764 0.0038025 -0.00761766
internal_weight=156.505 148.422 28.7237 119.699 60.1481 59.5506
internal_count=638 605 118 487 244 243
is_linear=0
shrinkage=0.03


Tree=39
num_leaves=10
num_cat=0
split_feature=33 4 25 23 40 35 36 25 22
split_gain=5.17136 9.45654 8.22879 5.45287 5.19918 4.97693 4.04884 3.25594 0.236366
threshold=0.40001575986810206 -0.01275705094747742 0.21010186757215624 0.88761309343462147 -0.02332618599667818 -0.021142154346925176 0.0058625641493879341 0.047788524233862213 -0.069304511980527936
decision_type=2 2 2 2 2 2 2 2 2
left_child=2 -2 7 6 -4 -5 -3 -1 -9
right_child=1 3 4 5 -6 -7 -8 8 -10
leaf_value=0.0021816732178114085 -0.027573804999668647 0.0012046045345153206 -0.019707740425961288 0.019860491524889341 0.0068108681967868467 0 -0.017317597182296276 0.03475081448274274 0.013222323678520109
leaf_weight=8.8722317218780535 11.269806131720541 16.475226327776909 9.5462855398654956 13.274116724729536 12.963725760579107 47.219644218683243 21.327751010656357 7.3505532741546622 8.1107335239648801
leaf_count=36 46 67 39 54 53 193 87 30 33
internal_value=-0.000127112 -0.00378112 0.00791735 -0.000408268 -0.00451388 0.00497293 -0.00921351 0.0194561 0.0271244
internal_weight=156.41 109.567 46.8435 98.2967 22.51 60.4938 37.803 24.3335 15.4613
internal_count=638 447 191 401 92 247 154 99 63
is_linear=0
shrinkage=0.03


Tree=40
num_leaves=10
num_cat=0
split_feature=5 40 9 34 4 32 18 36 36
split_gain=6.94302 10.5499 8.41506 4.92793 4.84899 4.56642 4.00209 2.52289 0.000557107
threshold=-1.0000000180025095e-35 -0.024759570626918911 -0.019210227265396233 -0.0078933473678629001 0.030657622030292101 1.0000000180025095e-35 0.85211257693745524 0.0074771154410397831 0.0046968026418251563
decision_type=2 2 2 2 2 2 2 2 2
left_child=1 3 -2 -1 5 -4 -6 8 -3
right_child=2 7 4 -5 6 -7 -8 -9 -10
leaf_value=0.0080550911506526244 -0.031002363992381977 0.012042381942990656 0.0019640667913791202 -0.015636150444279292 0.016301038177272232 -0.016209044553031141 -0.00098216923278775931 0.0043739452355627297 0.030144716395865318
leaf_weight=12.661183491349222 7.4220333248376837 7.5467538684606614 20.306861937046051 14.382049709558485 17.157093569636345 24.465093970298767 28.077313929796219 9.6250511854886991 13.87193590402603
leaf_count=51 30 31 83 59 70 100 115 39 57
internal_value=0.000804274 0.00892395 -0.00396796 -0.00423696 -0.000950176 -0.00791418 0.00566832 0.0204053 0.0259801
internal_weight=155.515 58.087 97.4284 27.0432 90.0064 44.772 45.2344 31.0437 21.4187
internal_count=635 237 398 110 368 183 185 127 88
is_linear=0
shrinkage=0.03


Tree=41
num_leaves=11
num_cat=0
split_feature=5 37 4 16 12 16 36 15 12 12
split_gain=6.61651 7.08261 5.68362 5.65986 6.08226 5.29811 3.60298 3.3746 5.03189 2.7687
threshold=-1.0000000180025095e-35 -0.047554263459169237 0.030657622030292101 0.57197637687018255 52.862961919519186 10.739662208826527 0.0048306128872076179 -35.261134487598973 37.445583994322249 64.834175269053375
decision_type=2 2 2 2 2 2 2 2 2 2
left_child=1 -1 3 4 -2 -4 -7 -3 -9 -5
right_child=2 7 5 9 -6 6 -8 8 -10 -11
leaf_value=-0.010755880507461953 -0.012347417098478567 0.023920072072043181 0.020191035018418905 -0.027533991009802486 0.015099936086635431 0.010961721153657133 -0.0080857781938965621 -0.010128675287633128 0.014374987642171043 -0.0028066267166999967
leaf_weight=11.081403791904448 15.203505367040636 17.700815230607986 10.570324614644049 15.932734161615373 10.516083329915999 10.655898690223692 26.739397332072258 9.00786240398884 20.214739844202995 7.7849349230527869
leaf_count=45 62 72 43 65 43 44 109 37 83 32
internal_value=0.000787084 0.00872237 -0.00386801 -0.0108802 -0.000304002 0.00320536 -0.00199643 0.0138806 0.00617634 -0.0208503
internal_weight=155.408 58.0048 97.4029 49.4373 25.7196 47.9656 37.3953 46.9234 29.2226 23.7177
internal_count=635 237 398 202 105 196 153 192 120 97
is_linear=0
shrinkage=0.03


Tree=42
num_leaves=12
num_cat=0
split_feature=23 5 0 40 34 34 0 32 28 20 13
split_gain=7.04019 6.44677 5.98192 5.82429 4.97488 7.65301 4.45432 4.13155 3.60482 3.34374 1.4984
threshold=1.0477960439405805 0.004075979170133249 -0.0075598987000643483 -0.03216952343401857 0.0029827539570029819 0.027299270392837752 0.01469927016284467 0.0019078802070570113 3.5000000000000004 0.025826735889272916 1.4638406343224626
decision_type=2 2 2 2 2 2 2 2 2 2 2
left_child=1 3 9 -1 8 -6 10 -5 -3 -2 -4
right_child=2 4 6 7 5 -7 -8 -9 -10 -11 -12
leaf_value=-0.00952363578822054 -0.014539502593775379 -0.0005465562697901991 0.011596296197815853 0.022907310550820983 0.0064100205202660271 -0.019177618377251397 0.00030637747257853949 0 -0.028249608808308822 0.0087561734197504851 0.032414777676359807
leaf_weight=12.535754337906836 10.236863180994989 7.2583120018243816 13.189930126070978 14.905911386013033 26.540349781513214 14.39953066408634 12.751267418265341 10.313679769635199 14.882713332772253 7.5998783707618704 10.670975044369696
leaf_count=51 42 30 54 61 108 60 52 42 60 31 44
internal_value=0.000763346 -0.00381646 0.00934533 0.005561 -0.00965798 -0.00271449 0.0160932 0.0137589 -0.020587 -0.00397544 0.0232735
internal_weight=155.285 100.836 54.4489 37.7553 63.0809 40.9399 36.6122 25.2196 22.141 17.8367 23.8609
internal_count=635 412 223 154 258 168 150 103 90 73 98
is_linear=0
shrinkage=0.03


Tree=43
num_leaves=12
num_cat=0
split_feature=23 33 12 35 21 21 34 35 35 26 9
split_gain=6.71633 5.53502 7.01626 5.03266 6.76749 4.98399 4.83536 9.30488 6.97476 5.1211 4.83051
threshold=1.0477960439405805 0.4250629412055093 44.157608159561256 0.041078361526139202 0.015868185756114525 0.012963502925257204 0.0093242001049839169 0.0052147498903151188 0.037607981997207725 0.27225877192982462 -0.029750445203456519
decision_type=2 2 2 2 2 2 2 2 2 2 2
left_child=1 2 10 5 -5 -3 7 9 -8 -2 -1
right_child=6 3 -4 4 -6 -7 8 -9 -10 -11 -12
leaf_value=0.010465192551216662 -0.015005414021981002 0.011486076266835309 0.023067727525306319 -0.035499081869072281 -0.0011827714750637728 -0.0083714167739886922 -0.015646136765323726 0.033441987502756045 0.013879382041104227 0.015293638869200855 -0.018004032854617862
leaf_weight=7.6123939454555538 7.6614949703216615 13.714909076690672 11.703115254640577 10.112608104944231 10.937601447105406 37.13421331346035 12.201182126998903 13.582678437232969 12.544813215732573 8.4045657813549024 9.5264877080917376
leaf_count=31 31 56 48 41 45 152 50 56 52 34 39
internal_value=0.000742804 -0.00372998 0.00678205 -0.00821922 -0.019969 -0.00249969 0.00913107 0.0169127 -0.000198931 0 -0.00480319
internal_weight=155.136 100.741 28.842 71.8993 21.0502 50.8491 54.3947 29.6487 24.746 16.0661 17.1389
internal_count=635 412 118 294 86 208 223 121 102 65 70
is_linear=0
shrinkage=0.03


Tree=44
num_leaves=7
num_cat=0
split_feature=9 38 32 0 3 10
split_gain=5.35647 5.40339 4.83266 7.45526 3.89875 3.81125
threshold=-0.054666839633653076 0.012964331009681416 0.0037151930692671535 -0.011146684962894225 -0.0039122039859820759 -0.028115928257616603
decision_type=2 2 2 2 2 2
left_child=5 2 3 -2 -4 -1
right_child=1 -3 4 -5 -6 -7
leaf_value=0.00093781925907490053 -0.0093414118132728666 -0.02074072995337611 0.0068124242108621369 0.011074691989641249 -0.011341726632021806 0.026894923522266828
leaf_weight=12.043565988540651 20.150432676076889 9.9543333500623685 11.872944235801695 53.750361189246178 38.138269603252411 9.1038198769092542
leaf_count=49 82 42 49 221 155 37
internal_value=0.000723745 -0.00145856 0.000276168 0.00521077 -0.0066472 0.0141185
internal_weight=155.014 133.866 123.912 73.9008 50.0112 21.1474
internal_count=635 549 507 303 204 86
is_linear=0
shrinkage=0.03


Tree=45
num_leaves=8
num_cat=0
split_feature=36 36 19 33 18 8 15
split_gain=5.57216 6.2283 9.73291 5.01846 8.33348 5.52471 2.45434
threshold=0.0037357669776730451 0.0048855916082296532 0.14570519967642506 0.40983879149991548 0.25605308323088405 0.022389547847246939 56.461658970072584
decision_type=2 2 2 2 2 2 2
left_child=-1 2 6 4 -3 -5 -2
right_child=1 3 -4 5 -6 -7 -8
leaf_value=-0.017592963135853859 0.03402457118146747 -0.0029499160821352872 -0.0094552089173291064 -0.012578305146381813 0.025620472986494912 0.002328209445194612 0.0068565687546110745
leaf_weight=11.740830779075621 11.787657409906393 20.266376301646233 8.4621187001466733 39.546415895223618 13.258511483669279 44.502661406993866 7.4234754741191855
leaf_count=48 49 83 35 161 54 182 31
internal_value=0.000559785 0.00234803 0.0146533 -0.000619443 0.00873321 -0.00464056 0.02587
internal_weight=156.988 145.247 27.6733 117.574 33.5249 84.0491 19.2111
internal_count=643 595 115 480 137 343 80
is_linear=0
shrinkage=0.03


Tree=46
num_leaves=9
num_cat=0
split_feature=34 34 7 21 19 17 1 38
split_gain=10.7514 4.7944 6.93202 8.57355 5.1434 4.71484 4.48192 3.06211
threshold=0.032234919429927962 0.011499487167878965 0.010839027893058085 0.019896822679943308 0.14821857403657113 -1.6872206337879978 0.030379645636118061 0.0091083201923271243
decision_type=2 2 2 2 2 2 2 2
left_child=1 2 3 -1 5 -3 -4 -2
right_child=7 4 6 -5 -6 -7 -8 -9
leaf_value=0.014094953044032204 -0.0026672962002726066 0 -0.015364508495681354 -0.010271880248005322 -0.0024465530301982425 0.026906812248551574 0.0068817435430612323 -0.025487818338968751
leaf_weight=40.973850518465042 11.258445635437967 7.2735751867294338 27.727552950382233 16.245962515473366 11.746329665184019 19.215209379792213 8.8318276405334455 13.589179217815397
leaf_count=167 46 30 113 66 48 79 36 58
internal_value=0.000550796 0.00410552 0.000220159 0.00681012 0.0127777 0.0197532 -0.00952317 -0.0166755
internal_weight=156.862 132.014 93.7792 57.2198 38.2351 26.4888 36.5594 24.8476
internal_count=643 539 382 233 157 109 149 104
is_linear=0
shrinkage=0.03


Tree=47
num_leaves=7
num_cat=0
split_feature=28 11 9 36 36 7
split_gain=5.65097 6.80782 5.67483 5.01281 7.01913 4.9232
threshold=2.5000000000000004 0.050585056857346829 0.10796317918839309 0.0037357669776730451 0.0048855916082296532 0.024597363212208002
decision_type=2 2 2 2 2 2
left_child=1 5 3 -2 -5 -1
right_child=2 -3 -4 4 -6 -7
leaf_value=0.031697640851314594 -0.01830952870477346 -0.0085981154728223246 -0.024657125283507116 0.017172607558206293 -0.0017639535216172661 0
leaf_weight=12.340610384941106 10.534195214509962 7.7620072513818732 7.3075256943702689 19.500295877456665 91.751006722450256 7.5047330409288397
leaf_count=51 43 32 31 81 374 31
internal_value=0.000521647 0.0124271 -0.00206074 -0.000207225 0.00166748 0.0213715
internal_weight=156.7 27.6074 129.093 121.785 111.251 19.8453
internal_count=643 114 529 498 455 82
is_linear=0
shrinkage=0.03


Tree=48
num_leaves=10
num_cat=0
split_feature=34 34 11 7 21 37 36 11 11
split_gain=10.2737 4.57316 8.73886 6.55093 8.25213 3.87211 3.81137 3.34552 4.13941
threshold=0.032234919429927962 0.011499487167878965 0.045370694130234653 0.0095096057020234732 0.019896822679943308 -0.0020099993361910591 0.0047647246620065925 0.017926078978168562 0.039548807527026171
decision_type=2 2 2 2 2 2 2 2 2
left_child=1 3 6 4 -1 -5 -3 -2 -9
right_child=7 2 -4 5 -6 -7 -8 8 -10
leaf_value=0.014034642716479862 -0.028870830857766237 0.0029167779465312012 -0.0076993929559977508 0.0066393554792480254 -0.0099588316651639079 -0.014207286086819688 0.02915619645899984 0.0080663278881972535 -0.019545869400703828
leaf_weight=39.895173281431198 9.7068708837032336 9.1564679741859454 11.399075865745543 8.3511299937963468 16.240063071250916 29.178374767303467 17.567715004086494 7.8576038330793363 7.1808159947395325
leaf_count=163 42 38 47 34 66 119 72 32 30
internal_value=0.000498795 0.0039764 0.012459 0.000178737 0.00673144 -0.00908778 0.0215171 -0.0163737 -0.00498476
internal_weight=156.533 131.788 38.1233 93.6647 56.1352 37.5295 26.7242 24.7453 15.0384
internal_count=643 539 157 382 229 153 110 104 62
is_linear=0
shrinkage=0.03


Tree=49
num_leaves=7
num_cat=0
split_feature=34 36 34 33 14 26
split_gain=9.79456 4.48449 8.49976 6.67525 3.84465 3.12242
threshold=0.032234919429927962 0.0035317768940023022 0.01132120789607838 0.39259506337558375 98.741001911484105 0.15726062143310085
decision_type=2 2 2 2 2 2
left_child=1 -1 3 -3 -4 -2
right_child=5 2 4 -5 -6 -7
leaf_value=-0.015387953867763413 -2.6131445960769294e-05 0.012025711694606287 0.022445049175295342 -0.0051576527520270001 0 -0.02344652380060739
leaf_weight=7.8235372304916373 9.0828396081924456 27.997283950448036 27.411841377615929 60.946921318769455 7.4943015724420539 15.569773107767103
leaf_count=32 38 115 113 248 31 66
internal_value=0.000474253 0.00387006 0.00543098 0.000231794 0.0175421 -0.0160299
internal_weight=156.326 131.674 123.85 88.9442 34.9061 24.6526
internal_count=643 539 507 363 144 104
is_linear=0
shrinkage=0.03


Tree=50
num_leaves=11
num_cat=0
split_feature=28 10 12 8 6 15 38 10 15 5
split_gain=5.58113 11.0192 12.2321 9.25586 5.63603 5.03663 4.25796 4.10722 3.16348 2.19794
threshold=2.5000000000000004 0.010167180394851207 41.850125877122508 0.033340353350686254 0.015566553121514941 -41.203560626058142 0.010960735630708594 0.03932455832090976 42.126810381722898 0.059232654030971672
decision_type=2 2 2 2 2 2 2 2 2 2
left_child=7 2 5 9 -5 -2 -4 8 -1 -3
right_child=1 3 6 4 -6 -7 -8 -9 -10 -11
leaf_value=0.0320775195051477 0.006022557357835045 -0.012831159632846418 0.022588349723625153 0.015997783223733304 -0.011148000215342197 -0.01569272396296981 0.0011151585385345557 -0.0020112159995321426 0.0040130408326123175 -0.034164597766623103
leaf_weight=9.2873779535293632 13.959364116191862 20.475486934185032 29.6139976978302 11.908697023987772 11.295071437954901 20.734387889504433 13.631186246871946 8.186835974454878 8.3148256391286832 9.6082460880279523
leaf_count=39 57 83 122 49 47 85 56 34 34 40
internal_value=0.00152932 -0.000936689 0.00607828 -0.0113169 0.00235262 -0.00669455 0.0164999 0.0137816 0.0213479 -0.0218172
internal_weight=157.015 131.226 77.9389 53.2875 23.2038 34.6938 43.2452 25.789 17.6022 30.0837
internal_count=646 539 320 219 96 142 178 107 73 123
is_linear=0
shrinkage=0.03


Tree=51
num_leaves=7
num_cat=0
split_feature=13 36 34 36 32 3
split_gain=6.0836 5.99102 6.18254 6.79906 5.10287 2.877
threshold=-7.8232745594178388 0.003347908353275867 0.031314855170889618 0.0045814240392272705 -0.002115512967200583 -0.017062689467511324
decision_type=2 2 2 2 2 2
left_child=5 -2 3 -3 -4 -1
right_child=1 2 4 -5 -6 -7
leaf_value=0 -0.01877427253500167 0.025000894061766008 0.0068034696050343259 0.0045636716164918168 -0.022507625055911688 -0.024845586004708348
leaf_weight=8.3006799370050448 7.7691382318735114 16.335995465517044 7.1688615232706097 98.569476425647736 10.172156333923338 8.5207147896289808
leaf_count=34 32 68 30 404 43 35
internal_value=0.00148755 0.00367838 0.0053692 0.00797552 -0.0101642 -0.0144044
internal_weight=156.837 140.016 132.246 114.905 17.341 16.8214
internal_count=646 577 545 472 73 69
is_linear=0
shrinkage=0.03


Tree=52
num_leaves=11
num_cat=0
split_feature=28 10 12 9 10 26 11 12 40 12
split_gain=5.28175 10.3771 11.5229 9.74564 8.86673 8.77313 4.83512 4.449 4.22382 3.77307
threshold=2.5000000000000004 0.010167180394851207 41.850125877122508 -0.06518728804161493 0.026158084007251284 0.22975409836065577 0.050585056857346829 57.268186992765614 0.020321626672549557 68.364333807403568
decision_type=2 2 2 2 2 2 2 2 2 2
left_child=6 2 3 -2 7 -6 9 -3 -4 -1
right_child=1 4 8 -5 5 -7 -8 -9 -10 -11
leaf_value=0.031681479614871687 0.013754335167980242 -0.006400772086211922 0.0066174842728378633 -0.017600702562603706 -0.017873480395386759 0.015504603301357731 -0.0039465861579943166 -0.032717257570076 0.027019616543688663 0.0015728098342280982
leaf_weight=10.475431308150297 11.574668154120443 13.188671082258226 25.79201352596283 23.090513452887535 9.9288368076086062 15.224266663193701 7.9787614196538916 14.858871147036551 17.326692759990692 7.2473449259996405
leaf_count=44 47 54 106 95 41 63 33 61 72 30
internal_value=0.00142839 -0.000968058 0.00584345 -0.006543 -0.0110497 0.00143061 0.0133712 -0.0220915 0.0159826 0.0215378
internal_weight=156.686 130.985 77.7839 34.6652 53.2006 25.1531 25.7015 28.0475 43.1187 17.7228
internal_count=646 539 320 142 219 104 107 115 178 74
is_linear=0
shrinkage=0.03


Tree=53
num_leaves=7
num_cat=0
split_feature=34 36 40 35 34 0
split_gain=4.69655 4.7348 6.16499 7.82792 6.04231 3.72092
threshold=0.032234919429927962 0.0034331264697699494 0.068238128596435424 0.013177225799022587 0.017992917989389071 -0.0017432604211964906
decision_type=2 2 2 2 2 2
left_child=1 -1 3 -3 -4 -2
right_child=5 2 4 -5 -6 -7
leaf_value=-0.014908171050699455 0.0010654810219894724 -0.00058047749541400803 -0.027657444268791031 0.014998063476440383 0.0054657075026037808 -0.02186427201845087
leaf_weight=9.2125997692346555 9.9955659061670321 51.11486941576004 7.5671447664499265 59.808479785919189 7.9434985816478729 10.83281461894512
leaf_count=38 42 209 31 247 33 46
internal_value=0.00139431 0.00355084 0.00522386 0.00780331 -0.0111506 -0.0110739
internal_weight=156.475 135.647 126.434 110.923 15.5106 20.8284
internal_count=646 558 520 456 64 88
is_linear=0
shrinkage=0.03


Tree=54
num_leaves=7
num_cat=0
split_feature=13 36 21 0 5 3
split_gain=5.68524 5.43619 5.10801 5.53973 4.75559 2.68233
threshold=-7.8232745594178388 0.003347908353275867 0.019816857329869961 -0.0021070911805567412 0.084403609366334745 -0.017062689467511324
decision_type=2 2 2 2 2 2
left_child=5 -2 4 -4 -3 -1
right_child=1 2 3 -5 -6 -7
leaf_value=0 -0.017966041482427201 0.012226879339010913 0.0088771335286404705 -0.012952953108002044 -0.0037770142414927563 -0.024132457794100497
leaf_weight=8.2883724570274371 7.7207835018634787 74.719185829162598 15.555327132344244 22.822114333510399 18.674239292740822 8.5040099769830686
leaf_count=34 32 309 64 94 78 35
internal_value=0.00133194 0.00346046 0.00507787 -0.00373175 0.00885752 -0.0140377
internal_weight=156.284 139.492 131.771 38.3774 93.3934 16.7924
internal_count=646 577 545 158 387 69
is_linear=0
shrinkage=0.03


Tree=55
num_leaves=8
num_cat=0
split_feature=9 1 17 2 24 21 21
split_gain=5.59813 5.04333 6.23586 5.80373 5.596 2.00191 1.88595
threshold=0.10115059471569711 0.022509439944734092 2.215629199172922 -0.011526369848127936 0.633165124754696 0.021455035325229039 0.015528858267288373
decision_type=2 2 2 2 2 2 2
left_child=1 2 3 -1 -4 -2 -3
right_child=5 6 4 -5 -6 -7 -8
leaf_value=-0.0063889656774675264 -0.025693923846613748 0 -0.021228320661395239 0.0085906961340847347 0.0056353490906880114 -0.0019857691742770326 0.020164937261087132
leaf_weight=36.806351125240326 8.2937234789133054 7.5274402648210552 20.232367917895321 54.497986152768135 8.0232585519552213 7.3686363399028769 13.137035921216009
leaf_count=152 35 31 83 225 33 31 54
internal_value=-0.000907492 0.000983017 -0.00134129 0.00238386 -0.0132363 -0.0168771 0.0140244
internal_weight=155.887 140.224 119.56 91.3043 28.2556 15.6624 20.6645
internal_count=644 578 493 377 116 66 85
is_linear=0
shrinkage=0.03


Tree=56
num_leaves=11
num_cat=0
split_feature=7 32 0 19 26 0 16 3 19 24
split_gain=5.53807 6.21499 9.17404 8.21568 6.68147 5.00685 5.49351 5.37563 5.213 4.19166
threshold=0.0085942395340616144 0.010291663813825293 -0.012995585847879463 0.15010691198335405 0.50337837837837851 0.011251890753479212 13.907460272267047 0.02935469774217048 0.10185385741490599 -0.39120038259206119
decision_type=2 2 2 2 2 2 2 2 2 2
left_child=1 2 3 -1 -4 6 9 -8 -7 -2
right_child=5 -3 4 -5 -6 8 7 -9 -10 -11
leaf_value=-0.020422875345243008 -0.0013702032213193955 -0.013846953238994137 0.019873369591904735 0.014567389784395306 -0.0048822637835458631 0.01630351608904267 0.013898724798786706 -0.013851078211340299 -0.0088128048012186162 -0.03025727100231506
leaf_weight=14.45955039560795 7.7915882915258434 12.239582076668738 40.673617973923683 7.3127707391977301 10.688807889819143 12.138394296169283 9.374985486268999 11.84219218790531 13.174172371625898 16.112756833434105
leaf_count=59 32 51 170 30 44 50 39 49 54 66
internal_value=-0.000886245 0.00410252 0.00759475 -0.00780271 0.0144506 -0.00708661 -0.0129472 -0.000802487 0.00299417 -0.0222534
internal_weight=155.808 85.3743 73.1347 21.7723 51.3624 70.4341 45.1215 21.2172 25.3126 23.9043
internal_count=644 354 303 89 214 290 186 88 104 98
is_linear=0
shrinkage=0.03


Tree=57
num_leaves=9
num_cat=0
split_feature=23 10 38 19 10 2 4 0
split_gain=4.79555 5.38552 7.61332 7.76837 7.42715 5.59337 4.78283 1.61684
threshold=1.3975168038500763 0.016403263504625513 0.011874254727979911 0.054624735866968983 0.025766039421140311 0.015117235705470968 -0.016707398203701537 0.0045393883628943596
decision_type=2 2 2 2 2 2 2 2
left_child=1 2 3 -1 7 -6 -4 -3
right_child=-2 4 6 -5 5 -7 -8 -9
leaf_value=-0.016678469289253841 0.016206600710436368 -0.032399721337400551 -0.023960329240361032 0.010776756265592704 0.0074117885099976057 -0.015491445205135786 0.0033552892552691886 -0.0089478245060327054
leaf_weight=8.6849821805953962 11.341922432184218 10.068897530436518 12.161873549222948 60.612186819314957 22.8824782371521 13.45444932579994 7.5547644942998877 8.9266514480113965
leaf_count=36 47 41 50 251 95 56 31 37
internal_value=-0.000876899 -0.00252486 0.00191491 0.00675408 -0.00974643 -0.00104307 -0.0134581 -0.0239955
internal_weight=155.688 144.346 89.0138 69.2972 55.3325 36.3369 19.7166 18.9955
internal_count=644 597 368 287 229 151 81 78
is_linear=0
shrinkage=0.03


Tree=58
num_leaves=7
num_cat=0
split_feature=9 1 17 7 27 21
split_gain=5.18763 4.82599 5.94234 4.91411 2.04179 1.84185
threshold=0.10115059471569711 0.022509439944734092 5.3378428666834745 0.0085942395340616144 1.5000000000000002 0.021455035325229039
decision_type=2 2 2 2 2 2
left_child=1 2 3 -1 -3 -2
right_child=5 4 -4 -5 -6 -7
leaf_value=0.0053515773389223899 -0.024804212630363798 0.0015134068978834244 -0.020959707998508461 -0.0078495443136162007 0.021886142859902685 -0.0019037995383443954
leaf_weight=72.725549340248108 8.219184145331381 9.9560189098119753 10.512984111905096 36.120604872703552 10.659831777215002 7.355711117386817
leaf_count=302 35 41 43 148 44 31
internal_value=-0.000874132 0.000940806 -0.00133157 0.000772875 0.0137147 -0.0162897
internal_weight=155.55 139.975 119.359 108.846 20.6159 15.5749
internal_count=644 578 493 450 85 66
is_linear=0
shrinkage=0.03


Tree=59
num_leaves=7
num_cat=0
split_feature=9 19 1 3 19 0
split_gain=4.96304 5.75836 5.39918 5.42582 2.3169 1.60185
threshold=0.10115059471569711 0.054624735866968983 0.022509439944734092 0.021860565618350595 0.1215092456870767 0.0052794596180518747
decision_type=2 2 2 2 2 2
left_child=1 -1 3 -3 -4 -2
right_child=5 2 4 -5 -6 -7
leaf_value=-0.019880161836909011 -0.0017710688611706027 0.0038996739837438279 0.02373796469960417 -0.010958608972483628 0.0004753315376468828 -0.023622059659249565
leaf_weight=8.9233527332544309 6.9977864176034918 83.868628069758415 12.065945774316789 27.788975745439529 7.2988362163305274 8.53394567966461
leaf_count=37 30 347 50 114 30 36
internal_value=-0.000858512 0.000912834 0.00271932 0 0.0165374 -0.0159579
internal_weight=155.477 139.946 131.022 111.658 19.3648 15.5317
internal_count=644 578 541 461 80 66
is_linear=0
shrinkage=0.03


Tree=60
num_leaves=7
num_cat=0
split_feature=13 36 36 3 9 36
split_gain=6.45241 5.97013 5.85266 6.78511 5.94921 4.02531
threshold=-7.6927053710184365 0.003347908353275867 0.0075528760355793477 0.018198991921277056 0.11380775886271073 0.0058625641493879341
decision_type=2 2 2 2 2 2
left_child=5 -2 4 -4 -3 -1
right_child=1 2 3 -5 -6 -7
leaf_value=0.0011271221567737267 -0.019598027009090885 0.011542463660538693 0.0045833626474191093 -0.020292244418117882 -0.012905457545468769 -0.024785233899393182
leaf_weight=7.1914615780115154 7.2532241791486731 86.151126801967621 24.436639979481697 13.361942037940024 7.7497022598981848 10.894934222102163
leaf_count=30 30 358 101 55 33 45
internal_value=0.00113499 0.00347459 0.00513164 -0.0044112 0.00914128 -0.0146489
internal_weight=157.039 138.953 131.699 37.7986 93.9008 18.0864
internal_count=652 577 547 156 391 75
is_linear=0
shrinkage=0.03


Tree=61
num_leaves=8
num_cat=0
split_feature=28 13 13 40 38 11 4
split_gain=8.7176 5.70658 4.59993 5.45825 2.9542 2.55721 4.2799
threshold=2.5000000000000004 -7.6927053710184365 8.7318040505495684 -0.026864153030609791 0.01030694302783612 0.050585056857346829 0.046101789488096519
decision_type=2 2 2 2 2 2 2
left_child=5 4 3 -3 -2 6 -1
right_child=1 2 -4 -5 -6 -7 -8
leaf_value=0.032486223009490819 -0.028917725969833476 -0.0099899188752839412 -0.016867105765226532 0.0060203647168435319 -0.00096058705475685795 0 0.0014728137679215676
leaf_weight=10.877983480691915 7.9881944805383664 22.407581314444542 10.525737956166266 82.353202238678932 7.151994913816452 7.9034181535243979 7.6462744623422614
leaf_count=46 33 92 43 343 30 33 32
internal_value=0.00107374 -0.00207581 0.000193836 0.00233239 -0.0182394 0.0161976 0.0218066
internal_weight=156.854 130.427 115.287 104.761 15.1402 26.4277 18.5243
internal_count=652 541 478 435 63 111 78
is_linear=0
shrinkage=0.03


Tree=62
num_leaves=10
num_cat=0
split_feature=28 22 12 33 14 25 25 12 12
split_gain=8.3457 5.03975 5.80559 10.1537 5.43242 3.79295 2.93613 2.56278 4.63543
threshold=2.5000000000000004 0.11518022051347855 38.979202371194631 0.28208154035303423 -46.435890439559437 0.04420024420024421 0.13224043715846998 59.864190525145247 71.794509918646426
decision_type=2 2 2 2 2 2 2 2 2
left_child=7 2 4 -4 -2 -3 -7 -1 -9
right_child=1 5 3 -5 -6 6 -8 8 -10
leaf_value=0 0.001666029591863092 -0.024878832157859285 0.032921892156921963 0.0011080255348934847 -0.028152284596818622 0.0080836843992788503 -0.0092347275345748703 0.033108903757344772 0.0020755882385659176
leaf_weight=7.1789975315332439 10.501510694622995 9.7774507701396924 9.1259002983570081 54.894522234797478 7.5269962549209586 9.7403161078691465 28.800954565405846 10.369250446558 8.8073782324790937
leaf_count=30 43 41 39 228 31 40 119 44 37
internal_value=0.00103299 -0.00204427 0.00234325 0.00673013 -0.0116024 -0.00958972 -0.00430508 0.0158542 0.0211065
internal_weight=156.723 130.368 82.0489 64.0204 18.0285 48.3187 38.5413 26.3556 19.1766
internal_count=652 541 341 267 74 200 159 111 81
is_linear=0
shrinkage=0.03


Tree=63
num_leaves=9
num_cat=0
split_feature=28 34 22 12 23 34 34 20
split_gain=7.95655 5.05671 5.07872 5.67856 4.04004 2.8452 3.11886 1.95009
threshold=2.5000000000000004 0.034649501004426438 0.11518022051347855 38.979202371194631 1.0090577258036806 -0.016605458018165261 0.021187033698226058 0.020168246020030076
decision_type=2 2 2 2 2 2 2 2
left_child=5 2 3 -2 -4 -1 -7 -3
right_child=1 7 4 -5 -6 6 -8 -9
leaf_value=0 -0.0089822380910068913 -0.026557849962142763 -0.014912966675819532 0.0098846622174666686 0.0025932634168679106 0.031612220458508276 0.0034836036792997974 -0.0028777742157597166
leaf_weight=8.5464194416999835 16.699216678738594 7.5597180724143964 25.535667479038239 54.860491618514061 17.739309266209602 10.061008751392366 7.6880241185426703 7.8768846690654755
leaf_count=36 68 33 105 228 73 43 32 34
internal_value=0.00101575 -0.00198586 0.000168072 0.00515345 -0.00760794 0.0155056 0.0217745 -0.0170509
internal_weight=156.567 130.271 114.835 71.5597 43.275 26.2955 17.749 15.4366
internal_count=652 541 474 296 178 111 75 67
is_linear=0
shrinkage=0.03


Tree=64
num_leaves=8
num_cat=0
split_feature=13 24 10 33 38 13 21
split_gain=5.7706 4.86875 5.60775 5.86634 2.3472 1.8521 1.82004
threshold=-7.6927053710184365 -0.45742753623188398 -0.028115928257616603 0.28208154035303423 0.010409907220773814 2.7245602420428736 0.016715164690107798
decision_type=2 2 2 2 2 2 2
left_child=4 6 5 -4 -1 -3 -2
right_child=1 2 3 -5 -6 -7 -8
leaf_value=-0.021827606498702416 0.0025359837868988351 -0.021405233054490484 0.024544690286122505 0.00050442693511158711 0 -7.62365969810647e-05 0.020140789110291487
leaf_weight=10.628003343939783 11.427589416503908 10.376243695616724 8.4647440910339338 84.675560876727104 7.3601290285587302 7.292840674519538 16.174629017710686
leaf_count=44 48 43 36 353 31 30 67
internal_value=0.000982999 0.00320525 0.000176852 0.00331695 -0.0139757 -0.0142673 0.0140227
internal_weight=156.4 138.412 110.809 93.1403 17.9881 17.6691 27.6022
internal_count=652 577 462 389 75 73 115
is_linear=0
shrinkage=0.03


Tree=65
num_leaves=10
num_cat=0
split_feature=28 23 0 22 26 20 34 34 17
split_gain=6.35442 4.8511 4.0395 4.98704 5.20848 4.61074 8.45333 2.86022 2.86197
threshold=7.5000000000000009 1.3125025497293223 0.0045393883628943596 0.18709509704840957 0.30252186292454758 0.018208341244067026 -0.005394717555102512 -0.040001457624276641 -3.9578536843162051
decision_type=2 2 2 2 2 2 2 2 2
left_child=2 7 3 4 -1 -4 -7 -2 -9
right_child=1 -3 5 -5 -6 6 -8 8 -10
leaf_value=0.02323646656778449 0.0017687559303911924 0.0095156570178982752 0.0081168926579910563 -0.0071479848856473181 0 0.0068969285342446937 -0.026343611253354653 -0.03090449984989644 -0.010763283466504622
leaf_weight=19.553475454449654 8.5752319097518903 8.1067421883344633 13.050132960081099 11.880416348576544 15.73191364109516 9.9103546440601349 13.989604398608208 8.2556470632553083 47.113628432154655
leaf_count=82 35 34 55 49 65 41 58 35 197
internal_value=-0.00321042 -0.00966482 0.0022401 0.00803053 0.0136527 -0.00479893 -0.0125127 -0.0125388 -0.0150005
internal_weight=156.167 72.0512 84.1159 47.1658 35.2854 36.9501 23.9 63.9445 55.3693
internal_count=651 301 350 196 147 154 99 267 232
is_linear=0
shrinkage=0.03


Tree=66
num_leaves=9
num_cat=0
split_feature=36 23 7 3 2 4 36 0
split_gain=8.12224 5.1039 4.8229 4.67268 9.60543 3.73268 3.60288 2.13041
threshold=0.003347908353275867 0.90017519668173351 0.012411005296279936 0.018667766113052323 -0.013333279464520063 0.013965228633313511 0.0057013751940565927 0.0066243003754107308
decision_type=2 2 2 2 2 2 2 2
left_child=-1 2 5 4 -3 -2 -5 -4
right_child=1 3 7 6 -6 -7 -8 -9
leaf_value=-0.029309103443810408 -0.0090333970619445435 -0.0051994199680808787 -0.030374589367282868 0.0052242955014060464 0.019280584581060103 0.0092487144881567788 -0.012010221002585555 -0.0055106540980958303
leaf_weight=8.0371998101472837 23.519856587052345 23.293401092290878 8.6653975397348422 16.398413196206093 30.595832586288452 14.199056103825567 22.971365734934807 8.3904732614755613
leaf_count=34 98 97 36 69 129 59 94 35
internal_value=-0.0031185 -0.00122481 -0.00840031 0.00292007 0.00862341 -0.00165439 -0.00456355 -0.0207923
internal_weight=156.071 148.034 54.7748 93.259 53.8892 37.7189 39.3698 17.0559
internal_count=651 617 228 389 226 157 163 71
is_linear=0
shrinkage=0.03


Tree=67
num_leaves=9
num_cat=0
split_feature=28 21 9 21 40 9 6 18
split_gain=5.9232 9.33999 6.5872 6.13719 5.55165 5.9038 4.46879 4.08021
threshold=7.5000000000000009 0.011443732925364694 0.015044244470585057 0.010758550403444563 0.068238128596435424 0.0076759548308075578 -0.0082328589454865892 0.38349515026728725
decision_type=2 2 2 2 2 2 2 2
left_child=1 -1 7 -2 5 -5 -4 -3
right_child=3 2 6 4 -6 -7 -8 -9
leaf_value=0.023827108526004573 -0.032877453271999327 -0.00036439623886766383 0.0072926396239958603 -0.0094157026891280651 -0.027579040519203388 0.0094892947141430647 -0.012878942483564883 0.023462996215368716
leaf_weight=12.982532441616057 7.0902311801910392 11.64624969661236 10.544667586684225 35.552728652954102 7.0504103153944007 22.228702366352081 39.082947641611099 9.7297304868698102
leaf_count=55 29 48 44 149 30 93 163 40
internal_value=-0.00305574 0.00220514 -0.00208728 -0.00929543 -0.00558527 -0.00181782 -0.00818595 0.010919
internal_weight=155.908 83.9861 71.0036 71.9221 64.8318 57.7814 49.6276 21.376
internal_count=651 350 295 301 272 242 207 88
is_linear=0
shrinkage=0.03


Tree=68
num_leaves=10
num_cat=0
split_feature=28 23 0 22 37 20 34 12 12
split_gain=5.66481 4.47283 3.74246 4.70756 5.8269 4.27458 8.02856 3.13825 6.92176
threshold=7.5000000000000009 1.3125025497293223 0.0045393883628943596 0.18709509704840957 0.0029837095068068202 0.018208341244067026 -0.005394717555102512 30.548565633647886 54.413841807909613
decision_type=2 2 2 2 2 2 2 2 2
left_child=2 7 3 4 -1 -4 -7 -2 -9
right_child=1 -3 5 -5 -6 6 -8 8 -10
leaf_value=0.030163584155231436 -0.028357094672523023 0.0093119518481685967 0.0078284385945237428 -0.0069670206451265511 0.0037340913713598814 0.0068447739115077288 -0.025550600492024171 0 -0.020916917008833955
leaf_weight=10.513777136802672 8.0460096746683103 8.0878862589597684 13.010437205433844 11.873961374163626 24.647873625159264 9.8922621160745621 13.959752649068832 34.374133601784706 21.349151775240898
leaf_count=44 34 34 55 49 103 41 58 144 89
internal_value=-0.00297411 -0.00907988 0.00217039 0.00775571 0.0132385 -0.00460272 -0.0120448 -0.0118528 -0.00830993
internal_weight=155.755 71.8572 83.8981 47.0356 35.1617 36.8625 23.852 63.7693 55.7233
internal_count=651 301 350 196 147 154 99 267 233
is_linear=0
shrinkage=0.03


Tree=69
num_leaves=6
num_cat=0
split_feature=36 34 22 35 32
split_gain=7.63289 5.36857 4.69837 4.07794 2.5474
threshold=0.003347908353275867 0.037058102974630087 -0.38325480471395518 0.0099941460479464634 -0.0024075009328496928
decision_type=2 2 2 2 2
left_child=-1 2 -2 -4 -3
right_child=1 4 3 -5 -6
leaf_value=-0.028393820231397825 0.017557868248283304 -0.00058353555986285024 -0.007345324411647077 0.0037794099468749123 -0.02430166387788028
leaf_weight=7.9461162835359564 11.996573001146315 8.348046541213991 48.543674647808075 68.688248306512833 10.0810439735651
leaf_count=34 50 36 200 287 44
internal_value=-0.00288944 -0.00105559 0.00107942 -0.000747282 -0.015401
internal_weight=155.604 147.658 129.228 117.232 18.4291
internal_count=651 617 537 487 80
is_linear=0
shrinkage=0.03


Tree=70
num_leaves=10
num_cat=0
split_feature=11 2 11 14 7 25 35 38 38
split_gain=5.15511 4.88783 5.64463 4.15877 4.25469 4.11599 3.99788 3.69792 1.49755
threshold=0.052434952518242935 0.018426301006852611 0.03420775653503539 75.752230680857807 0.03018321499952956 0.37749043409420774 0.024143185539836857 0.0087567548250151866 0.0086866232559700395
decision_type=2 2 2 2 2 2 2 2 2
left_child=1 2 5 4 -3 -1 8 -4 -2
right_child=6 3 7 -5 -6 -7 -8 -9 -10
leaf_value=-0.0029254950512299931 -0.030825669040744241 -0.010491551948916308 0.031805634037393664 -0.025020636869525385 0.010569639900851208 0.01400989421438693 0 0.0010549382582215666 -0.0085637391896729378
leaf_weight=54.252674594521523 7.7011025100946489 19.302832633256916 8.2824137657880765 7.6800792068243018 12.198738873004912 14.624989107251166 12.757695510983465 7.1814972609281531 10.436839655041693
leaf_count=226 32 80 35 32 51 62 54 30 44
internal_value=-0.00197242 0.000712586 0.00486523 -0.00766424 -0.00174392 0.000752669 -0.0125539 0.0201401 -0.0208834
internal_weight=154.419 123.523 84.3416 39.1817 31.5016 68.8777 30.8956 15.4639 18.1379
internal_count=646 516 353 163 131 288 130 65 76
is_linear=0
shrinkage=0.03


Tree=71
num_leaves=7
num_cat=0
split_feature=9 28 13 36 35 20
split_gain=5.0412 5.2189 5.51259 4.58002 4.27447 1.63847
threshold=0.10537253847678443 2.5000000000000004 8.7318040505495684 0.0080663903702567416 -0.019552645938641363 0.023309877416877078
decision_type=2 2 2 2 2 2
left_child=1 4 3 -3 -1 -2
right_child=5 2 -4 -5 -6 -7
leaf_value=0.028306166123906368 -0.025700570972250796 0.0023083641432754499 -0.021981519450380328 -0.014056691937897922 6.4204450491358732e-05 -0.0031488302128662477
leaf_weight=7.7690006196498897 7.8323344439268094 93.464578166604042 9.7421979904174787 16.308874845504761 11.711529731750487 7.4806782901287079
leaf_count=33 34 390 40 67 50 32
internal_value=-0.00192089 0 -0.00242855 -0.000196784 0.0136125 -0.0171865
internal_weight=154.309 138.996 119.516 109.773 19.4805 15.313
internal_count=646 580 497 457 83 66
is_linear=0
shrinkage=0.03


Tree=72
num_leaves=6
num_cat=0
split_feature=19 9 36 1 20
split_gain=6.53792 6.6572 4.31498 4.44008 0.984748
threshold=0.054624735866968983 0.10321354814283866 0.003347908353275867 -0.026672670162319109 0.023309877416877078
decision_type=2 2 2 2 2
left_child=-1 2 -2 -4 -3
right_child=1 4 3 -5 -6
leaf_value=-0.022649273824475579 -0.016466054383200649 -0.024127325457740247 -0.011223429822324642 0.0060631859484610385 -0.0047684243343375761
leaf_weight=10.543966650962828 7.9451472908258429 8.2475499361753446 12.866355732083319 106.85681110620499 7.7202474027872077
leaf_count=44 34 36 53 446 33
internal_value=-0.00187795 0 0.00230905 0.00392832 -0.017175
internal_weight=154.18 143.636 127.668 119.723 15.9678
internal_count=646 602 533 499 69
is_linear=0
shrinkage=0.03


Tree=73
num_leaves=6
num_cat=0
split_feature=19 9 36 21 21
split_gain=6.1946 6.35194 4.1092 4.28638 1.4039
threshold=0.054624735866968983 0.10321354814283866 0.003347908353275867 0.020073536500906621 0.021455035325229039
decision_type=2 2 2 2 2
left_child=-1 2 -2 -4 -3
right_child=1 4 3 -5 -6
leaf_value=-0.022080166450011655 -0.016122463251557594 -0.024940100806264479 0.007238965931188052 -0.0051755843922078014 -0.0038412844386593748
leaf_weight=10.542821705341337 7.9141303002834311 7.9552403241395933 88.068704277276993 31.607098907232285 7.958795502781868
leaf_count=44 34 35 369 130 34
internal_value=-0.00186008 0 0.00222415 0.00380575 -0.0168326
internal_weight=154.047 143.504 127.59 119.676 15.914
internal_count=646 602 533 499 69
is_linear=0
shrinkage=0.03


Tree=74
num_leaves=7
num_cat=0
split_feature=35 28 10 8 10 33
split_gain=4.47531 5.25158 9.03837 5.66837 4.00303 3.75101
threshold=0.074884704637423374 2.5000000000000004 0.010167180394851207 0.039646190701322824 0.0027225991121747621 0.84767597033903652
decision_type=2 2 2 2 2 2
left_child=1 3 4 -1 -3 -4
right_child=-2 2 5 -5 -6 -7
leaf_value=0.020567881596815989 0.015320027193670883 -0.0023762431738336429 -0.022247253871352998 -0.0056067218159732684 0.015641090216816679 -0.0040679883978381242
leaf_weight=13.54537543654442 10.35131289064884 57.182808384299278 29.473062351346016 11.706652179360388 11.542928636074064 20.107132390141487
leaf_count=58 44 239 122 50 48 85
internal_value=-0.00183965 -0.00337351 -0.00610051 0.00836217 0.000794526 -0.0156091
internal_weight=153.909 143.558 118.306 25.252 68.7257 49.5802
internal_count=646 602 494 108 287 207
is_linear=0
shrinkage=0.03


Tree=75
num_leaves=6
num_cat=0
split_feature=13 1 3 10 9
split_gain=5.26601 3.53336 7.48114 7.51161 3.52837
threshold=8.7318040505495684 0.031922705625589083 0.019314070734700709 0.024368099926302181 0.032934007226831034
decision_type=2 2 2 2 2
left_child=1 2 3 -1 -4
right_child=-2 -3 4 -5 -6
leaf_value=0.0011502240731377676 -0.015726178633361839 0.017597065113101076 0.0039969860332590501 0.021999617252208222 -0.014696749034176433
leaf_weight=72.530309125781059 13.166926085948942 11.349899679422377 10.326155066490172 18.547174960374832 28.581271946430206
leaf_count=305 55 47 43 78 120
internal_value=0.000951938 0.0028081 0.00115603 0.00593867 -0.00941584
internal_weight=154.502 141.335 129.985 91.0775 38.9074
internal_count=648 593 546 383 163
is_linear=0
shrinkage=0.03


Tree=76
num_leaves=7
num_cat=0
split_feature=13 28 5 10 19 12
split_gain=5.0012 3.95813 4.6499 11.9947 4.87662 3.58876
threshold=8.7318040505495684 2.5000000000000004 0.044929858849077083 0.025431737975240124 0.056772977840405733 68.659238234053177
decision_type=2 2 2 2 2 2
left_child=1 5 4 -4 -3 -1
right_child=-2 2 3 -5 -6 -7
leaf_value=0.02445276081092064 -0.015317568893961254 -0.014215477834531868 -0.027883334261045955 0.0061269406624144635 0.006861890260702227 0
leaf_weight=11.134238108992578 13.16598306596279 9.0290603488683683 14.267321377992628 19.376459702849388 76.74399234354496 10.733498081564901
leaf_count=48 55 38 60 82 320 45
internal_value=0.00093208 0.0027437 0.00037832 -0.00863025 0.00419889 0.0139182
internal_weight=154.451 141.285 119.417 33.6438 85.7731 21.8677
internal_count=648 593 500 142 358 93
is_linear=0
shrinkage=0.03


Tree=77
num_leaves=8
num_cat=0
split_feature=13 23 21 35 35 23 23
split_gain=4.74038 5.73885 6.40165 4.83965 4.76133 5.75059 3.96944
threshold=8.7318040505495684 0.950490474222764 0.010798178412356184 0.055900136275615082 0.010535406034348551 0.87136332885859946 0.82844646002747024
decision_type=2 2 2 2 2 2 2
left_child=1 4 -3 -4 6 -6 -1
right_child=-2 2 3 -5 5 -7 -8
leaf_value=-0.024587950226545852 -0.014920937352243714 -0.01543271190615797 0.014281884389853642 -0.0057464193708514199 0.0096365688451180414 -0.01400886013462891 0
leaf_weight=12.25858995318413 13.163681656122206 7.1193780153989783 60.42390102148056 10.820586338639258 28.242006734013557 11.119361519813536 11.18445087969303
leaf_count=52 55 30 254 46 118 47 46
internal_value=0.000896392 0.00266394 0.0080524 0.0109614 -0.00386904 0.00223982 -0.0140853
internal_weight=154.332 141.168 78.3639 71.2445 62.8044 39.3614 23.443
internal_count=648 593 330 300 263 165 98
is_linear=0
shrinkage=0.03


Tree=78
num_leaves=7
num_cat=0
split_feature=34 38 26 23 20 3
split_gain=4.01252 5.62038 5.51903 5.38269 5.49581 2.92635
threshold=0.032998255434734787 0.0088568644922364919 0.023268398268398272 1.0477960439405805 0.017079212288917869 0.017509797216293536
decision_type=2 2 2 2 2 2
left_child=2 -2 -1 4 -4 -5
right_child=1 -3 3 5 -6 -7
leaf_value=-0.015851111139220005 0.0050054766693404043 -0.02221116398166036 0.015237762261093009 0.019857888637386398 -0.003725187290815122 0.0025851979373242369
leaf_weight=10.437854319810866 10.241524681448938 12.768036291003225 15.396522536873816 24.310739889740944 63.393112018704414 17.644118025898933
leaf_count=43 43 57 65 103 263 74
internal_value=0.000837737 -0.0100658 0.00298529 0.00496757 8.02391e-05 0.0133833
internal_weight=154.192 23.0096 131.182 120.744 78.7896 41.9549
internal_count=648 100 548 505 328 177
is_linear=0
shrinkage=0.03


Tree=79
num_leaves=6
num_cat=0
split_feature=13 34 38 26 13
split_gain=4.47188 6.0519 5.49893 4.05783 2.58141
threshold=8.7318040505495684 0.032998255434734787 0.0088568644922364919 0.023268398268398272 -4.0456747133473838
decision_type=2 2 2 2 2
left_child=1 3 -3 -1 -5
right_child=-2 2 -4 4 -6
leaf_value=-0.011893344368290341 -0.014551186715689111 0.0042303297800689926 -0.023769407370833169 -0.00031661330496389863 0.0096121860402936278
leaf_weight=8.9538297802209836 13.152815222740172 9.3351909369230288 11.710183605551718 28.564184486865997 82.3050766736269
leaf_count=37 55 39 53 119 345
internal_value=0.000813854 0.00253709 -0.0114093 0.00525681 0.00696097
internal_weight=154.021 140.868 21.0454 119.823 110.869
internal_count=648 593 92 501 464
is_linear=0
shrinkage=0.03


Tree=80
num_leaves=6
num_cat=0
split_feature=35 35 4 13 35
split_gain=6.93544 3.61628 4.26085 4.61147 3.30076
threshold=0.074884704637423374 0.062741177410862395 -0.029116081887497477 -4.0456747133473838 0.019875049976255447
decision_type=2 2 2 2 2
left_child=1 2 4 -4 -1
right_child=-2 -3 3 -5 -6
leaf_value=-0.019873913741492773 0.020901459061914197 -0.021399259872157406 -0.010250448482834755 0.0039232441562874953 0.0011771533142208291
leaf_weight=16.715818196535114 9.1353194415569288 7.7785186618566504 25.152458295226097 83.292898699641228 8.1243514418601972
leaf_count=69 39 33 106 351 35
internal_value=-0.00174276 -0.00358575 -0.00213429 0.00037394 -0.0128553
internal_weight=150.199 141.064 133.286 108.445 24.8402
internal_count=633 594 561 457 104
is_linear=0
shrinkage=0.03


Tree=81
num_leaves=8
num_cat=0
split_feature=35 28 20 36 19 10 14
split_gain=6.60665 5.77066 3.91093 7.67155 5.87701 3.74421 3.68586
threshold=0.074884704637423374 2.5000000000000004 0.020783851445473168 0.0050462768954078283 0.088645938284963685 0.03932455832090976 49.014634108628805
decision_type=2 2 2 2 2 2 2
left_child=1 5 3 -3 -4 6 -1
right_child=-2 2 4 -5 -6 -7 -8
leaf_value=0.030605400748670786 0.020411985587565459 0.0037989334301882249 0.018302533506832915 -0.019072554762211549 -0.0052572861553523238 -0.0058533900301468199 0.0021164715417199441
leaf_weight=6.9308108836412492 9.1219112277030927 17.121016606688499 9.6327819973230344 39.177321121096611 49.458709582686424 8.2152228504419309 10.477610215544699
leaf_count=31 39 74 40 163 207 35 44
internal_value=-0.00169832 -0.00349894 -0.00643447 -0.011968 -0.000697704 0.00868625 0.0162166
internal_weight=150.135 141.013 115.39 56.2983 59.0915 25.6236 17.4084
internal_count=633 594 484 237 247 110 75
is_linear=0
shrinkage=0.03


Tree=82
num_leaves=8
num_cat=0
split_feature=35 28 4 32 32 10 23
split_gain=6.27476 5.48059 4.62225 3.76576 7.22656 3.52051 2.21067
threshold=0.074884704637423374 2.5000000000000004 0.061827320983993135 1.0000000180025095e-35 -0.007634430142100356 0.009694198723185778 0.96846741445255236
decision_type=2 2 2 2 2 2 2
left_child=1 2 6 4 -3 -5 -1
right_child=-2 3 -4 5 -6 -7 -8
leaf_value=0.0047207161796398358 0.019936436358247243 -0.012129138645449299 -0.0073894610868276301 -0.0039317317096093226 0.0084821159159275804 -0.019653339219080922 0.028787803216216067
leaf_weight=10.295660912990575 9.1072414964437467 25.582101210951805 8.4479961544275266 32.151670396327972 32.201078712940216 25.407227605581284 6.8075773119926444
leaf_count=44 39 107 36 134 136 107 30
internal_value=-0.00162196 -0.00337999 0.00850743 -0.00624131 -0.000492607 -0.0115502 0.0170963
internal_weight=150.001 140.893 25.5512 115.342 57.7832 57.5589 17.1032
internal_count=633 594 110 484 243 241 74
is_linear=0
shrinkage=0.03


Tree=83
num_leaves=8
num_cat=0
split_feature=35 28 12 23 13 35 0
split_gain=5.96923 5.21893 5.07345 4.04721 3.69319 5.90288 4.15423
threshold=0.074884704637423374 2.5000000000000004 73.581477231644655 0.950490474222764 -4.0456747133473838 0.041078361526139202 -0.0017432604211964906
decision_type=2 2 2 2 2 2 2
left_child=1 2 3 -1 5 -3 -6
right_child=-2 4 -4 -5 6 -7 -8
leaf_value=0.00063205201987159474 0.019474194435837144 -0.023406604425469105 -0.0094830538035186387 0.029618358444441256 0.0063213698347269563 0.0048344208487129383 -0.0071935264917075649
leaf_weight=9.3930606693029457 9.091421112418173 20.061116561293606 7.5544406175613394 8.5459180623292905 27.761157870292664 7.5515092462301245 59.92004132270813
leaf_count=40 39 84 32 38 116 32 252
internal_value=-0.00156406 -0.00328141 0.00832739 0.0167789 -0.00607442 -0.0153718 -0.00270171
internal_weight=149.879 140.787 25.4934 17.939 115.294 27.6126 87.6812
internal_count=633 594 110 78 484 116 368
is_linear=0
shrinkage=0.03


Tree=84
num_leaves=10
num_cat=0
split_feature=11 34 34 28 16 10 24 27 4
split_gain=3.69964 4.34234 6.77286 5.95369 5.46154 4.87638 4.19799 3.42159 0.198512
threshold=0.058830188304388471 0.011499487167878965 0.034649501004426438 2.5000000000000004 5.4395667212086929 0.026158084007251284 -0.27495155038759683 1.5000000000000002 0.0079574733683072125
decision_type=2 2 2 2 2 2 2 2 2
left_child=1 3 6 -1 -4 -5 -3 -2 -9
right_child=7 2 4 5 -6 -7 -8 8 -10
leaf_value=0.01445127133765893 0.00054790817850749931 0.025699958383784288 0.0088235888224498047 -0.011584928552901688 -0.022443833448072235 0.010920614325759179 0.004567798882562887 -0.0082024532429748019 -0.025865777275340548
leaf_weight=10.458933934569357 10.070685625076296 14.201383993029593 6.955465540289878 51.959990561008453 8.8901768624782544 8.0105407834053022 24.776001259684563 7.0264905691146833 7.3910957872867584
leaf_count=46 43 60 30 214 40 33 105 30 32
internal_value=-0.00150127 0.00053068 0.00683322 -0.0042214 -0.00842771 -0.00808128 0.0135119 -0.0117159 -0.020219
internal_weight=149.741 125.252 54.823 70.4295 15.8456 59.9705 38.9774 24.4883 14.4176
internal_count=633 528 235 293 70 247 165 105 62
is_linear=0
shrinkage=0.03


Tree=85
num_leaves=9
num_cat=0
split_feature=36 35 15 40 34 2 3 4
split_gain=4.05182 4.99015 6.1523 5.8265 5.55555 6.05909 2.62289 1.61329
threshold=0.004366907809785772 0.0099941460479464634 -18.629708131023822 -0.011539815738240254 0.038297884061126115 0.019168763506339451 -0.012123680385862366 0.018030657546735055
decision_type=2 2 2 2 2 2 2 2
left_child=6 2 7 -4 5 -3 -1 -2
right_child=1 4 3 -5 -6 -7 -8 -9
leaf_value=0 0 0.014714475767155153 -0.030931140444810764 -0.0051128999020200972 -0.014348332031094917 -0.0037170560670408089 -0.022017644390041387 0.016402222736749961
leaf_weight=7.8918057084083584 8.732247009873392 41.610465347766876 10.222416460514067 30.82720872759819 9.4209305197000486 22.587003320455551 12.197903379797934 7.3010669648647299
leaf_count=34 36 175 42 131 41 95 52 30
internal_value=-0.00240778 -0.000277518 -0.00691011 -0.013029 0.0047137 0.00808662 -0.014308 0.00763176
internal_weight=150.791 130.701 57.0829 41.0496 73.6184 64.1975 20.0897 16.0333
internal_count=636 550 239 173 311 270 86 66
is_linear=0
shrinkage=0.03


Tree=86
num_leaves=11
num_cat=0
split_feature=37 3 40 5 40 19 2 9 9 35
split_gain=3.34292 8.33587 7.14184 5.36703 3.70799 3.67821 3.61221 3.39571 2.69077 3.00996
threshold=0.00059368055832698119 0.0022106050800310144 0.0094772293117052504 0.022031865358817519 0.051935666033145929 0.10310514605670378 0.019645214767166078 -0.0080411362119682545 -0.06518728804161493 0.019128282360766694
decision_type=2 2 2 2 2 2 2 2 2 2
left_child=1 8 5 6 -5 -2 -4 -3 -1 -10
right_child=2 7 3 4 -6 -7 -8 -9 9 -11
leaf_value=0.0071886891230265072 -0.03015410194528451 0.0016599185268028143 0.017606167107679999 -0.013495710010854317 0.00097191173038460772 -0.0010332407495411877 -0.0051878455385602172 0.029321639852951543 -0.02004827048101231 0
leaf_weight=8.5917936563491804 12.02806615829468 8.2075843811035174 16.062167152762417 29.183124125003815 28.501884430646896 7.1484467983245841 7.1323520839214316 10.004700243473051 11.667034745216371 12.141929775476454
leaf_count=36 50 34 68 123 122 30 30 42 49 52
internal_value=-0.00236462 0.0036496 -0.00556578 -0.00127372 -0.00630298 -0.0211298 0.0101462 0.0189954 -0.00514304 -0.0103865
internal_weight=150.669 50.613 100.056 80.8795 57.685 19.1765 23.1945 18.2123 32.4008 23.809
internal_count=636 213 423 343 245 80 98 76 137 101
is_linear=0
shrinkage=0.03


Tree=87
num_leaves=9
num_cat=0
split_feature=36 33 2 4 36 24 20 3
split_gain=3.80058 4.34648 6.42461 5.63117 4.65099 3.98507 3.94522 2.4374
threshold=0.004366907809785772 0.40983879149991548 -0.020607306749065298 -0.0069605286037210381 0.0049292197497667325 -0.38252508361204013 0.019488940563370718 -0.012123680385862366
decision_type=2 2 2 2 2 2 2 2
left_child=7 2 5 -3 -5 -2 -4 -1
right_child=1 3 6 4 -6 -7 -8 -9
leaf_value=0 0.0077092687051377035 -0.02202544387990641 0 0.014153383173313883 -0.0040960199152527688 -0.018206736417989696 0.026754532246000877 -0.021259711733470719
leaf_weight=7.8782667219638851 8.3744072020053881 11.243698507547377 7.3475927263498333 13.222650319337843 68.012394204735756 8.3821844607591611 13.905437380075453 12.186016291379927
leaf_count=34 35 48 32 57 285 35 58 52
internal_value=-0.00229636 -0.000228282 0.00794243 -0.00384233 -0.00067664 -0.00501406 0.0183555 -0.0138265
internal_weight=150.553 130.488 38.0096 92.4787 81.235 16.7566 21.253 20.0643
internal_count=636 550 160 390 342 70 90 86
is_linear=0
shrinkage=0.03


Tree=88
num_leaves=9
num_cat=0
split_feature=19 10 19 19 38 15 0 28
split_gain=3.19413 4.41049 8.70647 5.02131 5.60554 3.43822 2.98371 2.36808
threshold=0.054624735866968983 0.009694198723185778 0.093013038652425925 0.086979563075821151 0.010149321044470997 -35.261134487598973 0.0063390683300735837 7.5000000000000009
decision_type=2 2 2 2 2 2 2 2
left_child=-1 3 6 4 -2 -5 -3 -4
right_child=1 2 7 5 -6 -7 -8 -9
leaf_value=-0.01766611858987735 0.023934629516008013 -0.031833096169052104 0.0039137942587899616 0.0061213369052455996 -0.0028653890138350415 -0.0099970115611347134 -0.0035113372977482503 -0.0095369396509431235
leaf_weight=9.2962074130773527 16.672768756747249 10.965994134545328 40.07782706618309 21.47013895213604 9.1717295050621015 21.437460571527481 7.0089992731809607 14.346099406480787
leaf_count=39 71 46 170 90 39 90 30 61
internal_value=-0.00223599 -0.00088236 -0.00605639 0.0043713 0.0143624 -0.00168426 -0.0229978 0
internal_weight=150.447 141.151 72.3989 68.7521 25.8445 42.9076 17.975 54.4239
internal_count=636 597 307 290 110 180 76 231
is_linear=0
shrinkage=0.03


Tree=89
num_leaves=10
num_cat=0
split_feature=36 35 23 33 15 6 23 19 21
split_gain=3.60812 4.51114 6.59993 5.19682 7.42834 4.60827 4.26643 2.24021 1.84552
threshold=0.004366907809785772 0.0099941460479464634 0.89134003541545115 0.40983879149991548 75.459047975221139 -0.015437370476340273 1.0318068334298263 0.12252842914775598 0.015779965874518964
decision_type=2 2 2 2 2 2 2 2 2
left_child=8 2 7 6 -5 -4 -3 -2 -1
right_child=1 3 5 4 -6 -7 -8 -9 -10
leaf_value=-0.020100763327155671 -0.029829495389027291 0.025946148285621567 -0.017295469707108602 -0.006635775975694853 0.018877200037784186 0.0063477073285531198 0 -0.0060183028419668006 -5.7117738632323459e-05
leaf_weight=11.950797349214556 9.2335400432348269 12.987488225102426 7.5721653401851645 41.127165287733078 11.447419330477713 30.228288590908051 7.7701636850833884 9.923459663987158 8.0864741057157499
leaf_count=51 39 55 31 173 49 127 34 42 35
internal_value=-0.00219281 -0.000174056 -0.00649331 0.0045771 -0.000317594 0.000603527 0.0165718 -0.019939 -0.0134317
internal_weight=150.327 130.29 56.9575 73.3322 52.5746 37.8005 20.7577 19.157 20.0373
internal_count=636 550 239 311 222 158 89 81 86
is_linear=0
shrinkage=0.03


Tree=90
num_leaves=8
num_cat=0
split_feature=28 9 9 13 26 16 33
split_gain=4.70678 4.75093 4.64572 5.41232 4.78383 4.52734 3.25461
threshold=2.5000000000000004 -0.054666839633653076 -0.0080411362119682545 -7.6927053710184365 0.15047169811320757 -3.3477707650441668 0.85188037479142609
decision_type=2 2 2 2 2 2 2
left_child=6 5 4 -4 -3 -2 -1
right_child=1 2 3 -5 -6 -7 -8
leaf_value=0.022605988506620926 -0.0007342375267021012 0.0021508701757745681 -0.020030212253362101 0.0018094185382177535 -0.024609731043102351 0.024723368232138488 0
leaf_weight=11.259913206100466 12.291725784540178 7.2445716559886959 9.6955280005931836 75.045934617519379 15.426882430911062 8.7584217637777311 12.446241647005079
leaf_count=50 52 31 41 317 65 36 53
internal_value=0.000428891 -0.00178864 -0.00446787 -0.000920616 -0.0159693 0.0104334 0.0122334
internal_weight=152.169 128.463 107.413 84.7415 22.6715 21.0501 23.7062
internal_count=645 542 454 358 96 88 103
is_linear=0
shrinkage=0.03


Tree=91
num_leaves=7
num_cat=0
split_feature=28 23 35 15 17 2
split_gain=4.48857 3.67225 3.59496 4.19981 4.56811 2.12252
threshold=2.5000000000000004 0.96846741445255236 0.077518713636879802 -98.200586058751526 2.404427301801356 0.014816810964322304
decision_type=2 2 2 2 2 2
left_child=1 -1 3 -2 -5 -3
right_child=2 5 -4 4 -6 -7
leaf_value=-0.00067373935553144274 0.012381410753531923 0.031585720346305933 0.015036955640157909 -0.00064804152676019799 -0.013805983222386076 0.0044156740727527496
leaf_weight=10.025550484657289 11.391660898923872 6.7291837781667692 8.3353800773620588 73.415383458137512 35.249591216444969 6.8872938305139542
leaf_count=43 47 30 36 311 148 30
internal_value=0.000421593 0.011967 -0.00174028 -0.00325531 -0.00522423 0.021129
internal_weight=152.034 23.642 128.392 120.057 108.665 13.6165
internal_count=645 103 542 506 459 60
is_linear=0
shrinkage=0.03


Tree=92
num_leaves=9
num_cat=0
split_feature=28 9 9 37 26 16 23 2
split_gain=4.2814 4.34441 4.41168 5.39138 4.57044 4.2835 3.54123 2.04401
threshold=2.5000000000000004 -0.054666839633653076 -0.0080411362119682545 0.0025455640696723241 0.15047169811320757 -3.3477707650441668 0.96846741445255236 0.014816810964322304
decision_type=2 2 2 2 2 2 2 2
left_child=6 5 4 -4 -3 -2 -1 -8
right_child=1 2 3 -5 -6 -7 7 -9
leaf_value=-0.00065686922891994824 -0.0008176791149584105 0.0021949770733982366 0.010797894529351962 -0.0055773623285039747 -0.023924012912995313 0.023923595666947454 0.031072976377972406 0.004315010948377467
leaf_weight=10.025905892252924 12.284149616956713 7.2439272850751903 23.116179123520851 61.581064254045486 15.3968448638916 8.7475239038467389 6.6689324826002103 6.8832452744245529
leaf_count=43 52 31 97 261 65 36 30 30
internal_value=0.000428171 -0.00167896 -0.00424669 -0.0007891 -0.0154586 0.0100053 0.011721 0.0207496
internal_weight=151.948 128.37 107.338 84.6972 22.6408 21.0317 23.5781 13.5522
internal_count=645 542 454 358 96 88 103 60
is_linear=0
shrinkage=0.03


Tree=93
num_leaves=7
num_cat=0
split_feature=28 35 11 11 34 38
split_gain=4.08622 3.42076 3.93687 5.21846 2.42094 1.19457
threshold=2.5000000000000004 0.077518713636879802 -0.065040881610346032 0.028616463723296962 0.019660912603066353 0.0079398430769895053
decision_type=2 2 2 2 2 2
left_child=4 2 -2 -4 5 -1
right_child=1 -3 3 -5 -6 -7
leaf_value=0.0048168628879491351 0.012296880336164068 0.014746331370929403 -0.011147645709483824 0.0016184664734661639 -0.00019912003940721979 0.025746792487493817
leaf_weight=7.6937032043933886 10.972491741180418 8.3274848312139493 56.843118414282799 52.167271658778191 8.1771258860826475 7.6421019583940506
leaf_count=34 45 36 241 220 35 34
internal_value=0.00043192 -0.0016229 -0.00310513 -0.00498417 0.0114812 0.017879
internal_weight=151.823 128.31 119.983 109.01 23.5129 15.3358
internal_count=645 542 506 461 103 68
is_linear=0
shrinkage=0.03


Tree=94
num_leaves=10
num_cat=0
split_feature=34 17 12 35 40 40 9 27 40
split_gain=4.04593 4.19452 9.45902 5.19529 3.64089 4.7212 3.5342 1.27752 0.736646
threshold=0.032234919429927962 0.50034349918912835 66.533917455776191 0.013860247276322292 0.010482509687188115 0.030145665505596279 -0.059959976942548468 2.5000000000000004 0.042637207193489186
decision_type=2 2 2 2 2 2 2 2 2
left_child=1 2 3 -1 6 -6 -3 -2 -4
right_child=7 4 8 -5 5 -7 -8 -9 -10
leaf_value=-0.0097792739400884132 -0.017821492046653543 0.0056937707251913374 0.034884525260296693 0.0096055185847967357 0.017705137917425139 -0.0034623684826807877 -0.015448736437017611 -0.0012666988326673464 0.012584551828543207
leaf_weight=21.072768211364746 10.458820655941965 7.439119920134547 7.5116581320762661 24.827724248170853 12.054523453116415 25.490160644054413 23.482128381729126 10.064415186643599 9.3584063649177534
leaf_count=88 47 31 32 105 51 107 99 45 40
internal_value=0.000443721 0.0025184 0.00805627 0.00035614 -0.00243048 0.00350632 -0.00986969 -0.0112025 0.0259538
internal_weight=151.76 131.236 62.7706 45.9005 68.4659 37.5447 30.9212 20.5232 16.8701
internal_count=645 553 265 193 288 158 130 92 72
is_linear=0
shrinkage=0.03


end of trees

feature_importances:
macro_usdjpy_ret_20=56
macro_usdjpy_vol_20=51
div_ma_60=43
month=37
vol_ratio=32
macro_nikkei_ret_20=29
macro_usdjpy_ret_60=26
return_1d=24
bb_bandwidth=24
ma_5_20_cross=23
ma_20_60_cross=23
rsi=23
macro_topix_vol_20=23
volatility=21
return_20d=20
rsi_change=20
price_position_20d=19
atr_pct=14
gap=14
return_10d=13
return_3d=12
return_5d=12
div_ma_10=11
macd_signal=11
macd_hist=11
upper_shadow_pct=11
lower_shadow_pct=11
macro_topix_ret_20=11
macd_hist_change=10
div_ma_5=9
vol_change=9
macd=8
return_2d=7
bb_pct_b=7
candle_body_pct=7
div_ma_20=4
day_of_week=4

parameters:
[boosting: gbdt]
[objective: binary]
[metric: binary_logloss]
[tree_learner: serial]
[device_type: cpu]
[data_sample_strategy: bagging]
[data: ]
[valid: ]
[num_iterations: 500]
[learning_rate: 0.03]
[num_leaves: 15]
[num_threads: 0]
[seed: 42]
[deterministic: 0]
[force_col_wise: 0]
[force_row_wise: 0]
[histogram_pool_size: -1]
[max_depth: 4]
[min_data_in_leaf: 30]
[min_sum_hessian_in_leaf: 0.001]
[bagging_fraction: 0.7]
[pos_bagging_fraction: 1]
[neg_bagging_fraction: 1]
[bagging_freq: 5]
[bagging_seed: 400]
[bagging_by_query: 0]
[feature_fraction: 0.6]
[feature_fraction_bynode: 1]
[feature_fraction_seed: 30056]
[extra_trees: 0]
[extra_seed: 12879]
[early_stopping_round: 0]
[early_stopping_min_delta: 0]
[first_metric_only: 0]
[max_delta_step: 0]
[lambda_l1: 0.5]
[lambda_l2: 2]
[linear_lambda: 0]
[min_gain_to_split: 0]
[drop_rate: 0.1]
[max_drop: 50]
[skip_drop: 0.5]
[xgboost_dart_mode: 0]
[uniform_drop: 0]
[drop_seed: 17869]
[top_rate: 0.2]
[other_rate: 0.1]
[min_data_per_group: 100]
[max_cat_threshold: 32]
[cat_l2: 10]
[cat_smooth: 10]
[max_cat_to_onehot: 4]
[top_k: 20]
[monotone_constraints: ]
[monotone_constraints_method: basic]
[monotone_penalty: 0]
[feature_contri: ]
[forcedsplits_filename: ]
[refit_decay_rate: 0.9]
[cegb_tradeoff: 1]
[cegb_penalty_split: 0]
[cegb_penalty_feature_lazy: ]
[cegb_penalty_feature_coupled: ]
[path_smooth: 0]
[interaction_constraints: ]
[verbosity: -1]
[saved_feature_importance_type: 0]
[use_quantized_grad: 0]
[num_grad_quant_bins: 4]
[quant_train_renew_leaf: 0]
[stochastic_rounding: 1]
[linear_tree: 0]
[max_bin: 255]
[max_bin_by_feature: ]
[min_data_in_bin: 5]
[bin_construct_sample_cnt: 200000]
[data_random_seed: 175]
[is_enable_sparse: 1]
[enable_bundle: 1]
[use_missing: 1]
[zero_as_missing: 0]
[feature_pre_filter: 1]
[pre_partition: 0]
[two_round: 0]
[header: 0]
[label_column: ]
[weight_column: ]
[group_column: ]
[ignore_column: ]
[categorical_feature: ]
[forcedbins_filename: ]
[precise_float_parser: 0]
[parser_config_file: ]
[objective_seed: 16083]
[num_class: 1]
[is_unbalance: 0]
[scale_pos_weight: 1]
[sigmoid: 1]
[boost_from_average: 1]
[reg_sqrt: 0]
[alpha: 0.9]
[fair_c: 1]
[poisson_max_delta_step: 0.7]
[tweedie_variance_power: 1.5]
[lambdarank_truncation_level: 30]
[lambdarank_norm: 1]
[label_gain: ]
[lambdarank_position_bias_regularization: 0]
[eval_at: ]
[multi_error_top_k: 1]
[auc_mu_weights: ]
[num_machines: 1]
[local_listen_port: 12400]
[time_out: 120]
[machine_list_filename: ]
[machines: ]
[gpu_platform_id: -1]
[gpu_device_id: -1]
[gpu_use_dp: 0]
[num_gpu: 1]

end of parameters

pandas_categorical:[]
