{
  "feature_cols": [
    "return_1d",
    "return_2d",
    "return_3d",
    "return_5d",
    "return_10d",
    "return_20d",
    "div_ma_5",
    "div_ma_10",
    "div_ma_20",
    "div_ma_60",
    "ma_5_20_cross",
    "ma_20_60_cross",
    "rsi",
    "rsi_change",
    "macd",
    "macd_signal",
    "macd_hist",
    "macd_hist_change",
    "bb_pct_b",
    "bb_bandwidth",
    "atr_pct",
    "volatility",
    "vol_change",
    "vol_ratio",
    "candle_body_pct",
    "upper_shadow_pct",
    "lower_shadow_pct",
    "day_of_week",
    "month",
    "is_month_end",
    "is_month_start",
    "streak",
    "gap",
    "price_position_20d",
    "macro_usdjpy_ret_20",
    "macro_usdjpy_ret_60",
    "macro_usdjpy_vol_20",
    "macro_topix_ret_20",
    "macro_topix_vol_20",
    "macro_topix_above_200dma",
    "macro_nikkei_ret_20",
    "macro_nikkei_above_200dma",
    "macro_nikkei_vi",
    "macro_jgb10y",
    "macro_bias_score"
  ],
  "avg_up_ret": 0.03669660470394608,
  "avg_dn_ret": -0.020098960553356804,
  "n_bins": 10,
  "psi_ref_rows": 250,
  "psi": {
    "return_1d": {
      "edges": [
        -0.07166819152180548,
        -0.021299275954449557,
        -0.013308351119709428,
        -0.007569116956775065,
        -0.003144999924206803,
        0.0005238237449146643,
        0.005088114362463526,
        0.012708698947906452,
        0.020643483228931905,
        0.031740703425535866,
        0.0766
      ],
      "ref_props": [
        0.1,
        0.1,
        0.1,
        0.1,
        0.1,
        0.1,
        0.1,
        0.1,
        0.1,
        0.1
      ]
    },
    "return_2d": {
      "edges": [
        -0.09496062992125986,
        -0.029230921767016294,
        -0.016775732793735607,
        -0.008048175890499554,
        -0.0004580921031196889,
        0.004265540889195285,
        0.010350287232234103,
        0.01968303563051073,
        0.031136384450621134,
        0.04469710425835193,
        0.11889420078985657
      ],
      "ref_props": [
        0.1,
        0.1,
        0.1,
        0.1,
        0.1,
        0.1,
        0.1,
        0.1,
        0.1,
        0.1
      ]
    },
    "return_3d": {
      "edges": [
        -0.10427057356608482,
        -0.0340097162493016,
        -0.01870933783961599,
        -0.00847467494292888,
        -0.00033695811827423307,
        0.007291328926360308,
        0.016654823164257065,
        0.025067561637001187,
        0.03844493130303994,
        0.05915615937589943,
        0.14146511223246905
      ],
      "ref_props": [
        0.1,
        0.1,
        0.1,
        0.1,
        0.1,
        0.1,
        0.1,
        0.1,
        0.1,
        0.1
      ]
    },
    "return_5d": {
      "edges": [
        -0.1266266266266266,
        -0.042020538774006765,
        -0.019239796450973977,
        -0.011256044001717968,
        0.001055408294690802,
        0.01216872130375557,
        0.023845335180578787,
        0.040841208568804,
        0.053946155726764165,
        0.07254745760193779,
        0.1958012887133651
      ],
      "ref_props": [
        0.1,
        0.1,
        0.1,
        0.1,
        0.1,
        0.1,
        0.1,
        0.1,
        0.1,
        0.1
      ]
    },
    "return_10d": {
      "edges": [
        -0.10694027360694025,
        -0.03754263944226568,
        -0.017969819003189367,
        0.0002560819462228699,
        0.016038402333680323,
        0.028868246960848554,
        0.04350381551087015,
        0.062044981357374435,
        0.08331746429084431,
        0.10808049875573982,
        0.21169858451290602
      ],
      "ref_props": [
        0.1,
        0.1,
        0.1,
        0.1,
        0.1,
        0.1,
        0.1,
        0.1,
        0.1,
        0.1
      ]
    },
    "return_20d": {
      "edges": [
        -0.1678345011678345,
        -0.010915974584935338,
        0.021430527267937063,
        0.03476682419077352,
        0.0492108140809016,
        0.06102643393086993,
        0.08117123362591193,
        0.0945326506121595,
        0.11985111288042183,
        0.1630233940230565,
        0.24708576186511233
      ],
      "ref_props": [
        0.1,
        0.1,
        0.1,
        0.1,
        0.1,
        0.1,
        0.1,
        0.1,
        0.1,
        0.1
      ]
    },
    "div_ma_5": {
      "edges": [
        -0.0721366527818141,
        -0.021185582666801667,
        -0.010624646594208656,
        -0.005038735385686157,
        -0.0003521227502927465,
        0.004073297559929108,
        0.01151559531069365,
        0.01734229632321732,
        0.024310362332041743,
        0.03447451482307835,
        0.0837091319052988
      ],
      "ref_props": [
        0.1,
        0.1,
        0.1,
        0.1,
        0.1,
        0.1,
        0.1,
        0.1,
        0.1,
        0.1
      ]
    },
    "div_ma_10": {
      "edges": [
        -0.09016069025567956,
        -0.027584478872958264,
        -0.013827930707132813,
        -0.0024086517388918855,
        0.005527793607640549,
        0.01076487116056142,
        0.01912343975337142,
        0.029504043868823746,
        0.04236449911807794,
        0.055953713470612676,
        0.12547930197981055
      ],
      "ref_props": [
        0.1,
        0.1,
        0.1,
        0.1,
        0.1,
        0.1,
        0.1,
        0.1,
        0.1,
        0.1
      ]
    },
    "div_ma_20": {
      "edges": [
        -0.08083768136659275,
        -0.029476142105229863,
        -0.003662511332709367,
        0.009340589538625835,
        0.01761535844756569,
        0.027889641259788184,
        0.04013653537672006,
        0.05512168488282427,
        0.06703515233903111,
        0.08213389863808258,
        0.13897269129804482
      ],
      "ref_props": [
        0.1,
        0.1,
        0.1,
        0.1,
        0.1,
        0.1,
        0.1,
        0.1,
        0.1,
        0.1
      ]
    },
    "div_ma_60": {
      "edges": [
        -0.05767668562144601,
        0.04811443907821869,
        0.05827328798579244,
        0.07134957492297327,
        0.08060370218412574,
        0.08916968838587039,
        0.10393125874596836,
        0.11702913174073393,
        0.13442867579899542,
        0.15899776021905576,
        0.23601756020819975
      ],
      "ref_props": [
        0.1,
        0.1,
        0.1,
        0.1,
        0.1,
        0.1,
        0.1,
        0.1,
        0.1,
        0.1
      ]
    },
    "ma_5_20_cross": {
      "edges": [
        -0.04102311508285561,
        -0.022738528233780784,
        -0.001571136192639508,
        0.006815222944727828,
        0.014155016086940942,
        0.02253005929206775,
        0.0308649804073249,
        0.042611879852705516,
        0.05234228295293013,
        0.06563960895083062,
        0.10217281846702031
      ],
      "ref_props": [
        0.1,
        0.1,
        0.1,
        0.1,
        0.1,
        0.1,
        0.1,
        0.1,
        0.1,
        0.1
      ]
    },
    "ma_20_60_cross": {
      "edges": [
        0.00036934842592395434,
        0.04336558646298825,
        0.05125153312935798,
        0.05633381692876549,
        0.05980692234141274,
        0.06314424544422992,
        0.07142539538184095,
        0.07404400704667279,
        0.08188494313962824,
        0.09480225588556918,
        0.11939769707705938
      ],
      "ref_props": [
        0.1,
        0.1,
        0.1,
        0.1,
        0.1,
        0.1,
        0.1,
        0.1,
        0.1,
        0.1
      ]
    },
    "rsi": {
      "edges": [
        31.48954703832753,
        42.81773383874603,
        48.31286748719112,
        51.60556982159586,
        55.48790471167913,
        59.73140062008227,
        63.264282165921514,
        67.39802562469362,
        71.73183186926136,
        76.43005910271695,
        85.83877995642702
      ],
      "ref_props": [
        0.1,
        0.1,
        0.1,
        0.1,
        0.1,
        0.1,
        0.1,
        0.1,
        0.1,
        0.1
      ]
    },