tree
version=v4
num_class=1
num_tree_per_iteration=1
label_index=0
max_feature_idx=44
objective=binary sigmoid:1
feature_names=return_1d return_2d return_3d return_5d return_10d return_20d div_ma_5 div_ma_10 div_ma_20 div_ma_60 ma_5_20_cross ma_20_60_cross rsi rsi_change macd macd_signal macd_hist macd_hist_change bb_pct_b bb_bandwidth atr_pct volatility vol_change vol_ratio candle_body_pct upper_shadow_pct lower_shadow_pct day_of_week month is_month_end is_month_start streak gap price_position_20d macro_usdjpy_ret_20 macro_usdjpy_ret_60 macro_usdjpy_vol_20 macro_topix_ret_20 macro_topix_vol_20 macro_topix_above_200dma macro_nikkei_ret_20 macro_nikkei_above_200dma macro_nikkei_vi macro_jgb10y macro_bias_score
feature_infos=[-0.10659488559892327:0.16085350841198198] [-0.16639457490895393:0.17532197756543422] [-0.18168168168168164:0.16827357637842733] [-0.14525373968964073:0.1821880650994574] [-0.25962702833615892:0.26175406871609397] [-0.34700416533162448:0.29928909952606642] [-0.12688240948413973:0.11462793202174887] [-0.16685839570166056:0.11547169811320755] [-0.23172443917506474:0.15391783251611413] [-0.30833272551083141:0.23616204097947552] [-0.16322902324586608:0.10840585542532311] [-0.17249092712846525:0.12833058858247104] [4.1804180418041881:91.692307692307693] [-26.789196298378869:27.268453982559087] [-635.22504933809432:495.80956937901283] [-563.91206724870085:435.4241502172909] [-200.7521242233255:195.67733188937888] [-62.224604109952452:76.577101218408018] [-0.26043597284722941:1.2780328386511812] [0.048601695823222074:0.49783544794379719] [0.015959259399492637:0.07565709418349964] [0.010364209256957146:0.056286592375150858] [-0.87580861109153685:4.7460281434407623] [0.55375493755593974:1.753297440974247] [-1:1] [0:0.94444444444444442] [0:0.98734177215189878] [0:4] [1:12] none [0:1] [-6:7] [-0.16823687752355321:0.16249487074271651] [0:1] [-0.10288784967882303:0.08505611680078462] [-0.13986255140503889:0.13160084488587853] [0.0024251968629527628:0.011841457708833433] [-0.90806057657351702:0.19897857359448179] [0.0040695656242548776:2.1402487319617212] [0:1] [-0.22859537662338159:0.23022297972565586] [0:1] none none none
tree_sizes=1069 964 1186 891 1407 1075 1101 1090 1085 888 1160 1184 1180 1209 1294 971 1414 1071 787 970 1414 1209 1106 1210 890 1199 1301 997 994 869 1213 1210 992 1184 977 1102 994 1092 1158 1399 1209 1207 1098 978 1188 1211 1073 1102 885 788 1398 1208 1584 1589 1109 1157 1099 1095 1422 1206 1106 1055 1108 1076 1098 1305 990 1317 1311 1307 1095 874 1100 1081 894 1210 1306 1259 1418 999 1406 1068 1196 1190 1092 890 1283 976 887 858 973 975 779 891 994 1202 1530 878 1301 1209 1086 996 1082 1184 980 1207 1087 1307 1278 973 892 892 765 1096 1107 1392

Tree=0
num_leaves=9
num_cat=0
split_feature=37 1 17 28 28 34 28 2
split_gain=13.9352 11.1206 8.71906 10.7032 7.12597 4.95033 6.98791 0.555883
threshold=0.011909671831811243 0.033440935712573235 -9.1725195812071103 3.5000000000000004 8.5000000000000018 0.02515875105011223 5.5000000000000009 -0.014227575112391587
decision_type=2 2 2 2 2 2 2 2
left_child=2 5 -1 -4 -5 6 -2 -7
right_child=1 -3 3 4 -6 7 -8 -9
leaf_value=-0.14124273948897412 -0.16751283008070336 -0.15640647082802828 -0.19178059909124112 -0.149496647558959 -0.17287808828399973 -0.18247496701797206 -0.18792759455989599 -0.20360104625275419
leaf_weight=12.160785779356955 23.577033653855324 12.657144382596014 11.168068572878836 21.095240637660027 21.095240637660027 7.6935583502054241 33.256026417016983 11.416247874498366
leaf_count=49 95 51 45 85 85 31 134 46
internal_value=-0.172536 -0.180289 -0.162313 -0.168291 -0.161078 -0.184736 -0.17937 -0.19769
internal_weight=154.119 88.6 65.5193 53.3585 42.1905 75.9429 56.8331 19.1098
internal_count=621 357 264 215 170 306 229 77
is_linear=0
shrinkage=1


Tree=1
num_leaves=8
num_cat=0
split_feature=20 23 38 26 28 40 16
split_gain=16.0984 11.9255 14.7373 6.66124 6.33566 4.89813 1.61182
threshold=0.039796973296002965 0.80208776412199123 0.01133788916187769 0.42572892040977156 6.5000000000000009 -0.016953957198766797 13.768932609797414
decision_type=2 2 2 2 2 2 2
left_child=1 4 3 -3 -1 -4 -2
right_child=6 2 5 -5 -6 -7 -8
leaf_value=0.033398344286036774 0.034182696265278589 -0.017358372957755025 0.028341885394300378 0.0001957743531019625 -0.00047753836415731477 0 0.0085066838368660271
leaf_weight=8.1942252665758151 8.4419534802436811 76.655368238687515 8.4445964097976702 23.565430745482445 7.9431245326995841 13.392131850123404 7.4531336724758139
leaf_count=33 34 309 34 95 32 54 30
internal_value=-0.00140424 -0.00489702 -0.0082402 -0.013161 0.017683 0.012924 0.0252778
internal_weight=154.09 138.195 122.058 100.221 16.1373 21.8367 15.8951
internal_count=621 557 492 404 65 88 64
is_linear=0
shrinkage=0.03


Tree=2
num_leaves=10
num_cat=0
split_feature=20 37 10 14 14 13 38 3 37
split_gain=15.2764 14.5926 15.5029 16.0602 9.91405 5.90291 2.06398 0.705766 0.188357
threshold=0.039796973296002965 0.011909671831811243 0.0025832027644142612 39.60217106376286 -30.637303384939511 2.1298473365385537 0.008623804885232093 -0.042773290496041831 -0.0048085027362669277
decision_type=2 2 2 2 2 2 2 2 2
left_child=1 4 7 -4 6 -6 -1 -3 -2
right_child=8 2 3 -5 5 -7 -8 -9 -10
leaf_value=0.0027970016119437855 0.011113754711280071 -0.013036807621901547 0.026594011273842873 -0.011408692943521464 0.024591300392202992 0 -0.014184832215232923 -0.03427592792274857 0.030756523356098808
leaf_weight=7.4355279952287701 7.4655849486589441 8.1741046905517596 10.912246286869047 41.623259171843529 23.108690351247787 11.663056403398512 14.892314508557318 20.301683485507965 8.4556583166122401
leaf_count=30 30 33 44 168 93 47 60 82 34
internal_value=-0.00131578 -0.00472542 -0.0128458 -0.00255422 0.00658655 0.0163845 -0.00814801 -0.029927 0.0246511
internal_weight=154.032 138.111 81.0113 52.5355 57.0996 34.7717 22.3278 28.4758 15.9212
internal_count=621 557 327 212 230 140 90 115 64
is_linear=0
shrinkage=0.03


Tree=3
num_leaves=7
num_cat=0
split_feature=20 10 40 11 14 9
split_gain=14.5406 11.3221 11.6067 11.2567 8.6289 1.02612
threshold=0.039796973296002965 -0.044568395148382949 0.0064298353426528463 0.038528631107197071 -30.637303384939511 -0.062589647311161498
decision_type=2 2 2 2 2 2
left_child=1 -1 4 -4 -3 -2
right_child=5 2 3 -5 -6 -7
leaf_value=-0.028957376097588017 0.01001840458930159 -0.0075846038342662642 0.0019237014247249881 -0.019446462562674384 0.020417284878792408 0.032890818159121836
leaf_weight=13.364280089735983 8.4699165970087034 12.645329579710959 46.089133232831955 38.34154586493969 27.587637275457382 7.4733428955078116
leaf_count=54 34 51 186 155 111 30
internal_value=-0.00126563 -0.00459823 -0.00145244 -0.00783277 0.0113187 0.0240468
internal_weight=153.971 138.028 124.664 84.4307 40.233 15.9433
internal_count=621 557 503 341 162 64
is_linear=0
shrinkage=0.03


Tree=4
num_leaves=12
num_cat=0
split_feature=21 40 19 14 11 22 19 10 11 35 35
split_gain=19.4065 9.31704 16.2649 12.388 10.1454 8.90825 7.0383 3.18855 2.16132 1.81943 0.79652
threshold=0.020363106914256395 0.0057617531057838631 0.18837117938668893 -188.87928559952158 0.039002780836535862 -0.14189328151402278 0.11286013174207356 0.0059781107576711854 -0.018106926882571314 -0.023776328745680971 0.013177225799022587
decision_type=2 2 2 2 2 2 2 2 2 2 2
left_child=5 3 4 -2 -3 -1 7 -7 -8 -5 -4
right_child=1 2 10 9 -6 6 8 -9 -10 -11 -12
leaf_value=-0.029322831837301336 -0.0092388888433741333 0.0010189361437412446 0.010426788334948894 0.010495935731510688 -0.027936096296103153 -0.0034950016544440235 -0.00025576021997122597 0.018599251455367633 -0.021972508704160992 0.035346781342426879 0.031724236952510282
leaf_weight=20.77396060526371 8.4438011944293958 26.509862259030342 8.9462819546461123 7.966865390539172 15.311835348606108 9.1677376329898852 7.4280327856540707 9.4286226332187635 14.825969919562338 17.410437270998955 7.6935653239488593
leaf_count=84 34 107 36 32 62 37 30 38 60 70 31
internal_value=-0.00121922 0.0073322 0 0.0193802 -0.010031 -0.0140887 -0.0049845 0.00769712 -0.0159611 0.0294298 0.0234259
internal_weight=153.907 92.2826 58.4615 33.8211 41.8217 61.6243 40.8504 18.5964 22.254 25.3773 16.6398
internal_count=621 372 236 136 169 249 165 75 90 102 67
is_linear=0
shrinkage=0.03


Tree=5
num_leaves=9
num_cat=0
split_feature=20 37 10 23 15 16 28 21
split_gain=13.2444 14.0257 15.4387 7.85672 7.32525 4.32674 2.61559 3.9332
threshold=0.039228631115664804 0.042754989971413811 0.0074174978840951819 1.0245833893777097 30.807857839616837 41.771471107604363 7.5000000000000009 0.021317946449310479
decision_type=2 2 2 2 2 2 2 2
left_child=1 2 4 -4 -1 -2 7 -3
right_child=5 6 3 -5 -6 -7 -8 -9
leaf_value=-0.014801510285931234 0.034384273078228215 -0.019620615745063515 0.023867676485139072 0 0.0067862676614881762 0.0026527169505495408 -0.031935737493941019 0.0043375271515217412
leaf_weight=39.797160848975182 10.481662034988405 13.811590999364858 29.776592075824738 18.610779702663422 18.837390378117561 7.7238304466009131 10.365918606519697 7.6837301254272452
leaf_count=161 42 56 120 75 76 31 42 31
internal_value=0.000472098 -0.00269629 0.00246081 0.0147961 -0.00762359 0.0232594 -0.0195842 -0.0107779
internal_weight=157.089 138.883 107.022 48.3874 58.6346 18.2055 31.8612 21.4953
internal_count=634 561 432 195 237 73 129 87
is_linear=0
shrinkage=0.03


Tree=6
num_leaves=9
num_cat=0
split_feature=20 37 10 35 14 16 20 11
split_gain=12.6 13.3422 14.703 7.06356 5.89541 4.0841 2.78311 0.816347
threshold=0.039228631115664804 0.040517620294778907 0.0074174978840951819 0.056294619725414836 217.53781511365744 41.771471107604363 0.026344207019014507 0.020750664568188418
decision_type=2 2 2 2 2 2 2 2
left_child=1 2 3 -1 -4 -2 -3 -8
right_child=5 6 4 -5 -6 -7 7 -9
leaf_value=-0.0018865713643501209 0.033488746099874171 -0.0026505627000712462 0.021035772479897196 -0.029175054823942205 -0.0017628133657470249 0.0025892003698374305 -0.0093750297941838905 -0.028310503633747281
leaf_weight=48.206417500972748 10.492396205663683 10.352718129754065 34.563949823379517 8.8914097398519498 12.142253160476683 7.7249527871608725 8.6660377085208911 15.991781070828436
leaf_count=195 42 42 139 36 49 31 35 65
internal_value=0.000460206 -0.00263003 0.00271015 -0.00723335 0.0149718 0.0226803 -0.0181595 -0.0234209
internal_weight=157.032 138.815 103.804 57.0978 46.7062 18.2173 35.0105 24.6578
internal_count=634 561 419 231 188 73 142 100
is_linear=0
shrinkage=0.03


Tree=7
num_leaves=9
num_cat=0
split_feature=20 37 14 3 36 16 28 15
split_gain=12.012 12.7148 13.9715 9.05746 7.3968 3.85843 2.55219 2.79635
threshold=0.039228631115664804 0.042754989971413811 -37.254677727697974 -0.030717103699908762 0.0076484048042308852 41.771471107604363 7.5000000000000009 72.960779650001641
decision_type=2 2 2 2 2 2 2 2
left_child=1 2 3 -1 -4 -2 7 -3
right_child=5 6 4 -5 -6 -7 -8 -9
leaf_value=0.0072193144669376779 0.032632934111780074 0.0028120343190983568 0.014356072813857987 -0.023356246009866008 -0.0085904405530561299 0.0025272170514670229 -0.030862212648050592 -0.017369759338178872
leaf_weight=11.336767703294752 10.496902793645861 7.4311527460813585 59.381932303309441 22.68601156771183 13.615096017718313 7.7260224074125281 10.302024304866789 13.995798110961912
leaf_count=46 42 30 239 92 55 31 42 57
internal_value=0.000428837 -0.00258771 0.00230942 -0.0129166 0.00976123 0.0221229 -0.0187077 -0.0100876
internal_weight=156.972 138.749 107.02 34.0228 72.997 18.2229 31.729 21.427
internal_count=634 561 432 138 294 73 129 87
is_linear=0
shrinkage=0.03


Tree=8
num_leaves=9
num_cat=0
split_feature=23 40 10 26 11 28 9 26
split_gain=8.05109 8.4077 12.1125 11.6747 7.52486 7.23283 3.96605 2.06802
threshold=0.73466735762735969 0.0064298353426528463 0.0068004833196484435 0.48245073891625623 0.038528631107197071 8.5000000000000018 0.14081342992072762 0.2687311118960713
decision_type=2 2 2 2 2 2 2 2
left_child=-1 2 3 -2 5 -3 -6 -4
right_child=1 4 7 -5 6 -7 -8 -9
leaf_value=0.022050672732484532 -0.010431237175539954 0.010260999103835589 0.034894399713370328 0.02705617529882175 -0.023343831143725551 -0.011940193215382354 -9.1589833973490303e-05 0.0089525773601541441
leaf_weight=12.194428294897078 32.912973463535309 27.055408671498299 9.9863225370645541 7.446412965655326 26.260353967547417 22.201427638530731 10.347174331545828 8.4820628464221937
leaf_count=49 133 109 40 30 107 90 42 34
internal_value=0.000407989 -0.00158954 0.00688 -0.0022097 -0.00758747 0 -0.0175053 0.0257518
internal_weight=156.887 144.692 58.8278 40.3594 85.8644 49.2568 36.6075 18.4684
internal_count=634 585 237 163 348 199 149 74
is_linear=0
shrinkage=0.03


Tree=9
num_leaves=7
num_cat=0
split_feature=20 23 33 40 26 1
split_gain=11.2039 10.2449 8.71982 16.7404 8.04866 3.74889
threshold=0.039228631115664804 0.73466735762735969 0.47476409305946976 0.0045212096463873594 0.50157232704402521 0.013809319095413943
decision_type=2 2 2 2 2 2
left_child=1 -1 4 -4 -3 -2
right_child=5 2 3 -5 -6 -7
leaf_value=0.02391626406808672 0.0055197343460056825 -0.018947891920566513 0.024107639074513083 -0.0069173887705875374 0.0090418139633712657 0.034997788994141889
leaf_weight=9.9616446048021299 10.232075810432436 45.942996948957443 19.695694148540497 53.58782722055912 9.3850883394479734 7.9903562963008872
leaf_count=40 41 187 79 217 38 32
internal_value=0.000417319 -0.00249613 -0.00499165 0.00164059 -0.0137886 0.0213702
internal_weight=156.796 138.573 128.612 73.2835 55.3281 18.2224
internal_count=634 561 521 296 225 73
is_linear=0
shrinkage=0.03


Tree=10
num_leaves=10
num_cat=0
split_feature=39 33 14 14 15 8 17 35 21
split_gain=9.74733 7.23182 7.57229 8.28836 6.55839 5.68929 3.97517 1.19419 1.08499
threshold=1.0000000180025095e-35 0.21632090671940804 172.36539386297957 -45.19191212872601 188.19429940655832 -0.069280099536222176 7.0284717013073896 -0.010530900344071279 0.022868928116971974
decision_type=2 2 2 2 2 2 2 2 2
left_child=6 5 3 -3 -4 -2 7 -1 -7
right_child=1 2 4 -5 -6 8 -8 -9 -10
leaf_value=0.0085985199593637696 0.00045243465566501212 -0.013091916287745378 -0.028245169579647924 0.011032790642244425 0 -0.032809542754464148 0 0.031141783102099332 -0.009881871734523158
leaf_weight=7.9155322909355226 10.37820725142956 14.058733493089674 10.842681363224985 57.217602089047432 16.8039730489254 10.041383698582651 7.6892669200897208 9.6985571980476362 7.8334500491619101
leaf_count=32 42 57 44 231 68 41 31 39 32
internal_value=0.000115887 -0.00323112 0.000537659 0.00584221 -0.0121037 -0.0160858 0.0164919 0.0236857 -0.025522
internal_weight=152.479 127.176 98.923 71.2763 27.6467 28.253 25.3034 17.6141 17.8748
internal_count=617 515 400 288 112 115 102 71 73
is_linear=0
shrinkage=0.03


Tree=11
num_leaves=10
num_cat=0
split_feature=39 23 38 19 5 16 2 17 36
split_gain=9.28532 12.261 8.15142 8.14984 7.30839 9.63076 7.14605 3.79314 2.60296
threshold=1.0000000180025095e-35 0.92946302890550003 0.010217158994409179 0.098091131134107126 -0.028198475281442311 -24.036545198635519 0.022538573515326957 7.0284717013073896 0.0076484048042308852
decision_type=2 2 2 2 2 2 2 2 2
left_child=7 4 3 -3 -2 -6 -4 8 -1
right_child=1 2 6 -5 5 -7 -8 -9 -10
leaf_value=0.032664879841998291 -0.010627578231559172 0.0045247778326702199 -0.010029538799504471 -0.022928779119306388 -0.012265246582171943 0.021900516015655937 0.020030135667812615 0 0.0056184700458836549
leaf_weight=9.7171368896961265 11.819871082901953 10.640615075826643 13.844220310449602 42.022150307893753 7.5917306691408148 30.536833181977272 10.652637511491774 7.6892669200897208 7.9178164899349204
leaf_count=39 48 43 56 171 31 123 43 31 32
internal_value=9.43856e-05 -0.00317252 -0.010645 -0.0171447 0.00804753 0.0144518 0.00300125 0.0160727 0.0230946
internal_weight=152.432 127.108 77.1596 52.6628 49.9484 38.1286 24.4969 25.3242 17.635
internal_count=617 515 313 214 202 154 99 102 71
is_linear=0
shrinkage=0.03


Tree=12
num_leaves=10
num_cat=0
split_feature=37 20 23 33 4 19 33 16 12
split_gain=11.8205 7.13176 7.31038 5.17011 10.2553 6.01993 5.34839 4.78129 3.47059
threshold=0.013586881357921301 0.036332968001520062 0.88905235481412304 0.66124973579430246 -0.003446387424995367 0.15718965163802748 0.88733896803217238 36.464878340148694 56.074503537525096
decision_type=2 2 2 2 2 2 2 2 2
left_child=3 2 8 4 5 -1 -5 -4 -2
right_child=1 -3 7 6 -6 -7 -8 -9 -10
leaf_value=0.019884100684552788 -0.0066341843689108398 0.010052840854583625 -0.021702587180217569 0.030027058305311667 -0.020108402255930493 -0.0035681330830973309 0 0.00020831951279720332 0.017187427067236413
leaf_weight=22.294718995690346 9.5636330395936984 14.61633364856243 40.391110867261887 14.707659989595415 10.895735383033751 14.095504090189932 8.222912982106207 9.6174951791763288 7.9357103258371344
leaf_count=90 39 59 165 59 44 57 33 39 32
internal_value=9.96094e-05 -0.00744709 -0.0116321 0.00909563 0.00276621 0.0106967 0.0202771 -0.0173544 0.00405419
internal_weight=152.341 82.1243 67.5079 70.2165 47.286 36.3902 22.9306 50.0086 17.4993
internal_count=617 334 275 283 191 147 92 204 71
is_linear=0
shrinkage=0.03


Tree=13
num_leaves=10
num_cat=0
split_feature=40 34 36 23 10 5 5 7 34
split_gain=9.8682 8.80069 7.54963 7.45869 6.94643 4.14131 2.73723 7.54152 3.46764
threshold=0.0064298353426528463 0.02515875105011223 0.0086915059876981407 0.92501049676183011 -0.048540226557159109 0.10093220382574154 -0.035024564565305942 -0.010820448316327677 0.0073974279578366007
decision_type=2 2 2 2 2 2 2 2 2
left_child=4 2 3 -2 -1 -3 7 -6 -8
right_child=1 5 -4 -5 6 -7 8 -9 -10
leaf_value=-0.008949693690144379 0.015798744923409821 -0.03195697193404979 -0.02529653368470609 -0.0048012658114169882 0.020258690269906017 -0.0015537956762098802 0.0050936864879157903 -0.015497369793893219 0.027267340157985352
leaf_weight=12.547516614198683 23.267443433403969 12.689551055431368 7.8183959722518912 39.118245080113411 9.1589379757642764 7.3479962646961203 13.435772851109503 7.9123623222112647 18.946693271398544
leaf_count=51 94 52 32 159 37 30 54 32 76
internal_value=0.000106871 -0.00607703 -0.000645353 0.00290087 0.00925043 -0.0226413 0.0143281 0.00301238 0.019335
internal_weight=152.243 90.2416 70.2041 62.3857 62.0013 20.0375 49.4538 17.0713 32.3825
internal_count=617 367 285 253 250 82 199 69 130
is_linear=0
shrinkage=0.03


Tree=14
num_leaves=11
num_cat=0
split_feature=39 23 33 38 34 21 38 13 11 35
split_gain=8.59612 10.7402 7.53489 7.34877 7.67719 6.39153 4.91722 4.79766 4.35502 0.762776
threshold=1.0000000180025095e-35 0.92946302890550003 0.63953916191634874 0.010217158994409179 0.0070616092592091792 0.027283015525724749 0.0077482355899553693 2.8633596408373703 0.0044721190413126175 -0.010530900344071279
decision_type=2 2 2 2 2 2 2 2 2 2
left_child=7 2 6 4 -3 -5 -2 9 -4 -1
right_child=1 3 8 5 -6 -7 -8 -9 -10 -11
leaf_value=0.0091020419119354507 0.013692226772982898 -0.030467110247574765 0 -0.0079981244204051852 -0.0061295679554461188 0.021025500598855718 -0.012145330698021078 -0.0023926959722214728 0.026655317155920628 0.029875038408467162
leaf_weight=7.6954295784235063 7.658751621842387 19.554966926574707 7.726627483963969 15.512058034539224 32.838829785585403 8.9649951159954053 17.938478589057922 7.6717161238193503 16.630895644426346 9.9635959565639478
leaf_count=31 31 80 31 63 134 36 73 31 67 40
internal_value=8.69378e-05 -0.00305931 0.00742311 -0.010077 -0.0162751 0.0028508 -0.0034391 0.0154595 0.0188021 0.0234325
internal_weight=152.156 126.826 49.9548 76.8708 52.3938 24.4771 25.5972 25.3307 24.3575 17.659
internal_count=617 515 202 313 214 99 104 102 98 71
is_linear=0
shrinkage=0.03


Tree=15
num_leaves=8
num_cat=0
split_feature=20 5 40 37 5 20 25
split_gain=9.86689 6.86756 8.71456 8.00113 5.79664 4.4737 3.09085
threshold=0.042797401239638565 -0.028198475281442311 0.065369400399097902 -0.02959602920032017 1.0000000180025095e-35 0.028728622518129476 0.21466973886328727
decision_type=2 2 2 2 2 2 2
left_child=1 3 4 -1 -3 -4 -5
right_child=-2 2 5 6 -6 -7 -8
leaf_value=0.0083286429003358777 0.026649560808463028 0.021311446249062033 -0.0278161602803071 -0.0063915614822705556 0.00111424822691655 0 -0.027544230067603429
leaf_weight=9.887222617864607 8.4921328425407392 14.339273095130919 10.451887726783754 13.963346913456915 69.031687691807747 9.363933250308035 19.532390952110291
leaf_count=40 34 58 43 57 279 38 80
internal_value=-0.00133024 -0.00338925 0.000737536 -0.0131353 0.00518163 -0.0160334 -0.0200059
internal_weight=155.062 146.57 103.187 43.383 83.371 19.8158 33.4957
internal_count=629 595 418 177 337 81 137
is_linear=0
shrinkage=0.03


Tree=16
num_leaves=12
num_cat=0
split_feature=23 37 38 26 33 14 7 28 31 25 25
split_gain=7.39636 8.31448 8.29759 7.37247 6.6873 8.27026 5.91364 5.76562 4.83411 4.54863 3.57934
threshold=0.95354276300298368 0.058640146158953972 0.010101283280224095 0.13354564755838644 0.63953916191634874 203.80944515984496 0.0063033093086813435 4.5000000000000009 -1.4999999999999998 0.34514106583072107 0.19163509180996796
decision_type=2 2 2 2 2 2 2 2 2 2 2
left_child=1 4 7 -4 6 -6 -1 10 -9 -5 -2
right_child=2 -3 3 9 5 -7 -8 8 -10 -11 -12
leaf_value=0.0078345025092890572 -0.006707419725008601 -0.019477324198353903 0.024256060045856256 0.0038782686165248067 0.031156680373483046 -0.0030896658650900453 -0.019310621059893642 0.011955000330563653 -0.012075959651621691 -0.021157501717042126 -0.036524300331854796
leaf_weight=26.446213915944099 8.3344650119543093 7.8237375617027274 9.4206608384847623 16.837308257818226 18.157285764813427 7.6774054020643225 7.6263062953948966 8.0688561350107175 25.251867637038231 7.6490245163440695 11.657793179154394
leaf_count=107 34 32 38 68 73 31 31 33 103 31 48
internal_value=-0.00128821 0.00593375 -0.00707186 0.00406403 0.0100167 0.0209499 0.000609106 -0.0143163 -0.00548458 -0.00438313 -0.0265166
internal_weight=154.951 67.7309 87.22 33.907 59.9072 25.8347 34.0725 53.313 33.3207 24.4863 19.9923
internal_count=629 274 355 137 242 104 138 218 136 99 82
is_linear=0
shrinkage=0.03


Tree=17
num_leaves=9
num_cat=0
split_feature=34 38 34 36 4 33 10 17
split_gain=10.2297 11.7967 7.59118 7.77144 4.95107 6.73385 2.45698 2.20508
threshold=0.034649501004426438 0.010149321044470997 -0.02346332097319281 0.004621161926408518 0.060887385942030144 0.27163258352175484 0.001296008335280985 1.1269377678262613
decision_type=2 2 2 2 2 2 2 2
left_child=1 2 7 -4 5 -3 -2 -1
right_child=6 4 3 -5 -6 -7 -8 -9
leaf_value=-0.0077378027879413487 -0.030487622211894851 0 -0.014462756883710307 0.0067705487149080958 -0.0014140814124366803 0.027471550795006648 -0.0044070188576169631 -0.03082303046260642
leaf_weight=12.260142564773561 10.014880850911142 11.332450926303862 20.481393277645111 47.995990425348282 12.93801476061344 23.590210780501366 7.6189921200275412 8.5990991294383985
leaf_count=50 41 46 84 195 52 95 31 35
internal_value=-0.00126887 0.00150648 -0.00480291 0 0.0133046 0.0189451 -0.0215799 -0.0197749
internal_weight=154.831 137.197 89.3366 68.4774 47.8607 34.9227 17.6339 20.8592
internal_count=629 557 364 279 193 141 72 85
is_linear=0
shrinkage=0.03


Tree=18
num_leaves=6
num_cat=0
split_feature=20 14 23 40 28
split_gain=8.97079 8.05266 6.89554 10.8065 9.18592
threshold=0.042797401239638565 -188.87928559952158 0.82313874333482773 0.0064298353426528463 6.5000000000000009
decision_type=2 2 2 2 2
left_child=1 -1 4 -4 -3
right_child=-2 2 3 -5 -6
leaf_value=-0.026028058712364664 0.025424370315937882 0.032362014299608548 0.0077574085488101002 -0.011086969429209942 -0.0029897959687255745
leaf_weight=10.800296127796171 8.4797233790159208 9.9468755573034304 40.821795344352722 72.068910881876945 12.62607282400131
leaf_count=44 34 40 165 295 51
internal_value=-0.00126221 -0.00323264 -0.000953835 -0.00412578 0.0133438
internal_weight=154.744 146.264 135.464 112.891 22.5729
internal_count=629 595 551 460 91
is_linear=0
shrinkage=0.03


Tree=19
num_leaves=8
num_cat=0
split_feature=34 23 37 20 25 5 10
split_gain=9.69779 9.24084 10.8 9.69745 5.85825 5.68247 2.35593
threshold=0.034649501004426438 0.9620429122906442 0.052503164413043375 0.039228631115664804 0.13614298323036189 -0.028198475281442311 0.001296008335280985
decision_type=2 2 2 2 2 2 2
left_child=1 2 5 4 -3 -1 -2
right_child=6 3 -4 -5 -6 -7 -8
leaf_value=0 -0.029767497088669975 0.0029787596665861154 -0.018170472565289329 0.018125860249050354 -0.015864314498333473 0.020910824924871157 -0.0041970035596140707
leaf_weight=15.012894898653029 9.965540289878847 19.126705184578896 8.3045383691787702 10.954280972480772 44.938524410128593 38.705088004469872 7.6074434220790854
leaf_count=61 41 78 34 44 184 156 31
internal_value=-0.00121293 0.00148547 0.0099723 -0.00541303 -0.0100918 0.0150883 -0.0210242
internal_weight=154.615 137.042 62.0225 75.0195 64.0652 53.718 17.573
internal_count=629 557 251 306 262 217 72
is_linear=0
shrinkage=0.03


Tree=20
num_leaves=12
num_cat=0
split_feature=21 15 15 9 11 15 37 17 13 0 20
split_gain=11.7958 12.7393 10.3733 9.56378 4.40838 7.22352 7.75504 4.22641 4.04171 3.8149 3.0868
threshold=0.020087566553799029 70.82189519538349 20.645660561645357 -0.046895292136627249 0.038528631107197071 -360.65892000208379 0.040517620294778907 -8.8351694354538797 -0.39675147861158061 0.014066361934767959 0.032413524959610716
decision_type=2 2 2 2 2 2 2 2 2 2 2
left_child=1 2 3 -1 5 -2 -7 -3 10 -10 -6
right_child=4 7 -4 -5 8 6 -8 -9 9 -11 -12
leaf_value=0.0063955524467690364 -0.0098734816658612237 -0.0067450463040905836 0.024195811425850162 -0.025700079730978473 -0.0040510403710708742 0.022647602734785614 -0.0019411881394005193 -0.036915193980907417 -0.02437520727545887 0.00082540174735429295 0.018897521361889123
leaf_weight=15.588060751557348 10.10133086144924 9.0173056721687335 9.8930079787969571 13.535928577184679 7.8899432271719006 36.874614015221596 14.469115450978277 13.786671698093413 8.3004879951477069 8.8474370986223203 8.3683866858482343
leaf_count=64 41 37 40 55 32 149 59 57 34 36 34
internal_value=-0.00017895 -0.0102805 2.36912e-05 -0.00873247 0.00632634 0.0110169 0.0156241 -0.0270957 -0.00201238 -0.0118615 0.00771551
internal_weight=156.672 61.821 39.017 29.124 94.8513 61.4451 51.3437 22.804 33.4063 17.1479 16.2583
internal_count=638 253 159 119 385 249 208 94 136 70 66
is_linear=0
shrinkage=0.03


Tree=21
num_leaves=10
num_cat=0
split_feature=11 21 3 21 20 26 19 18 20
split_gain=11.3496 6.83039 8.7368 6.97948 8.10244 7.09806 6.41689 4.44732 3.47635
threshold=0.087102738762225421 0.020087566553799029 -0.010543951818567985 0.027283015525724749 0.039937031772659705 0.11489917307413319 0.078741806754182478 0.097505523207151848 0.029512596782218938
decision_type=2 2 2 2 2 2 2 2 2
left_child=1 2 7 5 -5 -3 -4 -1 -2
right_child=8 3 6 4 -6 -7 -8 -9 -10
leaf_value=-0.0069659610648448254 -0.027894263036444107 0.036223140979642507 0.0068267925902513928 -0.01278248371637819 0.014190406982020705 0.0080872300243976739 -0.02194189694472461 0.019089948030442838 -0.0016510894354321635
leaf_weight=7.2923860251903561 13.467959418892862 10.353327333927153 7.4565277397632626 21.371404498815536 15.420458376407622 35.184409081935883 24.395498365163803 13.003627359867094 8.6273761689662916
leaf_count=30 56 42 30 87 62 143 100 53 35
internal_value=-0.000190963 0.00306814 -0.00513262 0.00843896 -0.000941981 0.0160545 -0.0147586 0.00927018 -0.0192574
internal_weight=156.573 134.478 52.148 82.3296 36.7919 45.5377 31.852 20.296 22.0953
internal_count=638 547 213 334 149 185 130 83 91
is_linear=0
shrinkage=0.03


Tree=22
num_leaves=9
num_cat=0
split_feature=11 25 38 37 34 34 19 20
split_gain=10.8213 4.04038 8.22844 9.05678 6.74681 5.74562 5.78005 3.31005
threshold=0.087102738762225421 0.22479209979209983 0.0081154101840768007 0.018080413517888475 -0.018521515752735914 0.02551080297609554 0.12733897549230763 0.029512596782218938
decision_type=2 2 2 2 2 2 2 2
left_child=1 5 3 -3 -4 6 -1 -2
right_child=7 2 4 -5 -6 -7 -8 -9
leaf_value=0.025204661359817238 -0.027291760178497524 0.0034987196551479935 -0.013149975176687168 -0.028263362050151817 0.012810640757685324 -0.0083005675608193909 0.0039247605233161372 -0.0016110540851423025
leaf_weight=19.287883803248405 13.397545173764231 13.023767605423929 9.8123365193605405 15.316950023174284 33.24651625752449 12.244464024901388 31.503290086984634 8.6262368112802488
leaf_count=78 56 53 40 63 135 50 128 35
internal_value=-0.000178022 0.00299876 -0.00171217 -0.0139045 0.00624069 0.00845397 0.0129386 -0.0188291
internal_weight=156.459 134.435 71.3996 28.3407 43.0589 63.0356 50.7912 22.0238
internal_count=638 547 291 116 175 256 206 91
is_linear=0
shrinkage=0.03


Tree=23
num_leaves=10
num_cat=0
split_feature=21 15 15 7 34 34 21 17 21
split_gain=10.5505 11.6131 9.74186 7.16859 5.76564 8.47402 6.71038 3.98451 3.49016
threshold=0.020087566553799029 70.82189519538349 20.645660561645357 -0.0047073777471462056 0.035075048741410771 -0.016319447040454346 0.031439001963171377 -8.8351694354538797 0.03302649240393097
decision_type=2 2 2 2 2 2 2 2 2
left_child=1 2 3 -1 5 8 -7 -3 -2
right_child=4 7 -4 -5 -6 6 -8 -9 -10
leaf_value=0.0045995260743814138 -0.014105724615557405 -0.0061967032211812075 0.023462207894802321 -0.023148375814818652 -0.012059976933724794 0.019794749851761533 -0.0032023558815493978 -0.03551474557091764 0.0077140067393065524
leaf_weight=15.583507612347603 14.954044863581659 8.9783835262060183 9.8925723284482938 13.491147041320801 11.474375426769255 47.350002437829971 12.819522321224211 13.605921521782873 8.2112554907798749
leaf_count=64 61 37 40 55 47 192 52 57 33
internal_value=-0.00018584 -0.00977102 3.19014e-05 -0.00845445 0.00595536 0.00883618 0.0147084 -0.0259218 -0.00577698
internal_weight=156.361 61.5515 38.9672 29.0747 94.8092 83.3348 60.1695 22.5843 23.1653
internal_count=638 253 159 119 385 338 244 94 94
is_linear=0
shrinkage=0.03


Tree=24
num_leaves=7
num_cat=0
split_feature=11 23 31 1 35 35
split_gain=10.0996 5.82856 5.32913 6.14262 3.32869 1.18158
threshold=0.087102738762225421 0.71803303123350937 -2.4999999999999996 -0.0023150394668737246 0.05685331462893662 0.019128282360766694
decision_type=2 2 2 2 2 2
left_child=1 -1 5 -4 -2 -3
right_child=4 2 3 -5 -6 -7
leaf_value=0.024168752414642638 -0.0056117129127164723 0.0036796983320069813 -0.01039688639780207 0.0039030435144911291 -0.031146519366083873 0.02418157869921499
leaf_weight=8.7115632742643339 13.084628745913507 7.3357139378786069 40.904168710112572 69.752486184239388 8.8227255195379239 7.6401027590036392
leaf_count=35 54 30 167 284 37 31
internal_value=-0.000198462 0.00286286 0.000912376 -0.0013405 -0.0182681 0.0166393
internal_weight=156.251 134.344 125.632 110.657 21.9074 14.9758
internal_count=638 547 512 451 91 61
is_linear=0
shrinkage=0.03


Tree=25
num_leaves=10
num_cat=0
split_feature=23 6 34 37 14 14 24 21 25
split_gain=7.54288 6.61605 7.77799 6.42313 8.44283 10.3433 6.18638 5.86086 2.62358
threshold=0.95354276300298368 -0.040089886170577176 0.0062406384708568749 0.040063327570842418 -51.186304134327195 217.53781511365744 -0.50203252032520307 0.029229723175075491 0.21132478632478635
decision_type=2 2 2 2 2 2 2 2 2
left_child=3 -2 7 4 -1 -6 -4 -3 -5
right_child=1 2 6 8 5 -7 -8 -9 -10
leaf_value=-0.0057635615574582189 0.017067285696413498 -0.02650272185698941 -0.017520323363122519 -0.018521001613987429 0.027244110807332696 -0.008435155352319439 0.0065028485491931071 8.8090730273118634e-05 0.0017749622846297789
leaf_weight=14.325427234172819 7.8552972376346579 24.081038251519203 11.438542544841765 7.7070372551679638 30.712318867444992 7.6418406367301932 32.115089729428291 8.8744927644729596 10.47871597111225
leaf_count=58 32 99 47 32 124 31 132 36 43
internal_value=4.77039e-05 -0.00585495 -0.0087743 0.00724844 0.0125421 0.0196978 0 -0.0193177 -0.00706611
internal_weight=155.23 84.3645 76.5092 70.8653 52.6796 38.3542 43.5536 32.9555 18.1858
internal_count=634 346 314 288 213 155 179 135 75
is_linear=0
shrinkage=0.03


Tree=26
num_leaves=11
num_cat=0
split_feature=23 31 6 22 0 18 3 40 24 31
split_gain=7.08941 8.3074 5.81878 5.53889 5.41729 4.31421 9.91879 8.94778 3.41458 3.11027
threshold=0.95354276300298368 -2.4999999999999996 0.0068582040140243205 0.20329651671216234 0.0056396489457312135 0.54179839034449628 -0.015268941789036037 0.031947984421408789 0.10790814263766477 -1.4999999999999998
decision_type=2 2 2 2 2 2 2 2 2 2
left_child=3 -2 9 5 -4 6 -1 -7 -5 -3
right_child=1 2 4 8 -6 7 -8 -9 -10 -11
leaf_value=0.0091142711998052107 0.017850652027872917 -0.0016601964151061611 0.015433397700864798 0.028166072497005121 -0.0083335807529446183 0.024736237212108259 -0.026946026563957049 -0.0072237822796803559 0.0011532431076519043 -0.02163224150769457
leaf_weight=12.571966767311098 9.5244870632886869 11.703226819634432 11.311952143907545 12.579293683171274 22.547526463866234 13.886834233999254 10.674417316913603 13.2428011149168 7.8743280470371237 29.189981102943424
leaf_count=51 39 48 46 51 92 56 44 54 32 121
internal_value=3.39047e-05 -0.00568934 -0.00927107 0.00701893 0 0.00112948 -0.00767287 0.00919578 0.0194636 -0.0166101
internal_weight=155.107 84.2772 74.7527 70.8296 33.8595 50.376 23.2464 27.1296 20.4536 40.8932
internal_count=634 346 307 288 138 205 95 110 83 169
is_linear=0
shrinkage=0.03


Tree=27
num_leaves=8
num_cat=0
split_feature=11 35 19 10 18 1 10
split_gain=7.18211 8.82386 6.07846 5.76829 4.69158 3.59047 3.38253
threshold=0.098007445746883262 0.043722797556203126 0.25413598436237145 -0.0025702423400849046 0.7970646805440188 -0.00097577587185454495 0.032754991154328568
decision_type=2 2 2 2 2 2 2
left_child=1 2 4 -3 -1 -4 -5
right_child=-2 3 5 6 -6 -7 -8
leaf_value=-0.0019489001868040886 -0.019173442446476029 -0.001535285744754371 0.0245011612112415 0.032653627096817552 -0.019662818160557972 -0.00044203199917311372 0.0085347728211569926
leaf_weight=69.098592564463615 13.622562378644941 12.93919678032398 8.6295311003923434 12.101815685629846 15.740145295858381 7.815142795443534 15.016597166657446
leaf_count=283 57 53 35 49 64 32 61
internal_value=4.42518e-05 0.00224279 -0.00238458 0.0138565 -0.00578527 0.0130714 0.0213167
internal_weight=154.964 141.341 101.283 40.0576 84.8387 16.4447 27.1184
internal_count=634 577 414 163 347 67 110
is_linear=0
shrinkage=0.03


Tree=28
num_leaves=8
num_cat=0
split_feature=11 14 3 9 37 28 28
split_gain=6.83184 6.84255 8.87768 8.62332 6.50354 5.64973 2.85434
threshold=0.098007445746883262 -51.186304134327195 -0.030717103699908762 -0.019144614453071609 0.040517620294778907 7.5000000000000009 8.5000000000000018
decision_type=2 2 2 2 2 2 2
left_child=1 2 5 -3 -5 -1 -4
right_child=-2 3 6 4 -6 -7 -8
leaf_value=-0.0044345773590651156 -0.018728016001693725 0.029920632219649444 -0.0058082799126461882 0.0085638505640522455 -0.0089900905332419827 0.02565064823683939 -0.02719816256209397
leaf_weight=11.268712878227236 13.576434805989264 10.828625187277792 14.93145674467087 59.004647329449654 25.080021679401398 7.3767296671867362 12.806118935346602
leaf_count=46 57 44 61 239 104 30 53
internal_value=4.29895e-05 0.00218749 -0.00691077 0.00683934 0.00306655 0.00807336 -0.0173532
internal_weight=154.873 141.296 46.383 94.9133 84.0847 18.6454 27.7376
internal_count=634 577 190 387 343 76 114
is_linear=0
shrinkage=0.03


Tree=29
num_leaves=7
num_cat=0
split_feature=11 14 7 9 37 15
split_gain=6.49259 6.48461 8.71623 8.19828 6.14395 2.79792
threshold=0.098007445746883262 -51.186304134327195 -0.044236189837783373 -0.019144614453071609 0.040517620294778907 -86.466495538163727
decision_type=2 2 2 2 2 2
left_child=1 2 -1 -3 -5 -4
right_child=-2 3 5 4 -6 -7
leaf_value=0.01416277782650607 -0.018294516431246941 0.029159169582013277 -0.01874947698059785 0.0083129798741952334 -0.0087521922509105586 0
leaf_weight=11.070105299353598 13.52930226922035 10.830252811312674 26.257451117038723 59.021826580166817 25.043803572654724 9.0004993826150912
leaf_count=45 57 44 108 239 104 37
internal_value=3.23819e-05 0.00212379 -0.0067357 0.00665354 0.0029696 -0.0141079
internal_weight=154.753 141.224 46.3281 94.8959 84.0656 35.258
internal_count=634 577 190 387 343 145
is_linear=0
shrinkage=0.03


Tree=30
num_leaves=10
num_cat=0
split_feature=36 36 4 34 36 15 20 38 26
split_gain=6.14785 7.94815 7.56181 9.02127 7.36346 9.56636 6.90884 3.95898 2.41587
threshold=0.0071638962918784792 0.0039008722883771044 0.045028705099354312 -0.014559244352543519 0.0076484048042308852 -58.778942629712468 0.031644025282498218 0.01025212383015362 0.40964244223570417
decision_type=2 2 2 2 2 2 2 2 2
left_child=1 -1 3 -3 7 -6 -7 -2 -4
right_child=4 2 8 -5 5 6 -8 -9 -10
leaf_value=0.016257320894683229 0.038003888511794967 -0.026686954022467766 -0.025347421034568916 0.0040635031871372324 0.02306273645320072 -0.022698933608648802 0.0056727484059097251 0.0057501953063128749 -0.002200772514370287
leaf_weight=12.876889348030089 7.6771299988031414 8.2588243186473829 19.089591339230541 49.647405311465263 10.146747618913649 13.315519243478777 13.04032328724861 8.6243065893650037 7.3785951733589163
leaf_count=53 31 34 78 204 41 55 53 35 30
internal_value=0.000555165 -0.00380102 -0.00734146 -0.000816399 0.00869775 0.000462599 -0.00872222 0.0242528 -0.0200296
internal_weight=150.055 97.2513 84.3744 57.9062 52.804 36.5026 26.3558 16.3014 26.4682
internal_count=614 399 346 238 215 149 108 66 108
is_linear=0
shrinkage=0.03


Tree=31
num_leaves=10
num_cat=0
split_feature=36 36 4 34 36 15 38 3 26
split_gain=5.87649 7.54734 7.16992 8.60526 7.01255 9.08285 3.75343 2.79591 2.27787
threshold=0.0071638962918784792 0.0039008722883771044 0.045028705099354312 -0.014559244352543519 0.0076484048042308852 -58.778942629712468 0.01025212383015362 -0.019974643816548895 0.40964244223570417
decision_type=2 2 2 2 2 2 2 2 2
left_child=1 -1 3 -3 6 -6 -2 -7 -4
right_child=4 2 8 -5 5 7 -8 -9 -10
leaf_value=0.015810448184528435 0.037091322693091504 -0.02612414270786001 -0.024715611282589298 0.0039447688457046872 0.022480267359056099 0.00445739346739462 0.0056101569223748005 -0.014587850043952908 -0.0021490290866962402
leaf_weight=12.899792432785032 7.6791924685239819 8.2272127866744977 19.042096719145778 49.667386174201965 10.149139747023581 7.8020316958427456 8.6243177652358991 18.509285807609558 7.377733662724494
leaf_count=53 31 34 78 204 41 32 35 76 30
internal_value=0.000547638 -0.00370925 -0.00716662 -0.00080744 0.00851361 0.00045816 0.0236904 -0.00849465 -0.0195364
internal_weight=149.978 97.2142 84.3144 57.8946 52.764 36.4605 16.3035 26.3113 26.4198
internal_count=614 399 346 238 215 149 66 108 108
is_linear=0
shrinkage=0.03


Tree=32
num_leaves=8
num_cat=0
split_feature=41 19 36 19 16 25 0
split_gain=6.99222 6.33343 5.72764 7.55823 4.68613 2.12601 1.17123
threshold=1.0000000180025095e-35 0.21952579682601883 0.0039008722883771044 0.23030501071574386 28.847904857591068 0.24683418286078371 0.0039983019206414347
decision_type=2 2 2 2 2 2 2
left_child=1 5 -2 4 -4 -1 -5
right_child=2 -3 3 6 -6 -7 -8
leaf_value=0.030871695937578155 0.014813736343611734 -0.0061398427874903676 -0.0040243034098683284 0.019817177871345723 -0.019889144494483792 0.0074814811460687169 0.0011697321372932169
leaf_weight=10.64268665015698 12.680744066834448 8.6067750304937345 69.910521954298019 8.0950809121131879 22.498445764183998 10.083964228630064 7.3817388117313376
leaf_count=43 52 35 288 33 92 41 30
internal_value=0.000542772 0.0132633 -0.00259562 -0.00501077 -0.00838525 0.0218117 0.0129331
internal_weight=149.9 29.3334 120.567 107.886 92.409 20.7267 15.4768
internal_count=614 119 495 443 380 84 63
is_linear=0
shrinkage=0.03


Tree=33
num_leaves=10
num_cat=0
split_feature=36 36 22 36 20 38 19 38 10
split_gain=5.51425 6.85144 6.80935 6.74342 8.56707 6.50372 5.02234 3.52858 2.2977
threshold=0.0071638962918784792 0.0039008722883771044 0.49047621461258878 0.0076484048042308852 0.031299851749743347 0.007566951312943845 0.11242056735579421 0.01025212383015362 0.032754991154328568
decision_type=2 2 2 2 2 2 2 2 2
left_child=1 -1 6 7 5 -5 -3 -2 -6
right_child=3 2 -4 4 8 -7 -8 -9 -10
leaf_value=0.014977915523769942 0.036176976089831579 0.00070708748804914094 0.012503326260994098 0.0026614322535803976 0.020023537191665202 -0.032243889838810567 -0.015562311642175749 0.0055216245138451142 0
leaf_weight=12.939019724726675 7.6710285544395473 22.623396426439285 11.534487903118132 7.7693913877010328 12.34319891035557 7.4421454519033432 50.035327792167664 8.6219591051340085 8.8684594184160215
leaf_count=53 31 93 47 32 50 31 206 35 36
internal_value=0.000546923 -0.003575 -0.00688167 0.00826898 0.000362488 -0.0153066 -0.0104124 0.023152 0.0125962
internal_weight=149.848 97.1322 84.1932 52.7162 36.4232 15.2115 72.6587 16.293 21.2117
internal_count=614 399 346 215 149 63 299 66 86
is_linear=0
shrinkage=0.03


Tree=34
num_leaves=8
num_cat=0
split_feature=41 36 21 23 40 23 15
split_gain=6.45113 5.14228 5.95119 6.37019 5.11862 3.83764 2.43103
threshold=1.0000000180025095e-35 0.0039008722883771044 0.02053791000191614 0.83460415745914862 0.0057617531057838631 1.0338300860504519 -45.117739631649506
decision_type=2 2 2 2 2 2 2
left_child=5 -2 3 -3 -4 6 -1
right_child=1 2 4 -5 -6 -7 -8
leaf_value=0.0054490892696502716 0.014005744177100493 0.007846249769139696 0.013554741442991007 -0.018660177213765824 -0.0042990662035957998 0 0.031663938085145969
leaf_weight=8.4068232923746127 12.717286169528959 8.3474860936403257 18.535158604383469 34.987261265516281 45.831117987632751 12.480762675404547 8.423520043492319
leaf_count=34 52 34 75 146 188 51 34
internal_value=0.000561223 -0.00245187 -0.00475183 -0.0131025 0.000869713 0.0127848 0.0213356
internal_weight=149.729 120.418 107.701 43.3347 64.3663 29.3111 16.8303
internal_count=614 495 443 180 263 119 68
is_linear=0
shrinkage=0.03


Tree=35
num_leaves=9
num_cat=0
split_feature=34 21 34 16 35 34 4 14
split_gain=7.49414 7.47652 7.99778 12.1361 6.02111 3.47878 5.11545 1.75108
threshold=0.034649501004426438 0.018751980248477632 0.006708305952168426 5.8321489513373388 0.044156441153378807 0.013614512925688495 -0.030562798397907539 41.788640089120697
decision_type=2 2 2 2 2 2 2 2
left_child=1 5 4 -4 -3 6 -1 -2
right_child=7 2 3 -5 -6 -7 -8 -9
leaf_value=0.0033472053643558929 -0.00291215713906152 -0.0049637526005495399 0.035500659903392282 0.0026566950164425554 0.020076894265969657 0.0032614713323737225 -0.022864202952531928 -0.022930562480479318
leaf_weight=8.2173627912998217 9.1735623925924319 45.45817694067955 16.382674798369408 25.806872874498367 8.5464408695697767 13.546495050191877 17.118733540177345 11.636864408850668
leaf_count=34 38 186 67 105 35 56 71 49
internal_value=3.27443e-05 0.00277516 0.00730838 0.0167793 -0.000157681 -0.00788185 -0.0141913 -0.0157928
internal_weight=155.887 135.077 96.1942 42.1895 54.0046 38.8826 25.3361 20.8104
internal_count=641 554 393 172 221 161 105 87
is_linear=0
shrinkage=0.03


Tree=36
num_leaves=8
num_cat=0
split_feature=34 21 15 37 34 4 9
split_gain=7.15288 7.07702 7.7192 11.1245 3.3042 4.88209 3.12425
threshold=0.034649501004426438 0.018751980248477632 -360.65892000208379 0.040517620294778907 0.013614512925688495 -0.030562798397907539 0.061613007891394435
decision_type=2 2 2 2 2 2 2
left_child=1 4 -3 -4 5 -1 -2
right_child=6 2 3 -5 -6 -7 -8
leaf_value=0.0032650907453040294 -0.0021570992459398483 -0.016101302065621138 0.016526447853035149 -0.0067126558262010205 0.0031752162295364005 -0.022322033608994242 -0.026545689793951027
leaf_weight=8.2215366959571856 11.151606991887094 9.2420081645250303 63.468181103467941 23.50495533645153 13.551307052373884 17.057986781001091 9.6056991070508939
leaf_count=34 46 38 258 97 56 71 41
internal_value=3.56704e-05 0.002715 0.00712456 0.0100677 -0.00765745 -0.0138213 -0.0154434
internal_weight=155.803 135.046 96.2151 86.9731 38.8308 25.2795 20.7573
internal_count=641 554 393 355 161 105 87
is_linear=0
shrinkage=0.03


Tree=37
num_leaves=9
num_cat=0
split_feature=34 21 34 16 12 13 34 9
split_gain=6.80918 6.65408 7.52837 11.5159 5.83308 3.35685 4.71698 2.9882
threshold=0.034649501004426438 0.018751980248477632 0.006708305952168426 5.8321489513373388 47.868497164021711 -2.6353618235017069 0.013614512925688495 0.061613007891394435
decision_type=2 2 2 2 2 2 2 2
left_child=1 5 4 -4 -3 -1 -7 -2
right_child=7 2 3 -5 -6 6 -8 -9
leaf_value=0.0033436552724896151 -0.0021026529956637971 -0.011452881567808233 0.034307501569721434 0.002336322202985788 0.0077220561687698971 -0.021894346134419446 0.0035902294898299512 -0.026020931626481277
leaf_weight=13.779371753334997 11.14898417890072 23.11854662001133 16.398534372448921 25.80006055533886 30.890355288982391 17.2359923273325 7.761001542210578 9.5466625243425351
leaf_count=57 46 95 67 105 126 72 32 41
internal_value=6.35435e-06 0.00262151 0.00689824 0.0160901 -0.00033385 -0.00743947 -0.0137465 -0.0151176
internal_weight=155.68 134.984 96.2075 42.1986 54.0089 38.7764 24.997 20.6956
internal_count=641 554 393 172 221 161 104 87
is_linear=0
shrinkage=0.03


Tree=38
num_leaves=10
num_cat=0
split_feature=22 31 2 10 11 4 37 25 38
split_gain=5.96866 4.9169 6.46828 5.4041 4.73322 4.14221 3.76693 2.53063 1.09238
threshold=-0.20077946677949268 -1.4999999999999998 0.041001833700092034 -0.0025702423400849046 -0.062667902582118726 -0.032783705356976882 0.0074112561756737314 0.13891441427168164 0.0096396950200652934
decision_type=2 2 2 2 2 2 2 2 2
left_child=4 3 5 -2 -1 -3 -6 -8 -4
right_child=1 2 8 -5 6 -7 7 -9 -10
leaf_value=0.009948520576829975 0 0.0075937689237889237 0.0035670457830020764 0.024679613858541824 0 -0.0085141291834460193 -0.0030733356589243612 -0.026777269588265838 0.02330910689727304
leaf_weight=7.355559214949607 12.694831386208536 17.151752099394798 7.2812035977840415 15.927141383290289 13.007303684949873 50.334540471434593 8.011163607239725 15.640676528215407 8.153124198317526
leaf_count=30 52 71 30 65 53 208 33 66 33
internal_value=1.92176e-06 0.00378918 0 0.0140623 -0.00901734 -0.00410367 -0.0135286 -0.0201988 0.0163337
internal_weight=155.557 111.543 82.9206 28.622 44.0147 67.4863 36.6591 23.6518 15.4343
internal_count=641 459 342 117 182 279 152 99 63
is_linear=0
shrinkage=0.03


Tree=39
num_leaves=12
num_cat=0
split_feature=21 36 38 16 33 16 14 13 0 4 4
split_gain=5.95768 5.56261 8.2142 5.91392 5.41293 10.2673 6.20268 4.25586 3.84785 1.81477 1.67273
threshold=0.018751980248477632 0.0050462768954078283 0.0083020252050671813 39.335473501922934 0.62713814827095249 -7.0768022528479646 172.36539386297957 -2.6353618235017069 0.011519813309336937 -0.015153378190658316 -0.021157512544545006
decision_type=2 2 2 2 2 2 2 2 2 2 2
left_child=7 2 -2 -4 5 -3 -6 9 10 -1 -9
right_child=1 4 3 -5 6 -7 -8 8 -10 -11 -12
leaf_value=-0.0058221369934364723 -0.0077070292445269523 0.0016270527298848439 0.035717467967469697 0.00053581405873116405 0.017389708208447305 -0.028872472899977686 -0.0054578874272911632 -0.007543154857348573 0 0.011747424395480195 -0.031374146815916673
leaf_weight=8.1569760292768496 8.3391024023294467 31.289911404252052 12.714853107929232 7.4151692986488333 22.685335323214531 11.914412438869475 16.207582339644432 8.1025856137275714 10.491677537560461 8.1428776532411558 9.995488256216051
leaf_count=34 34 129 52 30 92 49 67 34 44 34 42
internal_value=1.30056e-05 0.00384889 0.0147998 0.0246553 -3.19061e-05 -0.00735724 0.0077005 -0.00887632 -0.0155681 0.00245999 -0.0232636
internal_weight=155.456 110.566 28.4691 20.13 82.0972 43.2043 38.8929 44.8896 28.5898 16.2999 18.0981
internal_count=641 453 116 82 337 178 159 188 120 68 76
is_linear=0
shrinkage=0.03


Tree=40
num_leaves=10
num_cat=0
split_feature=12 37 37 13 34 21 4 34 11
split_gain=7.63019 9.71367 8.13787 7.07616 5.12089 4.55489 3.55022 3.97112 2.96479
threshold=44.87790787502604 0.053073004093558314 -0.02959602920032017 3.2935688898899973 0.0097892813297230114 0.018899405990501193 -0.036372483425582407 0.019837824880783787 0.045989221017768707
decision_type=2 2 2 2 2 2 2 2 2
left_child=2 3 -1 5 -5 -2 7 -4 -3
right_child=1 8 6 4 -6 -7 -8 -9 -10
leaf_value=0.0087356171631071261 5.9824010362739511e-05 -0.0015649796980190555 -0.016566175835806048 -0.014646532060430923 0.0091044878147117352 0.019631126566435859 -0.029091466450863405 0.0069912715335233282 -0.026864709649323432
leaf_weight=12.381315663456915 16.687075138092041 9.9937688857316989 15.364014431834219 15.619161799550058 12.725341111421583 38.422065556049347 13.91394253075123 7.7376052290201178 7.9712839275598517
leaf_count=50 69 41 64 64 52 157 58 32 35
internal_value=-0.00103325 0.00356812 -0.0105436 0.00802372 -0.00359185 0.0141772 -0.017494 -0.00814996 -0.0151087
internal_weight=150.816 101.419 49.3969 83.4536 28.3445 55.1091 37.0156 23.1016 17.9651
internal_count=622 418 204 342 116 226 154 96 76
is_linear=0
shrinkage=0.03


Tree=41
num_leaves=10
num_cat=0
split_feature=12 37 37 13 34 21 4 34 11
split_gain=7.20833 9.25922 7.74624 6.68362 4.86475 4.28565 3.39799 3.78499 2.84612
threshold=44.87790787502604 0.053073004093558314 -0.02959602920032017 3.2935688898899973 0.007744889025525393 0.018899405990501193 -0.036372483425582407 0.019837824880783787 0.045989221017768707
decision_type=2 2 2 2 2 2 2 2 2
left_child=2 3 -1 5 -5 -2 7 -4 -3
right_child=1 8 6 4 -6 -7 -8 -9 -10
leaf_value=0.0085083709557861719 5.8220876393740858e-05 -0.0015260891019394521 -0.016163346080706492 -0.014939429964731703 0.0081254337292158575 0.019071218241296352 -0.028459162217181914 0.00682054304496607 -0.026388333563299542
leaf_weight=12.384016811847685 16.687187656760216 9.9919894635677355 15.324955776333807 14.617711409926416 13.709732964634894 38.422285363078117 13.84191654622555 7.7433253526687613 7.9087842702865592
leaf_count=50 69 41 64 60 56 157 58 32 35
internal_value=-0.00101837 0.00345084 -0.0102748 0.00779967 -0.00348235 0.0137804 -0.0170758 -0.00792134 -0.0148123
internal_weight=150.632 101.338 49.2942 83.4369 28.3274 55.1095 36.9102 23.0683 17.9008
internal_count=622 418 204 342 116 226 154 96 76
is_linear=0
shrinkage=0.03


Tree=42
num_leaves=9
num_cat=0
split_feature=39 23 3 3 10 3 24 20
split_gain=11.5109 11.8443 6.87452 6.91026 4.37964 2.98945 1.42899 1.24622
threshold=1.0000000180025095e-35 0.77885488409860981 0.041059324964553785 0.067851480566032199 -0.030747366025070052 -0.064627968723906568 -0.23807917228969858 0.028564148375172644
decision_type=2 2 2 2 2 2 2 2
left_child=4 7 5 -4 -1 -3 -6 -2
right_child=1 2 3 -5 6 -7 -8 -9
leaf_value=-0.00055541150518177295 0.025434654494208824 0.0015927414569615014 0.020719953639226921 -0.0088043056706612732 0.0076899559353285707 -0.014619010919017645 0.031358911312089358 0.0048839032958802389
leaf_weight=7.8492000550031689 7.8650431782007244 9.4985509663820249 11.141936466097834 13.078135669231413 7.3591555356979432 75.00386755168438 10.34388835728168 8.2920268625020963
leaf_count=32 32 39 46 54 30 313 42 34
internal_value=-0.0010043 -0.00489976 -0.00860582 0.00475009 0.016463 -0.0126286 0.0240604 0.0174136
internal_weight=150.432 124.88 108.722 24.2201 25.5522 84.5024 17.703 16.1571
internal_count=622 518 452 100 104 352 72 66
is_linear=0
shrinkage=0.03


Tree=43
num_leaves=8
num_cat=0
split_feature=39 23 36 20 10 35 24
split_gain=10.9005 11.2657 8.13343 7.13197 4.18795 3.22009 1.33914
threshold=1.0000000180025095e-35 0.77885488409860981 0.0034678654754766586 0.039796973296002965 -0.030747366025070052 0.027430432568370081 -0.23807917228969858
decision_type=2 2 2 2 2 2 2
left_child=4 5 -3 -4 -1 -2 -6
right_child=1 2 3 -5 6 -7 -8
leaf_value=-0.00054213695949566838 0 0.016250993361485055 -0.013646323135463748 0.011161757818024679 0.0075089717982195978 0.027465386442067849 0.030599583940957041
leaf_weight=7.8491230458021191 7.3386803120374706 8.7785219848155958 90.207844838500023 9.5757255405187589 7.3586446046829286 8.8132629692554456 10.332349136471743
leaf_count=32 30 36 377 39 30 36 42
internal_value=-0.000937037 -0.00473481 -0.00835667 -0.0109457 0.0160602 0.017021 0.0234949
internal_weight=150.254 124.714 108.562 99.7836 25.5401 16.1519 17.691
internal_count=622 518 452 416 104 66 72
is_linear=0
shrinkage=0.03


Tree=44
num_leaves=10
num_cat=0
split_feature=12 37 37 13 34 21 4 34 32
split_gain=6.66347 8.58932 7.12112 6.31862 4.48907 3.91172 3.24768 3.59327 2.19594
threshold=44.87790787502604 0.053073004093558314 -0.02959602920032017 3.2935688898899973 0.0097892813297230114 0.018899405990501193 -0.036372483425582407 0.019837824880783787 0.0049927840461820869
decision_type=2 2 2 2 2 2 2 2 2
left_child=2 3 -1 5 -5 -2 7 -4 -3
right_child=1 8 6 4 -6 -7 -8 -9 -10
leaf_value=0.0081697613200360682 0.00023873188848951102 -0.022174927449540791 -0.015511456139669446 -0.013756185342087146 0.008491534344688724 0.018509519992070091 -0.027513240101578636 0.0068955540372108949 0
leaf_weight=12.383231893181799 16.641177102923393 10.143167972564699 15.230819731950758 15.542421594262125 12.708571225404738 38.324935391545296 13.713620990514757 7.7266072481870642 7.6120033860206595
leaf_count=50 69 44 64 64 52 157 58 32 32
internal_value=-0.000865149 0.003433 -0.00979408 0.00762085 -0.00335257 0.0134439 -0.0163569 -0.00742083 -0.0142202
internal_weight=150.027 100.972 49.0543 83.2171 28.251 54.9661 36.671 22.9574 17.7552
internal_count=622 418 204 342 116 226 154 96 76
is_linear=0
shrinkage=0.03


Tree=45
num_leaves=10
num_cat=0
split_feature=35 16 36 4 10 19 19 10 15
split_gain=5.66328 5.67466 5.04873 8.44716 12.1577 6.36301 5.66718 2.96314 1.11649
threshold=0.056294619725414836 1.0000000180025095e-35 0.0071220746004734565 0.056865128160471408 0.008558131583802699 0.1486246248301781 0.095955460022578473 -0.037163890487199751 85.721594584732728
decision_type=2 2 2 2 2 2 2 2 2
left_child=2 -2 3 4 -1 6 -4 -7 -5
right_child=1 -3 5 8 -6 7 -8 -9 -10
leaf_value=-0.0056896836158482067 -0.026976981200620254 0.00085543059319671073 0.013918077117205425 -0.0078712248716509559 0.020434323853926996 0.0019620655421219201 -0.015859679932494392 0.024820513212620576 -0.027458714154586741
leaf_weight=43.220528185367584 10.660807281732561 11.449489638209341 8.0768379569053668 11.047407865524294 22.560925662517548 9.0786623954772967 11.008944064378737 19.983111724257469 7.5988483279943457
leaf_count=180 46 47 33 45 93 37 46 82 32
internal_value=0.000220701 -0.0130668 0.00270946 -0.00158139 0.00338729 0.0102957 -0.00242189 0.0187487 -0.0184668
internal_weight=154.686 22.1103 132.575 84.4277 65.7815 48.1476 19.0858 29.0618 18.6463
internal_count=641 93 548 350 273 198 79 119 77
is_linear=0
shrinkage=0.03


Tree=46
num_leaves=9
num_cat=0
split_feature=34 21 28 19 33 18 7 33
split_gain=6.50239 5.17803 6.4936 8.20759 5.81602 6.44684 3.08024 2.80497
threshold=0.035075048741410771 0.020493989488635182 5.5000000000000009 0.10920833874592754 0.94326084394153709 0.33914096960164941 0.015814800528282751 0.59080241743260287
decision_type=2 2 2 2 2 2 2 2
left_child=1 2 6 -4 5 -3 -1 -2
right_child=7 4 3 -5 -6 -7 -8 -9
leaf_value=0.012496880598417363 -0.021977083933944968 -0.0015720714469018916 0.0096381817846949904 -0.023949971686807833 -0.012473049757547301 0.01681538008005699 -0.00692778682349127 0
leaf_weight=18.374631017446521 13.223712235689165 23.645352631807327 7.3422747701406506 19.621220782399178 9.0613600462675077 47.423951387405396 8.8179241865873319 7.0530455261468878
leaf_count=76 56 98 30 83 37 194 37 30
internal_value=0.000202602 0.00274926 -0.00415111 -0.0142519 0.00758301 0.0106169 0.005641 -0.0147224
internal_weight=154.563 134.287 54.1561 26.9635 80.1307 71.0693 27.1926 20.2768
internal_count=641 555 226 113 329 292 113 86
is_linear=0
shrinkage=0.03


Tree=47
num_leaves=9
num_cat=0
split_feature=23 36 36 10 10 0 21 24
split_gain=5.92977 5.53148 7.9357 5.07066 6.19123 4.98107 3.84129 0.832186
threshold=0.73466735762735969 0.0071220746004734565 0.0076484048042308852 0.001656772143503016 0.036894904868572727 0.019348665888039299 0.024850935721161236 0.21234324362406654
decision_type=2 2 2 2 2 2 2 2
left_child=-1 3 7 5 -5 -2 -4 -3
right_child=1 2 6 4 -6 -7 -8 -9
leaf_value=0.020264153115606198 -0.017841599096101658 0.028714976455177843 -0.012571018481684784 0.0081486864919428133 -0.012685295916232468 0.0056270933973846795 0.0068241694447422549 0.0078224669574312889
leaf_weight=10.2989095300436 35.195028319954872 9.3158418536186236 15.030552819371222 33.830614387989044 17.910840451717377 8.2576274126768094 17.290860071778297 7.2899510562419882
leaf_count=42 149 38 63 140 74 34 71 30
internal_value=0.00017826 -0.00141214 0.00648292 -0.00567422 0.00045398 -0.0130003 -0.00196517 0.0221761
internal_weight=154.42 144.121 48.9272 95.1941 51.7415 43.4527 32.3214 16.6058
internal_count=641 599 202 397 214 183 134 68
is_linear=0
shrinkage=0.03


Tree=48
num_leaves=7
num_cat=0
split_feature=34 39 35 4 10 14
split_gain=6.07798 4.98407 5.89408 5.69626 3.82999 2.29778
threshold=0.035075048741410771 1.0000000180025095e-35 0.059088980433051448 0.046250930933001706 0.0025832027644142612 -56.146331477372762
decision_type=2 2 2 2 2 2
left_child=1 5 3 -3 -2 -1
right_child=4 2 -4 -5 -6 -7
leaf_value=0.0019232655398483353 -0.023966320762556254 0.0074132911205963339 -0.017676728441145109 -0.0075626164782687782 6.7620020165765901e-05 0.023931965909571716
leaf_weight=9.3176586478948611 11.862450003623964 70.193597048521042 12.678711265325544 30.821429118514061 8.326699957251547 11.046600446105002
leaf_count=38 51 291 54 127 35 45
internal_value=0.000191803 0.00265697 0 0.00264016 -0.0142652 0.0156052
internal_weight=154.247 134.058 113.694 101.015 20.1891 20.3643
internal_count=641 555 472 418 86 83
is_linear=0
shrinkage=0.03


Tree=49
num_leaves=6
num_cat=0
split_feature=34 20 10 28 10
split_gain=5.76714 4.88097 7.0034 9.68995 3.67406
threshold=0.035075048741410771 0.040121431364880729 -0.044568395148382949 7.5000000000000009 0.0025832027644142612
decision_type=2 2 2 2 2
left_child=1 2 -1 -4 -2
right_child=4 -3 3 -5 -6
leaf_value=-0.021657101248847153 -0.023463402759210595 0.017898198285580477 0.010639103615672624 -0.0069026652885834554 6.5983380534564371e-05
leaf_weight=9.6566673964261991 11.797073200345041 14.499468773603438 61.236832916736603 48.634923383593559 8.3267615437507612
leaf_count=41 51 59 253 202 35
internal_value=0.000179848 0.0025813 0.000335869 0.00275554 -0.0139237
internal_weight=154.152 134.028 119.528 109.872 20.1238
internal_count=641 555 496 455 86
is_linear=0
shrinkage=0.03


Tree=50
num_leaves=12
num_cat=0
split_feature=37 7 33 4 18 8 0 28 34 15 34
split_gain=7.74478 7.13046 13.0052 5.85844 6.32241 6.16227 5.44158 4.34122 3.75506 1.44933 1.23068
threshold=0.015436339371304621 -0.014165135897012083 0.53173861949529944 -0.037701255033237228 0.77072394499768559 0.080001785686266882 0.0039983019206414347 5.5000000000000009 0.02841439381710165 -86.466495538163727 0.0080875021442676793
decision_type=2 2 2 2 2 2 2 2 2 2 2
left_child=1 8 -3 10 7 -6 -4 -5 9 -1 -2
right_child=3 2 6 4 5 -7 -8 -9 -10 -11 -12
leaf_value=0.0075895382853814796 -0.031063440569127607 -0.025849002013296041 0.019088363259238277 0.017068655743520192 -0.02256454608308326 0.0036532773059039466 -0.0037140124368353201 -0.0026208849818389517 0 0.029678913017565846 -0.0077099291942552307
leaf_weight=8.0082489401102119 7.800777852535246 11.89786736667156 17.568509429693222 14.651845484971998 18.453978270292286 11.077637076377867 15.383505240082739 21.878241360187531 7.7666999846696845 13.213429406285284 7.4954743683338165
leaf_count=33 33 50 72 61 77 46 63 92 32 54 33
internal_value=-0.000626054 0.00621531 -0.00107317 -0.00701518 -0.00260229 -0.0126463 0.00841062 0.00536315 0.0173173 0.0233608 -0.0227018
internal_weight=155.196 73.8383 44.8499 81.358 66.0617 29.5316 32.952 36.5301 28.9884 21.2217 15.2963
internal_count=646 304 185 342 276 123 135 153 119 87 66
is_linear=0
shrinkage=0.03


Tree=51
num_leaves=10
num_cat=0
split_feature=40 11 38 23 5 15 23 7 36
split_gain=5.18229 8.25449 7.54028 8.73098 7.16305 5.40744 8.71798 9.31794 3.69688
threshold=0.00059720521097250689 -0.062667902582118726 0.0073732491641723642 0.92946302890550003 0.1369689769374374 15.358133599847099 1.1254991437243669 -0.014165135897012083 0.0063686658033927151
decision_type=2 2 2 2 2 2 2 2 2
left_child=5 -2 3 -3 -4 6 7 -1 -7
right_child=1 2 4 -5 -6 8 -8 -9 -10
leaf_value=0.0098294553106804631 0.021206203466486724 0.026209486536602763 -0.017497338547392688 -0.0067046909076522712 0.0067174415581310589 0.028892905754750536 0.020079512037495976 -0.02574073391908915 0.0031063914443462282
leaf_weight=9.2107630670070648 7.8245492279529563 9.3186873644590396 53.958076015114784 17.474601671099663 11.537841245532034 10.533377856016161 9.6637663543224317 13.81257101893425 11.701820373535154
leaf_count=38 32 38 226 75 48 43 40 58 48
internal_value=-0.000615721 -0.00473737 -0.00749918 0.00524726 -0.0129367 0.00653628 -0.00094066 -0.0112627 0.0173173
internal_weight=155.036 100.114 92.2892 26.7933 65.4959 54.9223 32.6871 23.0233 22.2352
internal_count=646 419 387 113 274 227 136 96 91
is_linear=0
shrinkage=0.03


Tree=52
num_leaves=14
num_cat=0
split_feature=37 26 7 33 0 34 10 4 17 8 20 9 40
split_gain=7.06886 7.14587 6.5331 12.0017 5.14145 3.54749 3.1818 5.42371 2.88805 7.8702 1.49307 1.26058 1.12459
threshold=0.015436339371304621 0.29971751412429387 -0.014165135897012083 0.53173861949529944 0.0039983019206414347 0.02841439381710165 0.00977937412496044 0.056865128160471408 1.2743215422869485 -0.012947705315656885 0.03413622109297617 0.023978229622685619 0.042637207193489186
decision_type=2 2 2 2 2 2 2 2 2 2 2 2 2
left_child=2 8 5 -4 -5 10 12 -8 9 -2 -1 -10 -3
right_child=1 6 3 4 -6 -7 7 -9 11 -11 -12 -13 -14
leaf_value=0.028220453422721704 -0.026254772297182011 0 -0.024929946897890999 0.018479790808112545 -0.0036841220820675157 0 0.021560436802431724 -0.0049678168531600052 -0.0080768931259103203 0.0058019842173161447 0.0060204726482062472 -0.030316165639530136 -0.014446057559418668
leaf_weight=13.9958046078682 8.9487207531929034 7.0943553447723371 11.792783603072165 17.525990888476372 15.367980346083639 7.7713340967893592 12.60877011716366 10.671256169676779 7.8468335121870068 15.847156211733816 7.2344402223825446 10.954128950834273 7.1614517271518707
leaf_count=57 38 30 50 72 63 32 52 45 33 66 30 47 31
internal_value=-0.000558734 -0.00667698 0.00597785 -0.00100677 0.00807734 0.0165945 0.00255676 0.0093759 -0.0147194 -0.00630348 0.0224709 -0.0234245 -0.00743977
internal_weight=154.821 81.1327 73.6883 44.6868 32.894 29.0016 37.5358 23.28 43.5968 24.7959 21.2302 18.801 14.2558
internal_count=646 342 304 185 135 119 158 97 184 104 87 80 61
is_linear=0
shrinkage=0.03


Tree=53
num_leaves=14
num_cat=0
split_feature=37 26 7 33 0 34 10 4 25 8 1 4 40
split_gain=6.73061 6.81237 6.2083 11.4213 4.88284 3.37478 3.01599 5.14761 2.79191 3.58862 1.95518 1.25012 1.08063
threshold=0.015436339371304621 0.29971751412429387 -0.014165135897012083 0.53173861949529944 0.0039983019206414347 0.02841439381710165 0.00977937412496044 0.056865128160471408 0.31287650602409645 0.029637660535712509 -0.019771259614473177 0.037430611234809848 0.042637207193489186
decision_type=2 2 2 2 2 2 2 2 2 2 2 2 2
left_child=2 8 5 -4 -5 10 12 -8 9 -2 -1 -10 -3
right_child=1 6 3 4 -6 -7 7 -9 11 -11 -12 -13 -14
leaf_value=0.0089336621258339841 0.0010922563525149211 0 -0.024397568776078217 0.018003805646859213 -0.00358627083381175 0 0.020975607375714109 -0.0048457642258965712 -0.0329867460433345 -0.018926687543729032 0.031631579279596228 -0.0087235230680861968 -0.014143549462527929
leaf_weight=11.420227810740474 16.884282842278484 7.0943553447723371 11.733157977461813 17.502887979149818 15.368240267038344 7.7713340967893592 12.626985937356951 10.662348285317419 7.9482811391353589 11.228097498416899 9.8221058249473572 7.4178956300020218 7.1383146196603775
leaf_count=47 72 30 50 72 63 32 52 45 34 47 40 31 31
internal_value=-0.000557831 -0.00653545 0.00581977 -0.000991683 0.00785289 0.0161637 0.00246977 0.00911258 -0.0144036 -0.00713121 0.021893 -0.0244912 -0.00725948
internal_weight=154.619 81.0006 73.618 44.6043 32.8711 29.0137 37.522 23.2893 43.4786 28.1124 21.2423 15.3662 14.2327
internal_count=646 342 304 185 135 119 158 97 184 119 87 65 61
is_linear=0
shrinkage=0.03


Tree=54
num_leaves=9
num_cat=0
split_feature=26 11 13 38 23 40 0 21
split_gain=4.69911 5.8985 6.23737 6.1135 8.01677 5.60214 4.54572 2.60459
threshold=0.49207019182412537 -0.060134113034657315 -1.6240421513511476 0.0073522421485820453 0.94879412347177772 0.0068424973586019852 -0.00049616200225321972 0.020297890222689761
decision_type=2 2 2 2 2 2 2 2
left_child=1 2 -1 4 -3 -5 -2 -8
right_child=6 3 -4 5 -6 -7 7 -9
leaf_value=0.029724222215866902 0.021751865512009472 0.023171182483839987 -0.0017692277612915391 -5.2458583566137794e-05 -0.0080438365826279029 -0.016381999297305876 -0.012366959468176349 0.0095384962098917607
leaf_weight=7.2906655222177532 12.988600537180902 11.435874894261362 11.914865329861639 33.369795605540276 13.951115965843199 48.136899694800377 7.5211058706045133 7.8126533925533295
leaf_count=30 54 47 49 139 60 203 32 32
internal_value=-0.000554662 -0.00315101 0.0111546 -0.0060167 0.00613492 -0.0100375 0.00995572 -0.000527824
internal_weight=154.422 126.099 19.2055 106.894 25.387 81.5067 28.3224 15.3338
internal_count=646 528 79 449 107 342 118 64
is_linear=0
shrinkage=0.03


Tree=55
num_leaves=10
num_cat=0
split_feature=33 31 2 16 16 11 24 37 24
split_gain=6.8487 8.99353 8.1132 7.82863 6.49041 5.49988 3.13025 1.4281 0.00330248
threshold=0.30990923242365226 -1.4999999999999998 0.03609215169567926 23.166669878967841 -69.413434876819153 0.012422387627501698 0.27553287981859415 0.02786756370532684 -0.41096461949265678
decision_type=2 2 2 2 2 2 2 2 2
left_child=4 7 3 -3 -1 -4 8 -2 -6
right_child=1 2 5 -5 6 -7 -8 -9 -10
leaf_value=0.0055723476496776754 0.026763003586034506 0 -0.0029314188391205364 -0.021043488138577923 -0.028089901236805149 0.021673893809834897 0 0.0048769726051593933 -0.01248078900905064
leaf_weight=12.034031122922896 11.073685944080355 41.51559029519558 12.46206806600094 22.78637233376503 13.888570353388788 16.038412034511566 7.762326940894126 7.1327520906925193 10.170430824160578
leaf_count=50 46 175 51 95 59 67 33 30 43
internal_value=-0.00182305 0.00205754 -0.00170788 -0.00769931 -0.0116342 0.0109365 -0.0185295 0.0202624 -0.0235314
internal_weight=154.864 111.009 92.8024 64.302 43.8554 28.5005 31.8213 18.2064 24.059
internal_count=649 464 388 270 185 118 135 76 102
is_linear=0
shrinkage=0.03


Tree=56
num_leaves=9
num_cat=0
split_feature=33 31 17 16 0 22 24 37
split_gain=6.53094 8.56404 7.08273 6.2037 4.97288 4.12843 1.59705 1.37442
threshold=0.30990923242365226 -1.4999999999999998 -6.3527573390659944 -69.413434876819153 -0.0065377286246015012 0.23327382154285972 0.040179372197309424 0.022854298344951899
decision_type=2 2 2 2 2 2 2 2
left_child=3 7 -3 -1 -4 6 -5 -2
right_child=1 2 4 5 -6 -7 -8 -9
leaf_value=0.0054269623998443256 0.027664087784551782 -0.020050718695210495 0.018745656356927019 -0.031433120344072814 -0.0012360794329506948 -0.0007017745246903096 -0.0079002258865184648 0.0065141784854082412
leaf_weight=12.039223074913023 9.3466502875089663 13.847551703453062 11.181355655193327 13.822029858827596 67.753598019480705 10.376750752329825 7.5185445994138709 8.8396287858486158
leaf_count=50 39 58 46 59 284 44 32 37
internal_value=-0.00177002 0.00201492 -0.00165519 -0.0113651 0.00180234 -0.0181278 -0.0251722 0.019791
internal_weight=154.725 110.969 92.7825 43.7565 78.935 31.7173 21.3406 18.1863
internal_count=649 464 388 185 330 135 91 76
is_linear=0
shrinkage=0.03


Tree=57
num_leaves=9
num_cat=0
split_feature=2 31 8 35 11 2 4 22
split_gain=5.69477 7.51045 9.22095 6.58837 6.45104 4.62698 4.15017 3.87168
threshold=0.03609215169567926 -1.4999999999999998 -0.015144097647085521 -0.073896169488852623 -0.024452530886257092 0.055184923051664121 0.046250930933001706 0.12153906331488663
decision_type=2 2 2 2 2 2 2 2
left_child=1 2 7 -3 -2 -6 -5 -1
right_child=4 3 -4 6 5 -7 -8 -9
leaf_value=-0.016369562385614305 -0.010804834316652584 0.014326936140169576 0.022790794123018404 -0.0072506537302628807 0.030494245034093488 0.0019127385834387851 -0.023528916637326307 0.006696343655700346
leaf_weight=12.03168196976185 7.817884266376498 7.3400866389274588 15.39077904820442 60.311995655298233 10.543227076530458 11.116958901286123 20.402464970946312 9.5922778695821744
leaf_count=51 32 30 64 256 44 46 86 40
internal_value=-0.00172028 -0.00461017 0.0062613 -0.00938424 0.00957825 0.0178606 -0.0120161 -0.00580202
internal_weight=154.547 125.069 37.0147 88.0545 29.4781 21.6602 80.7145 21.624
internal_count=649 527 155 372 122 90 342 91
is_linear=0
shrinkage=0.03


Tree=58
num_leaves=12
num_cat=0
split_feature=33 4 24 2 4 22 24 22 23 24 35
split_gain=6.08547 7.19434 5.76042 6.29316 4.56682 4.55134 4.66873 3.84395 3.70571 2.47129 2.22621
threshold=0.30990923242365226 -0.029789050792113855 0.034523809523809533 0.038711846244189226 0.046250930933001706 0.31525308246214462 -0.41096461949265678 -0.19466052740264025 0.93390855463063949 -0.48874999999999996 0.028409734978965377
decision_type=2 2 2 2 2 2 2 2 2 2 2
left_child=1 5 7 4 -4 6 -1 9 -9 -2 -5
right_child=2 -3 3 10 -6 -7 -8 8 -10 -11 -12
leaf_value=-0.022534031759435753 -0.013862692805735004 -0.031463090120085711 -0.0022535015211041518 -0.00035854327187759163 -0.022947011964682091 0.014312908028326051 0.00087838337688839966 0.024670208126945467 0.0039255036491532029 0.007311541892112171 0.018665797554385011
leaf_weight=11.222670510411261 7.1349129676818839 9.6729011535644513 28.986243858933449 7.7406074255704906 14.417296439409254 7.5158855915069571 15.186361685395243 16.102533936500549 18.750163689255714 8.2292612195014936 9.4382698535919172
leaf_count=48 30 42 122 32 61 31 64 67 78 35 39
internal_value=-0.00165775 -0.010942 0.0019917 -0.00401939 -0.0101656 -0.00324744 -0.00942883 0.00940702 0.0147356 -0.00212177 0.0101681
internal_weight=154.397 43.5978 110.799 60.5824 43.4035 33.9249 26.409 50.2169 34.8527 15.3642 17.1789
internal_count=649 185 464 254 183 143 112 210 145 65 71
is_linear=0
shrinkage=0.03


Tree=59
num_leaves=10
num_cat=0
split_feature=33 31 10 2 4 11 38 23 37
split_gain=5.78355 7.61146 7.36452 6.94522 8.21388 4.93895 4.21194 3.56064 1.36465
threshold=0.30990923242365226 -1.4999999999999998 -0.061049773338773143 0.03609215169567926 0.046250930933001706 0.012422387627501698 0.0083855264009464556 0.94879412347177772 0.022854298344951899
decision_type=2 2 2 2 2 2 2 2 2
left_child=2 8 -1 4 -3 -5 7 -4 -2
right_child=1 3 6 5 -6 -7 -8 -9 -10
leaf_value=0.008492109536182969 0.026500336476556852 0.00029596014219786124 0.0068932736439140975 -0.0029388867131335586 -0.021557688896741138 0.020323177210296733 -0.027854849925579642 -0.018043900986030512 0.0058123023663771188
leaf_weight=11.066039383411406 9.2738570570945758 43.036442175507545 8.5003355890512484 12.449260696768762 21.044236555695534 16.080048754811287 16.392463341355324 7.5275484174489966 8.853071376681326
leaf_count=46 39 181 36 51 89 67 70 33 37
internal_value=-0.00161643 0.00193699 -0.0106822 -0.00151646 -0.00708908 0.0101535 -0.0177759 -0.00468898 0.0187233
internal_weight=154.223 110.737 43.4864 92.61 64.0807 28.5293 32.4203 16.0279 18.1269
internal_count=649 464 185 388 270 118 139 69 76
is_linear=0
shrinkage=0.03


Tree=60
num_leaves=9
num_cat=0
split_feature=20 32 37 36 20 19 37 9
split_gain=8.13928 6.34716 6.378 5.94686 11.7137 6.37455 2.15754 1.28571
threshold=0.039796973296002965 0.0098646773938976268 0.00059368055832698119 0.0055173634771088402 0.028728622518129476 0.14744205152205522 -0.0048085027362669277 0.08744841007851234
decision_type=2 2 2 2 2 2 2 2
left_child=1 3 -3 4 -1 -5 -2 -4
right_child=6 2 7 5 -6 -7 -8 -9
leaf_value=-0.0046532514011576355 0.0033783712126213851 0.0065035579317544254 -0.026907790894742972 -0.012748639807832847 0.025194075604825568 0.0060199541086998539 0.026827758790318328 -0.0062428341103524113
leaf_weight=22.391692861914635 8.3053064942359942 8.2203488349914569 14.868995338678362 34.617390677332878 20.555058240890503 26.475224614143372 9.909069210290907 7.5954761356115332
leaf_count=97 34 34 63 146 85 111 41 32
internal_value=0.000428027 -0.00210636 -0.0136865 0.00136129 0.00978387 -0.0044443 0.0182696 -0.0216154
internal_weight=152.939 134.724 30.6848 104.039 42.9468 61.0926 18.2144 22.4645
internal_count=643 568 129 439 182 257 75 95
is_linear=0
shrinkage=0.03


Tree=61
num_leaves=9
num_cat=0
split_feature=11 25 4 33 13 13 5 23
split_gain=5.20941 6.90462 5.0435 4.54387 3.28164 5.62232 2.10435 0.967032
threshold=0.087102738762225421 0.24683418286078371 0.095784718002791883 0.2919919538980103 2.7271514201533695 0.22285947158068356 0.10533608531712348 0.93390855463063949
decision_type=2 2 2 2 2 2 2 2
left_child=1 2 3 -1 5 -3 -2 -6
right_child=6 4 -4 -5 7 -7 -8 -9
leaf_value=0 -0.020238118219145267 -0.0053496698717030245 -0.010981750799637733 0.017760593267828553 -0.0024029472223393755 0.018359275474078788 0 -0.017992060675753287
leaf_weight=20.379483267664909 11.766224578022959 32.625479638576508 7.470670372247695 40.892461910843849 8.8795611113309878 10.104426190257071 7.5394941568374625 13.113428384065626
leaf_count=86 52 137 31 170 37 42 32 56
internal_value=0.000422141 0.00267807 0.00924277 0.0122149 -0.00413758 0.000491698 -0.0132571 -0.0130482
internal_weight=152.771 133.466 68.7426 61.2719 64.7229 42.7299 19.3057 21.993
internal_count=643 559 287 256 272 179 84 93
is_linear=0
shrinkage=0.03


Tree=62
num_leaves=9
num_cat=0
split_feature=20 32 37 36 20 19 17 37
split_gain=7.69504 6.01508 6.08858 5.6122 11.0442 6.08055 2.09677 2.04726
threshold=0.039796973296002965 0.0098646773938976268 0.00059368055832698119 0.0055173634771088402 0.028728622518129476 0.14744205152205522 2.6035222584626863 -0.0048085027362669277
decision_type=2 2 2 2 2 2 2 2
left_child=1 3 -3 4 -1 -5 -4 -2
right_child=7 2 6 5 -6 -7 -8 -9
leaf_value=-0.0045299270760837699 0.0032236173728866489 0.0063286269393617754 -0.0035961181439503882 -0.012463690186057034 0.024454001428329604 0.0058684966754692907 -0.027089186712138488 0.026121279135212436
leaf_weight=22.349192321300507 8.2994437813758868 8.2162750363349932 7.1117738038301495 34.548894464969635 20.548892378807068 26.479524672031403 15.252111762762068 9.8698429465293867
leaf_count=97 34 34 30 146 85 111 65 41
internal_value=0.00039119 -0.00207132 -0.0133657 0.00130004 0.00949062 -0.00433776 -0.0211425 0.0177625
internal_weight=152.676 134.507 30.5802 103.927 42.8981 61.0284 22.3639 18.1693
internal_count=643 568 129 439 182 257 95 75
is_linear=0
shrinkage=0.03


Tree=63
num_leaves=9
num_cat=0
split_feature=20 32 22 10 21 23 16 32
split_gain=7.34051 5.71556 4.89496 5.47648 3.19994 2.32269 2.16729 1.42266
threshold=0.039796973296002965 0.0098646773938976268 -0.26030280935690436 0.0059781107576711854 0.023547088654052913 1.0566239799139068 22.732439013545342 -0.0043002229848692055
decision_type=2 2 2 2 2 2 2 2
left_child=1 2 7 -4 5 -3 -2 -1
right_child=6 4 3 -5 -6 -7 -8 -9
leaf_value=0 0.025661630467238131 0.0037583522493122162 -0.0029394375680213167 0.011894698728639677 -0.02429413144182449 -0.01544505938937704 0.002418655298908804 -0.016855797750971378
leaf_weight=7.7450065016746548 10.098255783319475 11.64237123727799 40.844677999615669 43.059356644749641 11.80532495677471 7.0496649593114844 8.0353296250104886 12.214962363243101
leaf_count=33 42 49 174 180 50 30 33 52
internal_value=0.000386793 -0.00201652 0.00126495 0.00459848 -0.0130438 -0.00355208 0.0173706 -0.0112075
internal_weight=152.495 134.361 103.864 83.904 30.4974 18.692 18.1336 19.96
internal_count=643 568 439 354 129 79 75 85
is_linear=0
shrinkage=0.03


Tree=64
num_leaves=9
num_cat=0
split_feature=20 35 20 35 18 33 21 16
split_gain=7.01664 6.76243 6.97676 7.40721 6.50469 6.88906 6.0889 2.05977
threshold=0.039796973296002965 1.0000000180025095e-35 0.0292454491629533 0.05685331462893662 0.61440835300286345 0.36674755701922918 0.027940470451488539 22.732439013545342
decision_type=2 2 2 2 2 2 2 2
left_child=1 4 3 -3 5 -1 -4 -2
right_child=7 2 6 -5 -6 -7 -8 -9
leaf_value=-0.01273144263468241 0.025101410994800778 0.0016649012618998554 0.018406083119783662 -0.023146802375409864 -0.026796719225682119 0.016441863455836044 -0.0079250537165785947 0.0023608832673192967
leaf_weight=18.420602545142177 10.059150770306589 42.308678150177002 29.520406484603882 12.072260931134222 14.407424226403235 9.1631583720445615 8.3649489432573301 8.0339599102735502
leaf_count=80 42 178 123 53 61 38 35 33
internal_value=0.000365085 -0.00198183 0.00245121 -0.00420281 -0.011732 -0.00207684 0.0121103 0.0169904
internal_weight=152.351 134.257 92.2663 54.3809 41.9912 27.5838 37.8854 18.0931
internal_count=643 568 389 231 179 118 158 75
is_linear=0
shrinkage=0.03


Tree=65
num_leaves=11
num_cat=0
split_feature=22 23 25 40 24 16 22 34 28 14
split_gain=6.64417 4.89513 4.67473 6.17299 4.70551 4.12642 5.28462 4.64482 0.599713 0.234837
threshold=-0.14189328151402278 0.80429097770231539 0.16424306287319987 0.00059720521097250689 -0.1841870326972436 17.417497794198429 0.1011203539876764 -0.016605458018165261 6.5000000000000009 125.28887092063452
decision_type=2 2 2 2 2 2 2 2 2 2
left_child=2 8 4 -4 -1 7 -7 -3 -2 -5
right_child=1 5 3 9 -6 6 -8 -9 -10 -11
leaf_value=-0.010536591729440737 0.02685519430266152 -0.0063494954928768679 5.5515549171547097e-05 -0.031893536930219596 0.017040502211953711 0.0062214183004146405 -0.017479031591043217 0.011617483535886295 0.0076010198529695618 -0.011418995923216716
leaf_weight=8.5524091124534625 7.7560760974884015 15.113889679312704 12.551103681325914 9.3924134969711321 9.321579381823538 13.491004154086115 15.747323796153067 45.82458408176899 7.6373507231473923 7.1609438210725775
leaf_count=36 32 64 53 41 39 56 66 195 32 31
internal_value=0.0011838 0.00542308 -0.0078689 -0.0150186 0.00335811 0.00236618 -0.00636494 0.00686284 0.0201372 -0.0260305
internal_weight=152.549 105.57 46.9784 29.1045 17.874 90.1768 29.2383 60.9385 15.3934 16.5534
internal_count=645 445 200 125 75 381 122 259 64 72
is_linear=0
shrinkage=0.03


Tree=66
num_leaves=8
num_cat=0
split_feature=23 1 3 28 36 28 36
split_gain=5.37674 6.83196 5.62757 7.22039 6.32726 2.1528 1.29361
threshold=0.78902600991995719 0.034907897354209079 -0.041172271171613144 7.5000000000000009 0.0039385476318963518 7.5000000000000009 0.0065817846364864411
decision_type=2 2 2 2 2 2 2
left_child=5 2 3 -2 -4 -1 -3
right_child=1 6 4 -5 -6 -7 -8
leaf_value=0.024485457301380398 -0.0073117439492958727 0.021058431312392756 0.014976029332070311 0.021919706979706997 -0.010274531578013448 0.0017378513580385223 0.0034794081481953811
leaf_weight=9.4115509539842623 12.572199389338495 10.387031063437464 7.7971658855676642 13.341506645083426 80.295734688639641 8.3666593879461271 10.279943406581877
leaf_count=39 53 43 33 56 343 35 43
internal_value=0.00114545 -0.00088178 -0.00391438 0.00769275 -0.00759025 0.0157968 0.0140547
internal_weight=152.452 134.674 114.007 25.9137 88.0929 17.7782 20.667
internal_count=645 571 485 109 376 74 86
is_linear=0
shrinkage=0.03


Tree=67
num_leaves=11
num_cat=0
split_feature=22 32 20 17 32 1 2 9 34 10
split_gain=6.25439 6.1586 6.65877 5.64487 5.47999 5.10175 3.78072 3.46681 3.26547 2.5252
threshold=-0.14189328151402278 -0.0099403070743492843 0.028038745151274944 -5.6198735534792084 -0.0095391063725753771 0.021603524744114092 0.0071515410093954132 -0.0015130499130795415 0.016033519564314428 0.026741522293894485
decision_type=2 2 2 2 2 2 2 2 2 2
left_child=4 2 -2 8 -1 9 -5 -4 -3 -6
right_child=1 3 7 6 5 -7 -8 -9 -10 -11
leaf_value=0.010719366805410224 -0.027597225016560679 0.034566081251986333 -0.0069706074684571908 -0.0041850625316424278 -0.024895721383532441 0.0048040800216951869 0.010297629199783647 0.016382572095295575 0.0041767373755397927 -0.0034178018305159818
leaf_weight=9.1601294130086881 7.328021481633189 9.4626161903142947 11.048984438180927 23.445465296506882 18.93832336366177 9.0594164878129941 39.395025417208672 7.7937591522932026 6.9909144490957251 9.6880887597799283
leaf_count=39 32 40 46 100 82 38 165 32 30 41
internal_value=0.00114799 0.00526322 -0.00667145 0.00945396 -0.00764572 -0.0128029 0.00470045 0.00261422 0.0243189 -0.0188146
internal_weight=152.311 105.465 26.1708 79.294 46.846 37.6858 62.8405 18.8427 16.4535 28.6264
internal_count=645 445 110 335 200 161 265 78 70 123
is_linear=0
shrinkage=0.03


Tree=68
num_leaves=11
num_cat=0
split_feature=22 23 11 20 25 40 24 34 28 13
split_gain=5.91314 4.47759 5.59117 4.96284 4.41967 5.94643 4.41352 3.76144 0.541118 0.0282751
threshold=-0.14189328151402278 0.80429097770231539 0.072397168740317222 0.028284441919066646 0.16424306287319987 0.00059720521097250689 -0.1841870326972436 0.02515875105011223 6.5000000000000009 -1.2434154439372269
decision_type=2 2 2 2 2 2 2 2 2 2
left_child=4 8 7 -4 6 -6 -1 -3 -2 -7
right_child=1 2 3 -5 5 9 -8 -9 -10 -11
leaf_value=-0.010018616292330312 0.025690629558572431 0.009415219902520389 -0.026484354527936783 0.0032204198434380073 0.00032410175572355305 -0.012572104758871135 0.016693604486653461 -0.0059985115773612228 0.0071712255436737629 -0.031632473323364614
leaf_weight=8.5155353397130984 7.6912395954132062 58.230929434299469 8.3285865783691388 7.6490986347198477 12.512045949697496 8.2220199704170245 9.3169519901275617 15.898060709238051 7.6206821501255035 8.1911521852016431
leaf_count=36 32 243 38 32 53 36 39 68 32 36
internal_value=0.00111956 0.0051222 0.00219587 -0.012653 -0.00743699 -0.0144277 0.00345744 0.00584174 0.0192333 -0.0253017
internal_weight=152.176 105.419 90.1067 15.9777 46.7577 28.9252 17.8325 74.129 15.3119 16.4132
internal_count=645 445 381 70 200 125 75 311 64 72
is_linear=0
shrinkage=0.03


Tree=69
num_leaves=11
num_cat=0
split_feature=22 32 20 32 18 32 11 11 36 19
split_gain=5.62478 5.81223 6.27612 5.1437 4.68271 4.57489 4.85164 4.07128 3.19905 2.27028
threshold=-0.14189328151402278 -0.0099403070743492843 0.028038745151274944 -0.0095391063725753771 0.87696977877766658 0.0098646773938976268 0.087102738762225421 0.0078065715730045735 0.00760446360765783 0.17416830388109489
decision_type=2 2 2 2 2 2 2 2 2 2
left_child=3 2 -2 -1 9 6 -3 -4 -7 -5
right_child=1 5 7 4 -6 8 -8 -9 -10 -11
leaf_value=0.01049068859249316 -0.027029978376902807 0.018521932487813947 -0.010015195284089319 -0.024384955916641169 0.0058684414285692984 0.0054232761483844786 -0.0055785246185394459 0.015103631489788895 -0.015166816745104313 -0.0049045981524125431
leaf_weight=9.1505081355571729 7.2573401033878353 41.336936146020889 9.1709940880537051 17.430384099483494 7.8332937955856314 23.61426213383675 7.0581758171319953 9.6607250571250898 7.2412387728691092 12.24757634103298
leaf_count=39 32 174 38 76 33 99 31 40 31 52
internal_value=0.00107736 0.00498343 -0.0066213 -0.00727481 -0.0122998 0.00905723 0.0146275 0.00236368 0 -0.0176365
internal_weight=152.001 105.34 26.0891 46.6618 37.5113 79.2506 48.3951 18.8317 30.8555 29.678
internal_count=645 445 110 200 161 335 205 78 130 128
is_linear=0
shrinkage=0.03


Tree=70
num_leaves=9
num_cat=0
split_feature=22 34 14 11 14 11 40 34
split_gain=4.63722 4.97041 5.38189 4.95431 4.73711 4.65226 4.22931 3.8417
threshold=-0.31687961295802741 0.024396315883857048 -45.19191212872601 0.072397168740317222 41.788640089120697 0.049562494866996605 0.00059720521097250689 0.0029827539570029819
decision_type=2 2 2 2 2 2 2 2
left_child=6 3 -3 5 -4 -2 -1 -5
right_child=1 2 4 7 -6 -7 -8 -9
leaf_value=0.0038466222223085041 0.0067377853672899125 -0.022909143164227416 0.01956714001863941 -0.021309845285350723 -0.0071040856831106986 0.028489453263405743 -0.021569277414658382 0.0044726900816711764
leaf_weight=7.88614094257355 73.880342423915863 9.5820220708847064 7.0568157285451916 7.0957995951175716 15.119218215346335 9.3485087752342206 11.794040784239767 9.2668068557977659
leaf_count=33 309 41 30 30 66 39 52 40
internal_value=0.00145009 0.00361011 -0.00621288 0.00695079 0.00167933 0.0099682 -0.0112775 -0.00699449
internal_weight=151.03 131.35 31.7581 99.5915 22.176 83.2289 19.6802 16.3626
internal_count=640 555 137 418 96 348 85 70
is_linear=0
shrinkage=0.03


Tree=71
num_leaves=7
num_cat=0
split_feature=20 15 32 34 4 32
split_gain=5.07128 5.66678 4.42795 3.95589 3.17652 0.832373
threshold=0.042797401239638565 -90.520558159606921 -0.017385106302010508 0.02515875105011223 -0.048651144917462912 0.006064037247706878
decision_type=2 2 2 2 2 2
left_child=1 4 -3 -4 -1 -6
right_child=-2 2 3 -5 5 -7
leaf_value=0 0.020043975193581528 -0.014633257404125665 0.0078377712388919916 -0.005222205106310154 -0.028018485003829686 -0.006951602125753323
leaf_weight=10.280157238245012 10.107232511043547 9.7421119511127454 81.33165767788887 24.856935977935791 7.4892380535602552 7.0938782840967178
leaf_count=44 42 41 342 109 32 30
internal_value=0.00140366 -9.14332e-05 0.00263762 0.00460198 -0.0126237 -0.0207495
internal_weight=150.901 140.794 115.931 106.189 24.8633 14.5831
internal_count=640 598 492 451 106 62
is_linear=0
shrinkage=0.03


Tree=72
num_leaves=9
num_cat=0
split_feature=19 14 5 4 20 26 19 11
split_gain=5.25737 5.93389 5.45518 5.2248 4.90675 4.41009 3.37126 1.6817
threshold=0.24663357200675085 -51.186304134327195 0.072324797529041654 -0.043987992979155892 0.025591358537907078 0.11489917307413319 0.14744205152205522 -0.021772319457260599
decision_type=2 2 2 2 2 2 2 2
left_child=1 4 3 -3 -1 -6 -4 -2
right_child=7 2 6 -5 5 -7 -8 -9
leaf_value=0.0081065096208023379 0.0027914496454666845 -0.0085274154548557034 -0.018582634233529984 0.01184490343796646 0.00055637643748176438 -0.02388951354192545 0.00016621043658233004 0.023263960453078845
leaf_weight=7.0804169028997412 8.8365604281425494 11.752198621630667 11.278884753584864 54.485661134123802 7.7713660448789623 19.610362380743027 20.236709281802177 9.7595509737730008
leaf_count=30 37 51 48 230 33 84 86 41
internal_value=0.00134378 -0.000733731 0.00294462 0.00786655 -0.0111681 -0.0168753 -0.00680461 0.0154798
internal_weight=150.812 132.216 97.7535 66.2379 34.4621 27.3817 31.5156 18.5961
internal_count=640 562 415 281 147 117 134 78
is_linear=0
shrinkage=0.03


Tree=73
num_leaves=9
num_cat=0
split_feature=19 14 40 35 20 23 38 32
split_gain=5.01629 5.58477 6.78094 5.39081 4.6758 4.46943 3.76824 3.19046
threshold=0.24663357200675085 -51.186304134327195 0.0064298353426528463 0.025770323971595403 0.025591358537907078 0.80429097770231539 0.008623804885232093 0.0035625969974764087
decision_type=2 2 2 2 2 2 2 2
left_child=1 4 3 -3 -1 -4 -2 -6
right_child=6 2 5 -5 7 -7 -8 -9
leaf_value=0.0079073313282098275 0 -0.0015037052194530871 0.014253197037122183 0.021288639074777543 -0.02428574758577846 -0.0065154673633309144 0.025122092275380956 -0.0018402103847832635
leaf_weight=7.091214418411254 7.7550858110189465 12.766429483890532 8.9751965254545194 22.650666475296021 16.237426355481151 53.322633802890778 10.831257075071333 11.054174348711966
leaf_count=30 33 53 37 96 70 229 45 47
internal_value=0.00130848 -0.000719558 0.00284364 0.0130308 -0.010858 -0.00293978 0.0151205 -0.0164529
internal_weight=150.684 132.098 97.7149 35.4171 34.3828 62.2978 18.5863 27.2916
internal_count=640 562 415 149 147 266 78 117
is_linear=0
shrinkage=0.03


Tree=74
num_leaves=7
num_cat=0
split_feature=20 14 36 37 36 14
split_gain=4.65364 4.98781 9.23444 5.54438 4.36619 4.02179
threshold=0.042797401239638565 -37.254677727697974 0.0084297479004498983 0.018946013947038768 0.0069045371770665182 168.67541258316035
decision_type=2 2 2 2 2 2
left_child=1 3 5 4 -1 -3
right_child=-2 2 -4 -5 -6 -7
leaf_value=-0.010103365906357973 0.019197641471415922 0.0099374448259937891 -0.025848292620128738 -0.026120864298497554 0.012264953960664989 -0.0031640383842033099
leaf_weight=18.615986958146099 10.033042535185812 67.263846680521965 6.8413081616163245 10.198148652911184 10.478977084159849 27.029976040124893
leaf_count=79 42 283 30 46 44 116
internal_value=0.00127943 -0.000147035 0.00327649 -0.00905388 -0.001294 0.00603833
internal_weight=150.461 140.428 101.135 39.2931 29.095 94.2938
internal_count=640 598 429 169 123 399
is_linear=0
shrinkage=0.03


Tree=75
num_leaves=10
num_cat=0
split_feature=21 32 9 15 15 3 11 0 9
split_gain=4.03237 5.61842 7.38035 4.35231 5.64221 5.30972 3.77878 2.58663 0.7795
threshold=0.020247165601273927 -0.017385106302010508 -0.053171065497856301 70.82189519538349 20.645660561645357 -0.010543951818567985 0.022547108671565178 -0.0017698800176440541 -0.13528741804149344
decision_type=2 2 2 2 2 2 2 2 2
left_child=3 -2 8 4 5 -1 -4 -5 -3
right_child=1 2 6 7 -6 -7 -8 -9 -10
leaf_value=0.0083379308852946695 -0.013883022331065318 -0.016645687636549018 0.019708876698033836 -0.0026732833731490662 0.021603124468996641 -0.015926810639503585 0.0046358302803624586 -0.024055219050250577 -0.00063655640923952999
leaf_weight=12.438762202858927 10.438905939459799 7.0384432375431061 29.162771716713905 12.053552627563478 7.4677724093198767 15.67854233086109 38.616191640496254 11.350236058235167 7.2067953348159772
leaf_count=53 44 30 122 53 31 68 163 51 31
internal_value=0.000737167 0.00469465 0.00751166 -0.00517065 0.00115365 -0.00485347 0.0117152 -0.0147109 -0.0105454
internal_weight=151.452 92.4631 82.0242 58.9889 35.5851 28.1173 67.779 23.4038 14.2452
internal_count=646 390 346 256 152 121 285 104 61
is_linear=0
shrinkage=0.03


Tree=76
num_leaves=11
num_cat=0
split_feature=14 14 20 36 11 5 19 24 35 5
split_gain=3.68048 6.63955 5.73769 4.49842 4.79655 4.17729 3.44346 3.41917 2.79098 2.36915
threshold=-48.586383561465475 1.0000000180025095e-35 0.027295362589480239 0.0086915059876981407 -0.055730706337281714 0.053460385538078421 0.17651744751941248 0.52032822035296078 0.031322588482372245 -0.10350728024723625
decision_type=2 2 2 2 2 2 2 2 2 2
left_child=3 8 5 4 6 -3 -1 -4 -2 -6
right_child=1 2 7 -5 9 -7 -8 -9 -10 -11
leaf_value=0.01286207022631391 0.0061834148023379148 0.003117300261219071 0.0091334491831603394 0.011687459092509525 -0.0036887430809996614 -0.017971071295991341 -0.012667940016309947 -0.0069805142620419413 0.031991934119501887 -0.029246374981621491
leaf_weight=8.1886600255966169 11.690341621637346 11.332850217819216 48.450129240751266 7.1654502153396598 7.2339868247508994 19.491433918476105 6.8155778795480719 12.812242478132246 7.2149658352136603 10.905799448490145
leaf_count=34 49 49 204 30 31 85 30 54 31 49
internal_value=0.000699053 0.00360364 0 -0.00673648 -0.0115848 -0.0100432 0.000257115 0.00541217 0.0188688 -0.0211775
internal_weight=151.301 110.992 92.0867 40.3095 33.144 30.8243 15.0042 61.2624 18.9053 18.1398
internal_count=646 472 392 174 144 134 64 258 80 80
is_linear=0
shrinkage=0.03


Tree=77
num_leaves=11
num_cat=0
split_feature=21 32 9 4 28 23 7 25 9 9
split_gain=3.68628 5.29055 6.94945 6.25328 3.38845 6.47107 5.75946 4.93981 1.54446 0.719467
threshold=0.020247165601273927 -0.017385106302010508 -0.053171065497856301 0.055892464621693956 8.5000000000000018 0.93707627333548493 -0.0047073777471462056 0.18548876745598061 0.031478105695870708 -0.13528741804149344
decision_type=2 2 2 2 2 2 2 2 2 2
left_child=4 -2 9 -4 5 8 -6 -7 -1 -3
right_child=1 2 3 -5 6 7 -8 -9 -10 -11
leaf_value=0.019667512948771011 -0.013557526627055541 -0.01620449620290234 0.018320309060463839 0 0 0.004775535524862401 -0.032087745955191795 -0.021261850063202501 0.0012177294793648469 -0.00066053668582626251
leaf_weight=9.4099152535200137 10.423498943448065 7.0198113471269608 41.258693560957909 26.437191888689995 9.6967392861843127 8.9893215596675891 7.4578618109226218 13.436390504240988 9.7603266239166242 7.1934196501970273
leaf_count=39 44 30 175 110 42 39 33 60 43 31
internal_value=0.000680435 0.00446853 0.00720971 0.0112947 -0.00497716 0 -0.01542 -0.0106743 0.011985 -0.0103147
internal_weight=151.083 92.3326 81.9091 67.6959 58.7506 41.596 17.1546 22.4257 19.1702 14.2132
internal_count=646 390 346 285 256 181 75 99 82 61
is_linear=0
shrinkage=0.03


Tree=78
num_leaves=12
num_cat=0
split_feature=21 12 4 19 33 22 3 37 3 26 36
split_gain=3.46194 6.2576 12.4519 4.66294 4.54264 3.53696 2.73781 3.60848 3.15374 2.61195 2.09978
threshold=0.020247165601273927 44.611259431541484 0.055892464621693956 0.19845742933475141 0.12551086234612197 -0.26450924301978856 -0.010543951818567985 0.02104574611151178 0.0053129161626243046 0.20794025157232707 0.0056120213692363559
decision_type=2 2 2 2 2 2 2 2 2 2 2
left_child=5 4 9 -4 -2 -1 7 -7 -8 -3 -6
right_child=1 2 3 -5 10 6 8 -9 -10 -11 -12
leaf_value=-0.019372772573423375 0.0063822075495501267 0.00796984854390685 -0.013022087394202969 0.0099320611913821886 -0.0004780146486104972 0.018713718695898159 -0.017997929993124096 -0.005881709476614874 0.0002820655774990692 0.028269844004381466 -0.023643885867157755
leaf_weight=10.18158236145973 11.514732316136362 13.782832384109495 18.925365582108501 10.405436426401137 7.0079360157251385 9.7729209214448947 10.785153836011888 7.2598663568496695 20.603923544287682 20.501288905739784 10.177323102951048
leaf_count=46 49 59 79 43 30 41 48 32 89 86 44
internal_value=0.000639379 0.00431154 0.00956512 -0.00428589 -0.00670917 -0.00484907 -0.000850409 0.00792586 -0.00625146 0.0214114 -0.0160136
internal_weight=150.918 92.3149 63.6149 29.3308 28.7 58.6034 48.4219 17.0328 31.3891 34.2841 17.1853
internal_count=646 390 267 122 123 256 210 73 137 145 74
is_linear=0
shrinkage=0.03


Tree=79
num_leaves=8
num_cat=0
split_feature=14 9 40 38 36 19 19
split_gain=3.26432 9.77091 5.11528 4.45874 4.27782 2.48787 7.80707
threshold=-48.586383561465475 -0.019144614453071609 -0.02204208257685952 0.0071404290919197594 0.0086915059876981407 0.12701100913921962 0.15769910230896644
decision_type=2 2 2 2 2 2 2
left_child=4 -2 -3 -4 5 -1 -7
right_child=1 2 3 -5 -6 6 -8
leaf_value=-0.023741731011958901 0.029435730455472622 0.018342668349378134 0.010826099172507722 -0.0054136145305619656 0.01155003053958333 0.016716132613727609 -0.016208056997644105
leaf_weight=8.7102994322776777 9.6104476898908597 10.502497047185896 16.711594268679619 73.801531061530113 7.1477983593940726 7.7771796733140972 16.465349391102791
leaf_count=39 41 44 72 315 30 33 72
internal_value=0.000614365 0.00335894 0.000209118 -0.00208388 -0.00640072 -0.0111617 -0.00460515
internal_weight=150.727 110.626 101.016 90.5131 40.1006 32.9528 24.2425
internal_count=646 472 431 387 174 144 105
is_linear=0
shrinkage=0.03


Tree=80
num_leaves=12
num_cat=0
split_feature=21 23 35 21 37 4 6 23 35 1 33
split_gain=5.64174 4.85229 4.39672 6.18952 3.65879 3.56654 3.24812 2.85276 2.8039 1.74636 0.363447
threshold=0.020087566553799029 1.1624671518893901 0.034654756365754109 0.036000936242323874 0.011909671831811243 0.024969830843592836 0.01677539027660219 0.93390855463063949 0.051122905301416728 0.0059816138135192496 0.67230488716461967
decision_type=2 2 2 2 2 2 2 2 2 2 2
left_child=1 7 3 5 10 -2 -6 8 -1 -9 -4
right_child=2 -3 4 -5 6 -7 -8 9 -10 -11 -12
leaf_value=0.0041270167447402736 0.00053536893761074126 0.010746619718191262 0.010418646600061685 0.018496429168357777 -0.0072624426032020161 -0.01529268296138748 0.015846801356553159 -0.024457435884337346 -0.016256570780101193 -0.0039215234968583658 0.030467973403919237
leaf_weight=14.981325015425684 33.631296381354332 8.4233606010675413 7.9656717926263791 10.612213879823683 10.373236000537874 17.056501448154449 7.4460674524307242 14.990786001086237 7.0646812915801993 8.3905300199985486 6.9284196794033051
leaf_count=63 143 37 34 44 45 71 31 66 32 37 30
internal_value=0 -0.00754799 0.00444335 -0.000143258 0.0129832 -0.00488442 0.00226194 -0.0115667 -0.00258997 -0.0185687 0.0231359
internal_weight=147.864 53.8507 94.0134 61.3 32.7134 50.6878 17.8193 45.4273 22.046 23.3813 14.8941
internal_count=633 235 398 258 140 214 76 198 95 103 64
is_linear=0
shrinkage=0.03


Tree=81
num_leaves=9
num_cat=0
split_feature=20 34 35 28 16 35 14 27
split_gain=4.07428 5.35962 5.60009 4.70292 7.41866 4.29576 3.98094 3.0573
threshold=0.039796973296002965 -0.01514929189544406 -0.03952372525612418 7.5000000000000009 -9.6019095402616994 -0.0048633063187535344 78.963433749625906 1.5000000000000002
decision_type=2 2 2 2 2 2 2 2
left_child=1 2 -1 5 -5 -3 -4 -2
right_child=7 3 6 4 -6 -7 -8 -9
leaf_value=0.0037443446048513293 0 -0.0060497840969668095 -0.034484135319167795 0.0069020079581219376 -0.016872079527710786 0.010942655059672764 -0.0024512352273536285 0.023066250569657835
leaf_weight=8.8766034692525881 7.358600020408633 15.712611004710196 9.3794591128826159 19.021336570382118 23.981438964605331 46.978311434388161 7.0740603357553473 9.2604693472385389
leaf_count=37 31 69 41 82 103 201 30 39
internal_value=0 -0.00179219 -0.0136819 0.00111914 -0.00618343 0.0063965 -0.023283 0.0131906
internal_weight=147.643 131.024 25.3301 105.694 43.0028 62.6909 16.4535 16.6191
internal_count=633 563 108 455 185 270 71 70
is_linear=0
shrinkage=0.03


Tree=82
num_leaves=10
num_cat=0
split_feature=21 22 23 35 21 13 38 34 4
split_gain=5.37127 4.80046 4.68245 4.1598 5.69054 3.63729 3.51528 4.28655 3.38193
threshold=0.020087566553799029 0.31525308246214462 1.1446588183990116 0.034654756365754109 0.036000936242323874 -1.7088432343340256 0.008623804885232093 0.014096847337023434 0.024969830843592836
decision_type=2 2 2 2 2 2 2 2 2
left_child=1 2 5 4 8 -1 -5 -8 -2
right_child=3 -3 -4 6 -6 -7 7 -9 -10
leaf_value=-0.0039434763769862586 0.00059256296644635094 0.009777477968407321 0.0078009626560233908 -0.0011788418181904465 0.017782640765056538 -0.024195722004264422 0.034130210633864774 0.006089303539436269 -0.014828774957510909
leaf_weight=17.173519790172573 33.578693479299545 9.4621702879667264 7.0570506751537314 9.5583123713731748 10.564836889505385 20.01663808524609 8.2429238855838793 14.850231677293776 17.01069700717926
leaf_count=75 143 41 31 41 44 88 35 64 71
internal_value=0 -0.00737028 -0.0116259 0.00434408 -0.000116964 -0.015905 0.0126567 0.0186186 -0.00467438
internal_weight=147.515 53.7094 44.2472 93.8057 61.1542 37.1902 32.6515 23.0932 50.5894
internal_count=633 235 194 398 258 163 140 99 214
is_linear=0
shrinkage=0.03


Tree=83
num_leaves=10
num_cat=0
split_feature=21 23 21 18 5 38 23 4 13
split_gain=5.0929 4.42091 4.02458 4.86816 4.83443 3.22462 3.36351 2.5564 0.827594
threshold=0.020087566553799029 1.1624671518893901 0.021288921400574701 0.88044465658737336 -0.0039421279847770543 0.0073732491641723642 0.85582896733454905 0.029566415077646017 3.0319234802107684
decision_type=2 2 2 2 2 2 2 2 2
left_child=1 5 7 4 -4 -1 -7 -2 -5
right_child=2 -3 3 8 -6 6 -8 -9 -10
leaf_value=0.00094003998634896641 0.027024966002874049 0.010230280511376838 0.0047183451884809761 0.022304771240966238 -0.011442875000015189 -0.0010338698184659638 -0.022406280684294375 0.00237419997046295 0.0037847229515659158
leaf_weight=12.272725328803061 8.2999725788831729 8.4469668567180616 33.27651059627533 7.2711138874292356 28.657622963190079 11.706349387764929 21.190920665860176 9.0220075994729978 7.1889472454786301
leaf_count=54 35 37 143 30 122 50 94 38 30
internal_value=0 -0.00716509 0.00424931 0.000921026 -0.00264905 -0.0110319 -0.015726 0.0165369 0.0155873
internal_weight=147.333 53.617 93.7162 76.3942 61.9341 45.17 32.8973 17.322 14.4601
internal_count=633 235 398 325 265 198 144 73 60
is_linear=0
shrinkage=0.03


Tree=84
num_leaves=9
num_cat=0
split_feature=21 23 21 34 34 38 23 3
split_gain=4.84171 4.20903 3.82551 6.41872 4.30838 3.08164 3.19936 2.45417
threshold=0.020087566553799029 1.1624671518893901 0.021288921400574701 0.033408568422619751 0.0083882466098512704 0.0073732491641723642 0.85582896733454905 0.014548311824372663
decision_type=2 2 2 2 2 2 2 2
left_child=1 5 7 4 -4 -1 -7 -2
right_child=2 -3 3 -5 -6 6 -8 -9
leaf_value=0.00091563660936432674 0.027529982731503807 0.0099674265174701186 -0.001070235886111978 -0.02081611662122488 0.01399142610139035 -0.0010074088791264641 -0.021906230382942121 0.0032136498073901589
leaf_weight=12.275084882974623 7.4002242535352734 8.4621409177780134 43.663369685411453 8.4361413419246656 24.284638330340385 11.705955281853674 21.071873724460602 9.9363072663545591
leaf_count=54 31 37 186 37 102 50 94 42
internal_value=0 -0.00696881 0.00416625 0.000914076 0.0043445 -0.0107571 -0.0153611 0.0161429
internal_weight=147.236 53.5151 93.7207 76.3841 67.948 45.0529 32.7778 17.3365
internal_count=633 235 398 325 288 198 144 73
is_linear=0
shrinkage=0.03


Tree=85
num_leaves=7
num_cat=0
split_feature=22 36 14 14 3 19
split_gain=3.95034 4.05974 5.42619 4.03607 3.75683 2.70102
threshold=-0.31687961295802741 0.0034678654754766586 172.36539386297957 121.01865665886727 0.028715806885271204 0.20289830235038289
decision_type=2 2 2 2 2 2
left_child=4 -2 3 -3 -1 -4
right_child=1 2 5 -5 -6 -7
leaf_value=-0.024036144713633224 0.019772272775942026 7.4570724985734372e-06 -0.019243416633034142 0.016157179077630559 0.0012198332220492514 0.00033353958016472658
leaf_weight=9.6419899910688418 7.9217711836099616 83.350571632385254 15.438102692365648 15.195763722062109 7.458279386162757 7.5710635334253302
leaf_count=43 34 357 67 65 32 32
internal_value=-0.000444347 0.00131027 -7.20716e-05 0.00291877 -0.0132611 -0.0126904
internal_weight=146.578 129.477 121.556 98.5463 17.1003 23.0092
internal_count=630 555 521 422 75 99
is_linear=0
shrinkage=0.03


Tree=86
num_leaves=11
num_cat=0
split_feature=28 3 3 5 34 3 20 20 19 20
split_gain=2.87592 9.24555 5.89426 3.99335 3.78521 5.99103 5.5641 6.20697 3.31774 2.7842
threshold=8.5000000000000018 -0.039449589135650991 0.033511671933048055 0.11108917595938907 -0.0088860967055880962 -0.032627029808449663 0.040121431364880729 0.028464552626122758 0.15769910230896644 0.023272036166383892
decision_type=2 2 2 2 2 2 2 2 2 2
left_child=4 -2 8 -4 6 -6 7 -1 -3 -7
right_child=1 2 3 -5 5 9 -8 -9 -10 -11
leaf_value=0 0.01660118781335633 -0.010138193475791457 -0.010215045008189002 0.015759001424880539 -0.011893101110440544 -0.0032003150771039617 0.01123257106529266 -0.032481659077968621 -0.035787924778765946 0.013425953613644126
leaf_weight=10.046240910887724 10.58372227847576 17.132635623216633 10.20457683503628 7.3562666475772849 10.743893697857855 8.5972879379987699 8.2982294559478742 7.9085079580545417 8.2465193122625333 47.36995729804039
leaf_count=43 45 75 44 31 46 37 35 35 36 203
internal_value=-0.000421734 -0.00592525 -0.012303 0.000397484 0.002647 0.00651073 -0.00640604 -0.0156186 -0.0210259 0.0105909
internal_weight=146.488 53.5237 42.94 17.5608 92.9641 66.7111 26.253 17.9547 25.3792 55.9672
internal_count=630 231 186 75 399 286 113 78 111 240
is_linear=0
shrinkage=0.03


Tree=87
num_leaves=8
num_cat=0
split_feature=36 14 40 38 36 16 3
split_gain=3.67866 4.88175 4.09765 4.05649 3.52733 3.24764 1.6078
threshold=0.0034678654754766586 172.36539386297957 0.070360624887116266 0.007566951312943845 0.0069045371770665182 5.8321489513373388 0.031439498267531903
decision_type=2 2 2 2 2 2 2
left_child=-1 2 4 -3 -2 -4 -5
right_child=1 3 5 6 -6 -7 -8
leaf_value=0.016276412724264784 -0.006297613536375396 0.0023284769986481276 0.027023496888990545 -0.027858762853155847 0.0050098305479032877 0 -0.0057059844355348902
leaf_weight=8.8387488722801191 54.654154911637306 8.7925513982772845 6.9644006937742216 10.203410893678667 41.302323922514915 7.331404522061348 8.2500324398279172
leaf_count=38 237 38 30 44 176 31 36
internal_value=-0.000429843 -0.00182925 0.000918918 -0.0127651 -0.00127453 0.0149118 -0.0202146
internal_weight=146.337 137.498 110.252 27.246 95.9565 14.2958 18.4534
internal_count=630 592 474 118 413 61 80
is_linear=0
shrinkage=0.03


Tree=88
num_leaves=7
num_cat=0
split_feature=22 38 3 4 8 33
split_gain=3.73791 3.80033 3.58132 2.1078 4.37952 3.85225
threshold=-0.31687961295802741 0.0066337295957452358 0.028715806885271204 0.082327453262633812 0.069821917961074995 0.7985442546583853
decision_type=2 2 2 2 2 2
left_child=2 -2 -1 5 -5 -3
right_child=1 3 -4 4 -6 -7
leaf_value=-0.023487254555580386 0.015565047847492668 -0.0016677644725925814 0.0011727492702744452 -0.024736240606656423 0.0022433602142631938 0.012430121325794817
leaf_weight=9.5621198266744631 12.949318394064901 78.835082828998566 7.457633063197135 7.2263416051864651 10.292661324143408 19.957314386963844
leaf_count=43 56 340 32 30 44 85
internal_value=-0.000406757 0.00129633 -0.0129061 -0.000401736 -0.00951115 0.0012215
internal_weight=146.28 129.261 17.0198 116.311 17.519 98.7924
internal_count=630 555 75 499 74 425
is_linear=0
shrinkage=0.03


Tree=89
num_leaves=7
num_cat=0
split_feature=22 36 36 23 36 6
split_gain=3.55304 3.64825 4.86034 6.09154 5.91026 2.81152
threshold=-0.31687961295802741 0.0034678654754766586 0.0071026271226287954 0.92501049676183011 0.0076484048042308852 0.0060901285292866191
decision_type=2 2 2 2 2 2
left_child=5 -2 3 -3 -4 -1
right_child=1 2 4 -5 -6 -7
leaf_value=-0.023951123178920546 0.018748045537498016 0.0048465240817599665 0.022866324856104785 -0.011666750332148729 0 0
leaf_weight=7.6630888730287579 7.9326493293046942 31.986519485712051 13.225420936942099 45.14473569393158 30.978356346487999 9.2981522232294065
leaf_count=35 34 136 56 197 132 40
internal_value=-0.00039631 0.00125904 -4.82092e-05 -0.00467969 0.00756136 -0.0126055
internal_weight=146.229 129.268 121.335 77.1313 44.2038 16.9612
internal_count=630 555 521 333 188 75
is_linear=0
shrinkage=0.03


Tree=90
num_leaves=8
num_cat=0
split_feature=34 10 37 3 25 38 37
split_gain=4.96926 6.34545 4.82751 6.17382 4.76509 2.88072 1.97704
threshold=0.035075048741410771 -0.044568395148382949 0.043126949109528863 -0.027789537354489576 0.30195010763581115 0.0094324027601269036 -0.01395638974906954
decision_type=2 2 2 2 2 2 2
left_child=1 6 3 -3 -4 -2 -1
right_child=5 2 4 -5 -6 -7 -8
leaf_value=0 0.001392385880635918 0.027443505214105837 0.0052917760689507798 0.0068696739677302819 -0.019430261716957255 -0.019515615503641306 -0.019055193291373687
leaf_weight=7.0946604311466244 8.4961938261985797 16.037891015410423 18.999767571687702 71.871842205524445 8.295930474996565 10.493775516748427 8.9318413287401182
leaf_count=30 38 68 82 306 36 47 40
internal_value=0.00319055 0.00536568 0.0079226 0.0113169 -0.00252346 -0.0102053 -0.0110222
internal_weight=150.222 131.232 115.205 87.9097 27.2957 18.99 16.0265
internal_count=647 562 492 374 118 85 70
is_linear=0
shrinkage=0.03


Tree=91
num_leaves=8
num_cat=0
split_feature=34 10 37 3 15 38 10
split_gain=4.70449 6.01936 4.57596 5.85408 3.92532 2.76073 1.95547
threshold=0.035075048741410771 -0.044568395148382949 0.043126949109528863 -0.027789537354489576 70.82189519538349 0.0094324027601269036 -0.061049773338773143
decision_type=2 2 2 2 2 2 2
left_child=1 6 3 -3 -4 -2 -1
right_child=5 2 4 -5 -6 -7 -8
leaf_value=0 0.0013581928261987735 0.026715899903045064 0.0089903573090983555 0.0066683581613900733 -0.012201060607550641 -0.019098186234536109 -0.018807470574862772
leaf_weight=7.1257674843072882 8.4990928322076815 16.03494319319725 11.896363139152529 71.880625203251839 15.379721850156782 10.445888414978979 8.8650012463331205
leaf_count=30 38 68 50 306 68 47 40
internal_value=0.00309171 0.00520916 0.0076999 0.0110046 -0.00246337 -0.00995151 -0.0107608
internal_weight=150.127 131.182 115.192 87.9156 27.2761 18.945 15.9908
internal_count=647 562 492 374 118 85 70
is_linear=0
shrinkage=0.03


Tree=92
num_leaves=6
num_cat=0
split_feature=14 20 28 9 23
split_gain=5.2023 4.107 4.7296 7.48296 5.90992
threshold=-243.98944901926367 0.039937031772659705 8.5000000000000018 -0.05930134363407321 1.0059143938695827
decision_type=2 2 2 2 2
left_child=-1 2 4 -4 -2
right_child=1 -3 3 -5 -6
leaf_value=-0.014148017494002055 0.014700606562977298 0.023430235730690013 0.017256947249339603 -0.009876823966212608 -0.0010891848797061705
leaf_weight=12.138932853937147 44.690030038356781 8.1892752200365049 9.5258473902940732 39.682418256998062 35.781035825610161
leaf_count=52 191 36 41 172 155
internal_value=0.00300072 0.00479857 0.00317007 -0.00386244 0.00764173
internal_weight=150.008 137.869 129.679 49.2083 80.4711
internal_count=647 595 559 213 346
is_linear=0
shrinkage=0.03


Tree=93
num_leaves=7
num_cat=0
split_feature=34 15 37 34 3 38
split_gain=4.40555 3.68499 4.7717 4.3211 3.17909 2.60796
threshold=0.035075048741410771 -360.65892000208379 0.043126949109528863 -0.019913916260192229 -0.024380535198926353 0.0094324027601269036
decision_type=2 2 2 2 2 2
left_child=1 -1 3 -3 -4 -2
right_child=5 2 4 -5 -6 -7
leaf_value=-0.011368420324841335 0.0012344098363880043 -0.00048253025021782623 -0.019065114215959592 0.013462943495452042 0.0017214427259643651 -0.018629322308576331
leaf_weight=9.0109852701425535 8.5067233443260211 24.780792266130447 6.8970848470926311 69.288673251867294 21.055342122912407 10.39327450096607
leaf_count=39 38 106 30 296 91 47
internal_value=0.0029211 0.00497411 0.00646577 0.00969957 -0.00383727 -0.00970855
internal_weight=149.933 131.033 122.022 94.0695 27.9524 18.9
internal_count=647 562 523 402 121 85
is_linear=0
shrinkage=0.03


Tree=94
num_leaves=8
num_cat=0
split_feature=14 34 33 21 33 7 1
split_gain=4.73243 4.60308 5.61116 5.38694 4.50707 4.10098 3.85882
threshold=-243.98944901926367 0.026885413755844526 0.84299645104913867 0.018694769136069177 0.88367606234244045 -0.0087130563720008696 -0.0023150394668737246
decision_type=2 2 2 2 2 2 2
left_child=-1 3 5 6 -5 -3 -2
right_child=1 2 -4 4 -6 -7 -8
leaf_value=-0.013540621436452994 -0.012431456449836998 0.00072665290756250209 0.014616839913923606 0.016137724432679312 -0.00026610293037691325 -0.021939782829529915 0.0069034495971387671
leaf_weight=12.119759038090704 15.626297593116758 10.764065414667135 7.3948556780815116 55.33638422191143 17.95749843120575 13.70641292631626 16.965144664049149
leaf_count=52 68 48 32 236 75 62 74
internal_value=0.00281546 0.00453504 -0.00496074 0.00757075 0.0120191 -0.012101 -0.002116
internal_weight=149.87 137.751 31.8653 105.885 73.2939 24.4705 32.5914
internal_count=647 595 142 453 311 110 142
is_linear=0
shrinkage=0.03


Tree=95
num_leaves=10
num_cat=0
split_feature=23 11 10 34 12 24 37 24 28
split_gain=5.15318 5.14829 3.75269 3.72821 3.58164 3.39845 2.8884 1.61281 1.5552
threshold=1.2354353929681656 0.038528631107197071 0.031325039694295127 -0.01514929189544406 53.550379431690331 -0.14435919295254332 0.036692308608749509 -0.3404545454545454 7.5000000000000009
decision_type=2 2 2 2 2 2 2 2 2
left_child=1 2 3 -1 7 -6 -4 -3 -2
right_child=8 4 6 -5 5 -7 -8 -9 -10
leaf_value=-0.00032683738699368532 -0.021698672228301217 -0.02321055424727925 0.0052540584248845345 0.014541436488009922 0.012862503624572509 -0.0062585209429061196 -0.017477491749280722 -0.0039184954783428004 -0.0014478995077378022
leaf_weight=19.447415873408318 9.6887365877628344 8.9103971868753451 8.043035224080084 44.949473083019257 11.6935211122036 18.951947286725044 7.2960465699434272 11.211241737008093 7.683265656232833
leaf_count=84 42 39 34 194 51 83 31 50 33
internal_value=-4.43848e-05 0.00196975 0.00674119 0.00995081 -0.00521158 0.00091911 -0.00546193 -0.0144657 -0.0145907
internal_weight=147.875 130.503 79.736 64.3969 50.7671 30.6455 15.3391 20.1216 17.372
internal_count=641 566 343 278 223 134 65 89 75
is_linear=0
shrinkage=0.03


Tree=96
num_leaves=13
num_cat=0
split_feature=38 16 1 12 13 26 38 37 35 27 25 5
split_gain=3.52444 4.29501 5.95453 3.52164 3.14463 6.53988 4.11777 3.09227 2.98118 2.32995 0.872485 0.484957
threshold=0.010067269096265737 33.405809393459215 -0.0068214659676262826 58.906858589436347 1.1587476260088432 0.14606060606060609 0.0073522421485820453 0.038888425555249746 0.025770323971595403 2.5000000000000004 0.25743474540008565 -0.056423692459990064
decision_type=2 2 2 2 2 2 2 2 2 2 2 2
left_child=4 2 -2 -3 5 9 10 -7 -8 -1 -6 -4
right_child=1 3 11 -5 6 7 8 -9 -10 -11 -12 -13
leaf_value=-0.0022867694743353528 -0.002164997981657302 -0.016137468280208289 0.0090318974451801207 0.0062603725827199705 -0.0037283278346441407 0.01429054809023168 -0.028950204859427498 -0.0029963846623500138 -0.0060021384024085064 -0.024356336624222517 0.0089951208873822724 0.027451696154670423
leaf_weight=12.879364505410196 13.079474493861197 9.6840880215168017 7.8665281087160102 10.922471970319746 6.8445472717285138 24.376694440841675 9.6389988660812396 11.529386401176451 15.440150573849676 6.7868388444185248 7.0574002265930176 11.682911530137064
leaf_count=56 58 41 34 46 30 104 43 52 67 30 30 50
internal_value=-6.90426e-05 0.00587364 0.0124776 -0.00409846 -0.00362261 0.000753093 -0.00995904 0.0084788 -0.0168628 -0.0121406 0.00210647 0.022262
internal_weight=147.789 53.2355 32.6289 20.6066 94.5534 55.5723 38.9811 35.9061 25.0791 19.6662 13.9019 19.5494
internal_count=641 229 142 87 412 242 170 156 110 86 60 84
is_linear=0
shrinkage=0.03


Tree=97
num_leaves=7
num_cat=0
split_feature=23 23 13 0 13 28
split_gain=4.89029 4.96221 2.94928 5.52937 4.93075 1.47652
threshold=1.2354353929681656 1.1624671518893901 1.1587476260088432 0.013305679847138043 0.12969219031203497 7.5000000000000009
decision_type=2 2 2 2 2 2
left_child=1 2 4 -4 -1 -2
right_child=5 -3 3 -5 -6 -7
leaf_value=0.00034434833658128874 -0.021225724408464351 0.019774449487531376 -0.014637331797037413 0.0044357696621279271 0.022561515293969638 -0.0014081303010647572
leaf_weight=61.13679975271225 9.6420096606016177 10.615012302994726 26.109867751598358 23.577979728579521 8.8740168213844282 7.6777464002370825
leaf_count=267 42 45 115 101 38 33
internal_value=-8.15512e-05 0.00187838 0 -0.00547509 0.00391712 -0.0142723
internal_weight=147.633 130.314 119.699 49.6878 70.0108 17.3198
internal_count=641 566 521 216 305 75
is_linear=0
shrinkage=0.03


Tree=98
num_leaves=11
num_cat=0
split_feature=38 19 19 34 38 35 34 33 38 38
split_gain=3.35491 4.42452 4.57632 5.1925 4.55682 4.07446 3.19023 2.97409 2.376 2.12066
threshold=0.010067269096265737 0.075988689645293678 0.14198775435858926 -0.0083372371273247019 0.0092596314845420965 0.040090918997515053 -0.0073404569576469561 0.44120269864066003 0.012454501608660561 0.012315517900073526
decision_type=2 2 2 2 2 2 2 2 2 2
left_child=1 -1 3 -3 -4 6 8 -7 -2 -8
right_child=5 2 4 -5 -6 7 9 -9 -10 -11
leaf_value=0.012604955662667809 -0.0028594380155887631 -0.028061280447987356 0.0079632965868902238 -0.0050831742394309857 -0.014101505619617642 0 0.00011540872454022253 0.024580808945533151 0.01728457050212899 -0.018112078211349626
leaf_weight=10.87169276177883 7.0381894260644939 11.861233100295065 27.489501714706421 34.520390033721924 9.6222050040960294 7.7918690592050579 8.9787174314260501 11.490678265690802 9.1702487319707853 8.6994382143020612
leaf_count=45 30 52 119 152 44 35 38 50 39 37
internal_value=-6.93199e-05 -0.00354292 -0.00606668 -0.0121865 0.00143034 0.0057287 -0.000286826 0.0160385 0.00836034 -0.00902127
internal_weight=147.534 94.365 83.4933 46.3816 37.1117 53.1691 33.8866 19.2825 16.2084 17.6782
internal_count=641 412 367 204 163 229 144 85 69 75
is_linear=0
shrinkage=0.03


Tree=99
num_leaves=10
num_cat=0
split_feature=23 11 16 38 36 12 38 38 28
split_gain=4.71243 4.83566 4.67752 5.52011 4.45149 3.36652 3.26893 1.52738 1.39432
threshold=1.2354353929681656 0.038528631107197071 22.090298726629467 0.009576285998540688 0.0084297479004498983 53.550379431690331 0.0094980230471518184 0.0081829894855656189 7.5000000000000009
decision_type=2 2 2 2 2 2 2 2 2
left_child=1 2 4 -4 -1 7 -7 -3 -2
right_child=8 5 3 -5 -6 6 -8 -9 -10
leaf_value=0.016221598440216846 -0.02080165563416133 -0.023824371192603947 -0.018662981810705682 0.0060862674654998724 -0.0064908598492041097 0.0083892432143681268 -0.01053897484724212 -0.004653994768274672 -0.0014197774013072143
leaf_weight=40.291889667510986 9.6038085371255892 7.5874639004468944 10.112644091248514 21.750739857554436 7.3161990046501151 19.455215588212017 11.094562470912932 12.442221984267233 7.6679837107658377
leaf_count=175 42 34 43 93 32 85 49 55 33
internal_value=-6.48071e-05 0.00185858 0.0064939 -0.00196391 0.0123079 -0.00510921 0.000829184 -0.0141005 -0.0140156
internal_weight=147.323 130.051 79.4715 31.8634 47.6081 50.5795 30.5498 20.0297 17.2718
internal_count=641 566 343 136 207 223 134 89 75
is_linear=0
shrinkage=0.03


Tree=100
num_leaves=9
num_cat=0
split_feature=24 10 22 36 15 6 13 20
split_gain=3.53895 5.60599 6.36717 4.7394 4.56069 4.35174 4.11974 1.28953
threshold=-0.17523886485715642 -0.044568395148382949 -0.21601126170546833 0.0076905737835460475 -127.37940015266277 0.0048941984794585681 -6.1719268158817604 0.03276911048231651
decision_type=2 2 2 2 2 2 2 2
left_child=1 -1 -3 4 -2 -6 -4 -5
right_child=3 2 6 7 5 -7 -8 -9
leaf_value=-0.015094756061442286 -0.017224444687612656 -0.0068068842364700762 0 -0.024132222570189172 -0.00493082464391167 0.01064757145308135 0.021644651259535692 -0.0041824255984132513
leaf_weight=7.3552225679159156 9.1657568067312223 13.180959045886992 11.898816421627993 8.5726450681686419 26.497758090496063 33.446846291422844 27.798059850931171 8.4414736032485944
leaf_count=32 40 59 51 37 116 143 119 36
internal_value=0.000539558 0.00609448 0.00975791 -0.00322533 0.000205053 0.00358232 0.0156805 -0.0165042
internal_weight=146.358 60.2331 52.8778 86.1245 69.1104 59.9446 39.6969 17.0141
internal_count=633 261 229 372 299 259 170 73
is_linear=0
shrinkage=0.03


Tree=101
num_leaves=8
num_cat=0
split_feature=9 37 12 9 18 5 25
split_gain=3.45183 4.19714 6.93336 4.64362 5.71454 4.81685 3.62181
threshold=-0.13528741804149344 0.040517620294778907 48.831401014887263 0.039727970479218756 0.097505523207151848 0.019686968439573297 0.30195010763581115
decision_type=2 2 2 2 2 2 2
left_child=-1 3 -3 4 -2 -5 -4
right_child=1 2 6 5 -6 -7 -8
leaf_value=-0.014285027074297225 -0.0084876514636074707 -0.030094690292959948 0.0070035495115846145 -0.021050469179623953 0.01477522968158972 0.0025951727745557036 -0.015256651627859842
leaf_weight=10.785624489188192 9.4442909657955152 6.6575777679681769 20.717968791723255 7.6322834044694892 48.49457859992981 35.29185962677002 7.2183842211961737
leaf_count=46 41 31 90 32 210 151 32
internal_value=0.000493942 0.00197055 -0.00661537 0.00513254 0.0105763 -0.00202531 0.000115737
internal_weight=146.243 135.457 34.5939 100.863 57.9389 42.9241 27.9364
internal_count=633 587 153 434 251 183 122
is_linear=0
shrinkage=0.03


Tree=102
num_leaves=9
num_cat=0
split_feature=17 37 3 37 32 24 24 35
split_gain=5.11712 4.18465 5.59589 4.72359 4.53242 3.19745 2.12124 1.6364
threshold=15.247554687083893 0.044188906369952548 -0.0121735252258357 -0.014955369150482621 -0.013398922960113023 0.55662393162393176 0.32729706107287232 0.029204588446373528
decision_type=2 2 2 2 2 2 2 2
left_child=1 3 -3 6 -5 -2 -1 -4
right_child=5 2 7 4 -6 -7 -8 -9
leaf_value=0.00047052146225593362 -0.024841486309620017 -0.022791279043884068 0.010098932402345268 -0.0068883894342430781 0.012207586394400683 0 -0.01628297114092795 -0.0058990087938387914
leaf_weight=15.999406680464746 8.7163749635219592 10.301658883690836 10.400400638580324 10.968485876917837 66.071608111262321 7.8359246253967276 8.0064540654420835 7.8427210450172415
leaf_count=68 37 47 45 48 286 33 34 35
internal_value=0.000443775 0.00261409 -0.00697998 0.00555279 0.00919354 -0.0141895 -0.00536286 0.0025771
internal_weight=146.143 129.591 28.5448 101.046 77.0401 16.5523 24.0059 18.2431
internal_count=633 563 127 436 334 70 102 80
is_linear=0
shrinkage=0.03


Tree=103
num_leaves=10
num_cat=0
split_feature=17 24 35 22 32 21 35 24 24
split_gain=4.85248 3.47452 6.63058 3.97719 5.1917 3.66709 3.40621 3.09407 3.05604
threshold=15.247554687083893 0.071537456445993033 0.040090918997515053 -0.21601126170546833 0.003247061304095689 0.020683062526451749 0.059088980433051448 -0.38196594427244573 0.55662393162393176
decision_type=2 2 2 2 2 2 2 2 2
left_child=1 3 5 7 -5 -3 -4 -1 -2
right_child=8 2 6 4 -6 -7 -8 -9 -10
leaf_value=-0.01442762652323611 -0.024289114963132789 -0.02112222902121072 0.01993169978718563 0.0030382079868211489 0.022461166165470135 -0.0012486820826144954 -0.0022913039238201508 0.0075773523519543414 0
leaf_weight=10.515516966581346 8.6929963976144808 14.95115579664707 11.000273585319521 35.672840669751167 19.769373506307602 20.491238877177238 9.1442378461360914 7.9884267300367346 7.8359246253967276
leaf_count=48 37 67 47 155 84 86 41 35 33
internal_value=0.000400044 0.00251642 -0.00290948 0.0067619 0.010766 -0.0107133 0.00987074 -0.00438371 -0.0138573
internal_weight=146.062 129.533 55.5869 73.9462 55.4422 35.4424 20.1445 18.5039 16.5289
internal_count=633 563 241 322 239 153 88 83 70
is_linear=0
shrinkage=0.03


Tree=104
num_leaves=8
num_cat=0
split_feature=17 37 34 34 8 24 23
split_gain=4.61598 3.8861 4.61282 5.01231 4.33532 2.92174 1.69634
threshold=15.247554687083893 0.044188906369952548 0.035075048741410771 -0.016319447040454346 -0.0029292726183336218 0.55662393162393176 0.95110663127359563
decision_type=2 2 2 2 2 2 2
left_child=1 2 3 -1 -3 -2 -6
right_child=5 4 -4 -5 6 -7 -8
leaf_value=-0.0024704381407209619 -0.023753194302594396 -0.022727278927608553 -0.0096025931101836257 0.012537812902267614 -0.0072017458143243803 0 0.0085857794682588726
leaf_weight=26.263181895017624 8.667957156896593 8.2751268744468707 13.488862708210943 61.196585774421692 9.5018369406461733 7.8359246253967276 10.694283932447432
leaf_count=113 37 39 59 264 41 33 47
internal_value=0.000378487 0.00244577 0.00528216 0.00790886 -0.00680539 -0.0135342 0.000502656
internal_weight=145.924 129.42 100.949 87.4598 28.4712 16.5039 20.1961
internal_count=633 563 436 377 127 70 88
is_linear=0
shrinkage=0.03


Tree=105
num_leaves=10
num_cat=0
split_feature=34 2 7 14 37 33 11 22 25
split_gain=4.2081 4.72748 5.15223 3.53796 3.46574 5.91894 3.86397 2.32512 0.0865929
threshold=0.02515875105011223 0.010090710701286089 -0.032151088959223285 -243.98944901926367 0.044491307883662408 0.94082106458449288 0.022547108671565178 -0.0061060775818208004 0.25409223099293732
decision_type=2 2 2 2 2 2 2 2 2
left_child=3 2 -2 -1 5 -5 -6 -3 -4
right_child=1 7 8 4 6 -7 -8 -9 -10
leaf_value=-0.010240105861408281 0.0040052104610654674 -0.0041522123563293841 -0.031055997119140224 0.012366560710330479 0.0078917469076869116 -0.011603745293761342 -0.016057399167844221 0.016719879321596971 -0.011702125646824151
leaf_weight=9.8532163351774198 6.9559893906116477 7.3840961903333664 6.8111581206321734 73.340387850999832 9.8861387521028536 8.3363885283470136 9.7666336894035322 6.8593983948230726 7.9945668578147888
leaf_count=43 30 33 32 314 41 35 44 30 37
internal_value=0.00204226 -0.0064613 -0.0149285 0.00499408 0.00679013 0.00952189 -0.0037011 0.00579699 -0.0241345
internal_weight=147.188 36.0052 21.7617 111.183 101.33 81.6768 19.6528 14.2435 14.8057
internal_count=639 162 99 477 434 349 85 63 69
is_linear=0
shrinkage=0.03


Tree=106
num_leaves=9
num_cat=0
split_feature=34 14 9 15 38 17 14 20
split_gain=3.98271 4.68132 5.02609 4.74769 3.39754 3.60574 2.99586 4.43559
threshold=0.02515875105011223 163.0182616016796 -0.053171065497856301 70.82189519538349 0.0073522421485820453 0.78461810996782344 -199.47557387819458 0.028997854887589863
decision_type=2 2 2 2 2 2 2 2
left_child=4 2 -2 -4 5 -1 -6 -8
right_child=1 -3 3 -5 6 -7 7 -9
leaf_value=0.025083812809832528 -0.016404152870600801 -0.023271808470550215 0.022520741169978913 -0.0046389204453574475 -0.011206313889973955 2.5619881458602209e-07 -0.0035682921902474097 0.010320549274734791
leaf_weight=11.68950328230858 8.7649916708469409 8.5791182219982129 9.1467958837747592 9.4364939630031568 11.016326457262037 10.23680643737316 33.954323574900627 44.226872682571411
leaf_count=50 39 39 41 43 48 44 145 190
internal_value=0.00195577 -0.00632273 0 0.00888979 0.00482935 0.0149788 0.00189617 0.00416296
internal_weight=147.051 35.9274 27.3483 18.5833 111.124 21.9263 89.1975 78.1812
internal_count=639 162 123 84 477 94 383 335
is_linear=0
shrinkage=0.03


Tree=107
num_leaves=11
num_cat=0
split_feature=37 2 13 35 34 23 34 22 40 0
split_gain=3.89921 6.72378 4.63844 4.03588 3.90458 3.32656 3.37338 2.83735 1.32051 1.26818
threshold=0.044491307883662408 0.018242799343872965 1.1587476260088432 0.02950493322693826 0.02515875105011223 1.0777717600445953 0.027499062616639373 0.052277343732783928 -0.018731052012226298 -0.0044647583542011806
decision_type=2 2 2 2 2 2 2 2 2 2
left_child=2 9 5 7 -5 6 -1 -4 -7 -2
right_child=1 -3 3 4 -6 8 -8 -9 -10 -11
leaf_value=0.017770864144968163 -0.0056996672365823122 0.0073276460031751608 -0.017685431652167644 0.014204824754694291 -0.0087329682117090017 0.0085668102667632948 -0.0016660143560836859 0.0011039836179604922 -0.0055119046370754295 -0.026393110463665159
leaf_weight=37.020405843853951 8.3607682287693041 13.757613837718962 15.560394510626795 16.197923675179485 8.0486810058355314 7.6696330159902599 7.9968044310808173 9.5301636308431608 13.759982317686079 8.9989494383335131
leaf_count=159 38 59 68 69 36 33 35 41 59 42
internal_value=0.00189231 -0.00706226 0.00450529 -0.00218342 0.00593385 0.00960953 0.0140751 -0.0104403 0 -0.01882
internal_weight=146.901 31.1173 115.784 49.3372 24.2466 66.4468 45.0172 25.0906 21.4296 17.3597
internal_count=639 139 500 214 105 286 194 109 92 80
is_linear=0
shrinkage=0.03


Tree=108
num_leaves=11
num_cat=0
split_feature=34 14 1 13 32 34 23 26 32 4
split_gain=3.6006 4.5041 7.8559 4.00443 7.55762 4.08142 3.0018 2.96363 1.68839 1.41041
threshold=0.02515875105011223 163.0182616016796 0.011935688483701747 1.1587476260088432 -0.017385106302010508 -0.0073404569576469561 1.0753791217979647 0.18723465289730354 0.006064037247706878 -0.051545052185623656
decision_type=2 2 2 2 2 2 2 2 2 2
left_child=3 2 9 4 -1 8 -6 -7 -5 -2
right_child=1 -3 -4 5 6 7 -8 -9 -10 -11
leaf_value=-0.01328761137825004 0 -0.022751437958790907 0.020085024508186666 -0.021341344841353166 0.017968951083429333 0.015235729496409106 0.00086473016821669391 -0.0023346444359771314 -0.0012309601961982999 -0.017062860313129858
leaf_weight=8.8903873562812787 7.0227121561765697 8.5096922516822797 9.4644738137721998 8.2142820954322833 39.439801499247551 11.866305708885195 14.592513084411619 18.863788485527039 9.1030926853418332 10.759507298469545
leaf_count=38 31 39 42 36 170 51 63 80 39 50
internal_value=0.00182468 -0.00605971 0 0.00456023 0.00946157 -0.00168041 0.0138131 0.0045082 -0.0127685 -0.0111184
internal_weight=146.727 35.7564 27.2467 110.97 62.9227 48.0475 54.0323 30.7301 17.3174 17.7822
internal_count=639 162 123 477 271 206 233 131 75 81
is_linear=0
shrinkage=0.03


Tree=109
num_leaves=8
num_cat=0
split_feature=37 1 23 14 40 37 11
split_gain=3.67529 7.31014 4.00628 5.08344 3.44379 1.65407 1.01555
threshold=0.044491307883662408 0.034907897354209079 1.2457396633371469 -243.98944901926367 0.043304665039097696 0.011290786042667646 0.022547108671565178
decision_type=2 2 2 2 2 2 2
left_child=2 6 3 -1 -5 -4 -2
right_child=1 -3 5 4 -6 -7 -8
leaf_value=-0.015697883449423605 -0.0050277185287505403 0.015333948423459731 0 0.0054378412971655601 0.021402346388546663 -0.018380121199796134 -0.021064219118119856
leaf_weight=6.3614820688962928 10.809410542249685 7.4723420888185492 7.0487896054983121 81.119420915842056 14.34469126164913 6.6790902018547058 12.734481662511824
leaf_count=28 46 31 30 351 61 30 62
internal_value=0.0017524 -0.00695185 0.00429488 0.0064584 0.00838057 -0.00957977 -0.0152589
internal_weight=146.57 31.0162 115.553 101.826 95.4641 13.7279 23.5439
internal_count=639 139 500 440 412 60 108
is_linear=0
shrinkage=0.03


Tree=110
num_leaves=7
num_cat=0
split_feature=26 38 36 36 3 33
split_gain=3.70737 3.61654 4.045 4.21536 3.451 5.48001
threshold=0.66369798234552346 0.0073080226851421591 0.0078623172955767425 0.0056694996618834063 -0.063519546978805339 0.67652103859809232
decision_type=2 2 2 2 2 2
left_child=1 2 3 -1 -3 -6
right_child=-2 4 -4 -5 5 -7
leaf_value=-0.0012929048890712592 0.015388395418607041 0.0081643136319681665 -0.0099946560630858865 0.022853614337171282 -0.013504469400660487 4.4223742552821579e-05
leaf_weight=9.4653943628072792 8.5711174011230451 12.306931331753729 7.7762977033853522 12.461208671331404 55.262179374694824 46.48689316213131
leaf_count=42 37 53 34 53 244 201
internal_value=-0.00157919 -0.002891 0.00592868 0.0125662 -0.00537969 -0.00728827
internal_weight=152.33 143.759 29.7029 21.9266 114.056 101.749
internal_count=664 627 129 95 498 445
is_linear=0
shrinkage=0.03


Tree=111
num_leaves=7
num_cat=0
split_feature=26 31 18 16 3 37
split_gain=3.52135 3.09968 4.1869 5.17274 3.7934 2.33036
threshold=0.66369798234552346 -2.4999999999999996 0.54786483625453186 10.857749104434804 0.00070156408833943484 0.011290786042667646
decision_type=2 2 2 2 2 2
left_child=1 5 4 -4 -3 -1
right_child=-2 2 3 -5 -6 -7
leaf_value=0.017799527968251867 0.015010589148542419 -0.0047228673265435677 0.012622676035420541 -0.0046822255145610951 -0.022458972003024616 -0.0020544535730020264
leaf_weight=8.7218765914440173 8.5735405981540662 41.635324776172638 20.053120955824852 50.293367505073547 15.439728811383246 7.5126219093799582
leaf_count=38 37 183 87 216 70 33
internal_value=-0.00151868 -0.00280072 -0.00447562 0.000255991 -0.0103726 0.00857172
internal_weight=152.23 143.656 127.422 70.3465 57.0751 16.2345
internal_count=664 627 556 303 253 71
is_linear=0
shrinkage=0.03


Tree=112
num_leaves=6
num_cat=0
split_feature=9 26 18 26 9
split_gain=3.35217 4.27574 3.73554 3.81879 1.81818
threshold=0.14081342992072762 0.66369798234552346 1.0000000180025095e-35 0.10535885167464117 0.17057598107191593
decision_type=2 2 2 2 2
left_child=1 2 -1 -4 -2
right_child=4 -3 3 -5 -6
leaf_value=0.012859043200732627 0.020332243554482453 0.016285860596069564 0.0029940259632147631 -0.008863867952495743 0
leaf_weight=8.0426197350025159 6.9763941466808301 7.4021258205175391 29.510231956839561 93.277698069810867 6.8848885595798492
leaf_count=34 30 32 128 410 30
internal_value=-0.00147009 -0.00301589 -0.00444964 -0.00589149 0.0114363
internal_weight=152.094 138.233 130.831 122.788 13.8613
internal_count=664 604 572 538 60
is_linear=0
shrinkage=0.03


Tree=113
num_leaves=9
num_cat=0
split_feature=15 4 14 18 15 14 4 14
split_gain=3.2165 3.81371 2.89426 4.58651 4.28987 3.4506 2.3476 0.901834
threshold=-86.466495538163727 -0.078901942743904593 217.53781511365744 0.84717719895406896 189.38209511412978 172.36539386297957 0.0037135409685801206 -183.34895776907612
decision_type=2 2 2 2 2 2 2 2
left_child=1 -1 4 -4 5 -2 7 -3
right_child=2 6 3 -5 -6 -7 -8 -9
leaf_value=0.0062175580245224914 0.0026927045079150323 -0.031245097588217776 -0.021783490374596166 0.0061016586324630249 0.022519713912561849 -0.015184582379090192 -0.00076098649732828853 -0.0082700644962530913
leaf_weight=7.2496563792228725 90.006617292761803 6.7223476320505169 9.9721874743700045 7.1241116523742667 7.0305564403533927 8.7807377427816373 8.0770054459571821 7.064410835504531
leaf_count=31 392 30 44 31 31 38 35 32
internal_value=-0.00139822 -0.0100488 0.000658751 -0.00995606 0.00266571 0.000685062 -0.01614 -0.0229619
internal_weight=152.028 29.1134 122.914 17.0963 105.818 98.7874 21.8638 13.7868
internal_count=664 128 536 75 461 430 97 62
is_linear=0
shrinkage=0.03


Tree=114
num_leaves=9
num_cat=0
split_feature=26 38 23 38 2 1 25 1
split_gain=3.16634 3.35092 4.34497 3.45125 5.49551 3.5236 1.86546 0.544511
threshold=0.66369798234552346 0.0073080226851421591 0.95576030341403928 0.0083020252050671813 -0.016149140358484356 0.0076041278792131637 0.24053571428571432 0.0078708701732329595
decision_type=2 2 2 2 2 2 2 2
left_child=1 2 7 4 -3 -5 -4 -1
right_child=-2 3 6 5 -6 -7 -8 -9
leaf_value=0.023040569001810698 0.014296767193757913 0.0033041936878425758 0.0048233387508122994 -0.007508716067030268 -0.023539108281011131 0.0041513091154930949 -0.013389507875438699 0.0054251687839724141
leaf_weight=7.2114589512348193 8.5672859251499158 8.6648406982421893 7.0748492777347556 46.402816981077194 16.988524183630943 41.666571736335754 8.0685851424932462 7.2731589376926422
leaf_count=31 37 38 31 205 74 181 36 31
internal_value=-0.00137295 -0.00259648 0.00589677 -0.00500251 -0.0143467 -0.00185601 -0.00443565 0.0168366
internal_weight=151.918 143.351 29.6281 113.723 25.6534 88.0694 15.1434 14.4846
internal_count=664 627 129 498 112 386 67 62
is_linear=0
shrinkage=0.03


Tree=115
num_leaves=12
num_cat=0
split_feature=11 3 7 28 20 28 28 37 4 37 3
split_gain=4.284 6.197 6.10425 5.52732 4.59624 6.09001 4.16105 3.66167 2.09715 1.98408 1.09377
threshold=0.038528631107197071 -0.011452141065021957 0.027434420627772928 6.5000000000000009 0.036332968001520062 8.5000000000000018 9.5000000000000018 0.039114561607407901 0.07056243469176017 0.018080413517888475 -0.025497180526826865
decision_type=2 2 2 2 2 2 2 2 2 2 2
left_child=1 6 3 7 5 -3 9 -2 -4 -1 -5
right_child=2 4 8 10 -6 -7 -8 -9 -10 -11 -12
leaf_value=0.010098253112670466 0.006632504483261698 0 -0.0028185036474377215 -0.0090288550518443297 0.010251797949288479 -0.022466278154819965 0.025784547223960542 -0.016463427334626364 0.016974279045133232 -0.0060217331708747098 -0.029936739857458011
leaf_weight=13.95832107961178 13.548892781138422 27.406323164701462 6.8164863884448987 8.3195238560438174 12.741039320826529 15.845377981662748 10.73243962228298 7.966259390115737 7.3210133463144302 9.1813161522150022 13.418533116579054
leaf_count=60 59 118 30 36 55 71 47 39 32 40 61
internal_value=-0.00206725 0.00189177 -0.00837398 -0.0139372 -0.00402349 -0.00882741 0.0117674 -0.00195409 0.00733498 0.0031353 -0.0240017
internal_weight=147.256 89.8648 57.3907 43.2532 55.9927 43.2517 33.8721 21.5152 14.1375 23.1396 21.7381
internal_count=648 391 257 195 244 189 147 98 62 100 97
is_linear=0
shrinkage=0.03


end of trees

feature_importances:
macro_usdjpy_ret_20=62
macro_topix_ret_20=53
vol_ratio=49
atr_pct=46
macd=41
macro_usdjpy_vol_20=41
macro_topix_vol_20=40
volatility=37
return_10d=35
ma_20_60_cross=35
ma_5_20_cross=32
macro_usdjpy_ret_60=29
return_5d=28
month=28
bb_bandwidth=27
price_position_20d=27
macd_signal=25
vol_change=24
macd_hist=23
candle_body_pct=23
div_ma_60=22
macro_nikkei_ret_20=22
rsi_change=20
lower_shadow_pct=20
gap=19
upper_shadow_pct=18
return_20d=15
return_2d=14
macd_hist_change=14
return_1d=13
div_ma_10=13
return_3d=12
bb_pct_b=12
rsi=10
streak=10
div_ma_20=7
macro_topix_above_200dma=6
div_ma_5=5
day_of_week=2
macro_nikkei_above_200dma=2

parameters:
[boosting: gbdt]
[objective: binary]
[metric: binary_logloss]
[tree_learner: serial]
[device_type: cpu]
[data_sample_strategy: bagging]
[data: ]
[valid: ]
[num_iterations: 500]
[learning_rate: 0.03]
[num_leaves: 15]
[num_threads: 0]
[seed: 42]
[deterministic: 0]
[force_col_wise: 0]
[force_row_wise: 0]
[histogram_pool_size: -1]
[max_depth: 4]
[min_data_in_leaf: 30]
[min_sum_hessian_in_leaf: 0.001]
[bagging_fraction: 0.7]
[pos_bagging_fraction: 1]
[neg_bagging_fraction: 1]
[bagging_freq: 5]
[bagging_seed: 400]
[bagging_by_query: 0]
[feature_fraction: 0.6]
[feature_fraction_bynode: 1]
[feature_fraction_seed: 30056]
[extra_trees: 0]
[extra_seed: 12879]
[early_stopping_round: 0]
[early_stopping_min_delta: 0]
[first_metric_only: 0]
[max_delta_step: 0]
[lambda_l1: 0.5]
[lambda_l2: 2]
[linear_lambda: 0]
[min_gain_to_split: 0]
[drop_rate: 0.1]
[max_drop: 50]
[skip_drop: 0.5]
[xgboost_dart_mode: 0]
[uniform_drop: 0]
[drop_seed: 17869]
[top_rate: 0.2]
[other_rate: 0.1]
[min_data_per_group: 100]
[max_cat_threshold: 32]
[cat_l2: 10]
[cat_smooth: 10]
[max_cat_to_onehot: 4]
[top_k: 20]
[monotone_constraints: ]
[monotone_constraints_method: basic]
[monotone_penalty: 0]
[feature_contri: ]
[forcedsplits_filename: ]
[refit_decay_rate: 0.9]
[cegb_tradeoff: 1]
[cegb_penalty_split: 0]
[cegb_penalty_feature_lazy: ]
[cegb_penalty_feature_coupled: ]
[path_smooth: 0]
[interaction_constraints: ]
[verbosity: -1]
[saved_feature_importance_type: 0]
[use_quantized_grad: 0]
[num_grad_quant_bins: 4]
[quant_train_renew_leaf: 0]
[stochastic_rounding: 1]
[linear_tree: 0]
[max_bin: 255]
[max_bin_by_feature: ]
[min_data_in_bin: 5]
[bin_construct_sample_cnt: 200000]
[data_random_seed: 175]
[is_enable_sparse: 1]
[enable_bundle: 1]
[use_missing: 1]
[zero_as_missing: 0]
[feature_pre_filter: 1]
[pre_partition: 0]
[two_round: 0]
[header: 0]
[label_column: ]
[weight_column: ]
[group_column: ]
[ignore_column: ]
[categorical_feature: ]
[forcedbins_filename: ]
[precise_float_parser: 0]
[parser_config_file: ]
[objective_seed: 16083]
[num_class: 1]
[is_unbalance: 0]
[scale_pos_weight: 1]
[sigmoid: 1]
[boost_from_average: 1]
[reg_sqrt: 0]
[alpha: 0.9]
[fair_c: 1]
[poisson_max_delta_step: 0.7]
[tweedie_variance_power: 1.5]
[lambdarank_truncation_level: 30]
[lambdarank_norm: 1]
[label_gain: ]
[lambdarank_position_bias_regularization: 0]
[eval_at: ]
[multi_error_top_k: 1]
[auc_mu_weights: ]
[num_machines: 1]
[local_listen_port: 12400]
[time_out: 120]
[machine_list_filename: ]
[machines: ]
[gpu_platform_id: -1]
[gpu_device_id: -1]
[gpu_use_dp: 0]
[num_gpu: 1]

end of parameters

pandas_categorical:[]
