{
  "feature_cols": [
    "return_1d",
    "return_2d",
    "return_3d",
    "return_5d",
    "return_10d",
    "return_20d",
    "div_ma_5",
    "div_ma_10",
    "div_ma_20",
    "div_ma_60",
    "ma_5_20_cross",
    "ma_20_60_cross",
    "rsi",
    "rsi_change",
    "macd",
    "macd_signal",
    "macd_hist",
    "macd_hist_change",
    "bb_pct_b",
    "bb_bandwidth",
    "atr_pct",
    "volatility",
    "vol_change",
    "vol_ratio",
    "candle_body_pct",
    "upper_shadow_pct",
    "lower_shadow_pct",
    "day_of_week",
    "month",
    "is_month_end",
    "is_month_start",
    "streak",
    "gap",
    "price_position_20d",
    "macro_usdjpy_ret_20",
    "macro_usdjpy_ret_60",
    "macro_usdjpy_vol_20",
    "macro_topix_ret_20",
    "macro_topix_vol_20",
    "macro_topix_above_200dma",
    "macro_nikkei_ret_20",
    "macro_nikkei_above_200dma",
    "macro_nikkei_vi",
    "macro_jgb10y",
    "macro_bias_score"
  ],
  "avg_up_ret": 0.01530017204360553,
  "avg_dn_ret": -0.009806828099145494,
  "n_bins": 10,
  "psi_ref_rows": 250,
  "psi": {
    "return_1d": {
      "edges": [
        -0.038344239876940356,
        -0.012210656258942664,
        -0.007998237986827106,
        -0.004856017031306746,
        -0.0027740102692051403,
        0.0,
        0.0023557648007820134,
        0.005500727357117775,
        0.007218964814512725,
        0.012543211872064017,
        0.039299257441712365
      ],
      "ref_props": [
        0.1,
        0.1,
        0.1,
        0.1,
        0.088,
        0.112,
        0.1,
        0.1,
        0.1,
        0.1
      ]
    },
    "return_2d": {
      "edges": [
        -0.05141613530177691,
        -0.01655280847788746,
        -0.01046880064548672,
        -0.007008927852570643,
        -0.004206420565137048,
        -0.00046551490827201336,
        0.00224303626666691,
        0.005944334471437785,
        0.011322722058946695,
        0.017903940703585117,
        0.04409796835850499
      ],
      "ref_props": [
        0.1,
        0.1,
        0.1,
        0.1,
        0.1,
        0.1,
        0.1,
        0.1,
        0.1,
        0.1
      ]
    },
    "return_3d": {
      "edges": [
        -0.05751632657186134,
        -0.020729728457549855,
        -0.013368733725240922,
        -0.007804172462569698,
        -0.003990720893461684,
        -0.0015511815153040898,
        0.0023066987642448742,
        0.0062698608980442236,
        0.011460137811529198,
        0.022442875854023044,
        0.060579091775125216
      ],
      "ref_props": [
        0.1,
        0.1,
        0.1,
        0.1,
        0.1,
        0.1,
        0.1,
        0.1,
        0.1,
        0.1
      ]
    },
    "return_5d": {
      "edges": [
        -0.07139707970037623,
        -0.02791959061959056,
        -0.015906719756859623,
        -0.010739429052084831,
        -0.005237956334882684,
        0.00045875565550268504,
        0.004155229517680638,
        0.009626082437115427,
        0.014459097613439689,
        0.023727343532167895,
        0.06294645581926628
      ],
      "ref_props": [
        0.1,
        0.1,
        0.1,
        0.1,
        0.1,
        0.1,
        0.1,
        0.1,
        0.1,
        0.1
      ]
    },
    "return_10d": {
      "edges": [
        -0.08311577828488426,
        -0.039293552047354685,
        -0.021603260687036753,
        -0.014553788001810057,
        -0.008464529700401789,
        -0.0025295947993301815,
        0.0036377140185231784,
        0.010240736246373653,
        0.01848714948359159,
        0.030904233242208746,
        0.11742775503970204
      ],
      "ref_props": [
        0.1,
        0.1,
        0.1,
        0.1,
        0.1,
        0.1,
        0.1,
        0.1,
        0.1,
        0.1
      ]
    },
    "return_20d": {
      "edges": [
        -0.09259259380951834,
        -0.04968262376717912,
        -0.03187222728268945,
        -0.018065236960652983,
        -0.008700746712838402,
        -0.003417671710808423,
        0.004134185396040692,
        0.0133057215821905,
        0.023872906992905698,
        0.03864478083211207,
        0.13003667559045007
      ],
      "ref_props": [
        0.1,
        0.1,
        0.1,
        0.1,
        0.1,
        0.1,
        0.1,
        0.1,
        0.1,
        0.1
      ]
    },
    "div_ma_5": {
      "edges": [
        -0.03781168087136503,
        -0.012510683109828747,
        -0.007958013126537314,
        -0.005519656962034126,
        -0.002822820562294167,
        -0.0006368390951335565,
        0.0016396441393086716,
        0.004391020197464454,
        0.0076154614632463515,
        0.014021873899505237,
        0.03136102171888943
      ],
      "ref_props": [
        0.1,
        0.1,
        0.1,
        0.1,
        0.1,
        0.1,
        0.1,
        0.1,
        0.1,
        0.1
      ]
    },
    "div_ma_10": {
      "edges": [
        -0.05621501281816893,
        -0.018940785515496515,
        -0.011823758351417211,
        -0.007693018673933103,
        -0.004178796248595536,
        -0.0006368201651775107,
        0.0022079632012556426,
        0.005141615124111016,
        0.010238386471389237,
        0.0188872691785395,
        0.057611183675024734
      ],
      "ref_props": [
        0.1,
        0.1,
        0.1,
        0.1,
        0.1,
        0.1,
        0.1,
        0.1,
        0.1,
        0.1
      ]
    },
    "div_ma_20": {
      "edges": [
        -0.06697665156611311,
        -0.026954873314657526,
        -0.01891808134178836,
        -0.012626091945363477,
        -0.007762944444416218,
        -0.002515741993229335,
        0.0020729082093814072,
        0.006599616311612496,
        0.014124622047964228,
        0.02293643877318468,
        0.09138347617852255
      ],
      "ref_props": [
        0.1,
        0.1,
        0.1,
        0.1,
        0.1,
        0.1,
        0.1,
        0.1,
        0.1,
        0.1
      ]
    },
    "div_ma_60": {
      "edges": [
        -0.07055053526157454,
        -0.033646115504232285,
        -0.022295286941737835,
        -0.015687527970894555,
        -0.01019077052100874,
        -0.004317307906421585,
        0.004020315723130761,
        0.013754202329697082,
        0.020868399542815337,
        0.033018705839609204,
        0.11227120095777054
      ],
      "ref_props": [
        0.1,
        0.1,
        0.1,
        0.1,
        0.1,
        0.1,
        0.1,
        0.1,
        0.1,
        0.1
      ]
    },
    "ma_5_20_cross": {
      "edges": [
        -0.041443037737338595,
        -0.020878703004985854,
        -0.01572800704678676,
        -0.007867272031297608,
        -0.004480088745372313,
        -0.0013693547322861654,
        0.0009397728216395512,
        0.004076251605588334,
        0.01031180749378553,
        0.016454865014637436,
        0.06255113619088126
      ],
      "ref_props": [
        0.1,
        0.1,
        0.1,
        0.1,
        0.1,
        0.1,
        0.1,
        0.1,
        0.1,
        0.1
      ]
    },
    "ma_20_60_cross": {
      "edges": [
        -0.042748625708304955,
        -0.016902529616661943,
        -0.012455762538644976,
        -0.009149520888069572,
        -0.003887827237146445,
        0.0012927937670533796,
        0.004944193294024095,
        0.010152396298797902,
        0.01618050876932773,
        0.020965046334024115,
        0.048528567721383364
      ],
      "ref_props": [
        0.1,
        0.1,
        0.1,
        0.1,
        0.1,
        0.1,
        0.1,
        0.1,
        0.1,
        0.1
      ]
    },
    "rsi": {
      "edges": [
        21.580559658833977,
        32.39235856193758,
        37.396735910735515,
        41.1545670387751,
        44.29219147645057,
        48.2402106544461,
        51.86155566795307,
        55.27156985624077,
        59.83532337895816,
        65.55517279306352,
        84.36122318999374
      ],