{
  "feature_cols": [
    "return_1d",
    "return_2d",
    "return_3d",
    "return_5d",
    "return_10d",
    "return_20d",
    "div_ma_5",
    "div_ma_10",
    "div_ma_20",
    "div_ma_60",
    "ma_5_20_cross",
    "ma_20_60_cross",
    "rsi",
    "rsi_change",
    "macd",
    "macd_signal",
    "macd_hist",
    "macd_hist_change",
    "bb_pct_b",
    "bb_bandwidth",
    "atr_pct",
    "volatility",
    "vol_change",
    "vol_ratio",
    "candle_body_pct",
    "upper_shadow_pct",
    "lower_shadow_pct",
    "day_of_week",
    "month",
    "is_month_end",
    "is_month_start",
    "streak",
    "gap",
    "price_position_20d",
    "macro_usdjpy_ret_20",
    "macro_usdjpy_ret_60",
    "macro_usdjpy_vol_20",
    "macro_topix_ret_20",
    "macro_topix_vol_20",
    "macro_topix_above_200dma",
    "macro_nikkei_ret_20",
    "macro_nikkei_above_200dma",
    "macro_nikkei_vi",
    "macro_jgb10y",
    "macro_bias_score"
  ],
  "avg_up_ret": 0.026935602863855598,
  "avg_dn_ret": -0.018335250503645227,
  "n_bins": 10,
  "psi_ref_rows": 250,
  "psi": {
    "return_1d": {
      "edges": [
        -0.04426450742240218,
        -0.019874616490377382,
        -0.011434945745867585,
        -0.0060197755557820365,
        -0.003954357459379618,
        0.0,
        0.003616122813894898,
        0.00822041994980796,
        0.01143234079800052,
        0.01854758900459594,
        0.08019639934533562
      ],
      "ref_props": [
        0.1,
        0.1,
        0.1,
        0.1,
        0.096,
        0.104,
        0.1,
        0.1,
        0.1,
        0.1
      ]
    },
    "return_2d": {
      "edges": [
        -0.06435331230283914,
        -0.025927499247126725,
        -0.01770364747456332,
        -0.011885516331243795,
        -0.006051203429240813,
        -0.0003035677011703486,
        0.005511105625857755,
        0.011051671687636589,
        0.01657758110771664,
        0.029101400274953424,
        0.09163083030102537
      ],
      "ref_props": [
        0.1,
        0.1,
        0.1,
        0.1,
        0.1,
        0.1,
        0.1,
        0.1,
        0.1,
        0.1
      ]
    },
    "return_3d": {
      "edges": [
        -0.08569667077681875,
        -0.03258718413365393,
        -0.022730456273223676,
        -0.012876078864814774,
        -0.007313373980040638,
        -0.001381189582344844,
        0.008144836439289939,
        0.012413337027203398,
        0.02205776562441565,
        0.040846199314339644,
        0.12474437627811863
      ],
      "ref_props": [
        0.1,
        0.1,
        0.1,
        0.1,
        0.1,
        0.1,
        0.1,
        0.1,
        0.1,
        0.1
      ]
    },
    "return_5d": {
      "edges": [
        -0.0944968553459119,
        -0.045035965793676754,
        -0.024052544536644824,
        -0.015233574340813849,
        -0.0088403423651638,
        -0.0014278955212069788,
        0.0069855634561516835,
        0.017048636336298783,
        0.027517737080327512,
        0.04660090600627518,
        0.14225670869705787
      ],
      "ref_props": [
        0.1,
        0.1,
        0.1,
        0.1,
        0.1,
        0.1,
        0.1,
        0.1,
        0.1,
        0.1
      ]
    },
    "return_10d": {
      "edges": [
        -0.11362975879104908,
        -0.04999735626769841,
        -0.035921873461467996,
        -0.023269684309636263,
        -0.013676541379051853,
        -0.004501720267678477,
        0.007418589128714721,
        0.02096849460742732,
        0.03721865805483435,
        0.06831143307911929,
        0.1681215648237957
      ],
      "ref_props": [
        0.1,
        0.1,
        0.1,
        0.1,
        0.1,
        0.1,
        0.1,
        0.1,
        0.1,
        0.1
      ]
    },
    "return_20d": {
      "edges": [
        -0.11857018308631206,
        -0.06906992960721538,
        -0.050733135682101804,
        -0.038656491809207855,
        -0.022589406406621503,
        -0.006540624907971804,
        0.010906192457515179,
        0.02713996346301647,
        0.045486156290258074,
        0.1130296582667166,
        0.2098765432098766
      ],
      "ref_props": [
        0.1,
        0.1,
        0.1,
        0.1,
        0.1,
        0.1,
        0.1,
        0.1,
        0.1,
        0.1
      ]
    },
    "div_ma_5": {
      "edges": [
        -0.05160836477585217,
        -0.023122787587162498,
        -0.012687950635585426,
        -0.008048836332518726,
        -0.004720917778952687,
        -0.001451783355378241,
        0.0032402556998212353,
        0.008236430994413596,
        0.014886076337349206,
        0.024327246460945997,
        0.08641975308641975
      ],
      "ref_props": [
        0.1,
        0.1,
        0.1,
        0.1,
        0.1,
        0.1,
        0.1,
        0.1,
        0.1,
        0.1
      ]
    },
    "div_ma_10": {
      "edges": [
        -0.0641611866022524,
        -0.03236597230782774,
        -0.017967594622069805,
        -0.010785584965400587,
        -0.006054694972981398,
        -0.00075488334553653,
        0.002644730086573591,
        0.009962671510592724,
        0.01897749371604849,
        0.03709155782715309,
        0.10846125424070407
      ],
      "ref_props": [
        0.1,
        0.1,
        0.1,
        0.1,
        0.1,
        0.1,
        0.1,
        0.1,
        0.1,
        0.1
      ]
    },
    "div_ma_20": {
      "edges": [
        -0.07479031108279874,
        -0.040473686162700556,
        -0.02908037258925929,
        -0.021002169537144524,
        -0.011207512133745772,
        -0.002345029090319602,
        0.005394427183739333,
        0.017176034991548347,
        0.0295215491893701,
        0.05011706430615158,
        0.12008496540354607
      ],
      "ref_props": [
        0.1,
        0.1,
        0.1,
        0.1,
        0.1,
        0.1,
        0.1,
        0.1,
        0.1,
        0.1
      ]
    },
    "div_ma_60": {
      "edges": [
        -0.09623713686423378,
        -0.06770440533779816,
        -0.05628511490979191,
        -0.03637591640132281,
        -0.015655062819401704,
        0.0003920384997632459,
        0.01295086388635832,
        0.0323094778508049,
        0.07071620299337744,
        0.10185240360914327,
        0.14392571575960797
      ],
      "ref_props": [
        0.1,
        0.1,
        0.1,
        0.1,
        0.1,
        0.1,
        0.1,
        0.1,
        0.1,
        0.1
      ]
    },
    "ma_5_20_cross": {
      "edges": [
        -0.05647093335940934,
        -0.035429887925826374,
        -0.020687039488818424,
        -0.014167014717408343,
        -0.008597549847348018,
        -0.0026397941243379575,
        0.004115890526397299,
        0.011240097022496311,
        0.022582341823771838,
        0.0359615789965666,
        0.09315926731787116
      ],
      "ref_props": [
        0.1,
        0.1,
        0.1,
        0.1,
        0.1,
        0.1,
        0.1,
        0.1,
        0.1,
        0.1
      ]
    },
    "ma_20_60_cross": {
      "edges": [
        -0.057355976947102594,
        -0.04756318683010372,
        -0.036228978845882664,
        -0.023343295851387034,
        -0.015082120266578666,
        -0.004388522820610585,
        0.004627855287356856,
        0.024060293433173473,
        0.05143757234673836,
        0.07224365436483915,
        0.09531509851858111
      ],
      "ref_props": [
        0.1,
        0.1,
        0.1,
        0.1,
        0.1,
        0.1,
        0.1,
        0.1,
        0.1,
        0.1
      ]
    },
    "rsi": {
      "edges": [
        15.432098765432087,
        28.50882478471542,
        34.07244607244607,
        40.68418418418418,
        44.94823154357598,
        49.85358711566618,
        52.56697640830991,
        57.133532289494845,
        61.76732026143791,
        67.75385700797858,
        88.74172185430464
      ],