{
  "feature_cols": [
    "return_1d",
    "return_2d",
    "return_3d",
    "return_5d",
    "return_10d",
    "return_20d",
    "div_ma_5",
    "div_ma_10",
    "div_ma_20",
    "div_ma_60",
    "ma_5_20_cross",
    "ma_20_60_cross",
    "rsi",
    "rsi_change",
    "macd",
    "macd_signal",
    "macd_hist",
    "macd_hist_change",
    "bb_pct_b",
    "bb_bandwidth",
    "atr_pct",
    "volatility",
    "vol_change",
    "vol_ratio",
    "candle_body_pct",
    "upper_shadow_pct",
    "lower_shadow_pct",
    "day_of_week",
    "month",
    "is_month_end",
    "is_month_start",
    "streak",
    "gap",
    "price_position_20d",
    "macro_usdjpy_ret_20",
    "macro_usdjpy_ret_60",
    "macro_usdjpy_vol_20",
    "macro_topix_ret_20",
    "macro_topix_vol_20",
    "macro_topix_above_200dma",
    "macro_nikkei_ret_20",
    "macro_nikkei_above_200dma",
    "macro_nikkei_vi",
    "macro_jgb10y",
    "macro_bias_score"
  ],
  "avg_up_ret": 0.0313105305990435,
  "avg_dn_ret": -0.01814421897351749,
  "n_bins": 10,
  "psi_ref_rows": 250,
  "psi": {
    "return_1d": {
      "edges": [
        -0.06526429341963325,
        -0.024185010882788092,
        -0.012405430721973263,
        -0.006644328794467786,
        -0.0021732403771856394,
        0.002617435925245548,
        0.0071823297466665735,
        0.01068310207901242,
        0.017243709284793064,
        0.028343543049375364,
        0.08969236915701151
      ],
      "ref_props": [
        0.1,
        0.1,
        0.1,
        0.1,
        0.1,
        0.1,
        0.1,
        0.1,
        0.1,
        0.1
      ]
    },
    "return_2d": {
      "edges": [
        -0.09219486642221053,
        -0.030656516401993194,
        -0.014780741561261277,
        -0.008372924953722079,
        -0.0016528782490893511,
        0.003822522226427316,
        0.009738532560109286,
        0.015156542910725131,
        0.02331462775907221,
        0.04270161168332107,
        0.10035743744844661
      ],
      "ref_props": [
        0.1,
        0.1,
        0.1,
        0.1,
        0.1,
        0.1,
        0.1,
        0.1,
        0.1,
        0.1
      ]
    },
    "return_3d": {
      "edges": [
        -0.1330665332666333,
        -0.030917805022527806,
        -0.014622321135868964,
        -0.00936913759580905,
        -0.0012027734293876598,
        0.006307432990707906,
        0.011759508959950357,
        0.01915152202762818,
        0.0314684098205138,
        0.04731586025811978,
        0.11228460255697614
      ],
      "ref_props": [
        0.1,
        0.1,
        0.1,
        0.1,
        0.1,
        0.1,
        0.1,
        0.1,
        0.1,
        0.1
      ]
    },
    "return_5d": {
      "edges": [
        -0.095714523928631,
        -0.032778467535146925,
        -0.016880378025251618,
        -0.008340496317504668,
        0.00023282887077993639,
        0.008076894916917432,
        0.015988613152630657,
        0.027676389533184107,
        0.040033826120549204,
        0.06284401934495315,
        0.13204691638289812
      ],
      "ref_props": [
        0.1,
        0.1,
        0.1,
        0.1,
        0.1,
        0.1,
        0.1,
        0.1,
        0.1,
        0.1
      ]
    },
    "return_10d": {
      "edges": [
        -0.14824078706019672,
        -0.036876411325343104,
        -0.0145867317916059,
        -0.0033088046547445895,
        0.00826976836963085,
        0.020743261599734386,
        0.032435721534902276,
        0.0512506782715867,
        0.06401818597227181,
        0.08876726311578655,
        0.16049382716049387
      ],
      "ref_props": [
        0.1,
        0.1,
        0.1,
        0.1,
        0.1,
        0.1,
        0.1,
        0.1,
        0.1,
        0.1
      ]
    },
    "return_20d": {
      "edges": [
        -0.18273780388317828,
        -0.02819253676109469,
        -0.0037651900374991963,
        0.015504046325749764,
        0.03139002587697766,
        0.050183527000785766,
        0.0651669167454487,
        0.07935550853142422,
        0.10207497595083925,
        0.13605545839775599,
        0.2036354704003931
      ],
      "ref_props": [
        0.1,
        0.1,
        0.1,
        0.1,
        0.1,
        0.1,
        0.1,
        0.1,
        0.1,
        0.1
      ]
    },
    "div_ma_5": {
      "edges": [
        -0.08387665198237886,
        -0.02025339703367827,
        -0.009229719217346765,
        -0.005224548410617619,
        -0.0005379263470240461,
        0.0032113582154972564,
        0.007747882117216748,
        0.011505239402046088,
        0.018630964411862672,
        0.02963958529400106,
        0.07194514383671717
      ],
      "ref_props": [
        0.1,
        0.1,
        0.1,
        0.1,
        0.1,
        0.1,
        0.1,
        0.1,
        0.1,
        0.1
      ]
    },
    "div_ma_10": {
      "edges": [
        -0.10132752540966601,
        -0.025364775464102967,
        -0.011817893655469924,
        -0.0037079851861555393,
        0.0028572575897773934,
        0.007970967456539715,
        0.015858402246890734,
        0.022561500394991118,
        0.029263311120463733,
        0.0452939958038566,
        0.09235734043643067
      ],
      "ref_props": [
        0.1,
        0.1,
        0.1,
        0.1,
        0.1,
        0.1,
        0.1,
        0.1,
        0.1,
        0.1
      ]
    },
    "div_ma_20": {
      "edges": [
        -0.10782774331385626,
        -0.01776464438172019,
        -0.00445688624856685,
        0.0030263568795065292,
        0.009656745752332404,
        0.020928621782260782,
        0.03073904843542561,
        0.039038505262684,
        0.0506975910473143,
        0.07236251524281942,
        0.11540773164895737
      ],
      "ref_props": [
        0.1,
        0.1,
        0.1,
        0.1,
        0.1,
        0.1,
        0.1,
        0.1,
        0.1,
        0.1
      ]
    },
    "div_ma_60": {
      "edges": [
        -0.08592366263534938,
        -0.014162632718124648,
        0.01407184433364323,
        0.02548239799057729,
        0.03645367079908488,
        0.05649509387798653,
        0.07258548095142646,
        0.10081142324558526,
        0.12342890834293703,
        0.14916113288933572,
        0.21894465525882428
      ],
      "ref_props": [
        0.1,
        0.1,
        0.1,
        0.1,
        0.1,
        0.1,
        0.1,
        0.1,
        0.1,
        0.1
      ]
    },
    "ma_5_20_cross": {
      "edges": [
        -0.07699519919436748,
        -0.012045675598539451,
        -0.00424079468260936,
        0.0023512246581677276,
        0.007831986671136451,
        0.01733396097967832,
        0.02485423300457801,
        0.031027459333487207,
        0.0408390439698545,
        0.05005390547516571,
        0.07735692562897434
      ],
      "ref_props": [
        0.1,
        0.1,
        0.1,
        0.1,
        0.1,
        0.1,
        0.1,
        0.1,
        0.1,
        0.1
      ]
    },
    "ma_20_60_cross": {
      "edges": [
        -0.04985524135545061,
        -0.007830200343242132,
        0.00903588716088941,
        0.021117455045953023,
        0.028043284424184602,
        0.03981194997502302,
        0.04886277293004582,
        0.06326308445322291,
        0.08126871625313861,
        0.10138015915769362,
        0.1148458648589874
      ],
      "ref_props": [
        0.1,
        0.1,
        0.1,
        0.1,
        0.1,
        0.1,
        0.1,
        0.1,
        0.1,
        0.1
      ]
    },
    "rsi": {
      "edges": [
        28.246249353336793,
        42.34338542813119,
        47.86124401913875,
        51.198786354804184,
        54.72862166530218,
        58.33595552758548,
        61.29745471835485,
        65.14796966776382,
        67.40593588902992,
        72.03764297899713,
        83.9622641509434
      ],