{
  "feature_cols": [
    "return_1d",
    "return_2d",
    "return_3d",
    "return_5d",
    "return_10d",
    "return_20d",
    "div_ma_5",
    "div_ma_10",
    "div_ma_20",
    "div_ma_60",
    "ma_5_20_cross",
    "ma_20_60_cross",
    "rsi",
    "rsi_change",
    "macd",
    "macd_signal",
    "macd_hist",
    "macd_hist_change",
    "bb_pct_b",
    "bb_bandwidth",
    "atr_pct",
    "volatility",
    "vol_change",
    "vol_ratio",
    "candle_body_pct",
    "upper_shadow_pct",
    "lower_shadow_pct",
    "day_of_week",
    "month",
    "is_month_end",
    "is_month_start",
    "streak",
    "gap",
    "price_position_20d",
    "macro_usdjpy_ret_20",
    "macro_usdjpy_ret_60",
    "macro_usdjpy_vol_20",
    "macro_topix_ret_20",
    "macro_topix_vol_20",
    "macro_topix_above_200dma",
    "macro_nikkei_ret_20",
    "macro_nikkei_above_200dma",
    "macro_nikkei_vi",
    "macro_jgb10y",
    "macro_bias_score"
  ],
  "avg_up_ret": 0.016339612738231583,
  "avg_dn_ret": -0.01273274983666015,
  "n_bins": 10,
  "psi_ref_rows": 250,
  "psi": {
    "return_1d": {
      "edges": [
        -0.03346201513821179,
        -0.011000292282125743,
        -0.00726483613778228,
        -0.004782094872571264,
        -0.0030510789146315216,
        -0.00064832472941595,
        0.0013154500295557096,
        0.004430397709938517,
        0.008009553094877036,
        0.011434729282923372,
        0.028864657961359175
      ],
      "ref_props": [
        0.1,
        0.1,
        0.1,
        0.1,
        0.1,
        0.1,
        0.1,
        0.1,
        0.1,
        0.1
      ]
    },
    "return_2d": {
      "edges": [
        -0.051767659496255725,
        -0.014365488303420082,
        -0.011147520972079938,
        -0.007746419864427234,
        -0.004423326800785942,
        -0.0006618036001178051,
        0.001960539657783091,
        0.005928867483250522,
        0.009855380947286562,
        0.016125154600315023,
        0.04506854096282065
      ],
      "ref_props": [
        0.1,
        0.096,
        0.104,
        0.1,
        0.1,
        0.1,
        0.1,
        0.1,
        0.1,
        0.1
      ]
    },
    "return_3d": {
      "edges": [
        -0.049968430425618826,
        -0.01744820630455972,
        -0.013730974569046971,
        -0.009776547505607887,
        -0.0044642771530718495,
        -0.0015979461383512916,
        0.002860545107551336,
        0.008018429954531215,
        0.0117424314067947,
        0.018687369560319817,
        0.06466357610587337
      ],
      "ref_props": [
        0.1,
        0.1,
        0.1,
        0.1,
        0.1,
        0.1,
        0.1,
        0.1,
        0.1,
        0.1
      ]
    },
    "return_5d": {
      "edges": [
        -0.0635910058377237,
        -0.023716283121905022,
        -0.01665321990160822,
        -0.011329971425886431,
        -0.006776073254833778,
        0.0,
        0.005130238924823961,
        0.009778875856432095,
        0.014961489043338591,
        0.02489522323451989,
        0.06466357610587337
      ],
      "ref_props": [
        0.1,
        0.1,
        0.1,
        0.1,
        0.096,
        0.104,
        0.1,
        0.1,
        0.1,
        0.1
      ]
    },
    "return_10d": {
      "edges": [
        -0.06215388371394226,
        -0.03888041465578982,
        -0.024533720664065825,
        -0.017851208858968202,
        -0.009206967827488775,
        -0.0019133625541183918,
        0.007606387742579965,
        0.014872134186856562,
        0.02135416944556342,
        0.0365707699331312,
        0.0809927720584176
      ],
      "ref_props": [
        0.1,
        0.1,
        0.1,
        0.1,
        0.1,
        0.1,
        0.1,
        0.1,
        0.1,
        0.1
      ]
    },
    "return_20d": {
      "edges": [
        -0.0587507741452884,
        -0.03800146286554812,
        -0.029836189052392867,
        -0.020812895194960518,
        -0.01347064816344654,
        -0.005435481807222309,
        0.00781774890266669,
        0.01779316473904531,
        0.02561718435773135,
        0.039241943308876315,
        0.10000000000000009
      ],
      "ref_props": [
        0.1,
        0.1,
        0.1,
        0.1,
        0.1,
        0.1,
        0.1,
        0.1,
        0.1,
        0.1
      ]
    },
    "div_ma_5": {
      "edges": [
        -0.03865848991936453,
        -0.010841783141220343,
        -0.008660566585249604,
        -0.0066188128499186415,
        -0.003515062159592909,
        -0.0008253132703027353,
        0.0017928944934097173,
        0.0047253972619520366,
        0.007581233524999686,
        0.011753696551815962,
        0.035709735058831
      ],
      "ref_props": [
        0.1,
        0.1,
        0.1,
        0.1,
        0.1,
        0.1,
        0.1,
        0.1,
        0.1,
        0.1
      ]
    },
    "div_ma_10": {
      "edges": [
        -0.051408377370111294,
        -0.01841618563892878,
        -0.012894195933056945,
        -0.009531009276830496,
        -0.005735400290191855,
        -0.0014785810768938538,
        0.0027709046492303446,
        0.006717921033922347,
        0.01242432182827573,
        0.020022610599077596,
        0.05086712242022829
      ],
      "ref_props": [
        0.1,
        0.1,
        0.1,
        0.1,
        0.1,
        0.1,
        0.1,
        0.1,
        0.1,
        0.1
      ]
    },
    "div_ma_20": {
      "edges": [
        -0.04245826620040103,
        -0.024426507446945144,
        -0.017211300677020158,
        -0.012704763012983929,
        -0.008668921573677841,
        -0.0035077013205892923,
        0.003391869476430629,
        0.008594107788432797,
        0.01535667781693426,
        0.02449411301648011,
        0.06469839731683323
      ],
      "ref_props": [
        0.1,
        0.1,
        0.1,
        0.1,
        0.1,
        0.1,
        0.1,
        0.1,
        0.1,
        0.1
      ]
    },
    "div_ma_60": {
      "edges": [
        -0.05236594985336159,
        -0.026353957265169096,
        -0.019162036288741635,
        -0.013378345440820638,
        -0.006985357159101904,
        -0.0018726454859217144,
        0.007015474225827565,
        0.012666398384692973,
        0.019332289288788045,
        0.033759748832928024,
        0.07642573711221648
      ],
      "ref_props": [
        0.1,
        0.1,
        0.1,
        0.1,
        0.1,
        0.1,
        0.1,
        0.1,
        0.1,
        0.1
      ]
    },
    "ma_5_20_cross": {
      "edges": [
        -0.03343778139215392,
        -0.0183118099904504,
        -0.014075784522670175,
        -0.011055210072048205,
        -0.007248698781642533,
        -0.002542298474275284,
        0.003737093382347423,
        0.007166181404336293,
        0.01398323042876868,
        0.019643533408403722,
        0.04799846096341076
      ],
      "ref_props": [
        0.1,
        0.1,
        0.1,
        0.1,
        0.1,
        0.1,
        0.1,
        0.1,
        0.1,
        0.1
      ]
    },
    "ma_20_60_cross": {
      "edges": [
        -0.02030690460760054,
        -0.014786495791127285,
        -0.012071348331598663,
        -0.008890717065893273,
        -0.006007785199659543,
        -0.000300656322843762,
        0.00498480357927115,
        0.009683389951235856,
        0.014809668165511889,
        0.028381874358816492,
        0.03376378422708659
      ],
      "ref_props": [
        0.1,
        0.1,
        0.1,
        0.1,
        0.1,
        0.1,
        0.1,
        0.1,
        0.1,
        0.1
      ]
    },
    "rsi": {
      "edges": [
        13.492049075207731,
        29.611069149394982,
        35.48368741766463,
        39.569674381807204,
        43.760840100020815,
        49.01962544261588,
        54.17899054299288,
        58.333018189427214,
        62.60380443506056,
        67.41688067560061,
        79.50822850195988
      ],