{
  "feature_cols": [
    "return_1d",
    "return_2d",
    "return_3d",
    "return_5d",
    "return_10d",
    "return_20d",
    "div_ma_5",
    "div_ma_10",
    "div_ma_20",
    "div_ma_60",
    "ma_5_20_cross",
    "ma_20_60_cross",
    "rsi",
    "rsi_change",
    "macd",
    "macd_signal",
    "macd_hist",
    "macd_hist_change",
    "bb_pct_b",
    "bb_bandwidth",
    "atr_pct",
    "volatility",
    "vol_change",
    "vol_ratio",
    "candle_body_pct",
    "upper_shadow_pct",
    "lower_shadow_pct",
    "day_of_week",
    "month",
    "is_month_end",
    "is_month_start",
    "streak",
    "gap",
    "price_position_20d",
    "macro_usdjpy_ret_20",
    "macro_usdjpy_ret_60",
    "macro_usdjpy_vol_20",
    "macro_topix_ret_20",
    "macro_topix_vol_20",
    "macro_topix_above_200dma",
    "macro_nikkei_ret_20",
    "macro_nikkei_above_200dma",
    "macro_nikkei_vi",
    "macro_jgb10y",
    "macro_bias_score"
  ],
  "avg_up_ret": 0.028645563929656656,
  "avg_dn_ret": -0.016231471266672372,
  "n_bins": 10,
  "psi_ref_rows": 250,
  "psi": {
    "return_1d": {
      "edges": [
        -0.055413687436159376,
        -0.02202179130042371,
        -0.012803071063451198,
        -0.006478183469573069,
        -0.0019332426359108129,
        0.0020324157194899772,
        0.00535268593757846,
        0.010438519813519842,
        0.01450185448723805,
        0.02408234699543905,
        0.08496978851963743
      ],
      "ref_props": [
        0.1,
        0.1,
        0.1,
        0.1,
        0.1,
        0.1,
        0.1,
        0.1,
        0.1,
        0.1
      ]
    },
    "return_2d": {
      "edges": [
        -0.09141981613891725,
        -0.024677226898640506,
        -0.01547679885765245,
        -0.00894595933894003,
        -0.003750160986653104,
        0.000964859994213696,
        0.0071024833478451664,
        0.013819341079847815,
        0.0207247148936478,
        0.03748734878908083,
        0.11776967170401242
      ],
      "ref_props": [
        0.1,
        0.1,
        0.1,
        0.1,
        0.1,
        0.1,
        0.1,
        0.1,
        0.1,
        0.1
      ]
    },
    "return_3d": {
      "edges": [
        -0.09646739130434778,
        -0.03569821075523672,
        -0.01959723755602689,
        -0.011034340313071708,
        -0.001933948093732239,
        0.004047743512908264,
        0.009758851172714023,
        0.017414242181321468,
        0.0262327553564667,
        0.048758449465202865,
        0.12954186413902047
      ],
      "ref_props": [
        0.1,
        0.1,
        0.1,
        0.1,
        0.1,
        0.1,
        0.1,
        0.1,
        0.1,
        0.1
      ]
    },
    "return_5d": {
      "edges": [
        -0.11746680286006128,
        -0.03729067433262867,
        -0.021393935965945965,
        -0.01291381726164331,
        -0.0035453541795629757,
        0.00577516597665817,
        0.012477435516148019,
        0.01893323517949608,
        0.03372119035751751,
        0.06849069616028781,
        0.21186440677966112
      ],
      "ref_props": [
        0.1,
        0.1,
        0.1,
        0.1,
        0.1,
        0.1,
        0.1,
        0.1,
        0.1,
        0.1
      ]
    },
    "return_10d": {
      "edges": [
        -0.13559754851889683,
        -0.05512637876436722,
        -0.024170318382516265,
        -0.012094636756229104,
        -0.0009617289611176352,
        0.011879521760036482,
        0.022806955686817534,
        0.040461351445624474,
        0.06919749639364692,
        0.0942064818076545,
        0.22682166146867022
      ],
      "ref_props": [
        0.1,
        0.1,
        0.1,
        0.1,
        0.1,
        0.1,
        0.1,
        0.1,
        0.1,
        0.1
      ]
    },
    "return_20d": {
      "edges": [
        -0.21552604698672118,
        -0.07774628656618733,
        -0.04187160893476358,
        -0.012028520279029549,
        0.005266367275904438,
        0.02519664632430174,
        0.06269324324416815,
        0.08946925132036825,
        0.11520772208689617,
        0.1563251472234226,
        0.2543859649122806
      ],
      "ref_props": [
        0.1,
        0.1,
        0.1,
        0.1,
        0.1,
        0.1,
        0.1,
        0.1,
        0.1,
        0.1
      ]
    },
    "div_ma_5": {
      "edges": [
        -0.05400919910854004,
        -0.018532867185363504,
        -0.012709618710309846,
        -0.007606403369414149,
        -0.0021038543062872235,
        0.0013239987529957693,
        0.006194620806325791,
        0.012457589648093454,
        0.018100239025721134,
        0.02868670702735223,
        0.09472287434929055
      ],
      "ref_props": [
        0.1,
        0.1,
        0.1,
        0.1,
        0.1,
        0.1,
        0.1,
        0.1,
        0.1,
        0.1
      ]
    },
    "div_ma_10": {
      "edges": [
        -0.09039129691860799,
        -0.027951932000893406,
        -0.0160519390727024,
        -0.009256614334997615,
        -0.002495776812462155,
        0.004894387841370369,
        0.011592481680731294,
        0.017993771657085253,
        0.0266360294243755,
        0.048925353901197614,
        0.15207992050917105
      ],
      "ref_props": [
        0.1,
        0.1,
        0.1,
        0.1,
        0.1,
        0.1,
        0.1,
        0.1,
        0.1,
        0.1
      ]
    },
    "div_ma_20": {
      "edges": [
        -0.11064084536455648,
        -0.04921785375243906,
        -0.02303797325927011,
        -0.009867248356189226,
        -0.00022527442273362466,
        0.013200454125117608,
        0.025637449243213657,
        0.04169671557140483,
        0.055213361483554525,
        0.07556856544121666,
        0.17193902638911657
      ],
      "ref_props": [
        0.1,
        0.1,
        0.1,
        0.1,
        0.1,
        0.1,
        0.1,
        0.1,
        0.1,
        0.1
      ]
    },
    "div_ma_60": {
      "edges": [
        -0.1599342465753425,
        -0.06551131948791569,
        -0.008499140099005183,
        0.012174427484902698,
        0.03534442461926788,
        0.056371773813225556,
        0.0769860097690809,
        0.11016992404403615,
        0.1550026856388553,
        0.18671256778025014,
        0.29356005032997967
      ],
      "ref_props": [
        0.1,
        0.1,
        0.1,
        0.1,
        0.1,
        0.1,
        0.1,
        0.1,
        0.1,
        0.1
      ]
    },
    "ma_5_20_cross": {
      "edges": [
        -0.07779603646118616,
        -0.04140950227059518,
        -0.014549857679997611,
        -0.007511020865436722,
        0.0008705068681560852,
        0.010481384504974378,
        0.01898980900398475,
        0.031874670313570566,
        0.04512803937635726,
        0.057137335957395334,
        0.12123826844194285
      ],
      "ref_props": [
        0.1,
        0.1,
        0.1,
        0.1,
        0.1,
        0.1,
        0.1,
        0.1,
        0.1,
        0.1
      ]
    },
    "ma_20_60_cross": {
      "edges": [
        -0.10158857419872092,
        -0.045106642402822805,
        -0.005259667081257335,
        0.014519307977130547,
        0.02707368395151769,
        0.04000195323267908,
        0.05651521774074562,
        0.08637777714771151,
        0.10358745544507877,
        0.12290904060037688,
        0.13996977710615788
      ],
      "ref_props": [
        0.1,
        0.1,
        0.1,
        0.1,
        0.1,
        0.1,
        0.1,
        0.1,
        0.1,
        0.1
      ]
    },
    "rsi": {
      "edges": [
        19.176954732510282,
        37.38803779913565,
        42.46907687321371,
        46.398876897429155,
        50.45734961555857,
        57.00934579439252,
        63.02837097352385,
        67.8928982945688,
        71.98755601478004,
        75.86309295241021,
        87.62475049900199
      ],