{
  "feature_cols": [
    "return_1d",
    "return_2d",
    "return_3d",
    "return_5d",
    "return_10d",
    "return_20d",
    "div_ma_5",
    "div_ma_10",
    "div_ma_20",
    "div_ma_60",
    "ma_5_20_cross",
    "ma_20_60_cross",
    "rsi",
    "rsi_change",
    "macd",
    "macd_signal",
    "macd_hist",
    "macd_hist_change",
    "bb_pct_b",
    "bb_bandwidth",
    "atr_pct",
    "volatility",
    "vol_change",
    "vol_ratio",
    "candle_body_pct",
    "upper_shadow_pct",
    "lower_shadow_pct",
    "day_of_week",
    "month",
    "is_month_end",
    "is_month_start",
    "streak",
    "gap",
    "price_position_20d",
    "macro_usdjpy_ret_20",
    "macro_usdjpy_ret_60",
    "macro_usdjpy_vol_20",
    "macro_topix_ret_20",
    "macro_topix_vol_20",
    "macro_topix_above_200dma",
    "macro_nikkei_ret_20",
    "macro_nikkei_above_200dma",
    "macro_nikkei_vi",
    "macro_jgb10y",
    "macro_bias_score"
  ],
  "avg_up_ret": 0.03169046349326558,
  "avg_dn_ret": -0.02279914435815271,
  "n_bins": 10,
  "psi_ref_rows": 250,
  "psi": {
    "return_1d": {
      "edges": [
        -0.061359026369168346,
        -0.02263367384943584,
        -0.014634640404579513,
        -0.008952511397958803,
        -0.004631774091112195,
        9.875567845152311e-05,
        0.004173744529639478,
        0.00915990088146992,
        0.01406186688772464,
        0.02104986029882326,
        0.1434007610654917
      ],
      "ref_props": [
        0.1,
        0.1,
        0.1,
        0.1,
        0.1,
        0.1,
        0.1,
        0.1,
        0.1,
        0.1
      ]
    },
    "return_2d": {
      "edges": [
        -0.10750507099391482,
        -0.0313555908850026,
        -0.020819745889090188,
        -0.014024393284267193,
        -0.006995512793552904,
        -0.0011569659358303674,
        0.007224992940044405,
        0.014250391926534592,
        0.020410344436707473,
        0.03174527381362661,
        0.13939515321450036
      ],
      "ref_props": [
        0.1,
        0.1,
        0.1,
        0.1,
        0.1,
        0.1,
        0.1,
        0.1,
        0.1,
        0.1
      ]
    },
    "return_3d": {
      "edges": [
        -0.11739350912778901,
        -0.0386987634004059,
        -0.02356466064627005,
        -0.015676974651078698,
        -0.007279100989508211,
        0.0003315727757510212,
        0.005803225580598841,
        0.014800343078155455,
        0.02409456468937225,
        0.042813183047220545,
        0.13251339020035702
      ],
      "ref_props": [
        0.1,
        0.1,
        0.1,
        0.1,
        0.1,
        0.1,
        0.1,
        0.1,
        0.1,
        0.1
      ]
    },
    "return_5d": {
      "edges": [
        -0.13970588235294112,
        -0.04389000910666898,
        -0.03315469477912456,
        -0.020281050228310487,
        -0.01134943760715987,
        -0.002227883941772313,
        0.009637180459588111,
        0.02122446261413349,
        0.03143289057058297,
        0.06129162487265378,
        0.1334927276349871
      ],
      "ref_props": [
        0.1,
        0.1,
        0.1,
        0.1,
        0.1,
        0.1,
        0.1,
        0.1,
        0.1,
        0.1
      ]
    },
    "return_10d": {
      "edges": [
        -0.1536511156186613,
        -0.05792357205289179,
        -0.04057356559429774,
        -0.02018456896613949,
        -0.006918174833505182,
        0.00571900941622705,
        0.01340490025373875,
        0.026866801526240526,
        0.04869776647886255,
        0.08113816693239864,
        0.1580121703853956
      ],
      "ref_props": [
        0.1,
        0.1,
        0.1,
        0.1,
        0.1,
        0.1,
        0.1,
        0.1,
        0.1,
        0.1
      ]
    },
    "return_20d": {
      "edges": [
        -0.19827586206896552,
        -0.08698055417688008,
        -0.05720032180209166,
        -0.032571137471799703,
        -0.010073115540953132,
        0.005404069614595941,
        0.021447085322292708,
        0.05535535590052437,
        0.08390927244022499,
        0.11010244849272292,
        0.17644702583617056
      ],
      "ref_props": [
        0.1,
        0.1,
        0.1,
        0.1,
        0.1,
        0.1,
        0.1,
        0.1,
        0.1,
        0.1
      ]
    },
    "div_ma_5": {
      "edges": [
        -0.0621836201843662,
        -0.02431360603883022,
        -0.016621128004615307,
        -0.009911892085309267,
        -0.004239238986176415,
        -6.158773172385461e-05,
        0.004351742591606014,
        0.0090377633688969,
        0.014721678458021026,
        0.026990954025704148,
        0.10665270993254242
      ],
      "ref_props": [
        0.1,
        0.1,
        0.1,
        0.1,
        0.1,
        0.1,
        0.1,
        0.1,
        0.1,
        0.1
      ]
    },
    "div_ma_10": {
      "edges": [
        -0.07122522719807288,
        -0.03546514367022156,
        -0.023622993501660854,
        -0.011442944380621238,
        -0.004762044865677722,
        0.0017735530781516759,
        0.007743124442171191,
        0.01213201080193118,
        0.022322727668500717,
        0.04218337539124356,
        0.12251518905208526
      ],
      "ref_props": [
        0.1,
        0.1,
        0.1,
        0.1,
        0.1,
        0.1,
        0.1,
        0.1,
        0.1,
        0.1
      ]
    },
    "div_ma_20": {
      "edges": [
        -0.10128342922172348,
        -0.049960666181141256,
        -0.0322536501171516,
        -0.016796766940590728,
        -0.004613763428455766,
        0.005455852197217052,
        0.014913035135483463,
        0.02609217708882699,
        0.037680849734000994,
        0.0569357829091366,
        0.1372623233299137
      ],
      "ref_props": [
        0.1,
        0.1,
        0.1,
        0.1,
        0.1,
        0.1,
        0.1,
        0.1,
        0.1,
        0.1
      ]
    },
    "div_ma_60": {
      "edges": [
        -0.1607751686272195,
        -0.08257728320253603,
        -0.051953278773540675,
        -0.03451795426689647,
        0.005398770514004305,
        0.027972461147653397,
        0.059098041061993026,
        0.07232735250860406,
        0.08820077780561278,
        0.10377965564881504,
        0.15819399905406878
      ],
      "ref_props": [
        0.1,
        0.1,
        0.1,
        0.1,
        0.1,
        0.1,
        0.1,
        0.1,
        0.1,
        0.1
      ]
    },
    "ma_5_20_cross": {
      "edges": [
        -0.07668963773155457,
        -0.04269397984938248,
        -0.02093121334597616,
        -0.010334828878860631,
        -0.0013991721867665941,
        0.004722849051798539,
        0.011062288425451169,
        0.017153071722338358,
        0.029249481019618617,
        0.04302529606666348,
        0.09116357733692326
      ],
      "ref_props": [
        0.1,
        0.1,
        0.1,
        0.1,
        0.1,
        0.1,
        0.1,
        0.1,
        0.1,
        0.1
      ]
    },
    "ma_20_60_cross": {
      "edges": [
        -0.08390612925529761,
        -0.05839393773082822,
        -0.04191892821105203,
        -0.0026888366356701606,
        0.010135036291604527,
        0.02463971320480285,
        0.03513926951312088,
        0.04613853110023644,
        0.060274455360498184,
        0.06647860512136863,
        0.0781827033094471
      ],
      "ref_props": [
        0.1,
        0.1,
        0.1,
        0.1,
        0.1,
        0.1,
        0.1,
        0.1,
        0.1,
        0.1
      ]
    },
    "rsi": {
      "edges": [
        12.551159618008185,
        33.47026665907976,
        39.17983842641377,
        43.1959685803396,
        48.610124601215915,
        51.78301214793139,
        56.62004662004663,
        59.613066797590704,
        64.40477055962333,
        69.75181963789713,
        81.0702875399361
      ],