{
  "feature_cols": [
    "return_1d",
    "return_2d",
    "return_3d",
    "return_5d",
    "return_10d",
    "return_20d",
    "div_ma_5",
    "div_ma_10",
    "div_ma_20",
    "div_ma_60",
    "ma_5_20_cross",
    "ma_20_60_cross",
    "rsi",
    "rsi_change",
    "macd",
    "macd_signal",
    "macd_hist",
    "macd_hist_change",
    "bb_pct_b",
    "bb_bandwidth",
    "atr_pct",
    "volatility",
    "vol_change",
    "vol_ratio",
    "candle_body_pct",
    "upper_shadow_pct",
    "lower_shadow_pct",
    "day_of_week",
    "month",
    "is_month_end",
    "is_month_start",
    "streak",
    "gap",
    "price_position_20d",
    "macro_usdjpy_ret_20",
    "macro_usdjpy_ret_60",
    "macro_usdjpy_vol_20",
    "macro_topix_ret_20",
    "macro_topix_vol_20",
    "macro_topix_above_200dma",
    "macro_nikkei_ret_20",
    "macro_nikkei_above_200dma",
    "macro_nikkei_vi",
    "macro_jgb10y",
    "macro_bias_score"
  ],
  "avg_up_ret": 0.025438567709841445,
  "avg_dn_ret": -0.021131444778862977,
  "n_bins": 10,
  "psi_ref_rows": 250,
  "psi": {
    "return_1d": {
      "edges": [
        -0.10104744300677759,
        -0.021458136018763084,
        -0.013594555589237165,
        -0.009701862893966861,
        -0.005009764659558844,
        -0.001004883533664569,
        0.0034800363564643456,
        0.0065864833906070785,
        0.011727112106818764,
        0.020254912795717426,
        0.04805276381909551
      ],
      "ref_props": [
        0.1,
        0.1,
        0.1,
        0.1,
        0.1,
        0.1,
        0.096,
        0.104,
        0.1,
        0.1
      ]
    },
    "return_2d": {
      "edges": [
        -0.0985264374458249,
        -0.0298671101339797,
        -0.020880019742971642,
        -0.014681087055356123,
        -0.00660345692931834,
        -0.0021559835513323966,
        0.003646796995292473,
        0.00934897413544109,
        0.016205828803069932,
        0.02932494978448421,
        0.06210239321417754
      ],
      "ref_props": [
        0.1,
        0.1,
        0.1,
        0.1,
        0.1,
        0.1,
        0.1,
        0.1,
        0.1,
        0.1
      ]
    },
    "return_3d": {
      "edges": [
        -0.11237553342816498,
        -0.03459427735963674,
        -0.024964199737822712,
        -0.017109353055384902,
        -0.010569804166345228,
        -0.005000832789433141,
        0.004754547579245876,
        0.011818816303741,
        0.021240558359278565,
        0.032474737730159936,
        0.06792567773378
      ],
      "ref_props": [
        0.1,
        0.1,
        0.1,
        0.1,
        0.1,
        0.1,
        0.1,
        0.1,
        0.1,
        0.1
      ]
    },
    "return_5d": {
      "edges": [
        -0.15420289855072467,
        -0.044571634822742054,
        -0.030090826207817976,
        -0.022853394260080317,
        -0.013777355575089209,
        -0.004403210703402771,
        0.003392545633896943,
        0.011614197787573919,
        0.017885505639536083,
        0.030530732299909297,
        0.11239018479248708
      ],
      "ref_props": [
        0.1,
        0.1,
        0.1,
        0.1,
        0.1,
        0.1,
        0.1,
        0.1,
        0.1,
        0.1
      ]
    },
    "return_10d": {
      "edges": [
        -0.1699222454010999,
        -0.07302714586623005,
        -0.043087576323474236,
        -0.030098353682597993,
        -0.01812327917427141,
        -0.011090362371603213,
        -0.0023257238718698203,
        0.012358731152968478,
        0.024902961766289675,
        0.042411480435373704,
        0.16165770325846252
      ],
      "ref_props": [
        0.1,
        0.1,
        0.1,
        0.1,
        0.1,
        0.1,
        0.1,
        0.1,
        0.1,
        0.1
      ]
    },
    "return_20d": {
      "edges": [
        -0.20069393718042372,
        -0.1355600990612221,
        -0.07600145610997679,
        -0.056937876817590695,
        -0.03738495770433314,
        -0.026569259888751584,
        -0.01346401500271559,
        0.003649895178197033,
        0.021350043870144438,
        0.06057450687585082,
        0.17054510678992663
      ],
      "ref_props": [
        0.1,
        0.1,
        0.1,
        0.1,
        0.1,
        0.1,
        0.1,
        0.1,
        0.1,
        0.1
      ]
    },
    "div_ma_5": {
      "edges": [
        -0.08520494927578723,
        -0.02110116198728186,
        -0.016584862595949487,
        -0.012130106711758756,
        -0.007426438168483233,
        -0.002850442914509901,
        0.003023885081517421,
        0.007509730857640756,
        0.01186319273756465,
        0.018836618115128784,
        0.05140046782222758
      ],
      "ref_props": [
        0.1,
        0.1,
        0.1,
        0.1,
        0.1,
        0.1,
        0.1,
        0.1,
        0.1,
        0.1
      ]
    },
    "div_ma_10": {
      "edges": [
        -0.12501999040460574,
        -0.03626686770907961,
        -0.024790946245165542,
        -0.01815552167991858,
        -0.009182905773724194,
        -0.004046755350019129,
        0.001508801597364634,
        0.007898144616728118,
        0.01357397648846589,
        0.02125693312601963,
        0.08684070324986684
      ],
      "ref_props": [
        0.1,
        0.1,
        0.1,
        0.1,
        0.1,
        0.1,
        0.1,
        0.1,
        0.1,
        0.1
      ]
    },
    "div_ma_20": {
      "edges": [
        -0.14983295781213574,
        -0.06455486375236011,
        -0.04078403255138572,
        -0.02608296566494228,
        -0.017644731751170106,
        -0.00869281412139919,
        -0.002066270366758976,
        0.005401524993981785,
        0.016006879680460114,
        0.033234407083573135,
        0.12336520076481836
      ],
      "ref_props": [
        0.1,
        0.1,
        0.1,
        0.1,
        0.1,
        0.1,
        0.1,
        0.1,
        0.1,
        0.1
      ]
    },
    "div_ma_60": {
      "edges": [
        -0.18762160774330053,
        -0.13559587317396876,
        -0.11337094547191406,
        -0.07311009293248331,
        -0.053655118569456525,
        -0.03550638985856074,
        -0.015298001244924303,
        0.008515130165182435,
        0.0317464895360297,
        0.0817378072081394,
        0.14385990415916014
      ],
      "ref_props": [
        0.1,
        0.1,
        0.1,
        0.1,
        0.1,
        0.1,
        0.1,
        0.1,
        0.1,
        0.1
      ]
    },
    "ma_5_20_cross": {
      "edges": [
        -0.10655249967222369,
        -0.05205041368485803,
        -0.031062953683533023,
        -0.022830402203171507,
        -0.01537439610370834,
        -0.006703219258349324,
        0.0021772339825600236,
        0.005725860036415335,
        0.009667964997569238,
        0.02091511453547159,
        0.08330290860411327
      ],
      "ref_props": [
        0.1,
        0.1,
        0.1,
        0.1,
        0.1,
        0.1,
        0.1,
        0.1,
        0.1,
        0.1
      ]
    },
    "ma_20_60_cross": {
      "edges": [
        -0.1287290318774459,
        -0.10115806171627473,
        -0.07979614873951026,
        -0.040760621979113586,
        -0.03131961343998539,
        -0.02036248105622701,
        -0.011006636282854204,
        0.005726656309562461,
        0.02086558712965476,
        0.050955517257315196,
        0.08213850787557431
      ],
      "ref_props": [
        0.1,
        0.1,
        0.1,
        0.1,
        0.1,
        0.1,
        0.1,
        0.1,
        0.1,
        0.1
      ]
    },
    "rsi": {
      "edges": [
        12.195121951219505,
        25.001654280769625,
        33.28343313373253,
        38.08769984768576,
        42.35561032569214,
        45.76358845424963,
        50.685544768069036,
        52.83337501041927,
        55.751707856479,
        62.126920318765336,
        94.23076923076923
      ],