{
  "applied": true,
  "n_buckets": 10,
  "edges": [
    0.0,
    0.1,
    0.2,
    0.30000000000000004,
    0.4,
    0.5,
    0.6000000000000001,
    0.7000000000000001,
    0.8,
    0.9,
    1.0
  ],
  "prob_up": [
    0.5527777777777778,
    0.5244444444444445,
    0.5505097312326228,
    0.5173370319001387,
    0.5422222222222223,
    0.5078776645041705,
    0.5044444444444445,
    0.5201109570041609,
    0.5455555555555556,
    0.541241890639481
  ],
  "expected_ret": [
    0.007170495644368251,
    0.003978470578428063,
    0.007002590673259607,
    0.006739986558492871,
    0.007461540050959672,
    0.005656254849701298,
    0.005237847398657317,
    0.009607518879831868,
    0.013337373706844397,
    0.013510937036122442
  ],
  "global_prob_up": 0.53083675963996,
  "global_expected_ret": 0.00802313726276572
}