{
  "feature_cols": [
    "cs_z_return_5d",
    "cs_rank_return_5d",
    "cs_z_return_20d",
    "cs_rank_return_20d",
    "cs_z_rsi",
    "cs_rank_rsi",
    "cs_z_macd_hist",
    "cs_rank_macd_hist",
    "cs_z_atr_pct",
    "cs_rank_atr_pct",
    "cs_z_vol_ratio",
    "cs_rank_vol_ratio",
    "cs_z_adv20",
    "cs_rank_adv20",
    "sect_rank_return_20d",
    "sect_rank_return_5d",
    "cs_rank_turnover",
    "macro_usdjpy_ret_20",
    "macro_usdjpy_ret_60",
    "macro_usdjpy_vol_20",
    "macro_topix_ret_20",
    "macro_topix_vol_20",
    "macro_topix_above_200dma",
    "macro_nikkei_ret_20",
    "macro_nikkei_above_200dma",
    "macro_nikkei_vi",
    "macro_jgb10y",
    "macro_bias_score"
  ],
  "feature_means": {
    "cs_z_return_5d": -1.5621521945544316e-18,
    "cs_rank_return_5d": 0.5100023012689855,
    "cs_z_return_20d": -5.83982128805395e-20,
    "cs_rank_return_20d": 0.5100023012689855,
    "cs_z_rsi": -7.693964547011078e-18,
    "cs_rank_rsi": 0.5100023012689855,
    "cs_z_macd_hist": 8.759731932080924e-20,
    "cs_rank_macd_hist": 0.5100023012689855,
    "cs_z_atr_pct": 3.0294072931779863e-18,
    "cs_rank_atr_pct": 0.5100023012689855,
    "cs_z_vol_ratio": 8.723233049030587e-18,
    "cs_rank_vol_ratio": 0.5100023012689855,
    "cs_z_adv20": -2.087736110479287e-18,
    "cs_rank_adv20": 0.5100023012689855,
    "sect_rank_return_20d": 0.7100401078308896,
    "sect_rank_return_5d": 0.7100401078308896,
    "cs_rank_turnover": 0.5100023012689855,
    "macro_usdjpy_ret_20": 0.006125516921280455,
    "macro_usdjpy_ret_60": 0.018949061303076047,
    "macro_usdjpy_vol_20": 0.005740980162295024,
    "macro_topix_ret_20": -0.0033139862583853106,
    "macro_topix_vol_20": 0.013716930241883626,
    "macro_topix_above_200dma": 0.7403675455322506,
    "macro_nikkei_ret_20": 0.014209499892401632,
    "macro_nikkei_above_200dma": 0.7091360378723125,
    "macro_nikkei_vi": null,
    "macro_jgb10y": null,
    "macro_bias_score": 0.0
  },
  "feature_stds": {
    "cs_z_return_5d": 1.0,
    "cs_rank_return_5d": 0.288617203445503,
    "cs_z_return_20d": 1.0,
    "cs_rank_return_20d": 0.28861735152344536,
    "cs_z_rsi": 1.0,
    "cs_rank_rsi": 0.2886172603985668,
    "cs_z_macd_hist": 1.0,
    "cs_rank_macd_hist": 0.28861736860935694,
    "cs_z_atr_pct": 1.0,
    "cs_rank_atr_pct": 0.28861736860935694,
    "cs_z_vol_ratio": 1.0,
    "cs_rank_vol_ratio": 0.28861736860935694,
    "cs_z_adv20": 1.0,
    "cs_rank_adv20": 0.28861736860935694,
    "sect_rank_return_20d": 0.2823229204978219,
    "sect_rank_return_5d": 0.2823220107648474,
    "cs_rank_turnover": 0.28861736860935694,
    "macro_usdjpy_ret_20": 0.028146896706380663,
    "macro_usdjpy_ret_60": 0.04892726937458557,
    "macro_usdjpy_vol_20": 0.002037422126042758,
    "macro_topix_ret_20": 0.12250567774259738,
    "macro_topix_vol_20": 0.024956140829076802,
    "macro_topix_above_200dma": 0.4384329402027195,
    "macro_nikkei_ret_20": 0.052151650650671975,
    "macro_nikkei_above_200dma": 0.45416089402663307,
    "macro_nikkei_vi": null,
    "macro_jgb10y": null,
    "macro_bias_score": 0.0
  }
}