{
  "feature_cols": [
    "return_1d",
    "return_2d",
    "return_3d",
    "return_5d",
    "return_10d",
    "return_20d",
    "div_ma_5",
    "div_ma_10",
    "div_ma_20",
    "div_ma_60",
    "ma_5_20_cross",
    "ma_20_60_cross",
    "rsi",
    "rsi_change",
    "macd",
    "macd_signal",
    "macd_hist",
    "macd_hist_change",
    "bb_pct_b",
    "bb_bandwidth",
    "atr_pct",
    "volatility",
    "vol_change",
    "vol_ratio",
    "candle_body_pct",
    "upper_shadow_pct",
    "lower_shadow_pct",
    "day_of_week",
    "month",
    "is_month_end",
    "is_month_start",
    "streak",
    "gap",
    "price_position_20d",
    "macro_usdjpy_ret_20",
    "macro_usdjpy_ret_60",
    "macro_usdjpy_vol_20",
    "macro_topix_ret_20",
    "macro_topix_vol_20",
    "macro_topix_above_200dma",
    "macro_nikkei_ret_20",
    "macro_nikkei_above_200dma",
    "macro_nikkei_vi",
    "macro_jgb10y",
    "macro_bias_score"
  ],
  "avg_up_ret": 0.03185846181383855,
  "avg_dn_ret": -0.022406033250859075,
  "n_bins": 10,
  "psi_ref_rows": 250,
  "psi": {
    "return_1d": {
      "edges": [
        -0.061359026369168346,
        -0.02263367384943584,
        -0.014634640404579513,
        -0.009155136570427677,
        -0.004673107272506515,
        9.875567845152311e-05,
        0.004129274189569234,
        0.009075953536425808,
        0.014033193577830573,
        0.02051467744183799,
        0.1434007610654917
      ],
      "ref_props": [
        0.1,
        0.1,
        0.1,
        0.1,
        0.1,
        0.1,
        0.1,
        0.1,
        0.1,
        0.1
      ]
    },
    "return_2d": {
      "edges": [
        -0.10750507099391482,
        -0.031233730637622158,
        -0.020819745889090188,
        -0.013866224300991459,
        -0.0070507630021800155,
        -0.0018307544679612153,
        0.006947807016518144,
        0.013921726329100827,
        0.01988481222820942,
        0.029130583204483706,
        0.13939515321450036
      ],
      "ref_props": [
        0.1,
        0.1,
        0.1,
        0.1,
        0.1,
        0.1,
        0.1,
        0.1,
        0.1,
        0.1
      ]
    },
    "return_3d": {
      "edges": [
        -0.11739350912778901,
        -0.0386987634004059,
        -0.024104366652274667,
        -0.016211573889947907,
        -0.0086779400882506,
        -0.0013535572450293354,
        0.005106243090130836,
        0.013182588698911136,
        0.023161321631564664,
        0.04216113050348249,
        0.13251339020035702
      ],
      "ref_props": [
        0.1,
        0.1,
        0.1,
        0.1,
        0.1,
        0.1,
        0.1,
        0.1,
        0.1,
        0.1
      ]
    },
    "return_5d": {
      "edges": [
        -0.13970588235294112,
        -0.04389000910666898,
        -0.03315469477912456,
        -0.02253720456764921,
        -0.0126515433055405,
        -0.0033367752097790415,
        0.008875788392377662,
        0.01972880327201743,
        0.03115854519679271,
        0.06129162487265378,
        0.1334927276349871
      ],
      "ref_props": [
        0.1,
        0.1,
        0.1,
        0.1,
        0.1,
        0.1,
        0.1,
        0.1,
        0.1,
        0.1
      ]
    },
    "return_10d": {
      "edges": [
        -0.1536511156186613,
        -0.06361483019094687,
        -0.04489808825958279,
        -0.021901849647831536,
        -0.007937743697793853,
        0.00388131015240345,
        0.012059795691691145,
        0.026364641051698827,
        0.04869776647886255,
        0.08113816693239864,
        0.1580121703853956
      ],
      "ref_props": [
        0.1,
        0.1,
        0.1,
        0.1,
        0.1,
        0.1,
        0.1,
        0.1,
        0.1,
        0.1
      ]
    },
    "return_20d": {
      "edges": [
        -0.19827586206896552,
        -0.0870241233818043,
        -0.06000213795790839,
        -0.03403051474330441,
        -0.010073115540953132,
        0.004073028774954857,
        0.021447085322292708,
        0.05535535590052437,
        0.08390927244022499,
        0.11010244849272292,
        0.17644702583617056
      ],
      "ref_props": [
        0.1,
        0.1,
        0.1,
        0.1,
        0.1,
        0.1,
        0.1,
        0.1,
        0.1,
        0.1
      ]
    },
    "div_ma_5": {
      "edges": [
        -0.0621836201843662,
        -0.02431360603883022,
        -0.017091574847273406,
        -0.009978026901046363,
        -0.004703382790476555,
        -0.00046724023940524363,
        0.0038802651023798584,
        0.008243888416737543,
        0.013847533139788355,
        0.025381087137517834,
        0.10665270993254242
      ],
      "ref_props": [
        0.1,
        0.1,
        0.1,
        0.1,
        0.1,
        0.1,
        0.1,
        0.1,
        0.1,
        0.1
      ]
    },
    "div_ma_10": {
      "edges": [
        -0.07122522719807288,
        -0.03566953321786748,
        -0.025064414007173873,
        -0.014094971926802877,
        -0.006176965720281467,
        0.0009574157160430586,
        0.006592750287660606,
        0.011647275582690986,
        0.021639973927637866,
        0.04218337539124356,
        0.12251518905208526
      ],
      "ref_props": [
        0.1,
        0.1,
        0.1,
        0.1,
        0.1,
        0.1,
        0.1,
        0.1,
        0.1,
        0.1
      ]
    },
    "div_ma_20": {
      "edges": [
        -0.10128342922172348,
        -0.050970384767429905,
        -0.036783014760154165,
        -0.019324812732316163,
        -0.007171829986752941,
        0.005050439472600593,
        0.013960039854070566,
        0.02568990698780016,
        0.037680849734000994,
        0.0569357829091366,
        0.1372623233299137
      ],
      "ref_props": [
        0.1,
        0.1,
        0.1,
        0.1,
        0.1,
        0.1,
        0.1,
        0.1,
        0.1,
        0.1
      ]
    },
    "div_ma_60": {
      "edges": [
        -0.1607751686272195,
        -0.09649163052613083,
        -0.05555141437710597,
        -0.036762466126037,
        0.0011788092981608218,
        0.027179717589096007,
        0.059098041061993026,
        0.07232735250860406,
        0.08820077780561278,
        0.10377965564881504,
        0.15819399905406878
      ],
      "ref_props": [
        0.1,
        0.1,
        0.1,
        0.1,
        0.1,
        0.1,
        0.1,
        0.1,
        0.1,
        0.1
      ]
    },
    "ma_5_20_cross": {
      "edges": [
        -0.07668963773155457,
        -0.04269397984938248,
        -0.023766075919099752,
        -0.013975165986921995,
        -0.0016866497536894142,
        0.004719242357562048,
        0.011062288425451169,
        0.017153071722338358,
        0.029249481019618617,
        0.04302529606666348,
        0.09116357733692326
      ],
      "ref_props": [
        0.1,
        0.1,
        0.1,
        0.1,
        0.1,
        0.1,
        0.1,
        0.1,
        0.1,
        0.1
      ]
    },
    "ma_20_60_cross": {
      "edges": [
        -0.08390612925529761,
        -0.060854021089153186,
        -0.04409459005153031,
        -0.009649603285576246,
        0.009915804942131068,
        0.02463971320480285,
        0.03513926951312088,
        0.04613853110023644,
        0.060274455360498184,
        0.06647860512136863,
        0.0781827033094471
      ],
      "ref_props": [
        0.1,
        0.1,
        0.1,
        0.1,
        0.1,
        0.1,
        0.1,
        0.1,
        0.1,
        0.1
      ]
    },
    "rsi": {
      "edges": [
        12.551159618008185,
        30.83082189232429,
        38.75105485232068,
        42.3966713261989,
        48.391535957383844,
        51.78301214793139,
        56.62004662004663,
        59.613066797590704,
        64.40477055962333,
        69.75181963789713,
        81.0702875399361
      ],