{
  "feature_cols": [
    "return_1d",
    "return_2d",
    "return_3d",
    "return_5d",
    "return_10d",
    "return_20d",
    "div_ma_5",
    "div_ma_10",
    "div_ma_20",
    "div_ma_60",
    "ma_5_20_cross",
    "ma_20_60_cross",
    "rsi",
    "rsi_change",
    "macd",
    "macd_signal",
    "macd_hist",
    "macd_hist_change",
    "bb_pct_b",
    "bb_bandwidth",
    "atr_pct",
    "volatility",
    "vol_change",
    "vol_ratio",
    "candle_body_pct",
    "upper_shadow_pct",
    "lower_shadow_pct",
    "day_of_week",
    "month",
    "is_month_end",
    "is_month_start",
    "streak",
    "gap",
    "price_position_20d",
    "macro_usdjpy_ret_20",
    "macro_usdjpy_ret_60",
    "macro_usdjpy_vol_20",
    "macro_topix_ret_20",
    "macro_topix_vol_20",
    "macro_topix_above_200dma",
    "macro_nikkei_ret_20",
    "macro_nikkei_above_200dma",
    "macro_nikkei_vi",
    "macro_jgb10y",
    "macro_bias_score"
  ],
  "avg_up_ret": 0.043122091305662275,
  "avg_dn_ret": -0.020581998926238375,
  "n_bins": 10,
  "psi_ref_rows": 250,
  "psi": {
    "return_1d": {
      "edges": [
        -0.10751134956665287,
        -0.02736117282849272,
        -0.015884353762030276,
        -0.0067173594530062575,
        -8.366450533361202e-05,
        0.0035096762230840683,
        0.009987117149769721,
        0.015443296076485336,
        0.02476181230419445,
        0.04401655435029979,
        0.1757830762038335
      ],
      "ref_props": [
        0.1,
        0.1,
        0.1,
        0.1,
        0.1,
        0.1,
        0.1,
        0.1,
        0.1,
        0.1
      ]
    },
    "return_2d": {
      "edges": [
        -0.12045638126009695,
        -0.031214429091474694,
        -0.016171356423169535,
        -0.008813786310881084,
        -0.00012377514182566342,
        0.006555050418464825,
        0.014662025512616037,
        0.027455470694084144,
        0.043491411815375136,
        0.0746702972840781,
        0.2308184143222507
      ],
      "ref_props": [
        0.1,
        0.1,
        0.1,
        0.1,
        0.1,
        0.1,
        0.1,
        0.1,
        0.1,
        0.1
      ]
    },
    "return_3d": {
      "edges": [
        -0.16401151631477928,
        -0.036596814837214,
        -0.02098335240132074,
        -0.00979458002408413,
        0.002210148433863824,
        0.012336382331994966,
        0.024908473879062122,
        0.03900305918568294,
        0.0585608094912607,
        0.09525586626450586,
        0.34143222506393855
      ],
      "ref_props": [
        0.1,
        0.1,
        0.1,
        0.1,
        0.1,
        0.1,
        0.1,
        0.1,
        0.1,
        0.1
      ]
    },
    "return_5d": {
      "edges": [
        -0.1698656429942419,
        -0.043403937440196945,
        -0.01962601830704766,
        -0.0024677180580888807,
        0.007356069244324638,
        0.02013276350409643,
        0.03973187721285616,
        0.05197694390172261,
        0.07311817202441909,
        0.13630252259882328,
        0.3733052828424497
      ],
      "ref_props": [
        0.1,
        0.1,
        0.1,
        0.1,
        0.1,
        0.1,
        0.1,
        0.1,
        0.1,
        0.1
      ]
    },
    "return_10d": {
      "edges": [
        -0.13504916136495082,
        -0.05276817235340686,
        -0.007495287745107609,
        0.01264914219228106,
        0.025102882886951474,
        0.03944387035634356,
        0.0547975576969113,
        0.0876072547354193,
        0.13080147763591904,
        0.23199648314684343,
        0.6998865661967266
      ],
      "ref_props": [
        0.1,
        0.1,
        0.1,
        0.1,
        0.1,
        0.1,
        0.1,
        0.1,
        0.1,
        0.1
      ]
    },
    "return_20d": {
      "edges": [
        -0.1613776137761378,
        -0.00967160162188276,
        0.00926193631778363,
        0.03616883116883122,
        0.05017629125939053,
        0.0741395068799321,
        0.10372573585044377,
        0.13777197017179282,
        0.20293019342475024,
        0.4636581691168803,
        1.1673553719008263
      ],
      "ref_props": [
        0.1,
        0.1,
        0.1,
        0.1,
        0.1,
        0.1,
        0.1,
        0.1,
        0.1,
        0.1
      ]
    },
    "div_ma_5": {
      "edges": [
        -0.11039624183006536,
        -0.02473911961955657,
        -0.009996643387944792,
        -0.0030694176771150685,
        0.0016626003915604342,
        0.008330709503412997,
        0.015494932718850865,
        0.02332917282055853,
        0.032314376191599714,
        0.05953856737584823,
        0.17732884399551066
      ],
      "ref_props": [
        0.1,
        0.1,
        0.1,
        0.1,
        0.1,
        0.1,
        0.1,
        0.1,
        0.1,
        0.1
      ]
    },
    "div_ma_10": {
      "edges": [
        -0.1090302719343253,
        -0.0347199436883239,
        -0.013120029216133276,
        0.0010489134988965901,
        0.01068555979606597,
        0.01861830780762931,
        0.0287286669613512,
        0.0393879926202563,
        0.060283793007489636,
        0.10713775295551,
        0.3332655473506273
      ],
      "ref_props": [
        0.1,
        0.1,
        0.1,
        0.1,
        0.1,
        0.1,
        0.1,
        0.1,
        0.1,
        0.1
      ]
    },
    "div_ma_20": {
      "edges": [
        -0.07640461271128425,
        -0.020868724743926145,
        -0.0014414943837532668,
        0.010405405031307506,
        0.02065115723135187,
        0.033004509774637376,
        0.04989649381429397,
        0.06512823915479808,
        0.1137927338754554,
        0.193294637033106,
        0.5284972205829855
      ],
      "ref_props": [
        0.1,
        0.1,
        0.1,
        0.1,
        0.1,
        0.1,
        0.1,
        0.1,
        0.1,
        0.1
      ]
    },
    "div_ma_60": {
      "edges": [
        -0.049296859752026224,
        0.010191220947122439,
        0.02486993823702523,
        0.05997704822692104,
        0.08205206305528405,
        0.10430128665006694,
        0.12244559729904558,
        0.15299696996138543,
        0.2242402514742597,
        0.4699370942513783,
        1.1143864953388762
      ],
      "ref_props": [
        0.1,
        0.1,
        0.1,
        0.1,
        0.1,
        0.1,
        0.1,
        0.1,
        0.1,
        0.1
      ]
    },
    "ma_5_20_cross": {
      "edges": [
        -0.03844160595067536,
        -0.019946706704674057,
        -0.0017573483485020026,
        0.00913027441093337,
        0.014476995130733313,
        0.02361945382596098,
        0.04021758369467543,
        0.05217036887474426,
        0.09097687648870097,
        0.14667121993782692,
        0.3359888900179522
      ],
      "ref_props": [
        0.1,
        0.1,
        0.1,
        0.1,
        0.1,
        0.1,
        0.1,
        0.1,
        0.1,
        0.1
      ]
    },
    "ma_20_60_cross": {
      "edges": [
        -0.03240327165148782,
        0.010249291007144178,
        0.016500536789107036,
        0.03679482104441401,
        0.05602597231406874,
        0.06904397262373796,
        0.07792636580726049,
        0.1003086368673797,
        0.1099222247036034,
        0.23462041158096542,
        0.49539526562783576
      ],
      "ref_props": [
        0.1,
        0.1,
        0.1,
        0.1,
        0.1,
        0.1,
        0.1,
        0.1,
        0.1,
        0.1
      ]
    },
    "rsi": {
      "edges": [
        20.17804154302671,
        43.518558150456705,
        49.1739393939394,
        53.27756842933456,
        57.743345874448764,
        61.815316822846945,
        65.12007938486506,
        68.08627155815674,
        75.49730835233551,
        81.37289207959151,
        93.90498954287422
      ],
      "ref_props": [
        0.1,
        0.1,
        0.1,
        0.1,
        0.1,
        0.1,
        0.1,
        0.1,
        0.1,
        0.1
      ]
    },