{
  "feature_cols": [
    "return_1d",
    "return_2d",
    "return_3d",
    "return_5d",
    "return_10d",
    "return_20d",
    "div_ma_5",
    "div_ma_10",
    "div_ma_20",
    "div_ma_60",
    "ma_5_20_cross",
    "ma_20_60_cross",
    "rsi",
    "rsi_change",
    "macd",
    "macd_signal",
    "macd_hist",
    "macd_hist_change",
    "bb_pct_b",
    "bb_bandwidth",
    "atr_pct",
    "volatility",
    "vol_change",
    "vol_ratio",
    "candle_body_pct",
    "upper_shadow_pct",
    "lower_shadow_pct",
    "day_of_week",
    "month",
    "is_month_end",
    "is_month_start",
    "streak",
    "gap",
    "price_position_20d",
    "macro_usdjpy_ret_20",
    "macro_usdjpy_ret_60",
    "macro_usdjpy_vol_20",
    "macro_topix_ret_20",
    "macro_topix_vol_20",
    "macro_topix_above_200dma",
    "macro_nikkei_ret_20",
    "macro_nikkei_above_200dma",
    "macro_nikkei_vi",
    "macro_jgb10y",
    "macro_bias_score"
  ],
  "avg_up_ret": 0.03530206399098943,
  "avg_dn_ret": -0.021870869566410336,
  "n_bins": 10,
  "psi_ref_rows": 250,
  "psi": {
    "return_1d": {
      "edges": [
        -0.1115777940102265,
        -0.023069775546065194,
        -0.011319715845612264,
        -0.006057465467512588,
        -0.002278553526673853,
        0.0017603744722654024,
        0.005879327138807657,
        0.009932650867871208,
        0.016285583229832677,
        0.03132317008495095,
        0.08544481981981988
      ],
      "ref_props": [
        0.1,
        0.1,
        0.1,
        0.1,
        0.1,
        0.1,
        0.1,
        0.1,
        0.1,
        0.1
      ]
    },
    "return_2d": {
      "edges": [
        -0.10717562855569829,
        -0.03058320079235086,
        -0.01966702470461872,
        -0.010269836382829012,
        -0.003397421895917572,
        0.003922533803011885,
        0.010380691065285821,
        0.019123998964368873,
        0.028321430506704433,
        0.0462547998110876,
        0.10294546515018954
      ],
      "ref_props": [
        0.1,
        0.1,
        0.1,
        0.1,
        0.1,
        0.1,
        0.1,
        0.1,
        0.1,
        0.1
      ]
    },
    "return_3d": {
      "edges": [
        -0.13603267625643756,
        -0.036728327450663595,
        -0.02020939312225347,
        -0.012282525216731196,
        -0.002615637198592191,
        0.006126947857210463,
        0.017511318879489982,
        0.025309898911915818,
        0.036052941834916134,
        0.053841004416543894,
        0.12979835698282294
      ],
      "ref_props": [
        0.1,
        0.1,
        0.1,
        0.1,
        0.1,
        0.1,
        0.1,
        0.1,
        0.1,
        0.1
      ]
    },
    "return_5d": {
      "edges": [
        -0.1423264155777607,
        -0.050970076797358266,
        -0.02842811508150151,
        -0.0158685768488535,
        -0.0028133838496261477,
        0.012857681353200756,
        0.02510456931296424,
        0.03973710310922488,
        0.052428787310285996,
        0.07375270692261394,
        0.13933215130023635
      ],
      "ref_props": [
        0.1,
        0.1,
        0.1,
        0.1,
        0.1,
        0.1,
        0.1,
        0.1,
        0.1,
        0.1
      ]
    },
    "return_10d": {
      "edges": [
        -0.13209549071618032,
        -0.06003375797493439,
        -0.03708890653174363,
        -0.023601638497641537,
        -0.0019068421608790097,
        0.020735834220819926,
        0.037135591465983435,
        0.060156076154586374,
        0.0770609634454028,
        0.10440754539562067,
        0.1800616649537512
      ],
      "ref_props": [
        0.1,
        0.1,
        0.1,
        0.1,
        0.1,
        0.1,
        0.1,
        0.1,
        0.1,
        0.1
      ]
    },
    "return_20d": {
      "edges": [
        -0.13429394812680118,
        -0.06778792779183117,
        -0.02218766689279892,
        -0.0007172233172777224,
        0.0269439453123558,
        0.040695954232018994,
        0.056142117416919976,
        0.0680973295462433,
        0.10386356480065921,
        0.14722115377942005,
        0.28830480847595763
      ],
      "ref_props": [
        0.1,
        0.1,
        0.1,
        0.1,
        0.1,
        0.1,
        0.1,
        0.1,
        0.1,
        0.1
      ]
    },
    "div_ma_5": {
      "edges": [
        -0.10147015366430254,
        -0.0230756779214074,
        -0.012264369187629472,
        -0.006775996769955625,
        -0.000747987125494555,
        0.003681291114479443,
        0.01045797622730433,
        0.01548927453426645,
        0.022447556518657343,
        0.036824957706173306,
        0.07623573603483114
      ],
      "ref_props": [
        0.1,
        0.1,
        0.1,
        0.1,
        0.1,
        0.1,
        0.1,
        0.1,
        0.1,
        0.1
      ]
    },
    "div_ma_10": {
      "edges": [
        -0.11787637576834514,
        -0.03766171041822416,
        -0.021404502838097476,
        -0.011343439449710809,
        -0.0020604133082656228,
        0.01095266167744063,
        0.020881116257725006,
        0.029743754737002363,
        0.03951804409165946,
        0.05360880254668617,
        0.10677326290709184
      ],
      "ref_props": [
        0.1,
        0.1,
        0.1,
        0.1,
        0.1,
        0.1,
        0.1,
        0.1,
        0.1,
        0.1
      ]
    },
    "div_ma_20": {
      "edges": [
        -0.08540597447032508,
        -0.044656007804424004,
        -0.02475592126260998,
        -0.007939233630324899,
        0.0077059983675383335,
        0.01860062384190249,
        0.02888934814574312,
        0.0419610896211142,
        0.05819048849197324,
        0.07768405379538545,
        0.13646371601887217
      ],
      "ref_props": [
        0.1,
        0.1,
        0.1,
        0.1,
        0.1,
        0.1,
        0.1,
        0.1,
        0.1,
        0.1
      ]
    },
    "div_ma_60": {
      "edges": [
        -0.0569424049600261,
        -0.02832461056018602,
        -0.005700154687286297,
        0.012116649141116934,
        0.03319639820687279,
        0.052635785125883974,
        0.0776199944924794,
        0.09796422359283417,
        0.12560356019621557,
        0.15526011507071633,
        0.22859988050189206
      ],
      "ref_props": [
        0.1,
        0.1,
        0.1,
        0.1,
        0.1,
        0.1,
        0.1,
        0.1,
        0.1,
        0.1
      ]
    },
    "ma_5_20_cross": {
      "edges": [
        -0.059917992210194004,
        -0.03130272042774073,
        -0.019754848990887797,
        -0.006053199359080273,
        0.005921611214415591,
        0.017100884807173533,
        0.02364192243062382,
        0.03359663399230315,
        0.04465441135577941,
        0.06159218462141336,
        0.09736625836496682
      ],
      "ref_props": [
        0.1,
        0.1,
        0.1,
        0.1,
        0.1,
        0.1,
        0.1,
        0.1,
        0.1,
        0.1
      ]
    },
    "ma_20_60_cross": {
      "edges": [
        -0.026441436640733285,
        -0.014153278110593403,
        -0.0069456406460758555,
        0.01045873609923602,
        0.031769718610896905,
        0.04588065687443488,
        0.05575499818127443,
        0.07420227794209577,
        0.08187404014932982,
        0.0878759038948562,
        0.11145133863368484
      ],
      "ref_props": [
        0.1,
        0.1,
        0.1,
        0.1,
        0.1,
        0.1,
        0.1,
        0.1,
        0.1,
        0.1
      ]
    },
    "rsi": {
      "edges": [
        10.30927835051547,
        34.153412499012745,
        39.601283369155524,
        47.82358947387885,
        52.79815931514274,
        56.46864880332018,
        61.24053484534834,
        65.49206077169774,
        69.75540747248365,
        76.09476710799491,
        95.28857479387514
      ],