tree
version=v4
num_class=1
num_tree_per_iteration=1
label_index=0
max_feature_idx=44
objective=binary sigmoid:1
feature_names=return_1d return_2d return_3d return_5d return_10d return_20d div_ma_5 div_ma_10 div_ma_20 div_ma_60 ma_5_20_cross ma_20_60_cross rsi rsi_change macd macd_signal macd_hist macd_hist_change bb_pct_b bb_bandwidth atr_pct volatility vol_change vol_ratio candle_body_pct upper_shadow_pct lower_shadow_pct day_of_week month is_month_end is_month_start streak gap price_position_20d macro_usdjpy_ret_20 macro_usdjpy_ret_60 macro_usdjpy_vol_20 macro_topix_ret_20 macro_topix_vol_20 macro_topix_above_200dma macro_nikkei_ret_20 macro_nikkei_above_200dma macro_nikkei_vi macro_jgb10y macro_bias_score
feature_infos=[-0.18591968551007365:0.11160168872608711] [-0.27377270006323517:0.14113887626357791] [-0.30135091495603539:0.13966054530706673] [-0.27879655321267627:0.19412302431435102] [-0.31109715651976955:0.29400127924783281] [-0.31511992930868749:0.31623023152750229] [-0.22124734670029789:0.07094492161728716] [-0.25273626644754543:0.11563931167981648] [-0.28893894482241894:0.12354959966950552] [-0.29225664493337233:0.25568167357930327] [-0.18028738640809505:0.095529509307972216] [-0.14607531561552067:0.14772748859868412] [13.87280687827888:95.613193826621085] [-37.138315624687564:30.177851665978821] [-58.10745809273817:69.928470579799978] [-49.450557803021766:62.126199575523131] [-27.169808849852775:16.402671824436688] [-12.626558282979314:6.6110206059287364] [-0.36582158080243787:1.3152745959727874] [0.032374241455441453:0.48844436465895325] [0.010692031507447441:0.074513623200678614] [0.0061219320671192972:0.062956470375995471] [-0.79352852904716398:4.3755158184319116] [0.49012865621224372:1.9479776370565265] [-1:1] [0:0.92753616778490833] [0:0.95348837209302328] [0:4] [1:12] [0:1] [0:1] [-8:9] [-0.17352503980940204:0.13006099030131746] [0:1] [-0.10288784967882303:0.08505611680078462] [-0.13986255140503889:0.13160084488587853] [0.0024251968629527628:0.011841457708833433] [-0.21871130063915301:0.21255327098343968] [0.0039190589040052201:0.040640984327119545] [0:1] [-0.22859537662338159:0.23022297972565586] [0:1] none none none
tree_sizes=1396 1316 1091 1287 1403 1302 994 1204 979 1194 1191 1409 1300 1182 1175 1554 794 1389 971 767 1201 1266 1411 1286 1291 1352 883 890 887 1353 1309 1301 1518 1412 1519 1310 1105 780 1305 1098 1310 1306 1400 1398 1414 1210 996 1094 1102 1300 1079 1171 1191 1294 1207 962 1100 977 1403 1076 974 1216 1403 1297 1401 1309 995 1302 1204 1205 863 1308 1380 865 1408 1000 1101 1209 1418 994 997 998 1002 1211 1210 979 1522 1103 978 973 1103 1194 1375 1097

Tree=0
num_leaves=12
num_cat=0
split_feature=37 28 26 35 37 15 21 35 21 4 32
split_gain=16.4559 12.3678 8.64696 6.88322 7.91774 6.40638 5.97458 5.93052 5.8766 3.28605 0.0240992
threshold=0.016014362420248899 5.5000000000000009 0.16172624237140368 0.051122905301416728 0.00052090630906143087 20.325635383869198 0.011787254948318891 0.0044793380557959237 0.014136724996728052 0.035585445063603734 -0.0031631682462948114
decision_type=2 2 2 2 2 2 2 2 2 2 2
left_child=3 2 -2 7 -5 6 -3 8 -1 -4 -9
right_child=1 5 9 4 -6 -7 -8 10 -10 -11 -12
leaf_value=0.090982863421871368 0.090985960163902965 0.065669103507857235 0.051756506950531911 0.048399209145997907 0.084656808341644157 0.070880581530884501 0.038719781115025886 0.080606486835515287 0.065259740602854957 0.07183263893165158 0.10081549047060293
leaf_weight=10.238957121968271 12.985994398593901 8.4908424913883191 11.487610429525377 10.488687783479692 7.4919198453426352 8.9903038144111616 28.469295412302017 7.9913811683654812 19.728722259402275 13.235725060105322 15.483301013708113
leaf_count=41 52 34 46 42 30 36 114 32 79 53 62
internal_value=0.0694522 0.0605916 0.0728628 0.0798907 0.0646457 0.0503285 0.0449334 0.0851423 0.0746131 0.0627225 0.0962375
internal_weight=155.083 83.6598 37.7093 71.423 17.9806 45.9504 36.9601 53.4424 29.9677 24.7233 23.4747
internal_count=621 335 151 286 72 184 148 214 120 99 94
is_linear=0
shrinkage=1


Tree=1
num_leaves=11
num_cat=0
split_feature=37 10 14 37 35 37 35 36 35 21
split_gain=15.5882 16.5426 19.5071 6.81106 6.53512 7.53688 5.63305 7.22539 4.45123 4.2683
threshold=0.016014362420248899 0.027938713859946732 -1.7199568679297952 0.030798020890530745 0.051122905301416728 0.00052090630906143087 0.0044793380557959237 0.0091331274483767901 0.028409734978965377 0.011787254948318891
decision_type=2 2 2 2 2 2 2 2 2 2
left_child=4 2 -2 -3 6 -6 7 -1 -5 -4
right_child=1 3 9 8 5 -7 -8 -9 -10 -11
leaf_value=-0.00068981993889011164 0.013010546567756173 -0.010193535668142085 -0.0032292728047585272 0.027625575891823045 -0.01682769522831817 0.01854868928918172 0.029819015447254113 0.028819203178038395 0.00085020529841782619 -0.031911353945183782
leaf_weight=21.221625864505771 13.487337931990622 8.2424046546220762 7.4907284677028647 15.228036865592005 10.493853539228441 7.4865782260894767 23.447700917720795 8.7361784875392896 10.238894149661062 28.979822754859924
leaf_count=85 54 33 30 61 42 30 94 35 41 116
internal_value=0.00370646 -0.00491231 -0.0157389 0.0106956 0.013871 -0.000964902 0.0189912 0.00871115 0.0182525 -0.0268844
internal_weight=155.053 83.6672 49.9579 33.7093 71.3859 17.9804 53.4055 29.9578 25.4669 36.4706
internal_count=621 335 200 135 286 72 214 120 102 146
is_linear=0
shrinkage=0.03


Tree=2
num_leaves=9
num_cat=0
split_feature=19 9 34 19 35 34 17 7
split_gain=15.6934 12.8378 10.6522 8.53622 6.7042 4.75594 7.008 4.08187
threshold=0.13180180810025738 0.0839829150735662 0.034551093974205867 0.10606165394513176 0.052121326961291688 -0.022650453738951578 -0.91901176086657788 0.022781974315229183
decision_type=2 2 2 2 2 2 2 2
left_child=1 2 3 -1 5 -2 -7 -3
right_child=4 7 -4 -5 -6 6 -8 -9
leaf_value=0.012439536609427787 0.0013375786725872119 -0.040869446615795571 -0.022442258112744889 -0.01083983299154535 -0.0052626257802972825 0.0046067112421036291 0.033247948012494088 -0.0062879150840975586
leaf_weight=49.156284675002098 11.983035475015638 7.746314272284506 12.236365124583243 17.230440080165863 9.9888165295124036 13.473521649837489 25.69261692464352 7.4880236387252808
leaf_count=197 48 31 49 69 40 54 103 30
internal_value=0.00361819 -0.00395981 0.000972544 0.00603781 0.0152462 0.0195809 0.024462 -0.0274444
internal_weight=154.995 93.8574 78.6231 66.3867 61.138 51.1492 39.1661 15.2343
internal_count=621 376 315 266 245 205 157 61
is_linear=0
shrinkage=0.03


Tree=3
num_leaves=11
num_cat=0
split_feature=19 37 19 26 38 5 10 7 19 33
split_gain=14.9247 24.6017 9.68452 9.34719 8.91149 7.65878 7.45969 6.64786 6.37933 5.64539
threshold=0.13180180810025738 0.016014362420248899 0.074274795478236275 0.37183988963379633 0.010884683614768778 -0.10997749639650482 0.027594235617552147 -0.022042944916820028 0.16922475687805513 0.6426053227851718
decision_type=2 2 2 2 2 2 2 2 2 2
left_child=1 3 -3 7 8 -6 -4 -1 -2 -7
right_child=4 2 6 -5 5 9 -8 -9 -10 -11
leaf_value=-0.0018140878111488404 0.033892133591393113 0.0022442221914873361 -0.032562215391736198 -0.0084805162247174586 0.021922792673477985 -0.023831282087532001 0 0.027746683176924043 0.0053346884218843874 0.0064992902288605083
leaf_weight=7.73547035455704 21.683292537927628 13.733991011977194 28.488141894340515 12.22196641564369 8.4771007597446459 9.4875299632549304 7.7417359054088584 23.924992904067039 13.214612558484076 8.2284003645181638
leaf_count=31 87 55 114 49 34 38 31 96 53 33
internal_value=0.00349238 -0.00389331 -0.0180745 0.0120103 0.0148396 0.000794596 -0.0258837 0.0203999 0.0243603 -0.00975278
internal_weight=154.937 93.8463 49.9639 43.8824 61.0909 26.193 36.2299 31.6605 34.8979 17.7159
internal_count=621 376 200 176 245 105 145 127 140 71
is_linear=0
shrinkage=0.03


Tree=4
num_leaves=12
num_cat=0
split_feature=9 4 37 38 37 37 5 37 14 32 34
split_gain=15.1803 15.4743 12.9969 7.97801 8.0879 6.98271 5.68877 8.42264 5.91775 1.53743 1.16297
threshold=-0.0037396244494231584 0.016384904233299417 0.016014362420248899 0.01102066259705105 -0.003508037666279384 0.00052090630906143087 0.073243375095534372 0.011524983477861685 35.687828502705493 -0.0035141130016684281 0.016229913177655656
decision_type=2 2 2 2 2 2 2 2 2 2 2
left_child=3 2 5 10 9 -2 7 -3 -8 -5 -1
right_child=1 6 -4 4 -6 -7 8 -9 -10 -11 -12
leaf_value=0.037244835619511335 -0.015020881855388307 0.01741038438984743 -0.034020902859359804 0.0037537334901734986 -0.012336470168223855 0.01821279236715799 0.019710823513327175 -0.014541581474756272 -0.0068505595305535993 0.024447637970255454 0.013642294170465573
leaf_weight=12.205876633524896 10.476430058479311 8.9604203253984469 19.238199144601822 8.229877635836603 11.732569545507429 8.4593425095081312 27.903245598077774 20.225587531924248 7.9789491444826117 10.21797724068165 9.2207767665386182
leaf_count=49 42 36 77 33 47 34 112 81 32 41 37
internal_value=0.00340513 -0.00314294 -0.0179085 0.0164132 0.00521092 0 0.00557173 -0.00376355 0.0133587 0.0172195 0.0297598
internal_weight=154.849 103.242 38.174 51.6071 30.1804 18.9358 65.0682 29.186 35.8822 18.4479 21.4267
internal_count=621 414 153 207 121 76 261 117 144 74 86
is_linear=0
shrinkage=0.03


Tree=5
num_leaves=11
num_cat=0
split_feature=37 9 15 28 28 10 28 34 40 22
split_gain=8.86655 8.84949 6.96336 12.5201 9.5682 5.3676 3.0554 4.76247 4.05929 3.25986
threshold=-0.003508037666279384 0.14039433555472755 10.98830384114993 7.5000000000000009 9.5000000000000018 0.05279569401342666 8.5000000000000018 0.0063346777155741671 -0.029993405424087568 -0.025960917373776423
decision_type=2 2 2 2 2 2 2 2 2 2
left_child=6 2 3 -2 -4 -3 8 -8 9 -1
right_child=1 5 4 -5 -6 -7 7 -9 -10 -11
leaf_value=0.018097177313838583 0.011106586243255888 0.030725382229712186 -0.025335023617247956 -0.014224197340800611 0.0093716596802906442 -0.0010611960533828751 0.015333576473137059 -0.013726621372463705 0.033222633063881041 -0.005573043233765544
leaf_weight=8.4539773315191287 33.889088854193687 7.7094745934009534 28.171704828739166 32.195812553167343 7.4819443076848975 7.4736267924308777 8.4571335464715975 7.7390422075986853 8.7044709920883161 7.725383102893832
leaf_count=34 136 31 113 129 30 30 34 31 35 31
internal_value=0.000263818 -0.00386867 -0.00721373 -0.00106929 -0.0175425 0.0159036 0.0120074 0.000640855 0.0182496 0.0066002
internal_weight=158.002 116.922 101.739 66.0849 35.6536 15.1831 41.08 16.1962 24.8838 16.1794
internal_count=634 469 408 265 143 61 165 65 100 65
is_linear=0
shrinkage=0.03


Tree=6
num_leaves=8
num_cat=0
split_feature=37 3 3 10 35 35 36
split_gain=8.41135 8.85704 8.28975 10.2754 6.50291 4.47037 4.79394
threshold=-0.003508037666279384 -0.035768660354270669 -0.016647336547790211 0.020089860533820562 0.052121326961291688 0.0029563290971583727 0.0076676376795750565
decision_type=2 2 2 2 2 2 2
left_child=4 -2 -3 -4 5 6 -1
right_child=1 2 3 -5 -6 -7 -8
leaf_value=-0.010180797666748183 -0.029463631548418641 0.019083866629690052 -0.015070994883446175 0.004327172330324482 -0.010011095711065796 0.029345455076289346 0.017334453240494298
leaf_weight=7.479257836937907 8.9833176583051664 13.704903408885 42.399028748273849 51.816572293639183 7.7459435611963263 14.386425808072088 11.431352540850638
leaf_count=30 36 55 170 208 31 58 46
internal_value=0.000277944 -0.00374388 -0.00096937 -0.00437833 0.0117236 0.0174855 0.00580178
internal_weight=157.947 116.904 107.921 94.2156 41.043 33.297 18.9106
internal_count=634 469 433 378 165 134 76
is_linear=0
shrinkage=0.03


Tree=7
num_leaves=10
num_cat=0
split_feature=12 12 37 1 9 15 19 36 37
split_gain=8.79848 9.34412 8.14614 6.91947 6.81651 4.7587 3.01147 2.19483 1.71729
threshold=34.042510239634886 52.55341248795186 0.0076245292109321525 -0.00551140613266382 0.14039433555472755 -0.7157345245024922 0.075176575540811516 0.0066794150016033357 -0.022281480217478829
decision_type=2 2 2 2 2 2 2 2 2
left_child=8 3 7 5 -4 -2 -5 -3 -1
right_child=1 2 4 6 -6 -7 -8 -9 -10
leaf_value=0.029957629723685267 0.016267510772943243 0.029966639267270841 -0.0059400073294347353 -0.0033359898795583334 0.015401470016843354 -0.009691944502186951 -0.029391017140609731 0.0062921188282903653 0.0059618758199529442
leaf_weight=7.4544455260038367 7.7235464751720455 8.9216680526733416 59.113338127732277 7.4763715565204647 15.160055622458456 16.205216303467751 17.441917508840561 10.192049935460089 8.2000780850648862
leaf_count=30 31 36 237 30 61 65 70 41 33
internal_value=0.000269084 -0.00208703 0.00335764 -0.0125139 -0.00109768 -0.000125962 -0.0229595 0.0198449 0.0203372
internal_weight=157.889 142.234 93.3871 48.8471 74.2734 23.9288 24.9183 19.1137 15.6545
internal_count=634 571 375 196 298 96 100 77 63
is_linear=0
shrinkage=0.03


Tree=8
num_leaves=8
num_cat=0
split_feature=28 14 15 14 33 28 18
split_gain=7.31754 9.58861 10.3805 9.78949 9.32154 9.72239 6.8726
threshold=1.5000000000000002 -2.4087909589469798 31.449464550789667 11.762519313369355 0.39895943367980485 6.5000000000000009 0.17641552705902891
decision_type=2 2 2 2 2 2 2
left_child=-1 4 3 -3 6 -6 -2
right_child=1 2 -4 -5 5 -7 -8
leaf_value=0.02019997591762689 0.001530218047206914 -0.0022869662030958575 0.016623233182763427 -0.022826532995424312 0.015594724375365814 -0.02513239712681388 0.03413598084285438
leaf_weight=13.162788718938826 11.190958410501482 56.81815929710865 12.668559595942495 33.406271696090698 7.7148733884096172 9.2335859984159452 13.636658921837805
leaf_count=53 45 228 51 134 31 37 55
internal_value=0.00028493 -0.00167552 -0.00666278 -0.0103846 0.0100085 -0.0061127 0.0212079
internal_weight=157.832 144.669 102.893 90.2244 41.7761 16.9485 24.8276
internal_count=634 581 413 362 168 68 100
is_linear=0
shrinkage=0.03


Tree=9
num_leaves=10
num_cat=0
split_feature=12 12 33 35 40 7 10 3 35
split_gain=8.17237 9.00304 8.40505 8.32642 8.43988 7.37428 2.7729 1.65421 1.65259
threshold=34.042510239634886 52.55341248795186 0.38268717820467685 -0.031133118115111432 -0.01095203834169267 -0.022042944916820028 -0.0074264421199478617 0.013712975047870836 -0.0028213129801106236
decision_type=2 2 2 2 2 2 2 2 2
left_child=8 2 5 7 -5 -2 -4 -3 -1
right_child=1 3 6 4 -6 -7 -8 -9 -10
leaf_value=0.0047249569833348101 -0.015525865647604463 0.030079140301864728 -0.03825760378718588 0.023739895440972214 -0.0048850447776338313 0.014545388258681534 -0.012458918059439942 0.0070302217616717427 0.028202138130727479
leaf_weight=7.4528125971555701 12.215618014335634 8.4568641036748904 8.2270002812147158 8.6582202017307264 67.244546502828598 13.173075243830679 15.213121280074118 8.9599841684102994 8.1641561388969404
leaf_count=30 49 34 33 35 270 53 61 36 33
internal_value=0.000293763 -0.00197284 -0.0122121 0.00337126 -0.000901607 0 -0.0243992 0.0209398 0.019658
internal_weight=157.765 142.148 48.8288 93.3196 75.9028 25.3887 23.4401 17.4168 15.617
internal_count=634 571 196 375 305 102 94 70 63
is_linear=0
shrinkage=0.03


Tree=10
num_leaves=10
num_cat=0
split_feature=19 35 37 20 3 1 11 10 23
split_gain=11.8871 15.4758 8.38953 7.00779 6.68049 6.23759 3.78467 2.80188 1.31911
threshold=0.13263665972627839 -0.045041447882702028 0.016014362420248899 0.016400633665579256 0.035819578116736979 0.019286182604368766 0.00062574645786417371 0.045151160368391292 0.83080256419828313
decision_type=2 2 2 2 2 2 2 2 2
left_child=1 -1 3 -3 7 -6 -4 8 -2
right_child=4 2 6 -5 5 -7 -8 -9 -10
leaf_value=0.021219928602224811 0.0071923239726862584 -0.02230980523475504 -0.0070769612961441982 0.0055921774573414827 -0.02368162519560111 0.0079612598350490334 -0.027696242099960102 0 0.024611500584793573
leaf_weight=11.919182643294333 10.921091780066492 8.9762512296438199 16.229056805372238 28.090049684047699 7.4548127353191402 11.179615542292593 28.926392793655396 9.7122317999601346 20.096348628401756
leaf_count=48 44 36 65 113 30 45 116 39 81
internal_value=-0.00132441 -0.00797575 -0.0127896 -0.00157704 0.00889516 -0.0050391 -0.0212181 0.0155588 0.0197398
internal_weight=153.505 94.1409 82.2218 37.0663 59.3641 18.6344 45.1554 40.7297 31.0174
internal_count=617 378 330 149 239 75 181 164 125
is_linear=0
shrinkage=0.03


Tree=11
num_leaves=12
num_cat=0
split_feature=19 14 31 12 3 38 5 33 21 26 38
split_gain=11.2589 18.0823 8.75398 12.0181 6.35648 5.28965 7.03332 3.70019 2.97401 2.71476 1.18264
threshold=0.13263665972627839 11.762519313369355 -1.4999999999999998 52.55341248795186 0.035819578116736979 0.010854284532897216 -0.09075625955096521 0.89668169621775429 0.017157116194798743 0.27121035749936057 0.0077162593061996573
decision_type=2 2 2 2 2 2 2 2 2 2 2
left_child=1 2 9 -4 5 8 -7 -6 -2 -1 -3
right_child=4 10 3 -5 7 6 -8 -9 -10 -11 -12
leaf_value=0.028586315427111098 0.0060137475897790943 -0.04077090804006131 -0.020591333963490725 0.0058292649748198479 -0.01694450074467433 0.022074573241351612 -0.010204106879890215 0.0069462152944752154 0.034078086904506789 0.0019190094913240064 -0.016070152921045803
leaf_weight=7.9484221786260587 7.7018688917160061 9.9700948894023913 25.886729583144188 32.09537947177887 9.4521881788969058 8.3876517117023486 12.216582879424093 9.1864171177148801 12.38056994974613 7.7308011800050735 10.455950587987898
leaf_count=32 31 40 104 129 38 34 49 37 50 31 42
internal_value=-0.00128251 -0.00775973 -0.000362295 -0.00600969 0.00866354 0.015172 0.00306294 -0.00491062 0.0255138 0.0179907 -0.0313564
internal_weight=153.413 94.0874 73.6613 57.9821 59.3253 40.6867 20.6042 18.6386 20.0824 15.6792 20.426
internal_count=617 378 296 233 239 164 83 75 81 63 82
is_linear=0
shrinkage=0.03


Tree=12
num_leaves=11
num_cat=0
split_feature=19 14 34 9 3 1 36 38 15 14
split_gain=10.694 17.2548 13.4072 9.3642 6.05418 5.86861 5.28785 5.03461 5.93663 1.74587
threshold=0.13263665972627839 11.762519313369355 0.034551093974205867 0.033255215856199734 0.035819578116736979 0.019286182604368766 0.0048721049086285712 0.010854284532897216 -2.0619822591709762 15.4502081537255
decision_type=2 2 2 2 2 2 2 2 2 2
left_child=1 2 3 -1 7 -6 -3 9 -9 -2
right_child=4 6 -4 -5 5 -7 -8 8 -10 -11
leaf_value=-0.00096756652674857206 0.03613398454735673 -0.0057072146330611395 -0.024301243044677446 0.024861316847848682 -0.022857298437343243 0.007815894459048605 -0.041243330533325663 0.01495196196904907 -0.015118701298187919 0.012096899034133326
leaf_weight=43.796468585729599 8.1334439814090747 7.4488539397716549 14.708043932914732 15.137118130922316 7.468066260218623 11.173039749264715 12.961079657077788 13.102821826934816 7.4841941297054282 11.90592437982559
leaf_count=176 33 30 59 61 30 45 52 53 30 48
internal_value=-0.00123555 -0.00755071 -0.000321067 0.00601869 0.00846049 -0.00476987 -0.0306101 0.014822 0.00298526 0.0249272
internal_weight=153.319 94.0516 73.6416 58.9336 59.2675 18.6411 20.4099 40.6264 20.587 20.0394
internal_count=617 378 296 237 239 75 82 164 83 81
is_linear=0
shrinkage=0.03


Tree=13
num_leaves=10
num_cat=0
split_feature=19 14 34 37 19 3 38 23 38
split_gain=10.1739 16.4138 12.71 9.35997 5.88157 10.2933 3.79852 1.67861 1.16671
threshold=0.13263665972627839 11.762519313369355 0.034551093974205867 0.016692894508729132 0.17884937527654551 0.02174018177134596 0.010854284532897216 1.0591230095020712 0.0077162593061996573
decision_type=2 2 2 2 2 2 2 2 2
left_child=1 2 3 -1 6 -6 7 -2 -3
right_child=4 8 -4 -5 5 -7 -8 -9 -10
leaf_value=0.016950245443186303 0.029021362719758241 -0.039032654063411318 -0.023670643756664996 -0.0060641571287829172 0.014755659452512119 -0.01986634799482391 0 0.0061846302338764494 -0.01505941229194336
leaf_weight=30.728648513555527 14.567450135946276 9.9497789740562457 14.700268030166624 28.18196839094162 13.836113199591638 12.940278783440588 10.459617286920546 7.4016069471836081 10.433548614382742
leaf_count=124 59 40 59 113 56 52 42 30 42
internal_value=-0.00120482 -0.00736762 -0.000311803 0.00585662 0.00825523 -0.00167278 0.0165095 0.0231113 -0.0298737
internal_weight=153.199 93.9942 73.6109 58.9106 59.2051 26.7764 32.4287 21.9691 20.3833
internal_count=617 378 296 237 239 108 131 89 82
is_linear=0
shrinkage=0.03


Tree=14
num_leaves=10
num_cat=0
split_feature=8 10 14 19 31 14 37 26 1
split_gain=9.9726 8.12091 8.19877 8.9308 7.12163 7.40745 5.46849 5.36758 0.950751
threshold=-0.042868309261503999 0.020667104585198829 12.972980525422033 0.14029470490227167 -1.4999999999999998 -1.7199568679297952 0.04723543143592291 0.26315773371617079 -0.021053494796070767
decision_type=2 2 2 2 2 2 2 2 2
left_child=8 4 6 -4 7 -6 -3 -2 -1
right_child=1 2 3 -5 5 -7 -8 -9 -10
leaf_value=0.0068791427471272355 0.02328423320615516 0.028619732284759784 -0.024468949964348025 0.0058638337768955554 -0.00021554473776300417 -0.021512126103152954 0 -0.0083192480045825093 0.028266209886776094
leaf_weight=7.4062509983778 7.420040547847746 13.636054411530496 11.162094905972479 23.090970441699028 24.312604695558548 41.95785865187645 9.2052257955074293 7.4765241295099258 7.3857177495956403
leaf_count=30 30 55 45 93 98 169 37 30 30
internal_value=-0.00118108 -0.00387231 0.00452939 -0.00441158 -0.00992939 -0.014154 0.0178169 0.0074276 0.0205459
internal_weight=153.053 138.261 57.0943 34.2531 81.167 66.2705 22.8413 14.8966 14.792
internal_count=617 557 230 138 327 267 92 60 60
is_linear=0
shrinkage=0.03


Tree=15
num_leaves=14
num_cat=0
split_feature=37 19 35 12 12 21 19 35 10 15 9 25 9
split_gain=8.64929 10.8887 9.05688 7.40113 9.27712 6.56055 5.72847 4.78536 3.9344 2.9096 2.69791 1.86898 1.29058
threshold=0.015485414207445427 0.13180180810025738 0.025616395370351656 52.55341248795186 33.241671910748948 0.011787254948318891 0.075176575540811516 0.039719616221699956 0.051484818523385718 11.816245718383735 0.10407714126942201 0.22952385224773034 0.02004308682716616
decision_type=2 2 2 2 2 2 2 2 2 2 2 2 2
left_child=3 5 10 4 11 -2 -7 -6 -4 12 -3 -1 -5
right_child=1 2 8 9 7 6 -8 -9 -10 -11 -12 -13 -14
leaf_value=0.023839676381414873 0 0.0033623147205920478 0.0024373377432493687 0.0094728782120005219 0 0 -0.027720395728251839 -0.023178117053742366 -0.02356031362194165 0.0023892607319439436 0.029493563414640635 0.0015044349388118091 0.03469620275079751
leaf_weight=8.1082935333251935 14.442119404673575 8.4155382066965121 8.6834642142057437 7.3959222882986086 13.420184984803202 7.4689150005578986 32.504567801952362 14.181709066033362 7.730511099100112 9.444665312767027 8.6555166542530042 7.8410407006740561 7.6302811950445175
leaf_count=33 58 34 35 30 54 30 131 57 31 38 35 32 31
internal_value=-0.00222718 -0.00842763 0.00453923 0.00558292 -0.00163678 -0.0165508 -0.0225578 -0.0121729 -0.0102213 0.0181515 0.0191017 0.015086 0.0257333
internal_weight=155.923 87.9006 33.485 68.0221 43.5512 54.4156 39.9735 27.6019 16.414 24.4709 17.0711 15.9493 15.0262
internal_count=629 354 135 275 176 219 161 111 66 99 69 65 61
is_linear=0
shrinkage=0.03


Tree=16
num_leaves=6
num_cat=0
split_feature=4 36 37 19 36
split_gain=8.23261 9.04633 7.12803 12.0835 7.47253
threshold=-0.076818534769117083 0.0036767432294540665 0.015485414207445427 0.13180180810025738 0.0048556314556027257
decision_type=2 2 2 2 2
left_child=-1 -2 4 -4 -3
right_child=1 2 3 -5 -6
leaf_value=0.019064403893888197 -0.026769326412671865 0.029227885795649073 -0.015905080490077682 0.0079165478581985325 0.00070444257650710302
leaf_weight=12.769899412989615 12.675267681479452 8.6324466168880445 51.133968353271484 27.493751168251038 43.070380508899689
leaf_count=52 51 35 206 111 174
internal_value=-0.00212558 -0.00435807 -0.00169347 -0.00739958 0.00665726
internal_weight=155.776 143.006 130.331 78.6277 51.7028
internal_count=629 577 526 317 209
is_linear=0
shrinkage=0.03


Tree=17
num_leaves=12
num_cat=0
split_feature=37 19 12 33 21 12 19 38 37 15 9
split_gain=7.73594 9.78228 7.02164 9.57219 6.22493 5.90622 5.44496 4.95393 3.00158 2.8193 1.19928
threshold=0.015485414207445427 0.13180180810025738 52.55341248795186 0.39895943367980485 0.011787254948318891 39.03960061200096 0.075176575540811516 0.010854284532897216 0.045678678391755663 11.816245718383735 0.02004308682716616
decision_type=2 2 2 2 2 2 2 2 2 2 2
left_child=2 4 3 5 -2 -1 -6 8 -3 10 -4
right_child=1 7 9 -5 6 -7 -8 -9 -10 -11 -12
leaf_value=0.015600305167842752 0.00030386805682243223 0.022671580635643996 0.0092180058866650275 -0.023855475393504789 0 -0.0090629236239614837 -0.02656130496282632 -0.01099099737601133 0.00057231419307941876 0.0021282733224835516 0.033794065704673783
leaf_weight=20.846824780106544 14.445655718445776 10.355297669768335 7.3872278928756732 10.961185619235037 7.4659131765365592 11.684600010514258 32.397524103522301 10.220117986202238 12.873818174004553 9.4394693076610547 7.586041584610939
leaf_count=85 58 42 30 44 30 47 131 41 52 38 31
internal_value=-0.00204922 -0.00792257 0.0053362 -0.00168819 -0.0156357 0.00629557 -0.0215087 0.00435314 0.0120348 0.0175987 0.0250678
internal_weight=155.664 87.7583 67.9053 43.4926 54.3091 32.5314 39.8634 33.4492 23.2291 24.4127 14.9733
internal_count=629 354 275 176 219 132 161 135 94 99 61
is_linear=0
shrinkage=0.03


Tree=18
num_leaves=8
num_cat=0
split_feature=4 16 28 37 38 15 15
split_gain=7.52888 8.4539 8.06625 9.96438 3.46686 2.63316 2.79786
threshold=-0.076818534769117083 -3.1870585862031544 2.5000000000000004 0.015485414207445427 0.0078215244102177763 4.0536975084277707 19.557506991111552
decision_type=2 2 2 2 2 2 2
left_child=-1 5 4 -4 -3 -2 -7
right_child=1 2 3 -5 -6 6 -8
leaf_value=0.018325939818482642 -0.0015825180719581014 0.025562201914461794 0.0074345027531970897 -0.011710960549556958 0 -0.035931026708387534 -0.0068259545411743497
leaf_weight=12.714948579668997 7.37588603794575 11.115604504942896 37.325846970081329 61.012870281934738 9.0965217947959882 9.1776837706565875 7.6571446359157553
leaf_count=52 30 45 151 246 37 37 31
internal_value=-0.00197085 -0.0041104 -0.000561133 -0.0042912 0.0156639 -0.0195486 -0.0256198
internal_weight=155.477 142.762 118.551 98.3387 20.2121 24.2107 16.8348
internal_count=629 577 479 397 82 98 68
is_linear=0
shrinkage=0.03


Tree=19
num_leaves=6
num_cat=0
split_feature=4 36 36 35 13
split_gain=7.15344 8.37726 6.90494 5.09432 4.29697
threshold=-0.076818534769117083 0.0036767432294540665 0.0047247732072339798 0.046382564110417863 0.53670638003425364
decision_type=2 2 2 2 2
left_child=-1 -2 4 -4 -3
right_child=1 2 3 -5 -6
leaf_value=0.01789069290618674 -0.025569333696759532 0 -0.0011263376221624347 -0.017041431699410116 0.023578737473837336
leaf_weight=12.682697653770445 12.658339858055113 11.596991911530496 84.254169702529907 22.096754401922226 12.08251930773258
leaf_count=52 51 47 341 89 49
internal_value=-0.00191232 -0.00399912 -0.00143015 -0.00482501 0.0124212
internal_weight=155.371 142.689 130.03 106.351 23.6795
internal_count=629 577 526 430 96
is_linear=0
shrinkage=0.03


Tree=20
num_leaves=10
num_cat=0
split_feature=17 17 19 21 19 3 28 40 40
split_gain=9.04438 14.6019 8.8857 7.36291 5.41167 4.88515 6.26166 2.89111 1.43428
threshold=0.64312145503262486 0.1689181374898702 0.13180180810025738 0.012102597728919284 0.1864104009716456 0.0079056612070983485 3.5000000000000004 0.043739661811262549 0.031947984421408789
decision_type=2 2 2 2 2 2 2 2 2
left_child=1 2 3 -1 -4 -2 -7 -3 -8
right_child=5 7 4 -5 -6 6 8 -9 -10
leaf_value=0.0034315502681473331 0.0057177514249138117 0.02932044843945544 0.017270949242861076 -0.018264563074264207 -0.0065271888028754959 0.0027697063263030469 -0.012466480490685062 0.0056467607645327555 -0.033095127293612248
leaf_weight=21.101769745349884 8.8159326612949354 17.459089964628223 23.195925697684288 32.631507962942123 10.631549268960951 8.843619689345358 13.332775816321375 9.9232864528894407 11.624231219291685
leaf_count=85 36 71 94 132 43 36 54 40 47
internal_value=-0.000425127 0.00386796 -0.00207173 -0.00965769 0.00942598 -0.0119948 -0.0170949 0.02222 -0.0243737
internal_weight=157.56 114.943 87.5608 53.7333 33.8275 42.6166 33.8006 27.3824 24.957
internal_count=638 465 354 217 137 173 137 111 101
is_linear=0
shrinkage=0.03


Tree=21
num_leaves=11
num_cat=0
split_feature=17 17 19 21 19 3 9 38 37 37
split_gain=8.581 13.8649 8.38007 6.96938 5.14024 4.65167 5.47371 4.49555 4.05749 1.4788
threshold=0.64312145503262486 0.1689181374898702 0.13180180810025738 0.012102597728919284 0.1864104009716456 0.0079056612070983485 0.075982345960989753 0.0086344618929575928 0.016162291673743393 0.047589943154811361
decision_type=2 2 2 2 2 2 2 2 2 2
left_child=1 2 3 -1 -4 -2 7 -7 -3 -10
right_child=5 8 4 -5 -6 6 -8 -9 9 -11
leaf_value=0.0033378616394733255 0.0055800414279506497 0.034079722470223069 0.016817927101597446 -0.017760957776863286 -0.0063595764092894379 -0.0029524807843142728 0 -0.034741851937707 0 0.016369143481941156
leaf_weight=21.099417522549629 8.8119153231382352 11.973412051796915 23.160538986325264 32.60713092982769 10.637027472257612 7.4013607949018505 12.787276580929754 13.595993310213087 7.8975435197353345 7.4645935297012329
leaf_count=85 36 49 94 132 43 30 52 55 32 30
internal_value=-0.00040646 0.00377515 -0.00200852 -0.00938046 0.00915654 -0.0116801 -0.0166614 -0.0254199 0.0216754 0.00833127
internal_weight=157.436 114.84 87.5041 53.7065 33.7976 42.5965 33.7846 20.9974 27.3355 15.3621
internal_count=638 465 354 217 137 173 137 85 111 62
is_linear=0
shrinkage=0.03


Tree=22
num_leaves=12
num_cat=0
split_feature=3 3 5 35 13 16 38 16 5 14 6
split_gain=5.98035 8.42423 8.01537 7.74042 8.29675 7.37759 5.8606 5.48755 5.30612 3.48708 3.40149
threshold=0.018333714591857512 -0.035768660354270669 0.064531248006559974 0.044266018559914196 -1.4329028342894572 2.9696509258445603 0.010483909215639336 -6.5383001529849318 0.14786867430358655 -1.8629250511854136 0.026458079433861598
decision_type=2 2 2 2 2 2 2 2 2 2 2
left_child=1 7 5 9 -5 6 -2 -1 10 -3 -4
right_child=2 3 8 4 -6 -7 -8 -9 -10 -11 -12
leaf_value=0.0042182852157117033 0.0037844457514325412 0.028046806314319401 0.018082756272052258 0.013827123312304859 -0.019007787127744383 -0.040059357224643134 -0.024183316208323938 -0.025072923378443617 -0.014125841216819262 0.0091222142830967145 -0.0037332693158462229
leaf_weight=8.2880158424377459 14.801183730363851 13.942325860261915 15.498227551579477 10.156230956315996 13.629645630717276 7.9124919623136512 8.869183808565138 10.65934970974922 9.1718301177024824 36.700905680656433 7.6786398738622657
leaf_count=34 60 57 63 41 55 32 36 43 37 149 31
internal_value=-0.000387458 0.00432141 -0.00741505 0.00897786 -0.004421 -0.0177578 -0.00717831 -0.0123648 0.00269215 0.0154848 0.0105368
internal_weight=157.308 93.3765 63.9316 74.4291 23.7859 31.5829 23.6704 18.9474 32.3487 50.6432 23.1769
internal_count=638 379 259 302 96 128 96 77 131 206 94
is_linear=0
shrinkage=0.03


Tree=23
num_leaves=11
num_cat=0
split_feature=17 17 19 19 19 23 40 37 7 37
split_gain=7.94359 13.1887 7.78489 6.61636 4.80135 4.78383 7.21453 3.85074 3.21207 1.41577
threshold=0.64312145503262486 0.1689181374898702 0.13180180810025738 0.10383426130349431 0.1864104009716456 0.91294126501584849 0.043739661811262549 0.016162291673743393 0.027915476677508089 0.047589943154811361
decision_type=2 2 2 2 2 2 2 2 2 2
left_child=1 2 3 -1 -4 -2 8 -3 -7 -9
right_child=5 7 4 -5 -6 6 -8 9 -10 -11
leaf_value=-0.0017986398993219042 -0.025400235116839229 0.033259293108009541 0.016193454028593554 -0.024945593055201627 -0.0061921212714856344 0.018166888642954314 -0.021009450347533022 0 -0.0039821829406130596 0.015966263475930265
leaf_weight=38.879992425441742 12.818248018622397 11.902557268738748 23.0937729626894 14.783486813306807 10.637447372078894 9.5382774919271522 11.09189163148403 7.8899722397327405 9.1236876994371396 7.460526779294014
leaf_count=157 52 49 94 60 43 39 45 32 37 30
internal_value=-0.000391583 0.00363294 -0.00200348 -0.00911194 0.00876271 -0.011243 -0.00345581 0.0211217 0.00727511 0.00809691
internal_weight=157.22 114.648 87.3947 53.6635 33.7312 42.5721 29.7539 27.2531 18.662 15.3505
internal_count=638 465 354 217 137 173 121 111 76 62
is_linear=0
shrinkage=0.03


Tree=24
num_leaves=11
num_cat=0
split_feature=17 17 19 21 19 24 20 37 21 37
split_gain=7.54649 12.5773 7.36765 6.35209 4.56192 4.41501 4.25823 3.67815 2.79924 1.35481
threshold=0.64312145503262486 0.1689181374898702 0.13180180810025738 0.012102597728919284 0.1864104009716456 0.66797868096906443 0.027050687386228654 0.016162291673743393 0.016068718171264654 0.047589943154811361
decision_type=2 2 2 2 2 2 2 2 2 2
left_child=1 2 3 -1 -4 6 8 -3 -2 -9
right_child=5 7 4 -5 -6 -7 -8 9 -10 -11
leaf_value=0.0032333018284503596 -0.0075521899857345365 0.03254838202292272 0.015772183680912037 -0.01689765179882164 -0.0060334400706726302 0.001780433845563843 -0.0013747798777419772 0 -0.036787596967049301 0.015595460289979659
leaf_weight=21.087292045354843 7.8701961040496888 11.842245757579805 23.053318306803703 32.543339014053345 10.642225384712217 14.039778038859366 11.518440902233122 7.8899722397327405 9.1152068674564344 7.4563872516155243
leaf_count=85 32 49 94 132 43 57 47 32 37 30
internal_value=-0.000384755 0.00353837 -0.00196117 -0.00888095 0.00851281 -0.0109661 -0.0174414 0.0206401 -0.026254 0.00789289
internal_weight=157.058 114.515 87.3262 53.6306 33.6955 42.5436 28.5038 27.1886 16.9854 15.3464
internal_count=638 465 354 217 137 173 116 111 69 62
is_linear=0
shrinkage=0.03


Tree=25
num_leaves=12
num_cat=0
split_feature=20 34 7 14 33 40 37 14 13 35 36
split_gain=7.07082 11.8832 8.11215 7.47918 12.3404 7.34893 13.382 5.68657 4.017 3.93309 1.00811
threshold=0.021999296848631649 0.034986160290540032 0.016545257468003411 -4.6177527887946033 0.61661563252650364 0.028156509723856419 0.030798020890530745 24.20178249258851 -4.4026054537881789 -0.062514379986487165 0.0048556314556027257
decision_type=2 2 2 2 2 2 2 2 2 2 2
left_child=1 5 3 9 -5 8 -7 10 -1 -2 -4
right_child=2 -3 7 4 -6 6 -8 -9 -10 -11 -12
leaf_value=0 0 -0.019092469892562049 -0.0097012242872352283 -0.020109865129520232 0.016097847591866367 -0.028005220610972034 0.013169037010055644 0 0.02688451052558756 0.025123906818671743 -0.032330763835086804
leaf_weight=7.4110170602798453 7.3718187958002117 10.658726468682287 7.3494058698415818 20.751206874847412 11.283378243446348 7.8883493691682842 22.966531917452812 9.8994585722684842 26.382521852850914 12.109374180436133 11.870379909873007
leaf_count=30 30 43 30 84 46 32 93 40 108 50 48
internal_value=0.00081825 0.00741081 -0.00518754 0.00179065 -0.00671934 0.0124473 0.0011219 -0.0173366 0.0217284 0.0158054 -0.0261143
internal_weight=155.942 75.3071 80.635 51.5158 32.0346 64.6484 30.8549 29.1192 33.7935 19.4812 19.2198
internal_count=634 306 328 210 130 263 125 118 138 80 78
is_linear=0
shrinkage=0.03


Tree=26
num_leaves=7
num_cat=0
split_feature=28 28 23 35 23 35
split_gain=8.4122 9.23484 6.54528 6.3644 6.64141 1.50035
threshold=1.5000000000000002 10.500000000000002 0.90778194277296353 0.061918847845922616 0.9825551449555836 0.028409734978965377
decision_type=2 2 2 2 2 2
left_child=-1 3 -3 4 -2 -4
right_child=1 2 5 -5 -6 -7
leaf_value=0.022084295859012972 0.0043198669332920152 -0.0053112168857661615 0.0063219554562107842 -0.025880972621022878 -0.010605370822071702 0.028604043794542646
leaf_weight=13.17143504321575 53.513377860188484 9.9117419868707675 7.5708707123994854 10.397748172283171 48.808650746941566 12.363522008061407
leaf_count=54 218 40 31 42 199 50
internal_value=0.000781337 -0.00136135 0.0128146 -0.0054036 -0.00272267 0.0221735
internal_weight=155.737 142.566 29.8461 112.72 102.322 19.9344
internal_count=634 580 121 459 417 81
is_linear=0
shrinkage=0.03


Tree=27
num_leaves=7
num_cat=0
split_feature=28 28 12 37 37 37
split_gain=7.99492 8.7658 9.09252 7.97596 7.89723 0.185871
threshold=1.5000000000000002 10.500000000000002 33.241671910748948 0.018550019337562954 0.030798020890530745 0.00052090630906143087
decision_type=2 2 2 2 2 2
left_child=-1 2 -2 5 -4 -3
right_child=1 3 4 -5 -6 -7
leaf_value=0.021562220574079603 0.016756726195038561 0.011241739043282239 -0.015850188905794982 -0.0039019927334616664 0.00061996786880725999 0.030977637615513358
leaf_weight=13.134621083736418 12.543470501899717 7.3107153922319474 55.164867073297501 13.148916512727736 44.998762384057045 9.3655523359775525
leaf_count=54 52 30 224 53 183 38
internal_value=0.000765769 -0.00131873 -0.00525892 0.0124944 -0.00843682 0.0252591
internal_weight=155.667 142.532 112.707 29.8252 100.164 16.6763
internal_count=634 580 459 121 407 68
is_linear=0
shrinkage=0.03


Tree=28
num_leaves=7
num_cat=0
split_feature=28 28 12 23 23 34
split_gain=7.58399 8.3173 8.62112 7.06054 6.18439 1.44768
threshold=1.5000000000000002 10.500000000000002 33.241671910748948 0.9825551449555836 0.90778194277296353 -0.011370387464657293
decision_type=2 2 2 2 2 2
left_child=-1 2 -2 -4 -3 -6
right_child=1 4 3 -5 5 -7
leaf_value=0.021055617904024309 0.016363951994773421 -0.0053609467288519798 -0.00079947126236957545 -0.016995787883834802 0.0058604080214229321 0.027624313160919716
leaf_weight=13.095832556486128 12.507756695151327 9.9039798676967639 56.583126291632652 43.582219257950783 7.5482847243547484 12.330861240625378
leaf_count=54 52 40 230 177 31 50
internal_value=0.000772668 -0.00125378 -0.00509393 -0.00818811 0.0122084 0.0213371
internal_weight=155.552 142.456 112.673 100.165 29.7831 19.8791
internal_count=634 580 459 407 121 81
is_linear=0
shrinkage=0.03


Tree=29
num_leaves=12
num_cat=0
split_feature=20 34 7 14 33 40 37 14 13 35 20
split_gain=6.59327 10.7987 7.76143 7.09787 11.2803 6.59871 12.3912 5.04473 3.74804 3.71362 0.560208
threshold=0.021999296848631649 0.034986160290540032 0.016545257468003411 -4.6177527887946033 0.61661563252650364 0.028156509723856419 0.030798020890530745 20.123245766062897 -4.4026054537881789 -0.062514379986487165 0.027776635623971747
decision_type=2 2 2 2 2 2 2 2 2 2 2
left_child=1 5 3 9 -5 8 -7 10 -1 -2 -4
right_child=2 -3 7 4 -6 6 -8 -9 -10 -11 -12
leaf_value=0 0 -0.018116398038790078 -0.032050609778352723 -0.019312440370468868 0.01533364019793999 -0.026885212802161287 0.01279156442664838 0 0.025808312934599148 0.024561555309662648 -0.01131047729564031
leaf_weight=7.389174446463584 7.3723425716161755 10.630480051040648 10.311723649501806 20.707831442356113 11.245159074664114 7.8483091890811947 22.937979310750961 10.608990564942358 26.192676723003387 12.042926490306852 8.1407102644443494
leaf_count=30 30 43 42 84 46 32 93 43 108 50 33
internal_value=0.000768433 0.00715295 -0.0050321 0.00179856 -0.00649272 0.0119724 0.00119629 -0.0169271 0.0208074 0.0154765 -0.0256348
internal_weight=155.428 74.9986 80.4297 51.3683 31.953 64.3681 30.7863 29.0614 33.5819 19.4153 18.4524
internal_count=634 306 328 210 130 263 125 118 138 80 75
is_linear=0
shrinkage=0.03


Tree=30
num_leaves=11
num_cat=0
split_feature=6 33 5 27 25 2 4 37 25 37
split_gain=8.00632 8.58398 11.0237 9.05689 6.63979 5.13663 4.20491 5.49961 3.56322 1.68013
threshold=-0.0024592420264786352 0.86881256494364656 0.06721996388874675 2.5000000000000004 0.18903938282902735 -0.0088517269804310721 0.01976715694887499 0.01335639315092463 0.12499910592947573 0.030798020890530745
decision_type=2 2 2 2 2 2 2 2 2 2
left_child=5 3 -3 9 -5 6 7 -1 -4 -2
right_child=1 2 8 4 -6 -7 -8 -9 -10 -11
leaf_value=0.0074473802939115218 -0.026761964725866089 -0.015136794014207635 0.00073948631110982521 0.015412701864899037 -0.012562695427378957 0.025708914155830702 0.020344654192040838 -0.016726482812088155 0.025512991631321365 -0.0087101455970209109
leaf_weight=21.101212754845619 20.800030052661896 11.759889900684355 9.3700854182243365 13.652928784489633 12.692095398902891 12.248890846967695 8.6260654181241971 11.234516248106955 15.921616256237028 13.012951776385306
leaf_count=86 85 48 38 56 52 50 35 46 65 53
internal_value=0.000697336 -0.00430297 0.00659029 -0.0112497 0.00147051 0.00992894 0.00388392 -0.000999641 0.0176113 -0.0211079
internal_weight=150.42 97.2096 37.0516 60.158 26.345 53.2107 40.9618 32.3357 25.2917 33.813
internal_count=614 397 151 246 108 217 167 132 103 138
is_linear=0
shrinkage=0.03


Tree=31
num_leaves=11
num_cat=0
split_feature=6 28 25 24 7 24 37 15 9 8
split_gain=7.60716 9.66716 5.71226 6.51564 5.05806 3.72568 3.1813 3.06958 1.6547 4.12213
threshold=-0.0024592420264786352 2.5000000000000004 0.18903938282902735 0.44530102330395305 -0.017915633276593058 -0.41375626464655074 0.040538952513958122 11.122705945065631 0.0055142430785656725 0.017624021058456858
decision_type=2 2 2 2 2 2 2 2 2 2
left_child=4 7 6 -4 5 -1 -3 -2 -6 -10
right_child=1 2 3 -5 8 -7 -8 -9 9 -11
leaf_value=0.012001601484898714 0.027024205845950378 0.0054094436137127801 -0.022931801166692443 0.003330073135342595 0.027331038842121715 -0.0099092933216084634 -0.011603899437546045 0.0011647428108751111 -0.003941625735392351 0.021677780929071654
leaf_weight=10.279603064060213 7.4773336499929455 26.392383515834808 30.594740569591522 9.6098134666681272 10.785918518900873 14.135151252150534 13.101405337452887 9.9888117760419828 8.8702127784490603 9.0854321569204313
leaf_count=42 31 108 125 39 44 58 53 41 36 37
internal_value=0.000683027 -0.00418861 -0.00875713 -0.0164389 0.00968884 0 -0.000160221 0.014645 0.0177907 0.00914334
internal_weight=150.321 97.1645 79.6983 40.2046 53.1563 24.4148 39.4938 17.4661 28.7416 17.9556
internal_count=614 397 325 164 217 100 161 72 117 73
is_linear=0
shrinkage=0.03


Tree=32
num_leaves=13
num_cat=0
split_feature=10 33 18 10 28 10 34 11 25 8 19 7
split_gain=9.38119 12.0244 6.6782 6.60395 6.19469 6.13189 5.09759 4.16133 4.11604 4.07468 4.0501 3.80794
threshold=0.021660141067194386 0.38268717820467685 0.67110307043617001 0.0096580671040253935 4.5000000000000009 0.043233356007057473 0.01044105190434619 0.010058453740620867 0.29221948962721717 -0.049084634159649997 0.12748756616322279 0.016545257468003411
decision_type=2 2 2 2 2 2 2 2 2 2 2 2
left_child=1 4 8 -4 9 10 -7 -6 -3 -1 11 -2
right_child=5 2 3 -5 7 6 -8 -9 -10 -11 -12 -13
leaf_value=0.0078338628170369785 0.020882127137230994 -0.031976855490233685 0.013387834790918332 -0.014256467165585214 0.028337555426335818 -0.016643042416966309 0.010371811946760925 0.0020768801332008203 -0.0052285588128173858 -0.018997042264705759 0.030143662775451156 -0.0024083483441989331
leaf_weight=7.4389261454343787 8.5989673584699649 17.70869775116444 11.254630312323572 16.348830908536911 11.484106793999674 9.6354968398809451 11.343494161963461 11.926127806305884 10.276587784290312 8.3770283013582212 13.399607598781584 12.429509624838827
leaf_count=31 35 72 46 67 47 39 46 49 42 34 55 51
internal_value=0.000688564 -0.0049136 -0.0137796 -0.00233549 0.00734581 0.0103737 -0.00175177 0.0167661 -0.0236586 -0.00607262 0.0178647 0.00745068
internal_weight=150.222 94.8149 55.5887 27.6035 39.2262 55.4071 20.979 23.4102 27.9853 15.816 34.4281 21.0285
internal_count=614 388 227 113 161 226 85 96 114 65 141 86
is_linear=0
shrinkage=0.03


Tree=33
num_leaves=12
num_cat=0
split_feature=10 8 12 37 10 28 8 3 38 40 5
split_gain=8.89751 9.41844 6.03943 6.81505 5.8364 5.77811 4.40209 3.64439 3.52125 3.0409 2.20288
threshold=0.021660141067194386 -0.0096859786071957516 51.684178152812386 0.0076245292109321525 0.043233356007057473 4.5000000000000009 -0.049084634159649997 0.039823947601126959 0.0081290041361611314 0.0090747160836608404 0.075445196046081478
decision_type=2 2 2 2 2 2 2 2 2 2 2
left_child=1 5 -3 -4 7 6 -1 10 -6 -7 -2
right_child=4 2 3 -5 8 9 -8 -9 -10 -11 -12
leaf_value=0.0076564281665960389 0.0098858148443249118 -0.026818453596229041 0.013600249306620384 -0.013024086655176941 0.011661651527466104 0.0053231515365958432 -0.019959709560598587 0.000812430103789032 -0.011192564350828634 0.02903863934956178 0.032788301266067826
leaf_weight=7.4294749200344112 11.989748552441599 17.172776088118553 10.132247492671011 26.519415095448494 7.8723568618297604 17.279665872454647 8.8628909140825254 10.488820016384123 13.107901170849798 7.3149328231811515 11.89973410964012
leaf_count=31 49 70 42 108 32 71 36 43 53 30 49
internal_value=0.000677993 -0.00477839 -0.0129087 -0.0049529 0.0101158 0.00567766 -0.00708624 0.0174333 -0.00169572 0.014594 0.0235249
internal_weight=150.07 94.7114 53.8244 36.6517 55.3586 40.887 16.2924 34.3783 20.9803 24.5946 23.8895
internal_count=614 388 220 150 226 168 67 141 85 101 98
is_linear=0
shrinkage=0.03


Tree=34
num_leaves=13
num_cat=0
split_feature=10 8 12 37 10 28 8 19 17 36 11 11
split_gain=8.44628 8.94896 5.74731 6.47111 5.55628 5.50166 4.19822 3.82614 3.54395 3.0914 2.90747 0.150077
threshold=0.021660141067194386 -0.0096859786071957516 51.684178152812386 0.0076245292109321525 0.043233356007057473 4.5000000000000009 -0.049084634159649997 0.12748756616322279 -0.082795788682314894 0.0047738633629512261 0.0106445980263864 0.0081382264991115578
decision_type=2 2 2 2 2 2 2 2 2 2 2 2
left_child=1 5 11 -4 7 6 -1 8 -2 -6 -7 -3
right_child=4 2 3 -5 9 10 -8 -9 -10 -11 -12 -13
leaf_value=0.0074830513611857351 0.01871075750433273 -0.032597540961017947 0.013281378705792626 -0.01267291586186785 0.010551449623077466 0.023522477451507998 -0.019477429066416255 0.02900499057233542 -0.003501942850662292 -0.010747273983695212 0.0017560866238953193 -0.0127712075135953
leaf_weight=7.4200442135334042 9.822900801897049 8.8733037263155001 10.112564042210577 26.492479771375656 8.148009270429613 12.416942179203035 8.8594451248645765 13.298187300562857 11.20332857966423 12.831114649772642 12.162906140089033 8.2529953420162183
leaf_count=31 40 36 42 108 33 51 36 55 46 52 50 34
internal_value=0.000683086 -0.00463427 -0.012571 -0.00479759 0.00988393 0.00555235 -0.00689425 0.0170327 0.00694765 -0.00162399 0.0142587 -0.0261622
internal_weight=149.894 94.5907 53.7313 36.605 55.3035 40.8593 16.2795 34.3244 21.0262 20.9791 24.5798 17.1263
internal_count=614 388 220 150 226 168 67 141 86 85 101 70
is_linear=0
shrinkage=0.03


Tree=35
num_leaves=11
num_cat=0
split_feature=10 14 7 7 37 20 14 14 10 20
split_gain=4.37133 9.21897 7.37837 7.96236 7.29966 5.16599 5.11109 6.69373 8.06823 4.57116
threshold=0.027008237895320811 -1.7199568679297952 0.017864424068815905 -0.022042944916820028 0.01591512816519525 0.018335423682958648 11.481998907266133 20.123245766062897 0.044141914244952625 0.015362441816747717
decision_type=2 2 2 2 2 2 2 2 2 2
left_child=1 2 3 -1 9 -6 -2 -8 -9 -3
right_child=6 4 -4 -5 5 -7 7 8 -10 -11
leaf_value=-0.0035277571790321162 0.023387725747339487 -0.01557361246580705 -0.014880970431220726 0.024710530792936843 -0.0035539114200333405 -0.026971220749889266 -0.017760473345226114 0.031231920276610932 -0.0021292323930082735 0.0083692815198907911
leaf_weight=12.574267283082007 11.899355575442312 8.0345547050237673 7.8700789511203757 21.201817318797112 16.74095356464386 21.942391499876976 9.3127293884754163 7.9235092401504543 16.280057594180107 22.486073687672615
leaf_count=52 49 33 32 87 68 91 38 33 66 92
internal_value=0.000293799 -0.00282378 0.00790535 0.0141691 -0.00953181 -0.0178785 0.00801766 0.00112873 0.00976996 0.00103493
internal_weight=156.266 110.85 41.6462 33.7761 69.204 38.6833 45.4157 33.5163 24.2036 30.5206
internal_count=641 455 171 139 284 159 186 137 99 125
is_linear=0
shrinkage=0.03


Tree=36
num_leaves=9
num_cat=0
split_feature=36 36 13 6 1 24 24 34
split_gain=5.09428 6.30652 7.81202 5.7502 5.30188 4.34527 2.31004 1.22393
threshold=0.0035964536564773424 0.0050119226228885335 -3.8163056505349569 0.010731997481189389 -0.010286979782937909 0.072239639578200524 0.55404875731962111 0.0099029970948658636
decision_type=2 2 2 2 2 2 2 2
left_child=-1 5 4 -4 -3 7 -7 -2
right_child=1 2 3 -5 -6 6 -8 -9
leaf_value=-0.016596464536572229 0.0083452818184317629 -0.00071362759809880311 0.0090388058247607393 -0.0069344028379490809 -0.027902266936979551 -0.0072830400222714999 0.011439412402483801 0.03149861599011259
leaf_weight=12.465400338172911 7.7793858647346523 13.989202529191973 52.048473313450813 29.737392276525497 12.469162881374357 9.4189122319221514 9.7269104272127134 8.4027073234319669
leaf_count=51 32 57 214 122 51 39 40 35
internal_value=0.000275338 0.00205114 -0.00146655 0.00302502 -0.0151145 0.0127322 0.00170173 0.0233352
internal_weight=156.038 143.572 108.244 81.7859 26.4584 35.3279 19.1458 16.1821
internal_count=641 590 444 336 108 146 79 67
is_linear=0
shrinkage=0.03


Tree=37
num_leaves=6
num_cat=0
split_feature=28 15 14 14 38
split_gain=3.98745 6.13519 13.7506 11.3271 5.22143
threshold=1.5000000000000002 31.449464550789667 11.481998907266133 7.4913228629286559 0.007901594823326084
decision_type=2 2 2 2 2
left_child=-1 2 3 -2 -4
right_child=1 -3 4 -5 -6
leaf_value=0.015337190060142013 -0.0016354195254673039 0.017371226143575894 -0.030773352157557228 0.026083065423543474 -0.0062267086527610536
leaf_weight=12.497187063097952 82.05802246928215 12.32661823928356 15.909973695874212 13.635139957070349 19.525519967079163
leaf_count=52 337 51 65 56 80
internal_value=0.000261954 -0.00114104 -0.00322876 0.00261372 -0.0187037
internal_weight=155.952 143.455 131.129 95.6932 35.4355
internal_count=641 589 538 393 145
is_linear=0
shrinkage=0.03


Tree=38
num_leaves=11
num_cat=0
split_feature=19 14 38 14 23 19 16 32 35 4
split_gain=3.92389 10.2141 9.91601 7.89574 6.34789 7.02029 6.00136 5.48607 2.74726 1.50663
threshold=0.13180180810025738 11.481998907266133 0.010854284532897216 8.2215800915140012 0.90552303756484098 0.1864104009716456 1.091340809523786 -0.00065525346591410727 0.026698239564772467 0.035585445063603734
decision_type=2 2 2 2 2 2 2 2 2 2
left_child=1 3 6 7 -4 -6 -2 -1 -8 -3
right_child=2 9 4 -5 5 -7 8 -9 -10 -11
leaf_value=-0.011947991427966868 0.030393029981989641 -0.026054544519903345 -0.023794137023503324 0.024112204398537722 -0.013628483299424711 0.021876383388804415 0.013885610205955173 0.0049986598883098943 -0.006922840440202218 -0.0047771141864769761
leaf_weight=27.441138789057732 14.44484308362007 14.430454805493357 9.8326190859079379 10.213450014591215 7.6098891198635092 8.1554971337318403 9.6863776594400424 38.258136361837387 8.4259940981864911 7.322307512164115
leaf_count=112 61 60 40 42 31 34 40 157 34 30
internal_value=0.000259153 -0.00329757 0.0063927 0.0018478 -0.00689722 0.00428909 0.0170703 -0.00200188 0.00373377 -0.0205291
internal_weight=155.821 97.6655 58.1552 75.9127 25.598 15.7654 32.5572 65.6993 18.1124 21.7528
internal_count=641 401 240 311 105 65 135 269 74 90
is_linear=0
shrinkage=0.03


Tree=39
num_leaves=9
num_cat=0
split_feature=36 36 40 13 14 1 15 20
split_gain=4.78584 5.94861 7.27534 7.25141 8.12466 5.00309 4.7712 0.88494
threshold=0.0035964536564773424 0.0050119226228885335 0.040222250475199235 -3.8163056505349569 13.229646734847679 -0.010286979782937909 18.992621428861078 0.023471004577445605
decision_type=2 2 2 2 2 2 2 2
left_child=-1 2 7 5 -5 -3 -4 -2
right_child=1 3 6 4 -6 -7 -8 -9
leaf_value=-0.016114098694891731 0.032608441616356565 -0.00058399357137000848 -0.018546144143477515 0.0076066997946231119 -0.015367967201186676 -0.027023637302977313 0.011697980181056068 0.012497660573047093
leaf_weight=12.440193280577658 7.9607690125703838 13.969679310917856 7.2521436810493451 66.431786566972733 15.158319324254988 12.447221562266348 7.1931725591421127 12.73283267021179
leaf_count=51 33 57 30 274 62 51 30 53
internal_value=0.000249383 0.00197725 0.0123827 -0.00143528 0.0028933 -0.0145949 -0.00298261 0.0230872
internal_weight=155.586 143.146 35.1389 108.007 81.5901 26.4169 14.4453 20.6936
internal_count=641 590 146 444 336 108 60 86
is_linear=0
shrinkage=0.03


Tree=40
num_leaves=11
num_cat=0
split_feature=10 19 8 19 36 40 21 3 13 19
split_gain=4.92828 7.01135 6.53036 6.32435 5.24428 4.65156 3.59363 2.44538 2.01342 1.48977
threshold=0.027008237895320811 0.17513462914349878 -0.042868309261503999 0.10517107682313556 0.0056694996618834063 0.061692741754353804 0.019556762537382619 0.02174018177134596 -2.0575285534807146 0.12268397288849296
decision_type=2 2 2 2 2 2 2 2 2 2
left_child=2 5 8 4 -4 9 -5 -3 -1 -2
right_child=1 7 3 6 -6 -7 -8 -9 -10 -11
leaf_value=0.001300169529212828 0.0075924819209754807 0.0052470089266810366 0.012175889620279478 -0.030206428921890714 -0.005481931366273088 -0.00060159491551055278 -0.0068157885138526737 -0.015630155252658918 0.025402083742254965 0.030380073830450556
leaf_weight=7.2488710284233093 7.4244132637977662 7.3306519836187345 21.957423493266106 8.6997760981321353 38.472722232341766 7.3111217767000189 22.794687479734421 7.9341216087341309 7.1196003258228284 14.855199396610258
leaf_count=30 31 30 90 36 157 30 94 32 30 62
internal_value=0.00191331 0.0100672 -0.00151146 -0.00465653 0.00087833 0.018297 -0.0151427 -0.00528903 0.0158037 0.0246551
internal_weight=151.149 44.8555 106.293 91.9246 60.4301 29.5907 31.4945 15.2648 14.3685 22.2796
internal_count=622 185 437 377 247 123 130 62 60 93
is_linear=0
shrinkage=0.03


Tree=41
num_leaves=11
num_cat=0
split_feature=32 1 4 22 12 18 16 18 9 8
split_gain=5.18584 4.80242 6.13251 3.93289 3.85984 6.99731 3.31331 2.90541 2.4076 1.52611
threshold=-0.00020402294393856432 -0.014069257940658995 0.02469455137470911 0.22679454998450113 34.042510239634886 0.56833014269031101 2.873861955688334 0.38626816049380208 -0.021590201909878478 -0.0068652289608102908
decision_type=2 2 2 2 2 2 2 2 2 2
left_child=1 3 8 9 -2 7 -7 -6 -3 -1
right_child=4 2 -4 -5 5 6 -8 -9 -10 -11
leaf_value=0.022212959687847506 0.024133468819445041 -0.0026957527593720757 0.0034927872306217789 -0.0090421226939443183 0.001943094135795347 0.016097187988600617 0.0012921002942427296 -0.016924958997230385 -0.026707761664948836 0.0011596932374096731
leaf_weight=7.5728475898504257 8.2292201668024045 7.2970073372125634 13.311058744788168 8.3437117934226972 10.512253627181055 30.774497970938683 28.003045648336411 14.08289986848831 15.523657515645027 7.3402192294597643
leaf_count=31 35 30 55 34 43 127 115 58 64 30
internal_value=0.0018672 -0.00479989 -0.0115285 0.00514491 0.00636014 0.00390587 0.00956512 -0.00875686 -0.02047 0.0140999
internal_weight=150.99 59.3885 36.1317 23.2568 91.6019 83.3727 58.7775 24.5952 22.8207 14.9131
internal_count=622 244 149 95 378 343 242 101 94 61
is_linear=0
shrinkage=0.03


Tree=42
num_leaves=12
num_cat=0
split_feature=32 1 10 21 36 36 12 38 13 22 8
split_gain=4.91349 4.56799 5.93997 4.25862 3.90125 7.11653 7.01885 4.28619 3.87427 3.75984 1.44685
threshold=-0.00020402294393856432 -0.014069257940658995 0.02667389430266032 0.019914926246147064 0.0056356441395396381 0.0035964536564773424 36.918278027952489 0.0080883534684516051 2.7750592806532173 0.22679454998450113 -0.0068652289608102908
decision_type=2 2 2 2 2 2 2 2 2 2 2
left_child=1 9 3 -3 5 -2 -6 -8 -7 10 -1
right_child=4 2 -4 -5 6 8 7 -9 -10 -11 -12
leaf_value=0.02170960184080125 -0.010531602168543144 -0.026027229165337947 0.0071300961346012388 0 0.023595429785994125 0.02581786908364847 -0.015316339777238137 0.0029840616334655878 0.0032085339335917343 -0.0088211460604108571 0.0011323632669685713
leaf_weight=7.5625044852495193 7.5007473677396765 17.790690511465076 9.3965192139148694 8.9152437299489957 7.612673044204711 21.693665027618408 17.560560435056686 24.355452045798302 12.78660401701927 8.3462092876434308 7.3401318490505236
leaf_count=31 31 73 39 37 32 90 72 100 53 34 30
internal_value=0.00182454 -0.00466281 -0.0112323 -0.0182623 0.00620225 0.0127124 0.000113825 -0.00468963 0.0184802 0.00502634 0.0137952
internal_weight=150.861 59.3513 36.1025 26.7059 91.5097 41.981 49.5287 41.916 34.4803 23.2488 14.9026
internal_count=622 244 149 110 378 174 204 172 143 95 61
is_linear=0
shrinkage=0.03


Tree=43
num_leaves=12
num_cat=0
split_feature=32 1 10 21 36 6 36 36 16 23 23
split_gain=4.64579 4.33768 5.64989 4.03177 3.67766 7.0917 6.77775 5.05251 4.57452 3.19617 2.78223
threshold=-0.00020402294393856432 -0.014069257940658995 0.02667389430266032 0.019914926246147064 0.0056356441395396381 0.0097128936662095374 0.0035964536564773424 0.0070206666090433158 1.7715252554518244 0.92133642042997999 0.9825551449555836
decision_type=2 2 2 2 2 2 2 2 2 2 2
left_child=1 9 3 -3 6 7 -2 -6 -7 -1 -8
right_child=4 2 -4 -5 5 8 10 -9 -10 -11 -12
leaf_value=0.016400445240726546 -0.010285742352124099 -0.025358798345969064 0.006958563551355941 0 -0.0050433155127288182 0.0012116092190624676 0.026372221941900347 0.018493962431431973 -0.024925823822235627 -0.0039197733977188011 0.0069451103637520632
leaf_weight=10.092304036021234 7.4974914193153372 17.764945015311245 9.3887249380350095 8.9152437299489957 11.130719259381296 9.456992834806444 17.265691503882408 18.590604096651077 10.319896623492239 13.146792382001875 17.160350874066353
leaf_count=41 31 73 39 37 46 39 72 77 42 54 71
internal_value=0.00178537 -0.00452076 -0.0109303 -0.0177947 0.00604611 0.000123836 0.0123729 0.0094441 -0.0127751 0.00491092 0.0180132
internal_weight=150.73 59.308 36.0689 26.6802 91.4217 49.4982 41.9235 29.7213 19.7769 23.2391 34.426
internal_count=622 244 149 110 378 204 174 123 81 95 143
is_linear=0
shrinkage=0.03


Tree=44
num_leaves=12
num_cat=0
split_feature=32 17 9 1 4 38 4 14 28 1 7
split_gain=4.38677 4.52488 5.63468 4.10879 5.52786 3.69499 9.53609 3.34251 2.8508 2.71259 0.348106
threshold=-0.00020402294393856432 1.1158215471588522 0.074738851668180492 -0.014069257940658995 0.02469455137470911 0.0080883534684516051 0.058855093543055632 9.9638631261433392 7.5000000000000009 -0.034411065645056131 -0.011931937196349546
decision_type=2 2 2 2 2 2 2 2 2 2 2
left_child=3 5 -3 9 8 6 -2 -7 -5 -1 -11
right_child=1 2 -4 4 -6 7 -8 -9 -10 10 -12
leaf_value=-0.0071319999343426935 -0.0087583013240925111 -0.017638945930398463 0.011728862147391703 -0.0041129904116940664 0.00355729042324845 0.020854947044423755 0.02597295499691505 0.0012166958999333399 -0.027969741056238107 0.016667700600430185 0.003054066624695667
leaf_weight=8.0712927877903002 22.561189085245136 12.501478478312494 7.5423907637596121 10.098167940974237 13.301234453916548 27.500227183103561 7.9673004597425452 13.255739971995352 12.631276398897169 7.8298717886209488 7.3369628638029081
leaf_count=33 93 52 31 42 55 114 33 55 52 32 30
internal_value=0.00173431 0.00587907 -0.00584604 -0.00439103 -0.0106378 0.00945021 0.000884331 0.0151742 -0.0191671 0.00477566 0.0120789
internal_weight=150.597 91.3283 20.0439 59.2688 36.0307 71.2845 30.5285 40.756 22.7294 23.2381 15.1668
internal_count=622 378 83 244 149 295 126 169 94 95 62
is_linear=0
shrinkage=0.03


Tree=45
num_leaves=10
num_cat=0
split_feature=38 22 33 7 38 14 3 15 22
split_gain=4.73453 4.97292 5.51036 6.98619 4.99077 8.54314 3.32169 2.93263 2.27515
threshold=0.013986124688069481 0.04372774907810862 0.68684816357481127 0.025086638621092842 0.0097194325360057416 -0.93175355744821775 0.021448532098164112 -0.57637619761295034 -0.025960917373776423
decision_type=2 2 2 2 2 2 2 2 2
left_child=1 4 7 -4 5 -1 -6 -3 -2
right_child=8 2 3 -5 6 -7 -8 -9 -10
leaf_value=0.016652013644682159 -0.0010398219048815096 0.009318060699322098 0.029818334154119205 0.00061935545709430992 0.01372040491699798 -0.013947174812202983 -0.0072359266581137503 -0.0090223783114125149 -0.023350190228271703
leaf_weight=7.7612272799015036 9.1607853472232836 10.912254214286806 14.742702379822733 15.27888637781143 17.767045453190807 45.42266957461834 7.8041885197162619 17.250374987721443 9.2746015787124616
leaf_count=32 38 45 61 63 73 188 32 71 38
internal_value=-0.000647459 0.00124497 0.00783551 0.0163934 -0.00351183 -0.00876829 0.00671967 -0.001272 -0.0141847
internal_weight=155.375 136.939 58.1842 30.0216 78.7551 53.1839 25.5712 28.1626 18.4354
internal_count=641 565 240 124 325 220 105 116 76
is_linear=0
shrinkage=0.03


Tree=46
num_leaves=8
num_cat=0
split_feature=38 35 3 9 15 16 15
split_gain=4.52262 4.22799 7.32521 5.03527 6.33232 3.35802 2.29015
threshold=0.013986124688069481 0.049449557973192511 -0.016647336547790211 0.16739454912062549 8.4096876625606729 1.143257834121284 -15.147896713338692
decision_type=2 2 2 2 2 2 2
left_child=1 3 -3 4 -1 -4 -2
right_child=6 2 5 -5 -6 -7 -8
leaf_value=0.0087512984019184233 -0.0023351273969922995 0.013899887355501911 -0.023188117070181386 0.025342545957864653 -0.0065719382814813428 -0.00039827839014243774 -0.024832453568655766
leaf_weight=54.200227692723274 10.850737884640695 8.5061690807342512 15.813456147909166 7.5485231578350058 40.001802489161491 10.797091737389563 7.5873631834983817
leaf_count=224 45 35 65 32 165 44 31
internal_value=-0.000619388 0.00122889 -0.00733154 0.00441227 0.00208719 -0.0151398 -0.0138509
internal_weight=155.305 136.867 35.1167 101.751 94.202 26.6105 18.4381
internal_count=641 565 144 421 389 109 76
is_linear=0
shrinkage=0.03


Tree=47
num_leaves=9
num_cat=0
split_feature=38 22 5 25 38 20 32 22
split_gain=4.31811 4.67384 6.9586 4.80829 5.19942 3.76835 2.2811 2.17077
threshold=0.013986124688069481 0.04372774907810862 0.060983137393461735 0.019804508218792826 0.0097194325360057416 0.021398961485224056 0.0065379252702771904 -0.025960917373776423
decision_type=2 2 2 2 2 2 2 2
left_child=1 3 5 -1 -5 -3 -4 -2
right_child=7 2 6 4 -6 -7 -8 -9
leaf_value=0.012441940951865935 -0.00074854323184124038 0.0073433696083901288 0.030020684727107571 -0.012309776624918672 0.0048627220239201331 -0.010734965690540756 0.0050662172740513342 -0.022473068025014861
leaf_weight=11.886668160557745 9.1663951426744479 24.104716345667839 10.789147049188616 45.876536592841148 20.900160029530525 15.214741155505179 7.9767223596572867 9.2719502002000791
leaf_count=49 38 99 45 190 86 63 33 38
internal_value=-0.000607614 0.0011976 0.00759553 -0.0034119 -0.00673182 0 0.0216453 -0.013537
internal_weight=155.187 136.749 58.0853 78.6634 66.7767 39.3195 18.7659 18.4383
internal_count=641 565 240 325 276 162 78 76
is_linear=0
shrinkage=0.03


Tree=48
num_leaves=9
num_cat=0
split_feature=22 38 28 7 28 20 22 26
split_gain=4.1927 4.9887 4.36801 6.34823 4.48589 3.53156 2.06395 2.2456
threshold=0.25038861112509953 0.0084197970269406213 1.5000000000000002 0.017570514304118146 4.5000000000000009 0.02564888446478519 0.43340790052115935 0.14151888302623791
decision_type=2 2 2 2 2 2 2 2
left_child=2 -2 -1 4 -4 -5 -3 -8
right_child=1 6 3 5 -6 -7 7 -9
leaf_value=0.015195797147680552 0.020988227419776906 0.0094520375566228172 -0.011799555271117521 -0.023730052857319044 0.0037341759200730617 -0.0011849398914758247 0.0024167838245989187 -0.017534993134312581
leaf_weight=8.0630868226289731 13.613338530063627 8.9566235542297381 21.121535181999207 19.137980207800869 57.740540713071823 11.272716522216795 7.9629956334829313 7.2439371049404144
leaf_count=34 56 37 88 79 238 46 33 30
internal_value=-0.000578651 0.00774934 -0.00347053 -0.00523106 -0.000429647 -0.0164246 -0.000170143 -0.00714909
internal_weight=155.113 37.7769 117.336 109.273 78.8621 30.4107 24.1636 15.2069
internal_count=641 156 485 451 326 125 100 63
is_linear=0
shrinkage=0.03


Tree=49
num_leaves=11
num_cat=0
split_feature=22 3 28 3 9 34 9 24 28 13
split_gain=3.97854 4.67433 8.89258 6.73013 5.62438 5.25944 3.70419 2.14558 2.52869 0.43266
threshold=0.25038861112509953 0.018185640865266976 2.5000000000000004 -0.046338785190466573 -0.010018718496306601 0.0099029970948658636 0.044194747853386507 0.10648141313504393 7.5000000000000009 1.8313133265181849
decision_type=2 2 2 2 2 2 2 2 2 2
left_child=1 3 -3 -1 -5 -4 7 8 -2 -8
right_child=6 2 5 4 -6 -7 9 -9 -10 -11
leaf_value=-0.019484072142018867 0.017427550977983562 0.014363932797392362 -0.027183000622964765 0.018592568885628619 -0.00035504587072698066 -0.0034880696903192209 0.024295346612493204 -0.010807992345646722 -0.0041741285842178677 0.0065737002392065253
leaf_weight=9.7035187333822233 7.2802296131849307 8.0832138657569867 19.483212128281593 17.612073510885239 44.743082717061043 17.684868484735489 7.4776625484228116 8.5004769414663297 7.2784600406885147 7.2178734838962555
leaf_count=40 30 34 80 73 185 73 31 35 30 30
internal_value=-0.000556607 -0.00337604 -0.0107469 0.0012154 0.00517508 -0.0170455 0.00755563 0 0.00652239 0.0183198
internal_weight=155.065 117.31 45.2513 72.0587 62.3552 37.1681 37.7547 23.0592 14.5587 14.6955
internal_count=641 485 187 298 258 153 156 95 60 61
is_linear=0
shrinkage=0.03


Tree=50
num_leaves=9
num_cat=0
split_feature=28 3 36 20 25 21 36 20
split_gain=9.47869 6.04768 6.26051 7.03106 4.89297 3.67901 3.2931 3.03395
threshold=2.5000000000000004 0.018185640865266976 0.0034606598637189397 0.014680821731077879 0.35342597867091458 0.018939782032508175 0.0047892167367912736 0.02266382170375647
decision_type=2 2 2 2 2 2 2 2
left_child=5 2 -2 -4 6 -1 -3 -6
right_child=1 4 3 -5 7 -7 -8 -9
leaf_value=0.023434357028342137 -0.021511833248118398 -0.0015614396156577429 -0.016919814354481741 0.0077116814338108403 0.013898733232176774 0 -0.023673903579834909 -0.010151612062692321
leaf_weight=14.977151706814768 8.094379320740698 10.085283309221266 10.271728768944739 61.812700867652893 7.2822347134351713 10.556596398353575 25.586862862110138 7.3172653317451477
leaf_count=63 33 42 42 257 30 44 105 30
internal_value=-0.0011289 -0.00453161 0.000454122 0.00363731 -0.0124835 0.014777 -0.0182352 0.00117028
internal_weight=155.984 130.45 80.1788 72.0844 50.2716 25.5337 35.6721 14.5995
internal_count=646 539 332 299 207 107 147 60
is_linear=0
shrinkage=0.03


Tree=51
num_leaves=10
num_cat=0
split_feature=28 33 15 10 32 7 21 32 9
split_gain=9.02357 4.01857 6.33106 5.85194 4.58175 3.63451 3.50205 1.23584 0.11018
threshold=2.5000000000000004 0.38268717820467685 0.29243334542631066 -0.0084298371577384828 -0.0020145056921170852 -0.022042944916820028 0.018939782032508175 -0.0021073048074637386 0.089155895600155077
decision_type=2 2 2 2 2 2 2 2 2
left_child=6 2 5 -3 -5 -2 8 -4 -1
right_child=1 3 7 4 -6 -7 -8 -9 -10
leaf_value=0.02870248993042086 -0.0010937168841634226 -0.029811137042763745 -0.018062590679253612 -0.015574891536585962 0 0.020288069516591033 0 -0.00033440884865546894 0.010070384854744405
leaf_weight=7.7616267055273074 9.5378854125738162 8.2243403792381269 7.5502431690692928 23.331245362758636 57.299198016524315 15.789436146616934 10.556596398353575 8.659565716981886 7.1514447182416916
leaf_count=33 40 34 31 96 236 66 44 36 30
internal_value=-0.00110785 -0.0044281 0.00292227 -0.00801798 -0.00494578 0.0121964 0.0144289 -0.0104925 0.0229019
internal_weight=155.862 130.392 41.5371 88.8548 80.6304 25.3273 25.4697 16.2098 14.9131
internal_count=646 539 173 366 332 106 107 67 63
is_linear=0
shrinkage=0.03


Tree=52
num_leaves=10
num_cat=0
split_feature=28 3 14 32 34 9 3 21 9
split_gain=8.64201 5.67063 5.23117 5.05965 6.19795 4.69936 3.54567 3.35856 0.0970676
threshold=2.5000000000000004 0.018185640865266976 -6.0873402062127573 -0.0027270617913304203 0.0085063959740274715 0.028026094641240545 -0.032105582799082537 0.018939782032508175 0.089155895600155077
decision_type=2 2 2 2 2 2 2 2 2
left_child=7 2 6 -3 -5 -4 -2 8 -1
right_child=1 3 5 4 -6 -7 -8 -9 -10
leaf_value=0.028163717660622169 -0.00080686300947091342 -0.030435719741025349 -0.010060122358815255 -0.018065775921797103 0.0040243609713750614 0.0061406546151176163 0.023487902228866063 0 0.0098467813185371105
leaf_weight=7.7118182182312029 7.1281795054674175 9.2292197048664075 37.872369065880775 19.17459924519062 21.803582414984703 24.177906572818756 10.906159818172453 10.556596398353575 7.1400173753499985
leaf_count=33 30 38 156 79 90 100 46 44 30
internal_value=-0.00108162 -0.00433215 0.000492199 -0.0120387 -0.00632277 -0.00351866 0.0140146 0.0141393 0.0224617
internal_weight=155.7 130.292 80.0846 50.2074 40.9782 62.0503 18.0343 25.4084 14.8518
internal_count=646 539 332 207 169 256 76 107 63
is_linear=0
shrinkage=0.03


Tree=53
num_leaves=11
num_cat=0
split_feature=28 3 14 34 9 24 21 3 16 9
split_gain=8.25734 5.39318 4.97444 4.68316 4.65437 4.52396 3.22175 3.10334 2.23619 0.0851318
threshold=2.5000000000000004 0.018185640865266976 -5.2173810032137444 0.0085063959740274715 0.028026094641240545 0.39379699248120309 0.018939782032508175 -0.032105582799082537 1.0652214878818163 0.089155895600155077
decision_type=2 2 2 2 2 2 2 2 2 2
left_child=6 2 7 8 -4 -5 9 -2 -3 -1
right_child=1 3 4 5 -6 -7 -8 -9 -10 -11
leaf_value=0.027641241546951828 -0.00078787083475830206 -0.0052196985900268243 -0.010249328383656922 0.0072315055122976011 0.0059713361825560959 -0.015582884620578481 0 0.021456011742915802 -0.02832068521074628 0.0096282909469145323
leaf_weight=7.6604428589344042 7.1292068660259273 8.6838888078928012 36.654043808579445 15.728945583105089 24.174337059259415 11.617230191826819 10.556596398353575 12.073334649205206 14.157000005245207 7.1285421103239059
leaf_count=33 30 36 151 65 100 48 44 51 58 30
internal_value=-0.00103777 -0.00421614 0.000486192 -0.0117334 -0.00357931 -0.00235086 0.0138573 0.0131949 -0.0212691 0.0220334
internal_weight=155.564 130.218 80.0309 50.1871 60.8284 27.3462 25.3456 19.2025 22.8409 14.789
internal_count=646 539 332 207 251 113 107 81 94 63
is_linear=0
shrinkage=0.03


Tree=54
num_leaves=10
num_cat=0
split_feature=38 20 21 14 6 2 16 40 35
split_gain=5.0004 5.70309 7.30521 6.39198 5.52603 3.87098 4.22829 3.63073 3.44005
threshold=0.01080072971983893 0.014018427042904964 0.01230684627730164 -3.375144712281354 -0.0024592420264786352 0.027698958199446348 -0.19497044613267764 0.02669811656754462 0.019296406554308646
decision_type=2 2 2 2 2 2 2 2 2
left_child=1 -1 8 -4 7 6 -6 -2 -3
right_child=4 2 3 -5 5 -7 -8 -9 -10
leaf_value=-0.01424043971505233 0.011367542814549922 0.03421153971276375 0.020802831182523168 -0.0029272367092916343 -0.0021316618509713068 -0.00021192432028796572 -0.033563685454620351 -0.011048496906234172 0.0061679629883341575
leaf_weight=12.933948308229445 14.226828604936602 8.2854739129543322 10.150079309940336 60.539348617196083 7.1604670137167021 10.622536569833754 12.178742304444313 8.5265021026134473 10.788152530789374
leaf_count=54 59 34 43 253 30 44 50 35 44
internal_value=-0.000998363 0.00274871 0.00561716 0.000752359 -0.00840601 -0.0165227 -0.0239192 0.00214747 0.0211524
internal_weight=155.412 102.697 89.7631 70.6894 52.7151 29.9617 19.3392 22.7533 19.0736
internal_count=646 428 374 296 218 124 80 94 78
is_linear=0
shrinkage=0.03


Tree=55
num_leaves=8
num_cat=0
split_feature=10 17 23 37 36 21 23
split_gain=7.19899 5.24786 6.03031 5.20044 4.2795 4.5731 1.9492
threshold=-0.062357787467773755 0.64312145503262486 1.2231087788136306 0.01591512816519525 0.0073817818954154618 0.015983842342833975 1.3312317733309538
decision_type=2 2 2 2 2 2 2
left_child=-1 2 3 -2 5 -3 -4
right_child=1 4 6 -5 -6 -7 -8
leaf_value=0.025828664993454077 0.01246020706068569 0.010207824155705458 -0.018236103720413066 -0.0013736683374754989 -0.028653827265132395 -0.013387229995030418 0
leaf_weight=7.1263552606105796 42.217327281832695 9.6372759044170397 13.436624348163607 50.189530983567238 8.0070990622043592 17.067143872380257 8.4203586131334287
leaf_count=31 175 40 56 208 33 71 35
internal_value=0 -0.00160871 0.00142204 0.00491771 -0.0115279 -0.00423158 -0.0119015
internal_weight=156.102 148.975 114.264 92.4069 34.7115 26.7044 21.857
internal_count=649 618 474 383 144 111 91
is_linear=0
shrinkage=0.03


Tree=56
num_leaves=9
num_cat=0
split_feature=10 20 21 14 40 1 34 34
split_gain=6.90642 4.71417 6.10426 7.31926 7.08716 4.34085 5.99303 2.74183
threshold=-0.062357787467773755 0.021999296848631649 0.013521769916681744 12.631303218541236 0.051527671917090963 0.0040178686607812439 0.0096596483548980778 0.0019374159936879078
decision_type=2 2 2 2 2 2 2 2
left_child=-1 2 3 -2 -4 6 -3 -7
right_child=1 5 4 -5 -6 7 -8 -9
leaf_value=0.025362649864757742 0.0038088207382276848 -0.010439580132072216 0.024158344937406106 -0.021854702726853397 -0.0044429799558396987 -1.0012057774282633e-05 0.011202004619839809 -0.020470644962491232
leaf_weight=7.0770729482173911 34.095727056264877 22.963343977928162 18.830183416604999 11.620324701070784 10.351446524262427 9.801883742213251 19.310676664113998 21.917575553059578
leaf_count=31 141 95 79 48 43 41 80 91
internal_value=0 -0.00158029 0.00355225 -0.00304271 0.0138975 -0.00692969 -0.000155498 -0.0149684
internal_weight=155.968 148.891 74.8977 45.7161 29.1816 73.9935 42.274 31.7195
internal_count=649 618 311 189 122 307 175 132
is_linear=0
shrinkage=0.03


Tree=57
num_leaves=8
num_cat=0
split_feature=10 12 40 35 5 5 15
split_gain=6.62257 4.89373 7.29343 4.97573 4.43704 9.99539 4.48431
threshold=-0.062357787467773755 52.55341248795186 -0.016048729264473312 -0.031133118115111432 -0.022781561711917971 -0.041434367957504707 12.799714387563581
decision_type=2 2 2 2 2 2 2
left_child=-1 4 -3 -4 5 -2 -6
right_child=1 2 3 -5 6 -7 -8
leaf_value=0.024909012794328628 -0.013726299941892848 0.026372194497222265 0.01613946000487456 -0.0035345878963476485 -0.021732942143776152 0.019057764689380214 0.0021005786297347319
leaf_weight=7.0269647240638724 17.503938242793087 8.5041257888078672 11.885833665728567 66.949539199471474 23.422689408063892 12.6506430208683 7.8899868279695502
leaf_count=31 72 36 50 277 97 53 33
internal_value=0 -0.00154386 0.00288135 -5.68854e-05 -0.0079607 0 -0.0155117
internal_weight=155.834 148.807 87.3395 78.8354 61.4673 30.1546 31.3127
internal_count=649 618 363 327 255 125 130
is_linear=0
shrinkage=0.03


Tree=58
num_leaves=12
num_cat=0
split_feature=37 19 20 12 11 28 19 19 16 14 24
split_gain=5.28835 6.03475 5.25318 4.48172 10.625 4.41243 3.40935 3.32798 7.38551 2.9472 2.37964
threshold=0.045678678391755663 0.13071316411253389 0.021999296848631649 51.684178152812386 0.05251088848220898 6.5000000000000009 0.052871121764972238 0.18450982928204515 -1.692640454389166 18.857003982751625 -0.058632116962633311
decision_type=2 2 2 2 2 2 2 2 2 2 2
left_child=1 3 5 6 -5 -2 -1 9 -9 -3 -4
right_child=2 7 10 4 -6 -7 -8 8 -10 -11 -12
leaf_value=-0.025136301228063911 0.01612581610000079 0.0066731526446486607 -0.0034981336979428017 0.013851380948407339 -0.018703538468164093 -0.011409879236488766 -0.0034157124701048053 0.021790657006868507 -0.013884429786115256 0.029733441441507517 -0.029070000066188609
leaf_weight=7.5346500277519217 8.0259996205568331 14.461205840110781 7.3143652230501202 30.404710873961449 10.327387392520903 8.7205147892236692 30.653822734951973 7.0278283357620266 10.277444332838057 10.596341222524641 10.325965985655783
leaf_count=31 33 61 30 127 43 36 127 31 42 45 43
internal_value=0 0.00294216 -0.0100735 -0.00182794 0.00475718 0.00129932 -0.00911211 0.0118486 0.000583105 0.0184562 -0.0206666
internal_weight=155.67 121.283 34.3868 78.9206 40.7321 16.7465 38.1885 42.3628 17.3053 25.0575 17.6403
internal_count=649 507 142 328 170 69 158 179 73 106 73
is_linear=0
shrinkage=0.03


Tree=59
num_leaves=9
num_cat=0
split_feature=35 28 40 13 1 38 40 7
split_gain=5.34745 6.54295 4.23123 4.36337 5.25837 3.6586 1.21896 0.380076
threshold=0.055945437953714434 10.500000000000002 0.066210996742763109 9.2660023477843314 0.018694968044140062 0.01080072971983893 0.0861992711441565 0.00081838884082913426
decision_type=2 2 2 2 2 2 2 2
left_child=2 7 3 4 -1 6 -4 -2
right_child=1 -3 5 -5 -6 -7 -8 -9
leaf_value=0.0030910060739209599 -0.0097450176204585438 0.0082191387480452221 -0.0068766332834605962 -0.013470676071046947 0.020431770831631606 -0.023401017492604651 0.007990700656658108 -0.028947235028769665
leaf_weight=81.607391744852066 7.8109964877367082 7.2234447151422492 8.4542630612850207 8.2127706408500654 18.87418158352375 7.3874922394752494 7.4391773492097846 8.4330625236034376
leaf_count=341 32 30 35 34 80 31 31 35
internal_value=0 -0.012636 0.00236024 0.00494474 0.00682979 -0.00854958 0 -0.0226165
internal_weight=155.443 23.4675 131.975 108.694 100.482 23.2809 15.8934 16.2441
internal_count=649 97 552 455 421 97 66 67
is_linear=0
shrinkage=0.03


Tree=60
num_leaves=8
num_cat=0
split_feature=5 5 36 8 37 3 33
split_gain=4.27032 6.59725 5.4781 4.10581 4.73909 2.81473 2.95366
threshold=0.092346599035129665 0.15870944440952686 0.0093133691784900267 -0.044753177379815171 -0.021612043407374267 0.040830041212701847 0.79585957942729579
decision_type=2 2 2 2 2 2 2
left_child=2 5 3 -1 -5 6 -2
right_child=1 -3 -4 4 -6 -7 -8
leaf_value=0.0082765056489238712 0.0034054694129283321 -0.012559985542485122 0.015163017667800337 -0.026692796808498512 -0.0054957124344753158 0 0.031790965422767006
leaf_weight=13.102853536605833 7.2246726155281129 8.3203022330999357 9.9117676317691785 9.6859712153673154 86.851247847080231 9.1755450814962369 9.4414961934089643
leaf_count=56 30 34 42 40 363 38 40
internal_value=-0.00118499 0.00774556 -0.00394576 -0.00604831 -0.00827334 0.0152547 0.0219729
internal_weight=153.714 34.162 119.552 109.64 96.5372 25.8417 16.6662
internal_count=643 142 501 459 403 108 70
is_linear=0
shrinkage=0.03


Tree=61
num_leaves=10
num_cat=0
split_feature=32 38 21 34 17 23 24 0 38
split_gain=5.39172 6.37722 5.67703 5.57981 5.24659 6.28727 3.72464 3.38184 1.96152
threshold=-0.00020402294393856432 0.0073083522851218547 0.020959420001482789 0.034551093974205867 0.64312145503262486 0.8063492132429334 0.61700022493971585 -0.014373770505253123 0.01167452399382486
decision_type=2 2 2 2 2 2 2 2 2
left_child=1 -1 7 4 5 -2 -6 -3 -4
right_child=3 2 8 -5 6 -7 -8 -9 -10
leaf_value=0.012206339431212354 -0.0054962043823986728 -0.0014256712929323798 0.010477669199582967 -0.015100370564689816 -0.011217112779784422 0.017418904026361891 0.0096774691062996975 -0.024690997361246886 -0.0070720367661773224
leaf_weight=9.5076512545347196 12.211808621883391 9.2630407363176328 8.5289565920829791 10.491740763187407 19.047241777181629 40.171323359012604 9.6229991912841779 24.489690288901329 10.257973447442053
leaf_count=40 51 38 36 44 80 169 40 102 43
internal_value=-0.00113623 -0.00790069 -0.0121285 0.00335912 0.00623526 0.0117953 -0.00354115 -0.0191626 0.000415169
internal_weight=153.592 62.0473 52.5397 91.5451 81.0534 52.3831 28.6702 33.7527 18.7869
internal_count=643 259 219 384 340 220 120 140 79
is_linear=0
shrinkage=0.03


Tree=62
num_leaves=12
num_cat=0
split_feature=26 32 4 6 38 24 37 24 6 22 36
split_gain=5.75876 6.05145 5.41989 5.27199 6.04162 3.79406 3.23846 3.00571 2.08793 1.30297 1.02865
threshold=0.094044919963148524 -0.0008081599669787497 -0.003964054082623735 -0.0024592420264786352 0.01167452399382486 0.034946589404765666 0.018550019337562954 -0.3097149599041818 0.0053771299028784634 -0.10114766141299657 0.0054499378093461606
decision_type=2 2 2 2 2 2 2 2 2 2 2
left_child=2 5 -1 9 -5 7 -4 -2 -7 -3 -8
right_child=1 3 6 4 -6 8 10 -9 -10 -11 -12
leaf_value=-0.0062486587726537117 -0.011408845003616259 0.0033654319047982618 0.030588729258711891 0.0017115784729139598 -0.020233336939892845 -0.02887768492547288 0.013028648916864196 0.0083319532327005754 -0.004480528850503855 0.022086990970802182 0
leaf_weight=11.654763177037237 15.755798950791361 9.5593173056840914 8.2922624349594134 42.173492699861526 12.853538677096365 12.966719254851343 7.4491975903511038 8.8200275152921659 7.1205196976661673 8.3695418834686262 8.4395071119070035
leaf_count=49 65 40 35 178 54 54 31 37 30 35 35
internal_value=-0.00111183 -0.00440972 0.0089769 0.000773839 -0.00368124 -0.0128686 0.016805 -0.00366578 -0.0220973 0.0141972 0.0061572
internal_weight=153.455 117.619 35.8357 72.9559 55.027 44.6631 24.181 24.5758 20.0872 17.9289 15.8887
internal_count=643 493 150 307 232 186 101 102 84 75 66
is_linear=0
shrinkage=0.03


Tree=63
num_leaves=11
num_cat=0
split_feature=26 32 4 7 20 24 26 26 2 38
split_gain=5.47398 5.75907 5.17553 4.056 5.59166 3.61702 3.14443 2.9364 1.39161 0.435788
threshold=0.094044919963148524 -0.0008081599669787497 -0.003964054082623735 -0.010313178356001059 0.018856439980739562 0.034946589404765666 0.01157531059201462 0.48331424990588417 0.0099347063580937939 0.0082928612194965706
decision_type=2 2 2 2 2 2 2 2 2 2
left_child=2 5 -1 -3 -5 7 -4 -2 -7 -8
right_child=1 3 6 4 -6 8 9 -9 -10 -11
leaf_value=-0.0060863348863034799 -0.010684392943455747 0.01649110280610136 0 0.0099652362044771823 -0.008391252612118677 -0.027402562420813559 0.0093661221502124841 0.0092328973023888209 -0.0056135731909729147 0.028676433005573605
leaf_weight=11.659890621900557 16.728487193584446 10.545600727200506 7.1288685202598598 20.183271914720535 42.19156588613987 12.951241031289102 7.5271788686513927 7.8419331312179557 7.1177979409694663 9.4827675372362119
leaf_count=49 69 45 30 84 178 54 31 33 30 40
internal_value=-0.00107274 -0.00429064 0.00876563 0.000762539 -0.00209338 -0.0125456 0.0164303 -0.00354654 -0.0215635 0.0228048
internal_weight=153.359 117.56 35.7987 72.9204 62.3748 44.6395 24.1388 24.5704 20.069 17.0099
internal_count=643 493 150 307 262 186 101 102 84 71
is_linear=0
shrinkage=0.03


Tree=64
num_leaves=12
num_cat=0
split_feature=26 32 23 25 16 23 24 24 26 2 38
split_gain=5.20082 5.48392 5.30165 6.30571 5.15653 4.01486 3.45308 2.80405 2.13893 1.30551 0.309562
threshold=0.094044919963148524 -0.0008081599669787497 0.91294126501584849 0.33333239143170934 -3.4820827450598495 0.75220188739551508 0.034946589404765666 -0.3097149599041818 0.01157531059201462 0.0099347063580937939 0.0080883534684516051
decision_type=2 2 2 2 2 2 2 2 2 2 2
left_child=4 6 5 -4 -1 -3 7 -2 -6 -8 -10
right_child=1 2 3 -5 8 -7 9 -9 10 -11 -12
leaf_value=-0.01045089400590978 -0.010930332890683825 0.0076360295450831027 0.014969340041442226 -0.0080961218594426086 0 -0.015009091905924556 -0.026737311958752404 0.0081320016205796881 0.0077716967787319971 -0.0054819451373264005 0.023723869309703882
leaf_weight=7.572922706604003 15.748386189341547 7.5942448973655727 30.055896610021591 13.517039224505423 8.0685888677835482 21.717823177576065 12.925423949956896 8.8156605809926969 7.975597798824313 7.1180618256330481 12.147446215152739
leaf_count=32 65 32 127 57 34 91 54 37 33 30 51
internal_value=-0.00103303 -0.00417253 0.00075458 0.00744362 0.00855832 -0.00855009 -0.0122318 -0.00342729 0.0145155 -0.0210516 0.0193536
internal_weight=153.257 117.493 72.885 43.5729 35.7646 29.3121 44.6075 24.564 28.1916 20.0435 20.123
internal_count=643 493 307 184 150 123 186 102 118 84 84
is_linear=0
shrinkage=0.03


Tree=65
num_leaves=11
num_cat=0
split_feature=5 12 33 24 28 18 6 3 5 37
split_gain=5.92807 8.97557 8.32878 6.13841 5.47323 4.22574 3.81541 3.27383 4.07275 2.05099
threshold=-0.025934501341193347 51.684178152812386 0.38268717820467685 -0.5308707677026725 2.5000000000000004 0.10576141432550921 -1.0000000180025095e-35 -0.019940042632843543 0.0027598251558560443 -0.016029189049153954
decision_type=2 2 2 2 2 2 2 2 2 2
left_child=2 7 5 6 -5 -1 -3 -2 -9 -7
right_child=1 3 -4 4 -6 9 -8 8 -10 -11
leaf_value=0.00082231473347657796 -0.0015009768917019881 0.030442298575247145 -0.011979061625210997 0.01264201962849661 -0.0061907212311141657 0.0095759584057435992 0.00050595337137275629 -0.037158747317426716 -0.0048351289464800586 0.034728013890678283
leaf_weight=10.463483020663263 10.36343936622143 7.9225376546382931 8.8582899123430234 16.075578913092613 55.742196783423424 9.1621956527233142 8.0834783464670164 8.6495954096317309 8.0708656013011915 10.710024774074553
leaf_count=44 43 33 37 69 231 39 34 36 34 45
internal_value=0.000920523 -0.0024358 0.0107651 0.00215102 -0.00154372 0.0182007 0.0178922 -0.0169502 -0.024541 0.0257533
internal_weight=154.102 114.908 39.194 87.8238 71.8178 30.3357 16.006 27.0839 16.7205 19.8722
internal_count=645 480 165 367 300 128 67 113 70 84
is_linear=0
shrinkage=0.03


Tree=66
num_leaves=8
num_cat=0
split_feature=5 33 14 40 11 38 10
split_gain=5.64423 7.95747 7.01845 6.83986 5.21142 5.79689 2.83694
threshold=-0.025934501341193347 0.38268717820467685 24.20178249258851 -0.036344859847558024 0.05938064997636739 0.0073083522851218547 0.044141914244952625
decision_type=2 2 2 2 2 2 2
left_child=1 3 4 -1 5 -2 -4
right_child=2 -3 6 -5 -6 -7 -8
leaf_value=0.00071165926053714948 0.011112393435253238 -0.011696284122668387 0.022227851438875554 0.02987618890125425 -0.022982705397985335 -0.0073481645438739267 0.00048311907923693337
leaf_weight=13.916147693991663 17.77025505900383 8.8487784117460233 10.016272038221361 16.348611459136009 12.384386152029036 61.945043116807938 12.673526361584662
leaf_count=59 74 37 43 69 52 259 52
internal_value=0.000904614 0.0105226 -0.00236829 0.0178062 -0.00617192 -0.00287809 0.0117127
internal_weight=153.903 39.1135 114.789 30.2648 92.0997 79.7153 22.6898
internal_count=645 165 480 128 385 333 95
is_linear=0
shrinkage=0.03


Tree=67
num_leaves=11
num_cat=0
split_feature=5 12 33 40 24 28 5 20 14 20
split_gain=5.33921 8.47376 7.58598 6.51309 5.81611 5.0811 3.14599 5.79139 1.50195 0.539982
threshold=-0.025934501341193347 51.684178152812386 0.38268717820467685 -0.036344859847558024 -0.5308707677026725 2.5000000000000004 0.0027598251558560443 0.021999296848631649 16.068764486675665 0.027276352588497952
decision_type=2 2 2 2 2 2 2 2 2 2
left_child=2 6 3 -1 8 -6 -2 -8 -3 -5
right_child=1 4 -4 9 5 -7 7 -9 -10 -11
leaf_value=0.00069305662764326923 -0.02651078907339862 0.025034579392372323 -0.01142057999951902 0.036201588043033132 0.012250434386257536 -0.0059156091664918052 0.011843039991762205 -0.021620308199938168 0.003196556683325157 0.012560271124932455
leaf_weight=13.914680138230326 12.711735978722574 8.7878438383340818 8.8389558941125852 9.1669334918260592 16.024826481938362 55.689496666193008 7.2382979393005353 7.0429634302854538 7.1736735105514517 7.1008076667785636
leaf_count=59 53 37 37 39 69 231 30 30 30 30
internal_value=0.000890402 -0.00229012 0.0102584 0.0173883 0.00216264 -0.00143061 -0.016422 -0.00436711 0.0175037 0.0292083
internal_weight=153.69 114.669 39.0214 30.1824 87.6758 71.7143 26.993 14.2813 15.9615 16.2677
internal_count=645 480 165 128 367 300 113 60 67 69
is_linear=0
shrinkage=0.03


Tree=68
num_leaves=10
num_cat=0
split_feature=35 16 24 2 38 15 7 37 38
split_gain=5.43759 4.22911 6.343 5.75509 5.6999 4.2098 3.34252 5.47469 3.83701
threshold=0.049449557973192511 2.873861955688334 -0.5308707677026725 -0.03648804701780755 0.0070408760746511661 0.61366195616063035 -0.012477925623283115 0.0044061435624860321 0.0090564376168383639
decision_type=2 2 2 2 2 2 2 2 2
left_child=1 3 -3 -1 -5 -4 -2 -8 -9
right_child=6 2 5 4 -6 -7 7 8 -10
leaf_value=-0.01167162484382497 0.0066313137900948435 0.016004962497639139 -0.026610256654877026 -0.0046997634887353361 0.014483139836829625 -0.00091004368919637274 -0.033522562809257223 -0.018728505354284754 0.0049583892477320091
leaf_weight=9.9627535194158536 7.1956470161676398 7.3227954506874111 9.142206013202669 15.444459423422812 61.391520664095879 14.810691490769385 7.0554236471653011 7.8561263382434872 13.292753741145132
leaf_count=42 30 31 38 64 260 62 30 33 55
internal_value=0.000884836 0.00407176 -0.00488598 0.00750572 0.0104156 -0.0125919 -0.00899319 -0.0136512 -0.00405044
internal_weight=153.474 118.074 31.2757 86.7987 76.836 23.9529 35.4 28.2043 21.1489
internal_count=645 497 131 366 324 100 148 118 88
is_linear=0
shrinkage=0.03


Tree=69
num_leaves=10
num_cat=0
split_feature=5 14 20 28 36 38 40 5 4
split_gain=5.06266 6.48966 5.88779 6.39063 4.45642 4.23881 9.12796 3.30082 2.64446
threshold=-0.025934501341193347 24.20178249258851 0.024434565844918613 7.5000000000000009 0.0049451493364457109 0.012820525892451312 -0.036344859847558024 0.026235215698272477 -0.015071074697448837
decision_type=2 2 2 2 2 2 2 2 2
left_child=5 2 3 -2 -3 6 -1 -4 -8
right_child=1 4 7 -5 -6 -7 8 -9 -10
leaf_value=-0.0070009920146028833 0.0068545831602119132 0.022138264215983562 -0.0037799860201458138 -0.01066494170499056 -0.0022428483203740537 -0.0027551975823714744 0.03721738315272527 -0.029477816710045828 0.007751997031541738
leaf_weight=8.1840126514434832 36.947491779923439 12.456671580672266 10.258667245507242 33.646177813410759 10.152996078133581 13.122675746679304 10.500654742121698 10.964071527123449 7.088706672191619
leaf_count=34 156 53 43 140 42 56 45 46 30
internal_value=0.000829474 -0.00226665 -0.00593378 -0.00135267 0.0112878 0.00996999 0.016721 -0.0190972 0.0281121
internal_weight=153.322 114.426 91.8164 70.5937 22.6097 38.896 25.7734 21.2227 17.5894
internal_count=645 480 385 296 95 165 109 89 75
is_linear=0
shrinkage=0.03


Tree=70
num_leaves=7
num_cat=0
split_feature=36 36 16 40 16 15
split_gain=3.82008 6.14178 6.14912 5.69676 5.35517 0.5869
threshold=0.0038232170677733146 0.0047892167367912736 8.8385829985203674 0.029968230969989355 2.873861955688334 11.224046691678828
decision_type=2 2 2 2 2 2
left_child=5 3 4 -2 -3 -1
right_child=1 2 -4 -5 -6 -7
leaf_value=-0.017323931189033345 0.029665790277798091 0.0017466208333963024 0.023747876344640088 0 -0.014572087775043964 -0.0019947575827609157
leaf_weight=7.1963382363319379 11.954498067498209 88.173554763197899 7.4794203042984 9.4374402016401273 20.413039654493332 7.1539114862680435
leaf_count=31 51 372 31 40 85 30
internal_value=0.00177172 0.00344248 0.000474398 0.0174877 -0.00139353 -0.0117782
internal_weight=151.808 137.458 116.066 21.3919 108.587 14.3502
internal_count=640 579 488 91 457 61
is_linear=0
shrinkage=0.03


Tree=71
num_leaves=11
num_cat=0
split_feature=19 7 38 5 19 38 18 1 7 26
split_gain=3.80267 4.82883 4.75519 4.91086 4.72313 3.02077 3.39411 3.33264 1.94834 1.24463
threshold=0.13263665972627839 0.045699840358836424 0.011194500446605823 -0.11103665867382388 0.1106867946882993 0.010199771744390093 0.57781708816615174 0.00083302440087784657 0.027217245378848315 0.30048595596986655
decision_type=2 2 2 2 2 2 2 2 2 2
left_child=4 2 8 -4 5 6 -1 -7 -2 -6
right_child=1 -3 3 -5 9 7 -8 -9 -10 -11
leaf_value=-0.011658174330197543 0.024235101366827369 -0.011096461395183509 0.017812288359983285 -0.0081706354984582771 -0.019754593414372863 0.021393732697548913 0.0035099607687897115 -0.00028213693127556876 0.0033524944140560491 -0.0019329156060904583
leaf_weight=19.352340742945671 19.28660307824612 8.2563454657793027 8.1104421764612216 16.292700245976448 12.171965926885607 10.305732786655428 31.378764003515244 10.438753634691237 8.0626262426376325 8.0494530051946622
leaf_count=81 84 34 35 68 51 43 132 44 34 34
internal_value=0.0017243 0.0075221 0.0110738 0.000591866 -0.0019894 0.00153772 -0.00221446 0.0107611 0.0192379 -0.0141479
internal_weight=151.706 60.0087 51.7524 24.4031 91.697 71.4756 50.7311 20.7445 27.3492 20.2214
internal_count=640 255 221 103 385 300 213 87 118 85
is_linear=0
shrinkage=0.03


Tree=72
num_leaves=12
num_cat=0
split_feature=19 37 5 25 2 38 21 19 5 11 21
split_gain=3.616 5.68006 5.33279 4.70273 4.70166 4.45 4.32084 4.03386 7.19194 5.32585 3.91787
threshold=0.13263665972627839 0.015485414207445427 0.019327389513258523 0.37836094906455597 0.036116934650549666 0.011194500446605823 0.01572966865823586 0.087280795125998331 0.074363547070376748 0.00062574645786417371 0.027193401356896168
decision_type=2 2 2 2 2 2 2 2 2 2 2
left_child=1 2 3 -1 5 6 -2 9 -9 -3 -7
right_child=4 7 -4 -5 -6 10 -8 8 -10 -11 -12
leaf_value=-0.009797491042574576 0 0.016112026174531325 0.020244280064909151 0.013794628635147488 -0.0073441317522742839 -0.010316540737191637 0.026464794415068937 -0.02530223923762475 0.0064929620128738519 -0.010988515092054004 0.013330829129526232
leaf_weight=19.605911239981655 7.1456641554832485 9.345466226339342 13.196389004588125 9.5740867704153043 12.697201207280157 10.998074129223825 18.929697766900063 19.411796987056736 7.2006592005491248 13.304740101099013 10.092879086732863
leaf_count=82 30 38 56 40 53 46 83 83 30 56 43
internal_value=0.00167601 -0.00194137 0.00576019 -0.00118741 0.00733972 0.0117357 0.0195861 -0.00882523 -0.0163225 0 0.000524575
internal_weight=151.503 91.639 42.3764 29.18 59.8635 47.1663 26.0754 49.2627 26.6125 22.6502 21.091
internal_count=640 385 178 122 255 202 113 207 113 94 89
is_linear=0
shrinkage=0.03


Tree=73
num_leaves=7
num_cat=0
split_feature=36 36 16 16 23 38
split_gain=3.59445 5.83215 4.98883 4.77048 3.52952 1.75601
threshold=0.0038232170677733146 0.0047247732072339798 8.8385829985203674 2.873861955688334 1.0033455065100443 0.0095998596547918497
decision_type=2 2 2 2 2 2
left_child=5 4 3 -3 -2 -1
right_child=1 2 -4 -5 -6 -7
leaf_value=0 0.029462266628614595 0.0018044774370663316 0.021231373858717453 -0.013417836367656342 0.0025752136016244597 -0.020165562079819201
leaf_weight=7.0655114203691465 9.2885028123855609 88.787338957190514 7.6903763860464087 21.050749003887177 10.11917884647846 7.2070918679237366
leaf_count=30 40 376 32 88 43 31
internal_value=0.00164108 0.00326817 0.000504253 -0.00116657 0.0176943 -0.011531
internal_weight=151.209 136.936 117.528 109.838 19.4077 14.2726
internal_count=640 579 496 464 83 61
is_linear=0
shrinkage=0.03


Tree=74
num_leaves=12
num_cat=0
split_feature=19 37 12 31 2 19 4 13 34 37 37
split_gain=3.42784 5.40666 6.49874 4.87854 4.46526 3.84733 4.64067 3.97014 2.69513 3.88609 0.93707
threshold=0.13263665972627839 0.015485414207445427 52.55341248795186 -1.4999999999999998 0.036116934650549666 0.087280795125998331 0.016384904233299417 -1.8876913167080145 0.018187934621441419 0.047589943154811361 1.0000000180025095e-35
decision_type=2 2 2 2 2 2 2 2 2 2 2
left_child=1 2 3 -1 8 7 -7 -3 9 -2 -4
right_child=4 5 10 -5 -6 6 -8 -9 -10 -11 -12
leaf_value=0.010233302507024996 0.011516191183651995 0.014911964689628056 0.026735907490455218 -0.01370612755546498 -0.0071639676306315125 -0.028914730742528545 -0.0029104172862544249 -0.0087870181464134531 0.024094193659334941 -0.0098955900031949904 0.0061241536480231371
leaf_weight=11.27461077272892 28.661101415753365 8.4513339549303073 8.4472927302122098 15.397459268569946 12.683915570378302 11.535644695162775 14.989908069372175 14.177530422806738 10.581781491637228 7.735593542456626 7.1909015476703635
leaf_count=47 124 35 37 64 53 50 63 59 46 32 30
internal_value=0.00160376 -0.00191659 0.0055968 -0.00305554 0.00713097 -0.00864304 -0.0159796 0 0.0114317 0.00629637 0.0198776
internal_weight=151.127 91.4647 42.3103 26.6721 59.6624 49.1544 26.5256 22.6289 46.9785 36.3967 15.6382
internal_count=640 385 178 111 255 207 113 94 202 156 67
is_linear=0
shrinkage=0.03


Tree=75
num_leaves=8
num_cat=0
split_feature=36 36 40 38 16 40 36
split_gain=7.64357 6.86163 8.16625 6.22095 3.83251 3.82487 0.238441
threshold=0.0035964536564773424 0.0047892167367912736 0.040222250475199235 0.0073083522851218547 2.873861955688334 0.015614095193310253 0.0043698420435613807
decision_type=2 2 2 2 2 2 2
left_child=-1 2 6 5 -5 -3 -2
right_child=1 3 -4 4 -6 -7 -8
leaf_value=-0.023134854784768968 0.011484760208874064 -0.0050995790319633312 -0.0079662659670617208 -0.0023826288894697343 -0.016586014570481786 0.018407673867355482 0.03183644828617422
leaf_weight=11.663945958018301 7.3898671120405259 7.2436514049768475 8.0173746794462186 71.240461513400078 22.519633933901787 15.567074030637739 8.8653784692287427
leaf_count=49 32 30 34 302 94 66 39
internal_value=-0.00169647 0.000273003 0.0142336 -0.00269845 -0.00622585 0.0105289 0.0256778
internal_weight=152.507 140.843 24.2726 116.571 93.7601 22.8107 16.2552
internal_count=646 597 105 492 396 96 71
is_linear=0
shrinkage=0.03


Tree=76
num_leaves=9
num_cat=0
split_feature=28 3 6 6 34 16 6 25
split_gain=3.71767 6.03972 4.66546 8.87265 3.55727 3.34237 3.29334 3.13525
threshold=1.5000000000000002 0.018185640865266976 0.0027617461553476625 -0.0030054149831237639 0.0093740313565865447 2.3835993729859042 0.0086180860418265514 0.35150037194482969
decision_type=2 2 2 2 2 2 2 2
left_child=-1 2 3 -2 5 -3 -4 -6
right_child=1 4 6 -5 7 -7 -8 -9
leaf_value=0.012657401273656473 0.0032861197903912656 -0.0057664537073647036 0.022910636464796061 -0.022094892331724493 -0.0089401791873254203 -0.029041855996517846 1.8706859444339843e-06 0.012015534716670582
leaf_weight=12.485736355185507 50.212499648332596 14.257565811276438 11.208488896489145 14.082384586334227 18.274887904524807 12.503041580319403 12.211928963661192 7.129092648625373
leaf_count=55 212 60 47 60 77 52 53 30
internal_value=-0.00164728 -0.00319027 0.00149227 -0.00254563 -0.0111053 -0.018426 0.0124955 -0.00206431
internal_weight=152.366 139.88 87.7153 64.2949 52.1646 26.7606 23.4204 25.404
internal_count=646 591 372 272 219 112 100 107
is_linear=0
shrinkage=0.03


Tree=77
num_leaves=10
num_cat=0
split_feature=20 34 34 7 19 21 11 35 23
split_gain=5.17565 7.65371 5.30703 4.86079 9.42666 4.27812 5.76633 3.82816 1.81955
threshold=0.022152446535490342 0.034551093974205867 0.027457251351965754 0.017570514304118146 0.15959649740908841 0.013843579518999507 0.058415659526527282 0.024143185539836857 1.0144478226937681
decision_type=2 2 2 2 2 2 2 2 2
left_child=1 5 3 4 -2 6 -1 -7 -5
right_child=2 -3 -4 8 -6 7 -8 -9 -10
leaf_value=0.0076058113671500782 -0.014842513088677671 -0.015614417747482031 0.0094492460226084443 -0.0087250924110768725 0.012197391274104146 0.0022631662439726876 -0.018573343572057789 0.028319593576297073 -0.031744705943804401
leaf_weight=32.777329355478287 27.70474311709404 12.637232303619383 12.048431664705275 10.296543732285501 16.703873872756958 10.522817671298982 7.5654863119125357 12.388860151171682 9.6076948791742307
leaf_count=138 117 53 52 44 72 45 32 53 40
internal_value=-0.00159904 0.00377605 -0.00709252 -0.0106092 -0.00426116 0.00823966 0.00169679 0.0180971 -0.0224053
internal_weight=152.253 75.8917 76.3613 64.3129 44.4086 63.2545 40.3428 22.9117 19.9042
internal_count=646 321 325 273 189 268 170 98 84
is_linear=0
shrinkage=0.03


Tree=78
num_leaves=12
num_cat=0
split_feature=20 21 9 9 35 24 21 10 8 23 7
split_gain=4.90473 6.45406 8.28272 6.29014 4.17016 4.05266 5.14329 4.18805 4.65125 3.9049 1.85032
threshold=0.022152446535490342 0.013843579518999507 0.090425309691327019 0.028026094641240545 0.024973062752292056 0.034946589404765666 0.025753749488331982 0.0043774696083808138 -0.049084634159649997 1.0144478226937681 0.0084856774278416636
decision_type=2 2 2 2 2 2 2 2 2 2 2
left_child=1 2 3 -1 -3 7 9 8 -2 -7 -9
right_child=5 4 -4 -5 -6 6 -8 10 -10 -11 -12
leaf_value=-0.0065593060552937401 0.0064002984071985835 0.00039928655621898 -0.0248676785198268 0.016445585807702744 0.024660063241970596 -0.0071454581002108305 0.00091621787014541664 0.015077714026835429 -0.019821086805069735 -0.035274390700496018 -0.00028164004219283846
leaf_weight=21.602420330047607 7.6804276853799847 12.45546166598797 9.8249154984951002 17.048702865839005 14.844757154583929 11.827533647418024 11.047462806105612 12.041176766157152 13.372352555394171 9.9000188112258893 10.395053222775458
leaf_count=90 34 53 41 73 64 51 47 51 56 42 44
internal_value=-0.00156179 0.00367153 -0.00268655 0.00352885 0.0148861 -0.00691425 -0.0145684 -0.000429141 -0.00987903 -0.0224874 0.00790703
internal_weight=152.04 75.7763 48.476 38.6511 27.3002 76.264 32.775 43.489 21.0528 21.7276 22.4362
internal_count=646 321 204 163 117 325 140 185 90 93 95
is_linear=0
shrinkage=0.03


Tree=79
num_leaves=8
num_cat=0
split_feature=36 36 18 3 18 26 33
split_gain=7.13266 6.54876 3.91186 3.85273 5.73025 4.8022 1.13823
threshold=0.0035964536564773424 0.004808297053764809 0.74373218610652392 0.018185640865266976 0.92817461187953143 0.48543051557383582 0.9166371430274235
decision_type=2 2 2 2 2 2 2
left_child=-1 2 -2 5 -5 -3 -4
right_child=1 3 6 4 -6 -7 -8
leaf_value=-0.022294706622625862 0.025913866725031241 -0.0019941531130939494 -0.0052559162153404679 -0.017437960172566155 0.0044728045233541078 0.017082481425741487 0.0094861788040513911
leaf_weight=11.595019951462744 10.837072461843492 61.203099831938744 6.9648794829845411 27.360389113426208 14.410956248641012 12.457924395799635 7.0116025656461716
leaf_count=49 47 260 30 116 60 53 31
internal_value=-0.00152569 0.00037529 0.0138372 -0.00257716 -0.00967716 0.0014002 0.00146259
internal_weight=151.841 140.246 24.8136 115.432 41.7713 73.661 13.9765
internal_count=646 597 108 489 176 313 61
is_linear=0
shrinkage=0.03


Tree=80
num_leaves=8
num_cat=0
split_feature=36 36 19 5 35 11 18
split_gain=4.95094 11.9604 4.02942 5.85791 4.68297 0.950252 0.706312
threshold=0.0038232170677733146 0.0047247732072339798 0.074274795478236275 0.098270619678537133 0.051901207225685038 0.045965098373224274 0.74373218610652392
decision_type=2 2 2 2 2 2 2
left_child=5 6 4 -4 -3 -1 -2
right_child=1 2 3 -5 -6 -7 -8
leaf_value=-0.0041832266886708547 0.030163678751740513 0.01328000486114863 -0.010578974877784669 0.0082871082642169309 -0.0089572801880956465 -0.022819279330564546 0.011489256219007588
leaf_weight=8.0243514478206617 7.6925828307867077 22.613599181175232 63.21194227039814 16.65154792368412 10.54194402694702 7.6602277159690848 12.759785220026968
leaf_count=34 33 94 269 70 44 33 56
internal_value=-0.000702663 0.00115273 -0.00265853 -0.0063558 0.00567555 -0.0156845 0.0212424
internal_weight=149.156 133.471 113.019 79.8635 33.1555 15.6846 20.4524
internal_count=633 566 477 339 138 67 89
is_linear=0
shrinkage=0.03


Tree=81
num_leaves=8
num_cat=0
split_feature=36 36 5 5 12 11 37
split_gain=4.74367 11.4023 2.90806 6.48827 5.27203 0.897961 0.843403
threshold=0.0038232170677733146 0.0047247732072339798 0.098270619678537133 0.13687611987814322 63.088816666539323 0.045965098373224274 0.021991181092820836
decision_type=2 2 2 2 2 2 2
left_child=5 6 4 -4 -3 -1 -2
right_child=1 2 3 -5 -6 -7 -8
leaf_value=-0.0040836849783603317 0.028676492996008787 -0.00068923233116501394 0.023663120496586611 -0.0097192762871882808 -0.017499182772265556 -0.022314740691154907 0.0099765916063377456
leaf_weight=8.0221349000930768 9.0769380331039446 75.896505251526833 8.9646766334772128 7.6745199561119071 20.445206359028816 7.6438901871442786 11.326479926705359
leaf_count=34 41 320 38 32 87 33 48
internal_value=-0.000672359 0.0011417 -0.00257462 0.00807058 -0.00469243 -0.0153474 0.0207826
internal_weight=149.05 133.384 112.981 16.6392 96.3417 15.666 20.4034
internal_count=633 566 477 70 407 67 89
is_linear=0
shrinkage=0.03


Tree=82
num_leaves=8
num_cat=0
split_feature=36 36 3 37 2 37 15
split_gain=4.54028 10.8861 3.82352 4.14338 4.08059 0.814483 0.692612
threshold=0.0038232170677733146 0.0047247732072339798 0.0058656310714905189 0.061066578589117244 -0.010425370718676495 0.021991181092820836 8.0632563118091802
decision_type=2 2 2 2 2 2 2
left_child=6 5 4 -4 -3 -2 -1
right_child=1 2 3 -5 -6 -7 -8
leaf_value=-0.0033686820575802275 0.02813922552692414 -0.0049545621347463062 -0.011457190055360672 0.0082644301720093735 0.010667745064957367 0.0097257918401267469 -0.020460374834348018
leaf_weight=6.889475390315055 9.0119122713804263 26.716672107577324 48.487103566527367 9.3983772695064527 28.341045245528221 11.321647077798842 8.7568073421716672
leaf_count=30 41 113 205 39 120 48 37
internal_value=-0.000652327 0.00112054 -0.00250426 -0.00783561 0.0029162 0.0203474 -0.0150193
internal_weight=148.923 133.277 112.943 57.8855 55.0577 20.3336 15.6463
internal_count=633 566 477 244 233 89 67
is_linear=0
shrinkage=0.03


Tree=83
num_leaves=10
num_cat=0
split_feature=36 36 40 36 36 37 11 26 11
split_gain=4.34668 10.4688 3.61832 3.115 7.30115 3.26564 2.43728 1.16765 0.842264
threshold=0.0038232170677733146 0.0050119226228885335 0.029968230969989355 0.0080663903702567416 0.0076140057937867777 0.030798020890530745 0.056293537977627157 0.22041131711456538 0.045965098373224274
decision_type=2 2 2 2 2 2 2 2 2
left_child=8 2 7 4 -3 -5 -4 -2 -1
right_child=1 3 6 5 -6 -7 -8 -9 -10
leaf_value=-0.0037754031058398257 0.032671317003206378 -0.0017860250992416057 -0.0060458290929025381 -0.002629284191938976 -0.025279758015887069 0.019010485552409133 0.014586153436693873 0.0090262697947932052 -0.021436708239957112
leaf_weight=8.0105962753295881 8.8721920251846331 66.725857958197594 8.3351661562919599 13.066517233848574 13.099340379238127 8.0977028310298902 7.530620962381362 7.4506455063819876 7.6177859157323828
leaf_count=34 39 281 35 56 55 34 33 33 33
internal_value=-0.000623515 0.00110919 0.015562 -0.0035645 -0.00634834 0.00592932 0.00344404 0.0248604 -0.0146904
internal_weight=148.806 133.178 32.1886 100.989 79.8252 21.1642 15.8658 16.3228 15.6284
internal_count=633 566 140 426 336 90 68 72 67
is_linear=0
shrinkage=0.03


Tree=84
num_leaves=10
num_cat=0
split_feature=36 36 40 33 40 35 21 26 35
split_gain=4.16273 9.99495 3.47086 3.12274 4.47548 3.65415 3.10699 1.11098 0.822891
threshold=0.0038232170677733146 0.0050119226228885335 0.029968230969989355 0.27542293380030652 -0.034851846460604956 -0.031133118115111432 0.017058089250237652 0.22041131711456538 0.043739751958837288
decision_type=2 2 2 2 2 2 2 2 2
left_child=8 2 7 4 -3 -5 -4 -2 -1
right_child=1 3 6 5 -6 -7 -8 -9 -10
leaf_value=-0.021559550754873962 0.032047870081234352 -0.009598080576592137 -0.006746842655686652 0.0037743666966603704 0.015276282793547579 -0.010211133603784504 0.016778016285672499 0.0088236640605121579 -0.0040850912547646329
leaf_weight=7.0459099858999243 8.8132441341877001 8.2691085189580935 8.9765843600034696 20.312979459762573 14.561779871582983 57.821283116936684 6.8691635727882376 7.4391715824604026 8.5608265995979291
leaf_count=30 39 35 38 87 62 242 30 33 37
internal_value=-0.000602479 0.00109128 0.0152377 -0.00346901 0.00561553 -0.00638461 0.00334812 0.024371 -0.014379
internal_weight=148.67 133.063 32.0982 100.965 22.8309 78.1343 15.8457 16.2524 15.6067
internal_count=633 566 140 426 97 329 68 72 67
is_linear=0
shrinkage=0.03


Tree=85
num_leaves=8
num_cat=0
split_feature=36 3 3 40 37 35 25
split_gain=3.31706 3.55423 7.77305 5.73067 5.36552 2.61172 2.56779
threshold=0.0035406063549034985 -0.012706815897041921 -0.046338785190466573 0.038752327677625382 0.030798020890530745 0.013501011316779056 0.21868718107911092
decision_type=2 2 2 2 2 2 2
left_child=-1 2 -2 4 -3 -4 -5
right_child=1 3 5 6 -6 -7 -8
leaf_value=-0.013381059067617789 -0.0063039635474879518 0.00095356005531422065 0.0052933855489330963 -0.015026049834508219 0.024111493592391377 0.029566450531189489 0
leaf_weight=10.731786072254179 13.142087966203688 52.256572589278221 9.3999437093734759 23.020990446209908 9.3581841439008695 12.311246722936628 17.495478257536888
leaf_count=46 56 224 40 97 40 53 74
internal_value=0.00111222 0.00253181 0.0105288 -0.000203005 0.0053541 0.0210229 -0.00886101
internal_weight=147.716 136.985 34.8533 102.131 61.6148 21.7112 40.5165
internal_count=630 584 149 435 264 93 171
is_linear=0
shrinkage=0.03


Tree=86
num_leaves=13
num_cat=0
split_feature=23 23 37 22 22 13 37 33 22 16 17 13
split_gain=2.71686 4.63594 7.76635 5.44348 5.29008 4.36386 4.10823 3.59627 2.8605 2.08799 1.05805 0.689898
threshold=1.0158547195447694 0.80028109434315664 0.0066600522363251544 -0.025960917373776423 0.071921183780343637 3.8686462846475114 0.021251687773168219 0.2566120467296924 -0.20855710965848542 0.70457228030021324 -0.059706322946168282 -2.6444159047090703
decision_type=2 2 2 2 2 2 2 2 2 2 2 2
left_child=1 2 -1 8 -5 7 -7 11 -3 -9 -4 -2
right_child=5 3 10 4 -6 6 -8 9 -10 -11 -12 -13
leaf_value=0.013028929041683394 0.0096149768499580891 0.0053055009424215647 -0.023807070411203342 -0.017591243896397601 0.0085184360630295546 0.02002560895875919 -0.0059714740494882382 -0.023890548427699405 0.028239157954749735 -0.0064232759316557577 -0.0040623274125537474 -0.0012985769525566296
leaf_weight=10.578761890530588 7.0559342056512833 11.510706797242166 9.1571744978427905 7.9448751062154797 21.229645967483521 9.9655545353889483 7.5384887605905524 10.229052245616911 13.68331667780876 24.7461778819561 7.1164818853139868 6.8313316404819471
leaf_count=45 30 50 39 34 90 43 32 44 58 105 30 30
internal_value=0.00108995 0.0047913 -0.00480951 0.00980161 0.000254616 -0.0032281 0.0085961 -0.00793025 0.0194736 -0.0129535 -0.0173832 0.00381465
internal_weight=147.588 81.221 26.8524 54.3685 29.1745 66.3665 17.504 48.8625 25.194 34.9752 16.2737 13.8873
internal_count=630 346 114 232 124 284 75 209 108 149 69 60
is_linear=0
shrinkage=0.03


Tree=87
num_leaves=9
num_cat=0
split_feature=1 17 27 3 20 9 20 27
split_gain=3.66861 3.58301 3.45071 3.99837 2.22428 4.2053 3.92282 1.91509
threshold=-0.011101860249598137 -0.84734283804864285 1.0000000180025095e-35 -0.038729818442383761 0.021146655244859754 0.028026094641240545 0.025341044638707139 2.5000000000000004
decision_type=2 2 2 2 2 2 2 2
left_child=2 -2 -1 -4 5 -3 -6 -5
right_child=1 4 3 7 6 -7 -8 -9
leaf_value=-0.0065039623484152249 -0.016375242137438892 -0.0046384541462875656 -0.0016095939629526099 0.029398052532525174 -0.014382985712721702 0.011604423977349019 0.0023563529469650263 0.0069607653208458983
leaf_weight=7.5192447304725638 11.055754408240317 22.637228578329086 8.6805077046155947 10.265922576189043 18.625605747103691 30.350403353571892 28.279180109500885 10.045698165893553
leaf_count=32 47 95 37 44 81 130 122 42
internal_value=0.0010529 -0.00157569 0.00909699 0.0137858 0.000204331 0.00447608 -0.00430038 0.020592
internal_weight=147.46 110.948 36.5114 28.9921 99.8924 52.9876 46.9048 20.3116
internal_count=630 475 155 123 428 225 203 86
is_linear=0
shrinkage=0.03


Tree=88
num_leaves=8
num_cat=0
split_feature=36 3 3 40 37 25 36
split_gain=3.08286 3.32537 7.2497 5.24131 5.10392 2.42595 2.30763
threshold=0.0035406063549034985 -0.012706815897041921 -0.046338785190466573 0.038752327677625382 0.030798020890530745 0.21868718107911092 0.0060123903688491026
decision_type=2 2 2 2 2 2 2
left_child=-1 2 -2 4 -3 -5 -4
right_child=1 3 6 5 -6 -7 -8
leaf_value=-0.012972835094301065 -0.0060767660977462347 0.00077547194064733716 0.031817183722133636 -0.014529764525836401 0.023390826048472601 0 0.0084558363532344551
leaf_weight=10.690714940428732 13.132307335734366 52.170111238956451 8.6210706382989901 22.995946153998375 9.315220966935156 17.480993196368217 12.978287309408186
leaf_count=46 56 224 38 97 40 74 55
internal_value=0.00101867 0.00239237 0.0101447 -0.000248391 0.00506699 -0.00853411 0.020322
internal_weight=147.385 136.694 34.7317 101.962 61.4853 40.4769 21.5994
internal_count=630 584 149 435 264 171 93
is_linear=0
shrinkage=0.03


Tree=89
num_leaves=8
num_cat=0
split_feature=36 7 26 14 20 12 36
split_gain=2.94147 3.05804 4.85759 3.63772 9.47591 8.93649 3.17367
threshold=0.003347908353275867 0.025086638621092842 0.45119551144953135 -1.572901645464128 0.014018427042904964 46.396651570163527 0.0049163632595775964
decision_type=2 2 2 2 2 2 2
left_child=-1 3 6 5 -5 -2 -3
right_child=1 2 -4 4 -6 -7 -8
leaf_value=-0.014701565625641688 0 0.00066201758615795495 0.01352216613120328 -0.025869363371263603 0.0051931737939958141 0.029494235400697441 -0.017844914264108946
leaf_weight=7.8202031254768363 22.547024175524712 11.498387023806574 7.5984835475683203 8.360237851738928 57.512585148215294 13.891866996884344 18.023393884301186
leaf_count=34 97 50 32 36 247 58 76
internal_value=0.00100173 0.00218397 -0.00482071 0.00491287 0.000383754 0.0122642 -0.0105762
internal_weight=147.252 139.432 37.1203 102.312 65.8728 36.4389 29.5218
internal_count=630 596 158 438 283 155 126
is_linear=0
shrinkage=0.03


Tree=90
num_leaves=9
num_cat=0
split_feature=17 16 22 32 22 38 35 35
split_gain=4.16084 5.35071 3.59898 3.57004 3.81233 4.8059 3.4334 2.02912
threshold=0.64312145503262486 -0.61556789548106827 -0.092506768498815492 -0.019106896671571057 0.29363384000323106 0.0095815937212539396 0.026698239564772467 0.018663463135334072
decision_type=2 2 2 2 2 2 2 2
left_child=3 2 -2 -1 5 -5 -6 -3
right_child=1 7 -4 4 6 -7 -8 -9
leaf_value=-0.011365711577706375 0.021052532963172086 -0.023588598514584905 -0.0048735924995998558 -0.0014263616855904977 0.032585193902424259 0.012529038851208497 0.0039666270060129075 -0.0040596125744267403
leaf_weight=8.2442275434732419 6.6789713203907004 10.465155199170114 8.0256148576736432 54.092490673065186 7.4329584091901806 33.554339185357094 9.6929981708526594 13.156539112329481
leaf_count=34 30 45 35 231 32 143 41 56
internal_value=0.00228941 -0.00586991 0.00711503 0.00524076 0.00687638 0.00390927 0.0192804 -0.0144629
internal_weight=151.343 38.3263 14.7046 113.017 104.773 87.6468 17.126 23.6217
internal_count=647 166 65 481 447 374 73 101
is_linear=0
shrinkage=0.03


Tree=91
num_leaves=10
num_cat=0
split_feature=17 16 32 27 38 37 5 34 35
split_gain=3.95482 5.10161 3.40178 3.1321 2.88313 2.48302 2.22124 2.04377 0.0465579
threshold=0.64312145503262486 -0.61556789548106827 -0.019106896671571057 1.0000000180025095e-35 0.0095815937212539396 -0.010333225840623515 -0.021745668335081233 0.019511259199737844 0.023263241574240093
decision_type=2 2 2 2 2 2 2 2 2
left_child=2 6 -1 4 -4 -5 -2 8 -3
right_child=1 7 3 5 -6 -7 -8 -9 -10
leaf_value=-0.011089227866403177 0.016356794698384688 -0.024575530838879298 -0.011492687823238073 0.020295320267359283 0.0094876346051013388 0.0062297387162718399 -0.0037924467873664733 0 -0.0084208509748357752
leaf_weight=8.2461192756891233 8.0096164494752866 8.5053674876689929 12.981595844030382 14.623003274202345 7.2508750706911078 69.84293831884861 6.6784362047910681 7.9619680643081656 7.1165758669376364
leaf_count=34 35 37 55 64 31 297 30 34 30
internal_value=0.00222655 -0.00572996 0.00510595 0.00670602 -0.003122 0.00925141 0.00693986 -0.0141327 -0.0198584
internal_weight=151.216 38.272 112.945 104.698 20.2325 84.4659 14.6881 23.5839 15.6219
internal_count=647 166 481 447 86 361 65 101 67
is_linear=0
shrinkage=0.03


Tree=92
num_leaves=12
num_cat=0
split_feature=3 28 19 21 28 40 13 10 16 3 10
split_gain=4.97096 3.96732 3.87716 5.82144 3.46127 3.32788 3.57958 3.22981 3.06689 2.27387 1.73998
threshold=0.018185640865266976 2.5000000000000004 0.14029470490227167 0.018055651329748484 4.5000000000000009 0.038752327677625382 -0.58327547059577245 -0.0019730401565174467 0.37345748023175235 -0.038023426383773588 0.036996425839177401
decision_type=2 2 2 2 2 2 2 2 2 2 2
left_child=2 -2 3 8 -5 7 -7 -3 -1 -4 -11
right_child=1 5 9 4 -6 6 -8 -9 -10 10 -12
leaf_value=0.001918719785061949 0.010530989109758016 -0.013602775564478848 2.4410271627101449e-05 -0.02174448697294212 0 0 -0.02531389785948078 0.0054289190963386609 0.019371711543269842 0.02982963924446393 0.0053862605270906493
leaf_weight=24.791596218943596 10.783196359872816 10.260771781206133 7.161200329661372 8.4123697578907031 16.950714915990829 7.3425052165985134 12.751623794436453 20.545105904340744 15.300015285611151 9.8179285526275653 6.9485341757535926
leaf_count=105 48 45 31 36 71 31 54 87 65 44 30
internal_value=0.00215104 -0.00417388 0.00667586 0.00243287 -0.00812875 -0.00785304 -0.0167936 -0.000895723 0.00953958 0.0166211 0.0221525
internal_weight=151.066 61.6832 89.3824 65.4547 25.3631 50.9 20.0941 30.8059 40.0916 23.9277 16.7665
internal_count=647 265 382 277 107 217 85 132 170 105 74
is_linear=0
shrinkage=0.03


Tree=93
num_leaves=9
num_cat=0
split_feature=16 5 34 12 5 23 38 19
split_gain=3.33831 5.35889 5.32716 4.96933 5.2751 3.99501 3.04783 4.33553
threshold=2.873861955688334 0.064531248006559974 -0.036542050755238857 52.55341248795186 -0.029510671973223265 0.81414523706411024 0.0073083522851218547 0.16922475687805513
decision_type=2 2 2 2 2 2 2 2
left_child=2 -2 -1 4 -4 -5 -3 -8
right_child=1 6 3 5 -6 -7 7 -9
leaf_value=0.022927784801440844 -0.018983307044972163 0.016931738828170496 0.006129630885573791 -0.0045628375188781828 -0.012260414374983075 0.014345621912264782 0.0072788742241585071 -0.017707421416580112
leaf_weight=11.251298069953917 13.651171937584875 7.4084596037864712 23.085966944694519 11.320694327354429 28.583797886967659 34.52060629427433 12.266954779624941 8.738479331135748
leaf_count=48 59 33 100 49 122 148 52 36
internal_value=0.00210459 -0.00474555 0.00492723 0.00228043 -0.00384206 0.00936702 0.00240016 -0.00309942
internal_weight=150.827 42.0651 108.762 97.5111 51.6698 45.8413 28.4139 21.0054
internal_count=647 180 467 419 222 197 121 88
is_linear=0
shrinkage=0.03


end of trees

feature_importances:
macro_topix_ret_20=58
macro_usdjpy_vol_20=52
bb_bandwidth=46
macro_topix_vol_20=41
month=36
return_5d=34
macd=34
macro_usdjpy_ret_60=34
return_20d=28
ma_5_20_cross=28
volatility=28
macro_nikkei_ret_20=27
atr_pct=24
div_ma_60=23
rsi=23
macd_hist=23
macro_usdjpy_ret_20=23
div_ma_10=22
vol_ratio=21
macd_signal=20
candle_body_pct=18
price_position_20d=18
macd_hist_change=17
gap=17
vol_change=16
lower_shadow_pct=16
return_2d=15
return_10d=14
rsi_change=14
div_ma_5=12
div_ma_20=12
ma_20_60_cross=12
upper_shadow_pct=12
bb_pct_b=9
return_3d=8
day_of_week=4
streak=3
return_1d=1

parameters:
[boosting: gbdt]
[objective: binary]
[metric: binary_logloss]
[tree_learner: serial]
[device_type: cpu]
[data_sample_strategy: bagging]
[data: ]
[valid: ]
[num_iterations: 94]
[learning_rate: 0.03]
[num_leaves: 15]
[num_threads: 0]
[seed: 42]
[deterministic: 0]
[force_col_wise: 0]
[force_row_wise: 0]
[histogram_pool_size: -1]
[max_depth: 4]
[min_data_in_leaf: 30]
[min_sum_hessian_in_leaf: 0.001]
[bagging_fraction: 0.7]
[pos_bagging_fraction: 1]
[neg_bagging_fraction: 1]
[bagging_freq: 5]
[bagging_seed: 400]
[bagging_by_query: 0]
[feature_fraction: 0.6]
[feature_fraction_bynode: 1]
[feature_fraction_seed: 30056]
[extra_trees: 0]
[extra_seed: 12879]
[early_stopping_round: 0]
[early_stopping_min_delta: 0]
[first_metric_only: 0]
[max_delta_step: 0]
[lambda_l1: 0.5]
[lambda_l2: 2]
[linear_lambda: 0]
[min_gain_to_split: 0]
[drop_rate: 0.1]
[max_drop: 50]
[skip_drop: 0.5]
[xgboost_dart_mode: 0]
[uniform_drop: 0]
[drop_seed: 17869]
[top_rate: 0.2]
[other_rate: 0.1]
[min_data_per_group: 100]
[max_cat_threshold: 32]
[cat_l2: 10]
[cat_smooth: 10]
[max_cat_to_onehot: 4]
[top_k: 20]
[monotone_constraints: ]
[monotone_constraints_method: basic]
[monotone_penalty: 0]
[feature_contri: ]
[forcedsplits_filename: ]
[refit_decay_rate: 0.9]
[cegb_tradeoff: 1]
[cegb_penalty_split: 0]
[cegb_penalty_feature_lazy: ]
[cegb_penalty_feature_coupled: ]
[path_smooth: 0]
[interaction_constraints: ]
[verbosity: -1]
[saved_feature_importance_type: 0]
[use_quantized_grad: 0]
[num_grad_quant_bins: 4]
[quant_train_renew_leaf: 0]
[stochastic_rounding: 1]
[linear_tree: 0]
[max_bin: 255]
[max_bin_by_feature: ]
[min_data_in_bin: 5]
[bin_construct_sample_cnt: 200000]
[data_random_seed: 175]
[is_enable_sparse: 1]
[enable_bundle: 1]
[use_missing: 1]
[zero_as_missing: 0]
[feature_pre_filter: 1]
[pre_partition: 0]
[two_round: 0]
[header: 0]
[label_column: ]
[weight_column: ]
[group_column: ]
[ignore_column: ]
[categorical_feature: ]
[forcedbins_filename: ]
[precise_float_parser: 0]
[parser_config_file: ]
[objective_seed: 16083]
[num_class: 1]
[is_unbalance: 0]
[scale_pos_weight: 1]
[sigmoid: 1]
[boost_from_average: 1]
[reg_sqrt: 0]
[alpha: 0.9]
[fair_c: 1]
[poisson_max_delta_step: 0.7]
[tweedie_variance_power: 1.5]
[lambdarank_truncation_level: 30]
[lambdarank_norm: 1]
[label_gain: ]
[lambdarank_position_bias_regularization: 0]
[eval_at: ]
[multi_error_top_k: 1]
[auc_mu_weights: ]
[num_machines: 1]
[local_listen_port: 12400]
[time_out: 120]
[machine_list_filename: ]
[machines: ]
[gpu_platform_id: -1]
[gpu_device_id: -1]
[gpu_use_dp: 0]
[num_gpu: 1]

end of parameters

pandas_categorical:[]
