{
  "feature_cols": [
    "return_1d",
    "return_2d",
    "return_3d",
    "return_5d",
    "return_10d",
    "return_20d",
    "div_ma_5",
    "div_ma_10",
    "div_ma_20",
    "div_ma_60",
    "ma_5_20_cross",
    "ma_20_60_cross",
    "rsi",
    "rsi_change",
    "macd",
    "macd_signal",
    "macd_hist",
    "macd_hist_change",
    "bb_pct_b",
    "bb_bandwidth",
    "atr_pct",
    "volatility",
    "vol_change",
    "vol_ratio",
    "candle_body_pct",
    "upper_shadow_pct",
    "lower_shadow_pct",
    "day_of_week",
    "month",
    "is_month_end",
    "is_month_start",
    "streak",
    "gap",
    "price_position_20d",
    "macro_usdjpy_ret_20",
    "macro_usdjpy_ret_60",
    "macro_usdjpy_vol_20",
    "macro_topix_ret_20",
    "macro_topix_vol_20",
    "macro_topix_above_200dma",
    "macro_nikkei_ret_20",
    "macro_nikkei_above_200dma",
    "macro_nikkei_vi",
    "macro_jgb10y",
    "macro_bias_score"
  ],
  "avg_up_ret": 0.033291754778109674,
  "avg_dn_ret": -0.03129055230604358,
  "n_bins": 10,
  "psi_ref_rows": 250,
  "psi": {
    "return_1d": {
      "edges": [
        -0.07544481089672306,
        -0.028562025814516376,
        -0.01978169504734617,
        -0.013902317210750425,
        -0.008333033988551541,
        -0.0015370863041866412,
        0.007426828945566572,
        0.013410223483100244,
        0.02322253581223715,
        0.031190941824145856,
        0.0875912408759123
      ],
      "ref_props": [
        0.1,
        0.1,
        0.1,
        0.1,
        0.1,
        0.1,
        0.1,
        0.1,
        0.1,
        0.1
      ]
    },
    "return_2d": {
      "edges": [
        -0.11387900355871883,
        -0.04378952333704573,
        -0.0305089729694078,
        -0.021053510199771905,
        -0.012015471365843996,
        0.0022293065675532686,
        0.012021144963630274,
        0.021704306227098832,
        0.032364311741982704,
        0.044134384228193914,
        0.09960547855713853
      ],
      "ref_props": [
        0.1,
        0.1,
        0.1,
        0.1,
        0.1,
        0.1,
        0.1,
        0.1,
        0.1,
        0.1
      ]
    },
    "return_3d": {
      "edges": [
        -0.1378116586444137,
        -0.05553869727245224,
        -0.04171916783949305,
        -0.023940338844969086,
        -0.011957102244078486,
        0.0016917252148099804,
        0.015168862535861895,
        0.027952390064548843,
        0.03909390741036578,
        0.0536783040286523,
        0.12846712358386547
      ],
      "ref_props": [
        0.1,
        0.1,
        0.1,
        0.1,
        0.1,
        0.1,
        0.1,
        0.1,
        0.1,
        0.1
      ]
    },
    "return_5d": {
      "edges": [
        -0.16321459571204855,
        -0.07712803281163434,
        -0.04722222862507239,
        -0.03160181030734907,
        -0.015644093061660123,
        0.0035271177099167605,
        0.017831691429781273,
        0.03195188871523197,
        0.05122544955699585,
        0.06982952564295596,
        0.15058293418597835
      ],
      "ref_props": [
        0.1,
        0.1,
        0.1,
        0.1,
        0.1,
        0.1,
        0.1,
        0.1,
        0.1,
        0.1
      ]
    },
    "return_10d": {
      "edges": [
        -0.19469596845543014,
        -0.09274534016798365,
        -0.056228830349629576,
        -0.030606715686845327,
        -0.01238875526506467,
        0.006573987354487443,
        0.024573857423531555,
        0.04200265798680578,
        0.059219657084409835,
        0.0777810808009993,
        0.2269840946903936
      ],
      "ref_props": [
        0.1,
        0.1,
        0.1,
        0.1,
        0.1,
        0.1,
        0.1,
        0.1,
        0.1,
        0.1
      ]
    },
    "return_20d": {
      "edges": [
        -0.26410488936056387,
        -0.1042568424070188,
        -0.05449654153253362,
        -0.027794371203701214,
        -0.009449821669943964,
        0.014703607133699448,
        0.03019018376220939,
        0.046584382076934897,
        0.07119263382143597,
        0.09769770261620275,
        0.19900367241435535
      ],
      "ref_props": [
        0.1,
        0.1,
        0.1,
        0.1,
        0.1,
        0.1,
        0.1,
        0.1,
        0.1,
        0.1
      ]
    },
    "div_ma_5": {
      "edges": [
        -0.08767842612629881,
        -0.03382829082304118,
        -0.025177371881623133,
        -0.017352485140512987,
        -0.007716138224594081,
        0.0008493190179830476,
        0.009338663574589779,
        0.01645089836076083,
        0.024765865724732754,
        0.03467045577394903,
        0.07101781693937038
      ],
      "ref_props": [
        0.1,
        0.1,
        0.1,
        0.1,
        0.1,
        0.1,
        0.1,
        0.1,
        0.1,
        0.1
      ]
    },
    "div_ma_10": {
      "edges": [
        -0.12434942750994576,
        -0.0500775330151433,
        -0.030940270954868933,
        -0.021820927373763645,
        -0.010838809426728843,
        0.0007888317944682668,
        0.009199101812967037,
        0.02161128429381237,
        0.03669031858888119,
        0.04780470060737533,
        0.11356539686186974
      ],
      "ref_props": [
        0.1,
        0.1,
        0.1,
        0.1,
        0.1,
        0.1,
        0.1,
        0.1,
        0.1,
        0.1
      ]
    },
    "div_ma_20": {
      "edges": [
        -0.1441819949900056,
        -0.0760862168263719,
        -0.03924603564451997,
        -0.019075914173017197,
        -0.006325535250258032,
        0.0053532136229564545,
        0.015119130742739156,
        0.03047690160323444,
        0.041538814936086826,
        0.05950587153529921,
        0.1548085640960269
      ],
      "ref_props": [
        0.1,
        0.1,
        0.1,
        0.1,
        0.1,
        0.1,
        0.1,
        0.1,
        0.1,
        0.1
      ]
    },
    "div_ma_60": {
      "edges": [
        -0.16871932076489482,
        -0.0894936309338159,
        -0.058925924033909,
        -0.03474367375418148,
        -0.01420348104954704,
        0.0033480562034075337,
        0.022767489749267567,
        0.04597301629855444,
        0.06680363063274851,
        0.09089126104473158,
        0.17796456615388717
      ],
      "ref_props": [
        0.1,
        0.1,
        0.1,
        0.1,
        0.1,
        0.1,
        0.1,
        0.1,
        0.1,
        0.1
      ]
    },
    "ma_5_20_cross": {
      "edges": [
        -0.09697049859136186,
        -0.05793295542029108,
        -0.031148316213847123,
        -0.012783785624889252,
        -0.005213712894314599,
        0.003768311855952833,
        0.012581185144377706,
        0.022823864122262873,
        0.03311818383614176,
        0.04615652966026353,
        0.11118494760272157
      ],
      "ref_props": [
        0.1,
        0.1,
        0.1,
        0.1,
        0.1,
        0.1,
        0.1,
        0.1,
        0.1,
        0.1
      ]
    },
    "ma_20_60_cross": {
      "edges": [
        -0.09712333285148111,
        -0.06396695864971355,
        -0.04399405917147695,
        -0.011280655277697397,
        0.007108889076325834,
        0.014932871661101355,
        0.02212343344370446,
        0.03072472426627027,
        0.040975735224901576,
        0.04943915402670435,
        0.06605189996287564
      ],
      "ref_props": [
        0.1,
        0.1,
        0.1,
        0.1,
        0.1,
        0.1,
        0.1,
        0.1,
        0.1,
        0.1
      ]
    },
    "rsi": {
      "edges": [
        20.96774124513452,
        33.88684326775849,
        39.19177370021284,
        44.96645145093007,
        48.277251190639916,
        50.520679115375486,
        53.243423014904984,
        57.22698467028186,
        61.85547121743043,
        68.24565181874273,
        81.82410821075936
      ],