tree
version=v4
num_class=1
num_tree_per_iteration=1
label_index=0
max_feature_idx=44
objective=binary sigmoid:1
feature_names=return_1d return_2d return_3d return_5d return_10d return_20d div_ma_5 div_ma_10 div_ma_20 div_ma_60 ma_5_20_cross ma_20_60_cross rsi rsi_change macd macd_signal macd_hist macd_hist_change bb_pct_b bb_bandwidth atr_pct volatility vol_change vol_ratio candle_body_pct upper_shadow_pct lower_shadow_pct day_of_week month is_month_end is_month_start streak gap price_position_20d macro_usdjpy_ret_20 macro_usdjpy_ret_60 macro_usdjpy_vol_20 macro_topix_ret_20 macro_topix_vol_20 macro_topix_above_200dma macro_nikkei_ret_20 macro_nikkei_above_200dma macro_nikkei_vi macro_jgb10y macro_bias_score
feature_infos=[-0.08998342410608573:0.098630136986301409] [-0.12659090909090909:0.1462399167317201] [-0.18958245466048085:0.15846994535519121] [-0.1956885726245291:0.19698152485037723] [-0.1721649484536083:0.25631017434296122] [-0.18907392363931763:0.32500650533437425] [-0.12312326016519881:0.065407798078734272] [-0.13665670702940719:0.071963427130133234] [-0.15452697552299485:0.10344227905611782] [-0.18837889202437783:0.19571724791810657] [-0.10060494052671742:0.084427362238728598] [-0.096776128249273285:0.10469874453048633] [8.9709762532981472:91.891891891891888] [-21.361363058404677:34.541519195188734] [-214.17157527709151:160.01799357818618] [-174.87759164473817:141.66388464243769] [-79.353853718466553:68.581447762036646] [-39.672322527598858:27.29331678903651] [-0.4506449203614159:1.401901282826606] [0.028043880450589889:0.30805203127185676] [0.0094208922139096696:0.052406832298136648] [0.0058160750964768235:0.042906960731702255] [-0.90090628423463803:4.8037400985382588] [0.51147786911122772:2.1065748981165942] [-1:1] [0:0.92000000000000004] [0:0.92957746478873238] [0:4] [1:12] none [0:1] [-7:10] [-0.081699346405228801:0.098879202988791937] [0:1] [-0.10288784967882303:0.071219898375910473] [-0.13986255140503889:0.13160084488587853] [0.0013477040299661059:0.011841457708833433] [-0.21871130063915301:0.21255316252998058] [0.0039190401412919932:0.040640975235326532] [0:1] [-0.22859537662338159:0.23022297972565586] [0:1] none none none
tree_sizes=1302 993 1388 1300 1185 885 1305 1069 1304 1198 1075 1097 1415 1203 998 792 1073 1319 897 1091 996 991 998 1082 995 1526 1282 1406 1272 1498 1209 1374 1310 1318 1396 781 1310 1287 1075 778 785 1081 1301 995 1209 992 992 1096 996 889 1202 1411 1186 1202 1185 871 787 1099 894 1102 891 783 790 1097 780 777 1699 885 1309 1382 1261 1512 1374 1297 1288 874 763 783 761 683 1211 1105 1191 1080 993 1275 1522 1102 1301 1285 1290 1185 1200 1106 1286 1312 1400 1206 1315 889 1415 1314 1418 1213 1322 788 1273 1314 1199 1164 1532 785 997 1369 1304 879 1073 777 1201 778 792 895 1001 977 1004 1492 1291 1309 1426 1213

Tree=0
num_leaves=11
num_cat=0
split_feature=14 15 14 35 14 17 9 9 15 15
split_gain=13.5887 21.1838 11.7895 9.89378 10.0945 6.33123 8.79839 4.87696 2.27189 1.73373
threshold=3.5839875297865551 -17.612858854976349 92.839426760111124 -0.056255757477277006 -46.460922434818706 0.67528468254928431 0.0068365593510455241 -0.00055723864899066041 15.437162489731229 -5.2235791119443835
decision_type=2 2 2 2 2 2 2 2 2 2
left_child=1 3 5 -1 -5 6 -2 9 -7 -3
right_child=2 7 -4 4 -6 8 -8 -9 -10 -11
leaf_value=-0.045695029741354573 -0.092629442941692355 -0.020427891325606337 -0.049295146382820211 -0.095362859623727758 -0.063271629001828644 -0.073218170460040422 -0.062979167650278348 -0.05920270815384418 -0.097032992153430281 -0.047612742710262716
leaf_weight=9.9899107217788679 9.7401629537343961 11.738145098090174 13.486379474401472 13.236631706357 18.731082603335384 9.9899107217788714 34.4651919901371 8.7411718815565091 15.484361618757246 9.4904151856899279
leaf_count=40 39 47 54 53 75 40 138 35 62 38
internal_value=-0.0647203 -0.0554021 -0.0729574 -0.0688933 -0.0772087 -0.0780163 -0.0701636 -0.0368926 -0.0896236 -0.0295169
internal_weight=155.093 71.9274 83.166 41.9576 31.9677 69.6796 44.2054 29.9697 25.4743 21.2286
internal_count=621 288 333 168 128 279 177 120 102 85
is_linear=0
shrinkage=1


Tree=1
num_leaves=8
num_cat=0
split_feature=20 38 17 38 16 5 28
split_gain=12.3532 14.4842 16.8883 13.0834 9.20683 4.4675 0.0469426
threshold=0.026071561471044169 0.011781624995962798 0.72626315749049664 0.010545528096877806 1.9604361421612857 0.0031006367588897192 9.5000000000000018
decision_type=2 2 2 2 2 2 2
left_child=1 2 4 -4 -1 -3 -7
right_child=-2 5 3 -5 -6 6 -8
leaf_value=0.00063433225378746526 0.030611164773652534 -0.0046210461818149426 -0.01862784522163043 0.017535250432143323 0.023115365679910883 -0.037901784881412798 -0.01578121068910715
leaf_weight=37.460246965289116 8.2434537857770902 11.731578961014749 41.69506573677063 9.2395248711109144 29.471865847706795 8.9887594878673571 8.2380966991186124
leaf_count=150 33 47 167 37 118 36 33
internal_value=-0.00112878 -0.00339902 0.00125688 -0.0113698 0.0111344 -0.0216909 -0.0308456
internal_weight=155.069 146.825 117.867 50.9346 66.9321 28.9584 17.2269
internal_count=621 588 472 204 268 116 69
is_linear=0
shrinkage=0.03


Tree=2
num_leaves=12
num_cat=0
split_feature=14 15 11 14 15 13 13 32 25 2 27
split_gain=12.9771 20.0772 19.6716 11.2014 9.58523 8.19748 5.87289 5.59277 4.42334 3.00689 1.78979
threshold=3.5839875297865551 -17.612858854976349 -0.035497863641637976 92.839426760111124 -23.787674338165072 -2.3628208550763072 -5.1365099929740365 0.0013631026910945201 0.48112535612535617 0.012088070899482274 1.5000000000000002
decision_type=2 2 2 2 2 2 2 2 2 2 2
left_child=1 2 7 5 -4 6 -2 -1 -7 10 -3
right_child=3 9 4 -5 -6 8 -8 -9 -10 -11 -12
leaf_value=0.033432200066302389 -0.01224204071630537 0.012638287175026292 -0.03325784937080295 0.013897575130031568 0.0029777199622167154 -0.026854497692664472 0.013890995974555554 0 -0.00091145198511139488 0.0058097596518837512 0.039042956917201888
leaf_weight=8.242412284016611 15.975937858223917 8.2457053065300041 16.966153055429462 13.489726752042769 8.4903889894485456 33.435775816440582 11.486020177602766 8.2379743009805662 8.735582083463667 7.9926897585391989 13.743883997201918
leaf_count=33 64 33 68 54 34 134 46 33 35 32 55
internal_value=-0.00109433 0.0080087 -0.00512631 -0.00914973 -0.0212895 -0.0140873 -0.000601722 0.0186307 -0.0221047 0.0260216 0.0316461
internal_weight=155.042 71.9192 41.9369 83.123 25.4565 69.6333 27.462 16.4804 42.1714 29.9823 21.9896
internal_count=621 288 168 333 102 279 110 66 169 120 88
is_linear=0
shrinkage=0.03


Tree=3
num_leaves=11
num_cat=0
split_feature=14 14 9 3 14 23 20 23 5 5
split_gain=12.3279 13.6587 17.0963 11.3809 10.6166 7.45456 8.18379 6.76282 4.57849 1.95434
threshold=3.5839875297865551 -42.524746792224498 -0.053808701990507378 0.0044821724155486029 92.839426760111124 1.1237044799845541 0.018387336016984699 0.98175847617554635 -0.01808937584998754 0.033062640822836727
decision_type=2 2 2 2 2 2 2 2 2 2
left_child=1 2 -1 8 5 6 -2 -5 -3 -7
right_child=4 3 -4 7 -6 9 -8 -9 -10 -11
leaf_value=0.012321106928680192 0.0015399836939052553 0.035550232980813237 -0.036323045003244049 -0.014010007008462203 0.013530894809503735 -0.040017000682731986 -0.022266992963603727 0.018504084741681831 0.0070142321049166201 -0.01250160733568716
leaf_weight=11.732377722859384 33.680351749062538 19.989247918128971 10.21138885617256 12.482641786336901 13.493766590952871 8.9779983907938021 17.955370590090752 7.4937890768051139 9.9932271838188154 8.972964793443678
leaf_count=47 135 80 41 50 54 36 72 30 40 36
internal_value=-0.00103183 0.00783817 -0.0108319 0.0164287 -0.00888854 -0.0137021 -0.0069804 -0.000556416 0.0275415 -0.029647
internal_weight=154.983 71.9027 21.9438 49.9589 83.0805 69.5867 51.6357 19.9764 29.9825 17.951
internal_count=621 288 88 200 333 279 207 80 120 72
is_linear=0
shrinkage=0.03


Tree=4
num_leaves=10
num_cat=0
split_feature=21 0 38 19 35 14 33 21 36
split_gain=14.6846 7.92086 6.44197 7.67821 6.26745 6.01063 5.97643 5.27774 3.53278
threshold=0.019177465179409745 0.000699976119086121 0.0093915332020327227 0.09024837721071538 0.053820913838778857 11.270428661930966 0.1832824362726386 0.013532458626294036 0.0075714583721388081
decision_type=2 2 2 2 2 2 2 2 2
left_child=1 2 6 -4 7 8 -1 -3 -2
right_child=5 4 3 -5 -6 -7 -8 -9 -10
leaf_value=0.026263108782690378 0.0084934227195517156 -0.02390556358590494 0.0024985168672251555 -0.027783422207913716 0.0051291279216670264 0 0.00060630790880531718 -0.0023529251620258967 0.041235741346218199
leaf_weight=11.490059912204741 7.9881801903247895 34.149980276823044 18.963619813323024 9.4716792255640012 11.973152682185171 11.229064762592314 24.207705423235893 17.202970281243324 8.2434450238943082
leaf_count=46 32 137 76 38 48 45 97 69 33
internal_value=-0.00100981 -0.00543695 0.00179693 -0.00825832 -0.0128233 0.0180038 0.0102176 -0.0173255 0.0286442
internal_weight=154.92 127.459 64.1331 28.4353 63.3261 27.4607 35.6978 51.353 16.2316
internal_count=621 511 257 114 254 110 143 206 65
is_linear=0
shrinkage=0.03


Tree=5
num_leaves=7
num_cat=0
split_feature=21 16 14 5 15 15
split_gain=12.4716 9.54328 8.80585 17.3804 8.3824 2.4184
threshold=0.018752165658725096 21.242491255394132 -44.472185843956588 -0.020499793520914574 16.826911994254974 -56.936460492914321
decision_type=2 2 2 2 2 2
left_child=1 2 5 -4 -2 -1
right_child=4 -3 3 -5 -6 -7
leaf_value=-0.0039525710523632893 0.03158316103283243 -0.031149255784189655 0.025415531948840924 -0.0032427661286461009 -0.0004417106901042906 -0.030513265938955772
leaf_weight=7.7251427322626114 16.231635913252834 7.7201571315526953 22.219844833016396 85.295323684811592 10.726311251521109 7.7005837559699994
leaf_count=31 65 31 89 342 43 31
internal_value=0.0012872 -0.00252319 -0.000135695 0.00289898 0.0191723 -0.0200529
internal_weight=157.619 130.661 122.941 107.515 26.9579 15.4257
internal_count=632 524 493 431 108 62
is_linear=0
shrinkage=0.03


Tree=6
num_leaves=11
num_cat=0
split_feature=21 17 27 20 9 9 14 13 32 2
split_gain=11.8202 10.8161 12.3248 10.2115 7.03214 15.613 6.80344 5.11224 3.8911 2.06991
threshold=0.018752165658725096 0.56258074733863517 1.5000000000000002 0.015429246276617096 -0.020173559094040127 0.012589278517886266 37.345247010651754 3.288886040602645 0.00021988249243665162 0.0080880322625371832
decision_type=2 2 2 2 2 2 2 2 2 2
left_child=1 2 3 -1 9 -6 8 -4 -2 -3
right_child=6 4 7 -5 5 -7 -8 -9 -10 -11
leaf_value=0.012009597969797709 0.040338269982120249 -0.010604273222670848 0.018369996014751287 -0.023903402221226871 0.018945592402472532 -0.017716586253144942 -0.00089385232551239828 -0.0054679785534257116 0.0076630506817174744 -0.039546816919007452
leaf_weight=9.2356537282466906 9.7368973493576103 7.9559488743543607 39.430569678544998 16.951793670654297 13.981725618243216 27.6245496571064 9.2308411896228773 7.9783607721328726 7.9890380054712287 7.4575249552726746
leaf_count=37 39 32 158 68 56 111 37 32 32 30
internal_value=0.00123293 -0.0024749 0.00493994 -0.0107522 -0.0121426 -0.00474846 0.0186469 0.0139958 0.0286421 -0.0284028
internal_weight=157.573 130.616 73.5964 26.1874 57.0197 41.6063 26.9568 47.4089 17.7259 15.4135
internal_count=632 524 295 105 229 167 108 190 71 62
is_linear=0
shrinkage=0.03


Tree=7
num_leaves=9
num_cat=0
split_feature=20 14 17 27 20 19 17 14
split_gain=11.3584 10.8311 10.2212 10.0418 6.55351 4.54744 1.5635 1.52348
threshold=0.021406188987520471 27.65620669460532 3.7697487739524491 1.5000000000000002 0.018387336016984699 0.069909954294316082 4.813564559827344 -46.460922434818706
decision_type=2 2 2 2 2 2 2 2
left_child=2 7 3 4 -1 -5 -4 -2
right_child=1 -3 6 5 -6 -7 -8 -9
leaf_value=-0.0018342080914841719 0.010748337359850113 -0.0063423363615488764 -0.031991891861451231 0 -0.0274537501442867 0.015222303078286786 -0.0091382097669908749 0.036292440011481179
leaf_weight=31.409770011901855 7.4704043418169048 9.9655861109495145 8.199115529656412 30.666563332080841 11.689961001276968 35.428729176521301 10.196952208876608 12.475582361221315
leaf_count=126 30 40 33 123 47 142 41 50
internal_value=0.00119033 0.0172745 -0.00267299 0.000821548 -0.0100249 0.00820135 -0.0221978 0.0292603
internal_weight=157.503 29.9116 127.591 109.195 43.0997 66.0953 18.3961 19.946
internal_count=632 120 512 438 173 265 74 80
is_linear=0
shrinkage=0.03


Tree=8
num_leaves=11
num_cat=0
split_feature=17 38 15 23 22 27 25 37 37 28
split_gain=9.67278 13.0762 12.3636 8.44974 7.15784 5.80029 5.96162 4.07888 4.03974 3.80949
threshold=0.22479986809614874 0.010753067047243599 16.826911994254974 0.75538021448993609 0.39964619758580427 1.5000000000000002 0.085230024213075073 0.029831807943131897 0.0015880114896279498 4.5000000000000009
decision_type=2 2 2 2 2 2 2 2 2 2
left_child=3 4 9 -1 8 7 -7 -5 -2 -3
right_child=1 2 -4 5 -6 6 -8 -9 -10 -11
leaf_value=-0.01461171568154091 -0.0007704130518990009 0.0026748597564411596 -0.018769909402489154 -0.0089640895205260317 0.006859876201457317 0.039247222686170272 0.011227481610096644 0.012864370494475976 -0.027442063314878782 0.029903117134023983
leaf_weight=10.477783247828482 7.7172945737838736 9.4406223297119194 8.6958062499761564 15.437709763646128 7.4720382243394843 8.485868036746977 37.684243276715279 11.720971792936323 28.099576219916344 12.221774786710737
leaf_count=42 31 38 35 62 30 34 151 47 113 49
internal_value=0.0011388 -0.0065883 0.00788419 0.00809929 -0.0169689 0.0118453 0.0181045 0.000178282 -0.0224366 0.0198998
internal_weight=157.454 73.6471 30.3582 83.8066 43.2889 73.3288 46.1701 27.1587 35.8169 21.6624
internal_count=632 296 122 336 174 294 185 109 144 87
is_linear=0
shrinkage=0.03


Tree=9
num_leaves=10
num_cat=0
split_feature=21 17 20 27 19 15 15 15 3
split_gain=10.8042 9.48724 11.0147 10.0893 8.52847 7.35428 7.25648 12.1484 1.6311
threshold=0.018752165658725096 0.56258074733863517 0.015086591891562988 1.5000000000000002 0.048112523469578998 16.826911994254974 -14.708134864025519 -2.8077507854048553 0.014614267338560751
decision_type=2 2 2 2 2 2 2 2 2
left_child=1 2 4 -4 -1 8 -3 -8 -2
right_child=5 6 3 -5 -6 -7 7 -9 -10
leaf_value=-0.0030062280673406297 0.039014565172458514 -0.025718213569180286 -0.020206795451483371 0.0064038197606423909 0.033042485964217209 -0.00049490569040355759 0.0201549853830701 -0.01433401108923307 0.011520316312500604
leaf_weight=7.4829074442386654 8.4694196134805733 19.097422406077385 17.914417564868927 33.195143669843674 14.985431492328642 10.723570749163626 11.473489254713057 26.317830085754395 7.7312994897365561
leaf_count=30 34 77 72 133 60 43 46 106 31
internal_value=0.00111702 -0.00242497 0.00450806 -0.00305074 0.0211593 0.0177799 -0.0114952 -0.0029994 0.0294256
internal_weight=157.391 130.467 73.5779 51.1096 22.4683 26.9243 56.8887 37.7913 16.2007
internal_count=632 524 295 205 90 108 229 152 65
is_linear=0
shrinkage=0.03


Tree=10
num_leaves=9
num_cat=0
split_feature=17 21 11 20 21 28 28 35
split_gain=10.9841 9.62751 9.29319 9.85599 11.1366 7.15244 4.94404 7.35786
threshold=1.3547077778821077 0.021928226812387572 -0.028040873904085935 0.015086591891562988 0.011114787043136882 9.5000000000000018 2.5000000000000004 0.053387747164957096
decision_type=2 2 2 2 2 2 2 2
left_child=2 6 -1 4 -4 -5 -2 -8
right_child=1 -3 3 5 -6 -7 7 -9
leaf_value=0.029270200795079727 0.0013420647257729934 0.016199118914650083 0 -0.011647973764429709 0.040161942218158608 0.0092705436569229006 -0.026439171213414117 0.003990016606528618
leaf_weight=11.471135646104811 10.454617276787756 8.2183177471160871 15.205388233065607 39.859194681048393 9.2357725203037244 20.182285845279694 31.206502959132195 7.4672482162713996
leaf_count=46 42 33 61 160 37 81 126 30
internal_value=-5.00485e-05 -0.010328 0.00602491 0.00209129 0.0175027 -0.00430249 -0.015519 -0.0202877
internal_weight=153.3 57.3467 95.9538 84.4826 24.4412 60.0415 49.1284 38.6738
internal_count=616 231 385 339 98 241 198 156
is_linear=0
shrinkage=0.03


Tree=11
num_leaves=9
num_cat=0
split_feature=17 38 21 11 35 23 32 14
split_gain=10.3846 10.3022 10.0545 8.81036 7.02012 9.142 4.82719 3.23493
threshold=1.3547077778821077 0.010545528096877806 0.014655048083171985 -0.028040873904085935 -0.0028213129801106236 1.0852784829555195 0.0010089800137460527 27.65620669460532
decision_type=2 2 2 2 2 2 2 2
left_child=3 6 -3 -1 7 -6 -2 -5
right_child=1 2 -4 4 5 -7 -8 -9
leaf_value=0.028538866132344572 -0.0022352035031349329 -0.012876256383652702 0.022412037887642341 -0.0007035272653943981 0.014417039212022425 -0.010966430415245443 -0.028466046517387253 -0.023307409562126888
leaf_weight=11.463498160243033 10.912213400006292 12.882110163569452 11.930862441658972 15.202681303024294 45.111442029476166 15.191232219338415 21.545630529522896 8.9635956436395627
leaf_count=46 44 52 48 61 181 61 87 36
internal_value=-7.99487e-06 -0.0100137 0.00393814 0.00589466 0.00205907 0.007635 -0.0207242 -0.0108015
internal_weight=153.203 57.2708 24.813 95.9324 84.469 60.3027 32.4578 24.1663
internal_count=616 231 100 385 339 242 131 97
is_linear=0
shrinkage=0.03


Tree=12
num_leaves=12
num_cat=0
split_feature=17 38 21 20 14 21 21 28 20 28 3
split_gain=9.8117 9.77863 9.54947 6.67711 12.8202 10.0479 5.93727 4.58452 2.96501 2.87036 0.273764
threshold=1.3547077778821077 0.010545528096877806 0.014655048083171985 0.015086591891562988 5.0091179446881151 0.011114787043136882 0.011958537582061019 6.5000000000000009 0.021233242169317556 2.5000000000000004 0.0078345560811640142
decision_type=2 2 2 2 2 2 2 2 2 2 2
left_child=3 9 -3 5 6 7 -5 -1 -6 -2 -11
right_child=1 2 -4 4 8 -7 -8 -9 -10 10 -12
leaf_value=0.01519164261186701 -0.002600598313728027 -0.012553833539196329 0.021840192437366443 -0.0021183260725930299 -0.014496364135703115 0.038208419753803562 0.024079244847207387 -0.013300988046065715 0.0034787624487576788 -0.011861383944541878 -0.029939360936380589
leaf_weight=8.7259571403265053 8.7051092088222486 12.868154317140581 11.928350269794462 10.209415078163149 31.131769761443138 10.473756179213522 19.420427516102791 7.4787251204252234 8.4725532680749875 8.6217235326766986 15.073721230030058
leaf_count=35 35 52 48 41 125 42 78 30 34 35 61
internal_value=-1.88401e-05 -0.00975486 0.00382682 0.00571465 0.000436104 0.0179044 0.0150151 0.00120126 -0.010308 -0.0202033 -0.0253806
internal_weight=153.11 57.1971 24.7965 95.9126 69.2342 26.6784 29.6298 16.2047 39.6043 32.4006 23.6954
internal_count=616 231 100 385 278 107 119 65 159 131 96
is_linear=0
shrinkage=0.03


Tree=13
num_leaves=10
num_cat=0
split_feature=17 38 16 7 8 28 19 32 32
split_gain=9.34354 9.31216 5.76241 7.24133 10.2375 8.02204 4.74816 4.56825 2.29816
threshold=1.3547077778821077 0.010545528096877806 19.98617533870733 -0.0064692430787304999 -0.02330453727099006 5.5000000000000009 0.06768020654182548 0.0010089800137460527 0.0033445026485467992
decision_type=2 2 2 2 2 2 2 2 2
left_child=2 7 3 4 -1 -5 -3 -2 -8
right_child=1 6 -4 5 -6 -7 8 -9 -10
leaf_value=0.012362566086626196 -0.0017994896087299411 -0.013314156697440278 -0.015509335244497892 0.031066132319200218 -0.015236167115642935 0.004295164508562134 0.022542654991680126 -0.027277811715229618 0.00011123886275532014
leaf_weight=23.892988428473469 10.896317258477209 7.4172744303941753 8.2196374684572202 17.688759997487068 20.65252193808556 25.403217703104019 7.9227918982505825 21.445209890604019 9.4365572035312635
leaf_count=96 44 30 33 71 83 102 32 87 38
internal_value=-1.51268e-05 -0.0095261 0.00557774 0.00802478 -0.00021557 0.0165075 0.00371874 -0.0197353 0.012395
internal_weight=152.975 57.1182 95.8571 87.6375 44.5455 43.092 24.7766 32.3415 17.3593
internal_count=616 231 385 352 179 173 100 131 70
is_linear=0
shrinkage=0.03


Tree=14
num_leaves=8
num_cat=0
split_feature=21 32 35 11 18 26 33
split_gain=8.16359 7.93184 6.86833 8.55809 7.33711 5.35872 2.76113
threshold=0.019177465179409745 0.0015047490256447917 -0.01710574525377306 -0.023794500953589145 0.95968121411404439 0.57359307359307377 0.20762867985704289
decision_type=2 2 2 2 2 2 2
left_child=2 -2 3 -1 5 -4 -5
right_child=1 -3 4 6 -6 -7 -8
leaf_value=0.0079751646033361049 0.029135162777762104 -0.0019338384893684026 0.0056873801259388424 -0.0059044301974173173 -0.024712262732121442 -0.016681119267376247 -0.033335109302146324
leaf_weight=7.9446487426757839 13.375841096043589 12.189124330878256 82.754918172955513 7.4379675090312984 7.3802579194307318 8.6868427842855436 13.092053681612013
leaf_count=32 54 49 333 30 30 35 53
internal_value=-1.30127e-05 0.0147121 -0.00326809 -0.0157347 0.000416155 0.00309032 -0.0254692
internal_weight=152.862 25.565 127.297 28.4747 98.822 91.4418 20.53
internal_count=616 103 513 115 398 368 83
is_linear=0
shrinkage=0.03


Tree=15
num_leaves=6
num_cat=0
split_feature=20 38 18 38 32
split_gain=10.2264 12.8953 11.3889 11.9146 7.59309
threshold=0.024163345687745884 0.012340039732340711 0.076344284260758663 0.011218213690268248 -0.00091662694721550409
decision_type=2 2 2 2 2
left_child=1 2 -1 -4 -3
right_child=-2 4 3 -5 -6
leaf_value=0.030476696485172428 0.024201973908427654 0.00057562125080989511 -0.0052049316075357859 0.021280742694748649 -0.032072022361244956
leaf_weight=9.4596954435110074 12.639434933662413 8.4603112936019915 93.302883118391037 16.154629364609718 16.080739378929138
leaf_count=38 51 34 376 65 65
internal_value=0.000221326 -0.00209209 0.00198113 -0.00084966 -0.0210566
internal_weight=156.098 143.458 118.917 109.458 24.5411
internal_count=629 578 479 441 99
is_linear=0
shrinkage=0.03


Tree=16
num_leaves=9
num_cat=0
split_feature=21 3 14 23 22 16 38 28
split_gain=13.6238 10.9229 8.64998 4.74129 4.27257 3.2938 1.49774 1.02757
threshold=0.018752165658725096 0.01684460944123856 -42.524746792224498 0.75259924440410131 0.047316097040101097 11.291583408081399 0.011674526701366849 7.5000000000000009
decision_type=2 2 2 2 2 2 2 2
left_child=1 2 -1 -4 6 7 -2 -3
right_child=4 5 3 -5 -6 -7 -8 -9
leaf_value=-0.021098678892048459 0.03581758633065707 0 -0.011823438178614169 0.0073910849297426987 0.00034978258049033617 -0.02839706702044446 0.010198583177439352 -0.012962182391353994
leaf_weight=11.548760071396826 9.4116872996091896 7.6751033812761325 11.195965602993963 76.593146249651909 8.9333833009004575 15.052772000432013 7.6756701022386542 7.9206108152866364
leaf_count=47 38 31 45 308 36 61 31 32
internal_value=0.000232479 -0.00370878 0.00107567 0.00456477 0.0193157 -0.0187915 0.0273698 -0.00649394
internal_weight=156.007 129.986 99.3379 87.7891 26.0207 30.6485 17.0874 15.5957
internal_count=629 524 400 353 105 124 69 63
is_linear=0
shrinkage=0.03


Tree=17
num_leaves=11
num_cat=0
split_feature=1 18 12 34 34 38 36 6 34 28
split_gain=9.55169 5.89064 6.03637 5.10324 8.08223 7.94252 6.17676 5.28747 4.24068 0.251423
threshold=-0.0033567986349771202 0.083978314345597882 40.201745509739446 0.0090423461855321258 -0.0035264739107390693 0.012219201481637005 0.0048398832094958813 0.0012304133422270291 0.014185318891205558 7.5000000000000009
decision_type=2 2 2 2 2 2 2 2 2 2
left_child=1 -1 -3 4 7 6 -5 -2 -4 -6
right_child=3 2 8 5 9 -7 -8 -9 -10 -11
leaf_value=0.02760000328347861 -0.021202539595986353 -0.016137918553065365 0.017578169467184993 -0.0058774076502752966 -0.034950509997829143 -0.021421665204875578 0.016496349408148436 0.0042927773305508274 -0.0014541996018101748 -0.013213526017073277
leaf_weight=11.424066379666327 7.9346543699502936 8.1994176805019361 21.889166608452797 16.573456063866615 8.6299200654029864 8.8727423548698408 24.270690307021141 24.477176934480667 15.944031178951262 7.7002841085195533
leaf_count=46 32 33 88 67 35 36 98 99 64 31
internal_value=0.000217582 0.00983473 0.00414794 -0.00532935 -0.0120546 0.00118519 0.00721701 -0.0023823 0.0095105 -0.0280791
internal_weight=155.916 57.4567 46.0326 98.4589 48.742 49.7169 40.8441 32.4118 37.8332 16.3302
internal_count=629 231 185 398 197 201 165 131 152 66
is_linear=0
shrinkage=0.03


Tree=18
num_leaves=7
num_cat=0
split_feature=20 1 20 5 18 33
split_gain=9.45698 11.0568 5.35537 5.50758 5.05892 6.11354
threshold=0.024163345687745884 -0.0033567986349771202 0.013824080824355579 0.0013559582712626697 0.083978314345597882 0.46676706827309239
decision_type=2 2 2 2 2 2
left_child=1 4 -3 -4 -1 -6
right_child=-2 2 3 -5 5 -7
leaf_value=0.025271796503992243 0.023275272128444734 0.0074894215556025236 -0.0011750149859121163 -0.018109136920983027 -0.0080185355521632043 0.013483596989112114
leaf_weight=10.665204480290411 12.604645133018492 13.406724467873572 30.866470694541931 45.254737988114357 20.634333476424217 22.405819728970528
leaf_count=43 51 54 125 183 83 90
internal_value=0.000181261 -0.00204028 -0.00851078 -0.0116404 0.00839518 0.00294369
internal_weight=155.838 143.233 89.5279 76.1212 53.7054 43.0402
internal_count=629 578 362 308 216 173
is_linear=0
shrinkage=0.03


Tree=19
num_leaves=9
num_cat=0
split_feature=20 1 34 16 17 34 27 1
split_gain=8.97285 10.4627 8.02689 8.03895 6.25973 4.01526 5.86074 5.38447
threshold=0.024163345687745884 -0.0033567986349771202 0.0090423461855321258 -14.032157979638018 3.7697487739524491 0.014185318891205558 1.5000000000000002 -0.013572423891118011
decision_type=2 2 2 2 2 2 2 2
left_child=1 5 3 -3 -4 6 -1 -7
right_child=-2 2 4 -5 -6 7 -8 -9
leaf_value=-0.0017646607764644825 0.022705246792512478 0.0077068482868756418 0.0068904504206160361 -0.023552808358702427 -0.0161129225188066 -0.016780753541423082 0.022523334055914068 0.011972253349358869
leaf_weight=11.921740263700483 12.583977669477461 7.4300202429294577 34.727297842502594 34.329022943973541 12.983118548989294 9.6974899023771304 22.599051147699356 9.4668432772159559
leaf_count=48 51 30 140 139 53 39 91 38
internal_value=0.000191967 -0.0019693 -0.00826865 -0.0175501 0 0.00817951 0.0140875 -0.00207938
internal_weight=155.739 143.155 89.4695 41.759 47.7104 53.6851 34.5208 19.1643
internal_count=629 578 362 169 193 216 139 77
is_linear=0
shrinkage=0.03


Tree=20
num_leaves=8
num_cat=0
split_feature=21 20 37 19 33 20 0
split_gain=11.0412 11.0022 10.3119 8.4103 12.3455 7.62589 3.88269
threshold=0.011308998678820717 0.012132740836512121 0.069533905726905224 0.13917427323411311 0.66445502319751981 0.016285946863060962 -0.0063922096610253267
decision_type=2 2 2 2 2 2 2
left_child=1 -1 3 4 -2 6 -3
right_child=2 5 -4 -5 -6 -7 -8
leaf_value=0.015688327230875411 0.012070766968633498 -0.0042041512876771709 -0.023000572192135169 0.027989900150056628 -0.010851562543963928 0.0023735741961979722 -0.032003053563809648
leaf_weight=8.2199391871690732 55.218748435378075 7.9740139693021765 8.912242725491522 13.591030374169348 31.149981930851936 9.9323750436305982 22.651388138532642
leaf_count=33 223 32 36 55 126 40 92
internal_value=-0.000694315 -0.0123518 0.00452187 0.00752588 0.0035753 -0.0188574 -0.0259262
internal_weight=157.65 48.7777 108.872 99.9598 86.3687 40.5578 30.6254
internal_count=637 197 440 404 349 164 124
is_linear=0
shrinkage=0.03


Tree=21
num_leaves=8
num_cat=0
split_feature=21 20 37 19 8 20 18
split_gain=10.4172 10.4649 9.80931 8.0007 10.4194 7.26458 1.02065
threshold=0.011308998678820717 0.012132740836512121 0.069533905726905224 0.13917427323411311 0.013044679819481899 0.016285946863060962 0.20494038883781032
decision_type=2 2 2 2 2 2 2
left_child=1 -1 3 4 -2 6 -3
right_child=2 5 -4 -5 -6 -7 -8
leaf_value=0.01530649422979 0.010600438571543311 -0.009144080345775258 -0.022466018565007316 0.027297954352944364 -0.011046679616252822 0.0023142019038670403 -0.029140191880368236
leaf_weight=8.2220982909202558 58.943574368953705 7.9412421882152584 8.8983654826879484 13.568497613072394 27.415517717599869 9.9328833371400815 22.613031968474388
leaf_count=33 238 32 36 55 111 40 92
internal_value=-0.000675853 -0.0120107 0.00438733 0.00731964 0.0034641 -0.0183707 -0.0252849
internal_weight=157.535 48.7093 108.826 99.9276 86.3591 40.4872 30.5543
internal_count=637 197 440 404 349 164 124
is_linear=0
shrinkage=0.03


Tree=22
num_leaves=8
num_cat=0
split_feature=38 4 10 26 38 28 36
split_gain=9.90232 7.58557 7.98941 7.87578 8.83836 6.94438 5.43619
threshold=0.0071330589641799775 0.036909214243152973 0.037026273442850484 0.067848922368696399 0.011248583763073984 5.5000000000000009 0.0062061676916427113
decision_type=2 2 2 2 2 2 2
left_child=5 3 -3 6 -5 -1 -2
right_child=1 2 -4 4 -6 -7 -8
leaf_value=-0.00010473358478370642 0.030244448212436985 -0.025083680421859565 0.0075903550051103835 -0.0053914604469113133 0.014991009707986927 -0.030040360794028449 0.00025950064841882218
leaf_weight=14.397929713129999 15.653639912605287 13.99580839276314 9.416377514600752 53.909776628017426 26.89670592546463 13.72838309407234 9.4042625576257688
leaf_count=58 63 57 38 218 109 56 38
internal_value=-0.000659609 0.00281132 -0.0117888 0.00633795 0.00140998 -0.0162384 0.0203964
internal_weight=157.403 129.277 23.4122 105.864 80.8065 28.1263 25.0579
internal_count=637 523 95 428 327 114 101
is_linear=0
shrinkage=0.03


Tree=23
num_leaves=9
num_cat=0
split_feature=21 18 14 36 5 15 32 36
split_gain=9.63366 8.17362 9.8321 9.14301 8.36494 6.15917 2.23076 2.06634
threshold=0.019177465179409745 0.70851028684317141 -46.460922434818706 0.0068240004911848404 0.077671811271257898 -59.02392216099696 0.00021988249243665162 0.00425239173106401
decision_type=2 2 2 2 2 2 2 2
left_child=1 2 5 -4 7 -1 -2 -3
right_child=6 4 3 -5 -6 -7 -8 -9
leaf_value=0 0.024998616482783731 -0.0044187715603398441 0.01302974698227438 -0.0082418277719391985 0.007423699773136682 -0.033379846077890088 0.0047044253307517358 -0.026475050291877845
leaf_weight=7.6552374213933971 11.266607448458673 7.6254169791936901 50.413985848426819 25.301622629165649 9.6112149059772474 8.7201019674539548 13.095779210329054 23.620810702443123
leaf_count=31 46 31 203 102 39 36 53 96
internal_value=-0.000640396 -0.00396215 0.000902965 0.00569931 -0.0148083 -0.0186644 0.0158432 -0.0221332
internal_weight=157.311 132.948 92.0909 75.7156 40.8574 16.3753 24.3624 31.2462
internal_count=637 538 372 305 166 67 99 127
is_linear=0
shrinkage=0.03


Tree=24
num_leaves=8
num_cat=0
split_feature=2 35 20 28 20 20 34
split_gain=7.70277 7.5291 10.334 8.48705 5.91806 6.67673 0.642956
threshold=-0.02692870542521136 0.0058687069025036296 0.024670144129743481 2.5000000000000004 0.020499256158247825 0.013824080824355579 -0.0035264739107390693
decision_type=2 2 2 2 2 2 2
left_child=6 2 3 -2 5 -3 -1
right_child=1 4 -4 -5 -6 -7 -8
leaf_value=0.024526135697230434 0.00023880532935825489 0.01787620954493566 0.015618195619023041 -0.027233362919769851 0.018454354132568213 -0.0051863433927676695 0.0060418246346209447
leaf_weight=7.8928131312131882 13.615798860788344 11.423217594623564 7.8362085819244376 27.975204885005951 14.327971294522284 66.68947471678257 7.411646366119383
leaf_count=32 55 46 32 114 58 270 30
internal_value=-0.000624766 -0.0029815 -0.0122303 -0.0182973 0.00195923 -0.00126436 0.0181743
internal_weight=157.172 141.868 49.4272 41.591 92.4407 78.1127 15.3045
internal_count=637 575 201 169 374 316 62
is_linear=0
shrinkage=0.03


Tree=25
num_leaves=13
num_cat=0
split_feature=14 15 11 15 38 6 11 14 14 36 37 6
split_gain=11.5154 15.6697 17.2297 9.19252 11.0014 7.77326 7.50163 7.10037 7.02765 6.13998 1.8227 0.843775
threshold=7.2791578162759842 -17.612858854976349 -0.035497863641637976 54.350490189900604 0.009159274110721068 0.0049445419406506886 0.00966379925081229 34.431921218564419 -46.460922434818706 0.0041609464682373616 0.015492932593159538 0.0017862238120815806
decision_type=2 2 2 2 2 2 2 2 2 2 2 2
left_child=1 2 5 7 -5 -1 10 9 -4 -2 -3 -9
right_child=3 6 8 4 -6 -7 -8 11 -10 -11 -12 -13
leaf_value=0.032292870566328319 -0.028521870476577876 0.038758426999992851 -0.036860903499803796 0.028296808267981147 -0.010844654135744907 -0.0034928702702970867 0.00020706291058094533 -0.01380889769391422 -0.0045528952024347031 -0.00013149461658265983 0.014035857219988689 -0.038435422680247765
leaf_weight=9.3487942069768923 7.3756880760192862 12.621134489774706 11.124319896101953 9.1934908777475375 12.905405163764952 8.5696365386247617 12.332077354192732 7.9349137693643597 14.781178548932074 29.702302396297455 10.630475372076033 10.222258538007734
leaf_count=38 30 51 46 37 52 35 50 32 60 120 43 42
internal_value=-0.00149371 0.00634251 -0.00535987 -0.00968616 0.00581338 0.0157927 0.0206722 -0.0161359 -0.0206116 -0.00733356 0.0300564 -0.0308554
internal_weight=156.742 79.4076 43.8239 77.3341 22.0989 17.9184 35.5837 55.2352 25.9055 37.078 23.2516 18.1572
internal_count=636 323 179 313 89 73 144 224 106 150 94 74
is_linear=0
shrinkage=0.03


Tree=26
num_leaves=11
num_cat=0
split_feature=21 6 20 21 25 20 9 21 26 23
split_gain=11.2692 7.90366 7.6949 7.07435 6.58057 6.46026 5.44547 4.58589 2.10232 2.10151
threshold=0.019177465179409745 0.00043764269557968941 0.017112499202926495 0.011527061647138228 0.29449472096530926 0.015247028750642789 -0.0037883642271113824 0.01444536600112062 0.13014029995162071 0.87045385886941873
decision_type=2 2 2 2 2 2 2 2 2 2
left_child=1 2 3 -1 7 -6 -4 -3 -2 -10
right_child=8 4 6 -5 5 -7 -8 -9 9 -11
leaf_value=0.000241086525028884 0.0019499120560638079 -0.02420941899482805 0.0038722654820102886 0.028896196914702098 0.018001329636650867 -0.011096619157634494 -0.018972517164032143 0 0.0054551194609074012 0.031526179140707572
leaf_weight=20.057034149765972 9.0843563526868838 32.690398499369621 16.32378751039505 11.911190301179884 9.1200884729623812 15.954229444265364 16.377419054508209 9.1099179238080961 7.3706355541944495 8.5270981043577176
leaf_count=81 37 134 66 48 37 65 66 37 30 35
internal_value=-0.00146559 -0.00510651 0.00216871 0.0124322 -0.0122183 0 -0.00757067 -0.0192345 0.0161074 0.0222373
internal_weight=156.526 131.544 64.6694 31.9682 66.8746 25.0743 32.7012 41.8003 24.9821 15.8977
internal_count=636 534 261 129 273 102 132 171 102 65
is_linear=0
shrinkage=0.03


Tree=27
num_leaves=12
num_cat=0
split_feature=14 14 11 6 11 19 16 10 16 21 11
split_gain=10.8328 12.7292 14.0897 11.7121 8.39115 7.72741 6.10379 5.90648 6.97712 3.34714 1.83648
threshold=7.2791578162759842 -46.460922434818706 -0.035497863641637976 0.0016581326561111176 0.032671933237855229 0.071451827870824922 -5.2807003996815363 0.017369366174516346 1.5254832292602816 0.018752165658725096 0.0083962122584935201
decision_type=2 2 2 2 2 2 2 2 2 2 2
left_child=1 2 -1 10 7 -5 -6 8 -2 -9 -3
right_child=4 3 -4 5 6 -7 -8 9 -10 -11 -12
leaf_value=0.010952856589250187 -0.018816487512568196 0.031914890774067166 -0.032853942154691368 -0.014832165386768412 -0.0089149427260834715 0.014210574501427504 0.021339084510636975 -0.032977566765472796 0.0069892012767696953 -0.0050828243110089344 0.008259341871584126
leaf_weight=10.756574988365175 16.272545039653778 20.248221829533581 11.539755240082739 13.986617580056192 9.3944538235664385 15.023441612720488 10.151244655251501 16.851783841848377 16.81772355735302 7.6612520515918723 7.6339652240276328
leaf_count=44 66 82 48 57 38 61 41 69 68 31 31
internal_value=-0.00139624 0.0062115 -0.0119406 0.013744 -0.00935427 0 0.00662385 -0.0150679 -0.00562276 -0.0258662 0.0269264
internal_weight=156.338 79.1886 22.2963 56.8922 77.149 29.0101 19.5457 57.6033 33.0903 24.513 27.8822
internal_count=636 323 92 231 313 118 79 234 134 100 113
is_linear=0
shrinkage=0.03


Tree=28
num_leaves=11
num_cat=0
split_feature=21 12 20 14 14 24 14 11 20 17
split_gain=10.436 7.79843 11.8873 10.0089 9.64312 6.58686 4.30926 4.02686 0.479737 0.0732055
threshold=0.019177465179409745 59.80657038229004 0.015086591891562988 -44.472185843956588 3.5839875297865551 0.27596153846153854 11.270428661930966 -0.025948078315067288 0.018281546577325506 3.7147757991260693
decision_type=2 2 2 2 2 2 2 2 2 2
left_child=1 3 5 7 -5 -3 9 -1 -4 -2
right_child=6 2 8 4 -6 -7 -8 -9 -10 -11
leaf_value=-0.0018060259145128322 0.031621703369735424 0.01834745929969377 -0.017160655946443681 0.01525093661155803 -0.0054859854940354311 -0.015475251284704505 0 -0.03291398884686407 -0.037857454712374776 0.011622463584594123
leaf_weight=8.1053576618433016 7.2113692015409487 9.3915847539901751 12.709862738847734 37.345592275261879 38.500113472342491 7.3013767153024665 10.412511289119719 8.0687173604965192 9.7550950199365598 7.2880687117576599
leaf_count=33 30 38 52 151 156 30 42 34 40 30
internal_value=-0.00136149 -0.0048744 -0.0157293 0 0.00466145 0.00267831 0.0155665 -0.0200644 -0.0291212 0.0251057
internal_weight=156.09 131.178 39.1579 92.0198 75.8457 16.693 24.9119 16.1741 22.465 14.4994
internal_count=636 534 160 374 307 68 102 67 92 60
is_linear=0
shrinkage=0.03


Tree=29
num_leaves=13
num_cat=0
split_feature=14 15 11 20 13 6 11 14 11 0 7 2
split_gain=9.75934 14.3922 15.6751 8.4297 9.10928 7.1766 7.07632 5.83059 5.57151 4.01092 4.15377 2.14977
threshold=7.2791578162759842 -17.612858854976349 -0.035497863641637976 0.015514471753375265 -2.9031838779395183 0.0049445419406506886 0.00966379925081229 -49.390190855615394 0.02779399717996112 -0.015314430902322427 0.0094051017496001449 0.010952023988005989
decision_type=2 2 2 2 2 2 2 2 2 2 2 2
left_child=1 2 5 4 -2 -1 11 -4 -6 -5 -11 -3
right_child=3 6 7 9 8 -7 -8 -9 -10 10 -12 -13
leaf_value=0.030791889597773219 0.02715798704551043 0.035599135429001068 -0.036159435117848568 0.0023643595196822351 -0.02109575675141161 -0.0036093845290506152 0 -0.005900349952542505 0.0095592202094677958 -0.027639274472991963 -0.0072035921204663929 0.0095529416872253119
leaf_weight=9.2744964957237261 8.4159505516290682 15.246526852250101 9.9907611012458819 7.4581031352281562 9.7629891633987445 8.5331056118011457 12.295889928936957 15.688275828957556 7.3724274784326544 23.407395258545876 20.529172912240028 7.8809860795736304
leaf_count=38 34 62 42 30 40 35 50 64 30 95 84 32
internal_value=-0.00133768 0.00589159 -0.00535984 -0.00890292 0.00451231 0.0148501 0.0196532 -0.0199771 -0.00750211 -0.0157726 -0.0191467 0.0287873
internal_weight=155.856 78.91 43.4866 76.946 25.5514 17.8076 35.4234 25.679 17.1354 51.3947 43.9366 23.1275
internal_count=636 323 179 313 104 73 144 106 70 209 179 94
is_linear=0
shrinkage=0.03


Tree=30
num_leaves=10
num_cat=0
split_feature=20 36 3 5 16 5 20 34 25
split_gain=8.33948 8.04331 7.63054 9.78621 6.98897 9.28235 6.34211 5.58204 3.94387
threshold=0.020611776940075394 0.005155580732846987 0.0086636322376819636 0.077671811271257898 1.9604361421612857 -0.015297535127188731 0.023900542500272907 0.0069064853411130453 0.10741758241758244
decision_type=2 2 2 2 2 2 2 2 2
left_child=2 -2 4 8 5 -1 -3 -6 -4
right_child=1 6 3 -5 7 -7 -8 -9 -10
leaf_value=0.0055624125978006988 0.032546124952124111 -0.011986381313802948 -0.0036781047253677847 0.011142434464760384 -0.00021432430158481187 -0.019674017344512195 0.014847249653245138 0.026714772243453276 -0.028707307401711565
leaf_weight=26.193589672446251 8.8669088184833509 13.432304039597513 9.9758702963590604 8.0594924837350828 12.094755515456201 21.943817958235741 14.063215807080267 11.360996469855307 23.825960010290146
leaf_count=107 36 55 41 33 49 89 58 46 98
internal_value=-0.00139308 0.0106144 -0.00548863 -0.0153519 0.0003352 -0.00596853 0.00130586 0.0133139 -0.0223576
internal_weight=149.817 36.3624 113.454 41.8613 71.5932 48.1374 27.4955 23.4558 33.8018
internal_count=612 149 463 172 291 196 113 95 139
is_linear=0
shrinkage=0.03


Tree=31
num_leaves=12
num_cat=0
split_feature=21 23 17 23 17 3 9 36 40 5 40
split_gain=8.65228 10.6777 8.41138 10.0737 6.29421 4.98136 4.89965 4.24921 4.03025 2.91441 2.22916
threshold=0.014092971601162 0.95655340018978696 0.16337662501461561 1.1237044799845541 -2.9477847296599999 0.011552275351471188 0.014824763564726458 0.00452127651180798 0.070179491606521274 -0.012901952847321539 -0.034203462103364661
decision_type=2 2 2 2 2 2 2 2 2 2 2
left_child=2 4 3 6 -2 -6 -1 -4 10 -9 -3
right_child=1 8 7 -5 5 -7 -8 9 -10 -11 -12
leaf_value=0.00026748619159406493 -0.021723711798794312 0.0080985127497335205 0 -0.020062110767184674 0.018915118062108383 -0.005945736178459643 0.023606715978289727 -0.0067767508091315532 0 -0.029384266953332447 0.03557382679129107
leaf_weight=22.232079774141312 9.8914373666048032 7.1647790819406572 11.401474282145498 12.080998748540877 10.233598262071611 14.938649177551268 12.13176469504833 11.390848919749262 7.3276763856410971 19.116923645138741 11.720274731516836
leaf_count=90 40 30 47 49 42 61 49 47 30 79 48
internal_value=-0.00133973 0.00706699 -0.00736345 0.00118881 -0.00344377 0.00425755 0.00976482 -0.0168053 0.0209059 -0.0223409 0.027642
internal_weight=149.631 61.2764 88.3541 46.4448 35.0637 25.1722 34.3638 41.9092 26.2127 30.5078 18.8851
internal_count=612 251 361 188 143 103 139 173 108 126 78
is_linear=0
shrinkage=0.03


Tree=32
num_leaves=11
num_cat=0
split_feature=21 23 2 23 19 20 21 35 35 33
split_gain=8.22642 10.1814 10.0672 8.36391 6.21574 6.63876 4.77544 3.6266 2.67885 1.15952
threshold=0.014092971601162 0.95655340018978696 0.0088963877976215872 1.2082263286165082 0.093521744938130771 0.023005450665101197 0.01332828805218852 0.051283734201575178 0.001080960421993238 0.79516524233550478
decision_type=2 2 2 2 2 2 2 2 2 2
left_child=2 4 3 6 -2 -6 -1 9 -3 -4
right_child=1 8 7 -5 5 -7 -8 -9 -10 -11
leaf_value=0.0079234695550062014 0.011087548664933545 0.0054542118369883107 -0.035754811492885744 -0.026731371756868308 -0.024284183930749256 0.00734849762898217 -0.014276135829626509 -0.0012370904130691368 0.028056474103147832 -0.011365118166103708
leaf_weight=46.525618553161621 13.487606495618818 10.66166600584984 11.104712650179868 7.3317701965570441 14.244312733411791 7.3112734407186499 8.3694529086351377 7.2625222802162162 15.518884897232054 7.6506794095039359
leaf_count=189 55 44 46 30 58 30 34 30 64 32
internal_value=-0.00129697 0.00689996 -0.00717706 -0.000202337 -0.00335653 -0.0132052 0.00389235 -0.0221179 0.0204246 -0.0285823
internal_weight=149.468 61.2237 88.2448 62.2268 35.0432 21.5556 54.8951 26.0179 26.1806 18.7554
internal_count=612 251 361 253 143 88 223 108 108 78
is_linear=0
shrinkage=0.03


Tree=33
num_leaves=11
num_cat=0
split_feature=21 2 37 5 5 19 22 20 35 10
split_gain=7.87567 9.59828 5.89249 5.56634 7.12227 4.48449 6.34087 4.38435 3.46252 0.326267
threshold=0.014092971601162 0.0088963877976215872 0.048991111139582884 0.038805634556017495 -0.0066698619570736408 0.087080658234341829 -0.20712387695140025 0.019230507557615639 0.051283734201575178 0.0039524854131872686
decision_type=2 2 2 2 2 2 2 2 2 2
left_child=1 3 5 4 -1 -2 -7 -4 9 -3
right_child=2 8 7 -5 -6 6 -8 -9 -10 -11
leaf_value=0.005569426492475397 0.025496086758010999 -0.034273149791349447 0.0067222024109300236 0.020962630805593963 -0.015210497637402502 0.022434255165932081 -0.0043877979544306358 -0.020672042299339766 -0.0012081556877567984 -0.013241076011151588
leaf_weight=29.481567963957787 14.122931391000746 10.531944617629057 7.8799729347229031 7.3649237602949134 25.365728318691254 9.8773637712001818 20.69734051823616 8.5765372514724714 7.2612764239311209 8.1387325227260572
leaf_count=120 58 44 32 30 103 41 85 35 30 34
internal_value=-0.0012811 -0.00703922 0.00674091 -0.00022735 -0.00397402 0.0123762 0.00466216 -0.00743496 -0.0216578 -0.0279989
internal_weight=149.298 88.1442 61.1541 62.2122 54.8473 44.6976 30.5747 16.4565 25.932 18.6707
internal_count=612 361 251 253 223 184 126 67 108 78
is_linear=0
shrinkage=0.03


Tree=34
num_leaves=12
num_cat=0
split_feature=21 23 2 23 17 3 21 40 35 35 33
split_gain=7.48513 9.58908 9.20878 8.02285 5.74242 4.6936 4.51745 3.80069 3.30869 2.13798 1.0835
threshold=0.014092971601162 0.95655340018978696 0.0088963877976215872 1.2082263286165082 -2.9477847296599999 0.011552275351471188 0.01332828805218852 0.070179491606521274 0.051283734201575178 0.006874466161871485 0.79516524233550478
decision_type=2 2 2 2 2 2 2 2 2 2 2
left_child=2 4 3 6 -2 -6 -1 9 10 -3 -4
right_child=1 7 8 -5 5 -7 -8 -9 -10 -11 -12
leaf_value=0.007731329566551811 -0.020862558022599637 0.0091046104260272525 -0.034412631045948078 -0.026207176255634044 0.018242207403381099 -0.0059093219864426016 -0.013864629018084315 0 -0.0011798962731486516 0.035335242517878306 -0.01076208385318733
leaf_weight=46.518025368452072 9.8593399375677091 8.4462009221315437 10.968604117631918 7.3160302639007559 10.203166365623476 14.915099948644636 8.3535971194505674 7.3245745301246634 7.2600548565387717 10.345434650778769 7.6125270575284949
leaf_count=189 40 35 46 30 42 61 34 30 30 43 32
internal_value=-0.00124743 0.00657326 -0.00686721 -0.000196094 -0.00337394 0.00396987 0.00380788 0.0197214 -0.0212154 0.0262768 -0.0274394
internal_weight=149.123 61.0938 88.0288 62.1877 34.9776 25.1183 54.8716 26.1162 25.8412 18.7916 18.5811
internal_count=612 251 361 253 143 103 223 108 108 78 78
is_linear=0
shrinkage=0.03


Tree=35
num_leaves=6
num_cat=0
split_feature=21 16 5 6 14
split_gain=10.067 8.78865 7.03145 9.52321 5.69019
threshold=0.018752165658725096 17.953603558896514 0.062642082814012415 -0.016118887627346753 8.6702733039771847
decision_type=2 2 2 2 2
left_child=1 2 3 -1 -2
right_child=4 -3 -4 -5 -6
leaf_value=0.022036658960618367 0.028293847988852486 -0.024429802892808064 0.022132368746406457 -0.0046204960640007552 0.00046736864178741056
leaf_weight=11.758388325572012 16.620571613311771 11.225111469626425 11.054166734218596 92.840756624937057 12.108269885182379
leaf_count=48 70 47 45 380 49
internal_value=0.00240631 -0.0011964 0.00130806 -0.00112592 0.0178478
internal_weight=155.607 126.878 115.653 104.599 28.7288
internal_count=639 520 473 428 119
is_linear=0
shrinkage=0.03


Tree=36
num_leaves=11
num_cat=0
split_feature=21 7 19 19 21 19 2 15 21 32
split_gain=9.56866 8.7909 11.5638 7.99269 10.0239 5.24805 4.8279 3.99968 3.50836 1.80173
threshold=0.018752165658725096 0.0050203476437549613 0.071451827870824922 0.10158706963073787 0.012349596176081017 0.081165335690756416 -0.01043560606060606 16.826911994254974 0.010489618692667539 0.00021988249243665162
decision_type=2 2 2 2 2 2 2 2 2 2
left_child=1 3 8 4 -1 -4 -5 9 -3 -2
right_child=7 2 5 6 -6 -7 -8 -9 -10 -11
leaf_value=-0.00048978795669814908 0.033979806842637114 -0.0059279855870260625 0.019332403677254022 0.0014515443672097881 0.023192755095888827 -0.0065153057293293312 -0.027173756494929948 0.00036309840921668258 -0.034482169235353272 0.0092203125476710886
leaf_weight=33.45185860991478 9.7989770472049766 8.2472120076417941 8.6198884099721926 9.5811337977647799 26.863618209958076 18.423585936427116 7.4600996226072303 10.111414834856985 14.139574557542799 8.7240310758352262
leaf_count=137 42 34 35 39 109 76 31 41 59 36
internal_value=0.0023566 -0.00115092 -0.0108891 0.0050003 0.0102232 0.00197091 -0.0118299 0.017438 -0.0259269 0.0250843
internal_weight=155.421 126.787 49.4303 77.3567 60.3155 27.0435 17.0412 28.6344 22.3868 18.523
internal_count=639 520 204 316 246 111 70 119 93 78
is_linear=0
shrinkage=0.03


Tree=37
num_leaves=11
num_cat=0
split_feature=21 7 19 16 19 21 2 21 2 17
split_gain=9.1679 8.32376 11.0525 10.1671 7.58155 9.49134 4.63175 3.34538 2.76792 4.49005
threshold=0.018752165658725096 0.0050203476437549613 0.071451827870824922 17.554536966890275 0.10158706963073787 0.012349596176081017 -0.01043560606060606 0.010489618692667539 0.024540177950923895 -2.7108585669003022
decision_type=2 2 2 2 2 2 2 2 2 2
left_child=1 4 7 -4 5 -1 -6 -3 9 -2
right_child=8 2 3 -5 6 -7 -8 -9 -10 -11
leaf_value=-0.00047593362613196783 0.0018257137540017526 -0.0057889024973566206 0.014187450254298066 -0.022334654048851505 0.0014154701671526358 0.022562838775294101 -0.026623099087128371 -0.033772465755516026 0 0.032173073353721167
leaf_weight=33.451099932193756 8.1465952396392858 8.240156903862955 18.920360729098324 8.1172847896814329 9.5815248936414736 26.841358840465546 7.4278230071067801 14.047033384442328 7.5072567760944358 12.888195469975471
leaf_count=137 34 34 77 34 39 109 31 59 31 54
internal_value=0.00229444 -0.00113601 -0.0106262 0.00192304 0.00484561 0.00993492 -0.0115525 -0.0253725 0.0170825 0.02225
internal_weight=155.169 126.627 49.3248 27.0376 77.3018 60.2925 17.0093 22.2872 28.542 21.0348
internal_count=639 520 204 111 316 246 70 93 119 88
is_linear=0
shrinkage=0.03


Tree=38
num_leaves=9
num_cat=0
split_feature=5 14 11 14 6 17 14 35
split_gain=6.61006 11.2737 13.3026 7.1464 4.84905 4.4762 6.25214 4.87761
threshold=-0.020499793520914574 -46.460922434818706 -0.038199469258186118 92.839426760111124 0.0026740997918508489 0.67528468254928431 6.6154319576494354 0.039998235267174838
decision_type=2 2 2 2 2 2 2 2
left_child=1 2 -1 5 -3 7 -7 -2
right_child=3 4 -4 -5 -6 6 -8 -9
leaf_value=0.018610336607822579 0.0068048532115095326 0.029900572041104762 -0.026573058523155748 0.017586489956954519 0.00027734573877749195 0 -0.022682198655986609 -0.011985043814531682
leaf_weight=8.8322142362594622 37.325600177049637 20.630210489034656 10.545305222272871 12.567492008209227 7.7520886510610572 20.036940485239029 21.170518264174461 16.049223139882088
leaf_count=37 152 85 45 51 32 83 89 65
internal_value=0.00222152 0.011306 -0.00546256 -0.00182324 0.0228541 -0.00486836 -0.0120693 0.000655247
internal_weight=154.91 47.7598 19.3775 107.15 28.3823 94.5823 41.2075 53.3748
internal_count=639 199 82 440 117 389 172 217
is_linear=0
shrinkage=0.03


Tree=39
num_leaves=6
num_cat=0
split_feature=21 16 14 19 14
split_gain=8.63732 7.75511 6.22513 8.50408 5.18022
threshold=0.018752165658725096 17.953603558896514 -44.472185843956588 0.057421593031693127 8.6702733039771847
decision_type=2 2 2 2 2
left_child=1 2 -1 -4 -2
right_child=4 -3 3 -5 -6
leaf_value=-0.01626442850950062 0.026630172950359011 -0.023123545753289371 -0.0071391503595163251 0.010446289513411207 3.3287380944454314e-05
leaf_weight=13.698968693614004 16.328015431761745 11.07310877740383 36.57140263915062 64.899549141526222 12.091528490185736
leaf_count=58 70 47 150 265 49
internal_value=0.00216645 -0.001163 0.00117906 0.00394782 0.0165534
internal_weight=154.663 126.243 115.17 101.471 28.4195
internal_count=639 520 473 415 119
is_linear=0
shrinkage=0.03


Tree=40
num_leaves=6
num_cat=0
split_feature=37 19 11 15 1
split_gain=6.07939 8.08922 8.87001 8.31772 4.64044
threshold=0.070230937940536711 0.14940277530460003 -0.023794500953589145 -17.612858854976349 0.0051631182698055342
decision_type=2 2 2 2 2
left_child=1 2 4 -4 -1
right_child=-2 -3 3 -5 -6
leaf_value=0.026169038765959614 -0.022554990475964876 0.02071563295872458 -0.023912404360218655 -0.0023586262068779479 -0.0016033393935098268
leaf_weight=10.731159701943399 10.636619985103605 12.187924876809118 18.35627293586731 90.918515592813492 7.3890973925590506
leaf_count=44 44 51 77 374 31
internal_value=-0.00258788 -0.000663267 -0.0031131 -0.0064788 0.0150648
internal_weight=150.22 139.583 127.395 109.275 18.1203
internal_count=621 577 526 451 75
is_linear=0
shrinkage=0.03


Tree=41
num_leaves=9
num_cat=0
split_feature=17 37 37 11 5 15 11 11
split_gain=6.36688 8.46276 6.8366 5.36914 5.22242 4.32861 3.35332 4.11222
threshold=0.56258074733863517 0.0010416888743827182 0.068040914953883105 -0.028040873904085935 0.077671811271257898 -22.625826775551982 -0.023181884070757216 0.0038959605791184519
decision_type=2 2 2 2 2 2 2 2
left_child=2 5 3 -1 -5 -2 -3 -8
right_child=1 6 -4 4 -6 -7 7 -9
leaf_value=0.024093603875261771 -0.0090418801093619071 0 -0.020814212301950956 -0.0010691652690061342 0.022132704065181159 0.016854157910543552 -0.031483820431797128 -0.0093409613047207816
leaf_weight=10.372303977608679 7.5076141059398678 8.2994526177644712 7.6363548189401618 58.189298868179321 8.0707489699125272 11.900719344615935 15.537401497364042 22.546768918633461
leaf_count=43 32 35 31 238 33 49 66 94
internal_value=-0.00251729 -0.00942357 0.0027943 0.0058072 0.00210285 0.0062274 -0.0162691 -0.0198691
internal_weight=150.061 65.792 84.2687 76.6324 66.26 19.4083 46.3836 38.0842
internal_count=621 276 345 314 271 81 195 160
is_linear=0
shrinkage=0.03


Tree=42
num_leaves=11
num_cat=0
split_feature=17 20 28 11 23 40 1 7 22 15
split_gain=6.0486 7.63985 7.60016 10.5161 5.79296 5.65472 4.58436 4.10353 3.66079 3.3852
threshold=0.56258074733863517 0.016054260597027661 9.5000000000000018 -0.025948078315067288 1.0789616629408074 -0.01535607094130753 0.022555396442568546 0.0066904075106331918 0.14016737360603995 -21.23910609131616
decision_type=2 2 2 2 2 2 2 2 2 2
left_child=1 4 3 -3 8 9 7 -7 -1 -2
right_child=5 2 -4 -5 -6 6 -8 -9 -10 -11
leaf_value=0.031950709540477497 -0.0064950286273752792 0.016573965000790229 0.013774255936889716 -0.0175716963342279 -0.0048451759735169382 -0.0054658594854530944 0.0017936606946028436 -0.026554822794536071 0.0027490742560455756 0.018912518596445316
leaf_weight=12.734117522835737 6.9917675852775574 8.359139680862425 14.394968315958975 33.741591706871986 7.5525296926498404 17.63304939866066 11.20249232649803 22.629360646009445 7.4184082448482505 7.2100468724966031
leaf_count=52 30 35 59 138 31 74 47 95 30 30
internal_value=-0.00244965 0.0027245 -0.00342794 -0.0100077 0.0151615 -0.00919027 -0.0137971 -0.0183695 0.023097 0.0062205
internal_weight=149.867 84.2008 56.4957 42.1007 27.7051 65.6667 51.4649 40.2624 20.1525 14.2018
internal_count=621 345 232 173 113 276 216 169 82 60
is_linear=0
shrinkage=0.03


Tree=43
num_leaves=8
num_cat=0
split_feature=33 12 35 12 23 21 35
split_gain=7.28354 7.73499 7.48649 8.56509 5.18582 2.15003 1.02917
threshold=0.093736271119863143 39.811196465629543 0.039998235267174838 50.778908247686765 0.84611172686466896 0.014241082860956848 0.0058687069025036296
decision_type=2 2 2 2 2 2 2
left_child=-1 5 3 -3 -4 6 -2
right_child=1 2 4 -5 -6 -7 -8
leaf_value=0.018220322883225164 -0.032774262026326086 0.019857098135282018 -0.02856664952866934 -0.00173034624591808 -0.003495487267435992 -0.0031988930579011456 -0.010384356659856733
leaf_weight=11.856472983956335 8.5051406472921425 21.052237689495087 9.7320216000080091 54.095247507095337 27.036258488893509 8.6443525403738004 8.7531421482563001
leaf_count=49 36 87 40 224 112 37 36
internal_value=-0.00236359 -0.004477 -0.000798433 0.00448085 -0.0116497 -0.0186367 -0.0244551
internal_weight=149.675 137.818 111.916 75.1475 36.7683 25.9026 17.2583
internal_count=621 572 463 311 152 109 72
is_linear=0
shrinkage=0.03


Tree=44
num_leaves=10
num_cat=0
split_feature=17 37 37 1 37 27 15 38 17
split_gain=5.64794 7.77581 6.44376 4.65177 4.50329 5.82937 4.01427 3.94593 2.4783
threshold=0.56258074733863517 0.0010416888743827182 0.068040914953883105 0.022555396442568546 0.034031721132759658 1.5000000000000002 -22.625826775551982 0.009058115943904833 1.3761248718991583
decision_type=2 2 2 2 2 2 2 2 2
left_child=2 6 4 8 5 -1 -2 -6 -3
right_child=1 3 -4 -5 7 -7 -8 -9 -10
leaf_value=-0.011610112416599696 -0.0085678481101217861 -0.0035416242554093102 -0.02026380087544382 0.00075785263636563103 0.027020818990365621 0.0082348120650560328 0.016369574760525651 0.0021893022589194611 -0.024866425182174134
leaf_weight=19.989410787820816 7.4822672009468105 8.9151019752025586 7.6127083152532569 10.480753928422926 11.695574194192888 31.670659124851227 11.883528634905813 13.122182771563528 26.706555858254433
leaf_count=82 32 37 31 44 48 130 49 54 114
internal_value=-0.00232021 -0.00884866 0.00267573 -0.0154468 0.00560852 0.000129929 0.00613246 0.0155931 -0.0204001
internal_weight=149.559 65.4682 84.0905 46.1024 76.4778 51.6601 19.3658 24.8178 35.6217
internal_count=621 276 345 195 314 212 81 102 151
is_linear=0
shrinkage=0.03


Tree=45
num_leaves=8
num_cat=0
split_feature=21 16 16 16 15 36 32
split_gain=8.0787 7.10003 4.41586 8.693 4.64336 3.30466 5.62351
threshold=0.018752165658725096 23.613040754740876 1.9604361421612857 6.605909558075667 -26.648531605917977 0.0053212496944691117 0.00021988249243665162
decision_type=2 2 2 2 2 2 2
left_child=1 2 4 -4 -1 -2 -7
right_child=5 -3 3 -5 -6 6 -8
leaf_value=-0.020563163095838621 0.029593503396653311 -0.029235762212855818 0.022720525951445698 -0.0029953577409310489 -0.0018021303478644956 0.018820676988548449 -0.011095286074457726
leaf_weight=13.840062126517294 7.34443570673466 6.9515966773033133 15.385038807988165 33.534397214651108 58.813048720359802 10.502543687820436 7.9436010867357245
leaf_count=59 31 30 63 139 241 45 33
internal_value=-0.000140414 -0.00335925 -0.00130899 0.00537239 -0.0060321 0.0144478 0.00537897
internal_weight=154.315 128.524 121.573 48.9194 72.6531 25.7906 18.4461
internal_count=641 532 502 202 300 109 78
is_linear=0
shrinkage=0.03


Tree=46
num_leaves=8
num_cat=0
split_feature=21 16 12 40 19 17 32
split_gain=7.70982 6.81933 5.61912 6.70971 5.52257 3.95818 3.82604
threshold=0.018752165658725096 23.613040754740876 39.538657922584513 -0.01535607094130753 0.041804600706019511 -2.7108585669003022 0.0032580886255565438
decision_type=2 2 2 2 2 2 2
left_child=1 2 3 -1 -4 -2 -7
right_child=5 -3 4 -5 -6 6 -8
leaf_value=0.0034229744415298982 -0.0018259043396238064 -0.028721709314304289 -0.014117957708638213 -0.023307388868520885 0.0055516391467519749 0.03144144940614791 0.001333667014175753
leaf_weight=12.582659482955934 7.8256823718547848 6.9003067165613166 13.072753414511679 17.543627828359604 78.312227591872215 10.637164115905763 7.256487935781478
leaf_count=52 33 30 54 73 323 46 30
internal_value=-0.000137217 -0.00328314 -0.0012754 -0.0121581 0.00233515 0.0141322 0.0213473
internal_weight=154.131 128.412 121.511 30.1263 91.385 25.7193 17.8937
internal_count=641 532 502 125 377 109 76
is_linear=0
shrinkage=0.03


Tree=47
num_leaves=9
num_cat=0
split_feature=21 15 15 36 12 36 36 36
split_gain=7.35314 4.51538 11.217 9.4753 6.67592 4.39444 3.22691 5.49699
threshold=0.018752165658725096 49.126447549330898 21.285308630129396 0.0053212496944691117 39.811196465629543 0.0048240621847633622 0.0053212496944691117 0.0082830220519992514
decision_type=2 2 2 2 2 2 2 2
left_child=1 2 4 -3 -1 -4 -2 -8
right_child=6 3 5 -5 -6 -7 7 -9
leaf_value=-0.012403803968364329 0.028784852877997577 -0.010167154510209513 -0.003258069242539777 0.0272753419219035 0.0053274060626244332 -0.031834552486040404 -0.0068366326105665995 0.023245406688688245
leaf_weight=26.04211737215519 7.2830068916082409 9.8056980669498461 9.1683399230241793 10.223772808909414 57.769820883870125 15.319651946425436 11.46738074719906 6.8936725556850424
leaf_count=109 31 40 38 42 239 64 48 30
internal_value=-0.000140464 -0.00321327 -0.00573129 0.00900508 -0.000167935 -0.0227556 0.013814 0.00489491
internal_weight=153.973 128.329 108.3 20.0295 83.8119 24.488 25.6441 18.3611
internal_count=641 532 450 82 348 102 109 78
is_linear=0
shrinkage=0.03


Tree=48
num_leaves=8
num_cat=0
split_feature=21 16 12 3 0 36 20
split_gain=7.0311 6.51863 5.08798 4.78592 4.59493 3.09078 7.26658
threshold=0.018752165658725096 23.613040754740876 39.538657922584513 -0.024196900574437071 -0.0098070388383805756 0.0053212496944691117 0.024163345687745884
decision_type=2 2 2 2 2 2 2
left_child=1 2 3 -1 -4 -2 -7
right_child=5 -3 4 -5 -6 6 -8
leaf_value=0.0026606460214479003 0.028235209432461911 -0.028108966881126421 0.016430701814695192 -0.020185040715277124 -0.00067679139212883303 -0.010942195054159019 0.023091450692597802
leaf_weight=11.241475418210031 7.2415989339351681 6.8289701342582694 14.940753564238547 18.836002007126808 76.379865631461143 9.8514806181192416 8.4759518802165967
leaf_count=46 31 30 61 79 316 41 37
internal_value=-0.00012872 -0.00313465 -0.00117541 -0.0115453 0.00225354 0.0135356 0.00478288
internal_weight=153.796 128.227 121.398 30.0775 91.3206 25.569 18.3274
internal_count=641 532 502 125 377 109 78
is_linear=0
shrinkage=0.03


Tree=49
num_leaves=7
num_cat=0
split_feature=18 20 38 33 34 15
split_gain=6.34263 5.48504 6.63399 6.46347 3.20573 1.83962
threshold=0.95968121411404439 0.021643801064334649 0.012371637127059566 0.85350407416299601 -0.0071667389934615402 11.336509291094355
decision_type=2 2 2 2 2 2
left_child=1 2 3 -1 -3 -4
right_child=-2 4 5 -5 -6 -7
leaf_value=-0.0013104130218092708 -0.020977564962184191 0.024394283353064684 -0.0033614096635084241 0.019601368027149655 0.0019066677962177277 -0.027614431560092318
leaf_weight=90.375329703092575 10.202272996306418 11.375873759388925 7.1123311519622785 13.40471078455448 13.403106957674025 7.7171559035778046
leaf_count=374 44 49 30 55 57 32
internal_value=-0.000118072 0.00153109 -0.00110323 0.00156838 0.0138416 -0.0186556
internal_weight=153.591 143.389 118.61 103.78 24.779 14.8295
internal_count=641 597 491 429 106 62
is_linear=0
shrinkage=0.03


Tree=50
num_leaves=10
num_cat=0
split_feature=21 15 15 4 3 37 28 3 4
split_gain=7.66246 8.79818 8.5749 8.02607 7.46206 3.87312 3.82434 2.0977 0.745561
threshold=0.018752165658725096 -17.612858854976349 7.434666014310289 -0.028804542257317708 0.011924580915315121 0.049841793000213304 2.5000000000000004 -0.0013624888624888529 0.025348886563543397
decision_type=2 2 2 2 2 2 2 2 2
left_child=1 6 4 -4 -3 8 -1 -8 -2
right_child=5 2 3 -5 -6 -7 7 -9 -10
leaf_value=0.0025738877040871245 0.027692297743835931 0.024713129439836137 0.019080494745095652 -0.0082562480841320181 -0.0037614924004617184 -0.00097156048638493569 -0.0086534140683023203 -0.029631971388903978 0.0081734477059166449
leaf_weight=6.9360229521989814 11.439029291272169 21.327196106314659 9.5386640280485135 53.691580444574356 10.827161610126494 7.572641894221305 14.028668552637102 11.196733638644217 7.748077690601348
leaf_count=29 51 87 39 222 45 31 59 48 32
internal_value=0.00133958 -0.00168395 0.00280947 -0.0034438 0.015027 0.0153872 -0.0148339 -0.0200088 0.0220338
internal_weight=154.306 127.546 95.3846 63.2302 32.1544 26.7597 32.1614 25.2254 19.1871
internal_count=643 529 393 261 132 114 136 107 83
is_linear=0
shrinkage=0.03


Tree=51
num_leaves=12
num_cat=0
split_feature=15 11 15 15 35 10 25 2 23 11 23
split_gain=5.03893 15.1304 11.4897 11.1991 10.0757 6.71919 5.83048 4.32531 3.95583 2.47617 1.51881
threshold=-17.612858854976349 -0.036765150079140212 16.826911994254974 40.202156843773949 0.049449557973192511 0.014428147733386855 0.12104562104562107 0.012088070899482274 1.0810650116285874 0.0098196936809977781 0.89920734790334367
decision_type=2 2 2 2 2 2 2 2 2 2 2
left_child=1 7 5 6 -5 9 -4 -1 10 -2 -3
right_child=2 8 3 4 -6 -7 -8 -9 -10 -11 -12
leaf_value=0.026789340616112871 0.02431750107932262 -0.011764772976841295 0.0018571836385714849 0.016977598206980925 -0.016804043563943074 -0.0063232901138051412 -0.026021310939349274 -0.0014591131367266835 -0.0010579062928747253 0.00467806156054655 -0.037158052814663736
leaf_weight=8.587070018053053 30.96945695579052 8.7241781651973778 8.1354204118251818 25.145162418484688 9.0391834825277311 8.8775906115770322 19.178165882825851 6.949710637331008 8.2759044319391233 10.838497996330259 9.3059812188148481
leaf_count=37 128 37 34 103 37 37 80 30 35 45 40
internal_value=0.00131083 -0.0072209 0.00469515 -0.00380963 0.00719529 0.0150518 -0.0176458 0.0145729 -0.0207428 0.0200145 -0.0280215
internal_weight=154.026 41.8428 112.183 61.4979 34.1843 50.6855 27.3136 15.5368 26.3061 41.808 18.0302
internal_count=643 179 464 254 140 210 114 67 112 173 77
is_linear=0
shrinkage=0.03


Tree=52
num_leaves=10
num_cat=0
split_feature=21 11 9 20 11 20 37 28 4
split_gain=7.18064 5.11562 5.52803 6.22942 5.20906 4.81273 3.65238 3.03973 0.73744
threshold=0.018752165658725096 -0.012395229651450455 1.0000000180025095e-35 0.015086591891562988 -0.038199469258186118 0.013768713052181173 0.049841793000213304 8.5000000000000018 0.025348886563543397
decision_type=2 2 2 2 2 2 2 2 2
left_child=1 4 7 -4 -1 -6 8 -3 -2
right_child=6 2 3 -5 5 -7 -8 -9 -10
leaf_value=0.0055183195544397457 0.027004837328790703 0.003970243944916017 0.010605831763183627 -0.0077571046945625012 0 -0.028814143902626464 -0.00092991622602541402 0.028343581659836161 0.0077850262907900401
leaf_weight=8.7680312991142291 11.301972687244421 14.535771340131761 21.47450153529644 53.079529136419296 8.0051175355911273 14.124414801597593 7.5662997215986243 7.1744976639747611 7.7306476235389701
leaf_count=37 51 60 89 219 33 61 31 30 32
internal_value=0.00125474 -0.00166951 0.00165267 -0.00213302 -0.0119472 -0.0193728 0.0148983 0.0143688 0.021394
internal_weight=153.761 127.162 96.2643 74.554 30.8976 22.1295 26.5989 21.7103 19.0326
internal_count=643 529 398 308 131 94 114 90 83
is_linear=0
shrinkage=0.03


Tree=53
num_leaves=10
num_cat=0
split_feature=21 15 14 11 15 37 14 36 4
split_gain=6.83032 7.80363 14.6295 8.28821 6.14581 3.5148 3.10039 2.02767 0.703679
threshold=0.018752165658725096 -17.612858854976349 -1.5015309475347747 -0.038199469258186118 49.126447549330898 0.049841793000213304 -42.524746792224498 0.0070988821467941098 0.025348886563543397
decision_type=2 2 2 2 2 2 2 2 2
left_child=1 3 7 -1 -4 8 -5 -3 -2
right_child=5 2 4 6 -6 -7 -8 -9 -10
leaf_value=0.0093818833341427574 0.02650883260762953 0.030661289538354664 -0.0093665950844535658 -0.035280627334071384 0.0089366992157756224 -0.00090788145119955984 -0.0098873039063802747 0.007311928225370177 0.007605315522972088
leaf_weight=8.0497505366802233 11.20690736174584 12.897786840796472 52.000668734312057 9.626544341444971 21.257509931921959 7.5659836381673804 14.214265614747999 8.9658961296081525 7.7232915461063376
leaf_count=34 51 53 216 43 87 31 59 37 32
internal_value=0.00124207 -0.00160614 0.00261538 -0.0140517 -0.00375982 0.0145761 -0.0226582 0.02313 0.0209768
internal_weight=153.509 127.012 95.1219 31.8906 73.2582 26.4962 23.8408 21.8637 18.9302
internal_count=643 529 393 136 303 114 102 90 83
is_linear=0
shrinkage=0.03


Tree=54
num_leaves=10
num_cat=0
split_feature=21 15 11 15 25 3 15 38 36
split_gain=6.50382 7.45182 7.93945 7.32487 7.28334 6.91191 3.37447 3.37196 0.620564
threshold=0.018752165658725096 -17.612858854976349 -0.038199469258186118 7.434666014310289 0.11055555555555556 0.011924580915315121 16.826911994254974 0.0083453830989290278 0.0075714583721388081
decision_type=2 2 2 2 2 2 2 2 2
left_child=1 2 -1 5 -5 -3 8 -4 -2
right_child=6 3 7 4 -6 -7 -8 -9 -10
leaf_value=0.0091543402518691492 0.0096810712037464029 0.023278574129451914 -0.0068957299996965666 0.011928989991615633 -0.0096686285293739321 -0.0040917181345643192 0 -0.032552056957436001 0.029896707883165004
leaf_weight=8.052019804716112 8.5582804381847399 21.196224182844162 11.500021845102312 17.651981458067894 45.353487461805344 10.820000052452086 10.457476750016211 12.225328579545019 7.3768190294504157
leaf_count=34 38 87 49 73 188 45 43 53 33
internal_value=0.00122366 -0.00155306 -0.0137411 0.00256751 -0.00320611 0.013891 0.014262 -0.0222021 0.0221661
internal_weight=153.192 126.799 31.7774 95.0217 63.0055 32.0162 26.3926 23.7254 15.9351
internal_count=643 529 136 393 261 132 114 102 71
is_linear=0
shrinkage=0.03


Tree=55
num_leaves=7
num_cat=0
split_feature=7 12 35 9 15 0
split_gain=4.80101 7.53917 4.49347 4.14945 5.44029 3.60675
threshold=-0.030943038210256176 40.201745509739446 0.022520244610751531 -0.029871010783014899 -17.612858854976349 -0.00046181238571968425
decision_type=2 2 2 2 2 2
left_child=-1 2 5 -3 -5 -2
right_child=1 3 -4 4 -6 -7
leaf_value=0.01898709997904495 -0.0042820190336453597 0.020572063977675345 0 -0.016741666800776177 0.0034330632803804277 -0.033010680477018974
leaf_weight=9.8852750808000547 8.885251328349117 8.7392234057188016 12.62060524523258 11.701948195695875 92.831659764051437 10.018116161227226
leaf_count=43 38 38 52 50 386 44
internal_value=0.000600357 -0.000794307 -0.0133844 0.00275084 0.000761916 -0.0219265
internal_weight=154.682 144.797 31.524 113.273 104.534 18.9034
internal_count=651 608 134 474 436 82
is_linear=0
shrinkage=0.03


Tree=56
num_leaves=6
num_cat=0
split_feature=3 20 19 19 26
split_gain=5.34744 4.61781 7.45373 14.2631 4.83628
threshold=-0.03369808139820251 0.012132740836512121 0.071451827870824922 0.088038908373159891 0.067848922368696399
decision_type=2 2 2 2 2
left_child=-1 -2 4 -4 -3
right_child=1 2 3 -5 -6
leaf_value=0.017303375270858776 0.018288773023796778 0.0046213587168881382 0.019213845164622097 -0.006192233902921322 -0.016316853540541194
leaf_weight=13.614044591784475 8.0601952821016294 10.703569948673247 28.698222666978836 53.630902603268623 39.84772689640522
leaf_count=59 33 45 119 227 168
internal_value=0.000577435 -0.00115276 -0.00269694 0.00273158 -0.0115909
internal_weight=154.555 140.941 132.88 82.3291 50.5513
internal_count=651 592 559 346 213
is_linear=0
shrinkage=0.03


Tree=57
num_leaves=9
num_cat=0
split_feature=3 12 35 4 16 22 37 5
split_gain=5.07438 8.42171 6.02506 4.96947 6.16459 3.65724 2.41079 0.039459
threshold=-0.03369808139820251 40.201745509739446 0.014920402801057777 -0.0054631144979027648 -5.8291409494539126 -0.13267500825397596 0.0064278206511172451 -0.045629803050143518
decision_type=2 2 2 2 2 2 2 2
left_child=-1 2 7 5 -5 -3 -4 -2
right_child=1 3 6 4 -6 -7 -8 -9
leaf_value=0.016892949268088486 -0.0124014389075388 0.030198118942620464 0.0093172502786372929 -0.022922291057265363 0.0021352884523815202 0.0034258667349649895 -0.011598732764148655 -0.033825885971592105
leaf_weight=13.575640082359312 6.7103805541992188 7.1747191846370724 7.8546677976846677 7.8471691310405722 82.299702629446983 13.478795751929281 7.7878480851650238 7.6794924736022967
leaf_count=59 30 30 33 33 345 56 32 33
internal_value=0.000577614 -0.00110461 -0.0147397 0.002654 -0.000333332 0.0152333 -0.000380231 -0.0274827
internal_weight=154.408 140.833 30.0324 110.8 90.1469 20.6535 15.6425 14.3899
internal_count=651 592 128 464 378 86 65 63
is_linear=0
shrinkage=0.03


Tree=58
num_leaves=7
num_cat=0
split_feature=3 40 38 35 20 21
split_gain=4.82919 4.48208 6.62541 4.9106 4.8159 3.05164
threshold=-0.03369808139820251 -0.024759570626918911 0.011132186129835632 -0.0028213129801106236 0.013768713052181173 0.013894814438024565
decision_type=2 2 2 2 2 2
left_child=-1 2 -2 5 -5 -3
right_child=1 3 -4 4 -6 -7
leaf_value=0.016493181065958231 -0.028579526282525667 -0.015869504567916796 0.00092552204678441425 0.02190648409583934 0.0018269485835958525 0.0017543152394142814
leaf_weight=13.536623433232306 10.198347091674806 18.169752880930904 13.237990468740461 11.139337182044981 75.345667809247971 12.651018887758253
leaf_count=59 43 78 57 46 315 53
internal_value=0.000553436 -0.00108418 -0.0125616 0.00125528 0.00501942 -0.00851234
internal_weight=154.279 140.742 23.4363 117.306 86.485 30.8208
internal_count=651 592 100 492 361 131
is_linear=0
shrinkage=0.03


Tree=59
num_leaves=9
num_cat=0
split_feature=3 12 35 4 34 35 37 5
split_gain=4.58927 7.89621 5.68016 4.80712 6.92583 3.54049 2.32662 0.0617243
threshold=-0.03369808139820251 40.201745509739446 0.014920402801057777 -0.0054631144979027648 0.0098691045479241141 0.039305717294102933 0.0064278206511172451 -0.045629803050143518
decision_type=2 2 2 2 2 2 2 2
left_child=-1 2 7 5 -5 -3 -4 -2
right_child=1 3 6 4 -6 -7 -8 -9
leaf_value=0.016103676111794633 -0.01188888239044023 0.02318744931810595 0.009176645324854656 -0.009063408216110555 0.0072198300588363715 -0.00024515431881215623 -0.011369506045788116 -0.032966725139479763
leaf_weight=13.497095495462416 6.6826991587877274 13.350408226251604 7.8567536771297437 42.63346816599369 47.46151340007782 7.2828179895877829 7.792837455868721 7.6154204010963458
leaf_count=59 30 56 33 179 199 30 32 33
internal_value=0.000542279 -0.00105043 -0.0142766 0.0025835 -0.000352111 0.014963 -0.000333594 -0.0267035
internal_weight=154.173 140.676 29.9477 110.728 90.095 20.6332 15.6496 14.2981
internal_count=651 592 128 464 378 86 65 63
is_linear=0
shrinkage=0.03


Tree=60
num_leaves=7
num_cat=0
split_feature=11 14 5 11 3 25
split_gain=6.14834 6.04535 8.49975 8.6352 5.69975 2.40741
threshold=-0.045073284214603097 -46.460922434818706 0.0025506005026507688 0.02920293512680561 0.011552275351471188 0.26500600240096045
decision_type=2 2 2 2 2 2
left_child=-1 5 4 -4 -3 -2
right_child=1 2 3 -5 -6 -7
leaf_value=0.020929589608209738 -0.031256301388348506 0.013464978998426212 -0.012749478520182772 0.0085161840712292304 -0.010236378117193044 -0.003131514498823991
leaf_weight=8.3811063319444639 6.890072286128996 41.436528280377388 58.595795542001724 21.510849952697754 9.2502374798059446 6.5987501293420792
leaf_count=37 31 173 246 89 39 30
internal_value=-0.00122949 -0.00288777 -0.000659911 -0.00678803 0.00863045 -0.020647
internal_weight=152.663 144.282 130.793 80.1066 50.6868 13.4888
internal_count=645 608 547 335 212 61
is_linear=0
shrinkage=0.03


Tree=61
num_leaves=6
num_cat=0
split_feature=18 3 3 38 17
split_gain=5.92869 8.40714 5.70325 7.27557 4.24565
threshold=0.98910899049477996 0.048250509217370292 0.011147178862947917 0.015091358776199338 1.224310220657862
decision_type=2 2 2 2 2
left_child=1 2 3 -1 -4
right_child=-2 -3 4 -5 -6
leaf_value=0.0049738903011388785 -0.023682524664199799 0.028306823847506667 0.0013569567470752425 -0.020319746642918364 -0.018453516168427827
leaf_weight=91.24016635119915 7.896084636449813 7.0670790225267401 13.099142804741858 9.3873096555471403 23.768070936203003
leaf_count=382 35 30 55 41 102
internal_value=-0.00119999 0.000232098 -0.00148854 0.00211814 -0.0113212
internal_weight=152.458 144.562 137.495 100.627 36.8672
internal_count=645 610 580 423 157
is_linear=0
shrinkage=0.03


Tree=62
num_leaves=6
num_cat=0
split_feature=37 19 40 33 20
split_gain=5.31239 7.74248 5.01501 8.46233 3.47085
threshold=0.070230937940536711 0.13917427323411311 0.040631213741467061 0.68246483375959088 0.015135507259484723
decision_type=2 2 2 2 2
left_child=1 2 3 -1 -4
right_child=-2 -3 4 -5 -6
leaf_value=6.7654640366617819e-05 -0.020076655355916642 0.020041496918059478 0.023757101278198304 -0.019039367262811382 0.0013456017059179756
leaf_weight=66.905115276575089 10.342503264546393 14.132757127285002 6.9940308183431616 27.32965299487114 26.624672666192055
leaf_count=282 44 61 30 116 112
internal_value=-0.00117307 0.000359464 -0.00197582 -0.00559835 0.00750138
internal_weight=152.329 141.986 127.853 94.2348 33.6187
internal_count=645 601 540 398 142
is_linear=0
shrinkage=0.03


Tree=63
num_leaves=9
num_cat=0
split_feature=2 21 38 23 12 1 20 3
split_gain=3.84929 6.38806 5.35319 5.26023 6.77085 4.41005 3.23719 1.48812
threshold=0.009267113974490539 0.013894814438024565 0.015091358776199338 0.90242656365206264 59.3083566386182 0.011371553434953443 0.016232047610121387 0.017714890570032064
decision_type=2 2 2 2 2 2 2 2
left_child=2 7 5 -3 -5 6 -1 -2
right_child=1 3 -4 4 -6 -7 -8 -9
leaf_value=0.0091931809795462033 -0.0075508767772323347 -0.011286866037851759 -0.015917975145269238 0.028723338424705789 -0.0060842499202173762 0.024844300064058928 -0.0024758357947535846 -0.026249444439406393
leaf_weight=34.5466448366642 12.744365528225901 12.623114585876467 10.541197717189787 8.5437636673450452 7.4332939982414237 7.1401755362749091 47.065627813339233 11.521731212735174
leaf_count=144 56 53 46 37 32 30 196 51
internal_value=-0.00112811 -0.00757956 0.00224054 0.00164733 0.0128195 0.00486579 0.00238603 -0.0183229
internal_weight=152.16 52.8663 99.2936 28.6002 15.9771 88.7524 81.6123 24.2661
internal_count=645 229 416 122 69 370 340 107
is_linear=0
shrinkage=0.03


Tree=64
num_leaves=6
num_cat=0
split_feature=18 3 3 38 17
split_gain=5.41475 7.8652 5.1214 6.70379 3.95205
threshold=0.98910899049477996 0.048250509217370292 0.011147178862947917 0.015091358776199338 1.224310220657862
decision_type=2 2 2 2 2
left_child=1 2 3 -1 -4
right_child=-2 -3 4 -5 -6
leaf_value=0.0047478239749981464 -0.022711178633481762 0.027468673680137997 0.0014378355182738806 -0.019555406683124898 -0.017676311392453903
leaf_weight=91.172745481133461 7.7934031486511222 7.029818356037139 13.06147490441799 9.359232082962988 23.601208090782166
leaf_count=382 35 30 55 41 102
internal_value=-0.00110395 0.000255713 -0.00140555 0.00200165 -0.0107566
internal_weight=152.018 144.224 137.195 100.532 36.6627
internal_count=645 610 580 423 157
is_linear=0
shrinkage=0.03


Tree=65
num_leaves=6
num_cat=0
split_feature=18 1 17 23 16
split_gain=5.17782 4.90388 5.78347 6.35092 5.36297
threshold=0.98910899049477996 0.022159896662971138 1.3547077778821077 1.0743368135477755 19.98617533870733
decision_type=2 2 2 2 2
left_child=1 2 4 -4 -1
right_child=-2 -3 3 -5 -6
leaf_value=0.0074909249886983822 -0.019585407603253294 0.020701322956268583 -0.014446693974622638 0.013734600832589003 -0.013375364164619369
leaf_weight=83.220829293131828 8.221882298588751 10.186616376042364 32.092461749911308 6.9017806202173224 10.446793392300604
leaf_count=347 37 44 140 30 44
internal_value=0.000906255 0.00244338 0.0006434 -0.00866612 0.00477594
internal_weight=151.07 142.848 132.662 38.9942 93.6676
internal_count=642 605 561 170 391
is_linear=0
shrinkage=0.03


Tree=66
num_leaves=15
num_cat=0
split_feature=27 3 32 14 11 28 10 6 37 6 28 36 11 21
split_gain=5.78836 5.18385 4.96182 5.69871 4.95876 4.46103 4.26909 4.22829 3.32226 2.81118 2.79968 1.65752 1.38187 0.255179
threshold=2.5000000000000004 0.0011655486526246375 0.001296806920395799 -8.3904174961980953 0.0031030621056380441 5.5000000000000009 0.006609748386722126 -0.006442945236170854 0.02567868769646631 -0.012019833566436929 6.5000000000000009 0.0052352639701420582 -0.0026542438916598017 0.012918848420069927
decision_type=2 2 2 2 2 2 2 2 2 2 2 2 2 2
left_child=2 8 3 13 11 -6 12 -5 9 -2 -8 -4 -3 -1
right_child=1 6 4 7 5 -7 10 -9 -10 -11 -12 -13 -14 -15
leaf_value=0.0059997126861344703 0.0042706802709529222 0 -0.0048269570582558721 -0.019271928848007523 0.015587509397343281 -0.010418893791629342 0.017778310180674075 0.0028563792131516535 0.00054486885903253239 0.031813520228495241 -0.0023388337699693749 -0.026065982871528458 -0.019592435941527625 0.021758437143451902
leaf_weight=7.0149489790201178 7.161503508687022 6.9085537642240524 7.9225751757621792 9.4890327304601687 7.7468261569738415 13.169815018773077 10.640541866421701 20.247312813997269 9.7867917716503126 11.773477241396906 9.2473606020212156 14.53142102062702 7.2448894679546338 8.0315770059823972
leaf_count=30 30 30 34 39 33 55 45 84 42 50 39 64 31 36
internal_value=0.000874662 0.00778512 -0.00394259 0.00276788 -0.0110187 0 0 -0.00450175 0.016722 0.0235161 0.00838005 -0.0201932 -0.0119457 0.0168573
internal_weight=150.917 62.7631 88.1535 44.7829 43.3706 20.9166 34.0413 29.7363 28.7218 18.935 19.8879 22.454 14.1534 15.0465
internal_count=642 267 375 189 186 88 145 123 122 80 84 98 61 66
is_linear=0
shrinkage=0.03


Tree=67
num_leaves=7
num_cat=0
split_feature=18 21 16 16 23 32
split_gain=4.92099 4.90083 3.63609 4.6075 3.02029 1.91855
threshold=0.98910899049477996 0.018752165658725096 19.98617533870733 1.9604361421612857 0.95655340018978696 0.0015047490256447917
decision_type=2 2 2 2 2 2
left_child=1 2 3 -1 5 -3
right_child=-2 4 -4 -5 -6 -7
leaf_value=-0.0034492145488495191 -0.019166995635209808 0.012942726038708174 -0.018213512880309334 0.008851105252373365 0.024786818095235388 -0.0061671452808983651
leaf_weight=67.897082433104515 8.1729023605585081 6.9339059889316577 7.3661770075559607 42.463267400860786 10.712703600525854 7.195412889122963
leaf_count=287 37 30 32 177 49 30
internal_value=0.000857077 0.00235802 -0.000151445 0.00122338 0.0139344 0.00272297
internal_weight=150.741 142.569 117.727 110.36 24.842 14.1293
internal_count=642 605 496 464 109 60
is_linear=0
shrinkage=0.03


Tree=68
num_leaves=11
num_cat=0
split_feature=27 20 23 35 20 35 8 19 38 24
split_gain=5.49893 5.79901 3.74396 3.7637 3.76052 3.73191 3.85243 3.19122 1.85632 1.80646
threshold=2.5000000000000004 0.02359113355248391 0.83825776659091 0.013763107261345555 0.018620603981464662 0.010637926901307939 0.012610891259514737 0.047612730079940956 0.010194127518068851 0.19848484848484851
decision_type=2 2 2 2 2 2 2 2 2 2
left_child=1 2 4 -4 -1 6 9 -7 -9 -2
right_child=5 -3 3 -5 -6 7 -8 8 -10 -11
leaf_value=-0.0041338373436408298 0.014701137230712156 0.016704713811148849 -0.010845321407919351 0.004059992906803327 -0.03050150466293278 -0.0013602241740949307 -0.014937874907581205 0.0072782852771385428 0.025703010350809054 -0.0025888088066474075
leaf_weight=13.39657010138035 9.7377005964517647 8.6362889111042005 24.106387957930565 33.222149968147278 8.5627938807010633 8.056837782263754 9.2428284436464292 14.507810994982721 14.197074994444845 6.902576431632041
leaf_count=56 41 39 104 140 36 34 40 61 61 30
internal_value=0.000826293 -0.00387307 -0.00665485 -0.00210911 -0.0167295 0.00756981 -0.000661099 0.0134871 0.0179601 0.00721612
internal_weight=150.569 87.9242 79.2879 57.3285 21.9594 62.6448 25.8831 36.7617 28.7049 16.6403
internal_count=642 375 336 244 92 267 111 156 122 71
is_linear=0
shrinkage=0.03


Tree=69
num_leaves=12
num_cat=0
split_feature=27 20 3 36 32 10 35 13 37 6 11
split_gain=5.21311 5.53285 4.87782 4.59795 4.21038 4.07034 6.9766 3.5634 3.16179 2.69509 1.25211
threshold=2.5000000000000004 0.02359113355248391 0.0011655486526246375 0.0063686658033927151 -0.0002224449998490807 0.006609748386722126 0.017903555733564839 -0.21163613464952744 0.02567868769646631 -0.012019833566436929 -0.0026542438916598017
decision_type=2 2 2 2 2 2 2 2 2 2 2
left_child=1 3 8 7 -5 10 -7 -1 9 -2 -4
right_child=2 -3 5 4 -6 6 -8 -9 -10 -11 -12
leaf_value=0.0075320082526394334 0.0038948279969344898 0.016342373362222315 0 0 -0.023572593478070936 -0.010002468417408929 0.022355486846165302 -0.0079576546300070931 0.00029244594088413206 0.030824948404937397 -0.019162288308770144
leaf_weight=23.024420276284218 7.1393478065729168 8.6077175885438901 6.9040353894233704 11.39746814966202 18.419013664126396 8.6033292859792727 11.249815940856932 26.37951797246933 9.7640947848558408 11.711701497435572 7.2225871980190259
leaf_count=96 30 39 30 48 80 37 47 112 42 50 31
internal_value=0.000797919 -0.00377759 0.0073683 -0.006497 -0.0154115 -2.06854e-05 0.00801471 -0.000434797 0.0160606 0.0226971 -0.011837
internal_weight=150.423 87.8281 62.5949 79.2204 29.8165 33.9798 19.8531 49.4039 28.6151 18.851 14.1266
internal_count=642 375 267 336 128 145 84 208 122 80 61
is_linear=0
shrinkage=0.03


Tree=70
num_leaves=11
num_cat=0
split_feature=21 14 21 38 38 37 26 24 2 10
split_gain=7.4872 7.42551 6.39405 6.37702 5.88018 5.58739 5.24065 3.72943 3.49713 1.75219
threshold=0.013894814438024565 33.373679107653977 0.013375416898981812 0.010194127518068851 0.0087607000209508745 0.03807123946463243 0.35758377425044097 0.28452380952380957 0.0066613903431292929 -0.015295572846560078
decision_type=2 2 2 2 2 2 2 2 2 2
left_child=2 3 5 -2 -3 6 -1 -7 -6 -5
right_child=1 4 -4 9 8 7 -8 -9 -10 -11
leaf_value=-0.00062334532330102633 0 0.013083038985273465 -0.027037510524120657 0.0064965955999089055 0 0.020530477308155156 -0.019752313674903224 -0.0021691490846671106 -0.028175242858169296 0.030526002390891559
leaf_weight=41.634582653641701 13.364743530750273 8.074457064270975 9.0155507475137693 6.811031341552737 7.5605743676424009 11.412522688508036 17.99028043448925 9.9469051510095579 7.1291299909353256 16.363500773906708
leaf_count=177 58 34 38 32 31 48 77 42 30 71
internal_value=0 0.00809418 -0.00543953 0.0162425 -0.00463463 -0.0022607 -0.00709217 0.0100367 -0.015673 0.0251368
internal_weight=149.303 59.3034 89.9998 36.5393 22.7642 80.9843 59.6249 21.3594 14.6897 23.1745
internal_count=638 256 382 161 95 344 254 90 61 103
is_linear=0
shrinkage=0.03


Tree=71
num_leaves=13
num_cat=0
split_feature=15 15 35 36 15 20 17 24 16 25 1 34
split_gain=5.60058 17.5088 10.2288 5.15165 5.03219 5.86826 5.77041 5.76339 3.24783 2.30027 1.34181 0.44608
threshold=22.509389640799544 43.978361295986701 0.04708286951789132 0.0072988205354130925 -17.612858854976349 0.015798526188931055 3.7697487739524491 -0.43288288288288285 8.1371998731698145 0.12685643564356439 0.0083569780107886089 0.0079652569852287653
decision_type=2 2 2 2 2 2 2 2 2 2 2 2
left_child=4 10 3 -3 5 -1 -7 9 -9 -6 11 -2
right_child=1 2 -4 -5 7 6 -8 8 -10 -11 -12 -13
leaf_value=-0.018921421635594727 -0.014820897769174543 0.026848546569584467 -0.017547809296712406 -0.0013873590897748053 0.0046368688292322451 0.016538802271952362 -0.010146002379576111 0.020913215819171292 0.0010583141767411977 -0.015531480985207164 -0.0081416795218958813 -0.038520239920417802
leaf_weight=12.854559600353239 8.0875923186540657 15.00574709475041 8.4218403100967389 7.0825953781604758 8.3432765603065473 13.988436430692675 10.969701141119002 28.977317526936531 12.204450398683546 7.1399319171905509 7.1303580552339545 8.8570173233747465
leaf_count=57 34 62 35 30 35 61 50 124 52 30 31 37
internal_value=0 -0.00752777 0.00710849 0.0178086 0.00435999 -0.00372319 0.00437118 0.00995265 0.015698 -0.00451841 -0.0257741 -0.0307593
internal_weight=149.063 54.5852 30.5102 22.0883 94.4777 37.8127 24.9581 56.665 41.1818 15.4832 24.075 16.9446
internal_count=638 229 127 92 409 168 111 241 176 65 102 71
is_linear=0
shrinkage=0.03


Tree=72
num_leaves=12
num_cat=0
split_feature=19 20 4 14 5 12 18 15 12 35 4
split_gain=6.86995 7.029 6.14222 5.01204 13.1577 10.1404 5.0518 3.27014 2.45941 2.33576 2.09783
threshold=0.071451827870824922 0.012456054127951349 -0.027939306265652161 33.373679107653977 0.080664139675084914 40.325817860300624 0.23288974532467341 40.202156843773949 60.050825921219833 0.035744154481487385 0.062339651549679582
decision_type=2 2 2 2 2 2 2 2 2 2 2
left_child=1 -1 -3 5 8 6 -2 -4 -5 -7 -6
right_child=3 2 7 4 10 9 -8 -9 -10 -11 -12
leaf_value=0.01559481634094022 0.0063022953920507403 0.0095674098135791596 -0.019587082521907485 -0.0029899035323226876 0.025915841829508221 0.027336759656360853 -0.019904998285876985 0 -0.028167638767391926 0.0066021436212553601 0.001178266732488185
leaf_weight=7.801997259259223 14.625342324376108 8.0669079422950727 37.548431098461151 7.5518542230129269 7.1958421021699888 20.601622760295871 8.6615633666515333 7.9436890184879294 10.745598033070562 11.077103257179258 7.00061896443367
leaf_count=32 64 34 162 31 30 89 39 33 46 48 30
internal_value=0 -0.00762203 -0.0117137 0.00528845 -0.00358467 0.010739 -0.00365567 -0.0160472 -0.0198336 0.0213545 0.0162951
internal_weight=148.821 61.361 53.559 87.4595 32.4939 54.9656 23.2869 45.4921 18.2975 31.6787 14.1965
internal_count=638 261 229 377 137 240 103 195 77 137 60
is_linear=0
shrinkage=0.03


Tree=73
num_leaves=11
num_cat=0
split_feature=21 15 15 21 23 19 23 12 20 21
split_gain=6.69795 6.96438 9.32758 10.2899 6.92202 5.06748 2.31889 2.09068 2.07185 1.59833
threshold=0.013894814438024565 49.126447549330898 19.213226238129145 0.0095117434270035727 0.90242656365206264 0.091663674398062708 1.0201248104785938 45.546187950884708 0.023005450665101197 0.019177465179409745
decision_type=2 2 2 2 2 2 2 2 2 2
left_child=1 2 3 -1 5 -2 -6 -4 -8 -7
right_child=4 -3 7 -5 6 9 8 -9 -10 -11
leaf_value=0.019608144866872967 0.010548248260643366 0.01616167156155926 -0.0060486423928613345 -0.0086618096004420775 0.029424812118888911 -0.021011651606105134 0.01574931909544354 -0.029990950465979896 -0.0016614478145340987 -0.00092775667114196661
leaf_weight=13.478190287947653 12.58849047124386 9.7870517671108228 7.7431228458881405 43.373418197035789 9.4481411874294299 8.2611084580421466 12.752494022250177 15.192363128066061 7.5425716042518607 8.3474384099245054
leaf_count=56 53 41 32 187 41 35 56 66 35 36
internal_value=0 -0.0051714 -0.00830284 -0.00126619 0.00766369 -0.00228611 0.017432 -0.0236429 0.0090373 -0.0129082
internal_weight=148.514 89.5741 79.7871 56.8516 58.9402 29.197 29.7432 22.9355 20.2951 16.6085
internal_count=638 382 341 243 256 124 132 98 91 71
is_linear=0
shrinkage=0.03


Tree=74
num_leaves=11
num_cat=0
split_feature=37 37 35 14 12 37 6 34 25 8
split_gain=4.77265 6.93966 5.53727 4.59521 6.58971 4.62883 4.19439 3.86653 3.27336 2.69272
threshold=0.034031721132759658 0.070230937940536711 0.039998235267174838 5.3934896527250666 39.811196465629543 -0.011577740729996231 0.0020068913539937733 -0.0093967307369348645 0.11055555555555556 0.0079551946647956808
decision_type=2 2 2 2 2 2 2 2 2 2
left_child=3 2 7 4 6 -5 -1 -2 -7 -6
right_child=1 -3 -4 5 9 8 -8 -9 -10 -11
leaf_value=0 -0.0001816898131382693 -0.01369971081535533 -0.0047001328692243939 0.0052268429955411562 0.019854966843313854 -0.0001056386878161973 -0.024601732482135392 0.022667976591613234 -0.021861477254072958 -4.8584160853180779e-05
leaf_weight=20.119942501187328 6.9456218481063798 9.629288896918295 11.239232465624807 9.8046502321958524 15.440085157752039 10.071495428681372 6.9763817638158789 26.994649559259418 23.896535038948059 7.1448243707418433
leaf_count=89 30 41 47 41 68 43 32 115 101 31
internal_value=0 0.00684895 0.0119416 -0.0041331 0.00186123 -0.0110483 -0.00754864 0.0178247 -0.0161925 0.0134565
internal_weight=148.263 54.8088 45.1795 93.4539 49.6812 43.7727 27.0963 33.9403 33.968 22.5849
internal_count=638 233 192 405 220 185 121 145 144 99
is_linear=0
shrinkage=0.03


Tree=75
num_leaves=7
num_cat=0
split_feature=32 21 15 15 21 26
split_gain=5.03567 5.62308 4.34311 6.05678 4.29366 3.02265
threshold=-0.0088948675050137243 0.019177465179409745 -17.612858854976349 -5.656323840485495 0.012637360962871479 0.15849282296650721
decision_type=2 2 2 2 2 2
left_child=-1 2 4 -4 -2 -3
right_child=1 5 3 -5 -6 -7
leaf_value=0.017308891637206603 -0.023259533033428547 -0.001160760261570888 0.016396529281270823 -0.0039160858259840847 0 0.019625249798601557
leaf_weight=12.928644657135008 15.436551854014398 7.8572649508714703 13.935962066054342 74.469491302967072 12.009942740201948 14.189989015460013
leaf_count=56 69 35 59 314 52 63
internal_value=0.000697316 -0.000978054 -0.00375997 -0.000256252 -0.0137522 0.0121133
internal_weight=150.828 137.899 115.852 88.4055 27.4465 22.0473
internal_count=648 592 494 373 121 98
is_linear=0
shrinkage=0.03


Tree=76
num_leaves=6
num_cat=0
split_feature=20 38 3 5 3
split_gain=4.79741 10.2166 6.39996 6.61478 2.40889
threshold=0.024816594842296282 0.015091358776199338 0.030198032177104043 0.038805634556017495 0.046349725477275235
decision_type=2 2 2 2 2
left_child=1 2 3 -1 -4
right_child=-2 -3 4 -5 -6
leaf_value=0.0003896141793772903 0.018219450637057193 -0.02722549864931895 -0.021690437621146051 0.018204951970559848 0
leaf_weight=88.575199156999588 10.935079306364058 10.127753853797911 10.863032609224321 22.490385770797729 7.6401410251855841
leaf_count=378 50 45 48 94 33
internal_value=0.000684232 -0.000820306 0.00151213 0.00438803 -0.013763
internal_weight=150.632 139.697 129.569 111.066 18.5032
internal_count=648 598 553 472 81
is_linear=0
shrinkage=0.03


Tree=77
num_leaves=6
num_cat=0
split_feature=32 21 23 23 26
split_gain=4.75311 5.29403 4.66165 5.97822 2.87
threshold=-0.0088948675050137243 0.019177465179409745 0.74459723450645932 1.2446650886631632 0.15849282296650721
decision_type=2 2 2 2 2
left_child=-1 2 -2 -4 -3
right_child=1 4 3 -5 -6
leaf_value=0.016823376224054096 -0.020722225909589991 -0.001136724599190728 0.0010690259260823767 -0.020657754032036013 0.019112312915776326
leaf_weight=12.88709035515785 10.981706097722052 7.8379183411598232 93.843228578567505 10.829816609621046 14.103502064943312
leaf_count=56 46 35 401 47 63
internal_value=0.000658808 -0.000967032 -0.00366824 -0.00138345 0.0117617
internal_weight=150.483 137.596 115.655 104.673 21.9414
internal_count=648 592 494 448 98
is_linear=0
shrinkage=0.03


Tree=78
num_leaves=6
num_cat=0
split_feature=20 38 3 33 3
split_gain=4.48311 9.8264 6.07337 6.52413 2.33277
threshold=0.024816594842296282 0.015091358776199338 0.030198032177104043 0.8411025121751291 0.046349725477275235
decision_type=2 2 2 2 2
left_child=1 2 3 -1 -4
right_child=-2 -3 4 -5 -6
leaf_value=0.0011680084110059984 0.017651187044693012 -0.026774624489148625 -0.021253540911411239 0.022160253582807401 0
leaf_weight=97.108727008104324 10.846549913287161 10.071231648325918 10.812115684151651 13.880162909626959 7.6280273646116248
leaf_count=413 50 45 48 59 33
internal_value=0.000634511 -0.000813363 0.00146932 0.00427182 -0.0134322
internal_weight=150.347 139.5 129.429 110.989 18.4401
internal_count=648 598 553 472 81
is_linear=0
shrinkage=0.03


Tree=79
num_leaves=5
num_cat=0
split_feature=32 14 35 16
split_gain=4.5095 2.73044 4.81838 3.96291
threshold=-0.0088948675050137243 77.693871425748526 -0.056255757477277006 8.1371998731698145
decision_type=2 2 2 2
left_child=-1 2 -2 -4
right_child=1 -3 3 -5
leaf_value=0.016384146599640013 0.013269285340297688 0.010500639087016464 -0.00075547448545582095 -0.013225075237708734
leaf_weight=12.844865158200262 12.927650719881056 14.101765066385267 77.782887384295464 32.544593513011932
leaf_count=56 58 59 333 142
internal_value=0.000612672 -0.000968525 -0.0025472 -0.0047373
internal_weight=150.202 137.357 123.255 110.327
internal_count=648 592 533 475
is_linear=0
shrinkage=0.03


Tree=80
num_leaves=10
num_cat=0
split_feature=21 35 5 12 20 20 20 17 6
split_gain=6.02801 5.63698 6.30957 6.36401 4.24501 6.41317 2.41682 2.37563 2.44062
threshold=0.019177465179409745 0.0058687069025036296 1.0000000180025095e-35 39.811196465629543 0.020499256158247825 0.016163686441467134 0.015514471753375265 -2.7108585669003022 0.015121067261333764
decision_type=2 2 2 2 2 2 2 2 2
left_child=1 2 3 -1 5 -3 -4 -2 -9
right_child=7 4 6 -5 -6 -7 -8 8 -10
leaf_value=-0.013461536519689907 -0.0022079879084012512 0.0073439466578005697 -0.0047880674950339305 0.017155776278607451 0.019788548134150132 -0.010166613384406274 -0.030610178098578664 0.024008532200544795 0.00056005019749716216
leaf_weight=12.884024545550348 6.6165385693311718 32.485248893499374 7.05926385521889 8.3070370703935605 7.0367440879344931 38.618670642375946 14.117743313312529 11.278037190437319 7.8037430793046942
leaf_count=58 30 138 30 35 30 163 61 52 34
internal_value=-0.00149049 -0.00441726 -0.0129661 -0.000368099 0.000238675 -0.00197933 -0.0238056 0.0110206 0.0160934
internal_weight=146.207 120.509 42.3681 21.1911 78.1407 71.1039 21.177 25.6983 19.0818
internal_count=631 515 184 93 331 301 91 116 86
is_linear=0
shrinkage=0.03


Tree=81
num_leaves=9
num_cat=0
split_feature=36 34 26 20 7 23 15 27
split_gain=4.27161 6.11914 5.88516 4.88821 7.80349 4.92897 4.76798 1.54314
threshold=0.0060502075385280981 -0.049782176339565158 0.22326064382139152 0.020448951634311947 -0.0087597117467287048 0.87460294190373555 22.509389640799544 2.5000000000000004
decision_type=2 2 2 2 2 2 2 2
left_child=3 -2 7 4 -1 -6 -4 -3
right_child=1 2 6 -5 5 -7 -8 -9
leaf_value=-0.018835667167388673 0.01385738565770187 -0.026782356292040049 0.0062608482943560632 0.018450195368493218 0.018460558513714011 -0.00077332562282682597 -0.017075106556829745 -0.0083438722655387841
leaf_weight=13.84235994517803 8.6812918782234174 15.317749664187433 22.183732315897945 13.333079054951666 15.073464125394819 35.329536944627762 9.5647519677877408 12.663655593991278
leaf_count=58 38 68 97 59 64 151 41 55
internal_value=-0.00144193 -0.00687683 -0.0104847 0.00321462 -0.000182407 0.00517752 -0.000920299 -0.0200512
internal_weight=145.99 68.4112 59.7299 77.5784 64.2454 50.403 31.7485 27.9814
internal_count=631 299 261 332 273 215 138 123
is_linear=0
shrinkage=0.03


Tree=82
num_leaves=10
num_cat=0
split_feature=21 35 28 1 5 5 27 36 36
split_gain=5.66382 5.31674 6.36263 4.23257 4.05569 4.7255 3.11802 2.76078 4.90308
threshold=0.019177465179409745 0.0058687069025036296 1.5000000000000002 -0.016376208112376164 0.045418035779481565 -0.020499793520914574 1.5000000000000002 0.0053599416292539085 0.008138132147436021
decision_type=2 2 2 2 2 2 2 2 2
left_child=1 2 -1 -4 5 -3 -6 -2 -9
right_child=7 4 3 -5 6 -7 -8 8 -10
leaf_value=0.0093959068016031717 0.025129118847813724 0.0090174036411953176 0 -0.023316308849368247 -0.00050628161413061705 -0.0085724257337568971 0.022298745671302085 -0.0080999829750380524 0.019860302559593417
leaf_weight=7.5093734860420218 6.6744839549064663 17.155180066823959 7.8443742841482154 26.842438593506813 7.6006782352924374 43.676397487521172 9.6612004190683347 11.461227089166643 7.4355593472719184
leaf_count=32 30 73 33 119 33 184 41 51 35
internal_value=-0.00140603 -0.00424596 -0.0125707 -0.0179881 0.000266463 -0.00324403 0.0124686 0.0107481 0.00303192
internal_weight=145.861 120.29 42.1962 34.6868 78.0935 60.8316 17.2619 25.5713 18.8968
internal_count=631 515 184 152 331 257 74 116 86
is_linear=0
shrinkage=0.03


Tree=83
num_leaves=9
num_cat=0
split_feature=21 35 28 6 23 5 36 36
split_gain=5.39427 5.03318 6.0598 4.57226 3.92122 4.89207 2.65092 4.6901
threshold=0.019177465179409745 0.0058687069025036296 1.5000000000000002 -0.012654081824022249 1.2803620822446464 0.05449764272218794 0.0053599416292539085 0.008138132147436021
decision_type=2 2 2 2 2 2 2 2
left_child=1 2 -1 -4 5 -3 -2 -8
right_child=6 4 3 -5 -6 -7 7 -9
leaf_value=0.0091719333632735867 0.024679760342595138 -0.00067935544948325821 0 -0.023730603053526783 -0.017501507470840519 0.018958065760537737 -0.0078867802532382562 0.019487572041367317
leaf_weight=7.5107818245887747 6.6292324066162136 58.608908787369728 9.2877380400896055 25.274873554706573 7.6400763094425193 11.792180404067038 11.47182856500149 7.3893994390964499
leaf_count=32 30 248 39 113 33 50 51 35
internal_value=-0.00133929 -0.00411401 -0.0122288 -0.0175369 0.000269639 0.00283557 0.010538 0.00295895
internal_weight=145.605 120.115 42.0734 34.5626 78.0412 70.4011 25.4905 18.8612
internal_count=631 515 184 152 331 298 116 86
is_linear=0
shrinkage=0.03


Tree=84
num_leaves=8
num_cat=0
split_feature=21 16 5 11 34 20 38
split_gain=5.14977 3.62753 5.61315 5.17493 2.10167 2.40516 1.55829
threshold=0.019177465179409745 20.866323264573079 0.05449764272218794 -0.036765150079140212 0.015592155722772063 0.026838685326638034 0.0086546881735441259
decision_type=2 2 2 2 2 2 2
left_child=1 2 3 -1 5 -2 -4
right_child=4 -3 6 -5 -6 -7 -8
leaf_value=0.01594236018242853 -0.0038696030571028382 -0.022015271081431319 0.022176468433699276 -0.0072096416265713375 0.022601330016289573 0.016138641928366684 0.00078479585229490416
leaf_weight=7.3593083322048178 12.099024891853338 7.5125945359468451 7.1793995946645719 90.730607748031616 7.0391218960285178 6.2704357057809821 7.169470027089119
leaf_count=31 53 35 31 388 32 31 30
internal_value=-0.00128795 -0.00400163 -0.00230326 -0.00503892 0.010333 0.00313783 0.0138091
internal_weight=145.36 119.951 112.439 98.0899 25.4086 18.3695 14.3489
internal_count=631 515 480 419 116 84 61
is_linear=0
shrinkage=0.03


Tree=85
num_leaves=11
num_cat=0
split_feature=13 13 22 14 11 16 34 16 19 22
split_gain=5.09408 7.72538 5.28636 4.79856 4.06938 3.68636 5.12211 4.10515 2.15554 0.948087
threshold=-0.92839836146614363 -4.5697179520032298 0.57771238143984316 20.545013478019204 -0.017136500062077838 -8.4553803574528263 -0.0066740783279718987 6.1496501439112219 0.056133581758043151 0.060982032363369527
decision_type=2 2 2 2 2 2 2 2 2 2
left_child=1 4 5 9 -1 6 -2 -7 -6 -3
right_child=2 3 -4 -5 8 7 -8 -9 -10 -11
leaf_value=-0.020298117706359916 0 0.029886910305579124 0.01488104172710104 0 -0.0087633259701959971 0.005277225345111017 -0.029712846546200579 -0.011125118979951191 0.0075489712486493422 0.0093973578141115024
leaf_weight=7.3735602945089331 8.1088015735149401 13.22156740725041 8.3756690919399244 10.406226709485052 8.3507475554943102 24.680997535586357 11.425509721040724 25.207091808319092 20.375405803322792 8.3075359910726529
leaf_count=33 35 57 36 44 35 107 49 112 87 36
internal_value=0.000225622 0.00622209 -0.00485488 0.0165852 -0.00294126 -0.00779603 -0.0183396 -0.00283072 0.00205702 0.0240889
internal_weight=145.833 68.035 77.7981 31.9353 36.0997 69.4224 19.5343 49.8881 28.7262 21.5291
internal_count=631 292 339 137 155 303 84 219 122 93
is_linear=0
shrinkage=0.03


Tree=86
num_leaves=13
num_cat=0
split_feature=13 13 5 35 34 25 40 38 38 8 40 9
split_gain=4.81815 7.3745 4.59784 3.96821 4.00867 2.90471 7.45584 3.70516 3.5756 3.48938 2.442 1.55383
threshold=-0.92839836146614363 -4.5697179520032298 1.0000000180025095e-35 0.016635913035497277 0.0075855163798330691 0.41644518272425257 0.01756741258863204 0.01080386534811198 0.011976796542530409 0.030980475035115827 0.040631213741467061 -0.0073049022090888706
decision_type=2 2 2 2 2 2 2 2 2 2 2 2
left_child=1 3 -3 11 -5 7 -7 9 -9 -2 -4 -1
right_child=5 2 10 4 -6 6 -8 8 -10 -11 -12 -13
leaf_value=-0.020484697491206523 -0.018593510261727172 0.028030214313634262 -0.0059341989825624957 0.020351110550900969 -0.004463398913958346 -0.011228158841111649 0.02146679577086533 0.014018695650702587 -0.0083811075967906833 0.002596597857754603 0.013782364209820671 -0.00043897603917716557
leaf_weight=9.0079330354928988 28.08292843401432 14.153252303600313 8.3246126323938388 7.6545766741037395 11.841462343931196 10.953659132122995 9.8611847907304746 9.2461936175823229 12.595531105995176 6.9954794198274604 9.4016349315643293 7.5722673982381812
leaf_count=40 121 62 35 32 51 49 42 40 57 30 40 32
internal_value=0.000217848 0.00605608 0.0161942 -0.0028888 0.00556853 -0.00472169 0.00412783 -0.00824267 0.000852717 -0.014051 0.00409978 -0.0131697
internal_weight=145.691 67.9557 31.8795 36.0762 19.496 77.735 20.8148 56.9201 21.8417 35.0784 17.7262 16.5802
internal_count=631 292 137 155 83 339 91 248 97 151 75 72
is_linear=0
shrinkage=0.03


Tree=87
num_leaves=9
num_cat=0
split_feature=24 19 38 14 32 8 38 15
split_gain=4.05284 3.20512 6.67651 4.97882 9.69484 5.16722 2.92361 1.90694
threshold=-0.79639668367346927 0.055790261619877428 0.008170095165707195 30.666157391169694 0.00052856248882526835 0.032800687583008865 0.0069244787077749788 27.815141264519507
decision_type=2 2 2 2 2 2 2 2
left_child=-1 2 6 4 -3 -5 -2 -4
right_child=1 3 7 5 -6 -7 -8 -9
leaf_value=0.015839158024913993 -0.007689602843484339 0.016930959130346732 -0.029623010183395686 -0.017818848875964428 -0.0050567655495329603 0.0038460081370502979 0.015375500770456419 -0.0047432129941275694
leaf_weight=11.71749886870384 7.0338290631771114 34.239842876791954 9.5837064385414141 18.346509203314781 33.071982681751251 16.422446072101593 8.1170585453510267 6.9802208244800559
leaf_count=50 30 153 41 77 144 72 34 30
internal_value=0.000217937 -0.0012528 -0.00933272 0.00124448 0.00607724 -0.00752533 0.00414487 -0.021587
internal_weight=145.513 133.796 31.7148 102.081 67.3118 34.769 15.1509 16.5639
internal_count=631 581 135 446 297 149 64 71
is_linear=0
shrinkage=0.03


Tree=88
num_leaves=11
num_cat=0
split_feature=13 13 22 11 27 16 34 10 9 38
split_gain=4.47219 6.93244 4.98004 3.82527 3.93885 3.44613 4.88803 4.61217 3.25022 2.36749
threshold=-0.92839836146614363 -4.5697179520032298 0.57771238143984316 -0.017136500062077838 2.5000000000000004 -8.4553803574528263 -0.0066740783279718987 -0.0025456604848868021 0.00076867147790698521 0.0093202126862137365
decision_type=2 2 2 2 2 2 2 2 2 2
left_child=1 3 5 -1 -5 6 -2 -7 -3 -10
right_child=2 8 -4 4 -6 7 -8 -9 9 -11
leaf_value=-0.019704037513255678 0 0.025612495353466477 0.014594431954492899 -0.0065694744315916856 0.014328697191176513 0.010899486304970474 -0.028805780909201592 -0.0083485896754637301 0.015848043841227479 -0.0037531633579534454
leaf_weight=7.3356510996818534 8.0988806486129779 14.433450624346735 8.3582627177238447 16.745572105050091 11.923740699887274 13.488225936889647 11.348021835088728 36.248815953731537 7.6434053033590343 9.6984314024448377
leaf_count=33 35 64 36 71 51 59 49 160 32 41
internal_value=0.000200176 0.00583597 -0.00456041 -0.00283093 0.00200071 -0.00743029 -0.0176439 -0.00261921 0.0156868 0.00485595
internal_weight=145.322 67.7803 77.5422 36.005 28.6693 69.1839 19.4469 49.737 31.7753 17.3418
internal_count=631 292 339 155 122 303 84 219 137 73
is_linear=0
shrinkage=0.03


Tree=89
num_leaves=11
num_cat=0
split_feature=13 13 22 12 35 1 1 8 1 2
split_gain=4.22747 6.60442 4.73714 3.92064 3.76172 4.6966 2.37725 3.26047 1.68555 0.970395
threshold=-0.92839836146614363 -4.5697179520032298 0.57771238143984316 55.80224032586559 0.016635913035497277 -0.014425582192671703 0.021734041084768844 0.032800687583008865 -0.016376208112376164 0.0012681008906053617
decision_type=2 2 2 2 2 2 2 2 2 2
left_child=1 4 6 9 8 -6 7 -2 -1 -3
right_child=2 3 -4 -5 5 -7 -8 -9 -10 -11
leaf_value=-2.18911660082996e-05 -0.012497070101373709 0.02796893824539819 0.014236813818985637 0 -0.010685839710268309 0.01641476745111187 0.0048893925515508408 0.005222800421759803 -0.020503617903938946 0.0070192345921820751
leaf_weight=7.7132902294397381 50.646835714578629 13.17831932008267 8.3613588958978635 11.731474205851553 7.3162260353565243 12.116963371634482 9.5907498449087125 8.8740793913602811 8.8294984400272352 6.8000694513320914
leaf_count=33 221 57 36 50 31 52 43 39 39 30
internal_value=0.000198291 0.00568457 -0.00442859 0.0153135 -0.00276705 0.00546699 -0.00723463 -0.00952746 -0.0127951 0.0228084
internal_weight=145.159 67.6858 77.473 31.7099 35.976 19.4332 69.1117 59.5209 16.5428 19.9784
internal_count=631 292 339 137 155 83 303 260 72 87
is_linear=0
shrinkage=0.03


Tree=90
num_leaves=11
num_cat=0
split_feature=9 28 35 3 12 25 34 12 26 34
split_gain=4.56258 7.10401 5.54353 5.55408 5.81008 4.86128 4.84775 4.29954 3.86978 1.70468
threshold=0.034625020970649921 6.5000000000000009 0.013763107261345555 -0.022271961757161948 40.201745509739446 0.042403356308061142 0.012036836997396884 59.561072310598171 0.061553030303030311 -0.018034275176167621
decision_type=2 2 2 2 2 2 2 2 2 2
left_child=2 6 3 9 -5 -4 -2 -3 -7 -1
right_child=1 7 5 4 -6 8 -8 -9 -10 -11
leaf_value=0.017660241760062863 -0.012720477090589851 -0.0019505884941555817 -0.010389905864203549 -0.028930536101621464 -0.0014247363994691804 0.026259001924430165 0.015069437166371671 -0.032885230906115892 0.0070927573341898987 0
leaf_weight=8.1308170855045301 7.1179964244365719 8.3224179297685641 7.4154343605041495 9.0657258778810519 22.468786582350731 13.073088914155958 12.089273065328596 9.5814794450998289 43.045857146382332 7.350523814558982
leaf_count=36 31 36 32 43 99 56 52 42 184 33
internal_value=0.000543784 -0.00817317 0.00369653 -0.00380351 -0.0110334 0.0094222 0.00383511 -0.0209001 0.0125657 0.00964266
internal_weight=147.661 37.1112 110.55 47.0159 31.5345 63.5344 19.2073 17.9039 56.1189 15.4813
internal_count=644 161 483 211 142 272 83 78 240 69
is_linear=0
shrinkage=0.03


Tree=91
num_leaves=10
num_cat=0
split_feature=2 38 38 23 37 31 3 6 17
split_gain=3.91922 5.20616 4.87752 6.35637 4.37188 3.38622 6.39172 3.02636 2.17209
threshold=0.009267113974490539 0.0072465253229492621 0.015091358776199338 0.75538021448993609 0.016396163736877582 1.5000000000000002 0.01841771188998154 0.021396159129882245 0.56258074733863517
decision_type=2 2 2 2 2 2 2 2 2
left_child=1 4 3 -3 -1 8 -7 -8 -2
right_child=5 2 -4 -5 -6 6 7 -9 -10
leaf_value=-0.024114543671987829 0 -0.0089599731666442067 -0.010660457760689784 0.014132439841073095 0.0027409039254260316 0.017194019037641114 -0.018885506981918671 0.0033761324675708271 -0.020560817323490438
leaf_weight=7.7364836037158993 7.1741234213113811 10.714837372303007 9.288688123226164 59.784922167658806 9.6869225054979307 10.903254047036173 10.792341291904451 7.0203949809074393 14.326374083757399
leaf_count=34 32 45 43 256 41 48 48 31 66
internal_value=0.000507955 0.00409373 0.00744487 0.0102655 -0.00966659 -0.00603724 0.000349101 -0.00989948 -0.0145089
internal_weight=147.428 97.2119 79.7884 70.4998 17.4234 50.2165 28.716 17.8127 21.5005
internal_count=644 419 344 301 75 225 127 79 98
is_linear=0
shrinkage=0.03


Tree=92
num_leaves=10
num_cat=0
split_feature=9 28 2 9 14 25 40 32 40
split_gain=4.29849 6.67411 5.6225 5.14926 7.86234 5.39069 4.99178 3.63922 1.72844
threshold=0.034625020970649921 6.5000000000000009 0.014039636732170015 0.014360565101146928 9.1172909939830351 0.27614269788182838 0.047651985300135598 0.0031455952564990457 0.013847595640837597
decision_type=2 2 2 2 2 2 2 2 2
left_child=2 6 3 4 -1 -5 -2 -4 -3
right_child=1 8 7 5 -6 -7 -8 -9 -10
leaf_value=0.0075775050910008267 -0.011665320348875123 -0.0048630375986648006 0.0029244988573579899 0.002303359511083829 -0.016927432994308711 0.03206938763858163 0.016140073752856962 -0.019480569320997499 -0.027925941218335332
leaf_weight=52.865233883261681 8.1461513936519641 7.5517782270908382 9.6279491037130374 12.021825775504114 12.850595220923422 11.105296358466147 11.011973842978476 11.814605414867399 10.255476728081701
leaf_count=236 35 33 44 51 53 46 48 53 45
internal_value=0.000467565 -0.00800814 0.00353407 0.00695635 0.00220568 0.0186084 0.00362301 -0.00938935 -0.0203812
internal_weight=147.251 36.9654 110.286 88.843 65.7158 23.1271 19.1581 21.4426 17.8073
internal_count=644 161 483 386 289 97 83 97 78
is_linear=0
shrinkage=0.03


Tree=93
num_leaves=9
num_cat=0
split_feature=35 6 28 38 38 35 38 0
split_gain=3.41629 6.30338 5.02958 4.28461 4.81097 4.57449 3.60323 2.85854
threshold=-0.0037483113032670819 -0.013949723911020432 2.5000000000000004 0.011833071001069321 0.011132186129835632 0.039998235267174838 0.0097280313798114859 0.0066634122836560792
decision_type=2 2 2 2 2 2 2 2
left_child=1 -1 -3 4 5 -2 -4 -5
right_child=3 2 6 7 -6 -7 -8 -9
leaf_value=0.010992058637878884 0.010177266277793015 0.0024097391501125952 -0.031555854660975595 0.00071265233492754862 0.025956625699272113 -0.0042094366491578789 -0.0048616882796489449 -0.019810053938572856
leaf_weight=11.394245848059652 41.22654689848423 10.754578024148939 11.31509403884411 11.638798400759699 8.4627935588359815 33.498637929558754 10.564654529094694 8.2220719903707487
leaf_count=51 178 46 53 51 38 142 48 37
internal_value=0.00044278 -0.00626326 -0.0130079 0.00351548 0.00659809 0.00359072 -0.0207814 -0.00813234
internal_weight=147.077 44.0286 32.6343 103.049 83.188 74.7252 21.8797 19.8609
internal_count=644 198 147 446 358 320 101 88
is_linear=0
shrinkage=0.03


Tree=94
num_leaves=11
num_cat=0
split_feature=9 14 2 9 14 40 15 1 35 15
split_gain=4.10869 5.84612 5.31453 4.84931 7.52685 5.06226 4.49557 3.88291 1.34147 1.20321
threshold=0.034625020970649921 92.839426760111124 0.014039636732170015 0.014360565101146928 9.1172909939830351 0.0064298353426528463 112.45847498753585 0.021322152446132451 0.014920402801057777 -10.547677306713597
decision_type=2 2 2 2 2 2 2 2 2 2
left_child=2 8 3 4 -1 -5 -3 9 -2 -4
right_child=1 6 7 5 -6 -7 -8 -9 -10 -11
leaf_value=0.0074058831432541848 -0.0044013827261577395 0.021296840058060238 -0.0038479110431490879 0 -0.016586601116418138 0.027267767403712725 -0.0082239094139035605 0.0054707884332763036 -0.022767610583494823 -0.025993084629797332
leaf_weight=52.699208199977875 9.2017368227243441 6.8557289987802488 6.4563692957162866 7.9631280452013042 12.834780573844908 15.157922133803366 7.2226933389902115 7.8600717335939398 13.55846720933914 7.0483065992593774
leaf_count=236 41 30 31 34 53 63 30 35 60 31
internal_value=0.000425709 -0.00787308 0.00342931 0.00676124 0.00213281 0.0180686 0.00607973 -0.00915013 -0.0169034 -0.0182353
internal_weight=146.858 36.8386 110.02 88.655 65.534 23.1211 14.0784 21.3647 22.7602 13.5047
internal_count=644 161 483 386 289 97 60 97 101 62
is_linear=0
shrinkage=0.03


Tree=95
num_leaves=11
num_cat=0
split_feature=24 34 33 11 28 34 33 3 17 22
split_gain=3.49487 3.90326 6.78595 5.79618 5.21539 3.73731 3.48645 3.9745 3.01811 2.60322
threshold=-0.3885093167701863 0.0098691045479241141 0.5588754521073741 -0.0080183296958456479 7.5000000000000009 0.034830690815106487 0.51671415545931165 -0.023097060751299411 -1.3400283501716188 0.092829982952435955
decision_type=2 2 2 2 2 2 2 2 2 2
left_child=6 2 3 -2 -4 9 7 -1 -8 -3
right_child=1 5 4 -5 -6 -7 8 -9 -10 -11
leaf_value=-0.00046281865501079759 -0.0078060065122431029 0.018640497875894935 -0.023843262773668814 0.018180373301145476 0.00020700644572423083 -0.0056056223470240269 0.012346244041828757 -0.025140921896522717 -0.010463603822536645 0.0015651558357186047
leaf_weight=11.64485800266266 11.570069231092932 21.68956983089447 16.155525118112568 15.072075068950651 12.430064082145689 11.752553939819334 9.29814061522484 13.500310346484182 7.4104267656803122 15.895684719085692
leaf_count=50 54 97 71 64 54 51 40 60 32 69
internal_value=-0.00126623 0.0015676 -0.00367743 0.00661433 -0.0135652 0.0076455 -0.00843679 -0.0151411 0.00139095 0.0122418
internal_weight=146.419 104.566 55.2277 26.6421 28.5856 49.3378 41.8537 25.1452 16.7086 37.5853
internal_count=642 460 243 118 125 217 182 110 72 166
is_linear=0
shrinkage=0.03


Tree=96
num_leaves=12
num_cat=0
split_feature=12 35 10 35 32 1 21 2 9 16 10
split_gain=3.32614 7.74898 6.47041 4.30785 4.48152 4.20958 5.86461 5.3896 2.90273 3.05858 2.01997
threshold=39.538657922584513 0.036269336939955273 0.00021165097534925351 0.023962378459250647 0.00052856248882526835 0.0058543459295513642 0.01332828805218852 0.022964570939936316 -0.071223934776403458 -20.474068027467677 -0.010542490169369921
decision_type=2 2 2 2 2 2 2 2 2 2 2
left_child=1 8 3 10 -5 6 -4 -7 -1 -10 -2
right_child=2 -3 5 4 -6 7 -8 -9 9 -11 -12
leaf_value=0 0.0060159109089710956 0.011055453193139338 0.00062492019795553288 0.017064560962626093 -0.010211748430495438 0.013368289950008085 -0.019788086265689408 -0.0095483957757799744 -0.0035180943645685379 -0.032060907263719823 0.033658113683459626
leaf_weight=6.3408275693655005 6.7463845163583755 9.7799921035766584 24.144519209861755 7.5392573326826122 10.282067209482191 21.33010096848011 21.619868561625481 12.809268340468405 6.9536966830492046 11.47191007435322 7.2485717386007327
leaf_count=30 30 42 103 33 45 94 92 58 31 53 31
internal_value=-0.0012388 -0.00914909 0.00119323 0.0123097 0.00112817 -0.00324252 -0.00912927 0.0043022 -0.0179179 -0.0234226 0.0236892
internal_weight=146.266 34.5464 111.72 31.8163 17.8213 79.9038 45.7644 34.1394 24.7664 18.4256 13.995
internal_count=642 156 486 139 78 347 195 152 114 84 61
is_linear=0
shrinkage=0.03


Tree=97
num_leaves=10
num_cat=0
split_feature=19 20 20 20 35 14 23 23 28
split_gain=3.55799 6.40265 6.20613 4.80949 4.87902 5.41512 4.17356 1.95568 1.44548
threshold=0.091131886014294436 0.016163686441467134 0.021837885380857697 0.019759700999023168 0.053820913838778857 9.485359244081339 1.0349593448259562 0.81587858561401438 7.5000000000000009
decision_type=2 2 2 2 2 2 2 2 2
left_child=3 -2 7 4 6 -6 -1 -3 -4
right_child=1 2 8 -5 5 -7 -8 -9 -10
leaf_value=0.00072818519487290265 0.01427146849219889 -0.0051893211283752707 -0.0053175720968654059 0.017548125710700083 0.026348008061055844 -0.0038642467274925679 -0.014625071349922372 -0.027405890768580691 0.009924115314082391
leaf_weight=41.998320296406746 7.8495500087738028 8.1070029884576815 12.012272849678995 13.403774753212927 9.1561213284730929 7.977282613515853 21.993884734809399 16.373640045523643 7.1873024702072135
leaf_count=180 36 35 58 59 39 35 95 73 32
internal_value=-0.00119507 -0.00744936 -0.012135 0.00214257 -0.000583291 0.0125637 -0.00460469 -0.0215627 7.85194e-05
internal_weight=146.059 51.5298 43.6802 94.5294 81.1256 17.1334 63.9922 24.4806 19.1996
internal_count=642 234 198 408 349 74 275 108 90
is_linear=0
shrinkage=0.03


Tree=98
num_leaves=11
num_cat=0
split_feature=19 38 38 11 21 38 38 12 33 6
split_gain=3.42221 9.59585 8.20678 5.44539 7.81539 5.13782 5.03268 3.97225 1.922 1.8322
threshold=0.082796877872411204 0.011218213690268248 0.012371637127059566 0.02920293512680561 0.021928226812387572 0.0093202126862137365 0.0071330589641799775 58.282810555537829 0.85350407416299601 -0.00014671808981462224
decision_type=2 2 2 2 2 2 2 2 2 2
left_child=1 5 -3 4 7 6 -1 -2 -5 -7
right_child=3 2 -4 8 -6 9 -8 -9 -10 -11
leaf_value=-0.009851949588979874 -0.0088394674058183444 0.032362609096449363 -0.0010028678582673721 -0.0010297565643484941 0.0088256037774742183 -0.0037995386271885995 0.009499340561235357 -0.03158614328190705 0.017971709122578318 -0.026636103012735689
leaf_weight=17.953940093517303 23.775361195206642 13.109434321522714 10.127962380647658 7.0876560509204847 10.756311014294623 8.6189981400966662 27.966554775834084 12.091925442218779 6.8507276475429535 7.5486026108264914
leaf_count=80 107 56 45 30 51 37 118 55 30 33
internal_value=-0.00115258 0.00257898 0.018299 -0.0065641 -0.0115246 -0.00345786 0.00152497 -0.0181674 0.00845159 -0.017046
internal_weight=145.887 85.3255 23.2374 60.562 46.6236 62.0881 45.9205 35.8673 13.9384 16.1676
internal_count=642 369 101 273 213 268 198 162 60 70
is_linear=0
shrinkage=0.03


Tree=99
num_leaves=7
num_cat=0
split_feature=14 11 14 23 23 33
split_gain=3.21112 7.23713 3.77939 4.62218 3.82154 2.23009
threshold=-46.460922434818706 -0.035497863641637976 -32.239758722595063 0.75538021448993609 1.1237044799845541 0.7096786009217082
decision_type=2 2 2 2 2 2
left_child=1 -1 -2 5 -5 -4
right_child=2 -3 3 4 -6 -7
leaf_value=0.0057326834664894371 0.018936374056332167 -0.028442835942365716 -0.025923953985261393 0.0047182186396844752 -0.0080214542240753788 -0.00090343544257433402
leaf_weight=8.7047204077243823 7.3623048663139334 9.3820493891835195 6.9922190606594068 79.713026165962219 26.187200248241425 7.2774011641740799
leaf_count=40 34 47 30 344 116 31
internal_value=-0.00113224 -0.0123151 0.000503584 -0.00079445 0.00133862 -0.0157653
internal_weight=145.619 18.0868 127.532 120.17 105.9 14.2696
internal_count=642 87 555 521 460 61
is_linear=0
shrinkage=0.03


Tree=100
num_leaves=12
num_cat=0
split_feature=21 15 15 21 26 27 23 37 22 5 3
split_gain=5.06057 4.64616 5.30629 8.94216 4.09082 3.25178 3.06996 4.71731 2.82025 1.69894 1.1659
threshold=0.013894814438024565 54.350490189900604 21.285308630129396 0.0095117434270035727 0.18027777777777779 1.5000000000000002 0.96758683296645154 0.03112786179733296 -0.054909211159197661 0.016140140863452283 0.019154022948088881
decision_type=2 2 2 2 2 2 2 2 2 2 2
left_child=1 2 3 -1 6 10 7 -2 -4 -7 -6
right_child=4 -3 8 -5 5 9 -8 -9 -10 -11 -12
leaf_value=0.016445327316307639 -0.025006127983982336 0.014143413176544866 -0.032228973667718673 -0.0093995857844186483 -0.0057081080146980006 0.028887255670621097 0.0088086406806512155 0.003653478490100772 -0.0062030118304083831 0.0056130409966418677 0.0094270753874822685
leaf_weight=14.172955065965651 7.5384580940008226 7.7244629859924308 8.5723848491907138 43.80601492524147 7.2713671475648898 9.9979627132415789 10.957827836275099 8.7170820683240873 10.4242537766695 7.6933247447013846 6.5171627998352051
leaf_count=60 33 33 38 194 33 46 50 37 45 34 30
internal_value=-0.000390067 -0.00513097 -0.00756427 -0.00249401 0.00614802 0.0132428 -0.00189038 -0.0100991 -0.0206131 0.021126 0.000783478
internal_weight=143.393 84.7001 76.9756 57.979 58.6932 31.4798 27.2134 16.2555 18.9966 17.6913 13.7885
internal_count=633 370 337 254 263 143 120 70 83 80 63
is_linear=0
shrinkage=0.03


Tree=101
num_leaves=11
num_cat=0
split_feature=21 38 36 1 40 40 26 37 25 2
split_gain=4.81503 6.09693 6.00076 7.09333 4.82504 5.36982 6.16214 4.12398 4.06717 1.96272
threshold=0.013894814438024565 0.011586685929200705 0.0066665461986932864 -0.0065483106308006902 0.0861992711441565 0.038912761240036405 0.28062500000000007 0.05281194808484025 0.20144927536231888 -0.0034914668833807556
decision_type=2 2 2 2 2 2 2 2 2 2
left_child=1 2 8 -4 5 6 -2 -7 -1 -3
right_child=4 9 3 -5 -6 7 -8 -9 -10 -11
leaf_value=-0.0038591906171301666 -0.0085701676912904156 -0.0043289431488701888 0.0074880202276105551 -0.025076955032510347 -0.01362752398093168 0.031331838580892092 0.016221793343975468 0.00038011601988469871 0.012811268883443902 -0.02959499372313602
leaf_weight=21.869580626487732 19.54586561024189 7.0033094733953467 7.5364081561565426 13.990435034036635 7.3011696338653556 11.528753533959391 13.322348639369009 6.908701851963996 25.64934416115284 8.5130599439144117
leaf_count=95 88 30 33 63 32 51 62 30 109 40
internal_value=-0.000366235 -0.0049974 -0.000738632 -0.0133712 0.00601284 0.00949564 0.00140255 0.02164 0.00499013 -0.0208439
internal_weight=143.169 84.5621 69.0458 21.5268 58.6068 51.3057 32.8682 18.4375 47.5189 15.5164
internal_count=633 370 300 96 263 231 150 81 204 70
is_linear=0
shrinkage=0.03


Tree=102
num_leaves=12
num_cat=0
split_feature=21 38 35 5 26 27 37 7 6 5 14
split_gain=4.59142 5.8544 5.32597 4.95293 3.73494 3.136 2.51067 2.3643 1.89465 1.622 1.13909
threshold=0.013894814438024565 0.011586685929200705 0.055582554738638608 0.036240466491708319 0.18027777777777779 1.5000000000000002 0.015492932593159538 0.013140460880744049 -0.0044076844511975232 0.016140140863452283 8.6702733039771847
decision_type=2 2 2 2 2 2 2 2 2 2 2
left_child=1 2 3 -1 6 10 -2 -8 -3 -7 -6
right_child=4 8 -4 -5 5 9 7 -9 -10 -11 -12
leaf_value=-0.0092459424368785906 -0.012898801647287555 -0.0042336953493300631 0.015635991805953812 0.011691617855517044 0.0092427639550978005 0.028051576477183312 0.013230702064903396 -0.0064864864444368966 -0.029135788254007505 0.0052969827747289611 -0.0057931675396297126
leaf_weight=46.38467375934124 9.8597530722618121 7.0091650187969199 12.073563680052755 10.514154389500616 6.3395192325115222 9.8928073048591632 10.117305710911753 7.1944947093725196 8.4180295616388303 7.6792656928300849 7.4246665090322495
leaf_count=202 45 30 52 46 30 46 44 31 40 34 33
internal_value=-0.000363048 -0.00489211 -0.000718548 -0.00485665 0.00586814 0.0126698 -0.00179271 0.00443669 -0.0204668 0.0204313 0.000474591
internal_weight=142.907 84.3996 68.9724 56.8988 58.5078 31.3363 27.1716 17.3118 15.4272 17.5721 13.7642
internal_count=633 370 300 248 263 143 120 75 70 80 63
is_linear=0
shrinkage=0.03


Tree=103
num_leaves=10
num_cat=0
split_feature=21 38 35 5 40 40 26 22 2
split_gain=4.36135 5.64236 5.03945 4.69803 4.59086 5.10035 5.67767 4.10692 1.83681
threshold=0.013894814438024565 0.011586685929200705 0.055582554738638608 0.036240466491708319 0.0861992711441565 0.038912761240036405 0.28062500000000007 0.033730138489658008 -0.0034914668833807556
decision_type=2 2 2 2 2 2 2 2 2
left_child=1 2 3 -1 5 6 -2 -7 -3
right_child=4 8 -4 -5 -6 7 -8 -9 -10
leaf_value=-0.0089882069839462651 -0.0082800314197965155 -0.0040989126765105244 0.015228195798349322 0.011396254838364043 -0.013421658304077547 0.031607584827942702 0.015555868819031383 0.001225576358120559 -0.028678242059908151
leaf_weight=46.341319642961025 19.556438252329826 6.9952418506145468 12.078454807400702 10.514878690242766 7.2858443707227698 10.673494637012483 13.233915522694586 7.6724476367235175 8.3422963768243772
leaf_count=202 88 30 52 46 32 48 62 33 40
internal_value=-0.000343268 -0.00476352 -0.000669483 -0.00470433 0.00573118 0.00914482 0.00125002 0.0210083 -0.0200991
internal_weight=142.694 84.2722 68.9347 56.8562 58.4221 51.1363 32.7904 18.3459 15.3375
internal_count=633 370 300 248 263 231 150 81 70
is_linear=0
shrinkage=0.03


Tree=104
num_leaves=11
num_cat=0
split_feature=21 38 35 17 14 11 35 15 6 34
split_gain=4.14073 5.43885 4.76854 4.63106 3.40174 4.03355 5.71245 3.23464 1.77409 1.44473
threshold=0.013894814438024565 0.011586685929200705 0.055582554738638608 -0.77732531017527184 8.13861975308828 0.0078275168678897406 0.036269336939955273 -17.612858854976349 -0.0044076844511975232 -0.007846026615542066
decision_type=2 2 2 2 2 2 2 2 2 2
left_child=1 2 3 -1 7 -6 -7 9 -3 -2
right_child=4 8 -4 -5 5 6 -8 -9 -10 -11
leaf_value=0.0046343465919964043 0.01059037955859702 -0.0040088737618872447 0.014832371947205162 -0.011863231476613539 -0.01675280345758379 0.015149025350843724 -0.012627820869482451 0.023585175472983541 -0.028242744467745402 -0.0064705278341472359
leaf_weight=24.576729446649551 6.6249127835035324 7.0008988678455344 12.082076922059057 32.236022472381592 8.2677928954362851 16.726214438676838 8.0243239849805814 12.070776447653769 8.2464040517806989 6.6161846965551394
leaf_count=104 32 30 52 144 36 73 34 57 40 31
internal_value=-0.000325652 -0.00463865 -0.000622238 -0.00455656 0.00559481 -0.000425942 0.00531199 0.0134539 -0.0197405 0.00135094
internal_weight=142.472 84.1421 68.8948 56.8128 58.3302 33.0183 24.7505 25.3119 15.2473 13.2411
internal_count=633 370 300 248 263 143 107 120 70 63
is_linear=0
shrinkage=0.03


Tree=105
num_leaves=6
num_cat=0
split_feature=11 18 3 11 3
split_gain=3.93611 3.48477 4.63225 3.48178 2.67958
threshold=-0.028040873904085935 0.92812206431006949 0.035700768127825529 -0.016057880913976526 0.01841771188998154
decision_type=2 2 2 2 2
left_child=4 2 3 -2 -1
right_child=1 -3 -4 -5 -6
leaf_value=0.019395716361812788 -0.016163916027420684 -0.01715920093561071 0.019540208193885501 -0.00046197639863811341 -0.0017988164438859746
leaf_weight=11.217795863747599 13.202691078186033 11.881887733936308 6.96755027770996 92.799366444349289 6.5217381268739691
leaf_count=52 59 55 31 405 30
internal_value=-0.000874638 -0.00289712 -0.000994196 -0.00281967 0.0114511
internal_weight=142.591 124.851 112.97 106.002 17.7395
internal_count=632 550 495 464 82
is_linear=0
shrinkage=0.03


Tree=106
num_leaves=11
num_cat=0
split_feature=15 15 11 23 11 38 12 32 38 37
split_gain=5.51499 9.70614 6.64572 4.05955 3.78333 5.32633 3.12838 3.01015 2.75237 2.0078
threshold=-2.8077507854048553 -14.708134864025519 -0.028040873904085935 1.261684649276722 0.028764624288343702 0.0093915332020327227 59.80657038229004 0.00022999285636271519 0.008294515478765474 0.013356436621100089
decision_type=2 2 2 2 2 2 2 2 2 2
left_child=1 2 7 4 6 -6 -2 -1 -4 -3
right_child=3 9 8 -5 5 -7 -8 -9 -10 -11
leaf_value=0.023157076134817819 -0.001210071581148924 0.033856643686016048 0 -0.022824523353134545 0.017576885937874778 -0.0067825712047441091 -0.017055544733096905 0 -0.021221507658601049 0.0083585090702672088
leaf_weight=7.3658147007226971 30.54154446721077 8.3405813872814196 10.301777943968775 9.1791034638881666 14.001365929841997 13.614294007420538 18.530949667096138 9.6334484517574293 11.989954024553297 8.939358636736868
leaf_count=35 131 37 46 41 61 58 83 44 57 39
internal_value=-0.000851068 0.00617074 -0.00194009 -0.00568304 -0.0029127 0.00541434 -0.00792098 0.0110343 -0.0125455 0.0236792
internal_weight=142.438 56.5709 39.291 85.8673 76.6882 27.6157 49.0725 16.9993 22.2917 17.2799
internal_count=632 258 182 374 333 119 214 79 103 76
is_linear=0
shrinkage=0.03


Tree=107
num_leaves=11
num_cat=0
split_feature=15 15 11 16 40 38 13 5 16 37
split_gain=5.26859 9.27475 6.33296 3.99101 8.17429 4.16977 3.68744 3.1188 2.8356 1.9248
threshold=-2.8077507854048553 -14.708134864025519 -0.028040873904085935 -18.295094372209952 0.03971372625018222 0.0086546881735441259 0.13830420888315234 0.038805634556017495 -3.4747253232024149 0.013356436621100089
decision_type=2 2 2 2 2 2 2 2 2 2
left_child=1 2 6 -2 7 -6 -1 -5 -4 -3
right_child=3 9 8 4 5 -7 -8 -9 -10 -11
leaf_value=0.024540091713984507 0.0088628571169026872 0.033195569464142829 -0.00097960739741678108 -0.023280600949591338 0.013497265404810261 -0.0061922385518713872 -0.00046871627466419117 -0.0031726710541140533 -0.023066773266925477 0.0081537538208911187
leaf_weight=7.1713564246892956 12.064478680491446 8.292042627930643 12.654459282755854 25.831364139914513 14.514668971300123 20.632348969578743 9.7850829064846021 12.685044318437575 9.6085821241140348 8.9391523599624616
leaf_count=34 52 37 58 112 63 91 45 56 45 39
internal_value=-0.000824346 0.00604372 -0.00188227 -0.00555254 -0.00828358 0.00182405 0.0107901 -0.017512 -0.0122461 0.0231834
internal_weight=142.179 56.4507 39.2195 85.7279 73.6634 35.147 16.9564 38.5164 22.263 17.2312
internal_count=632 258 182 374 322 154 79 168 103 76
is_linear=0
shrinkage=0.03


Tree=108
num_leaves=10
num_cat=0
split_feature=5 12 14 9 12 5 34 26 26
split_gain=4.29494 5.05521 4.36619 6.94359 2.97262 6.72952 6.43589 1.81807 2.35396
threshold=-0.023235645263422807 39.58601113967439 -42.524746792224498 -0.069616402227797233 58.435217568927563 0.038805634556017495 0.011234976807087517 0.24385363064608351 0.11348088531187124
decision_type=2 2 2 2 2 2 2 2 2
left_child=2 -2 3 -1 5 -3 -6 8 -4
right_child=1 4 7 -5 6 -7 -8 -9 -10
leaf_value=0.01459536707369085 -0.024054892488541035 -0.0017430663578985276 0.016439500533509895 -0.020027408290950833 -0.01912379240671791 0.026120646891452919 0.0021471886704172083 0.024523518268959214 -0.0045190068492670845
leaf_weight=7.5058608353137997 8.485339552164076 38.034305080771446 6.9351960718631762 9.193051949143408 20.0141541659832 7.5284567773342124 27.21629510819912 9.581575542688368 7.4120300859212875
leaf_count=35 38 164 31 45 89 32 122 44 32
internal_value=-0.000788194 -0.00417684 0.00710692 -0.00376633 -0.00173171 0.00345033 -0.00697254 0.0149786 0.0054662
internal_weight=141.906 101.279 40.6277 16.6989 92.7932 45.5628 47.2304 23.9288 14.3472
internal_count=632 445 187 80 407 196 211 107 63
is_linear=0
shrinkage=0.03


Tree=109
num_leaves=10
num_cat=0
split_feature=15 15 11 23 5 5 1 38 37
split_gain=4.95976 8.83863 6.43178 3.90483 4.80487 5.04166 3.43855 3.16022 2.55062
threshold=-2.8077507854048553 -15.579775189809036 -0.028040873904085935 1.261684649276722 0.080664139675084914 -0.023235645263422807 0.0035466744314517355 0.008294515478765474 0.013356436621100089
decision_type=2 2 2 2 2 2 2 2 2
left_child=1 2 6 4 5 -2 -1 -4 -3
right_child=3 8 7 -5 -6 -7 -8 -9 -10
leaf_value=0.024520239008134864 0.01434820371028182 0.03283801347197704 0 -0.022189278525965361 0.012175202634973795 -0.0095393865468396052 0 -0.022744469696269906 0.006688189870696892
leaf_weight=6.6537437289953258 6.9592398554086676 8.7604375034570712 10.243257194757463 9.1240890771150571 13.431897789239882 55.951504901051521 10.226404607295988 10.958562061190603 9.3447373360395414
leaf_count=32 31 40 46 41 59 243 47 52 41
internal_value=-0.000756844 0.00592052 -0.00211389 -0.00535314 -0.00263441 -0.00630516 0.0105673 -0.0128973 0.0220952
internal_weight=141.654 56.1871 38.082 85.4667 76.3426 62.9107 16.8801 21.2018 18.1052
internal_count=632 258 177 374 333 274 79 98 81
is_linear=0
shrinkage=0.03


Tree=110
num_leaves=13
num_cat=0
split_feature=15 15 15 20 24 5 10 25 36 13 21 24
split_gain=4.27585 7.72983 5.91273 5.81685 4.59211 5.25038 4.49837 4.01508 3.93655 3.24291 1.83321 0.366864
threshold=21.900594822530156 54.350490189900604 -17.612858854976349 0.016163686441467134 -0.43288288288288285 0.0092052808462308473 0.0044177417949934359 0.42146381578947373 0.0045785071382542708 1.0000000180025095e-35 0.012695756776635408 0.11024305555555557
decision_type=2 2 2 2 2 2 2 2 2 2 2 2
left_child=2 8 6 -3 10 -6 7 -1 -2 -5 -4 -10
right_child=1 3 4 9 5 -7 -8 -9 11 -11 -12 -13
leaf_value=-0.013746734721614265 0.00074384811008994711 0.024811617100895501 0.006742863263836673 0.0072473279392001782 0.025828357384760695 0.0035321584221984625 0.014970986065040546 0.0082468737615099073 -0.027284938400925645 -0.016665693303989676 -0.011539494636316937 -0.0088912129225789463
leaf_weight=25.334568381309509 7.5952327400445965 8.0818413347005862 7.8740911483764631 8.7679714858531934 22.968287587165833 19.36287622153759 7.6527169346809378 7.8459668904542914 11.694359615445139 7.2003221362829199 7.3112507164478302 7.2016684859991065
leaf_count=118 33 36 33 37 104 85 36 37 52 31 32 33
internal_value=0.00189512 -0.00491936 0.00557478 0.00671229 0.0116687 0.0165876 -0.00280277 -0.00794651 -0.0157356 -0.0033554 -0.00150521 -0.0225145
internal_weight=148.891 50.5414 98.3498 24.0501 57.5165 42.3312 40.8333 33.1805 26.4913 15.9683 15.1853 18.896
internal_count=667 222 445 104 254 189 191 155 118 68 65 85
is_linear=0
shrinkage=0.03


Tree=111
num_leaves=6
num_cat=0
split_feature=18 1 16 34 24
split_gain=4.29725 4.16011 3.86056 5.40203 3.92902
threshold=0.92812206431006949 0.021322152446132451 1.9604361421612857 -0.007846026615542066 0.48528138528138537
decision_type=2 2 2 2 2
left_child=1 2 3 -1 -4
right_child=-2 -3 4 -5 -6
leaf_value=0.0071268376607427795 -0.013730355744827071 0.01994496878483434 0.01219665053516694 -0.0091451203501363831 -0.0055606140789650864
leaf_weight=27.723951280117035 12.130960091948507 10.804063305258749 41.085480764508247 44.345645196735859 12.516062662005423
leaf_count=125 57 49 182 199 55
internal_value=0.00185341 0.00352524 0.0017058 -0.00265964 0.00772965
internal_weight=148.606 136.475 125.671 72.0696 53.6015
internal_count=667 610 561 324 237
is_linear=0
shrinkage=0.03


Tree=112
num_leaves=8
num_cat=0
split_feature=18 12 33 35 36 17 36
split_gain=4.08725 4.06078 5.78058 5.60343 5.43255 2.80233 1.2979
threshold=0.92812206431006949 39.538657922584513 0.093736271119863143 0.039305717294102933 0.0059031337116351992 -6.255195467152288 0.0052788447169528257
decision_type=2 2 2 2 2 2 2
left_child=1 2 -1 5 -5 -3 -4
right_child=-2 3 6 4 -6 -7 -8
leaf_value=0.011475142356232064 -0.013415260011254811 -0.0040216453964279815 -0.00032052537905348077 0.0042492348006872328 -0.019806693048980389 0.013607973451422768 -0.017685791910659741
leaf_weight=10.297300457954405 12.091001227498053 6.9913137108087531 7.3239675909280804 25.662997528910637 9.9159900248050672 59.979544043540955 16.201837062835693
leaf_count=46 57 30 33 110 44 270 77
internal_value=0.00180085 0.00343273 -0.00513047 0.00644464 -0.00275339 0.0114868 -0.013316
internal_weight=148.464 136.373 33.8231 102.55 35.579 66.9709 23.5258
internal_count=667 610 156 454 154 300 110
is_linear=0
shrinkage=0.03


Tree=113
num_leaves=12
num_cat=0
split_feature=15 15 14 20 25 20 38 38 13 25 25
split_gain=4.04343 7.36885 6.95307 5.54841 4.91866 4.42392 5.32246 4.61067 3.09907 2.50103 1.63383
threshold=21.900594822530156 54.350490189900604 -46.460922434818706 0.016163686441467134 0.23746867167919802 0.019538244099197067 0.0119361176565788 0.010545528096877806 1.0000000180025095e-35 0.35239651416122014 0.11217105263157896
decision_type=2 2 2 2 2 2 2 2 2 2 2
left_child=2 9 4 -3 -1 6 -4 -7 -5 10 -2
right_child=1 3 5 8 -6 7 -8 -9 -10 -11 -12
leaf_value=-0.022515985152844292 -0.0054423310797529897 0.024234258108368607 0.0087630123653678997 0.0070128998153504152 0.004352850227273242 0 -0.013957511464948565 0.031019304502390196 -0.016370323583654291 0 -0.028454633257217518
leaf_weight=10.1780241727829 7.4202662110328736 8.0104346275329608 50.01933391392231 8.7567177414894086 9.7724886611103994 6.5803312361240414 9.0158806741237623 12.44204895198345 7.178069442510604 8.3142525106668455 10.659491926431654
leaf_count=50 34 36 218 37 48 29 41 59 31 37 47
internal_value=0.00172878 -0.0049078 0.00531745 0.00646683 -0.00947387 0.00942752 0.00470371 0.021532 -0.00333498 -0.015484 -0.0212398
internal_weight=148.347 50.3392 98.0081 23.9452 19.9505 78.0576 59.0352 19.0224 15.9348 26.394 18.0798
internal_count=667 222 445 104 98 347 259 88 68 118 81
is_linear=0
shrinkage=0.03


Tree=114
num_leaves=11
num_cat=0
split_feature=28 17 25 21 2 15 4 40 19 26
split_gain=4.44157 4.39307 4.31035 4.09338 3.18616 3.12464 2.76093 2.41998 2.07457 1.46394
threshold=2.5000000000000004 -2.776793951516733 0.32289137121580064 0.011114787043136882 -0.0012555869184067146 20.447764804145532 -0.045755727216196744 0.026543143525466609 0.091663674398062708 0.22326064382139152
decision_type=2 2 2 2 2 2 2 2 2 2
left_child=1 -1 3 5 8 -2 -5 -6 -4 -3
right_child=2 9 4 6 7 -7 -8 -9 -10 -11
leaf_value=-0.0048584382387850686 -0.005193922898676805 0.0060754579984712408 0.023113354508907002 -0.015584752912065266 -0.0085123325153523364 -0.029665571650220636 0.0023445704974470417 0.0091954998300770845 0.0003297425677013086 0.028258775012629717
leaf_weight=6.8508380502462414 16.790633574128154 8.0432469844818133 10.795224756002428 7.0217319428920737 13.093733191490175 6.8736057430505744 51.411439225077629 10.823135897517203 7.0088219493627539 9.3525386005640012
leaf_count=30 75 35 48 33 61 32 232 49 31 41
internal_value=0.00167098 0.0129093 -0.000580749 -0.00465189 0.0069336 -0.0146444 -6.19823e-06 0 0.0158408 0.0204594
internal_weight=148.065 24.2466 123.818 82.0974 41.7209 23.6642 58.4332 23.9169 17.804 17.3958
internal_count=667 106 561 372 189 107 265 110 79 76
is_linear=0
shrinkage=0.03


Tree=115
num_leaves=7
num_cat=0
split_feature=20 28 18 8 20 20
split_gain=3.28304 5.45473 3.87797 4.84979 5.27105 2.01645
threshold=0.013667808143142635 8.5000000000000018 0.95968121411404439 0.032800687583008865 0.021406188987520471 0.018281546577325506
decision_type=2 2 2 2 2 2
left_child=1 -1 3 4 -2 -5
right_child=2 -3 -4 5 -6 -7
leaf_value=0.023294454637050335 -0.0058579558379071037 -0.0057755794199470739 -0.019580252446694108 0.024729213236838968 0.010245882747966981 0.00035299644234112576
leaf_weight=11.335923537611963 82.796471014618874 7.9712744802236548 7.8861589133739463 7.1629776656627637 20.949262589216232 6.6292320638895035
leaf_count=49 366 35 37 32 101 30
internal_value=0.000187625 0.0111729 -0.0015345 0 -0.002332 0.0154911
internal_weight=144.731 19.3072 125.424 117.538 103.746 13.7922
internal_count=650 84 566 529 467 62
is_linear=0
shrinkage=0.03


Tree=116
num_leaves=9
num_cat=0
split_feature=20 20 14 14 38 38 16 17
split_gain=3.10132 3.29199 5.04667 3.75375 3.6508 6.29952 2.57423 1.42502
threshold=0.013667808143142635 0.021406188987520471 27.65620669460532 -46.460922434818706 0.012219201481637005 0.011218213690268248 6.605909558075667 -1.2866726409868041
decision_type=2 2 2 2 2 2 2 2
left_child=6 4 3 -3 5 -2 -1 -6
right_child=1 2 -4 -5 7 -7 -8 -9
leaf_value=0.019260664390784384 -0.004956774891412814 0 -0.0091845452764651465 0.025216454121006798 -0.026133132544260737 0.017429970326132426 -0.0004306566488250536 -0.0035519491955456903
leaf_weight=11.028880476951601 72.360522016882896 7.5119886100292232 8.9210181534290296 11.378460451960565 6.8005941659212112 11.229888841509817 8.256058141589163 7.06774654984474
leaf_count=48 320 38 39 55 30 50 36 34
internal_value=0.000193485 -0.00147852 0.00711187 0.0156684 -0.00417446 -0.00143698 0.0108776 -0.0174684
internal_weight=144.555 125.27 27.8115 18.8904 97.4588 83.5904 19.2849 13.8683
internal_count=650 566 132 93 434 370 84 64
is_linear=0
shrinkage=0.03


Tree=117
num_leaves=6
num_cat=0
split_feature=18 8 14 15 16
split_gain=2.7791 5.08171 3.65757 4.7245 1.47468
threshold=0.95968121411404439 0.032800687583008865 59.014879623231089 43.978361295986701 19.98617533870733
decision_type=2 2 2 2 2
left_child=1 2 3 -1 -3
right_child=-2 4 -4 -5 -6
leaf_value=-0.00081731313463328831 -0.014124338548787215 0.024908338644852323 -0.017694211064408039 0.02128356298038692 0.0028255866036635863
leaf_weight=104.72046219557524 9.1170016825199109 7.7949219942092878 8.3735082000493986 7.4156659096479407 6.9722332507371902
leaf_count=473 43 36 36 31 31
internal_value=0.00018396 0.00144927 -0.000574454 0.000860156 0.0169574
internal_weight=144.394 135.277 120.51 112.136 14.7672
internal_count=650 607 540 504 67
is_linear=0
shrinkage=0.03


Tree=118
num_leaves=10
num_cat=0
split_feature=20 14 15 35 15 11 38 20 16
split_gain=2.94383 3.22004 8.14018 6.7699 5.40355 6.6905 4.7355 3.84878 2.45158
threshold=0.013667808143142635 3.5839875297865551 40.202156843773949 0.045892945713160278 -16.04148810843467 -0.035497863641637976 0.010194127518068851 0.016977140533704384 6.605909558075667
decision_type=2 2 2 2 2 2 2 2 2
left_child=8 4 6 -4 5 -2 -3 -6 -1
right_child=1 2 3 -5 7 -7 -8 -9 -10
leaf_value=0.018784706580310326 0.010654503934882542 -0.024679426371388442 0.014961789818768185 -0.014378756903147744 -0.0011976799176126375 -0.015210882987058716 -0.0026896059767063281 0.020953923404758216 -0.0004089961666094656
leaf_weight=11.017472565174105 13.154831051826475 19.193736240267754 20.168950200080875 8.1333309561014158 8.9315481185913104 19.338151924312115 18.969730943441391 17.136506304144859 8.2403229624032956
leaf_count=48 63 86 87 35 39 92 84 80 36
internal_value=0.000182258 -0.00144599 -0.00596601 0.00564256 0.00346407 -0.00429377 -0.0148008 0.0132853 0.0106004
internal_weight=144.285 125.027 66.4657 28.3023 58.561 32.493 38.1635 26.0681 19.2578
internal_count=650 566 292 122 274 155 170 119 84
is_linear=0
shrinkage=0.03


Tree=119
num_leaves=6
num_cat=0
split_feature=20 18 1 36 16
split_gain=2.79125 3.55339 5.24313 2.91449 2.34109
threshold=0.013667808143142635 0.95968121411404439 0.022159896662971138 0.0048398832094958813 6.605909558075667
decision_type=2 2 2 2 2
left_child=4 2 3 -2 -1
right_child=1 -3 -4 -5 -6
leaf_value=0.018327567071048611 0.005193960707911097 -0.018800064904939431 0.019325807395338807 -0.0052533981500933287 -0.00039913264325812836
leaf_weight=11.003604829311373 31.793373972177505 7.7664282917976371 9.4770840108394605 75.674221254885197 8.2400719076395017
leaf_count=48 139 37 44 346 36
internal_value=0.000170598 -0.00141533 0 -0.00198718 0.0103201
internal_weight=143.955 124.711 116.945 107.468 19.2437
internal_count=650 566 529 485 84
is_linear=0
shrinkage=0.03


Tree=120
num_leaves=6
num_cat=0
split_feature=37 34 37 36 35
split_gain=4.20525 5.22024 4.46756 4.63289 2.86863
threshold=0.066194700798887243 0.034830690815106487 0.03112786179733296 0.0048485001936092237 0.0341377536352322
decision_type=2 2 2 2 2
left_child=1 2 3 -1 -4
right_child=-2 -3 4 -5 -6
leaf_value=0.008926269791282318 -0.017749729991872448 -0.016811231508906437 0.015900499515301338 -0.0063002320000694239 -0.00017132524961458047
leaf_weight=24.192654252052307 10.14172153174877 11.621269404888151 27.164223119616508 53.789439462125301 12.393052592873572
leaf_count=108 46 52 122 250 54
internal_value=-0.000820414 0.000644902 0.00274869 -0.00128383 0.0107384
internal_weight=139.302 129.161 117.539 77.9821 39.5573
internal_count=632 586 534 358 176
is_linear=0
shrinkage=0.03


Tree=121
num_leaves=7
num_cat=0
split_feature=11 15 11 34 37 28
split_gain=5.00484 4.36266 4.58685 3.6325 5.28202 1.27809
threshold=-0.045073284214603097 -17.612858854976349 -0.035497863641637976 0.034830690815106487 0.066194700798887243 7.5000000000000009
decision_type=2 2 2 2 2 2
left_child=-1 2 -2 4 -3 -4
right_child=1 3 5 -5 -6 -7
leaf_value=0.020927774479862181 0.0058703736564270324 0.0050042983177973205 -0.025278181160313013 -0.013673764396557495 -0.019445200379254436 -0.0060035919194261385
leaf_weight=6.823824778199195 7.1430572569370296 85.189424440264702 12.396552368998529 11.930175334215162 6.6141023486852637 9.100029379129408
leaf_count=34 32 380 63 53 30 40
internal_value=-0.000806543 -0.00233338 -0.0123006 0.000457196 0.00270586 -0.0189627
internal_weight=139.197 132.373 28.6396 103.734 91.8035 21.4966
internal_count=632 598 135 463 410 103
is_linear=0
shrinkage=0.03


Tree=122
num_leaves=8
num_cat=0
split_feature=11 15 14 11 23 24 23
split_gain=4.80066 4.14075 5.46014 4.39795 4.35529 4.35209 1.31009
threshold=-0.045073284214603097 -17.612858854976349 -4.0367299686572542 -0.035497863641637976 0.90242656365206264 -0.62846961740435103 1.1026715003278882
decision_type=2 2 2 2 2 2 2
left_child=-1 3 4 -2 -3 -4 -5
right_child=1 2 5 6 -6 -7 -8
leaf_value=0.020534335305444094 0.0057339577093425973 -0.0033438360925043989 0.012786236874452133 -0.023159769477711693 0.022090796617908224 -0.0059510351872137874 -0.0027638448695040175
leaf_weight=6.7848468571901313 7.1412160694599178 7.430018529295924 10.876525178551672 15.129308164119722 14.335737615823744 71.044093415141106 6.2655763179063788
leaf_count=34 32 33 46 73 67 317 30
internal_value=-0.000797532 -0.00229357 0.000419083 -0.0120232 0.0132265 -0.00303913 -0.0185748
internal_weight=139.007 132.222 103.686 28.5361 21.7658 81.9206 21.3949
internal_count=632 598 463 135 100 363 103
is_linear=0
shrinkage=0.03


Tree=123
num_leaves=8
num_cat=0
split_feature=11 35 19 25 28 3 35
split_gain=4.5926 3.6679 4.54196 4.36808 4.31306 7.37793 3.71557
threshold=-0.045073284214603097 0.0048024344774864067 0.12802621562878883 0.14356787491115852 9.5000000000000018 0.021140842476385927 0.0341377536352322
decision_type=2 2 2 2 2 2 2
left_child=-1 2 3 -2 6 -6 -3
right_child=1 4 -4 -5 5 -7 -8
leaf_value=0.020149206873187837 0 0.0034504878725493335 0.0091291501726971543 -0.022543218914075156 0.018861810680807067 -0.011663273618402028 -0.01062811222327993
leaf_weight=6.7459165602922431 13.169677585363386 31.368231356143951 7.1200103908777228 19.911812528967857 21.986530393362049 7.9225843995809546 30.523951768875122
leaf_count=34 61 142 33 94 97 37 134
internal_value=-0.000760779 -0.00222609 -0.00958426 -0.0143303 0.000971927 0.0100817 -0.00337336
internal_weight=138.749 132.003 40.2015 33.0815 91.8013 29.9091 61.8922
internal_count=632 598 188 155 410 134 276
is_linear=0
shrinkage=0.03


Tree=124
num_leaves=8
num_cat=0
split_feature=11 15 11 15 11 38 21
split_gain=4.39671 3.8892 4.19276 3.39686 5.76681 4.02991 1.29257
threshold=-0.045073284214603097 -17.612858854976349 -0.035497863641637976 23.296565889189342 0.02920293512680561 0.01080386534811198 0.012552688625086973
decision_type=2 2 2 2 2 2 2
left_child=-1 2 -2 5 -5 -3 -4
right_child=1 3 6 4 -6 -7 -8
leaf_value=0.019772111350117704 0.0056602805724189362 -0.00057729330659520332 -0.024296540901664512 -0.015419413135546187 0.0041004043709978811 0.015367339376525617 -0.0052258185546270822
leaf_weight=6.7070742398500434 7.1397199928760555 32.783370018005371 12.317636698484423 23.115240499377251 26.541053667664528 21.008133709430695 8.9313366711139661
leaf_count=34 32 145 62 105 116 97 41
internal_value=-0.000731748 -0.00216682 -0.0116247 0.000457678 -0.00494097 0.00570864 -0.0180651
internal_weight=138.544 131.836 28.3887 103.448 49.6563 53.7915 21.249
internal_count=632 598 135 463 221 242 103
is_linear=0
shrinkage=0.03


Tree=125
num_leaves=13
num_cat=0
split_feature=19 19 5 21 21 21 11 2 34 9 26 17
split_gain=4.03047 6.30999 5.47561 6.1473 4.07981 4.00109 4.08335 2.90603 2.45331 2.33924 1.68791 1.45664
threshold=0.071147503450511962 0.08591953987542493 -0.00064390446981266159 0.0095117434270035727 0.010285521027445987 0.018752165658725096 0.02920293512680561 -0.013657266307478376 -0.007571289176768691 0.00076867147790698521 0.13714733542319751 -0.22582385336604457
decision_type=2 2 2 2 2 2 2 2 2 2 2 2
left_child=2 7 4 -4 -1 6 -3 -2 -6 -9 -7 -5
right_child=1 5 3 11 8 10 -8 9 -10 -11 -12 -13
leaf_value=-0.011226063719094711 0 -0.013157801876187833 0.004110513066063531 -0.0071748654519242392 0.021948882170922789 -0.00077874762443794199 0.0064865661399633647 0.034325309586369833 0 0.0087082186048358188 0.014737786412946107 -0.030604257665172437
leaf_weight=8.8492476195096987 6.8384998142719295 26.356887146830559 8.585536256432535 7.1446926593780562 7.9844987541437176 7.4563055485487011 11.694333106279371 7.3945585191249874 10.338084600865839 11.053823456168173 13.397677615284918 11.625380888581272
leaf_count=42 31 124 37 30 34 36 51 34 46 48 65 56
internal_value=0.000261679 0.0044407 -0.00585432 -0.0149578 0.00319366 -0.000816375 -0.00672352 0.0163989 0.0113154 0.0220627 0.0089509 -0.0239579
internal_weight=138.72 84.1921 54.5274 27.3556 27.1718 58.9052 38.0512 25.2869 18.3226 18.4484 20.854 18.7701
internal_count=634 389 245 123 122 276 175 113 80 82 101 86
is_linear=0
shrinkage=0.03


Tree=126
num_leaves=11
num_cat=0
split_feature=14 12 19 33 32 21 23 22 19 15
split_gain=3.97007 5.96068 6.30083 6.21646 5.01513 4.16237 3.11427 2.38464 2.84392 1.58822
threshold=7.2791578162759842 39.811196465629543 0.052312094969632468 0.1832824362726386 0.0050388360557841469 0.012083761878130015 1.2446650886631632 0.25621747838178249 0.057421593031693127 33.0765904642926
decision_type=2 2 2 2 2 2 2 2 2 2
left_child=1 3 -3 5 -4 -1 7 8 -2 -9
right_child=6 2 4 -5 -6 -7 -8 9 -10 -11
leaf_value=-0.0056250700010325371 -0.016469847952356963 -0.0087282976767678357 0.027110397583586181 -0.019901923513598371 0.00035333867029173111 0.019879465713479445 -0.018370749563884476 -0.00089402239158645213 0 0.015623623062483395
leaf_weight=10.05200114101172 11.899470791220663 7.3753553777933112 20.293509453535084 11.543798580765722 10.479845374822615 8.4315780103206617 10.400786012411116 7.2010260671377173 32.522463262081146 8.1555494219064695
leaf_count=47 53 32 98 57 49 39 48 32 144 35
internal_value=0.00026751 0.00544342 0.0131253 -0.00405799 0.0190336 0.00608199 -0.00456435 -0.00140242 -0.00510707 0.00780341
internal_weight=138.355 68.1761 38.1487 30.0274 30.7734 18.4836 70.1793 59.7785 44.4219 15.3566
internal_count=634 322 179 143 147 86 312 264 197 67
is_linear=0
shrinkage=0.03


Tree=127
num_leaves=11
num_cat=0
split_feature=19 19 34 34 18 21 20 15 6 20
split_gain=3.72568 5.90418 5.06606 7.67096 4.94775 3.74793 4.97178 3.25074 1.91694 0.209729
threshold=0.071147503450511962 0.08591953987542493 0.023653643876296874 0.0021047833922968055 0.63910825592724885 0.018752165658725096 0.016163686441467134 -5.2235791119443835 0.013110191652506554 0.015312132542972434
decision_type=2 2 2 2 2 2 2 2 2 2
left_child=2 7 3 4 -1 6 -3 -2 -7 -5
right_child=1 5 -4 9 -6 8 -8 -9 -10 -11
leaf_value=0.0084580902587957345 0.02626418444620544 0.0097721308599268523 0.0087820517428212792 -0.010455659157954617 -0.018679056425884816 0.014752742074470198 -0.012950359881315009 0.003314531711517129 -0.0019797418687135348 -0.03080750418675493
leaf_weight=17.555711649358276 11.919127449393274 9.7402158379554731 13.550003334879873 6.4764348939061192 6.7529598474502555 13.597540766000749 28.176726564764977 13.235170587897299 7.1554280072450629 9.9254972785711271
leaf_count=77 55 46 59 31 31 68 129 58 33 47
internal_value=0.000245758 0.00427596 -0.00564433 -0.0109836 0 -0.000809156 -0.00654039 0.0158749 0.00865738 -0.0255963
internal_weight=138.085 83.8242 54.2606 40.7106 24.3087 58.6699 37.9169 25.1543 20.753 16.4019
internal_count=634 389 245 186 108 276 175 113 101 78
is_linear=0
shrinkage=0.03


Tree=128
num_leaves=12
num_cat=0
split_feature=14 12 19 3 32 20 21 28 10 20 21
split_gain=3.63256 5.61585 5.93668 5.55704 4.70619 4.41314 4.43296 3.91016 4.54125 4.04767 3.56281
threshold=7.2791578162759842 39.811196465629543 0.052312094969632468 -0.0052525618800069443 0.0050388360557841469 0.015429246276617096 0.011114787043136882 7.5000000000000009 0.033546650892727244 0.021771893982478214 0.012552688625086973
decision_type=2 2 2 2 2 2 2 2 2 2 2
left_child=1 3 -3 10 -4 6 -2 8 -7 -9 -1
right_child=5 2 4 -5 -6 7 -8 9 -10 -11 -12
leaf_value=-0.0060147058147667553 -0.0046063743134638598 -0.0084836360488988721 0.026349139596712461 -0.022762426956109336 0.00031595320654442891 -0.025849519207889644 0.020447726789365975 -0.0081913962939285084 0.0008684134670575625 0.015775784133017442 0.016082478121365137
leaf_weight=12.25639589130879 12.106367424130442 7.3589338213205329 20.092579975724224 8.0500711724162084 10.441780671477316 16.009636566042904 9.0018858015537244 19.216136649250988 6.6667606830596915 6.9607032537460318 9.5944073945283872
leaf_count=57 53 32 98 40 49 71 41 86 30 31 46
internal_value=0.000237207 0.00520973 0.0127002 -0.00401385 0.0184744 -0.0043837 0.00627414 -0.00934929 -0.0179529 -0.00061851 0.00359396
internal_weight=137.756 67.7942 37.8933 29.9009 30.5344 69.9615 21.1083 48.8532 22.6764 26.1768 21.8508
internal_count=634 322 179 143 147 312 94 218 101 117 103
is_linear=0
shrinkage=0.03


Tree=129
num_leaves=10
num_cat=0
split_feature=14 14 11 14 14 11 38 26 24
split_gain=3.42283 5.16388 6.06476 3.54802 3.21955 2.74935 3.96018 3.49439 1.60449
threshold=7.2791578162759842 -49.390190855615394 -0.036765150079140212 -32.239758722595063 -15.597348572715644 0.02920293512680561 0.0093915332020327227 0.38805230830196163 -0.49528301886792447
decision_type=2 2 2 2 2 2 2 2 2
left_child=1 2 -1 -3 -5 7 -7 8 -2
right_child=5 3 -4 4 -6 6 -8 -9 -10
leaf_value=0.0089260604578925897 0.0050026351834571974 0.02564333294604498 -0.023404788420155368 -0.0039967237054707406 0.011802944223892248 0.014146268193271447 -0.0085209220180715965 -0.021898168089760764 -0.0074048020306753202
leaf_weight=7.6219880580902126 11.649389877915381 8.8824456334114057 8.9219904690980893 17.095531344413754 25.079290717840198 12.857580512762071 10.454233691096304 11.139688178896902 23.697319656610489
leaf_count=36 50 44 49 79 114 58 45 51 108
internal_value=0.000229123 0.00506625 -0.00834451 0.00984517 0.00516801 -0.00425746 0.00351843 -0.00845053 -0.00286506
internal_weight=137.399 67.6012 16.544 51.0573 42.1748 69.7982 23.3118 46.4864 35.3467
internal_count=634 322 85 237 193 312 103 209 158
is_linear=0
shrinkage=0.03


end of trees

feature_importances:
volatility=78
macd_signal=71
atr_pct=69
macd=64
macro_topix_vol_20=56
ma_20_60_cross=55
macro_usdjpy_ret_60=48
vol_ratio=37
return_20d=36
bb_bandwidth=36
return_5d=35
macd_hist_change=35
macd_hist=34
macro_topix_ret_20=34
macro_usdjpy_vol_20=30
month=28
macro_usdjpy_ret_20=28
rsi=27
gap=23
return_3d=22
return_2d=20
div_ma_5=20
div_ma_60=19
bb_pct_b=19
upper_shadow_pct=19
lower_shadow_pct=18
macro_nikkei_ret_20=18
rsi_change=16
price_position_20d=16
day_of_week=15
vol_change=13
ma_5_20_cross=12
candle_body_pct=11
return_10d=10
div_ma_20=9
div_ma_10=8
return_1d=6
streak=1

parameters:
[boosting: gbdt]
[objective: binary]
[metric: binary_logloss]
[tree_learner: serial]
[device_type: cpu]
[data_sample_strategy: bagging]
[data: ]
[valid: ]
[num_iterations: 130]
[learning_rate: 0.03]
[num_leaves: 15]
[num_threads: 0]
[seed: 42]
[deterministic: 0]
[force_col_wise: 0]
[force_row_wise: 0]
[histogram_pool_size: -1]
[max_depth: 4]
[min_data_in_leaf: 30]
[min_sum_hessian_in_leaf: 0.001]
[bagging_fraction: 0.7]
[pos_bagging_fraction: 1]
[neg_bagging_fraction: 1]
[bagging_freq: 5]
[bagging_seed: 400]
[bagging_by_query: 0]
[feature_fraction: 0.6]
[feature_fraction_bynode: 1]
[feature_fraction_seed: 30056]
[extra_trees: 0]
[extra_seed: 12879]
[early_stopping_round: 0]
[early_stopping_min_delta: 0]
[first_metric_only: 0]
[max_delta_step: 0]
[lambda_l1: 0.5]
[lambda_l2: 2]
[linear_lambda: 0]
[min_gain_to_split: 0]
[drop_rate: 0.1]
[max_drop: 50]
[skip_drop: 0.5]
[xgboost_dart_mode: 0]
[uniform_drop: 0]
[drop_seed: 17869]
[top_rate: 0.2]
[other_rate: 0.1]
[min_data_per_group: 100]
[max_cat_threshold: 32]
[cat_l2: 10]
[cat_smooth: 10]
[max_cat_to_onehot: 4]
[top_k: 20]
[monotone_constraints: ]
[monotone_constraints_method: basic]
[monotone_penalty: 0]
[feature_contri: ]
[forcedsplits_filename: ]
[refit_decay_rate: 0.9]
[cegb_tradeoff: 1]
[cegb_penalty_split: 0]
[cegb_penalty_feature_lazy: ]
[cegb_penalty_feature_coupled: ]
[path_smooth: 0]
[interaction_constraints: ]
[verbosity: -1]
[saved_feature_importance_type: 0]
[use_quantized_grad: 0]
[num_grad_quant_bins: 4]
[quant_train_renew_leaf: 0]
[stochastic_rounding: 1]
[linear_tree: 0]
[max_bin: 255]
[max_bin_by_feature: ]
[min_data_in_bin: 5]
[bin_construct_sample_cnt: 200000]
[data_random_seed: 175]
[is_enable_sparse: 1]
[enable_bundle: 1]
[use_missing: 1]
[zero_as_missing: 0]
[feature_pre_filter: 1]
[pre_partition: 0]
[two_round: 0]
[header: 0]
[label_column: ]
[weight_column: ]
[group_column: ]
[ignore_column: ]
[categorical_feature: ]
[forcedbins_filename: ]
[precise_float_parser: 0]
[parser_config_file: ]
[objective_seed: 16083]
[num_class: 1]
[is_unbalance: 0]
[scale_pos_weight: 1]
[sigmoid: 1]
[boost_from_average: 1]
[reg_sqrt: 0]
[alpha: 0.9]
[fair_c: 1]
[poisson_max_delta_step: 0.7]
[tweedie_variance_power: 1.5]
[lambdarank_truncation_level: 30]
[lambdarank_norm: 1]
[label_gain: ]
[lambdarank_position_bias_regularization: 0]
[eval_at: ]
[multi_error_top_k: 1]
[auc_mu_weights: ]
[num_machines: 1]
[local_listen_port: 12400]
[time_out: 120]
[machine_list_filename: ]
[machines: ]
[gpu_platform_id: -1]
[gpu_device_id: -1]
[gpu_use_dp: 0]
[num_gpu: 1]

end of parameters

pandas_categorical:[]
