{
  "feature_cols": [
    "return_1d",
    "return_2d",
    "return_3d",
    "return_5d",
    "return_10d",
    "return_20d",
    "div_ma_5",
    "div_ma_10",
    "div_ma_20",
    "div_ma_60",
    "ma_5_20_cross",
    "ma_20_60_cross",
    "rsi",
    "rsi_change",
    "macd",
    "macd_signal",
    "macd_hist",
    "macd_hist_change",
    "bb_pct_b",
    "bb_bandwidth",
    "atr_pct",
    "volatility",
    "vol_change",
    "vol_ratio",
    "candle_body_pct",
    "upper_shadow_pct",
    "lower_shadow_pct",
    "day_of_week",
    "month",
    "is_month_end",
    "is_month_start",
    "streak",
    "gap",
    "price_position_20d",
    "macro_usdjpy_ret_20",
    "macro_usdjpy_ret_60",
    "macro_usdjpy_vol_20",
    "macro_topix_ret_20",
    "macro_topix_vol_20",
    "macro_topix_above_200dma",
    "macro_nikkei_ret_20",
    "macro_nikkei_above_200dma",
    "macro_nikkei_vi",
    "macro_jgb10y",
    "macro_bias_score"
  ],
  "avg_up_ret": 0.03344706405139551,
  "avg_dn_ret": -0.01958828836383905,
  "n_bins": 10,
  "psi_ref_rows": 250,
  "psi": {
    "return_1d": {
      "edges": [
        -0.13891145410235584,
        -0.02793867752187009,
        -0.015817426016767985,
        -0.009656611128447248,
        -0.0045606325346364985,
        0.00029356345654585336,
        0.0040221611616601234,
        0.008661056375674875,
        0.016832734172346566,
        0.030100111762063394,
        0.08998013057053655
      ],
      "ref_props": [
        0.1,
        0.1,
        0.1,
        0.1,
        0.1,
        0.1,
        0.1,
        0.1,
        0.1,
        0.1
      ]
    },
    "return_2d": {
      "edges": [
        -0.1686274509803921,
        -0.041043885632369555,
        -0.024787054361436155,
        -0.015480995302619814,
        -0.007087117414060584,
        0.0010101116140790456,
        0.006660183768795584,
        0.0166462434407537,
        0.025266065123261773,
        0.039092289501210124,
        0.13007651559741018
      ],
      "ref_props": [
        0.1,
        0.1,
        0.1,
        0.1,
        0.1,
        0.1,
        0.1,
        0.1,
        0.1,
        0.1
      ]
    },
    "return_3d": {
      "edges": [
        -0.196078431372549,
        -0.0469473381262485,
        -0.029823451454790924,
        -0.020520736990167092,
        -0.00822815496322957,
        -0.00043589538180488496,
        0.009848356971980015,
        0.020485774603984267,
        0.0318768286546693,
        0.055495298935378766,
        0.1312536786344909
      ],
      "ref_props": [
        0.1,
        0.1,
        0.1,
        0.1,
        0.1,
        0.1,
        0.1,
        0.1,
        0.1,
        0.1
      ]
    },
    "return_5d": {
      "edges": [
        -0.1849986747945932,
        -0.06070372792674946,
        -0.036232557113025796,
        -0.024562099171596533,
        -0.010740444885004094,
        0.0008923419275629341,
        0.013037140714662472,
        0.025094057285453133,
        0.04086971672764956,
        0.06670379206584591,
        0.15538552089464397
      ],
      "ref_props": [
        0.1,
        0.1,
        0.1,
        0.1,
        0.1,
        0.1,
        0.1,
        0.1,
        0.1,
        0.1
      ]
    },
    "return_10d": {
      "edges": [
        -0.16708167330677293,
        -0.10118559794711816,
        -0.06344609159215055,
        -0.022525026022782293,
        -0.00443330378435267,
        0.009724703162761417,
        0.023765572351424742,
        0.03945012417362699,
        0.054837439401197896,
        0.08594274402862068,
        0.16083707025411065
      ],
      "ref_props": [
        0.1,
        0.1,
        0.1,
        0.1,
        0.1,
        0.1,
        0.1,
        0.1,
        0.1,
        0.1
      ]
    },
    "return_20d": {
      "edges": [
        -0.24360730593607305,
        -0.11259359412814016,
        -0.06554115651790068,
        -0.037112276070890446,
        -0.0005122487554588503,
        0.013881838429523508,
        0.0306052132826333,
        0.04797728103007368,
        0.07782846371347785,
        0.1060950375751176,
        0.22556872797180394
      ],
      "ref_props": [
        0.1,
        0.1,
        0.1,
        0.1,
        0.1,
        0.1,
        0.1,
        0.1,
        0.1,
        0.1
      ]
    },
    "div_ma_5": {
      "edges": [
        -0.1247867011614466,
        -0.030578164270916953,
        -0.01862315217535582,
        -0.010639463939505638,
        -0.0053638946043181234,
        -0.0007748496437713374,
        0.004538816234773215,
        0.011901547818217518,
        0.01953100796256205,
        0.03187357365546091,
        0.08523626497852134
      ],
      "ref_props": [
        0.1,
        0.1,
        0.1,
        0.1,
        0.1,
        0.1,
        0.1,
        0.1,
        0.1,
        0.1
      ]
    },
    "div_ma_10": {
      "edges": [
        -0.15813393199364834,
        -0.047137412349805334,
        -0.030393126066211654,
        -0.015997788118448514,
        -0.005134238357615406,
        0.002430965066643691,
        0.008400345889401133,
        0.016825032847391015,
        0.027699122165340276,
        0.04914721871478882,
        0.08697477815413034
      ],
      "ref_props": [
        0.1,
        0.1,
        0.1,
        0.1,
        0.1,
        0.1,
        0.1,
        0.1,
        0.1,
        0.1
      ]
    },
    "div_ma_20": {
      "edges": [
        -0.16162664169850946,
        -0.06878368873687107,
        -0.04664683840662225,
        -0.020919342339060676,
        -0.006950595462218102,
        0.003984619612190864,
        0.01841973639596005,
        0.028726368774458617,
        0.04014789249428541,
        0.05826813335770399,
        0.13660978251324526
      ],
      "ref_props": [
        0.1,
        0.1,
        0.1,
        0.1,
        0.1,
        0.1,
        0.1,
        0.1,
        0.1,
        0.1
      ]
    },
    "div_ma_60": {
      "edges": [
        -0.20463184513568236,
        -0.12362156776579773,
        -0.05828270449573905,
        -0.03075644008797918,
        0.010426268405433472,
        0.03959357989352015,
        0.0529861075963548,
        0.06283697813177366,
        0.07157628320232248,
        0.0984612559267632,
        0.14964216882084183
      ],
      "ref_props": [
        0.1,
        0.1,
        0.1,
        0.1,
        0.1,
        0.1,
        0.1,
        0.1,
        0.1,
        0.1
      ]
    },
    "ma_5_20_cross": {
      "edges": [
        -0.09900964497194431,
        -0.055393156156170825,
        -0.03707206822123308,
        -0.017343284416101418,
        -0.003966382770373792,
        0.005630848254644882,
        0.017484723398595817,
        0.02305154596567276,
        0.030045495076303344,
        0.04734879585535099,
        0.10165134416801003
      ],
      "ref_props": [
        0.1,
        0.1,
        0.1,
        0.1,
        0.1,
        0.1,
        0.1,
        0.1,
        0.1,
        0.1
      ]
    },
    "ma_20_60_cross": {
      "edges": [
        -0.11791142756148054,
        -0.09876568677811477,
        -0.02528749093915878,
        -0.007270741911279352,
        0.005228277088705505,
        0.029876084986202645,
        0.03774632480132581,
        0.0437237432567229,
        0.04946936738987109,
        0.06325399057248994,
        0.07999430157339882
      ],
      "ref_props": [
        0.1,
        0.1,
        0.1,
        0.1,
        0.1,
        0.1,
        0.1,
        0.1,
        0.1,
        0.1
      ]
    },
    "rsi": {
      "edges": [
        14.786967418546368,
        33.68196998600356,
        37.697267759562834,
        42.68208802086938,
        48.193231142195415,
        53.255378198043985,
        56.921131657973774,
        61.33199563869686,
        65.60508380917297,
        68.83314189341597,
        81.2753036437247
      ],