{
  "feature_cols": [
    "return_1d",
    "return_2d",
    "return_3d",
    "return_5d",
    "return_10d",
    "return_20d",
    "div_ma_5",
    "div_ma_10",
    "div_ma_20",
    "div_ma_60",
    "ma_5_20_cross",
    "ma_20_60_cross",
    "rsi",
    "rsi_change",
    "macd",
    "macd_signal",
    "macd_hist",
    "macd_hist_change",
    "bb_pct_b",
    "bb_bandwidth",
    "atr_pct",
    "volatility",
    "vol_change",
    "vol_ratio",
    "candle_body_pct",
    "upper_shadow_pct",
    "lower_shadow_pct",
    "day_of_week",
    "month",
    "is_month_end",
    "is_month_start",
    "streak",
    "gap",
    "price_position_20d",
    "macro_usdjpy_ret_20",
    "macro_usdjpy_ret_60",
    "macro_usdjpy_vol_20",
    "macro_topix_ret_20",
    "macro_topix_vol_20",
    "macro_topix_above_200dma",
    "macro_nikkei_ret_20",
    "macro_nikkei_above_200dma",
    "macro_nikkei_vi",
    "macro_jgb10y",
    "macro_bias_score"
  ],
  "avg_up_ret": 0.026059723733650435,
  "avg_dn_ret": -0.017977803610041674,
  "n_bins": 10,
  "psi_ref_rows": 250,
  "psi": {
    "return_1d": {
      "edges": [
        -0.05518849591916053,
        -0.017235740350053673,
        -0.009699597435904116,
        -0.004217844384917608,
        -0.001023203610562939,
        0.0030322367384109095,
        0.0065692023577404,
        0.009734412293297101,
        0.013770757956577428,
        0.0223892989626554,
        0.09833709710531724
      ],
      "ref_props": [
        0.1,
        0.1,
        0.1,
        0.1,
        0.1,
        0.1,
        0.1,
        0.1,
        0.1,
        0.1
      ]
    },
    "return_2d": {
      "edges": [
        -0.09544186046511627,
        -0.02327520389737876,
        -0.012514970059880203,
        -0.005202762048660647,
        -0.0008831804313982549,
        0.005471957362148894,
        0.010653451984066154,
        0.01587280388871384,
        0.021097329974542677,
        0.033285410605137594,
        0.13435664203145725
      ],
      "ref_props": [
        0.1,
        0.1,
        0.1,
        0.1,
        0.1,
        0.1,
        0.1,
        0.1,
        0.1,
        0.1
      ]
    },
    "return_3d": {
      "edges": [
        -0.12285765830777562,
        -0.02260098849919213,
        -0.012799839509239061,
        -0.00453249058068274,
        0.001996663182068748,
        0.008163428383845095,
        0.01490172508514083,
        0.02161876622354491,
        0.028791963855649173,
        0.04026050125174973,
        0.14042069357589537
      ],
      "ref_props": [
        0.1,
        0.1,
        0.1,
        0.1,
        0.1,
        0.1,
        0.1,
        0.1,
        0.1,
        0.1
      ]
    },
    "return_5d": {
      "edges": [
        -0.11309740970448745,
        -0.024913821301810697,
        -0.0112334015007721,
        -0.002208552088249188,
        0.005899127511978856,
        0.013870176797006084,
        0.021168614884986874,
        0.03044895113957023,
        0.03938480350734168,
        0.05485938598872708,
        0.16242499482722939
      ],
      "ref_props": [
        0.1,
        0.1,
        0.1,
        0.1,
        0.1,
        0.1,
        0.1,
        0.1,
        0.1,
        0.1
      ]
    },
    "return_10d": {
      "edges": [
        -0.13801190690961573,
        -0.0333775325391103,
        -0.006758141621843228,
        0.00690020055683141,
        0.018699443087838354,
        0.02784532494375591,
        0.04060923726626229,
        0.048785694185254316,
        0.06438234525985896,
        0.09805163837820348,
        0.24082474226804118
      ],
      "ref_props": [
        0.1,
        0.1,
        0.1,
        0.1,
        0.1,
        0.1,
        0.1,
        0.1,
        0.1,
        0.1
      ]
    },
    "return_20d": {
      "edges": [
        -0.18419170243204575,
        -0.03951743321540271,
        0.008511064757088032,
        0.03374850070186244,
        0.04734903393698491,
        0.06300922379929152,
        0.0806711660833746,
        0.10100040512334253,
        0.12257447820679676,
        0.15995590104319188,
        0.2991627527057381
      ],
      "ref_props": [
        0.1,
        0.1,
        0.1,
        0.1,
        0.1,
        0.1,
        0.1,
        0.1,
        0.1,
        0.1
      ]
    },
    "div_ma_5": {
      "edges": [
        -0.08003784295175023,
        -0.015394266729262533,
        -0.007129601316312211,
        -0.0018115033649366541,
        0.002047153848405178,
        0.004673872523045316,
        0.008651521844675169,
        0.012671868552450524,
        0.018599234230194744,
        0.02419048751183513,
        0.09883251340039644
      ],
      "ref_props": [
        0.1,
        0.1,
        0.1,
        0.1,
        0.1,
        0.1,
        0.1,
        0.1,
        0.1,
        0.1
      ]
    },
    "div_ma_10": {
      "edges": [
        -0.09513883719198984,
        -0.021048199923711017,
        -0.0036644684983109725,
        0.002080675665255527,
        0.006900070765490718,
        0.012717971847546038,
        0.017249865614011213,
        0.023038959566272027,
        0.032666942558148025,
        0.04434692842596818,
        0.14171275987030327
      ],
      "ref_props": [
        0.1,
        0.1,
        0.1,
        0.1,
        0.1,
        0.1,
        0.1,
        0.1,
        0.1,
        0.1
      ]
    },
    "div_ma_20": {
      "edges": [
        -0.09581900524234703,
        -0.026008317388670456,
        -0.005184056515172958,
        0.013444947692709382,
        0.021691896591655734,
        0.029200137066011767,
        0.03831851407047198,
        0.04653857848899805,
        0.056219871060753636,
        0.0854747944576511,
        0.1741398925110824
      ],
      "ref_props": [
        0.1,
        0.1,
        0.1,
        0.1,
        0.1,
        0.1,
        0.1,
        0.1,
        0.1,
        0.1
      ]
    },
    "div_ma_60": {
      "edges": [
        -0.0701656050955414,
        -0.013483351296913292,
        0.016148565384450024,
        0.03780523103141039,
        0.06051795870422402,
        0.08307578917229069,
        0.09986528611133431,
        0.12023881713192332,
        0.13726110146404186,
        0.16126924504419649,
        0.23871366046721854
      ],
      "ref_props": [
        0.1,
        0.1,
        0.1,
        0.1,
        0.1,
        0.1,
        0.1,
        0.1,
        0.1,
        0.1
      ]
    },
    "ma_5_20_cross": {
      "edges": [
        -0.0649994324845824,
        -0.022271150483785595,
        -0.0028254226825134197,
        0.01227921895134637,
        0.01804467655336337,
        0.023241816061299048,
        0.029942342500889386,
        0.035569932973423306,
        0.04339748289308152,
        0.06771713591063239,
        0.10949981565687583
      ],
      "ref_props": [
        0.1,
        0.1,
        0.1,
        0.1,
        0.1,
        0.1,
        0.1,
        0.1,
        0.1,
        0.1
      ]
    },
    "ma_20_60_cross": {
      "edges": [
        -0.038254965545196584,
        -0.013412855902729047,
        0.0030078871299858583,
        0.02524127009611274,
        0.04755225130463448,
        0.05622008349877872,
        0.06633988434436552,
        0.07711651921931935,
        0.08779596967267347,
        0.09472665616251115,
        0.1506892111940017
      ],
      "ref_props": [
        0.1,
        0.1,
        0.1,
        0.1,
        0.1,
        0.1,
        0.1,
        0.1,
        0.1,
        0.1
      ]
    },
    "rsi": {
      "edges": [
        23.992322456813824,
        39.37347760687079,
        49.60300712213136,
        56.778880768953854,
        62.2949186810573,
        65.51661173955642,
        68.36488328453635,
        71.52849066192351,
        74.18136151954373,
        77.5567408395144,
        92.33390119250426
      ],
      "ref_props": [
        0.1,
        0.1,
        0.1,
        0.1,
        0.1,
        0.1,
        0.1,
        0.1,
        0.1,
        0.1
      ]
    },