{
  "feature_cols": [
    "return_1d",
    "return_2d",
    "return_3d",
    "return_5d",
    "return_10d",
    "return_20d",
    "div_ma_5",
    "div_ma_10",
    "div_ma_20",
    "div_ma_60",
    "ma_5_20_cross",
    "ma_20_60_cross",
    "rsi",
    "rsi_change",
    "macd",
    "macd_signal",
    "macd_hist",
    "macd_hist_change",
    "bb_pct_b",
    "bb_bandwidth",
    "atr_pct",
    "volatility",
    "vol_change",
    "vol_ratio",
    "candle_body_pct",
    "upper_shadow_pct",
    "lower_shadow_pct",
    "day_of_week",
    "month",
    "is_month_end",
    "is_month_start",
    "streak",
    "gap",
    "price_position_20d",
    "macro_usdjpy_ret_20",
    "macro_usdjpy_ret_60",
    "macro_usdjpy_vol_20",
    "macro_topix_ret_20",
    "macro_topix_vol_20",
    "macro_topix_above_200dma",
    "macro_nikkei_ret_20",
    "macro_nikkei_above_200dma",
    "macro_nikkei_vi",
    "macro_jgb10y",
    "macro_bias_score"
  ],
  "avg_up_ret": 0.03592243139801081,
  "avg_dn_ret": -0.022839859903179424,
  "n_bins": 10,
  "psi_ref_rows": 250,
  "psi": {
    "return_1d": {
      "edges": [
        -0.08759124087591241,
        -0.01911878357575948,
        -0.011521014665546314,
        -0.0070037445001530745,
        -0.0020713361080896267,
        0.00142756141527145,
        0.005211521357385525,
        0.009130895766889439,
        0.014548025744698562,
        0.026805048017423738,
        0.05847826086956531
      ],
      "ref_props": [
        0.1,
        0.1,
        0.1,
        0.1,
        0.1,
        0.1,
        0.1,
        0.1,
        0.1,
        0.1
      ]
    },
    "return_2d": {
      "edges": [
        -0.07554146856840993,
        -0.028704978309163597,
        -0.01675000690036998,
        -0.011187732695143279,
        -0.0030556924954553643,
        0.0030984702803337205,
        0.010514974426070993,
        0.01809548826729682,
        0.025389044716768307,
        0.03945465365633438,
        0.08152476349471338
      ],
      "ref_props": [
        0.1,
        0.1,
        0.1,
        0.1,
        0.1,
        0.1,
        0.1,
        0.1,
        0.1,
        0.1
      ]
    },
    "return_3d": {
      "edges": [
        -0.08088235294117652,
        -0.03211300842951471,
        -0.02375131749117274,
        -0.011890313342128079,
        -0.002949426919826579,
        0.0053453743325504455,
        0.013006227306078701,
        0.021759413676951632,
        0.03433822812700478,
        0.04742077136605868,
        0.09645286686103005
      ],
      "ref_props": [
        0.1,
        0.1,
        0.1,
        0.1,
        0.1,
        0.1,
        0.1,
        0.1,
        0.1,
        0.1
      ]
    },
    "return_5d": {
      "edges": [
        -0.09490561158520816,
        -0.04268705202312136,
        -0.026227127727769983,
        -0.013815594293546483,
        -0.0017466551188954013,
        0.008363839362905634,
        0.01747654477368082,
        0.02877087692913902,
        0.03992048342157945,
        0.061413975986527654,
        0.10993605509099846
      ],
      "ref_props": [
        0.1,
        0.1,
        0.1,
        0.1,
        0.1,
        0.1,
        0.1,
        0.1,
        0.1,
        0.1
      ]
    },
    "return_10d": {
      "edges": [
        -0.0995121951219512,
        -0.046576902634528045,
        -0.02837414097959816,
        -0.012395211442786073,
        -0.001740829280116805,
        0.013728817230231338,
        0.025871866713691804,
        0.042029853013512426,
        0.06757681265652679,
        0.09348816219502921,
        0.1330171635049684
      ],
      "ref_props": [
        0.1,
        0.1,
        0.1,
        0.1,
        0.1,
        0.1,
        0.1,
        0.1,
        0.1,
        0.1
      ]
    },
    "return_20d": {
      "edges": [
        -0.1166666666666667,
        -0.05958222149850821,
        -0.02888013972288354,
        -0.004769085637149239,
        0.016975406695372366,
        0.04185193575033752,
        0.06112225821252238,
        0.07611750541312635,
        0.0957027969994542,
        0.11422618555483381,
        0.19338235294117645
      ],
      "ref_props": [
        0.1,
        0.1,
        0.1,
        0.1,
        0.1,
        0.1,
        0.1,
        0.1,
        0.1,
        0.1
      ]
    },
    "div_ma_5": {
      "edges": [
        -0.07068132334979554,
        -0.02075442447788438,
        -0.012434770862527606,
        -0.007358945252583268,
        -0.0010616747483412029,
        0.004448798009210296,
        0.008374026380733635,
        0.013163047903665785,
        0.018023513528448522,
        0.02982320924521285,
        0.06113331765812368
      ],
      "ref_props": [
        0.1,
        0.1,
        0.1,
        0.1,
        0.1,
        0.1,
        0.1,
        0.1,
        0.1,
        0.1
      ]
    },
    "div_ma_10": {
      "edges": [
        -0.06818242325816672,
        -0.02709595928327698,
        -0.015635760356034124,
        -0.00698083245749309,
        -0.001178929048925656,
        0.004896034473641491,
        0.01150646979673671,
        0.019897124130974907,
        0.03494254105598294,
        0.047111415256422734,
        0.07802329185670637
      ],
      "ref_props": [
        0.1,
        0.1,
        0.1,
        0.1,
        0.1,
        0.1,
        0.1,
        0.1,
        0.1,
        0.1
      ]
    },
    "div_ma_20": {
      "edges": [
        -0.06268690723704821,
        -0.03783134761385464,
        -0.016421642212841266,
        -0.002695788034492965,
        0.00539302833340592,
        0.012767396769388656,
        0.021473056322376956,
        0.037157190371124485,
        0.0535169031720675,
        0.06662048698634143,
        0.1063672330857029
      ],
      "ref_props": [
        0.1,
        0.1,
        0.1,
        0.1,
        0.1,
        0.1,
        0.1,
        0.1,
        0.1,
        0.1
      ]
    },
    "div_ma_60": {
      "edges": [
        -0.08965144717691716,
        -0.020771867804006257,
        0.010983701131482473,
        0.028932838959280737,
        0.044727743765220915,
        0.05751363793825024,
        0.06722697438097518,
        0.08630152820679886,
        0.10793988686425678,
        0.13128230486950734,
        0.20614250132381487
      ],
      "ref_props": [
        0.1,
        0.1,
        0.1,
        0.1,
        0.1,
        0.1,
        0.1,
        0.1,
        0.1,
        0.1
      ]
    },
    "ma_5_20_cross": {
      "edges": [
        -0.052606005173424064,
        -0.028849821678083448,
        -0.012668595316746977,
        -0.004568848510171799,
        0.0024841108607204024,
        0.010221358320269491,
        0.01729963550507978,
        0.030771376421877255,
        0.04178471192387541,
        0.05201827614484415,
        0.0780608755129959
      ],
      "ref_props": [
        0.1,
        0.1,
        0.1,
        0.1,
        0.1,
        0.1,
        0.1,
        0.1,
        0.1,
        0.1
      ]
    },
    "ma_20_60_cross": {
      "edges": [
        -0.04311669992223621,
        0.0008366596324270066,
        0.01186562896655632,
        0.020259822675757416,
        0.02563121531789867,
        0.03722468776117427,
        0.06001774394578802,
        0.06476988806132408,
        0.06867760412367936,
        0.08320775336148242,
        0.1077254234441909
      ],
      "ref_props": [
        0.1,
        0.1,
        0.1,
        0.1,
        0.1,
        0.1,
        0.1,
        0.1,
        0.1,
        0.1
      ]
    },
    "rsi": {
      "edges": [
        17.91666666666667,
        36.77469793887705,
        43.29294940725105,
        48.36583015108983,
        52.652782713767856,
        56.79450757575758,
        60.003881720347884,
        63.67161635832522,
        68.36333892802908,
        72.18162423093085,
        91.97207678883072
      ],