{
  "feature_cols": [
    "return_1d",
    "return_2d",
    "return_3d",
    "return_5d",
    "return_10d",
    "return_20d",
    "div_ma_5",
    "div_ma_10",
    "div_ma_20",
    "div_ma_60",
    "ma_5_20_cross",
    "ma_20_60_cross",
    "rsi",
    "rsi_change",
    "macd",
    "macd_signal",
    "macd_hist",
    "macd_hist_change",
    "bb_pct_b",
    "bb_bandwidth",
    "atr_pct",
    "volatility",
    "vol_change",
    "vol_ratio",
    "candle_body_pct",
    "upper_shadow_pct",
    "lower_shadow_pct",
    "day_of_week",
    "month",
    "is_month_end",
    "is_month_start",
    "streak",
    "gap",
    "price_position_20d",
    "macro_usdjpy_ret_20",
    "macro_usdjpy_ret_60",
    "macro_usdjpy_vol_20",
    "macro_topix_ret_20",
    "macro_topix_vol_20",
    "macro_topix_above_200dma",
    "macro_nikkei_ret_20",
    "macro_nikkei_above_200dma",
    "macro_nikkei_vi",
    "macro_jgb10y",
    "macro_bias_score"
  ],
  "avg_up_ret": 0.03735585063896277,
  "avg_dn_ret": -0.021325730894019,
  "n_bins": 10,
  "psi_ref_rows": 250,
  "psi": {
    "return_1d": {
      "edges": [
        -0.06931964056482665,
        -0.019292902089188112,
        -0.01091409003914181,
        -0.007994874236812454,
        -0.00469291490180983,
        -0.0005983402873118715,
        0.004209467653348975,
        0.009735188522191773,
        0.016902567548321826,
        0.02541544646447682,
        0.11994069681245367
      ],
      "ref_props": [
        0.1,
        0.1,
        0.1,
        0.1,
        0.1,
        0.1,
        0.1,
        0.1,
        0.1,
        0.1
      ]
    },
    "return_2d": {
      "edges": [
        -0.07760814249363868,
        -0.02672930130925686,
        -0.017884028659445005,
        -0.00988283452057601,
        -0.004727592917218381,
        -0.0003261418351104828,
        0.009011370127225509,
        0.015112482835355772,
        0.025260117893737454,
        0.037312150279432486,
        0.12557319223985886
      ],
      "ref_props": [
        0.1,
        0.1,
        0.1,
        0.1,
        0.1,
        0.1,
        0.1,
        0.1,
        0.1,
        0.1
      ]
    },
    "return_3d": {
      "edges": [
        -0.08459595959595956,
        -0.036363167329574175,
        -0.021088720699562864,
        -0.012853925487809089,
        -0.007193861796687173,
        -0.0007502765442390369,
        0.012119359666943108,
        0.020812356732765026,
        0.03380414617658946,
        0.05241749156067396,
        0.16054693501305883
      ],
      "ref_props": [
        0.1,
        0.1,
        0.1,
        0.1,
        0.1,
        0.1,
        0.1,
        0.1,
        0.1,
        0.1
      ]
    },
    "return_5d": {
      "edges": [
        -0.08728493495593792,
        -0.04607564626351269,
        -0.032545619106011475,
        -0.01645551221542658,
        -0.007229259386055031,
        0.004000256382461709,
        0.016230630207894243,
        0.03135466626300607,
        0.05540787677059022,
        0.07758029822257304,
        0.17480559875583213
      ],
      "ref_props": [
        0.1,
        0.1,
        0.1,
        0.1,
        0.1,
        0.1,
        0.1,
        0.1,
        0.1,
        0.1
      ]
    },
    "return_10d": {
      "edges": [
        -0.11531421598535696,
        -0.05504253372025074,
        -0.03849700091724386,
        -0.021037774012711254,
        0.0009454541414934089,
        0.017230418741206344,
        0.027290721965450303,
        0.0449297524278227,
        0.07161589693197955,
        0.13026641146688595,
        0.2227258012301716
      ],
      "ref_props": [
        0.1,
        0.1,
        0.1,
        0.1,
        0.1,
        0.1,
        0.1,
        0.1,
        0.1,
        0.1
      ]
    },
    "return_20d": {
      "edges": [
        -0.10734463276836159,
        -0.04878000495884747,
        -0.025986058663725185,
        -0.011317302738388319,
        0.0029980691053008717,
        0.023199922054886413,
        0.051336392574615225,
        0.08098728872932533,
        0.11196699946916892,
        0.1559030757581042,
        0.2644498995759874
      ],
      "ref_props": [
        0.1,
        0.1,
        0.1,
        0.1,
        0.1,
        0.1,
        0.1,
        0.1,
        0.1,
        0.1
      ]
    },
    "div_ma_5": {
      "edges": [
        -0.06443565037852718,
        -0.02030873151015191,
        -0.013761198398521508,
        -0.008600797259037524,
        -0.004868029522696661,
        0.0006842465516127431,
        0.005872443037576252,
        0.012867229534828132,
        0.023373976405447864,
        0.03149826495670558,
        0.10772208698712497
      ],
      "ref_props": [
        0.1,
        0.1,
        0.1,
        0.1,
        0.1,
        0.1,
        0.1,
        0.1,
        0.1,
        0.1
      ]
    },
    "div_ma_10": {
      "edges": [
        -0.08051322158574478,
        -0.0345914217350645,
        -0.02376887139809666,
        -0.011259878453710858,
        -0.0012922465545866294,
        0.005146970228410595,
        0.012520736162477309,
        0.023973504867589472,
        0.035646319548473686,
        0.05311089276592812,
        0.15293040293040294
      ],
      "ref_props": [
        0.1,
        0.1,
        0.1,
        0.1,
        0.1,
        0.1,
        0.1,
        0.1,
        0.1,
        0.1
      ]
    },
    "div_ma_20": {
      "edges": [
        -0.07821406624144435,
        -0.035785147020570826,
        -0.019856655266417576,
        -0.007240200374362578,
        0.0024166336813385607,
        0.011065685001017744,
        0.021691526005167862,
        0.03617234072271933,
        0.05385548875195758,
        0.09715709342385782,
        0.17205318769297606
      ],
      "ref_props": [
        0.1,
        0.1,
        0.1,
        0.1,
        0.1,
        0.1,
        0.1,
        0.1,
        0.1,
        0.1
      ]
    },
    "div_ma_60": {
      "edges": [
        -0.08432619037595251,
        -0.01902703436082582,
        -0.000817223859471619,
        0.017486558169283937,
        0.034711807800989,
        0.05115024061813274,
        0.06474950558925219,
        0.09635631212604093,
        0.1181334652626527,
        0.14057291981240808,
        0.1857872601924221
      ],
      "ref_props": [
        0.1,
        0.1,
        0.1,
        0.1,
        0.1,
        0.1,
        0.1,
        0.1,
        0.1,
        0.1
      ]
    },
    "ma_5_20_cross": {
      "edges": [
        -0.051422822957802206,
        -0.02641698342449388,
        -0.01712681841089773,
        -0.004630178726113538,
        0.002616288407043937,
        0.008274465708273837,
        0.01258002756377344,
        0.028123008392825586,
        0.04059743247641241,
        0.07228084741537795,
        0.1282136291027458
      ],
      "ref_props": [
        0.1,
        0.1,
        0.1,
        0.1,
        0.1,
        0.1,
        0.1,
        0.1,
        0.1,
        0.1
      ]
    },
    "ma_20_60_cross": {
      "edges": [
        -0.028832869258401228,
        -0.005385256835783977,
        0.0025208539726028897,
        0.011645181652665508,
        0.019748018232670722,
        0.03237474094567694,
        0.0478597176048762,
        0.06090605328007677,
        0.07215420813786037,
        0.08237747151271964,
        0.10979721362740258
      ],
      "ref_props": [
        0.1,
        0.1,
        0.1,
        0.1,
        0.1,
        0.1,
        0.1,
        0.1,
        0.1,
        0.1
      ]
    },
    "rsi": {
      "edges": [
        21.653971708378663,
        37.33428094815491,
        42.26667846472266,
        46.235803770050346,
        50.852648478841736,
        53.945656320383506,
        57.32621582042407,
        62.5011581959395,
        67.10086245800531,
        75.37905405405405,
        89.64719491035281
      ],