{
  "feature_cols": [
    "return_1d",
    "return_2d",
    "return_3d",
    "return_5d",
    "return_10d",
    "return_20d",
    "div_ma_5",
    "div_ma_10",
    "div_ma_20",
    "div_ma_60",
    "ma_5_20_cross",
    "ma_20_60_cross",
    "rsi",
    "rsi_change",
    "macd",
    "macd_signal",
    "macd_hist",
    "macd_hist_change",
    "bb_pct_b",
    "bb_bandwidth",
    "atr_pct",
    "volatility",
    "vol_change",
    "vol_ratio",
    "candle_body_pct",
    "upper_shadow_pct",
    "lower_shadow_pct",
    "day_of_week",
    "month",
    "is_month_end",
    "is_month_start",
    "streak",
    "gap",
    "price_position_20d",
    "macro_usdjpy_ret_20",
    "macro_usdjpy_ret_60",
    "macro_usdjpy_vol_20",
    "macro_topix_ret_20",
    "macro_topix_vol_20",
    "macro_topix_above_200dma",
    "macro_nikkei_ret_20",
    "macro_nikkei_above_200dma",
    "macro_nikkei_vi",
    "macro_jgb10y",
    "macro_bias_score"
  ],
  "avg_up_ret": 0.028340743296371707,
  "avg_dn_ret": -0.0162539720724382,
  "n_bins": 10,
  "psi_ref_rows": 250,
  "psi": {
    "return_1d": {
      "edges": [
        -0.055413687436159376,
        -0.02202179130042371,
        -0.012680211922561656,
        -0.006192151898734161,
        -0.0021524201270262315,
        0.0020324157194899772,
        0.004795840100751983,
        0.010340645093161863,
        0.01450185448723805,
        0.02408234699543905,
        0.08496978851963743
      ],
      "ref_props": [
        0.1,
        0.1,
        0.1,
        0.1,
        0.1,
        0.1,
        0.1,
        0.1,
        0.1,
        0.1
      ]
    },
    "return_2d": {
      "edges": [
        -0.09141981613891725,
        -0.024677226898640506,
        -0.01528569284584571,
        -0.009275654216490818,
        -0.0035189335629284483,
        0.000964859994213696,
        0.006718070434994165,
        0.013819341079847815,
        0.0207247148936478,
        0.03748734878908083,
        0.11776967170401242
      ],
      "ref_props": [
        0.1,
        0.1,
        0.1,
        0.1,
        0.1,
        0.1,
        0.1,
        0.1,
        0.1,
        0.1
      ]
    },
    "return_3d": {
      "edges": [
        -0.09646739130434778,
        -0.03569821075523672,
        -0.01959723755602689,
        -0.011034340313071708,
        -0.001933948093732239,
        0.0040914631970232485,
        0.009758851172714023,
        0.017414242181321468,
        0.0262327553564667,
        0.048758449465202865,
        0.12954186413902047
      ],
      "ref_props": [
        0.1,
        0.1,
        0.1,
        0.1,
        0.1,
        0.1,
        0.1,
        0.1,
        0.1,
        0.1
      ]
    },
    "return_5d": {
      "edges": [
        -0.11746680286006128,
        -0.03729067433262867,
        -0.02119379680585771,
        -0.012458084683148619,
        -0.0021983487954208444,
        0.0061507089247300195,
        0.012813739598082567,
        0.01893323517949608,
        0.03372119035751751,
        0.06849069616028781,
        0.21186440677966112
      ],
      "ref_props": [
        0.1,
        0.1,
        0.1,
        0.1,
        0.1,
        0.1,
        0.1,
        0.1,
        0.1,
        0.1
      ]
    },
    "return_10d": {
      "edges": [
        -0.13559754851889683,
        -0.0526443629855564,
        -0.022650168892468067,
        -0.009914122190928066,
        0.00046035805626592585,
        0.013176013092923378,
        0.02311219710992663,
        0.040461351445624474,
        0.06919749639364692,
        0.0942064818076545,
        0.22682166146867022
      ],
      "ref_props": [
        0.1,
        0.1,
        0.1,
        0.1,
        0.1,
        0.1,
        0.1,
        0.1,
        0.1,
        0.1
      ]
    },
    "return_20d": {
      "edges": [
        -0.17611862643080123,
        -0.07086041838197833,
        -0.03697813242055245,
        -0.010433264657110114,
        0.005891662594706712,
        0.02519664632430174,
        0.06269324324416815,
        0.08946925132036825,
        0.11520772208689617,
        0.1563251472234226,
        0.2543859649122806
      ],
      "ref_props": [
        0.1,
        0.1,
        0.1,
        0.1,
        0.1,
        0.1,
        0.1,
        0.1,
        0.1,
        0.1
      ]
    },
    "div_ma_5": {
      "edges": [
        -0.05400919910854004,
        -0.018532867185363504,
        -0.012823365828969476,
        -0.006875402582972855,
        -0.001965135901977944,
        0.0009722315664784449,
        0.006194620806325791,
        0.012457589648093454,
        0.018100239025721134,
        0.02868670702735223,
        0.09472287434929055
      ],
      "ref_props": [
        0.1,
        0.1,
        0.1,
        0.1,
        0.1,
        0.1,
        0.1,
        0.1,
        0.1,
        0.1
      ]
    },
    "div_ma_10": {
      "edges": [
        -0.09039129691860799,
        -0.02634439179275762,
        -0.015659673074288838,
        -0.008229476789335152,
        -0.00137804500598067,
        0.005187165647445261,
        0.011592481680731294,
        0.017993771657085253,
        0.0266360294243755,
        0.048925353901197614,
        0.15207992050917105
      ],
      "ref_props": [
        0.1,
        0.1,
        0.1,
        0.1,
        0.1,
        0.1,
        0.1,
        0.1,
        0.1,
        0.1
      ]
    },
    "div_ma_20": {
      "edges": [
        -0.11064084536455648,
        -0.04174160831420001,
        -0.019629170719912117,
        -0.008951932695078612,
        -3.6795143041084324e-05,
        0.013200454125117608,
        0.025637449243213657,
        0.04169671557140483,
        0.055213361483554525,
        0.07556856544121666,
        0.17193902638911657
      ],
      "ref_props": [
        0.1,
        0.1,
        0.1,
        0.1,
        0.1,
        0.1,
        0.1,
        0.1,
        0.1,
        0.1
      ]
    },
    "div_ma_60": {
      "edges": [
        -0.1599342465753425,
        -0.05209375311302344,
        -0.006464778272844345,
        0.017550768682309762,
        0.03766251389392182,
        0.056371773813225556,
        0.0769860097690809,
        0.11016992404403615,
        0.1550026856388553,
        0.18671256778025014,
        0.29356005032997967
      ],
      "ref_props": [
        0.1,
        0.1,
        0.1,
        0.1,
        0.1,
        0.1,
        0.1,
        0.1,
        0.1,
        0.1
      ]
    },
    "ma_5_20_cross": {
      "edges": [
        -0.07779603646118616,
        -0.032558385219803955,
        -0.013344828643938288,
        -0.007014165593371022,
        0.0008705068681560852,
        0.010481384504974378,
        0.01898980900398475,
        0.031874670313570566,
        0.04512803937635726,
        0.057137335957395334,
        0.12123826844194285
      ],
      "ref_props": [
        0.1,
        0.1,
        0.1,
        0.1,
        0.1,
        0.1,
        0.1,
        0.1,
        0.1,
        0.1
      ]
    },
    "ma_20_60_cross": {
      "edges": [
        -0.07595816902568231,
        -0.03962370746196238,
        -0.0020737067133120334,
        0.015394061213090861,
        0.02818589866859136,
        0.04302405716473234,
        0.05651521774074562,
        0.08637777714771151,
        0.10358745544507877,
        0.12290904060037688,
        0.13996977710615788
      ],
      "ref_props": [
        0.1,
        0.1,
        0.1,
        0.1,
        0.1,
        0.1,
        0.1,
        0.1,
        0.1,
        0.1
      ]
    },
    "rsi": {
      "edges": [
        19.176954732510282,
        37.776746317526296,
        42.78695824015289,
        46.82681695039969,
        50.63040255947402,
        57.00934579439252,
        63.02837097352385,
        67.8928982945688,
        71.98755601478004,
        75.86309295241021,
        87.62475049900199
      ],