{
  "feature_cols": [
    "return_1d",
    "return_2d",
    "return_3d",
    "return_5d",
    "return_10d",
    "return_20d",
    "div_ma_5",
    "div_ma_10",
    "div_ma_20",
    "div_ma_60",
    "ma_5_20_cross",
    "ma_20_60_cross",
    "rsi",
    "rsi_change",
    "macd",
    "macd_signal",
    "macd_hist",
    "macd_hist_change",
    "bb_pct_b",
    "bb_bandwidth",
    "atr_pct",
    "volatility",
    "vol_change",
    "vol_ratio",
    "candle_body_pct",
    "upper_shadow_pct",
    "lower_shadow_pct",
    "day_of_week",
    "month",
    "is_month_end",
    "is_month_start",
    "streak",
    "gap",
    "price_position_20d",
    "macro_usdjpy_ret_20",
    "macro_usdjpy_ret_60",
    "macro_usdjpy_vol_20",
    "macro_topix_ret_20",
    "macro_topix_vol_20",
    "macro_topix_above_200dma",
    "macro_nikkei_ret_20",
    "macro_nikkei_above_200dma",
    "macro_nikkei_vi",
    "macro_jgb10y",
    "macro_bias_score"
  ],
  "avg_up_ret": 0.0558396778061904,
  "avg_dn_ret": -0.03462148001513018,
  "n_bins": 10,
  "psi_ref_rows": 250,
  "psi": {
    "return_1d": {
      "edges": [
        -0.11280817799158149,
        -0.05131132748714849,
        -0.03413085194056728,
        -0.017255252318167335,
        -0.004794571169415745,
        0.004351231509147735,
        0.016856129419215705,
        0.026826162048509475,
        0.04273780613162704,
        0.06384360609881547,
        0.19845207382417152
      ],
      "ref_props": [
        0.1,
        0.1,
        0.1,
        0.1,
        0.1,
        0.1,
        0.1,
        0.1,
        0.1,
        0.1
      ]
    },
    "return_2d": {
      "edges": [
        -0.19760166840458815,
        -0.07724433477846443,
        -0.04355904161259232,
        -0.024132733795185324,
        -0.008290863135551826,
        0.00975177928407911,
        0.02426027019780749,
        0.03799311166342969,
        0.06982370418004172,
        0.10542174817409802,
        0.3409406628299265
      ],
      "ref_props": [
        0.1,
        0.1,
        0.1,
        0.1,
        0.1,
        0.1,
        0.1,
        0.1,
        0.1,
        0.1
      ]
    },
    "return_3d": {
      "edges": [
        -0.1824701195219124,
        -0.07246655078200782,
        -0.04913089410633757,
        -0.027679133618410106,
        -0.009983509830280062,
        0.008431565187244305,
        0.034783963384883036,
        0.05694696969696974,
        0.08406499768756857,
        0.12452925520999891,
        0.4030561619368922
      ],
      "ref_props": [
        0.1,
        0.1,
        0.1,
        0.1,
        0.1,
        0.1,
        0.1,
        0.1,
        0.1,
        0.1
      ]
    },
    "return_5d": {
      "edges": [
        -0.24336283185840712,
        -0.09274466628720207,
        -0.059823127598099685,
        -0.028465037699126134,
        -0.003105910923412043,
        0.02770377711335814,
        0.052991925258917605,
        0.08349997162055367,
        0.12332747225884001,
        0.17340682345904268,
        0.4626002611453086
      ],
      "ref_props": [
        0.1,
        0.1,
        0.1,
        0.1,
        0.1,
        0.1,
        0.1,
        0.1,
        0.1,
        0.1
      ]
    },
    "return_10d": {
      "edges": [
        -0.3084700067400584,
        -0.11259854242286754,
        -0.04722515098074365,
        -0.013696493383369625,
        0.017896670384596015,
        0.05006397418780595,
        0.09334211588792554,
        0.13897709107940906,
        0.18451549069321618,
        0.25237327642488083,
        0.6501289938479857
      ],
      "ref_props": [
        0.1,
        0.1,
        0.1,
        0.1,
        0.1,
        0.1,
        0.1,
        0.1,
        0.1,
        0.1
      ]
    },
    "return_20d": {
      "edges": [
        -0.4210234620358396,
        -0.15732777191579791,
        -0.07014559659090909,
        -0.01535368349991977,
        0.05265727898223137,
        0.12322647760750416,
        0.1989962813637668,
        0.25210281033366516,
        0.33350621926396296,
        0.4435362990112381,
        0.7799944582986977
      ],
      "ref_props": [
        0.1,
        0.1,
        0.1,
        0.1,
        0.1,
        0.1,
        0.1,
        0.1,
        0.1,
        0.1
      ]
    },
    "div_ma_5": {
      "edges": [
        -0.13834611723867646,
        -0.052575909529152164,
        -0.028416546432631345,
        -0.016591578213342863,
        -0.004999316246568254,
        0.007211769654526652,
        0.019655962827674043,
        0.034036830803293595,
        0.05256609469116165,
        0.08535249320484585,
        0.19724546509497345
      ],
      "ref_props": [
        0.1,
        0.1,
        0.1,
        0.1,
        0.1,
        0.1,
        0.1,
        0.1,
        0.1,
        0.1
      ]
    },
    "div_ma_10": {
      "edges": [
        -0.21157786885245902,
        -0.07513413805463087,
        -0.03653170387623798,
        -0.01593891650967846,
        0.0026783766965478577,
        0.020659379157165224,
        0.03557157917736975,
        0.05949479819591084,
        0.091724018988588,
        0.13452385686859933,
        0.28064416025609623
      ],
      "ref_props": [
        0.1,
        0.1,
        0.1,
        0.1,
        0.1,
        0.1,
        0.1,
        0.1,
        0.1,
        0.1
      ]
    },
    "div_ma_20": {
      "edges": [
        -0.3047131772439264,
        -0.08818532939966488,
        -0.04282595842688735,
        -0.005893605270691404,
        0.021647161696791525,
        0.046533671500899175,
        0.09101683979536185,
        0.11603692416306567,
        0.14923279035816647,
        0.20451498889649455,
        0.39276297736789995
      ],
      "ref_props": [
        0.1,
        0.1,
        0.1,
        0.1,
        0.1,
        0.1,
        0.1,
        0.1,
        0.1,
        0.1
      ]
    },
    "div_ma_60": {
      "edges": [
        -0.23758726174601935,
        -0.14443862589955392,
        -0.10014137692128061,
        -0.059354122156000194,
        0.026900368056623734,
        0.17251811930767474,
        0.2806155670156283,
        0.3261669129385051,
        0.3787112144652339,
        0.4485401581685661,
        0.7641712739515701
      ],
      "ref_props": [
        0.1,
        0.1,
        0.1,
        0.1,
        0.1,
        0.1,
        0.1,
        0.1,
        0.1,
        0.1
      ]
    },
    "ma_5_20_cross": {
      "edges": [
        -0.20294042969930726,
        -0.07055505455406455,
        -0.022097382673911196,
        -0.006163791214575897,
        0.013874987626298732,
        0.036443036154523045,
        0.06748899331633439,
        0.09439153993993504,
        0.11325013141992941,
        0.15888522006240718,
        0.2931308814838389
      ],
      "ref_props": [
        0.1,
        0.1,
        0.1,
        0.1,
        0.1,
        0.1,
        0.1,
        0.1,
        0.1,
        0.1
      ]
    },
    "ma_20_60_cross": {
      "edges": [
        -0.15818528022489897,
        -0.10711993725072054,
        -0.0748051044996733,
        -0.02472350156234395,
        0.021838847287221352,
        0.09414692325200325,
        0.19601396680509456,
        0.21213510094116883,
        0.23474480204242426,
        0.2546226961169786,
        0.3300726317931746
      ],
      "ref_props": [
        0.1,
        0.1,
        0.1,
        0.1,
        0.1,
        0.1,
        0.1,
        0.1,
        0.1,
        0.1
      ]
    },
    "rsi": {
      "edges": [
        17.024793388429757,
        37.424367799164486,
        43.23821448147647,
        49.516390320062456,
        53.12645916172015,
        61.29473571068942,
        65.34579173792378,
        68.12463202321287,
        71.44831904440805,
        81.03598755027653,
        94.97777777777777
      ],
      "ref_props": [
        0.1,
        0.1,
        0.1,
        0.1,
        0.1,
        0.1,
        0.1,
        0.1,
        0.1,
        0.1
      ]
    },