{
  "feature_cols": [
    "return_1d",
    "return_2d",
    "return_3d",
    "return_5d",
    "return_10d",
    "return_20d",
    "div_ma_5",
    "div_ma_10",
    "div_ma_20",
    "div_ma_60",
    "ma_5_20_cross",
    "ma_20_60_cross",
    "rsi",
    "rsi_change",
    "macd",
    "macd_signal",
    "macd_hist",
    "macd_hist_change",
    "bb_pct_b",
    "bb_bandwidth",
    "atr_pct",
    "volatility",
    "vol_change",
    "vol_ratio",
    "candle_body_pct",
    "upper_shadow_pct",
    "lower_shadow_pct",
    "day_of_week",
    "month",
    "is_month_end",
    "is_month_start",
    "streak",
    "gap",
    "price_position_20d",
    "macro_usdjpy_ret_20",
    "macro_usdjpy_ret_60",
    "macro_usdjpy_vol_20",
    "macro_topix_ret_20",
    "macro_topix_vol_20",
    "macro_topix_above_200dma",
    "macro_nikkei_ret_20",
    "macro_nikkei_above_200dma",
    "macro_nikkei_vi",
    "macro_jgb10y",
    "macro_bias_score"
  ],
  "avg_up_ret": 0.0311179001220788,
  "avg_dn_ret": -0.02287464865150476,
  "n_bins": 10,
  "psi_ref_rows": 250,
  "psi": {
    "return_1d": {
      "edges": [
        -0.10982142857142863,
        -0.029214924418392938,
        -0.02007000472226883,
        -0.013957875349643,
        -0.007720805573073262,
        -0.002622161538594958,
        0.0015436381126293062,
        0.008385082647041632,
        0.016381218023265823,
        0.026418375905199572,
        0.08903508771929824
      ],
      "ref_props": [
        0.1,
        0.1,
        0.1,
        0.1,
        0.1,
        0.1,
        0.1,
        0.1,
        0.1,
        0.1
      ]
    },
    "return_2d": {
      "edges": [
        -0.12876984126984126,
        -0.04528006247454901,
        -0.029801711054047497,
        -0.02085093428629494,
        -0.011777182471098824,
        -0.004873515564612463,
        0.002424904506074869,
        0.011990804195498698,
        0.021621215908062076,
        0.037047094513003156,
        0.15407854984894254
      ],
      "ref_props": [
        0.1,
        0.1,
        0.1,
        0.1,
        0.1,
        0.1,
        0.1,
        0.1,
        0.1,
        0.1
      ]
    },
    "return_3d": {
      "edges": [
        -0.16259920634920633,
        -0.05173670314939387,
        -0.03595289019948038,
        -0.02655105854076119,
        -0.01605304430627905,
        -0.010079525737420492,
        0.0005299018512589305,
        0.012672830161259354,
        0.025791076812407495,
        0.04883358893877467,
        0.1794097141529165
      ],
      "ref_props": [
        0.1,
        0.1,
        0.1,
        0.1,
        0.1,
        0.1,
        0.1,
        0.1,
        0.1,
        0.1
      ]
    },
    "return_5d": {
      "edges": [
        -0.1605171556439582,
        -0.06747433496035979,
        -0.04961682660434463,
        -0.03505952438423884,
        -0.024703273502683167,
        -0.011664960514770395,
        -0.0011274055893345492,
        0.012686886801926252,
        0.03520051441446525,
        0.05977525718481282,
        0.18339745831875942
      ],
      "ref_props": [
        0.1,
        0.1,
        0.1,
        0.1,
        0.1,
        0.1,
        0.1,
        0.1,
        0.1,
        0.1
      ]
    },
    "return_10d": {
      "edges": [
        -0.18836538461538466,
        -0.1165709360555616,
        -0.06798491129399735,
        -0.05000288840382829,
        -0.03414800452915946,
        -0.019357237573020825,
        -0.0007341135588675484,
        0.01591539678622336,
        0.04149880817980139,
        0.07020861741069498,
        0.16654921306084103
      ],
      "ref_props": [
        0.1,
        0.1,
        0.1,
        0.1,
        0.1,
        0.1,
        0.1,
        0.1,
        0.1,
        0.1
      ]
    },
    "return_20d": {
      "edges": [
        -0.22969924812030074,
        -0.16656316646593494,
        -0.1411678889555453,
        -0.09985923610803776,
        -0.058575232299353665,
        -0.02641380981914354,
        -0.0034866575324589972,
        0.019250975510708517,
        0.05597289228049461,
        0.09919062785029682,
        0.20958083832335328
      ],
      "ref_props": [
        0.1,
        0.1,
        0.1,
        0.1,
        0.1,
        0.1,
        0.1,
        0.1,
        0.1,
        0.1
      ]
    },
    "div_ma_5": {
      "edges": [
        -0.08597726042230644,
        -0.03398479715954142,
        -0.023210524542795905,
        -0.01706096975526462,
        -0.010583641742552788,
        -0.00576814589345681,
        0.0006927373051872686,
        0.00675240071377479,
        0.015691017202750596,
        0.03032431223494736,
        0.10564399421128799
      ],
      "ref_props": [
        0.1,
        0.1,
        0.1,
        0.1,
        0.1,
        0.1,
        0.1,
        0.1,
        0.1,
        0.1
      ]
    },
    "div_ma_10": {
      "edges": [
        -0.13083323036368882,
        -0.05371868112344177,
        -0.038136959605341525,
        -0.028334124291884446,
        -0.018028461156445824,
        -0.008674881397944433,
        -0.0006109520539452706,
        0.00672494532990682,
        0.022056849538379494,
        0.0444618247535237,
        0.12662611552635075
      ],
      "ref_props": [
        0.1,
        0.1,
        0.1,
        0.1,
        0.1,
        0.1,
        0.1,
        0.1,
        0.1,
        0.1
      ]
    },
    "div_ma_20": {
      "edges": [
        -0.15581980288127367,
        -0.09173677676604725,
        -0.06084118224684703,
        -0.045052160448616194,
        -0.027935753032763615,
        -0.020943472137043055,
        -0.007441811626526568,
        0.007185438887508254,
        0.02618179829704017,
        0.05675954628389845,
        0.156214224282777
      ],
      "ref_props": [
        0.1,
        0.1,
        0.1,
        0.1,
        0.1,
        0.1,
        0.1,
        0.1,
        0.1,
        0.1
      ]
    },
    "div_ma_60": {
      "edges": [
        -0.2568571893923942,
        -0.16773269653107098,
        -0.14265656058559903,
        -0.11858051628333227,
        -0.06705475379040482,
        -0.036439296737597285,
        -0.003239176314038938,
        0.026581193665640143,
        0.05695365664016345,
        0.09584798337774406,
        0.1962904653006815
      ],
      "ref_props": [
        0.1,
        0.1,
        0.1,
        0.1,
        0.1,
        0.1,
        0.1,
        0.1,
        0.1,
        0.1
      ]
    },
    "ma_5_20_cross": {
      "edges": [
        -0.11296579525772565,
        -0.07641525035529123,
        -0.04979615828708934,
        -0.03401152247764874,
        -0.027182806698433936,
        -0.016479832384523496,
        -0.004606438562339119,
        0.006150798045903603,
        0.019733753067627292,
        0.049080651818451136,
        0.11434815891365346
      ],
      "ref_props": [
        0.1,
        0.1,
        0.1,
        0.1,
        0.1,
        0.1,
        0.1,
        0.1,
        0.1,
        0.1
      ]
    },
    "ma_20_60_cross": {
      "edges": [
        -0.1392687205514056,
        -0.12657705573853556,
        -0.11385768290476711,
        -0.06092774194456546,
        -0.038166817691284535,
        -0.018537510404422863,
        0.0017783430736531718,
        0.024030074526737288,
        0.04836985355198231,
        0.07106667825303256,
        0.08494525519594887
      ],
      "ref_props": [
        0.1,
        0.1,
        0.1,
        0.1,
        0.1,
        0.1,
        0.1,
        0.1,
        0.1,
        0.1
      ]
    },
    "rsi": {
      "edges": [
        14.784946236559136,
        24.828715347641403,
        28.63625394271682,
        33.5433392804044,
        39.640364856834694,
        44.82712914387766,
        49.908989027772726,
        54.048251005577725,
        59.105995874243334,
        66.84564025909317,
        81.86619718309859
      ],