{
  "feature_cols": [
    "return_1d",
    "return_2d",
    "return_3d",
    "return_5d",
    "return_10d",
    "return_20d",
    "div_ma_5",
    "div_ma_10",
    "div_ma_20",
    "div_ma_60",
    "ma_5_20_cross",
    "ma_20_60_cross",
    "rsi",
    "rsi_change",
    "macd",
    "macd_signal",
    "macd_hist",
    "macd_hist_change",
    "bb_pct_b",
    "bb_bandwidth",
    "atr_pct",
    "volatility",
    "vol_change",
    "vol_ratio",
    "candle_body_pct",
    "upper_shadow_pct",
    "lower_shadow_pct",
    "day_of_week",
    "month",
    "is_month_end",
    "is_month_start",
    "streak",
    "gap",
    "price_position_20d",
    "macro_usdjpy_ret_20",
    "macro_usdjpy_ret_60",
    "macro_usdjpy_vol_20",
    "macro_topix_ret_20",
    "macro_topix_vol_20",
    "macro_topix_above_200dma",
    "macro_nikkei_ret_20",
    "macro_nikkei_above_200dma",
    "macro_nikkei_vi",
    "macro_jgb10y",
    "macro_bias_score"
  ],
  "avg_up_ret": 0.05685719203934998,
  "avg_dn_ret": -0.03403591582864972,
  "n_bins": 10,
  "psi_ref_rows": 250,
  "psi": {
    "return_1d": {
      "edges": [
        -0.11280817799158149,
        -0.052781525148235205,
        -0.03487293932693063,
        -0.017255252318167335,
        -0.0055238254054279,
        0.004610792325972279,
        0.016856129419215705,
        0.026826162048509475,
        0.04273780613162704,
        0.06384360609881547,
        0.19845207382417152
      ],
      "ref_props": [
        0.1,
        0.1,
        0.1,
        0.1,
        0.1,
        0.1,
        0.1,
        0.1,
        0.1,
        0.1
      ]
    },
    "return_2d": {
      "edges": [
        -0.19760166840458815,
        -0.0777029807585363,
        -0.045586602845897134,
        -0.02510820634540949,
        -0.008748035594015952,
        0.0082092287709854,
        0.02426027019780749,
        0.03799311166342969,
        0.06982370418004172,
        0.10542174817409802,
        0.3409406628299265
      ],
      "ref_props": [
        0.1,
        0.1,
        0.1,
        0.1,
        0.1,
        0.1,
        0.1,
        0.1,
        0.1,
        0.1
      ]
    },
    "return_3d": {
      "edges": [
        -0.1824701195219124,
        -0.08218236808672379,
        -0.05036439431604108,
        -0.03074719001280317,
        -0.010818060659929829,
        0.0075144081572336985,
        0.03371742565953113,
        0.05694696969696974,
        0.08406499768756857,
        0.12452925520999891,
        0.4030561619368922
      ],
      "ref_props": [
        0.1,
        0.1,
        0.1,
        0.1,
        0.1,
        0.1,
        0.1,
        0.1,
        0.1,
        0.1
      ]
    },
    "return_5d": {
      "edges": [
        -0.24336283185840712,
        -0.09952681982517136,
        -0.06622118935786026,
        -0.03083358740928417,
        -0.008038071585724262,
        0.025732451544007162,
        0.05226139330198161,
        0.08349997162055367,
        0.12332747225884001,
        0.17340682345904268,
        0.4626002611453086
      ],
      "ref_props": [
        0.1,
        0.1,
        0.1,
        0.1,
        0.1,
        0.1,
        0.1,
        0.1,
        0.1,
        0.1
      ]
    },
    "return_10d": {
      "edges": [
        -0.3084700067400584,
        -0.11335422390109891,
        -0.061528743051658105,
        -0.014345619171971509,
        0.017896670384596015,
        0.05006397418780595,
        0.09334211588792554,
        0.13897709107940906,
        0.18451549069321618,
        0.25237327642488083,
        0.6501289938479857
      ],
      "ref_props": [
        0.1,
        0.1,
        0.1,
        0.1,
        0.1,
        0.1,
        0.1,
        0.1,
        0.1,
        0.1
      ]
    },
    "return_20d": {
      "edges": [
        -0.4210234620358396,
        -0.15732777191579791,
        -0.07014559659090909,
        -0.01535368349991977,
        0.05798977623527688,
        0.1264155352073345,
        0.20262567885394248,
        0.25210281033366516,
        0.33350621926396296,
        0.4435362990112381,
        0.7799944582986977
      ],
      "ref_props": [
        0.1,
        0.1,
        0.1,
        0.1,
        0.1,
        0.1,
        0.1,
        0.1,
        0.1,
        0.1
      ]
    },
    "div_ma_5": {
      "edges": [
        -0.13834611723867646,
        -0.055943481632832054,
        -0.03129925838744732,
        -0.01806179273464002,
        -0.005678019879067162,
        0.006365017304361991,
        0.018942547222146458,
        0.034036830803293595,
        0.05256609469116165,
        0.08535249320484585,
        0.19724546509497345
      ],
      "ref_props": [
        0.1,
        0.1,
        0.1,
        0.1,
        0.1,
        0.1,
        0.1,
        0.1,
        0.1,
        0.1
      ]
    },
    "div_ma_10": {
      "edges": [
        -0.21157786885245902,
        -0.08062954324930509,
        -0.04133511379168513,
        -0.019923151034276766,
        0.000945617153343914,
        0.019800747993613078,
        0.03557157917736975,
        0.05949479819591084,
        0.091724018988588,
        0.13452385686859933,
        0.28064416025609623
      ],
      "ref_props": [
        0.1,
        0.1,
        0.1,
        0.1,
        0.1,
        0.1,
        0.1,
        0.1,
        0.1,
        0.1
      ]
    },
    "div_ma_20": {
      "edges": [
        -0.3047131772439264,
        -0.08818532939966488,
        -0.04767453903082428,
        -0.00882799102400748,
        0.021647161696791525,
        0.046225386550497086,
        0.09101683979536185,
        0.11603692416306567,
        0.14923279035816647,
        0.20451498889649455,
        0.39276297736789995
      ],
      "ref_props": [
        0.1,
        0.1,
        0.1,
        0.1,
        0.1,
        0.1,
        0.1,
        0.1,
        0.1,
        0.1
      ]
    },
    "div_ma_60": {
      "edges": [
        -0.23758726174601935,
        -0.14443862589955392,
        -0.10014137692128061,
        -0.059354122156000194,
        0.059251962588061195,
        0.20259892488227765,
        0.2848095794419908,
        0.3316315570115694,
        0.3787112144652339,
        0.4485401581685661,
        0.7641712739515701
      ],
      "ref_props": [
        0.1,
        0.1,
        0.1,
        0.1,
        0.1,
        0.1,
        0.1,
        0.1,
        0.1,
        0.1
      ]
    },
    "ma_5_20_cross": {
      "edges": [
        -0.20294042969930726,
        -0.07055505455406455,
        -0.025989280708169606,
        -0.006848581854701792,
        0.013029247839241144,
        0.03781377345970793,
        0.0699430136370808,
        0.09563999922497614,
        0.11399642533433012,
        0.15888522006240718,
        0.2931308814838389
      ],
      "ref_props": [
        0.1,
        0.1,
        0.1,
        0.1,
        0.1,
        0.1,
        0.1,
        0.1,
        0.1,
        0.1
      ]
    },
    "ma_20_60_cross": {
      "edges": [
        -0.15818528022489897,
        -0.10711993725072054,
        -0.0748051044996733,
        -0.02472350156234395,
        0.02732318632557723,
        0.11893226710083582,
        0.19987137588070444,
        0.21487641234405183,
        0.23800795286037305,
        0.25777981553537316,
        0.3300726317931746
      ],
      "ref_props": [
        0.1,
        0.1,
        0.1,
        0.1,
        0.1,
        0.1,
        0.1,
        0.1,
        0.1,
        0.1
      ]
    },
    "rsi": {
      "edges": [
        17.024793388429757,
        37.55691482654713,
        43.47622087968704,
        49.516390320062456,
        53.12645916172015,
        61.29473571068942,
        65.14390931363137,
        67.98687825794445,
        71.44831904440805,
        81.03598755027653,
        94.97777777777777
      ],
      "ref_props": [
        0.1,
        0.1,
        0.1,
        0.1,
        0.1,
        0.1,
        0.1,
        0.1,
        0.1,
        0.1
      ]
    },