{
  "feature_cols": [
    "return_1d",
    "return_2d",
    "return_3d",
    "return_5d",
    "return_10d",
    "return_20d",
    "div_ma_5",
    "div_ma_10",
    "div_ma_20",
    "div_ma_60",
    "ma_5_20_cross",
    "ma_20_60_cross",
    "rsi",
    "rsi_change",
    "macd",
    "macd_signal",
    "macd_hist",
    "macd_hist_change",
    "bb_pct_b",
    "bb_bandwidth",
    "atr_pct",
    "volatility",
    "vol_change",
    "vol_ratio",
    "candle_body_pct",
    "upper_shadow_pct",
    "lower_shadow_pct",
    "day_of_week",
    "month",
    "is_month_end",
    "is_month_start",
    "streak",
    "gap",
    "price_position_20d",
    "macro_usdjpy_ret_20",
    "macro_usdjpy_ret_60",
    "macro_usdjpy_vol_20",
    "macro_topix_ret_20",
    "macro_topix_vol_20",
    "macro_topix_above_200dma",
    "macro_nikkei_ret_20",
    "macro_nikkei_above_200dma",
    "macro_nikkei_vi",
    "macro_jgb10y",
    "macro_bias_score"
  ],
  "avg_up_ret": 0.030907559399624238,
  "avg_dn_ret": -0.019692351647464926,
  "n_bins": 10,
  "psi_ref_rows": 250,
  "psi": {
    "return_1d": {
      "edges": [
        -0.044439163498098844,
        -0.018086715175165812,
        -0.010362760512014235,
        -0.006431887449652101,
        -0.003484750055955608,
        0.00044651463343381437,
        0.004866338086017797,
        0.009155283813319894,
        0.013839645782938663,
        0.018584849846066162,
        0.06486083499005968
      ],
      "ref_props": [
        0.1,
        0.1,
        0.1,
        0.1,
        0.1,
        0.1,
        0.1,
        0.1,
        0.1,
        0.1
      ]
    },
    "return_2d": {
      "edges": [
        -0.06807131280388978,
        -0.023061491996090765,
        -0.013829625979018533,
        -0.00865329069812391,
        -0.004122639649792269,
        0.000766057277601262,
        0.006709483398663266,
        0.011136187770859743,
        0.01850716256211196,
        0.027849110368573758,
        0.0969184890656063
      ],
      "ref_props": [
        0.1,
        0.1,
        0.1,
        0.1,
        0.1,
        0.1,
        0.1,
        0.1,
        0.1,
        0.1
      ]
    },
    "return_3d": {
      "edges": [
        -0.08021023765996349,
        -0.025143839131920153,
        -0.016793490136802914,
        -0.009882321876074242,
        -0.0034538043478260947,
        0.0017488226725455025,
        0.006966478323262184,
        0.014462652286318232,
        0.023840742533657415,
        0.037461807187825456,
        0.10960281548516848
      ],
      "ref_props": [
        0.1,
        0.1,
        0.1,
        0.1,
        0.1,
        0.1,
        0.1,
        0.1,
        0.1,
        0.1
      ]
    },
    "return_5d": {
      "edges": [
        -0.06807131280388978,
        -0.03313294284167895,
        -0.022210342412728144,
        -0.01410267980984445,
        -0.0040262053916618485,
        0.003266074553146203,
        0.011499674925328322,
        0.019606347291847206,
        0.03376365518661122,
        0.049764844977380464,
        0.10460460460460452
      ],
      "ref_props": [
        0.1,
        0.1,
        0.1,
        0.1,
        0.1,
        0.1,
        0.1,
        0.1,
        0.1,
        0.1
      ]
    },
    "return_10d": {
      "edges": [
        -0.10301291248206601,
        -0.042901747317394975,
        -0.030428143674789118,
        -0.022748102665937055,
        -0.009865953999458195,
        0.006977485648121395,
        0.02456496138914762,
        0.04008481580310961,
        0.053144051933841654,
        0.07397617059459756,
        0.1170185703383364
      ],
      "ref_props": [
        0.1,
        0.1,
        0.1,
        0.1,
        0.1,
        0.1,
        0.1,
        0.1,
        0.1,
        0.1
      ]
    },
    "return_20d": {
      "edges": [
        -0.11162123385939737,
        -0.052961330807564856,
        -0.03643849387063906,
        -0.022706953974806068,
        -0.002513354589013641,
        0.028853777842835826,
        0.05271376436008147,
        0.06891156951040625,
        0.08174506114769527,
        0.10431405944302356,
        0.16466774716369525
      ],
      "ref_props": [
        0.1,
        0.1,
        0.1,
        0.1,
        0.1,
        0.1,
        0.1,
        0.1,
        0.1,
        0.1
      ]
    },
    "div_ma_5": {
      "edges": [
        -0.050438803434934454,
        -0.017223838404035966,
        -0.01123593753574067,
        -0.00709441867490459,
        -0.0025309786294426795,
        0.002087099235509869,
        0.006384729572362909,
        0.009155266245486267,
        0.014196087011760882,
        0.022627857772098237,
        0.06597758887171556
      ],
      "ref_props": [
        0.1,
        0.1,
        0.1,
        0.1,
        0.1,
        0.1,
        0.1,
        0.1,
        0.1,
        0.1
      ]
    },
    "div_ma_10": {
      "edges": [
        -0.05560769591740967,
        -0.02421835867486448,
        -0.018619001790187464,
        -0.009639029004293833,
        -0.00387291898817965,
        0.0020979519312447396,
        0.008850040818921165,
        0.020014437932741106,
        0.027638444980056028,
        0.03780364703694629,
        0.08638936746246616
      ],
      "ref_props": [
        0.1,
        0.1,
        0.1,
        0.1,
        0.1,
        0.1,
        0.1,
        0.1,
        0.1,
        0.1
      ]
    },
    "div_ma_20": {
      "edges": [
        -0.0657501494321578,
        -0.03254917677189314,
        -0.023970783308060385,
        -0.012417129850013284,
        -0.004488777723346971,
        0.005850598848822838,
        0.018277250268339335,
        0.03278589352409452,
        0.04511153197091987,
        0.057393162052768947,
        0.09936768793719651
      ],
      "ref_props": [
        0.1,
        0.1,
        0.1,
        0.1,
        0.1,
        0.1,
        0.1,
        0.1,
        0.1,
        0.1
      ]
    },
    "div_ma_60": {
      "edges": [
        -0.07589141282928598,
        -0.03535030807662232,
        -0.01825760601622975,
        -0.0046081477936302925,
        0.007758619357094594,
        0.02967455903138582,
        0.047287077157568046,
        0.06794030850997272,
        0.08658066046808932,
        0.10884139593852037,
        0.1557471619100073
      ],
      "ref_props": [
        0.1,
        0.1,
        0.1,
        0.1,
        0.1,
        0.1,
        0.1,
        0.1,
        0.1,
        0.1
      ]
    },
    "ma_5_20_cross": {
      "edges": [
        -0.04931847830976621,
        -0.026595559183570927,
        -0.018760864862808077,
        -0.009898916553659052,
        -0.004720138597165778,
        0.0037002639570047346,
        0.01411158994360819,
        0.027478173136487354,
        0.03689593276789221,
        0.0438715365511545,
        0.07244726096281306
      ],
      "ref_props": [
        0.1,
        0.1,
        0.1,
        0.1,
        0.1,
        0.1,
        0.1,
        0.1,
        0.1,
        0.1
      ]
    },
    "ma_20_60_cross": {
      "edges": [
        -0.039483914143153775,
        -0.03029040459183738,
        -0.016236966587922463,
        -0.002694817894200173,
        0.005714762704793012,
        0.02439474972262834,
        0.037630614493649336,
        0.04479999195048234,
        0.06478201528961476,
        0.07216147267349152,
        0.08059861944098667
      ],
      "ref_props": [
        0.1,
        0.1,
        0.1,
        0.1,
        0.1,
        0.1,
        0.1,
        0.1,
        0.1,
        0.1
      ]
    },
    "rsi": {
      "edges": [
        17.981651376146786,
        33.22803901499187,
        38.66540353676373,
        43.58078591769085,
        48.99012286196098,
        54.31517034001917,
        59.41384577482139,
        64.18611269208878,
        69.73859556283891,
        73.74777276633344,
        91.82608695652173
      ],