{
  "feature_cols": [
    "return_1d",
    "return_2d",
    "return_3d",
    "return_5d",
    "return_10d",
    "return_20d",
    "div_ma_5",
    "div_ma_10",
    "div_ma_20",
    "div_ma_60",
    "ma_5_20_cross",
    "ma_20_60_cross",
    "rsi",
    "rsi_change",
    "macd",
    "macd_signal",
    "macd_hist",
    "macd_hist_change",
    "bb_pct_b",
    "bb_bandwidth",
    "atr_pct",
    "volatility",
    "vol_change",
    "vol_ratio",
    "candle_body_pct",
    "upper_shadow_pct",
    "lower_shadow_pct",
    "day_of_week",
    "month",
    "is_month_end",
    "is_month_start",
    "streak",
    "gap",
    "price_position_20d",
    "macro_usdjpy_ret_20",
    "macro_usdjpy_ret_60",
    "macro_usdjpy_vol_20",
    "macro_topix_ret_20",
    "macro_topix_vol_20",
    "macro_topix_above_200dma",
    "macro_nikkei_ret_20",
    "macro_nikkei_above_200dma",
    "macro_nikkei_vi",
    "macro_jgb10y",
    "macro_bias_score"
  ],
  "avg_up_ret": 0.03916715359916197,
  "avg_dn_ret": -0.024480330305893184,
  "n_bins": 10,
  "psi_ref_rows": 250,
  "psi": {
    "return_1d": {
      "edges": [
        -0.17675675675675673,
        -0.02624364046680958,
        -0.014361765516226676,
        -0.009223042839208532,
        -0.004702140937019949,
        0.00016457034662986647,
        0.006564330606904587,
        0.010811734446772837,
        0.01777121091463819,
        0.03162328339755937,
        0.07437778736872391
      ],
      "ref_props": [
        0.1,
        0.1,
        0.1,
        0.1,
        0.1,
        0.1,
        0.1,
        0.1,
        0.1,
        0.1
      ]
    },
    "return_2d": {
      "edges": [
        -0.17820045865371648,
        -0.03711795728405188,
        -0.02176975856008445,
        -0.011958076198681616,
        -0.006125773184245763,
        0.00187294077460054,
        0.008207077542278191,
        0.01709930375265514,
        0.02641806665935982,
        0.04176886444921237,
        0.09012760241772999
      ],
      "ref_props": [
        0.1,
        0.1,
        0.1,
        0.1,
        0.1,
        0.1,
        0.1,
        0.1,
        0.1,
        0.1
      ]
    },
    "return_3d": {
      "edges": [
        -0.17205762435444416,
        -0.0442168899321991,
        -0.02850606446537402,
        -0.016717647058823563,
        -0.006135584035344886,
        0.0034893943021805374,
        0.010323092090591637,
        0.018616107379663953,
        0.031609384524487506,
        0.05050100308815548,
        0.1181265542967671
      ],
      "ref_props": [
        0.1,
        0.1,
        0.1,
        0.1,
        0.1,
        0.1,
        0.1,
        0.1,
        0.1,
        0.1
      ]
    },
    "return_5d": {
      "edges": [
        -0.172939430729799,
        -0.057306777988980054,
        -0.03615581152748985,
        -0.022786813523744915,
        -0.008548298174854186,
        0.004778950531495241,
        0.0160022276280544,
        0.02326828329484219,
        0.03533980327116112,
        0.06366169171521116,
        0.17477203647416406
      ],
      "ref_props": [
        0.1,
        0.1,
        0.1,
        0.1,
        0.1,
        0.1,
        0.1,
        0.1,
        0.1,
        0.1
      ]
    },
    "return_10d": {
      "edges": [
        -0.17215770996489332,
        -0.09045017866393171,
        -0.048469621388010364,
        -0.026129446254758656,
        -0.009891645380772598,
        0.0013920133620881625,
        0.015695395663301342,
        0.03247492312038994,
        0.054810532954604745,
        0.08831166775591878,
        0.206270392963541
      ],
      "ref_props": [
        0.1,
        0.1,
        0.1,
        0.1,
        0.1,
        0.1,
        0.1,
        0.1,
        0.1,
        0.1
      ]
    },
    "return_20d": {
      "edges": [
        -0.19087360344595505,
        -0.11172734723128742,
        -0.08212842906870074,
        -0.06246251062964213,
        -0.02549726571987596,
        0.0026232238675515385,
        0.02869522411161408,
        0.051054778554778565,
        0.08311678637935614,
        0.12544776002454855,
        0.2618240754383381
      ],
      "ref_props": [
        0.1,
        0.1,
        0.1,
        0.1,
        0.1,
        0.1,
        0.1,
        0.1,
        0.1,
        0.1
      ]
    },
    "div_ma_5": {
      "edges": [
        -0.1435640780520722,
        -0.027900383856072696,
        -0.017822341012811542,
        -0.011179612192066046,
        -0.004139809084715719,
        0.0007688012464516412,
        0.0065847488993442515,
        0.012395161128359623,
        0.021850827377740425,
        0.02981915486603154,
        0.06075349301397206
      ],
      "ref_props": [
        0.1,
        0.1,
        0.1,
        0.1,
        0.1,
        0.1,
        0.1,
        0.1,
        0.1,
        0.1
      ]
    },
    "div_ma_10": {
      "edges": [
        -0.15944588553452183,
        -0.040628027319601245,
        -0.02624856550723582,
        -0.015861664509795478,
        -0.007823578040829716,
        0.0012133986942056672,
        0.00899097273599173,
        0.016722934213022594,
        0.027682267870736015,
        0.04428458122196554,
        0.12339807107940283
      ],
      "ref_props": [
        0.1,
        0.1,
        0.1,
        0.1,
        0.1,
        0.1,
        0.1,
        0.1,
        0.1,
        0.1
      ]
    },
    "div_ma_20": {
      "edges": [
        -0.16998710122146726,
        -0.06033654575966777,
        -0.03953183091787435,
        -0.021908831452932244,
        -0.011602829429540672,
        -8.143026568593293e-05,
        0.010518128174039153,
        0.02571883963262046,
        0.03987260817742062,
        0.06709358725421745,
        0.16818706380172552
      ],
      "ref_props": [
        0.1,
        0.1,
        0.1,
        0.1,
        0.1,
        0.1,
        0.1,
        0.1,
        0.1,
        0.1
      ]
    },
    "div_ma_60": {
      "edges": [
        -0.17707830559557272,
        -0.10319567580500381,
        -0.07718698148300332,
        -0.03965275520153526,
        -0.015292232221462764,
        0.008554948478365326,
        0.03602864247390198,
        0.06659187885128147,
        0.08820905174476198,
        0.12784503314737197,
        0.23420890929587823
      ],
      "ref_props": [
        0.1,
        0.1,
        0.1,
        0.1,
        0.1,
        0.1,
        0.1,
        0.1,
        0.1,
        0.1
      ]
    },
    "ma_5_20_cross": {
      "edges": [
        -0.1151519490281705,
        -0.04808759336395088,
        -0.03067646300857518,
        -0.018912500908516917,
        -0.006366976538128468,
        0.00046283723335716065,
        0.006798904984894305,
        0.016885561112744262,
        0.03110114784814899,
        0.050307662931925255,
        0.11407271103654493
      ],
      "ref_props": [
        0.1,
        0.1,
        0.1,
        0.1,
        0.1,
        0.1,
        0.1,
        0.1,
        0.1,
        0.1
      ]
    },
    "ma_20_60_cross": {
      "edges": [
        -0.08469309776365808,
        -0.06747224468357665,
        -0.0483248759582052,
        -0.03564560496100674,
        -0.014917282003178194,
        0.012583433399617872,
        0.02921014431244964,
        0.04605301318770612,
        0.061510415972281914,
        0.08744590778846399,
        0.11910330194754581
      ],
      "ref_props": [
        0.1,
        0.1,
        0.1,
        0.1,
        0.1,
        0.1,
        0.1,
        0.1,
        0.1,
        0.1
      ]
    },
    "rsi": {
      "edges": [
        8.992537313432834,
        30.802668898153836,
        37.457817772778405,
        42.444815791301075,
        47.059700221427356,
        51.82029711988359,
        55.78774347043474,
        59.17569970229064,
        63.667239271502154,
        68.65140394609568,
        84.09728718428438
      ],