{
  "feature_cols": [
    "return_1d",
    "return_2d",
    "return_3d",
    "return_5d",
    "return_10d",
    "return_20d",
    "div_ma_5",
    "div_ma_10",
    "div_ma_20",
    "div_ma_60",
    "ma_5_20_cross",
    "ma_20_60_cross",
    "rsi",
    "rsi_change",
    "macd",
    "macd_signal",
    "macd_hist",
    "macd_hist_change",
    "bb_pct_b",
    "bb_bandwidth",
    "atr_pct",
    "volatility",
    "vol_change",
    "vol_ratio",
    "candle_body_pct",
    "upper_shadow_pct",
    "lower_shadow_pct",
    "day_of_week",
    "month",
    "is_month_end",
    "is_month_start",
    "streak",
    "gap",
    "price_position_20d",
    "macro_usdjpy_ret_20",
    "macro_usdjpy_ret_60",
    "macro_usdjpy_vol_20",
    "macro_topix_ret_20",
    "macro_topix_vol_20",
    "macro_topix_above_200dma",
    "macro_nikkei_ret_20",
    "macro_nikkei_above_200dma",
    "macro_nikkei_vi",
    "macro_jgb10y",
    "macro_bias_score"
  ],
  "avg_up_ret": 0.03326200073880497,
  "avg_dn_ret": -0.032276472378109426,
  "n_bins": 10,
  "psi_ref_rows": 250,
  "psi": {
    "return_1d": {
      "edges": [
        -0.07544481089672306,
        -0.030039776250361392,
        -0.01978169504734617,
        -0.013984570087826973,
        -0.008404464566692436,
        -0.0015370863041866412,
        0.007426828945566572,
        0.0140742302858806,
        0.023622539724094165,
        0.03155400397224388,
        0.0875912408759123
      ],
      "ref_props": [
        0.1,
        0.1,
        0.1,
        0.1,
        0.1,
        0.1,
        0.1,
        0.1,
        0.1,
        0.1
      ]
    },
    "return_2d": {
      "edges": [
        -0.11387900355871883,
        -0.044535046024112145,
        -0.0305089729694078,
        -0.021268015960620553,
        -0.01242763478221429,
        0.003926282820427174,
        0.012369453758691874,
        0.022397729815569804,
        0.03331679018995742,
        0.04522870103622915,
        0.09960547855713853
      ],
      "ref_props": [
        0.1,
        0.1,
        0.1,
        0.1,
        0.1,
        0.1,
        0.1,
        0.1,
        0.1,
        0.1
      ]
    },
    "return_3d": {
      "edges": [
        -0.1378116586444137,
        -0.056775381110446776,
        -0.04193836629069687,
        -0.02418698601324783,
        -0.011408658008113413,
        0.002406247988258281,
        0.017219127958709307,
        0.028709993974262684,
        0.04261818842828959,
        0.05434570102020098,
        0.12846712358386547
      ],
      "ref_props": [
        0.1,
        0.1,
        0.1,
        0.1,
        0.1,
        0.1,
        0.1,
        0.1,
        0.1,
        0.1
      ]
    },
    "return_5d": {
      "edges": [
        -0.16321459571204855,
        -0.07712803281163434,
        -0.04672707719191344,
        -0.030832512104888434,
        -0.014076433947641279,
        0.004486129978742648,
        0.020416034264788822,
        0.03484408463281077,
        0.051729968178782657,
        0.07115878596554356,
        0.15058293418597835
      ],
      "ref_props": [
        0.1,
        0.1,
        0.1,
        0.1,
        0.1,
        0.1,
        0.1,
        0.1,
        0.1,
        0.1
      ]
    },
    "return_10d": {
      "edges": [
        -0.19469596845543014,
        -0.09274534016798365,
        -0.05673298514439979,
        -0.03397021482717041,
        -0.018554826673837562,
        0.006404290625763087,
        0.024573857423531555,
        0.04200265798680578,
        0.059219657084409835,
        0.0777810808009993,
        0.2269840946903936
      ],
      "ref_props": [
        0.1,
        0.1,
        0.1,
        0.1,
        0.1,
        0.1,
        0.1,
        0.1,
        0.1,
        0.1
      ]
    },
    "return_20d": {
      "edges": [
        -0.26410488936056387,
        -0.1042568424070188,
        -0.056035180941363165,
        -0.03165284366909399,
        -0.011403105157511192,
        0.012063737216159942,
        0.028728746780506412,
        0.04598393567646717,
        0.06943141259027795,
        0.09769770261620275,
        0.19900367241435535
      ],
      "ref_props": [
        0.1,
        0.1,
        0.1,
        0.1,
        0.1,
        0.1,
        0.1,
        0.1,
        0.1,
        0.1
      ]
    },
    "div_ma_5": {
      "edges": [
        -0.08767842612629881,
        -0.03429245484512323,
        -0.025277561593687492,
        -0.017352485140512987,
        -0.007210640600234875,
        0.001884478575651191,
        0.010749306118212633,
        0.016651846491629617,
        0.025291619450106693,
        0.0353559077889679,
        0.07101781693937038
      ],
      "ref_props": [
        0.1,
        0.1,
        0.1,
        0.1,
        0.1,
        0.1,
        0.1,
        0.1,
        0.1,
        0.1
      ]
    },
    "div_ma_10": {
      "edges": [
        -0.12434942750994576,
        -0.0500775330151433,
        -0.032246572805798325,
        -0.02128091567067466,
        -0.009924166077094534,
        0.002560212819852033,
        0.011406704826890464,
        0.021997315400498967,
        0.03669031858888119,
        0.04780470060737533,
        0.11356539686186974
      ],
      "ref_props": [
        0.1,
        0.1,
        0.1,
        0.1,
        0.1,
        0.1,
        0.1,
        0.1,
        0.1,
        0.1
      ]
    },
    "div_ma_20": {
      "edges": [
        -0.1441819949900056,
        -0.077320565574872,
        -0.040918349058834576,
        -0.02264054875997499,
        -0.007033030737780378,
        0.005201759501346123,
        0.014662091268340473,
        0.03047690160323444,
        0.041538814936086826,
        0.05950587153529921,
        0.1548085640960269
      ],
      "ref_props": [
        0.1,
        0.1,
        0.1,
        0.1,
        0.1,
        0.1,
        0.1,
        0.1,
        0.1,
        0.1
      ]
    },
    "div_ma_60": {
      "edges": [
        -0.16871932076489482,
        -0.0894936309338159,
        -0.06158655572541659,
        -0.03563130006968903,
        -0.01420348104954704,
        0.0033480562034075337,
        0.022767489749267567,
        0.04597301629855444,
        0.06680363063274851,
        0.09089126104473158,
        0.17796456615388717
      ],
      "ref_props": [
        0.1,
        0.1,
        0.1,
        0.1,
        0.1,
        0.1,
        0.1,
        0.1,
        0.1,
        0.1
      ]
    },
    "ma_5_20_cross": {
      "edges": [
        -0.09697049859136186,
        -0.06149580025319318,
        -0.03283487109627996,
        -0.015785916185019806,
        -0.006024120985505399,
        0.0030322151264770003,
        0.012155370484666606,
        0.022078488306513232,
        0.032921706152172985,
        0.04615652966026353,
        0.11118494760272157
      ],
      "ref_props": [
        0.1,
        0.1,
        0.1,
        0.1,
        0.1,
        0.1,
        0.1,
        0.1,
        0.1,
        0.1
      ]
    },
    "ma_20_60_cross": {
      "edges": [
        -0.09712333285148111,
        -0.06396695864971355,
        -0.04399405917147695,
        -0.008023207347003816,
        0.008491603469252821,
        0.014932871661101355,
        0.02212343344370446,
        0.03072472426627027,
        0.040975735224901576,
        0.04943915402670435,
        0.06605189996287564
      ],
      "ref_props": [
        0.1,
        0.1,
        0.1,
        0.1,
        0.1,
        0.1,
        0.1,
        0.1,
        0.1,
        0.1
      ]
    },
    "rsi": {
      "edges": [
        20.96774124513452,
        32.958505356714184,
        37.95651251325444,
        43.956868330889165,
        47.66967404624361,
        50.46708778130962,
        53.124936045989934,
        57.03706416942741,
        61.55075751312177,
        68.24565181874273,
        81.82410821075936
      ],