{
  "feature_cols": [
    "return_1d",
    "return_2d",
    "return_3d",
    "return_5d",
    "return_10d",
    "return_20d",
    "div_ma_5",
    "div_ma_10",
    "div_ma_20",
    "div_ma_60",
    "ma_5_20_cross",
    "ma_20_60_cross",
    "rsi",
    "rsi_change",
    "macd",
    "macd_signal",
    "macd_hist",
    "macd_hist_change",
    "bb_pct_b",
    "bb_bandwidth",
    "atr_pct",
    "volatility",
    "vol_change",
    "vol_ratio",
    "candle_body_pct",
    "upper_shadow_pct",
    "lower_shadow_pct",
    "day_of_week",
    "month",
    "is_month_end",
    "is_month_start",
    "streak",
    "gap",
    "price_position_20d",
    "macro_usdjpy_ret_20",
    "macro_usdjpy_ret_60",
    "macro_usdjpy_vol_20",
    "macro_topix_ret_20",
    "macro_topix_vol_20",
    "macro_topix_above_200dma",
    "macro_nikkei_ret_20",
    "macro_nikkei_above_200dma",
    "macro_nikkei_vi",
    "macro_jgb10y",
    "macro_bias_score"
  ],
  "avg_up_ret": 0.032019791268981856,
  "avg_dn_ret": -0.017140405751007316,
  "n_bins": 10,
  "psi_ref_rows": 250,
  "psi": {
    "return_1d": {
      "edges": [
        -0.07270428323059897,
        -0.023108190365258054,
        -0.011786056402089028,
        -0.0067102453309349705,
        -0.0016866110838646526,
        0.0018911185556076404,
        0.005646570641982242,
        0.008920108539345512,
        0.015462967140180873,
        0.02695389836117276,
        0.17123287671232879
      ],
      "ref_props": [
        0.1,
        0.1,
        0.1,
        0.1,
        0.1,
        0.1,
        0.1,
        0.1,
        0.1,
        0.1
      ]
    },
    "return_2d": {
      "edges": [
        -0.11200242167398211,
        -0.030388252635618715,
        -0.013748801243065385,
        -0.006412066708334547,
        -0.000980120973458563,
        0.0035222971512358647,
        0.008212062235821632,
        0.014230574671349432,
        0.024252991947786934,
        0.037721834496510426,
        0.26712328767123283
      ],
      "ref_props": [
        0.1,
        0.1,
        0.1,
        0.1,
        0.1,
        0.1,
        0.1,
        0.1,
        0.1,
        0.1
      ]
    },
    "return_3d": {
      "edges": [
        -0.11946570613837615,
        -0.034786421659024715,
        -0.017684879179306102,
        -0.008969351317771585,
        0.0,
        0.00482590766917812,
        0.011212861802176162,
        0.01855582681600406,
        0.031752132146039225,
        0.04635307913521194,
        0.2756421306671264
      ],
      "ref_props": [
        0.1,
        0.1,
        0.1,
        0.092,
        0.108,
        0.1,
        0.1,
        0.1,
        0.1,
        0.1
      ]
    },
    "return_5d": {
      "edges": [
        -0.15044649614045713,
        -0.037011977129020254,
        -0.01738897041785745,
        -0.0034019968089735258,
        0.0016537683153545416,
        0.00936052541826704,
        0.018414207966067943,
        0.02865794435429053,
        0.04099038363582977,
        0.055771197268485125,
        0.28005535374502677
      ],
      "ref_props": [
        0.1,
        0.1,
        0.1,
        0.1,
        0.1,
        0.1,
        0.1,
        0.1,
        0.1,
        0.1
      ]
    },
    "return_10d": {
      "edges": [
        -0.1637400570313673,
        -0.05475522821448908,
        -0.013539385692614234,
        8.324185702899978e-05,
        0.01325346938222172,
        0.024038887605565495,
        0.035088481338481345,
        0.047159720762482184,
        0.060181760519595076,
        0.0900984436640047,
        0.33802572123740005
      ],
      "ref_props": [
        0.1,
        0.1,
        0.1,
        0.1,
        0.1,
        0.1,
        0.1,
        0.1,
        0.1,
        0.1
      ]
    },
    "return_20d": {
      "edges": [
        -0.1795755968169761,
        -0.06179787546178568,
        -0.0010255272981126893,
        0.02346900683522626,
        0.03815751642443322,
        0.057789645745850216,
        0.07432343761266594,
        0.0880901431577862,
        0.11624336686034745,
        0.15770997143481705,
        0.2643875622745233
      ],
      "ref_props": [
        0.1,
        0.1,
        0.1,
        0.1,
        0.1,
        0.1,
        0.1,
        0.1,
        0.1,
        0.1
      ]
    },
    "div_ma_5": {
      "edges": [
        -0.08046517459720388,
        -0.02303272220862621,
        -0.00915254709354203,
        -0.004438991018085886,
        0.00011552698758563203,
        0.0036158917094226686,
        0.006768207260057308,
        0.011575147109593136,
        0.01997813934240696,
        0.029478422053556677,
        0.17185025654019126
      ],
      "ref_props": [
        0.1,
        0.1,
        0.1,
        0.1,
        0.1,
        0.1,
        0.1,
        0.1,
        0.1,
        0.1
      ]
    },
    "div_ma_10": {
      "edges": [
        -0.0960333693008874,
        -0.02839232995468477,
        -0.011695213236632683,
        -0.0021678084579226614,
        0.004190245638473621,
        0.008431059321782015,
        0.015084651447163292,
        0.022563568978808728,
        0.029404054580567367,
        0.042632416593386194,
        0.21470781352593565
      ],
      "ref_props": [
        0.1,
        0.1,
        0.1,
        0.1,
        0.1,
        0.1,
        0.1,
        0.1,
        0.1,
        0.1
      ]
    },
    "div_ma_20": {
      "edges": [
        -0.11709883679777267,
        -0.043145957509823196,
        -0.0056882100993389815,
        0.00684672000123998,
        0.018417821852507368,
        0.026194483086608256,
        0.033034774935232866,
        0.040325977430579106,
        0.05334158739003769,
        0.06922303502536976,
        0.21539611237486755
      ],
      "ref_props": [
        0.1,
        0.1,
        0.1,
        0.1,
        0.1,
        0.1,
        0.1,
        0.1,
        0.1,
        0.1
      ]
    },
    "div_ma_60": {
      "edges": [
        -0.09139967953241618,
        -0.016517954292419916,
        0.017778526227813403,
        0.04044141742055294,
        0.06264183473105452,
        0.07733358601439674,
        0.09059574953951346,
        0.11113539252633096,
        0.1385550178160841,
        0.17127182530271415,
        0.2469968308129207
      ],
      "ref_props": [
        0.1,
        0.1,
        0.1,
        0.1,
        0.1,
        0.1,
        0.1,
        0.1,
        0.1,
        0.1
      ]
    },
    "ma_5_20_cross": {
      "edges": [
        -0.0870322019147084,
        -0.034300515282485865,
        -0.00416489250750105,
        0.007340518967578683,
        0.0158636313260633,
        0.020640111664577243,
        0.025605600188588498,
        0.03233434302017873,
        0.0377876434239691,
        0.05523334557733398,
        0.16452142090983668
      ],
      "ref_props": [
        0.1,
        0.1,
        0.1,
        0.1,
        0.1,
        0.1,
        0.1,
        0.1,
        0.1,
        0.1
      ]
    },
    "ma_20_60_cross": {
      "edges": [
        -0.04823584766302469,
        -0.012682576330535733,
        0.01873642764964254,
        0.037069207270779544,
        0.04774006092165402,
        0.05229232379201365,
        0.06011618946562121,
        0.06848647533534578,
        0.09008813576654856,
        0.11685416171206162,
        0.1410967344423908
      ],
      "ref_props": [
        0.1,
        0.1,
        0.1,
        0.1,
        0.1,
        0.1,
        0.1,
        0.1,
        0.1,
        0.1
      ]
    },
    "rsi": {
      "edges": [
        11.36044880785414,
        32.446517528659264,
        45.08787000771684,
        52.86504578590867,
        57.42809028052571,
        60.244572406864584,
        64.21187695692647,
        68.89989837398373,
        72.65889830508475,
        76.39171859296484,
        88.87900355871886
      ],
      "ref_props": [
        0.1,
        0.1,
        0.1,
        0.1,
        0.1,
        0.1,
        0.1,
        0.1,
        0.1,
        0.1
      ]
    },