{
  "feature_cols": [
    "return_1d",
    "return_2d",
    "return_3d",
    "return_5d",
    "return_10d",
    "return_20d",
    "div_ma_5",
    "div_ma_10",
    "div_ma_20",
    "div_ma_60",
    "ma_5_20_cross",
    "ma_20_60_cross",
    "rsi",
    "rsi_change",
    "macd",
    "macd_signal",
    "macd_hist",
    "macd_hist_change",
    "bb_pct_b",
    "bb_bandwidth",
    "atr_pct",
    "volatility",
    "vol_change",
    "vol_ratio",
    "candle_body_pct",
    "upper_shadow_pct",
    "lower_shadow_pct",
    "day_of_week",
    "month",
    "is_month_end",
    "is_month_start",
    "streak",
    "gap",
    "price_position_20d",
    "macro_usdjpy_ret_20",
    "macro_usdjpy_ret_60",
    "macro_usdjpy_vol_20",
    "macro_topix_ret_20",
    "macro_topix_vol_20",
    "macro_topix_above_200dma",
    "macro_nikkei_ret_20",
    "macro_nikkei_above_200dma",
    "macro_nikkei_vi",
    "macro_jgb10y",
    "macro_bias_score"
  ],
  "avg_up_ret": 0.05678287829728856,
  "avg_dn_ret": -0.03716766452185826,
  "n_bins": 10,
  "psi_ref_rows": 250,
  "psi": {
    "return_1d": {
      "edges": [
        -0.09536117535029243,
        -0.03900592278024749,
        -0.023847924137381505,
        -0.015578432345444813,
        -0.006760970942618337,
        0.0012927224261662928,
        0.00957970050684747,
        0.019617945600228125,
        0.03485968977082409,
        0.05057048356659208,
        0.1707358716066245
      ],
      "ref_props": [
        0.1,
        0.1,
        0.1,
        0.1,
        0.1,
        0.1,
        0.1,
        0.1,
        0.1,
        0.1
      ]
    },
    "return_2d": {
      "edges": [
        -0.10900604063701258,
        -0.05117388379928971,
        -0.03436173890356455,
        -0.020373732464787752,
        -0.009898638319888997,
        0.003636731690300432,
        0.02004553847661955,
        0.032762522830234356,
        0.04763322086159176,
        0.07081334394233688,
        0.1601502475670138
      ],
      "ref_props": [
        0.1,
        0.1,
        0.1,
        0.1,
        0.1,
        0.1,
        0.1,
        0.1,
        0.1,
        0.1
      ]
    },
    "return_3d": {
      "edges": [
        -0.12822624931356397,
        -0.06372095382687491,
        -0.04085879745810552,
        -0.022626741966222278,
        -0.005068755704289639,
        0.01005098842998775,
        0.022485665547790756,
        0.03648907398099624,
        0.058988778791006585,
        0.08700363168628356,
        0.17570215545395174
      ],
      "ref_props": [
        0.1,
        0.1,
        0.1,
        0.1,
        0.1,
        0.1,
        0.1,
        0.1,
        0.1,
        0.1
      ]
    },
    "return_5d": {
      "edges": [
        -0.1578802855573861,
        -0.07489701933552628,
        -0.04451886220832717,
        -0.02527072643626743,
        -0.012305726283369199,
        0.009900046250219452,
        0.030402026786473052,
        0.05409219452702194,
        0.08657110185412081,
        0.12141733261833458,
        0.22076923076923083
      ],
      "ref_props": [
        0.1,
        0.1,
        0.1,
        0.1,
        0.1,
        0.1,
        0.1,
        0.1,
        0.1,
        0.1
      ]
    },
    "return_10d": {
      "edges": [
        -0.16928309785452644,
        -0.08399019012138313,
        -0.060891359751119256,
        -0.035311248873662625,
        -0.01161243569648742,
        0.0084375311469852,
        0.04857512131279131,
        0.09259939173955109,
        0.12730984913330032,
        0.17043317507199135,
        0.3300688194812069
      ],
      "ref_props": [
        0.1,
        0.1,
        0.1,
        0.1,
        0.1,
        0.1,
        0.1,
        0.1,
        0.1,
        0.1
      ]
    },
    "return_20d": {
      "edges": [
        -0.22450789147011885,
        -0.11720066970683117,
        -0.07624309441012557,
        -0.039268058651207305,
        0.0006856378228219388,
        0.06525315340617999,
        0.11259902398431591,
        0.15021632156806794,
        0.2116457923355562,
        0.28931495341436886,
        0.5333184257602863
      ],
      "ref_props": [
        0.1,
        0.1,
        0.1,
        0.1,
        0.1,
        0.1,
        0.1,
        0.1,
        0.1,
        0.1
      ]
    },
    "div_ma_5": {
      "edges": [
        -0.08312613019891502,
        -0.03971303698751576,
        -0.025495889879849853,
        -0.01593238153709189,
        -0.004963760971105136,
        0.004735937887915472,
        0.015816053957323075,
        0.026842617562610017,
        0.03485229468257647,
        0.053153087670114514,
        0.1053972143409853
      ],
      "ref_props": [
        0.1,
        0.1,
        0.1,
        0.1,
        0.1,
        0.1,
        0.1,
        0.1,
        0.1,
        0.1
      ]
    },
    "div_ma_10": {
      "edges": [
        -0.12358079845203881,
        -0.04929654969307291,
        -0.03213232607394342,
        -0.02108292283773123,
        -0.00572992049668534,
        0.008267776316494327,
        0.022768643681375326,
        0.04062437345640839,
        0.06268879154775871,
        0.08745334173726572,
        0.1586478790976126
      ],
      "ref_props": [
        0.1,
        0.1,
        0.1,
        0.1,
        0.1,
        0.1,
        0.1,
        0.1,
        0.1,
        0.1
      ]
    },
    "div_ma_20": {
      "edges": [
        -0.14503223478303112,
        -0.07298195919163307,
        -0.047762416471139525,
        -0.027232840961815108,
        -0.004749192325878586,
        0.02254393249570817,
        0.04931955192095102,
        0.07601674194050173,
        0.09973277319555318,
        0.1387401938599363,
        0.2557113164183751
      ],
      "ref_props": [
        0.1,
        0.1,
        0.1,
        0.1,
        0.1,
        0.1,
        0.1,
        0.1,
        0.1,
        0.1
      ]
    },
    "div_ma_60": {
      "edges": [
        -0.12600955110744871,
        -0.06290744547577769,
        -0.022343920883431848,
        0.021702256204101326,
        0.04687796303578272,
        0.0796603289938422,
        0.12643864323174311,
        0.17752877516196536,
        0.22032942431878375,
        0.28959998534497605,
        0.4061348548685499
      ],
      "ref_props": [
        0.1,
        0.1,
        0.1,
        0.1,
        0.1,
        0.1,
        0.1,
        0.1,
        0.1,
        0.1
      ]
    },
    "ma_5_20_cross": {
      "edges": [
        -0.10835765268450481,
        -0.0524116115784592,
        -0.04069634470299821,
        -0.026984281224274292,
        -0.003524389626310888,
        0.018884645712030745,
        0.04010543060296061,
        0.06217427158289599,
        0.07556799397213122,
        0.1104444352066567,
        0.16383719942221098
      ],
      "ref_props": [
        0.1,
        0.1,
        0.1,
        0.1,
        0.1,
        0.1,
        0.1,
        0.1,
        0.1,
        0.1
      ]
    },
    "ma_20_60_cross": {
      "edges": [
        -0.06703392287619603,
        -0.03480991873113274,
        -0.014859827925618746,
        0.007798572744779731,
        0.03080265034898764,
        0.06984617448026453,
        0.0920937470149392,
        0.12769358949940798,
        0.14748643617201568,
        0.17957236083001837,
        0.23523233042549396
      ],
      "ref_props": [
        0.1,
        0.1,
        0.1,
        0.1,
        0.1,
        0.1,
        0.1,
        0.1,
        0.1,
        0.1
      ]
    },
    "rsi": {
      "edges": [
        25.1227495908347,
        34.01105103442822,
        40.825103457372265,
        44.366737977079445,
        50.264736355827395,
        54.82502327002959,
        58.360734844681446,
        64.65136391801025,
        69.80282176295465,
        74.79640327575198,
        93.41111873713109
      ],
      "ref_props": [
        0.1,
        0.1,
        0.1,
        0.1,
        0.1,
        0.1,
        0.1,
        0.1,
        0.1,
        0.1
      ]
    },