{
  "feature_cols": [
    "return_1d",
    "return_2d",
    "return_3d",
    "return_5d",
    "return_10d",
    "return_20d",
    "div_ma_5",
    "div_ma_10",
    "div_ma_20",
    "div_ma_60",
    "ma_5_20_cross",
    "ma_20_60_cross",
    "rsi",
    "rsi_change",
    "macd",
    "macd_signal",
    "macd_hist",
    "macd_hist_change",
    "bb_pct_b",
    "bb_bandwidth",
    "atr_pct",
    "volatility",
    "vol_change",
    "vol_ratio",
    "candle_body_pct",
    "upper_shadow_pct",
    "lower_shadow_pct",
    "day_of_week",
    "month",
    "is_month_end",
    "is_month_start",
    "streak",
    "gap",
    "price_position_20d",
    "macro_usdjpy_ret_20",
    "macro_usdjpy_ret_60",
    "macro_usdjpy_vol_20",
    "macro_topix_ret_20",
    "macro_topix_vol_20",
    "macro_topix_above_200dma",
    "macro_nikkei_ret_20",
    "macro_nikkei_above_200dma",
    "macro_nikkei_vi",
    "macro_jgb10y",
    "macro_bias_score"
  ],
  "avg_up_ret": 0.039319960160584366,
  "avg_dn_ret": -0.03154628702916074,
  "n_bins": 10,
  "psi_ref_rows": 250,
  "psi": {
    "return_1d": {
      "edges": [
        -0.10430107526881716,
        -0.028350691504374814,
        -0.01801430327474447,
        -0.01228122956684602,
        -0.0072985550846274665,
        -0.0017660911531250933,
        0.003151347066176596,
        0.010024541237220477,
        0.019260673049270594,
        0.02636366924767701,
        0.07662721893491131
      ],
      "ref_props": [
        0.1,
        0.1,
        0.1,
        0.1,
        0.1,
        0.1,
        0.1,
        0.1,
        0.1,
        0.1
      ]
    },
    "return_2d": {
      "edges": [
        -0.12285268089536705,
        -0.042427425147926835,
        -0.029673518242134975,
        -0.019911238548576248,
        -0.010701781311737735,
        -0.004514380910918048,
        0.00322893834682461,
        0.0134255039523987,
        0.023956160798266082,
        0.04248251401758391,
        0.1029585798816568
      ],
      "ref_props": [
        0.1,
        0.1,
        0.1,
        0.1,
        0.1,
        0.1,
        0.1,
        0.1,
        0.1,
        0.1
      ]
    },
    "return_3d": {
      "edges": [
        -0.1427101200686106,
        -0.052985044155097395,
        -0.036260644205849644,
        -0.02825868965991308,
        -0.017928133340902996,
        -0.004047131147540961,
        0.0061121565624241685,
        0.014607968810479733,
        0.025050782108142045,
        0.042526731238183714,
        0.1553254437869822
      ],
      "ref_props": [
        0.1,
        0.1,
        0.1,
        0.1,
        0.1,
        0.1,
        0.1,
        0.1,
        0.1,
        0.1
      ]
    },
    "return_5d": {
      "edges": [
        -0.15728932233058268,
        -0.07681711178380951,
        -0.05339993459100755,
        -0.033009716163216796,
        -0.021802052908923095,
        -0.005307232161308406,
        0.0050534868313805315,
        0.01482483298386528,
        0.0320267945063205,
        0.05777441532705203,
        0.20693815987933628
      ],
      "ref_props": [
        0.1,
        0.1,
        0.1,
        0.1,
        0.1,
        0.1,
        0.1,
        0.1,
        0.1,
        0.1
      ]
    },
    "return_10d": {
      "edges": [
        -0.183074684772066,
        -0.0945597817258578,
        -0.06906297269325691,
        -0.04741913949455981,
        -0.030857135707967102,
        -0.017193760100603306,
        -0.0006980988076500595,
        0.019501456682584562,
        0.03439223618335419,
        0.09815096940703738,
        0.22225475841874087
      ],
      "ref_props": [
        0.1,
        0.1,
        0.1,
        0.1,
        0.1,
        0.1,
        0.1,
        0.1,
        0.1,
        0.1
      ]
    },
    "return_20d": {
      "edges": [
        -0.20819357930043125,
        -0.13532645781207522,
        -0.09821388129784243,
        -0.07000484392601679,
        -0.044347836811208144,
        -0.03020657365117102,
        -0.007777228069843935,
        0.010062455433324076,
        0.04938819254402641,
        0.10599679633381777,
        0.20758725341426398
      ],
      "ref_props": [
        0.1,
        0.1,
        0.1,
        0.1,
        0.1,
        0.1,
        0.1,
        0.1,
        0.1,
        0.1
      ]
    },
    "div_ma_5": {
      "edges": [
        -0.11051788574479444,
        -0.03320919339547371,
        -0.024654076430546814,
        -0.018931531777043695,
        -0.010231737525650854,
        -0.0036852416845276157,
        0.002223053692186362,
        0.00944890277811106,
        0.016255792711594535,
        0.028485991332866722,
        0.08671453219791837
      ],
      "ref_props": [
        0.1,
        0.1,
        0.1,
        0.1,
        0.1,
        0.1,
        0.1,
        0.1,
        0.1,
        0.1
      ]
    },
    "div_ma_10": {
      "edges": [
        -0.1358309613560017,
        -0.05226888848925359,
        -0.040806206109514104,
        -0.02702465839874137,
        -0.01647989368524498,
        -0.010259829167602128,
        0.00021664632481277843,
        0.009631412470671664,
        0.022779893269417338,
        0.04044084851226832,
        0.13245428400889897
      ],
      "ref_props": [
        0.1,
        0.1,
        0.1,
        0.1,
        0.1,
        0.1,
        0.1,
        0.1,
        0.1,
        0.1
      ]
    },
    "div_ma_20": {
      "edges": [
        -0.15050226238640807,
        -0.07208791156040244,
        -0.056415441009729,
        -0.03972103911365434,
        -0.030538012396351306,
        -0.019159939772269437,
        -0.0056734174390085995,
        0.010968347598710737,
        0.03415942351835802,
        0.07017272774414406,
        0.1588328382242705
      ],
      "ref_props": [
        0.1,
        0.1,
        0.1,
        0.1,
        0.1,
        0.1,
        0.1,
        0.1,
        0.1,
        0.1
      ]
    },
    "div_ma_60": {
      "edges": [
        -0.17018194940918868,
        -0.10641477056529247,
        -0.09048901719028399,
        -0.07192305295356016,
        -0.0571730996352805,
        -0.04357245186078903,
        -0.026180112051778184,
        0.005893849934775353,
        0.030308710772296826,
        0.05339767743654122,
        0.15396843681603498
      ],
      "ref_props": [
        0.1,
        0.1,
        0.1,
        0.1,
        0.1,
        0.1,
        0.1,
        0.1,
        0.1,
        0.1
      ]
    },
    "ma_5_20_cross": {
      "edges": [
        -0.12197286012526098,
        -0.05762769743445527,
        -0.044728317715908926,
        -0.031633946875708516,
        -0.02379388334484389,
        -0.01274008137755167,
        -0.006183981455721364,
        0.010210458461778999,
        0.020716545356225288,
        0.05476975832573482,
        0.11476856063738872
      ],
      "ref_props": [
        0.1,
        0.1,
        0.1,
        0.1,
        0.1,
        0.1,
        0.1,
        0.1,
        0.1,
        0.1
      ]
    },
    "ma_20_60_cross": {
      "edges": [
        -0.10435635703467339,
        -0.06718694184481006,
        -0.05296534508782891,
        -0.045104260845199515,
        -0.03594841256245498,
        -0.02426445567273372,
        -0.014693941943796177,
        0.006599443896493852,
        0.030022592133609527,
        0.03976982630914374,
        0.07205405623534356
      ],
      "ref_props": [
        0.1,
        0.1,
        0.1,
        0.1,
        0.1,
        0.1,
        0.1,
        0.1,
        0.1,
        0.1
      ]
    },
    "rsi": {
      "edges": [
        1.9073569482288804,
        23.88796249997246,
        31.021074874190226,
        37.05124687519054,
        41.45661702871857,
        45.451918616032756,
        49.43120612316363,
        54.543002387223034,
        60.18540202966433,
        69.14309418457648,
        80.87167070217917
      ],