{
  "feature_cols": [
    "return_1d",
    "return_2d",
    "return_3d",
    "return_5d",
    "return_10d",
    "return_20d",
    "div_ma_5",
    "div_ma_10",
    "div_ma_20",
    "div_ma_60",
    "ma_5_20_cross",
    "ma_20_60_cross",
    "rsi",
    "rsi_change",
    "macd",
    "macd_signal",
    "macd_hist",
    "macd_hist_change",
    "bb_pct_b",
    "bb_bandwidth",
    "atr_pct",
    "volatility",
    "vol_change",
    "vol_ratio",
    "candle_body_pct",
    "upper_shadow_pct",
    "lower_shadow_pct",
    "day_of_week",
    "month",
    "is_month_end",
    "is_month_start",
    "streak",
    "gap",
    "price_position_20d",
    "macro_usdjpy_ret_20",
    "macro_usdjpy_ret_60",
    "macro_usdjpy_vol_20",
    "macro_topix_ret_20",
    "macro_topix_vol_20",
    "macro_topix_above_200dma",
    "macro_nikkei_ret_20",
    "macro_nikkei_above_200dma",
    "macro_nikkei_vi",
    "macro_jgb10y",
    "macro_bias_score"
  ],
  "avg_up_ret": 0.03562131616004879,
  "avg_dn_ret": -0.01926521901625779,
  "n_bins": 10,
  "psi_ref_rows": 250,
  "psi": {
    "return_1d": {
      "edges": [
        -0.0681091251175917,
        -0.02054185567010306,
        -0.012062986448458332,
        -0.006617308359951332,
        -0.0027281697177638175,
        0.002036319772318218,
        0.006470000005146618,
        0.009644032901069122,
        0.015681021197406286,
        0.02449842923164693,
        0.07834623371719851
      ],
      "ref_props": [
        0.1,
        0.1,
        0.1,
        0.1,
        0.1,
        0.1,
        0.1,
        0.1,
        0.1,
        0.1
      ]
    },
    "return_2d": {
      "edges": [
        -0.07723012842762933,
        -0.028680293505763718,
        -0.016950918160073433,
        -0.010294151694315334,
        -0.002350381300255841,
        0.003998038482055044,
        0.00866463039524619,
        0.014717640812697176,
        0.021047486982961296,
        0.037111534195767425,
        0.11652703731911651
      ],
      "ref_props": [
        0.1,
        0.1,
        0.1,
        0.1,
        0.1,
        0.1,
        0.1,
        0.1,
        0.1,
        0.1
      ]
    },
    "return_3d": {
      "edges": [
        -0.07061036074542659,
        -0.03967690172608205,
        -0.020000602623633006,
        -0.011710724298954783,
        -0.0025115253920947114,
        0.0044725007862850275,
        0.011621657890495653,
        0.018957204091394633,
        0.029009512393915672,
        0.0428884657640977,
        0.13557758819460464
      ],
      "ref_props": [
        0.1,
        0.1,
        0.1,
        0.1,
        0.1,
        0.1,
        0.1,
        0.1,
        0.1,
        0.1
      ]
    },
    "return_5d": {
      "edges": [
        -0.08222958057395147,
        -0.0461519189035249,
        -0.026047854121050238,
        -0.011640510566668621,
        -0.0031230255830949085,
        0.004685706766862308,
        0.018517608789457976,
        0.02979615962027702,
        0.04342227651973265,
        0.06681110304644337,
        0.22047992397243998
      ],
      "ref_props": [
        0.1,
        0.1,
        0.1,
        0.1,
        0.1,
        0.1,
        0.1,
        0.1,
        0.1,
        0.1
      ]
    },
    "return_10d": {
      "edges": [
        -0.14348860931655905,
        -0.06660803029579011,
        -0.020670484839556445,
        -0.007824159621173808,
        0.006740124112060065,
        0.017849384766416843,
        0.03166062158286237,
        0.04352776275738038,
        0.05992054916226946,
        0.09138756051588523,
        0.281686626746507
      ],
      "ref_props": [
        0.1,
        0.1,
        0.1,
        0.1,
        0.1,
        0.1,
        0.1,
        0.1,
        0.1,
        0.1
      ]
    },
    "return_20d": {
      "edges": [
        -0.21710302618157085,
        -0.046692693622779856,
        -0.012228623914495635,
        0.006041454720711125,
        0.021426914321342055,
        0.03674420902237363,
        0.06273664336732215,
        0.08670911081690023,
        0.10633709013038554,
        0.14810828518393918,
        0.31994884910485943
      ],
      "ref_props": [
        0.1,
        0.1,
        0.1,
        0.1,
        0.1,
        0.1,
        0.1,
        0.1,
        0.1,
        0.1
      ]
    },
    "div_ma_5": {
      "edges": [
        -0.049143388533209376,
        -0.02272684657581616,
        -0.013809664806832316,
        -0.00679092328674811,
        -0.0018463222843414547,
        0.0024629084522207424,
        0.007589246777569241,
        0.012412224177499662,
        0.016488064738089447,
        0.026546354493438767,
        0.08318890814558054
      ],
      "ref_props": [
        0.1,
        0.1,
        0.1,
        0.1,
        0.1,
        0.1,
        0.1,
        0.1,
        0.1,
        0.1
      ]
    },
    "div_ma_10": {
      "edges": [
        -0.06424083278627028,
        -0.03424166463169823,
        -0.019648291576501845,
        -0.006044004329219182,
        0.0015873082216699623,
        0.005965971073791626,
        0.01304737449335573,
        0.018983372635202965,
        0.02981295213615817,
        0.04849546133158204,
        0.16014363468009676
      ],
      "ref_props": [
        0.1,
        0.1,
        0.1,
        0.1,
        0.1,
        0.1,
        0.1,
        0.1,
        0.1,
        0.1
      ]
    },
    "div_ma_20": {
      "edges": [
        -0.10902175801687353,
        -0.04931070424851301,
        -0.01975976037611132,
        0.0004412040206296751,
        0.009109042427516973,
        0.018960758407659956,
        0.03004167535739818,
        0.03712190632253156,
        0.05112674385693927,
        0.08640113034190902,
        0.21138518134226278
      ],
      "ref_props": [
        0.1,
        0.1,
        0.1,
        0.1,
        0.1,
        0.1,
        0.1,
        0.1,
        0.1,
        0.1
      ]
    },
    "div_ma_60": {
      "edges": [
        -0.12012661907684352,
        -0.030387009993843982,
        0.015804998239411342,
        0.031077561734236786,
        0.04640208053590846,
        0.06303738843538412,
        0.08559117748667577,
        0.1023659733785581,
        0.12583082682218194,
        0.20693184005846688,
        0.3278133427535045
      ],
      "ref_props": [
        0.1,
        0.1,
        0.1,
        0.1,
        0.1,
        0.1,
        0.1,
        0.1,
        0.1,
        0.1
      ]
    },
    "ma_5_20_cross": {
      "edges": [
        -0.07538876653032411,
        -0.03961510857894948,
        -0.009513558937643671,
        0.0003943059736431457,
        0.006434857823074136,
        0.01507665550473436,
        0.023142166499126406,
        0.03158099793887239,
        0.03950007291371582,
        0.06676369893876294,
        0.15185223569512085
      ],
      "ref_props": [
        0.1,
        0.1,
        0.1,
        0.1,
        0.1,
        0.1,
        0.1,
        0.1,
        0.1,
        0.1
      ]
    },
    "ma_20_60_cross": {
      "edges": [
        -0.0610549436351302,
        -0.0001667099012562225,
        0.012663533314787801,
        0.01798919670937781,
        0.027221119342044724,
        0.04216176007839534,
        0.055423230178852964,
        0.07170719573199834,
        0.08861035162373283,
        0.13144117430421998,
        0.18782736389122312
      ],
      "ref_props": [
        0.1,
        0.1,
        0.1,
        0.1,
        0.1,
        0.1,
        0.1,
        0.1,
        0.1,
        0.1
      ]
    },
    "rsi": {
      "edges": [
        7.885304659498203,
        30.284740923962783,
        43.42377304964538,
        49.75347222222222,
        53.54425879843583,
        56.58704982272812,
        61.19591317858656,
        65.30665425954032,
        71.47469256039771,
        75.90605249181814,
        85.67691301504252
      ],