{
  "feature_cols": [
    "return_1d",
    "return_2d",
    "return_3d",
    "return_5d",
    "return_10d",
    "return_20d",
    "div_ma_5",
    "div_ma_10",
    "div_ma_20",
    "div_ma_60",
    "ma_5_20_cross",
    "ma_20_60_cross",
    "rsi",
    "rsi_change",
    "macd",
    "macd_signal",
    "macd_hist",
    "macd_hist_change",
    "bb_pct_b",
    "bb_bandwidth",
    "atr_pct",
    "volatility",
    "vol_change",
    "vol_ratio",
    "candle_body_pct",
    "upper_shadow_pct",
    "lower_shadow_pct",
    "day_of_week",
    "month",
    "is_month_end",
    "is_month_start",
    "streak",
    "gap",
    "price_position_20d",
    "macro_usdjpy_ret_20",
    "macro_usdjpy_ret_60",
    "macro_usdjpy_vol_20",
    "macro_topix_ret_20",
    "macro_topix_vol_20",
    "macro_topix_above_200dma",
    "macro_nikkei_ret_20",
    "macro_nikkei_above_200dma",
    "macro_nikkei_vi",
    "macro_jgb10y",
    "macro_bias_score"
  ],
  "avg_up_ret": 0.016193116044516266,
  "avg_dn_ret": -0.012758489525008817,
  "n_bins": 10,
  "psi_ref_rows": 250,
  "psi": {
    "return_1d": {
      "edges": [
        -0.03346201513821179,
        -0.011683867040512197,
        -0.00726483613778228,
        -0.00490296058689174,
        -0.0031530335628613846,
        -0.0006566569990676396,
        0.0013154500295557096,
        0.004430397709938517,
        0.007902094276029682,
        0.011394119489548405,
        0.022364217252396124
      ],
      "ref_props": [
        0.1,
        0.1,
        0.1,
        0.1,
        0.1,
        0.1,
        0.1,
        0.1,
        0.1,
        0.1
      ]
    },
    "return_2d": {
      "edges": [
        -0.051767659496255725,
        -0.014703621144932743,
        -0.01134815697916951,
        -0.007746419864427234,
        -0.004733033236585798,
        -0.0009672686593932278,
        0.001960539657783091,
        0.005674614513551557,
        0.009855380947286562,
        0.015913658623696425,
        0.04506854096282065
      ],
      "ref_props": [
        0.1,
        0.1,
        0.1,
        0.1,
        0.1,
        0.1,
        0.096,
        0.104,
        0.1,
        0.1
      ]
    },
    "return_3d": {
      "edges": [
        -0.049968430425618826,
        -0.017963625739885136,
        -0.014434647243564446,
        -0.009992150150924027,
        -0.00454849213148043,
        -0.0019170025004259794,
        0.002608921049571001,
        0.007952339753472804,
        0.011239025830901863,
        0.018287587261983006,
        0.06466357610587337
      ],
      "ref_props": [
        0.1,
        0.1,
        0.1,
        0.1,
        0.1,
        0.1,
        0.1,
        0.1,
        0.1,
        0.1
      ]
    },
    "return_5d": {
      "edges": [
        -0.0635910058377237,
        -0.024009740951268777,
        -0.016983447168082953,
        -0.01150817156860597,
        -0.007307323749493496,
        -0.0035701008524095523,
        0.004176153734765916,
        0.008901500114697437,
        0.013729681069240843,
        0.023855398096041,
        0.06466357610587337
      ],
      "ref_props": [
        0.1,
        0.1,
        0.1,
        0.1,
        0.1,
        0.1,
        0.1,
        0.1,
        0.1,
        0.1
      ]
    },
    "return_10d": {
      "edges": [
        -0.06215388371394226,
        -0.03888041465578982,
        -0.024533720664065825,
        -0.019035110870886975,
        -0.010648491336886008,
        -0.00576726931397864,
        0.0038994800601402295,
        0.011313472156659687,
        0.019901804653870283,
        0.03055007886235956,
        0.0809927720584176
      ],
      "ref_props": [
        0.1,
        0.1,
        0.1,
        0.1,
        0.1,
        0.1,
        0.1,
        0.1,
        0.1,
        0.1
      ]
    },
    "return_20d": {
      "edges": [
        -0.06134189203524365,
        -0.03845146479155672,
        -0.030730621960948647,
        -0.022463357841469758,
        -0.016824144776542104,
        -0.007456159229994985,
        0.0032425422172208673,
        0.012910657814996831,
        0.02132831264786561,
        0.03459047643236416,
        0.10000000000000009
      ],
      "ref_props": [
        0.1,
        0.1,
        0.1,
        0.1,
        0.1,
        0.096,
        0.104,
        0.1,
        0.1,
        0.1
      ]
    },
    "div_ma_5": {
      "edges": [
        -0.03865848991936453,
        -0.011132790685075144,
        -0.008907740980266386,
        -0.006874178984154968,
        -0.003556380387637413,
        -0.0014392554842340456,
        0.0013454364686881475,
        0.004394987959948257,
        0.007503341513676325,
        0.011641304004734726,
        0.035709735058831
      ],
      "ref_props": [
        0.1,
        0.1,
        0.1,
        0.1,
        0.1,
        0.1,
        0.1,
        0.1,
        0.1,
        0.1
      ]
    },
    "div_ma_10": {
      "edges": [
        -0.051408377370111294,
        -0.018555633743861905,
        -0.013029755944765516,
        -0.009730359363272864,
        -0.006922320852919644,
        -0.002335650010939324,
        0.0015423401406625078,
        0.005419696920126682,
        0.010755757488619441,
        0.018019816652840942,
        0.05086712242022829
      ],
      "ref_props": [
        0.1,
        0.1,
        0.1,
        0.1,
        0.1,
        0.1,
        0.1,
        0.1,
        0.1,
        0.1
      ]
    },
    "div_ma_20": {
      "edges": [
        -0.04245826620040103,
        -0.02461148518804842,
        -0.018437353181270558,
        -0.01357800352640525,
        -0.009361306313123024,
        -0.005736675148109729,
        0.001736719812524439,
        0.006603170630109678,
        0.012207833638526872,
        0.023608049920631702,
        0.06469839731683323
      ],
      "ref_props": [
        0.1,
        0.1,
        0.1,
        0.1,
        0.1,
        0.1,
        0.1,
        0.1,
        0.1,
        0.1
      ]
    },
    "div_ma_60": {
      "edges": [
        -0.05236594985336159,
        -0.030624040064608924,
        -0.020745975334995222,
        -0.014555943482600161,
        -0.009039180102056298,
        -0.003135585436142717,
        0.00290864770491015,
        0.010196566920127291,
        0.016276185596707737,
        0.024681210810560048,
        0.06907541009761761
      ],
      "ref_props": [
        0.1,
        0.1,
        0.1,
        0.1,
        0.1,
        0.1,
        0.1,
        0.1,
        0.1,
        0.1
      ]
    },
    "ma_5_20_cross": {
      "edges": [
        -0.03343778139215392,
        -0.019092648030303583,
        -0.014567045792215372,
        -0.011450869911445725,
        -0.008666908437670012,
        -0.0041472274198713355,
        0.002130480321860698,
        0.005588414912001106,
        0.0111437101373594,
        0.017461328751477854,
        0.04799846096341076
      ],
      "ref_props": [
        0.1,
        0.1,
        0.1,
        0.1,
        0.1,
        0.1,
        0.1,
        0.1,
        0.1,
        0.1
      ]
    },
    "ma_20_60_cross": {
      "edges": [
        -0.024467930291065643,
        -0.016573925191253315,
        -0.013112748723711863,
        -0.010337488387418015,
        -0.007296718049827565,
        -0.0028682350535800816,
        0.003065764402401612,
        0.008372589698886547,
        0.013399442317814448,
        0.024516512857873034,
        0.03376378422708659
      ],
      "ref_props": [
        0.1,
        0.1,
        0.1,
        0.1,
        0.1,
        0.1,
        0.1,
        0.1,
        0.1,
        0.1
      ]
    },
    "rsi": {
      "edges": [
        13.492049075207731,
        29.411773505648,
        34.68785017497365,
        38.462949200716636,
        42.73769661350491,
        46.671408033303145,
        52.59547218669024,
        56.920712309138324,
        62.424793177775705,
        67.41688067560061,
        79.50822850195988
      ],