{
  "feature_cols": [
    "return_1d",
    "return_2d",
    "return_3d",
    "return_5d",
    "return_10d",
    "return_20d",
    "div_ma_5",
    "div_ma_10",
    "div_ma_20",
    "div_ma_60",
    "ma_5_20_cross",
    "ma_20_60_cross",
    "rsi",
    "rsi_change",
    "macd",
    "macd_signal",
    "macd_hist",
    "macd_hist_change",
    "bb_pct_b",
    "bb_bandwidth",
    "atr_pct",
    "volatility",
    "vol_change",
    "vol_ratio",
    "candle_body_pct",
    "upper_shadow_pct",
    "lower_shadow_pct",
    "day_of_week",
    "month",
    "is_month_end",
    "is_month_start",
    "streak",
    "gap",
    "price_position_20d",
    "macro_usdjpy_ret_20",
    "macro_usdjpy_ret_60",
    "macro_usdjpy_vol_20",
    "macro_topix_ret_20",
    "macro_topix_vol_20",
    "macro_topix_above_200dma",
    "macro_nikkei_ret_20",
    "macro_nikkei_above_200dma",
    "macro_nikkei_vi",
    "macro_jgb10y",
    "macro_bias_score"
  ],
  "avg_up_ret": 0.06679724624489249,
  "avg_dn_ret": -0.037532531633969836,
  "n_bins": 10,
  "psi_ref_rows": 250,
  "psi": {
    "return_1d": {
      "edges": [
        -0.12095032397408212,
        -0.04537620374054915,
        -0.027716654391630312,
        -0.014234395716733756,
        -0.002726376521162985,
        0.006278591339757611,
        0.013467113366267887,
        0.02243362242771803,
        0.03822922000264556,
        0.05098903204461451,
        0.2207505518763797
      ],
      "ref_props": [
        0.1,
        0.1,
        0.1,
        0.1,
        0.1,
        0.1,
        0.1,
        0.1,
        0.1,
        0.1
      ]
    },
    "return_2d": {
      "edges": [
        -0.1145450615949859,
        -0.06065060980065291,
        -0.03178304005146734,
        -0.019761973992127674,
        -0.004331008740525409,
        0.005915432231538564,
        0.024023636929186812,
        0.037866800297793886,
        0.06026034534321823,
        0.08193323158343323,
        0.22902869757174393
      ],
      "ref_props": [
        0.1,
        0.1,
        0.1,
        0.1,
        0.1,
        0.1,
        0.1,
        0.1,
        0.1,
        0.1
      ]
    },
    "return_3d": {
      "edges": [
        -0.11698412698412697,
        -0.05974324775278358,
        -0.03831732574335371,
        -0.018904546933463513,
        -0.006364886056669159,
        0.008606494800090791,
        0.02712839863173117,
        0.0489279417678646,
        0.07277465934022792,
        0.11074752407756594,
        0.29508196721311486
      ],
      "ref_props": [
        0.1,
        0.1,
        0.1,
        0.1,
        0.1,
        0.1,
        0.1,
        0.1,
        0.1,
        0.1
      ]
    },
    "return_5d": {
      "edges": [
        -0.14380569631312246,
        -0.07441626616012367,
        -0.039097206230775394,
        -0.022233010281956133,
        -0.0017426612963401492,
        0.018090628983120638,
        0.03983512946549756,
        0.06957967354793514,
        0.09382999586360352,
        0.15046673969793026,
        0.3545081967213115
      ],
      "ref_props": [
        0.1,
        0.1,
        0.1,
        0.1,
        0.1,
        0.1,
        0.1,
        0.1,
        0.1,
        0.1
      ]
    },
    "return_10d": {
      "edges": [
        -0.1631746031746032,
        -0.09926025816687097,
        -0.05035865396143544,
        -0.009612962962962917,
        0.024277720233702164,
        0.05807407485105309,
        0.08605193836280615,
        0.11290939662513917,
        0.16355238862971083,
        0.22203097474647643,
        0.37136929460580914
      ],
      "ref_props": [
        0.1,
        0.1,
        0.1,
        0.1,
        0.1,
        0.1,
        0.1,
        0.1,
        0.1,
        0.1
      ]
    },
    "return_20d": {
      "edges": [
        -0.22067039106145248,
        -0.08020472301413988,
        -0.03040212677155351,
        0.009045038985794172,
        0.0723892771198825,
        0.12818730946874046,
        0.16817214171606507,
        0.21411772121299444,
        0.2729204839914871,
        0.37828609944135616,
        0.5973214285714286
      ],
      "ref_props": [
        0.1,
        0.1,
        0.1,
        0.1,
        0.1,
        0.1,
        0.1,
        0.1,
        0.1,
        0.1
      ]
    },
    "div_ma_5": {
      "edges": [
        -0.08018014395432065,
        -0.04084847331073756,
        -0.023305174354324925,
        -0.010628045736980476,
        -0.0044727354360355066,
        0.007568037868525853,
        0.016366982982429654,
        0.02879071683181257,
        0.0447763846948392,
        0.0662032765384685,
        0.2024353120243531
      ],
      "ref_props": [
        0.1,
        0.1,
        0.1,
        0.1,
        0.1,
        0.1,
        0.1,
        0.1,
        0.1,
        0.1
      ]
    },
    "div_ma_10": {
      "edges": [
        -0.1213919456127211,
        -0.05020009128197803,
        -0.02561900029495058,
        -0.010439984892480101,
        -0.0012684021457353447,
        0.019867821856184846,
        0.03654608331044653,
        0.05242660036212213,
        0.07098149723785142,
        0.11390619534026383,
        0.2402579198205775
      ],
      "ref_props": [
        0.1,
        0.1,
        0.1,
        0.1,
        0.1,
        0.1,
        0.1,
        0.1,
        0.1,
        0.1
      ]
    },
    "div_ma_20": {
      "edges": [
        -0.1404532386267546,
        -0.06488728302783744,
        -0.02921088759311168,
        0.0028789204879249397,
        0.02585372021700425,
        0.04417779837155458,
        0.07905895690367504,
        0.09756505840409099,
        0.12868823523924947,
        0.17775412593293388,
        0.27286732139418446
      ],
      "ref_props": [
        0.1,
        0.1,
        0.1,
        0.1,
        0.1,
        0.1,
        0.1,
        0.1,
        0.1,
        0.1
      ]
    },
    "div_ma_60": {
      "edges": [
        -0.15678724742674258,
        0.01697157919435056,
        0.05144928585891811,
        0.08549720781605356,
        0.11466900919973037,
        0.14775668952974763,
        0.19514205970462842,
        0.2432071005619778,
        0.3061274375687569,
        0.40389217081450984,
        0.6159111545714885
      ],
      "ref_props": [
        0.1,
        0.1,
        0.1,
        0.1,
        0.1,
        0.1,
        0.1,
        0.1,
        0.1,
        0.1
      ]
    },
    "ma_5_20_cross": {
      "edges": [
        -0.08284023668639051,
        -0.05395834968625428,
        -0.026745650584763584,
        0.006007915383277317,
        0.023014689021568915,
        0.034210723349716865,
        0.05642714293688483,
        0.07587762009518728,
        0.10611922418438385,
        0.14265814805800084,
        0.17991912841386903
      ],
      "ref_props": [
        0.1,
        0.1,
        0.1,
        0.1,
        0.1,
        0.1,
        0.1,
        0.1,
        0.1,
        0.1
      ]
    },
    "ma_20_60_cross": {
      "edges": [
        -0.05946781186149874,
        0.019768913899806596,
        0.03971081521801008,
        0.056699354398833876,
        0.07964364347562891,
        0.09853563557030498,
        0.13197845851044246,
        0.1597835362567452,
        0.2255075813540901,
        0.2511233029103166,
        0.2866320393657735
      ],
      "ref_props": [
        0.1,
        0.1,
        0.1,
        0.1,
        0.1,
        0.1,
        0.1,
        0.1,
        0.1,
        0.1
      ]
    },
    "rsi": {
      "edges": [
        18.987341772151893,
        38.2465522094005,
        43.99927663803128,
        49.4882162221072,
        54.80874516388057,
        60.085320424844326,
        63.132581209279294,
        67.93280182232347,
        72.95558547219457,
        79.67061113875566,
        93.26047358834244
      ],
      "ref_props": [
        0.1,
        0.1,
        0.1,
        0.1,
        0.1,
        0.1,
        0.1,
        0.1,
        0.1,
        0.1
      ]
    },