{
  "available": true,
  "generated_at": "2026-06-13T09:26:38+09:00",
  "model_version": "cs-v1-20260613",
  "kind": "cross_sectional_ranker_v1",
  "objective": "ranker",
  "universe_size": 50,
  "dry_run": false,
  "db_registered": true,
  "metrics": {
    "daily_ic": 0.0647966866231578,
    "rank_ic": 0.04909061695557125,
    "precision_at_n": 0.5722222222222222,
    "hit_rate_at_n": 0.5618055555555556,
    "top_bottom_spread": 0.014049630348074703,
    "topn_realized_return": 0.018525182780349116,
    "turnover": 0.2506983240223464,
    "top_n": 8,
    "brier": 0.2480597817937081,
    "n_oos_rows": 8999,
    "n_oos_dates": 180,
    "objective": "ranker",
    "median_group_size": 50.0
  },
  "fallback_reason": null,
  "portfolio_backtest": {
    "status": "ok",
    "gate_passed": false,
    "gate_failures": [
      "turnover>0.40"
    ],
    "n_periods": 36,
    "sharpe": 2.454310768387235,
    "cagr": 0.38386820562450064,
    "max_drawdown": -0.04774598724172485,
    "information_ratio": 1.163532737136476,
    "turnover": 0.41870076241891463
  }
}