{
  "available": true,
  "generated_at": "2026-06-27T09:15:29+09:00",
  "model_version": "cs-v1-20260627",
  "kind": "cross_sectional_ranker_v1",
  "objective": "ranker",
  "universe_size": 50,
  "dry_run": false,
  "db_registered": true,
  "metrics": {
    "daily_ic": 0.04003854825265098,
    "rank_ic": 0.02143162011954538,
    "precision_at_n": 0.5402777777777777,
    "hit_rate_at_n": 0.525,
    "top_bottom_spread": 0.006610209183805524,
    "topn_realized_return": 0.01329003395347637,
    "turnover": 0.24930167597765363,
    "top_n": 8,
    "brier": 0.2487557884495427,
    "n_oos_rows": 8999,
    "n_oos_dates": 180,
    "objective": "ranker",
    "median_group_size": 50.0
  },
  "fallback_reason": null,
  "portfolio_backtest": {
    "status": "ok",
    "gate_passed": false,
    "gate_failures": [
      "turnover>0.40"
    ],
    "n_periods": 36,
    "sharpe": 1.1926792393204486,
    "cagr": 0.14497456249906926,
    "max_drawdown": -0.05670420193380421,
    "information_ratio": 0.9803511053357892,
    "turnover": 0.4320899541119147
  }
}