{
  "available": true,
  "generated_at": "2026-06-20T09:16:50+09:00",
  "model_version": "cs-v1-20260620",
  "kind": "cross_sectional_ranker_v1",
  "objective": "ranker",
  "universe_size": 50,
  "dry_run": false,
  "db_registered": true,
  "metrics": {
    "daily_ic": 0.06089258228900992,
    "rank_ic": 0.040126054584448664,
    "precision_at_n": 0.5618055555555556,
    "hit_rate_at_n": 0.5479166666666667,
    "top_bottom_spread": 0.013347554624776074,
    "topn_realized_return": 0.018258524225465304,
    "turnover": 0.21997206703910616,
    "top_n": 8,
    "brier": 0.24818146884773326,
    "n_oos_rows": 8999,
    "n_oos_dates": 180,
    "objective": "ranker",
    "median_group_size": 50.0
  },
  "fallback_reason": null,
  "portfolio_backtest": {
    "status": "ok",
    "gate_passed": false,
    "gate_failures": [
      "turnover>0.40"
    ],
    "n_periods": 36,
    "sharpe": 2.534646862659255,
    "cagr": 0.3752870509003372,
    "max_drawdown": -0.05465206896391095,
    "information_ratio": 1.1903932223169873,
    "turnover": 0.40472333483278905
  }
}