{
  "available": true,
  "generated_at": "2026-06-10T01:38:25+09:00",
  "model_version": "cs-v1-20260610",
  "kind": "cross_sectional_ranker_v1",
  "objective": "ranker",
  "universe_size": 50,
  "dry_run": false,
  "db_registered": false,
  "metrics": {
    "daily_ic": 0.05152454407941936,
    "rank_ic": 0.030972045035725208,
    "precision_at_n": 0.5541666666666667,
    "hit_rate_at_n": 0.5256944444444445,
    "top_bottom_spread": 0.008073590533932992,
    "topn_realized_return": 0.015559759467728772,
    "turnover": 0.27164804469273746,
    "top_n": 8,
    "brier": 0.24803443367157288,
    "n_oos_rows": 8951,
    "n_oos_dates": 180,
    "objective": "ranker",
    "median_group_size": 50.0
  },
  "fallback_reason": null,
  "portfolio_backtest": {
    "status": "ok",
    "gate_passed": false,
    "gate_failures": [
      "turnover>0.40"
    ],
    "n_periods": 36,
    "sharpe": 2.3237449800297947,
    "cagr": 0.36385185280278387,
    "max_drawdown": -0.04582144028316226,
    "information_ratio": 2.3237449800297947,
    "turnover": 0.48532838851882915
  }
}