{
  "available": true,
  "generated_at": "2026-06-30 07:17:17",
  "active_model_version": "per-ticker-v1-20260627",
  "horizon_days": 5,
  "summary": {
    "tickers": 48,
    "median_brier": 0.23443038811936534,
    "median_ic": 0.04609235593884607,
    "drift_warning": false
  },
  "by_ticker": {
    "7011.JP": {
      "brier": 0.22971428571428573,
      "brier_raw": 0.28764433700336717,
      "ic": -0.015310666813758598,
      "auc": 0.41949544313829085,
      "calibration_rows": 180,
      "psi_max": 0.008109302162163289,
      "warning": false
    },
    "6501.JP": {
      "brier": 0.24222362038151515,
      "brier_raw": 0.2512256348016555,
      "ic": 0.11842371480358413,
      "auc": 0.5279150197628458,
      "calibration_rows": 180,
      "psi_max": 0.008109302162163289,
      "warning": false
    },
    "6701.JP": {
      "brier": 0.2131126242953803,
      "brier_raw": 0.25303871091259916,
      "ic": 0.01428310283657515,
      "auc": 0.5823006465517241,
      "calibration_rows": 180,
      "psi_max": 0.008109302162163289,
      "warning": false
    },
    "7013.JP": {
      "brier": 0.23593474426807756,
      "brier_raw": 0.2722060684692906,
      "ic": -0.03536693072784263,
      "auc": 0.4267848164906988,
      "calibration_rows": 180,
      "psi_max": 0.008109302162163289,
      "warning": false
    },
    "6762.JP": {
      "brier": 0.24908970777210698,
      "brier_raw": 0.25714747398438337,
      "ic": -0.03280438583681438,
      "auc": 0.4551179157920731,
      "calibration_rows": 180,
      "psi_max": 0.006994473960789694,
      "warning": false
    },
    "6723.JP": {
      "brier": 0.23310925460134946,
      "brier_raw": 0.2566491645667949,
      "ic": -0.02311561083324372,
      "auc": 0.5242712450592886,
      "calibration_rows": 180,
      "psi_max": 0.008109302162163289,
      "warning": false
    },
    "6758.JP": {
      "brier": 0.20380434782608695,
      "brier_raw": 0.23257320684667218,
      "ic": 0.013741146563895953,
      "auc": 0.5186450750259991,
      "calibration_rows": 180,
      "psi_max": 0.006994473960789694,
      "warning": false
    },
    "1802.JP": {
      "brier": 0.24091603386575886,
      "brier_raw": 0.2711315239679863,
      "ic": -0.14094840404487405,
      "auc": 0.4512104743083004,
      "calibration_rows": 180,
      "psi_max": 0.008109302162163289,
      "warning": false
    },
    "8306.JP": {
      "brier": 0.23146363830471225,
      "brier_raw": 0.2482051880981601,
      "ic": 0.053588486525635956,
      "auc": 0.5489856506679861,
      "calibration_rows": 180,
      "psi_max": 0.008109302162163289,
      "warning": false
    },
    "8035.JP": {
      "brier": 0.2360699588477366,
      "brier_raw": 0.2548506286675454,
      "ic": 0.05600120158434353,
      "auc": 0.5549567614989347,
      "calibration_rows": 180,
      "psi_max": 0.008109302162163289,
      "warning": false
    },
    "6981.JP": {
      "brier": 0.24410112359550556,
      "brier_raw": 0.282950237972923,
      "ic": 0.014516979749085055,
      "auc": 0.41339766888081214,
      "calibration_rows": 180,
      "psi_max": 0.008109302162163289,
      "warning": false
    },
    "7267.JP": {
      "brier": 0.21639874507190848,
      "brier_raw": 0.23259674129535848,
      "ic": 0.059395379028449186,
      "auc": 0.5770866560340244,
      "calibration_rows": 180,
      "psi_max": 0.006994473960789694,
      "warning": false
    },
    "4901.JP": {
      "brier": 0.22317417738970546,
      "brier_raw": 0.24140444074486192,
      "ic": 0.1883042167105613,
      "auc": 0.5992830623479708,
      "calibration_rows": 180,
      "psi_max": 0.006994473960789694,
      "warning": false
    },
    "8411.JP": {
      "brier": 0.24457215836526186,
      "brier_raw": 0.2606062344750381,
      "ic": -0.049267077769894675,
      "auc": 0.4652631578947368,
      "calibration_rows": 180,
      "psi_max": 0.006994473960789694,
      "warning": false
    },
    "8316.JP": {
      "brier": 0.24474019167415395,
      "brier_raw": 0.2662102993919461,
      "ic": -0.019021495169573844,
      "auc": 0.46,
      "calibration_rows": 180,
      "psi_max": 0.006994473960789694,
      "warning": false
    },
    "7974.JP": {
      "brier": 0.20343350825783052,
      "brier_raw": 0.24514339775214197,
      "ic": 0.15319951309200053,
      "auc": 0.6136111111111111,
      "calibration_rows": 180,
      "psi_max": 0.006994473960789694,
      "warning": false
    },
    "9983.JP": {
      "brier": 0.2469587558985945,
      "brier_raw": 0.2611490116929431,
      "ic": 0.05263491330957517,
      "auc": 0.5075457694210787,
      "calibration_rows": 180,
      "psi_max": 0.006994473960789694,
      "warning": false
    },
    "7751.JP": {
      "brier": 0.21754185813410132,
      "brier_raw": 0.23635327087575797,
      "ic": 0.2684683744294998,
      "auc": 0.618247900739441,
      "calibration_rows": 180,
      "psi_max": 0.008109302162163289,
      "warning": false
    },
    "6146.JP": {
      "brier": 0.22248276414943086,
      "brier_raw": 0.24217688984065147,
      "ic": 0.1143847024734341,
      "auc": 0.5909597523219814,
      "calibration_rows": 180,
      "psi_max": 0.008109302162163289,
      "warning": false
    },
    "8766.JP": {
      "brier": 0.23475567642234307,
      "brier_raw": 0.25882223048313463,
      "ic": 0.14603136427504115,
      "auc": 0.5252525252525253,
      "calibration_rows": 180,
      "psi_max": 0.008109302162163289,
      "warning": false
    },
    "6301.JP": {
      "brier": 0.2328211693703814,
      "brier_raw": 0.24634657887844963,
      "ic": 0.09227216234062997,
      "auc": 0.5777089783281734,
      "calibration_rows": 180,
      "psi_max": 0.006994473960789694,
      "warning": false
    },
    "6857.JP": {
      "brier": 0.24298412698412697,
      "brier_raw": 0.2592803806817595,
      "ic": 0.12848155032790298,
      "auc": 0.4548709717249043,
      "calibration_rows": 180,
      "psi_max": 0.006994473960789694,
      "warning": false
    },
    "6920.JP": {
      "brier": 0.2277104377104377,
      "brier_raw": 0.24436044832888346,
      "ic": 0.1408435592725239,
      "auc": 0.5618466898954704,
      "calibration_rows": 180,
      "psi_max": 0.008109302162163289,
      "warning": false
    },
    "9433.JP": {
      "brier": 0.24778331063443426,
      "brier_raw": 0.27543601824376235,
      "ic": 0.00014081141920087656,
      "auc": 0.4556915090841676,
      "calibration_rows": 180,
      "psi_max": 0.006994473960789694,
      "warning": false
    },
    "6702.JP": {
      "brier": 0.23754464285714283,
      "brier_raw": 0.28114719389282244,
      "ic": -0.13699104374297916,
      "auc": 0.4473015873015873,
      "calibration_rows": 180,
      "psi_max": 0.006994473960789694,
      "warning": false
    },
    "8725.JP": {
      "brier": 0.24536174373130895,
      "brier_raw": 0.2711700723225429,
      "ic": -0.11482497432386946,
      "auc": 0.4119027040375355,
      "calibration_rows": 180,
      "psi_max": 0.008109302162163289,
      "warning": false
    },
    "4661.JP": {
      "brier": 0.21255411255411252,
      "brier_raw": 0.24438368286862427,
      "ic": -0.05537778394259668,
      "auc": 0.4699537750385208,
      "calibration_rows": 180,
      "psi_max": 0.006994473960789694,
      "warning": false
    },
    "9984.JP": {
      "brier": 0.23476911976911974,
      "brier_raw": 0.256768208500477,
      "ic": 0.001002985454331194,
      "auc": 0.5218001019887812,
      "calibration_rows": 180,
      "psi_max": 0.006994473960789694,
      "warning": false
    },
    "7203.JP": {
      "brier": 0.23410509981638758,
      "brier_raw": 0.24731829246560383,
      "ic": 0.030393459125709694,
      "auc": 0.5502458706342201,
      "calibration_rows": 180,
      "psi_max": 0.008109302162163289,
      "warning": false
    },
    "6098.JP": {
      "brier": 0.22622738826170202,
      "brier_raw": 0.2409652868172654,
      "ic": 0.02675713431774488,
      "auc": 0.6087171255710582,
      "calibration_rows": 180,