{
  "available": true,
  "generated_at": "2026-06-16 08:09:04",
  "active_model_version": "per-ticker-v1-20260613",
  "horizon_days": 5,
  "summary": {
    "tickers": 50,
    "median_brier": 0.2363386834482939,
    "median_ic": 0.04216809252982355,
    "drift_warning": false
  },
  "by_ticker": {
    "7011.JP": {
      "brier": 0.23367283950617287,
      "brier_raw": 0.285757913776968,
      "ic": -0.1109320840390957,
      "auc": 0.39373926826046757,
      "calibration_rows": 180,
      "psi_max": 0.008109302162163289,
      "warning": false
    },
    "6501.JP": {
      "brier": 0.2411555568952928,
      "brier_raw": 0.2491860090564845,
      "ic": 0.19247603523384915,
      "auc": 0.5502717391304348,
      "calibration_rows": 180,
      "psi_max": 0.008109302162163289,
      "warning": false
    },
    "6701.JP": {
      "brier": 0.22895917001338692,
      "brier_raw": 0.2598815228236712,
      "ic": -0.06243425951700215,
      "auc": 0.5444155844155845,
      "calibration_rows": 180,
      "psi_max": 0.008109302162163289,
      "warning": false
    },
    "7013.JP": {
      "brier": 0.24417654544236822,
      "brier_raw": 0.28756771060143554,
      "ic": -0.15958895693407177,
      "auc": 0.389625,
      "calibration_rows": 180,
      "psi_max": 0.008109302162163289,
      "warning": false
    },
    "6762.JP": {
      "brier": 0.24190366972477068,
      "brier_raw": 0.2540060641137722,
      "ic": -0.10769862832209337,
      "auc": 0.4922222222222222,
      "calibration_rows": 180,
      "psi_max": 0.008109302162163289,
      "warning": false
    },
    "6723.JP": {
      "brier": 0.215554981226623,
      "brier_raw": 0.24332765296002343,
      "ic": 0.12157956110239673,
      "auc": 0.5709346832942338,
      "calibration_rows": 180,
      "psi_max": 0.008109302162163289,
      "warning": false
    },
    "6758.JP": {
      "brier": 0.2190940940940941,
      "brier_raw": 0.2443763030795445,
      "ic": -0.11572556602444939,
      "auc": 0.4548611111111111,
      "calibration_rows": 180,
      "psi_max": 0.008109302162163289,
      "warning": false
    },
    "1802.JP": {
      "brier": 0.2380335968379447,
      "brier_raw": 0.2733783581954525,
      "ic": -0.15134698927355983,
      "auc": 0.45400666748981355,
      "calibration_rows": 180,
      "psi_max": 0.008109302162163289,
      "warning": false
    },
    "8306.JP": {
      "brier": 0.23931708149028413,
      "brier_raw": 0.2492173043651815,
      "ic": 0.019230474048149378,
      "auc": 0.5492311507936508,
      "calibration_rows": 180,
      "psi_max": 0.008109302162163289,
      "warning": false
    },
    "8035.JP": {
      "brier": 0.24128464818763332,
      "brier_raw": 0.2592377498231406,
      "ic": -0.03520582852350885,
      "auc": 0.4906988436400201,
      "calibration_rows": 180,
      "psi_max": 0.008109302162163289,
      "warning": false
    },
    "6981.JP": {
      "brier": 0.2462518553035794,
      "brier_raw": 0.27156051958737826,
      "ic": 0.13802823567183226,
      "auc": 0.4735004364633994,
      "calibration_rows": 180,
      "psi_max": 0.008109302162163289,
      "warning": false
    },
    "7267.JP": {
      "brier": 0.22293040293040292,
      "brier_raw": 0.24349567798984115,
      "ic": 0.020598339566232193,
      "auc": 0.5256512493354598,
      "calibration_rows": 180,
      "psi_max": 0.008109302162163289,
      "warning": false
    },
    "4901.JP": {
      "brier": 0.22188390313390316,
      "brier_raw": 0.24232161977435723,
      "ic": 0.1670337002268075,
      "auc": 0.5733044365119837,
      "calibration_rows": 180,
      "psi_max": 0.008109302162163289,
      "warning": false
    },
    "8411.JP": {
      "brier": 0.24888888888888888,
      "brier_raw": 0.26795452588298485,
      "ic": -0.11941589467961451,
      "auc": 0.4148065476190476,
      "calibration_rows": 180,
      "psi_max": 0.008109302162163289,
      "warning": false
    },
    "8316.JP": {
      "brier": 0.24403292181069958,
      "brier_raw": 0.26204998996601914,
      "ic": -0.05482275586736719,
      "auc": 0.48025,
      "calibration_rows": 180,
      "psi_max": 0.008109302162163289,
      "warning": false
    },
    "7974.JP": {
      "brier": 0.22007103050206495,
      "brier_raw": 0.25178467039101443,
      "ic": 0.0653232080338475,
      "auc": 0.5483652150318817,
      "calibration_rows": 180,
      "psi_max": 0.008109302162163289,
      "warning": false
    },
    "9983.JP": {
      "brier": 0.23361554433767814,
      "brier_raw": 0.24893030023053783,
      "ic": 0.12897629881177392,
      "auc": 0.5726902173913043,
      "calibration_rows": 180,
      "psi_max": 0.008109302162163289,
      "warning": false
    },
    "7751.JP": {
      "brier": 0.22847695694717393,
      "brier_raw": 0.24341152509222444,
      "ic": 0.1643179345261668,
      "auc": 0.5845,
      "calibration_rows": 180,
      "psi_max": 0.008109302162163289,
      "warning": false
    },
    "6146.JP": {
      "brier": 0.2357973746683424,
      "brier_raw": 0.24701041420350925,
      "ic": 0.11075173004642205,
      "auc": 0.5735275959995061,
      "calibration_rows": 180,
      "psi_max": 0.008109302162163289,
      "warning": false
    },
    "8766.JP": {
      "brier": 0.24095461795829448,
      "brier_raw": 0.26290070624754946,
      "ic": 0.22136819981067976,
      "auc": 0.5294300647088104,
      "calibration_rows": 180,
      "psi_max": 0.008109302162163289,
      "warning": false
    },
    "6301.JP": {
      "brier": 0.22634683032171615,
      "brier_raw": 0.2407706216794841,
      "ic": 0.16772470196182918,
      "auc": 0.6201234567901235,
      "calibration_rows": 180,
      "psi_max": 0.008109302162163289,
      "warning": false
    },
    "6857.JP": {
      "brier": 0.24978980528325784,
      "brier_raw": 0.2573314969641167,
      "ic": 0.06065117701982839,
      "auc": 0.47530864197530864,
      "calibration_rows": 180,
      "psi_max": 0.008109302162163289,
      "warning": false
    },
    "6920.JP": {
      "brier": 0.2272357723577236,
      "brier_raw": 0.25995701845697755,
      "ic": -0.0802306266002722,
      "auc": 0.4399195575666164,
      "calibration_rows": 180,
      "psi_max": 0.008109302162163289,
      "warning": false
    },
    "9433.JP": {
      "brier": 0.2485743801652892,
      "brier_raw": 0.2801127370326587,
      "ic": -0.05425305207734968,
      "auc": 0.4369675268551673,
      "calibration_rows": 180,
      "psi_max": 0.008109302162163289,
      "warning": false
    },
    "6702.JP": {
      "brier": 0.2437616387337057,
      "brier_raw": 0.28925289254316827,
      "ic": -0.12824129648530405,
      "auc": 0.4250879839115133,
      "calibration_rows": 180,
      "psi_max": 0.008109302162163289,
      "warning": false
    },
    "8725.JP": {
      "brier": 0.2499691358024691,
      "brier_raw": 0.28119450019515174,
      "ic": -0.1954683046696996,
      "auc": 0.36041486603284356,
      "calibration_rows": 180,
      "psi_max": 0.008109302162163289,
      "warning": false
    },
    "4661.JP": {
      "brier": 0.19969017094017094,
      "brier_raw": 0.23362940953219732,
      "ic": -0.044361344514030676,
      "auc": 0.5257762590996881,
      "calibration_rows": 180,
      "psi_max": 0.008109302162163289,
      "warning": false
    },
    "9984.JP": {
      "brier": 0.21634195411285195,
      "brier_raw": 0.23819895653990622,
      "ic": 0.196779721844979,
      "auc": 0.6438150144128337,
      "calibration_rows": 180,
      "psi_max": 0.008109302162163289,
      "warning": false
    },
    "7203.JP": {
      "brier": 0.23813547596457943,
      "brier_raw": 0.2517323624016905,
      "ic": -0.07060484183716487,
      "auc": 0.526625,
      "calibration_rows": 180,
      "psi_max": 0.008109302162163289,
      "warning": false
    },
    "6098.JP": {
      "brier": 0.22144559942488568,
      "brier_raw": 0.23623705478847717,
      "ic": 0.19756357943725697,
      "auc": 0.6390810276679841,
      "calibration_rows": 180,
      "psi_max": 0.008109302162163289,