{
  "available": true,
  "generated_at": "2026-06-22 07:22:53",
  "active_model_version": "per-ticker-v1-20260620",
  "horizon_days": 5,
  "summary": {
    "tickers": 50,
    "median_brier": 0.2370427339416081,
    "median_ic": 0.039417961007773825,
    "drift_warning": false
  },
  "by_ticker": {
    "7011.JP": {
      "brier": 0.23068783068783066,
      "brier_raw": 0.2856518332471206,
      "ic": 0.012307633230440969,
      "auc": 0.41896711134592524,
      "calibration_rows": 180,
      "psi_max": 0.027135784885549692,
      "warning": false
    },
    "6501.JP": {
      "brier": 0.23520123687934522,
      "brier_raw": 0.24670859583617658,
      "ic": 0.1829528948221613,
      "auc": 0.5694530188912211,
      "calibration_rows": 180,
      "psi_max": 0.027135784885549692,
      "warning": false
    },
    "6701.JP": {
      "brier": 0.22052440975038298,
      "brier_raw": 0.26166909370629665,
      "ic": -0.07615980815148006,
      "auc": 0.5244147157190635,
      "calibration_rows": 180,
      "psi_max": 0.027135784885549692,
      "warning": false
    },
    "7013.JP": {
      "brier": 0.2343530543530544,
      "brier_raw": 0.26073391336544705,
      "ic": 0.10859766512010738,
      "auc": 0.4800100263190876,
      "calibration_rows": 180,
      "psi_max": 0.027135784885549692,
      "warning": false
    },
    "6762.JP": {
      "brier": 0.24794669813326528,
      "brier_raw": 0.258407876462018,
      "ic": -0.12164676299678633,
      "auc": 0.45580246913580247,
      "calibration_rows": 180,
      "psi_max": 0.027135784885549692,
      "warning": false
    },
    "6723.JP": {
      "brier": 0.2285351753870272,
      "brier_raw": 0.2462674229618331,
      "ic": 0.09368849070704958,
      "auc": 0.5791620318872822,
      "calibration_rows": 180,
      "psi_max": 0.027135784885549692,
      "warning": false
    },
    "6758.JP": {
      "brier": 0.2069854819322365,
      "brier_raw": 0.2334182132551419,
      "ic": -0.04474344070295425,
      "auc": 0.5165090909090909,
      "calibration_rows": 180,
      "psi_max": 0.027135784885549692,
      "warning": false
    },
    "1802.JP": {
      "brier": 0.24642857142857144,
      "brier_raw": 0.2727427389359639,
      "ic": -0.22742229446575332,
      "auc": 0.42576581027667987,
      "calibration_rows": 180,
      "psi_max": 0.027135784885549692,
      "warning": false
    },
    "8306.JP": {
      "brier": 0.2409954740174151,
      "brier_raw": 0.2506837364546226,
      "ic": 0.094795247996997,
      "auc": 0.5438988095238095,
      "calibration_rows": 180,
      "psi_max": 0.027135784885549692,
      "warning": false
    },
    "8035.JP": {
      "brier": 0.24102122639356685,
      "brier_raw": 0.25953350158831145,
      "ic": 0.06384043227276694,
      "auc": 0.511437908496732,
      "calibration_rows": 180,
      "psi_max": 0.027135784885549692,
      "warning": false
    },
    "6981.JP": {
      "brier": 0.24444718387026082,
      "brier_raw": 0.27097107020414063,
      "ic": 0.030239474427530316,
      "auc": 0.430375,
      "calibration_rows": 180,
      "psi_max": 0.027135784885549692,
      "warning": false
    },
    "7267.JP": {
      "brier": 0.21953335276474334,
      "brier_raw": 0.2380366301066862,
      "ic": 0.08183632888505615,
      "auc": 0.552502971866332,
      "calibration_rows": 180,
      "psi_max": 0.027135784885549692,
      "warning": false
    },
    "4901.JP": {
      "brier": 0.2214112839855414,
      "brier_raw": 0.24347432493440152,
      "ic": 0.24347485777692623,
      "auc": 0.58673665343746,
      "calibration_rows": 180,
      "psi_max": 0.027135784885549692,
      "warning": false
    },
    "8411.JP": {
      "brier": 0.2471418274561987,
      "brier_raw": 0.26816774478266353,
      "ic": -0.03751502974056087,
      "auc": 0.41522792199726744,
      "calibration_rows": 180,
      "psi_max": 0.027135784885549692,
      "warning": false
    },
    "8316.JP": {
      "brier": 0.2435358688930117,
      "brier_raw": 0.2685083886732439,
      "ic": -0.007146457066922574,
      "auc": 0.4700854700854701,
      "calibration_rows": 180,
      "psi_max": 0.027135784885549692,
      "warning": false
    },
    "7974.JP": {
      "brier": 0.20888693580687046,
      "brier_raw": 0.24289771072680277,
      "ic": 0.21235271775380293,
      "auc": 0.5890618542498967,
      "calibration_rows": 180,
      "psi_max": 0.027135784885549692,
      "warning": false
    },
    "9983.JP": {
      "brier": 0.23929460707335878,
      "brier_raw": 0.2554562311183076,
      "ic": 0.10266175056382751,
      "auc": 0.529397233201581,
      "calibration_rows": 180,
      "psi_max": 0.027135784885549692,
      "warning": false
    },
    "7751.JP": {
      "brier": 0.21945738576401186,
      "brier_raw": 0.23515192519697012,
      "ic": 0.16144618071960318,
      "auc": 0.628625,
      "calibration_rows": 180,
      "psi_max": 0.027135784885549692,
      "warning": false
    },
    "6146.JP": {
      "brier": 0.22968434343434344,
      "brier_raw": 0.2440806885349069,
      "ic": 0.12584161960792123,
      "auc": 0.5767045454545454,
      "calibration_rows": 180,
      "psi_max": 0.027135784885549692,
      "warning": false
    },
    "8766.JP": {
      "brier": 0.23881312104167046,
      "brier_raw": 0.262845890250381,
      "ic": 0.0966788691759734,
      "auc": 0.509041027559546,
      "calibration_rows": 180,
      "psi_max": 0.027135784885549692,
      "warning": false
    },
    "6301.JP": {
      "brier": 0.22705514712364028,
      "brier_raw": 0.2380923470455155,
      "ic": 0.13268125950936804,
      "auc": 0.6278409090909091,
      "calibration_rows": 180,
      "psi_max": 0.027135784885549692,
      "warning": false
    },
    "6857.JP": {
      "brier": 0.2470833333333333,
      "brier_raw": 0.2568556823349,
      "ic": 0.14574260877295867,
      "auc": 0.47586121743425114,
      "calibration_rows": 180,
      "psi_max": 0.027135784885549692,
      "warning": false
    },
    "6920.JP": {
      "brier": 0.2354390860459114,
      "brier_raw": 0.255816118840153,
      "ic": 0.015273678008428361,
      "auc": 0.491875,
      "calibration_rows": 180,
      "psi_max": 0.027135784885549692,
      "warning": false
    },
    "9433.JP": {
      "brier": 0.2493240172688025,
      "brier_raw": 0.279192393992028,
      "ic": -0.020694736722398473,
      "auc": 0.4220739092819182,
      "calibration_rows": 180,
      "psi_max": 0.027135784885549692,
      "warning": false
    },
    "6702.JP": {
      "brier": 0.24041388481789067,
      "brier_raw": 0.2837664126963028,
      "ic": -0.043172911813240386,
      "auc": 0.4815238095238095,
      "calibration_rows": 180,
      "psi_max": 0.027135784885549692,
      "warning": false
    },
    "8725.JP": {
      "brier": 0.24904214559386967,
      "brier_raw": 0.2776903461901208,
      "ic": -0.20768103275246785,
      "auc": 0.3685770750988142,
      "calibration_rows": 180,
      "psi_max": 0.027135784885549692,
      "warning": false
    },
    "4661.JP": {
      "brier": 0.20566195077064642,
      "brier_raw": 0.23863098199588353,
      "ic": 0.022344451179570162,
      "auc": 0.5128168202764977,
      "calibration_rows": 180,
      "psi_max": 0.027135784885549692,
      "warning": false
    },
    "9984.JP": {
      "brier": 0.24089100421894208,
      "brier_raw": 0.25597929820244303,
      "ic": -0.10249265615876127,
      "auc": 0.5105283066448115,
      "calibration_rows": 180,
      "psi_max": 0.027135784885549692,
      "warning": false
    },
    "7203.JP": {
      "brier": 0.23890479127872805,
      "brier_raw": 0.25591871737257194,
      "ic": -0.10809079716020474,
      "auc": 0.5100386581868064,
      "calibration_rows": 180,
      "psi_max": 0.027135784885549692,
      "warning": false
    },
    "6098.JP": {
      "brier": 0.22503057507155869,
      "brier_raw": 0.24401987935934813,
      "ic": -0.029466999894879903,
      "auc": 0.581151185770751,
      "calibration_rows": 180,
      "psi_max": 0.027135784885549692,