{
  "feature_cols": [
    "return_1d",
    "return_2d",
    "return_3d",
    "return_5d",
    "return_10d",
    "return_20d",
    "div_ma_5",
    "div_ma_10",
    "div_ma_20",
    "div_ma_60",
    "ma_5_20_cross",
    "ma_20_60_cross",
    "rsi",
    "rsi_change",
    "macd",
    "macd_signal",
    "macd_hist",
    "macd_hist_change",
    "bb_pct_b",
    "bb_bandwidth",
    "atr_pct",
    "volatility",
    "vol_change",
    "vol_ratio",
    "candle_body_pct",
    "upper_shadow_pct",
    "lower_shadow_pct",
    "day_of_week",
    "month",
    "is_month_end",
    "is_month_start",
    "streak",
    "gap",
    "price_position_20d",
    "macro_usdjpy_ret_20",
    "macro_usdjpy_ret_60",
    "macro_usdjpy_vol_20",
    "macro_topix_ret_20",
    "macro_topix_vol_20",
    "macro_topix_above_200dma",
    "macro_nikkei_ret_20",
    "macro_nikkei_above_200dma",
    "macro_nikkei_vi",
    "macro_jgb10y",
    "macro_bias_score"
  ],
  "avg_up_ret": 0.035542825351827415,
  "avg_dn_ret": -0.018604414769177617,
  "n_bins": 10,
  "psi_ref_rows": 250,
  "psi": {
    "return_1d": {
      "edges": [
        -0.11787782551840087,
        -0.030439583861460905,
        -0.016978950226375543,
        -0.012214398094618113,
        -0.006183629554298297,
        -0.000997885788931896,
        0.005706539728169169,
        0.012195852428395763,
        0.021067342395707872,
        0.031130364270022293,
        0.13146551724137923
      ],
      "ref_props": [
        0.1,
        0.1,
        0.1,
        0.1,
        0.1,
        0.1,
        0.1,
        0.1,
        0.1,
        0.1
      ]
    },
    "return_2d": {
      "edges": [
        -0.17859144405006533,
        -0.038857303002031794,
        -0.024520878926262844,
        -0.0178296550831867,
        -0.008272394586480856,
        -0.0028348537191072998,
        0.0062782167042890104,
        0.014435578809679496,
        0.02797565795222599,
        0.0460361340589988,
        0.1526595744680852
      ],
      "ref_props": [
        0.1,
        0.1,
        0.1,
        0.1,
        0.1,
        0.1,
        0.1,
        0.1,
        0.1,
        0.1
      ]
    },
    "return_3d": {
      "edges": [
        -0.1946572015692135,
        -0.04847435183067191,
        -0.03129582564993491,
        -0.01773249210771521,
        -0.010189449676931538,
        -0.002197154047602512,
        0.008953010799249454,
        0.023358619041639814,
        0.0367808779117533,
        0.054676419778440774,
        0.17996188401851354
      ],
      "ref_props": [
        0.1,
        0.1,
        0.1,
        0.1,
        0.1,
        0.1,
        0.1,
        0.1,
        0.1,
        0.1
      ]
    },
    "return_5d": {
      "edges": [
        -0.2058876648004334,
        -0.061000081126456086,
        -0.04146772368780207,
        -0.028518480140019408,
        -0.011851012231018497,
        0.0029554018867880005,
        0.020714638669806915,
        0.03303695286936921,
        0.046300987892854556,
        0.06921249058679854,
        0.14447086801426878
      ],
      "ref_props": [
        0.1,
        0.1,
        0.1,
        0.1,
        0.1,
        0.1,
        0.1,
        0.1,
        0.1,
        0.1
      ]
    },
    "return_10d": {
      "edges": [
        -0.26118251928020564,
        -0.08833620917208614,
        -0.05035988865879763,
        -0.02608597161358862,
        -0.006169847968614162,
        0.01641239019879792,
        0.03197986686588444,
        0.04720509921680375,
        0.06975952682651583,
        0.10789100766266306,
        0.22515654778110528
      ],
      "ref_props": [
        0.1,
        0.1,
        0.1,
        0.1,
        0.1,
        0.1,
        0.1,
        0.1,
        0.1,
        0.1
      ]
    },
    "return_20d": {
      "edges": [
        -0.3705227077977721,
        -0.10101838826612816,
        -0.05560678785401786,
        -0.02513863458886027,
        0.0013898788310762386,
        0.024027184524936906,
        0.04509530584029156,
        0.07217356163667725,
        0.10711658475348106,
        0.15183704133871584,
        0.26833477135461603
      ],
      "ref_props": [
        0.1,
        0.1,
        0.1,
        0.1,
        0.1,
        0.1,
        0.1,
        0.1,
        0.1,
        0.1
      ]
    },
    "div_ma_5": {
      "edges": [
        -0.11721008673305497,
        -0.03203950224029178,
        -0.019102250117563686,
        -0.01148413008667769,
        -0.004895960071955538,
        -0.0003830438274654469,
        0.005166646557860119,
        0.01349566536672519,
        0.022842663023410453,
        0.03547589708526655,
        0.10155266470835074
      ],
      "ref_props": [
        0.1,
        0.1,
        0.1,
        0.1,
        0.1,
        0.1,
        0.1,
        0.1,
        0.1,
        0.1
      ]
    },
    "div_ma_10": {
      "edges": [
        -0.174349826307389,
        -0.043258885752319357,
        -0.029833473576500628,
        -0.01971804340798918,
        -0.006275846699296631,
        0.005216609255697972,
        0.01449010219851707,
        0.024217150963223036,
        0.03770506318741344,
        0.052547175130389,
        0.1343993085566119
      ],
      "ref_props": [
        0.1,
        0.1,
        0.1,
        0.1,
        0.1,
        0.1,
        0.1,
        0.1,
        0.1,
        0.1
      ]
    },
    "div_ma_20": {
      "edges": [
        -0.21783018957933808,
        -0.058236219663590584,
        -0.03562873071069792,
        -0.023960267349000374,
        -0.008566707186466647,
        0.010911950781097234,
        0.024572665401068644,
        0.04057263587523715,
        0.05771213157477963,
        0.07852770049722776,
        0.1669024045261669
      ],
      "ref_props": [
        0.1,
        0.1,
        0.1,
        0.1,
        0.1,
        0.1,
        0.1,
        0.1,
        0.1,
        0.1
      ]
    },
    "div_ma_60": {
      "edges": [
        -0.31073739651521737,
        -0.16388108291425144,
        -0.05630731571555202,
        -0.0068623775201338685,
        0.02072782094891275,
        0.04487768433163976,
        0.06742583222071093,
        0.09130422511857955,
        0.13026456178736506,
        0.16505075505628625,
        0.23108331221012685
      ],
      "ref_props": [
        0.1,
        0.1,
        0.1,
        0.1,
        0.1,
        0.1,
        0.1,
        0.1,
        0.1,
        0.1
      ]
    },
    "ma_5_20_cross": {
      "edges": [
        -0.16330967715469502,
        -0.045900065683971265,
        -0.029203595861106057,
        -0.016033864935413873,
        -0.0017333569260028702,
        0.012742208424574408,
        0.022413329951115935,
        0.03360957243856137,
        0.04265705850967057,
        0.06262686571156312,
        0.1024729460483651
      ],
      "ref_props": [
        0.1,
        0.1,
        0.1,
        0.1,
        0.1,
        0.1,
        0.1,
        0.1,
        0.1,
        0.1
      ]
    },
    "ma_20_60_cross": {
      "edges": [
        -0.17739858757429539,
        -0.12165719623095281,
        -0.030948609999058185,
        7.98159955047305e-05,
        0.015086716851806896,
        0.040301951847048434,
        0.045739421161154384,
        0.06793893515587839,
        0.08810660429291667,
        0.11167378489877203,
        0.14127699727406173
      ],
      "ref_props": [
        0.1,
        0.1,
        0.1,
        0.1,
        0.1,
        0.1,
        0.1,
        0.1,
        0.1,
        0.1
      ]
    },
    "rsi": {
      "edges": [
        14.774624373956584,
        30.469428762797822,
        38.48340583873704,
        43.46645782506388,
        48.75892619955342,
        53.44001412076116,
        58.566963521876204,
        63.98170480616507,
        68.99541198402507,
        73.68973105134474,
        82.83917340521114
      ],