{
  "feature_cols": [
    "return_1d",
    "return_2d",
    "return_3d",
    "return_5d",
    "return_10d",
    "return_20d",
    "div_ma_5",
    "div_ma_10",
    "div_ma_20",
    "div_ma_60",
    "ma_5_20_cross",
    "ma_20_60_cross",
    "rsi",
    "rsi_change",
    "macd",
    "macd_signal",
    "macd_hist",
    "macd_hist_change",
    "bb_pct_b",
    "bb_bandwidth",
    "atr_pct",
    "volatility",
    "vol_change",
    "vol_ratio",
    "candle_body_pct",
    "upper_shadow_pct",
    "lower_shadow_pct",
    "day_of_week",
    "month",
    "is_month_end",
    "is_month_start",
    "streak",
    "gap",
    "price_position_20d",
    "macro_usdjpy_ret_20",
    "macro_usdjpy_ret_60",
    "macro_usdjpy_vol_20",
    "macro_topix_ret_20",
    "macro_topix_vol_20",
    "macro_topix_above_200dma",
    "macro_nikkei_ret_20",
    "macro_nikkei_above_200dma",
    "macro_nikkei_vi",
    "macro_jgb10y",
    "macro_bias_score"
  ],
  "avg_up_ret": 0.026476210613463443,
  "avg_dn_ret": -0.017699982331781158,
  "n_bins": 10,
  "psi_ref_rows": 250,
  "psi": {
    "return_1d": {
      "edges": [
        -0.05518849591916053,
        -0.018179899449819792,
        -0.010214754784377186,
        -0.0044692999699420715,
        -0.0012181290811426899,
        0.0030740036456549102,
        0.0065692023577404,
        0.009738051988725351,
        0.014250824952334947,
        0.02272639935518805,
        0.09833709710531724
      ],
      "ref_props": [
        0.1,
        0.1,
        0.1,
        0.1,
        0.1,
        0.1,
        0.1,
        0.1,
        0.1,
        0.1
      ]
    },
    "return_2d": {
      "edges": [
        -0.09544186046511627,
        -0.023726078708375342,
        -0.012514970059880203,
        -0.005274770066889641,
        -0.0009708144669527963,
        0.005471957362148894,
        0.010653451984066154,
        0.016070531285958013,
        0.021263371480343317,
        0.03500542384764797,
        0.13435664203145725
      ],
      "ref_props": [
        0.1,
        0.1,
        0.1,
        0.1,
        0.1,
        0.1,
        0.1,
        0.1,
        0.1,
        0.1
      ]
    },
    "return_3d": {
      "edges": [
        -0.12285765830777562,
        -0.024079173859398638,
        -0.014176503679980577,
        -0.004985380584796365,
        0.0011355460383944804,
        0.008163428383845095,
        0.014634747660601879,
        0.02161876622354491,
        0.02903962160401169,
        0.04127260415223856,
        0.14042069357589537
      ],
      "ref_props": [
        0.1,
        0.1,
        0.1,
        0.1,
        0.1,
        0.1,
        0.1,
        0.1,
        0.1,
        0.1
      ]
    },
    "return_5d": {
      "edges": [
        -0.11309740970448745,
        -0.026947658920840868,
        -0.011984473543139295,
        -0.0035760195035460665,
        0.005125745102383662,
        0.012752431783328633,
        0.021630383575909372,
        0.03044895113957023,
        0.03928568954569074,
        0.05569470801557464,
        0.16242499482722939
      ],
      "ref_props": [
        0.1,
        0.1,
        0.1,
        0.1,
        0.1,
        0.1,
        0.1,
        0.1,
        0.1,
        0.1
      ]
    },
    "return_10d": {
      "edges": [
        -0.13801190690961573,
        -0.0333775325391103,
        -0.009393343013053874,
        0.0037978278032047104,
        0.015527818019073703,
        0.02607142097707582,
        0.039592812019246595,
        0.048785694185254316,
        0.06438234525985896,
        0.09805163837820348,
        0.24082474226804118
      ],
      "ref_props": [
        0.1,
        0.1,
        0.1,
        0.1,
        0.1,
        0.1,
        0.1,
        0.1,
        0.1,
        0.1
      ]
    },
    "return_20d": {
      "edges": [
        -0.18419170243204575,
        -0.03951743321540271,
        0.008511064757088032,
        0.03151767854067598,
        0.046029332246656784,
        0.06266594605317355,
        0.0806711660833746,
        0.1024653446246275,
        0.12257447820679676,
        0.15995590104319188,
        0.2991627527057381
      ],
      "ref_props": [
        0.1,
        0.1,
        0.1,
        0.1,
        0.1,
        0.1,
        0.1,
        0.1,
        0.1,
        0.1
      ]
    },
    "div_ma_5": {
      "edges": [
        -0.08003784295175023,
        -0.015474015246332535,
        -0.007391370902910906,
        -0.0019455684388382732,
        0.0015829706029069047,
        0.004575745039344833,
        0.00858126903201855,
        0.012674976143294124,
        0.019185244404603407,
        0.024336162690394028,
        0.09883251340039644
      ],
      "ref_props": [
        0.1,
        0.1,
        0.1,
        0.1,
        0.1,
        0.1,
        0.1,
        0.1,
        0.1,
        0.1
      ]
    },
    "div_ma_10": {
      "edges": [
        -0.09513883719198984,
        -0.02123829133581019,
        -0.004723766513052898,
        0.001623358091158675,
        0.005797887644185789,
        0.012168240696276218,
        0.016901344157569116,
        0.023038959566272027,
        0.032798257363592834,
        0.04434692842596818,
        0.14171275987030327
      ],
      "ref_props": [
        0.1,
        0.1,
        0.1,
        0.1,
        0.1,
        0.1,
        0.1,
        0.1,
        0.1,
        0.1
      ]
    },
    "div_ma_20": {
      "edges": [
        -0.09581900524234703,
        -0.026008317388670456,
        -0.007205724906180839,
        0.01251282510133309,
        0.020308955169761306,
        0.028001697097833393,
        0.03831851407047198,
        0.04653857848899805,
        0.056219871060753636,
        0.0854747944576511,
        0.1741398925110824
      ],
      "ref_props": [
        0.1,
        0.1,
        0.1,
        0.1,
        0.1,
        0.1,
        0.1,
        0.1,
        0.1,
        0.1
      ]
    },
    "div_ma_60": {
      "edges": [
        -0.0701656050955414,
        -0.013483351296913292,
        0.016665504415677528,
        0.044387679644433624,
        0.07233240273032403,
        0.09256057376809816,
        0.10731243631321229,
        0.12664076649325706,
        0.14509126822915083,
        0.1630643003454182,
        0.23871366046721854
      ],
      "ref_props": [
        0.1,
        0.1,
        0.1,
        0.1,
        0.1,
        0.1,
        0.1,
        0.1,
        0.1,
        0.1
      ]
    },
    "ma_5_20_cross": {
      "edges": [
        -0.0649994324845824,
        -0.022271150483785595,
        -0.00429524811566597,
        0.008778261122901166,
        0.016017364365152578,
        0.02232656013877865,
        0.029942342500889386,
        0.035569932973423306,
        0.04339748289308152,
        0.06771713591063239,
        0.10949981565687583
      ],
      "ref_props": [
        0.1,
        0.1,
        0.1,
        0.1,
        0.1,
        0.1,
        0.1,
        0.1,
        0.1,
        0.1
      ]
    },
    "ma_20_60_cross": {
      "edges": [
        -0.038254965545196584,
        -0.01318583727805188,
        0.008755745200305278,
        0.03524236304197573,
        0.05316597028912842,
        0.059127103838513495,
        0.07036858721308255,
        0.08103574209464358,
        0.09098164548216824,
        0.09627154007949129,
        0.15197132616487452
      ],
      "ref_props": [
        0.1,
        0.1,
        0.1,
        0.1,
        0.1,
        0.1,
        0.1,
        0.1,
        0.1,
        0.1
      ]
    },
    "rsi": {
      "edges": [
        23.992322456813824,
        39.37347760687079,
        48.51216665170153,
        55.99930515344528,
        60.039757064566786,
        64.32179836796956,
        68.12231247013855,
        71.34672251317598,
        73.99440194746583,
        77.5567408395144,
        92.33390119250426
      ],