{
  "feature_cols": [
    "return_1d",
    "return_2d",
    "return_3d",
    "return_5d",
    "return_10d",
    "return_20d",
    "div_ma_5",
    "div_ma_10",
    "div_ma_20",
    "div_ma_60",
    "ma_5_20_cross",
    "ma_20_60_cross",
    "rsi",
    "rsi_change",
    "macd",
    "macd_signal",
    "macd_hist",
    "macd_hist_change",
    "bb_pct_b",
    "bb_bandwidth",
    "atr_pct",
    "volatility",
    "vol_change",
    "vol_ratio",
    "candle_body_pct",
    "upper_shadow_pct",
    "lower_shadow_pct",
    "day_of_week",
    "month",
    "is_month_end",
    "is_month_start",
    "streak",
    "gap",
    "price_position_20d",
    "macro_usdjpy_ret_20",
    "macro_usdjpy_ret_60",
    "macro_usdjpy_vol_20",
    "macro_topix_ret_20",
    "macro_topix_vol_20",
    "macro_topix_above_200dma",
    "macro_nikkei_ret_20",
    "macro_nikkei_above_200dma",
    "macro_nikkei_vi",
    "macro_jgb10y",
    "macro_bias_score"
  ],
  "avg_up_ret": 0.04222269101434741,
  "avg_dn_ret": -0.024544308612336262,
  "n_bins": 10,
  "psi_ref_rows": 250,
  "psi": {
    "return_1d": {
      "edges": [
        -0.10378771667023323,
        -0.03160809273475575,
        -0.02064463773409739,
        -0.011807758459706733,
        -0.003169506015805819,
        0.003109109090678963,
        0.007967672230302331,
        0.015302546229063801,
        0.025664449797091628,
        0.04173484046415844,
        0.13064767415980416
      ],
      "ref_props": [
        0.1,
        0.1,
        0.1,
        0.1,
        0.1,
        0.1,
        0.1,
        0.1,
        0.1,
        0.1
      ]
    },
    "return_2d": {
      "edges": [
        -0.13631676634357603,
        -0.03890027525577228,
        -0.020862996707478643,
        -0.013554672600127163,
        -0.005992397473225013,
        0.0029627520063484347,
        0.01356139155881834,
        0.022829835011650437,
        0.03680883427034192,
        0.0635444389428731,
        0.1827443489334606
      ],
      "ref_props": [
        0.1,
        0.1,
        0.1,
        0.1,
        0.1,
        0.1,
        0.1,
        0.1,
        0.1,
        0.1
      ]
    },
    "return_3d": {
      "edges": [
        -0.13844887883151613,
        -0.04180650650145773,
        -0.026325282514896204,
        -0.016849990547822827,
        -0.004615730738049879,
        0.0057225305679386995,
        0.01876571469143263,
        0.02892612416931718,
        0.04785652323024468,
        0.07665679105158524,
        0.2623173632347944
      ],
      "ref_props": [
        0.1,
        0.1,
        0.1,
        0.1,
        0.1,
        0.1,
        0.1,
        0.1,
        0.1,
        0.1
      ]
    },
    "return_5d": {
      "edges": [
        -0.14765263926052052,
        -0.05223321579424758,
        -0.025661596515474925,
        -0.012939789072595907,
        -0.0011932229071248907,
        0.011964510202108203,
        0.025409378320312686,
        0.04841805059810063,
        0.0675873678192084,
        0.09978711899559269,
        0.2476910159529806
      ],
      "ref_props": [
        0.1,
        0.1,
        0.1,
        0.1,
        0.1,
        0.1,
        0.1,
        0.1,
        0.1,
        0.1
      ]
    },
    "return_10d": {
      "edges": [
        -0.14703018500486853,
        -0.07731436573002064,
        -0.04511609165995586,
        -0.014256606041175653,
        0.00890823342299667,
        0.0303154749907254,
        0.05073201445451024,
        0.07993012876563792,
        0.107059448794163,
        0.16420485175202157,
        0.37833753148614613
      ],
      "ref_props": [
        0.1,
        0.1,
        0.1,
        0.1,
        0.1,
        0.1,
        0.1,
        0.1,
        0.1,
        0.1
      ]
    },
    "return_20d": {
      "edges": [
        -0.1750876469375129,
        -0.10842271854576589,
        -0.049563174185697015,
        -0.007222506611328574,
        0.04019632519506664,
        0.07363399193056008,
        0.10434567184377033,
        0.14381520467836267,
        0.19932376461860965,
        0.302248103316287,
        0.5330593948449758
      ],
      "ref_props": [
        0.1,
        0.1,
        0.1,
        0.1,
        0.1,
        0.1,
        0.1,
        0.1,
        0.1,
        0.1
      ]
    },
    "div_ma_5": {
      "edges": [
        -0.10232777468169925,
        -0.027806453418321775,
        -0.015879895547568926,
        -0.008267781960949957,
        -0.002168010184191162,
        0.004890929493143839,
        0.010605333232925378,
        0.018988223661376907,
        0.028802902544604905,
        0.047783237979714455,
        0.14983441146429785
      ],
      "ref_props": [
        0.1,
        0.1,
        0.1,
        0.1,
        0.1,
        0.1,
        0.1,
        0.1,
        0.1,
        0.1
      ]
    },
    "div_ma_10": {
      "edges": [
        -0.10933412730482132,
        -0.04161627167800606,
        -0.019081056743543223,
        -0.007735256504643704,
        0.0013195505598065686,
        0.010800866522019614,
        0.021459308325701507,
        0.03344590774398867,
        0.05720214889172139,
        0.07467826545395695,
        0.19868110063902428
      ],
      "ref_props": [
        0.1,
        0.1,
        0.1,
        0.1,
        0.1,
        0.1,
        0.1,
        0.1,
        0.1,
        0.1
      ]
    },
    "div_ma_20": {
      "edges": [
        -0.08970162705753992,
        -0.06187482228974456,
        -0.03608875812880752,
        -0.008956564345469771,
        0.01722199274336526,
        0.029829173095446384,
        0.04869872950669894,
        0.06744500672900898,
        0.09125940998116709,
        0.13301327680309338,
        0.29770027798837506
      ],
      "ref_props": [
        0.1,
        0.1,
        0.1,
        0.1,
        0.1,
        0.1,
        0.1,
        0.1,
        0.1,
        0.1
      ]
    },
    "div_ma_60": {
      "edges": [
        -0.177045325404455,
        -0.06831161700241202,
        -0.02821820475608636,
        0.02913969996069426,
        0.06425771536091376,
        0.09538936875171183,
        0.12549518097395276,
        0.152381453977398,
        0.1909598378632003,
        0.26891780297077816,
        0.6152348997686717
      ],
      "ref_props": [
        0.1,
        0.1,
        0.1,
        0.1,
        0.1,
        0.1,
        0.1,
        0.1,
        0.1,
        0.1
      ]
    },
    "ma_5_20_cross": {
      "edges": [
        -0.06818229483442051,
        -0.04559020692667911,
        -0.028894159832392692,
        -0.006897946912124197,
        0.009124463327965994,
        0.02355445924526378,
        0.039871230736820674,
        0.054807217439540784,
        0.07398974666601293,
        0.10234473480695139,
        0.19118018701036155
      ],
      "ref_props": [
        0.1,
        0.1,
        0.1,
        0.1,
        0.1,
        0.1,
        0.1,
        0.1,
        0.1,
        0.1
      ]
    },
    "ma_20_60_cross": {
      "edges": [
        -0.10314731359007367,
        -0.06161903867567582,
        -0.014332895469927526,
        0.02634931673126395,
        0.036100876427192355,
        0.050900412189782474,
        0.08352699435570354,
        0.09466386729908226,
        0.10993142222786136,
        0.15618696580965633,
        0.2935305107461308
      ],
      "ref_props": [
        0.1,
        0.1,
        0.1,
        0.1,
        0.1,
        0.1,
        0.1,
        0.1,
        0.1,
        0.1
      ]
    },
    "rsi": {
      "edges": [
        17.864077669902898,
        34.437663015127804,
        41.55174981384959,
        46.86914004770067,
        54.415297473185234,
        58.94095615937469,
        62.39672146591926,
        66.44273832373639,
        69.20738665250647,
        75.72123552123551,
        86.15900383141762
      ],
      "ref_props": [
        0.1,
        0.1,
        0.1,
        0.1,
        0.1,
        0.1,
        0.1,
        0.1,
        0.1,
        0.1
      ]
    },