{
  "feature_cols": [
    "return_1d",
    "return_2d",
    "return_3d",
    "return_5d",
    "return_10d",
    "return_20d",
    "div_ma_5",
    "div_ma_10",
    "div_ma_20",
    "div_ma_60",
    "ma_5_20_cross",
    "ma_20_60_cross",
    "rsi",
    "rsi_change",
    "macd",
    "macd_signal",
    "macd_hist",
    "macd_hist_change",
    "bb_pct_b",
    "bb_bandwidth",
    "atr_pct",
    "volatility",
    "vol_change",
    "vol_ratio",
    "candle_body_pct",
    "upper_shadow_pct",
    "lower_shadow_pct",
    "day_of_week",
    "month",
    "is_month_end",
    "is_month_start",
    "streak",
    "gap",
    "price_position_20d",
    "macro_usdjpy_ret_20",
    "macro_usdjpy_ret_60",
    "macro_usdjpy_vol_20",
    "macro_topix_ret_20",
    "macro_topix_vol_20",
    "macro_topix_above_200dma",
    "macro_nikkei_ret_20",
    "macro_nikkei_above_200dma",
    "macro_nikkei_vi",
    "macro_jgb10y",
    "macro_bias_score"
  ],
  "avg_up_ret": 0.030958360673261485,
  "avg_dn_ret": -0.019975831469721685,
  "n_bins": 10,
  "psi_ref_rows": 250,
  "psi": {
    "return_1d": {
      "edges": [
        -0.044439163498098844,
        -0.018086715175165812,
        -0.010456111053126027,
        -0.006872397587561228,
        -0.0038201630838102124,
        0.0006424500987283199,
        0.004951716541215363,
        0.009463468530597785,
        0.014095120324139246,
        0.018584849846066162,
        0.06486083499005968
      ],
      "ref_props": [
        0.1,
        0.1,
        0.1,
        0.1,
        0.1,
        0.1,
        0.1,
        0.1,
        0.1,
        0.1
      ]
    },
    "return_2d": {
      "edges": [
        -0.06807131280388978,
        -0.023210806204941856,
        -0.013829625979018533,
        -0.00865329069812391,
        -0.004122639649792269,
        0.0006369768510644525,
        0.006336512594766443,
        0.011499317285984528,
        0.0186021216568018,
        0.028073972393078094,
        0.0969184890656063
      ],
      "ref_props": [
        0.1,
        0.1,
        0.1,
        0.1,
        0.1,
        0.1,
        0.1,
        0.1,
        0.1,
        0.1
      ]
    },
    "return_3d": {
      "edges": [
        -0.08021023765996349,
        -0.025143839131920153,
        -0.016897171162721603,
        -0.01115592310359945,
        -0.0034538043478260947,
        0.0018740205180882707,
        0.007237060143547034,
        0.014462652286318232,
        0.024656903756437833,
        0.03729497376165209,
        0.10960281548516848
      ],
      "ref_props": [
        0.1,
        0.1,
        0.1,
        0.1,
        0.1,
        0.1,
        0.1,
        0.1,
        0.1,
        0.1
      ]
    },
    "return_5d": {
      "edges": [
        -0.06807131280388978,
        -0.03313294284167895,
        -0.022210342412728144,
        -0.01410267980984445,
        -0.004721822099184827,
        0.003947883035155364,
        0.011851505064918527,
        0.020116238570028724,
        0.03376365518661122,
        0.049764844977380464,
        0.10460460460460452
      ],
      "ref_props": [
        0.1,
        0.1,
        0.1,
        0.1,
        0.1,
        0.1,
        0.1,
        0.1,
        0.1,
        0.1
      ]
    },
    "return_10d": {
      "edges": [
        -0.10301291248206601,
        -0.042901747317394975,
        -0.030428143674789118,
        -0.022748102665937055,
        -0.009629492430910602,
        0.007440813235479515,
        0.026922518651841948,
        0.042787689054363344,
        0.061195666099525425,
        0.08030656239468867,
        0.1170185703383364
      ],
      "ref_props": [
        0.1,
        0.1,
        0.1,
        0.1,
        0.1,
        0.1,
        0.1,
        0.1,
        0.1,
        0.1
      ]
    },
    "return_20d": {
      "edges": [
        -0.11162123385939737,
        -0.052961330807564856,
        -0.03643849387063906,
        -0.022706953974806068,
        -0.002513354589013641,
        0.02697026768479127,
        0.0484918521679156,
        0.06842870595762446,
        0.08188992428654639,
        0.10431405944302356,
        0.16466774716369525
      ],
      "ref_props": [
        0.1,
        0.1,
        0.1,
        0.1,
        0.1,
        0.1,
        0.1,
        0.1,
        0.1,
        0.1
      ]
    },
    "div_ma_5": {
      "edges": [
        -0.050438803434934454,
        -0.017223838404035966,
        -0.01123593753574067,
        -0.007918672059499088,
        -0.0025309786294426795,
        0.0019957051327143295,
        0.006384729572362909,
        0.009177806474322505,
        0.015426012299226896,
        0.02249959314205177,
        0.06597758887171556
      ],
      "ref_props": [
        0.1,
        0.1,
        0.1,
        0.1,
        0.1,
        0.1,
        0.1,
        0.1,
        0.1,
        0.1
      ]
    },
    "div_ma_10": {
      "edges": [
        -0.05560769591740967,
        -0.02421835867486448,
        -0.018619001790187464,
        -0.009639029004293833,
        -0.00387291898817965,
        0.002343140517777751,
        0.009291901297394127,
        0.020659468104155258,
        0.027787098140553933,
        0.03841390032146113,
        0.08638936746246616
      ],
      "ref_props": [
        0.1,
        0.1,
        0.1,
        0.1,
        0.1,
        0.1,
        0.1,
        0.1,
        0.1,
        0.1
      ]
    },
    "div_ma_20": {
      "edges": [
        -0.0657501494321578,
        -0.03254917677189314,
        -0.023970783308060385,
        -0.012417129850013284,
        -0.004488777723346971,
        0.006099809118175706,
        0.018277250268339335,
        0.034420344919585795,
        0.04556821437043134,
        0.05757897493567703,
        0.09936768793719651
      ],
      "ref_props": [
        0.1,
        0.1,
        0.1,
        0.1,
        0.1,
        0.1,
        0.1,
        0.1,
        0.1,
        0.1
      ]
    },
    "div_ma_60": {
      "edges": [
        -0.07589141282928598,
        -0.03535030807662232,
        -0.01825760601622975,
        -0.0046081477936302925,
        0.007758619357094594,
        0.02967455903138582,
        0.04815683837641159,
        0.06871034228348513,
        0.09343566607316435,
        0.10990677363125595,
        0.1557471619100073
      ],
      "ref_props": [
        0.1,
        0.1,
        0.1,
        0.1,
        0.1,
        0.1,
        0.1,
        0.1,
        0.1,
        0.1
      ]
    },
    "ma_5_20_cross": {
      "edges": [
        -0.04931847830976621,
        -0.026595559183570927,
        -0.018760864862808077,
        -0.009898916553659052,
        -0.004380443975178046,
        0.004309593960532543,
        0.014693075751803186,
        0.02786509319720607,
        0.037540015111273875,
        0.04615911717730958,
        0.07244726096281306
      ],
      "ref_props": [
        0.1,
        0.1,
        0.1,
        0.1,
        0.1,
        0.1,
        0.1,
        0.1,
        0.1,
        0.1
      ]
    },
    "ma_20_60_cross": {
      "edges": [
        -0.039483914143153775,
        -0.03029040459183738,
        -0.016236966587922463,
        -0.002694817894200173,
        0.005714762704793012,
        0.02439474972262834,
        0.04071669841763167,
        0.04480397716873363,
        0.06478201528961476,
        0.07216147267349152,
        0.08059861944098667
      ],
      "ref_props": [
        0.1,
        0.1,
        0.1,
        0.1,
        0.1,
        0.1,
        0.1,
        0.1,
        0.1,
        0.1
      ]
    },
    "rsi": {
      "edges": [
        17.981651376146786,
        33.22803901499187,
        38.66540353676373,
        43.5271782654363,
        48.70793649899918,
        54.16537384506134,
        59.25464223679051,
        64.60675332693098,
        70.30239749407654,
        74.8805175452943,
        91.82608695652173
      ],