{
  "feature_cols": [
    "return_1d",
    "return_2d",
    "return_3d",
    "return_5d",
    "return_10d",
    "return_20d",
    "div_ma_5",
    "div_ma_10",
    "div_ma_20",
    "div_ma_60",
    "ma_5_20_cross",
    "ma_20_60_cross",
    "rsi",
    "rsi_change",
    "macd",
    "macd_signal",
    "macd_hist",
    "macd_hist_change",
    "bb_pct_b",
    "bb_bandwidth",
    "atr_pct",
    "volatility",
    "vol_change",
    "vol_ratio",
    "candle_body_pct",
    "upper_shadow_pct",
    "lower_shadow_pct",
    "day_of_week",
    "month",
    "is_month_end",
    "is_month_start",
    "streak",
    "gap",
    "price_position_20d",
    "macro_usdjpy_ret_20",
    "macro_usdjpy_ret_60",
    "macro_usdjpy_vol_20",
    "macro_topix_ret_20",
    "macro_topix_vol_20",
    "macro_topix_above_200dma",
    "macro_nikkei_ret_20",
    "macro_nikkei_above_200dma",
    "macro_nikkei_vi",
    "macro_jgb10y",
    "macro_bias_score"
  ],
  "avg_up_ret": 0.032519564672481176,
  "avg_dn_ret": -0.025411804239337088,
  "n_bins": 10,
  "psi_ref_rows": 250,
  "psi": {
    "return_1d": {
      "edges": [
        -0.07432258064516128,
        -0.02280321522021492,
        -0.014170397139006563,
        -0.008651656132033022,
        -0.003561535505893065,
        0.00029534053346180755,
        0.005115548038275151,
        0.010954957790030997,
        0.01681544819848906,
        0.028852717616843108,
        0.09086419753086417
      ],
      "ref_props": [
        0.1,
        0.1,
        0.1,
        0.1,
        0.1,
        0.1,
        0.1,
        0.1,
        0.1,
        0.1
      ]
    },
    "return_2d": {
      "edges": [
        -0.08401430030643509,
        -0.031175832687838866,
        -0.02061250055925905,
        -0.011038450855124825,
        -0.0034906183767171783,
        0.0015470311473606557,
        0.008743548440119691,
        0.017904301881205467,
        0.02572782224311686,
        0.0451744354000958,
        0.12906897336671985
      ],
      "ref_props": [
        0.1,
        0.1,
        0.1,
        0.1,
        0.1,
        0.1,
        0.1,
        0.1,
        0.1,
        0.1
      ]
    },
    "return_3d": {
      "edges": [
        -0.08898098488542172,
        -0.03512281891490586,
        -0.02263158921830308,
        -0.013289190964842762,
        -0.0059359507775051884,
        0.002224488382104761,
        0.011544616136761141,
        0.02155572513575899,
        0.031117372872446685,
        0.047544590066867176,
        0.13423279213354666
      ],
      "ref_props": [
        0.1,
        0.1,
        0.1,
        0.1,
        0.1,
        0.1,
        0.1,
        0.1,
        0.1,
        0.1
      ]
    },
    "return_5d": {
      "edges": [
        -0.08436772692009309,
        -0.042438802113374745,
        -0.027319232580812033,
        -0.015884719709129497,
        -0.005780883786373356,
        0.004357350875436761,
        0.01461142753067857,
        0.027723930601594796,
        0.039569666758021003,
        0.0668268408354912,
        0.15001159285879906
      ],
      "ref_props": [
        0.1,
        0.1,
        0.1,
        0.1,
        0.1,
        0.1,
        0.1,
        0.1,
        0.1,
        0.1
      ]
    },
    "return_10d": {
      "edges": [
        -0.10420841683366733,
        -0.052365265168142,
        -0.030523298843706432,
        -0.013058528326984665,
        -0.00010346611484739256,
        0.01563564504682502,
        0.02853869165969408,
        0.03777775269532742,
        0.05731667981465379,
        0.0967573096346532,
        0.22238027501185398
      ],
      "ref_props": [
        0.1,
        0.1,
        0.1,
        0.1,
        0.1,
        0.1,
        0.1,
        0.1,
        0.1,
        0.1
      ]
    },
    "return_20d": {
      "edges": [
        -0.13254228730118656,
        -0.05495311498663434,
        -0.028755326031366518,
        -0.008025846702317312,
        0.008670044261951216,
        0.023937183854626287,
        0.04645328147871519,
        0.07015388084754193,
        0.09814621817018031,
        0.1280935911611185,
        0.2712031558185404
      ],
      "ref_props": [
        0.1,
        0.1,
        0.1,
        0.1,
        0.1,
        0.1,
        0.1,
        0.1,
        0.1,
        0.1
      ]
    },
    "div_ma_5": {
      "edges": [
        -0.05080709182323366,
        -0.021617347624844845,
        -0.01461233630828259,
        -0.007639652391242565,
        -0.004357771169666946,
        0.0024292160725461137,
        0.0073860816248456675,
        0.012682127475695143,
        0.019539710251456906,
        0.0292724718245402,
        0.09773371104815864
      ],
      "ref_props": [
        0.1,
        0.1,
        0.1,
        0.1,
        0.1,
        0.1,
        0.1,
        0.1,
        0.1,
        0.1
      ]
    },
    "div_ma_10": {
      "edges": [
        -0.05643948389139555,
        -0.03028100935456803,
        -0.017441936878776154,
        -0.009844222414118019,
        -0.00196898775274702,
        0.004199452742396628,
        0.009285276618746322,
        0.018229082146330986,
        0.030046653094333506,
        0.05210229279573208,
        0.12359550561797752
      ],
      "ref_props": [
        0.1,
        0.1,
        0.1,
        0.1,
        0.1,
        0.1,
        0.1,
        0.1,
        0.1,
        0.1
      ]
    },
    "div_ma_20": {
      "edges": [
        -0.07712556615094777,
        -0.03911427294881881,
        -0.018492553382592068,
        -0.008287842212617547,
        0.0017931322525275187,
        0.011977826975593058,
        0.020580202712589916,
        0.03142831549152334,
        0.047202783022809586,
        0.06858431731184257,
        0.16546830208186475
      ],
      "ref_props": [
        0.1,
        0.1,
        0.1,
        0.1,
        0.1,
        0.1,
        0.1,
        0.1,
        0.1,
        0.1
      ]
    },
    "div_ma_60": {
      "edges": [
        -0.08930883609928653,
        -0.04007244161038993,
        -0.015928779294872682,
        -0.0002475380196742803,
        0.01261387824811298,
        0.029347155790435724,
        0.05375432687320621,
        0.08035806772484075,
        0.10164698289282462,
        0.13105413952089282,
        0.2598245628324061
      ],
      "ref_props": [
        0.1,
        0.1,
        0.1,
        0.1,
        0.1,
        0.1,
        0.1,
        0.1,
        0.1,
        0.1
      ]
    },
    "ma_5_20_cross": {
      "edges": [
        -0.05526312386027077,
        -0.030359042619223398,
        -0.015393097963096779,
        -0.005583792187514115,
        0.002344459274308977,
        0.009201388900693774,
        0.015877031827560027,
        0.02500520728919168,
        0.03684528586312581,
        0.056199342258570484,
        0.11171858301553561
      ],
      "ref_props": [
        0.1,
        0.1,
        0.1,
        0.1,
        0.1,
        0.1,
        0.1,
        0.1,
        0.1,
        0.1
      ]
    },
    "ma_20_60_cross": {
      "edges": [
        -0.05472302720827826,
        -0.02467730643078394,
        -0.00925053334621304,
        -0.00290985671488516,
        0.005841931704909041,
        0.016955022777053963,
        0.03401550390896402,
        0.0502728509751183,
        0.06945378735823034,
        0.08672928078181501,
        0.12247630498258966
      ],
      "ref_props": [
        0.1,
        0.1,
        0.1,
        0.1,
        0.1,
        0.1,
        0.1,
        0.1,
        0.1,
        0.1
      ]
    },
    "rsi": {
      "edges": [
        13.895216400911167,
        33.7948717948718,
        41.90163581720264,
        46.56367381558221,
        51.26011448530126,
        55.01160226632415,
        59.02277959529868,
        61.8771840997538,
        64.93459404126934,
        69.77693698383554,
        87.3144399460189
      ],