{
  "feature_cols": [
    "return_1d",
    "return_2d",
    "return_3d",
    "return_5d",
    "return_10d",
    "return_20d",
    "div_ma_5",
    "div_ma_10",
    "div_ma_20",
    "div_ma_60",
    "ma_5_20_cross",
    "ma_20_60_cross",
    "rsi",
    "rsi_change",
    "macd",
    "macd_signal",
    "macd_hist",
    "macd_hist_change",
    "bb_pct_b",
    "bb_bandwidth",
    "atr_pct",
    "volatility",
    "vol_change",
    "vol_ratio",
    "candle_body_pct",
    "upper_shadow_pct",
    "lower_shadow_pct",
    "day_of_week",
    "month",
    "is_month_end",
    "is_month_start",
    "streak",
    "gap",
    "price_position_20d",
    "macro_usdjpy_ret_20",
    "macro_usdjpy_ret_60",
    "macro_usdjpy_vol_20",
    "macro_topix_ret_20",
    "macro_topix_vol_20",
    "macro_topix_above_200dma",
    "macro_nikkei_ret_20",
    "macro_nikkei_above_200dma",
    "macro_nikkei_vi",
    "macro_jgb10y",
    "macro_bias_score"
  ],
  "avg_up_ret": 0.05021811230759841,
  "avg_dn_ret": -0.030402352971141664,
  "n_bins": 10,
  "psi_ref_rows": 250,
  "psi": {
    "return_1d": {
      "edges": [
        -0.07933138763597769,
        -0.03687715137767802,
        -0.023678391858835555,
        -0.016571193796938093,
        -0.00832763040298776,
        0.0011239015254177476,
        0.006912424061388831,
        0.01608290596978814,
        0.028201492207345826,
        0.043169299121133334,
        0.11460585806958923
      ],
      "ref_props": [
        0.1,
        0.1,
        0.1,
        0.1,
        0.1,
        0.1,
        0.1,
        0.1,
        0.1,
        0.1
      ]
    },
    "return_2d": {
      "edges": [
        -0.11938614308282558,
        -0.05069258821525363,
        -0.03063274040763828,
        -0.019483805902798586,
        -0.012917039255298211,
        -0.003100657133044804,
        0.009644907334912543,
        0.022106411692077933,
        0.03796895259790965,
        0.06345319858712722,
        0.15735492577597832
      ],
      "ref_props": [
        0.1,
        0.1,
        0.1,
        0.1,
        0.1,
        0.1,
        0.1,
        0.1,
        0.1,
        0.1
      ]
    },
    "return_3d": {
      "edges": [
        -0.13002544529262083,
        -0.05756695791216948,
        -0.04077087032564352,
        -0.025252919393975403,
        -0.011849408998509323,
        -0.002367024227989012,
        0.006873725966829696,
        0.02454173255446834,
        0.04264810525512038,
        0.08350512722851262,
        0.21643404757224305
      ],
      "ref_props": [
        0.1,
        0.1,
        0.1,
        0.1,
        0.1,
        0.1,
        0.1,
        0.1,
        0.1,
        0.1
      ]
    },
    "return_5d": {
      "edges": [
        -0.15346422929361314,
        -0.07194239725041338,
        -0.05166613689340963,
        -0.032505213204896154,
        -0.016887093937543566,
        -0.0016179863135742933,
        0.016484941993687986,
        0.032916177046611775,
        0.06356540054932987,
        0.10635777928277992,
        0.22017353579175714
      ],
      "ref_props": [
        0.1,
        0.1,
        0.1,
        0.1,
        0.1,
        0.1,
        0.1,
        0.1,
        0.1,
        0.1
      ]
    },
    "return_10d": {
      "edges": [
        -0.16539310579045674,
        -0.10281992439108215,
        -0.07899412165401018,
        -0.055840583644384115,
        -0.027756460177226636,
        0.0048316085228906624,
        0.04149024802030006,
        0.06675196990974061,
        0.09570580732839172,
        0.13525343124587239,
        0.28299146850608103
      ],
      "ref_props": [
        0.1,
        0.1,
        0.1,
        0.1,
        0.1,
        0.1,
        0.1,
        0.1,
        0.1,
        0.1
      ]
    },
    "return_20d": {
      "edges": [
        -0.2918077183480027,
        -0.14334726030378203,
        -0.11021561965673003,
        -0.06777466381206688,
        -0.022351015620601506,
        0.013561256876871597,
        0.05967153499864824,
        0.12409006369650902,
        0.18265754991437036,
        0.24436883805631548,
        0.36600441501103753
      ],
      "ref_props": [
        0.1,
        0.1,
        0.1,
        0.1,
        0.1,
        0.1,
        0.1,
        0.1,
        0.1,
        0.1
      ]
    },
    "div_ma_5": {
      "edges": [
        -0.07395384524582421,
        -0.039028775980154855,
        -0.024943540994336637,
        -0.015528236277969967,
        -0.008474309013918109,
        -0.002953548632948835,
        0.004185422663419967,
        0.014389321191921994,
        0.03248111089714785,
        0.04545117911235447,
        0.11298967588762182
      ],
      "ref_props": [
        0.1,
        0.1,
        0.1,
        0.1,
        0.1,
        0.1,
        0.1,
        0.1,
        0.1,
        0.1
      ]
    },
    "div_ma_10": {
      "edges": [
        -0.11135024920706837,
        -0.05872310115795912,
        -0.04299234199643276,
        -0.028911084230598603,
        -0.013894296838056723,
        -0.0014639612284957225,
        0.010293808724235482,
        0.02899308659262346,
        0.04855862105114968,
        0.07578756819997529,
        0.1813814286839411
      ],
      "ref_props": [
        0.1,
        0.1,
        0.1,
        0.1,
        0.1,
        0.1,
        0.1,
        0.1,
        0.1,
        0.1
      ]
    },
    "div_ma_20": {
      "edges": [
        -0.1498354126874467,
        -0.07905819495776419,
        -0.06640369453996103,
        -0.04787286674439354,
        -0.025251304024173304,
        0.010662762635352676,
        0.03311196956458341,
        0.05472156909192412,
        0.07726109329890396,
        0.10668397360746151,
        0.2385288906204609
      ],
      "ref_props": [
        0.1,
        0.1,
        0.1,
        0.1,
        0.1,
        0.1,
        0.1,
        0.1,
        0.1,
        0.1
      ]
    },
    "div_ma_60": {
      "edges": [
        -0.255642266498089,
        -0.17227824637651212,
        -0.08741021851709428,
        -0.020871321810619566,
        0.02537288214993389,
        0.07820496462846224,
        0.10441030065554746,
        0.1473310114138259,
        0.1977015293524831,
        0.2379415505117741,
        0.4267332827811787
      ],
      "ref_props": [
        0.1,
        0.1,
        0.1,
        0.1,
        0.1,
        0.1,
        0.1,
        0.1,
        0.1,
        0.1
      ]
    },
    "ma_5_20_cross": {
      "edges": [
        -0.0898126919582991,
        -0.0640247256703616,
        -0.053470431742276545,
        -0.03820120006123005,
        -0.022248125401783933,
        0.002778937165980211,
        0.027800175094233163,
        0.04476644590151203,
        0.05648227913703126,
        0.09054521782382756,
        0.14057647963391262
      ],
      "ref_props": [
        0.1,
        0.1,
        0.1,
        0.1,
        0.1,
        0.1,
        0.1,
        0.1,
        0.1,
        0.1
      ]
    },
    "ma_20_60_cross": {
      "edges": [
        -0.15542273658889794,
        -0.13197626935897938,
        -0.04337406359299546,
        -0.004687095726076395,
        0.020576579714240772,
        0.05071009973339258,
        0.06827155741077802,
        0.11237737898933721,
        0.15214241340542559,
        0.1748739737339695,
        0.20784572331997064
      ],
      "ref_props": [
        0.1,
        0.1,
        0.1,
        0.1,
        0.1,
        0.1,
        0.1,
        0.1,
        0.1,
        0.1
      ]
    },
    "rsi": {
      "edges": [
        17.17991586369341,
        29.65375413231114,
        35.07040869223067,
        38.8702876250222,
        44.51892222781711,
        51.44656422722192,
        56.68647702693919,
        61.69312643023173,
        65.48253934114304,
        70.28561487761345,
        90.01154734411085
      ],