{
  "feature_cols": [
    "return_1d",
    "return_2d",
    "return_3d",
    "return_5d",
    "return_10d",
    "return_20d",
    "div_ma_5",
    "div_ma_10",
    "div_ma_20",
    "div_ma_60",
    "ma_5_20_cross",
    "ma_20_60_cross",
    "rsi",
    "rsi_change",
    "macd",
    "macd_signal",
    "macd_hist",
    "macd_hist_change",
    "bb_pct_b",
    "bb_bandwidth",
    "atr_pct",
    "volatility",
    "vol_change",
    "vol_ratio",
    "candle_body_pct",
    "upper_shadow_pct",
    "lower_shadow_pct",
    "day_of_week",
    "month",
    "is_month_end",
    "is_month_start",
    "streak",
    "gap",
    "price_position_20d",
    "macro_usdjpy_ret_20",
    "macro_usdjpy_ret_60",
    "macro_usdjpy_vol_20",
    "macro_topix_ret_20",
    "macro_topix_vol_20",
    "macro_topix_above_200dma",
    "macro_nikkei_ret_20",
    "macro_nikkei_above_200dma",
    "macro_nikkei_vi",
    "macro_jgb10y",
    "macro_bias_score"
  ],
  "avg_up_ret": 0.043918908898166145,
  "avg_dn_ret": -0.0267986975286902,
  "n_bins": 10,
  "psi_ref_rows": 250,
  "psi": {
    "return_1d": {
      "edges": [
        -0.10103068072866728,
        -0.03279479596132246,
        -0.018600205327339168,
        -0.012319088319088366,
        -0.0049196615979396835,
        -0.0008492027573119842,
        0.005212282718251963,
        0.013581929693235401,
        0.0196841250757832,
        0.033978235967926616,
        0.1657507987220448
      ],
      "ref_props": [
        0.1,
        0.1,
        0.1,
        0.1,
        0.1,
        0.1,
        0.1,
        0.1,
        0.1,
        0.1
      ]
    },
    "return_2d": {
      "edges": [
        -0.16358695652173916,
        -0.040915082230155234,
        -0.028440802646722017,
        -0.017637589723641687,
        -0.007847351942299814,
        0.0002782646003680611,
        0.010089415126096504,
        0.017884140029155157,
        0.029664404333601676,
        0.05072846055604668,
        0.2582747603833866
      ],
      "ref_props": [
        0.1,
        0.1,
        0.1,
        0.1,
        0.1,
        0.1,
        0.1,
        0.1,
        0.1,
        0.1
      ]
    },
    "return_3d": {
      "edges": [
        -0.15364333652924256,
        -0.05013698548228938,
        -0.033620353128728284,
        -0.017139486325872075,
        -0.009237173535629407,
        -0.00039715267219492256,
        0.011059209947505875,
        0.025379011358073134,
        0.03745331423618807,
        0.06382032945976802,
        0.26555269922879177
      ],
      "ref_props": [
        0.1,
        0.1,
        0.1,
        0.1,
        0.1,
        0.1,
        0.1,
        0.1,
        0.1,
        0.1
      ]
    },
    "return_5d": {
      "edges": [
        -0.14525373968964073,
        -0.06611414391151894,
        -0.03952827588234644,
        -0.025257741452358054,
        -0.01332675374221277,
        0.0021281910038144503,
        0.016526237989652724,
        0.030360144763338683,
        0.05425670524181064,
        0.08595340782590383,
        0.3001452528720454
      ],
      "ref_props": [
        0.1,
        0.1,
        0.1,
        0.1,
        0.1,
        0.1,
        0.1,
        0.1,
        0.1,
        0.1
      ]
    },
    "return_10d": {
      "edges": [
        -0.2596270283361589,
        -0.08482975958584286,
        -0.047782811351454235,
        -0.031015912833538,
        -0.015410290539932923,
        0.007265272711931781,
        0.034294036577643724,
        0.055663511857860615,
        0.08000405603864744,
        0.10833123115190726,
        0.3507987220447284
      ],
      "ref_props": [
        0.1,
        0.1,
        0.1,
        0.1,
        0.1,
        0.1,
        0.1,
        0.1,
        0.1,
        0.1
      ]
    },
    "return_20d": {
      "edges": [
        -0.3470041653316245,
        -0.10355955917052992,
        -0.07088122460051118,
        -0.045146711722513264,
        -0.012953456881435269,
        0.014927757440658662,
        0.040768123727222536,
        0.08655452643758255,
        0.12117814264317192,
        0.17605993941007184,
        0.48500616185129397
      ],
      "ref_props": [
        0.1,
        0.1,
        0.1,
        0.1,
        0.1,
        0.1,
        0.1,
        0.1,
        0.1,
        0.1
      ]
    },
    "div_ma_5": {
      "edges": [
        -0.10875608061153577,
        -0.0332486776633578,
        -0.01975140365232841,
        -0.012874133371316095,
        -0.0047565195889222,
        0.0007411904794628645,
        0.006822409753193062,
        0.014178240167495514,
        0.022335361326628406,
        0.041246676055711216,
        0.16182474689070867
      ],
      "ref_props": [
        0.1,
        0.1,
        0.1,
        0.1,
        0.1,
        0.1,
        0.1,
        0.1,
        0.1,
        0.1
      ]
    },
    "div_ma_10": {
      "edges": [
        -0.16685839570166056,
        -0.04854097463599402,
        -0.029914738294065744,
        -0.019298993713997983,
        -0.011101525110927064,
        0.0020057225292012186,
        0.014378669390090151,
        0.0247353055646199,
        0.04377458826914983,
        0.06171922576986976,
        0.22609085475194268
      ],
      "ref_props": [
        0.1,
        0.1,
        0.1,
        0.1,
        0.1,
        0.1,
        0.1,
        0.1,
        0.1,
        0.1
      ]
    },
    "div_ma_20": {
      "edges": [
        -0.23172443917506474,
        -0.06021065034330192,
        -0.03858235195225608,
        -0.02315178929959084,
        -0.007903895717781207,
        0.008365877443019436,
        0.0234880220077736,
        0.03862293215401199,
        0.05854988888751526,
        0.09208505924882035,
        0.2665946279715961
      ],
      "ref_props": [
        0.1,
        0.1,
        0.1,
        0.1,
        0.1,
        0.1,
        0.1,
        0.1,
        0.1,
        0.1
      ]
    },
    "div_ma_60": {
      "edges": [
        -0.26164769944567606,
        -0.15713540502570925,
        -0.07414096680095425,
        -0.03933997404717707,
        -0.012525651724715701,
        0.006741215433259047,
        0.024136568133706238,
        0.05949068153945285,
        0.10517981977905029,
        0.15128690256057772,
        0.4388330931611428
      ],
      "ref_props": [
        0.1,
        0.1,
        0.1,
        0.1,
        0.1,
        0.1,
        0.1,
        0.1,
        0.1,
        0.1
      ]
    },
    "ma_5_20_cross": {
      "edges": [
        -0.16322902324586608,
        -0.04460393635069456,
        -0.029251546592749374,
        -0.018904313516756834,
        -0.004210526892563201,
        0.008720708406227629,
        0.017990871948212563,
        0.027548658463382527,
        0.04633814885209504,
        0.06720031589267574,
        0.18470428155641927
      ],
      "ref_props": [
        0.1,
        0.1,
        0.1,
        0.1,
        0.1,
        0.1,
        0.1,
        0.1,
        0.1,
        0.1
      ]
    },
    "ma_20_60_cross": {
      "edges": [
        -0.17249092712846525,
        -0.11314283299530756,
        -0.05588621113109033,
        -0.031044141766644703,
        -0.004976456930358768,
        0.007463008991887787,
        0.023305149592026963,
        0.04066172181273537,
        0.06165708705104855,
        0.09074628873593979,
        0.26280135161478957
      ],
      "ref_props": [
        0.1,
        0.1,
        0.1,
        0.1,
        0.1,
        0.1,
        0.1,
        0.1,
        0.1,
        0.1
      ]
    },
    "rsi": {
      "edges": [
        15.069967707212058,
        29.899124885112535,
        36.48227301424583,
        41.89880562503572,
        49.2208474759652,
        53.20776330391715,
        56.9104479637395,
        61.74916656724251,
        66.7168225376775,
        74.59931464592144,
        90.2492136462618
      ],