{
  "feature_cols": [
    "return_1d",
    "return_2d",
    "return_3d",
    "return_5d",
    "return_10d",
    "return_20d",
    "div_ma_5",
    "div_ma_10",
    "div_ma_20",
    "div_ma_60",
    "ma_5_20_cross",
    "ma_20_60_cross",
    "rsi",
    "rsi_change",
    "macd",
    "macd_signal",
    "macd_hist",
    "macd_hist_change",
    "bb_pct_b",
    "bb_bandwidth",
    "atr_pct",
    "volatility",
    "vol_change",
    "vol_ratio",
    "candle_body_pct",
    "upper_shadow_pct",
    "lower_shadow_pct",
    "day_of_week",
    "month",
    "is_month_end",
    "is_month_start",
    "streak",
    "gap",
    "price_position_20d",
    "macro_usdjpy_ret_20",
    "macro_usdjpy_ret_60",
    "macro_usdjpy_vol_20",
    "macro_topix_ret_20",
    "macro_topix_vol_20",
    "macro_topix_above_200dma",
    "macro_nikkei_ret_20",
    "macro_nikkei_above_200dma",
    "macro_nikkei_vi",
    "macro_jgb10y",
    "macro_bias_score"
  ],
  "avg_up_ret": 0.03127979710641511,
  "avg_dn_ret": -0.01825441841077678,
  "n_bins": 10,
  "psi_ref_rows": 250,
  "psi": {
    "return_1d": {
      "edges": [
        -0.058461538461538454,
        -0.02808233298409488,
        -0.015214850207158712,
        -0.007131883808021154,
        -0.002599598932575286,
        0.0034623440993251098,
        0.007570909862542189,
        0.012981894862642639,
        0.021383677896369857,
        0.03220149065452624,
        0.08575653031049768
      ],
      "ref_props": [
        0.1,
        0.1,
        0.1,
        0.1,
        0.1,
        0.1,
        0.1,
        0.1,
        0.1,
        0.1
      ]
    },
    "return_2d": {
      "edges": [
        -0.10132158590308371,
        -0.03328301168860511,
        -0.017493623842856975,
        -0.008711570572253394,
        -0.0010765373391308877,
        0.004256218077988816,
        0.013500014886273675,
        0.01982896247846813,
        0.027348185785729395,
        0.04910240648250123,
        0.10548780487804876
      ],
      "ref_props": [
        0.1,
        0.1,
        0.1,
        0.1,
        0.1,
        0.1,
        0.1,
        0.1,
        0.1,
        0.1
      ]
    },
    "return_3d": {
      "edges": [
        -0.1441756397706615,
        -0.0333905580096056,
        -0.016857569752076283,
        -0.008316519019531898,
        0.0004184974876439096,
        0.008891586680891517,
        0.013460107767462192,
        0.025041773295197925,
        0.03868390129259704,
        0.055620354937860765,
        0.11892720306513405
      ],
      "ref_props": [
        0.1,
        0.1,
        0.1,
        0.1,
        0.1,
        0.1,
        0.1,
        0.1,
        0.1,
        0.1
      ]
    },
    "return_5d": {
      "edges": [
        -0.10040931184446145,
        -0.03642260746599388,
        -0.018607461235491656,
        -0.007182872165322492,
        0.001955684209205312,
        0.009962842903315616,
        0.020407360339009098,
        0.03438884545731864,
        0.05060917346001813,
        0.0777619190272232,
        0.1522865853658537
      ],
      "ref_props": [
        0.1,
        0.1,
        0.1,
        0.1,
        0.1,
        0.1,
        0.1,
        0.1,
        0.1,
        0.1
      ]
    },
    "return_10d": {
      "edges": [
        -0.14193819046287237,
        -0.039820344810920144,
        -0.009632481285093863,
        0.003674058374272641,
        0.014250719637164315,
        0.023849921482459346,
        0.03953412565438208,
        0.055076790956042856,
        0.07398187679929424,
        0.0979283985863067,
        0.20280701754385966
      ],
      "ref_props": [
        0.1,
        0.1,
        0.1,
        0.1,
        0.1,
        0.1,
        0.1,
        0.1,
        0.1,
        0.1
      ]
    },
    "return_20d": {
      "edges": [
        -0.22003304944705737,
        -0.03134951153057444,
        0.0026005760064220073,
        0.02087211621817005,
        0.04332588873906365,
        0.06156129626812423,
        0.08054196280054451,
        0.09798689461813265,
        0.12065001981767752,
        0.15660400598482033,
        0.22047244094488194
      ],
      "ref_props": [
        0.1,
        0.1,
        0.1,
        0.1,
        0.1,
        0.1,
        0.1,
        0.1,
        0.1,
        0.1
      ]
    },
    "div_ma_5": {
      "edges": [
        -0.08830890239542369,
        -0.02308532503117172,
        -0.010195824212100593,
        -0.0037149285555968248,
        0.00017429910343605247,
        0.005158478244836085,
        0.010077314065689964,
        0.015541619120136099,
        0.022032129965583028,
        0.03618905194071628,
        0.06537813552976404
      ],
      "ref_props": [
        0.1,
        0.1,
        0.1,
        0.1,
        0.1,
        0.1,
        0.1,
        0.1,
        0.1,
        0.1
      ]
    },
    "div_ma_10": {
      "edges": [
        -0.10854745673833244,
        -0.026161586559259868,
        -0.01148864819745502,
        -0.0009159530939670565,
        0.003868595172942991,
        0.011425870919745399,
        0.0180382942850745,
        0.026738974163404695,
        0.03764250443744551,
        0.05086178552888021,
        0.1068507578126286
      ],
      "ref_props": [
        0.1,
        0.1,
        0.1,
        0.1,
        0.1,
        0.1,
        0.1,
        0.1,
        0.1,
        0.1
      ]
    },
    "div_ma_20": {
      "edges": [
        -0.14119124632515448,
        -0.02438626462451796,
        -0.0008544598085552782,
        0.006662738693056434,
        0.015819541579230333,
        0.02740395735954445,
        0.03772380945991006,
        0.04796550417652951,
        0.05969244981391419,
        0.07453045853494936,
        0.14352976533346684
      ],
      "ref_props": [
        0.1,
        0.1,
        0.1,
        0.1,
        0.1,
        0.1,
        0.1,
        0.1,
        0.1,
        0.1
      ]
    },
    "div_ma_60": {
      "edges": [
        -0.0964667873951351,
        -0.01456343343088949,
        0.025081183108623013,
        0.042802855198689704,
        0.06171121008086656,
        0.0807464468708454,
        0.10052185865502825,
        0.11624483833498457,
        0.13513804110505634,
        0.15840697298186784,
        0.2944244380976034
      ],
      "ref_props": [
        0.1,
        0.1,
        0.1,
        0.1,
        0.1,
        0.1,
        0.1,
        0.1,
        0.1,
        0.1
      ]
    },
    "ma_5_20_cross": {
      "edges": [
        -0.09260380099261589,
        -0.016919765804585773,
        -0.0012781789388768504,
        0.006598675716903338,
        0.012043415305182586,
        0.021821604905350567,
        0.029301016483865374,
        0.03742116015911159,
        0.045825778424944744,
        0.056350769507409026,
        0.11488144922026722
      ],
      "ref_props": [
        0.1,
        0.1,
        0.1,
        0.1,
        0.1,
        0.1,
        0.1,
        0.1,
        0.1,
        0.1
      ]
    },
    "ma_20_60_cross": {
      "edges": [
        -0.05819130008283013,
        -0.009159138258191594,
        0.016058100829295714,
        0.03603597615653423,
        0.04588495240234401,
        0.05737036716550481,
        0.06727113429037936,
        0.0788060463770692,
        0.09027001328944391,
        0.10708812550912843,
        0.14107724589521475
      ],
      "ref_props": [
        0.1,
        0.1,
        0.1,
        0.1,
        0.1,
        0.1,
        0.1,
        0.1,
        0.1,
        0.1
      ]
    },
    "rsi": {
      "edges": [
        25.21891418563922,
        44.71113923856819,
        48.92076502732241,
        52.75952088452089,
        56.09269299324827,
        57.7989013776685,
        62.252070103649956,
        65.13784204722441,
        68.43371405577739,
        74.8912907518706,
        88.7381275440977
      ],