{
  "feature_cols": [
    "return_1d",
    "return_2d",
    "return_3d",
    "return_5d",
    "return_10d",
    "return_20d",
    "div_ma_5",
    "div_ma_10",
    "div_ma_20",
    "div_ma_60",
    "ma_5_20_cross",
    "ma_20_60_cross",
    "rsi",
    "rsi_change",
    "macd",
    "macd_signal",
    "macd_hist",
    "macd_hist_change",
    "bb_pct_b",
    "bb_bandwidth",
    "atr_pct",
    "volatility",
    "vol_change",
    "vol_ratio",
    "candle_body_pct",
    "upper_shadow_pct",
    "lower_shadow_pct",
    "day_of_week",
    "month",
    "is_month_end",
    "is_month_start",
    "streak",
    "gap",
    "price_position_20d",
    "macro_usdjpy_ret_20",
    "macro_usdjpy_ret_60",
    "macro_usdjpy_vol_20",
    "macro_topix_ret_20",
    "macro_topix_vol_20",
    "macro_topix_above_200dma",
    "macro_nikkei_ret_20",
    "macro_nikkei_above_200dma",
    "macro_nikkei_vi",
    "macro_jgb10y",
    "macro_bias_score"
  ],
  "avg_up_ret": 0.03513956432165929,
  "avg_dn_ret": -0.020076184084082547,
  "n_bins": 10,
  "psi_ref_rows": 250,
  "psi": {
    "return_1d": {
      "edges": [
        -0.06262176454216528,
        -0.023949227878580226,
        -0.01595072548210885,
        -0.01220670467043614,
        -0.006842889818263858,
        -0.0029261618672744016,
        0.0012259934974839667,
        0.00785769883238172,
        0.014078612915578244,
        0.029839627822698642,
        0.08285163776493265
      ],
      "ref_props": [
        0.1,
        0.1,
        0.1,
        0.1,
        0.1,
        0.1,
        0.1,
        0.1,
        0.1,
        0.1
      ]
    },
    "return_2d": {
      "edges": [
        -0.07548723579467476,
        -0.03457957435910337,
        -0.024162945776751533,
        -0.017439521594170126,
        -0.010487114966467561,
        -0.004244511235581505,
        0.0035031395933379913,
        0.012389299693150302,
        0.021789009892759253,
        0.03752729556354454,
        0.11881824020552334
      ],
      "ref_props": [
        0.1,
        0.1,
        0.1,
        0.1,
        0.1,
        0.1,
        0.1,
        0.1,
        0.1,
        0.1
      ]
    },
    "return_3d": {
      "edges": [
        -0.07829787234042551,
        -0.040450861950575054,
        -0.030000568120119284,
        -0.019196211139088388,
        -0.011491929701639944,
        -0.003992720510323622,
        0.0021979552168957,
        0.012751030566102719,
        0.022609968622681022,
        0.04726814771884479,
        0.17533718689788058
      ],
      "ref_props": [
        0.1,
        0.1,
        0.1,
        0.1,
        0.1,
        0.1,
        0.1,
        0.1,
        0.1,
        0.1
      ]
    },
    "return_5d": {
      "edges": [
        -0.08370288248337032,
        -0.046692974701297754,
        -0.0357023288018715,
        -0.024500123770035284,
        -0.015797596004137965,
        -0.006485611994077267,
        0.006453377630686325,
        0.015645060627674744,
        0.032042804725134176,
        0.05752123127312596,
        0.17045091141669322
      ],
      "ref_props": [
        0.1,
        0.1,
        0.1,
        0.1,
        0.1,
        0.1,
        0.1,
        0.1,
        0.1,
        0.1
      ]
    },
    "return_10d": {
      "edges": [
        -0.12090163934426235,
        -0.07601499061945098,
        -0.04591454899265577,
        -0.030443155801316298,
        -0.01825630925219656,
        -0.00422299177522617,
        0.010959611831704786,
        0.022583617477928104,
        0.03779848425347784,
        0.06742885612608025,
        0.19498875682621275
      ],
      "ref_props": [
        0.1,
        0.1,
        0.1,
        0.1,
        0.1,
        0.1,
        0.1,
        0.1,
        0.1,
        0.1
      ]
    },
    "return_20d": {
      "edges": [
        -0.18632936025297986,
        -0.09023617393303068,
        -0.06937002757613404,
        -0.044459114563649,
        -0.019063091579839785,
        0.0014099286893994867,
        0.02200042074976112,
        0.03877311184254131,
        0.060112976742373994,
        0.09979846757354287,
        0.21242937853107335
      ],
      "ref_props": [
        0.1,
        0.1,
        0.1,
        0.1,
        0.1,
        0.1,
        0.1,
        0.1,
        0.1,
        0.1
      ]
    },
    "div_ma_5": {
      "edges": [
        -0.04404625297908031,
        -0.02502600805545902,
        -0.017665517754765103,
        -0.012994575774668182,
        -0.008625083318706532,
        -0.0047854020561960385,
        0.0006429841171336218,
        0.007964760857700837,
        0.013256327474079876,
        0.03160173705557242,
        0.09188544152744631
      ],
      "ref_props": [
        0.1,
        0.1,
        0.1,
        0.1,
        0.1,
        0.1,
        0.1,
        0.1,
        0.1,
        0.1
      ]
    },
    "div_ma_10": {
      "edges": [
        -0.07141688035353816,
        -0.03493410600240431,
        -0.027500231785545896,
        -0.017016115515268358,
        -0.011647332741303524,
        -0.0042866610499953176,
        0.0007032891645318804,
        0.007755098581750189,
        0.020917361636793693,
        0.046245837323341345,
        0.12166717744406988
      ],
      "ref_props": [
        0.1,
        0.1,
        0.1,
        0.1,
        0.1,
        0.1,
        0.1,
        0.1,
        0.1,
        0.1
      ]
    },
    "div_ma_20": {
      "edges": [
        -0.10902880475324238,
        -0.05112371192396226,
        -0.035243068962471154,
        -0.022925809390233445,
        -0.010981442274791677,
        -0.0026228952723622925,
        0.003924932251076154,
        0.017259137536339494,
        0.031288478770936524,
        0.05731023169549297,
        0.1375563212297906
      ],
      "ref_props": [
        0.1,
        0.1,
        0.1,
        0.1,
        0.1,
        0.1,
        0.1,
        0.1,
        0.1,
        0.1
      ]
    },
    "div_ma_60": {
      "edges": [
        -0.18005327406729527,
        -0.10978761906710376,
        -0.08074813784881157,
        -0.052461601576945495,
        -0.019493367286349112,
        0.00417892843431305,
        0.027579611021642542,
        0.0526648459312381,
        0.06786806420383498,
        0.09340779094999999,
        0.150734816058911
      ],
      "ref_props": [
        0.1,
        0.1,
        0.1,
        0.1,
        0.1,
        0.1,
        0.1,
        0.1,
        0.1,
        0.1
      ]
    },
    "ma_5_20_cross": {
      "edges": [
        -0.07868604017388303,
        -0.041704808547538386,
        -0.027465034574058352,
        -0.014906141782292088,
        -0.007515232966062616,
        -0.0012786899875728563,
        0.006407507735977048,
        0.011992466753950737,
        0.02034037018775191,
        0.03922059461952303,
        0.08822262540299963
      ],
      "ref_props": [
        0.1,
        0.1,
        0.1,
        0.1,
        0.1,
        0.1,
        0.1,
        0.1,
        0.1,
        0.1
      ]
    },
    "ma_20_60_cross": {
      "edges": [
        -0.11066150816098164,
        -0.07591163960844691,
        -0.05643727044322899,
        -0.027955490898941487,
        -0.014037546404424003,
        0.0031340358639631027,
        0.02268515905251399,
        0.03122989572300117,
        0.041706744155864416,
        0.06333146961305373,
        0.0781709436707454
      ],
      "ref_props": [
        0.1,
        0.1,
        0.1,
        0.1,
        0.1,
        0.1,
        0.1,
        0.1,
        0.1,
        0.1
      ]
    },
    "rsi": {
      "edges": [
        9.090909090909093,
        30.098736346112656,
        36.59423064419417,
        41.46534895070768,
        45.16410202637167,
        49.237767745748656,
        52.586421405735706,
        56.250170919134746,
        59.848599574747986,
        63.94718989468051,
        78.06513409961686
      ],