{
  "feature_cols": [
    "return_1d",
    "return_2d",
    "return_3d",
    "return_5d",
    "return_10d",
    "return_20d",
    "div_ma_5",
    "div_ma_10",
    "div_ma_20",
    "div_ma_60",
    "ma_5_20_cross",
    "ma_20_60_cross",
    "rsi",
    "rsi_change",
    "macd",
    "macd_signal",
    "macd_hist",
    "macd_hist_change",
    "bb_pct_b",
    "bb_bandwidth",
    "atr_pct",
    "volatility",
    "vol_change",
    "vol_ratio",
    "candle_body_pct",
    "upper_shadow_pct",
    "lower_shadow_pct",
    "day_of_week",
    "month",
    "is_month_end",
    "is_month_start",
    "streak",
    "gap",
    "price_position_20d",
    "macro_usdjpy_ret_20",
    "macro_usdjpy_ret_60",
    "macro_usdjpy_vol_20",
    "macro_topix_ret_20",
    "macro_topix_vol_20",
    "macro_topix_above_200dma",
    "macro_nikkei_ret_20",
    "macro_nikkei_above_200dma",
    "macro_nikkei_vi",
    "macro_jgb10y",
    "macro_bias_score"
  ],
  "avg_up_ret": 0.035622860465830526,
  "avg_dn_ret": -0.020119322959802642,
  "n_bins": 10,
  "psi_ref_rows": 250,
  "psi": {
    "return_1d": {
      "edges": [
        -0.0681091251175917,
        -0.020260764832566912,
        -0.011947123435374674,
        -0.006821110359575765,
        -0.0026455683578056268,
        0.0021457748650599573,
        0.0061784315133567224,
        0.009250631139550564,
        0.015563640890332667,
        0.02449842923164693,
        0.07834623371719851
      ],
      "ref_props": [
        0.1,
        0.1,
        0.1,
        0.1,
        0.1,
        0.1,
        0.1,
        0.1,
        0.1,
        0.1
      ]
    },
    "return_2d": {
      "edges": [
        -0.07723012842762933,
        -0.02712615948212328,
        -0.015590918276153352,
        -0.008217981074176664,
        -0.0020445794341523472,
        0.0038554342060242996,
        0.007959167470084441,
        0.01379692636963591,
        0.020668418265804706,
        0.037111534195767425,
        0.11652703731911651
      ],
      "ref_props": [
        0.1,
        0.1,
        0.1,
        0.1,
        0.1,
        0.1,
        0.1,
        0.1,
        0.1,
        0.1
      ]
    },
    "return_3d": {
      "edges": [
        -0.07061036074542659,
        -0.03692869589845054,
        -0.018072010997715472,
        -0.009438205972535637,
        -0.002270891678736197,
        0.0044725007862850275,
        0.01157653492642643,
        0.01888554942649052,
        0.029009512393915672,
        0.0428884657640977,
        0.13557758819460464
      ],
      "ref_props": [
        0.1,
        0.1,
        0.1,
        0.1,
        0.1,
        0.1,
        0.1,
        0.1,
        0.1,
        0.1
      ]
    },
    "return_5d": {
      "edges": [
        -0.08222958057395147,
        -0.043050813480179424,
        -0.024615636631031144,
        -0.010572467438894216,
        -0.0024524808387040376,
        0.004945684852611931,
        0.018517608789457976,
        0.02979615962027702,
        0.04342227651973265,
        0.06681110304644337,
        0.22047992397243998
      ],
      "ref_props": [
        0.1,
        0.1,
        0.1,
        0.1,
        0.1,
        0.1,
        0.1,
        0.1,
        0.1,
        0.1
      ]
    },
    "return_10d": {
      "edges": [
        -0.14348860931655905,
        -0.05521436352318707,
        -0.016702459311533066,
        -0.003483345254662423,
        0.00788334661053205,
        0.019192975185854944,
        0.03166062158286237,
        0.04352776275738038,
        0.05992054916226946,
        0.09138756051588523,
        0.281686626746507
      ],
      "ref_props": [
        0.1,
        0.1,
        0.1,
        0.1,
        0.1,
        0.1,
        0.1,
        0.1,
        0.1,
        0.1
      ]
    },
    "return_20d": {
      "edges": [
        -0.15260831122900087,
        -0.026573216192629676,
        -0.004186414217792642,
        0.011187801259194207,
        0.026671883654519994,
        0.0415699323528782,
        0.06679324954368553,
        0.08733543380325062,
        0.10633709013038554,
        0.14810828518393918,
        0.31994884910485943
      ],
      "ref_props": [
        0.1,
        0.1,
        0.1,
        0.1,
        0.1,
        0.1,
        0.1,
        0.1,
        0.1,
        0.1
      ]
    },
    "div_ma_5": {
      "edges": [
        -0.049143388533209376,
        -0.021851802584794647,
        -0.012272166240198692,
        -0.005615203033523463,
        -0.0013574153514140637,
        0.0025622973534234527,
        0.007217999387768935,
        0.012412224177499662,
        0.016488064738089447,
        0.026546354493438767,
        0.08318890814558054
      ],
      "ref_props": [
        0.1,
        0.1,
        0.1,
        0.1,
        0.1,
        0.1,
        0.1,
        0.1,
        0.1,
        0.1
      ]
    },
    "div_ma_10": {
      "edges": [
        -0.06424083278627028,
        -0.029360153465211803,
        -0.015885650229782562,
        -0.005044454139117994,
        0.0021636812443850636,
        0.006168669470277043,
        0.01304737449335573,
        0.018983372635202965,
        0.02981295213615817,
        0.04849546133158204,
        0.16014363468009676
      ],
      "ref_props": [
        0.1,
        0.1,
        0.1,
        0.1,
        0.1,
        0.1,
        0.1,
        0.1,
        0.1,
        0.1
      ]
    },
    "div_ma_20": {
      "edges": [
        -0.10237739488964125,
        -0.02777348349021384,
        -0.009100236514210073,
        0.00230785062350116,
        0.011341738677509912,
        0.020057282350164213,
        0.030180345509160704,
        0.03712190632253156,
        0.05112674385693927,
        0.08640113034190902,
        0.21138518134226278
      ],
      "ref_props": [
        0.1,
        0.1,
        0.1,
        0.1,
        0.1,
        0.1,
        0.1,
        0.1,
        0.1,
        0.1
      ]
    },
    "div_ma_60": {
      "edges": [
        -0.07595759179727743,
        -0.010588625224956532,
        0.023580632707443948,
        0.0356168730410998,
        0.049595259391153425,
        0.06693283851174828,
        0.0879559587375262,
        0.1023659733785581,
        0.12583082682218194,
        0.20693184005846688,
        0.3278133427535045
      ],
      "ref_props": [
        0.1,
        0.1,
        0.1,
        0.1,
        0.1,
        0.1,
        0.1,
        0.1,
        0.1,
        0.1
      ]
    },
    "ma_5_20_cross": {
      "edges": [
        -0.07538876653032411,
        -0.023453711952811217,
        -0.007175946320973403,
        0.0022249934139587347,
        0.008159541087548353,
        0.016360923836408414,
        0.024357007064194233,
        0.03182432614939772,
        0.03950007291371582,
        0.06676369893876294,
        0.15185223569512085
      ],
      "ref_props": [
        0.1,
        0.1,
        0.1,
        0.1,
        0.1,
        0.1,
        0.1,
        0.1,
        0.1,
        0.1
      ]
    },
    "ma_20_60_cross": {
      "edges": [
        -0.02061944944241867,
        0.006261034628234331,
        0.014862903663174975,
        0.020311801412768365,
        0.03431973852936939,
        0.047362348553375844,
        0.05938954994045331,
        0.07170719573199834,
        0.08861035162373283,
        0.13144117430421998,
        0.18782736389122312
      ],
      "ref_props": [
        0.1,
        0.1,
        0.1,
        0.1,
        0.1,
        0.1,
        0.1,
        0.1,
        0.1,
        0.1
      ]
    },
    "rsi": {
      "edges": [
        7.885304659498203,
        37.08842645614692,
        45.11873350923483,
        51.05141250473729,
        54.13607303386471,
        57.21284074429123,
        61.72387721155301,
        65.88829974791774,
        71.84166666666667,
        76.91432868085906,
        85.67691301504252
      ],