{
  "feature_cols": [
    "return_1d",
    "return_2d",
    "return_3d",
    "return_5d",
    "return_10d",
    "return_20d",
    "div_ma_5",
    "div_ma_10",
    "div_ma_20",
    "div_ma_60",
    "ma_5_20_cross",
    "ma_20_60_cross",
    "rsi",
    "rsi_change",
    "macd",
    "macd_signal",
    "macd_hist",
    "macd_hist_change",
    "bb_pct_b",
    "bb_bandwidth",
    "atr_pct",
    "volatility",
    "vol_change",
    "vol_ratio",
    "candle_body_pct",
    "upper_shadow_pct",
    "lower_shadow_pct",
    "day_of_week",
    "month",
    "is_month_end",
    "is_month_start",
    "streak",
    "gap",
    "price_position_20d",
    "macro_usdjpy_ret_20",
    "macro_usdjpy_ret_60",
    "macro_usdjpy_vol_20",
    "macro_topix_ret_20",
    "macro_topix_vol_20",
    "macro_topix_above_200dma",
    "macro_nikkei_ret_20",
    "macro_nikkei_above_200dma",
    "macro_nikkei_vi",
    "macro_jgb10y",
    "macro_bias_score"
  ],
  "avg_up_ret": 0.034325182385384304,
  "avg_dn_ret": -0.02131163738435168,
  "n_bins": 10,
  "psi_ref_rows": 250,
  "psi": {
    "return_1d": {
      "edges": [
        -0.10137216465975918,
        -0.025601268740664283,
        -0.014644811774887696,
        -0.0070130885529833846,
        -0.0028728624485342847,
        0.0009584895146238503,
        0.006684346673043091,
        0.013043958967297199,
        0.021111796045207187,
        0.033026317542673995,
        0.07914110429447851
      ],
      "ref_props": [
        0.1,
        0.1,
        0.1,
        0.1,
        0.1,
        0.1,
        0.1,
        0.1,
        0.1,
        0.1
      ]
    },
    "return_2d": {
      "edges": [
        -0.1769812377485298,
        -0.035027914047079785,
        -0.019360154422627528,
        -0.009041103033192284,
        -0.001804313725490212,
        0.003068843269944721,
        0.0099855771733599,
        0.018131945237918237,
        0.03405157879399698,
        0.05458525090010093,
        0.12145361810647115
      ],
      "ref_props": [
        0.1,
        0.1,
        0.1,
        0.1,
        0.1,
        0.1,
        0.1,
        0.1,
        0.1,
        0.1
      ]
    },
    "return_3d": {
      "edges": [
        -0.20845677349851877,
        -0.0456063056849233,
        -0.018613535432573713,
        -0.010138813357206422,
        -0.0017271063853134113,
        0.008082727349520313,
        0.015346792424475276,
        0.02873404759175671,
        0.03956413787347683,
        0.06748006188325996,
        0.1153724247226624
      ],
      "ref_props": [
        0.1,
        0.1,
        0.1,
        0.1,
        0.1,
        0.1,
        0.1,
        0.1,
        0.1,
        0.1
      ]
    },
    "return_5d": {
      "edges": [
        -0.23522822738728644,
        -0.04939375048208935,
        -0.02338520577039557,
        -0.008615065635201634,
        0.0017230849536734381,
        0.010740955443872546,
        0.023413746336157715,
        0.04007267225556825,
        0.05334290448403269,
        0.0846223611238779,
        0.1768621236133121
      ],
      "ref_props": [
        0.1,
        0.1,
        0.1,
        0.1,
        0.1,
        0.1,
        0.1,
        0.1,
        0.1,
        0.1
      ]
    },
    "return_10d": {
      "edges": [
        -0.22306128376415912,
        -0.07009603603366849,
        -0.014337834887933118,
        0.005708963830463189,
        0.017981998367727625,
        0.029274731224762096,
        0.04402498943404931,
        0.059796364237710654,
        0.08082809296685282,
        0.11093539019912324,
        0.22808174027686223
      ],
      "ref_props": [
        0.1,
        0.1,
        0.1,
        0.1,
        0.1,
        0.1,
        0.1,
        0.1,
        0.1,
        0.1
      ]
    },
    "return_20d": {
      "edges": [
        -0.24360432063672544,
        -0.08591816976549833,
        -0.005452910834199711,
        0.029022241494565438,
        0.04515996088066384,
        0.060979175681862396,
        0.08078814581069618,
        0.11212373045418778,
        0.136925504921489,
        0.17061814235762224,
        0.3408042188529994
      ],
      "ref_props": [
        0.1,
        0.1,
        0.1,
        0.1,
        0.1,
        0.1,
        0.1,
        0.1,
        0.1,
        0.1
      ]
    },
    "div_ma_5": {
      "edges": [
        -0.13416214942257837,
        -0.027722331924297114,
        -0.012054102362253911,
        -0.0057977267793162795,
        5.58098294144327e-06,
        0.005755827684561631,
        0.009554993354808219,
        0.016272596187662663,
        0.02318098584430805,
        0.03777605901997664,
        0.07894252591547568
      ],
      "ref_props": [
        0.1,
        0.1,
        0.1,
        0.1,
        0.1,
        0.1,
        0.1,
        0.1,
        0.1,
        0.1
      ]
    },
    "div_ma_10": {
      "edges": [
        -0.15545659770541484,
        -0.03645069232993976,
        -0.016045921451828035,
        -0.002239925345769548,
        0.004632899750572974,
        0.01179871439956733,
        0.018133551860264926,
        0.026957341721928693,
        0.04110061043628703,
        0.05430806194842792,
        0.12812566463099687
      ],
      "ref_props": [
        0.1,
        0.1,
        0.1,
        0.1,
        0.1,
        0.1,
        0.1,
        0.1,
        0.1,
        0.1
      ]
    },
    "div_ma_20": {
      "edges": [
        -0.16281981065644316,
        -0.06321954183201983,
        -0.01654875464297361,
        0.005669323098723167,
        0.018683171407108033,
        0.027107163854705577,
        0.04063972974565581,
        0.05229852382393317,
        0.0671171911627004,
        0.09128985116788636,
        0.1433389544688027
      ],
      "ref_props": [
        0.1,
        0.1,
        0.1,
        0.1,
        0.1,
        0.1,
        0.1,
        0.1,
        0.1,
        0.1
      ]
    },
    "div_ma_60": {
      "edges": [
        -0.2046974877359893,
        -0.067281819851615,
        0.022512642558286316,
        0.07152314998313775,
        0.08855935406902164,
        0.10400723462077971,
        0.11817553495477533,
        0.1418954854227785,
        0.18527859267857288,
        0.21594350874154788,
        0.3074126194736474
      ],
      "ref_props": [
        0.1,
        0.1,
        0.1,
        0.1,
        0.1,
        0.1,
        0.1,
        0.1,
        0.1,
        0.1
      ]
    },
    "ma_5_20_cross": {
      "edges": [
        -0.1322118770049292,
        -0.046663563027105254,
        -0.0070936854841762735,
        0.008922586712288984,
        0.01536388626785548,
        0.020321963952330213,
        0.030788996453952975,
        0.04162922488059808,
        0.05274613167644696,
        0.07193282272682497,
        0.10513565891472876
      ],
      "ref_props": [
        0.1,
        0.1,
        0.1,
        0.1,
        0.1,
        0.1,
        0.1,
        0.1,
        0.1,
        0.1
      ]
    },
    "ma_20_60_cross": {
      "edges": [
        -0.0829633900259441,
        -0.044549461251008046,
        0.04402763462603115,
        0.05249189677901969,
        0.06181269909538445,
        0.07668704049277886,
        0.089325711567701,
        0.0989658591098773,
        0.11800801787654149,
        0.13918406781818568,
        0.1468954191271532
      ],
      "ref_props": [
        0.1,
        0.1,
        0.1,
        0.1,
        0.1,
        0.1,
        0.1,
        0.1,
        0.1,
        0.1
      ]
    },
    "rsi": {
      "edges": [
        20.614525139664806,
        40.32525651144436,
        48.26048559731073,
        52.79054677144273,
        56.89100463008368,
        60.35839789480566,
        63.4739411905312,
        67.88344760635923,
        72.04114306534053,
        76.56266025641025,
        84.37314319667261
      ],
      "ref_props": [
        0.1,
        0.1,
        0.1,
        0.1,
        0.1,
        0.1,
        0.1,
        0.1,
        0.1,
        0.1
      ]
    },