{
  "feature_cols": [
    "return_1d",
    "return_2d",
    "return_3d",
    "return_5d",
    "return_10d",
    "return_20d",
    "div_ma_5",
    "div_ma_10",
    "div_ma_20",
    "div_ma_60",
    "ma_5_20_cross",
    "ma_20_60_cross",
    "rsi",
    "rsi_change",
    "macd",
    "macd_signal",
    "macd_hist",
    "macd_hist_change",
    "bb_pct_b",
    "bb_bandwidth",
    "atr_pct",
    "volatility",
    "vol_change",
    "vol_ratio",
    "candle_body_pct",
    "upper_shadow_pct",
    "lower_shadow_pct",
    "day_of_week",
    "month",
    "is_month_end",
    "is_month_start",
    "streak",
    "gap",
    "price_position_20d",
    "macro_usdjpy_ret_20",
    "macro_usdjpy_ret_60",
    "macro_usdjpy_vol_20",
    "macro_topix_ret_20",
    "macro_topix_vol_20",
    "macro_topix_above_200dma",
    "macro_nikkei_ret_20",
    "macro_nikkei_above_200dma",
    "macro_nikkei_vi",
    "macro_jgb10y",
    "macro_bias_score"
  ],
  "avg_up_ret": 0.030187928215735634,
  "avg_dn_ret": -0.017066347811252613,
  "n_bins": 10,
  "psi_ref_rows": 250,
  "psi": {
    "return_1d": {
      "edges": [
        -0.05065666041275796,
        -0.01849001651024702,
        -0.011161490572085063,
        -0.007217483121949597,
        -0.003174613298442572,
        0.0011154515079739857,
        0.004837797795100279,
        0.007301099525020161,
        0.013622839937716869,
        0.022076481922877297,
        0.05331939362258242
      ],
      "ref_props": [
        0.1,
        0.1,
        0.1,
        0.1,
        0.1,
        0.1,
        0.1,
        0.1,
        0.1,
        0.1
      ]
    },
    "return_2d": {
      "edges": [
        -0.08090994371482174,
        -0.027803278267161835,
        -0.0166284750010115,
        -0.008858380362120563,
        -0.003309836448015124,
        0.0020080923023264585,
        0.006744160883629191,
        0.011253799655457124,
        0.01827004444862662,
        0.03062600061048918,
        0.08004836759371226
      ],
      "ref_props": [
        0.1,
        0.1,
        0.1,
        0.1,
        0.1,
        0.1,
        0.1,
        0.1,
        0.1,
        0.1
      ]
    },
    "return_3d": {
      "edges": [
        -0.08964757709251103,
        -0.03032581092220471,
        -0.017930721140280735,
        -0.010725543546542813,
        -0.0039916479909389395,
        0.0035717469007340297,
        0.009706141263468259,
        0.01676513288699162,
        0.024843773223870616,
        0.03543544783934091,
        0.08030962747943882
      ],
      "ref_props": [
        0.1,
        0.1,
        0.1,
        0.1,
        0.1,
        0.1,
        0.1,
        0.1,
        0.1,
        0.1
      ]
    },
    "return_5d": {
      "edges": [
        -0.09011432414256892,
        -0.03387492007035222,
        -0.021035998975016623,
        -0.010656777684485504,
        -0.003961376439852103,
        0.003998927856550871,
        0.01297055899869612,
        0.022094263579513673,
        0.03032254714690655,
        0.046647397465481875,
        0.09441849028768123
      ],
      "ref_props": [
        0.1,
        0.1,
        0.1,
        0.1,
        0.1,
        0.1,
        0.1,
        0.1,
        0.1,
        0.1
      ]
    },
    "return_10d": {
      "edges": [
        -0.08899349921542254,
        -0.04404115118622593,
        -0.026560615189211018,
        -0.008969494172327078,
        0.0014005080843789053,
        0.007332736893192027,
        0.01752456874217461,
        0.03163259975752424,
        0.045504077543080494,
        0.06481560364086537,
        0.13580874872838256
      ],
      "ref_props": [
        0.1,
        0.1,
        0.1,
        0.1,
        0.1,
        0.1,
        0.1,
        0.1,
        0.1,
        0.1
      ]
    },
    "return_20d": {
      "edges": [
        -0.13564181737979708,
        -0.03711069021766822,
        -0.016546975967016566,
        -0.0021734229236598283,
        0.006915937530655569,
        0.02160976299822548,
        0.03619861760368449,
        0.04945975860219696,
        0.06581632214295745,
        0.09289563041776129,
        0.15462868769074256
      ],
      "ref_props": [
        0.1,
        0.1,
        0.1,
        0.1,
        0.1,
        0.1,
        0.1,
        0.1,
        0.1,
        0.1
      ]
    },
    "div_ma_5": {
      "edges": [
        -0.0558753654970761,
        -0.018914003925793902,
        -0.012077299791470214,
        -0.006538075317200026,
        -0.0023827124293611924,
        0.0020898669590110118,
        0.005758769964613359,
        0.009773475926181125,
        0.01464654582417388,
        0.023102705476028513,
        0.05919741959965857
      ],
      "ref_props": [
        0.1,
        0.1,
        0.1,
        0.1,
        0.1,
        0.1,
        0.1,
        0.1,
        0.1,
        0.1
      ]
    },
    "div_ma_10": {
      "edges": [
        -0.060873912154331994,
        -0.02619679253138743,
        -0.017800412799365655,
        -0.008139497628307943,
        -0.0013608715107876156,
        0.004805126496670675,
        0.010546391067535358,
        0.01674501735316431,
        0.023369196268518425,
        0.032417339940419204,
        0.08762359359018075
      ],
      "ref_props": [
        0.1,
        0.1,
        0.1,
        0.1,
        0.1,
        0.1,
        0.1,
        0.1,
        0.1,
        0.1
      ]
    },
    "div_ma_20": {
      "edges": [
        -0.07263455554372386,
        -0.030371606920895935,
        -0.018182916979694194,
        -0.007910356560998094,
        0.00047312321612411377,
        0.009342608961806644,
        0.01618656049768855,
        0.025892252536675646,
        0.03798447438727906,
        0.0512763830669722,
        0.09350029232909077
      ],
      "ref_props": [
        0.1,
        0.1,
        0.1,
        0.1,
        0.1,
        0.1,
        0.1,
        0.1,
        0.1,
        0.1
      ]
    },
    "div_ma_60": {
      "edges": [
        -0.07417406690535722,
        -0.039960894314853966,
        -0.0011748880703014149,
        0.02467995627645416,
        0.03617500678100319,
        0.04286955058255226,
        0.05161689255300553,
        0.06513262758066744,
        0.08178106487985885,
        0.09927728669677485,
        0.1442444570815759
      ],
      "ref_props": [
        0.1,
        0.1,
        0.1,
        0.1,
        0.1,
        0.1,
        0.1,
        0.1,
        0.1,
        0.1
      ]
    },
    "ma_5_20_cross": {
      "edges": [
        -0.04400097409671755,
        -0.024268949001171186,
        -0.012160102713169583,
        -0.006153423900151963,
        0.00020940298734086914,
        0.007584003336707168,
        0.012684350328274797,
        0.0214553042457881,
        0.02876489290869442,
        0.03755228322079158,
        0.06367050114414163
      ],
      "ref_props": [
        0.1,
        0.1,
        0.1,
        0.1,
        0.1,
        0.1,
        0.1,
        0.1,
        0.1,
        0.1
      ]
    },
    "ma_20_60_cross": {
      "edges": [
        -0.03929482419037156,
        -0.022192403492564506,
        0.010152002763488488,
        0.019145029544096092,
        0.03038447973897416,
        0.040121993836943703,
        0.04480923695235029,
        0.04860536478193298,
        0.051500079603334734,
        0.05831462495977602,
        0.0634548176749481
      ],
      "ref_props": [
        0.1,
        0.1,
        0.1,
        0.1,
        0.1,
        0.1,
        0.1,
        0.1,
        0.1,
        0.1
      ]
    },
    "rsi": {
      "edges": [
        13.416815742397134,
        37.50461209576614,
        40.80164442412877,
        47.02024517884221,
        50.04153098206961,
        54.8935059156683,
        57.33145661363468,
        61.94743514898476,
        65.2125440163891,
        69.1174971545131,
        80.33473578027338
      ],