{
  "feature_cols": [
    "return_1d",
    "return_2d",
    "return_3d",
    "return_5d",
    "return_10d",
    "return_20d",
    "div_ma_5",
    "div_ma_10",
    "div_ma_20",
    "div_ma_60",
    "ma_5_20_cross",
    "ma_20_60_cross",
    "rsi",
    "rsi_change",
    "macd",
    "macd_signal",
    "macd_hist",
    "macd_hist_change",
    "bb_pct_b",
    "bb_bandwidth",
    "atr_pct",
    "volatility",
    "vol_change",
    "vol_ratio",
    "candle_body_pct",
    "upper_shadow_pct",
    "lower_shadow_pct",
    "day_of_week",
    "month",
    "is_month_end",
    "is_month_start",
    "streak",
    "gap",
    "price_position_20d",
    "macro_usdjpy_ret_20",
    "macro_usdjpy_ret_60",
    "macro_usdjpy_vol_20",
    "macro_topix_ret_20",
    "macro_topix_vol_20",
    "macro_topix_above_200dma",
    "macro_nikkei_ret_20",
    "macro_nikkei_above_200dma",
    "macro_nikkei_vi",
    "macro_jgb10y",
    "macro_bias_score"
  ],
  "avg_up_ret": 0.044222191140013085,
  "avg_dn_ret": -0.027820330891954424,
  "n_bins": 10,
  "psi_ref_rows": 250,
  "psi": {
    "return_1d": {
      "edges": [
        -0.10103068072866728,
        -0.033475634981644464,
        -0.018891113188486817,
        -0.01235389313285118,
        -0.0049196615979396835,
        -0.000960076728970749,
        0.005147043207008696,
        0.01336749591639075,
        0.019515868530449645,
        0.03377257554704725,
        0.1657507987220448
      ],
      "ref_props": [
        0.1,
        0.1,
        0.1,
        0.1,
        0.1,
        0.1,
        0.1,
        0.1,
        0.1,
        0.1
      ]
    },
    "return_2d": {
      "edges": [
        -0.16358695652173916,
        -0.04115079245371867,
        -0.028440802646722017,
        -0.017637589723641687,
        -0.008070661074248251,
        0.0001302332838585274,
        0.009354714731595715,
        0.01739280763923259,
        0.02890023331386984,
        0.048565399950213715,
        0.2582747603833866
      ],
      "ref_props": [
        0.1,
        0.1,
        0.1,
        0.1,
        0.1,
        0.1,
        0.1,
        0.1,
        0.1,
        0.1
      ]
    },
    "return_3d": {
      "edges": [
        -0.15364333652924256,
        -0.05013698548228938,
        -0.03251429784682686,
        -0.01647909064199647,
        -0.008886419396738376,
        -0.0004966979103313562,
        0.010461244844737566,
        0.023439428128708376,
        0.03672578448955175,
        0.06332203776309694,
        0.26555269922879177
      ],
      "ref_props": [
        0.1,
        0.1,
        0.1,
        0.1,
        0.1,
        0.1,
        0.1,
        0.1,
        0.1,
        0.1
      ]
    },
    "return_5d": {
      "edges": [
        -0.14525373968964073,
        -0.06611414391151894,
        -0.03998125098189879,
        -0.02674130515205881,
        -0.013628512250040248,
        0.001811428833073725,
        0.014802496937732064,
        0.029778443962353594,
        0.05514614826316387,
        0.08595340782590383,
        0.3001452528720454
      ],
      "ref_props": [
        0.1,
        0.1,
        0.1,
        0.1,
        0.1,
        0.1,
        0.1,
        0.1,
        0.1,
        0.1
      ]
    },
    "return_10d": {
      "edges": [
        -0.2596270283361589,
        -0.08482975958584286,
        -0.0483182128192321,
        -0.033557241050381215,
        -0.018807058548383063,
        0.0014898246916348334,
        0.030029675987988502,
        0.052354299431728826,
        0.07440268460682235,
        0.10579291905802134,
        0.3507987220447284
      ],
      "ref_props": [
        0.1,
        0.1,
        0.1,
        0.1,
        0.1,
        0.1,
        0.1,
        0.1,
        0.1,
        0.1
      ]
    },
    "return_20d": {
      "edges": [
        -0.3470041653316245,
        -0.10355955917052992,
        -0.0715285954048311,
        -0.047365651397830506,
        -0.020081278011632703,
        0.003876731024907931,
        0.031944607065799956,
        0.07031211078102094,
        0.11230372816039288,
        0.1586580821125689,
        0.48500616185129397
      ],
      "ref_props": [
        0.1,
        0.1,
        0.1,
        0.1,
        0.1,
        0.1,
        0.1,
        0.1,
        0.1,
        0.1
      ]
    },
    "div_ma_5": {
      "edges": [
        -0.10875608061153577,
        -0.03378136762657364,
        -0.019986017378962762,
        -0.013276701174513763,
        -0.004796573646303137,
        0.0004313791993281565,
        0.006359963674127662,
        0.013117991846889152,
        0.022126821721982527,
        0.041246676055711216,
        0.16182474689070867
      ],
      "ref_props": [
        0.1,
        0.1,
        0.1,
        0.1,
        0.1,
        0.1,
        0.1,
        0.1,
        0.1,
        0.1
      ]
    },
    "div_ma_10": {
      "edges": [
        -0.16685839570166056,
        -0.04854097463599402,
        -0.03160632562609768,
        -0.02006252852158399,
        -0.011969123488715917,
        0.00043078901446414353,
        0.011757598192696339,
        0.024136510169399467,
        0.042298284074153765,
        0.06171922576986976,
        0.22609085475194268
      ],
      "ref_props": [
        0.1,
        0.1,
        0.1,
        0.1,
        0.1,
        0.1,
        0.1,
        0.1,
        0.1,
        0.1
      ]
    },
    "div_ma_20": {
      "edges": [
        -0.23172443917506474,
        -0.06021065034330192,
        -0.03936402621487366,
        -0.02546804657539543,
        -0.01208413936958812,
        0.002044283689004556,
        0.01732007323039466,
        0.03622219451368094,
        0.05590255037227431,
        0.08501004823780207,
        0.2665946279715961
      ],
      "ref_props": [
        0.1,
        0.1,
        0.1,
        0.1,
        0.1,
        0.1,
        0.1,
        0.1,
        0.1,
        0.1
      ]
    },
    "div_ma_60": {
      "edges": [
        -0.26164769944567606,
        -0.15713540502570925,
        -0.07414096680095425,
        -0.03933997404717707,
        -0.012525651724715701,
        0.005854054081799968,
        0.021903041330526767,
        0.05068199881502565,
        0.08683292137319644,
        0.12858501128551242,
        0.4388330931611428
      ],
      "ref_props": [
        0.1,
        0.1,
        0.1,
        0.1,
        0.1,
        0.1,
        0.1,
        0.1,
        0.1,
        0.1
      ]
    },
    "ma_5_20_cross": {
      "edges": [
        -0.16322902324586608,
        -0.04460393635069456,
        -0.031237223633351772,
        -0.0200332363794971,
        -0.007227977888298359,
        0.00430972211543712,
        0.015002190524947029,
        0.024547369760795947,
        0.03892855650378447,
        0.061451053872560835,
        0.18470428155641927
      ],
      "ref_props": [
        0.1,
        0.1,
        0.1,
        0.1,
        0.1,
        0.1,
        0.1,
        0.1,
        0.1,
        0.1
      ]
    },
    "ma_20_60_cross": {
      "edges": [
        -0.17249092712846525,
        -0.11314283299530756,
        -0.05588621113109033,
        -0.031044141766644703,
        -0.004976456930358768,
        0.007463008991887787,
        0.023305149592026963,
        0.03909129456378541,
        0.052835776405736605,
        0.08037261261609939,
        0.2171394288559032
      ],
      "ref_props": [
        0.1,
        0.1,
        0.1,
        0.1,
        0.1,
        0.1,
        0.1,
        0.1,
        0.1,
        0.1
      ]
    },
    "rsi": {
      "edges": [
        15.069967707212058,
        29.899124885112535,
        36.48227301424583,
        41.411628649734986,
        47.63274724602302,
        52.06376572697302,
        55.7841471195523,
        59.986645349007766,
        65.27847565339427,
        73.95419159042926,
        90.2492136462618
      ],