{
  "feature_cols": [
    "return_1d",
    "return_2d",
    "return_3d",
    "return_5d",
    "return_10d",
    "return_20d",
    "div_ma_5",
    "div_ma_10",
    "div_ma_20",
    "div_ma_60",
    "ma_5_20_cross",
    "ma_20_60_cross",
    "rsi",
    "rsi_change",
    "macd",
    "macd_signal",
    "macd_hist",
    "macd_hist_change",
    "bb_pct_b",
    "bb_bandwidth",
    "atr_pct",
    "volatility",
    "vol_change",
    "vol_ratio",
    "candle_body_pct",
    "upper_shadow_pct",
    "lower_shadow_pct",
    "day_of_week",
    "month",
    "is_month_end",
    "is_month_start",
    "streak",
    "gap",
    "price_position_20d",
    "macro_usdjpy_ret_20",
    "macro_usdjpy_ret_60",
    "macro_usdjpy_vol_20",
    "macro_topix_ret_20",
    "macro_topix_vol_20",
    "macro_topix_above_200dma",
    "macro_nikkei_ret_20",
    "macro_nikkei_above_200dma",
    "macro_nikkei_vi",
    "macro_jgb10y",
    "macro_bias_score"
  ],
  "avg_up_ret": 0.026982560995840215,
  "avg_dn_ret": -0.01811225989957672,
  "n_bins": 10,
  "psi_ref_rows": 250,
  "psi": {
    "return_1d": {
      "edges": [
        -0.04426450742240218,
        -0.021009142053445895,
        -0.012021518150270081,
        -0.006513243224793473,
        -0.004268746465528481,
        0.0,
        0.00373920916319524,
        0.008520653221753372,
        0.012148647936323798,
        0.019002886164976692,
        0.08019639934533562
      ],
      "ref_props": [
        0.1,
        0.1,
        0.1,
        0.1,
        0.092,
        0.108,
        0.1,
        0.1,
        0.1,
        0.1
      ]
    },
    "return_2d": {
      "edges": [
        -0.06435331230283914,
        -0.028108211537484263,
        -0.017465106772634263,
        -0.011885516331243795,
        -0.006351375042161676,
        -0.0003240670732732043,
        0.0053708793901279285,
        0.011051671687636589,
        0.016872411636810462,
        0.029101400274953424,
        0.09163083030102537
      ],
      "ref_props": [
        0.1,
        0.1,
        0.1,
        0.1,
        0.1,
        0.1,
        0.1,
        0.1,
        0.1,
        0.1
      ]
    },
    "return_3d": {
      "edges": [
        -0.08569667077681875,
        -0.030780389493422274,
        -0.0224869090640903,
        -0.012876078864814774,
        -0.007313373980040638,
        -0.0019289543667876385,
        0.007682944185319461,
        0.012054391767732426,
        0.021398854137917943,
        0.040846199314339644,
        0.12474437627811863
      ],
      "ref_props": [
        0.1,
        0.1,
        0.1,
        0.1,
        0.1,
        0.1,
        0.1,
        0.1,
        0.1,
        0.1
      ]
    },
    "return_5d": {
      "edges": [
        -0.0944968553459119,
        -0.04260971233098007,
        -0.023755568443257657,
        -0.015304655702761946,
        -0.00870909304109053,
        -0.001015170096878848,
        0.0069855634561516835,
        0.016760626301589435,
        0.026750106872699644,
        0.04746046399797207,
        0.14225670869705787
      ],
      "ref_props": [
        0.1,
        0.1,
        0.1,
        0.1,
        0.1,
        0.1,
        0.1,
        0.1,
        0.1,
        0.1
      ]
    },
    "return_10d": {
      "edges": [
        -0.11362975879104908,
        -0.04999735626769841,
        -0.0365325029197387,
        -0.023269684309636263,
        -0.013577670098387905,
        -0.0023289709564219274,
        0.01000159753297828,
        0.02466023155405215,
        0.04217613278098331,
        0.07353963219451642,
        0.1681215648237957
      ],
      "ref_props": [
        0.1,
        0.1,
        0.1,
        0.1,
        0.1,
        0.1,
        0.1,
        0.1,
        0.1,
        0.1
      ]
    },
    "return_20d": {
      "edges": [
        -0.11857018308631206,
        -0.06906992960721538,
        -0.04943124412359967,
        -0.037951683584458024,
        -0.01981944611219668,
        -0.00244028104435412,
        0.01332093474569423,
        0.02904216133211757,
        0.053339133826375215,
        0.1130296582667166,
        0.2098765432098766
      ],
      "ref_props": [
        0.1,
        0.1,
        0.1,
        0.1,
        0.1,
        0.1,
        0.1,
        0.1,
        0.1,
        0.1
      ]
    },
    "div_ma_5": {
      "edges": [
        -0.05160836477585217,
        -0.022124190047875802,
        -0.012687950635585426,
        -0.008048836332518726,
        -0.004720917778952687,
        -0.0016047036487449053,
        0.002860564809991941,
        0.008115029919226134,
        0.014675603255201232,
        0.024327246460945997,
        0.08641975308641975
      ],
      "ref_props": [
        0.1,
        0.1,
        0.1,
        0.1,
        0.1,
        0.1,
        0.1,
        0.1,
        0.1,
        0.1
      ]
    },
    "div_ma_10": {
      "edges": [
        -0.0641611866022524,
        -0.03236597230782774,
        -0.01762095262294139,
        -0.010785584965400587,
        -0.006178895854247038,
        -0.00075488334553653,
        0.0027421071369596577,
        0.010025020534693238,
        0.019639966564038113,
        0.03709155782715309,
        0.10846125424070407
      ],
      "ref_props": [
        0.1,
        0.1,
        0.1,
        0.1,
        0.1,
        0.1,
        0.1,
        0.1,
        0.1,
        0.1
      ]
    },
    "div_ma_20": {
      "edges": [
        -0.07479031108279874,
        -0.040473686162700556,
        -0.028942348156455706,
        -0.01814136662448412,
        -0.009985596310600775,
        -0.0013434387969848958,
        0.007064895097052178,
        0.018017731229885835,
        0.03168217727032439,
        0.05221579346186642,
        0.12008496540354607
      ],
      "ref_props": [
        0.1,
        0.1,
        0.1,
        0.1,
        0.1,
        0.1,
        0.1,
        0.1,
        0.1,
        0.1
      ]
    },
    "div_ma_60": {
      "edges": [
        -0.09623713686423378,
        -0.06770440533779816,
        -0.05628511490979191,
        -0.03637591640132281,
        -0.015655062819401704,
        0.0003920384997632459,
        0.01295086388635832,
        0.0323094778508049,
        0.07509405705507899,
        0.10420255695920944,
        0.14392571575960797
      ],
      "ref_props": [
        0.1,
        0.1,
        0.1,
        0.1,
        0.1,
        0.1,
        0.1,
        0.1,
        0.1,
        0.1
      ]
    },
    "ma_5_20_cross": {
      "edges": [
        -0.05647093335940934,
        -0.035429887925826374,
        -0.020131238982908962,
        -0.012414919230002297,
        -0.008178016575211798,
        -0.0006845253978282062,
        0.005387157052083016,
        0.013049148872711589,
        0.02753714781552349,
        0.038335509886443554,
        0.09315926731787116
      ],
      "ref_props": [
        0.1,
        0.1,
        0.1,
        0.1,
        0.1,
        0.1,
        0.1,
        0.1,
        0.1,
        0.1
      ]
    },
    "ma_20_60_cross": {
      "edges": [
        -0.057355976947102594,
        -0.04756318683010372,
        -0.036228978845882664,
        -0.023343295851387034,
        -0.015082120266578666,
        -0.004388522820610585,
        0.004627855287356856,
        0.024060293433173473,
        0.05143757234673836,
        0.06572671573642516,
        0.09531509851858111
      ],
      "ref_props": [
        0.1,
        0.1,
        0.1,
        0.1,
        0.1,
        0.1,
        0.1,
        0.1,
        0.1,
        0.1
      ]
    },
    "rsi": {
      "edges": [
        15.432098765432087,
        28.50882478471542,
        34.07244607244607,
        42.09854589654707,
        46.062966757288024,
        50.44933001684987,
        53.807405838540014,
        58.65144329553406,
        63.05319218883556,
        68.33919274453713,
        88.74172185430464
      ],